FoamFile
{
    version 2.0;
    format ascii;
    arch "LSB;label=32;scalar=64";
    class vectorField;
    location "constant/polyMesh";
    object points;
}

8320
(
(-2 -1.5 0)
(-2 -1.125 0)
(-2 -0.75 0)
(-2 -0.5625 0)
(-2 -0.375 0)
(-2 -0.1875 0)
(-2 0 0)
(-2 0.1875 0)
(-2 0.375 0)
(-2 0.5625 0)
(-2 0.75 0)
(-2 1.125 0)
(-2 1.5 0)
(-1.625 -0.75 0)
(-1.625 -0.5625 0)
(-1.625 -0.375 0)
(-1.625 -0.28125 0)
(-1.625 -0.1875 0)
(-1.625 -0.09375 0)
(-1.625 0 0)
(-1.625 0.09375 0)
(-1.625 0.1875 0)
(-1.625 0.28125 0)
(-1.625 0.375 0)
(-1.625 0.5625 0)
(-1.625 0.75 0)
(-1.4375 -0.375 0)
(-1.4375 -0.28125 0)
(-1.4375 -0.1875 0)
(-1.4375 -0.09375 0)
(-1.4375 0 0)
(-1.4375 0.09375 0)
(-1.4375 0.1875 0)
(-1.4375 0.28125 0)
(-1.4375 0.375 0)
(-1.25 -1.5 0)
(-1.25 -1.125 0)
(-1.25 -0.9375 0)
(-1.25 -0.75 0)
(-1.25 -0.5625 0)
(-1.25 -0.46875 0)
(-1.25 -0.375 0)
(-1.25 -0.28125 0)
(-1.25 -0.234375 0)
(-1.25 -0.1875 0)
(-1.25 -0.140625 0)
(-1.25 -0.09375 0)
(-1.25 -0.046875 0)
(-1.25 0 0)
(-1.25 0.046875 0)
(-1.25 0.09375 0)
(-1.25 0.140625 0)
(-1.25 0.1875 0)
(-1.25 0.234375 0)
(-1.25 0.28125 0)
(-1.25 0.375 0)
(-1.25 0.46875 0)
(-1.25 0.5625 0)
(-1.25 0.75 0)
(-1.25 0.9375 0)
(-1.25 1.125 0)
(-1.25 1.5 0)
(-1.15625 -0.28125 0)
(-1.15625 -0.234375 0)
(-1.15625 -0.1875 0)
(-1.15625 -0.140625 0)
(-1.15625 -0.09375 0)
(-1.15625 -0.046875 0)
(-1.15625 -0.0234375 0)
(-1.15625 0 0)
(-1.15625 0.0234375 0)
(-1.15625 0.046875 0)
(-1.15625 0.09375 0)
(-1.15625 0.140625 0)
(-1.15625 0.1875 0)
(-1.15625 0.234375 0)
(-1.15625 0.28125 0)
(-1.109375 -0.046875 0)
(-1.109375 -0.0234375 0)
(-1.109375 0 0)
(-1.109375 0.0234375 0)
(-1.109375 0.046875 0)
(-1.0625 -0.5625 0)
(-1.0625 -0.46875 0)
(-1.0625 -0.421875 0)
(-1.0625 -0.375 0)
(-1.0625 -0.328125 0)
(-1.0625 -0.28125 0)
(-1.0625 -0.234375 0)
(-1.0625 -0.2109375 0)
(-1.0625 -0.1875 0)
(-1.0625 -0.1640625 0)
(-1.0625 -0.140625 0)
(-1.0625 -0.1171875 0)
(-1.0625 -0.09375 0)
(-1.0625 -0.0703125 0)
(-1.0625 -0.046875 0)
(-1.0625 -0.0234375 0)
(-1.0625 -0.01171875 0)
(-1.0625 0 0)
(-1.0625 0.01171875 0)
(-1.0625 0.0234375 0)
(-1.0625 0.046875 0)
(-1.0625 0.0703125 0)
(-1.0625 0.09375 0)
(-1.0625 0.1171875 0)
(-1.0625 0.140625 0)
(-1.0625 0.1640625 0)
(-1.0625 0.1875 0)
(-1.0625 0.2109375 0)
(-1.0625 0.234375 0)
(-1.0625 0.28125 0)
(-1.0625 0.328125 0)
(-1.0625 0.375 0)
(-1.0625 0.421875 0)
(-1.0625 0.46875 0)
(-1.0625 0.5625 0)
(-1.0390625 -0.0234375 0)
(-1.0390625 -0.01171875 0)
(-1.0390625 0 0)
(-1.0390625 0.01171875 0)
(-1.0390625 0.0234375 0)
(-1.0169705627484771 0 0)
(-1.015625 -0.234375 0)
(-1.015625 -0.2109375 0)
(-1.015625 -0.1875 0)
(-1.015625 -0.1640625 0)
(-1.015625 -0.140625 0)
(-1.015625 -0.1171875 0)
(-1.015625 -0.09375 0)
(-1.015625 -0.0703125 0)
(-1.015625 -0.05859375 0)
(-1.015625 -0.046875 0)
(-1.015625 -0.03515625 0)
(-1.015625 -0.0234375 0)
(-1.015625 -0.01171875 0)
(-1.015625 -0.0013455627484770815 0)
(-1.015625 0.0013455627484770826 0)
(-1.015625 0.01171875 0)
(-1.015625 0.0234375 0)
(-1.015625 0.03515625 0)
(-1.015625 0.046875 0)
(-1.015625 0.05859375 0)
(-1.015625 0.0703125 0)
(-1.015625 0.09375 0)
(-1.015625 0.1171875 0)
(-1.015625 0.140625 0)
(-1.015625 0.1640625 0)
(-1.015625 0.1875 0)
(-1.015625 0.2109375 0)
(-1.015625 0.234375 0)
(-1.0052518127484771 -0.01171875 0)
(-1.0052518127484771 0.01171875 0)
(-1 0 0)
(-0.99353306274847708 -0.0234375 0)
(-0.99353306274847708 0.0234375 0)
(-0.9921875 -0.0703125 0)
(-0.9921875 -0.05859375 0)
(-0.9921875 -0.046875 0)
(-0.9921875 -0.03515625 0)
(-0.9921875 -0.024783062748477098 0)
(-0.9921875 0.024783062748477098 0)
(-0.9921875 0.03515625 0)
(-0.9921875 0.046875 0)
(-0.9921875 0.05859375 0)
(-0.9921875 0.0703125 0)
(-0.98699335495461293 -0.049493354954612927 0)
(-0.98699335495461293 0.049493354954612927 0)
(-0.984375 -0.046875 0)
(-0.984375 0.046875 0)
(-0.98181431274847708 -0.03515625 0)
(-0.98181431274847708 0.03515625 0)
(-0.97789295990922587 -0.05859375 0)
(-0.97789295990922587 0.05859375 0)
(-0.97723528137423854 -0.039735281374238568 0)
(-0.97723528137423854 0.039735281374238568 0)
(-0.96875 -0.46875 0)
(-0.96875 -0.421875 0)
(-0.96875 -0.375 0)
(-0.96875 -0.3515625 0)
(-0.96875 -0.328125 0)
(-0.96875 -0.3046875 0)
(-0.96875 -0.28125 0)
(-0.96875 -0.2578125 0)
(-0.96875 -0.234375 0)
(-0.96875 -0.2109375 0)
(-0.96875 -0.19921875 0)
(-0.96875 -0.1875 0)
(-0.96875 -0.17578125 0)
(-0.96875 -0.1640625 0)
(-0.96875 -0.15234375 0)
(-0.96875 -0.140625 0)
(-0.96875 -0.12890625 0)
(-0.96875 -0.1171875 0)
(-0.96875 -0.10546875 0)
(-0.96875 -0.09375 0)
(-0.96875 -0.08203125 0)
(-0.96875 -0.0703125 0)
(-0.96875 -0.03125 0)
(-0.96875 0.03125 0)
(-0.96875 0.0703125 0)
(-0.96875 0.08203125 0)
(-0.96875 0.09375 0)
(-0.96875 0.10546875 0)
(-0.96875 0.1171875 0)
(-0.96875 0.12890625 0)
(-0.96875 0.140625 0)
(-0.96875 0.15234375 0)
(-0.96875 0.1640625 0)
(-0.96875 0.17578125 0)
(-0.96875 0.1875 0)
(-0.96875 0.19921875 0)
(-0.96875 0.2109375 0)
(-0.96875 0.234375 0)
(-0.96875 0.2578125 0)
(-0.96875 0.28125 0)
(-0.96875 0.3046875 0)
(-0.96875 0.328125 0)
(-0.96875 0.3515625 0)
(-0.96875 0.375 0)
(-0.96875 0.421875 0)
(-0.96875 0.46875 0)
(-0.96696513957204344 -0.091965139572043442 0)
(-0.96696513957204344 0.091965139572043442 0)
(-0.96617420990922587 -0.0703125 0)
(-0.96617420990922587 0.0703125 0)
(-0.96518027914408688 -0.09375 0)
(-0.96518027914408688 0.09375 0)
(-0.95703125 -0.08203125 0)
(-0.95703125 0.08203125 0)
(-0.95574335495461293 -0.080743354954612934 0)
(-0.95574335495461293 0.080743354954612934 0)
(-0.95346152914408688 -0.10546875 0)
(-0.95346152914408688 0.10546875 0)
(-0.94862019188208857 -0.13612019188208851 0)
(-0.94862019188208857 0.13612019188208851 0)
(-0.94598528137423854 -0.070985281374238568 0)
(-0.94598528137423854 0.070985281374238568 0)
(-0.9453125 -0.2109375 0)
(-0.9453125 -0.19921875 0)
(-0.9453125 -0.1875 0)
(-0.9453125 -0.17578125 0)
(-0.9453125 -0.1640625 0)
(-0.9453125 -0.15234375 0)
(-0.9453125 -0.140625 0)
(-0.9453125 -0.12890625 0)
(-0.9453125 -0.1171875 0)
(-0.9453125 0.1171875 0)
(-0.9453125 0.12890625 0)
(-0.9453125 0.140625 0)
(-0.9453125 0.15234375 0)
(-0.9453125 0.1640625 0)
(-0.9453125 0.17578125 0)
(-0.9453125 0.1875 0)
(-0.9453125 0.19921875 0)
(-0.9453125 0.2109375 0)
(-0.94411538376417714 -0.140625 0)
(-0.94411538376417714 0.140625 0)
(-0.94174277914408688 -0.1171875 0)
(-0.94174277914408688 0.1171875 0)
(-0.94140625 -0.12890625 0)
(-0.94140625 0.12890625 0)
(-0.9375 -0.0625 0)
(-0.9375 0.0625 0)
(-0.93571513957204344 -0.12321513957204344 0)
(-0.93571513957204344 0.12321513957204344 0)
(-0.93239663376417714 -0.15234375 0)
(-0.93239663376417714 0.15234375 0)
(-0.9302752441921337 -0.18027524419213359 0)
(-0.9302752441921337 0.18027524419213359 0)
(-0.92578125000000011 -0.17578125 0)
(-0.92578125000000011 0.17578125 0)
(-0.92449335495461293 -0.11199335495461293 0)
(-0.92449335495461293 0.11199335495461293 0)
(-0.92305048838426729 -0.1875 0)
(-0.92305048838426729 0.1875 0)
(-0.921875 -0.375 0)
(-0.921875 -0.3515625 0)
(-0.921875 -0.328125 0)
(-0.921875 -0.31640625 0)
(-0.921875 -0.3046875 0)
(-0.921875 -0.29296875 0)
(-0.921875 -0.28125 0)
(-0.921875 -0.26953125 0)
(-0.921875 -0.2578125 0)
(-0.921875 -0.24609375 0)
(-0.921875 -0.234375 0)
(-0.921875 -0.22265625 0)
(-0.921875 -0.2109375 0)
(-0.921875 -0.19921875 0)
(-0.921875 -0.18867548838426729 0)
(-0.921875 0.18867548838426729 0)
(-0.921875 0.19921875 0)
(-0.921875 0.2109375 0)
(-0.921875 0.22265625 0)
(-0.921875 0.234375 0)
(-0.921875 0.24609375 0)
(-0.921875 0.2578125 0)
(-0.921875 0.26953125 0)
(-0.921875 0.28125 0)
(-0.921875 0.29296875 0)
(-0.921875 0.3046875 0)
(-0.921875 0.31640625 0)
(-0.921875 0.328125 0)
(-0.921875 0.3515625 0)
(-0.921875 0.375 0)
(-0.92067788376417714 -0.1640625 0)
(-0.92067788376417714 0.1640625 0)
(-0.91773757004169898 -0.23023757004169898 0)
(-0.91773757004169898 0.23023757004169898 0)
(-0.91737019188208857 -0.16737019188208851 0)
(-0.91737019188208857 0.16737019188208851 0)
(-0.91473528137423854 -0.10223528137423857 0)
(-0.91473528137423854 0.10223528137423857 0)
(-0.91362044252356878 -0.28862044252356878 0)
(-0.91362044252356878 0.28862044252356878 0)
(-0.91360014008339796 -0.234375 0)
(-0.91360014008339796 0.234375 0)
(-0.91133173838426729 -0.19921875 0)
(-0.91133173838426729 0.19921875 0)
(-0.91015625 -0.22265625 0)
(-0.91015625 0.22265625 0)
(-0.90927213504713755 -0.29296875 0)
(-0.90927213504713755 0.29296875 0)
(-0.90625 -0.28125 0)
(-0.90625 -0.09375 0)
(-0.90625 0.09375 0)
(-0.90625 0.28125 0)
(-0.90446513957204344 -0.15446513957204344 0)
(-0.90446513957204344 0.15446513957204344 0)
(-0.90188139008339796 -0.24609375 0)
(-0.90188139008339796 0.24609375 0)
(-0.89961298838426729 -0.2109375 0)
(-0.89961298838426729 0.2109375 0)
(-0.8990252441921337 -0.21152524419213359 0)
(-0.8990252441921337 0.21152524419213359 0)
(-0.8984375 -0.328125 0)
(-0.8984375 -0.31640625 0)
(-0.8984375 -0.3046875 0)
(-0.8984375 -0.26953125 0)
(-0.8984375 -0.2578125 0)
(-0.8984375 -0.24953764008339796 0)
(-0.8984375 0.24953764008339796 0)
(-0.8984375 0.2578125 0)
(-0.8984375 0.26953125 0)
(-0.8984375 0.3046875 0)
(-0.8984375 0.31640625 0)
(-0.8984375 0.328125 0)
(-0.89755338504713755 -0.3046875 0)
(-0.89755338504713755 0.3046875 0)
(-0.89453125 -0.26953125 0)
(-0.89453125 0.26953125 0)
(-0.89324335495461293 -0.14324335495461293 0)
(-0.89324335495461293 0.14324335495461293 0)
(-0.89016264008339796 -0.2578125 0)
(-0.89016264008339796 0.2578125 0)
(-0.88648757004169898 -0.26148757004169898 0)
(-0.88648757004169898 0.26148757004169898 0)
(-0.88612019188208857 -0.19862019188208851 0)
(-0.88612019188208857 0.19862019188208851 0)
(-0.88583463504713755 -0.31640625 0)
(-0.88583463504713755 0.31640625 0)
(-0.88348528137423854 -0.13348528137423857 0)
(-0.88348528137423854 0.13348528137423857 0)
(-0.88237044252356878 -0.31987044252356878 0)
(-0.88237044252356878 0.31987044252356878 0)
(-0.875 -1.125 0)
(-0.875 -0.9375 0)
(-0.875 -0.75 0)
(-0.875 -0.65625 0)
(-0.875 -0.5625 0)
(-0.875 -0.515625 0)
(-0.875 -0.46875 0)
(-0.875 -0.4453125 0)
(-0.875 -0.421875 0)
(-0.875 -0.3984375 0)
(-0.875 -0.375 0)
(-0.875 -0.36328125 0)
(-0.875 -0.3515625 0)
(-0.875 -0.33984375 0)
(-0.875 -0.328125 0)
(-0.875 -0.125 0)
(-0.875 0.125 0)
(-0.875 0.328125 0)
(-0.875 0.33984375 0)
(-0.875 0.3515625 0)
(-0.875 0.36328125 0)
(-0.875 0.375 0)
(-0.875 0.3984375 0)
(-0.875 0.421875 0)
(-0.875 0.4453125 0)
(-0.875 0.46875 0)
(-0.875 0.515625 0)
(-0.875 0.5625 0)
(-0.875 0.65625 0)
(-0.875 0.75 0)
(-0.875 0.9375 0)
(-0.875 1.125 0)
(-0.87411588504713755 -0.328125 0)
(-0.87411588504713755 0.328125 0)
(-0.87321513957204344 -0.18571513957204344 0)
(-0.87321513957204344 0.18571513957204344 0)
(-0.8677752441921337 -0.24277524419213359 0)
(-0.8677752441921337 0.24277524419213359 0)
(-0.86239713504713755 -0.33984375 0)
(-0.86239713504713755 0.33984375 0)
(-0.86199335495461293 -0.17449335495461293 0)
(-0.86199335495461293 0.17449335495461293 0)
(-0.85523757004169898 -0.29273757004169898 0)
(-0.85523757004169898 0.29273757004169898 0)
(-0.85487019188208857 -0.22987019188208851 0)
(-0.85487019188208857 0.22987019188208851 0)
(-0.85223528137423854 -0.16473528137423857 0)
(-0.85223528137423854 0.16473528137423857 0)
(-0.8515625 -0.375 0)
(-0.8515625 -0.36328125 0)
(-0.8515625 -0.3515625 0)
(-0.8515625 0.3515625 0)
(-0.8515625 0.36328125 0)
(-0.8515625 0.375 0)
(-0.85112044252356878 -0.35112044252356878 0)
(-0.85112044252356878 0.35112044252356878 0)
(-0.85067838504713755 -0.3515625 0)
(-0.85067838504713755 0.3515625 0)
(-0.84375 -0.15625 0)
(-0.84375 0.15625 0)
(-0.84196513957204344 -0.21696513957204344 0)
(-0.84196513957204344 0.21696513957204344 0)
(-0.83895963504713755 -0.36328125 0)
(-0.83895963504713755 0.36328125 0)
(-0.8365252441921337 -0.27402524419213359 0)
(-0.8365252441921337 0.27402524419213359 0)
(-0.83074335495461293 -0.20574335495461293 0)
(-0.83074335495461293 0.20574335495461293 0)
(-0.828125 -0.46875 0)
(-0.828125 -0.4453125 0)
(-0.828125 -0.421875 0)
(-0.828125 -0.41015625 0)
(-0.828125 -0.3984375 0)
(-0.828125 -0.38671875 0)
(-0.828125 -0.375 0)
(-0.828125 0.375 0)
(-0.828125 0.38671875 0)
(-0.828125 0.3984375 0)
(-0.828125 0.41015625 0)
(-0.828125 0.421875 0)
(-0.828125 0.4453125 0)
(-0.828125 0.46875 0)
(-0.82724088504713755 -0.375 0)
(-0.82724088504713755 0.375 0)
(-0.82398757004169898 -0.32398757004169898 0)
(-0.82398757004169898 0.32398757004169898 0)
(-0.82362019188208857 -0.26112019188208851 0)
(-0.82362019188208857 0.26112019188208851 0)
(-0.82098528137423854 -0.19598528137423857 0)
(-0.82098528137423854 0.19598528137423857 0)
(-0.81987044252356878 -0.38237044252356878 0)
(-0.81987044252356878 0.38237044252356878 0)
(-0.81552213504713755 -0.38671875 0)
(-0.81552213504713755 0.38671875 0)
(-0.8125 -0.1875 0)
(-0.8125 0.1875 0)
(-0.81071513957204344 -0.24821513957204344 0)
(-0.81071513957204344 0.24821513957204344 0)
(-0.8052752441921337 -0.30527524419213359 0)
(-0.8052752441921337 0.30527524419213359 0)
(-0.8046875 -0.421875 0)
(-0.8046875 -0.41015625 0)
(-0.8046875 -0.3984375 0)
(-0.8046875 0.3984375 0)
(-0.8046875 0.41015625 0)
(-0.8046875 0.421875 0)
(-0.80380338504713755 -0.3984375 0)
(-0.80380338504713755 0.3984375 0)
(-0.79949335495461293 -0.23699335495461293 0)
(-0.79949335495461293 0.23699335495461293 0)
(-0.79273757004169898 -0.35523757004169898 0)
(-0.79273757004169898 0.35523757004169898 0)
(-0.79237019188208857 -0.29237019188208851 0)
(-0.79237019188208857 0.29237019188208851 0)
(-0.79208463504713755 -0.41015625 0)
(-0.79208463504713755 0.41015625 0)
(-0.78973528137423854 -0.22723528137423857 0)
(-0.78973528137423854 0.22723528137423857 0)
(-0.78862044252356878 -0.41362044252356878 0)
(-0.78862044252356878 0.41362044252356878 0)
(-0.78125 -0.5625 0)
(-0.78125 -0.515625 0)
(-0.78125 -0.4921875 0)
(-0.78125 -0.46875 0)
(-0.78125 -0.4453125 0)
(-0.78125 -0.43359375 0)
(-0.78125 -0.421875 0)
(-0.78125 -0.21875 0)
(-0.78125 0.21875 0)
(-0.78125 0.421875 0)
(-0.78125 0.43359375 0)
(-0.78125 0.4453125 0)
(-0.78125 0.46875 0)
(-0.78125 0.4921875 0)
(-0.78125 0.515625 0)
(-0.78125 0.5625 0)
(-0.78036588504713755 -0.421875 0)
(-0.78036588504713755 0.421875 0)
(-0.77946513957204344 -0.27946513957204344 0)
(-0.77946513957204344 0.27946513957204344 0)
(-0.7740252441921337 -0.33652524419213359 0)
(-0.7740252441921337 0.33652524419213359 0)
(-0.76864713504713755 -0.43359375 0)
(-0.76864713504713755 0.43359375 0)
(-0.76824335495461293 -0.26824335495461293 0)
(-0.76824335495461293 0.26824335495461293 0)
(-0.76148757004169898 -0.38648757004169898 0)
(-0.76148757004169898 0.38648757004169898 0)
(-0.76112019188208857 -0.32362019188208851 0)
(-0.76112019188208857 0.32362019188208851 0)
(-0.75848528137423854 -0.2584852813742386 0)
(-0.75848528137423854 0.2584852813742386 0)
(-0.7578125 -0.4453125 0)
(-0.7578125 -0.44442838504713755 0)
(-0.7578125 0.44442838504713755 0)
(-0.7578125 0.4453125 0)
(-0.75737044252356878 -0.44487044252356878 0)
(-0.75737044252356878 0.44487044252356878 0)
(-0.75 -0.25 0)
(-0.75 0.25 0)
(-0.74821513957204344 -0.31071513957204344 0)
(-0.74821513957204344 0.31071513957204344 0)
(-0.74609375 -0.43359375 0)
(-0.74609375 0.43359375 0)
(-0.7427752441921337 -0.36777524419213359 0)
(-0.7427752441921337 0.36777524419213359 0)
(-0.73699335495461293 -0.29949335495461293 0)
(-0.73699335495461293 0.29949335495461293 0)
(-0.734375 -0.515625 0)
(-0.734375 -0.4921875 0)
(-0.734375 -0.46875 0)
(-0.734375 -0.45703125 0)
(-0.734375 -0.4453125 0)
(-0.734375 -0.43359375 0)
(-0.734375 -0.421875 0)
(-0.734375 0.421875 0)
(-0.734375 0.43359375 0)
(-0.734375 0.4453125 0)
(-0.734375 0.45703125 0)
(-0.734375 0.46875 0)
(-0.734375 0.4921875 0)
(-0.734375 0.515625 0)
(-0.73023757004169898 -0.41773757004169898 0)
(-0.73023757004169898 0.41773757004169898 0)
(-0.72987019188208857 -0.35487019188208851 0)
(-0.72987019188208857 0.35487019188208851 0)
(-0.72723528137423854 -0.2897352813742386 0)
(-0.72723528137423854 0.2897352813742386 0)
(-0.71875 -0.28125 0)
(-0.71875 0.28125 0)
(-0.71696513957204344 -0.34196513957204344 0)
(-0.71696513957204344 0.34196513957204344 0)
(-0.71438139008339796 -0.43359375 0)
(-0.71438139008339796 0.43359375 0)
(-0.7115252441921337 -0.39902524419213359 0)
(-0.7115252441921337 0.39902524419213359 0)
(-0.7109375 -0.46875 0)
(-0.7109375 -0.45703125 0)
(-0.7109375 -0.4453125 0)
(-0.7109375 -0.43703764008339796 0)
(-0.7109375 0.43703764008339796 0)
(-0.7109375 0.4453125 0)
(-0.7109375 0.45703125 0)
(-0.7109375 0.46875 0)
(-0.70574335495461293 -0.33074335495461293 0)
(-0.70574335495461293 0.33074335495461293 0)
(-0.70266264008339796 -0.4453125 0)
(-0.70266264008339796 0.4453125 0)
(-0.69898757004169898 -0.44898757004169898 0)
(-0.69898757004169898 0.44898757004169898 0)
(-0.69862019188208857 -0.38612019188208851 0)
(-0.69862019188208857 0.38612019188208851 0)
(-0.69598528137423854 -0.3209852813742386 0)
(-0.69598528137423854 0.3209852813742386 0)
(-0.6953125 -0.4453125 0)
(-0.6953125 0.4453125 0)
(-0.6875 -0.75 0)
(-0.6875 -0.65625 0)
(-0.6875 -0.609375 0)
(-0.6875 -0.5625 0)
(-0.6875 -0.515625 0)
(-0.6875 -0.4921875 0)
(-0.6875 -0.46875 0)
(-0.6875 -0.45703125 0)
(-0.6875 -0.4453125 0)
(-0.6875 -0.43749999999999994 0)
(-0.6875 -0.3125 0)
(-0.6875 0.3125 0)
(-0.6875 0.43749999999999994 0)
(-0.6875 0.4453125 0)
(-0.6875 0.45703125 0)
(-0.6875 0.46875 0)
(-0.6875 0.4921875 0)
(-0.6875 0.515625 0)
(-0.6875 0.5625 0)
(-0.6875 0.609375 0)
(-0.6875 0.65625 0)
(-0.6875 0.75 0)
(-0.68571513957204344 -0.37321513957204344 0)
(-0.68571513957204344 0.37321513957204344 0)
(-0.6802752441921337 -0.43027524419213359 0)
(-0.6802752441921337 0.43027524419213359 0)
(-0.67449335495461293 -0.36199335495461293 0)
(-0.67449335495461293 0.36199335495461293 0)
(-0.66737019188208857 -0.41737019188208851 0)
(-0.66737019188208857 0.41737019188208851 0)
(-0.66523798838426729 -0.4453125 0)
(-0.66523798838426729 0.4453125 0)
(-0.66473528137423854 -0.3522352813742386 0)
(-0.66473528137423854 0.3522352813742386 0)
(-0.6640625 -0.46875 0)
(-0.6640625 -0.45703125 0)
(-0.6640625 -0.44648798838426729 0)
(-0.6640625 0.44648798838426729 0)
(-0.6640625 0.45703125 0)
(-0.6640625 0.46875 0)
(-0.65625 -0.34375 0)
(-0.65625 0.34375 0)
(-0.65446513957204344 -0.40446513957204344 0)
(-0.65446513957204344 0.40446513957204344 0)
(-0.65351923838426729 -0.45703125 0)
(-0.65351923838426729 0.45703125 0)
(-0.6490252441921337 -0.46152524419213359 0)
(-0.6490252441921337 0.46152524419213359 0)
(-0.64324335495461293 -0.39324335495461293 0)
(-0.64324335495461293 0.39324335495461293 0)
(-0.640625 -0.515625 0)
(-0.640625 -0.4921875 0)
(-0.640625 -0.48046875 0)
(-0.640625 -0.46875 0)
(-0.640625 -0.45703125 0)
(-0.640625 -0.45312499999999994 0)
(-0.640625 0.45312499999999994 0)
(-0.640625 0.45703125 0)
(-0.640625 0.46875 0)
(-0.640625 0.48046875 0)
(-0.640625 0.4921875 0)
(-0.640625 0.515625 0)
(-0.63612019188208857 -0.44862019188208851 0)
(-0.63612019188208857 0.44862019188208851 0)
(-0.63348528137423854 -0.3834852813742386 0)
(-0.63348528137423854 0.3834852813742386 0)
(-0.62770913376417714 -0.45703125 0)
(-0.62770913376417714 0.45703125 0)
(-0.625 -0.375 0)
(-0.625 0.375 0)
(-0.62321513957204344 -0.43571513957204344 0)
(-0.62321513957204344 0.43571513957204344 0)
(-0.6171875 -0.4921875 0)
(-0.6171875 -0.48046875 0)
(-0.6171875 -0.46875 0)
(-0.6171875 0.46875 0)
(-0.6171875 0.48046875 0)
(-0.6171875 0.4921875 0)
(-0.61599038376417714 -0.46875 0)
(-0.61599038376417714 0.46875 0)
(-0.61199335495461293 -0.42449335495461293 0)
(-0.61199335495461293 0.42449335495461293 0)
(-0.60487019188208857 -0.47987019188208851 0)
(-0.60487019188208857 0.47987019188208851 0)
(-0.60223528137423854 -0.4147352813742386 0)
(-0.60223528137423854 0.4147352813742386 0)
(-0.59375 -0.65625 0)
(-0.59375 -0.609375 0)
(-0.59375 -0.5625 0)
(-0.59375 -0.5390625 0)
(-0.59375 -0.515625 0)
(-0.59375 -0.50390625 0)
(-0.59375 -0.4921875 0)
(-0.59375 -0.48046875 0)
(-0.59375 -0.46875 0)
(-0.59375 -0.40625 0)
(-0.59375 0.40625 0)
(-0.59375 0.46875 0)
(-0.59375 0.48046875 0)
(-0.59375 0.4921875 0)
(-0.59375 0.50390625 0)
(-0.59375 0.515625 0)
(-0.59375 0.5390625 0)
(-0.59375 0.5625 0)
(-0.59375 0.609375 0)
(-0.59375 0.65625 0)
(-0.59196513957204344 -0.46696513957204344 0)
(-0.59196513957204344 0.46696513957204344 0)
(-0.58074335495461293 -0.45574335495461293 0)
(-0.58074335495461293 0.45574335495461293 0)
(-0.57846152914408688 -0.48046875 0)
(-0.57846152914408688 0.48046875 0)
(-0.57098528137423854 -0.4459852813742386 0)
(-0.57098528137423854 0.4459852813742386 0)
(-0.5703125 -0.515625 0)
(-0.5703125 -0.50390625 0)
(-0.5703125 -0.4921875 0)
(-0.5703125 0.4921875 0)
(-0.5703125 0.50390625 0)
(-0.5703125 0.515625 0)
(-0.56674277914408688 -0.4921875 0)
(-0.56674277914408688 0.4921875 0)
(-0.5625 -0.4375 0)
(-0.5625 0.4375 0)
(-0.56071513957204344 -0.49821513957204344 0)
(-0.56071513957204344 0.49821513957204344 0)
(-0.54949335495461293 -0.48699335495461293 0)
(-0.54949335495461293 0.48699335495461293 0)
(-0.546875 -0.5625 0)
(-0.546875 -0.5390625 0)
(-0.546875 -0.52734375 0)
(-0.546875 -0.515625 0)
(-0.546875 -0.50390625 0)
(-0.546875 -0.48961170990922587 0)
(-0.546875 0.48961170990922587 0)
(-0.546875 0.50390625 0)
(-0.546875 0.515625 0)
(-0.546875 0.52734375 0)
(-0.546875 0.5390625 0)
(-0.546875 0.5625 0)
(-0.53973528137423854 -0.4772352813742386 0)
(-0.53973528137423854 0.4772352813742386 0)
(-0.53258045990922587 -0.50390625 0)
(-0.53258045990922587 0.50390625 0)
(-0.53125 -0.46875 0)
(-0.53125 0.46875 0)
(-0.5234375 -0.5390625 0)
(-0.5234375 -0.52734375 0)
(-0.5234375 -0.515625 0)
(-0.5234375 0.515625 0)
(-0.5234375 0.52734375 0)
(-0.5234375 0.5390625 0)
(-0.52086170990922587 -0.515625 0)
(-0.52086170990922587 0.515625 0)
(-0.50959820982430359 -0.52688850008492227 0)
(-0.50959820982430359 0.52688850008492227 0)
(-0.50446428363921103 -0.51250627910926616 0)
(-0.50446428363921103 0.51250627910926616 0)
(-0.5 -1.5 0)
(-0.5 -1.125 0)
(-0.5 -0.9375 0)
(-0.5 -0.84375 0)
(-0.5 -0.75 0)
(-0.5 -0.703125 0)
(-0.5 -0.65625 0)
(-0.5 -0.609375 0)
(-0.5 -0.5859375 0)
(-0.5 -0.5625 0)
(-0.5 -0.5390625 0)
(-0.5 -0.52734375 0)
(-0.5 -0.52592867910249186 0)
(-0.5 -0.5 0)
(-0.5 0.5 0)
(-0.5 0.52592867910249186 0)
(-0.5 0.52734375 0)
(-0.5 0.5390625 0)
(-0.5 0.5625 0)
(-0.5 0.5859375 0)
(-0.5 0.609375 0)
(-0.5 0.65625 0)
(-0.5 0.703125 0)
(-0.5 0.75 0)
(-0.5 0.84375 0)
(-0.5 0.9375 0)
(-0.5 1.125 0)
(-0.5 1.5 0)
(-0.4765625 -0.5390625 0)
(-0.4765625 -0.52734375 0)
(-0.4765625 -0.52358492910249188 0)
(-0.4765625 0.52358492910249188 0)
(-0.4765625 0.52734375 0)
(-0.4765625 0.5390625 0)
(-0.46875 -0.49687500000000001 0)
(-0.46875 0.49687500000000001 0)
(-0.46755595537174804 -0.50881544628251985 0)
(-0.46755595537174804 0.50881544628251985 0)
(-0.46618280404925821 -0.5225469595074177 0)
(-0.46618280404925821 0.5225469595074177 0)
(-0.465703125 -0.52734375 0)
(-0.465703125 0.52734375 0)
(-0.46460368002839497 -0.53833819971605024 0)
(-0.46460368002839497 0.53833819971605024 0)
(-0.453125 -0.609375 0)
(-0.453125 -0.5859375 0)
(-0.453125 -0.5625 0)
(-0.453125 -0.55078125 0)
(-0.453125 -0.5390625 0)
(-0.453125 -0.53719033171321073 0)
(-0.453125 0.53719033171321073 0)
(-0.453125 0.5390625 0)
(-0.453125 0.55078125 0)
(-0.453125 0.5625 0)
(-0.453125 0.5859375 0)
(-0.453125 0.609375 0)
(-0.4375 -0.49375000000000002 0)
(-0.4375 0.49375000000000002 0)
(-0.43630595537174799 -0.50569044628251991 0)
(-0.43630595537174799 0.50569044628251991 0)
(-0.43493280404925821 -0.51942195950741776 0)
(-0.43493280404925821 0.51942195950741776 0)
(-0.43335368002839497 -0.5352131997160503 0)
(-0.43335368002839497 0.5352131997160503 0)
(-0.43296875000000001 -0.5390625 0)
(-0.43296875000000001 0.5390625 0)
(-0.43179687499999997 -0.55078125 0)
(-0.43179687499999997 0.55078125 0)
(-0.43153768740440218 -0.55337312595597765 0)
(-0.43153768740440218 0.55337312595597765 0)
(-0.4296875 -0.5625 0)
(-0.4296875 -0.55318810721553746 0)
(-0.4296875 0.55318810721553746 0)
(-0.4296875 0.5625 0)
(-0.40625 -0.75 0)
(-0.40625 -0.703125 0)
(-0.40625 -0.65625 0)
(-0.40625 -0.6328125 0)
(-0.40625 -0.609375 0)
(-0.40625 -0.59765625 0)
(-0.40625 -0.5859375 0)
(-0.40625 -0.57421875 0)
(-0.40625 -0.5625 0)
(-0.40625 -0.55084435721553737 0)
(-0.40625 -0.49062499999999998 0)
(-0.40625 0.49062499999999998 0)
(-0.40625 0.55084435721553737 0)
(-0.40625 0.5625 0)
(-0.40625 0.57421875 0)
(-0.40625 0.5859375 0)
(-0.40625 0.59765625 0)
(-0.40625 0.609375 0)
(-0.40625 0.6328125 0)
(-0.40625 0.65625 0)
(-0.40625 0.703125 0)
(-0.40625 0.75 0)
(-0.40505595537174799 -0.50256544628251987 0)
(-0.40505595537174799 0.50256544628251987 0)
(-0.40368280404925821 -0.51629695950741772 0)
(-0.40368280404925821 0.51629695950741772 0)
(-0.40210368002839497 -0.53208819971605026 0)
(-0.40210368002839497 0.53208819971605026 0)
(-0.40028768740440218 -0.55024812595597761 0)
(-0.40028768740440218 0.55024812595597761 0)
(-0.39906249999999993 -0.5625 0)
(-0.39906249999999993 0.5625 0)
(-0.39847169478040945 -0.56840805219590496 0)
(-0.39847169478040945 0.56840805219590496 0)
(-0.3828125 -0.609375 0)
(-0.3828125 -0.59765625 0)
(-0.3828125 -0.5859375 0)
(-0.3828125 -0.57421875 0)
(-0.3828125 -0.5668421327178641 0)
(-0.3828125 0.5668421327178641 0)
(-0.3828125 0.57421875 0)
(-0.3828125 0.5859375 0)
(-0.3828125 0.59765625 0)
(-0.3828125 0.609375 0)
(-0.375 -0.48749999999999999 0)
(-0.375 0.48749999999999999 0)
(-0.37380595537174804 -0.49944044628251988 0)
(-0.37380595537174804 0.49944044628251988 0)
(-0.37243280404925821 -0.51317195950741767 0)
(-0.37243280404925821 0.51317195950741767 0)
(-0.37085368002839497 -0.52896319971605021 0)
(-0.37085368002839497 0.52896319971605021 0)
(-0.36903768740440224 -0.54712312595597767 0)
(-0.36903768740440224 0.54712312595597767 0)
(-0.3672216947804095 -0.56528305219590513 0)
(-0.3672216947804095 0.56528305219590513 0)
(-0.366328125 -0.57421875 0)
(-0.366328125 0.57421875 0)
(-0.36515625000000002 -0.5859375 0)
(-0.36515625000000002 0.5859375 0)
(-0.36458850547562005 -0.59161494524379976 0)
(-0.36458850547562005 0.59161494524379976 0)
(-0.359375 -0.65625 0)
(-0.359375 -0.6328125 0)
(-0.359375 -0.62109375 0)
(-0.359375 -0.609375 0)
(-0.359375 -0.59765625 0)
(-0.359375 -0.59109359469623779 0)
(-0.359375 0.59109359469623779 0)
(-0.359375 0.59765625 0)
(-0.359375 0.609375 0)
(-0.359375 0.62109375 0)
(-0.359375 0.6328125 0)
(-0.359375 0.65625 0)
(-0.34375 -0.484375 0)
(-0.34375 0.484375 0)
(-0.34255595537174804 -0.49631544628251989 0)
(-0.34255595537174804 0.49631544628251989 0)
(-0.34118280404925821 -0.51004695950741774 0)
(-0.34118280404925821 0.51004695950741774 0)
(-0.33960368002839497 -0.52583819971605028 0)
(-0.33960368002839497 0.52583819971605028 0)
(-0.33778768740440224 -0.54399812595597763 0)
(-0.33778768740440224 0.54399812595597763 0)
(-0.3359716947804095 -0.56215805219590509 0)
(-0.3359716947804095 0.56215805219590509 0)
(-0.3359375 -0.6328125 0)
(-0.3359375 -0.62109375 0)
(-0.3359375 -0.609375 0)
(-0.3359375 -0.59765625 0)
(-0.3359375 -0.5887498446962377 0)
(-0.3359375 0.5887498446962377 0)
(-0.3359375 0.59765625 0)
(-0.3359375 0.609375 0)
(-0.3359375 0.62109375 0)
(-0.3359375 0.6328125 0)
(-0.33333850547562005 -0.58848994524379972 0)
(-0.33333850547562005 0.58848994524379972 0)
(-0.33242187500000003 -0.59765625 0)
(-0.33242187500000003 0.59765625 0)
(-0.33125000000000004 -0.609375 0)
(-0.33125000000000004 0.609375 0)
(-0.330078125 -0.62109375 0)
(-0.330078125 0.62109375 0)
(-0.32952038098367531 -0.62667119016324713 0)
(-0.32952038098367531 0.62667119016324713 0)
(-0.3125 -0.9375 0)
(-0.3125 -0.84375 0)
(-0.3125 -0.75 0)
(-0.3125 -0.703125 0)
(-0.3125 -0.65625 0)
(-0.3125 -0.6328125 0)
(-0.3125 -0.62496915206487968 0)
(-0.3125 -0.48125000000000001 0)
(-0.3125 0.48125000000000001 0)
(-0.3125 0.62496915206487968 0)
(-0.3125 0.6328125 0)
(-0.3125 0.65625 0)
(-0.3125 0.703125 0)
(-0.3125 0.75 0)
(-0.3125 0.84375 0)
(-0.3125 0.9375 0)
(-0.31130595537174804 -0.4931904462825199 0)
(-0.31130595537174804 0.4931904462825199 0)
(-0.30993280404925821 -0.5069219595074177 0)
(-0.30993280404925821 0.5069219595074177 0)
(-0.30835368002839497 -0.52271319971605024 0)
(-0.30835368002839497 0.52271319971605024 0)
(-0.30653768740440224 -0.5408731259559777 0)
(-0.30653768740440224 0.5408731259559777 0)
(-0.3047216947804095 -0.55903305219590504 0)
(-0.3047216947804095 0.55903305219590504 0)
(-0.30208850547562005 -0.58536494524379989 0)
(-0.30208850547562005 0.58536494524379989 0)
(-0.29827038098367531 -0.62354619016324719 0)
(-0.29827038098367531 0.62354619016324719 0)
(-0.2890625 -0.6328125 0)
(-0.2890625 -0.62262540206487971 0)
(-0.2890625 0.62262540206487971 0)
(-0.2890625 0.6328125 0)
(-0.28125 -0.47812500000000002 0)
(-0.28125 0.47812500000000002 0)
(-0.28005595537174799 -0.49006544628251991 0)
(-0.28005595537174799 0.49006544628251991 0)
(-0.27868280404925821 -0.50379695950741776 0)
(-0.27868280404925821 0.50379695950741776 0)
(-0.27710368002839497 -0.5195881997160503 0)
(-0.27710368002839497 0.5195881997160503 0)
(-0.27528768740440218 -0.53774812595597765 0)
(-0.27528768740440218 0.53774812595597765 0)
(-0.27347169478040939 -0.555908052195905 0)
(-0.27347169478040939 0.555908052195905 0)
(-0.27083850547561988 -0.58223994524379974 0)
(-0.27083850547561988 0.58223994524379974 0)
(-0.26702038098367514 -0.62042119016324715 0)
(-0.26702038098367514 0.62042119016324715 0)
(-0.265625 -0.65625 0)
(-0.265625 -0.6328125 0)
(-0.265625 -0.62109375 0)
(-0.265625 -0.62028165206487962 0)
(-0.265625 0.62028165206487962 0)
(-0.265625 0.62109375 0)
(-0.265625 0.6328125 0)
(-0.265625 0.65625 0)
(-0.25 -0.47499999999999998 0)
(-0.25 0.47499999999999998 0)
(-0.24880595537174802 -0.48694044628251987 0)
(-0.24880595537174802 0.48694044628251987 0)
(-0.24743280404925821 -0.50067195950741772 0)
(-0.24743280404925821 0.50067195950741772 0)
(-0.24585368002839494 -0.51646319971605026 0)
(-0.24585368002839494 0.51646319971605026 0)
(-0.24403768740440221 -0.53462312595597761 0)
(-0.24403768740440221 0.53462312595597761 0)
(-0.24222169478040947 -0.55278305219590496 0)
(-0.24222169478040947 0.55278305219590496 0)
(-0.2421875 -0.6328125 0)
(-0.2421875 -0.62109375 0)
(-0.2421875 -0.61793790206487964 0)
(-0.2421875 0.61793790206487964 0)
(-0.2421875 0.62109375 0)
(-0.2421875 0.6328125 0)
(-0.23958850547561999 -0.57911494524379969 0)
(-0.23958850547561999 0.57911494524379969 0)
(-0.23577038098367528 -0.6172961901632471 0)
(-0.23577038098367528 0.6172961901632471 0)
(-0.21875 -0.75 0)
(-0.21875 -0.703125 0)
(-0.21875 -0.65625 0)
(-0.21875 -0.6328125 0)
(-0.21875 -0.62109375 0)
(-0.21875 -0.61559415206487966 0)
(-0.21875 -0.47187499999999999 0)
(-0.21875 0.47187499999999999 0)
(-0.21875 0.61559415206487966 0)
(-0.21875 0.62109375 0)
(-0.21875 0.6328125 0)
(-0.21875 0.65625 0)
(-0.21875 0.703125 0)
(-0.21875 0.75 0)
(-0.21755595537174802 -0.48381544628251988 0)
(-0.21755595537174802 0.48381544628251988 0)
(-0.21618280404925824 -0.49754695950741773 0)
(-0.21618280404925824 0.49754695950741773 0)
(-0.214603680028395 -0.51333819971605021 0)
(-0.214603680028395 0.51333819971605021 0)
(-0.21278768740440226 -0.53149812595597767 0)
(-0.21278768740440226 0.53149812595597767 0)
(-0.21097169478040953 -0.54965805219590513 0)
(-0.21097169478040953 0.54965805219590513 0)
(-0.20833850547562005 -0.57598994524379976 0)
(-0.20833850547562005 0.57598994524379976 0)
(-0.20452038098367534 -0.61417119016324717 0)
(-0.20452038098367534 0.61417119016324717 0)
(-0.1953125 -0.6328125 0)
(-0.1953125 -0.62109375 0)
(-0.1953125 -0.61325040206487957 0)
(-0.1953125 0.61325040206487957 0)
(-0.1953125 0.62109375 0)
(-0.1953125 0.6328125 0)
(-0.1875 -0.46875 0)
(-0.1875 0.46875 0)
(-0.18630595537174802 -0.48069044628251989 0)
(-0.18630595537174802 0.48069044628251989 0)
(-0.18493280404925824 -0.49442195950741774 0)
(-0.18493280404925824 0.49442195950741774 0)
(-0.183353680028395 -0.51021319971605028 0)
(-0.183353680028395 0.51021319971605028 0)
(-0.18153768740440226 -0.52837312595597763 0)
(-0.18153768740440226 0.52837312595597763 0)
(-0.17972169478040953 -0.54653305219590509 0)
(-0.17972169478040953 0.54653305219590509 0)
(-0.17708850547562008 -0.57286494524379972 0)
(-0.17708850547562008 0.57286494524379972 0)
(-0.17327038098367534 -0.61104619016324713 0)
(-0.17327038098367534 0.61104619016324713 0)
(-0.171875 -0.65625 0)
(-0.171875 -0.6328125 0)
(-0.171875 -0.62109375 0)
(-0.171875 -0.6109066520648796 0)
(-0.171875 0.6109066520648796 0)
(-0.171875 0.62109375 0)
(-0.171875 0.6328125 0)
(-0.171875 0.65625 0)
(-0.15625 -0.46562500000000001 0)
(-0.15625 0.46562500000000001 0)
(-0.15505595537174802 -0.4775654462825199 0)
(-0.15505595537174802 0.4775654462825199 0)
(-0.15368280404925824 -0.49129695950741775 0)
(-0.15368280404925824 0.49129695950741775 0)
(-0.152103680028395 -0.50708819971605024 0)
(-0.152103680028395 0.50708819971605024 0)
(-0.15028768740440226 -0.5252481259559777 0)
(-0.15028768740440226 0.5252481259559777 0)
(-0.14847169478040953 -0.54340805219590504 0)
(-0.14847169478040953 0.54340805219590504 0)
(-0.1484375 -0.6328125 0)
(-0.1484375 -0.62109375 0)
(-0.1484375 -0.609375 0)
(-0.1484375 -0.60856290206487962 0)
(-0.1484375 0.60856290206487962 0)
(-0.1484375 0.609375 0)
(-0.1484375 0.62109375 0)
(-0.1484375 0.6328125 0)
(-0.14583850547562008 -0.56973994524379989 0)
(-0.14583850547562008 0.56973994524379989 0)
(-0.14202038098367534 -0.60792119016324719 0)
(-0.14202038098367534 0.60792119016324719 0)
(-0.125 -1.125 0)
(-0.125 -0.9375 0)
(-0.125 -0.84375 0)
(-0.125 -0.75 0)
(-0.125 -0.703125 0)
(-0.125 -0.65625 0)
(-0.125 -0.6328125 0)
(-0.125 -0.62109375 0)
(-0.125 -0.609375 0)
(-0.125 -0.60621915206487964 0)
(-0.125 -0.46250000000000002 0)
(-0.125 0.46250000000000002 0)
(-0.125 0.60621915206487964 0)
(-0.125 0.609375 0)
(-0.125 0.62109375 0)
(-0.125 0.6328125 0)
(-0.125 0.65625 0)
(-0.125 0.703125 0)
(-0.125 0.75 0)
(-0.125 0.84375 0)
(-0.125 0.9375 0)
(-0.125 1.125 0)
(-0.12380595537174802 -0.47444044628251991 0)
(-0.12380595537174802 0.47444044628251991 0)
(-0.12243280404925824 -0.48817195950741776 0)
(-0.12243280404925824 0.48817195950741776 0)
(-0.12085368002839499 -0.5039631997160503 0)
(-0.12085368002839499 0.5039631997160503 0)
(-0.11903768740440225 -0.52212312595597765 0)
(-0.11903768740440225 0.52212312595597765 0)
(-0.11722169478040952 -0.540283052195905 0)
(-0.11722169478040952 0.540283052195905 0)
(-0.11458850547562005 -0.56661494524379985 0)
(-0.11458850547562005 0.56661494524379985 0)
(-0.11077038098367534 -0.60479619016324715 0)
(-0.11077038098367534 0.60479619016324715 0)
(-0.1015625 -0.609375 0)
(-0.1015625 -0.60387540206487966 0)
(-0.1015625 0.60387540206487966 0)
(-0.1015625 0.609375 0)
(-0.09375 -0.45937500000000003 0)
(-0.09375 0.45937500000000003 0)
(-0.092555955371748003 -0.47131544628251992 0)
(-0.092555955371748003 0.47131544628251992 0)
(-0.091182804049258215 -0.48504695950741777 0)
(-0.091182804049258215 0.48504695950741777 0)
(-0.089603680028394958 -0.50083819971605026 0)
(-0.089603680028394958 0.50083819971605026 0)
(-0.087787687404402209 -0.51899812595597772 0)
(-0.087787687404402209 0.51899812595597772 0)
(-0.085971694780409474 -0.53715805219590518 0)
(-0.085971694780409474 0.53715805219590518 0)
(-0.083338505475620009 -0.56348994524379981 0)
(-0.083338505475620009 0.56348994524379981 0)
(-0.079520380983675296 -0.60167119016324722 0)
(-0.079520380983675296 0.60167119016324722 0)
(-0.078125 -0.65625 0)
(-0.078125 -0.6328125 0)
(-0.078125 -0.609375 0)
(-0.078125 -0.60153165206487968 0)
(-0.078125 0.60153165206487968 0)
(-0.078125 0.609375 0)
(-0.078125 0.6328125 0)
(-0.078125 0.65625 0)
(-0.0625 -0.45624999999999999 0)
(-0.0625 0.45624999999999999 0)
(-0.06130595537174801 -0.46819044628251988 0)
(-0.06130595537174801 0.46819044628251988 0)
(-0.059932804049258215 -0.48192195950741773 0)
(-0.059932804049258215 0.48192195950741773 0)
(-0.058353680028394951 -0.49771319971605021 0)
(-0.058353680028394951 0.49771319971605021 0)
(-0.056537687404402202 -0.51587312595597767 0)
(-0.056537687404402202 0.51587312595597767 0)
(-0.054721694780409433 -0.53403305219590502 0)
(-0.054721694780409433 0.53403305219590502 0)
(-0.0546875 -0.609375 0)
(-0.0546875 -0.59918790206487971 0)
(-0.0546875 0.59918790206487971 0)
(-0.0546875 0.609375 0)
(-0.052088505475619926 -0.56036494524379976 0)
(-0.052088505475619926 0.56036494524379976 0)
(-0.048270380983675129 -0.59854619016324717 0)
(-0.048270380983675129 0.59854619016324717 0)
(-0.03125 -0.75 0)
(-0.03125 -0.703125 0)
(-0.03125 -0.65625 0)
(-0.03125 -0.6328125 0)
(-0.03125 -0.609375 0)
(-0.03125 -0.59765625 0)
(-0.03125 -0.59684415206487962 0)
(-0.03125 -0.453125 0)
(-0.03125 0.453125 0)
(-0.03125 0.59684415206487962 0)
(-0.03125 0.59765625 0)
(-0.03125 0.609375 0)
(-0.03125 0.6328125 0)
(-0.03125 0.65625 0)
(-0.03125 0.703125 0)
(-0.03125 0.75 0)
(-0.030055955371748017 -0.46506544628251989 0)
(-0.030055955371748017 0.46506544628251989 0)
(-0.028682804049258239 -0.47879695950741774 0)
(-0.028682804049258239 0.47879695950741774 0)
(-0.027103680028394989 -0.49458819971605023 0)
(-0.027103680028394989 0.49458819971605023 0)
(-0.025287687404402258 -0.51274812595597763 0)
(-0.025287687404402258 0.51274812595597763 0)
(-0.023471694780409523 -0.53090805219590509 0)
(-0.023471694780409523 0.53090805219590509 0)
(-0.020838505475620057 -0.55723994524379972 0)
(-0.020838505475620057 0.55723994524379972 0)
(-0.01702038098367533 -0.59542119016324713 0)
(-0.01702038098367533 0.59542119016324713 0)
(-0.0078125 -0.609375 0)
(-0.0078125 -0.59765625 0)
(-0.0078125 -0.59450040206487964 0)
(-0.0078125 0.59450040206487964 0)
(-0.0078125 0.59765625 0)
(-0.0078125 0.609375 0)
(0 -0.45000000000000001 0)
(0 0.45000000000000001 0)
(0.0011940446282519826 -0.4619404462825199 0)
(0.0011940446282519826 0.4619404462825199 0)
(0.0025671959507417622 -0.47567195950741775 0)
(0.0025671959507417622 0.47567195950741775 0)
(0.0041463199716050099 -0.49146319971605024 0)
(0.0041463199716050099 0.49146319971605024 0)
(0.005962312595597743 -0.5096231259559777 0)
(0.005962312595597743 0.5096231259559777 0)
(0.007778305219590477 -0.52778305219590504 0)
(0.007778305219590477 0.52778305219590504 0)
(0.010411494524379941 -0.55411494524379989 0)
(0.010411494524379941 0.55411494524379989 0)
(0.014229619016324663 -0.59229619016324719 0)
(0.014229619016324663 0.59229619016324719 0)
(0.015625 -0.65625 0)
(0.015625 -0.6328125 0)
(0.015625 -0.609375 0)
(0.015625 -0.59765625 0)
(0.015625 -0.59215665206487966 0)
(0.015625 0.59215665206487966 0)
(0.015625 0.59765625 0)
(0.015625 0.609375 0)
(0.015625 0.6328125 0)
(0.015625 0.65625 0)
(0.03125 -0.44687500000000002 0)
(0.03125 0.44687500000000002 0)
(0.032444044628251983 -0.45881544628251991 0)
(0.032444044628251983 0.45881544628251991 0)
(0.033817195950741764 -0.47254695950741776 0)
(0.033817195950741764 0.47254695950741776 0)
(0.035396319971605007 -0.48833819971605025 0)
(0.035396319971605007 0.48833819971605025 0)
(0.037212312595597742 -0.50649812595597765 0)
(0.037212312595597742 0.50649812595597765 0)
(0.039028305219590477 -0.524658052195905 0)
(0.039028305219590477 0.524658052195905 0)
(0.0390625 -0.609375 0)
(0.0390625 -0.59765625 0)
(0.0390625 -0.58981290206487957 0)
(0.0390625 0.58981290206487957 0)
(0.0390625 0.59765625 0)
(0.0390625 0.609375 0)
(0.041661494524379936 -0.55098994524379985 0)
(0.041661494524379936 0.55098994524379985 0)
(0.045479619016324656 -0.58917119016324715 0)
(0.045479619016324656 0.58917119016324715 0)
(0.0625 -0.9375 0)
(0.0625 -0.84375 0)
(0.0625 -0.75 0)
(0.0625 -0.703125 0)
(0.0625 -0.65625 0)
(0.0625 -0.6328125 0)
(0.0625 -0.609375 0)
(0.0625 -0.59765625 0)
(0.0625 -0.58746915206487971 0)
(0.0625 -0.44375000000000003 0)
(0.0625 0.44375000000000003 0)
(0.0625 0.58746915206487971 0)
(0.0625 0.59765625 0)
(0.0625 0.609375 0)
(0.0625 0.6328125 0)
(0.0625 0.65625 0)
(0.0625 0.703125 0)
(0.0625 0.75 0)
(0.0625 0.84375 0)
(0.0625 0.9375 0)
(0.063694044628251997 -0.45569044628251992 0)
(0.063694044628251997 0.45569044628251992 0)
(0.065067195950741785 -0.46942195950741777 0)
(0.065067195950741785 0.46942195950741777 0)
(0.066646319971605042 -0.48521319971605026 0)
(0.066646319971605042 0.48521319971605026 0)
(0.068462312595597791 -0.50337312595597772 0)
(0.068462312595597791 0.50337312595597772 0)
(0.070278305219590526 -0.52153305219590518 0)
(0.070278305219590526 0.52153305219590518 0)
(0.072911494524379991 -0.54786494524379981 0)
(0.072911494524379991 0.54786494524379981 0)
(0.076729619016324704 -0.58604619016324722 0)
(0.076729619016324704 0.58604619016324722 0)
(0.0859375 -0.609375 0)
(0.0859375 -0.59765625 0)
(0.0859375 -0.5859375 0)
(0.0859375 -0.58512540206487973 0)
(0.0859375 0.58512540206487973 0)
(0.0859375 0.5859375 0)
(0.0859375 0.59765625 0)
(0.0859375 0.609375 0)
(0.09375 -0.44062499999999999 0)
(0.09375 0.44062499999999999 0)
(0.094944044628251997 -0.45256544628251988 0)
(0.094944044628251997 0.45256544628251988 0)
(0.096317195950741785 -0.46629695950741773 0)
(0.096317195950741785 0.46629695950741773 0)
(0.097896319971605042 -0.48208819971605021 0)
(0.097896319971605042 0.48208819971605021 0)
(0.099712312595597791 -0.50024812595597767 0)
(0.099712312595597791 0.50024812595597767 0)
(0.10152830521959055 -0.51840805219590502 0)
(0.10152830521959055 0.51840805219590502 0)
(0.10416149452438007 -0.54473994524379976 0)
(0.10416149452438007 0.54473994524379976 0)
(0.10797961901632486 -0.58292119016324717 0)
(0.10797961901632486 0.58292119016324717 0)
(0.109375 -0.65625 0)
(0.109375 -0.6328125 0)
(0.109375 -0.609375 0)
(0.109375 -0.59765625 0)
(0.109375 -0.5859375 0)
(0.109375 -0.58278165206487964 0)
(0.109375 0.58278165206487964 0)
(0.109375 0.5859375 0)
(0.109375 0.59765625 0)
(0.109375 0.609375 0)
(0.109375 0.6328125 0)
(0.109375 0.65625 0)
(0.125 -0.4375 0)
(0.125 0.4375 0)
(0.12619404462825198 -0.44944044628251989 0)
(0.12619404462825198 0.44944044628251989 0)
(0.12756719595074176 -0.46317195950741774 0)
(0.12756719595074176 0.46317195950741774 0)
(0.129146319971605 -0.47896319971605023 0)
(0.129146319971605 0.47896319971605023 0)
(0.13096231259559774 -0.49712312595597763 0)
(0.13096231259559774 0.49712312595597763 0)
(0.1327783052195905 -0.51528305219590509 0)
(0.1327783052195905 0.51528305219590509 0)
(0.1328125 -0.5859375 0)
(0.1328125 -0.58043790206487966 0)
(0.1328125 0.58043790206487966 0)
(0.1328125 0.5859375 0)
(0.13541149452437998 -0.54161494524379972 0)
(0.13541149452437998 0.54161494524379972 0)
(0.13922961901632475 -0.57979619016324713 0)
(0.13922961901632475 0.57979619016324713 0)
(0.15625 -0.75 0)
(0.15625 -0.703125 0)
(0.15625 -0.65625 0)
(0.15625 -0.6328125 0)
(0.15625 -0.609375 0)
(0.15625 -0.5859375 0)
(0.15625 -0.57809415206487957 0)
(0.15625 -0.43437500000000001 0)
(0.15625 0.43437500000000001 0)
(0.15625 0.57809415206487957 0)
(0.15625 0.5859375 0)
(0.15625 0.609375 0)
(0.15625 0.6328125 0)
(0.15625 0.65625 0)
(0.15625 0.703125 0)
(0.15625 0.75 0)
(0.15744404462825198 -0.4463154462825199 0)
(0.15744404462825198 0.4463154462825199 0)
(0.15881719595074176 -0.46004695950741775 0)
(0.15881719595074176 0.46004695950741775 0)
(0.160396319971605 -0.47583819971605024 0)
(0.160396319971605 0.47583819971605024 0)
(0.16221231259559774 -0.49399812595597764 0)
(0.16221231259559774 0.49399812595597764 0)
(0.16402830521959047 -0.51215805219590504 0)
(0.16402830521959047 0.51215805219590504 0)
(0.16666149452437992 -0.53848994524379978 0)
(0.16666149452437992 0.53848994524379978 0)
(0.17047961901632466 -0.57667119016324708 0)
(0.17047961901632466 0.57667119016324708 0)
(0.1796875 -0.5859375 0)
(0.1796875 -0.5757504020648796 0)
(0.1796875 0.5757504020648796 0)
(0.1796875 0.5859375 0)
(0.1875 -0.43125000000000002 0)
(0.1875 0.43125000000000002 0)
(0.18869404462825198 -0.44319044628251991 0)
(0.18869404462825198 0.44319044628251991 0)
(0.19006719595074176 -0.45692195950741776 0)
(0.19006719595074176 0.45692195950741776 0)
(0.191646319971605 -0.47271319971605025 0)
(0.191646319971605 0.47271319971605025 0)
(0.19346231259559774 -0.49087312595597765 0)
(0.19346231259559774 0.49087312595597765 0)
(0.19527830521959047 -0.509033052195905 0)
(0.19527830521959047 0.509033052195905 0)
(0.19791149452437992 -0.53536494524379974 0)
(0.19791149452437992 0.53536494524379974 0)
(0.20172961901632466 -0.57354619016324715 0)
(0.20172961901632466 0.57354619016324715 0)
(0.203125 -0.609375 0)
(0.203125 -0.5859375 0)
(0.203125 -0.57421875 0)
(0.203125 -0.57340665206487962 0)
(0.203125 0.57340665206487962 0)
(0.203125 0.57421875 0)
(0.203125 0.5859375 0)
(0.203125 0.609375 0)
(0.21875 -0.42812500000000003 0)
(0.21875 0.42812500000000003 0)
(0.21994404462825198 -0.44006544628251992 0)
(0.21994404462825198 0.44006544628251992 0)
(0.22131719595074176 -0.45379695950741777 0)
(0.22131719595074176 0.45379695950741777 0)
(0.222896319971605 -0.46958819971605026 0)
(0.222896319971605 0.46958819971605026 0)
(0.22471231259559774 -0.48774812595597766 0)
(0.22471231259559774 0.48774812595597766 0)
(0.22652830521959047 -0.50590805219590507 0)
(0.22652830521959047 0.50590805219590507 0)
(0.2265625 -0.5859375 0)
(0.2265625 -0.57421875 0)
(0.2265625 -0.57106290206487964 0)
(0.2265625 0.57106290206487964 0)
(0.2265625 0.57421875 0)
(0.2265625 0.5859375 0)
(0.22916149452437992 -0.53223994524379981 0)
(0.22916149452437992 0.53223994524379981 0)
(0.23297961901632463 -0.57042119016324722 0)
(0.23297961901632463 0.57042119016324722 0)
(0.25 -1.5 0)
(0.25 -1.125 0)
(0.25 -0.9375 0)
(0.25 -0.84375 0)
(0.25 -0.75 0)
(0.25 -0.703125 0)
(0.25 -0.65625 0)
(0.25 -0.609375 0)
(0.25 -0.5859375 0)
(0.25 -0.57421875 0)
(0.25 -0.56871915206487966 0)
(0.25 -0.42500000000000004 0)
(0.25 0.42500000000000004 0)
(0.25 0.56871915206487966 0)
(0.25 0.57421875 0)
(0.25 0.5859375 0)
(0.25 0.609375 0)
(0.25 0.65625 0)
(0.25 0.703125 0)
(0.25 0.75 0)
(0.25 0.84375 0)
(0.25 0.9375 0)
(0.25 1.125 0)
(0.25 1.5 0)
(0.25119404462825201 -0.43694044628251993 0)
(0.25119404462825201 0.43694044628251993 0)
(0.25256719595074179 -0.45067195950741779 0)
(0.25256719595074179 0.45067195950741779 0)
(0.25414631997160503 -0.46646319971605027 0)
(0.25414631997160503 0.46646319971605027 0)
(0.25596231259559782 -0.48462312595597767 0)
(0.25596231259559782 0.48462312595597767 0)
(0.25777830521959055 -0.50278305219590513 0)
(0.25777830521959055 0.50278305219590513 0)
(0.26041149452438006 -0.52911494524379976 0)
(0.26041149452438006 0.52911494524379976 0)
(0.2642296190163248 -0.56729619016324717 0)
(0.2642296190163248 0.56729619016324717 0)
(0.2734375 -0.5859375 0)
(0.2734375 -0.57421875 0)
(0.2734375 -0.56637540206487968 0)
(0.2734375 0.56637540206487968 0)
(0.2734375 0.57421875 0)
(0.2734375 0.5859375 0)
(0.28125 -0.421875 0)
(0.28125 0.421875 0)
(0.28244404462825201 -0.43381544628251989 0)
(0.28244404462825201 0.43381544628251989 0)
(0.28381719595074179 -0.44754695950741774 0)
(0.28381719595074179 0.44754695950741774 0)
(0.28539631997160503 -0.46333819971605023 0)
(0.28539631997160503 0.46333819971605023 0)
(0.28721231259559782 -0.48149812595597763 0)
(0.28721231259559782 0.48149812595597763 0)
(0.28902830521959055 -0.49965805219590503 0)
(0.28902830521959055 0.49965805219590503 0)
(0.29166149452438006 -0.52598994524379972 0)
(0.29166149452438006 0.52598994524379972 0)
(0.2954796190163248 -0.56417119016324713 0)
(0.2954796190163248 0.56417119016324713 0)
(0.296875 -0.609375 0)
(0.296875 -0.5859375 0)
(0.296875 -0.57421875 0)
(0.296875 -0.5640316520648796 0)
(0.296875 0.5640316520648796 0)
(0.296875 0.57421875 0)
(0.296875 0.5859375 0)
(0.296875 0.609375 0)
(0.3125 -0.41875000000000001 0)
(0.3125 0.41875000000000001 0)
(0.31369404462825196 -0.4306904462825199 0)
(0.31369404462825196 0.4306904462825199 0)
(0.31506719595074179 -0.44442195950741775 0)
(0.31506719595074179 0.44442195950741775 0)
(0.31664631997160503 -0.46021319971605024 0)
(0.31664631997160503 0.46021319971605024 0)
(0.31846231259559776 -0.47837312595597764 0)
(0.31846231259559776 0.47837312595597764 0)
(0.3202783052195905 -0.49653305219590504 0)
(0.3202783052195905 0.49653305219590504 0)
(0.3203125 -0.5859375 0)
(0.3203125 -0.57421875 0)
(0.3203125 -0.5625 0)
(0.3203125 -0.56168790206487962 0)
(0.3203125 0.56168790206487962 0)
(0.3203125 0.5625 0)
(0.3203125 0.57421875 0)
(0.3203125 0.5859375 0)
(0.32291149452437995 -0.52286494524379978 0)
(0.32291149452437995 0.52286494524379978 0)
(0.32672961901632469 -0.56104619016324708 0)
(0.32672961901632469 0.56104619016324708 0)
(0.34375 -0.65625 0)
(0.34375 -0.609375 0)
(0.34375 -0.5859375 0)
(0.34375 -0.57421875 0)
(0.34375 -0.5625 0)
(0.34375 -0.55934415206487964 0)
(0.34375 -0.41562500000000002 0)
(0.34375 0.41562500000000002 0)
(0.34375 0.55934415206487964 0)
(0.34375 0.5625 0)
(0.34375 0.57421875 0)
(0.34375 0.5859375 0)
(0.34375 0.609375 0)
(0.34375 0.65625 0)
(0.34494404462825196 -0.42756544628251991 0)
(0.34494404462825196 0.42756544628251991 0)
(0.34631719595074179 -0.44129695950741776 0)
(0.34631719595074179 0.44129695950741776 0)
(0.34789631997160503 -0.45708819971605025 0)
(0.34789631997160503 0.45708819971605025 0)
(0.34971231259559776 -0.47524812595597765 0)
(0.34971231259559776 0.47524812595597765 0)
(0.3515283052195905 -0.49340805219590506 0)
(0.3515283052195905 0.49340805219590506 0)
(0.35416149452437995 -0.51973994524379974 0)
(0.35416149452437995 0.51973994524379974 0)
(0.35797961901632469 -0.55792119016324715 0)
(0.35797961901632469 0.55792119016324715 0)
(0.3671875 -0.5625 0)
(0.3671875 -0.55700040206487955 0)
(0.3671875 0.55700040206487955 0)
(0.3671875 0.5625 0)
(0.375 -0.41250000000000003 0)
(0.375 0.41250000000000003 0)
(0.37619404462825196 -0.42444044628251992 0)
(0.37619404462825196 0.42444044628251992 0)
(0.37756719595074179 -0.43817195950741777 0)
(0.37756719595074179 0.43817195950741777 0)
(0.37914631997160503 -0.45396319971605026 0)
(0.37914631997160503 0.45396319971605026 0)
(0.38096231259559776 -0.47212312595597766 0)
(0.38096231259559776 0.47212312595597766 0)
(0.3827783052195905 -0.49028305219590507 0)
(0.3827783052195905 0.49028305219590507 0)
(0.38541149452437995 -0.51661494524379981 0)
(0.38541149452437995 0.51661494524379981 0)
(0.38922961901632469 -0.5547961901632471 0)
(0.38922961901632469 0.5547961901632471 0)
(0.390625 -0.609375 0)
(0.390625 -0.5859375 0)
(0.390625 -0.5625 0)
(0.390625 -0.55465665206487957 0)
(0.390625 0.55465665206487957 0)
(0.390625 0.5625 0)
(0.390625 0.5859375 0)
(0.390625 0.609375 0)
(0.40625 -0.40937500000000004 0)
(0.40625 0.40937500000000004 0)
(0.40744404462825201 -0.42131544628251993 0)
(0.40744404462825201 0.42131544628251993 0)
(0.40881719595074179 -0.43504695950741779 0)
(0.40881719595074179 0.43504695950741779 0)
(0.41039631997160503 -0.45083819971605027 0)
(0.41039631997160503 0.45083819971605027 0)
(0.41221231259559782 -0.46899812595597767 0)
(0.41221231259559782 0.46899812595597767 0)
(0.41402830521959055 -0.48715805219590508 0)
(0.41402830521959055 0.48715805219590508 0)
(0.4140625 -0.5625 0)
(0.4140625 -0.5523129020648796 0)
(0.4140625 0.5523129020648796 0)
(0.4140625 0.5625 0)
(0.41666149452438006 -0.51348994524379976 0)
(0.41666149452438006 0.51348994524379976 0)
(0.4204796190163248 -0.55167119016324717 0)
(0.4204796190163248 0.55167119016324717 0)
(0.4375 -0.75 0)
(0.4375 -0.65625 0)
(0.4375 -0.609375 0)
(0.4375 -0.5859375 0)
(0.4375 -0.5625 0)
(0.4375 -0.55078125 0)
(0.4375 -0.54996915206487962 0)
(0.4375 -0.40625 0)
(0.4375 0.40625 0)
(0.4375 0.54996915206487962 0)
(0.4375 0.55078125 0)
(0.4375 0.5625 0)
(0.4375 0.5859375 0)
(0.4375 0.609375 0)
(0.4375 0.65625 0)
(0.4375 0.75 0)
(0.43869404462825201 -0.41819044628251989 0)
(0.43869404462825201 0.41819044628251989 0)
(0.44006719595074179 -0.43192195950741774 0)
(0.44006719595074179 0.43192195950741774 0)
(0.44164631997160503 -0.44771319971605023 0)
(0.44164631997160503 0.44771319971605023 0)
(0.44346231259559782 -0.46587312595597763 0)
(0.44346231259559782 0.46587312595597763 0)
(0.44527830521959055 -0.48403305219590503 0)
(0.44527830521959055 0.48403305219590503 0)
(0.44791149452438006 -0.51036494524379972 0)
(0.44791149452438006 0.51036494524379972 0)
(0.4517296190163248 -0.54854619016324713 0)
(0.4517296190163248 0.54854619016324713 0)
(0.4609375 -0.5625 0)
(0.4609375 -0.55078125 0)
(0.4609375 -0.54762540206487964 0)
(0.4609375 0.54762540206487964 0)
(0.4609375 0.55078125 0)
(0.4609375 0.5625 0)
(0.46875 -0.40312500000000001 0)
(0.46875 0.40312500000000001 0)
(0.46994404462825196 -0.4150654462825199 0)
(0.46994404462825196 0.4150654462825199 0)
(0.47131719595074179 -0.42879695950741775 0)
(0.47131719595074179 0.42879695950741775 0)
(0.47289631997160503 -0.44458819971605024 0)
(0.47289631997160503 0.44458819971605024 0)
(0.47471231259559776 -0.46274812595597764 0)
(0.47471231259559776 0.46274812595597764 0)
(0.4765283052195905 -0.48090805219590504 0)
(0.4765283052195905 0.48090805219590504 0)
(0.47916149452437995 -0.50723994524379978 0)
(0.47916149452437995 0.50723994524379978 0)
(0.48297961901632469 -0.54542119016324708 0)
(0.48297961901632469 0.54542119016324708 0)
(0.484375 -0.609375 0)
(0.484375 -0.5859375 0)
(0.484375 -0.5625 0)
(0.484375 -0.55078125 0)
(0.484375 -0.54528165206487955 0)
(0.484375 0.54528165206487955 0)
(0.484375 0.55078125 0)
(0.484375 0.5625 0)
(0.484375 0.5859375 0)
(0.484375 0.609375 0)
(0.5 -0.40000000000000002 0)
(0.5 0.40000000000000002 0)
(0.50148796608697888 -0.41191105413664719 0)
(0.50148796608697888 0.41191105413664719 0)
(0.50319912708700454 -0.42560876639379147 0)
(0.50319912708700454 0.42560876639379147 0)
(0.50516696223703406 -0.44136113548950739 0)
(0.50516696223703406 0.44136113548950739 0)
(0.50742997265956802 -0.45947635994958064 0)
(0.50742997265956802 0.45947635994958064 0)
(0.5078125 -0.5625 0)
(0.5078125 -0.55078125 0)
(0.5078125 -0.54293790206487957 0)
(0.5078125 0.54293790206487957 0)
(0.5078125 0.55078125 0)
(0.5078125 0.5625 0)
(0.50969298308210198 -0.47759158440965394 0)
(0.50969298308210198 0.47759158440965394 0)
(0.51297434819477616 -0.50385865987676015 0)
(0.51297434819477616 0.50385865987676015 0)
(0.5177323276081538 -0.54194591930406422 0)
(0.5177323276081538 0.54194591930406422 0)
(0.53125 -0.65625 0)
(0.53125 -0.609375 0)
(0.53125 -0.5859375 0)
(0.53125 -0.5625 0)
(0.53125 -0.55078125 0)
(0.53125 -0.53991826844528734 0)
(0.53125 -0.39531250000000001 0)
(0.53125 0.39531250000000001 0)
(0.53125 0.53991826844528734 0)
(0.53125 0.55078125 0)
(0.53125 0.5625 0)
(0.53125 0.5859375 0)
(0.53125 0.609375 0)
(0.53125 0.65625 0)
(0.53303008543516295 -0.40717973623441961 0)
(0.53303008543516295 0.40717973623441961 0)
(0.53507718368560031 -0.4208270579040021 0)
(0.53507718368560031 0.4208270579040021 0)
(0.53743134667360326 -0.43652147782402195 0)
(0.53743134667360326 0.43652147782402195 0)
(0.54013863410980678 -0.45457006073204487 0)
(0.54013863410980678 0.45457006073204487 0)
(0.54284592154601019 -0.47261864364006773 0)
(0.54284592154601019 0.47261864364006773 0)
(0.5467714883285052 -0.49878908885670087 0)
(0.5467714883285052 0.49878908885670087 0)
(0.55246356016312292 -0.53673623442081897 0)
(0.55246356016312292 0.53673623442081897 0)
(0.5546875 -0.5625 0)
(0.5546875 -0.55078125 0)
(0.5546875 -0.5390625 0)
(0.5546875 -0.53640264344528743 0)
(0.5546875 0.53640264344528743 0)
(0.5546875 0.5390625 0)
(0.5546875 0.55078125 0)
(0.5546875 0.5625 0)
(0.5625 -0.390625 0)
(0.5625 0.390625 0)
(0.56428008543516295 -0.4024922362344196 0)
(0.56428008543516295 0.4024922362344196 0)
(0.56632718368560031 -0.41613955790400209 0)
(0.56632718368560031 0.41613955790400209 0)
(0.56868134667360326 -0.431833977824022 0)
(0.56868134667360326 0.431833977824022 0)
(0.57138863410980667 -0.44988256073204486 0)
(0.57138863410980667 0.44988256073204486 0)
(0.57409592154601008 -0.46793114364006771 0)
(0.57409592154601008 0.46793114364006771 0)
(0.57802148832850508 -0.49410158885670086 0)
(0.57802148832850508 0.49410158885670086 0)
(0.578125 -0.609375 0)
(0.578125 -0.5859375 0)
(0.578125 -0.5625 0)
(0.578125 -0.55078125 0)
(0.578125 -0.5390625 0)
(0.578125 -0.5328870184452873 0)
(0.578125 0.5328870184452873 0)
(0.578125 0.5390625 0)
(0.578125 0.55078125 0)
(0.578125 0.5625 0)
(0.578125 0.5859375 0)
(0.578125 0.609375 0)
(0.58371356016312281 -0.5320487344208189 0)
(0.58371356016312281 0.5320487344208189 0)
(0.59375 -0.38593750000000004 0)
(0.59375 0.38593750000000004 0)
(0.59553008543516295 -0.39780473623441964 0)
(0.59553008543516295 0.39780473623441964 0)
(0.59757718368560031 -0.41145205790400213 0)
(0.59757718368560031 0.41145205790400213 0)
(0.59993134667360326 -0.42714647782402204 0)
(0.59993134667360326 0.42714647782402204 0)
(0.6015625 -0.5390625 0)
(0.6015625 -0.52937139344528739 0)
(0.6015625 0.52937139344528739 0)
(0.6015625 0.5390625 0)
(0.60263863410980667 -0.4451950607320449 0)
(0.60263863410980667 0.4451950607320449 0)
(0.60534592154601008 -0.46324364364006776 0)
(0.60534592154601008 0.46324364364006776 0)
(0.60927148832850508 -0.4894140888567009 0)
(0.60927148832850508 0.4894140888567009 0)
(0.6149635601631227 -0.52736123442081895 0)
(0.6149635601631227 0.52736123442081895 0)
(0.625 -1.125 0)
(0.625 -0.9375 0)
(0.625 -0.75 0)
(0.625 -0.65625 0)
(0.625 -0.609375 0)
(0.625 -0.5859375 0)
(0.625 -0.5625 0)
(0.625 -0.5390625 0)
(0.625 -0.52734375 0)
(0.625 -0.52585576844528736 0)
(0.625 -0.38125000000000003 0)
(0.625 0.38125000000000003 0)
(0.625 0.52585576844528736 0)
(0.625 0.52734375 0)
(0.625 0.5390625 0)
(0.625 0.5625 0)
(0.625 0.5859375 0)
(0.625 0.609375 0)
(0.625 0.65625 0)
(0.625 0.75 0)
(0.625 0.9375 0)
(0.625 1.125 0)
(0.62678008543516295 -0.39311723623441963 0)
(0.62678008543516295 0.39311723623441963 0)
(0.62882718368560031 -0.40676455790400212 0)
(0.62882718368560031 0.40676455790400212 0)
(0.63118134667360326 -0.42245897782402198 0)
(0.63118134667360326 0.42245897782402198 0)
(0.63388863410980678 -0.44050756073204489 0)
(0.63388863410980678 0.44050756073204489 0)
(0.63659592154601019 -0.45855614364006775 0)
(0.63659592154601019 0.45855614364006775 0)
(0.6405214883285052 -0.48472658885670089 0)
(0.6405214883285052 0.48472658885670089 0)
(0.64621356016312292 -0.52267373442081899 0)
(0.64621356016312292 0.52267373442081899 0)
(0.6484375 -0.5390625 0)
(0.6484375 -0.52734375 0)
(0.6484375 -0.52234014344528745 0)
(0.6484375 0.52234014344528745 0)
(0.6484375 0.52734375 0)
(0.6484375 0.5390625 0)
(0.65625 -0.37656250000000002 0)
(0.65625 0.37656250000000002 0)
(0.65803008543516295 -0.38842973623441962 0)
(0.65803008543516295 0.38842973623441962 0)
(0.66007718368560031 -0.40207705790400211 0)
(0.66007718368560031 0.40207705790400211 0)
(0.66243134667360326 -0.41777147782402196 0)
(0.66243134667360326 0.41777147782402196 0)
(0.66513863410980678 -0.43582006073204482 0)
(0.66513863410980678 0.43582006073204482 0)
(0.66784592154601019 -0.45386864364006768 0)
(0.66784592154601019 0.45386864364006768 0)
(0.6717714883285052 -0.48003908885670082 0)
(0.6717714883285052 0.48003908885670082 0)
(0.671875 -0.5625 0)
(0.671875 -0.5390625 0)
(0.671875 -0.52734375 0)
(0.671875 -0.51882451844528743 0)
(0.671875 0.51882451844528743 0)
(0.671875 0.52734375 0)
(0.671875 0.5390625 0)
(0.671875 0.5625 0)
(0.67746356016312292 -0.51798623442081893 0)
(0.67746356016312292 0.51798623442081893 0)
(0.6875 -0.37187500000000001 0)
(0.6875 0.37187500000000001 0)
(0.68928008543516295 -0.38374223623441961 0)
(0.68928008543516295 0.38374223623441961 0)
(0.69132718368560031 -0.3973895579040021 0)
(0.69132718368560031 0.3973895579040021 0)
(0.69368134667360326 -0.41308397782402195 0)
(0.69368134667360326 0.41308397782402195 0)
(0.6953125 -0.5390625 0)
(0.6953125 -0.52734375 0)
(0.6953125 -0.515625 0)
(0.6953125 -0.51530889344528741 0)
(0.6953125 0.51530889344528741 0)
(0.6953125 0.515625 0)
(0.6953125 0.52734375 0)
(0.6953125 0.5390625 0)
(0.69638863410980678 -0.43113256073204487 0)
(0.69638863410980678 0.43113256073204487 0)
(0.69909592154601019 -0.44918114364006773 0)
(0.69909592154601019 0.44918114364006773 0)
(0.7030214883285052 -0.47535158885670087 0)
(0.7030214883285052 0.47535158885670087 0)
(0.70871356016312292 -0.51329873442081897 0)
(0.70871356016312292 0.51329873442081897 0)
(0.71875 -0.65625 0)
(0.71875 -0.609375 0)
(0.71875 -0.5625 0)
(0.71875 -0.5390625 0)
(0.71875 -0.52734375 0)
(0.71875 -0.515625 0)
(0.71875 -0.51179326844528739 0)
(0.71875 -0.3671875 0)
(0.71875 0.3671875 0)
(0.71875 0.51179326844528739 0)
(0.71875 0.515625 0)
(0.71875 0.52734375 0)
(0.71875 0.5390625 0)
(0.71875 0.5625 0)
(0.71875 0.609375 0)
(0.71875 0.65625 0)
(0.72053008543516295 -0.3790547362344196 0)
(0.72053008543516295 0.3790547362344196 0)
(0.72257718368560031 -0.39270205790400209 0)
(0.72257718368560031 0.39270205790400209 0)
(0.72493134667360326 -0.408396477824022 0)
(0.72493134667360326 0.408396477824022 0)
(0.72763863410980667 -0.42644506073204486 0)
(0.72763863410980667 0.42644506073204486 0)
(0.73034592154601008 -0.44449364364006771 0)
(0.73034592154601008 0.44449364364006771 0)
(0.73427148832850508 -0.47066408885670086 0)
(0.73427148832850508 0.47066408885670086 0)
(0.73996356016312281 -0.5086112344208189 0)
(0.73996356016312281 0.5086112344208189 0)
(0.7421875 -0.515625 0)
(0.7421875 -0.50827764344528736 0)
(0.7421875 0.50827764344528736 0)
(0.7421875 0.515625 0)
(0.75 -0.36250000000000004 0)
(0.75 0.36250000000000004 0)
(0.75178008543516295 -0.37436723623441964 0)
(0.75178008543516295 0.37436723623441964 0)
(0.75382718368560031 -0.38801455790400213 0)
(0.75382718368560031 0.38801455790400213 0)
(0.75618134667360326 -0.40370897782402204 0)
(0.75618134667360326 0.40370897782402204 0)
(0.75888863410980667 -0.4217575607320449 0)
(0.75888863410980667 0.4217575607320449 0)
(0.76159592154601008 -0.43980614364006776 0)
(0.76159592154601008 0.43980614364006776 0)
(0.76552148832850508 -0.4659765888567009 0)
(0.76552148832850508 0.4659765888567009 0)
(0.765625 -0.5625 0)
(0.765625 -0.5390625 0)
(0.765625 -0.515625 0)
(0.765625 -0.50476201844528734 0)
(0.765625 0.50476201844528734 0)
(0.765625 0.515625 0)
(0.765625 0.5390625 0)
(0.765625 0.5625 0)
(0.7712135601631227 -0.50392373442081895 0)
(0.7712135601631227 0.50392373442081895 0)
(0.78125 -0.35781250000000003 0)
(0.78125 0.35781250000000003 0)
(0.78303008543516295 -0.36967973623441963 0)
(0.78303008543516295 0.36967973623441963 0)
(0.78507718368560031 -0.38332705790400212 0)
(0.78507718368560031 0.38332705790400212 0)
(0.78743134667360326 -0.39902147782402198 0)
(0.78743134667360326 0.39902147782402198 0)
(0.7890625 -0.515625 0)
(0.7890625 -0.50390625 0)
(0.7890625 -0.50124639344528732 0)
(0.7890625 0.50124639344528732 0)
(0.7890625 0.50390625 0)
(0.7890625 0.515625 0)
(0.79013863410980678 -0.41707006073204489 0)
(0.79013863410980678 0.41707006073204489 0)
(0.79284592154601019 -0.43511864364006775 0)
(0.79284592154601019 0.43511864364006775 0)
(0.7967714883285052 -0.46128908885670089 0)
(0.7967714883285052 0.46128908885670089 0)
(0.80246356016312292 -0.49923623442081894 0)
(0.80246356016312292 0.49923623442081894 0)
(0.8125 -0.75 0)
(0.8125 -0.65625 0)
(0.8125 -0.609375 0)
(0.8125 -0.5625 0)
(0.8125 -0.5390625 0)
(0.8125 -0.515625 0)
(0.8125 -0.50390625 0)
(0.8125 -0.49773076844528735 0)
(0.8125 -0.35312500000000002 0)
(0.8125 0.35312500000000002 0)
(0.8125 0.49773076844528735 0)
(0.8125 0.50390625 0)
(0.8125 0.515625 0)
(0.8125 0.5390625 0)
(0.8125 0.5625 0)
(0.8125 0.609375 0)
(0.8125 0.65625 0)
(0.8125 0.75 0)
(0.81428008543516295 -0.36499223623441962 0)
(0.81428008543516295 0.36499223623441962 0)
(0.81632718368560031 -0.37863955790400211 0)
(0.81632718368560031 0.37863955790400211 0)
(0.81868134667360326 -0.39433397782402196 0)
(0.81868134667360326 0.39433397782402196 0)
(0.82138863410980678 -0.41238256073204482 0)
(0.82138863410980678 0.41238256073204482 0)
(0.82409592154601019 -0.43043114364006768 0)
(0.82409592154601019 0.43043114364006768 0)
(0.8280214883285052 -0.45660158885670082 0)
(0.8280214883285052 0.45660158885670082 0)
(0.83371356016312292 -0.49454873442081893 0)
(0.83371356016312292 0.49454873442081893 0)
(0.8359375 -0.515625 0)
(0.8359375 -0.50390625 0)
(0.8359375 -0.49421514344528739 0)
(0.8359375 0.49421514344528739 0)
(0.8359375 0.50390625 0)
(0.8359375 0.515625 0)
(0.84375 -0.34843750000000001 0)
(0.84375 0.34843750000000001 0)
(0.84553008543516295 -0.36030473623441961 0)
(0.84553008543516295 0.36030473623441961 0)
(0.84757718368560031 -0.3739520579040021 0)
(0.84757718368560031 0.3739520579040021 0)
(0.84993134667360326 -0.38964647782402195 0)
(0.84993134667360326 0.38964647782402195 0)
(0.85263863410980678 -0.40769506073204487 0)
(0.85263863410980678 0.40769506073204487 0)
(0.85534592154601019 -0.42574364364006773 0)
(0.85534592154601019 0.42574364364006773 0)
(0.8592714883285052 -0.45191408885670087 0)
(0.8592714883285052 0.45191408885670087 0)
(0.859375 -0.5625 0)
(0.859375 -0.5390625 0)
(0.859375 -0.515625 0)
(0.859375 -0.50390625 0)
(0.859375 -0.4921875 0)
(0.859375 -0.49069951844528742 0)
(0.859375 0.49069951844528742 0)
(0.859375 0.4921875 0)
(0.859375 0.50390625 0)
(0.859375 0.515625 0)
(0.859375 0.5390625 0)
(0.859375 0.5625 0)
(0.86496356016312292 -0.48986123442081897 0)
(0.86496356016312292 0.48986123442081897 0)
(0.875 -0.34375 0)
(0.875 0.34375 0)
(0.87678008543516295 -0.3556172362344196 0)
(0.87678008543516295 0.3556172362344196 0)
(0.87882718368560031 -0.36926455790400209 0)
(0.87882718368560031 0.36926455790400209 0)
(0.88118134667360326 -0.38495897782402194 0)
(0.88118134667360326 0.38495897782402194 0)
(0.8828125 -0.4921875 0)
(0.8828125 -0.4871838934452874 0)
(0.8828125 0.4871838934452874 0)
(0.8828125 0.4921875 0)
(0.88388863410980678 -0.4030075607320448 0)
(0.88388863410980678 0.4030075607320448 0)
(0.88659592154601019 -0.42105614364006766 0)
(0.88659592154601019 0.42105614364006766 0)
(0.8905214883285052 -0.4472265888567008 0)
(0.8905214883285052 0.4472265888567008 0)
(0.89621356016312292 -0.4851737344208189 0)
(0.89621356016312292 0.4851737344208189 0)
(0.90625 -0.65625 0)
(0.90625 -0.609375 0)
(0.90625 -0.5625 0)
(0.90625 -0.5390625 0)
(0.90625 -0.515625 0)
(0.90625 -0.4921875 0)
(0.90625 -0.48366826844528732 0)
(0.90625 -0.33906249999999999 0)
(0.90625 0.33906249999999999 0)
(0.90625 0.48366826844528732 0)
(0.90625 0.4921875 0)
(0.90625 0.515625 0)
(0.90625 0.5390625 0)
(0.90625 0.5625 0)
(0.90625 0.609375 0)
(0.90625 0.65625 0)
(0.90803008543516295 -0.35092973623441959 0)
(0.90803008543516295 0.35092973623441959 0)
(0.91007718368560031 -0.36457705790400208 0)
(0.91007718368560031 0.36457705790400208 0)
(0.91243134667360326 -0.38027147782402193 0)
(0.91243134667360326 0.38027147782402193 0)
(0.91513863410980667 -0.39832006073204484 0)
(0.91513863410980667 0.39832006073204484 0)
(0.91784592154601008 -0.4163686436400677 0)
(0.91784592154601008 0.4163686436400677 0)
(0.92177148832850497 -0.44253908885670085 0)
(0.92177148832850497 0.44253908885670085 0)
(0.9274635601631227 -0.48048623442081895 0)
(0.9274635601631227 0.48048623442081895 0)
(0.9296875 -0.4921875 0)
(0.9296875 -0.48046875 0)
(0.9296875 -0.48015264344528735 0)
(0.9296875 0.48015264344528735 0)
(0.9296875 0.48046875 0)
(0.9296875 0.4921875 0)
(0.9375 -0.33437500000000003 0)
(0.9375 0.33437500000000003 0)
(0.93928008543516295 -0.34624223623441963 0)
(0.93928008543516295 0.34624223623441963 0)
(0.94132718368560031 -0.35988955790400212 0)
(0.94132718368560031 0.35988955790400212 0)
(0.94368134667360326 -0.37558397782402198 0)
(0.94368134667360326 0.37558397782402198 0)
(0.94638863410980667 -0.39363256073204489 0)
(0.94638863410980667 0.39363256073204489 0)
(0.94909592154601008 -0.41168114364006775 0)
(0.94909592154601008 0.41168114364006775 0)
(0.95302148832850508 -0.43785158885670089 0)
(0.95302148832850508 0.43785158885670089 0)
(0.953125 -0.515625 0)
(0.953125 -0.4921875 0)
(0.953125 -0.48046875 0)
(0.953125 -0.47663701844528733 0)
(0.953125 0.47663701844528733 0)
(0.953125 0.48046875 0)
(0.953125 0.4921875 0)
(0.953125 0.515625 0)
(0.95871356016312281 -0.47579873442081894 0)
(0.95871356016312281 0.47579873442081894 0)
(0.96875 -0.32968750000000002 0)
(0.96875 0.32968750000000002 0)
(0.97053008543516295 -0.34155473623441962 0)
(0.97053008543516295 0.34155473623441962 0)
(0.97257718368560031 -0.35520205790400211 0)
(0.97257718368560031 0.35520205790400211 0)
(0.97493134667360326 -0.37089647782402196 0)
(0.97493134667360326 0.37089647782402196 0)
(0.9765625 -0.4921875 0)
(0.9765625 -0.48046875 0)
(0.9765625 -0.47312139344528731 0)
(0.9765625 0.47312139344528731 0)
(0.9765625 0.48046875 0)
(0.9765625 0.4921875 0)
(0.97763863410980678 -0.38894506073204482 0)
(0.97763863410980678 0.38894506073204482 0)
(0.98034592154601019 -0.40699364364006768 0)
(0.98034592154601019 0.40699364364006768 0)
(0.9842714883285052 -0.43316408885670082 0)
(0.9842714883285052 0.43316408885670082 0)
(0.98996356016312292 -0.47111123442081887 0)
(0.98996356016312292 0.47111123442081887 0)
(1 -1.5 0)
(1 -1.125 0)
(1 -0.9375 0)
(1 -0.75 0)
(1 -0.65625 0)
(1 -0.609375 0)
(1 -0.5625 0)
(1 -0.515625 0)
(1 -0.4921875 0)
(1 -0.48046875 0)
(1 -0.46960576844528734 0)
(1 -0.32500000000000001 0)
(1 0.32500000000000001 0)
(1 0.46960576844528734 0)
(1 0.48046875 0)
(1 0.4921875 0)
(1 0.515625 0)
(1 0.5625 0)
(1 0.609375 0)
(1 0.65625 0)
(1 0.75 0)
(1 0.9375 0)
(1 1.125 0)
(1 1.5 0)
(1.0017800854351628 -0.33686723623441961 0)
(1.0017800854351628 0.33686723623441961 0)
(1.0038271836856003 -0.3505145579040021 0)
(1.0038271836856003 0.3505145579040021 0)
(1.0061813466736034 -0.36620897782402195 0)
(1.0061813466736034 0.36620897782402195 0)
(1.0088886341098067 -0.38425756073204487 0)
(1.0088886341098067 0.38425756073204487 0)
(1.0115959215460102 -0.40230614364006773 0)
(1.0115959215460102 0.40230614364006773 0)
(1.0155214883285051 -0.42847658885670087 0)
(1.0155214883285051 0.42847658885670087 0)
(1.0212135601631229 -0.46642373442081897 0)
(1.0212135601631229 0.46642373442081897 0)
(1.0234375 -0.4921875 0)
(1.0234375 -0.48046875 0)
(1.0234375 -0.46875 0)
(1.0234375 -0.46609014344528737 0)
(1.0234375 0.46609014344528737 0)
(1.0234375 0.46875 0)
(1.0234375 0.48046875 0)
(1.0234375 0.4921875 0)
(1.03125 -0.3203125 0)
(1.03125 0.3203125 0)
(1.0330300854351628 -0.3321797362344196 0)
(1.0330300854351628 0.3321797362344196 0)
(1.0350771836856003 -0.34582705790400209 0)
(1.0350771836856003 0.34582705790400209 0)
(1.0374313466736034 -0.36152147782402194 0)
(1.0374313466736034 0.36152147782402194 0)
(1.0401386341098067 -0.3795700607320448 0)
(1.0401386341098067 0.3795700607320448 0)
(1.0428459215460102 -0.39761864364006766 0)
(1.0428459215460102 0.39761864364006766 0)
(1.0467714883285051 -0.4237890888567008 0)
(1.0467714883285051 0.4237890888567008 0)
(1.046875 -0.515625 0)
(1.046875 -0.4921875 0)
(1.046875 -0.48046875 0)
(1.046875 -0.46875 0)
(1.046875 -0.46257451844528735 0)
(1.046875 0.46257451844528735 0)
(1.046875 0.46875 0)
(1.046875 0.48046875 0)
(1.046875 0.4921875 0)
(1.046875 0.515625 0)
(1.0524635601631227 -0.4617362344208189 0)
(1.0524635601631227 0.4617362344208189 0)
(1.0625 -0.31562499999999999 0)
(1.0625 0.31562499999999999 0)
(1.0642800854351628 -0.32749223623441959 0)
(1.0642800854351628 0.32749223623441959 0)
(1.0663271836856003 -0.34113955790400208 0)
(1.0663271836856003 0.34113955790400208 0)
(1.0686813466736034 -0.35683397782402193 0)
(1.0686813466736034 0.35683397782402193 0)
(1.0703125 -0.46875 0)
(1.0703125 -0.45905889344528733 0)
(1.0703125 0.45905889344528733 0)
(1.0703125 0.46875 0)
(1.0713886341098067 -0.37488256073204484 0)
(1.0713886341098067 0.37488256073204484 0)
(1.07409592154601 -0.3929311436400677 0)
(1.07409592154601 0.3929311436400677 0)
(1.0780214883285051 -0.41910158885670085 0)
(1.0780214883285051 0.41910158885670085 0)
(1.0837135601631227 -0.45704873442081895 0)
(1.0837135601631227 0.45704873442081895 0)
(1.09375 -0.5625 0)
(1.09375 -0.515625 0)
(1.09375 -0.4921875 0)
(1.09375 -0.46875 0)
(1.09375 -0.45703125 0)
(1.09375 -0.45554326844528736 0)
(1.09375 -0.31093750000000003 0)
(1.09375 0.31093750000000003 0)
(1.09375 0.45554326844528736 0)
(1.09375 0.45703125 0)
(1.09375 0.46875 0)
(1.09375 0.4921875 0)
(1.09375 0.515625 0)
(1.09375 0.5625 0)
(1.0955300854351628 -0.32280473623441963 0)
(1.0955300854351628 0.32280473623441963 0)
(1.0975771836856003 -0.33645205790400212 0)
(1.0975771836856003 0.33645205790400212 0)
(1.0999313466736034 -0.35214647782402198 0)
(1.0999313466736034 0.35214647782402198 0)
(1.1026386341098067 -0.37019506073204489 0)
(1.1026386341098067 0.37019506073204489 0)
(1.1053459215460102 -0.38824364364006775 0)
(1.1053459215460102 0.38824364364006775 0)
(1.1092714883285051 -0.41441408885670089 0)
(1.1092714883285051 0.41441408885670089 0)
(1.1149635601631227 -0.45236123442081899 0)
(1.1149635601631227 0.45236123442081899 0)
(1.1171875 -0.46875 0)
(1.1171875 -0.45703125 0)
(1.1171875 -0.4520276434452874 0)
(1.1171875 0.4520276434452874 0)
(1.1171875 0.45703125 0)
(1.1171875 0.46875 0)
(1.125 -0.30625000000000002 0)
(1.125 0.30625000000000002 0)
(1.1267800854351628 -0.31811723623441962 0)
(1.1267800854351628 0.31811723623441962 0)
(1.1288271836856003 -0.33176455790400211 0)
(1.1288271836856003 0.33176455790400211 0)
(1.1311813466736034 -0.34745897782402196 0)
(1.1311813466736034 0.34745897782402196 0)
(1.1338886341098067 -0.36550756073204482 0)
(1.1338886341098067 0.36550756073204482 0)
(1.1365959215460102 -0.38355614364006768 0)
(1.1365959215460102 0.38355614364006768 0)
(1.1405214883285051 -0.40972658885670082 0)
(1.1405214883285051 0.40972658885670082 0)
(1.140625 -0.515625 0)
(1.140625 -0.4921875 0)
(1.140625 -0.46875 0)
(1.140625 -0.45703125 0)
(1.140625 -0.44851201844528732 0)
(1.140625 0.44851201844528732 0)
(1.140625 0.45703125 0)
(1.140625 0.46875 0)
(1.140625 0.4921875 0)
(1.140625 0.515625 0)
(1.1462135601631227 -0.44767373442081893 0)
(1.1462135601631227 0.44767373442081893 0)
(1.15625 -0.30156250000000001 0)
(1.15625 0.30156250000000001 0)
(1.1580300854351628 -0.31342973623441961 0)
(1.1580300854351628 0.31342973623441961 0)
(1.1600771836856003 -0.3270770579040021 0)
(1.1600771836856003 0.3270770579040021 0)
(1.1624313466736034 -0.34277147782402195 0)
(1.1624313466736034 0.34277147782402195 0)
(1.1640625 -0.46875 0)
(1.1640625 -0.45703125 0)
(1.1640625 -0.4453125 0)
(1.1640625 -0.44499639344528735 0)
(1.1640625 0.44499639344528735 0)
(1.1640625 0.4453125 0)
(1.1640625 0.45703125 0)
(1.1640625 0.46875 0)
(1.1651386341098067 -0.36082006073204487 0)
(1.1651386341098067 0.36082006073204487 0)
(1.1678459215460102 -0.37886864364006773 0)
(1.1678459215460102 0.37886864364006773 0)
(1.1717714883285051 -0.40503908885670087 0)
(1.1717714883285051 0.40503908885670087 0)
(1.1774635601631227 -0.44298623442081897 0)
(1.1774635601631227 0.44298623442081897 0)
(1.1875 -0.75 0)
(1.1875 -0.65625 0)
(1.1875 -0.5625 0)
(1.1875 -0.515625 0)
(1.1875 -0.4921875 0)
(1.1875 -0.46875 0)
(1.1875 -0.45703125 0)
(1.1875 -0.4453125 0)
(1.1875 -0.44148076844528733 0)
(1.1875 -0.296875 0)
(1.1875 0.296875 0)
(1.1875 0.44148076844528733 0)
(1.1875 0.4453125 0)
(1.1875 0.45703125 0)
(1.1875 0.46875 0)
(1.1875 0.4921875 0)
(1.1875 0.515625 0)
(1.1875 0.5625 0)
(1.1875 0.65625 0)
(1.1875 0.75 0)
(1.1892800854351628 -0.3087422362344196 0)
(1.1892800854351628 0.3087422362344196 0)
(1.1913271836856003 -0.32238955790400209 0)
(1.1913271836856003 0.32238955790400209 0)
(1.1936813466736034 -0.33808397782402194 0)
(1.1936813466736034 0.33808397782402194 0)
(1.1963886341098067 -0.3561325607320448 0)
(1.1963886341098067 0.3561325607320448 0)
(1.1990959215460102 -0.37418114364006766 0)
(1.1990959215460102 0.37418114364006766 0)
(1.2030214883285051 -0.4003515888567008 0)
(1.2030214883285051 0.4003515888567008 0)
(1.2087135601631227 -0.4382987344208189 0)
(1.2087135601631227 0.4382987344208189 0)
(1.2109375 -0.4453125 0)
(1.2109375 -0.43796514344528731 0)
(1.2109375 0.43796514344528731 0)
(1.2109375 0.4453125 0)
(1.21875 -0.29218749999999999 0)
(1.21875 0.29218749999999999 0)
(1.2205300854351628 -0.30405473623441959 0)
(1.2205300854351628 0.30405473623441959 0)
(1.2225771836856003 -0.31770205790400208 0)
(1.2225771836856003 0.31770205790400208 0)
(1.2249313466736034 -0.33339647782402193 0)
(1.2249313466736034 0.33339647782402193 0)
(1.2276386341098067 -0.35144506073204484 0)
(1.2276386341098067 0.35144506073204484 0)
(1.2303459215460102 -0.3694936436400677 0)
(1.2303459215460102 0.3694936436400677 0)
(1.2342714883285051 -0.39566408885670085 0)
(1.2342714883285051 0.39566408885670085 0)
(1.234375 -0.46875 0)
(1.234375 -0.4453125 0)
(1.234375 -0.43444951844528734 0)
(1.234375 0.43444951844528734 0)
(1.234375 0.4453125 0)
(1.234375 0.46875 0)
(1.2399635601631227 -0.43361123442081895 0)
(1.2399635601631227 0.43361123442081895 0)
(1.25 -0.28749999999999998 0)
(1.25 0.28749999999999998 0)
(1.2517800854351628 -0.29936723623441958 0)
(1.2517800854351628 0.29936723623441958 0)
(1.2538271836856003 -0.31301455790400207 0)
(1.2538271836856003 0.31301455790400207 0)
(1.2561813466736034 -0.32870897782402198 0)
(1.2561813466736034 0.32870897782402198 0)
(1.2578125 -0.4453125 0)
(1.2578125 -0.43359375 0)
(1.2578125 -0.43093389344528732 0)
(1.2578125 0.43093389344528732 0)
(1.2578125 0.43359375 0)
(1.2578125 0.4453125 0)
(1.2588886341098067 -0.34675756073204483 0)
(1.2588886341098067 0.34675756073204483 0)
(1.2615959215460102 -0.36480614364006769 0)
(1.2615959215460102 0.36480614364006769 0)
(1.2655214883285051 -0.39097658885670084 0)
(1.2655214883285051 0.39097658885670084 0)
(1.2712135601631227 -0.42892373442081888 0)
(1.2712135601631227 0.42892373442081888 0)
(1.28125 -0.5625 0)
(1.28125 -0.515625 0)
(1.28125 -0.46875 0)
(1.28125 -0.4453125 0)
(1.28125 -0.43359375 0)
(1.28125 -0.4274182684452873 0)
(1.28125 -0.28281250000000002 0)
(1.28125 0.28281250000000002 0)
(1.28125 0.4274182684452873 0)
(1.28125 0.43359375 0)
(1.28125 0.4453125 0)
(1.28125 0.46875 0)
(1.28125 0.515625 0)
(1.28125 0.5625 0)
(1.2830300854351628 -0.29467973623441962 0)
(1.2830300854351628 0.29467973623441962 0)
(1.2850771836856003 -0.30832705790400211 0)
(1.2850771836856003 0.30832705790400211 0)
(1.2874313466736034 -0.32402147782402202 0)
(1.2874313466736034 0.32402147782402202 0)
(1.2901386341098067 -0.34207006073204488 0)
(1.2901386341098067 0.34207006073204488 0)
(1.2928459215460102 -0.36011864364006774 0)
(1.2928459215460102 0.36011864364006774 0)
(1.2967714883285051 -0.38628908885670088 0)
(1.2967714883285051 0.38628908885670088 0)
(1.3024635601631227 -0.42423623442081893 0)
(1.3024635601631227 0.42423623442081893 0)
(1.3046875 -0.4453125 0)
(1.3046875 -0.43359375 0)
(1.3046875 -0.42390264344528733 0)
(1.3046875 0.42390264344528733 0)
(1.3046875 0.43359375 0)
(1.3046875 0.4453125 0)
(1.3125 -0.27812500000000001 0)
(1.3125 0.27812500000000001 0)
(1.3142800854351628 -0.28999223623441961 0)
(1.3142800854351628 0.28999223623441961 0)
(1.3163271836856003 -0.3036395579040021 0)
(1.3163271836856003 0.3036395579040021 0)
(1.3186813466736034 -0.31933397782402195 0)
(1.3186813466736034 0.31933397782402195 0)
(1.3213886341098067 -0.33738256073204487 0)
(1.3213886341098067 0.33738256073204487 0)
(1.3240959215460102 -0.35543114364006773 0)
(1.3240959215460102 0.35543114364006773 0)
(1.3280214883285051 -0.38160158885670087 0)
(1.3280214883285051 0.38160158885670087 0)
(1.328125 -0.46875 0)
(1.328125 -0.4453125 0)
(1.328125 -0.43359375 0)
(1.328125 -0.421875 0)
(1.328125 -0.42038701844528736 0)
(1.328125 0.42038701844528736 0)
(1.328125 0.421875 0)
(1.328125 0.43359375 0)
(1.328125 0.4453125 0)
(1.328125 0.46875 0)
(1.3337135601631229 -0.41954873442081891 0)
(1.3337135601631229 0.41954873442081891 0)
(1.34375 -0.2734375 0)
(1.34375 0.2734375 0)
(1.3455300854351628 -0.2853047362344196 0)
(1.3455300854351628 0.2853047362344196 0)
(1.3475771836856003 -0.29895205790400209 0)
(1.3475771836856003 0.29895205790400209 0)
(1.3499313466736034 -0.31464647782402194 0)
(1.3499313466736034 0.31464647782402194 0)
(1.3515625 -0.421875 0)
(1.3515625 -0.41687139344528734 0)
(1.3515625 0.41687139344528734 0)
(1.3515625 0.421875 0)
(1.3526386341098067 -0.3326950607320448 0)
(1.3526386341098067 0.3326950607320448 0)
(1.3553459215460102 -0.35074364364006766 0)
(1.3553459215460102 0.35074364364006766 0)
(1.3592714883285051 -0.3769140888567008 0)
(1.3592714883285051 0.3769140888567008 0)
(1.3649635601631227 -0.4148612344208189 0)
(1.3649635601631227 0.4148612344208189 0)
(1.375 -1.125 0)
(1.375 -0.9375 0)
(1.375 -0.75 0)
(1.375 -0.65625 0)
(1.375 -0.5625 0)
(1.375 -0.515625 0)
(1.375 -0.46875 0)
(1.375 -0.4453125 0)
(1.375 -0.421875 0)
(1.375 -0.41335576844528732 0)
(1.375 -0.26874999999999999 0)
(1.375 0.26874999999999999 0)
(1.375 0.41335576844528732 0)
(1.375 0.421875 0)
(1.375 0.4453125 0)
(1.375 0.46875 0)
(1.375 0.515625 0)
(1.375 0.5625 0)
(1.375 0.65625 0)
(1.375 0.75 0)
(1.375 0.9375 0)
(1.375 1.125 0)
(1.3767800854351628 -0.28061723623441959 0)
(1.3767800854351628 0.28061723623441959 0)
(1.3788271836856003 -0.29426455790400208 0)
(1.3788271836856003 0.29426455790400208 0)
(1.3811813466736034 -0.30995897782402193 0)
(1.3811813466736034 0.30995897782402193 0)
(1.3838886341098067 -0.32800756073204484 0)
(1.3838886341098067 0.32800756073204484 0)
(1.3865959215460102 -0.3460561436400677 0)
(1.3865959215460102 0.3460561436400677 0)
(1.3905214883285051 -0.37222658885670085 0)
(1.3905214883285051 0.37222658885670085 0)
(1.3962135601631227 -0.41017373442081895 0)
(1.3962135601631227 0.41017373442081895 0)
(1.3984375 -0.421875 0)
(1.3984375 -0.41015625 0)
(1.3984375 -0.40984014344528735 0)
(1.3984375 0.40984014344528735 0)
(1.3984375 0.41015625 0)
(1.3984375 0.421875 0)
(1.40625 -0.26406249999999998 0)
(1.40625 0.26406249999999998 0)
(1.4080300854351628 -0.27592973623441958 0)
(1.4080300854351628 0.27592973623441958 0)
(1.4100771836856003 -0.28957705790400207 0)
(1.4100771836856003 0.28957705790400207 0)
(1.4124313466736034 -0.30527147782402198 0)
(1.4124313466736034 0.30527147782402198 0)
(1.4151386341098067 -0.32332006073204483 0)
(1.4151386341098067 0.32332006073204483 0)
(1.4178459215460102 -0.34136864364006769 0)
(1.4178459215460102 0.34136864364006769 0)
(1.4217714883285051 -0.36753908885670084 0)
(1.4217714883285051 0.36753908885670084 0)
(1.421875 -0.46875 0)
(1.421875 -0.4453125 0)
(1.421875 -0.421875 0)
(1.421875 -0.41015625 0)
(1.421875 -0.40632451844528727 0)
(1.421875 0.40632451844528727 0)
(1.421875 0.41015625 0)
(1.421875 0.421875 0)
(1.421875 0.4453125 0)
(1.421875 0.46875 0)
(1.4274635601631227 -0.40548623442081888 0)
(1.4274635601631227 0.40548623442081888 0)
(1.4375 -0.25937500000000002 0)
(1.4375 0.25937500000000002 0)
(1.4392800854351628 -0.27124223623441962 0)
(1.4392800854351628 0.27124223623441962 0)
(1.4413271836856003 -0.28488955790400211 0)
(1.4413271836856003 0.28488955790400211 0)
(1.4436813466736034 -0.30058397782402202 0)
(1.4436813466736034 0.30058397782402202 0)
(1.4453125 -0.421875 0)
(1.4453125 -0.41015625 0)
(1.4453125 -0.40280889344528731 0)
(1.4453125 0.40280889344528731 0)
(1.4453125 0.41015625 0)
(1.4453125 0.421875 0)
(1.4463886341098067 -0.31863256073204488 0)
(1.4463886341098067 0.31863256073204488 0)
(1.4490959215460102 -0.33668114364006774 0)
(1.4490959215460102 0.33668114364006774 0)
(1.4530214883285051 -0.36285158885670088 0)
(1.4530214883285051 0.36285158885670088 0)
(1.4587135601631227 -0.40079873442081893 0)
(1.4587135601631227 0.40079873442081893 0)
(1.46875 -0.5625 0)
(1.46875 -0.515625 0)
(1.46875 -0.46875 0)
(1.46875 -0.4453125 0)
(1.46875 -0.421875 0)
(1.46875 -0.41015625 0)
(1.46875 -0.39929326844528734 0)
(1.46875 -0.25468750000000001 0)
(1.46875 0.25468750000000001 0)
(1.46875 0.39929326844528734 0)
(1.46875 0.41015625 0)
(1.46875 0.421875 0)
(1.46875 0.4453125 0)
(1.46875 0.46875 0)
(1.46875 0.515625 0)
(1.46875 0.5625 0)
(1.4705300854351628 -0.26655473623441961 0)
(1.4705300854351628 0.26655473623441961 0)
(1.4725771836856003 -0.2802020579040021 0)
(1.4725771836856003 0.2802020579040021 0)
(1.4749313466736034 -0.29589647782402195 0)
(1.4749313466736034 0.29589647782402195 0)
(1.4776386341098067 -0.31394506073204487 0)
(1.4776386341098067 0.31394506073204487 0)
(1.4803459215460102 -0.33199364364006773 0)
(1.4803459215460102 0.33199364364006773 0)
(1.4842714883285051 -0.35816408885670087 0)
(1.4842714883285051 0.35816408885670087 0)
(1.4899635601631229 -0.39611123442081897 0)
(1.4899635601631229 0.39611123442081897 0)
(1.4921875 -0.421875 0)
(1.4921875 -0.41015625 0)
(1.4921875 -0.3984375 0)
(1.4921875 -0.39577764344528737 0)
(1.4921875 0.39577764344528737 0)
(1.4921875 0.3984375 0)
(1.4921875 0.41015625 0)
(1.4921875 0.421875 0)
(1.5 -0.25 0)
(1.5 0.25 0)
(1.5019964372634871 -0.26183478346017092 0)
(1.5019964372634871 0.26183478346017092 0)
(1.5042923401164974 -0.27544478443936748 0)
(1.5042923401164974 0.27544478443936748 0)
(1.5069326283974593 -0.29109628556544354 0)
(1.5069326283974593 0.29109628556544354 0)
(1.5099689599205652 -0.30909551186043105 0)
(1.5099689599205652 0.30909551186043105 0)
(1.5130052914436714 -0.32709473815541851 0)
(1.5130052914436714 0.32709473815541851 0)
(1.515625 -0.46875 0)
(1.515625 -0.4453125 0)
(1.515625 -0.421875 0)
(1.515625 -0.41015625 0)
(1.515625 -0.3984375 0)
(1.515625 -0.39226201844528735 0)
(1.515625 0.39226201844528735 0)
(1.515625 0.3984375 0)
(1.515625 0.41015625 0)
(1.515625 0.421875 0)
(1.515625 0.4453125 0)
(1.515625 0.46875 0)
(1.5174079721521752 -0.35319361628315032 0)
(1.5174079721521752 0.35319361628315032 0)
(1.5237918591795057 -0.39103698956836147 0)
(1.5237918591795057 0.39103698956836147 0)
(1.5249999999999999 -0.24531249999999999 0)
(1.5249999999999999 0.24531249999999999 0)
(1.5272114624206021 -0.25710696624321183 0)
(1.5272114624206021 0.25710696624321183 0)
(1.5297546442042946 -0.27067060242290547 0)
(1.5297546442042946 0.27067060242290547 0)
(1.532679303255541 -0.28626878402955319 0)
(1.532679303255541 0.28626878402955319 0)
(1.5360426611644746 -0.30420669287719804 0)
(1.5360426611644746 0.30420669287719804 0)
(1.5390625 -0.3984375 0)
(1.5390625 -0.38817374441451874 0)
(1.5390625 0.38817374441451874 0)
(1.5390625 0.3984375 0)
(1.539406019073408 -0.32214460172484288 0)
(1.539406019073408 0.32214460172484288 0)
(1.5442828880413615 -0.34815456955392787 0)
(1.5442828880413615 0.34815456955392787 0)
(1.55 -0.24062500000000001 0)
(1.55 0.24062500000000001 0)
(1.5513543480448939 -0.38586902290610114 0)
(1.5513543480448939 0.38586902290610114 0)
(1.5522114624206023 -0.25241946624321188 0)
(1.5522114624206023 0.25241946624321188 0)
(1.5547546442042948 -0.26598310242290552 0)
(1.5547546442042948 0.26598310242290552 0)
(1.5576793032555412 -0.28158128402955318 0)
(1.5576793032555412 0.28158128402955318 0)
(1.5610426611644748 -0.29951919287719803 0)
(1.5610426611644748 0.29951919287719803 0)
(1.5625 -0.75 0)
(1.5625 -0.65625 0)
(1.5625 -0.5625 0)
(1.5625 -0.515625 0)
(1.5625 -0.46875 0)
(1.5625 -0.4453125 0)
(1.5625 -0.421875 0)
(1.5625 -0.3984375 0)
(1.5625 -0.38671875 0)
(1.5625 -0.38377921316451874 0)
(1.5625 0.38377921316451874 0)
(1.5625 0.38671875 0)
(1.5625 0.3984375 0)
(1.5625 0.421875 0)
(1.5625 0.4453125 0)
(1.5625 0.46875 0)
(1.5625 0.515625 0)
(1.5625 0.5625 0)
(1.5625 0.65625 0)
(1.5625 0.75 0)
(1.5644060190734081 -0.31745710172484287 0)
(1.5644060190734081 0.31745710172484287 0)
(1.5692828880413616 -0.34346706955392786 0)
(1.5692828880413616 0.34346706955392786 0)
(1.575 -0.23593749999999999 0)
(1.575 0.23593749999999999 0)
(1.576354348044894 -0.38118152290610113 0)
(1.576354348044894 0.38118152290610113 0)
(1.5772114624206022 -0.24773196624321187 0)
(1.5772114624206022 0.24773196624321187 0)
(1.5797546442042947 -0.2612956024229055 0)
(1.5797546442042947 0.2612956024229055 0)
(1.5826793032555411 -0.27689378402955317 0)
(1.5826793032555411 0.27689378402955317 0)
(1.5859375 -0.3984375 0)
(1.5859375 -0.38671875 0)
(1.5859375 -0.37938468191451874 0)
(1.5859375 0.37938468191451874 0)
(1.5859375 0.38671875 0)
(1.5859375 0.3984375 0)
(1.5860426611644747 -0.29483169287719801 0)
(1.5860426611644747 0.29483169287719801 0)
(1.5894060190734081 -0.31276960172484286 0)
(1.5894060190734081 0.31276960172484286 0)
(1.5942828880413615 -0.33877956955392785 0)
(1.5942828880413615 0.33877956955392785 0)
(1.6000000000000001 -0.23125000000000001 0)
(1.6000000000000001 0.23125000000000001 0)
(1.601354348044894 -0.37649402290610112 0)
(1.601354348044894 0.37649402290610112 0)
(1.6022114624206023 -0.24304446624321188 0)
(1.6022114624206023 0.24304446624321188 0)
(1.6047546442042948 -0.25660810242290549 0)
(1.6047546442042948 0.25660810242290549 0)
(1.6076793032555412 -0.27220628402955321 0)
(1.6076793032555412 0.27220628402955321 0)
(1.609375 -0.421875 0)
(1.609375 -0.3984375 0)
(1.609375 -0.38671875 0)
(1.609375 -0.375 0)
(1.609375 -0.37499015066451874 0)
(1.609375 0.37499015066451874 0)
(1.609375 0.375 0)
(1.609375 0.38671875 0)
(1.609375 0.3984375 0)
(1.609375 0.421875 0)
(1.6110426611644748 -0.29014419287719806 0)
(1.6110426611644748 0.29014419287719806 0)
(1.6144060190734082 -0.30808210172484291 0)
(1.6144060190734082 0.30808210172484291 0)
(1.6192828880413617 -0.3340920695539279 0)
(1.6192828880413617 0.3340920695539279 0)
(1.625 -0.2265625 0)
(1.625 0.2265625 0)
(1.6263543480448941 -0.37180652290610117 0)
(1.6263543480448941 0.37180652290610117 0)
(1.6272114624206022 -0.23835696624321187 0)
(1.6272114624206022 0.23835696624321187 0)
(1.6297546442042947 -0.25192060242290548 0)
(1.6297546442042947 0.25192060242290548 0)
(1.6326793032555413 -0.2675187840295532 0)
(1.6326793032555413 0.2675187840295532 0)
(1.6328125 -0.375 0)
(1.6328125 -0.3705956194145188 0)
(1.6328125 0.3705956194145188 0)
(1.6328125 0.375 0)
(1.6360426611644747 -0.28545669287719799 0)
(1.6360426611644747 0.28545669287719799 0)
(1.6394060190734081 -0.30339460172484284 0)
(1.6394060190734081 0.30339460172484284 0)
(1.6442828880413616 -0.32940456955392783 0)
(1.6442828880413616 0.32940456955392783 0)
(1.6499999999999999 -0.22187499999999999 0)
(1.6499999999999999 0.22187499999999999 0)
(1.6513543480448942 -0.3671190229061011 0)
(1.6513543480448942 0.3671190229061011 0)
(1.6522114624206021 -0.23366946624321186 0)
(1.6522114624206021 0.23366946624321186 0)
(1.6547546442042946 -0.2472331024229055 0)
(1.6547546442042946 0.2472331024229055 0)
(1.65625 -0.46875 0)
(1.65625 -0.421875 0)
(1.65625 -0.3984375 0)
(1.65625 -0.375 0)
(1.65625 -0.36620108816451874 0)
(1.65625 0.36620108816451874 0)
(1.65625 0.375 0)
(1.65625 0.3984375 0)
(1.65625 0.421875 0)
(1.65625 0.46875 0)
(1.657679303255541 -0.26283128402955319 0)
(1.657679303255541 0.26283128402955319 0)
(1.6610426611644746 -0.28076919287719804 0)
(1.6610426611644746 0.28076919287719804 0)
(1.664406019073408 -0.29870710172484288 0)
(1.664406019073408 0.29870710172484288 0)
(1.6692828880413615 -0.32471706955392787 0)
(1.6692828880413615 0.32471706955392787 0)
(1.675 -0.21718750000000001 0)
(1.675 0.21718750000000001 0)
(1.6763543480448939 -0.36243152290610114 0)
(1.6763543480448939 0.36243152290610114 0)
(1.6772114624206023 -0.22898196624321188 0)
(1.6772114624206023 0.22898196624321188 0)
(1.6796875 -0.375 0)
(1.6796875 -0.36328125 0)
(1.6796875 -0.36180655691451874 0)
(1.6796875 0.36180655691451874 0)
(1.6796875 0.36328125 0)
(1.6796875 0.375 0)
(1.6797546442042948 -0.24254560242290552 0)
(1.6797546442042948 0.24254560242290552 0)
(1.6826793032555412 -0.25814378402955318 0)
(1.6826793032555412 0.25814378402955318 0)
(1.6860426611644748 -0.27608169287719803 0)
(1.6860426611644748 0.27608169287719803 0)
(1.6894060190734081 -0.29401960172484287 0)
(1.6894060190734081 0.29401960172484287 0)
(1.6942828880413616 -0.32002956955392786 0)
(1.6942828880413616 0.32002956955392786 0)
(1.7 -0.21249999999999999 0)
(1.7 0.21249999999999999 0)
(1.701354348044894 -0.35774402290610113 0)
(1.701354348044894 0.35774402290610113 0)
(1.7022114624206022 -0.22429446624321187 0)
(1.7022114624206022 0.22429446624321187 0)
(1.703125 -0.421875 0)
(1.703125 -0.3984375 0)
(1.703125 -0.375 0)
(1.703125 -0.36328125 0)
(1.703125 -0.35741202566451874 0)
(1.703125 0.35741202566451874 0)
(1.703125 0.36328125 0)
(1.703125 0.375 0)
(1.703125 0.3984375 0)
(1.703125 0.421875 0)
(1.7047546442042947 -0.2378581024229055 0)
(1.7047546442042947 0.2378581024229055 0)
(1.7076793032555413 -0.25345628402955317 0)
(1.7076793032555413 0.25345628402955317 0)
(1.7110426611644747 -0.27139419287719801 0)
(1.7110426611644747 0.27139419287719801 0)
(1.7144060190734081 -0.28933210172484286 0)
(1.7144060190734081 0.28933210172484286 0)
(1.7192828880413615 -0.31534206955392785 0)
(1.7192828880413615 0.31534206955392785 0)
(1.7249999999999999 -0.20781250000000001 0)
(1.7249999999999999 0.20781250000000001 0)
(1.726354348044894 -0.35305652290610112 0)
(1.726354348044894 0.35305652290610112 0)
(1.7265625 -0.375 0)
(1.7265625 -0.36328125 0)
(1.7265625 -0.35301749441451874 0)
(1.7265625 0.35301749441451874 0)
(1.7265625 0.36328125 0)
(1.7265625 0.375 0)
(1.7272114624206021 -0.21960696624321188 0)
(1.7272114624206021 0.21960696624321188 0)
(1.7297546442042946 -0.23317060242290552 0)
(1.7297546442042946 0.23317060242290552 0)
(1.732679303255541 -0.24876878402955321 0)
(1.732679303255541 0.24876878402955321 0)
(1.7360426611644746 -0.26670669287719806 0)
(1.7360426611644746 0.26670669287719806 0)
(1.739406019073408 -0.28464460172484291 0)
(1.739406019073408 0.28464460172484291 0)
(1.7442828880413614 -0.3106545695539279 0)
(1.7442828880413614 0.3106545695539279 0)
(1.75 -1.5 0)
(1.75 -1.125 0)
(1.75 -0.9375 0)
(1.75 -0.75 0)
(1.75 -0.65625 0)
(1.75 -0.5625 0)
(1.75 -0.46875 0)
(1.75 -0.421875 0)
(1.75 -0.3984375 0)
(1.75 -0.375 0)
(1.75 -0.36328125 0)
(1.75 -0.3515625 0)
(1.75 -0.34862296316451874 0)
(1.75 -0.203125 0)
(1.75 0.203125 0)
(1.75 0.34862296316451874 0)
(1.75 0.3515625 0)
(1.75 0.36328125 0)
(1.75 0.375 0)
(1.75 0.3984375 0)
(1.75 0.421875 0)
(1.75 0.46875 0)
(1.75 0.5625 0)
(1.75 0.65625 0)
(1.75 0.75 0)
(1.75 0.9375 0)
(1.75 1.125 0)
(1.75 1.5 0)
(1.7513543480448939 -0.34836902290610117 0)
(1.7513543480448939 0.34836902290610117 0)
(1.7522114624206022 -0.21491946624321187 0)
(1.7522114624206022 0.21491946624321187 0)
(1.7547546442042947 -0.22848310242290551 0)
(1.7547546442042947 0.22848310242290551 0)
(1.7576793032555413 -0.2440812840295532 0)
(1.7576793032555413 0.2440812840295532 0)
(1.7610426611644747 -0.26201919287719805 0)
(1.7610426611644747 0.26201919287719805 0)
(1.7644060190734081 -0.27995710172484289 0)
(1.7644060190734081 0.27995710172484289 0)
(1.7692828880413616 -0.30596706955392788 0)
(1.7692828880413616 0.30596706955392788 0)
(1.7734375 -0.3515625 0)
(1.7734375 -0.3442284319145188 0)
(1.7734375 0.3442284319145188 0)
(1.7734375 0.3515625 0)
(1.7749999999999999 -0.19843749999999999 0)
(1.7749999999999999 0.19843749999999999 0)
(1.776354348044894 -0.34368152290610116 0)
(1.776354348044894 0.34368152290610116 0)
(1.7772114624206021 -0.21023196624321186 0)
(1.7772114624206021 0.21023196624321186 0)
(1.7797546442042946 -0.2237956024229055 0)
(1.7797546442042946 0.2237956024229055 0)
(1.7826793032555412 -0.23939378402955319 0)
(1.7826793032555412 0.23939378402955319 0)
(1.7860426611644746 -0.25733169287719804 0)
(1.7860426611644746 0.25733169287719804 0)
(1.789406019073408 -0.27526960172484288 0)
(1.789406019073408 0.27526960172484288 0)
(1.7942828880413615 -0.30127956955392787 0)
(1.7942828880413615 0.30127956955392787 0)
(1.796875 -0.375 0)
(1.796875 -0.3515625 0)
(1.796875 -0.33984375 0)
(1.796875 -0.3398339006645188 0)
(1.796875 0.3398339006645188 0)
(1.796875 0.33984375 0)
(1.796875 0.3515625 0)
(1.796875 0.375 0)
(1.7999999999999998 -0.19375000000000001 0)
(1.7999999999999998 0.19375000000000001 0)
(1.8013543480448941 -0.33899402290610114 0)
(1.8013543480448941 0.33899402290610114 0)
(1.802211462420602 -0.20554446624321188 0)
(1.802211462420602 0.20554446624321188 0)
(1.8047546442042945 -0.21910810242290552 0)
(1.8047546442042945 0.21910810242290552 0)
(1.8076793032555409 -0.23470628402955321 0)
(1.8076793032555409 0.23470628402955321 0)
(1.8110426611644745 -0.25264419287719803 0)
(1.8110426611644745 0.25264419287719803 0)
(1.8144060190734079 -0.27058210172484287 0)
(1.8144060190734079 0.27058210172484287 0)
(1.8192828880413614 -0.29659206955392786 0)
(1.8192828880413614 0.29659206955392786 0)
(1.8203125 -0.3515625 0)
(1.8203125 -0.33984375 0)
(1.8203125 -0.33543936941451874 0)
(1.8203125 0.33543936941451874 0)
(1.8203125 0.33984375 0)
(1.8203125 0.3515625 0)
(1.825 -0.18906249999999999 0)
(1.825 0.18906249999999999 0)
(1.8263543480448938 -0.33430652290610113 0)
(1.8263543480448938 0.33430652290610113 0)
(1.8272114624206022 -0.20085696624321187 0)
(1.8272114624206022 0.20085696624321187 0)
(1.8297546442042947 -0.2144206024229055 0)
(1.8297546442042947 0.2144206024229055 0)
(1.8326793032555411 -0.2300187840295532 0)
(1.8326793032555411 0.2300187840295532 0)
(1.8360426611644747 -0.24795669287719801 0)
(1.8360426611644747 0.24795669287719801 0)
(1.8394060190734081 -0.26589460172484286 0)
(1.8394060190734081 0.26589460172484286 0)
(1.84375 -0.46875 0)
(1.84375 -0.421875 0)
(1.84375 -0.375 0)
(1.84375 -0.3515625 0)
(1.84375 -0.33984375 0)
(1.84375 -0.33104483816451874 0)
(1.84375 0.33104483816451874 0)
(1.84375 0.33984375 0)
(1.84375 0.3515625 0)
(1.84375 0.375 0)
(1.84375 0.421875 0)
(1.84375 0.46875 0)
(1.8442828880413615 -0.29190456955392785 0)
(1.8442828880413615 0.29190456955392785 0)
(1.8499999999999999 -0.18437500000000001 0)
(1.8499999999999999 0.18437500000000001 0)
(1.851354348044894 -0.32961902290610112 0)
(1.851354348044894 0.32961902290610112 0)
(1.8522114624206021 -0.19616946624321188 0)
(1.8522114624206021 0.19616946624321188 0)
(1.8547546442042946 -0.20973310242290552 0)
(1.8547546442042946 0.20973310242290552 0)
(1.857679303255541 -0.22533128402955321 0)
(1.857679303255541 0.22533128402955321 0)
(1.8610426611644746 -0.24326919287719806 0)
(1.8610426611644746 0.24326919287719806 0)
(1.864406019073408 -0.26120710172484291 0)
(1.864406019073408 0.26120710172484291 0)
(1.8671875 -0.3515625 0)
(1.8671875 -0.33984375 0)
(1.8671875 -0.328125 0)
(1.8671875 -0.32665030691451874 0)
(1.8671875 0.32665030691451874 0)
(1.8671875 0.328125 0)
(1.8671875 0.33984375 0)
(1.8671875 0.3515625 0)
(1.8692828880413614 -0.2872170695539279 0)
(1.8692828880413614 0.2872170695539279 0)
(1.875 -0.1796875 0)
(1.875 0.1796875 0)
(1.8763543480448939 -0.32493152290610117 0)
(1.8763543480448939 0.32493152290610117 0)
(1.8772114624206022 -0.19148196624321187 0)
(1.8772114624206022 0.19148196624321187 0)
(1.8797546442042947 -0.20504560242290551 0)
(1.8797546442042947 0.20504560242290551 0)
(1.8826793032555413 -0.2206437840295532 0)
(1.8826793032555413 0.2206437840295532 0)
(1.8860426611644747 -0.23858169287719802 0)
(1.8860426611644747 0.23858169287719802 0)
(1.8894060190734081 -0.25651960172484284 0)
(1.8894060190734081 0.25651960172484284 0)
(1.890625 -0.375 0)
(1.890625 -0.3515625 0)
(1.890625 -0.33984375 0)
(1.890625 -0.328125 0)
(1.890625 -0.32225577566451874 0)
(1.890625 0.32225577566451874 0)
(1.890625 0.328125 0)
(1.890625 0.33984375 0)
(1.890625 0.3515625 0)
(1.890625 0.375 0)
(1.8942828880413616 -0.28252956955392788 0)
(1.8942828880413616 0.28252956955392788 0)
(1.8999999999999999 -0.17499999999999999 0)
(1.8999999999999999 0.17499999999999999 0)
(1.9013543480448942 -0.3202440229061011 0)
(1.9013543480448942 0.3202440229061011 0)
(1.9022114624206021 -0.18679446624321186 0)
(1.9022114624206021 0.18679446624321186 0)
(1.9047546442042946 -0.2003581024229055 0)
(1.9047546442042946 0.2003581024229055 0)
(1.9076793032555412 -0.21595628402955319 0)
(1.9076793032555412 0.21595628402955319 0)
(1.9110426611644746 -0.23389419287719801 0)
(1.9110426611644746 0.23389419287719801 0)
(1.9140625 -0.328125 0)
(1.9140625 -0.31786124441451874 0)
(1.9140625 0.31786124441451874 0)
(1.9140625 0.328125 0)
(1.914406019073408 -0.25183210172484283 0)
(1.914406019073408 0.25183210172484283 0)
(1.9192828880413615 -0.27784206955392787 0)
(1.9192828880413615 0.27784206955392787 0)
(1.9249999999999998 -0.17031250000000001 0)
(1.9249999999999998 0.17031250000000001 0)
(1.9263543480448939 -0.31555652290610109 0)
(1.9263543480448939 0.31555652290610109 0)
(1.927211462420602 -0.18210696624321188 0)
(1.927211462420602 0.18210696624321188 0)
(1.9297546442042945 -0.19567060242290552 0)
(1.9297546442042945 0.19567060242290552 0)
(1.9326793032555409 -0.21126878402955321 0)
(1.9326793032555409 0.21126878402955321 0)
(1.9360426611644745 -0.22920669287719803 0)
(1.9360426611644745 0.22920669287719803 0)
(1.9375 -0.5625 0)
(1.9375 -0.46875 0)
(1.9375 -0.421875 0)
(1.9375 -0.375 0)
(1.9375 -0.3515625 0)
(1.9375 -0.328125 0)
(1.9375 -0.31640625 0)
(1.9375 -0.31346671316451868 0)
(1.9375 0.31346671316451868 0)
(1.9375 0.31640625 0)
(1.9375 0.328125 0)
(1.9375 0.3515625 0)
(1.9375 0.375 0)
(1.9375 0.421875 0)
(1.9375 0.46875 0)
(1.9375 0.5625 0)
(1.9394060190734079 -0.24714460172484287 0)
(1.9394060190734079 0.24714460172484287 0)
(1.9442828880413614 -0.27315456955392786 0)
(1.9442828880413614 0.27315456955392786 0)
(1.95 -0.16562499999999999 0)
(1.95 0.16562499999999999 0)
(1.9513543480448938 -0.31086902290610113 0)
(1.9513543480448938 0.31086902290610113 0)
(1.9522114624206022 -0.17741946624321187 0)
(1.9522114624206022 0.17741946624321187 0)
(1.9547546442042947 -0.1909831024229055 0)
(1.9547546442042947 0.1909831024229055 0)
(1.9576793032555411 -0.2065812840295532 0)
(1.9576793032555411 0.2065812840295532 0)
(1.9609375 -0.328125 0)
(1.9609375 -0.31640625 0)
(1.9609375 -0.30907218191451874 0)
(1.9609375 0.30907218191451874 0)
(1.9609375 0.31640625 0)
(1.9609375 0.328125 0)
(1.9610426611644747 -0.22451919287719801 0)
(1.9610426611644747 0.22451919287719801 0)
(1.9644060190734081 -0.24245710172484286 0)
(1.9644060190734081 0.24245710172484286 0)
(1.9692828880413615 -0.26846706955392785 0)
(1.9692828880413615 0.26846706955392785 0)
(1.9749999999999999 -0.16093750000000001 0)
(1.9749999999999999 0.16093750000000001 0)
(1.976354348044894 -0.30618152290610112 0)
(1.976354348044894 0.30618152290610112 0)
(1.9772114624206021 -0.17273196624321188 0)
(1.9772114624206021 0.17273196624321188 0)
(1.9797546442042946 -0.18629560242290552 0)
(1.9797546442042946 0.18629560242290552 0)
(1.982679303255541 -0.20189378402955321 0)
(1.982679303255541 0.20189378402955321 0)
(1.984375 -0.375 0)
(1.984375 -0.3515625 0)
(1.984375 -0.328125 0)
(1.984375 -0.31640625 0)
(1.984375 -0.3046875 0)
(1.984375 -0.30467765066451874 0)
(1.984375 0.30467765066451874 0)
(1.984375 0.3046875 0)
(1.984375 0.31640625 0)
(1.984375 0.328125 0)
(1.984375 0.3515625 0)
(1.984375 0.375 0)
(1.9860426611644746 -0.21983169287719806 0)
(1.9860426611644746 0.21983169287719806 0)
(1.989406019073408 -0.23776960172484291 0)
(1.989406019073408 0.23776960172484291 0)
(1.9942828880413614 -0.2637795695539279 0)
(1.9942828880413614 0.2637795695539279 0)
(2 -0.15625 0)
(2 0.15625 0)
(2.0013543480448939 -0.30149402290610117 0)
(2.0013543480448939 0.30149402290610117 0)
(2.0022114624206022 -0.16804446624321187 0)
(2.0022114624206022 0.16804446624321187 0)
(2.0047546442042949 -0.18160810242290551 0)
(2.0047546442042949 0.18160810242290551 0)
(2.0076793032555411 -0.1972062840295532 0)
(2.0076793032555411 0.1972062840295532 0)
(2.0078125 -0.3046875 0)
(2.0078125 -0.30028311941451874 0)
(2.0078125 0.30028311941451874 0)
(2.0078125 0.3046875 0)
(2.0110426611644745 -0.21514419287719805 0)
(2.0110426611644745 0.21514419287719805 0)
(2.0144060190734079 -0.23308210172484289 0)
(2.0144060190734079 0.23308210172484289 0)
(2.0192828880413614 -0.25909206955392788 0)
(2.0192828880413614 0.25909206955392788 0)
(2.0249999999999999 -0.15156250000000002 0)
(2.0249999999999999 0.15156250000000002 0)
(2.0263543480448938 -0.29680652290610116 0)
(2.0263543480448938 0.29680652290610116 0)
(2.0272114624206021 -0.16335696624321189 0)
(2.0272114624206021 0.16335696624321189 0)
(2.0297546442042949 -0.17692060242290553 0)
(2.0297546442042949 0.17692060242290553 0)
(2.03125 -0.46875 0)
(2.03125 -0.421875 0)
(2.03125 -0.375 0)
(2.03125 -0.3515625 0)
(2.03125 -0.328125 0)
(2.03125 -0.3046875 0)
(2.03125 -0.29588858816451874 0)
(2.03125 0.29588858816451874 0)
(2.03125 0.3046875 0)
(2.03125 0.328125 0)
(2.03125 0.3515625 0)
(2.03125 0.375 0)
(2.03125 0.421875 0)
(2.03125 0.46875 0)
(2.032679303255541 -0.19251878402955319 0)
(2.032679303255541 0.19251878402955319 0)
(2.0360426611644744 -0.21045669287719804 0)
(2.0360426611644744 0.21045669287719804 0)
(2.0394060190734078 -0.22839460172484288 0)
(2.0394060190734078 0.22839460172484288 0)
(2.0442828880413613 -0.25440456955392787 0)
(2.0442828880413613 0.25440456955392787 0)
(2.0499999999999998 -0.14687500000000001 0)
(2.0499999999999998 0.14687500000000001 0)
(2.0513543480448937 -0.29211902290610114 0)
(2.0513543480448937 0.29211902290610114 0)
(2.052211462420602 -0.15866946624321188 0)
(2.052211462420602 0.15866946624321188 0)
(2.0546875 -0.3046875 0)
(2.0546875 -0.29296875 0)
(2.0546875 -0.29149405691451868 0)
(2.0546875 0.29149405691451868 0)
(2.0546875 0.29296875 0)
(2.0546875 0.3046875 0)
(2.0547546442042948 -0.17223310242290552 0)
(2.0547546442042948 0.17223310242290552 0)
(2.0576793032555409 -0.18783128402955318 0)
(2.0576793032555409 0.18783128402955318 0)
(2.0610426611644743 -0.20576919287719803 0)
(2.0610426611644743 0.20576919287719803 0)
(2.0644060190734077 -0.22370710172484287 0)
(2.0644060190734077 0.22370710172484287 0)
(2.0692828880413612 -0.24971706955392786 0)
(2.0692828880413612 0.24971706955392786 0)
(2.0749999999999997 -0.14218749999999999 0)
(2.0749999999999997 0.14218749999999999 0)
(2.0763543480448936 -0.28743152290610113 0)
(2.0763543480448936 0.28743152290610113 0)
(2.077211462420602 -0.15398196624321187 0)
(2.077211462420602 0.15398196624321187 0)
(2.078125 -0.328125 0)
(2.078125 -0.3046875 0)
(2.078125 -0.29296875 0)
(2.078125 -0.28709952566451868 0)
(2.078125 0.28709952566451868 0)
(2.078125 0.29296875 0)
(2.078125 0.3046875 0)
(2.078125 0.328125 0)
(2.0797546442042947 -0.1675456024229055 0)
(2.0797546442042947 0.1675456024229055 0)
(2.0826793032555408 -0.18314378402955317 0)
(2.0826793032555408 0.18314378402955317 0)
(2.0860426611644742 -0.20108169287719801 0)
(2.0860426611644742 0.20108169287719801 0)
(2.0894060190734076 -0.21901960172484286 0)
(2.0894060190734076 0.21901960172484286 0)
(2.0942828880413611 -0.24502956955392785 0)
(2.0942828880413611 0.24502956955392785 0)
(2.0999999999999996 -0.13750000000000001 0)
(2.0999999999999996 0.13750000000000001 0)
(2.1013543480448935 -0.28274402290610112 0)
(2.1013543480448935 0.28274402290610112 0)
(2.1015625 -0.3046875 0)
(2.1015625 -0.29296875 0)
(2.1015625 -0.28270499441451868 0)
(2.1015625 0.28270499441451868 0)
(2.1015625 0.29296875 0)
(2.1015625 0.3046875 0)
(2.1022114624206019 -0.14929446624321188 0)
(2.1022114624206019 0.14929446624321188 0)
(2.1047546442042946 -0.16285810242290552 0)
(2.1047546442042946 0.16285810242290552 0)
(2.1076793032555408 -0.17845628402955321 0)
(2.1076793032555408 0.17845628402955321 0)
(2.1110426611644741 -0.19639419287719806 0)
(2.1110426611644741 0.19639419287719806 0)
(2.1144060190734075 -0.21433210172484291 0)
(2.1144060190734075 0.21433210172484291 0)
(2.119282888041361 -0.24034206955392792 0)
(2.119282888041361 0.24034206955392792 0)
(2.125 -0.75 0)
(2.125 -0.5625 0)
(2.125 -0.46875 0)
(2.125 -0.421875 0)
(2.125 -0.375 0)
(2.125 -0.328125 0)
(2.125 -0.3046875 0)
(2.125 -0.29296875 0)
(2.125 -0.28125 0)
(2.125 -0.27831046316451868 0)
(2.125 -0.1328125 0)
(2.125 0.1328125 0)
(2.125 0.27831046316451868 0)
(2.125 0.28125 0)
(2.125 0.29296875 0)
(2.125 0.3046875 0)
(2.125 0.328125 0)
(2.125 0.375 0)
(2.125 0.421875 0)
(2.125 0.46875 0)
(2.125 0.5625 0)
(2.125 0.75 0)
(2.1263543480448934 -0.27805652290610117 0)
(2.1263543480448934 0.27805652290610117 0)
(2.1272114624206022 -0.14460696624321187 0)
(2.1272114624206022 0.14460696624321187 0)
(2.1297546442042949 -0.15817060242290551 0)
(2.1297546442042949 0.15817060242290551 0)
(2.1326793032555411 -0.1737687840295532 0)
(2.1326793032555411 0.1737687840295532 0)
(2.1360426611644745 -0.19170669287719805 0)
(2.1360426611644745 0.19170669287719805 0)
(2.1394060190734079 -0.20964460172484289 0)
(2.1394060190734079 0.20964460172484289 0)
(2.1442828880413614 -0.23565456955392791 0)
(2.1442828880413614 0.23565456955392791 0)
(2.1484375 -0.28125 0)
(2.1484375 -0.27391593191451874 0)
(2.1484375 0.27391593191451874 0)
(2.1484375 0.28125 0)
(2.1499999999999999 -0.12812500000000002 0)
(2.1499999999999999 0.12812500000000002 0)
(2.1513543480448938 -0.27336902290610116 0)
(2.1513543480448938 0.27336902290610116 0)
(2.1522114624206021 -0.13991946624321189 0)
(2.1522114624206021 0.13991946624321189 0)
(2.1547546442042949 -0.15348310242290553 0)
(2.1547546442042949 0.15348310242290553 0)
(2.157679303255541 -0.16908128402955319 0)
(2.157679303255541 0.16908128402955319 0)
(2.1610426611644744 -0.18701919287719804 0)
(2.1610426611644744 0.18701919287719804 0)
(2.1644060190734078 -0.20495710172484288 0)
(2.1644060190734078 0.20495710172484288 0)
(2.1692828880413613 -0.23096706955392787 0)
(2.1692828880413613 0.23096706955392787 0)
(2.171875 -0.328125 0)
(2.171875 -0.3046875 0)
(2.171875 -0.28125 0)
(2.171875 -0.26953125 0)
(2.171875 -0.26952140066451874 0)
(2.171875 0.26952140066451874 0)
(2.171875 0.26953125 0)
(2.171875 0.28125 0)
(2.171875 0.3046875 0)
(2.171875 0.328125 0)
(2.1749999999999998 -0.12343750000000001 0)
(2.1749999999999998 0.12343750000000001 0)
(2.1763543480448937 -0.26868152290610114 0)
(2.1763543480448937 0.26868152290610114 0)
(2.177211462420602 -0.13523196624321188 0)
(2.177211462420602 0.13523196624321188 0)
(2.1797546442042948 -0.14879560242290552 0)
(2.1797546442042948 0.14879560242290552 0)
(2.1826793032555409 -0.16439378402955318 0)
(2.1826793032555409 0.16439378402955318 0)
(2.1860426611644743 -0.18233169287719803 0)
(2.1860426611644743 0.18233169287719803 0)
(2.1894060190734077 -0.20026960172484287 0)
(2.1894060190734077 0.20026960172484287 0)
(2.1942828880413612 -0.22627956955392786 0)
(2.1942828880413612 0.22627956955392786 0)
(2.1953125 -0.28125 0)
(2.1953125 -0.26953125 0)
(2.1953125 -0.26512686941451868 0)
(2.1953125 0.26512686941451868 0)
(2.1953125 0.26953125 0)
(2.1953125 0.28125 0)
(2.1999999999999997 -0.11875000000000001 0)
(2.1999999999999997 0.11875000000000001 0)
(2.2013543480448936 -0.26399402290610113 0)
(2.2013543480448936 0.26399402290610113 0)
(2.202211462420602 -0.13054446624321187 0)
(2.202211462420602 0.13054446624321187 0)
(2.2047546442042947 -0.1441081024229055 0)
(2.2047546442042947 0.1441081024229055 0)
(2.2076793032555408 -0.1597062840295532 0)
(2.2076793032555408 0.1597062840295532 0)
(2.2110426611644742 -0.17764419287719801 0)
(2.2110426611644742 0.17764419287719801 0)
(2.2144060190734076 -0.19558210172484286 0)
(2.2144060190734076 0.19558210172484286 0)
(2.21875 -0.375 0)
(2.21875 -0.328125 0)
(2.21875 -0.3046875 0)
(2.21875 -0.28125 0)
(2.21875 -0.26953125 0)
(2.21875 -0.26073233816451868 0)
(2.21875 0.26073233816451868 0)
(2.21875 0.26953125 0)
(2.21875 0.28125 0)
(2.21875 0.3046875 0)
(2.21875 0.328125 0)
(2.21875 0.375 0)
(2.2192828880413611 -0.22159206955392785 0)
(2.2192828880413611 0.22159206955392785 0)
(2.2249999999999996 -0.11406250000000001 0)
(2.2249999999999996 0.11406250000000001 0)
(2.2263543480448935 -0.25930652290610112 0)
(2.2263543480448935 0.25930652290610112 0)
(2.2272114624206019 -0.12585696624321188 0)
(2.2272114624206019 0.12585696624321188 0)
(2.2297546442042946 -0.13942060242290552 0)
(2.2297546442042946 0.13942060242290552 0)
(2.2326793032555408 -0.15501878402955321 0)
(2.2326793032555408 0.15501878402955321 0)
(2.2360426611644741 -0.17295669287719806 0)
(2.2360426611644741 0.17295669287719806 0)
(2.2394060190734075 -0.19089460172484291 0)
(2.2394060190734075 0.19089460172484291 0)
(2.2421875 -0.28125 0)
(2.2421875 -0.26953125 0)
(2.2421875 -0.2578125 0)
(2.2421875 -0.25633780691451868 0)
(2.2421875 0.25633780691451868 0)
(2.2421875 0.2578125 0)
(2.2421875 0.26953125 0)
(2.2421875 0.28125 0)
(2.244282888041361 -0.21690456955392792 0)
(2.244282888041361 0.21690456955392792 0)
(2.25 -0.109375 0)
(2.25 0.109375 0)
(2.2513543480448934 -0.25461902290610117 0)
(2.2513543480448934 0.25461902290610117 0)
(2.2522114624206022 -0.12116946624321187 0)
(2.2522114624206022 0.12116946624321187 0)
(2.2547546442042949 -0.13473310242290551 0)
(2.2547546442042949 0.13473310242290551 0)
(2.2576793032555411 -0.1503312840295532 0)
(2.2576793032555411 0.1503312840295532 0)
(2.2610426611644745 -0.16826919287719805 0)
(2.2610426611644745 0.16826919287719805 0)
(2.2644060190734079 -0.18620710172484289 0)
(2.2644060190734079 0.18620710172484289 0)
(2.265625 -0.328125 0)
(2.265625 -0.3046875 0)
(2.265625 -0.28125 0)
(2.265625 -0.26953125 0)
(2.265625 -0.2578125 0)
(2.265625 -0.25194327566451874 0)
(2.265625 0.25194327566451874 0)
(2.265625 0.2578125 0)
(2.265625 0.26953125 0)
(2.265625 0.28125 0)
(2.265625 0.3046875 0)
(2.265625 0.328125 0)
(2.2692828880413614 -0.21221706955392791 0)
(2.2692828880413614 0.21221706955392791 0)
(2.2749999999999999 -0.1046875 0)
(2.2749999999999999 0.1046875 0)
(2.2763543480448938 -0.24993152290610116 0)
(2.2763543480448938 0.24993152290610116 0)
(2.2772114624206021 -0.11648196624321186 0)
(2.2772114624206021 0.11648196624321186 0)
(2.2797546442042949 -0.1300456024229055 0)
(2.2797546442042949 0.1300456024229055 0)
(2.282679303255541 -0.14564378402955319 0)
(2.282679303255541 0.14564378402955319 0)
(2.2860426611644744 -0.16358169287719804 0)
(2.2860426611644744 0.16358169287719804 0)
(2.2890625 -0.2578125 0)
(2.2890625 -0.24754874441451871 0)
(2.2890625 0.24754874441451871 0)
(2.2890625 0.2578125 0)
(2.2894060190734078 -0.18151960172484288 0)
(2.2894060190734078 0.18151960172484288 0)
(2.2942828880413613 -0.2075295695539279 0)
(2.2942828880413613 0.2075295695539279 0)
(2.2999999999999998 -0.10000000000000001 0)
(2.2999999999999998 0.10000000000000001 0)
(2.3013543480448937 -0.24524402290610114 0)
(2.3013543480448937 0.24524402290610114 0)
(2.3020684118521397 -0.11182128822479852 0)
(2.3020684118521397 0.11182128822479852 0)
(2.3044470854821011 -0.1254157696833168 0)
(2.3044470854821011 0.1254157696833168 0)
(2.3071825601565563 -0.14104942336061285 0)
(2.3071825601565563 0.14104942336061285 0)
(2.3103283560321799 -0.15902812508950329 0)
(2.3103283560321799 0.15902812508950329 0)
(2.3125 -0.5625 0)
(2.3125 -0.46875 0)
(2.3125 -0.375 0)
(2.3125 -0.328125 0)
(2.3125 -0.3046875 0)
(2.3125 -0.28125 0)
(2.3125 -0.2578125 0)
(2.3125 -0.24609375 0)
(2.3125 -0.24315421316451874 0)
(2.3125 0.24315421316451874 0)
(2.3125 0.24609375 0)
(2.3125 0.2578125 0)
(2.3125 0.28125 0)
(2.3125 0.3046875 0)
(2.3125 0.328125 0)
(2.3125 0.375 0)
(2.3125 0.46875 0)
(2.3125 0.5625 0)
(2.3134741519078035 -0.17700682681839372 0)
(2.3134741519078035 0.17700682681839372 0)
(2.3180355559274575 -0.20307594432528486 0)
(2.3180355559274575 0.20307594432528486 0)
(2.3246495917559562 -0.24087616471027701 0)
(2.3246495917559562 0.24087616471027701 0)
(2.3249999999999997 -0.095937500000000009 0)
(2.3249999999999997 0.095937500000000009 0)
(2.3269247528325163 -0.10778213281548732 0)
(2.3269247528325163 0.10778213281548732 0)
(2.3291382185899105 -0.12140346055329773 0)
(2.3291382185899105 0.12140346055329773 0)
(2.331683704210914 -0.13706798745177973 0)
(2.331683704210914 0.13706798745177973 0)
(2.3346110126750679 -0.15508219338503398 0)
(2.3346110126750679 0.15508219338503398 0)
(2.3359375 -0.2578125 0)
(2.3359375 -0.24609375 0)
(2.3359375 -0.23904187962061987 0)
(2.3359375 0.23904187962061987 0)
(2.3359375 0.24609375 0)
(2.3359375 0.2578125 0)
(2.3375383211392218 -0.17309639931828824 0)
(2.3375383211392218 0.17309639931828824 0)
(2.3417829184122447 -0.19921699792150693 0)
(2.3417829184122447 0.19921699792150693 0)
(2.3479375844581281 -0.23709186589617404 0)
(2.3479375844581281 0.23709186589617404 0)
(2.3499999999999996 -0.091875000000000012 0)
(2.3499999999999996 0.091875000000000012 0)
(2.3519247528325162 -0.10371963281548732 0)
(2.3519247528325162 0.10371963281548732 0)
(2.3541382185899105 -0.11734096055329775 0)
(2.3541382185899105 0.11734096055329775 0)
(2.3566837042109139 -0.13300548745177973 0)
(2.3566837042109139 0.13300548745177973 0)
(2.359375 -0.28125 0)
(2.359375 -0.2578125 0)
(2.359375 -0.24609375 0)
(2.359375 -0.23523328587061984 0)
(2.359375 0.23523328587061984 0)
(2.359375 0.24609375 0)
(2.359375 0.2578125 0)
(2.359375 0.28125 0)
(2.3596110126750678 -0.15101969338503399 0)
(2.3596110126750678 0.15101969338503399 0)
(2.3625383211392217 -0.16903389931828827 0)
(2.3625383211392217 0.16903389931828827 0)
(2.3667829184122446 -0.19515449792150696 0)
(2.3667829184122446 0.19515449792150696 0)
(2.372937584458128 -0.23302936589617404 0)
(2.372937584458128 0.23302936589617404 0)
(2.375 -0.087812500000000002 0)
(2.375 0.087812500000000002 0)
(2.3769247528325166 -0.099657132815487326 0)
(2.3769247528325166 0.099657132815487326 0)
(2.3791382185899108 -0.11327846055329774 0)
(2.3791382185899108 0.11327846055329774 0)
(2.3816837042109142 -0.12894298745177971 0)
(2.3816837042109142 0.12894298745177971 0)
(2.3828125 -0.2578125 0)
(2.3828125 -0.24609375 0)
(2.3828125 -0.234375 0)
(2.3828125 -0.23142469212061986 0)
(2.3828125 0.23142469212061986 0)
(2.3828125 0.234375 0)
(2.3828125 0.24609375 0)
(2.3828125 0.2578125 0)
(2.3846110126750681 -0.14695719338503399 0)
(2.3846110126750681 0.14695719338503399 0)
(2.387538321139222 -0.16497139931828825 0)
(2.387538321139222 0.16497139931828825 0)
(2.391782918412245 -0.19109199792150694 0)
(2.391782918412245 0.19109199792150694 0)
(2.3979375844581283 -0.22896686589617404 0)
(2.3979375844581283 0.22896686589617404 0)
(2.3999999999999999 -0.083750000000000005 0)
(2.3999999999999999 0.083750000000000005 0)
(2.4019247528325165 -0.095594632815487315 0)
(2.4019247528325165 0.095594632815487315 0)
(2.4041382185899107 -0.10921596055329773 0)
(2.4041382185899107 0.10921596055329773 0)
(2.40625 -0.375 0)
(2.40625 -0.328125 0)
(2.40625 -0.28125 0)
(2.40625 -0.2578125 0)
(2.40625 -0.24609375 0)
(2.40625 -0.234375 0)
(2.40625 -0.22761609837061988 0)
(2.40625 0.22761609837061988 0)
(2.40625 0.234375 0)
(2.40625 0.24609375 0)
(2.40625 0.2578125 0)
(2.40625 0.28125 0)
(2.40625 0.328125 0)
(2.40625 0.375 0)
(2.4066837042109142 -0.12488048745177971 0)
(2.4066837042109142 0.12488048745177971 0)
(2.4096110126750681 -0.14289469338503397 0)
(2.4096110126750681 0.14289469338503397 0)
(2.412538321139222 -0.16090889931828822 0)
(2.412538321139222 0.16090889931828822 0)
(2.4167829184122449 -0.18702949792150692 0)
(2.4167829184122449 0.18702949792150692 0)
(2.4229375844581282 -0.22490436589617402 0)
(2.4229375844581282 0.22490436589617402 0)
(2.4249999999999998 -0.079687500000000008 0)
(2.4249999999999998 0.079687500000000008 0)
(2.4269247528325164 -0.091532132815487333 0)
(2.4269247528325164 0.091532132815487333 0)
(2.4291382185899106 -0.10515346055329775 0)
(2.4291382185899106 0.10515346055329775 0)
(2.4296875 -0.234375 0)
(2.4296875 -0.22380750462061985 0)
(2.4296875 0.22380750462061985 0)
(2.4296875 0.234375 0)
(2.4316837042109141 -0.12081798745177971 0)
(2.4316837042109141 0.12081798745177971 0)
(2.434611012675068 -0.138832193385034 0)
(2.434611012675068 0.138832193385034 0)
(2.4375383211392219 -0.15684639931828825 0)
(2.4375383211392219 0.15684639931828825 0)
(2.4417829184122448 -0.18296699792150695 0)
(2.4417829184122448 0.18296699792150695 0)
(2.4479375844581281 -0.22084186589617405 0)
(2.4479375844581281 0.22084186589617405 0)
(2.4500000000000002 -0.075624999999999998 0)
(2.4500000000000002 0.075624999999999998 0)
(2.4519247528325168 -0.087469632815487308 0)
(2.4519247528325168 0.087469632815487308 0)
(2.453125 -0.28125 0)
(2.453125 -0.2578125 0)
(2.453125 -0.234375 0)
(2.453125 -0.22265625 0)
(2.453125 -0.21999891087061987 0)
(2.453125 0.21999891087061987 0)
(2.453125 0.22265625 0)
(2.453125 0.234375 0)
(2.453125 0.2578125 0)
(2.453125 0.28125 0)
(2.454138218589911 -0.10109096055329773 0)
(2.454138218589911 0.10109096055329773 0)
(2.4566837042109144 -0.11675548745177972 0)
(2.4566837042109144 0.11675548745177972 0)
(2.4596110126750683 -0.13476969338503397 0)
(2.4596110126750683 0.13476969338503397 0)
(2.4625383211392222 -0.15278389931828823 0)
(2.4625383211392222 0.15278389931828823 0)
(2.4667829184122452 -0.17890449792150692 0)
(2.4667829184122452 0.17890449792150692 0)
(2.4729375844581285 -0.21677936589617403 0)
(2.4729375844581285 0.21677936589617403 0)
(2.4750000000000001 -0.071562500000000001 0)
(2.4750000000000001 0.071562500000000001 0)
(2.4765625 -0.234375 0)
(2.4765625 -0.22265625 0)
(2.4765625 -0.2161903171206199 0)
(2.4765625 0.2161903171206199 0)
(2.4765625 0.22265625 0)
(2.4765625 0.234375 0)
(2.4769247528325167 -0.083407132815487312 0)
(2.4769247528325167 0.083407132815487312 0)
(2.4791382185899109 -0.097028460553297724 0)
(2.4791382185899109 0.097028460553297724 0)
(2.4816837042109143 -0.11269298745177971 0)
(2.4816837042109143 0.11269298745177971 0)
(2.4846110126750682 -0.13070719338503398 0)
(2.4846110126750682 0.13070719338503398 0)
(2.4875383211392221 -0.14872139931828823 0)
(2.4875383211392221 0.14872139931828823 0)
(2.4917829184122451 -0.17484199792150693 0)
(2.4917829184122451 0.17484199792150693 0)
(2.4979375844581284 -0.212716865896174 0)
(2.4979375844581284 0.212716865896174 0)
(2.5 -1.5 0)
(2.5 -1.125 0)
(2.5 -0.75 0)
(2.5 -0.5625 0)
(2.5 -0.46875 0)
(2.5 -0.375 0)
(2.5 -0.328125 0)
(2.5 -0.28125 0)
(2.5 -0.2578125 0)
(2.5 -0.234375 0)
(2.5 -0.22265625 0)
(2.5 -0.21238172337061986 0)
(2.5 -0.067500000000000004 0)
(2.5 0.067500000000000004 0)
(2.5 0.21238172337061986 0)
(2.5 0.22265625 0)
(2.5 0.234375 0)
(2.5 0.2578125 0)
(2.5 0.28125 0)
(2.5 0.328125 0)
(2.5 0.375 0)
(2.5 0.46875 0)
(2.5 0.5625 0)
(2.5 0.75 0)
(2.5 1.125 0)
(2.5 1.5 0)
(2.5019247528325166 -0.079344632815487315 0)
(2.5019247528325166 0.079344632815487315 0)
(2.5041382185899108 -0.092965960553297727 0)
(2.5041382185899108 0.092965960553297727 0)
(2.5066837042109142 -0.10863048745177971 0)
(2.5066837042109142 0.10863048745177971 0)
(2.5096110126750681 -0.12664469338503398 0)
(2.5096110126750681 0.12664469338503398 0)
(2.512538321139222 -0.14465889931828824 0)
(2.512538321139222 0.14465889931828824 0)
(2.516782918412245 -0.17077949792150693 0)
(2.516782918412245 0.17077949792150693 0)
(2.5229375844581283 -0.20865436589617403 0)
(2.5229375844581283 0.20865436589617403 0)
(2.5234375 -0.234375 0)
(2.5234375 -0.22265625 0)
(2.5234375 -0.2109375 0)
(2.5234375 -0.20857312962061988 0)
(2.5234375 0.20857312962061988 0)
(2.5234375 0.2109375 0)
(2.5234375 0.22265625 0)
(2.5234375 0.234375 0)
(2.5249999999999999 -0.063437500000000008 0)
(2.5249999999999999 0.063437500000000008 0)
(2.5269247528325165 -0.075282132815487318 0)
(2.5269247528325165 0.075282132815487318 0)
(2.5291382185899107 -0.088903460553297731 0)
(2.5291382185899107 0.088903460553297731 0)
(2.5316837042109142 -0.10456798745177971 0)
(2.5316837042109142 0.10456798745177971 0)
(2.5346110126750681 -0.12258219338503398 0)
(2.5346110126750681 0.12258219338503398 0)
(2.537538321139222 -0.14059639931828824 0)
(2.537538321139222 0.14059639931828824 0)
(2.5417829184122449 -0.16671699792150693 0)
(2.5417829184122449 0.16671699792150693 0)
(2.546875 -0.28125 0)
(2.546875 -0.2578125 0)
(2.546875 -0.234375 0)
(2.546875 -0.22265625 0)
(2.546875 -0.2109375 0)
(2.546875 -0.20476453587061985 0)
(2.546875 0.20476453587061985 0)
(2.546875 0.2109375 0)
(2.546875 0.22265625 0)
(2.546875 0.234375 0)
(2.546875 0.2578125 0)
(2.546875 0.28125 0)
(2.5479375844581282 -0.20459186589617401 0)
(2.5479375844581282 0.20459186589617401 0)
(2.5499999999999998 -0.059375000000000004 0)
(2.5499999999999998 0.059375000000000004 0)
(2.5519247528325164 -0.071219632815487321 0)
(2.5519247528325164 0.071219632815487321 0)
(2.5541382185899106 -0.084840960553297734 0)
(2.5541382185899106 0.084840960553297734 0)
(2.5566837042109141 -0.10050548745177973 0)
(2.5566837042109141 0.10050548745177973 0)
(2.559611012675068 -0.11851969338503399 0)
(2.559611012675068 0.11851969338503399 0)
(2.5625383211392219 -0.13653389931828824 0)
(2.5625383211392219 0.13653389931828824 0)
(2.5667829184122448 -0.16265449792150694 0)
(2.5667829184122448 0.16265449792150694 0)
(2.5703125 -0.2109375 0)
(2.5703125 -0.20095594212061987 0)
(2.5703125 0.20095594212061987 0)
(2.5703125 0.2109375 0)
(2.5729375844581281 -0.20052936589617404 0)
(2.5729375844581281 0.20052936589617404 0)
(2.5750000000000002 -0.055312500000000001 0)
(2.5750000000000002 0.055312500000000001 0)
(2.5769247528325168 -0.067157132815487325 0)
(2.5769247528325168 0.067157132815487325 0)
(2.579138218589911 -0.080778460553297737 0)
(2.579138218589911 0.080778460553297737 0)
(2.5816837042109144 -0.096442987451779719 0)
(2.5816837042109144 0.096442987451779719 0)
(2.5846110126750683 -0.11445719338503399 0)
(2.5846110126750683 0.11445719338503399 0)
(2.5875383211392222 -0.13247139931828825 0)
(2.5875383211392222 0.13247139931828825 0)
(2.5917829184122452 -0.15859199792150694 0)
(2.5917829184122452 0.15859199792150694 0)
(2.59375 -0.375 0)
(2.59375 -0.328125 0)
(2.59375 -0.28125 0)
(2.59375 -0.2578125 0)
(2.59375 -0.234375 0)
(2.59375 -0.2109375 0)
(2.59375 -0.19921875 0)
(2.59375 -0.1971473483706199 0)
(2.59375 0.1971473483706199 0)
(2.59375 0.19921875 0)
(2.59375 0.2109375 0)
(2.59375 0.234375 0)
(2.59375 0.2578125 0)
(2.59375 0.28125 0)
(2.59375 0.328125 0)
(2.59375 0.375 0)
(2.5979375844581285 -0.19646686589617401 0)
(2.5979375844581285 0.19646686589617401 0)
(2.6000000000000001 -0.051250000000000004 0)
(2.6000000000000001 0.051250000000000004 0)
(2.6019247528325167 -0.063094632815487314 0)
(2.6019247528325167 0.063094632815487314 0)
(2.6041382185899109 -0.076715960553297727 0)
(2.6041382185899109 0.076715960553297727 0)
(2.6066837042109143 -0.092380487451779708 0)
(2.6066837042109143 0.092380487451779708 0)
(2.6096110126750682 -0.11039469338503397 0)
(2.6096110126750682 0.11039469338503397 0)
(2.6125383211392221 -0.12840889931828822 0)
(2.6125383211392221 0.12840889931828822 0)
(2.6167829184122451 -0.15452949792150691 0)
(2.6167829184122451 0.15452949792150691 0)
(2.6171875 -0.2109375 0)
(2.6171875 -0.19921875 0)
(2.6171875 -0.19333875462061986 0)
(2.6171875 0.19333875462061986 0)
(2.6171875 0.19921875 0)
(2.6171875 0.2109375 0)
(2.6229375844581284 -0.19240436589617399 0)
(2.6229375844581284 0.19240436589617399 0)
(2.625 -0.047187500000000007 0)
(2.625 0.047187500000000007 0)
(2.6269247528325166 -0.059032132815487325 0)
(2.6269247528325166 0.059032132815487325 0)
(2.6291382185899108 -0.072653460553297744 0)
(2.6291382185899108 0.072653460553297744 0)
(2.6316837042109142 -0.088317987451779725 0)
(2.6316837042109142 0.088317987451779725 0)
(2.6346110126750681 -0.106332193385034 0)
(2.6346110126750681 0.106332193385034 0)
(2.637538321139222 -0.12434639931828827 0)
(2.637538321139222 0.12434639931828827 0)
(2.640625 -0.234375 0)
(2.640625 -0.2109375 0)
(2.640625 -0.19921875 0)
(2.640625 -0.18953016087061991 0)
(2.640625 0.18953016087061991 0)
(2.640625 0.19921875 0)
(2.640625 0.2109375 0)
(2.640625 0.234375 0)
(2.641782918412245 -0.15046699792150697 0)
(2.641782918412245 0.15046699792150697 0)
(2.6479375844581283 -0.18834186589617408 0)
(2.6479375844581283 0.18834186589617408 0)
(2.6500000000000004 -0.043125000000000004 0)
(2.6500000000000004 0.043125000000000004 0)
(2.6519247528325169 -0.054969632815487321 0)
(2.6519247528325169 0.054969632815487321 0)
(2.6541382185899112 -0.068590960553297747 0)
(2.6541382185899112 0.068590960553297747 0)
(2.6566837042109146 -0.084255487451779715 0)
(2.6566837042109146 0.084255487451779715 0)
(2.6596110126750685 -0.102269693385034 0)
(2.6596110126750685 0.102269693385034 0)
(2.6625383211392224 -0.12028389931828827 0)
(2.6625383211392224 0.12028389931828827 0)
(2.6640625 -0.2109375 0)
(2.6640625 -0.19921875 0)
(2.6640625 -0.1875 0)
(2.6640625 -0.18572156712061996 0)
(2.6640625 0.18572156712061996 0)
(2.6640625 0.1875 0)
(2.6640625 0.19921875 0)
(2.6640625 0.2109375 0)
(2.6667829184122454 -0.14640449792150695 0)
(2.6667829184122454 0.14640449792150695 0)
(2.6729375844581287 -0.18427936589617405 0)
(2.6729375844581287 0.18427936589617405 0)
(2.6750000000000003 -0.0390625 0)
(2.6750000000000003 0.0390625 0)
(2.6769247528325169 -0.050907132815487317 0)
(2.6769247528325169 0.050907132815487317 0)
(2.6791382185899111 -0.064528460553297723 0)
(2.6791382185899111 0.064528460553297723 0)
(2.6816837042109145 -0.080192987451779704 0)
(2.6816837042109145 0.080192987451779704 0)
(2.6846110126750684 -0.098207193385033975 0)
(2.6846110126750684 0.098207193385033975 0)
(2.6875 -0.5625 0)
(2.6875 -0.46875 0)
(2.6875 -0.375 0)
(2.6875 -0.328125 0)
(2.6875 -0.28125 0)
(2.6875 -0.234375 0)
(2.6875 -0.2109375 0)
(2.6875 -0.19921875 0)
(2.6875 -0.1875 0)
(2.6875 -0.18191297337061996 0)
(2.6875 0.18191297337061996 0)
(2.6875 0.1875 0)
(2.6875 0.19921875 0)
(2.6875 0.2109375 0)
(2.6875 0.234375 0)
(2.6875 0.28125 0)
(2.6875 0.328125 0)
(2.6875 0.375 0)
(2.6875 0.46875 0)
(2.6875 0.5625 0)
(2.6875383211392223 -0.11622139931828823 0)
(2.6875383211392223 0.11622139931828823 0)
(2.6917829184122453 -0.14234199792150692 0)
(2.6917829184122453 0.14234199792150692 0)
(2.697937584458129 -0.18021686589617397 0)
(2.697937584458129 0.18021686589617397 0)
(2.7000000000000002 -0.035000000000000003 0)
(2.7000000000000002 0.035000000000000003 0)
(2.7016584982328755 -0.046887899187929065 0)
(2.7016584982328755 0.046887899187929065 0)
(2.7035657712006818 -0.060558983254047481 0)
(2.7035657712006818 0.060558983254047481 0)
(2.7057591351136594 -0.076280729930083668 0)
(2.7057591351136594 0.076280729930083668 0)
(2.7082815036135832 -0.094360738607525266 0)
(2.7082815036135832 0.094360738607525266 0)
(2.7108038721135075 -0.11244074728496686 0)
(2.7108038721135075 0.11244074728496686 0)
(2.7109375 -0.1875 0)
(2.7109375 -0.17810437962061992 0)
(2.7109375 0.17810437962061992 0)
(2.7109375 0.1875 0)
(2.7144613064383973 -0.13865675986725717 0)
(2.7144613064383973 0.13865675986725717 0)
(2.7197645862094877 -0.17666997811157814 0)
(2.7197645862094877 0.17666997811157814 0)
(2.734375 -0.234375 0)
(2.734375 -0.2109375 0)
(2.734375 -0.1875 0)
(2.734375 -0.17578125 0)
(2.734375 -0.17496542983601837 0)
(2.734375 0.17496542983601837 0)
(2.734375 0.17578125 0)
(2.734375 0.1875 0)
(2.734375 0.2109375 0)
(2.734375 0.234375 0)
(2.7375000000000003 -0.030625000000000003 0)
(2.7375000000000003 0.030625000000000003 0)
(2.7388905683947224 -0.042544157669046921 0)
(2.7388905683947224 0.042544157669046921 0)
(2.740489722048653 -0.05625118898845087 0)
(2.740489722048653 0.05625118898845087 0)
(2.7423287487506727 -0.072014275005765419 0)
(2.7423287487506727 0.072014275005765419 0)
(2.7444436294579959 -0.090141823925677142 0)
(2.7444436294579959 0.090141823925677142 0)
(2.7465585101653192 -0.10826937284558887 0)
(2.7465585101653192 0.10826937284558887 0)
(2.7496250871909371 -0.13455431877946086 0)
(2.7496250871909371 0.13455431877946086 0)
(2.7503333333333333 -0.140625 0)
(2.7503333333333333 0.140625 0)
(2.7517005208333334 -0.15234375 0)
(2.7517005208333334 0.15234375 0)
(2.7530677083333335 -0.1640625 0)
(2.7530677083333335 0.1640625 0)
(2.754071623878084 -0.17266749038357526 0)
(2.754071623878084 0.17266749038357526 0)
(2.7578125 -0.1875 0)
(2.7578125 -0.17578125 0)
(2.7578125 -0.1640625 0)
(2.7578125 -0.15234375 0)
(2.7578125 -0.140625 0)
(2.7578125 -0.13359912061840354 0)
(2.7578125 0.13359912061840354 0)
(2.7578125 0.140625 0)
(2.7578125 0.15234375 0)
(2.7578125 0.1640625 0)
(2.7578125 0.17578125 0)
(2.7578125 0.1875 0)
(2.7750000000000004 -0.026250000000000002 0)
(2.7750000000000004 0.026250000000000002 0)
(2.7763905683947225 -0.038169157669046924 0)
(2.7763905683947225 0.038169157669046924 0)
(2.7779897220486531 -0.051876188988450873 0)
(2.7779897220486531 0.051876188988450873 0)
(2.7798287487506732 -0.067639275005765415 0)
(2.7798287487506732 0.067639275005765415 0)
(2.78125 -0.28125 0)
(2.78125 -0.234375 0)
(2.78125 -0.2109375 0)
(2.78125 -0.1875 0)
(2.78125 -0.17578125 0)
(2.78125 -0.1640625 0)
(2.78125 -0.15234375 0)
(2.78125 -0.140625 0)
(2.78125 -0.13086474561840358 0)
(2.78125 0.13086474561840358 0)
(2.78125 0.140625 0)
(2.78125 0.15234375 0)
(2.78125 0.1640625 0)
(2.78125 0.17578125 0)
(2.78125 0.1875 0)
(2.78125 0.2109375 0)
(2.78125 0.234375 0)
(2.78125 0.28125 0)
(2.781943629457996 -0.085766823925677138 0)
(2.781943629457996 0.085766823925677138 0)
(2.7840585101653192 -0.10389437284558886 0)
(2.7840585101653192 0.10389437284558886 0)
(2.7842421875000007 -0.10546875 0)
(2.7842421875000007 0.10546875 0)
(2.7856093750000004 -0.1171875 0)
(2.7856093750000004 0.1171875 0)
(2.7869765625000005 -0.12890625 0)
(2.7869765625000005 0.12890625 0)
(2.7871250871909377 -0.13017931877946087 0)
(2.7871250871909377 0.13017931877946087 0)
(2.8046875 -0.140625 0)
(2.8046875 -0.12890625 0)
(2.8046875 -0.1171875 0)
(2.8046875 -0.10546875 0)
(2.8046875 -0.10148765736487608 0)
(2.8046875 0.10148765736487608 0)
(2.8046875 0.10546875 0)
(2.8046875 0.1171875 0)
(2.8046875 0.12890625 0)
(2.8046875 0.140625 0)
(2.8125 -0.021875000000000002 0)
(2.8125 0.021875000000000002 0)
(2.8138905683947222 -0.03379415766904692 0)
(2.8138905683947222 0.03379415766904692 0)
(2.8154897220486528 -0.047501188988450876 0)
(2.8154897220486528 0.047501188988450876 0)
(2.8173287487506729 -0.063264275005765425 0)
(2.8173287487506729 0.063264275005765425 0)
(2.8194436294579956 -0.081391823925677148 0)
(2.8194436294579956 0.081391823925677148 0)
(2.8208854166666666 -0.09375 0)
(2.8208854166666666 0.09375 0)
(2.8215585101653189 -0.099519372845588872 0)
(2.8215585101653189 0.099519372845588872 0)
(2.828125 -0.1875 0)
(2.828125 -0.1640625 0)
(2.828125 -0.140625 0)
(2.828125 -0.12890625 0)
(2.828125 -0.1171875 0)
(2.828125 -0.10546875 0)
(2.828125 -0.09375 0)
(2.828125 -0.08203125 0)
(2.828125 -0.080378997362443305 0)
(2.828125 0.080378997362443305 0)
(2.828125 0.08203125 0)
(2.828125 0.09375 0)
(2.828125 0.10546875 0)
(2.828125 0.1171875 0)
(2.828125 0.12890625 0)
(2.828125 0.140625 0)
(2.828125 0.1640625 0)
(2.828125 0.1875 0)
(2.8500000000000001 -0.017500000000000002 0)
(2.8500000000000001 0.017500000000000002 0)
(2.8513905683947223 -0.02941915766904692 0)
(2.8513905683947223 0.02941915766904692 0)
(2.8515625 -0.09375 0)
(2.8515625 -0.08203125 0)
(2.8515625 -0.077644622362443308 0)
(2.8515625 0.077644622362443308 0)
(2.8515625 0.08203125 0)
(2.8515625 0.09375 0)
(2.8529897220486529 -0.043126188988450873 0)
(2.8529897220486529 0.043126188988450873 0)
(2.8548287487506725 -0.058889275005765421 0)
(2.8548287487506725 0.058889275005765421 0)
(2.8561614583333332 -0.0703125 0)
(2.8561614583333332 0.0703125 0)
(2.8569436294579957 -0.077016823925677144 0)
(2.8569436294579957 0.077016823925677144 0)
(2.875 -0.75 0)
(2.875 -0.5625 0)
(2.875 -0.46875 0)
(2.875 -0.375 0)
(2.875 -0.28125 0)
(2.875 -0.234375 0)
(2.875 -0.1875 0)
(2.875 -0.1640625 0)
(2.875 -0.140625 0)
(2.875 -0.1171875 0)
(2.875 -0.09375 0)
(2.875 -0.08203125 0)
(2.875 -0.0703125 0)
(2.875 -0.05859375 0)
(2.875 -0.056535962360010579 0)
(2.875 0.056535962360010579 0)
(2.875 0.05859375 0)
(2.875 0.0703125 0)
(2.875 0.08203125 0)
(2.875 0.09375 0)
(2.875 0.1171875 0)
(2.875 0.140625 0)
(2.875 0.1640625 0)
(2.875 0.1875 0)
(2.875 0.234375 0)
(2.875 0.28125 0)
(2.875 0.375 0)
(2.875 0.46875 0)
(2.875 0.5625 0)
(2.875 0.75 0)
(2.8875000000000002 -0.013125000000000001 0)
(2.8875000000000002 0.013125000000000001 0)
(2.8888905683947224 -0.025044157669046919 0)
(2.8888905683947224 0.025044157669046919 0)
(2.890489722048653 -0.038751188988450869 0)
(2.890489722048653 0.038751188988450869 0)
(2.8914375000000003 -0.046875 0)
(2.8914375000000003 0.046875 0)
(2.892328748750673 -0.054514275005765417 0)
(2.892328748750673 0.054514275005765417 0)
(2.8984375 -0.0703125 0)
(2.8984375 -0.05859375 0)
(2.8984375 -0.046875 0)
(2.8984375 -0.037823948227460373 0)
(2.8984375 0.037823948227460373 0)
(2.8984375 0.046875 0)
(2.8984375 0.05859375 0)
(2.8984375 0.0703125 0)
(2.921875 -0.09375 0)
(2.921875 -0.0703125 0)
(2.921875 -0.05859375 0)
(2.921875 -0.046875 0)
(2.921875 -0.03515625 0)
(2.921875 -0.035089573227460348 0)
(2.921875 0.035089573227460348 0)
(2.921875 0.03515625 0)
(2.921875 0.046875 0)
(2.921875 0.05859375 0)
(2.921875 0.0703125 0)
(2.921875 0.09375 0)
(2.9249999999999998 -0.0087500000000000008 0)
(2.9249999999999998 0.0087500000000000008 0)
(2.926390568394722 -0.020669157669046919 0)
(2.926390568394722 0.020669157669046919 0)
(2.9267135416666665 -0.0234375 0)
(2.9267135416666665 0.0234375 0)
(2.9279897220486526 -0.034376188988450872 0)
(2.9279897220486526 0.034376188988450872 0)
(2.9453125 -0.046875 0)
(2.9453125 -0.03515625 0)
(2.9453125 -0.0234375 0)
(2.9453125 -0.018461598981764492 0)
(2.9453125 0.018461598981764492 0)
(2.9453125 0.0234375 0)
(2.9453125 0.03515625 0)
(2.9453125 0.046875 0)
(2.9624999999999999 -0.0043750000000000004 0)
(2.9624999999999999 0.0043750000000000004 0)
(2.9633567708333333 -0.01171875 0)
(2.9633567708333333 0.01171875 0)
(2.9638905683947221 -0.016294157669046919 0)
(2.9638905683947221 0.016294157669046919 0)
(2.96875 -0.1875 0)
(2.96875 -0.140625 0)
(2.96875 -0.09375 0)
(2.96875 -0.0703125 0)
(2.96875 -0.046875 0)
(2.96875 -0.03515625 0)
(2.96875 -0.0234375 0)
(2.96875 -0.01171875 0)
(2.96875 -0.0036458333333333252 0)
(2.96875 0.0036458333333333252 0)
(2.96875 0.01171875 0)
(2.96875 0.0234375 0)
(2.96875 0.03515625 0)
(2.96875 0.046875 0)
(2.96875 0.0703125 0)
(2.96875 0.09375 0)
(2.96875 0.140625 0)
(2.96875 0.1875 0)
(2.9921875 -0.0234375 0)
(2.9921875 -0.01171875 0)
(2.9921875 -0.00091145833333333118 0)
(2.9921875 0.00091145833333333129 0)
(2.9921875 0.01171875 0)
(2.9921875 0.0234375 0)
(3 0 0)
(3.015625 -0.046875 0)
(3.015625 -0.0234375 0)
(3.015625 -0.01171875 0)
(3.015625 0 0)
(3.015625 0.01171875 0)
(3.015625 0.0234375 0)
(3.015625 0.046875 0)
(3.0625 -0.375 0)
(3.0625 -0.28125 0)
(3.0625 -0.1875 0)
(3.0625 -0.140625 0)
(3.0625 -0.09375 0)
(3.0625 -0.046875 0)
(3.0625 -0.0234375 0)
(3.0625 0 0)
(3.0625 0.0234375 0)
(3.0625 0.046875 0)
(3.0625 0.09375 0)
(3.0625 0.140625 0)
(3.0625 0.1875 0)
(3.0625 0.28125 0)
(3.0625 0.375 0)
(3.15625 -0.09375 0)
(3.15625 -0.046875 0)
(3.15625 0 0)
(3.15625 0.046875 0)
(3.15625 0.09375 0)
(3.25 -1.5 0)
(3.25 -1.125 0)
(3.25 -0.75 0)
(3.25 -0.5625 0)
(3.25 -0.375 0)
(3.25 -0.28125 0)
(3.25 -0.1875 0)
(3.25 -0.09375 0)
(3.25 -0.046875 0)
(3.25 0 0)
(3.25 0.046875 0)
(3.25 0.09375 0)
(3.25 0.1875 0)
(3.25 0.28125 0)
(3.25 0.375 0)
(3.25 0.5625 0)
(3.25 0.75 0)
(3.25 1.125 0)
(3.25 1.5 0)
(3.4375 -0.1875 0)
(3.4375 -0.09375 0)
(3.4375 0 0)
(3.4375 0.09375 0)
(3.4375 0.1875 0)
(3.625 -0.375 0)
(3.625 -0.1875 0)
(3.625 -0.09375 0)
(3.625 0 0)
(3.625 0.09375 0)
(3.625 0.1875 0)
(3.625 0.375 0)
(4 -1.5 0)
(4 -1.125 0)
(4 -0.75 0)
(4 -0.375 0)
(4 -0.1875 0)
(4 0 0)
(4 0.1875 0)
(4 0.375 0)
(4 0.75 0)
(4 1.125 0)
(4 1.5 0)
(-2 -1.5 0.01)
(-2 -1.125 0.01)
(-2 -0.75 0.01)
(-2 -0.5625 0.01)
(-2 -0.375 0.01)
(-2 -0.1875 0.01)
(-2 0 0.01)
(-2 0.1875 0.01)
(-2 0.375 0.01)
(-2 0.5625 0.01)
(-2 0.75 0.01)
(-2 1.125 0.01)
(-2 1.5 0.01)
(-1.625 -0.75 0.01)
(-1.625 -0.5625 0.01)
(-1.625 -0.375 0.01)
(-1.625 -0.28125 0.01)
(-1.625 -0.1875 0.01)
(-1.625 -0.09375 0.01)
(-1.625 0 0.01)
(-1.625 0.09375 0.01)
(-1.625 0.1875 0.01)
(-1.625 0.28125 0.01)
(-1.625 0.375 0.01)
(-1.625 0.5625 0.01)
(-1.625 0.75 0.01)
(-1.4375 -0.375 0.01)
(-1.4375 -0.28125 0.01)
(-1.4375 -0.1875 0.01)
(-1.4375 -0.09375 0.01)
(-1.4375 0 0.01)
(-1.4375 0.09375 0.01)
(-1.4375 0.1875 0.01)
(-1.4375 0.28125 0.01)
(-1.4375 0.375 0.01)
(-1.25 -1.5 0.01)
(-1.25 -1.125 0.01)
(-1.25 -0.9375 0.01)
(-1.25 -0.75 0.01)
(-1.25 -0.5625 0.01)
(-1.25 -0.46875 0.01)
(-1.25 -0.375 0.01)
(-1.25 -0.28125 0.01)
(-1.25 -0.234375 0.01)
(-1.25 -0.1875 0.01)
(-1.25 -0.140625 0.01)
(-1.25 -0.09375 0.01)
(-1.25 -0.046875 0.01)
(-1.25 0 0.01)
(-1.25 0.046875 0.01)
(-1.25 0.09375 0.01)
(-1.25 0.140625 0.01)
(-1.25 0.1875 0.01)
(-1.25 0.234375 0.01)
(-1.25 0.28125 0.01)
(-1.25 0.375 0.01)
(-1.25 0.46875 0.01)
(-1.25 0.5625 0.01)
(-1.25 0.75 0.01)
(-1.25 0.9375 0.01)
(-1.25 1.125 0.01)
(-1.25 1.5 0.01)
(-1.15625 -0.28125 0.01)
(-1.15625 -0.234375 0.01)
(-1.15625 -0.1875 0.01)
(-1.15625 -0.140625 0.01)
(-1.15625 -0.09375 0.01)
(-1.15625 -0.046875 0.01)
(-1.15625 -0.0234375 0.01)
(-1.15625 0 0.01)
(-1.15625 0.0234375 0.01)
(-1.15625 0.046875 0.01)
(-1.15625 0.09375 0.01)
(-1.15625 0.140625 0.01)
(-1.15625 0.1875 0.01)
(-1.15625 0.234375 0.01)
(-1.15625 0.28125 0.01)
(-1.109375 -0.046875 0.01)
(-1.109375 -0.0234375 0.01)
(-1.109375 0 0.01)
(-1.109375 0.0234375 0.01)
(-1.109375 0.046875 0.01)
(-1.0625 -0.5625 0.01)
(-1.0625 -0.46875 0.01)
(-1.0625 -0.421875 0.01)
(-1.0625 -0.375 0.01)
(-1.0625 -0.328125 0.01)
(-1.0625 -0.28125 0.01)
(-1.0625 -0.234375 0.01)
(-1.0625 -0.2109375 0.01)
(-1.0625 -0.1875 0.01)
(-1.0625 -0.1640625 0.01)
(-1.0625 -0.140625 0.01)
(-1.0625 -0.1171875 0.01)
(-1.0625 -0.09375 0.01)
(-1.0625 -0.0703125 0.01)
(-1.0625 -0.046875 0.01)
(-1.0625 -0.0234375 0.01)
(-1.0625 -0.01171875 0.01)
(-1.0625 0 0.01)
(-1.0625 0.01171875 0.01)
(-1.0625 0.0234375 0.01)
(-1.0625 0.046875 0.01)
(-1.0625 0.0703125 0.01)
(-1.0625 0.09375 0.01)
(-1.0625 0.1171875 0.01)
(-1.0625 0.140625 0.01)
(-1.0625 0.1640625 0.01)
(-1.0625 0.1875 0.01)
(-1.0625 0.2109375 0.01)
(-1.0625 0.234375 0.01)
(-1.0625 0.28125 0.01)
(-1.0625 0.328125 0.01)
(-1.0625 0.375 0.01)
(-1.0625 0.421875 0.01)
(-1.0625 0.46875 0.01)
(-1.0625 0.5625 0.01)
(-1.0390625 -0.0234375 0.01)
(-1.0390625 -0.01171875 0.01)
(-1.0390625 0 0.01)
(-1.0390625 0.01171875 0.01)
(-1.0390625 0.0234375 0.01)
(-1.0169705627484771 0 0.01)
(-1.015625 -0.234375 0.01)
(-1.015625 -0.2109375 0.01)
(-1.015625 -0.1875 0.01)
(-1.015625 -0.1640625 0.01)
(-1.015625 -0.140625 0.01)
(-1.015625 -0.1171875 0.01)
(-1.015625 -0.09375 0.01)
(-1.015625 -0.0703125 0.01)
(-1.015625 -0.05859375 0.01)
(-1.015625 -0.046875 0.01)
(-1.015625 -0.03515625 0.01)
(-1.015625 -0.0234375 0.01)
(-1.015625 -0.01171875 0.01)
(-1.015625 -0.0013455627484770815 0.01)
(-1.015625 0.0013455627484770826 0.01)
(-1.015625 0.01171875 0.01)
(-1.015625 0.0234375 0.01)
(-1.015625 0.03515625 0.01)
(-1.015625 0.046875 0.01)
(-1.015625 0.05859375 0.01)
(-1.015625 0.0703125 0.01)
(-1.015625 0.09375 0.01)
(-1.015625 0.1171875 0.01)
(-1.015625 0.140625 0.01)
(-1.015625 0.1640625 0.01)
(-1.015625 0.1875 0.01)
(-1.015625 0.2109375 0.01)
(-1.015625 0.234375 0.01)
(-1.0052518127484771 -0.01171875 0.01)
(-1.0052518127484771 0.01171875 0.01)
(-1 0 0.01)
(-0.99353306274847708 -0.0234375 0.01)
(-0.99353306274847708 0.0234375 0.01)
(-0.9921875 -0.0703125 0.01)
(-0.9921875 -0.05859375 0.01)
(-0.9921875 -0.046875 0.01)
(-0.9921875 -0.03515625 0.01)
(-0.9921875 -0.024783062748477098 0.01)
(-0.9921875 0.024783062748477098 0.01)
(-0.9921875 0.03515625 0.01)
(-0.9921875 0.046875 0.01)
(-0.9921875 0.05859375 0.01)
(-0.9921875 0.0703125 0.01)
(-0.98699335495461293 -0.049493354954612927 0.01)
(-0.98699335495461293 0.049493354954612927 0.01)
(-0.984375 -0.046875 0.01)
(-0.984375 0.046875 0.01)
(-0.98181431274847708 -0.03515625 0.01)
(-0.98181431274847708 0.03515625 0.01)
(-0.97789295990922587 -0.05859375 0.01)
(-0.97789295990922587 0.05859375 0.01)
(-0.97723528137423854 -0.039735281374238568 0.01)
(-0.97723528137423854 0.039735281374238568 0.01)
(-0.96875 -0.46875 0.01)
(-0.96875 -0.421875 0.01)
(-0.96875 -0.375 0.01)
(-0.96875 -0.3515625 0.01)
(-0.96875 -0.328125 0.01)
(-0.96875 -0.3046875 0.01)
(-0.96875 -0.28125 0.01)
(-0.96875 -0.2578125 0.01)
(-0.96875 -0.234375 0.01)
(-0.96875 -0.2109375 0.01)
(-0.96875 -0.19921875 0.01)
(-0.96875 -0.1875 0.01)
(-0.96875 -0.17578125 0.01)
(-0.96875 -0.1640625 0.01)
(-0.96875 -0.15234375 0.01)
(-0.96875 -0.140625 0.01)
(-0.96875 -0.12890625 0.01)
(-0.96875 -0.1171875 0.01)
(-0.96875 -0.10546875 0.01)
(-0.96875 -0.09375 0.01)
(-0.96875 -0.08203125 0.01)
(-0.96875 -0.0703125 0.01)
(-0.96875 -0.03125 0.01)
(-0.96875 0.03125 0.01)
(-0.96875 0.0703125 0.01)
(-0.96875 0.08203125 0.01)
(-0.96875 0.09375 0.01)
(-0.96875 0.10546875 0.01)
(-0.96875 0.1171875 0.01)
(-0.96875 0.12890625 0.01)
(-0.96875 0.140625 0.01)
(-0.96875 0.15234375 0.01)
(-0.96875 0.1640625 0.01)
(-0.96875 0.17578125 0.01)
(-0.96875 0.1875 0.01)
(-0.96875 0.19921875 0.01)
(-0.96875 0.2109375 0.01)
(-0.96875 0.234375 0.01)
(-0.96875 0.2578125 0.01)
(-0.96875 0.28125 0.01)
(-0.96875 0.3046875 0.01)
(-0.96875 0.328125 0.01)
(-0.96875 0.3515625 0.01)
(-0.96875 0.375 0.01)
(-0.96875 0.421875 0.01)
(-0.96875 0.46875 0.01)
(-0.96696513957204344 -0.091965139572043442 0.01)
(-0.96696513957204344 0.091965139572043442 0.01)
(-0.96617420990922587 -0.0703125 0.01)
(-0.96617420990922587 0.0703125 0.01)
(-0.96518027914408688 -0.09375 0.01)
(-0.96518027914408688 0.09375 0.01)
(-0.95703125 -0.08203125 0.01)
(-0.95703125 0.08203125 0.01)
(-0.95574335495461293 -0.080743354954612934 0.01)
(-0.95574335495461293 0.080743354954612934 0.01)
(-0.95346152914408688 -0.10546875 0.01)
(-0.95346152914408688 0.10546875 0.01)
(-0.94862019188208857 -0.13612019188208851 0.01)
(-0.94862019188208857 0.13612019188208851 0.01)
(-0.94598528137423854 -0.070985281374238568 0.01)
(-0.94598528137423854 0.070985281374238568 0.01)
(-0.9453125 -0.2109375 0.01)
(-0.9453125 -0.19921875 0.01)
(-0.9453125 -0.1875 0.01)
(-0.9453125 -0.17578125 0.01)
(-0.9453125 -0.1640625 0.01)
(-0.9453125 -0.15234375 0.01)
(-0.9453125 -0.140625 0.01)
(-0.9453125 -0.12890625 0.01)
(-0.9453125 -0.1171875 0.01)
(-0.9453125 0.1171875 0.01)
(-0.9453125 0.12890625 0.01)
(-0.9453125 0.140625 0.01)
(-0.9453125 0.15234375 0.01)
(-0.9453125 0.1640625 0.01)
(-0.9453125 0.17578125 0.01)
(-0.9453125 0.1875 0.01)
(-0.9453125 0.19921875 0.01)
(-0.9453125 0.2109375 0.01)
(-0.94411538376417714 -0.140625 0.01)
(-0.94411538376417714 0.140625 0.01)
(-0.94174277914408688 -0.1171875 0.01)
(-0.94174277914408688 0.1171875 0.01)
(-0.94140625 -0.12890625 0.01)
(-0.94140625 0.12890625 0.01)
(-0.9375 -0.0625 0.01)
(-0.9375 0.0625 0.01)
(-0.93571513957204344 -0.12321513957204344 0.01)
(-0.93571513957204344 0.12321513957204344 0.01)
(-0.93239663376417714 -0.15234375 0.01)
(-0.93239663376417714 0.15234375 0.01)
(-0.9302752441921337 -0.18027524419213359 0.01)
(-0.9302752441921337 0.18027524419213359 0.01)
(-0.92578125000000011 -0.17578125 0.01)
(-0.92578125000000011 0.17578125 0.01)
(-0.92449335495461293 -0.11199335495461293 0.01)
(-0.92449335495461293 0.11199335495461293 0.01)
(-0.92305048838426729 -0.1875 0.01)
(-0.92305048838426729 0.1875 0.01)
(-0.921875 -0.375 0.01)
(-0.921875 -0.3515625 0.01)
(-0.921875 -0.328125 0.01)
(-0.921875 -0.31640625 0.01)
(-0.921875 -0.3046875 0.01)
(-0.921875 -0.29296875 0.01)
(-0.921875 -0.28125 0.01)
(-0.921875 -0.26953125 0.01)
(-0.921875 -0.2578125 0.01)
(-0.921875 -0.24609375 0.01)
(-0.921875 -0.234375 0.01)
(-0.921875 -0.22265625 0.01)
(-0.921875 -0.2109375 0.01)
(-0.921875 -0.19921875 0.01)
(-0.921875 -0.18867548838426729 0.01)
(-0.921875 0.18867548838426729 0.01)
(-0.921875 0.19921875 0.01)
(-0.921875 0.2109375 0.01)
(-0.921875 0.22265625 0.01)
(-0.921875 0.234375 0.01)
(-0.921875 0.24609375 0.01)
(-0.921875 0.2578125 0.01)
(-0.921875 0.26953125 0.01)
(-0.921875 0.28125 0.01)
(-0.921875 0.29296875 0.01)
(-0.921875 0.3046875 0.01)
(-0.921875 0.31640625 0.01)
(-0.921875 0.328125 0.01)
(-0.921875 0.3515625 0.01)
(-0.921875 0.375 0.01)
(-0.92067788376417714 -0.1640625 0.01)
(-0.92067788376417714 0.1640625 0.01)
(-0.91773757004169898 -0.23023757004169898 0.01)
(-0.91773757004169898 0.23023757004169898 0.01)
(-0.91737019188208857 -0.16737019188208851 0.01)
(-0.91737019188208857 0.16737019188208851 0.01)
(-0.91473528137423854 -0.10223528137423857 0.01)
(-0.91473528137423854 0.10223528137423857 0.01)
(-0.91362044252356878 -0.28862044252356878 0.01)
(-0.91362044252356878 0.28862044252356878 0.01)
(-0.91360014008339796 -0.234375 0.01)
(-0.91360014008339796 0.234375 0.01)
(-0.91133173838426729 -0.19921875 0.01)
(-0.91133173838426729 0.19921875 0.01)
(-0.91015625 -0.22265625 0.01)
(-0.91015625 0.22265625 0.01)
(-0.90927213504713755 -0.29296875 0.01)
(-0.90927213504713755 0.29296875 0.01)
(-0.90625 -0.28125 0.01)
(-0.90625 -0.09375 0.01)
(-0.90625 0.09375 0.01)
(-0.90625 0.28125 0.01)
(-0.90446513957204344 -0.15446513957204344 0.01)
(-0.90446513957204344 0.15446513957204344 0.01)
(-0.90188139008339796 -0.24609375 0.01)
(-0.90188139008339796 0.24609375 0.01)
(-0.89961298838426729 -0.2109375 0.01)
(-0.89961298838426729 0.2109375 0.01)
(-0.8990252441921337 -0.21152524419213359 0.01)
(-0.8990252441921337 0.21152524419213359 0.01)
(-0.8984375 -0.328125 0.01)
(-0.8984375 -0.31640625 0.01)
(-0.8984375 -0.3046875 0.01)
(-0.8984375 -0.26953125 0.01)
(-0.8984375 -0.2578125 0.01)
(-0.8984375 -0.24953764008339796 0.01)
(-0.8984375 0.24953764008339796 0.01)
(-0.8984375 0.2578125 0.01)
(-0.8984375 0.26953125 0.01)
(-0.8984375 0.3046875 0.01)
(-0.8984375 0.31640625 0.01)
(-0.8984375 0.328125 0.01)
(-0.89755338504713755 -0.3046875 0.01)
(-0.89755338504713755 0.3046875 0.01)
(-0.89453125 -0.26953125 0.01)
(-0.89453125 0.26953125 0.01)
(-0.89324335495461293 -0.14324335495461293 0.01)
(-0.89324335495461293 0.14324335495461293 0.01)
(-0.89016264008339796 -0.2578125 0.01)
(-0.89016264008339796 0.2578125 0.01)
(-0.88648757004169898 -0.26148757004169898 0.01)
(-0.88648757004169898 0.26148757004169898 0.01)
(-0.88612019188208857 -0.19862019188208851 0.01)
(-0.88612019188208857 0.19862019188208851 0.01)
(-0.88583463504713755 -0.31640625 0.01)
(-0.88583463504713755 0.31640625 0.01)
(-0.88348528137423854 -0.13348528137423857 0.01)
(-0.88348528137423854 0.13348528137423857 0.01)
(-0.88237044252356878 -0.31987044252356878 0.01)
(-0.88237044252356878 0.31987044252356878 0.01)
(-0.875 -1.125 0.01)
(-0.875 -0.9375 0.01)
(-0.875 -0.75 0.01)
(-0.875 -0.65625 0.01)
(-0.875 -0.5625 0.01)
(-0.875 -0.515625 0.01)
(-0.875 -0.46875 0.01)
(-0.875 -0.4453125 0.01)
(-0.875 -0.421875 0.01)
(-0.875 -0.3984375 0.01)
(-0.875 -0.375 0.01)
(-0.875 -0.36328125 0.01)
(-0.875 -0.3515625 0.01)
(-0.875 -0.33984375 0.01)
(-0.875 -0.328125 0.01)
(-0.875 -0.125 0.01)
(-0.875 0.125 0.01)
(-0.875 0.328125 0.01)
(-0.875 0.33984375 0.01)
(-0.875 0.3515625 0.01)
(-0.875 0.36328125 0.01)
(-0.875 0.375 0.01)
(-0.875 0.3984375 0.01)
(-0.875 0.421875 0.01)
(-0.875 0.4453125 0.01)
(-0.875 0.46875 0.01)
(-0.875 0.515625 0.01)
(-0.875 0.5625 0.01)
(-0.875 0.65625 0.01)
(-0.875 0.75 0.01)
(-0.875 0.9375 0.01)
(-0.875 1.125 0.01)
(-0.87411588504713755 -0.328125 0.01)
(-0.87411588504713755 0.328125 0.01)
(-0.87321513957204344 -0.18571513957204344 0.01)
(-0.87321513957204344 0.18571513957204344 0.01)
(-0.8677752441921337 -0.24277524419213359 0.01)
(-0.8677752441921337 0.24277524419213359 0.01)
(-0.86239713504713755 -0.33984375 0.01)
(-0.86239713504713755 0.33984375 0.01)
(-0.86199335495461293 -0.17449335495461293 0.01)
(-0.86199335495461293 0.17449335495461293 0.01)
(-0.85523757004169898 -0.29273757004169898 0.01)
(-0.85523757004169898 0.29273757004169898 0.01)
(-0.85487019188208857 -0.22987019188208851 0.01)
(-0.85487019188208857 0.22987019188208851 0.01)
(-0.85223528137423854 -0.16473528137423857 0.01)
(-0.85223528137423854 0.16473528137423857 0.01)
(-0.8515625 -0.375 0.01)
(-0.8515625 -0.36328125 0.01)
(-0.8515625 -0.3515625 0.01)
(-0.8515625 0.3515625 0.01)
(-0.8515625 0.36328125 0.01)
(-0.8515625 0.375 0.01)
(-0.85112044252356878 -0.35112044252356878 0.01)
(-0.85112044252356878 0.35112044252356878 0.01)
(-0.85067838504713755 -0.3515625 0.01)
(-0.85067838504713755 0.3515625 0.01)
(-0.84375 -0.15625 0.01)
(-0.84375 0.15625 0.01)
(-0.84196513957204344 -0.21696513957204344 0.01)
(-0.84196513957204344 0.21696513957204344 0.01)
(-0.83895963504713755 -0.36328125 0.01)
(-0.83895963504713755 0.36328125 0.01)
(-0.8365252441921337 -0.27402524419213359 0.01)
(-0.8365252441921337 0.27402524419213359 0.01)
(-0.83074335495461293 -0.20574335495461293 0.01)
(-0.83074335495461293 0.20574335495461293 0.01)
(-0.828125 -0.46875 0.01)
(-0.828125 -0.4453125 0.01)
(-0.828125 -0.421875 0.01)
(-0.828125 -0.41015625 0.01)
(-0.828125 -0.3984375 0.01)
(-0.828125 -0.38671875 0.01)
(-0.828125 -0.375 0.01)
(-0.828125 0.375 0.01)
(-0.828125 0.38671875 0.01)
(-0.828125 0.3984375 0.01)
(-0.828125 0.41015625 0.01)
(-0.828125 0.421875 0.01)
(-0.828125 0.4453125 0.01)
(-0.828125 0.46875 0.01)
(-0.82724088504713755 -0.375 0.01)
(-0.82724088504713755 0.375 0.01)
(-0.82398757004169898 -0.32398757004169898 0.01)
(-0.82398757004169898 0.32398757004169898 0.01)
(-0.82362019188208857 -0.26112019188208851 0.01)
(-0.82362019188208857 0.26112019188208851 0.01)
(-0.82098528137423854 -0.19598528137423857 0.01)
(-0.82098528137423854 0.19598528137423857 0.01)
(-0.81987044252356878 -0.38237044252356878 0.01)
(-0.81987044252356878 0.38237044252356878 0.01)
(-0.81552213504713755 -0.38671875 0.01)
(-0.81552213504713755 0.38671875 0.01)
(-0.8125 -0.1875 0.01)
(-0.8125 0.1875 0.01)
(-0.81071513957204344 -0.24821513957204344 0.01)
(-0.81071513957204344 0.24821513957204344 0.01)
(-0.8052752441921337 -0.30527524419213359 0.01)
(-0.8052752441921337 0.30527524419213359 0.01)
(-0.8046875 -0.421875 0.01)
(-0.8046875 -0.41015625 0.01)
(-0.8046875 -0.3984375 0.01)
(-0.8046875 0.3984375 0.01)
(-0.8046875 0.41015625 0.01)
(-0.8046875 0.421875 0.01)
(-0.80380338504713755 -0.3984375 0.01)
(-0.80380338504713755 0.3984375 0.01)
(-0.79949335495461293 -0.23699335495461293 0.01)
(-0.79949335495461293 0.23699335495461293 0.01)
(-0.79273757004169898 -0.35523757004169898 0.01)
(-0.79273757004169898 0.35523757004169898 0.01)
(-0.79237019188208857 -0.29237019188208851 0.01)
(-0.79237019188208857 0.29237019188208851 0.01)
(-0.79208463504713755 -0.41015625 0.01)
(-0.79208463504713755 0.41015625 0.01)
(-0.78973528137423854 -0.22723528137423857 0.01)
(-0.78973528137423854 0.22723528137423857 0.01)
(-0.78862044252356878 -0.41362044252356878 0.01)
(-0.78862044252356878 0.41362044252356878 0.01)
(-0.78125 -0.5625 0.01)
(-0.78125 -0.515625 0.01)
(-0.78125 -0.4921875 0.01)
(-0.78125 -0.46875 0.01)
(-0.78125 -0.4453125 0.01)
(-0.78125 -0.43359375 0.01)
(-0.78125 -0.421875 0.01)
(-0.78125 -0.21875 0.01)
(-0.78125 0.21875 0.01)
(-0.78125 0.421875 0.01)
(-0.78125 0.43359375 0.01)
(-0.78125 0.4453125 0.01)
(-0.78125 0.46875 0.01)
(-0.78125 0.4921875 0.01)
(-0.78125 0.515625 0.01)
(-0.78125 0.5625 0.01)
(-0.78036588504713755 -0.421875 0.01)
(-0.78036588504713755 0.421875 0.01)
(-0.77946513957204344 -0.27946513957204344 0.01)
(-0.77946513957204344 0.27946513957204344 0.01)
(-0.7740252441921337 -0.33652524419213359 0.01)
(-0.7740252441921337 0.33652524419213359 0.01)
(-0.76864713504713755 -0.43359375 0.01)
(-0.76864713504713755 0.43359375 0.01)
(-0.76824335495461293 -0.26824335495461293 0.01)
(-0.76824335495461293 0.26824335495461293 0.01)
(-0.76148757004169898 -0.38648757004169898 0.01)
(-0.76148757004169898 0.38648757004169898 0.01)
(-0.76112019188208857 -0.32362019188208851 0.01)
(-0.76112019188208857 0.32362019188208851 0.01)
(-0.75848528137423854 -0.2584852813742386 0.01)
(-0.75848528137423854 0.2584852813742386 0.01)
(-0.7578125 -0.4453125 0.01)
(-0.7578125 -0.44442838504713755 0.01)
(-0.7578125 0.44442838504713755 0.01)
(-0.7578125 0.4453125 0.01)
(-0.75737044252356878 -0.44487044252356878 0.01)
(-0.75737044252356878 0.44487044252356878 0.01)
(-0.75 -0.25 0.01)
(-0.75 0.25 0.01)
(-0.74821513957204344 -0.31071513957204344 0.01)
(-0.74821513957204344 0.31071513957204344 0.01)
(-0.74609375 -0.43359375 0.01)
(-0.74609375 0.43359375 0.01)
(-0.7427752441921337 -0.36777524419213359 0.01)
(-0.7427752441921337 0.36777524419213359 0.01)
(-0.73699335495461293 -0.29949335495461293 0.01)
(-0.73699335495461293 0.29949335495461293 0.01)
(-0.734375 -0.515625 0.01)
(-0.734375 -0.4921875 0.01)
(-0.734375 -0.46875 0.01)
(-0.734375 -0.45703125 0.01)
(-0.734375 -0.4453125 0.01)
(-0.734375 -0.43359375 0.01)
(-0.734375 -0.421875 0.01)
(-0.734375 0.421875 0.01)
(-0.734375 0.43359375 0.01)
(-0.734375 0.4453125 0.01)
(-0.734375 0.45703125 0.01)
(-0.734375 0.46875 0.01)
(-0.734375 0.4921875 0.01)
(-0.734375 0.515625 0.01)
(-0.73023757004169898 -0.41773757004169898 0.01)
(-0.73023757004169898 0.41773757004169898 0.01)
(-0.72987019188208857 -0.35487019188208851 0.01)
(-0.72987019188208857 0.35487019188208851 0.01)
(-0.72723528137423854 -0.2897352813742386 0.01)
(-0.72723528137423854 0.2897352813742386 0.01)
(-0.71875 -0.28125 0.01)
(-0.71875 0.28125 0.01)
(-0.71696513957204344 -0.34196513957204344 0.01)
(-0.71696513957204344 0.34196513957204344 0.01)
(-0.71438139008339796 -0.43359375 0.01)
(-0.71438139008339796 0.43359375 0.01)
(-0.7115252441921337 -0.39902524419213359 0.01)
(-0.7115252441921337 0.39902524419213359 0.01)
(-0.7109375 -0.46875 0.01)
(-0.7109375 -0.45703125 0.01)
(-0.7109375 -0.4453125 0.01)
(-0.7109375 -0.43703764008339796 0.01)
(-0.7109375 0.43703764008339796 0.01)
(-0.7109375 0.4453125 0.01)
(-0.7109375 0.45703125 0.01)
(-0.7109375 0.46875 0.01)
(-0.70574335495461293 -0.33074335495461293 0.01)
(-0.70574335495461293 0.33074335495461293 0.01)
(-0.70266264008339796 -0.4453125 0.01)
(-0.70266264008339796 0.4453125 0.01)
(-0.69898757004169898 -0.44898757004169898 0.01)
(-0.69898757004169898 0.44898757004169898 0.01)
(-0.69862019188208857 -0.38612019188208851 0.01)
(-0.69862019188208857 0.38612019188208851 0.01)
(-0.69598528137423854 -0.3209852813742386 0.01)
(-0.69598528137423854 0.3209852813742386 0.01)
(-0.6953125 -0.4453125 0.01)
(-0.6953125 0.4453125 0.01)
(-0.6875 -0.75 0.01)
(-0.6875 -0.65625 0.01)
(-0.6875 -0.609375 0.01)
(-0.6875 -0.5625 0.01)
(-0.6875 -0.515625 0.01)
(-0.6875 -0.4921875 0.01)
(-0.6875 -0.46875 0.01)
(-0.6875 -0.45703125 0.01)
(-0.6875 -0.4453125 0.01)
(-0.6875 -0.43749999999999994 0.01)
(-0.6875 -0.3125 0.01)
(-0.6875 0.3125 0.01)
(-0.6875 0.43749999999999994 0.01)
(-0.6875 0.4453125 0.01)
(-0.6875 0.45703125 0.01)
(-0.6875 0.46875 0.01)
(-0.6875 0.4921875 0.01)
(-0.6875 0.515625 0.01)
(-0.6875 0.5625 0.01)
(-0.6875 0.609375 0.01)
(-0.6875 0.65625 0.01)
(-0.6875 0.75 0.01)
(-0.68571513957204344 -0.37321513957204344 0.01)
(-0.68571513957204344 0.37321513957204344 0.01)
(-0.6802752441921337 -0.43027524419213359 0.01)
(-0.6802752441921337 0.43027524419213359 0.01)
(-0.67449335495461293 -0.36199335495461293 0.01)
(-0.67449335495461293 0.36199335495461293 0.01)
(-0.66737019188208857 -0.41737019188208851 0.01)
(-0.66737019188208857 0.41737019188208851 0.01)
(-0.66523798838426729 -0.4453125 0.01)
(-0.66523798838426729 0.4453125 0.01)
(-0.66473528137423854 -0.3522352813742386 0.01)
(-0.66473528137423854 0.3522352813742386 0.01)
(-0.6640625 -0.46875 0.01)
(-0.6640625 -0.45703125 0.01)
(-0.6640625 -0.44648798838426729 0.01)
(-0.6640625 0.44648798838426729 0.01)
(-0.6640625 0.45703125 0.01)
(-0.6640625 0.46875 0.01)
(-0.65625 -0.34375 0.01)
(-0.65625 0.34375 0.01)
(-0.65446513957204344 -0.40446513957204344 0.01)
(-0.65446513957204344 0.40446513957204344 0.01)
(-0.65351923838426729 -0.45703125 0.01)
(-0.65351923838426729 0.45703125 0.01)
(-0.6490252441921337 -0.46152524419213359 0.01)
(-0.6490252441921337 0.46152524419213359 0.01)
(-0.64324335495461293 -0.39324335495461293 0.01)
(-0.64324335495461293 0.39324335495461293 0.01)
(-0.640625 -0.515625 0.01)
(-0.640625 -0.4921875 0.01)
(-0.640625 -0.48046875 0.01)
(-0.640625 -0.46875 0.01)
(-0.640625 -0.45703125 0.01)
(-0.640625 -0.45312499999999994 0.01)
(-0.640625 0.45312499999999994 0.01)
(-0.640625 0.45703125 0.01)
(-0.640625 0.46875 0.01)
(-0.640625 0.48046875 0.01)
(-0.640625 0.4921875 0.01)
(-0.640625 0.515625 0.01)
(-0.63612019188208857 -0.44862019188208851 0.01)
(-0.63612019188208857 0.44862019188208851 0.01)
(-0.63348528137423854 -0.3834852813742386 0.01)
(-0.63348528137423854 0.3834852813742386 0.01)
(-0.62770913376417714 -0.45703125 0.01)
(-0.62770913376417714 0.45703125 0.01)
(-0.625 -0.375 0.01)
(-0.625 0.375 0.01)
(-0.62321513957204344 -0.43571513957204344 0.01)
(-0.62321513957204344 0.43571513957204344 0.01)
(-0.6171875 -0.4921875 0.01)
(-0.6171875 -0.48046875 0.01)
(-0.6171875 -0.46875 0.01)
(-0.6171875 0.46875 0.01)
(-0.6171875 0.48046875 0.01)
(-0.6171875 0.4921875 0.01)
(-0.61599038376417714 -0.46875 0.01)
(-0.61599038376417714 0.46875 0.01)
(-0.61199335495461293 -0.42449335495461293 0.01)
(-0.61199335495461293 0.42449335495461293 0.01)
(-0.60487019188208857 -0.47987019188208851 0.01)
(-0.60487019188208857 0.47987019188208851 0.01)
(-0.60223528137423854 -0.4147352813742386 0.01)
(-0.60223528137423854 0.4147352813742386 0.01)
(-0.59375 -0.65625 0.01)
(-0.59375 -0.609375 0.01)
(-0.59375 -0.5625 0.01)
(-0.59375 -0.5390625 0.01)
(-0.59375 -0.515625 0.01)
(-0.59375 -0.50390625 0.01)
(-0.59375 -0.4921875 0.01)
(-0.59375 -0.48046875 0.01)
(-0.59375 -0.46875 0.01)
(-0.59375 -0.40625 0.01)
(-0.59375 0.40625 0.01)
(-0.59375 0.46875 0.01)
(-0.59375 0.48046875 0.01)
(-0.59375 0.4921875 0.01)
(-0.59375 0.50390625 0.01)
(-0.59375 0.515625 0.01)
(-0.59375 0.5390625 0.01)
(-0.59375 0.5625 0.01)
(-0.59375 0.609375 0.01)
(-0.59375 0.65625 0.01)
(-0.59196513957204344 -0.46696513957204344 0.01)
(-0.59196513957204344 0.46696513957204344 0.01)
(-0.58074335495461293 -0.45574335495461293 0.01)
(-0.58074335495461293 0.45574335495461293 0.01)
(-0.57846152914408688 -0.48046875 0.01)
(-0.57846152914408688 0.48046875 0.01)
(-0.57098528137423854 -0.4459852813742386 0.01)
(-0.57098528137423854 0.4459852813742386 0.01)
(-0.5703125 -0.515625 0.01)
(-0.5703125 -0.50390625 0.01)
(-0.5703125 -0.4921875 0.01)
(-0.5703125 0.4921875 0.01)
(-0.5703125 0.50390625 0.01)
(-0.5703125 0.515625 0.01)
(-0.56674277914408688 -0.4921875 0.01)
(-0.56674277914408688 0.4921875 0.01)
(-0.5625 -0.4375 0.01)
(-0.5625 0.4375 0.01)
(-0.56071513957204344 -0.49821513957204344 0.01)
(-0.56071513957204344 0.49821513957204344 0.01)
(-0.54949335495461293 -0.48699335495461293 0.01)
(-0.54949335495461293 0.48699335495461293 0.01)
(-0.546875 -0.5625 0.01)
(-0.546875 -0.5390625 0.01)
(-0.546875 -0.52734375 0.01)
(-0.546875 -0.515625 0.01)
(-0.546875 -0.50390625 0.01)
(-0.546875 -0.48961170990922587 0.01)
(-0.546875 0.48961170990922587 0.01)
(-0.546875 0.50390625 0.01)
(-0.546875 0.515625 0.01)
(-0.546875 0.52734375 0.01)
(-0.546875 0.5390625 0.01)
(-0.546875 0.5625 0.01)
(-0.53973528137423854 -0.4772352813742386 0.01)
(-0.53973528137423854 0.4772352813742386 0.01)
(-0.53258045990922587 -0.50390625 0.01)
(-0.53258045990922587 0.50390625 0.01)
(-0.53125 -0.46875 0.01)
(-0.53125 0.46875 0.01)
(-0.5234375 -0.5390625 0.01)
(-0.5234375 -0.52734375 0.01)
(-0.5234375 -0.515625 0.01)
(-0.5234375 0.515625 0.01)
(-0.5234375 0.52734375 0.01)
(-0.5234375 0.5390625 0.01)
(-0.52086170990922587 -0.515625 0.01)
(-0.52086170990922587 0.515625 0.01)
(-0.50959820982430359 -0.52688850008492227 0.01)
(-0.50959820982430359 0.52688850008492227 0.01)
(-0.50446428363921103 -0.51250627910926616 0.01)
(-0.50446428363921103 0.51250627910926616 0.01)
(-0.5 -1.5 0.01)
(-0.5 -1.125 0.01)
(-0.5 -0.9375 0.01)
(-0.5 -0.84375 0.01)
(-0.5 -0.75 0.01)
(-0.5 -0.703125 0.01)
(-0.5 -0.65625 0.01)
(-0.5 -0.609375 0.01)
(-0.5 -0.5859375 0.01)
(-0.5 -0.5625 0.01)
(-0.5 -0.5390625 0.01)
(-0.5 -0.52734375 0.01)
(-0.5 -0.52592867910249186 0.01)
(-0.5 -0.5 0.01)
(-0.5 0.5 0.01)
(-0.5 0.52592867910249186 0.01)
(-0.5 0.52734375 0.01)
(-0.5 0.5390625 0.01)
(-0.5 0.5625 0.01)
(-0.5 0.5859375 0.01)
(-0.5 0.609375 0.01)
(-0.5 0.65625 0.01)
(-0.5 0.703125 0.01)
(-0.5 0.75 0.01)
(-0.5 0.84375 0.01)
(-0.5 0.9375 0.01)
(-0.5 1.125 0.01)
(-0.5 1.5 0.01)
(-0.4765625 -0.5390625 0.01)
(-0.4765625 -0.52734375 0.01)
(-0.4765625 -0.52358492910249188 0.01)
(-0.4765625 0.52358492910249188 0.01)
(-0.4765625 0.52734375 0.01)
(-0.4765625 0.5390625 0.01)
(-0.46875 -0.49687500000000001 0.01)
(-0.46875 0.49687500000000001 0.01)
(-0.46755595537174804 -0.50881544628251985 0.01)
(-0.46755595537174804 0.50881544628251985 0.01)
(-0.46618280404925821 -0.5225469595074177 0.01)
(-0.46618280404925821 0.5225469595074177 0.01)
(-0.465703125 -0.52734375 0.01)
(-0.465703125 0.52734375 0.01)
(-0.46460368002839497 -0.53833819971605024 0.01)
(-0.46460368002839497 0.53833819971605024 0.01)
(-0.453125 -0.609375 0.01)
(-0.453125 -0.5859375 0.01)
(-0.453125 -0.5625 0.01)
(-0.453125 -0.55078125 0.01)
(-0.453125 -0.5390625 0.01)
(-0.453125 -0.53719033171321073 0.01)
(-0.453125 0.53719033171321073 0.01)
(-0.453125 0.5390625 0.01)
(-0.453125 0.55078125 0.01)
(-0.453125 0.5625 0.01)
(-0.453125 0.5859375 0.01)
(-0.453125 0.609375 0.01)
(-0.4375 -0.49375000000000002 0.01)
(-0.4375 0.49375000000000002 0.01)
(-0.43630595537174799 -0.50569044628251991 0.01)
(-0.43630595537174799 0.50569044628251991 0.01)
(-0.43493280404925821 -0.51942195950741776 0.01)
(-0.43493280404925821 0.51942195950741776 0.01)
(-0.43335368002839497 -0.5352131997160503 0.01)
(-0.43335368002839497 0.5352131997160503 0.01)
(-0.43296875000000001 -0.5390625 0.01)
(-0.43296875000000001 0.5390625 0.01)
(-0.43179687499999997 -0.55078125 0.01)
(-0.43179687499999997 0.55078125 0.01)
(-0.43153768740440218 -0.55337312595597765 0.01)
(-0.43153768740440218 0.55337312595597765 0.01)
(-0.4296875 -0.5625 0.01)
(-0.4296875 -0.55318810721553746 0.01)
(-0.4296875 0.55318810721553746 0.01)
(-0.4296875 0.5625 0.01)
(-0.40625 -0.75 0.01)
(-0.40625 -0.703125 0.01)
(-0.40625 -0.65625 0.01)
(-0.40625 -0.6328125 0.01)
(-0.40625 -0.609375 0.01)
(-0.40625 -0.59765625 0.01)
(-0.40625 -0.5859375 0.01)
(-0.40625 -0.57421875 0.01)
(-0.40625 -0.5625 0.01)
(-0.40625 -0.55084435721553737 0.01)
(-0.40625 -0.49062499999999998 0.01)
(-0.40625 0.49062499999999998 0.01)
(-0.40625 0.55084435721553737 0.01)
(-0.40625 0.5625 0.01)
(-0.40625 0.57421875 0.01)
(-0.40625 0.5859375 0.01)
(-0.40625 0.59765625 0.01)
(-0.40625 0.609375 0.01)
(-0.40625 0.6328125 0.01)
(-0.40625 0.65625 0.01)
(-0.40625 0.703125 0.01)
(-0.40625 0.75 0.01)
(-0.40505595537174799 -0.50256544628251987 0.01)
(-0.40505595537174799 0.50256544628251987 0.01)
(-0.40368280404925821 -0.51629695950741772 0.01)
(-0.40368280404925821 0.51629695950741772 0.01)
(-0.40210368002839497 -0.53208819971605026 0.01)
(-0.40210368002839497 0.53208819971605026 0.01)
(-0.40028768740440218 -0.55024812595597761 0.01)
(-0.40028768740440218 0.55024812595597761 0.01)
(-0.39906249999999993 -0.5625 0.01)
(-0.39906249999999993 0.5625 0.01)
(-0.39847169478040945 -0.56840805219590496 0.01)
(-0.39847169478040945 0.56840805219590496 0.01)
(-0.3828125 -0.609375 0.01)
(-0.3828125 -0.59765625 0.01)
(-0.3828125 -0.5859375 0.01)
(-0.3828125 -0.57421875 0.01)
(-0.3828125 -0.5668421327178641 0.01)
(-0.3828125 0.5668421327178641 0.01)
(-0.3828125 0.57421875 0.01)
(-0.3828125 0.5859375 0.01)
(-0.3828125 0.59765625 0.01)
(-0.3828125 0.609375 0.01)
(-0.375 -0.48749999999999999 0.01)
(-0.375 0.48749999999999999 0.01)
(-0.37380595537174804 -0.49944044628251988 0.01)
(-0.37380595537174804 0.49944044628251988 0.01)
(-0.37243280404925821 -0.51317195950741767 0.01)
(-0.37243280404925821 0.51317195950741767 0.01)
(-0.37085368002839497 -0.52896319971605021 0.01)
(-0.37085368002839497 0.52896319971605021 0.01)
(-0.36903768740440224 -0.54712312595597767 0.01)
(-0.36903768740440224 0.54712312595597767 0.01)
(-0.3672216947804095 -0.56528305219590513 0.01)
(-0.3672216947804095 0.56528305219590513 0.01)
(-0.366328125 -0.57421875 0.01)
(-0.366328125 0.57421875 0.01)
(-0.36515625000000002 -0.5859375 0.01)
(-0.36515625000000002 0.5859375 0.01)
(-0.36458850547562005 -0.59161494524379976 0.01)
(-0.36458850547562005 0.59161494524379976 0.01)
(-0.359375 -0.65625 0.01)
(-0.359375 -0.6328125 0.01)
(-0.359375 -0.62109375 0.01)
(-0.359375 -0.609375 0.01)
(-0.359375 -0.59765625 0.01)
(-0.359375 -0.59109359469623779 0.01)
(-0.359375 0.59109359469623779 0.01)
(-0.359375 0.59765625 0.01)
(-0.359375 0.609375 0.01)
(-0.359375 0.62109375 0.01)
(-0.359375 0.6328125 0.01)
(-0.359375 0.65625 0.01)
(-0.34375 -0.484375 0.01)
(-0.34375 0.484375 0.01)
(-0.34255595537174804 -0.49631544628251989 0.01)
(-0.34255595537174804 0.49631544628251989 0.01)
(-0.34118280404925821 -0.51004695950741774 0.01)
(-0.34118280404925821 0.51004695950741774 0.01)
(-0.33960368002839497 -0.52583819971605028 0.01)
(-0.33960368002839497 0.52583819971605028 0.01)
(-0.33778768740440224 -0.54399812595597763 0.01)
(-0.33778768740440224 0.54399812595597763 0.01)
(-0.3359716947804095 -0.56215805219590509 0.01)
(-0.3359716947804095 0.56215805219590509 0.01)
(-0.3359375 -0.6328125 0.01)
(-0.3359375 -0.62109375 0.01)
(-0.3359375 -0.609375 0.01)
(-0.3359375 -0.59765625 0.01)
(-0.3359375 -0.5887498446962377 0.01)
(-0.3359375 0.5887498446962377 0.01)
(-0.3359375 0.59765625 0.01)
(-0.3359375 0.609375 0.01)
(-0.3359375 0.62109375 0.01)
(-0.3359375 0.6328125 0.01)
(-0.33333850547562005 -0.58848994524379972 0.01)
(-0.33333850547562005 0.58848994524379972 0.01)
(-0.33242187500000003 -0.59765625 0.01)
(-0.33242187500000003 0.59765625 0.01)
(-0.33125000000000004 -0.609375 0.01)
(-0.33125000000000004 0.609375 0.01)
(-0.330078125 -0.62109375 0.01)
(-0.330078125 0.62109375 0.01)
(-0.32952038098367531 -0.62667119016324713 0.01)
(-0.32952038098367531 0.62667119016324713 0.01)
(-0.3125 -0.9375 0.01)
(-0.3125 -0.84375 0.01)
(-0.3125 -0.75 0.01)
(-0.3125 -0.703125 0.01)
(-0.3125 -0.65625 0.01)
(-0.3125 -0.6328125 0.01)
(-0.3125 -0.62496915206487968 0.01)
(-0.3125 -0.48125000000000001 0.01)
(-0.3125 0.48125000000000001 0.01)
(-0.3125 0.62496915206487968 0.01)
(-0.3125 0.6328125 0.01)
(-0.3125 0.65625 0.01)
(-0.3125 0.703125 0.01)
(-0.3125 0.75 0.01)
(-0.3125 0.84375 0.01)
(-0.3125 0.9375 0.01)
(-0.31130595537174804 -0.4931904462825199 0.01)
(-0.31130595537174804 0.4931904462825199 0.01)
(-0.30993280404925821 -0.5069219595074177 0.01)
(-0.30993280404925821 0.5069219595074177 0.01)
(-0.30835368002839497 -0.52271319971605024 0.01)
(-0.30835368002839497 0.52271319971605024 0.01)
(-0.30653768740440224 -0.5408731259559777 0.01)
(-0.30653768740440224 0.5408731259559777 0.01)
(-0.3047216947804095 -0.55903305219590504 0.01)
(-0.3047216947804095 0.55903305219590504 0.01)
(-0.30208850547562005 -0.58536494524379989 0.01)
(-0.30208850547562005 0.58536494524379989 0.01)
(-0.29827038098367531 -0.62354619016324719 0.01)
(-0.29827038098367531 0.62354619016324719 0.01)
(-0.2890625 -0.6328125 0.01)
(-0.2890625 -0.62262540206487971 0.01)
(-0.2890625 0.62262540206487971 0.01)
(-0.2890625 0.6328125 0.01)
(-0.28125 -0.47812500000000002 0.01)
(-0.28125 0.47812500000000002 0.01)
(-0.28005595537174799 -0.49006544628251991 0.01)
(-0.28005595537174799 0.49006544628251991 0.01)
(-0.27868280404925821 -0.50379695950741776 0.01)
(-0.27868280404925821 0.50379695950741776 0.01)
(-0.27710368002839497 -0.5195881997160503 0.01)
(-0.27710368002839497 0.5195881997160503 0.01)
(-0.27528768740440218 -0.53774812595597765 0.01)
(-0.27528768740440218 0.53774812595597765 0.01)
(-0.27347169478040939 -0.555908052195905 0.01)
(-0.27347169478040939 0.555908052195905 0.01)
(-0.27083850547561988 -0.58223994524379974 0.01)
(-0.27083850547561988 0.58223994524379974 0.01)
(-0.26702038098367514 -0.62042119016324715 0.01)
(-0.26702038098367514 0.62042119016324715 0.01)
(-0.265625 -0.65625 0.01)
(-0.265625 -0.6328125 0.01)
(-0.265625 -0.62109375 0.01)
(-0.265625 -0.62028165206487962 0.01)
(-0.265625 0.62028165206487962 0.01)
(-0.265625 0.62109375 0.01)
(-0.265625 0.6328125 0.01)
(-0.265625 0.65625 0.01)
(-0.25 -0.47499999999999998 0.01)
(-0.25 0.47499999999999998 0.01)
(-0.24880595537174802 -0.48694044628251987 0.01)
(-0.24880595537174802 0.48694044628251987 0.01)
(-0.24743280404925821 -0.50067195950741772 0.01)
(-0.24743280404925821 0.50067195950741772 0.01)
(-0.24585368002839494 -0.51646319971605026 0.01)
(-0.24585368002839494 0.51646319971605026 0.01)
(-0.24403768740440221 -0.53462312595597761 0.01)
(-0.24403768740440221 0.53462312595597761 0.01)
(-0.24222169478040947 -0.55278305219590496 0.01)
(-0.24222169478040947 0.55278305219590496 0.01)
(-0.2421875 -0.6328125 0.01)
(-0.2421875 -0.62109375 0.01)
(-0.2421875 -0.61793790206487964 0.01)
(-0.2421875 0.61793790206487964 0.01)
(-0.2421875 0.62109375 0.01)
(-0.2421875 0.6328125 0.01)
(-0.23958850547561999 -0.57911494524379969 0.01)
(-0.23958850547561999 0.57911494524379969 0.01)
(-0.23577038098367528 -0.6172961901632471 0.01)
(-0.23577038098367528 0.6172961901632471 0.01)
(-0.21875 -0.75 0.01)
(-0.21875 -0.703125 0.01)
(-0.21875 -0.65625 0.01)
(-0.21875 -0.6328125 0.01)
(-0.21875 -0.62109375 0.01)
(-0.21875 -0.61559415206487966 0.01)
(-0.21875 -0.47187499999999999 0.01)
(-0.21875 0.47187499999999999 0.01)
(-0.21875 0.61559415206487966 0.01)
(-0.21875 0.62109375 0.01)
(-0.21875 0.6328125 0.01)
(-0.21875 0.65625 0.01)
(-0.21875 0.703125 0.01)
(-0.21875 0.75 0.01)
(-0.21755595537174802 -0.48381544628251988 0.01)
(-0.21755595537174802 0.48381544628251988 0.01)
(-0.21618280404925824 -0.49754695950741773 0.01)
(-0.21618280404925824 0.49754695950741773 0.01)
(-0.214603680028395 -0.51333819971605021 0.01)
(-0.214603680028395 0.51333819971605021 0.01)
(-0.21278768740440226 -0.53149812595597767 0.01)
(-0.21278768740440226 0.53149812595597767 0.01)
(-0.21097169478040953 -0.54965805219590513 0.01)
(-0.21097169478040953 0.54965805219590513 0.01)
(-0.20833850547562005 -0.57598994524379976 0.01)
(-0.20833850547562005 0.57598994524379976 0.01)
(-0.20452038098367534 -0.61417119016324717 0.01)
(-0.20452038098367534 0.61417119016324717 0.01)
(-0.1953125 -0.6328125 0.01)
(-0.1953125 -0.62109375 0.01)
(-0.1953125 -0.61325040206487957 0.01)
(-0.1953125 0.61325040206487957 0.01)
(-0.1953125 0.62109375 0.01)
(-0.1953125 0.6328125 0.01)
(-0.1875 -0.46875 0.01)
(-0.1875 0.46875 0.01)
(-0.18630595537174802 -0.48069044628251989 0.01)
(-0.18630595537174802 0.48069044628251989 0.01)
(-0.18493280404925824 -0.49442195950741774 0.01)
(-0.18493280404925824 0.49442195950741774 0.01)
(-0.183353680028395 -0.51021319971605028 0.01)
(-0.183353680028395 0.51021319971605028 0.01)
(-0.18153768740440226 -0.52837312595597763 0.01)
(-0.18153768740440226 0.52837312595597763 0.01)
(-0.17972169478040953 -0.54653305219590509 0.01)
(-0.17972169478040953 0.54653305219590509 0.01)
(-0.17708850547562008 -0.57286494524379972 0.01)
(-0.17708850547562008 0.57286494524379972 0.01)
(-0.17327038098367534 -0.61104619016324713 0.01)
(-0.17327038098367534 0.61104619016324713 0.01)
(-0.171875 -0.65625 0.01)
(-0.171875 -0.6328125 0.01)
(-0.171875 -0.62109375 0.01)
(-0.171875 -0.6109066520648796 0.01)
(-0.171875 0.6109066520648796 0.01)
(-0.171875 0.62109375 0.01)
(-0.171875 0.6328125 0.01)
(-0.171875 0.65625 0.01)
(-0.15625 -0.46562500000000001 0.01)
(-0.15625 0.46562500000000001 0.01)
(-0.15505595537174802 -0.4775654462825199 0.01)
(-0.15505595537174802 0.4775654462825199 0.01)
(-0.15368280404925824 -0.49129695950741775 0.01)
(-0.15368280404925824 0.49129695950741775 0.01)
(-0.152103680028395 -0.50708819971605024 0.01)
(-0.152103680028395 0.50708819971605024 0.01)
(-0.15028768740440226 -0.5252481259559777 0.01)
(-0.15028768740440226 0.5252481259559777 0.01)
(-0.14847169478040953 -0.54340805219590504 0.01)
(-0.14847169478040953 0.54340805219590504 0.01)
(-0.1484375 -0.6328125 0.01)
(-0.1484375 -0.62109375 0.01)
(-0.1484375 -0.609375 0.01)
(-0.1484375 -0.60856290206487962 0.01)
(-0.1484375 0.60856290206487962 0.01)
(-0.1484375 0.609375 0.01)
(-0.1484375 0.62109375 0.01)
(-0.1484375 0.6328125 0.01)
(-0.14583850547562008 -0.56973994524379989 0.01)
(-0.14583850547562008 0.56973994524379989 0.01)
(-0.14202038098367534 -0.60792119016324719 0.01)
(-0.14202038098367534 0.60792119016324719 0.01)
(-0.125 -1.125 0.01)
(-0.125 -0.9375 0.01)
(-0.125 -0.84375 0.01)
(-0.125 -0.75 0.01)
(-0.125 -0.703125 0.01)
(-0.125 -0.65625 0.01)
(-0.125 -0.6328125 0.01)
(-0.125 -0.62109375 0.01)
(-0.125 -0.609375 0.01)
(-0.125 -0.60621915206487964 0.01)
(-0.125 -0.46250000000000002 0.01)
(-0.125 0.46250000000000002 0.01)
(-0.125 0.60621915206487964 0.01)
(-0.125 0.609375 0.01)
(-0.125 0.62109375 0.01)
(-0.125 0.6328125 0.01)
(-0.125 0.65625 0.01)
(-0.125 0.703125 0.01)
(-0.125 0.75 0.01)
(-0.125 0.84375 0.01)
(-0.125 0.9375 0.01)
(-0.125 1.125 0.01)
(-0.12380595537174802 -0.47444044628251991 0.01)
(-0.12380595537174802 0.47444044628251991 0.01)
(-0.12243280404925824 -0.48817195950741776 0.01)
(-0.12243280404925824 0.48817195950741776 0.01)
(-0.12085368002839499 -0.5039631997160503 0.01)
(-0.12085368002839499 0.5039631997160503 0.01)
(-0.11903768740440225 -0.52212312595597765 0.01)
(-0.11903768740440225 0.52212312595597765 0.01)
(-0.11722169478040952 -0.540283052195905 0.01)
(-0.11722169478040952 0.540283052195905 0.01)
(-0.11458850547562005 -0.56661494524379985 0.01)
(-0.11458850547562005 0.56661494524379985 0.01)
(-0.11077038098367534 -0.60479619016324715 0.01)
(-0.11077038098367534 0.60479619016324715 0.01)
(-0.1015625 -0.609375 0.01)
(-0.1015625 -0.60387540206487966 0.01)
(-0.1015625 0.60387540206487966 0.01)
(-0.1015625 0.609375 0.01)
(-0.09375 -0.45937500000000003 0.01)
(-0.09375 0.45937500000000003 0.01)
(-0.092555955371748003 -0.47131544628251992 0.01)
(-0.092555955371748003 0.47131544628251992 0.01)
(-0.091182804049258215 -0.48504695950741777 0.01)
(-0.091182804049258215 0.48504695950741777 0.01)
(-0.089603680028394958 -0.50083819971605026 0.01)
(-0.089603680028394958 0.50083819971605026 0.01)
(-0.087787687404402209 -0.51899812595597772 0.01)
(-0.087787687404402209 0.51899812595597772 0.01)
(-0.085971694780409474 -0.53715805219590518 0.01)
(-0.085971694780409474 0.53715805219590518 0.01)
(-0.083338505475620009 -0.56348994524379981 0.01)
(-0.083338505475620009 0.56348994524379981 0.01)
(-0.079520380983675296 -0.60167119016324722 0.01)
(-0.079520380983675296 0.60167119016324722 0.01)
(-0.078125 -0.65625 0.01)
(-0.078125 -0.6328125 0.01)
(-0.078125 -0.609375 0.01)
(-0.078125 -0.60153165206487968 0.01)
(-0.078125 0.60153165206487968 0.01)
(-0.078125 0.609375 0.01)
(-0.078125 0.6328125 0.01)
(-0.078125 0.65625 0.01)
(-0.0625 -0.45624999999999999 0.01)
(-0.0625 0.45624999999999999 0.01)
(-0.06130595537174801 -0.46819044628251988 0.01)
(-0.06130595537174801 0.46819044628251988 0.01)
(-0.059932804049258215 -0.48192195950741773 0.01)
(-0.059932804049258215 0.48192195950741773 0.01)
(-0.058353680028394951 -0.49771319971605021 0.01)
(-0.058353680028394951 0.49771319971605021 0.01)
(-0.056537687404402202 -0.51587312595597767 0.01)
(-0.056537687404402202 0.51587312595597767 0.01)
(-0.054721694780409433 -0.53403305219590502 0.01)
(-0.054721694780409433 0.53403305219590502 0.01)
(-0.0546875 -0.609375 0.01)
(-0.0546875 -0.59918790206487971 0.01)
(-0.0546875 0.59918790206487971 0.01)
(-0.0546875 0.609375 0.01)
(-0.052088505475619926 -0.56036494524379976 0.01)
(-0.052088505475619926 0.56036494524379976 0.01)
(-0.048270380983675129 -0.59854619016324717 0.01)
(-0.048270380983675129 0.59854619016324717 0.01)
(-0.03125 -0.75 0.01)
(-0.03125 -0.703125 0.01)
(-0.03125 -0.65625 0.01)
(-0.03125 -0.6328125 0.01)
(-0.03125 -0.609375 0.01)
(-0.03125 -0.59765625 0.01)
(-0.03125 -0.59684415206487962 0.01)
(-0.03125 -0.453125 0.01)
(-0.03125 0.453125 0.01)
(-0.03125 0.59684415206487962 0.01)
(-0.03125 0.59765625 0.01)
(-0.03125 0.609375 0.01)
(-0.03125 0.6328125 0.01)
(-0.03125 0.65625 0.01)
(-0.03125 0.703125 0.01)
(-0.03125 0.75 0.01)
(-0.030055955371748017 -0.46506544628251989 0.01)
(-0.030055955371748017 0.46506544628251989 0.01)
(-0.028682804049258239 -0.47879695950741774 0.01)
(-0.028682804049258239 0.47879695950741774 0.01)
(-0.027103680028394989 -0.49458819971605023 0.01)
(-0.027103680028394989 0.49458819971605023 0.01)
(-0.025287687404402258 -0.51274812595597763 0.01)
(-0.025287687404402258 0.51274812595597763 0.01)
(-0.023471694780409523 -0.53090805219590509 0.01)
(-0.023471694780409523 0.53090805219590509 0.01)
(-0.020838505475620057 -0.55723994524379972 0.01)
(-0.020838505475620057 0.55723994524379972 0.01)
(-0.01702038098367533 -0.59542119016324713 0.01)
(-0.01702038098367533 0.59542119016324713 0.01)
(-0.0078125 -0.609375 0.01)
(-0.0078125 -0.59765625 0.01)
(-0.0078125 -0.59450040206487964 0.01)
(-0.0078125 0.59450040206487964 0.01)
(-0.0078125 0.59765625 0.01)
(-0.0078125 0.609375 0.01)
(0 -0.45000000000000001 0.01)
(0 0.45000000000000001 0.01)
(0.0011940446282519826 -0.4619404462825199 0.01)
(0.0011940446282519826 0.4619404462825199 0.01)
(0.0025671959507417622 -0.47567195950741775 0.01)
(0.0025671959507417622 0.47567195950741775 0.01)
(0.0041463199716050099 -0.49146319971605024 0.01)
(0.0041463199716050099 0.49146319971605024 0.01)
(0.005962312595597743 -0.5096231259559777 0.01)
(0.005962312595597743 0.5096231259559777 0.01)
(0.007778305219590477 -0.52778305219590504 0.01)
(0.007778305219590477 0.52778305219590504 0.01)
(0.010411494524379941 -0.55411494524379989 0.01)
(0.010411494524379941 0.55411494524379989 0.01)
(0.014229619016324663 -0.59229619016324719 0.01)
(0.014229619016324663 0.59229619016324719 0.01)
(0.015625 -0.65625 0.01)
(0.015625 -0.6328125 0.01)
(0.015625 -0.609375 0.01)
(0.015625 -0.59765625 0.01)
(0.015625 -0.59215665206487966 0.01)
(0.015625 0.59215665206487966 0.01)
(0.015625 0.59765625 0.01)
(0.015625 0.609375 0.01)
(0.015625 0.6328125 0.01)
(0.015625 0.65625 0.01)
(0.03125 -0.44687500000000002 0.01)
(0.03125 0.44687500000000002 0.01)
(0.032444044628251983 -0.45881544628251991 0.01)
(0.032444044628251983 0.45881544628251991 0.01)
(0.033817195950741764 -0.47254695950741776 0.01)
(0.033817195950741764 0.47254695950741776 0.01)
(0.035396319971605007 -0.48833819971605025 0.01)
(0.035396319971605007 0.48833819971605025 0.01)
(0.037212312595597742 -0.50649812595597765 0.01)
(0.037212312595597742 0.50649812595597765 0.01)
(0.039028305219590477 -0.524658052195905 0.01)
(0.039028305219590477 0.524658052195905 0.01)
(0.0390625 -0.609375 0.01)
(0.0390625 -0.59765625 0.01)
(0.0390625 -0.58981290206487957 0.01)
(0.0390625 0.58981290206487957 0.01)
(0.0390625 0.59765625 0.01)
(0.0390625 0.609375 0.01)
(0.041661494524379936 -0.55098994524379985 0.01)
(0.041661494524379936 0.55098994524379985 0.01)
(0.045479619016324656 -0.58917119016324715 0.01)
(0.045479619016324656 0.58917119016324715 0.01)
(0.0625 -0.9375 0.01)
(0.0625 -0.84375 0.01)
(0.0625 -0.75 0.01)
(0.0625 -0.703125 0.01)
(0.0625 -0.65625 0.01)
(0.0625 -0.6328125 0.01)
(0.0625 -0.609375 0.01)
(0.0625 -0.59765625 0.01)
(0.0625 -0.58746915206487971 0.01)
(0.0625 -0.44375000000000003 0.01)
(0.0625 0.44375000000000003 0.01)
(0.0625 0.58746915206487971 0.01)
(0.0625 0.59765625 0.01)
(0.0625 0.609375 0.01)
(0.0625 0.6328125 0.01)
(0.0625 0.65625 0.01)
(0.0625 0.703125 0.01)
(0.0625 0.75 0.01)
(0.0625 0.84375 0.01)
(0.0625 0.9375 0.01)
(0.063694044628251997 -0.45569044628251992 0.01)
(0.063694044628251997 0.45569044628251992 0.01)
(0.065067195950741785 -0.46942195950741777 0.01)
(0.065067195950741785 0.46942195950741777 0.01)
(0.066646319971605042 -0.48521319971605026 0.01)
(0.066646319971605042 0.48521319971605026 0.01)
(0.068462312595597791 -0.50337312595597772 0.01)
(0.068462312595597791 0.50337312595597772 0.01)
(0.070278305219590526 -0.52153305219590518 0.01)
(0.070278305219590526 0.52153305219590518 0.01)
(0.072911494524379991 -0.54786494524379981 0.01)
(0.072911494524379991 0.54786494524379981 0.01)
(0.076729619016324704 -0.58604619016324722 0.01)
(0.076729619016324704 0.58604619016324722 0.01)
(0.0859375 -0.609375 0.01)
(0.0859375 -0.59765625 0.01)
(0.0859375 -0.5859375 0.01)
(0.0859375 -0.58512540206487973 0.01)
(0.0859375 0.58512540206487973 0.01)
(0.0859375 0.5859375 0.01)
(0.0859375 0.59765625 0.01)
(0.0859375 0.609375 0.01)
(0.09375 -0.44062499999999999 0.01)
(0.09375 0.44062499999999999 0.01)
(0.094944044628251997 -0.45256544628251988 0.01)
(0.094944044628251997 0.45256544628251988 0.01)
(0.096317195950741785 -0.46629695950741773 0.01)
(0.096317195950741785 0.46629695950741773 0.01)
(0.097896319971605042 -0.48208819971605021 0.01)
(0.097896319971605042 0.48208819971605021 0.01)
(0.099712312595597791 -0.50024812595597767 0.01)
(0.099712312595597791 0.50024812595597767 0.01)
(0.10152830521959055 -0.51840805219590502 0.01)
(0.10152830521959055 0.51840805219590502 0.01)
(0.10416149452438007 -0.54473994524379976 0.01)
(0.10416149452438007 0.54473994524379976 0.01)
(0.10797961901632486 -0.58292119016324717 0.01)
(0.10797961901632486 0.58292119016324717 0.01)
(0.109375 -0.65625 0.01)
(0.109375 -0.6328125 0.01)
(0.109375 -0.609375 0.01)
(0.109375 -0.59765625 0.01)
(0.109375 -0.5859375 0.01)
(0.109375 -0.58278165206487964 0.01)
(0.109375 0.58278165206487964 0.01)
(0.109375 0.5859375 0.01)
(0.109375 0.59765625 0.01)
(0.109375 0.609375 0.01)
(0.109375 0.6328125 0.01)
(0.109375 0.65625 0.01)
(0.125 -0.4375 0.01)
(0.125 0.4375 0.01)
(0.12619404462825198 -0.44944044628251989 0.01)
(0.12619404462825198 0.44944044628251989 0.01)
(0.12756719595074176 -0.46317195950741774 0.01)
(0.12756719595074176 0.46317195950741774 0.01)
(0.129146319971605 -0.47896319971605023 0.01)
(0.129146319971605 0.47896319971605023 0.01)
(0.13096231259559774 -0.49712312595597763 0.01)
(0.13096231259559774 0.49712312595597763 0.01)
(0.1327783052195905 -0.51528305219590509 0.01)
(0.1327783052195905 0.51528305219590509 0.01)
(0.1328125 -0.5859375 0.01)
(0.1328125 -0.58043790206487966 0.01)
(0.1328125 0.58043790206487966 0.01)
(0.1328125 0.5859375 0.01)
(0.13541149452437998 -0.54161494524379972 0.01)
(0.13541149452437998 0.54161494524379972 0.01)
(0.13922961901632475 -0.57979619016324713 0.01)
(0.13922961901632475 0.57979619016324713 0.01)
(0.15625 -0.75 0.01)
(0.15625 -0.703125 0.01)
(0.15625 -0.65625 0.01)
(0.15625 -0.6328125 0.01)
(0.15625 -0.609375 0.01)
(0.15625 -0.5859375 0.01)
(0.15625 -0.57809415206487957 0.01)
(0.15625 -0.43437500000000001 0.01)
(0.15625 0.43437500000000001 0.01)
(0.15625 0.57809415206487957 0.01)
(0.15625 0.5859375 0.01)
(0.15625 0.609375 0.01)
(0.15625 0.6328125 0.01)
(0.15625 0.65625 0.01)
(0.15625 0.703125 0.01)
(0.15625 0.75 0.01)
(0.15744404462825198 -0.4463154462825199 0.01)
(0.15744404462825198 0.4463154462825199 0.01)
(0.15881719595074176 -0.46004695950741775 0.01)
(0.15881719595074176 0.46004695950741775 0.01)
(0.160396319971605 -0.47583819971605024 0.01)
(0.160396319971605 0.47583819971605024 0.01)
(0.16221231259559774 -0.49399812595597764 0.01)
(0.16221231259559774 0.49399812595597764 0.01)
(0.16402830521959047 -0.51215805219590504 0.01)
(0.16402830521959047 0.51215805219590504 0.01)
(0.16666149452437992 -0.53848994524379978 0.01)
(0.16666149452437992 0.53848994524379978 0.01)
(0.17047961901632466 -0.57667119016324708 0.01)
(0.17047961901632466 0.57667119016324708 0.01)
(0.1796875 -0.5859375 0.01)
(0.1796875 -0.5757504020648796 0.01)
(0.1796875 0.5757504020648796 0.01)
(0.1796875 0.5859375 0.01)
(0.1875 -0.43125000000000002 0.01)
(0.1875 0.43125000000000002 0.01)
(0.18869404462825198 -0.44319044628251991 0.01)
(0.18869404462825198 0.44319044628251991 0.01)
(0.19006719595074176 -0.45692195950741776 0.01)
(0.19006719595074176 0.45692195950741776 0.01)
(0.191646319971605 -0.47271319971605025 0.01)
(0.191646319971605 0.47271319971605025 0.01)
(0.19346231259559774 -0.49087312595597765 0.01)
(0.19346231259559774 0.49087312595597765 0.01)
(0.19527830521959047 -0.509033052195905 0.01)
(0.19527830521959047 0.509033052195905 0.01)
(0.19791149452437992 -0.53536494524379974 0.01)
(0.19791149452437992 0.53536494524379974 0.01)
(0.20172961901632466 -0.57354619016324715 0.01)
(0.20172961901632466 0.57354619016324715 0.01)
(0.203125 -0.609375 0.01)
(0.203125 -0.5859375 0.01)
(0.203125 -0.57421875 0.01)
(0.203125 -0.57340665206487962 0.01)
(0.203125 0.57340665206487962 0.01)
(0.203125 0.57421875 0.01)
(0.203125 0.5859375 0.01)
(0.203125 0.609375 0.01)
(0.21875 -0.42812500000000003 0.01)
(0.21875 0.42812500000000003 0.01)
(0.21994404462825198 -0.44006544628251992 0.01)
(0.21994404462825198 0.44006544628251992 0.01)
(0.22131719595074176 -0.45379695950741777 0.01)
(0.22131719595074176 0.45379695950741777 0.01)
(0.222896319971605 -0.46958819971605026 0.01)
(0.222896319971605 0.46958819971605026 0.01)
(0.22471231259559774 -0.48774812595597766 0.01)
(0.22471231259559774 0.48774812595597766 0.01)
(0.22652830521959047 -0.50590805219590507 0.01)
(0.22652830521959047 0.50590805219590507 0.01)
(0.2265625 -0.5859375 0.01)
(0.2265625 -0.57421875 0.01)
(0.2265625 -0.57106290206487964 0.01)
(0.2265625 0.57106290206487964 0.01)
(0.2265625 0.57421875 0.01)
(0.2265625 0.5859375 0.01)
(0.22916149452437992 -0.53223994524379981 0.01)
(0.22916149452437992 0.53223994524379981 0.01)
(0.23297961901632463 -0.57042119016324722 0.01)
(0.23297961901632463 0.57042119016324722 0.01)
(0.25 -1.5 0.01)
(0.25 -1.125 0.01)
(0.25 -0.9375 0.01)
(0.25 -0.84375 0.01)
(0.25 -0.75 0.01)
(0.25 -0.703125 0.01)
(0.25 -0.65625 0.01)
(0.25 -0.609375 0.01)
(0.25 -0.5859375 0.01)
(0.25 -0.57421875 0.01)
(0.25 -0.56871915206487966 0.01)
(0.25 -0.42500000000000004 0.01)
(0.25 0.42500000000000004 0.01)
(0.25 0.56871915206487966 0.01)
(0.25 0.57421875 0.01)
(0.25 0.5859375 0.01)
(0.25 0.609375 0.01)
(0.25 0.65625 0.01)
(0.25 0.703125 0.01)
(0.25 0.75 0.01)
(0.25 0.84375 0.01)
(0.25 0.9375 0.01)
(0.25 1.125 0.01)
(0.25 1.5 0.01)
(0.25119404462825201 -0.43694044628251993 0.01)
(0.25119404462825201 0.43694044628251993 0.01)
(0.25256719595074179 -0.45067195950741779 0.01)
(0.25256719595074179 0.45067195950741779 0.01)
(0.25414631997160503 -0.46646319971605027 0.01)
(0.25414631997160503 0.46646319971605027 0.01)
(0.25596231259559782 -0.48462312595597767 0.01)
(0.25596231259559782 0.48462312595597767 0.01)
(0.25777830521959055 -0.50278305219590513 0.01)
(0.25777830521959055 0.50278305219590513 0.01)
(0.26041149452438006 -0.52911494524379976 0.01)
(0.26041149452438006 0.52911494524379976 0.01)
(0.2642296190163248 -0.56729619016324717 0.01)
(0.2642296190163248 0.56729619016324717 0.01)
(0.2734375 -0.5859375 0.01)
(0.2734375 -0.57421875 0.01)
(0.2734375 -0.56637540206487968 0.01)
(0.2734375 0.56637540206487968 0.01)
(0.2734375 0.57421875 0.01)
(0.2734375 0.5859375 0.01)
(0.28125 -0.421875 0.01)
(0.28125 0.421875 0.01)
(0.28244404462825201 -0.43381544628251989 0.01)
(0.28244404462825201 0.43381544628251989 0.01)
(0.28381719595074179 -0.44754695950741774 0.01)
(0.28381719595074179 0.44754695950741774 0.01)
(0.28539631997160503 -0.46333819971605023 0.01)
(0.28539631997160503 0.46333819971605023 0.01)
(0.28721231259559782 -0.48149812595597763 0.01)
(0.28721231259559782 0.48149812595597763 0.01)
(0.28902830521959055 -0.49965805219590503 0.01)
(0.28902830521959055 0.49965805219590503 0.01)
(0.29166149452438006 -0.52598994524379972 0.01)
(0.29166149452438006 0.52598994524379972 0.01)
(0.2954796190163248 -0.56417119016324713 0.01)
(0.2954796190163248 0.56417119016324713 0.01)
(0.296875 -0.609375 0.01)
(0.296875 -0.5859375 0.01)
(0.296875 -0.57421875 0.01)
(0.296875 -0.5640316520648796 0.01)
(0.296875 0.5640316520648796 0.01)
(0.296875 0.57421875 0.01)
(0.296875 0.5859375 0.01)
(0.296875 0.609375 0.01)
(0.3125 -0.41875000000000001 0.01)
(0.3125 0.41875000000000001 0.01)
(0.31369404462825196 -0.4306904462825199 0.01)
(0.31369404462825196 0.4306904462825199 0.01)
(0.31506719595074179 -0.44442195950741775 0.01)
(0.31506719595074179 0.44442195950741775 0.01)
(0.31664631997160503 -0.46021319971605024 0.01)
(0.31664631997160503 0.46021319971605024 0.01)
(0.31846231259559776 -0.47837312595597764 0.01)
(0.31846231259559776 0.47837312595597764 0.01)
(0.3202783052195905 -0.49653305219590504 0.01)
(0.3202783052195905 0.49653305219590504 0.01)
(0.3203125 -0.5859375 0.01)
(0.3203125 -0.57421875 0.01)
(0.3203125 -0.5625 0.01)
(0.3203125 -0.56168790206487962 0.01)
(0.3203125 0.56168790206487962 0.01)
(0.3203125 0.5625 0.01)
(0.3203125 0.57421875 0.01)
(0.3203125 0.5859375 0.01)
(0.32291149452437995 -0.52286494524379978 0.01)
(0.32291149452437995 0.52286494524379978 0.01)
(0.32672961901632469 -0.56104619016324708 0.01)
(0.32672961901632469 0.56104619016324708 0.01)
(0.34375 -0.65625 0.01)
(0.34375 -0.609375 0.01)
(0.34375 -0.5859375 0.01)
(0.34375 -0.57421875 0.01)
(0.34375 -0.5625 0.01)
(0.34375 -0.55934415206487964 0.01)
(0.34375 -0.41562500000000002 0.01)
(0.34375 0.41562500000000002 0.01)
(0.34375 0.55934415206487964 0.01)
(0.34375 0.5625 0.01)
(0.34375 0.57421875 0.01)
(0.34375 0.5859375 0.01)
(0.34375 0.609375 0.01)
(0.34375 0.65625 0.01)
(0.34494404462825196 -0.42756544628251991 0.01)
(0.34494404462825196 0.42756544628251991 0.01)
(0.34631719595074179 -0.44129695950741776 0.01)
(0.34631719595074179 0.44129695950741776 0.01)
(0.34789631997160503 -0.45708819971605025 0.01)
(0.34789631997160503 0.45708819971605025 0.01)
(0.34971231259559776 -0.47524812595597765 0.01)
(0.34971231259559776 0.47524812595597765 0.01)
(0.3515283052195905 -0.49340805219590506 0.01)
(0.3515283052195905 0.49340805219590506 0.01)
(0.35416149452437995 -0.51973994524379974 0.01)
(0.35416149452437995 0.51973994524379974 0.01)
(0.35797961901632469 -0.55792119016324715 0.01)
(0.35797961901632469 0.55792119016324715 0.01)
(0.3671875 -0.5625 0.01)
(0.3671875 -0.55700040206487955 0.01)
(0.3671875 0.55700040206487955 0.01)
(0.3671875 0.5625 0.01)
(0.375 -0.41250000000000003 0.01)
(0.375 0.41250000000000003 0.01)
(0.37619404462825196 -0.42444044628251992 0.01)
(0.37619404462825196 0.42444044628251992 0.01)
(0.37756719595074179 -0.43817195950741777 0.01)
(0.37756719595074179 0.43817195950741777 0.01)
(0.37914631997160503 -0.45396319971605026 0.01)
(0.37914631997160503 0.45396319971605026 0.01)
(0.38096231259559776 -0.47212312595597766 0.01)
(0.38096231259559776 0.47212312595597766 0.01)
(0.3827783052195905 -0.49028305219590507 0.01)
(0.3827783052195905 0.49028305219590507 0.01)
(0.38541149452437995 -0.51661494524379981 0.01)
(0.38541149452437995 0.51661494524379981 0.01)
(0.38922961901632469 -0.5547961901632471 0.01)
(0.38922961901632469 0.5547961901632471 0.01)
(0.390625 -0.609375 0.01)
(0.390625 -0.5859375 0.01)
(0.390625 -0.5625 0.01)
(0.390625 -0.55465665206487957 0.01)
(0.390625 0.55465665206487957 0.01)
(0.390625 0.5625 0.01)
(0.390625 0.5859375 0.01)
(0.390625 0.609375 0.01)
(0.40625 -0.40937500000000004 0.01)
(0.40625 0.40937500000000004 0.01)
(0.40744404462825201 -0.42131544628251993 0.01)
(0.40744404462825201 0.42131544628251993 0.01)
(0.40881719595074179 -0.43504695950741779 0.01)
(0.40881719595074179 0.43504695950741779 0.01)
(0.41039631997160503 -0.45083819971605027 0.01)
(0.41039631997160503 0.45083819971605027 0.01)
(0.41221231259559782 -0.46899812595597767 0.01)
(0.41221231259559782 0.46899812595597767 0.01)
(0.41402830521959055 -0.48715805219590508 0.01)
(0.41402830521959055 0.48715805219590508 0.01)
(0.4140625 -0.5625 0.01)
(0.4140625 -0.5523129020648796 0.01)
(0.4140625 0.5523129020648796 0.01)
(0.4140625 0.5625 0.01)
(0.41666149452438006 -0.51348994524379976 0.01)
(0.41666149452438006 0.51348994524379976 0.01)
(0.4204796190163248 -0.55167119016324717 0.01)
(0.4204796190163248 0.55167119016324717 0.01)
(0.4375 -0.75 0.01)
(0.4375 -0.65625 0.01)
(0.4375 -0.609375 0.01)
(0.4375 -0.5859375 0.01)
(0.4375 -0.5625 0.01)
(0.4375 -0.55078125 0.01)
(0.4375 -0.54996915206487962 0.01)
(0.4375 -0.40625 0.01)
(0.4375 0.40625 0.01)
(0.4375 0.54996915206487962 0.01)
(0.4375 0.55078125 0.01)
(0.4375 0.5625 0.01)
(0.4375 0.5859375 0.01)
(0.4375 0.609375 0.01)
(0.4375 0.65625 0.01)
(0.4375 0.75 0.01)
(0.43869404462825201 -0.41819044628251989 0.01)
(0.43869404462825201 0.41819044628251989 0.01)
(0.44006719595074179 -0.43192195950741774 0.01)
(0.44006719595074179 0.43192195950741774 0.01)
(0.44164631997160503 -0.44771319971605023 0.01)
(0.44164631997160503 0.44771319971605023 0.01)
(0.44346231259559782 -0.46587312595597763 0.01)
(0.44346231259559782 0.46587312595597763 0.01)
(0.44527830521959055 -0.48403305219590503 0.01)
(0.44527830521959055 0.48403305219590503 0.01)
(0.44791149452438006 -0.51036494524379972 0.01)
(0.44791149452438006 0.51036494524379972 0.01)
(0.4517296190163248 -0.54854619016324713 0.01)
(0.4517296190163248 0.54854619016324713 0.01)
(0.4609375 -0.5625 0.01)
(0.4609375 -0.55078125 0.01)
(0.4609375 -0.54762540206487964 0.01)
(0.4609375 0.54762540206487964 0.01)
(0.4609375 0.55078125 0.01)
(0.4609375 0.5625 0.01)
(0.46875 -0.40312500000000001 0.01)
(0.46875 0.40312500000000001 0.01)
(0.46994404462825196 -0.4150654462825199 0.01)
(0.46994404462825196 0.4150654462825199 0.01)
(0.47131719595074179 -0.42879695950741775 0.01)
(0.47131719595074179 0.42879695950741775 0.01)
(0.47289631997160503 -0.44458819971605024 0.01)
(0.47289631997160503 0.44458819971605024 0.01)
(0.47471231259559776 -0.46274812595597764 0.01)
(0.47471231259559776 0.46274812595597764 0.01)
(0.4765283052195905 -0.48090805219590504 0.01)
(0.4765283052195905 0.48090805219590504 0.01)
(0.47916149452437995 -0.50723994524379978 0.01)
(0.47916149452437995 0.50723994524379978 0.01)
(0.48297961901632469 -0.54542119016324708 0.01)
(0.48297961901632469 0.54542119016324708 0.01)
(0.484375 -0.609375 0.01)
(0.484375 -0.5859375 0.01)
(0.484375 -0.5625 0.01)
(0.484375 -0.55078125 0.01)
(0.484375 -0.54528165206487955 0.01)
(0.484375 0.54528165206487955 0.01)
(0.484375 0.55078125 0.01)
(0.484375 0.5625 0.01)
(0.484375 0.5859375 0.01)
(0.484375 0.609375 0.01)
(0.5 -0.40000000000000002 0.01)
(0.5 0.40000000000000002 0.01)
(0.50148796608697888 -0.41191105413664719 0.01)
(0.50148796608697888 0.41191105413664719 0.01)
(0.50319912708700454 -0.42560876639379147 0.01)
(0.50319912708700454 0.42560876639379147 0.01)
(0.50516696223703406 -0.44136113548950739 0.01)
(0.50516696223703406 0.44136113548950739 0.01)
(0.50742997265956802 -0.45947635994958064 0.01)
(0.50742997265956802 0.45947635994958064 0.01)
(0.5078125 -0.5625 0.01)
(0.5078125 -0.55078125 0.01)
(0.5078125 -0.54293790206487957 0.01)
(0.5078125 0.54293790206487957 0.01)
(0.5078125 0.55078125 0.01)
(0.5078125 0.5625 0.01)
(0.50969298308210198 -0.47759158440965394 0.01)
(0.50969298308210198 0.47759158440965394 0.01)
(0.51297434819477616 -0.50385865987676015 0.01)
(0.51297434819477616 0.50385865987676015 0.01)
(0.5177323276081538 -0.54194591930406422 0.01)
(0.5177323276081538 0.54194591930406422 0.01)
(0.53125 -0.65625 0.01)
(0.53125 -0.609375 0.01)
(0.53125 -0.5859375 0.01)
(0.53125 -0.5625 0.01)
(0.53125 -0.55078125 0.01)
(0.53125 -0.53991826844528734 0.01)
(0.53125 -0.39531250000000001 0.01)
(0.53125 0.39531250000000001 0.01)
(0.53125 0.53991826844528734 0.01)
(0.53125 0.55078125 0.01)
(0.53125 0.5625 0.01)
(0.53125 0.5859375 0.01)
(0.53125 0.609375 0.01)
(0.53125 0.65625 0.01)
(0.53303008543516295 -0.40717973623441961 0.01)
(0.53303008543516295 0.40717973623441961 0.01)
(0.53507718368560031 -0.4208270579040021 0.01)
(0.53507718368560031 0.4208270579040021 0.01)
(0.53743134667360326 -0.43652147782402195 0.01)
(0.53743134667360326 0.43652147782402195 0.01)
(0.54013863410980678 -0.45457006073204487 0.01)
(0.54013863410980678 0.45457006073204487 0.01)
(0.54284592154601019 -0.47261864364006773 0.01)
(0.54284592154601019 0.47261864364006773 0.01)
(0.5467714883285052 -0.49878908885670087 0.01)
(0.5467714883285052 0.49878908885670087 0.01)
(0.55246356016312292 -0.53673623442081897 0.01)
(0.55246356016312292 0.53673623442081897 0.01)
(0.5546875 -0.5625 0.01)
(0.5546875 -0.55078125 0.01)
(0.5546875 -0.5390625 0.01)
(0.5546875 -0.53640264344528743 0.01)
(0.5546875 0.53640264344528743 0.01)
(0.5546875 0.5390625 0.01)
(0.5546875 0.55078125 0.01)
(0.5546875 0.5625 0.01)
(0.5625 -0.390625 0.01)
(0.5625 0.390625 0.01)
(0.56428008543516295 -0.4024922362344196 0.01)
(0.56428008543516295 0.4024922362344196 0.01)
(0.56632718368560031 -0.41613955790400209 0.01)
(0.56632718368560031 0.41613955790400209 0.01)
(0.56868134667360326 -0.431833977824022 0.01)
(0.56868134667360326 0.431833977824022 0.01)
(0.57138863410980667 -0.44988256073204486 0.01)
(0.57138863410980667 0.44988256073204486 0.01)
(0.57409592154601008 -0.46793114364006771 0.01)
(0.57409592154601008 0.46793114364006771 0.01)
(0.57802148832850508 -0.49410158885670086 0.01)
(0.57802148832850508 0.49410158885670086 0.01)
(0.578125 -0.609375 0.01)
(0.578125 -0.5859375 0.01)
(0.578125 -0.5625 0.01)
(0.578125 -0.55078125 0.01)
(0.578125 -0.5390625 0.01)
(0.578125 -0.5328870184452873 0.01)
(0.578125 0.5328870184452873 0.01)
(0.578125 0.5390625 0.01)
(0.578125 0.55078125 0.01)
(0.578125 0.5625 0.01)
(0.578125 0.5859375 0.01)
(0.578125 0.609375 0.01)
(0.58371356016312281 -0.5320487344208189 0.01)
(0.58371356016312281 0.5320487344208189 0.01)
(0.59375 -0.38593750000000004 0.01)
(0.59375 0.38593750000000004 0.01)
(0.59553008543516295 -0.39780473623441964 0.01)
(0.59553008543516295 0.39780473623441964 0.01)
(0.59757718368560031 -0.41145205790400213 0.01)
(0.59757718368560031 0.41145205790400213 0.01)
(0.59993134667360326 -0.42714647782402204 0.01)
(0.59993134667360326 0.42714647782402204 0.01)
(0.6015625 -0.5390625 0.01)
(0.6015625 -0.52937139344528739 0.01)
(0.6015625 0.52937139344528739 0.01)
(0.6015625 0.5390625 0.01)
(0.60263863410980667 -0.4451950607320449 0.01)
(0.60263863410980667 0.4451950607320449 0.01)
(0.60534592154601008 -0.46324364364006776 0.01)
(0.60534592154601008 0.46324364364006776 0.01)
(0.60927148832850508 -0.4894140888567009 0.01)
(0.60927148832850508 0.4894140888567009 0.01)
(0.6149635601631227 -0.52736123442081895 0.01)
(0.6149635601631227 0.52736123442081895 0.01)
(0.625 -1.125 0.01)
(0.625 -0.9375 0.01)
(0.625 -0.75 0.01)
(0.625 -0.65625 0.01)
(0.625 -0.609375 0.01)
(0.625 -0.5859375 0.01)
(0.625 -0.5625 0.01)
(0.625 -0.5390625 0.01)
(0.625 -0.52734375 0.01)
(0.625 -0.52585576844528736 0.01)
(0.625 -0.38125000000000003 0.01)
(0.625 0.38125000000000003 0.01)
(0.625 0.52585576844528736 0.01)
(0.625 0.52734375 0.01)
(0.625 0.5390625 0.01)
(0.625 0.5625 0.01)
(0.625 0.5859375 0.01)
(0.625 0.609375 0.01)
(0.625 0.65625 0.01)
(0.625 0.75 0.01)
(0.625 0.9375 0.01)
(0.625 1.125 0.01)
(0.62678008543516295 -0.39311723623441963 0.01)
(0.62678008543516295 0.39311723623441963 0.01)
(0.62882718368560031 -0.40676455790400212 0.01)
(0.62882718368560031 0.40676455790400212 0.01)
(0.63118134667360326 -0.42245897782402198 0.01)
(0.63118134667360326 0.42245897782402198 0.01)
(0.63388863410980678 -0.44050756073204489 0.01)
(0.63388863410980678 0.44050756073204489 0.01)
(0.63659592154601019 -0.45855614364006775 0.01)
(0.63659592154601019 0.45855614364006775 0.01)
(0.6405214883285052 -0.48472658885670089 0.01)
(0.6405214883285052 0.48472658885670089 0.01)
(0.64621356016312292 -0.52267373442081899 0.01)
(0.64621356016312292 0.52267373442081899 0.01)
(0.6484375 -0.5390625 0.01)
(0.6484375 -0.52734375 0.01)
(0.6484375 -0.52234014344528745 0.01)
(0.6484375 0.52234014344528745 0.01)
(0.6484375 0.52734375 0.01)
(0.6484375 0.5390625 0.01)
(0.65625 -0.37656250000000002 0.01)
(0.65625 0.37656250000000002 0.01)
(0.65803008543516295 -0.38842973623441962 0.01)
(0.65803008543516295 0.38842973623441962 0.01)
(0.66007718368560031 -0.40207705790400211 0.01)
(0.66007718368560031 0.40207705790400211 0.01)
(0.66243134667360326 -0.41777147782402196 0.01)
(0.66243134667360326 0.41777147782402196 0.01)
(0.66513863410980678 -0.43582006073204482 0.01)
(0.66513863410980678 0.43582006073204482 0.01)
(0.66784592154601019 -0.45386864364006768 0.01)
(0.66784592154601019 0.45386864364006768 0.01)
(0.6717714883285052 -0.48003908885670082 0.01)
(0.6717714883285052 0.48003908885670082 0.01)
(0.671875 -0.5625 0.01)
(0.671875 -0.5390625 0.01)
(0.671875 -0.52734375 0.01)
(0.671875 -0.51882451844528743 0.01)
(0.671875 0.51882451844528743 0.01)
(0.671875 0.52734375 0.01)
(0.671875 0.5390625 0.01)
(0.671875 0.5625 0.01)
(0.67746356016312292 -0.51798623442081893 0.01)
(0.67746356016312292 0.51798623442081893 0.01)
(0.6875 -0.37187500000000001 0.01)
(0.6875 0.37187500000000001 0.01)
(0.68928008543516295 -0.38374223623441961 0.01)
(0.68928008543516295 0.38374223623441961 0.01)
(0.69132718368560031 -0.3973895579040021 0.01)
(0.69132718368560031 0.3973895579040021 0.01)
(0.69368134667360326 -0.41308397782402195 0.01)
(0.69368134667360326 0.41308397782402195 0.01)
(0.6953125 -0.5390625 0.01)
(0.6953125 -0.52734375 0.01)
(0.6953125 -0.515625 0.01)
(0.6953125 -0.51530889344528741 0.01)
(0.6953125 0.51530889344528741 0.01)
(0.6953125 0.515625 0.01)
(0.6953125 0.52734375 0.01)
(0.6953125 0.5390625 0.01)
(0.69638863410980678 -0.43113256073204487 0.01)
(0.69638863410980678 0.43113256073204487 0.01)
(0.69909592154601019 -0.44918114364006773 0.01)
(0.69909592154601019 0.44918114364006773 0.01)
(0.7030214883285052 -0.47535158885670087 0.01)
(0.7030214883285052 0.47535158885670087 0.01)
(0.70871356016312292 -0.51329873442081897 0.01)
(0.70871356016312292 0.51329873442081897 0.01)
(0.71875 -0.65625 0.01)
(0.71875 -0.609375 0.01)
(0.71875 -0.5625 0.01)
(0.71875 -0.5390625 0.01)
(0.71875 -0.52734375 0.01)
(0.71875 -0.515625 0.01)
(0.71875 -0.51179326844528739 0.01)
(0.71875 -0.3671875 0.01)
(0.71875 0.3671875 0.01)
(0.71875 0.51179326844528739 0.01)
(0.71875 0.515625 0.01)
(0.71875 0.52734375 0.01)
(0.71875 0.5390625 0.01)
(0.71875 0.5625 0.01)
(0.71875 0.609375 0.01)
(0.71875 0.65625 0.01)
(0.72053008543516295 -0.3790547362344196 0.01)
(0.72053008543516295 0.3790547362344196 0.01)
(0.72257718368560031 -0.39270205790400209 0.01)
(0.72257718368560031 0.39270205790400209 0.01)
(0.72493134667360326 -0.408396477824022 0.01)
(0.72493134667360326 0.408396477824022 0.01)
(0.72763863410980667 -0.42644506073204486 0.01)
(0.72763863410980667 0.42644506073204486 0.01)
(0.73034592154601008 -0.44449364364006771 0.01)
(0.73034592154601008 0.44449364364006771 0.01)
(0.73427148832850508 -0.47066408885670086 0.01)
(0.73427148832850508 0.47066408885670086 0.01)
(0.73996356016312281 -0.5086112344208189 0.01)
(0.73996356016312281 0.5086112344208189 0.01)
(0.7421875 -0.515625 0.01)
(0.7421875 -0.50827764344528736 0.01)
(0.7421875 0.50827764344528736 0.01)
(0.7421875 0.515625 0.01)
(0.75 -0.36250000000000004 0.01)
(0.75 0.36250000000000004 0.01)
(0.75178008543516295 -0.37436723623441964 0.01)
(0.75178008543516295 0.37436723623441964 0.01)
(0.75382718368560031 -0.38801455790400213 0.01)
(0.75382718368560031 0.38801455790400213 0.01)
(0.75618134667360326 -0.40370897782402204 0.01)
(0.75618134667360326 0.40370897782402204 0.01)
(0.75888863410980667 -0.4217575607320449 0.01)
(0.75888863410980667 0.4217575607320449 0.01)
(0.76159592154601008 -0.43980614364006776 0.01)
(0.76159592154601008 0.43980614364006776 0.01)
(0.76552148832850508 -0.4659765888567009 0.01)
(0.76552148832850508 0.4659765888567009 0.01)
(0.765625 -0.5625 0.01)
(0.765625 -0.5390625 0.01)
(0.765625 -0.515625 0.01)
(0.765625 -0.50476201844528734 0.01)
(0.765625 0.50476201844528734 0.01)
(0.765625 0.515625 0.01)
(0.765625 0.5390625 0.01)
(0.765625 0.5625 0.01)
(0.7712135601631227 -0.50392373442081895 0.01)
(0.7712135601631227 0.50392373442081895 0.01)
(0.78125 -0.35781250000000003 0.01)
(0.78125 0.35781250000000003 0.01)
(0.78303008543516295 -0.36967973623441963 0.01)
(0.78303008543516295 0.36967973623441963 0.01)
(0.78507718368560031 -0.38332705790400212 0.01)
(0.78507718368560031 0.38332705790400212 0.01)
(0.78743134667360326 -0.39902147782402198 0.01)
(0.78743134667360326 0.39902147782402198 0.01)
(0.7890625 -0.515625 0.01)
(0.7890625 -0.50390625 0.01)
(0.7890625 -0.50124639344528732 0.01)
(0.7890625 0.50124639344528732 0.01)
(0.7890625 0.50390625 0.01)
(0.7890625 0.515625 0.01)
(0.79013863410980678 -0.41707006073204489 0.01)
(0.79013863410980678 0.41707006073204489 0.01)
(0.79284592154601019 -0.43511864364006775 0.01)
(0.79284592154601019 0.43511864364006775 0.01)
(0.7967714883285052 -0.46128908885670089 0.01)
(0.7967714883285052 0.46128908885670089 0.01)
(0.80246356016312292 -0.49923623442081894 0.01)
(0.80246356016312292 0.49923623442081894 0.01)
(0.8125 -0.75 0.01)
(0.8125 -0.65625 0.01)
(0.8125 -0.609375 0.01)
(0.8125 -0.5625 0.01)
(0.8125 -0.5390625 0.01)
(0.8125 -0.515625 0.01)
(0.8125 -0.50390625 0.01)
(0.8125 -0.49773076844528735 0.01)
(0.8125 -0.35312500000000002 0.01)
(0.8125 0.35312500000000002 0.01)
(0.8125 0.49773076844528735 0.01)
(0.8125 0.50390625 0.01)
(0.8125 0.515625 0.01)
(0.8125 0.5390625 0.01)
(0.8125 0.5625 0.01)
(0.8125 0.609375 0.01)
(0.8125 0.65625 0.01)
(0.8125 0.75 0.01)
(0.81428008543516295 -0.36499223623441962 0.01)
(0.81428008543516295 0.36499223623441962 0.01)
(0.81632718368560031 -0.37863955790400211 0.01)
(0.81632718368560031 0.37863955790400211 0.01)
(0.81868134667360326 -0.39433397782402196 0.01)
(0.81868134667360326 0.39433397782402196 0.01)
(0.82138863410980678 -0.41238256073204482 0.01)
(0.82138863410980678 0.41238256073204482 0.01)
(0.82409592154601019 -0.43043114364006768 0.01)
(0.82409592154601019 0.43043114364006768 0.01)
(0.8280214883285052 -0.45660158885670082 0.01)
(0.8280214883285052 0.45660158885670082 0.01)
(0.83371356016312292 -0.49454873442081893 0.01)
(0.83371356016312292 0.49454873442081893 0.01)
(0.8359375 -0.515625 0.01)
(0.8359375 -0.50390625 0.01)
(0.8359375 -0.49421514344528739 0.01)
(0.8359375 0.49421514344528739 0.01)
(0.8359375 0.50390625 0.01)
(0.8359375 0.515625 0.01)
(0.84375 -0.34843750000000001 0.01)
(0.84375 0.34843750000000001 0.01)
(0.84553008543516295 -0.36030473623441961 0.01)
(0.84553008543516295 0.36030473623441961 0.01)
(0.84757718368560031 -0.3739520579040021 0.01)
(0.84757718368560031 0.3739520579040021 0.01)
(0.84993134667360326 -0.38964647782402195 0.01)
(0.84993134667360326 0.38964647782402195 0.01)
(0.85263863410980678 -0.40769506073204487 0.01)
(0.85263863410980678 0.40769506073204487 0.01)
(0.85534592154601019 -0.42574364364006773 0.01)
(0.85534592154601019 0.42574364364006773 0.01)
(0.8592714883285052 -0.45191408885670087 0.01)
(0.8592714883285052 0.45191408885670087 0.01)
(0.859375 -0.5625 0.01)
(0.859375 -0.5390625 0.01)
(0.859375 -0.515625 0.01)
(0.859375 -0.50390625 0.01)
(0.859375 -0.4921875 0.01)
(0.859375 -0.49069951844528742 0.01)
(0.859375 0.49069951844528742 0.01)
(0.859375 0.4921875 0.01)
(0.859375 0.50390625 0.01)
(0.859375 0.515625 0.01)
(0.859375 0.5390625 0.01)
(0.859375 0.5625 0.01)
(0.86496356016312292 -0.48986123442081897 0.01)
(0.86496356016312292 0.48986123442081897 0.01)
(0.875 -0.34375 0.01)
(0.875 0.34375 0.01)
(0.87678008543516295 -0.3556172362344196 0.01)
(0.87678008543516295 0.3556172362344196 0.01)
(0.87882718368560031 -0.36926455790400209 0.01)
(0.87882718368560031 0.36926455790400209 0.01)
(0.88118134667360326 -0.38495897782402194 0.01)
(0.88118134667360326 0.38495897782402194 0.01)
(0.8828125 -0.4921875 0.01)
(0.8828125 -0.4871838934452874 0.01)
(0.8828125 0.4871838934452874 0.01)
(0.8828125 0.4921875 0.01)
(0.88388863410980678 -0.4030075607320448 0.01)
(0.88388863410980678 0.4030075607320448 0.01)
(0.88659592154601019 -0.42105614364006766 0.01)
(0.88659592154601019 0.42105614364006766 0.01)
(0.8905214883285052 -0.4472265888567008 0.01)
(0.8905214883285052 0.4472265888567008 0.01)
(0.89621356016312292 -0.4851737344208189 0.01)
(0.89621356016312292 0.4851737344208189 0.01)
(0.90625 -0.65625 0.01)
(0.90625 -0.609375 0.01)
(0.90625 -0.5625 0.01)
(0.90625 -0.5390625 0.01)
(0.90625 -0.515625 0.01)
(0.90625 -0.4921875 0.01)
(0.90625 -0.48366826844528732 0.01)
(0.90625 -0.33906249999999999 0.01)
(0.90625 0.33906249999999999 0.01)
(0.90625 0.48366826844528732 0.01)
(0.90625 0.4921875 0.01)
(0.90625 0.515625 0.01)
(0.90625 0.5390625 0.01)
(0.90625 0.5625 0.01)
(0.90625 0.609375 0.01)
(0.90625 0.65625 0.01)
(0.90803008543516295 -0.35092973623441959 0.01)
(0.90803008543516295 0.35092973623441959 0.01)
(0.91007718368560031 -0.36457705790400208 0.01)
(0.91007718368560031 0.36457705790400208 0.01)
(0.91243134667360326 -0.38027147782402193 0.01)
(0.91243134667360326 0.38027147782402193 0.01)
(0.91513863410980667 -0.39832006073204484 0.01)
(0.91513863410980667 0.39832006073204484 0.01)
(0.91784592154601008 -0.4163686436400677 0.01)
(0.91784592154601008 0.4163686436400677 0.01)
(0.92177148832850497 -0.44253908885670085 0.01)
(0.92177148832850497 0.44253908885670085 0.01)
(0.9274635601631227 -0.48048623442081895 0.01)
(0.9274635601631227 0.48048623442081895 0.01)
(0.9296875 -0.4921875 0.01)
(0.9296875 -0.48046875 0.01)
(0.9296875 -0.48015264344528735 0.01)
(0.9296875 0.48015264344528735 0.01)
(0.9296875 0.48046875 0.01)
(0.9296875 0.4921875 0.01)
(0.9375 -0.33437500000000003 0.01)
(0.9375 0.33437500000000003 0.01)
(0.93928008543516295 -0.34624223623441963 0.01)
(0.93928008543516295 0.34624223623441963 0.01)
(0.94132718368560031 -0.35988955790400212 0.01)
(0.94132718368560031 0.35988955790400212 0.01)
(0.94368134667360326 -0.37558397782402198 0.01)
(0.94368134667360326 0.37558397782402198 0.01)
(0.94638863410980667 -0.39363256073204489 0.01)
(0.94638863410980667 0.39363256073204489 0.01)
(0.94909592154601008 -0.41168114364006775 0.01)
(0.94909592154601008 0.41168114364006775 0.01)
(0.95302148832850508 -0.43785158885670089 0.01)
(0.95302148832850508 0.43785158885670089 0.01)
(0.953125 -0.515625 0.01)
(0.953125 -0.4921875 0.01)
(0.953125 -0.48046875 0.01)
(0.953125 -0.47663701844528733 0.01)
(0.953125 0.47663701844528733 0.01)
(0.953125 0.48046875 0.01)
(0.953125 0.4921875 0.01)
(0.953125 0.515625 0.01)
(0.95871356016312281 -0.47579873442081894 0.01)
(0.95871356016312281 0.47579873442081894 0.01)
(0.96875 -0.32968750000000002 0.01)
(0.96875 0.32968750000000002 0.01)
(0.97053008543516295 -0.34155473623441962 0.01)
(0.97053008543516295 0.34155473623441962 0.01)
(0.97257718368560031 -0.35520205790400211 0.01)
(0.97257718368560031 0.35520205790400211 0.01)
(0.97493134667360326 -0.37089647782402196 0.01)
(0.97493134667360326 0.37089647782402196 0.01)
(0.9765625 -0.4921875 0.01)
(0.9765625 -0.48046875 0.01)
(0.9765625 -0.47312139344528731 0.01)
(0.9765625 0.47312139344528731 0.01)
(0.9765625 0.48046875 0.01)
(0.9765625 0.4921875 0.01)
(0.97763863410980678 -0.38894506073204482 0.01)
(0.97763863410980678 0.38894506073204482 0.01)
(0.98034592154601019 -0.40699364364006768 0.01)
(0.98034592154601019 0.40699364364006768 0.01)
(0.9842714883285052 -0.43316408885670082 0.01)
(0.9842714883285052 0.43316408885670082 0.01)
(0.98996356016312292 -0.47111123442081887 0.01)
(0.98996356016312292 0.47111123442081887 0.01)
(1 -1.5 0.01)
(1 -1.125 0.01)
(1 -0.9375 0.01)
(1 -0.75 0.01)
(1 -0.65625 0.01)
(1 -0.609375 0.01)
(1 -0.5625 0.01)
(1 -0.515625 0.01)
(1 -0.4921875 0.01)
(1 -0.48046875 0.01)
(1 -0.46960576844528734 0.01)
(1 -0.32500000000000001 0.01)
(1 0.32500000000000001 0.01)
(1 0.46960576844528734 0.01)
(1 0.48046875 0.01)
(1 0.4921875 0.01)
(1 0.515625 0.01)
(1 0.5625 0.01)
(1 0.609375 0.01)
(1 0.65625 0.01)
(1 0.75 0.01)
(1 0.9375 0.01)
(1 1.125 0.01)
(1 1.5 0.01)
(1.0017800854351628 -0.33686723623441961 0.01)
(1.0017800854351628 0.33686723623441961 0.01)
(1.0038271836856003 -0.3505145579040021 0.01)
(1.0038271836856003 0.3505145579040021 0.01)
(1.0061813466736034 -0.36620897782402195 0.01)
(1.0061813466736034 0.36620897782402195 0.01)
(1.0088886341098067 -0.38425756073204487 0.01)
(1.0088886341098067 0.38425756073204487 0.01)
(1.0115959215460102 -0.40230614364006773 0.01)
(1.0115959215460102 0.40230614364006773 0.01)
(1.0155214883285051 -0.42847658885670087 0.01)
(1.0155214883285051 0.42847658885670087 0.01)
(1.0212135601631229 -0.46642373442081897 0.01)
(1.0212135601631229 0.46642373442081897 0.01)
(1.0234375 -0.4921875 0.01)
(1.0234375 -0.48046875 0.01)
(1.0234375 -0.46875 0.01)
(1.0234375 -0.46609014344528737 0.01)
(1.0234375 0.46609014344528737 0.01)
(1.0234375 0.46875 0.01)
(1.0234375 0.48046875 0.01)
(1.0234375 0.4921875 0.01)
(1.03125 -0.3203125 0.01)
(1.03125 0.3203125 0.01)
(1.0330300854351628 -0.3321797362344196 0.01)
(1.0330300854351628 0.3321797362344196 0.01)
(1.0350771836856003 -0.34582705790400209 0.01)
(1.0350771836856003 0.34582705790400209 0.01)
(1.0374313466736034 -0.36152147782402194 0.01)
(1.0374313466736034 0.36152147782402194 0.01)
(1.0401386341098067 -0.3795700607320448 0.01)
(1.0401386341098067 0.3795700607320448 0.01)
(1.0428459215460102 -0.39761864364006766 0.01)
(1.0428459215460102 0.39761864364006766 0.01)
(1.0467714883285051 -0.4237890888567008 0.01)
(1.0467714883285051 0.4237890888567008 0.01)
(1.046875 -0.515625 0.01)
(1.046875 -0.4921875 0.01)
(1.046875 -0.48046875 0.01)
(1.046875 -0.46875 0.01)
(1.046875 -0.46257451844528735 0.01)
(1.046875 0.46257451844528735 0.01)
(1.046875 0.46875 0.01)
(1.046875 0.48046875 0.01)
(1.046875 0.4921875 0.01)
(1.046875 0.515625 0.01)
(1.0524635601631227 -0.4617362344208189 0.01)
(1.0524635601631227 0.4617362344208189 0.01)
(1.0625 -0.31562499999999999 0.01)
(1.0625 0.31562499999999999 0.01)
(1.0642800854351628 -0.32749223623441959 0.01)
(1.0642800854351628 0.32749223623441959 0.01)
(1.0663271836856003 -0.34113955790400208 0.01)
(1.0663271836856003 0.34113955790400208 0.01)
(1.0686813466736034 -0.35683397782402193 0.01)
(1.0686813466736034 0.35683397782402193 0.01)
(1.0703125 -0.46875 0.01)
(1.0703125 -0.45905889344528733 0.01)
(1.0703125 0.45905889344528733 0.01)
(1.0703125 0.46875 0.01)
(1.0713886341098067 -0.37488256073204484 0.01)
(1.0713886341098067 0.37488256073204484 0.01)
(1.07409592154601 -0.3929311436400677 0.01)
(1.07409592154601 0.3929311436400677 0.01)
(1.0780214883285051 -0.41910158885670085 0.01)
(1.0780214883285051 0.41910158885670085 0.01)
(1.0837135601631227 -0.45704873442081895 0.01)
(1.0837135601631227 0.45704873442081895 0.01)
(1.09375 -0.5625 0.01)
(1.09375 -0.515625 0.01)
(1.09375 -0.4921875 0.01)
(1.09375 -0.46875 0.01)
(1.09375 -0.45703125 0.01)
(1.09375 -0.45554326844528736 0.01)
(1.09375 -0.31093750000000003 0.01)
(1.09375 0.31093750000000003 0.01)
(1.09375 0.45554326844528736 0.01)
(1.09375 0.45703125 0.01)
(1.09375 0.46875 0.01)
(1.09375 0.4921875 0.01)
(1.09375 0.515625 0.01)
(1.09375 0.5625 0.01)
(1.0955300854351628 -0.32280473623441963 0.01)
(1.0955300854351628 0.32280473623441963 0.01)
(1.0975771836856003 -0.33645205790400212 0.01)
(1.0975771836856003 0.33645205790400212 0.01)
(1.0999313466736034 -0.35214647782402198 0.01)
(1.0999313466736034 0.35214647782402198 0.01)
(1.1026386341098067 -0.37019506073204489 0.01)
(1.1026386341098067 0.37019506073204489 0.01)
(1.1053459215460102 -0.38824364364006775 0.01)
(1.1053459215460102 0.38824364364006775 0.01)
(1.1092714883285051 -0.41441408885670089 0.01)
(1.1092714883285051 0.41441408885670089 0.01)
(1.1149635601631227 -0.45236123442081899 0.01)
(1.1149635601631227 0.45236123442081899 0.01)
(1.1171875 -0.46875 0.01)
(1.1171875 -0.45703125 0.01)
(1.1171875 -0.4520276434452874 0.01)
(1.1171875 0.4520276434452874 0.01)
(1.1171875 0.45703125 0.01)
(1.1171875 0.46875 0.01)
(1.125 -0.30625000000000002 0.01)
(1.125 0.30625000000000002 0.01)
(1.1267800854351628 -0.31811723623441962 0.01)
(1.1267800854351628 0.31811723623441962 0.01)
(1.1288271836856003 -0.33176455790400211 0.01)
(1.1288271836856003 0.33176455790400211 0.01)
(1.1311813466736034 -0.34745897782402196 0.01)
(1.1311813466736034 0.34745897782402196 0.01)
(1.1338886341098067 -0.36550756073204482 0.01)
(1.1338886341098067 0.36550756073204482 0.01)
(1.1365959215460102 -0.38355614364006768 0.01)
(1.1365959215460102 0.38355614364006768 0.01)
(1.1405214883285051 -0.40972658885670082 0.01)
(1.1405214883285051 0.40972658885670082 0.01)
(1.140625 -0.515625 0.01)
(1.140625 -0.4921875 0.01)
(1.140625 -0.46875 0.01)
(1.140625 -0.45703125 0.01)
(1.140625 -0.44851201844528732 0.01)
(1.140625 0.44851201844528732 0.01)
(1.140625 0.45703125 0.01)
(1.140625 0.46875 0.01)
(1.140625 0.4921875 0.01)
(1.140625 0.515625 0.01)
(1.1462135601631227 -0.44767373442081893 0.01)
(1.1462135601631227 0.44767373442081893 0.01)
(1.15625 -0.30156250000000001 0.01)
(1.15625 0.30156250000000001 0.01)
(1.1580300854351628 -0.31342973623441961 0.01)
(1.1580300854351628 0.31342973623441961 0.01)
(1.1600771836856003 -0.3270770579040021 0.01)
(1.1600771836856003 0.3270770579040021 0.01)
(1.1624313466736034 -0.34277147782402195 0.01)
(1.1624313466736034 0.34277147782402195 0.01)
(1.1640625 -0.46875 0.01)
(1.1640625 -0.45703125 0.01)
(1.1640625 -0.4453125 0.01)
(1.1640625 -0.44499639344528735 0.01)
(1.1640625 0.44499639344528735 0.01)
(1.1640625 0.4453125 0.01)
(1.1640625 0.45703125 0.01)
(1.1640625 0.46875 0.01)
(1.1651386341098067 -0.36082006073204487 0.01)
(1.1651386341098067 0.36082006073204487 0.01)
(1.1678459215460102 -0.37886864364006773 0.01)
(1.1678459215460102 0.37886864364006773 0.01)
(1.1717714883285051 -0.40503908885670087 0.01)
(1.1717714883285051 0.40503908885670087 0.01)
(1.1774635601631227 -0.44298623442081897 0.01)
(1.1774635601631227 0.44298623442081897 0.01)
(1.1875 -0.75 0.01)
(1.1875 -0.65625 0.01)
(1.1875 -0.5625 0.01)
(1.1875 -0.515625 0.01)
(1.1875 -0.4921875 0.01)
(1.1875 -0.46875 0.01)
(1.1875 -0.45703125 0.01)
(1.1875 -0.4453125 0.01)
(1.1875 -0.44148076844528733 0.01)
(1.1875 -0.296875 0.01)
(1.1875 0.296875 0.01)
(1.1875 0.44148076844528733 0.01)
(1.1875 0.4453125 0.01)
(1.1875 0.45703125 0.01)
(1.1875 0.46875 0.01)
(1.1875 0.4921875 0.01)
(1.1875 0.515625 0.01)
(1.1875 0.5625 0.01)
(1.1875 0.65625 0.01)
(1.1875 0.75 0.01)
(1.1892800854351628 -0.3087422362344196 0.01)
(1.1892800854351628 0.3087422362344196 0.01)
(1.1913271836856003 -0.32238955790400209 0.01)
(1.1913271836856003 0.32238955790400209 0.01)
(1.1936813466736034 -0.33808397782402194 0.01)
(1.1936813466736034 0.33808397782402194 0.01)
(1.1963886341098067 -0.3561325607320448 0.01)
(1.1963886341098067 0.3561325607320448 0.01)
(1.1990959215460102 -0.37418114364006766 0.01)
(1.1990959215460102 0.37418114364006766 0.01)
(1.2030214883285051 -0.4003515888567008 0.01)
(1.2030214883285051 0.4003515888567008 0.01)
(1.2087135601631227 -0.4382987344208189 0.01)
(1.2087135601631227 0.4382987344208189 0.01)
(1.2109375 -0.4453125 0.01)
(1.2109375 -0.43796514344528731 0.01)
(1.2109375 0.43796514344528731 0.01)
(1.2109375 0.4453125 0.01)
(1.21875 -0.29218749999999999 0.01)
(1.21875 0.29218749999999999 0.01)
(1.2205300854351628 -0.30405473623441959 0.01)
(1.2205300854351628 0.30405473623441959 0.01)
(1.2225771836856003 -0.31770205790400208 0.01)
(1.2225771836856003 0.31770205790400208 0.01)
(1.2249313466736034 -0.33339647782402193 0.01)
(1.2249313466736034 0.33339647782402193 0.01)
(1.2276386341098067 -0.35144506073204484 0.01)
(1.2276386341098067 0.35144506073204484 0.01)
(1.2303459215460102 -0.3694936436400677 0.01)
(1.2303459215460102 0.3694936436400677 0.01)
(1.2342714883285051 -0.39566408885670085 0.01)
(1.2342714883285051 0.39566408885670085 0.01)
(1.234375 -0.46875 0.01)
(1.234375 -0.4453125 0.01)
(1.234375 -0.43444951844528734 0.01)
(1.234375 0.43444951844528734 0.01)
(1.234375 0.4453125 0.01)
(1.234375 0.46875 0.01)
(1.2399635601631227 -0.43361123442081895 0.01)
(1.2399635601631227 0.43361123442081895 0.01)
(1.25 -0.28749999999999998 0.01)
(1.25 0.28749999999999998 0.01)
(1.2517800854351628 -0.29936723623441958 0.01)
(1.2517800854351628 0.29936723623441958 0.01)
(1.2538271836856003 -0.31301455790400207 0.01)
(1.2538271836856003 0.31301455790400207 0.01)
(1.2561813466736034 -0.32870897782402198 0.01)
(1.2561813466736034 0.32870897782402198 0.01)
(1.2578125 -0.4453125 0.01)
(1.2578125 -0.43359375 0.01)
(1.2578125 -0.43093389344528732 0.01)
(1.2578125 0.43093389344528732 0.01)
(1.2578125 0.43359375 0.01)
(1.2578125 0.4453125 0.01)
(1.2588886341098067 -0.34675756073204483 0.01)
(1.2588886341098067 0.34675756073204483 0.01)
(1.2615959215460102 -0.36480614364006769 0.01)
(1.2615959215460102 0.36480614364006769 0.01)
(1.2655214883285051 -0.39097658885670084 0.01)
(1.2655214883285051 0.39097658885670084 0.01)
(1.2712135601631227 -0.42892373442081888 0.01)
(1.2712135601631227 0.42892373442081888 0.01)
(1.28125 -0.5625 0.01)
(1.28125 -0.515625 0.01)
(1.28125 -0.46875 0.01)
(1.28125 -0.4453125 0.01)
(1.28125 -0.43359375 0.01)
(1.28125 -0.4274182684452873 0.01)
(1.28125 -0.28281250000000002 0.01)
(1.28125 0.28281250000000002 0.01)
(1.28125 0.4274182684452873 0.01)
(1.28125 0.43359375 0.01)
(1.28125 0.4453125 0.01)
(1.28125 0.46875 0.01)
(1.28125 0.515625 0.01)
(1.28125 0.5625 0.01)
(1.2830300854351628 -0.29467973623441962 0.01)
(1.2830300854351628 0.29467973623441962 0.01)
(1.2850771836856003 -0.30832705790400211 0.01)
(1.2850771836856003 0.30832705790400211 0.01)
(1.2874313466736034 -0.32402147782402202 0.01)
(1.2874313466736034 0.32402147782402202 0.01)
(1.2901386341098067 -0.34207006073204488 0.01)
(1.2901386341098067 0.34207006073204488 0.01)
(1.2928459215460102 -0.36011864364006774 0.01)
(1.2928459215460102 0.36011864364006774 0.01)
(1.2967714883285051 -0.38628908885670088 0.01)
(1.2967714883285051 0.38628908885670088 0.01)
(1.3024635601631227 -0.42423623442081893 0.01)
(1.3024635601631227 0.42423623442081893 0.01)
(1.3046875 -0.4453125 0.01)
(1.3046875 -0.43359375 0.01)
(1.3046875 -0.42390264344528733 0.01)
(1.3046875 0.42390264344528733 0.01)
(1.3046875 0.43359375 0.01)
(1.3046875 0.4453125 0.01)
(1.3125 -0.27812500000000001 0.01)
(1.3125 0.27812500000000001 0.01)
(1.3142800854351628 -0.28999223623441961 0.01)
(1.3142800854351628 0.28999223623441961 0.01)
(1.3163271836856003 -0.3036395579040021 0.01)
(1.3163271836856003 0.3036395579040021 0.01)
(1.3186813466736034 -0.31933397782402195 0.01)
(1.3186813466736034 0.31933397782402195 0.01)
(1.3213886341098067 -0.33738256073204487 0.01)
(1.3213886341098067 0.33738256073204487 0.01)
(1.3240959215460102 -0.35543114364006773 0.01)
(1.3240959215460102 0.35543114364006773 0.01)
(1.3280214883285051 -0.38160158885670087 0.01)
(1.3280214883285051 0.38160158885670087 0.01)
(1.328125 -0.46875 0.01)
(1.328125 -0.4453125 0.01)
(1.328125 -0.43359375 0.01)
(1.328125 -0.421875 0.01)
(1.328125 -0.42038701844528736 0.01)
(1.328125 0.42038701844528736 0.01)
(1.328125 0.421875 0.01)
(1.328125 0.43359375 0.01)
(1.328125 0.4453125 0.01)
(1.328125 0.46875 0.01)
(1.3337135601631229 -0.41954873442081891 0.01)
(1.3337135601631229 0.41954873442081891 0.01)
(1.34375 -0.2734375 0.01)
(1.34375 0.2734375 0.01)
(1.3455300854351628 -0.2853047362344196 0.01)
(1.3455300854351628 0.2853047362344196 0.01)
(1.3475771836856003 -0.29895205790400209 0.01)
(1.3475771836856003 0.29895205790400209 0.01)
(1.3499313466736034 -0.31464647782402194 0.01)
(1.3499313466736034 0.31464647782402194 0.01)
(1.3515625 -0.421875 0.01)
(1.3515625 -0.41687139344528734 0.01)
(1.3515625 0.41687139344528734 0.01)
(1.3515625 0.421875 0.01)
(1.3526386341098067 -0.3326950607320448 0.01)
(1.3526386341098067 0.3326950607320448 0.01)
(1.3553459215460102 -0.35074364364006766 0.01)
(1.3553459215460102 0.35074364364006766 0.01)
(1.3592714883285051 -0.3769140888567008 0.01)
(1.3592714883285051 0.3769140888567008 0.01)
(1.3649635601631227 -0.4148612344208189 0.01)
(1.3649635601631227 0.4148612344208189 0.01)
(1.375 -1.125 0.01)
(1.375 -0.9375 0.01)
(1.375 -0.75 0.01)
(1.375 -0.65625 0.01)
(1.375 -0.5625 0.01)
(1.375 -0.515625 0.01)
(1.375 -0.46875 0.01)
(1.375 -0.4453125 0.01)
(1.375 -0.421875 0.01)
(1.375 -0.41335576844528732 0.01)
(1.375 -0.26874999999999999 0.01)
(1.375 0.26874999999999999 0.01)
(1.375 0.41335576844528732 0.01)
(1.375 0.421875 0.01)
(1.375 0.4453125 0.01)
(1.375 0.46875 0.01)
(1.375 0.515625 0.01)
(1.375 0.5625 0.01)
(1.375 0.65625 0.01)
(1.375 0.75 0.01)
(1.375 0.9375 0.01)
(1.375 1.125 0.01)
(1.3767800854351628 -0.28061723623441959 0.01)
(1.3767800854351628 0.28061723623441959 0.01)
(1.3788271836856003 -0.29426455790400208 0.01)
(1.3788271836856003 0.29426455790400208 0.01)
(1.3811813466736034 -0.30995897782402193 0.01)
(1.3811813466736034 0.30995897782402193 0.01)
(1.3838886341098067 -0.32800756073204484 0.01)
(1.3838886341098067 0.32800756073204484 0.01)
(1.3865959215460102 -0.3460561436400677 0.01)
(1.3865959215460102 0.3460561436400677 0.01)
(1.3905214883285051 -0.37222658885670085 0.01)
(1.3905214883285051 0.37222658885670085 0.01)
(1.3962135601631227 -0.41017373442081895 0.01)
(1.3962135601631227 0.41017373442081895 0.01)
(1.3984375 -0.421875 0.01)
(1.3984375 -0.41015625 0.01)
(1.3984375 -0.40984014344528735 0.01)
(1.3984375 0.40984014344528735 0.01)
(1.3984375 0.41015625 0.01)
(1.3984375 0.421875 0.01)
(1.40625 -0.26406249999999998 0.01)
(1.40625 0.26406249999999998 0.01)
(1.4080300854351628 -0.27592973623441958 0.01)
(1.4080300854351628 0.27592973623441958 0.01)
(1.4100771836856003 -0.28957705790400207 0.01)
(1.4100771836856003 0.28957705790400207 0.01)
(1.4124313466736034 -0.30527147782402198 0.01)
(1.4124313466736034 0.30527147782402198 0.01)
(1.4151386341098067 -0.32332006073204483 0.01)
(1.4151386341098067 0.32332006073204483 0.01)
(1.4178459215460102 -0.34136864364006769 0.01)
(1.4178459215460102 0.34136864364006769 0.01)
(1.4217714883285051 -0.36753908885670084 0.01)
(1.4217714883285051 0.36753908885670084 0.01)
(1.421875 -0.46875 0.01)
(1.421875 -0.4453125 0.01)
(1.421875 -0.421875 0.01)
(1.421875 -0.41015625 0.01)
(1.421875 -0.40632451844528727 0.01)
(1.421875 0.40632451844528727 0.01)
(1.421875 0.41015625 0.01)
(1.421875 0.421875 0.01)
(1.421875 0.4453125 0.01)
(1.421875 0.46875 0.01)
(1.4274635601631227 -0.40548623442081888 0.01)
(1.4274635601631227 0.40548623442081888 0.01)
(1.4375 -0.25937500000000002 0.01)
(1.4375 0.25937500000000002 0.01)
(1.4392800854351628 -0.27124223623441962 0.01)
(1.4392800854351628 0.27124223623441962 0.01)
(1.4413271836856003 -0.28488955790400211 0.01)
(1.4413271836856003 0.28488955790400211 0.01)
(1.4436813466736034 -0.30058397782402202 0.01)
(1.4436813466736034 0.30058397782402202 0.01)
(1.4453125 -0.421875 0.01)
(1.4453125 -0.41015625 0.01)
(1.4453125 -0.40280889344528731 0.01)
(1.4453125 0.40280889344528731 0.01)
(1.4453125 0.41015625 0.01)
(1.4453125 0.421875 0.01)
(1.4463886341098067 -0.31863256073204488 0.01)
(1.4463886341098067 0.31863256073204488 0.01)
(1.4490959215460102 -0.33668114364006774 0.01)
(1.4490959215460102 0.33668114364006774 0.01)
(1.4530214883285051 -0.36285158885670088 0.01)
(1.4530214883285051 0.36285158885670088 0.01)
(1.4587135601631227 -0.40079873442081893 0.01)
(1.4587135601631227 0.40079873442081893 0.01)
(1.46875 -0.5625 0.01)
(1.46875 -0.515625 0.01)
(1.46875 -0.46875 0.01)
(1.46875 -0.4453125 0.01)
(1.46875 -0.421875 0.01)
(1.46875 -0.41015625 0.01)
(1.46875 -0.39929326844528734 0.01)
(1.46875 -0.25468750000000001 0.01)
(1.46875 0.25468750000000001 0.01)
(1.46875 0.39929326844528734 0.01)
(1.46875 0.41015625 0.01)
(1.46875 0.421875 0.01)
(1.46875 0.4453125 0.01)
(1.46875 0.46875 0.01)
(1.46875 0.515625 0.01)
(1.46875 0.5625 0.01)
(1.4705300854351628 -0.26655473623441961 0.01)
(1.4705300854351628 0.26655473623441961 0.01)
(1.4725771836856003 -0.2802020579040021 0.01)
(1.4725771836856003 0.2802020579040021 0.01)
(1.4749313466736034 -0.29589647782402195 0.01)
(1.4749313466736034 0.29589647782402195 0.01)
(1.4776386341098067 -0.31394506073204487 0.01)
(1.4776386341098067 0.31394506073204487 0.01)
(1.4803459215460102 -0.33199364364006773 0.01)
(1.4803459215460102 0.33199364364006773 0.01)
(1.4842714883285051 -0.35816408885670087 0.01)
(1.4842714883285051 0.35816408885670087 0.01)
(1.4899635601631229 -0.39611123442081897 0.01)
(1.4899635601631229 0.39611123442081897 0.01)
(1.4921875 -0.421875 0.01)
(1.4921875 -0.41015625 0.01)
(1.4921875 -0.3984375 0.01)
(1.4921875 -0.39577764344528737 0.01)
(1.4921875 0.39577764344528737 0.01)
(1.4921875 0.3984375 0.01)
(1.4921875 0.41015625 0.01)
(1.4921875 0.421875 0.01)
(1.5 -0.25 0.01)
(1.5 0.25 0.01)
(1.5019964372634871 -0.26183478346017092 0.01)
(1.5019964372634871 0.26183478346017092 0.01)
(1.5042923401164974 -0.27544478443936748 0.01)
(1.5042923401164974 0.27544478443936748 0.01)
(1.5069326283974593 -0.29109628556544354 0.01)
(1.5069326283974593 0.29109628556544354 0.01)
(1.5099689599205652 -0.30909551186043105 0.01)
(1.5099689599205652 0.30909551186043105 0.01)
(1.5130052914436714 -0.32709473815541851 0.01)
(1.5130052914436714 0.32709473815541851 0.01)
(1.515625 -0.46875 0.01)
(1.515625 -0.4453125 0.01)
(1.515625 -0.421875 0.01)
(1.515625 -0.41015625 0.01)
(1.515625 -0.3984375 0.01)
(1.515625 -0.39226201844528735 0.01)
(1.515625 0.39226201844528735 0.01)
(1.515625 0.3984375 0.01)
(1.515625 0.41015625 0.01)
(1.515625 0.421875 0.01)
(1.515625 0.4453125 0.01)
(1.515625 0.46875 0.01)
(1.5174079721521752 -0.35319361628315032 0.01)
(1.5174079721521752 0.35319361628315032 0.01)
(1.5237918591795057 -0.39103698956836147 0.01)
(1.5237918591795057 0.39103698956836147 0.01)
(1.5249999999999999 -0.24531249999999999 0.01)
(1.5249999999999999 0.24531249999999999 0.01)
(1.5272114624206021 -0.25710696624321183 0.01)
(1.5272114624206021 0.25710696624321183 0.01)
(1.5297546442042946 -0.27067060242290547 0.01)
(1.5297546442042946 0.27067060242290547 0.01)
(1.532679303255541 -0.28626878402955319 0.01)
(1.532679303255541 0.28626878402955319 0.01)
(1.5360426611644746 -0.30420669287719804 0.01)
(1.5360426611644746 0.30420669287719804 0.01)
(1.5390625 -0.3984375 0.01)
(1.5390625 -0.38817374441451874 0.01)
(1.5390625 0.38817374441451874 0.01)
(1.5390625 0.3984375 0.01)
(1.539406019073408 -0.32214460172484288 0.01)
(1.539406019073408 0.32214460172484288 0.01)
(1.5442828880413615 -0.34815456955392787 0.01)
(1.5442828880413615 0.34815456955392787 0.01)
(1.55 -0.24062500000000001 0.01)
(1.55 0.24062500000000001 0.01)
(1.5513543480448939 -0.38586902290610114 0.01)
(1.5513543480448939 0.38586902290610114 0.01)
(1.5522114624206023 -0.25241946624321188 0.01)
(1.5522114624206023 0.25241946624321188 0.01)
(1.5547546442042948 -0.26598310242290552 0.01)
(1.5547546442042948 0.26598310242290552 0.01)
(1.5576793032555412 -0.28158128402955318 0.01)
(1.5576793032555412 0.28158128402955318 0.01)
(1.5610426611644748 -0.29951919287719803 0.01)
(1.5610426611644748 0.29951919287719803 0.01)
(1.5625 -0.75 0.01)
(1.5625 -0.65625 0.01)
(1.5625 -0.5625 0.01)
(1.5625 -0.515625 0.01)
(1.5625 -0.46875 0.01)
(1.5625 -0.4453125 0.01)
(1.5625 -0.421875 0.01)
(1.5625 -0.3984375 0.01)
(1.5625 -0.38671875 0.01)
(1.5625 -0.38377921316451874 0.01)
(1.5625 0.38377921316451874 0.01)
(1.5625 0.38671875 0.01)
(1.5625 0.3984375 0.01)
(1.5625 0.421875 0.01)
(1.5625 0.4453125 0.01)
(1.5625 0.46875 0.01)
(1.5625 0.515625 0.01)
(1.5625 0.5625 0.01)
(1.5625 0.65625 0.01)
(1.5625 0.75 0.01)
(1.5644060190734081 -0.31745710172484287 0.01)
(1.5644060190734081 0.31745710172484287 0.01)
(1.5692828880413616 -0.34346706955392786 0.01)
(1.5692828880413616 0.34346706955392786 0.01)
(1.575 -0.23593749999999999 0.01)
(1.575 0.23593749999999999 0.01)
(1.576354348044894 -0.38118152290610113 0.01)
(1.576354348044894 0.38118152290610113 0.01)
(1.5772114624206022 -0.24773196624321187 0.01)
(1.5772114624206022 0.24773196624321187 0.01)
(1.5797546442042947 -0.2612956024229055 0.01)
(1.5797546442042947 0.2612956024229055 0.01)
(1.5826793032555411 -0.27689378402955317 0.01)
(1.5826793032555411 0.27689378402955317 0.01)
(1.5859375 -0.3984375 0.01)
(1.5859375 -0.38671875 0.01)
(1.5859375 -0.37938468191451874 0.01)
(1.5859375 0.37938468191451874 0.01)
(1.5859375 0.38671875 0.01)
(1.5859375 0.3984375 0.01)
(1.5860426611644747 -0.29483169287719801 0.01)
(1.5860426611644747 0.29483169287719801 0.01)
(1.5894060190734081 -0.31276960172484286 0.01)
(1.5894060190734081 0.31276960172484286 0.01)
(1.5942828880413615 -0.33877956955392785 0.01)
(1.5942828880413615 0.33877956955392785 0.01)
(1.6000000000000001 -0.23125000000000001 0.01)
(1.6000000000000001 0.23125000000000001 0.01)
(1.601354348044894 -0.37649402290610112 0.01)
(1.601354348044894 0.37649402290610112 0.01)
(1.6022114624206023 -0.24304446624321188 0.01)
(1.6022114624206023 0.24304446624321188 0.01)
(1.6047546442042948 -0.25660810242290549 0.01)
(1.6047546442042948 0.25660810242290549 0.01)
(1.6076793032555412 -0.27220628402955321 0.01)
(1.6076793032555412 0.27220628402955321 0.01)
(1.609375 -0.421875 0.01)
(1.609375 -0.3984375 0.01)
(1.609375 -0.38671875 0.01)
(1.609375 -0.375 0.01)
(1.609375 -0.37499015066451874 0.01)
(1.609375 0.37499015066451874 0.01)
(1.609375 0.375 0.01)
(1.609375 0.38671875 0.01)
(1.609375 0.3984375 0.01)
(1.609375 0.421875 0.01)
(1.6110426611644748 -0.29014419287719806 0.01)
(1.6110426611644748 0.29014419287719806 0.01)
(1.6144060190734082 -0.30808210172484291 0.01)
(1.6144060190734082 0.30808210172484291 0.01)
(1.6192828880413617 -0.3340920695539279 0.01)
(1.6192828880413617 0.3340920695539279 0.01)
(1.625 -0.2265625 0.01)
(1.625 0.2265625 0.01)
(1.6263543480448941 -0.37180652290610117 0.01)
(1.6263543480448941 0.37180652290610117 0.01)
(1.6272114624206022 -0.23835696624321187 0.01)
(1.6272114624206022 0.23835696624321187 0.01)
(1.6297546442042947 -0.25192060242290548 0.01)
(1.6297546442042947 0.25192060242290548 0.01)
(1.6326793032555413 -0.2675187840295532 0.01)
(1.6326793032555413 0.2675187840295532 0.01)
(1.6328125 -0.375 0.01)
(1.6328125 -0.3705956194145188 0.01)
(1.6328125 0.3705956194145188 0.01)
(1.6328125 0.375 0.01)
(1.6360426611644747 -0.28545669287719799 0.01)
(1.6360426611644747 0.28545669287719799 0.01)
(1.6394060190734081 -0.30339460172484284 0.01)
(1.6394060190734081 0.30339460172484284 0.01)
(1.6442828880413616 -0.32940456955392783 0.01)
(1.6442828880413616 0.32940456955392783 0.01)
(1.6499999999999999 -0.22187499999999999 0.01)
(1.6499999999999999 0.22187499999999999 0.01)
(1.6513543480448942 -0.3671190229061011 0.01)
(1.6513543480448942 0.3671190229061011 0.01)
(1.6522114624206021 -0.23366946624321186 0.01)
(1.6522114624206021 0.23366946624321186 0.01)
(1.6547546442042946 -0.2472331024229055 0.01)
(1.6547546442042946 0.2472331024229055 0.01)
(1.65625 -0.46875 0.01)
(1.65625 -0.421875 0.01)
(1.65625 -0.3984375 0.01)
(1.65625 -0.375 0.01)
(1.65625 -0.36620108816451874 0.01)
(1.65625 0.36620108816451874 0.01)
(1.65625 0.375 0.01)
(1.65625 0.3984375 0.01)
(1.65625 0.421875 0.01)
(1.65625 0.46875 0.01)
(1.657679303255541 -0.26283128402955319 0.01)
(1.657679303255541 0.26283128402955319 0.01)
(1.6610426611644746 -0.28076919287719804 0.01)
(1.6610426611644746 0.28076919287719804 0.01)
(1.664406019073408 -0.29870710172484288 0.01)
(1.664406019073408 0.29870710172484288 0.01)
(1.6692828880413615 -0.32471706955392787 0.01)
(1.6692828880413615 0.32471706955392787 0.01)
(1.675 -0.21718750000000001 0.01)
(1.675 0.21718750000000001 0.01)
(1.6763543480448939 -0.36243152290610114 0.01)
(1.6763543480448939 0.36243152290610114 0.01)
(1.6772114624206023 -0.22898196624321188 0.01)
(1.6772114624206023 0.22898196624321188 0.01)
(1.6796875 -0.375 0.01)
(1.6796875 -0.36328125 0.01)
(1.6796875 -0.36180655691451874 0.01)
(1.6796875 0.36180655691451874 0.01)
(1.6796875 0.36328125 0.01)
(1.6796875 0.375 0.01)
(1.6797546442042948 -0.24254560242290552 0.01)
(1.6797546442042948 0.24254560242290552 0.01)
(1.6826793032555412 -0.25814378402955318 0.01)
(1.6826793032555412 0.25814378402955318 0.01)
(1.6860426611644748 -0.27608169287719803 0.01)
(1.6860426611644748 0.27608169287719803 0.01)
(1.6894060190734081 -0.29401960172484287 0.01)
(1.6894060190734081 0.29401960172484287 0.01)
(1.6942828880413616 -0.32002956955392786 0.01)
(1.6942828880413616 0.32002956955392786 0.01)
(1.7 -0.21249999999999999 0.01)
(1.7 0.21249999999999999 0.01)
(1.701354348044894 -0.35774402290610113 0.01)
(1.701354348044894 0.35774402290610113 0.01)
(1.7022114624206022 -0.22429446624321187 0.01)
(1.7022114624206022 0.22429446624321187 0.01)
(1.703125 -0.421875 0.01)
(1.703125 -0.3984375 0.01)
(1.703125 -0.375 0.01)
(1.703125 -0.36328125 0.01)
(1.703125 -0.35741202566451874 0.01)
(1.703125 0.35741202566451874 0.01)
(1.703125 0.36328125 0.01)
(1.703125 0.375 0.01)
(1.703125 0.3984375 0.01)
(1.703125 0.421875 0.01)
(1.7047546442042947 -0.2378581024229055 0.01)
(1.7047546442042947 0.2378581024229055 0.01)
(1.7076793032555413 -0.25345628402955317 0.01)
(1.7076793032555413 0.25345628402955317 0.01)
(1.7110426611644747 -0.27139419287719801 0.01)
(1.7110426611644747 0.27139419287719801 0.01)
(1.7144060190734081 -0.28933210172484286 0.01)
(1.7144060190734081 0.28933210172484286 0.01)
(1.7192828880413615 -0.31534206955392785 0.01)
(1.7192828880413615 0.31534206955392785 0.01)
(1.7249999999999999 -0.20781250000000001 0.01)
(1.7249999999999999 0.20781250000000001 0.01)
(1.726354348044894 -0.35305652290610112 0.01)
(1.726354348044894 0.35305652290610112 0.01)
(1.7265625 -0.375 0.01)
(1.7265625 -0.36328125 0.01)
(1.7265625 -0.35301749441451874 0.01)
(1.7265625 0.35301749441451874 0.01)
(1.7265625 0.36328125 0.01)
(1.7265625 0.375 0.01)
(1.7272114624206021 -0.21960696624321188 0.01)
(1.7272114624206021 0.21960696624321188 0.01)
(1.7297546442042946 -0.23317060242290552 0.01)
(1.7297546442042946 0.23317060242290552 0.01)
(1.732679303255541 -0.24876878402955321 0.01)
(1.732679303255541 0.24876878402955321 0.01)
(1.7360426611644746 -0.26670669287719806 0.01)
(1.7360426611644746 0.26670669287719806 0.01)
(1.739406019073408 -0.28464460172484291 0.01)
(1.739406019073408 0.28464460172484291 0.01)
(1.7442828880413614 -0.3106545695539279 0.01)
(1.7442828880413614 0.3106545695539279 0.01)
(1.75 -1.5 0.01)
(1.75 -1.125 0.01)
(1.75 -0.9375 0.01)
(1.75 -0.75 0.01)
(1.75 -0.65625 0.01)
(1.75 -0.5625 0.01)
(1.75 -0.46875 0.01)
(1.75 -0.421875 0.01)
(1.75 -0.3984375 0.01)
(1.75 -0.375 0.01)
(1.75 -0.36328125 0.01)
(1.75 -0.3515625 0.01)
(1.75 -0.34862296316451874 0.01)
(1.75 -0.203125 0.01)
(1.75 0.203125 0.01)
(1.75 0.34862296316451874 0.01)
(1.75 0.3515625 0.01)
(1.75 0.36328125 0.01)
(1.75 0.375 0.01)
(1.75 0.3984375 0.01)
(1.75 0.421875 0.01)
(1.75 0.46875 0.01)
(1.75 0.5625 0.01)
(1.75 0.65625 0.01)
(1.75 0.75 0.01)
(1.75 0.9375 0.01)
(1.75 1.125 0.01)
(1.75 1.5 0.01)
(1.7513543480448939 -0.34836902290610117 0.01)
(1.7513543480448939 0.34836902290610117 0.01)
(1.7522114624206022 -0.21491946624321187 0.01)
(1.7522114624206022 0.21491946624321187 0.01)
(1.7547546442042947 -0.22848310242290551 0.01)
(1.7547546442042947 0.22848310242290551 0.01)
(1.7576793032555413 -0.2440812840295532 0.01)
(1.7576793032555413 0.2440812840295532 0.01)
(1.7610426611644747 -0.26201919287719805 0.01)
(1.7610426611644747 0.26201919287719805 0.01)
(1.7644060190734081 -0.27995710172484289 0.01)
(1.7644060190734081 0.27995710172484289 0.01)
(1.7692828880413616 -0.30596706955392788 0.01)
(1.7692828880413616 0.30596706955392788 0.01)
(1.7734375 -0.3515625 0.01)
(1.7734375 -0.3442284319145188 0.01)
(1.7734375 0.3442284319145188 0.01)
(1.7734375 0.3515625 0.01)
(1.7749999999999999 -0.19843749999999999 0.01)
(1.7749999999999999 0.19843749999999999 0.01)
(1.776354348044894 -0.34368152290610116 0.01)
(1.776354348044894 0.34368152290610116 0.01)
(1.7772114624206021 -0.21023196624321186 0.01)
(1.7772114624206021 0.21023196624321186 0.01)
(1.7797546442042946 -0.2237956024229055 0.01)
(1.7797546442042946 0.2237956024229055 0.01)
(1.7826793032555412 -0.23939378402955319 0.01)
(1.7826793032555412 0.23939378402955319 0.01)
(1.7860426611644746 -0.25733169287719804 0.01)
(1.7860426611644746 0.25733169287719804 0.01)
(1.789406019073408 -0.27526960172484288 0.01)
(1.789406019073408 0.27526960172484288 0.01)
(1.7942828880413615 -0.30127956955392787 0.01)
(1.7942828880413615 0.30127956955392787 0.01)
(1.796875 -0.375 0.01)
(1.796875 -0.3515625 0.01)
(1.796875 -0.33984375 0.01)
(1.796875 -0.3398339006645188 0.01)
(1.796875 0.3398339006645188 0.01)
(1.796875 0.33984375 0.01)
(1.796875 0.3515625 0.01)
(1.796875 0.375 0.01)
(1.7999999999999998 -0.19375000000000001 0.01)
(1.7999999999999998 0.19375000000000001 0.01)
(1.8013543480448941 -0.33899402290610114 0.01)
(1.8013543480448941 0.33899402290610114 0.01)
(1.802211462420602 -0.20554446624321188 0.01)
(1.802211462420602 0.20554446624321188 0.01)
(1.8047546442042945 -0.21910810242290552 0.01)
(1.8047546442042945 0.21910810242290552 0.01)
(1.8076793032555409 -0.23470628402955321 0.01)
(1.8076793032555409 0.23470628402955321 0.01)
(1.8110426611644745 -0.25264419287719803 0.01)
(1.8110426611644745 0.25264419287719803 0.01)
(1.8144060190734079 -0.27058210172484287 0.01)
(1.8144060190734079 0.27058210172484287 0.01)
(1.8192828880413614 -0.29659206955392786 0.01)
(1.8192828880413614 0.29659206955392786 0.01)
(1.8203125 -0.3515625 0.01)
(1.8203125 -0.33984375 0.01)
(1.8203125 -0.33543936941451874 0.01)
(1.8203125 0.33543936941451874 0.01)
(1.8203125 0.33984375 0.01)
(1.8203125 0.3515625 0.01)
(1.825 -0.18906249999999999 0.01)
(1.825 0.18906249999999999 0.01)
(1.8263543480448938 -0.33430652290610113 0.01)
(1.8263543480448938 0.33430652290610113 0.01)
(1.8272114624206022 -0.20085696624321187 0.01)
(1.8272114624206022 0.20085696624321187 0.01)
(1.8297546442042947 -0.2144206024229055 0.01)
(1.8297546442042947 0.2144206024229055 0.01)
(1.8326793032555411 -0.2300187840295532 0.01)
(1.8326793032555411 0.2300187840295532 0.01)
(1.8360426611644747 -0.24795669287719801 0.01)
(1.8360426611644747 0.24795669287719801 0.01)
(1.8394060190734081 -0.26589460172484286 0.01)
(1.8394060190734081 0.26589460172484286 0.01)
(1.84375 -0.46875 0.01)
(1.84375 -0.421875 0.01)
(1.84375 -0.375 0.01)
(1.84375 -0.3515625 0.01)
(1.84375 -0.33984375 0.01)
(1.84375 -0.33104483816451874 0.01)
(1.84375 0.33104483816451874 0.01)
(1.84375 0.33984375 0.01)
(1.84375 0.3515625 0.01)
(1.84375 0.375 0.01)
(1.84375 0.421875 0.01)
(1.84375 0.46875 0.01)
(1.8442828880413615 -0.29190456955392785 0.01)
(1.8442828880413615 0.29190456955392785 0.01)
(1.8499999999999999 -0.18437500000000001 0.01)
(1.8499999999999999 0.18437500000000001 0.01)
(1.851354348044894 -0.32961902290610112 0.01)
(1.851354348044894 0.32961902290610112 0.01)
(1.8522114624206021 -0.19616946624321188 0.01)
(1.8522114624206021 0.19616946624321188 0.01)
(1.8547546442042946 -0.20973310242290552 0.01)
(1.8547546442042946 0.20973310242290552 0.01)
(1.857679303255541 -0.22533128402955321 0.01)
(1.857679303255541 0.22533128402955321 0.01)
(1.8610426611644746 -0.24326919287719806 0.01)
(1.8610426611644746 0.24326919287719806 0.01)
(1.864406019073408 -0.26120710172484291 0.01)
(1.864406019073408 0.26120710172484291 0.01)
(1.8671875 -0.3515625 0.01)
(1.8671875 -0.33984375 0.01)
(1.8671875 -0.328125 0.01)
(1.8671875 -0.32665030691451874 0.01)
(1.8671875 0.32665030691451874 0.01)
(1.8671875 0.328125 0.01)
(1.8671875 0.33984375 0.01)
(1.8671875 0.3515625 0.01)
(1.8692828880413614 -0.2872170695539279 0.01)
(1.8692828880413614 0.2872170695539279 0.01)
(1.875 -0.1796875 0.01)
(1.875 0.1796875 0.01)
(1.8763543480448939 -0.32493152290610117 0.01)
(1.8763543480448939 0.32493152290610117 0.01)
(1.8772114624206022 -0.19148196624321187 0.01)
(1.8772114624206022 0.19148196624321187 0.01)
(1.8797546442042947 -0.20504560242290551 0.01)
(1.8797546442042947 0.20504560242290551 0.01)
(1.8826793032555413 -0.2206437840295532 0.01)
(1.8826793032555413 0.2206437840295532 0.01)
(1.8860426611644747 -0.23858169287719802 0.01)
(1.8860426611644747 0.23858169287719802 0.01)
(1.8894060190734081 -0.25651960172484284 0.01)
(1.8894060190734081 0.25651960172484284 0.01)
(1.890625 -0.375 0.01)
(1.890625 -0.3515625 0.01)
(1.890625 -0.33984375 0.01)
(1.890625 -0.328125 0.01)
(1.890625 -0.32225577566451874 0.01)
(1.890625 0.32225577566451874 0.01)
(1.890625 0.328125 0.01)
(1.890625 0.33984375 0.01)
(1.890625 0.3515625 0.01)
(1.890625 0.375 0.01)
(1.8942828880413616 -0.28252956955392788 0.01)
(1.8942828880413616 0.28252956955392788 0.01)
(1.8999999999999999 -0.17499999999999999 0.01)
(1.8999999999999999 0.17499999999999999 0.01)
(1.9013543480448942 -0.3202440229061011 0.01)
(1.9013543480448942 0.3202440229061011 0.01)
(1.9022114624206021 -0.18679446624321186 0.01)
(1.9022114624206021 0.18679446624321186 0.01)
(1.9047546442042946 -0.2003581024229055 0.01)
(1.9047546442042946 0.2003581024229055 0.01)
(1.9076793032555412 -0.21595628402955319 0.01)
(1.9076793032555412 0.21595628402955319 0.01)
(1.9110426611644746 -0.23389419287719801 0.01)
(1.9110426611644746 0.23389419287719801 0.01)
(1.9140625 -0.328125 0.01)
(1.9140625 -0.31786124441451874 0.01)
(1.9140625 0.31786124441451874 0.01)
(1.9140625 0.328125 0.01)
(1.914406019073408 -0.25183210172484283 0.01)
(1.914406019073408 0.25183210172484283 0.01)
(1.9192828880413615 -0.27784206955392787 0.01)
(1.9192828880413615 0.27784206955392787 0.01)
(1.9249999999999998 -0.17031250000000001 0.01)
(1.9249999999999998 0.17031250000000001 0.01)
(1.9263543480448939 -0.31555652290610109 0.01)
(1.9263543480448939 0.31555652290610109 0.01)
(1.927211462420602 -0.18210696624321188 0.01)
(1.927211462420602 0.18210696624321188 0.01)
(1.9297546442042945 -0.19567060242290552 0.01)
(1.9297546442042945 0.19567060242290552 0.01)
(1.9326793032555409 -0.21126878402955321 0.01)
(1.9326793032555409 0.21126878402955321 0.01)
(1.9360426611644745 -0.22920669287719803 0.01)
(1.9360426611644745 0.22920669287719803 0.01)
(1.9375 -0.5625 0.01)
(1.9375 -0.46875 0.01)
(1.9375 -0.421875 0.01)
(1.9375 -0.375 0.01)
(1.9375 -0.3515625 0.01)
(1.9375 -0.328125 0.01)
(1.9375 -0.31640625 0.01)
(1.9375 -0.31346671316451868 0.01)
(1.9375 0.31346671316451868 0.01)
(1.9375 0.31640625 0.01)
(1.9375 0.328125 0.01)
(1.9375 0.3515625 0.01)
(1.9375 0.375 0.01)
(1.9375 0.421875 0.01)
(1.9375 0.46875 0.01)
(1.9375 0.5625 0.01)
(1.9394060190734079 -0.24714460172484287 0.01)
(1.9394060190734079 0.24714460172484287 0.01)
(1.9442828880413614 -0.27315456955392786 0.01)
(1.9442828880413614 0.27315456955392786 0.01)
(1.95 -0.16562499999999999 0.01)
(1.95 0.16562499999999999 0.01)
(1.9513543480448938 -0.31086902290610113 0.01)
(1.9513543480448938 0.31086902290610113 0.01)
(1.9522114624206022 -0.17741946624321187 0.01)
(1.9522114624206022 0.17741946624321187 0.01)
(1.9547546442042947 -0.1909831024229055 0.01)
(1.9547546442042947 0.1909831024229055 0.01)
(1.9576793032555411 -0.2065812840295532 0.01)
(1.9576793032555411 0.2065812840295532 0.01)
(1.9609375 -0.328125 0.01)
(1.9609375 -0.31640625 0.01)
(1.9609375 -0.30907218191451874 0.01)
(1.9609375 0.30907218191451874 0.01)
(1.9609375 0.31640625 0.01)
(1.9609375 0.328125 0.01)
(1.9610426611644747 -0.22451919287719801 0.01)
(1.9610426611644747 0.22451919287719801 0.01)
(1.9644060190734081 -0.24245710172484286 0.01)
(1.9644060190734081 0.24245710172484286 0.01)
(1.9692828880413615 -0.26846706955392785 0.01)
(1.9692828880413615 0.26846706955392785 0.01)
(1.9749999999999999 -0.16093750000000001 0.01)
(1.9749999999999999 0.16093750000000001 0.01)
(1.976354348044894 -0.30618152290610112 0.01)
(1.976354348044894 0.30618152290610112 0.01)
(1.9772114624206021 -0.17273196624321188 0.01)
(1.9772114624206021 0.17273196624321188 0.01)
(1.9797546442042946 -0.18629560242290552 0.01)
(1.9797546442042946 0.18629560242290552 0.01)
(1.982679303255541 -0.20189378402955321 0.01)
(1.982679303255541 0.20189378402955321 0.01)
(1.984375 -0.375 0.01)
(1.984375 -0.3515625 0.01)
(1.984375 -0.328125 0.01)
(1.984375 -0.31640625 0.01)
(1.984375 -0.3046875 0.01)
(1.984375 -0.30467765066451874 0.01)
(1.984375 0.30467765066451874 0.01)
(1.984375 0.3046875 0.01)
(1.984375 0.31640625 0.01)
(1.984375 0.328125 0.01)
(1.984375 0.3515625 0.01)
(1.984375 0.375 0.01)
(1.9860426611644746 -0.21983169287719806 0.01)
(1.9860426611644746 0.21983169287719806 0.01)
(1.989406019073408 -0.23776960172484291 0.01)
(1.989406019073408 0.23776960172484291 0.01)
(1.9942828880413614 -0.2637795695539279 0.01)
(1.9942828880413614 0.2637795695539279 0.01)
(2 -0.15625 0.01)
(2 0.15625 0.01)
(2.0013543480448939 -0.30149402290610117 0.01)
(2.0013543480448939 0.30149402290610117 0.01)
(2.0022114624206022 -0.16804446624321187 0.01)
(2.0022114624206022 0.16804446624321187 0.01)
(2.0047546442042949 -0.18160810242290551 0.01)
(2.0047546442042949 0.18160810242290551 0.01)
(2.0076793032555411 -0.1972062840295532 0.01)
(2.0076793032555411 0.1972062840295532 0.01)
(2.0078125 -0.3046875 0.01)
(2.0078125 -0.30028311941451874 0.01)
(2.0078125 0.30028311941451874 0.01)
(2.0078125 0.3046875 0.01)
(2.0110426611644745 -0.21514419287719805 0.01)
(2.0110426611644745 0.21514419287719805 0.01)
(2.0144060190734079 -0.23308210172484289 0.01)
(2.0144060190734079 0.23308210172484289 0.01)
(2.0192828880413614 -0.25909206955392788 0.01)
(2.0192828880413614 0.25909206955392788 0.01)
(2.0249999999999999 -0.15156250000000002 0.01)
(2.0249999999999999 0.15156250000000002 0.01)
(2.0263543480448938 -0.29680652290610116 0.01)
(2.0263543480448938 0.29680652290610116 0.01)
(2.0272114624206021 -0.16335696624321189 0.01)
(2.0272114624206021 0.16335696624321189 0.01)
(2.0297546442042949 -0.17692060242290553 0.01)
(2.0297546442042949 0.17692060242290553 0.01)
(2.03125 -0.46875 0.01)
(2.03125 -0.421875 0.01)
(2.03125 -0.375 0.01)
(2.03125 -0.3515625 0.01)
(2.03125 -0.328125 0.01)
(2.03125 -0.3046875 0.01)
(2.03125 -0.29588858816451874 0.01)
(2.03125 0.29588858816451874 0.01)
(2.03125 0.3046875 0.01)
(2.03125 0.328125 0.01)
(2.03125 0.3515625 0.01)
(2.03125 0.375 0.01)
(2.03125 0.421875 0.01)
(2.03125 0.46875 0.01)
(2.032679303255541 -0.19251878402955319 0.01)
(2.032679303255541 0.19251878402955319 0.01)
(2.0360426611644744 -0.21045669287719804 0.01)
(2.0360426611644744 0.21045669287719804 0.01)
(2.0394060190734078 -0.22839460172484288 0.01)
(2.0394060190734078 0.22839460172484288 0.01)
(2.0442828880413613 -0.25440456955392787 0.01)
(2.0442828880413613 0.25440456955392787 0.01)
(2.0499999999999998 -0.14687500000000001 0.01)
(2.0499999999999998 0.14687500000000001 0.01)
(2.0513543480448937 -0.29211902290610114 0.01)
(2.0513543480448937 0.29211902290610114 0.01)
(2.052211462420602 -0.15866946624321188 0.01)
(2.052211462420602 0.15866946624321188 0.01)
(2.0546875 -0.3046875 0.01)
(2.0546875 -0.29296875 0.01)
(2.0546875 -0.29149405691451868 0.01)
(2.0546875 0.29149405691451868 0.01)
(2.0546875 0.29296875 0.01)
(2.0546875 0.3046875 0.01)
(2.0547546442042948 -0.17223310242290552 0.01)
(2.0547546442042948 0.17223310242290552 0.01)
(2.0576793032555409 -0.18783128402955318 0.01)
(2.0576793032555409 0.18783128402955318 0.01)
(2.0610426611644743 -0.20576919287719803 0.01)
(2.0610426611644743 0.20576919287719803 0.01)
(2.0644060190734077 -0.22370710172484287 0.01)
(2.0644060190734077 0.22370710172484287 0.01)
(2.0692828880413612 -0.24971706955392786 0.01)
(2.0692828880413612 0.24971706955392786 0.01)
(2.0749999999999997 -0.14218749999999999 0.01)
(2.0749999999999997 0.14218749999999999 0.01)
(2.0763543480448936 -0.28743152290610113 0.01)
(2.0763543480448936 0.28743152290610113 0.01)
(2.077211462420602 -0.15398196624321187 0.01)
(2.077211462420602 0.15398196624321187 0.01)
(2.078125 -0.328125 0.01)
(2.078125 -0.3046875 0.01)
(2.078125 -0.29296875 0.01)
(2.078125 -0.28709952566451868 0.01)
(2.078125 0.28709952566451868 0.01)
(2.078125 0.29296875 0.01)
(2.078125 0.3046875 0.01)
(2.078125 0.328125 0.01)
(2.0797546442042947 -0.1675456024229055 0.01)
(2.0797546442042947 0.1675456024229055 0.01)
(2.0826793032555408 -0.18314378402955317 0.01)
(2.0826793032555408 0.18314378402955317 0.01)
(2.0860426611644742 -0.20108169287719801 0.01)
(2.0860426611644742 0.20108169287719801 0.01)
(2.0894060190734076 -0.21901960172484286 0.01)
(2.0894060190734076 0.21901960172484286 0.01)
(2.0942828880413611 -0.24502956955392785 0.01)
(2.0942828880413611 0.24502956955392785 0.01)
(2.0999999999999996 -0.13750000000000001 0.01)
(2.0999999999999996 0.13750000000000001 0.01)
(2.1013543480448935 -0.28274402290610112 0.01)
(2.1013543480448935 0.28274402290610112 0.01)
(2.1015625 -0.3046875 0.01)
(2.1015625 -0.29296875 0.01)
(2.1015625 -0.28270499441451868 0.01)
(2.1015625 0.28270499441451868 0.01)
(2.1015625 0.29296875 0.01)
(2.1015625 0.3046875 0.01)
(2.1022114624206019 -0.14929446624321188 0.01)
(2.1022114624206019 0.14929446624321188 0.01)
(2.1047546442042946 -0.16285810242290552 0.01)
(2.1047546442042946 0.16285810242290552 0.01)
(2.1076793032555408 -0.17845628402955321 0.01)
(2.1076793032555408 0.17845628402955321 0.01)
(2.1110426611644741 -0.19639419287719806 0.01)
(2.1110426611644741 0.19639419287719806 0.01)
(2.1144060190734075 -0.21433210172484291 0.01)
(2.1144060190734075 0.21433210172484291 0.01)
(2.119282888041361 -0.24034206955392792 0.01)
(2.119282888041361 0.24034206955392792 0.01)
(2.125 -0.75 0.01)
(2.125 -0.5625 0.01)
(2.125 -0.46875 0.01)
(2.125 -0.421875 0.01)
(2.125 -0.375 0.01)
(2.125 -0.328125 0.01)
(2.125 -0.3046875 0.01)
(2.125 -0.29296875 0.01)
(2.125 -0.28125 0.01)
(2.125 -0.27831046316451868 0.01)
(2.125 -0.1328125 0.01)
(2.125 0.1328125 0.01)
(2.125 0.27831046316451868 0.01)
(2.125 0.28125 0.01)
(2.125 0.29296875 0.01)
(2.125 0.3046875 0.01)
(2.125 0.328125 0.01)
(2.125 0.375 0.01)
(2.125 0.421875 0.01)
(2.125 0.46875 0.01)
(2.125 0.5625 0.01)
(2.125 0.75 0.01)
(2.1263543480448934 -0.27805652290610117 0.01)
(2.1263543480448934 0.27805652290610117 0.01)
(2.1272114624206022 -0.14460696624321187 0.01)
(2.1272114624206022 0.14460696624321187 0.01)
(2.1297546442042949 -0.15817060242290551 0.01)
(2.1297546442042949 0.15817060242290551 0.01)
(2.1326793032555411 -0.1737687840295532 0.01)
(2.1326793032555411 0.1737687840295532 0.01)
(2.1360426611644745 -0.19170669287719805 0.01)
(2.1360426611644745 0.19170669287719805 0.01)
(2.1394060190734079 -0.20964460172484289 0.01)
(2.1394060190734079 0.20964460172484289 0.01)
(2.1442828880413614 -0.23565456955392791 0.01)
(2.1442828880413614 0.23565456955392791 0.01)
(2.1484375 -0.28125 0.01)
(2.1484375 -0.27391593191451874 0.01)
(2.1484375 0.27391593191451874 0.01)
(2.1484375 0.28125 0.01)
(2.1499999999999999 -0.12812500000000002 0.01)
(2.1499999999999999 0.12812500000000002 0.01)
(2.1513543480448938 -0.27336902290610116 0.01)
(2.1513543480448938 0.27336902290610116 0.01)
(2.1522114624206021 -0.13991946624321189 0.01)
(2.1522114624206021 0.13991946624321189 0.01)
(2.1547546442042949 -0.15348310242290553 0.01)
(2.1547546442042949 0.15348310242290553 0.01)
(2.157679303255541 -0.16908128402955319 0.01)
(2.157679303255541 0.16908128402955319 0.01)
(2.1610426611644744 -0.18701919287719804 0.01)
(2.1610426611644744 0.18701919287719804 0.01)
(2.1644060190734078 -0.20495710172484288 0.01)
(2.1644060190734078 0.20495710172484288 0.01)
(2.1692828880413613 -0.23096706955392787 0.01)
(2.1692828880413613 0.23096706955392787 0.01)
(2.171875 -0.328125 0.01)
(2.171875 -0.3046875 0.01)
(2.171875 -0.28125 0.01)
(2.171875 -0.26953125 0.01)
(2.171875 -0.26952140066451874 0.01)
(2.171875 0.26952140066451874 0.01)
(2.171875 0.26953125 0.01)
(2.171875 0.28125 0.01)
(2.171875 0.3046875 0.01)
(2.171875 0.328125 0.01)
(2.1749999999999998 -0.12343750000000001 0.01)
(2.1749999999999998 0.12343750000000001 0.01)
(2.1763543480448937 -0.26868152290610114 0.01)
(2.1763543480448937 0.26868152290610114 0.01)
(2.177211462420602 -0.13523196624321188 0.01)
(2.177211462420602 0.13523196624321188 0.01)
(2.1797546442042948 -0.14879560242290552 0.01)
(2.1797546442042948 0.14879560242290552 0.01)
(2.1826793032555409 -0.16439378402955318 0.01)
(2.1826793032555409 0.16439378402955318 0.01)
(2.1860426611644743 -0.18233169287719803 0.01)
(2.1860426611644743 0.18233169287719803 0.01)
(2.1894060190734077 -0.20026960172484287 0.01)
(2.1894060190734077 0.20026960172484287 0.01)
(2.1942828880413612 -0.22627956955392786 0.01)
(2.1942828880413612 0.22627956955392786 0.01)
(2.1953125 -0.28125 0.01)
(2.1953125 -0.26953125 0.01)
(2.1953125 -0.26512686941451868 0.01)
(2.1953125 0.26512686941451868 0.01)
(2.1953125 0.26953125 0.01)
(2.1953125 0.28125 0.01)
(2.1999999999999997 -0.11875000000000001 0.01)
(2.1999999999999997 0.11875000000000001 0.01)
(2.2013543480448936 -0.26399402290610113 0.01)
(2.2013543480448936 0.26399402290610113 0.01)
(2.202211462420602 -0.13054446624321187 0.01)
(2.202211462420602 0.13054446624321187 0.01)
(2.2047546442042947 -0.1441081024229055 0.01)
(2.2047546442042947 0.1441081024229055 0.01)
(2.2076793032555408 -0.1597062840295532 0.01)
(2.2076793032555408 0.1597062840295532 0.01)
(2.2110426611644742 -0.17764419287719801 0.01)
(2.2110426611644742 0.17764419287719801 0.01)
(2.2144060190734076 -0.19558210172484286 0.01)
(2.2144060190734076 0.19558210172484286 0.01)
(2.21875 -0.375 0.01)
(2.21875 -0.328125 0.01)
(2.21875 -0.3046875 0.01)
(2.21875 -0.28125 0.01)
(2.21875 -0.26953125 0.01)
(2.21875 -0.26073233816451868 0.01)
(2.21875 0.26073233816451868 0.01)
(2.21875 0.26953125 0.01)
(2.21875 0.28125 0.01)
(2.21875 0.3046875 0.01)
(2.21875 0.328125 0.01)
(2.21875 0.375 0.01)
(2.2192828880413611 -0.22159206955392785 0.01)
(2.2192828880413611 0.22159206955392785 0.01)
(2.2249999999999996 -0.11406250000000001 0.01)
(2.2249999999999996 0.11406250000000001 0.01)
(2.2263543480448935 -0.25930652290610112 0.01)
(2.2263543480448935 0.25930652290610112 0.01)
(2.2272114624206019 -0.12585696624321188 0.01)
(2.2272114624206019 0.12585696624321188 0.01)
(2.2297546442042946 -0.13942060242290552 0.01)
(2.2297546442042946 0.13942060242290552 0.01)
(2.2326793032555408 -0.15501878402955321 0.01)
(2.2326793032555408 0.15501878402955321 0.01)
(2.2360426611644741 -0.17295669287719806 0.01)
(2.2360426611644741 0.17295669287719806 0.01)
(2.2394060190734075 -0.19089460172484291 0.01)
(2.2394060190734075 0.19089460172484291 0.01)
(2.2421875 -0.28125 0.01)
(2.2421875 -0.26953125 0.01)
(2.2421875 -0.2578125 0.01)
(2.2421875 -0.25633780691451868 0.01)
(2.2421875 0.25633780691451868 0.01)
(2.2421875 0.2578125 0.01)
(2.2421875 0.26953125 0.01)
(2.2421875 0.28125 0.01)
(2.244282888041361 -0.21690456955392792 0.01)
(2.244282888041361 0.21690456955392792 0.01)
(2.25 -0.109375 0.01)
(2.25 0.109375 0.01)
(2.2513543480448934 -0.25461902290610117 0.01)
(2.2513543480448934 0.25461902290610117 0.01)
(2.2522114624206022 -0.12116946624321187 0.01)
(2.2522114624206022 0.12116946624321187 0.01)
(2.2547546442042949 -0.13473310242290551 0.01)
(2.2547546442042949 0.13473310242290551 0.01)
(2.2576793032555411 -0.1503312840295532 0.01)
(2.2576793032555411 0.1503312840295532 0.01)
(2.2610426611644745 -0.16826919287719805 0.01)
(2.2610426611644745 0.16826919287719805 0.01)
(2.2644060190734079 -0.18620710172484289 0.01)
(2.2644060190734079 0.18620710172484289 0.01)
(2.265625 -0.328125 0.01)
(2.265625 -0.3046875 0.01)
(2.265625 -0.28125 0.01)
(2.265625 -0.26953125 0.01)
(2.265625 -0.2578125 0.01)
(2.265625 -0.25194327566451874 0.01)
(2.265625 0.25194327566451874 0.01)
(2.265625 0.2578125 0.01)
(2.265625 0.26953125 0.01)
(2.265625 0.28125 0.01)
(2.265625 0.3046875 0.01)
(2.265625 0.328125 0.01)
(2.2692828880413614 -0.21221706955392791 0.01)
(2.2692828880413614 0.21221706955392791 0.01)
(2.2749999999999999 -0.1046875 0.01)
(2.2749999999999999 0.1046875 0.01)
(2.2763543480448938 -0.24993152290610116 0.01)
(2.2763543480448938 0.24993152290610116 0.01)
(2.2772114624206021 -0.11648196624321186 0.01)
(2.2772114624206021 0.11648196624321186 0.01)
(2.2797546442042949 -0.1300456024229055 0.01)
(2.2797546442042949 0.1300456024229055 0.01)
(2.282679303255541 -0.14564378402955319 0.01)
(2.282679303255541 0.14564378402955319 0.01)
(2.2860426611644744 -0.16358169287719804 0.01)
(2.2860426611644744 0.16358169287719804 0.01)
(2.2890625 -0.2578125 0.01)
(2.2890625 -0.24754874441451871 0.01)
(2.2890625 0.24754874441451871 0.01)
(2.2890625 0.2578125 0.01)
(2.2894060190734078 -0.18151960172484288 0.01)
(2.2894060190734078 0.18151960172484288 0.01)
(2.2942828880413613 -0.2075295695539279 0.01)
(2.2942828880413613 0.2075295695539279 0.01)
(2.2999999999999998 -0.10000000000000001 0.01)
(2.2999999999999998 0.10000000000000001 0.01)
(2.3013543480448937 -0.24524402290610114 0.01)
(2.3013543480448937 0.24524402290610114 0.01)
(2.3020684118521397 -0.11182128822479852 0.01)
(2.3020684118521397 0.11182128822479852 0.01)
(2.3044470854821011 -0.1254157696833168 0.01)
(2.3044470854821011 0.1254157696833168 0.01)
(2.3071825601565563 -0.14104942336061285 0.01)
(2.3071825601565563 0.14104942336061285 0.01)
(2.3103283560321799 -0.15902812508950329 0.01)
(2.3103283560321799 0.15902812508950329 0.01)
(2.3125 -0.5625 0.01)
(2.3125 -0.46875 0.01)
(2.3125 -0.375 0.01)
(2.3125 -0.328125 0.01)
(2.3125 -0.3046875 0.01)
(2.3125 -0.28125 0.01)
(2.3125 -0.2578125 0.01)
(2.3125 -0.24609375 0.01)
(2.3125 -0.24315421316451874 0.01)
(2.3125 0.24315421316451874 0.01)
(2.3125 0.24609375 0.01)
(2.3125 0.2578125 0.01)
(2.3125 0.28125 0.01)
(2.3125 0.3046875 0.01)
(2.3125 0.328125 0.01)
(2.3125 0.375 0.01)
(2.3125 0.46875 0.01)
(2.3125 0.5625 0.01)
(2.3134741519078035 -0.17700682681839372 0.01)
(2.3134741519078035 0.17700682681839372 0.01)
(2.3180355559274575 -0.20307594432528486 0.01)
(2.3180355559274575 0.20307594432528486 0.01)
(2.3246495917559562 -0.24087616471027701 0.01)
(2.3246495917559562 0.24087616471027701 0.01)
(2.3249999999999997 -0.095937500000000009 0.01)
(2.3249999999999997 0.095937500000000009 0.01)
(2.3269247528325163 -0.10778213281548732 0.01)
(2.3269247528325163 0.10778213281548732 0.01)
(2.3291382185899105 -0.12140346055329773 0.01)
(2.3291382185899105 0.12140346055329773 0.01)
(2.331683704210914 -0.13706798745177973 0.01)
(2.331683704210914 0.13706798745177973 0.01)
(2.3346110126750679 -0.15508219338503398 0.01)
(2.3346110126750679 0.15508219338503398 0.01)
(2.3359375 -0.2578125 0.01)
(2.3359375 -0.24609375 0.01)
(2.3359375 -0.23904187962061987 0.01)
(2.3359375 0.23904187962061987 0.01)
(2.3359375 0.24609375 0.01)
(2.3359375 0.2578125 0.01)
(2.3375383211392218 -0.17309639931828824 0.01)
(2.3375383211392218 0.17309639931828824 0.01)
(2.3417829184122447 -0.19921699792150693 0.01)
(2.3417829184122447 0.19921699792150693 0.01)
(2.3479375844581281 -0.23709186589617404 0.01)
(2.3479375844581281 0.23709186589617404 0.01)
(2.3499999999999996 -0.091875000000000012 0.01)
(2.3499999999999996 0.091875000000000012 0.01)
(2.3519247528325162 -0.10371963281548732 0.01)
(2.3519247528325162 0.10371963281548732 0.01)
(2.3541382185899105 -0.11734096055329775 0.01)
(2.3541382185899105 0.11734096055329775 0.01)
(2.3566837042109139 -0.13300548745177973 0.01)
(2.3566837042109139 0.13300548745177973 0.01)
(2.359375 -0.28125 0.01)
(2.359375 -0.2578125 0.01)
(2.359375 -0.24609375 0.01)
(2.359375 -0.23523328587061984 0.01)
(2.359375 0.23523328587061984 0.01)
(2.359375 0.24609375 0.01)
(2.359375 0.2578125 0.01)
(2.359375 0.28125 0.01)
(2.3596110126750678 -0.15101969338503399 0.01)
(2.3596110126750678 0.15101969338503399 0.01)
(2.3625383211392217 -0.16903389931828827 0.01)
(2.3625383211392217 0.16903389931828827 0.01)
(2.3667829184122446 -0.19515449792150696 0.01)
(2.3667829184122446 0.19515449792150696 0.01)
(2.372937584458128 -0.23302936589617404 0.01)
(2.372937584458128 0.23302936589617404 0.01)
(2.375 -0.087812500000000002 0.01)
(2.375 0.087812500000000002 0.01)
(2.3769247528325166 -0.099657132815487326 0.01)
(2.3769247528325166 0.099657132815487326 0.01)
(2.3791382185899108 -0.11327846055329774 0.01)
(2.3791382185899108 0.11327846055329774 0.01)
(2.3816837042109142 -0.12894298745177971 0.01)
(2.3816837042109142 0.12894298745177971 0.01)
(2.3828125 -0.2578125 0.01)
(2.3828125 -0.24609375 0.01)
(2.3828125 -0.234375 0.01)
(2.3828125 -0.23142469212061986 0.01)
(2.3828125 0.23142469212061986 0.01)
(2.3828125 0.234375 0.01)
(2.3828125 0.24609375 0.01)
(2.3828125 0.2578125 0.01)
(2.3846110126750681 -0.14695719338503399 0.01)
(2.3846110126750681 0.14695719338503399 0.01)
(2.387538321139222 -0.16497139931828825 0.01)
(2.387538321139222 0.16497139931828825 0.01)
(2.391782918412245 -0.19109199792150694 0.01)
(2.391782918412245 0.19109199792150694 0.01)
(2.3979375844581283 -0.22896686589617404 0.01)
(2.3979375844581283 0.22896686589617404 0.01)
(2.3999999999999999 -0.083750000000000005 0.01)
(2.3999999999999999 0.083750000000000005 0.01)
(2.4019247528325165 -0.095594632815487315 0.01)
(2.4019247528325165 0.095594632815487315 0.01)
(2.4041382185899107 -0.10921596055329773 0.01)
(2.4041382185899107 0.10921596055329773 0.01)
(2.40625 -0.375 0.01)
(2.40625 -0.328125 0.01)
(2.40625 -0.28125 0.01)
(2.40625 -0.2578125 0.01)
(2.40625 -0.24609375 0.01)
(2.40625 -0.234375 0.01)
(2.40625 -0.22761609837061988 0.01)
(2.40625 0.22761609837061988 0.01)
(2.40625 0.234375 0.01)
(2.40625 0.24609375 0.01)
(2.40625 0.2578125 0.01)
(2.40625 0.28125 0.01)
(2.40625 0.328125 0.01)
(2.40625 0.375 0.01)
(2.4066837042109142 -0.12488048745177971 0.01)
(2.4066837042109142 0.12488048745177971 0.01)
(2.4096110126750681 -0.14289469338503397 0.01)
(2.4096110126750681 0.14289469338503397 0.01)
(2.412538321139222 -0.16090889931828822 0.01)
(2.412538321139222 0.16090889931828822 0.01)
(2.4167829184122449 -0.18702949792150692 0.01)
(2.4167829184122449 0.18702949792150692 0.01)
(2.4229375844581282 -0.22490436589617402 0.01)
(2.4229375844581282 0.22490436589617402 0.01)
(2.4249999999999998 -0.079687500000000008 0.01)
(2.4249999999999998 0.079687500000000008 0.01)
(2.4269247528325164 -0.091532132815487333 0.01)
(2.4269247528325164 0.091532132815487333 0.01)
(2.4291382185899106 -0.10515346055329775 0.01)
(2.4291382185899106 0.10515346055329775 0.01)
(2.4296875 -0.234375 0.01)
(2.4296875 -0.22380750462061985 0.01)
(2.4296875 0.22380750462061985 0.01)
(2.4296875 0.234375 0.01)
(2.4316837042109141 -0.12081798745177971 0.01)
(2.4316837042109141 0.12081798745177971 0.01)
(2.434611012675068 -0.138832193385034 0.01)
(2.434611012675068 0.138832193385034 0.01)
(2.4375383211392219 -0.15684639931828825 0.01)
(2.4375383211392219 0.15684639931828825 0.01)
(2.4417829184122448 -0.18296699792150695 0.01)
(2.4417829184122448 0.18296699792150695 0.01)
(2.4479375844581281 -0.22084186589617405 0.01)
(2.4479375844581281 0.22084186589617405 0.01)
(2.4500000000000002 -0.075624999999999998 0.01)
(2.4500000000000002 0.075624999999999998 0.01)
(2.4519247528325168 -0.087469632815487308 0.01)
(2.4519247528325168 0.087469632815487308 0.01)
(2.453125 -0.28125 0.01)
(2.453125 -0.2578125 0.01)
(2.453125 -0.234375 0.01)
(2.453125 -0.22265625 0.01)
(2.453125 -0.21999891087061987 0.01)
(2.453125 0.21999891087061987 0.01)
(2.453125 0.22265625 0.01)
(2.453125 0.234375 0.01)
(2.453125 0.2578125 0.01)
(2.453125 0.28125 0.01)
(2.454138218589911 -0.10109096055329773 0.01)
(2.454138218589911 0.10109096055329773 0.01)
(2.4566837042109144 -0.11675548745177972 0.01)
(2.4566837042109144 0.11675548745177972 0.01)
(2.4596110126750683 -0.13476969338503397 0.01)
(2.4596110126750683 0.13476969338503397 0.01)
(2.4625383211392222 -0.15278389931828823 0.01)
(2.4625383211392222 0.15278389931828823 0.01)
(2.4667829184122452 -0.17890449792150692 0.01)
(2.4667829184122452 0.17890449792150692 0.01)
(2.4729375844581285 -0.21677936589617403 0.01)
(2.4729375844581285 0.21677936589617403 0.01)
(2.4750000000000001 -0.071562500000000001 0.01)
(2.4750000000000001 0.071562500000000001 0.01)
(2.4765625 -0.234375 0.01)
(2.4765625 -0.22265625 0.01)
(2.4765625 -0.2161903171206199 0.01)
(2.4765625 0.2161903171206199 0.01)
(2.4765625 0.22265625 0.01)
(2.4765625 0.234375 0.01)
(2.4769247528325167 -0.083407132815487312 0.01)
(2.4769247528325167 0.083407132815487312 0.01)
(2.4791382185899109 -0.097028460553297724 0.01)
(2.4791382185899109 0.097028460553297724 0.01)
(2.4816837042109143 -0.11269298745177971 0.01)
(2.4816837042109143 0.11269298745177971 0.01)
(2.4846110126750682 -0.13070719338503398 0.01)
(2.4846110126750682 0.13070719338503398 0.01)
(2.4875383211392221 -0.14872139931828823 0.01)
(2.4875383211392221 0.14872139931828823 0.01)
(2.4917829184122451 -0.17484199792150693 0.01)
(2.4917829184122451 0.17484199792150693 0.01)
(2.4979375844581284 -0.212716865896174 0.01)
(2.4979375844581284 0.212716865896174 0.01)
(2.5 -1.5 0.01)
(2.5 -1.125 0.01)
(2.5 -0.75 0.01)
(2.5 -0.5625 0.01)
(2.5 -0.46875 0.01)
(2.5 -0.375 0.01)
(2.5 -0.328125 0.01)
(2.5 -0.28125 0.01)
(2.5 -0.2578125 0.01)
(2.5 -0.234375 0.01)
(2.5 -0.22265625 0.01)
(2.5 -0.21238172337061986 0.01)
(2.5 -0.067500000000000004 0.01)
(2.5 0.067500000000000004 0.01)
(2.5 0.21238172337061986 0.01)
(2.5 0.22265625 0.01)
(2.5 0.234375 0.01)
(2.5 0.2578125 0.01)
(2.5 0.28125 0.01)
(2.5 0.328125 0.01)
(2.5 0.375 0.01)
(2.5 0.46875 0.01)
(2.5 0.5625 0.01)
(2.5 0.75 0.01)
(2.5 1.125 0.01)
(2.5 1.5 0.01)
(2.5019247528325166 -0.079344632815487315 0.01)
(2.5019247528325166 0.079344632815487315 0.01)
(2.5041382185899108 -0.092965960553297727 0.01)
(2.5041382185899108 0.092965960553297727 0.01)
(2.5066837042109142 -0.10863048745177971 0.01)
(2.5066837042109142 0.10863048745177971 0.01)
(2.5096110126750681 -0.12664469338503398 0.01)
(2.5096110126750681 0.12664469338503398 0.01)
(2.512538321139222 -0.14465889931828824 0.01)
(2.512538321139222 0.14465889931828824 0.01)
(2.516782918412245 -0.17077949792150693 0.01)
(2.516782918412245 0.17077949792150693 0.01)
(2.5229375844581283 -0.20865436589617403 0.01)
(2.5229375844581283 0.20865436589617403 0.01)
(2.5234375 -0.234375 0.01)
(2.5234375 -0.22265625 0.01)
(2.5234375 -0.2109375 0.01)
(2.5234375 -0.20857312962061988 0.01)
(2.5234375 0.20857312962061988 0.01)
(2.5234375 0.2109375 0.01)
(2.5234375 0.22265625 0.01)
(2.5234375 0.234375 0.01)
(2.5249999999999999 -0.063437500000000008 0.01)
(2.5249999999999999 0.063437500000000008 0.01)
(2.5269247528325165 -0.075282132815487318 0.01)
(2.5269247528325165 0.075282132815487318 0.01)
(2.5291382185899107 -0.088903460553297731 0.01)
(2.5291382185899107 0.088903460553297731 0.01)
(2.5316837042109142 -0.10456798745177971 0.01)
(2.5316837042109142 0.10456798745177971 0.01)
(2.5346110126750681 -0.12258219338503398 0.01)
(2.5346110126750681 0.12258219338503398 0.01)
(2.537538321139222 -0.14059639931828824 0.01)
(2.537538321139222 0.14059639931828824 0.01)
(2.5417829184122449 -0.16671699792150693 0.01)
(2.5417829184122449 0.16671699792150693 0.01)
(2.546875 -0.28125 0.01)
(2.546875 -0.2578125 0.01)
(2.546875 -0.234375 0.01)
(2.546875 -0.22265625 0.01)
(2.546875 -0.2109375 0.01)
(2.546875 -0.20476453587061985 0.01)
(2.546875 0.20476453587061985 0.01)
(2.546875 0.2109375 0.01)
(2.546875 0.22265625 0.01)
(2.546875 0.234375 0.01)
(2.546875 0.2578125 0.01)
(2.546875 0.28125 0.01)
(2.5479375844581282 -0.20459186589617401 0.01)
(2.5479375844581282 0.20459186589617401 0.01)
(2.5499999999999998 -0.059375000000000004 0.01)
(2.5499999999999998 0.059375000000000004 0.01)
(2.5519247528325164 -0.071219632815487321 0.01)
(2.5519247528325164 0.071219632815487321 0.01)
(2.5541382185899106 -0.084840960553297734 0.01)
(2.5541382185899106 0.084840960553297734 0.01)
(2.5566837042109141 -0.10050548745177973 0.01)
(2.5566837042109141 0.10050548745177973 0.01)
(2.559611012675068 -0.11851969338503399 0.01)
(2.559611012675068 0.11851969338503399 0.01)
(2.5625383211392219 -0.13653389931828824 0.01)
(2.5625383211392219 0.13653389931828824 0.01)
(2.5667829184122448 -0.16265449792150694 0.01)
(2.5667829184122448 0.16265449792150694 0.01)
(2.5703125 -0.2109375 0.01)
(2.5703125 -0.20095594212061987 0.01)
(2.5703125 0.20095594212061987 0.01)
(2.5703125 0.2109375 0.01)
(2.5729375844581281 -0.20052936589617404 0.01)
(2.5729375844581281 0.20052936589617404 0.01)
(2.5750000000000002 -0.055312500000000001 0.01)
(2.5750000000000002 0.055312500000000001 0.01)
(2.5769247528325168 -0.067157132815487325 0.01)
(2.5769247528325168 0.067157132815487325 0.01)
(2.579138218589911 -0.080778460553297737 0.01)
(2.579138218589911 0.080778460553297737 0.01)
(2.5816837042109144 -0.096442987451779719 0.01)
(2.5816837042109144 0.096442987451779719 0.01)
(2.5846110126750683 -0.11445719338503399 0.01)
(2.5846110126750683 0.11445719338503399 0.01)
(2.5875383211392222 -0.13247139931828825 0.01)
(2.5875383211392222 0.13247139931828825 0.01)
(2.5917829184122452 -0.15859199792150694 0.01)
(2.5917829184122452 0.15859199792150694 0.01)
(2.59375 -0.375 0.01)
(2.59375 -0.328125 0.01)
(2.59375 -0.28125 0.01)
(2.59375 -0.2578125 0.01)
(2.59375 -0.234375 0.01)
(2.59375 -0.2109375 0.01)
(2.59375 -0.19921875 0.01)
(2.59375 -0.1971473483706199 0.01)
(2.59375 0.1971473483706199 0.01)
(2.59375 0.19921875 0.01)
(2.59375 0.2109375 0.01)
(2.59375 0.234375 0.01)
(2.59375 0.2578125 0.01)
(2.59375 0.28125 0.01)
(2.59375 0.328125 0.01)
(2.59375 0.375 0.01)
(2.5979375844581285 -0.19646686589617401 0.01)
(2.5979375844581285 0.19646686589617401 0.01)
(2.6000000000000001 -0.051250000000000004 0.01)
(2.6000000000000001 0.051250000000000004 0.01)
(2.6019247528325167 -0.063094632815487314 0.01)
(2.6019247528325167 0.063094632815487314 0.01)
(2.6041382185899109 -0.076715960553297727 0.01)
(2.6041382185899109 0.076715960553297727 0.01)
(2.6066837042109143 -0.092380487451779708 0.01)
(2.6066837042109143 0.092380487451779708 0.01)
(2.6096110126750682 -0.11039469338503397 0.01)
(2.6096110126750682 0.11039469338503397 0.01)
(2.6125383211392221 -0.12840889931828822 0.01)
(2.6125383211392221 0.12840889931828822 0.01)
(2.6167829184122451 -0.15452949792150691 0.01)
(2.6167829184122451 0.15452949792150691 0.01)
(2.6171875 -0.2109375 0.01)
(2.6171875 -0.19921875 0.01)
(2.6171875 -0.19333875462061986 0.01)
(2.6171875 0.19333875462061986 0.01)
(2.6171875 0.19921875 0.01)
(2.6171875 0.2109375 0.01)
(2.6229375844581284 -0.19240436589617399 0.01)
(2.6229375844581284 0.19240436589617399 0.01)
(2.625 -0.047187500000000007 0.01)
(2.625 0.047187500000000007 0.01)
(2.6269247528325166 -0.059032132815487325 0.01)
(2.6269247528325166 0.059032132815487325 0.01)
(2.6291382185899108 -0.072653460553297744 0.01)
(2.6291382185899108 0.072653460553297744 0.01)
(2.6316837042109142 -0.088317987451779725 0.01)
(2.6316837042109142 0.088317987451779725 0.01)
(2.6346110126750681 -0.106332193385034 0.01)
(2.6346110126750681 0.106332193385034 0.01)
(2.637538321139222 -0.12434639931828827 0.01)
(2.637538321139222 0.12434639931828827 0.01)
(2.640625 -0.234375 0.01)
(2.640625 -0.2109375 0.01)
(2.640625 -0.19921875 0.01)
(2.640625 -0.18953016087061991 0.01)
(2.640625 0.18953016087061991 0.01)
(2.640625 0.19921875 0.01)
(2.640625 0.2109375 0.01)
(2.640625 0.234375 0.01)
(2.641782918412245 -0.15046699792150697 0.01)
(2.641782918412245 0.15046699792150697 0.01)
(2.6479375844581283 -0.18834186589617408 0.01)
(2.6479375844581283 0.18834186589617408 0.01)
(2.6500000000000004 -0.043125000000000004 0.01)
(2.6500000000000004 0.043125000000000004 0.01)
(2.6519247528325169 -0.054969632815487321 0.01)
(2.6519247528325169 0.054969632815487321 0.01)
(2.6541382185899112 -0.068590960553297747 0.01)
(2.6541382185899112 0.068590960553297747 0.01)
(2.6566837042109146 -0.084255487451779715 0.01)
(2.6566837042109146 0.084255487451779715 0.01)
(2.6596110126750685 -0.102269693385034 0.01)
(2.6596110126750685 0.102269693385034 0.01)
(2.6625383211392224 -0.12028389931828827 0.01)
(2.6625383211392224 0.12028389931828827 0.01)
(2.6640625 -0.2109375 0.01)
(2.6640625 -0.19921875 0.01)
(2.6640625 -0.1875 0.01)
(2.6640625 -0.18572156712061996 0.01)
(2.6640625 0.18572156712061996 0.01)
(2.6640625 0.1875 0.01)
(2.6640625 0.19921875 0.01)
(2.6640625 0.2109375 0.01)
(2.6667829184122454 -0.14640449792150695 0.01)
(2.6667829184122454 0.14640449792150695 0.01)
(2.6729375844581287 -0.18427936589617405 0.01)
(2.6729375844581287 0.18427936589617405 0.01)
(2.6750000000000003 -0.0390625 0.01)
(2.6750000000000003 0.0390625 0.01)
(2.6769247528325169 -0.050907132815487317 0.01)
(2.6769247528325169 0.050907132815487317 0.01)
(2.6791382185899111 -0.064528460553297723 0.01)
(2.6791382185899111 0.064528460553297723 0.01)
(2.6816837042109145 -0.080192987451779704 0.01)
(2.6816837042109145 0.080192987451779704 0.01)
(2.6846110126750684 -0.098207193385033975 0.01)
(2.6846110126750684 0.098207193385033975 0.01)
(2.6875 -0.5625 0.01)
(2.6875 -0.46875 0.01)
(2.6875 -0.375 0.01)
(2.6875 -0.328125 0.01)
(2.6875 -0.28125 0.01)
(2.6875 -0.234375 0.01)
(2.6875 -0.2109375 0.01)
(2.6875 -0.19921875 0.01)
(2.6875 -0.1875 0.01)
(2.6875 -0.18191297337061996 0.01)
(2.6875 0.18191297337061996 0.01)
(2.6875 0.1875 0.01)
(2.6875 0.19921875 0.01)
(2.6875 0.2109375 0.01)
(2.6875 0.234375 0.01)
(2.6875 0.28125 0.01)
(2.6875 0.328125 0.01)
(2.6875 0.375 0.01)
(2.6875 0.46875 0.01)
(2.6875 0.5625 0.01)
(2.6875383211392223 -0.11622139931828823 0.01)
(2.6875383211392223 0.11622139931828823 0.01)
(2.6917829184122453 -0.14234199792150692 0.01)
(2.6917829184122453 0.14234199792150692 0.01)
(2.697937584458129 -0.18021686589617397 0.01)
(2.697937584458129 0.18021686589617397 0.01)
(2.7000000000000002 -0.035000000000000003 0.01)
(2.7000000000000002 0.035000000000000003 0.01)
(2.7016584982328755 -0.046887899187929065 0.01)
(2.7016584982328755 0.046887899187929065 0.01)
(2.7035657712006818 -0.060558983254047481 0.01)
(2.7035657712006818 0.060558983254047481 0.01)
(2.7057591351136594 -0.076280729930083668 0.01)
(2.7057591351136594 0.076280729930083668 0.01)
(2.7082815036135832 -0.094360738607525266 0.01)
(2.7082815036135832 0.094360738607525266 0.01)
(2.7108038721135075 -0.11244074728496686 0.01)
(2.7108038721135075 0.11244074728496686 0.01)
(2.7109375 -0.1875 0.01)
(2.7109375 -0.17810437962061992 0.01)
(2.7109375 0.17810437962061992 0.01)
(2.7109375 0.1875 0.01)
(2.7144613064383973 -0.13865675986725717 0.01)
(2.7144613064383973 0.13865675986725717 0.01)
(2.7197645862094877 -0.17666997811157814 0.01)
(2.7197645862094877 0.17666997811157814 0.01)
(2.734375 -0.234375 0.01)
(2.734375 -0.2109375 0.01)
(2.734375 -0.1875 0.01)
(2.734375 -0.17578125 0.01)
(2.734375 -0.17496542983601837 0.01)
(2.734375 0.17496542983601837 0.01)
(2.734375 0.17578125 0.01)
(2.734375 0.1875 0.01)
(2.734375 0.2109375 0.01)
(2.734375 0.234375 0.01)
(2.7375000000000003 -0.030625000000000003 0.01)
(2.7375000000000003 0.030625000000000003 0.01)
(2.7388905683947224 -0.042544157669046921 0.01)
(2.7388905683947224 0.042544157669046921 0.01)
(2.740489722048653 -0.05625118898845087 0.01)
(2.740489722048653 0.05625118898845087 0.01)
(2.7423287487506727 -0.072014275005765419 0.01)
(2.7423287487506727 0.072014275005765419 0.01)
(2.7444436294579959 -0.090141823925677142 0.01)
(2.7444436294579959 0.090141823925677142 0.01)
(2.7465585101653192 -0.10826937284558887 0.01)
(2.7465585101653192 0.10826937284558887 0.01)
(2.7496250871909371 -0.13455431877946086 0.01)
(2.7496250871909371 0.13455431877946086 0.01)
(2.7503333333333333 -0.140625 0.01)
(2.7503333333333333 0.140625 0.01)
(2.7517005208333334 -0.15234375 0.01)
(2.7517005208333334 0.15234375 0.01)
(2.7530677083333335 -0.1640625 0.01)
(2.7530677083333335 0.1640625 0.01)
(2.754071623878084 -0.17266749038357526 0.01)
(2.754071623878084 0.17266749038357526 0.01)
(2.7578125 -0.1875 0.01)
(2.7578125 -0.17578125 0.01)
(2.7578125 -0.1640625 0.01)
(2.7578125 -0.15234375 0.01)
(2.7578125 -0.140625 0.01)
(2.7578125 -0.13359912061840354 0.01)
(2.7578125 0.13359912061840354 0.01)
(2.7578125 0.140625 0.01)
(2.7578125 0.15234375 0.01)
(2.7578125 0.1640625 0.01)
(2.7578125 0.17578125 0.01)
(2.7578125 0.1875 0.01)
(2.7750000000000004 -0.026250000000000002 0.01)
(2.7750000000000004 0.026250000000000002 0.01)
(2.7763905683947225 -0.038169157669046924 0.01)
(2.7763905683947225 0.038169157669046924 0.01)
(2.7779897220486531 -0.051876188988450873 0.01)
(2.7779897220486531 0.051876188988450873 0.01)
(2.7798287487506732 -0.067639275005765415 0.01)
(2.7798287487506732 0.067639275005765415 0.01)
(2.78125 -0.28125 0.01)
(2.78125 -0.234375 0.01)
(2.78125 -0.2109375 0.01)
(2.78125 -0.1875 0.01)
(2.78125 -0.17578125 0.01)
(2.78125 -0.1640625 0.01)
(2.78125 -0.15234375 0.01)
(2.78125 -0.140625 0.01)
(2.78125 -0.13086474561840358 0.01)
(2.78125 0.13086474561840358 0.01)
(2.78125 0.140625 0.01)
(2.78125 0.15234375 0.01)
(2.78125 0.1640625 0.01)
(2.78125 0.17578125 0.01)
(2.78125 0.1875 0.01)
(2.78125 0.2109375 0.01)
(2.78125 0.234375 0.01)
(2.78125 0.28125 0.01)
(2.781943629457996 -0.085766823925677138 0.01)
(2.781943629457996 0.085766823925677138 0.01)
(2.7840585101653192 -0.10389437284558886 0.01)
(2.7840585101653192 0.10389437284558886 0.01)
(2.7842421875000007 -0.10546875 0.01)
(2.7842421875000007 0.10546875 0.01)
(2.7856093750000004 -0.1171875 0.01)
(2.7856093750000004 0.1171875 0.01)
(2.7869765625000005 -0.12890625 0.01)
(2.7869765625000005 0.12890625 0.01)
(2.7871250871909377 -0.13017931877946087 0.01)
(2.7871250871909377 0.13017931877946087 0.01)
(2.8046875 -0.140625 0.01)
(2.8046875 -0.12890625 0.01)
(2.8046875 -0.1171875 0.01)
(2.8046875 -0.10546875 0.01)
(2.8046875 -0.10148765736487608 0.01)
(2.8046875 0.10148765736487608 0.01)
(2.8046875 0.10546875 0.01)
(2.8046875 0.1171875 0.01)
(2.8046875 0.12890625 0.01)
(2.8046875 0.140625 0.01)
(2.8125 -0.021875000000000002 0.01)
(2.8125 0.021875000000000002 0.01)
(2.8138905683947222 -0.03379415766904692 0.01)
(2.8138905683947222 0.03379415766904692 0.01)
(2.8154897220486528 -0.047501188988450876 0.01)
(2.8154897220486528 0.047501188988450876 0.01)
(2.8173287487506729 -0.063264275005765425 0.01)
(2.8173287487506729 0.063264275005765425 0.01)
(2.8194436294579956 -0.081391823925677148 0.01)
(2.8194436294579956 0.081391823925677148 0.01)
(2.8208854166666666 -0.09375 0.01)
(2.8208854166666666 0.09375 0.01)
(2.8215585101653189 -0.099519372845588872 0.01)
(2.8215585101653189 0.099519372845588872 0.01)
(2.828125 -0.1875 0.01)
(2.828125 -0.1640625 0.01)
(2.828125 -0.140625 0.01)
(2.828125 -0.12890625 0.01)
(2.828125 -0.1171875 0.01)
(2.828125 -0.10546875 0.01)
(2.828125 -0.09375 0.01)
(2.828125 -0.08203125 0.01)
(2.828125 -0.080378997362443305 0.01)
(2.828125 0.080378997362443305 0.01)
(2.828125 0.08203125 0.01)
(2.828125 0.09375 0.01)
(2.828125 0.10546875 0.01)
(2.828125 0.1171875 0.01)
(2.828125 0.12890625 0.01)
(2.828125 0.140625 0.01)
(2.828125 0.1640625 0.01)
(2.828125 0.1875 0.01)
(2.8500000000000001 -0.017500000000000002 0.01)
(2.8500000000000001 0.017500000000000002 0.01)
(2.8513905683947223 -0.02941915766904692 0.01)
(2.8513905683947223 0.02941915766904692 0.01)
(2.8515625 -0.09375 0.01)
(2.8515625 -0.08203125 0.01)
(2.8515625 -0.077644622362443308 0.01)
(2.8515625 0.077644622362443308 0.01)
(2.8515625 0.08203125 0.01)
(2.8515625 0.09375 0.01)
(2.8529897220486529 -0.043126188988450873 0.01)
(2.8529897220486529 0.043126188988450873 0.01)
(2.8548287487506725 -0.058889275005765421 0.01)
(2.8548287487506725 0.058889275005765421 0.01)
(2.8561614583333332 -0.0703125 0.01)
(2.8561614583333332 0.0703125 0.01)
(2.8569436294579957 -0.077016823925677144 0.01)
(2.8569436294579957 0.077016823925677144 0.01)
(2.875 -0.75 0.01)
(2.875 -0.5625 0.01)
(2.875 -0.46875 0.01)
(2.875 -0.375 0.01)
(2.875 -0.28125 0.01)
(2.875 -0.234375 0.01)
(2.875 -0.1875 0.01)
(2.875 -0.1640625 0.01)
(2.875 -0.140625 0.01)
(2.875 -0.1171875 0.01)
(2.875 -0.09375 0.01)
(2.875 -0.08203125 0.01)
(2.875 -0.0703125 0.01)
(2.875 -0.05859375 0.01)
(2.875 -0.056535962360010579 0.01)
(2.875 0.056535962360010579 0.01)
(2.875 0.05859375 0.01)
(2.875 0.0703125 0.01)
(2.875 0.08203125 0.01)
(2.875 0.09375 0.01)
(2.875 0.1171875 0.01)
(2.875 0.140625 0.01)
(2.875 0.1640625 0.01)
(2.875 0.1875 0.01)
(2.875 0.234375 0.01)
(2.875 0.28125 0.01)
(2.875 0.375 0.01)
(2.875 0.46875 0.01)
(2.875 0.5625 0.01)
(2.875 0.75 0.01)
(2.8875000000000002 -0.013125000000000001 0.01)
(2.8875000000000002 0.013125000000000001 0.01)
(2.8888905683947224 -0.025044157669046919 0.01)
(2.8888905683947224 0.025044157669046919 0.01)
(2.890489722048653 -0.038751188988450869 0.01)
(2.890489722048653 0.038751188988450869 0.01)
(2.8914375000000003 -0.046875 0.01)
(2.8914375000000003 0.046875 0.01)
(2.892328748750673 -0.054514275005765417 0.01)
(2.892328748750673 0.054514275005765417 0.01)
(2.8984375 -0.0703125 0.01)
(2.8984375 -0.05859375 0.01)
(2.8984375 -0.046875 0.01)
(2.8984375 -0.037823948227460373 0.01)
(2.8984375 0.037823948227460373 0.01)
(2.8984375 0.046875 0.01)
(2.8984375 0.05859375 0.01)
(2.8984375 0.0703125 0.01)
(2.921875 -0.09375 0.01)
(2.921875 -0.0703125 0.01)
(2.921875 -0.05859375 0.01)
(2.921875 -0.046875 0.01)
(2.921875 -0.03515625 0.01)
(2.921875 -0.035089573227460348 0.01)
(2.921875 0.035089573227460348 0.01)
(2.921875 0.03515625 0.01)
(2.921875 0.046875 0.01)
(2.921875 0.05859375 0.01)
(2.921875 0.0703125 0.01)
(2.921875 0.09375 0.01)
(2.9249999999999998 -0.0087500000000000008 0.01)
(2.9249999999999998 0.0087500000000000008 0.01)
(2.926390568394722 -0.020669157669046919 0.01)
(2.926390568394722 0.020669157669046919 0.01)
(2.9267135416666665 -0.0234375 0.01)
(2.9267135416666665 0.0234375 0.01)
(2.9279897220486526 -0.034376188988450872 0.01)
(2.9279897220486526 0.034376188988450872 0.01)
(2.9453125 -0.046875 0.01)
(2.9453125 -0.03515625 0.01)
(2.9453125 -0.0234375 0.01)
(2.9453125 -0.018461598981764492 0.01)
(2.9453125 0.018461598981764492 0.01)
(2.9453125 0.0234375 0.01)
(2.9453125 0.03515625 0.01)
(2.9453125 0.046875 0.01)
(2.9624999999999999 -0.0043750000000000004 0.01)
(2.9624999999999999 0.0043750000000000004 0.01)
(2.9633567708333333 -0.01171875 0.01)
(2.9633567708333333 0.01171875 0.01)
(2.9638905683947221 -0.016294157669046919 0.01)
(2.9638905683947221 0.016294157669046919 0.01)
(2.96875 -0.1875 0.01)
(2.96875 -0.140625 0.01)
(2.96875 -0.09375 0.01)
(2.96875 -0.0703125 0.01)
(2.96875 -0.046875 0.01)
(2.96875 -0.03515625 0.01)
(2.96875 -0.0234375 0.01)
(2.96875 -0.01171875 0.01)
(2.96875 -0.0036458333333333252 0.01)
(2.96875 0.0036458333333333252 0.01)
(2.96875 0.01171875 0.01)
(2.96875 0.0234375 0.01)
(2.96875 0.03515625 0.01)
(2.96875 0.046875 0.01)
(2.96875 0.0703125 0.01)
(2.96875 0.09375 0.01)
(2.96875 0.140625 0.01)
(2.96875 0.1875 0.01)
(2.9921875 -0.0234375 0.01)
(2.9921875 -0.01171875 0.01)
(2.9921875 -0.00091145833333333118 0.01)
(2.9921875 0.00091145833333333129 0.01)
(2.9921875 0.01171875 0.01)
(2.9921875 0.0234375 0.01)
(3 0 0.01)
(3.015625 -0.046875 0.01)
(3.015625 -0.0234375 0.01)
(3.015625 -0.01171875 0.01)
(3.015625 0 0.01)
(3.015625 0.01171875 0.01)
(3.015625 0.0234375 0.01)
(3.015625 0.046875 0.01)
(3.0625 -0.375 0.01)
(3.0625 -0.28125 0.01)
(3.0625 -0.1875 0.01)
(3.0625 -0.140625 0.01)
(3.0625 -0.09375 0.01)
(3.0625 -0.046875 0.01)
(3.0625 -0.0234375 0.01)
(3.0625 0 0.01)
(3.0625 0.0234375 0.01)
(3.0625 0.046875 0.01)
(3.0625 0.09375 0.01)
(3.0625 0.140625 0.01)
(3.0625 0.1875 0.01)
(3.0625 0.28125 0.01)
(3.0625 0.375 0.01)
(3.15625 -0.09375 0.01)
(3.15625 -0.046875 0.01)
(3.15625 0 0.01)
(3.15625 0.046875 0.01)
(3.15625 0.09375 0.01)
(3.25 -1.5 0.01)
(3.25 -1.125 0.01)
(3.25 -0.75 0.01)
(3.25 -0.5625 0.01)
(3.25 -0.375 0.01)
(3.25 -0.28125 0.01)
(3.25 -0.1875 0.01)
(3.25 -0.09375 0.01)
(3.25 -0.046875 0.01)
(3.25 0 0.01)
(3.25 0.046875 0.01)
(3.25 0.09375 0.01)
(3.25 0.1875 0.01)
(3.25 0.28125 0.01)
(3.25 0.375 0.01)
(3.25 0.5625 0.01)
(3.25 0.75 0.01)
(3.25 1.125 0.01)
(3.25 1.5 0.01)
(3.4375 -0.1875 0.01)
(3.4375 -0.09375 0.01)
(3.4375 0 0.01)
(3.4375 0.09375 0.01)
(3.4375 0.1875 0.01)
(3.625 -0.375 0.01)
(3.625 -0.1875 0.01)
(3.625 -0.09375 0.01)
(3.625 0 0.01)
(3.625 0.09375 0.01)
(3.625 0.1875 0.01)
(3.625 0.375 0.01)
(4 -1.5 0.01)
(4 -1.125 0.01)
(4 -0.75 0.01)
(4 -0.375 0.01)
(4 -0.1875 0.01)
(4 0 0.01)
(4 0.1875 0.01)
(4 0.375 0.01)
(4 0.75 0.01)
(4 1.125 0.01)
(4 1.5 0.01)
)
