FoamFile
{
    version 2.0;
    format ascii;
    arch "LSB;label=32;scalar=64";
    class faceList;
    location "constant/polyMesh";
    object faces;
}

13515
(
4(22 23 3970 3969)
4(23 1 3948 3970)
4(723 724 4671 4670)
4(81 23 3970 4028)
4(724 81 4028 4671)
4(23 24 3971 3970)
4(24 25 3972 3971)
4(13 2 3949 3960)
4(25 13 3960 3972)
4(1245 1246 5193 5192)
4(1003 724 4671 4950)
4(1246 1003 4950 5193)
4(1920 1921 5868 5867)
4(1503 1246 5193 5450)
4(1921 1503 5450 5868)
4(81 82 4029 4028)
4(82 24 3971 4029)
4(725 82 4029 4672)
4(724 725 4672 4671)
4(82 83 4030 4029)
4(83 25 3972 4030)
4(725 726 4673 4672)
4(726 727 4674 4673)
4(372 83 4030 4319)
4(727 372 4319 4674)
4(2684 2685 6632 6631)
4(2428 1921 5868 6375)
4(2685 2428 6375 6632)
4(3196 3197 7144 7143)
4(2928 2685 6632 6875)
4(3197 2928 6875 7144)
4(3904 3905 7852 7851)
4(3819 3197 7144 7766)
4(3905 3819 7766 7852)
4(3935 3905 7852 7882)
4(3906 3905 7852 7853)
4(3907 3906 7853 7854)
4(3925 3907 7854 7872)
4(3936 3925 7872 7883)
4(1003 1004 4951 4950)
4(857 725 4672 4804)
4(1004 857 4804 4951)
4(1246 1247 5194 5193)
4(1125 1004 4951 5072)
4(1247 1125 5072 5194)
4(1503 1504 5451 5450)
4(1383 1247 5194 5330)
4(1504 1383 5330 5451)
4(1921 1922 5869 5868)
4(1645 1504 5451 5592)
4(1922 1645 5592 5869)
4(13 14 3961 3960)
4(14 3 3950 3961)
4(26 14 3961 3973)
4(25 26 3973 3972)
4(14 15 3962 3961)
4(15 4 3951 3962)
4(28 15 3962 3975)
4(26 27 3974 3973)
4(27 28 3975 3974)
4(83 84 4031 4030)
4(84 85 4032 4031)
4(43 26 3973 3990)
4(85 43 3990 4032)
4(41 11 3958 3988)
4(10 21 3968 3957)
4(21 39 3986 3968)
4(39 40 3987 3986)
4(40 41 3988 3987)
4(15 16 3963 3962)
4(16 5 3952 3963)
4(30 16 3963 3977)
4(28 29 3976 3975)
4(29 30 3977 3976)
4(41 42 3989 3988)
4(16 17 3964 3963)
4(17 6 3953 3964)
4(749 750 4697 4696)
4(41 127 4074 3988)
4(127 749 4696 4074)
4(32 17 3964 3979)
4(30 31 3978 3977)
4(31 32 3979 3978)
4(1261 1262 5209 5208)
4(749 1018 4965 4696)
4(1018 1261 5208 4965)
4(2025 2026 5973 5972)
4(1261 1518 5465 5208)
4(1518 2025 5972 5465)
4(2700 2701 6648 6647)
4(2025 2443 6390 5972)
4(2443 2700 6647 6390)
4(3222 3223 7170 7169)
4(2700 2943 6890 6647)
4(2943 3222 7169 6890)
4(3945 3923 7870 7892)
4(3921 3933 7880 7868)
4(3933 3944 7891 7880)
4(3922 3921 7868 7869)
4(3923 3922 7869 7870)
4(3923 3924 7871 7870)
4(3222 3865 7812 7169)
4(3865 3923 7870 7812)
4(2428 2429 6376 6375)
4(2282 1922 5869 6229)
4(2429 2282 6229 6376)
4(2685 2686 6633 6632)
4(2550 2429 6376 6497)
4(2686 2550 6497 6633)
4(2928 2929 6876 6875)
4(2808 2686 6633 6755)
4(2929 2808 6755 6876)
4(3197 3198 7145 7144)
4(3068 2929 6876 7015)
4(3198 3068 7015 7145)
4(3819 3820 7767 7766)
4(3820 3198 7145 7767)
4(3906 3820 7767 7853)
4(3820 3821 7768 7767)
4(3199 3198 7145 7146)
4(3200 3199 7146 7147)
4(3545 3200 7147 7492)
4(3821 3545 7492 7768)
4(3907 3821 7768 7854)
4(857 858 4805 4804)
4(858 726 4673 4805)
4(1005 858 4805 4952)
4(1004 1005 4952 4951)
4(858 859 4806 4805)
4(795 727 4674 4742)
4(859 795 4742 4806)
4(1005 1006 4953 4952)
4(945 859 4806 4892)
4(1006 945 4892 4953)
4(1125 1126 5073 5072)
4(1126 1005 4952 5073)
4(1248 1126 5073 5195)
4(1247 1248 5195 5194)
4(1126 1127 5074 5073)
4(1067 1006 4953 5014)
4(1127 1067 5014 5074)
4(1248 1249 5196 5195)
4(1187 1127 5074 5134)
4(1249 1187 5134 5196)
4(3907 3908 7855 7854)
4(3822 3821 7768 7769)
4(3823 3822 7769 7770)
4(3883 3823 7770 7830)
4(3908 3883 7830 7855)
4(3925 3926 7873 7872)
4(3926 3908 7855 7873)
4(3937 3926 7873 7884)
4(3926 3927 7874 7873)
4(3927 3910 7857 7874)
4(3909 3908 7855 7856)
4(3910 3909 7856 7857)
4(3938 3927 7874 7885)
4(1383 1384 5331 5330)
4(1384 1248 5195 5331)
4(1505 1384 5331 5452)
4(1504 1505 5452 5451)
4(1384 1385 5332 5331)
4(1311 1249 5196 5258)
4(1385 1311 5258 5332)
4(1505 1506 5453 5452)
4(1445 1385 5332 5392)
4(1506 1445 5392 5453)
4(3927 3928 7875 7874)
4(3928 3912 7859 7875)
4(3911 3910 7857 7858)
4(3912 3911 7858 7859)
4(1645 1646 5593 5592)
4(1646 1505 5452 5593)
4(3939 3928 7875 7886)
4(1923 1646 5593 5870)
4(1922 1923 5870 5869)
4(3928 3929 7876 7875)
4(3929 3914 7861 7876)
4(3913 3912 7859 7860)
4(3914 3913 7860 7861)
4(1646 1647 5594 5593)
4(1583 1506 5453 5530)
4(1647 1583 5530 5594)
4(3940 3929 7876 7887)
4(1924 1647 5594 5871)
4(1923 1924 5871 5870)
4(17 18 3965 3964)
4(18 7 3954 3965)
4(34 18 3965 3981)
4(32 33 3980 3979)
4(33 34 3981 3980)
4(18 19 3966 3965)
4(19 8 3955 3966)
4(36 19 3966 3983)
4(34 35 3982 3981)
4(35 36 3983 3982)
4(19 20 3967 3966)
4(20 9 3956 3967)
4(38 20 3967 3985)
4(36 37 3984 3983)
4(37 38 3985 3984)
4(20 21 3968 3967)
4(38 39 3986 3985)
4(125 39 3986 4072)
4(38 63 4010 3985)
4(63 123 4070 4010)
4(123 124 4071 4070)
4(124 125 4072 4071)
4(372 373 4320 4319)
4(373 84 4031 4320)
4(527 373 4320 4474)
4(729 527 4474 4676)
4(727 728 4675 4674)
4(728 729 4676 4675)
4(373 374 4321 4320)
4(374 375 4322 4321)
4(157 85 4032 4104)
4(375 157 4104 4322)
4(43 44 3991 3990)
4(44 27 3974 3991)
4(87 44 3991 4034)
4(85 86 4033 4032)
4(86 87 4034 4033)
4(44 45 3992 3991)
4(45 28 3975 3992)
4(87 88 4035 4034)
4(88 89 4036 4035)
4(64 45 3992 4011)
4(89 64 4011 4036)
4(125 126 4073 4072)
4(126 40 3987 4073)
4(748 126 4073 4695)
4(125 401 4348 4072)
4(401 746 4693 4348)
4(746 747 4694 4693)
4(747 748 4695 4694)
4(126 127 4074 4073)
4(748 749 4696 4695)
4(47 29 3976 3994)
4(45 46 3993 3992)
4(46 47 3994 3993)
4(1017 1018 4965 4964)
4(748 878 4825 4695)
4(878 1017 4964 4825)
4(49 30 3977 3996)
4(47 48 3995 3994)
4(48 49 3996 3995)
4(1260 1261 5208 5207)
4(1017 1138 5085 4964)
4(1138 1260 5207 5085)
4(1517 1518 5465 5464)
4(1260 1396 5343 5207)
4(1396 1517 5464 5343)
4(2024 2025 5972 5971)
4(1517 1664 5611 5464)
4(1664 2024 5971 5611)
4(51 31 3978 3998)
4(49 50 3997 3996)
4(50 51 3998 3997)
4(53 32 3979 4000)
4(51 52 3999 3998)
4(52 53 4000 3999)
4(3929 3930 7877 7876)
4(3930 3916 7863 7877)
4(3915 3914 7861 7862)
4(3916 3915 7862 7863)
4(3941 3930 7877 7888)
4(1924 1925 5872 5871)
4(1648 1647 5594 5595)
4(1649 1648 5595 5596)
4(1709 1649 5596 5656)
4(1925 1709 5656 5872)
4(3930 3931 7878 7877)
4(3931 3918 7865 7878)
4(3917 3916 7863 7864)
4(3918 3917 7864 7865)
4(3942 3931 7878 7889)
4(3920 3921 7868 7867)
4(3921 3863 7810 7868)
4(3861 3903 7850 7808)
4(3903 3920 7867 7850)
4(3862 3861 7808 7809)
4(3863 3862 7809 7810)
4(3931 3932 7879 7878)
4(3932 3920 7867 7879)
4(3919 3918 7865 7866)
4(3920 3919 7866 7867)
4(3943 3932 7879 7890)
4(3932 3933 7880 7879)
4(2442 2443 6390 6389)
4(2024 2301 6248 5971)
4(2301 2442 6389 6248)
4(2699 2700 6647 6646)
4(2442 2563 6510 6389)
4(2563 2699 6646 6510)
4(2942 2943 6890 6889)
4(2699 2821 6768 6646)
4(2821 2942 6889 6768)
4(3221 3222 7169 7168)
4(2942 3089 7036 6889)
4(3089 3221 7168 7036)
4(3863 3864 7811 7810)
4(3864 3221 7168 7811)
4(3219 3574 7521 7166)
4(3574 3863 7810 7521)
4(3220 3219 7166 7167)
4(3221 3220 7167 7168)
4(3922 3864 7811 7869)
4(3864 3865 7812 7811)
4(2282 2283 6230 6229)
4(2283 1923 5870 6230)
4(2430 2283 6230 6377)
4(2429 2430 6377 6376)
4(2283 2284 6231 6230)
4(2284 1924 5871 6231)
4(2430 2431 6378 6377)
4(2346 2284 6231 6293)
4(2431 2346 6293 6378)
4(2550 2551 6498 6497)
4(2551 2430 6377 6498)
4(2687 2551 6498 6634)
4(2686 2687 6634 6633)
4(2551 2552 6499 6498)
4(2492 2431 6378 6439)
4(2552 2492 6439 6499)
4(2687 2688 6635 6634)
4(2612 2552 6499 6559)
4(2688 2612 6559 6635)
4(2808 2809 6756 6755)
4(2809 2687 6634 6756)
4(2930 2809 6756 6877)
4(2929 2930 6877 6876)
4(2809 2810 6757 6756)
4(2750 2688 6635 6697)
4(2810 2750 6697 6757)
4(2930 2931 6878 6877)
4(2870 2810 6757 6817)
4(2931 2870 6817 6878)
4(3068 3069 7016 7015)
4(3069 2930 6877 7016)
4(3199 3069 7016 7146)
4(3069 3070 7017 7016)
4(2992 2931 6878 6939)
4(3070 2992 6939 7017)
4(3136 3070 7017 7083)
4(3200 3136 7083 7147)
4(2284 2285 6232 6231)
4(2285 2286 6233 6232)
4(2222 1925 5872 6169)
4(2286 2222 6169 6233)
4(3545 3546 7493 7492)
4(3201 3200 7147 7148)
4(3202 3201 7148 7149)
4(3392 3202 7149 7339)
4(3546 3392 7339 7493)
4(3822 3546 7493 7769)
4(3547 3546 7493 7494)
4(3548 3547 7494 7495)
4(3719 3548 7495 7666)
4(3823 3719 7666 7770)
4(3883 3884 7831 7830)
4(3884 3825 7772 7831)
4(3824 3823 7770 7771)
4(3825 3824 7771 7772)
4(3909 3884 7831 7856)
4(3884 3885 7832 7831)
4(3826 3825 7772 7773)
4(3827 3826 7773 7774)
4(3866 3827 7774 7813)
4(3885 3866 7813 7832)
4(3910 3885 7832 7857)
4(3911 3887 7834 7858)
4(3886 3885 7832 7833)
4(3887 3886 7833 7834)
4(3912 3889 7836 7859)
4(3888 3887 7834 7835)
4(3889 3888 7835 7836)
4(3913 3891 7838 7860)
4(3890 3889 7836 7837)
4(3891 3890 7837 7838)
4(3914 3893 7840 7861)
4(3892 3891 7838 7839)
4(3893 3892 7839 7840)
4(55 33 3980 4002)
4(53 54 4001 4000)
4(54 55 4002 4001)
4(57 34 3981 4004)
4(55 56 4003 4002)
4(56 57 4004 4003)
4(59 35 3982 4006)
4(57 58 4005 4004)
4(58 59 4006 4005)
4(61 36 3983 4008)
4(59 60 4007 4006)
4(60 61 4008 4007)
4(61 62 4009 4008)
4(62 37 3984 4009)
4(121 62 4009 4068)
4(61 80 4027 4008)
4(80 119 4066 4027)
4(119 120 4067 4066)
4(120 121 4068 4067)
4(62 63 4010 4009)
4(121 122 4069 4068)
4(122 123 4070 4069)
4(400 124 4071 4347)
4(123 227 4174 4070)
4(227 398 4345 4174)
4(398 399 4346 4345)
4(399 400 4347 4346)
4(400 401 4348 4347)
4(400 554 4501 4347)
4(554 744 4691 4501)
4(744 745 4692 4691)
4(745 746 4693 4692)
4(527 528 4475 4474)
4(528 374 4321 4475)
4(730 528 4475 4677)
4(729 730 4677 4676)
4(528 529 4476 4475)
4(529 375 4322 4476)
4(678 529 4476 4625)
4(732 678 4625 4679)
4(730 731 4678 4677)
4(731 732 4679 4678)
4(157 158 4105 4104)
4(158 86 4033 4105)
4(376 158 4105 4323)
4(375 376 4323 4322)
4(158 159 4106 4105)
4(159 87 4034 4106)
4(378 159 4106 4325)
4(376 377 4324 4323)
4(377 378 4325 4324)
4(529 530 4477 4476)
4(530 531 4478 4477)
4(472 376 4323 4419)
4(531 472 4419 4478)
4(159 160 4107 4106)
4(160 88 4035 4107)
4(352 160 4107 4299)
4(380 352 4299 4327)
4(378 379 4326 4325)
4(379 380 4327 4326)
4(162 89 4036 4109)
4(160 161 4108 4107)
4(161 162 4109 4108)
4(2022 1662 5609 5969)
4(2021 2022 5969 5968)
4(1660 1724 5671 5607)
4(1724 2021 5968 5671)
4(1661 1660 5607 5608)
4(1662 1661 5608 5609)
4(876 877 4824 4823)
4(877 747 4694 4824)
4(746 810 4757 4693)
4(810 876 4823 4757)
4(1016 877 4824 4963)
4(1015 1016 4963 4962)
4(876 954 4901 4823)
4(954 1015 4962 4901)
4(877 878 4825 4824)
4(1016 1017 4964 4963)
4(1136 1137 5084 5083)
4(1137 1016 4963 5084)
4(1015 1076 5023 4962)
4(1076 1136 5083 5023)
4(64 65 4012 4011)
4(65 46 3993 4012)
4(1259 1137 5084 5206)
4(1258 1259 5206 5205)
4(1136 1196 5143 5083)
4(1196 1258 5205 5143)
4(90 65 4012 4037)
4(89 90 4037 4036)
4(1137 1138 5085 5084)
4(65 66 4013 4012)
4(66 47 3994 4013)
4(1259 1260 5207 5206)
4(92 66 4013 4039)
4(90 91 4038 4037)
4(91 92 4039 4038)
4(66 67 4014 4013)
4(67 48 3995 4014)
4(94 67 4014 4041)
4(92 93 4040 4039)
4(93 94 4041 4040)
4(67 68 4015 4014)
4(68 49 3996 4015)
4(96 68 4015 4043)
4(94 95 4042 4041)
4(95 96 4043 4042)
4(1394 1395 5342 5341)
4(1395 1259 5206 5342)
4(1258 1334 5281 5205)
4(1334 1394 5341 5281)
4(162 163 4110 4109)
4(163 164 4111 4110)
4(128 90 4037 4075)
4(164 128 4075 4111)
4(1516 1395 5342 5463)
4(1515 1516 5463 5462)
4(1394 1454 5401 5341)
4(1454 1515 5462 5401)
4(1395 1396 5343 5342)
4(1516 1517 5464 5463)
4(1662 1663 5610 5609)
4(1663 1516 5463 5610)
4(1515 1600 5547 5462)
4(1600 1662 5609 5547)
4(2023 1663 5610 5970)
4(2022 2023 5970 5969)
4(1663 1664 5611 5610)
4(2023 2024 5971 5970)
4(68 69 4016 4015)
4(69 50 3997 4016)
4(98 69 4016 4045)
4(96 97 4044 4043)
4(97 98 4045 4044)
4(69 70 4017 4016)
4(70 51 3998 4017)
4(100 70 4017 4047)
4(98 99 4046 4045)
4(99 100 4047 4046)
4(70 71 4018 4017)
4(71 52 3999 4018)
4(102 71 4018 4049)
4(100 101 4048 4047)
4(101 102 4049 4048)
4(71 72 4019 4018)
4(72 53 4000 4019)
4(104 72 4019 4051)
4(102 103 4050 4049)
4(103 104 4051 4050)
4(795 796 4743 4742)
4(796 728 4675 4743)
4(860 796 4743 4807)
4(859 860 4807 4806)
4(796 797 4744 4743)
4(797 729 4676 4744)
4(862 797 4744 4809)
4(860 861 4808 4807)
4(861 862 4809 4808)
4(945 946 4893 4892)
4(901 860 4807 4848)
4(946 901 4848 4893)
4(1006 1007 4954 4953)
4(975 946 4893 4922)
4(1007 975 4922 4954)
4(797 798 4745 4744)
4(765 730 4677 4712)
4(798 765 4712 4745)
4(827 798 4745 4774)
4(864 827 4774 4811)
4(862 863 4810 4809)
4(863 864 4811 4810)
4(1067 1068 5015 5014)
4(1039 1007 4954 4986)
4(1068 1039 4986 5015)
4(1127 1128 5075 5074)
4(1097 1068 5015 5044)
4(1128 1097 5044 5075)
4(1187 1188 5135 5134)
4(1159 1128 5075 5106)
4(1188 1159 5106 5135)
4(1249 1250 5197 5196)
4(1217 1188 5135 5164)
4(1250 1217 5164 5197)
4(2299 2022 5969 6246)
4(2021 2237 6184 5968)
4(2237 2297 6244 6184)
4(2297 2298 6245 6244)
4(2298 2299 6246 6245)
4(1311 1312 5259 5258)
4(1283 1250 5197 5230)
4(1312 1283 5230 5259)
4(1385 1386 5333 5332)
4(1355 1312 5259 5302)
4(1386 1355 5302 5333)
4(1445 1446 5393 5392)
4(1417 1386 5333 5364)
4(1446 1417 5364 5393)
4(3915 3895 7842 7862)
4(3894 3893 7840 7841)
4(3895 3894 7841 7842)
4(1506 1507 5454 5453)
4(1475 1446 5393 5422)
4(1507 1475 5422 5454)
4(3916 3897 7844 7863)
4(3896 3895 7842 7843)
4(3897 3896 7843 7844)
4(3917 3899 7846 7864)
4(3898 3897 7844 7845)
4(3899 3898 7845 7846)
4(3918 3901 7848 7865)
4(3900 3899 7846 7847)
4(3901 3900 7847 7848)
4(1583 1584 5531 5530)
4(1545 1507 5454 5492)
4(1584 1545 5492 5531)
4(1648 1584 5531 5595)
4(1649 1586 5533 5596)
4(1585 1584 5531 5532)
4(1586 1585 5532 5533)
4(1649 1650 5597 5596)
4(1587 1586 5533 5534)
4(1588 1587 5534 5535)
4(1619 1588 5535 5566)
4(1650 1619 5566 5597)
4(1709 1710 5657 5656)
4(1681 1650 5597 5628)
4(1710 1681 5628 5657)
4(1926 1710 5657 5873)
4(1925 1926 5873 5872)
4(1926 1927 5874 5873)
4(1711 1710 5657 5658)
4(1712 1711 5658 5659)
4(1762 1712 5659 5709)
4(1927 1762 5709 5874)
4(3901 3902 7849 7848)
4(3902 3859 7806 7849)
4(3857 3882 7829 7804)
4(3882 3901 7848 7829)
4(3858 3857 7804 7805)
4(3859 3858 7805 7806)
4(3919 3902 7849 7866)
4(3902 3903 7850 7849)
4(3860 3859 7806 7807)
4(3861 3860 7807 7808)
4(3862 3573 7520 7809)
4(3571 3789 7736 7518)
4(3789 3861 7808 7736)
4(3572 3571 7518 7519)
4(3573 3572 7519 7520)
4(3573 3574 7521 7520)
4(3218 3217 7164 7165)
4(3219 3218 7165 7166)
4(3217 3419 7366 7164)
4(3419 3573 7520 7366)
4(2299 2300 6247 6246)
4(2300 2023 5970 6247)
4(2441 2300 6247 6388)
4(2440 2441 6388 6387)
4(2299 2363 6310 6246)
4(2363 2440 6387 6310)
4(2300 2301 6248 6247)
4(2441 2442 6389 6388)
4(2561 2562 6509 6508)
4(2562 2441 6388 6509)
4(2440 2501 6448 6387)
4(2501 2561 6508 6448)
4(2698 2562 6509 6645)
4(2697 2698 6645 6644)
4(2561 2635 6582 6508)
4(2635 2697 6644 6582)
4(2562 2563 6510 6509)
4(2698 2699 6646 6645)
4(2819 2820 6767 6766)
4(2820 2698 6645 6767)
4(2697 2759 6706 6644)
4(2759 2819 6766 6706)
4(2941 2820 6767 6888)
4(2940 2941 6888 6887)
4(2819 2879 6826 6766)
4(2879 2940 6887 6826)
4(2820 2821 6768 6767)
4(2941 2942 6889 6888)
4(3087 3088 7035 7034)
4(3088 2941 6888 7035)
4(2940 3001 6948 6887)
4(3001 3087 7034 6948)
4(3220 3088 7035 7167)
4(3087 3151 7098 7034)
4(3151 3219 7166 7098)
4(3088 3089 7036 7035)
4(2346 2347 6294 6293)
4(2347 2285 6232 6294)
4(2431 2432 6379 6378)
4(2386 2347 6294 6333)
4(2432 2386 6333 6379)
4(2349 2286 6233 6296)
4(2347 2348 6295 6294)
4(2348 2349 6296 6295)
4(2222 2223 6170 6169)
4(2223 1926 5873 6170)
4(2286 2287 6234 6233)
4(2252 2223 6170 6199)
4(2287 2252 6199 6234)
4(2223 2224 6171 6170)
4(2224 2225 6172 6171)
4(2177 1927 5874 6124)
4(2225 2177 6124 6172)
4(2349 2350 6297 6296)
4(2350 2351 6298 6297)
4(2318 2287 6234 6265)
4(2351 2318 6265 6298)
4(2492 2493 6440 6439)
4(2464 2432 6379 6411)
4(2493 2464 6411 6440)
4(2552 2553 6500 6499)
4(2522 2493 6440 6469)
4(2553 2522 6469 6500)
4(2612 2613 6560 6559)
4(2584 2553 6500 6531)
4(2613 2584 6531 6560)
4(2688 2689 6636 6635)
4(2656 2613 6560 6603)
4(2689 2656 6603 6636)
4(2750 2751 6698 6697)
4(2722 2689 6636 6669)
4(2751 2722 6669 6698)
4(2810 2811 6758 6757)
4(2780 2751 6698 6727)
4(2811 2780 6727 6758)
4(2870 2871 6818 6817)
4(2842 2811 6758 6789)
4(2871 2842 6789 6818)
4(2931 2932 6879 6878)
4(2900 2871 6818 6847)
4(2932 2900 6847 6879)
4(2992 2993 6940 6939)
4(2964 2932 6879 6911)
4(2993 2964 6911 6940)
4(3070 3071 7018 7017)
4(3030 2993 6940 6977)
4(3071 3030 6977 7018)
4(3136 3137 7084 7083)
4(3137 3071 7018 7084)
4(3201 3137 7084 7148)
4(3137 3138 7085 7084)
4(3138 3073 7020 7085)
4(3072 3071 7018 7019)
4(3073 3072 7019 7020)
4(3202 3138 7085 7149)
4(3138 3139 7086 7085)
4(3074 3073 7020 7021)
4(3075 3074 7021 7022)
4(3110 3075 7022 7057)
4(3139 3110 7057 7086)
4(3202 3203 7150 7149)
4(3168 3139 7086 7115)
4(3203 3168 7115 7150)
4(3392 3393 7340 7339)
4(3393 3203 7150 7340)
4(3547 3393 7340 7494)
4(3393 3394 7341 7340)
4(3204 3203 7150 7151)
4(3205 3204 7151 7152)
4(3261 3205 7152 7208)
4(3394 3261 7208 7341)
4(3548 3394 7341 7495)
4(3548 3549 7496 7495)
4(3395 3394 7341 7342)
4(3396 3395 7342 7343)
4(3457 3396 7343 7404)
4(3549 3457 7404 7496)
4(3719 3720 7667 7666)
4(3720 3549 7496 7667)
4(3824 3720 7667 7771)
4(3720 3721 7668 7667)
4(3721 3551 7498 7668)
4(3550 3549 7496 7497)
4(3551 3550 7497 7498)
4(3825 3721 7668 7772)
4(3721 3722 7669 7668)
4(3553 3552 7499 7500)
4(3552 3551 7498 7499)
4(3581 3553 7500 7528)
4(3722 3581 7528 7669)
4(3826 3722 7669 7773)
4(3827 3724 7671 7774)
4(3723 3722 7669 7670)
4(3724 3723 7670 7671)
4(3827 3828 7775 7774)
4(3725 3724 7671 7672)
4(3726 3725 7672 7673)
4(3790 3726 7673 7737)
4(3828 3790 7737 7775)
4(3866 3867 7814 7813)
4(3867 3828 7775 7814)
4(3886 3867 7814 7833)
4(3867 3868 7815 7814)
4(3868 3830 7777 7815)
4(3829 3828 7775 7776)
4(3830 3829 7776 7777)
4(3887 3868 7815 7834)
4(3868 3869 7816 7815)
4(3869 3832 7779 7816)
4(3831 3830 7777 7778)
4(3832 3831 7778 7779)
4(3888 3869 7816 7835)
4(3869 3870 7817 7816)
4(3870 3834 7781 7817)
4(3833 3832 7779 7780)
4(3834 3833 7780 7781)
4(3889 3870 7817 7836)
4(3870 3871 7818 7817)
4(3871 3836 7783 7818)
4(3835 3834 7781 7782)
4(3836 3835 7782 7783)
4(3890 3871 7818 7837)
4(3871 3872 7819 7818)
4(3872 3838 7785 7819)
4(3837 3836 7783 7784)
4(3838 3837 7784 7785)
4(3891 3872 7819 7838)
4(3872 3873 7820 7819)
4(3873 3840 7787 7820)
4(3839 3838 7785 7786)
4(3840 3839 7786 7787)
4(3892 3873 7820 7839)
4(3873 3874 7821 7820)
4(3874 3842 7789 7821)
4(3841 3840 7787 7788)
4(3842 3841 7788 7789)
4(3893 3874 7821 7840)
4(72 73 4020 4019)
4(73 54 4001 4020)
4(106 73 4020 4053)
4(104 105 4052 4051)
4(105 106 4053 4052)
4(73 74 4021 4020)
4(74 55 4002 4021)
4(108 74 4021 4055)
4(106 107 4054 4053)
4(107 108 4055 4054)
4(74 75 4022 4021)
4(75 56 4003 4022)
4(110 75 4022 4057)
4(108 109 4056 4055)
4(109 110 4057 4056)
4(75 76 4023 4022)
4(76 57 4004 4023)
4(112 76 4023 4059)
4(110 111 4058 4057)
4(111 112 4059 4058)
4(76 77 4024 4023)
4(77 58 4005 4024)
4(114 77 4024 4061)
4(112 113 4060 4059)
4(113 114 4061 4060)
4(77 78 4025 4024)
4(78 59 4006 4025)
4(116 78 4025 4063)
4(114 115 4062 4061)
4(115 116 4063 4062)
4(78 79 4026 4025)
4(79 60 4007 4026)
4(118 79 4026 4065)
4(116 117 4064 4063)
4(117 118 4065 4064)
4(79 80 4027 4026)
4(118 119 4066 4065)
4(222 119 4066 4169)
4(118 156 4103 4065)
4(156 220 4167 4103)
4(220 221 4168 4167)
4(221 222 4169 4168)
4(224 120 4067 4171)
4(222 223 4170 4169)
4(223 224 4171 4170)
4(224 225 4172 4171)
4(225 121 4068 4172)
4(395 225 4172 4342)
4(224 365 4312 4171)
4(365 393 4340 4312)
4(393 394 4341 4340)
4(394 395 4342 4341)
4(225 226 4173 4172)
4(226 122 4069 4173)
4(397 226 4173 4344)
4(395 396 4343 4342)
4(396 397 4344 4343)
4(226 227 4174 4173)
4(397 398 4345 4344)
4(552 398 4345 4499)
4(397 489 4436 4344)
4(489 550 4497 4436)
4(550 551 4498 4497)
4(551 552 4499 4498)
4(552 553 4500 4499)
4(553 399 4346 4500)
4(743 553 4500 4690)
4(552 685 4632 4499)
4(685 741 4688 4632)
4(741 742 4689 4688)
4(742 743 4690 4689)
4(553 554 4501 4500)
4(743 744 4691 4690)
4(807 808 4755 4754)
4(808 744 4691 4755)
4(743 778 4725 4690)
4(778 807 4754 4725)
4(873 808 4755 4820)
4(807 836 4783 4754)
4(836 871 4818 4783)
4(871 872 4819 4818)
4(872 873 4820 4819)
4(808 809 4756 4755)
4(809 745 4692 4756)
4(875 809 4756 4822)
4(873 874 4821 4820)
4(874 875 4822 4821)
4(809 810 4757 4756)
4(875 876 4823 4822)
4(953 954 4901 4900)
4(875 916 4863 4822)
4(916 953 4900 4863)
4(1014 1015 4962 4961)
4(953 982 4929 4900)
4(982 1014 4961 4929)
4(1075 1076 5023 5022)
4(1014 1046 4993 4961)
4(1046 1075 5022 4993)
4(1135 1136 5083 5082)
4(1075 1104 5051 5022)
4(1104 1135 5082 5051)
4(1195 1196 5143 5142)
4(1135 1166 5113 5082)
4(1166 1195 5142 5113)
4(1257 1258 5205 5204)
4(1195 1224 5171 5142)
4(1224 1257 5204 5171)
4(678 679 4626 4625)
4(679 530 4477 4626)
4(733 679 4626 4680)
4(732 733 4680 4679)
4(679 680 4627 4626)
4(590 531 4478 4537)
4(680 590 4537 4627)
4(719 680 4627 4666)
4(735 719 4666 4682)
4(733 734 4681 4680)
4(734 735 4682 4681)
4(472 473 4420 4419)
4(473 377 4324 4420)
4(533 473 4420 4480)
4(531 532 4479 4478)
4(532 533 4480 4479)
4(473 474 4421 4420)
4(474 378 4325 4421)
4(535 474 4421 4482)
4(533 534 4481 4480)
4(534 535 4482 4481)
4(1333 1334 5281 5280)
4(1257 1290 5237 5204)
4(1290 1333 5280 5237)
4(1393 1394 5341 5340)
4(1333 1362 5309 5280)
4(1362 1393 5340 5309)
4(352 353 4300 4299)
4(353 161 4108 4300)
4(381 353 4300 4328)
4(380 381 4328 4327)
4(1453 1454 5401 5400)
4(1393 1424 5371 5340)
4(1424 1453 5400 5371)
4(353 354 4301 4300)
4(354 162 4109 4301)
4(1514 1515 5462 5461)
4(1453 1482 5429 5400)
4(1482 1514 5461 5429)
4(383 354 4301 4330)
4(381 382 4329 4328)
4(382 383 4330 4329)
4(475 379 4326 4422)
4(474 475 4422 4421)
4(475 476 4423 4422)
4(476 380 4327 4423)
4(537 475 4422 4484)
4(535 536 4483 4482)
4(536 537 4484 4483)
4(537 538 4485 4484)
4(538 539 4486 4485)
4(521 476 4423 4468)
4(539 521 4468 4486)
4(1659 1660 5607 5606)
4(1660 1597 5544 5607)
4(1595 1628 5575 5542)
4(1628 1659 5606 5575)
4(1596 1595 5542 5543)
4(1597 1596 5543 5544)
4(2020 1723 5670 5967)
4(2019 2020 5967 5966)
4(1721 1769 5716 5668)
4(1769 2019 5966 5716)
4(1722 1721 5668 5669)
4(1723 1722 5669 5670)
4(1723 1724 5671 5670)
4(1659 1694 5641 5606)
4(1694 1723 5670 5641)
4(2020 2021 5968 5967)
4(476 477 4424 4423)
4(477 478 4425 4424)
4(431 381 4328 4378)
4(478 431 4378 4425)
4(1661 1599 5546 5608)
4(1598 1597 5544 5545)
4(1599 1598 5545 5546)
4(1599 1600 5547 5546)
4(1514 1560 5507 5461)
4(1560 1599 5546 5507)
4(354 355 4302 4301)
4(355 163 4110 4302)
4(385 355 4302 4332)
4(383 384 4331 4330)
4(384 385 4332 4331)
4(356 386 4333 4303)
4(386 403 4350 4333)
4(366 356 4303 4313)
4(404 366 4313 4351)
4(403 404 4351 4350)
4(355 386 4333 4302)
4(228 164 4111 4175)
4(356 228 4175 4303)
4(385 402 4349 4332)
4(402 403 4350 4349)
4(128 129 4076 4075)
4(129 91 4038 4076)
4(166 129 4076 4113)
4(164 165 4112 4111)
4(165 166 4113 4112)
4(129 130 4077 4076)
4(130 92 4039 4077)
4(168 130 4077 4115)
4(166 167 4114 4113)
4(167 168 4115 4114)
4(130 131 4078 4077)
4(131 93 4040 4078)
4(170 131 4078 4117)
4(168 169 4116 4115)
4(169 170 4117 4116)
4(131 132 4079 4078)
4(132 94 4041 4079)
4(172 132 4079 4119)
4(170 171 4118 4117)
4(171 172 4119 4118)
4(132 133 4080 4079)
4(133 95 4042 4080)
4(174 133 4080 4121)
4(172 173 4120 4119)
4(173 174 4121 4120)
4(133 134 4081 4080)
4(134 96 4043 4081)
4(176 134 4081 4123)
4(174 175 4122 4121)
4(175 176 4123 4122)
4(134 135 4082 4081)
4(135 97 4044 4082)
4(178 135 4082 4125)
4(176 177 4124 4123)
4(177 178 4125 4124)
4(135 136 4083 4082)
4(136 98 4045 4083)
4(180 136 4083 4127)
4(178 179 4126 4125)
4(179 180 4127 4126)
4(136 137 4084 4083)
4(137 99 4046 4084)
4(182 137 4084 4129)
4(180 181 4128 4127)
4(181 182 4129 4128)
4(137 138 4085 4084)
4(138 100 4047 4085)
4(184 138 4085 4131)
4(182 183 4130 4129)
4(183 184 4131 4130)
4(138 139 4086 4085)
4(139 101 4048 4086)
4(186 139 4086 4133)
4(184 185 4132 4131)
4(185 186 4133 4132)
4(139 140 4087 4086)
4(140 102 4049 4087)
4(188 140 4087 4135)
4(186 187 4134 4133)
4(187 188 4135 4134)
4(140 141 4088 4087)
4(141 103 4050 4088)
4(190 141 4088 4137)
4(188 189 4136 4135)
4(189 190 4137 4136)
4(141 142 4089 4088)
4(142 104 4051 4089)
4(192 142 4089 4139)
4(190 191 4138 4137)
4(191 192 4139 4138)
4(901 902 4849 4848)
4(902 861 4808 4849)
4(947 902 4849 4894)
4(946 947 4894 4893)
4(902 903 4850 4849)
4(903 862 4809 4850)
4(947 948 4895 4894)
4(941 903 4850 4888)
4(948 941 4888 4895)
4(975 976 4923 4922)
4(976 947 4894 4923)
4(1008 976 4923 4955)
4(1007 1008 4955 4954)
4(976 977 4924 4923)
4(971 948 4895 4918)
4(977 971 4918 4924)
4(1008 1009 4956 4955)
4(999 977 4924 4946)
4(1009 999 4946 4956)
4(765 766 4713 4712)
4(766 731 4678 4713)
4(799 766 4713 4746)
4(798 799 4746 4745)
4(766 767 4714 4713)
4(767 732 4679 4714)
4(799 800 4747 4746)
4(789 767 4714 4736)
4(800 789 4736 4747)
4(827 828 4775 4774)
4(828 799 4746 4775)
4(853 828 4775 4800)
4(866 853 4800 4813)
4(864 865 4812 4811)
4(865 866 4813 4812)
4(828 829 4776 4775)
4(829 830 4777 4776)
4(823 800 4747 4770)
4(830 823 4770 4777)
4(905 863 4810 4852)
4(903 904 4851 4850)
4(904 905 4852 4851)
4(905 906 4853 4852)
4(906 907 4854 4853)
4(897 864 4811 4844)
4(907 897 4844 4854)
4(1039 1040 4987 4986)
4(1040 1008 4955 4987)
4(1069 1040 4987 5016)
4(1068 1069 5016 5015)
4(1040 1041 4988 4987)
4(1035 1009 4956 4982)
4(1041 1035 4982 4988)
4(1069 1070 5017 5016)
4(1063 1041 4988 5010)
4(1070 1063 5010 5017)
4(1097 1098 5045 5044)
4(1098 1069 5016 5045)
4(1129 1098 5045 5076)
4(1128 1129 5076 5075)
4(1098 1099 5046 5045)
4(1093 1070 5017 5040)
4(1099 1093 5040 5046)
4(1129 1130 5077 5076)
4(1121 1099 5046 5068)
4(1130 1121 5068 5077)
4(1159 1160 5107 5106)
4(1160 1129 5076 5107)
4(1189 1160 5107 5136)
4(1188 1189 5136 5135)
4(1160 1161 5108 5107)
4(1155 1130 5077 5102)
4(1161 1155 5102 5108)
4(1189 1190 5137 5136)
4(1183 1161 5108 5130)
4(1190 1183 5130 5137)
4(1217 1218 5165 5164)
4(1218 1189 5136 5165)
4(1251 1218 5165 5198)
4(1250 1251 5198 5197)
4(1218 1219 5166 5165)
4(1213 1190 5137 5160)
4(1219 1213 5160 5166)
4(1251 1252 5199 5198)
4(1241 1219 5166 5188)
4(1252 1241 5188 5199)
4(767 768 4715 4714)
4(768 769 4716 4715)
4(759 733 4680 4706)
4(769 759 4706 4716)
4(2236 2020 5967 6183)
4(2019 2184 6131 5966)
4(2184 2234 6181 6131)
4(2234 2235 6182 6181)
4(2235 2236 6183 6182)
4(2236 2237 6184 6183)
4(2296 2297 6244 6243)
4(2236 2265 6212 6183)
4(2265 2296 6243 6212)
4(2360 2297 6244 6307)
4(2296 2327 6274 6243)
4(2327 2358 6305 6274)
4(2358 2359 6306 6305)
4(2359 2360 6307 6306)
4(2362 2298 6245 6309)
4(2360 2361 6308 6307)
4(2361 2362 6309 6308)
4(2362 2363 6310 6309)
4(2439 2440 6387 6386)
4(2362 2401 6348 6309)
4(2401 2439 6386 6348)
4(2500 2501 6448 6447)
4(2439 2471 6418 6386)
4(2471 2500 6447 6418)
4(2560 2561 6508 6507)
4(2500 2529 6476 6447)
4(2529 2560 6507 6476)
4(2634 2635 6582 6581)
4(2560 2591 6538 6507)
4(2591 2634 6581 6538)
4(2696 2697 6644 6643)
4(2634 2663 6610 6581)
4(2663 2696 6643 6610)
4(2758 2759 6706 6705)
4(2696 2729 6676 6643)
4(2729 2758 6705 6676)
4(2818 2819 6766 6765)
4(2758 2787 6734 6705)
4(2787 2818 6765 6734)
4(2878 2879 6826 6825)
4(2818 2849 6796 6765)
4(2849 2878 6825 6796)
4(2939 2940 6887 6886)
4(2878 2907 6854 6825)
4(2907 2939 6886 6854)
4(3148 3149 7096 7095)
4(3149 3084 7031 7096)
4(3083 3082 7029 7030)
4(3084 3083 7030 7031)
4(3082 3119 7066 7029)
4(3119 3148 7095 7066)
4(3217 3149 7096 7164)
4(3216 3217 7164 7163)
4(3148 3181 7128 7095)
4(3181 3216 7163 7128)
4(3000 3001 6948 6947)
4(2939 2971 6918 6886)
4(2971 3000 6947 6918)
4(3086 3087 7034 7033)
4(3000 3045 6992 6947)
4(3045 3086 7033 6992)
4(3149 3150 7097 7096)
4(3150 3086 7033 7097)
4(3085 3084 7031 7032)
4(3086 3085 7032 7033)
4(3218 3150 7097 7165)
4(3150 3151 7098 7097)
4(1283 1284 5231 5230)
4(1284 1251 5198 5231)
4(1313 1284 5231 5260)
4(1312 1313 5260 5259)
4(1284 1285 5232 5231)
4(1279 1252 5199 5226)
4(1285 1279 5226 5232)
4(1313 1314 5261 5260)
4(1307 1285 5232 5254)
4(1314 1307 5254 5261)
4(1355 1356 5303 5302)
4(1356 1313 5260 5303)
4(1387 1356 5303 5334)
4(1386 1387 5334 5333)
4(1356 1357 5304 5303)
4(1335 1314 5261 5282)
4(1357 1335 5282 5304)
4(1387 1388 5335 5334)
4(1363 1357 5304 5310)
4(1388 1363 5310 5335)
4(3874 3875 7822 7821)
4(3875 3844 7791 7822)
4(3843 3842 7789 7790)
4(3844 3843 7790 7791)
4(3894 3875 7822 7841)
4(3875 3876 7823 7822)
4(3876 3846 7793 7823)
4(3845 3844 7791 7792)
4(3846 3845 7792 7793)
4(3895 3876 7823 7842)
4(3876 3877 7824 7823)
4(3877 3848 7795 7824)
4(3847 3846 7793 7794)
4(3848 3847 7794 7795)
4(1417 1418 5365 5364)
4(1418 1387 5334 5365)
4(3896 3877 7824 7843)
4(1447 1418 5365 5394)
4(1446 1447 5394 5393)
4(3877 3878 7825 7824)
4(3878 3850 7797 7825)
4(3849 3848 7795 7796)
4(3850 3849 7796 7797)
4(1418 1419 5366 5365)
4(1397 1388 5335 5344)
4(1419 1397 5344 5366)
4(3897 3878 7825 7844)
4(1447 1448 5395 5394)
4(1425 1419 5366 5372)
4(1448 1425 5372 5395)
4(1475 1476 5423 5422)
4(1476 1447 5394 5423)
4(1508 1476 5423 5455)
4(1507 1508 5455 5454)
4(1476 1477 5424 5423)
4(1455 1448 5395 5402)
4(1477 1455 5402 5424)
4(1508 1509 5456 5455)
4(1483 1477 5424 5430)
4(1509 1483 5430 5456)
4(3856 3857 7804 7803)
4(3857 3784 7731 7804)
4(3782 3818 7765 7729)
4(3818 3856 7803 7765)
4(3783 3782 7729 7730)
4(3784 3783 7730 7731)
4(3878 3879 7826 7825)
4(3879 3852 7799 7826)
4(3851 3850 7797 7798)
4(3852 3851 7798 7799)
4(3898 3879 7826 7845)
4(3879 3880 7827 7826)
4(3880 3854 7801 7827)
4(3853 3852 7799 7800)
4(3854 3853 7800 7801)
4(3899 3880 7827 7846)
4(3880 3881 7828 7827)
4(3881 3856 7803 7828)
4(3855 3854 7801 7802)
4(3856 3855 7802 7803)
4(3900 3881 7828 7847)
4(3881 3882 7829 7828)
4(1545 1546 5493 5492)
4(1546 1508 5455 5493)
4(1585 1546 5493 5532)
4(1546 1547 5494 5493)
4(1519 1509 5456 5466)
4(1547 1519 5466 5494)
4(1586 1547 5494 5533)
4(1587 1549 5496 5534)
4(1548 1547 5494 5495)
4(1549 1548 5495 5496)
4(1550 1549 5496 5497)
4(1551 1550 5497 5498)
4(1561 1551 5498 5508)
4(1588 1561 5508 5535)
4(1619 1620 5567 5566)
4(1589 1588 5535 5536)
4(1590 1589 5536 5537)
4(1601 1590 5537 5548)
4(1620 1601 5548 5567)
4(1651 1620 5567 5598)
4(1650 1651 5598 5597)
4(1651 1652 5599 5598)
4(1621 1620 5567 5568)
4(1622 1621 5568 5569)
4(1629 1622 5569 5576)
4(1652 1629 5576 5599)
4(1681 1682 5629 5628)
4(1682 1651 5598 5629)
4(1711 1682 5629 5658)
4(1682 1683 5630 5629)
4(1665 1652 5599 5612)
4(1683 1665 5612 5630)
4(1712 1683 5630 5659)
4(3858 3786 7733 7805)
4(3785 3784 7731 7732)
4(3786 3785 7732 7733)
4(3786 3787 7734 7733)
4(3787 3568 7515 7734)
4(3567 3566 7513 7514)
4(3568 3567 7514 7515)
4(3566 3594 7541 7513)
4(3594 3786 7733 7541)
4(3859 3787 7734 7806)
4(3570 3571 7518 7517)
4(3571 3417 7364 7518)
4(3415 3474 7421 7362)
4(3474 3570 7517 7421)
4(3416 3415 7362 7363)
4(3417 3416 7363 7364)
4(3787 3788 7735 7734)
4(3788 3570 7517 7735)
4(3569 3568 7515 7516)
4(3570 3569 7516 7517)
4(3860 3788 7735 7807)
4(3788 3789 7736 7735)
4(3417 3418 7365 7364)
4(3418 3216 7163 7365)
4(3215 3214 7161 7162)
4(3216 3215 7162 7163)
4(3214 3268 7215 7161)
4(3268 3417 7364 7215)
4(3572 3418 7365 7519)
4(3418 3419 7366 7365)
4(1712 1713 5660 5659)
4(1684 1683 5630 5631)
4(1685 1684 5631 5632)
4(1695 1685 5632 5642)
4(1713 1695 5642 5660)
4(1762 1763 5710 5709)
4(1763 1713 5660 5710)
4(1928 1763 5710 5875)
4(1927 1928 5875 5874)
4(1763 1764 5711 5710)
4(1714 1713 5660 5661)
4(1715 1714 5661 5662)
4(1725 1715 5662 5672)
4(1764 1725 5672 5711)
4(1928 1929 5876 5875)
4(1809 1764 5711 5756)
4(1929 1809 5756 5876)
4(2386 2387 6334 6333)
4(2387 2348 6295 6334)
4(2433 2387 6334 6380)
4(2432 2433 6380 6379)
4(2387 2388 6335 6334)
4(2388 2349 6296 6335)
4(2433 2434 6381 6380)
4(2424 2388 6335 6371)
4(2434 2424 6371 6381)
4(2252 2253 6200 6199)
4(2253 2224 6171 6200)
4(2288 2253 6200 6235)
4(2287 2288 6235 6234)
4(2253 2254 6201 6200)
4(2254 2225 6172 6201)
4(2288 2289 6236 6235)
4(2276 2254 6201 6223)
4(2289 2276 6223 6236)
4(2390 2350 6297 6337)
4(2388 2389 6336 6335)
4(2389 2390 6337 6336)
4(2390 2391 6338 6337)
4(2391 2392 6339 6338)
4(2382 2351 6298 6329)
4(2392 2382 6329 6339)
4(2318 2319 6266 6265)
4(2319 2288 6235 6266)
4(2342 2319 6266 6289)
4(2353 2342 6289 6300)
4(2351 2352 6299 6298)
4(2352 2353 6300 6299)
4(2319 2320 6267 6266)
4(2320 2321 6268 6267)
4(2314 2289 6236 6261)
4(2321 2314 6261 6268)
4(2464 2465 6412 6411)
4(2465 2433 6380 6412)
4(2494 2465 6412 6441)
4(2493 2494 6441 6440)
4(2465 2466 6413 6412)
4(2460 2434 6381 6407)
4(2466 2460 6407 6413)
4(2494 2495 6442 6441)
4(2488 2466 6413 6435)
4(2495 2488 6435 6442)
4(2522 2523 6470 6469)
4(2523 2494 6441 6470)
4(2554 2523 6470 6501)
4(2553 2554 6501 6500)
4(2523 2524 6471 6470)
4(2518 2495 6442 6465)
4(2524 2518 6465 6471)
4(2554 2555 6502 6501)
4(2546 2524 6471 6493)
4(2555 2546 6493 6502)
4(2584 2585 6532 6531)
4(2585 2554 6501 6532)
4(2614 2585 6532 6561)
4(2613 2614 6561 6560)
4(2585 2586 6533 6532)
4(2580 2555 6502 6527)
4(2586 2580 6527 6533)
4(2614 2615 6562 6561)
4(2608 2586 6533 6555)
4(2615 2608 6555 6562)
4(2656 2657 6604 6603)
4(2657 2614 6561 6604)
4(2690 2657 6604 6637)
4(2689 2690 6637 6636)
4(2657 2658 6605 6604)
4(2636 2615 6562 6583)
4(2658 2636 6583 6605)
4(2690 2691 6638 6637)
4(2664 2658 6605 6611)
4(2691 2664 6611 6638)
4(2177 2178 6125 6124)
4(2178 1928 5875 6125)
4(2226 2178 6125 6173)
4(2225 2226 6173 6172)
4(2178 2179 6126 6125)
4(2128 1929 5876 6075)
4(2179 2128 6075 6126)
4(2226 2227 6174 6173)
4(2227 2228 6175 6174)
4(2218 2179 6126 6165)
4(2228 2218 6165 6175)
4(2254 2255 6202 6201)
4(2255 2256 6203 6202)
4(2246 2226 6173 6193)
4(2256 2246 6193 6203)
4(2722 2723 6670 6669)
4(2723 2690 6637 6670)
4(2752 2723 6670 6699)
4(2751 2752 6699 6698)
4(2723 2724 6671 6670)
4(2702 2691 6638 6649)
4(2724 2702 6649 6671)
4(2752 2753 6700 6699)
4(2730 2724 6671 6677)
4(2753 2730 6677 6700)
4(2780 2781 6728 6727)
4(2781 2752 6699 6728)
4(2812 2781 6728 6759)
4(2811 2812 6759 6758)
4(2781 2782 6729 6728)
4(2760 2753 6700 6707)
4(2782 2760 6707 6729)
4(2812 2813 6760 6759)
4(2788 2782 6729 6735)
4(2813 2788 6735 6760)
4(2842 2843 6790 6789)
4(2843 2812 6759 6790)
4(2872 2843 6790 6819)
4(2871 2872 6819 6818)
4(2843 2844 6791 6790)
4(2822 2813 6760 6769)
4(2844 2822 6769 6791)
4(2872 2873 6820 6819)
4(2850 2844 6791 6797)
4(2873 2850 6797 6820)
4(2900 2901 6848 6847)
4(2901 2872 6819 6848)
4(2933 2901 6848 6880)
4(2932 2933 6880 6879)
4(2901 2902 6849 6848)
4(2880 2873 6820 6827)
4(2902 2880 6827 6849)
4(2933 2934 6881 6880)
4(2908 2902 6849 6855)
4(2934 2908 6855 6881)
4(2964 2965 6912 6911)
4(2965 2933 6880 6912)
4(2994 2965 6912 6941)
4(2993 2994 6941 6940)
4(2965 2966 6913 6912)
4(2944 2934 6881 6891)
4(2966 2944 6891 6913)
4(2994 2995 6942 6941)
4(2972 2966 6913 6919)
4(2995 2972 6919 6942)
4(3030 3031 6978 6977)
4(3031 2994 6941 6978)
4(3072 3031 6978 7019)
4(3031 3032 6979 6978)
4(3002 2995 6942 6949)
4(3032 3002 6949 6979)
4(3073 3032 6979 7020)
4(3074 3034 6981 7021)
4(3033 3032 6979 6980)
4(3034 3033 6980 6981)
4(3035 3034 6981 6982)
4(3036 3035 6982 6983)
4(3046 3036 6983 6993)
4(3075 3046 6993 7022)
4(3110 3111 7058 7057)
4(3076 3075 7022 7023)
4(3077 3076 7023 7024)
4(3090 3077 7024 7037)
4(3111 3090 7037 7058)
4(3140 3111 7058 7087)
4(3139 3140 7087 7086)
4(3140 3141 7088 7087)
4(3112 3111 7058 7059)
4(3113 3112 7059 7060)
4(3120 3113 7060 7067)
4(3141 3120 7067 7088)
4(3168 3169 7116 7115)
4(3169 3140 7087 7116)
4(3204 3169 7116 7151)
4(3169 3170 7117 7116)
4(3152 3141 7088 7099)
4(3170 3152 7099 7117)
4(3205 3170 7117 7152)
4(3205 3206 7153 7152)
4(3171 3170 7117 7118)
4(3172 3171 7118 7119)
4(3182 3172 7119 7129)
4(3206 3182 7129 7153)
4(3261 3262 7209 7208)
4(3262 3206 7153 7209)
4(3395 3262 7209 7342)
4(3262 3263 7210 7209)
4(3207 3206 7153 7154)
4(3208 3207 7154 7155)
4(3263 3224 7171 7210)
4(3224 3208 7155 7171)
4(3396 3343 7290 7343)
4(3343 3263 7210 7290)
4(3457 3458 7405 7404)
4(3458 3398 7345 7405)
4(3397 3396 7343 7344)
4(3398 3397 7344 7345)
4(3550 3458 7405 7497)
4(3458 3459 7406 7405)
4(3459 3400 7347 7406)
4(3399 3398 7345 7346)
4(3400 3399 7346 7347)
4(3551 3459 7406 7498)
4(3460 3402 7349 7407)
4(3459 3460 7407 7406)
4(3401 3400 7347 7348)
4(3402 3401 7348 7349)
4(3461 3460 7407 7408)
4(3460 3552 7499 7407)
4(3553 3461 7408 7500)
4(3403 3402 7349 7350)
4(3404 3403 7350 7351)
4(3420 3404 7351 7367)
4(3461 3420 7367 7408)
4(3553 3554 7501 7500)
4(3462 3461 7408 7409)
4(3463 3462 7409 7410)
4(3504 3463 7410 7451)
4(3554 3504 7451 7501)
4(3581 3582 7529 7528)
4(3582 3554 7501 7529)
4(3723 3582 7529 7670)
4(3582 3583 7530 7529)
4(3583 3556 7503 7530)
4(3555 3554 7501 7502)
4(3556 3555 7502 7503)
4(3724 3583 7530 7671)
4(3583 3584 7531 7530)
4(3584 3558 7505 7531)
4(3557 3556 7503 7504)
4(3558 3557 7504 7505)
4(3725 3584 7531 7672)
4(3585 3559 7506 7532)
4(3559 3584 7531 7506)
4(3662 3585 7532 7609)
4(3726 3662 7609 7673)
4(3517 3559 7506 7464)
4(3575 3518 7465 7522)
4(3585 3575 7522 7532)
4(3518 3517 7464 7465)
4(3516 3558 7505 7463)
4(3517 3516 7463 7464)
4(3790 3791 7738 7737)
4(3791 3728 7675 7738)
4(3727 3726 7673 7674)
4(3728 3727 7674 7675)
4(3829 3791 7738 7776)
4(3791 3792 7739 7738)
4(3792 3730 7677 7739)
4(3729 3728 7675 7676)
4(3730 3729 7676 7677)
4(3830 3792 7739 7777)
4(3792 3793 7740 7739)
4(3793 3732 7679 7740)
4(3731 3730 7677 7678)
4(3732 3731 7678 7679)
4(3831 3793 7740 7778)
4(3793 3794 7741 7740)
4(3794 3734 7681 7741)
4(3733 3732 7679 7680)
4(3734 3733 7680 7681)
4(3832 3794 7741 7779)
4(3794 3795 7742 7741)
4(3795 3736 7683 7742)
4(3735 3734 7681 7682)
4(3736 3735 7682 7683)
4(3833 3795 7742 7780)
4(3795 3796 7743 7742)
4(3796 3738 7685 7743)
4(3737 3736 7683 7684)
4(3738 3737 7684 7685)
4(3834 3796 7743 7781)
4(3796 3797 7744 7743)
4(3797 3740 7687 7744)
4(3739 3738 7685 7686)
4(3740 3739 7686 7687)
4(3835 3797 7744 7782)
4(3797 3798 7745 7744)
4(3798 3742 7689 7745)
4(3741 3740 7687 7688)
4(3742 3741 7688 7689)
4(3836 3798 7745 7783)
4(3798 3799 7746 7745)
4(3799 3744 7691 7746)
4(3743 3742 7689 7690)
4(3744 3743 7690 7691)
4(3837 3799 7746 7784)
4(3799 3800 7747 7746)
4(3800 3746 7693 7747)
4(3745 3744 7691 7692)
4(3746 3745 7692 7693)
4(3838 3800 7747 7785)
4(3800 3801 7748 7747)
4(3801 3748 7695 7748)
4(3747 3746 7693 7694)
4(3748 3747 7694 7695)
4(3839 3801 7748 7786)
4(3801 3802 7749 7748)
4(3802 3750 7697 7749)
4(3749 3748 7695 7696)
4(3750 3749 7696 7697)
4(3840 3802 7749 7787)
4(3802 3803 7750 7749)
4(3803 3752 7699 7750)
4(3751 3750 7697 7698)
4(3752 3751 7698 7699)
4(3841 3803 7750 7788)
4(3803 3804 7751 7750)
4(3804 3754 7701 7751)
4(3753 3752 7699 7700)
4(3754 3753 7700 7701)
4(3842 3804 7751 7789)
4(142 143 4090 4089)
4(143 105 4052 4090)
4(194 143 4090 4141)
4(192 193 4140 4139)
4(193 194 4141 4140)
4(143 144 4091 4090)
4(144 106 4053 4091)
4(196 144 4091 4143)
4(194 195 4142 4141)
4(195 196 4143 4142)
4(144 145 4092 4091)
4(145 107 4054 4092)
4(198 145 4092 4145)
4(196 197 4144 4143)
4(197 198 4145 4144)
4(145 146 4093 4092)
4(146 108 4055 4093)
4(200 146 4093 4147)
4(198 199 4146 4145)
4(199 200 4147 4146)
4(146 147 4094 4093)
4(147 109 4056 4094)
4(202 147 4094 4149)
4(200 201 4148 4147)
4(201 202 4149 4148)
4(147 148 4095 4094)
4(148 110 4057 4095)
4(204 148 4095 4151)
4(202 203 4150 4149)
4(203 204 4151 4150)
4(148 149 4096 4095)
4(149 111 4058 4096)
4(206 149 4096 4153)
4(204 205 4152 4151)
4(205 206 4153 4152)
4(149 150 4097 4096)
4(150 112 4059 4097)
4(208 150 4097 4155)
4(206 207 4154 4153)
4(207 208 4155 4154)
4(150 151 4098 4097)
4(151 113 4060 4098)
4(210 151 4098 4157)
4(208 209 4156 4155)
4(209 210 4157 4156)
4(151 152 4099 4098)
4(152 114 4061 4099)
4(212 152 4099 4159)
4(210 211 4158 4157)
4(211 212 4159 4158)
4(152 153 4100 4099)
4(153 115 4062 4100)
4(214 153 4100 4161)
4(212 213 4160 4159)
4(213 214 4161 4160)
4(153 154 4101 4100)
4(154 116 4063 4101)
4(216 154 4101 4163)
4(214 215 4162 4161)
4(215 216 4163 4162)
4(154 155 4102 4101)
4(155 117 4064 4102)
4(218 155 4102 4165)
4(216 217 4164 4163)
4(217 218 4165 4164)
4(155 156 4103 4102)
4(218 219 4166 4165)
4(219 220 4167 4166)
4(387 361 4308 4334)
4(429 387 4334 4376)
4(361 371 4318 4308)
4(371 428 4375 4318)
4(428 429 4376 4375)
4(387 362 4309 4334)
4(362 221 4168 4309)
4(220 284 4231 4167)
4(284 361 4308 4231)
4(388 362 4309 4335)
4(430 388 4335 4377)
4(429 430 4377 4376)
4(362 363 4310 4309)
4(363 222 4169 4310)
4(390 363 4310 4337)
4(388 389 4336 4335)
4(389 390 4337 4336)
4(363 364 4311 4310)
4(364 223 4170 4311)
4(392 364 4311 4339)
4(390 391 4338 4337)
4(391 392 4339 4338)
4(364 365 4312 4311)
4(392 393 4340 4339)
4(485 393 4340 4432)
4(392 442 4389 4339)
4(442 483 4430 4389)
4(483 484 4431 4430)
4(484 485 4432 4431)
4(485 486 4433 4432)
4(486 394 4341 4433)
4(544 486 4433 4491)
4(485 526 4473 4432)
4(526 542 4489 4473)
4(542 543 4490 4489)
4(543 544 4491 4490)
4(487 486 4433 4434)
4(546 487 4434 4493)
4(544 545 4492 4491)
4(545 546 4493 4492)
4(487 395 4342 4434)
4(487 488 4435 4434)
4(488 396 4343 4435)
4(548 488 4435 4495)
4(546 547 4494 4493)
4(547 548 4495 4494)
4(488 489 4436 4435)
4(548 549 4496 4495)
4(549 550 4497 4496)
4(683 684 4631 4630)
4(684 551 4498 4631)
4(550 603 4550 4497)
4(603 683 4630 4550)
4(740 684 4631 4687)
4(683 722 4669 4630)
4(722 738 4685 4669)
4(738 739 4686 4685)
4(739 740 4687 4686)
4(684 685 4632 4631)
4(740 741 4688 4687)
4(776 741 4688 4723)
4(740 764 4711 4687)
4(764 774 4721 4711)
4(774 775 4722 4721)
4(775 776 4723 4722)
4(776 777 4724 4723)
4(777 742 4689 4724)
4(806 777 4724 4753)
4(805 806 4753 4752)
4(776 794 4741 4723)
4(794 805 4752 4741)
4(777 778 4725 4724)
4(806 807 4754 4753)
4(835 806 4753 4782)
4(805 826 4773 4752)
4(826 833 4780 4773)
4(833 834 4781 4780)
4(834 835 4782 4781)
4(835 836 4783 4782)
4(835 856 4803 4782)
4(856 869 4816 4803)
4(869 870 4817 4816)
4(870 871 4818 4817)
4(912 872 4819 4859)
4(871 900 4847 4818)
4(900 910 4857 4847)
4(910 911 4858 4857)
4(911 912 4859 4858)
4(914 873 4820 4861)
4(912 913 4860 4859)
4(913 914 4861 4860)
4(914 915 4862 4861)
4(915 874 4821 4862)
4(952 915 4862 4899)
4(951 952 4899 4898)
4(914 944 4891 4861)
4(944 951 4898 4891)
4(915 916 4863 4862)
4(952 953 4900 4899)
4(980 981 4928 4927)
4(981 952 4899 4928)
4(951 974 4921 4898)
4(974 980 4927 4921)
4(1013 981 4928 4960)
4(1012 1013 4960 4959)
4(980 1002 4949 4927)
4(1002 1012 4959 4949)
4(981 982 4929 4928)
4(1013 1014 4961 4960)
4(1044 1045 4992 4991)
4(1045 1013 4960 4992)
4(1012 1038 4985 4959)
4(1038 1044 4991 4985)
4(1074 1045 4992 5021)
4(1073 1074 5021 5020)
4(1044 1066 5013 4991)
4(1066 1073 5020 5013)
4(1045 1046 4993 4992)
4(1074 1075 5022 5021)
4(1102 1103 5050 5049)
4(1103 1074 5021 5050)
4(1073 1096 5043 5020)
4(1096 1102 5049 5043)
4(1134 1103 5050 5081)
4(1133 1134 5081 5080)
4(1102 1124 5071 5049)
4(1124 1133 5080 5071)
4(1103 1104 5051 5050)
4(1134 1135 5082 5081)
4(1164 1165 5112 5111)
4(1165 1134 5081 5112)
4(1133 1158 5105 5080)
4(1158 1164 5111 5105)
4(1194 1165 5112 5141)
4(1193 1194 5141 5140)
4(1164 1186 5133 5111)
4(1186 1193 5140 5133)
4(1165 1166 5113 5112)
4(1194 1195 5142 5141)
4(1222 1223 5170 5169)
4(1223 1194 5141 5170)
4(1193 1216 5163 5140)
4(1216 1222 5169 5163)
4(1256 1223 5170 5203)
4(1255 1256 5203 5202)
4(1222 1244 5191 5169)
4(1244 1255 5202 5191)
4(1223 1224 5171 5170)
4(1256 1257 5204 5203)
4(590 591 4538 4537)
4(591 532 4479 4538)
4(639 591 4538 4586)
4(680 639 4586 4627)
4(640 591 4538 4587)
4(639 640 4587 4586)
4(681 719 4666 4628)
4(719 720 4667 4666)
4(720 681 4628 4667)
4(681 639 4586 4628)
4(591 592 4539 4538)
4(592 533 4480 4539)
4(641 592 4539 4588)
4(640 641 4588 4587)
4(735 736 4683 4682)
4(736 720 4667 4683)
4(592 593 4540 4539)
4(593 534 4481 4540)
4(642 593 4540 4589)
4(641 642 4589 4588)
4(593 594 4541 4540)
4(594 535 4482 4541)
4(1720 1721 5668 5667)
4(1721 1692 5639 5668)
4(1700 1720 5667 5647)
4(1690 1700 5647 5637)
4(1691 1690 5637 5638)
4(1692 1691 5638 5639)
4(604 594 4541 4551)
4(642 643 4590 4589)
4(643 604 4551 4590)
4(1767 1768 5715 5714)
4(1768 1720 5667 5715)
4(1718 1728 5675 5665)
4(1728 1767 5714 5675)
4(1719 1718 5665 5666)
4(1720 1719 5666 5667)
4(2018 1768 5715 5965)
4(2017 2018 5965 5964)
4(1767 1818 5765 5714)
4(1818 2017 5964 5765)
4(1768 1769 5716 5715)
4(2018 2019 5966 5965)
4(1288 1289 5236 5235)
4(1289 1256 5203 5236)
4(1255 1282 5229 5202)
4(1282 1288 5235 5229)
4(1332 1289 5236 5279)
4(1331 1332 5279 5278)
4(1288 1310 5257 5235)
4(1310 1331 5278 5257)
4(1289 1290 5237 5236)
4(1332 1333 5280 5279)
4(1360 1361 5308 5307)
4(1361 1332 5279 5308)
4(1331 1338 5285 5278)
4(1338 1360 5307 5285)
4(1392 1361 5308 5339)
4(1391 1392 5339 5338)
4(1360 1366 5313 5307)
4(1366 1391 5338 5313)
4(1361 1362 5309 5308)
4(1392 1393 5340 5339)
4(1422 1423 5370 5369)
4(1423 1392 5339 5370)
4(1391 1400 5347 5338)
4(1400 1422 5369 5347)
4(1452 1423 5370 5399)
4(1451 1452 5399 5398)
4(1422 1428 5375 5369)
4(1428 1451 5398 5375)
4(1423 1424 5371 5370)
4(1452 1453 5400 5399)
4(1480 1481 5428 5427)
4(1481 1452 5399 5428)
4(1451 1458 5405 5398)
4(1458 1480 5427 5405)
4(1513 1481 5428 5460)
4(1512 1513 5460 5459)
4(1480 1486 5433 5427)
4(1486 1512 5459 5433)
4(1481 1482 5429 5428)
4(1513 1514 5461 5460)
4(1658 1627 5574 5605)
4(1657 1658 5605 5604)
4(1626 1625 5572 5573)
4(1625 1632 5579 5572)
4(1632 1657 5604 5579)
4(1627 1626 5573 5574)
4(1627 1628 5575 5574)
4(1594 1593 5540 5541)
4(1595 1594 5541 5542)
4(1593 1604 5551 5540)
4(1604 1627 5574 5551)
4(1658 1659 5606 5605)
4(1596 1556 5503 5543)
4(1555 1554 5501 5502)
4(1554 1564 5511 5501)
4(1564 1595 5542 5511)
4(1556 1555 5502 5503)
4(1597 1558 5505 5544)
4(1557 1556 5503 5504)
4(1558 1557 5504 5505)
4(1692 1693 5640 5639)
4(1693 1658 5605 5640)
4(1657 1670 5617 5604)
4(1670 1692 5639 5617)
4(594 595 4542 4541)
4(595 536 4483 4542)
4(1722 1693 5640 5669)
4(605 595 4542 4552)
4(604 605 4552 4551)
4(1693 1694 5641 5640)
4(595 596 4543 4542)
4(596 537 4484 4543)
4(606 596 4543 4553)
4(605 606 4553 4552)
4(607 537 4484 4554)
4(606 607 4554 4553)
4(555 537 4484 4502)
4(607 555 4502 4554)
4(556 538 4485 4503)
4(555 556 4503 4502)
4(557 539 4486 4504)
4(556 557 4504 4503)
4(1558 1559 5506 5505)
4(1559 1513 5460 5506)
4(1512 1522 5469 5459)
4(1522 1558 5505 5469)
4(1598 1559 5506 5545)
4(1559 1560 5507 5506)
4(521 522 4469 4468)
4(522 477 4424 4469)
4(540 522 4469 4487)
4(539 540 4487 4486)
4(490 477 4424 4437)
4(522 523 4470 4469)
4(523 490 4437 4470)
4(491 478 4425 4438)
4(490 491 4438 4437)
4(540 558 4505 4487)
4(558 559 4506 4505)
4(559 523 4470 4506)
4(431 432 4379 4378)
4(432 382 4329 4379)
4(479 432 4379 4426)
4(478 479 4426 4425)
4(432 433 4380 4379)
4(433 383 4330 4380)
4(479 480 4427 4426)
4(443 433 4380 4390)
4(480 443 4390 4427)
4(492 479 4426 4439)
4(491 492 4439 4438)
4(493 480 4427 4440)
4(492 493 4440 4439)
4(557 558 4505 4504)
4(228 229 4176 4175)
4(229 165 4112 4176)
4(357 229 4176 4304)
4(356 357 4304 4303)
4(229 230 4177 4176)
4(230 166 4113 4177)
4(358 229 4176 4305)
4(357 358 4305 4304)
4(229 286 4233 4176)
4(286 230 4177 4233)
4(285 229 4176 4232)
4(358 285 4232 4305)
4(285 286 4233 4232)
4(366 367 4314 4313)
4(367 357 4304 4314)
4(405 367 4314 4352)
4(404 405 4352 4351)
4(367 368 4315 4314)
4(368 358 4305 4315)
4(405 406 4353 4352)
4(406 368 4315 4353)
4(230 231 4178 4177)
4(231 167 4114 4178)
4(287 231 4178 4234)
4(286 287 4234 4233)
4(231 232 4179 4178)
4(232 168 4115 4179)
4(288 232 4179 4235)
4(287 288 4235 4234)
4(433 434 4381 4380)
4(434 384 4331 4381)
4(444 434 4381 4391)
4(443 444 4391 4390)
4(434 435 4382 4381)
4(435 385 4332 4382)
4(445 435 4382 4392)
4(444 445 4392 4391)
4(436 385 4332 4383)
4(435 436 4383 4382)
4(436 402 4349 4383)
4(445 446 4393 4392)
4(446 436 4383 4393)
4(232 233 4180 4179)
4(233 169 4116 4180)
4(289 233 4180 4236)
4(288 289 4236 4235)
4(233 234 4181 4180)
4(234 170 4117 4181)
4(290 234 4181 4237)
4(289 290 4237 4236)
4(234 235 4182 4181)
4(235 171 4118 4182)
4(292 235 4182 4239)
4(291 292 4239 4238)
4(290 291 4238 4237)
4(235 236 4183 4182)
4(236 172 4119 4183)
4(293 236 4183 4240)
4(292 293 4240 4239)
4(236 237 4184 4183)
4(237 173 4120 4184)
4(294 237 4184 4241)
4(293 294 4241 4240)
4(237 238 4185 4184)
4(238 174 4121 4185)
4(296 238 4185 4243)
4(295 296 4243 4242)
4(294 295 4242 4241)
4(238 239 4186 4185)
4(239 175 4122 4186)
4(297 239 4186 4244)
4(296 297 4244 4243)
4(239 240 4187 4186)
4(240 176 4123 4187)
4(298 240 4187 4245)
4(297 298 4245 4244)
4(240 241 4188 4187)
4(241 177 4124 4188)
4(299 241 4188 4246)
4(298 299 4246 4245)
4(241 242 4189 4188)
4(242 178 4125 4189)
4(300 242 4189 4247)
4(299 300 4247 4246)
4(242 243 4190 4189)
4(243 179 4126 4190)
4(302 243 4190 4249)
4(301 302 4249 4248)
4(300 301 4248 4247)
4(243 244 4191 4190)
4(244 180 4127 4191)
4(303 244 4191 4250)
4(302 303 4250 4249)
4(244 245 4192 4191)
4(245 181 4128 4192)
4(304 245 4192 4251)
4(303 304 4251 4250)
4(245 246 4193 4192)
4(246 182 4129 4193)
4(306 246 4193 4253)
4(305 306 4253 4252)
4(304 305 4252 4251)
4(246 247 4194 4193)
4(247 183 4130 4194)
4(307 247 4194 4254)
4(306 307 4254 4253)
4(247 248 4195 4194)
4(248 184 4131 4195)
4(308 248 4195 4255)
4(307 308 4255 4254)
4(248 249 4196 4195)
4(249 185 4132 4196)
4(309 249 4196 4256)
4(308 309 4256 4255)
4(249 250 4197 4196)
4(250 186 4133 4197)
4(310 250 4197 4257)
4(309 310 4257 4256)
4(250 251 4198 4197)
4(251 187 4134 4198)
4(312 251 4198 4259)
4(311 312 4259 4258)
4(310 311 4258 4257)
4(251 252 4199 4198)
4(252 188 4135 4199)
4(313 252 4199 4260)
4(312 313 4260 4259)
4(252 253 4200 4199)
4(253 189 4136 4200)
4(314 253 4200 4261)
4(313 314 4261 4260)
4(253 254 4201 4200)
4(254 190 4137 4201)
4(316 254 4201 4263)
4(315 316 4263 4262)
4(314 315 4262 4261)
4(254 255 4202 4201)
4(255 191 4138 4202)
4(317 255 4202 4264)
4(316 317 4264 4263)
4(255 256 4203 4202)
4(256 192 4139 4203)
4(318 256 4203 4265)
4(317 318 4265 4264)
4(853 829 4776 4800)
4(837 853 4800 4784)
4(853 854 4801 4800)
4(854 837 4784 4801)
4(837 829 4776 4784)
4(838 829 4776 4785)
4(837 838 4785 4784)
4(866 867 4814 4813)
4(867 854 4801 4814)
4(839 830 4777 4786)
4(838 839 4786 4785)
4(917 904 4851 4864)
4(941 917 4864 4888)
4(918 904 4851 4865)
4(917 918 4865 4864)
4(941 942 4889 4888)
4(942 917 4864 4889)
4(948 949 4896 4895)
4(949 942 4889 4896)
4(919 905 4852 4866)
4(918 919 4866 4865)
4(920 906 4853 4867)
4(919 920 4867 4866)
4(921 907 4854 4868)
4(920 921 4868 4867)
4(971 972 4919 4918)
4(955 949 4896 4902)
4(972 955 4902 4919)
4(977 978 4925 4924)
4(978 972 4919 4925)
4(999 1000 4947 4946)
4(983 978 4925 4930)
4(1000 983 4930 4947)
4(1009 1010 4957 4956)
4(1010 1000 4947 4957)
4(864 880 4827 4811)
4(880 865 4812 4827)
4(864 879 4826 4811)
4(879 880 4827 4826)
4(897 879 4826 4844)
4(897 898 4845 4844)
4(898 879 4826 4845)
4(907 908 4855 4854)
4(908 898 4845 4855)
4(881 866 4813 4828)
4(880 881 4828 4827)
4(922 908 4855 4869)
4(921 922 4869 4868)
4(882 867 4814 4829)
4(881 882 4829 4828)
4(1035 1036 4983 4982)
4(1019 1010 4957 4966)
4(1036 1019 4966 4983)
4(1041 1042 4989 4988)
4(1042 1036 4983 4989)
4(1063 1064 5011 5010)
4(1047 1042 4989 4994)
4(1064 1047 4994 5011)
4(1070 1071 5018 5017)
4(1071 1064 5011 5018)
4(1093 1094 5041 5040)
4(1077 1071 5018 5024)
4(1094 1077 5024 5041)
4(1099 1100 5047 5046)
4(1100 1094 5041 5047)
4(1121 1122 5069 5068)
4(1105 1100 5047 5052)
4(1122 1105 5052 5069)
4(1130 1131 5078 5077)
4(1131 1122 5069 5078)
4(1155 1156 5103 5102)
4(1139 1131 5078 5086)
4(1156 1139 5086 5103)
4(1161 1162 5109 5108)
4(1162 1156 5103 5109)
4(1183 1184 5131 5130)
4(1167 1162 5109 5114)
4(1184 1167 5114 5131)
4(1190 1191 5138 5137)
4(1191 1184 5131 5138)
4(1213 1214 5161 5160)
4(1197 1191 5138 5144)
4(1214 1197 5144 5161)
4(1219 1220 5167 5166)
4(1220 1214 5161 5167)
4(1241 1242 5189 5188)
4(1225 1220 5167 5172)
4(1242 1225 5172 5189)
4(1252 1253 5200 5199)
4(1253 1242 5189 5200)
4(789 790 4737 4736)
4(790 768 4715 4737)
4(801 790 4737 4748)
4(800 801 4748 4747)
4(790 769 4716 4737)
4(779 790 4737 4726)
4(790 791 4738 4737)
4(791 779 4726 4738)
4(779 769 4716 4726)
4(780 769 4716 4727)
4(779 780 4727 4726)
4(801 802 4749 4748)
4(802 791 4738 4749)
4(759 760 4707 4706)
4(760 734 4681 4707)
4(770 760 4707 4717)
4(769 770 4717 4716)
4(734 753 4700 4681)
4(753 735 4682 4700)
4(734 752 4699 4681)
4(752 753 4700 4699)
4(760 761 4708 4707)
4(761 752 4699 4708)
4(770 771 4718 4717)
4(771 761 4708 4718)
4(781 771 4718 4728)
4(780 781 4728 4727)
4(800 812 4759 4747)
4(812 801 4748 4759)
4(800 811 4758 4747)
4(811 812 4759 4758)
4(823 811 4758 4770)
4(823 824 4771 4770)
4(824 811 4758 4771)
4(830 831 4778 4777)
4(831 824 4771 4778)
4(813 802 4749 4760)
4(812 813 4760 4759)
4(839 840 4787 4786)
4(840 831 4778 4787)
4(751 736 4683 4698)
4(753 751 4698 4700)
4(2182 2183 6130 6129)
4(2183 2018 5965 6130)
4(2017 2137 6084 5964)
4(2137 2182 6129 6084)
4(2233 2183 6130 6180)
4(2182 2221 6168 6129)
4(2221 2231 6178 6168)
4(2231 2232 6179 6178)
4(2232 2233 6180 6179)
4(2183 2184 6131 6130)
4(2233 2234 6181 6180)
4(2263 2234 6181 6210)
4(2233 2251 6198 6180)
4(2251 2261 6208 6198)
4(2261 2262 6209 6208)
4(2262 2263 6210 6209)
4(2263 2264 6211 6210)
4(2264 2235 6182 6211)
4(2295 2264 6211 6242)
4(2294 2295 6242 6241)
4(2263 2281 6228 6210)
4(2281 2294 6241 6228)
4(2264 2265 6212 6211)
4(2295 2296 6243 6242)
4(2326 2295 6242 6273)
4(2294 2317 6264 6241)
4(2317 2324 6271 6264)
4(2324 2325 6272 6271)
4(2325 2326 6273 6272)
4(2326 2327 6274 6273)
4(2326 2345 6292 6273)
4(2345 2356 6303 6292)
4(2356 2357 6304 6303)
4(2357 2358 6305 6304)
4(2397 2359 6306 6344)
4(2358 2385 6332 6305)
4(2385 2395 6342 6332)
4(2395 2396 6343 6342)
4(2396 2397 6344 6343)
4(2399 2360 6307 6346)
4(2397 2398 6345 6344)
4(2398 2399 6346 6345)
4(2399 2400 6347 6346)
4(2400 2361 6308 6347)
4(2438 2400 6347 6385)
4(2437 2438 6385 6384)
4(2399 2427 6374 6346)
4(2427 2437 6384 6374)
4(2400 2401 6348 6347)
4(2438 2439 6386 6385)
4(2469 2470 6417 6416)
4(2470 2438 6385 6417)
4(2437 2463 6410 6384)
4(2463 2469 6416 6410)
4(2499 2470 6417 6446)
4(2498 2499 6446 6445)
4(2469 2491 6438 6416)
4(2491 2498 6445 6438)
4(2470 2471 6418 6417)
4(2499 2500 6447 6446)
4(2527 2528 6475 6474)
4(2528 2499 6446 6475)
4(2498 2521 6468 6445)
4(2521 2527 6474 6468)
4(2559 2528 6475 6506)
4(2558 2559 6506 6505)
4(2527 2549 6496 6474)
4(2549 2558 6505 6496)
4(2528 2529 6476 6475)
4(2559 2560 6507 6506)
4(2589 2590 6537 6536)
4(2590 2559 6506 6537)
4(2558 2583 6530 6505)
4(2583 2589 6536 6530)
4(2633 2590 6537 6580)
4(2632 2633 6580 6579)
4(2589 2611 6558 6536)
4(2611 2632 6579 6558)
4(2590 2591 6538 6537)
4(2633 2634 6581 6580)
4(2661 2662 6609 6608)
4(2662 2633 6580 6609)
4(2632 2639 6586 6579)
4(2639 2661 6608 6586)
4(2695 2662 6609 6642)
4(2694 2695 6642 6641)
4(2661 2667 6614 6608)
4(2667 2694 6641 6614)
4(2662 2663 6610 6609)
4(2695 2696 6643 6642)
4(3214 3179 7126 7161)
4(3213 3214 7161 7160)
4(3177 3187 7134 7124)
4(3187 3213 7160 7134)
4(3178 3177 7124 7125)
4(3179 3178 7125 7126)
4(2727 2728 6675 6674)
4(2728 2695 6642 6675)
4(2694 2705 6652 6641)
4(2705 2727 6674 6652)
4(2757 2728 6675 6704)
4(2756 2757 6704 6703)
4(2727 2733 6680 6674)
4(2733 2756 6703 6680)
4(2728 2729 6676 6675)
4(2757 2758 6705 6704)
4(2785 2786 6733 6732)
4(2786 2757 6704 6733)
4(2756 2763 6710 6703)
4(2763 2785 6732 6710)
4(2817 2786 6733 6764)
4(2816 2817 6764 6763)
4(2785 2791 6738 6732)
4(2791 2816 6763 6738)
4(2786 2787 6734 6733)
4(2817 2818 6765 6764)
4(2847 2848 6795 6794)
4(2848 2817 6764 6795)
4(2816 2825 6772 6763)
4(2825 2847 6794 6772)
4(2877 2848 6795 6824)
4(2876 2877 6824 6823)
4(2847 2853 6800 6794)
4(2853 2876 6823 6800)
4(2848 2849 6796 6795)
4(2877 2878 6825 6824)
4(2905 2906 6853 6852)
4(2906 2877 6824 6853)
4(2876 2883 6830 6823)
4(2883 2905 6852 6830)
4(2938 2906 6853 6885)
4(2937 2938 6885 6884)
4(2905 2911 6858 6852)
4(2911 2937 6884 6858)
4(2906 2907 6854 6853)
4(2938 2939 6886 6885)
4(3083 3041 6988 7030)
4(3039 3049 6996 6986)
4(3049 3082 7029 6996)
4(3040 3039 6986 6987)
4(3041 3040 6987 6988)
4(3084 3043 6990 7031)
4(3042 3041 6988 6989)
4(3043 3042 6989 6990)
4(3147 3118 7065 7094)
4(3146 3147 7094 7093)
4(3116 3123 7070 7063)
4(3123 3146 7093 7070)
4(3117 3116 7063 7064)
4(3118 3117 7064 7065)
4(3118 3119 7066 7065)
4(3081 3080 7027 7028)
4(3082 3081 7028 7029)
4(3080 3093 7040 7027)
4(3093 3118 7065 7040)
4(3147 3148 7095 7094)
4(3179 3180 7127 7126)
4(3180 3147 7094 7127)
4(3146 3157 7104 7093)
4(3157 3179 7126 7104)
4(3215 3180 7127 7162)
4(3180 3181 7128 7127)
4(2969 2970 6917 6916)
4(2970 2938 6885 6917)
4(2937 2947 6894 6884)
4(2947 2969 6916 6894)
4(2999 2970 6917 6946)
4(2998 2999 6946 6945)
4(2969 2975 6922 6916)
4(2975 2998 6945 6922)
4(2970 2971 6918 6917)
4(2999 3000 6947 6946)
4(3043 3044 6991 6990)
4(3044 2999 6946 6991)
4(2998 3005 6952 6945)
4(3005 3043 6990 6952)
4(3085 3044 6991 7032)
4(3044 3045 6992 6991)
4(3804 3805 7752 7751)
4(3805 3756 7703 7752)
4(3755 3754 7701 7702)
4(3756 3755 7702 7703)
4(3843 3805 7752 7790)
4(3805 3806 7753 7752)
4(3806 3758 7705 7753)
4(3757 3756 7703 7704)
4(3758 3757 7704 7705)
4(3844 3806 7753 7791)
4(3806 3807 7754 7753)
4(3807 3760 7707 7754)
4(3759 3758 7705 7706)
4(3760 3759 7706 7707)
4(3845 3807 7754 7792)
4(3807 3808 7755 7754)
4(3808 3762 7709 7755)
4(3761 3760 7707 7708)
4(3762 3761 7708 7709)
4(3846 3808 7755 7793)
4(3808 3809 7756 7755)
4(3809 3764 7711 7756)
4(3763 3762 7709 7710)
4(3764 3763 7710 7711)
4(3847 3809 7756 7794)
4(3809 3810 7757 7756)
4(3810 3766 7713 7757)
4(3765 3764 7711 7712)
4(3766 3765 7712 7713)
4(3848 3810 7757 7795)
4(3810 3811 7758 7757)
4(3811 3768 7715 7758)
4(3767 3766 7713 7714)
4(3768 3767 7714 7715)
4(3849 3811 7758 7796)
4(3811 3812 7759 7758)
4(3812 3770 7717 7759)
4(3769 3768 7715 7716)
4(3770 3769 7716 7717)
4(3850 3812 7759 7797)
4(1279 1280 5227 5226)
4(1263 1253 5200 5210)
4(1280 1263 5210 5227)
4(1285 1286 5233 5232)
4(1286 1280 5227 5233)
4(1307 1308 5255 5254)
4(1291 1286 5233 5238)
4(1308 1291 5238 5255)
4(1314 1315 5262 5261)
4(1315 1308 5255 5262)
4(1335 1336 5283 5282)
4(1336 1315 5262 5283)
4(1357 1358 5305 5304)
4(1339 1336 5283 5286)
4(1358 1339 5286 5305)
4(3812 3813 7760 7759)
4(3813 3772 7719 7760)
4(3771 3770 7717 7718)
4(3772 3771 7718 7719)
4(1363 1364 5311 5310)
4(1364 1358 5305 5311)
4(3851 3813 7760 7798)
4(1388 1389 5336 5335)
4(1367 1364 5311 5314)
4(1389 1367 5314 5336)
4(3813 3814 7761 7760)
4(3814 3774 7721 7761)
4(3773 3772 7719 7720)
4(3774 3773 7720 7721)
4(3852 3814 7761 7799)
4(3814 3815 7762 7761)
4(3815 3776 7723 7762)
4(3775 3774 7721 7722)
4(3776 3775 7722 7723)
4(3853 3815 7762 7800)
4(3815 3816 7763 7762)
4(3816 3778 7725 7763)
4(3777 3776 7723 7724)
4(3778 3777 7724 7725)
4(3854 3816 7763 7801)
4(3816 3817 7764 7763)
4(3817 3780 7727 7764)
4(3779 3778 7725 7726)
4(3780 3779 7726 7727)
4(3855 3817 7764 7802)
4(3817 3818 7765 7764)
4(3781 3780 7727 7728)
4(3782 3781 7728 7729)
4(3560 3590 7537 7507)
4(3591 3560 7507 7538)
4(3783 3591 7538 7730)
4(3590 3718 7665 7537)
4(3718 3782 7729 7665)
4(3560 3543 7490 7507)
4(3542 3580 7527 7489)
4(3580 3590 7537 7527)
4(3543 3542 7489 7490)
4(3591 3561 7508 7538)
4(3561 3544 7491 7508)
4(3544 3543 7490 7491)
4(3591 3592 7539 7538)
4(3592 3563 7510 7539)
4(3562 3561 7508 7509)
4(3563 3562 7509 7510)
4(3784 3592 7539 7731)
4(1397 1398 5345 5344)
4(1398 1389 5336 5345)
4(1419 1420 5367 5366)
4(1401 1398 5345 5348)
4(1420 1401 5348 5367)
4(1425 1426 5373 5372)
4(1426 1420 5367 5373)
4(1448 1449 5396 5395)
4(1429 1426 5373 5376)
4(1449 1429 5376 5396)
4(1455 1456 5403 5402)
4(1456 1449 5396 5403)
4(1477 1478 5425 5424)
4(1459 1456 5403 5406)
4(1478 1459 5406 5425)
4(1483 1484 5431 5430)
4(1484 1478 5425 5431)
4(1509 1510 5457 5456)
4(1487 1484 5431 5434)
4(1510 1487 5434 5457)
4(1519 1520 5467 5466)
4(1520 1510 5457 5467)
4(1547 1520 5467 5494)
4(1547 1523 5470 5494)
4(1523 1520 5467 5470)
4(1548 1524 5471 5495)
4(1524 1523 5470 5471)
4(1549 1525 5472 5496)
4(1525 1524 5471 5472)
4(1550 1526 5473 5497)
4(1526 1525 5472 5473)
4(1551 1552 5499 5498)
4(1552 1527 5474 5499)
4(1527 1526 5473 5474)
4(1561 1562 5509 5508)
4(1562 1552 5499 5509)
4(1566 1588 5535 5513)
4(1589 1566 5513 5536)
4(1588 1562 5509 5535)
4(1565 1588 5535 5512)
4(1566 1565 5512 5513)
4(1565 1562 5509 5512)
4(1590 1567 5514 5537)
4(1567 1566 5513 5514)
4(1590 1591 5538 5537)
4(1591 1568 5515 5538)
4(1568 1567 5514 5515)
4(1601 1602 5549 5548)
4(1602 1591 5538 5549)
4(1605 1601 5548 5552)
4(1621 1605 5552 5568)
4(1605 1602 5549 5552)
4(1621 1606 5553 5568)
4(1606 1605 5552 5553)
4(1622 1623 5570 5569)
4(1607 1606 5553 5554)
4(1623 1607 5554 5570)
4(3566 3470 7417 7513)
4(3565 3566 7513 7512)
4(3468 3515 7462 7415)
4(3515 3565 7512 7462)
4(3469 3468 7415 7416)
4(3470 3469 7416 7417)
4(3470 3471 7418 7417)
4(3471 3409 7356 7418)
4(3407 3425 7372 7354)
4(3425 3470 7417 7372)
4(3408 3407 7354 7355)
4(3409 3408 7355 7356)
4(3567 3471 7418 7514)
4(3471 3472 7419 7418)
4(3472 3411 7358 7419)
4(3410 3409 7356 7357)
4(3411 3410 7357 7358)
4(3568 3472 7419 7515)
4(3592 3593 7540 7539)
4(3593 3565 7512 7540)
4(3564 3563 7510 7511)
4(3565 3564 7511 7512)
4(3785 3593 7540 7732)
4(3593 3594 7541 7540)
4(3472 3473 7420 7419)
4(3473 3413 7360 7420)
4(3412 3411 7358 7359)
4(3413 3412 7359 7360)
4(3569 3473 7420 7516)
4(3473 3474 7421 7420)
4(3414 3413 7360 7361)
4(3415 3414 7361 7362)
4(3266 3267 7214 7213)
4(3267 3213 7160 7214)
4(3212 3211 7158 7159)
4(3213 3212 7159 7160)
4(3227 3266 7213 7174)
4(3211 3227 7174 7158)
4(3416 3267 7214 7363)
4(3356 3415 7362 7303)
4(3266 3356 7303 7213)
4(3267 3268 7215 7214)
4(1629 1630 5577 5576)
4(1630 1623 5570 5577)
4(1634 1652 5599 5581)
4(1653 1634 5581 5600)
4(1652 1653 5600 5599)
4(1633 1652 5599 5580)
4(1634 1633 5580 5581)
4(1652 1630 5577 5599)
4(1633 1630 5577 5580)
4(1653 1654 5601 5600)
4(1654 1635 5582 5601)
4(1635 1634 5581 5582)
4(1665 1666 5613 5612)
4(1666 1653 5600 5613)
4(1684 1666 5613 5631)
4(1666 1667 5614 5613)
4(1667 1654 5601 5614)
4(1685 1666 5613 5632)
4(1666 1671 5618 5613)
4(1671 1667 5614 5618)
4(1685 1671 5618 5632)
4(1685 1672 5619 5632)
4(1672 1671 5618 5619)
4(1685 1686 5633 5632)
4(1686 1687 5634 5633)
4(1687 1673 5620 5634)
4(1673 1672 5619 5620)
4(1695 1696 5643 5642)
4(1696 1686 5633 5643)
4(1714 1696 5643 5661)
4(1696 1697 5644 5643)
4(1697 1687 5634 5644)
4(1702 1714 5661 5649)
4(1715 1702 5649 5662)
4(1701 1714 5661 5648)
4(1702 1701 5648 5649)
4(1701 1697 5644 5648)
4(1715 1716 5663 5662)
4(1716 1703 5650 5663)
4(1703 1702 5649 5650)
4(1725 1726 5673 5672)
4(1726 1716 5663 5673)
4(1765 1725 5672 5712)
4(1764 1770 5717 5711)
4(1770 1765 5712 5717)
4(1765 1726 5673 5712)
4(1810 1764 5711 5757)
4(1809 1810 5757 5756)
4(1770 1810 5757 5717)
4(1810 1771 5718 5757)
4(1771 1770 5717 5718)
4(1930 1810 5757 5877)
4(1929 1930 5877 5876)
4(1810 1811 5758 5757)
4(1811 1772 5719 5758)
4(1772 1771 5718 5719)
4(1931 1811 5758 5878)
4(1930 1931 5878 5877)
4(1811 1812 5759 5758)
4(1812 1773 5720 5759)
4(1773 1772 5719 5720)
4(1932 1812 5759 5879)
4(1931 1932 5879 5878)
4(1812 1813 5760 5759)
4(1774 1773 5720 5721)
4(1813 1774 5721 5760)
4(1933 1819 5766 5880)
4(1932 1933 5880 5879)
4(1819 1813 5760 5766)
4(1934 1820 5767 5881)
4(1933 1934 5881 5880)
4(1820 1819 5766 5767)
4(1935 1821 5768 5882)
4(1934 1935 5882 5881)
4(1821 1820 5767 5768)
4(1936 1823 5770 5883)
4(1935 1936 5883 5882)
4(1822 1821 5768 5769)
4(1823 1822 5769 5770)
4(1937 1824 5771 5884)
4(1936 1937 5884 5883)
4(1824 1823 5770 5771)
4(1938 1825 5772 5885)
4(1937 1938 5885 5884)
4(1825 1824 5771 5772)
4(1939 1827 5774 5886)
4(1938 1939 5886 5885)
4(1826 1825 5772 5773)
4(1827 1826 5773 5774)
4(1940 1828 5775 5887)
4(1939 1940 5887 5886)
4(1828 1827 5774 5775)
4(1941 1829 5776 5888)
4(1940 1941 5888 5887)
4(1829 1828 5775 5776)
4(1942 1830 5777 5889)
4(1941 1942 5889 5888)
4(1830 1829 5776 5777)
4(1943 1831 5778 5890)
4(1942 1943 5890 5889)
4(1831 1830 5777 5778)
4(1944 1833 5780 5891)
4(1943 1944 5891 5890)
4(1832 1831 5778 5779)
4(1833 1832 5779 5780)
4(1945 1834 5781 5892)
4(1944 1945 5892 5891)
4(1834 1833 5780 5781)
4(1946 1835 5782 5893)
4(1945 1946 5893 5892)
4(1835 1834 5781 5782)
4(1947 1837 5784 5894)
4(1946 1947 5894 5893)
4(1836 1835 5782 5783)
4(1837 1836 5783 5784)
4(1948 1838 5785 5895)
4(1947 1948 5895 5894)
4(1838 1837 5784 5785)
4(1949 1839 5786 5896)
4(1948 1949 5896 5895)
4(1839 1838 5785 5786)
4(1950 1840 5787 5897)
4(1949 1950 5897 5896)
4(1840 1839 5786 5787)
4(1951 1841 5788 5898)
4(1950 1951 5898 5897)
4(1841 1840 5787 5788)
4(1952 1843 5790 5899)
4(1951 1952 5899 5898)
4(1842 1841 5788 5789)
4(1843 1842 5789 5790)
4(1953 1844 5791 5900)
4(1952 1953 5900 5899)
4(1844 1843 5790 5791)
4(1954 1845 5792 5901)
4(1953 1954 5901 5900)
4(1845 1844 5791 5792)
4(1955 1847 5794 5902)
4(1954 1955 5902 5901)
4(1846 1845 5792 5793)
4(1847 1846 5793 5794)
4(1956 1848 5795 5903)
4(1955 1956 5903 5902)
4(1848 1847 5794 5795)
4(1957 1849 5796 5904)
4(1956 1957 5904 5903)
4(1849 1848 5795 5796)
4(1958 1850 5797 5905)
4(1957 1958 5905 5904)
4(1850 1849 5796 5797)
4(1959 1851 5798 5906)
4(1958 1959 5906 5905)
4(1851 1850 5797 5798)
4(1960 1853 5800 5907)
4(1959 1960 5907 5906)
4(1852 1851 5798 5799)
4(1853 1852 5799 5800)
4(1961 1854 5801 5908)
4(1960 1961 5908 5907)
4(1854 1853 5800 5801)
4(1962 1855 5802 5909)
4(1961 1962 5909 5908)
4(1855 1854 5801 5802)
4(1963 1857 5804 5910)
4(1962 1963 5910 5909)
4(1856 1855 5802 5803)
4(1857 1856 5803 5804)
4(1964 1858 5805 5911)
4(1963 1964 5911 5910)
4(1858 1857 5804 5805)
4(1965 1859 5806 5912)
4(1964 1965 5912 5911)
4(1859 1858 5805 5806)
4(1966 1860 5807 5913)
4(1965 1966 5913 5912)
4(1860 1859 5806 5807)
4(1967 1861 5808 5914)
4(1966 1967 5914 5913)
4(1861 1860 5807 5808)
4(1968 1863 5810 5915)
4(1967 1968 5915 5914)
4(1862 1861 5808 5809)
4(1863 1862 5809 5810)
4(1969 1864 5811 5916)
4(1968 1969 5916 5915)
4(1864 1863 5810 5811)
4(1970 1865 5812 5917)
4(1969 1970 5917 5916)
4(1865 1864 5811 5812)
4(1971 1867 5814 5918)
4(1970 1971 5918 5917)
4(1866 1865 5812 5813)
4(1867 1866 5813 5814)
4(1972 1868 5815 5919)
4(1971 1972 5919 5918)
4(1868 1867 5814 5815)
4(1972 1973 5920 5919)
4(1973 1869 5816 5920)
4(1869 1868 5815 5816)
4(2425 2388 6335 6372)
4(2424 2425 6372 6371)
4(2402 2388 6335 6349)
4(2425 2402 6349 6372)
4(2403 2389 6336 6350)
4(2402 2403 6350 6349)
4(2434 2435 6382 6381)
4(2435 2425 6372 6382)
4(2404 2390 6337 6351)
4(2403 2404 6351 6350)
4(2405 2391 6338 6352)
4(2404 2405 6352 6351)
4(2393 2392 6339 6340)
4(2406 2393 6340 6353)
4(2405 2406 6353 6352)
4(2342 2328 6275 6289)
4(2328 2320 6267 6275)
4(2342 2343 6290 6289)
4(2343 2328 6275 6290)
4(2329 2320 6267 6276)
4(2328 2329 6276 6275)
4(2353 2354 6301 6300)
4(2354 2343 6290 6301)
4(2322 2321 6268 6269)
4(2329 2330 6277 6276)
4(2330 2322 6269 6277)
4(2351 2365 6312 6298)
4(2365 2352 6299 6312)
4(2383 2351 6298 6330)
4(2382 2383 6330 6329)
4(2351 2364 6311 6298)
4(2364 2365 6312 6311)
4(2383 2364 6311 6330)
4(2393 2383 6330 6340)
4(2366 2353 6300 6313)
4(2365 2366 6313 6312)
4(2367 2354 6301 6314)
4(2366 2367 6314 6313)
4(2460 2461 6408 6407)
4(2444 2435 6382 6391)
4(2461 2444 6391 6408)
4(2466 2467 6414 6413)
4(2467 2461 6408 6414)
4(2488 2489 6436 6435)
4(2472 2467 6414 6419)
4(2489 2472 6419 6436)
4(2495 2496 6443 6442)
4(2496 2489 6436 6443)
4(2518 2519 6466 6465)
4(2502 2496 6443 6449)
4(2519 2502 6449 6466)
4(2524 2525 6472 6471)
4(2525 2519 6466 6472)
4(2546 2547 6494 6493)
4(2530 2525 6472 6477)
4(2547 2530 6477 6494)
4(2555 2556 6503 6502)
4(2556 2547 6494 6503)
4(2580 2581 6528 6527)
4(2564 2556 6503 6511)
4(2581 2564 6511 6528)
4(2586 2587 6534 6533)
4(2587 2581 6528 6534)
4(2608 2609 6556 6555)
4(2592 2587 6534 6539)
4(2609 2592 6539 6556)
4(2615 2616 6563 6562)
4(2616 2609 6556 6563)
4(2636 2637 6584 6583)
4(2637 2616 6563 6584)
4(2658 2659 6606 6605)
4(2640 2637 6584 6587)
4(2659 2640 6587 6606)
4(2664 2665 6612 6611)
4(2665 2659 6606 6612)
4(2691 2692 6639 6638)
4(2668 2665 6612 6615)
4(2692 2668 6615 6639)
4(2276 2277 6224 6223)
4(2277 2255 6202 6224)
4(2290 2277 6224 6237)
4(2289 2290 6237 6236)
4(2277 2256 6203 6224)
4(2266 2277 6224 6213)
4(2277 2278 6225 6224)
4(2278 2266 6213 6225)
4(2266 2256 6203 6213)
4(2267 2256 6203 6214)
4(2266 2267 6214 6213)
4(2290 2291 6238 6237)
4(2291 2278 6225 6238)
4(2246 2247 6194 6193)
4(2238 2227 6174 6185)
4(2247 2238 6185 6194)
4(2257 2247 6194 6204)
4(2256 2257 6204 6203)
4(2227 2239 6186 6174)
4(2239 2228 6175 6186)
4(2238 2239 6186 6185)
4(2247 2248 6195 6194)
4(2248 2238 6185 6195)
4(2257 2258 6205 6204)
4(2258 2248 6195 6205)
4(2268 2258 6205 6215)
4(2267 2268 6215 6214)
4(2128 2129 6076 6075)
4(2129 1930 5877 6076)
4(2138 2128 6075 6085)
4(2179 2138 6085 6126)
4(2138 2129 6076 6085)
4(2139 2129 6076 6086)
4(2138 2139 6086 6085)
4(2180 2218 6165 6127)
4(2218 2219 6166 6165)
4(2219 2180 6127 6166)
4(2180 2138 6085 6127)
4(2129 2130 6077 6076)
4(2130 1931 5878 6077)
4(2140 2130 6077 6087)
4(2139 2140 6087 6086)
4(2228 2229 6176 6175)
4(2229 2219 6166 6176)
4(2130 2131 6078 6077)
4(2131 1932 5879 6078)
4(2141 2131 6078 6088)
4(2140 2141 6088 6087)
4(2131 2132 6079 6078)
4(2027 1933 5880 5974)
4(2132 2027 5974 6079)
4(2141 2142 6089 6088)
4(2142 2132 6079 6089)
4(2240 2229 6176 6187)
4(2239 2240 6187 6186)
4(2289 2303 6250 6236)
4(2303 2290 6237 6250)
4(2289 2302 6249 6236)
4(2302 2303 6250 6249)
4(2314 2302 6249 6261)
4(2314 2315 6262 6261)
4(2315 2302 6249 6262)
4(2322 2315 6262 6269)
4(2304 2291 6238 6251)
4(2303 2304 6251 6250)
4(2028 1934 5881 5975)
4(2027 2028 5975 5974)
4(2029 1935 5882 5976)
4(2028 2029 5976 5975)
4(2031 1936 5883 5978)
4(2030 2031 5978 5977)
4(2029 2030 5977 5976)
4(2032 1937 5884 5979)
4(2031 2032 5979 5978)
4(2033 1938 5885 5980)
4(2032 2033 5980 5979)
4(2035 1939 5886 5982)
4(2034 2035 5982 5981)
4(2033 2034 5981 5980)
4(2036 1940 5887 5983)
4(2035 2036 5983 5982)
4(2037 1941 5888 5984)
4(2036 2037 5984 5983)
4(2702 2703 6650 6649)
4(2703 2692 6639 6650)
4(2724 2725 6672 6671)
4(2706 2703 6650 6653)
4(2725 2706 6653 6672)
4(2730 2731 6678 6677)
4(2731 2725 6672 6678)
4(2753 2754 6701 6700)
4(2734 2731 6678 6681)
4(2754 2734 6681 6701)
4(2760 2761 6708 6707)
4(2761 2754 6701 6708)
4(2782 2783 6730 6729)
4(2764 2761 6708 6711)
4(2783 2764 6711 6730)
4(2788 2789 6736 6735)
4(2789 2783 6730 6736)
4(2813 2814 6761 6760)
4(2792 2789 6736 6739)
4(2814 2792 6739 6761)
4(2822 2823 6770 6769)
4(2823 2814 6761 6770)
4(2844 2845 6792 6791)
4(2826 2823 6770 6773)
4(2845 2826 6773 6792)
4(2850 2851 6798 6797)
4(2851 2845 6792 6798)
4(2873 2874 6821 6820)
4(2854 2851 6798 6801)
4(2874 2854 6801 6821)
4(2880 2881 6828 6827)
4(2881 2874 6821 6828)
4(2902 2903 6850 6849)
4(2884 2881 6828 6831)
4(2903 2884 6831 6850)
4(2908 2909 6856 6855)
4(2909 2903 6850 6856)
4(2934 2935 6882 6881)
4(2912 2909 6856 6859)
4(2935 2912 6859 6882)
4(2944 2945 6892 6891)
4(2945 2935 6882 6892)
4(2966 2967 6914 6913)
4(2948 2945 6892 6895)
4(2967 2948 6895 6914)
4(2972 2973 6920 6919)
4(2973 2967 6914 6920)
4(2995 2996 6943 6942)
4(2976 2973 6920 6923)
4(2996 2976 6923 6943)
4(3002 3003 6950 6949)
4(3003 2996 6943 6950)
4(3033 3006 6953 6980)
4(3006 3002 6949 6953)
4(3033 3007 6954 6980)
4(3007 3006 6953 6954)
4(3006 3003 6950 6953)
4(3034 3008 6955 6981)
4(3008 3007 6954 6955)
4(3035 3009 6956 6982)
4(3009 3008 6955 6956)
4(3036 3010 6957 6983)
4(3010 3009 6956 6957)
4(3036 3037 6984 6983)
4(3037 3011 6958 6984)
4(3011 3010 6957 6958)
4(3046 3047 6994 6993)
4(3047 3037 6984 6994)
4(3051 3075 7022 6998)
4(3076 3051 6998 7023)
4(3050 3075 7022 6997)
4(3051 3050 6997 6998)
4(3075 3047 6994 7022)
4(3050 3047 6994 6997)
4(3077 3052 6999 7024)
4(3052 3051 6998 6999)
4(3077 3078 7025 7024)
4(3078 3053 7000 7025)
4(3053 3052 6999 7000)
4(3090 3091 7038 7037)
4(3091 3078 7025 7038)
4(3112 3090 7037 7059)
4(3090 3094 7041 7037)
4(3094 3091 7038 7041)
4(3112 3094 7041 7059)
4(3112 3095 7042 7059)
4(3095 3094 7041 7042)
4(3113 3096 7043 7060)
4(3096 3095 7042 7043)
4(3113 3114 7061 7060)
4(3097 3096 7043 7044)
4(3114 3097 7044 7061)
4(3120 3121 7068 7067)
4(3121 3114 7061 7068)
4(3125 3141 7088 7072)
4(3142 3125 7072 7089)
4(3141 3142 7089 7088)
4(3124 3141 7088 7071)
4(3125 3124 7071 7072)
4(3141 3121 7068 7088)
4(3124 3121 7068 7071)
4(3142 3143 7090 7089)
4(3143 3126 7073 7090)
4(3126 3125 7072 7073)
4(3152 3153 7100 7099)
4(3153 3142 7089 7100)
4(3171 3153 7100 7118)
4(3153 3154 7101 7100)
4(3154 3143 7090 7101)
4(3172 3153 7100 7119)
4(3153 3158 7105 7100)
4(3158 3154 7101 7105)
4(3172 3158 7105 7119)
4(3172 3159 7106 7119)
4(3159 3158 7105 7106)
4(3172 3173 7120 7119)
4(3173 3174 7121 7120)
4(3174 3160 7107 7121)
4(3160 3159 7106 7107)
4(3182 3183 7130 7129)
4(3183 3173 7120 7130)
4(3207 3183 7130 7154)
4(3183 3184 7131 7130)
4(3184 3174 7121 7131)
4(3189 3207 7154 7136)
4(3208 3189 7136 7155)
4(3188 3207 7154 7135)
4(3189 3188 7135 7136)
4(3188 3184 7131 7135)
4(3208 3209 7156 7155)
4(3209 3190 7137 7156)
4(3190 3189 7136 7137)
4(2038 1942 5889 5985)
4(2037 2038 5985 5984)
4(2039 1943 5890 5986)
4(2038 2039 5986 5985)
4(2041 1944 5891 5988)
4(2040 2041 5988 5987)
4(2039 2040 5987 5986)
4(2042 1945 5892 5989)
4(2041 2042 5989 5988)
4(2043 1946 5893 5990)
4(2042 2043 5990 5989)
4(2045 1947 5894 5992)
4(2044 2045 5992 5991)
4(2043 2044 5991 5990)
4(2046 1948 5895 5993)
4(2045 2046 5993 5992)
4(2047 1949 5896 5994)
4(2046 2047 5994 5993)
4(2048 1950 5897 5995)
4(2047 2048 5995 5994)
4(2049 1951 5898 5996)
4(2048 2049 5996 5995)
4(2051 1952 5899 5998)
4(2050 2051 5998 5997)
4(2049 2050 5997 5996)
4(2052 1953 5900 5999)
4(2051 2052 5999 5998)
4(2053 1954 5901 6000)
4(2052 2053 6000 5999)
4(2055 1955 5902 6002)
4(2054 2055 6002 6001)
4(2053 2054 6001 6000)
4(2056 1956 5903 6003)
4(2055 2056 6003 6002)
4(2057 1957 5904 6004)
4(2056 2057 6004 6003)
4(2058 1958 5905 6005)
4(2057 2058 6005 6004)
4(2059 1959 5906 6006)
4(2058 2059 6006 6005)
4(2061 1960 5907 6008)
4(2060 2061 6008 6007)
4(2059 2060 6007 6006)
4(2062 1961 5908 6009)
4(2061 2062 6009 6008)
4(2063 1962 5909 6010)
4(2062 2063 6010 6009)
4(2065 1963 5910 6012)
4(2064 2065 6012 6011)
4(2063 2064 6011 6010)
4(2066 1964 5911 6013)
4(2065 2066 6013 6012)
4(2067 1965 5912 6014)
4(2066 2067 6014 6013)
4(2068 1966 5913 6015)
4(2067 2068 6015 6014)
4(2069 1967 5914 6016)
4(2068 2069 6016 6015)
4(2071 1968 5915 6018)
4(2070 2071 6018 6017)
4(2069 2070 6017 6016)
4(2072 1969 5916 6019)
4(2071 2072 6019 6018)
4(2073 1970 5917 6020)
4(2072 2073 6020 6019)
4(2075 1971 5918 6022)
4(2074 2075 6022 6021)
4(2073 2074 6021 6020)
4(2076 1972 5919 6023)
4(2075 2076 6023 6022)
4(2077 1973 5920 6024)
4(2076 2077 6024 6023)
4(3264 3224 7171 7211)
4(3263 3269 7216 7210)
4(3269 3264 7211 7216)
4(3225 3224 7171 7172)
4(3264 3225 7172 7211)
4(3225 3209 7156 7172)
4(3344 3343 7290 7291)
4(3397 3344 7291 7344)
4(3344 3269 7216 7291)
4(3344 3270 7217 7291)
4(3270 3269 7216 7217)
4(3344 3345 7292 7291)
4(3345 3271 7218 7292)
4(3271 3270 7217 7218)
4(3398 3345 7292 7345)
4(3345 3346 7293 7292)
4(3346 3272 7219 7293)
4(3272 3271 7218 7219)
4(3399 3346 7293 7346)
4(3346 3347 7294 7293)
4(3347 3308 7255 7294)
4(3273 3272 7219 7220)
4(3308 3273 7220 7255)
4(3400 3347 7294 7347)
4(3347 3348 7295 7294)
4(3348 3309 7256 7295)
4(3309 3308 7255 7256)
4(3401 3348 7295 7348)
4(3348 3349 7296 7295)
4(3349 3310 7257 7296)
4(3310 3309 7256 7257)
4(3402 3349 7296 7349)
4(3402 3311 7258 7349)
4(3311 3310 7257 7258)
4(3402 3357 7304 7349)
4(3357 3311 7258 7304)
4(3403 3358 7305 7350)
4(3358 3357 7304 7305)
4(3404 3359 7306 7351)
4(3359 3358 7305 7306)
4(3405 3360 7307 7352)
4(3404 3405 7352 7351)
4(3360 3359 7306 7307)
4(3405 3421 7368 7352)
4(3421 3422 7369 7368)
4(3361 3360 7307 7308)
4(3422 3361 7308 7369)
4(3420 3421 7368 7367)
4(3462 3421 7368 7409)
4(3426 3462 7409 7373)
4(3463 3427 7374 7410)
4(3427 3426 7373 7374)
4(3426 3422 7369 7373)
4(3464 3428 7375 7411)
4(3463 3464 7411 7410)
4(3428 3427 7374 7375)
4(3464 3465 7412 7411)
4(3465 3429 7376 7412)
4(3429 3428 7375 7376)
4(3504 3505 7452 7451)
4(3505 3464 7411 7452)
4(3555 3505 7452 7502)
4(3505 3506 7453 7452)
4(3506 3475 7422 7453)
4(3475 3465 7412 7422)
4(3556 3506 7453 7503)
4(3506 3507 7454 7453)
4(3507 3476 7423 7454)
4(3476 3475 7422 7423)
4(3557 3507 7454 7504)
4(3507 3508 7455 7454)
4(3508 3477 7424 7455)
4(3477 3476 7423 7424)
4(3558 3508 7455 7505)
4(3508 3509 7456 7455)
4(3478 3477 7424 7425)
4(3509 3478 7425 7456)
4(3558 3509 7456 7505)
4(3516 3509 7456 7463)
4(3576 3519 7466 7523)
4(3575 3576 7523 7522)
4(3519 3518 7465 7466)
4(3576 3577 7524 7523)
4(3520 3519 7466 7467)
4(3577 3520 7467 7524)
4(3586 3576 7523 7533)
4(3585 3586 7533 7532)
4(3586 3587 7534 7533)
4(3587 3577 7524 7534)
4(3662 3663 7610 7609)
4(3663 3586 7533 7610)
4(3727 3663 7610 7674)
4(3663 3587 7534 7610)
4(3596 3663 7610 7543)
4(3663 3664 7611 7610)
4(3664 3596 7543 7611)
4(3663 3595 7542 7610)
4(3595 3587 7534 7542)
4(3596 3595 7542 7543)
4(3728 3664 7611 7675)
4(3664 3665 7612 7611)
4(3665 3597 7544 7612)
4(3597 3596 7543 7544)
4(3729 3665 7612 7676)
4(3665 3666 7613 7612)
4(3666 3598 7545 7613)
4(3598 3597 7544 7545)
4(3730 3666 7613 7677)
4(3666 3667 7614 7613)
4(3667 3599 7546 7614)
4(3599 3598 7545 7546)
4(3731 3667 7614 7678)
4(3667 3668 7615 7614)
4(3668 3600 7547 7615)
4(3600 3599 7546 7547)
4(3732 3668 7615 7679)
4(3668 3669 7616 7615)
4(3669 3602 7549 7616)
4(3601 3600 7547 7548)
4(3602 3601 7548 7549)
4(3733 3669 7616 7680)
4(3669 3670 7617 7616)
4(3670 3603 7550 7617)
4(3603 3602 7549 7550)
4(3734 3670 7617 7681)
4(3670 3671 7618 7617)
4(3671 3604 7551 7618)
4(3604 3603 7550 7551)
4(3735 3671 7618 7682)
4(3671 3672 7619 7618)
4(3672 3606 7553 7619)
4(3605 3604 7551 7552)
4(3606 3605 7552 7553)
4(3736 3672 7619 7683)
4(3672 3673 7620 7619)
4(3673 3607 7554 7620)
4(3607 3606 7553 7554)
4(3737 3673 7620 7684)
4(3673 3674 7621 7620)
4(3674 3608 7555 7621)
4(3608 3607 7554 7555)
4(3738 3674 7621 7685)
4(3674 3675 7622 7621)
4(3675 3609 7556 7622)
4(3609 3608 7555 7556)
4(3739 3675 7622 7686)
4(3675 3676 7623 7622)
4(3676 3610 7557 7623)
4(3610 3609 7556 7557)
4(3740 3676 7623 7687)
4(3676 3677 7624 7623)
4(3677 3612 7559 7624)
4(3611 3610 7557 7558)
4(3612 3611 7558 7559)
4(3741 3677 7624 7688)
4(3677 3678 7625 7624)
4(3678 3613 7560 7625)
4(3613 3612 7559 7560)
4(3742 3678 7625 7689)
4(3678 3679 7626 7625)
4(3679 3614 7561 7626)
4(3614 3613 7560 7561)
4(3743 3679 7626 7690)
4(3679 3680 7627 7626)
4(3680 3616 7563 7627)
4(3615 3614 7561 7562)
4(3616 3615 7562 7563)
4(3744 3680 7627 7691)
4(3680 3681 7628 7627)
4(3681 3617 7564 7628)
4(3617 3616 7563 7564)
4(3745 3681 7628 7692)
4(3681 3682 7629 7628)
4(3682 3618 7565 7629)
4(3618 3617 7564 7565)
4(3746 3682 7629 7693)
4(3682 3683 7630 7629)
4(3683 3619 7566 7630)
4(3619 3618 7565 7566)
4(3747 3683 7630 7694)
4(3683 3684 7631 7630)
4(3684 3620 7567 7631)
4(3620 3619 7566 7567)
4(3748 3684 7631 7695)
4(3684 3685 7632 7631)
4(3685 3622 7569 7632)
4(3621 3620 7567 7568)
4(3622 3621 7568 7569)
4(3749 3685 7632 7696)
4(3685 3686 7633 7632)
4(3686 3623 7570 7633)
4(3623 3622 7569 7570)
4(3750 3686 7633 7697)
4(3686 3687 7634 7633)
4(3687 3624 7571 7634)
4(3624 3623 7570 7571)
4(3751 3687 7634 7698)
4(3687 3688 7635 7634)
4(3688 3626 7573 7635)
4(3625 3624 7571 7572)
4(3626 3625 7572 7573)
4(3752 3688 7635 7699)
4(3688 3689 7636 7635)
4(3689 3627 7574 7636)
4(3627 3626 7573 7574)
4(3753 3689 7636 7700)
4(3689 3690 7637 7636)
4(3690 3628 7575 7637)
4(3628 3627 7574 7575)
4(3754 3690 7637 7701)
4(256 257 4204 4203)
4(257 193 4140 4204)
4(319 257 4204 4266)
4(318 319 4266 4265)
4(257 258 4205 4204)
4(258 194 4141 4205)
4(320 258 4205 4267)
4(319 320 4267 4266)
4(258 259 4206 4205)
4(259 195 4142 4206)
4(322 259 4206 4269)
4(321 322 4269 4268)
4(320 321 4268 4267)
4(259 260 4207 4206)
4(260 196 4143 4207)
4(323 260 4207 4270)
4(322 323 4270 4269)
4(260 261 4208 4207)
4(261 197 4144 4208)
4(324 261 4208 4271)
4(323 324 4271 4270)
4(261 262 4209 4208)
4(262 198 4145 4209)
4(326 262 4209 4273)
4(325 326 4273 4272)
4(324 325 4272 4271)
4(262 263 4210 4209)
4(263 199 4146 4210)
4(327 263 4210 4274)
4(326 327 4274 4273)
4(263 264 4211 4210)
4(264 200 4147 4211)
4(328 264 4211 4275)
4(327 328 4275 4274)
4(264 265 4212 4211)
4(265 201 4148 4212)
4(329 265 4212 4276)
4(328 329 4276 4275)
4(265 266 4213 4212)
4(266 202 4149 4213)
4(330 266 4213 4277)
4(329 330 4277 4276)
4(266 267 4214 4213)
4(267 203 4150 4214)
4(332 267 4214 4279)
4(331 332 4279 4278)
4(330 331 4278 4277)
4(267 268 4215 4214)
4(268 204 4151 4215)
4(333 268 4215 4280)
4(332 333 4280 4279)
4(268 269 4216 4215)
4(269 205 4152 4216)
4(334 269 4216 4281)
4(333 334 4281 4280)
4(269 270 4217 4216)
4(270 206 4153 4217)
4(336 270 4217 4283)
4(335 336 4283 4282)
4(334 335 4282 4281)
4(270 271 4218 4217)
4(271 207 4154 4218)
4(337 271 4218 4284)
4(336 337 4284 4283)
4(271 272 4219 4218)
4(272 208 4155 4219)
4(338 272 4219 4285)
4(337 338 4285 4284)
4(272 273 4220 4219)
4(273 209 4156 4220)
4(339 273 4220 4286)
4(338 339 4286 4285)
4(273 274 4221 4220)
4(274 210 4157 4221)
4(340 274 4221 4287)
4(339 340 4287 4286)
4(274 275 4222 4221)
4(275 211 4158 4222)
4(342 275 4222 4289)
4(341 342 4289 4288)
4(340 341 4288 4287)
4(275 276 4223 4222)
4(276 212 4159 4223)
4(343 276 4223 4290)
4(342 343 4290 4289)
4(276 277 4224 4223)
4(277 213 4160 4224)
4(344 277 4224 4291)
4(343 344 4291 4290)
4(277 278 4225 4224)
4(278 214 4161 4225)
4(346 278 4225 4293)
4(345 346 4293 4292)
4(344 345 4292 4291)
4(278 279 4226 4225)
4(279 215 4162 4226)
4(347 279 4226 4294)
4(346 347 4294 4293)
4(279 280 4227 4226)
4(280 216 4163 4227)
4(348 280 4227 4295)
4(347 348 4295 4294)
4(280 281 4228 4227)
4(281 217 4164 4228)
4(349 281 4228 4296)
4(348 349 4296 4295)
4(281 282 4229 4228)
4(282 218 4165 4229)
4(350 282 4229 4297)
4(349 350 4297 4296)
4(282 283 4230 4229)
4(283 219 4166 4230)
4(283 359 4306 4230)
4(360 283 4230 4307)
4(359 360 4307 4306)
4(350 283 4230 4297)
4(283 351 4298 4230)
4(351 359 4306 4298)
4(350 351 4298 4297)
4(283 284 4231 4230)
4(360 361 4308 4307)
4(369 370 4317 4316)
4(370 360 4307 4317)
4(359 369 4316 4306)
4(427 370 4317 4374)
4(426 427 4374 4373)
4(369 426 4373 4316)
4(370 371 4318 4317)
4(427 428 4375 4374)
4(437 438 4385 4384)
4(438 388 4335 4385)
4(430 437 4384 4377)
4(469 438 4385 4416)
4(468 469 4416 4415)
4(437 468 4415 4384)
4(438 439 4386 4385)
4(439 389 4336 4386)
4(470 439 4386 4417)
4(469 470 4417 4416)
4(439 440 4387 4386)
4(440 390 4337 4387)
4(471 440 4387 4418)
4(470 471 4418 4417)
4(440 441 4388 4387)
4(441 391 4338 4388)
4(482 441 4388 4429)
4(481 482 4429 4428)
4(471 481 4428 4418)
4(441 442 4389 4388)
4(482 483 4430 4429)
4(518 482 4429 4465)
4(481 517 4464 4428)
4(517 518 4465 4464)
4(519 483 4430 4466)
4(518 519 4466 4465)
4(484 520 4467 4431)
4(524 525 4472 4471)
4(525 484 4431 4472)
4(520 524 4471 4467)
4(519 520 4467 4466)
4(541 525 4472 4488)
4(586 541 4488 4533)
4(585 586 4533 4532)
4(524 585 4532 4471)
4(525 526 4473 4472)
4(541 542 4489 4488)
4(587 542 4489 4534)
4(586 587 4534 4533)
4(588 543 4490 4535)
4(587 588 4535 4534)
4(544 635 4582 4491)
4(597 544 4491 4544)
4(636 597 4544 4583)
4(635 636 4583 4582)
4(544 589 4536 4491)
4(589 635 4582 4536)
4(588 589 4536 4535)
4(597 598 4545 4544)
4(598 545 4492 4545)
4(637 598 4545 4584)
4(636 637 4584 4583)
4(598 599 4546 4545)
4(599 546 4493 4546)
4(638 599 4546 4585)
4(637 638 4585 4584)
4(599 600 4547 4546)
4(600 547 4494 4547)
4(674 600 4547 4621)
4(673 674 4621 4620)
4(638 673 4620 4585)
4(600 601 4548 4547)
4(601 548 4495 4548)
4(675 601 4548 4622)
4(674 675 4622 4621)
4(601 602 4549 4548)
4(602 549 4496 4549)
4(676 602 4549 4623)
4(675 676 4623 4622)
4(602 603 4550 4549)
4(602 677 4624 4549)
4(677 683 4630 4624)
4(676 677 4624 4623)
4(722 682 4629 4669)
4(721 722 4669 4668)
4(682 721 4668 4629)
4(677 682 4629 4624)
4(737 738 4685 4684)
4(721 737 4684 4668)
4(1974 1870 5817 5921)
4(1973 1974 5921 5920)
4(1870 1869 5816 5817)
4(1975 1871 5818 5922)
4(1974 1975 5922 5921)
4(1871 1870 5817 5818)
4(1976 1873 5820 5923)
4(1975 1976 5923 5922)
4(1872 1871 5818 5819)
4(1873 1872 5819 5820)
4(1977 1874 5821 5924)
4(1976 1977 5924 5923)
4(1874 1873 5820 5821)
4(1978 1875 5822 5925)
4(1977 1978 5925 5924)
4(1875 1874 5821 5822)
4(1979 1877 5824 5926)
4(1978 1979 5926 5925)
4(1876 1875 5822 5823)
4(1877 1876 5823 5824)
4(1980 1878 5825 5927)
4(1979 1980 5927 5926)
4(1878 1877 5824 5825)
4(1981 1879 5826 5928)
4(1980 1981 5928 5927)
4(1879 1878 5825 5826)
4(1982 1880 5827 5929)
4(1981 1982 5929 5928)
4(1880 1879 5826 5827)
4(1983 1881 5828 5930)
4(1982 1983 5930 5929)
4(1881 1880 5827 5828)
4(1984 1883 5830 5931)
4(1983 1984 5931 5930)
4(1882 1881 5828 5829)
4(1883 1882 5829 5830)
4(1985 1884 5831 5932)
4(1984 1985 5932 5931)
4(1884 1883 5830 5831)
4(1986 1885 5832 5933)
4(1985 1986 5933 5932)
4(1885 1884 5831 5832)
4(1987 1887 5834 5934)
4(1986 1987 5934 5933)
4(1886 1885 5832 5833)
4(1887 1886 5833 5834)
4(1988 1888 5835 5935)
4(1987 1988 5935 5934)
4(1888 1887 5834 5835)
4(1989 1889 5836 5936)
4(1988 1989 5936 5935)
4(1889 1888 5835 5836)
4(1990 1890 5837 5937)
4(1989 1990 5937 5936)
4(1890 1889 5836 5837)
4(1991 1891 5838 5938)
4(1990 1991 5938 5937)
4(1891 1890 5837 5838)
4(1992 1893 5840 5939)
4(1991 1992 5939 5938)
4(1892 1891 5838 5839)
4(1893 1892 5839 5840)
4(1993 1894 5841 5940)
4(1992 1993 5940 5939)
4(1894 1893 5840 5841)
4(1994 1895 5842 5941)
4(1993 1994 5941 5940)
4(1895 1894 5841 5842)
4(1995 1897 5844 5942)
4(1994 1995 5942 5941)
4(1896 1895 5842 5843)
4(1897 1896 5843 5844)
4(1996 1898 5845 5943)
4(1995 1996 5943 5942)
4(1898 1897 5844 5845)
4(1997 1899 5846 5944)
4(1996 1997 5944 5943)
4(1899 1898 5845 5846)
4(1998 1900 5847 5945)
4(1997 1998 5945 5944)
4(1900 1899 5846 5847)
4(1999 1901 5848 5946)
4(1998 1999 5946 5945)
4(1901 1900 5847 5848)
4(2000 1903 5850 5947)
4(1999 2000 5947 5946)
4(1902 1901 5848 5849)
4(1903 1902 5849 5850)
4(2001 1904 5851 5948)
4(2000 2001 5948 5947)
4(1904 1903 5850 5851)
4(2002 1905 5852 5949)
4(2001 2002 5949 5948)
4(1905 1904 5851 5852)
4(2003 1907 5854 5950)
4(2002 2003 5950 5949)
4(1906 1905 5852 5853)
4(1907 1906 5853 5854)
4(2004 1908 5855 5951)
4(2003 2004 5951 5950)
4(1908 1907 5854 5855)
4(2005 1909 5856 5952)
4(2004 2005 5952 5951)
4(1909 1908 5855 5856)
4(757 738 4685 4704)
4(737 756 4703 4684)
4(756 757 4704 4703)
4(757 739 4686 4704)
4(758 739 4686 4705)
4(757 758 4705 4704)
4(762 763 4710 4709)
4(763 739 4686 4710)
4(758 762 4709 4705)
4(773 763 4710 4720)
4(772 773 4720 4719)
4(762 772 4719 4709)
4(763 764 4711 4710)
4(773 774 4721 4720)
4(787 774 4721 4734)
4(772 786 4733 4719)
4(786 787 4734 4733)
4(774 793 4740 4721)
4(793 775 4722 4740)
4(793 788 4735 4740)
4(792 793 4740 4739)
4(788 792 4739 4735)
4(774 788 4735 4721)
4(787 788 4735 4734)
4(804 793 4740 4751)
4(803 804 4751 4750)
4(792 803 4750 4739)
4(793 794 4741 4740)
4(804 805 4752 4751)
4(821 804 4751 4768)
4(803 820 4767 4750)
4(820 821 4768 4767)
4(821 805 4752 4768)
4(822 805 4752 4769)
4(821 822 4769 4768)
4(805 825 4772 4752)
4(825 826 4773 4772)
4(822 825 4772 4769)
4(832 833 4780 4779)
4(825 832 4779 4772)
4(850 833 4780 4797)
4(849 850 4797 4796)
4(832 849 4796 4779)
4(851 834 4781 4798)
4(850 851 4798 4797)
4(834 856 4803 4781)
4(856 852 4799 4803)
4(855 856 4803 4802)
4(852 855 4802 4799)
4(834 852 4799 4781)
4(851 852 4799 4798)
4(868 869 4816 4815)
4(855 868 4815 4802)
4(894 869 4816 4841)
4(868 893 4840 4815)
4(893 894 4841 4840)
4(895 870 4817 4842)
4(894 895 4842 4841)
4(895 871 4818 4842)
4(896 871 4818 4843)
4(895 896 4843 4842)
4(871 899 4846 4818)
4(899 900 4847 4846)
4(896 899 4846 4843)
4(909 910 4857 4856)
4(899 909 4856 4846)
4(936 910 4857 4883)
4(909 935 4882 4856)
4(935 936 4883 4882)
4(937 911 4858 4884)
4(936 937 4884 4883)
4(938 912 4859 4885)
4(937 938 4885 4884)
4(939 913 4860 4886)
4(938 939 4886 4885)
4(913 940 4887 4860)
4(940 944 4891 4887)
4(939 940 4887 4886)
4(943 944 4891 4890)
4(940 943 4890 4887)
4(950 951 4898 4897)
4(943 950 4897 4890)
4(973 974 4921 4920)
4(970 973 4920 4917)
4(950 970 4917 4897)
4(979 980 4927 4926)
4(973 979 4926 4920)
4(1001 1002 4949 4948)
4(998 1001 4948 4945)
4(979 998 4945 4926)
4(1011 1012 4959 4958)
4(1001 1011 4958 4948)
4(1037 1038 4985 4984)
4(1034 1037 4984 4981)
4(1011 1034 4981 4958)
4(1043 1044 4991 4990)
4(1037 1043 4990 4984)
4(1065 1066 5013 5012)
4(1062 1065 5012 5009)
4(1043 1062 5009 4990)
4(1072 1073 5020 5019)
4(1065 1072 5019 5012)
4(1095 1096 5043 5042)
4(1092 1095 5042 5039)
4(1072 1092 5039 5019)
4(1101 1102 5049 5048)
4(1095 1101 5048 5042)
4(1123 1124 5071 5070)
4(1120 1123 5070 5067)
4(1101 1120 5067 5048)
4(1132 1133 5080 5079)
4(1123 1132 5079 5070)
4(1157 1158 5105 5104)
4(1154 1157 5104 5101)
4(1132 1154 5101 5079)
4(1163 1164 5111 5110)
4(1157 1163 5110 5104)
4(1185 1186 5133 5132)
4(1182 1185 5132 5129)
4(1163 1182 5129 5110)
4(1192 1193 5140 5139)
4(1185 1192 5139 5132)
4(1215 1216 5163 5162)
4(1212 1215 5162 5159)
4(1192 1212 5159 5139)
4(1221 1222 5169 5168)
4(1215 1221 5168 5162)
4(1243 1244 5191 5190)
4(1240 1243 5190 5187)
4(1221 1240 5187 5168)
4(1254 1255 5202 5201)
4(1243 1254 5201 5190)
4(2006 1910 5857 5953)
4(2005 2006 5953 5952)
4(1910 1909 5856 5857)
4(2007 1911 5858 5954)
4(2006 2007 5954 5953)
4(1911 1910 5857 5858)
4(2008 1913 5860 5955)
4(2007 2008 5955 5954)
4(1912 1911 5858 5859)
4(1913 1912 5859 5860)
4(2009 1914 5861 5956)
4(2008 2009 5956 5955)
4(1914 1913 5860 5861)
4(2010 1915 5862 5957)
4(2009 2010 5957 5956)
4(1915 1914 5861 5862)
4(2011 1917 5864 5958)
4(2010 2011 5958 5957)
4(1916 1915 5862 5863)
4(1917 1916 5863 5864)
4(2012 1918 5865 5959)
4(2011 2012 5959 5958)
4(1918 1917 5864 5865)
4(2013 1919 5866 5960)
4(2012 2013 5960 5959)
4(1919 1918 5865 5866)
4(1624 1625 5572 5571)
4(1626 1617 5564 5573)
4(1617 1616 5563 5564)
4(1616 1624 5571 5563)
4(1656 1643 5590 5603)
4(1655 1656 5603 5602)
4(1642 1655 5602 5589)
4(1643 1642 5589 5590)
4(1631 1632 5579 5578)
4(1624 1631 5578 5571)
4(1657 1643 5590 5604)
4(1656 1657 5604 5603)
4(1657 1644 5591 5604)
4(1644 1643 5590 5591)
4(1632 1644 5591 5579)
4(1631 1644 5591 5578)
4(1717 1718 5665 5664)
4(1718 1707 5654 5665)
4(1706 1717 5664 5653)
4(1707 1706 5653 5654)
4(1814 1815 5762 5761)
4(1815 1805 5752 5762)
4(1805 1804 5751 5752)
4(1804 1814 5761 5751)
4(2014 1815 5762 5961)
4(2013 2014 5961 5960)
4(1814 1919 5866 5761)
4(1815 1816 5763 5762)
4(1816 1806 5753 5763)
4(1806 1805 5752 5753)
4(2015 1816 5763 5962)
4(2014 2015 5962 5961)
4(1727 1728 5675 5674)
4(1717 1727 5674 5664)
4(1767 1808 5755 5714)
4(1808 1817 5764 5755)
4(1817 1818 5765 5764)
4(1728 1766 5713 5675)
4(1766 1808 5755 5713)
4(1727 1766 5713 5674)
4(1816 1817 5764 5763)
4(1817 1807 5754 5764)
4(1807 1806 5753 5754)
4(2016 1817 5764 5963)
4(2015 2016 5963 5962)
4(1808 1807 5754 5755)
4(2016 2017 5964 5963)
4(1688 1689 5636 5635)
4(1689 1690 5637 5636)
4(1690 1679 5626 5637)
4(1678 1688 5635 5625)
4(1679 1678 5625 5626)
4(1698 1699 5646 5645)
4(1699 1689 5636 5646)
4(1688 1698 5645 5635)
4(1719 1707 5654 5666)
4(1719 1708 5655 5666)
4(1708 1707 5654 5655)
4(1699 1708 5655 5646)
4(1700 1699 5646 5647)
4(1698 1708 5655 5645)
4(1668 1669 5616 5615)
4(1669 1656 5603 5616)
4(1655 1668 5615 5602)
4(1669 1690 5637 5616)
4(1691 1669 5616 5638)
4(1680 1669 5616 5627)
4(1668 1680 5627 5615)
4(1680 1690 5637 5627)
4(1680 1679 5626 5627)
4(1669 1670 5617 5616)
4(1281 1282 5229 5228)
4(1278 1281 5228 5225)
4(1254 1278 5225 5201)
4(1287 1288 5235 5234)
4(1281 1287 5234 5228)
4(1309 1310 5257 5256)
4(1306 1309 5256 5253)
4(1287 1306 5253 5234)
4(1330 1331 5278 5277)
4(1309 1330 5277 5256)
4(1337 1338 5285 5284)
4(1330 1337 5284 5277)
4(1359 1360 5307 5306)
4(1354 1359 5306 5301)
4(1337 1354 5301 5284)
4(1365 1366 5313 5312)
4(1359 1365 5312 5306)
4(1390 1391 5338 5337)
4(1382 1390 5337 5329)
4(1365 1382 5329 5312)
4(1399 1400 5347 5346)
4(1390 1399 5346 5337)
4(1421 1422 5369 5368)
4(1416 1421 5368 5363)
4(1399 1416 5363 5346)
4(1427 1428 5375 5374)
4(1421 1427 5374 5368)
4(1450 1451 5398 5397)
4(1444 1450 5397 5391)
4(1427 1444 5391 5374)
4(1457 1458 5405 5404)
4(1450 1457 5404 5397)
4(1479 1480 5427 5426)
4(1474 1479 5426 5421)
4(1457 1474 5421 5404)
4(1485 1486 5433 5432)
4(1479 1485 5432 5426)
4(1511 1512 5459 5458)
4(1502 1511 5458 5449)
4(1485 1502 5449 5432)
4(1593 1580 5527 5540)
4(1592 1593 5540 5539)
4(1579 1592 5539 5526)
4(1580 1579 5526 5527)
4(1553 1554 5501 5500)
4(1555 1541 5488 5502)
4(1540 1553 5500 5487)
4(1541 1540 5487 5488)
4(1594 1581 5528 5541)
4(1581 1580 5527 5528)
4(1563 1564 5511 5510)
4(1553 1563 5510 5500)
4(1595 1581 5528 5542)
4(1563 1595 5542 5510)
4(1595 1582 5529 5542)
4(1582 1581 5528 5529)
4(1563 1582 5529 5510)
4(1603 1604 5551 5550)
4(1592 1603 5550 5539)
4(1604 1618 5565 5551)
4(1618 1626 5573 5565)
4(1603 1618 5565 5550)
4(1618 1617 5564 5565)
4(1556 1542 5489 5503)
4(1542 1541 5488 5489)
4(1557 1543 5490 5504)
4(1543 1542 5489 5490)
4(1521 1522 5469 5468)
4(1511 1521 5468 5458)
4(1521 1558 5505 5468)
4(1544 1558 5505 5491)
4(1521 1544 5491 5468)
4(1544 1543 5490 5491)
4(2078 1974 5921 6025)
4(2077 2078 6025 6024)
4(2079 1975 5922 6026)
4(2078 2079 6026 6025)
4(2081 1976 5923 6028)
4(2080 2081 6028 6027)
4(2079 2080 6027 6026)
4(2082 1977 5924 6029)
4(2081 2082 6029 6028)
4(2083 1978 5925 6030)
4(2082 2083 6030 6029)
4(2085 1979 5926 6032)
4(2084 2085 6032 6031)
4(2083 2084 6031 6030)
4(2086 1980 5927 6033)
4(2085 2086 6033 6032)
4(2087 1981 5928 6034)
4(2086 2087 6034 6033)
4(2088 1982 5929 6035)
4(2087 2088 6035 6034)
4(2089 1983 5930 6036)
4(2088 2089 6036 6035)
4(2091 1984 5931 6038)
4(2090 2091 6038 6037)
4(2089 2090 6037 6036)
4(2092 1985 5932 6039)
4(2091 2092 6039 6038)
4(2093 1986 5933 6040)
4(2092 2093 6040 6039)
4(2095 1987 5934 6042)
4(2094 2095 6042 6041)
4(2093 2094 6041 6040)
4(2096 1988 5935 6043)
4(2095 2096 6043 6042)
4(2097 1989 5936 6044)
4(2096 2097 6044 6043)
4(2098 1990 5937 6045)
4(2097 2098 6045 6044)
4(2099 1991 5938 6046)
4(2098 2099 6046 6045)
4(2101 1992 5939 6048)
4(2100 2101 6048 6047)
4(2099 2100 6047 6046)
4(2102 1993 5940 6049)
4(2101 2102 6049 6048)
4(2103 1994 5941 6050)
4(2102 2103 6050 6049)
4(2105 1995 5942 6052)
4(2104 2105 6052 6051)
4(2103 2104 6051 6050)
4(2106 1996 5943 6053)
4(2105 2106 6053 6052)
4(2107 1997 5944 6054)
4(2106 2107 6054 6053)
4(2108 1998 5945 6055)
4(2107 2108 6055 6054)
4(2109 1999 5946 6056)
4(2108 2109 6056 6055)
4(2111 2000 5947 6058)
4(2110 2111 6058 6057)
4(2109 2110 6057 6056)
4(2112 2001 5948 6059)
4(2111 2112 6059 6058)
4(2113 2002 5949 6060)
4(2112 2113 6060 6059)
4(2115 2003 5950 6062)
4(2114 2115 6062 6061)
4(2113 2114 6061 6060)
4(2116 2004 5951 6063)
4(2115 2116 6063 6062)
4(2117 2005 5952 6064)
4(2116 2117 6064 6063)
4(2118 2006 5953 6065)
4(2117 2118 6065 6064)
4(2119 2007 5954 6066)
4(2118 2119 6066 6065)
4(2121 2008 5955 6068)
4(2120 2121 6068 6067)
4(2119 2120 6067 6066)
4(2122 2009 5956 6069)
4(2121 2122 6069 6068)
4(2123 2010 5957 6070)
4(2122 2123 6070 6069)
4(2125 2011 5958 6072)
4(2124 2125 6072 6071)
4(2123 2124 6071 6070)
4(2126 2012 5959 6073)
4(2125 2126 6073 6072)
4(2127 2013 5960 6074)
4(2126 2127 6074 6073)
4(2133 2134 6081 6080)
4(2134 2014 5961 6081)
4(2127 2133 6080 6074)
4(2173 2134 6081 6120)
4(2172 2173 6120 6119)
4(2133 2172 6119 6080)
4(2134 2135 6082 6081)
4(2135 2015 5962 6082)
4(2174 2135 6082 6121)
4(2173 2174 6121 6120)
4(2135 2136 6083 6082)
4(2136 2016 5963 6083)
4(2175 2136 6083 6122)
4(2174 2175 6122 6121)
4(2136 2137 6084 6083)
4(2136 2182 6129 6083)
4(2176 2136 6083 6123)
4(2175 2176 6123 6122)
4(2221 2181 6128 6168)
4(2220 2221 6168 6167)
4(2181 2220 6167 6128)
4(2182 2176 6123 6129)
4(2176 2181 6128 6123)
4(2230 2231 6178 6177)
4(2220 2230 6177 6167)
4(2244 2231 6178 6191)
4(2230 2243 6190 6177)
4(2243 2244 6191 6190)
4(2244 2232 6179 6191)
4(2245 2232 6179 6192)
4(2244 2245 6192 6191)
4(2249 2250 6197 6196)
4(2250 2232 6179 6197)
4(2245 2249 6196 6192)
4(2260 2250 6197 6207)
4(2259 2260 6207 6206)
4(2249 2259 6206 6196)
4(2250 2251 6198 6197)
4(2260 2261 6208 6207)
4(2274 2261 6208 6221)
4(2259 2273 6220 6206)
4(2273 2274 6221 6220)
4(2261 2280 6227 6208)
4(2280 2262 6209 6227)
4(2280 2275 6222 6227)
4(2279 2280 6227 6226)
4(2275 2279 6226 6222)
4(2261 2275 6222 6208)
4(2274 2275 6222 6221)
4(2293 2280 6227 6240)
4(2292 2293 6240 6239)
4(2279 2292 6239 6226)
4(2280 2281 6228 6227)
4(2293 2294 6241 6240)
4(2312 2293 6240 6259)
4(2292 2311 6258 6239)
4(2311 2312 6259 6258)
4(2312 2294 6241 6259)
4(2313 2294 6241 6260)
4(2312 2313 6260 6259)
4(2294 2316 6263 6241)
4(2316 2317 6264 6263)
4(2313 2316 6263 6260)
4(2323 2324 6271 6270)
4(2316 2323 6270 6263)
4(2340 2325 6272 6287)
4(2339 2340 6287 6286)
4(2323 2339 6286 6270)
4(2341 2345 6292 6288)
4(2325 2341 6288 6272)
4(2344 2345 6292 6291)
4(2341 2344 6291 6288)
4(2340 2341 6288 6287)
4(2355 2356 6303 6302)
4(2344 2355 6302 6291)
4(2379 2356 6303 6326)
4(2355 2378 6325 6302)
4(2378 2379 6326 6325)
4(2380 2357 6304 6327)
4(2379 2380 6327 6326)
4(2380 2358 6305 6327)
4(2358 2384 6331 6305)
4(2384 2385 6332 6331)
4(2381 2358 6305 6328)
4(2380 2381 6328 6327)
4(2381 2384 6331 6328)
4(2394 2395 6342 6341)
4(2384 2394 6341 6331)
4(2420 2396 6343 6367)
4(2394 2419 6366 6341)
4(2419 2420 6367 6366)
4(2421 2397 6344 6368)
4(2420 2421 6368 6367)
4(2422 2398 6345 6369)
4(2421 2422 6369 6368)
4(2399 2426 6373 6346)
4(2426 2427 6374 6373)
4(2399 2423 6370 6346)
4(2423 2426 6373 6370)
4(2422 2423 6370 6369)
4(2436 2437 6384 6383)
4(2426 2436 6383 6373)
4(2462 2463 6410 6409)
4(2459 2462 6409 6406)
4(2436 2459 6406 6383)
4(2468 2469 6416 6415)
4(2462 2468 6415 6409)
4(2490 2491 6438 6437)
4(2487 2490 6437 6434)
4(2468 2487 6434 6415)
4(2497 2498 6445 6444)
4(2490 2497 6444 6437)
4(2520 2521 6468 6467)
4(2517 2520 6467 6464)
4(2497 2517 6464 6444)
4(2526 2527 6474 6473)
4(2520 2526 6473 6467)
4(2548 2549 6496 6495)
4(2545 2548 6495 6492)
4(2526 2545 6492 6473)
4(2557 2558 6505 6504)
4(2548 2557 6504 6495)
4(2582 2583 6530 6529)
4(2579 2582 6529 6526)
4(2557 2579 6526 6504)
4(2588 2589 6536 6535)
4(2582 2588 6535 6529)
4(2610 2611 6558 6557)
4(2607 2610 6557 6554)
4(2588 2607 6554 6535)
4(2631 2632 6579 6578)
4(2610 2631 6578 6557)
4(2638 2639 6586 6585)
4(2631 2638 6585 6578)
4(2660 2661 6608 6607)
4(2655 2660 6607 6602)
4(2638 2655 6602 6585)
4(2666 2667 6614 6613)
4(2660 2666 6613 6607)
4(2693 2694 6641 6640)
4(2683 2693 6640 6630)
4(2666 2683 6630 6613)
4(3211 3194 7141 7158)
4(3210 3211 7158 7157)
4(3193 3210 7157 7140)
4(3194 3193 7140 7141)
4(3115 3116 7063 7062)
4(3116 3107 7054 7063)
4(3107 3106 7053 7054)
4(3106 3115 7062 7053)
4(3145 3134 7081 7092)
4(3144 3145 7092 7091)
4(3133 3144 7091 7080)
4(3134 3133 7080 7081)
4(3122 3123 7070 7069)
4(3115 3122 7069 7062)
4(3146 3134 7081 7093)
4(3145 3146 7093 7092)
4(3146 3135 7082 7093)
4(3135 3134 7081 7082)
4(3123 3135 7082 7070)
4(3122 3135 7082 7069)
4(3175 3176 7123 7122)
4(3176 3177 7124 7123)
4(3177 3166 7113 7124)
4(3165 3175 7122 7112)
4(3166 3165 7112 7113)
4(3185 3186 7133 7132)
4(3186 3176 7123 7133)
4(3175 3185 7132 7122)
4(3212 3194 7141 7159)
4(3212 3195 7142 7159)
4(3195 3194 7141 7142)
4(3212 3186 7133 7159)
4(3185 3195 7142 7132)
4(3186 3187 7134 7133)
4(3155 3156 7103 7102)
4(3156 3145 7092 7103)
4(3144 3155 7102 7091)
4(3156 3177 7124 7103)
4(3178 3156 7103 7125)
4(3167 3156 7103 7114)
4(3155 3167 7114 7102)
4(3167 3177 7124 7114)
4(3167 3166 7113 7114)
4(3156 3157 7104 7103)
4(2704 2705 6652 6651)
4(2693 2704 6651 6640)
4(2726 2727 6674 6673)
4(2721 2726 6673 6668)
4(2704 2721 6668 6651)
4(2732 2733 6680 6679)
4(2726 2732 6679 6673)
4(2755 2756 6703 6702)
4(2749 2755 6702 6696)
4(2732 2749 6696 6679)
4(2762 2763 6710 6709)
4(2755 2762 6709 6702)
4(2784 2785 6732 6731)
4(2779 2784 6731 6726)
4(2762 2779 6726 6709)
4(2790 2791 6738 6737)
4(2784 2790 6737 6731)
4(2815 2816 6763 6762)
4(2807 2815 6762 6754)
4(2790 2807 6754 6737)
4(2824 2825 6772 6771)
4(2815 2824 6771 6762)
4(2846 2847 6794 6793)
4(2841 2846 6793 6788)
4(2824 2841 6788 6771)
4(2852 2853 6800 6799)
4(2846 2852 6799 6793)
4(2875 2876 6823 6822)
4(2869 2875 6822 6816)
4(2852 2869 6816 6799)
4(2882 2883 6830 6829)
4(2875 2882 6829 6822)
4(2904 2905 6852 6851)
4(2899 2904 6851 6846)
4(2882 2899 6846 6829)
4(2910 2911 6858 6857)
4(2904 2910 6857 6851)
4(2936 2937 6884 6883)
4(2927 2936 6883 6874)
4(2910 2927 6874 6857)
4(3080 3065 7012 7027)
4(3079 3080 7027 7026)
4(3064 3079 7026 7011)
4(3065 3064 7011 7012)
4(3038 3039 6986 6985)
4(3039 3025 6972 6986)
4(3024 3038 6985 6971)
4(3025 3024 6971 6972)
4(3081 3066 7013 7028)
4(3066 3065 7012 7013)
4(3048 3049 6996 6995)
4(3038 3048 6995 6985)
4(3082 3066 7013 7029)
4(3082 3067 7014 7029)
4(3067 3066 7013 7014)
4(3049 3067 7014 6996)
4(3048 3067 7014 6995)
4(2946 2947 6894 6893)
4(2936 2946 6893 6883)
4(2968 2969 6916 6915)
4(2963 2968 6915 6910)
4(2946 2963 6910 6893)
4(2974 2975 6922 6921)
4(2968 2974 6921 6915)
4(2997 2998 6945 6944)
4(2991 2997 6944 6938)
4(2974 2991 6938 6921)
4(3040 3026 6973 6987)
4(3026 3025 6972 6973)
4(3041 3027 6974 6988)
4(3027 3026 6973 6974)
4(3042 3028 6975 6989)
4(3028 3027 6974 6975)
4(3004 3005 6952 6951)
4(2997 3004 6951 6944)
4(3029 3042 6989 6976)
4(3005 3029 6976 6952)
4(3029 3028 6975 6976)
4(3004 3029 6976 6951)
4(3117 3108 7055 7064)
4(3108 3107 7054 7055)
4(3092 3093 7040 7039)
4(3079 3092 7039 7026)
4(3093 3117 7064 7040)
4(3109 3093 7040 7056)
4(3092 3109 7056 7039)
4(3109 3117 7064 7056)
4(3109 3108 7055 7056)
4(3690 3691 7638 7637)
4(3691 3629 7576 7638)
4(3629 3628 7575 7576)
4(3755 3691 7638 7702)
4(3691 3692 7639 7638)
4(3692 3630 7577 7639)
4(3630 3629 7576 7577)
4(3756 3692 7639 7703)
4(3692 3693 7640 7639)
4(3693 3632 7579 7640)
4(3631 3630 7577 7578)
4(3632 3631 7578 7579)
4(3757 3693 7640 7704)
4(3693 3694 7641 7640)
4(3694 3633 7580 7641)
4(3633 3632 7579 7580)
4(3758 3694 7641 7705)
4(3694 3695 7642 7641)
4(3695 3634 7581 7642)
4(3634 3633 7580 7581)
4(3759 3695 7642 7706)
4(3695 3696 7643 7642)
4(3696 3636 7583 7643)
4(3635 3634 7581 7582)
4(3636 3635 7582 7583)
4(3760 3696 7643 7707)
4(3696 3697 7644 7643)
4(3697 3637 7584 7644)
4(3637 3636 7583 7584)
4(3761 3697 7644 7708)
4(3697 3698 7645 7644)
4(3698 3638 7585 7645)
4(3638 3637 7584 7585)
4(3762 3698 7645 7709)
4(3698 3699 7646 7645)
4(3699 3639 7586 7646)
4(3639 3638 7585 7586)
4(3763 3699 7646 7710)
4(3699 3700 7647 7646)
4(3700 3640 7587 7647)
4(3640 3639 7586 7587)
4(3764 3700 7647 7711)
4(3700 3701 7648 7647)
4(3701 3642 7589 7648)
4(3641 3640 7587 7588)
4(3642 3641 7588 7589)
4(3765 3701 7648 7712)
4(3701 3702 7649 7648)
4(3702 3643 7590 7649)
4(3643 3642 7589 7590)
4(3766 3702 7649 7713)
4(3702 3703 7650 7649)
4(3703 3644 7591 7650)
4(3644 3643 7590 7591)
4(3767 3703 7650 7714)
4(3703 3704 7651 7650)
4(3704 3646 7593 7651)
4(3645 3644 7591 7592)
4(3646 3645 7592 7593)
4(3768 3704 7651 7715)
4(3704 3705 7652 7651)
4(3705 3647 7594 7652)
4(3647 3646 7593 7594)
4(3769 3705 7652 7716)
4(3705 3706 7653 7652)
4(3706 3648 7595 7653)
4(3648 3647 7594 7595)
4(3770 3706 7653 7717)
4(3706 3707 7654 7653)
4(3707 3649 7596 7654)
4(3649 3648 7595 7596)
4(3771 3707 7654 7718)
4(3707 3708 7655 7654)
4(3708 3650 7597 7655)
4(3650 3649 7596 7597)
4(3772 3708 7655 7719)
4(3708 3709 7656 7655)
4(3709 3652 7599 7656)
4(3651 3650 7597 7598)
4(3652 3651 7598 7599)
4(3773 3709 7656 7720)
4(3709 3710 7657 7656)
4(3710 3653 7600 7657)
4(3653 3652 7599 7600)
4(3774 3710 7657 7721)
4(3710 3711 7658 7657)
4(3711 3654 7601 7658)
4(3654 3653 7600 7601)
4(3775 3711 7658 7722)
4(3711 3712 7659 7658)
4(3712 3656 7603 7659)
4(3655 3654 7601 7602)
4(3656 3655 7602 7603)
4(3776 3712 7659 7723)
4(3712 3713 7660 7659)
4(3713 3657 7604 7660)
4(3657 3656 7603 7604)
4(3777 3713 7660 7724)
4(3713 3714 7661 7660)
4(3714 3658 7605 7661)
4(3658 3657 7604 7605)
4(3778 3714 7661 7725)
4(3579 3541 7488 7526)
4(3578 3579 7526 7525)
4(3541 3540 7487 7488)
4(3540 3578 7525 7487)
4(3579 3580 7527 7526)
4(3542 3541 7488 7489)
4(3510 3511 7458 7457)
4(3511 3501 7448 7458)
4(3501 3500 7447 7448)
4(3500 3510 7457 7447)
4(3561 3511 7458 7508)
4(3510 3544 7491 7457)
4(3511 3512 7459 7458)
4(3512 3502 7449 7459)
4(3502 3501 7448 7449)
4(3562 3512 7459 7509)
4(3512 3513 7460 7459)
4(3513 3503 7450 7460)
4(3503 3502 7449 7450)
4(3563 3513 7460 7510)
4(3714 3715 7662 7661)
4(3715 3659 7606 7662)
4(3659 3658 7605 7606)
4(3779 3715 7662 7726)
4(3715 3716 7663 7662)
4(3716 3660 7607 7663)
4(3660 3659 7606 7607)
4(3780 3716 7663 7727)
4(3589 3579 7526 7536)
4(3588 3589 7536 7535)
4(3578 3588 7535 7525)
4(3589 3590 7537 7536)
4(3588 3717 7664 7535)
4(3717 3589 7536 7664)
4(3717 3660 7607 7664)
4(3716 3717 7664 7663)
4(3661 3717 7664 7608)
4(3588 3661 7608 7535)
4(3661 3660 7607 7608)
4(3781 3717 7664 7728)
4(3717 3718 7665 7664)
4(3406 3388 7335 7353)
4(3423 3424 7371 7370)
4(3424 3406 7353 7371)
4(3388 3387 7334 7335)
4(3387 3423 7370 7334)
4(3406 3407 7354 7353)
4(3407 3389 7336 7354)
4(3389 3388 7335 7336)
4(3467 3454 7401 7414)
4(3466 3467 7414 7413)
4(3453 3466 7413 7400)
4(3454 3453 7400 7401)
4(3467 3468 7415 7414)
4(3468 3455 7402 7415)
4(3455 3454 7401 7402)
4(3513 3514 7461 7460)
4(3514 3467 7414 7461)
4(3466 3503 7450 7413)
4(3564 3514 7461 7511)
4(3514 3515 7462 7461)
4(3469 3456 7403 7416)
4(3456 3455 7402 7403)
4(3469 3424 7371 7416)
4(3423 3456 7403 7370)
4(3424 3425 7372 7371)
4(3408 3390 7337 7355)
4(3390 3389 7336 7337)
4(3339 3409 7356 7286)
4(3350 3340 7287 7297)
4(3409 3350 7297 7356)
4(3340 3339 7286 7287)
4(3391 3409 7356 7338)
4(3339 3391 7338 7286)
4(3391 3390 7337 7338)
4(3350 3351 7298 7297)
4(3351 3341 7288 7298)
4(3341 3340 7287 7288)
4(3410 3351 7298 7357)
4(3351 3352 7299 7298)
4(3352 3342 7289 7299)
4(3342 3341 7288 7289)
4(3411 3352 7299 7358)
4(3352 3353 7300 7299)
4(3353 3304 7251 7300)
4(3304 3303 7250 7251)
4(3303 3342 7289 7250)
4(3412 3353 7300 7359)
4(3353 3354 7301 7300)
4(3354 3305 7252 7301)
4(3305 3304 7251 7252)
4(3413 3354 7301 7360)
4(3227 3265 7212 7174)
4(3307 3266 7213 7254)
4(3265 3307 7254 7212)
4(3227 3226 7173 7174)
4(3226 3265 7212 7173)
4(3210 3226 7173 7157)
4(3354 3355 7302 7301)
4(3355 3306 7253 7302)
4(3306 3305 7252 7253)
4(3414 3355 7302 7361)
4(3356 3355 7302 7303)
4(3307 3355 7302 7254)
4(3307 3306 7253 7254)
4(882 883 4830 4829)
4(883 840 4787 4830)
4(923 924 4871 4870)
4(882 923 4870 4829)
4(924 883 4830 4871)
4(957 958 4905 4904)
4(923 957 4904 4870)
4(958 924 4871 4905)
4(985 986 4933 4932)
4(957 985 4932 4904)
4(986 958 4905 4933)
4(1021 1022 4969 4968)
4(985 1021 4968 4932)
4(1022 986 4933 4969)
4(1049 1050 4997 4996)
4(1021 1049 4996 4968)
4(1050 1022 4969 4997)
4(1079 1080 5027 5026)
4(1049 1079 5026 4996)
4(1080 1050 4997 5027)
4(1107 1108 5055 5054)
4(1079 1107 5054 5026)
4(1108 1080 5027 5055)
4(1141 1142 5089 5088)
4(1107 1141 5088 5054)
4(1142 1108 5055 5089)
4(1169 1170 5117 5116)
4(1141 1169 5116 5088)
4(1170 1142 5089 5117)
4(1199 1200 5147 5146)
4(1169 1199 5146 5116)
4(1200 1170 5117 5147)
4(1227 1228 5175 5174)
4(1199 1227 5174 5146)
4(1228 1200 5147 5175)
4(1265 1266 5213 5212)
4(1227 1265 5212 5174)
4(1266 1228 5175 5213)
4(1293 1294 5241 5240)
4(1265 1293 5240 5212)
4(1294 1266 5213 5241)
4(1317 1318 5265 5264)
4(1293 1317 5264 5240)
4(1318 1294 5241 5265)
4(1341 1342 5289 5288)
4(1317 1341 5288 5264)
4(1342 1318 5265 5289)
4(1369 1370 5317 5316)
4(1341 1369 5316 5288)
4(1370 1342 5289 5317)
4(1403 1404 5351 5350)
4(1369 1403 5350 5316)
4(1404 1370 5317 5351)
4(1431 1432 5379 5378)
4(1403 1431 5378 5350)
4(1432 1404 5351 5379)
4(1461 1462 5409 5408)
4(1431 1461 5408 5378)
4(1462 1432 5379 5409)
4(1489 1490 5437 5436)
4(1461 1489 5436 5408)
4(1490 1462 5409 5437)
4(1528 1529 5476 5475)
4(1489 1528 5475 5436)
4(1529 1490 5437 5476)
4(1568 1569 5516 5515)
4(1528 1568 5515 5475)
4(1569 1529 5476 5516)
4(1607 1569 5516 5554)
4(1579 1578 5525 5526)
4(1578 1616 5563 5525)
4(1539 1538 5485 5486)
4(1579 1539 5486 5526)
4(1538 1578 5525 5485)
4(1500 1499 5446 5447)
4(1539 1500 5447 5486)
4(1499 1538 5485 5446)
4(1472 1471 5418 5419)
4(1500 1472 5419 5447)
4(1471 1499 5446 5418)
4(1442 1441 5388 5389)
4(1472 1442 5389 5419)
4(1441 1471 5418 5388)
4(1414 1413 5360 5361)
4(1442 1414 5361 5389)
4(1413 1441 5388 5360)
4(1380 1379 5326 5327)
4(1414 1380 5327 5361)
4(1379 1413 5360 5326)
4(1352 1351 5298 5299)
4(1380 1352 5299 5327)
4(1351 1379 5326 5298)
4(1328 1327 5274 5275)
4(1352 1328 5275 5299)
4(1327 1351 5298 5274)
4(1304 1303 5250 5251)
4(1328 1304 5251 5275)
4(1303 1327 5274 5250)
4(1276 1275 5222 5223)
4(1304 1276 5223 5251)
4(1275 1303 5250 5222)
4(1238 1237 5184 5185)
4(1276 1238 5185 5223)
4(1237 1275 5222 5184)
4(1210 1209 5156 5157)
4(1238 1210 5157 5185)
4(1209 1237 5184 5156)
4(1180 1179 5126 5127)
4(1210 1180 5127 5157)
4(1179 1209 5156 5126)
4(1152 1151 5098 5099)
4(1180 1152 5099 5127)
4(1151 1179 5126 5098)
4(1118 1117 5064 5065)
4(1152 1118 5065 5099)
4(1117 1151 5098 5064)
4(1090 1089 5036 5037)
4(1118 1090 5037 5065)
4(1089 1117 5064 5036)
4(1060 1059 5006 5007)
4(1090 1060 5007 5037)
4(1059 1089 5036 5006)
4(1032 1031 4978 4979)
4(1060 1032 4979 5007)
4(1031 1059 5006 4978)
4(996 995 4942 4943)
4(1032 996 4943 4979)
4(995 1031 4978 4942)
4(968 967 4914 4915)
4(996 968 4915 4943)
4(967 995 4942 4914)
4(934 933 4880 4881)
4(968 934 4881 4915)
4(933 967 4914 4880)
4(893 892 4839 4840)
4(934 893 4840 4881)
4(892 933 4880 4839)
4(849 892 4839 4796)
4(468 516 4463 4415)
4(516 517 4464 4463)
4(467 515 4462 4414)
4(468 467 4414 4415)
4(515 516 4463 4462)
4(466 514 4461 4413)
4(467 466 4413 4414)
4(514 515 4462 4461)
4(465 513 4460 4412)
4(466 465 4412 4413)
4(513 514 4461 4460)
4(464 512 4459 4411)
4(465 464 4411 4412)
4(512 513 4460 4459)
4(463 511 4458 4410)
4(464 463 4410 4411)
4(511 512 4459 4458)
4(462 510 4457 4409)
4(463 462 4409 4410)
4(510 511 4458 4457)
4(461 509 4456 4408)
4(462 461 4408 4409)
4(509 510 4457 4456)
4(460 508 4455 4407)
4(461 460 4407 4408)
4(508 509 4456 4455)
4(459 507 4454 4406)
4(460 459 4406 4407)
4(507 508 4455 4454)
4(458 506 4453 4405)
4(459 458 4405 4406)
4(506 507 4454 4453)
4(457 505 4452 4404)
4(458 457 4404 4405)
4(505 506 4453 4452)
4(456 504 4451 4403)
4(457 456 4403 4404)
4(504 505 4452 4451)
4(455 503 4450 4402)
4(456 455 4402 4403)
4(503 504 4451 4450)
4(454 502 4449 4401)
4(455 454 4401 4402)
4(502 503 4450 4449)
4(453 501 4448 4400)
4(454 453 4400 4401)
4(501 502 4449 4448)
4(452 500 4447 4399)
4(453 452 4399 4400)
4(500 501 4448 4447)
4(451 499 4446 4398)
4(452 451 4398 4399)
4(499 500 4447 4446)
4(450 498 4445 4397)
4(451 450 4397 4398)
4(498 499 4446 4445)
4(449 497 4444 4396)
4(450 449 4396 4397)
4(497 498 4445 4444)
4(448 496 4443 4395)
4(449 448 4395 4396)
4(496 497 4444 4443)
4(447 495 4442 4394)
4(448 447 4394 4395)
4(495 496 4443 4442)
4(446 494 4441 4393)
4(447 446 4393 4394)
4(494 495 4442 4441)
4(493 494 4441 4440)
4(922 923 4870 4869)
4(956 957 4904 4903)
4(922 956 4903 4869)
4(984 985 4932 4931)
4(956 984 4931 4903)
4(1020 1021 4968 4967)
4(984 1020 4967 4931)
4(1048 1049 4996 4995)
4(1020 1048 4995 4967)
4(1078 1079 5026 5025)
4(1048 1078 5025 4995)
4(1106 1107 5054 5053)
4(1078 1106 5053 5025)
4(1140 1141 5088 5087)
4(1106 1140 5087 5053)
4(1168 1169 5116 5115)
4(1140 1168 5115 5087)
4(1198 1199 5146 5145)
4(1168 1198 5145 5115)
4(1226 1227 5174 5173)
4(1198 1226 5173 5145)
4(1264 1265 5212 5211)
4(1226 1264 5211 5173)
4(1292 1293 5240 5239)
4(1264 1292 5239 5211)
4(1316 1317 5264 5263)
4(1292 1316 5263 5239)
4(1340 1341 5288 5287)
4(1316 1340 5287 5263)
4(1368 1369 5316 5315)
4(1340 1368 5315 5287)
4(1402 1403 5350 5349)
4(1368 1402 5349 5315)
4(1430 1431 5378 5377)
4(1402 1430 5377 5349)
4(1460 1461 5408 5407)
4(1430 1460 5407 5377)
4(1488 1489 5436 5435)
4(1460 1488 5435 5407)
4(1527 1528 5475 5474)
4(1488 1527 5474 5435)
4(1540 1539 5486 5487)
4(1501 1500 5447 5448)
4(1540 1501 5448 5487)
4(1473 1472 5419 5420)
4(1501 1473 5420 5448)
4(1443 1442 5389 5390)
4(1473 1443 5390 5420)
4(1415 1414 5361 5362)
4(1443 1415 5362 5390)
4(1381 1380 5327 5328)
4(1415 1381 5328 5362)
4(1353 1352 5299 5300)
4(1381 1353 5300 5328)
4(1329 1328 5275 5276)
4(1353 1329 5276 5300)
4(1305 1304 5251 5252)
4(1329 1305 5252 5276)
4(1277 1276 5223 5224)
4(1305 1277 5224 5252)
4(1239 1238 5185 5186)
4(1277 1239 5186 5224)
4(1211 1210 5157 5158)
4(1239 1211 5158 5186)
4(1181 1180 5127 5128)
4(1211 1181 5128 5158)
4(1153 1152 5099 5100)
4(1181 1153 5100 5128)
4(1119 1118 5065 5066)
4(1153 1119 5066 5100)
4(1091 1090 5037 5038)
4(1119 1091 5038 5066)
4(1061 1060 5007 5008)
4(1091 1061 5008 5038)
4(1033 1032 4979 4980)
4(1061 1033 4980 5008)
4(997 996 4943 4944)
4(1033 997 4944 4980)
4(969 968 4915 4916)
4(997 969 4916 4944)
4(935 934 4881 4882)
4(969 935 4882 4916)
4(426 467 4414 4373)
4(425 466 4413 4372)
4(426 425 4372 4373)
4(424 465 4412 4371)
4(425 424 4371 4372)
4(423 464 4411 4370)
4(424 423 4370 4371)
4(422 463 4410 4369)
4(423 422 4369 4370)
4(421 462 4409 4368)
4(422 421 4368 4369)
4(420 461 4408 4367)
4(421 420 4367 4368)
4(419 460 4407 4366)
4(420 419 4366 4367)
4(418 459 4406 4365)
4(419 418 4365 4366)
4(417 458 4405 4364)
4(418 417 4364 4365)
4(416 457 4404 4363)
4(417 416 4363 4364)
4(415 456 4403 4362)
4(416 415 4362 4363)
4(414 455 4402 4361)
4(415 414 4361 4362)
4(413 454 4401 4360)
4(414 413 4360 4361)
4(412 453 4400 4359)
4(413 412 4359 4360)
4(411 452 4399 4358)
4(412 411 4358 4359)
4(410 451 4398 4357)
4(411 410 4357 4358)
4(409 450 4397 4356)
4(410 409 4356 4357)
4(408 449 4396 4355)
4(409 408 4355 4356)
4(407 448 4395 4354)
4(408 407 4354 4355)
4(406 447 4394 4353)
4(407 406 4353 4354)
4(955 956 4903 4902)
4(983 984 4931 4930)
4(1019 1020 4967 4966)
4(1047 1048 4995 4994)
4(1077 1078 5025 5024)
4(1105 1106 5053 5052)
4(1139 1140 5087 5086)
4(1167 1168 5115 5114)
4(1197 1198 5145 5144)
4(1225 1226 5173 5172)
4(1263 1264 5211 5210)
4(1291 1292 5239 5238)
4(1315 1316 5263 5262)
4(1339 1340 5287 5286)
4(1367 1368 5315 5314)
4(1401 1402 5349 5348)
4(1429 1430 5377 5376)
4(1459 1460 5407 5406)
4(1487 1488 5435 5434)
4(1502 1501 5448 5449)
4(1474 1473 5420 5421)
4(1444 1443 5390 5391)
4(1416 1415 5362 5363)
4(1382 1381 5328 5329)
4(1354 1353 5300 5301)
4(1330 1329 5276 5277)
4(1306 1305 5252 5253)
4(1278 1277 5224 5225)
4(1240 1239 5186 5187)
4(1212 1211 5158 5159)
4(1182 1181 5128 5129)
4(1154 1153 5100 5101)
4(1120 1119 5066 5067)
4(1092 1091 5038 5039)
4(1062 1061 5008 5009)
4(1034 1033 4980 4981)
4(998 997 4944 4945)
4(970 969 4916 4917)
4(348 425 4372 4295)
4(345 424 4371 4292)
4(341 423 4370 4288)
4(338 422 4369 4285)
4(335 421 4368 4282)
4(331 420 4367 4278)
4(328 419 4366 4275)
4(325 418 4365 4272)
4(321 417 4364 4268)
4(318 416 4363 4265)
4(315 415 4362 4262)
4(311 414 4361 4258)
4(308 413 4360 4255)
4(305 412 4359 4252)
4(301 411 4358 4248)
4(298 410 4357 4245)
4(295 409 4356 4242)
4(291 408 4355 4238)
4(288 407 4354 4235)
4(2367 2368 6315 6314)
4(2368 2330 6277 6315)
4(2407 2408 6355 6354)
4(2367 2407 6354 6314)
4(2408 2368 6315 6355)
4(2446 2447 6394 6393)
4(2407 2446 6393 6354)
4(2447 2408 6355 6394)
4(2474 2475 6422 6421)
4(2446 2474 6421 6393)
4(2475 2447 6394 6422)
4(2504 2505 6452 6451)
4(2474 2504 6451 6421)
4(2505 2475 6422 6452)
4(2532 2533 6480 6479)
4(2504 2532 6479 6451)
4(2533 2505 6452 6480)
4(2566 2567 6514 6513)
4(2532 2566 6513 6479)
4(2567 2533 6480 6514)
4(2594 2595 6542 6541)
4(2566 2594 6541 6513)
4(2595 2567 6514 6542)
4(2618 2619 6566 6565)
4(2594 2618 6565 6541)
4(2619 2595 6542 6566)
4(2642 2643 6590 6589)
4(2618 2642 6589 6565)
4(2643 2619 6566 6590)
4(2670 2671 6618 6617)
4(2642 2670 6617 6589)
4(2671 2643 6590 6618)
4(2708 2709 6656 6655)
4(2670 2708 6655 6617)
4(2709 2671 6618 6656)
4(2736 2737 6684 6683)
4(2708 2736 6683 6655)
4(2737 2709 6656 6684)
4(2766 2767 6714 6713)
4(2736 2766 6713 6683)
4(2767 2737 6684 6714)
4(2794 2795 6742 6741)
4(2766 2794 6741 6713)
4(2795 2767 6714 6742)
4(2828 2829 6776 6775)
4(2794 2828 6775 6741)
4(2829 2795 6742 6776)
4(2856 2857 6804 6803)
4(2828 2856 6803 6775)
4(2857 2829 6776 6804)
4(2886 2887 6834 6833)
4(2856 2886 6833 6803)
4(2887 2857 6804 6834)
4(2914 2915 6862 6861)
4(2886 2914 6861 6833)
4(2915 2887 6834 6862)
4(2950 2951 6898 6897)
4(2914 2950 6897 6861)
4(2951 2915 6862 6898)
4(2978 2979 6926 6925)
4(2950 2978 6925 6897)
4(2979 2951 6898 6926)
4(3012 3013 6960 6959)
4(2978 3012 6959 6925)
4(3013 2979 6926 6960)
4(3053 3054 7001 7000)
4(3012 3053 7000 6959)
4(3054 3013 6960 7001)
4(3097 3054 7001 7044)
4(3478 3430 7377 7425)
4(3430 3429 7376 7377)
4(3479 3431 7378 7426)
4(3478 3479 7426 7425)
4(3431 3430 7377 7378)
4(3480 3432 7379 7427)
4(3479 3480 7427 7426)
4(3432 3431 7378 7379)
4(3481 3433 7380 7428)
4(3480 3481 7428 7427)
4(3433 3432 7379 7380)
4(3482 3434 7381 7429)
4(3481 3482 7429 7428)
4(3434 3433 7380 7381)
4(3483 3435 7382 7430)
4(3482 3483 7430 7429)
4(3435 3434 7381 7382)
4(3484 3436 7383 7431)
4(3483 3484 7431 7430)
4(3436 3435 7382 7383)
4(3485 3437 7384 7432)
4(3484 3485 7432 7431)
4(3437 3436 7383 7384)
4(3486 3438 7385 7433)
4(3485 3486 7433 7432)
4(3438 3437 7384 7385)
4(3487 3439 7386 7434)
4(3486 3487 7434 7433)
4(3439 3438 7385 7386)
4(3488 3440 7387 7435)
4(3487 3488 7435 7434)
4(3440 3439 7386 7387)
4(3489 3441 7388 7436)
4(3488 3489 7436 7435)
4(3441 3440 7387 7388)
4(3490 3442 7389 7437)
4(3489 3490 7437 7436)
4(3442 3441 7388 7389)
4(3491 3443 7390 7438)
4(3490 3491 7438 7437)
4(3443 3442 7389 7390)
4(3492 3444 7391 7439)
4(3491 3492 7439 7438)
4(3444 3443 7390 7391)
4(3493 3445 7392 7440)
4(3492 3493 7440 7439)
4(3445 3444 7391 7392)
4(3494 3446 7393 7441)
4(3493 3494 7441 7440)
4(3446 3445 7392 7393)
4(3495 3447 7394 7442)
4(3494 3495 7442 7441)
4(3447 3446 7393 7394)
4(3496 3448 7395 7443)
4(3495 3496 7443 7442)
4(3448 3447 7394 7395)
4(3497 3449 7396 7444)
4(3496 3497 7444 7443)
4(3449 3448 7395 7396)
4(3498 3450 7397 7445)
4(3497 3498 7445 7444)
4(3450 3449 7396 7397)
4(3499 3451 7398 7446)
4(3498 3499 7446 7445)
4(3451 3450 7397 7398)
4(3500 3452 7399 7447)
4(3499 3500 7447 7446)
4(3452 3451 7398 7399)
4(3453 3452 7399 7400)
4(3064 3063 7010 7011)
4(3063 3106 7053 7010)
4(3023 3022 6969 6970)
4(3064 3023 6970 7011)
4(3022 3063 7010 6969)
4(2989 2988 6935 6936)
4(3023 2989 6936 6970)
4(2988 3022 6969 6935)
4(2961 2960 6907 6908)
4(2989 2961 6908 6936)
4(2960 2988 6935 6907)
4(2925 2924 6871 6872)
4(2961 2925 6872 6908)
4(2924 2960 6907 6871)
4(2897 2896 6843 6844)
4(2925 2897 6844 6872)
4(2896 2924 6871 6843)
4(2867 2866 6813 6814)
4(2897 2867 6814 6844)
4(2866 2896 6843 6813)
4(2839 2838 6785 6786)
4(2867 2839 6786 6814)
4(2838 2866 6813 6785)
4(2805 2804 6751 6752)
4(2839 2805 6752 6786)
4(2804 2838 6785 6751)
4(2777 2776 6723 6724)
4(2805 2777 6724 6752)
4(2776 2804 6751 6723)
4(2747 2746 6693 6694)
4(2777 2747 6694 6724)
4(2746 2776 6723 6693)
4(2719 2718 6665 6666)
4(2747 2719 6666 6694)
4(2718 2746 6693 6665)
4(2681 2680 6627 6628)
4(2719 2681 6628 6666)
4(2680 2718 6665 6627)
4(2653 2652 6599 6600)
4(2681 2653 6600 6628)
4(2652 2680 6627 6599)
4(2629 2628 6575 6576)
4(2653 2629 6576 6600)
4(2628 2652 6599 6575)
4(2605 2604 6551 6552)
4(2629 2605 6552 6576)
4(2604 2628 6575 6551)
4(2577 2576 6523 6524)
4(2605 2577 6524 6552)
4(2576 2604 6551 6523)
4(2543 2542 6489 6490)
4(2577 2543 6490 6524)
4(2542 2576 6523 6489)
4(2515 2514 6461 6462)
4(2543 2515 6462 6490)
4(2514 2542 6489 6461)
4(2485 2484 6431 6432)
4(2515 2485 6432 6462)
4(2484 2514 6461 6431)
4(2457 2456 6403 6404)
4(2485 2457 6404 6432)
4(2456 2484 6431 6403)
4(2418 2417 6364 6365)
4(2457 2418 6365 6404)
4(2417 2456 6403 6364)
4(2378 2377 6324 6325)
4(2418 2378 6325 6365)
4(2377 2417 6364 6324)
4(2339 2377 6324 6286)
4(2406 2407 6354 6353)
4(2445 2446 6393 6392)
4(2406 2445 6392 6353)
4(2473 2474 6421 6420)
4(2445 2473 6420 6392)
4(2503 2504 6451 6450)
4(2473 2503 6450 6420)
4(2531 2532 6479 6478)
4(2503 2531 6478 6450)
4(2565 2566 6513 6512)
4(2531 2565 6512 6478)
4(2593 2594 6541 6540)
4(2565 2593 6540 6512)
4(2617 2618 6565 6564)
4(2593 2617 6564 6540)
4(2641 2642 6589 6588)
4(2617 2641 6588 6564)
4(2669 2670 6617 6616)
4(2641 2669 6616 6588)
4(2707 2708 6655 6654)
4(2669 2707 6654 6616)
4(2735 2736 6683 6682)
4(2707 2735 6682 6654)
4(2765 2766 6713 6712)
4(2735 2765 6712 6682)
4(2793 2794 6741 6740)
4(2765 2793 6740 6712)
4(2827 2828 6775 6774)
4(2793 2827 6774 6740)
4(2855 2856 6803 6802)
4(2827 2855 6802 6774)
4(2885 2886 6833 6832)
4(2855 2885 6832 6802)
4(2913 2914 6861 6860)
4(2885 2913 6860 6832)
4(2949 2950 6897 6896)
4(2913 2949 6896 6860)
4(2977 2978 6925 6924)
4(2949 2977 6924 6896)
4(3011 3012 6959 6958)
4(2977 3011 6958 6924)
4(3520 3479 7426 7467)
4(3521 3480 7427 7468)
4(3520 3521 7468 7467)
4(3522 3481 7428 7469)
4(3521 3522 7469 7468)
4(3523 3482 7429 7470)
4(3522 3523 7470 7469)
4(3524 3483 7430 7471)
4(3523 3524 7471 7470)
4(3525 3484 7431 7472)
4(3524 3525 7472 7471)
4(3526 3485 7432 7473)
4(3525 3526 7473 7472)
4(3527 3486 7433 7474)
4(3526 3527 7474 7473)
4(3528 3487 7434 7475)
4(3527 3528 7475 7474)
4(3529 3488 7435 7476)
4(3528 3529 7476 7475)
4(3530 3489 7436 7477)
4(3529 3530 7477 7476)
4(3531 3490 7437 7478)
4(3530 3531 7478 7477)
4(3532 3491 7438 7479)
4(3531 3532 7479 7478)
4(3533 3492 7439 7480)
4(3532 3533 7480 7479)
4(3534 3493 7440 7481)
4(3533 3534 7481 7480)
4(3535 3494 7441 7482)
4(3534 3535 7482 7481)
4(3536 3495 7442 7483)
4(3535 3536 7483 7482)
4(3537 3496 7443 7484)
4(3536 3537 7484 7483)
4(3538 3497 7444 7485)
4(3537 3538 7485 7484)
4(3539 3498 7445 7486)
4(3538 3539 7486 7485)
4(3540 3499 7446 7487)
4(3539 3540 7487 7486)
4(3024 3023 6970 6971)
4(2990 2989 6936 6937)
4(3024 2990 6937 6971)
4(2962 2961 6908 6909)
4(2990 2962 6909 6937)
4(2926 2925 6872 6873)
4(2962 2926 6873 6909)
4(2898 2897 6844 6845)
4(2926 2898 6845 6873)
4(2868 2867 6814 6815)
4(2898 2868 6815 6845)
4(2840 2839 6786 6787)
4(2868 2840 6787 6815)
4(2806 2805 6752 6753)
4(2840 2806 6753 6787)
4(2778 2777 6724 6725)
4(2806 2778 6725 6753)
4(2748 2747 6694 6695)
4(2778 2748 6695 6725)
4(2720 2719 6666 6667)
4(2748 2720 6667 6695)
4(2682 2681 6628 6629)
4(2720 2682 6629 6667)
4(2654 2653 6600 6601)
4(2682 2654 6601 6629)
4(2630 2629 6576 6577)
4(2654 2630 6577 6601)
4(2606 2605 6552 6553)
4(2630 2606 6553 6577)
4(2578 2577 6524 6525)
4(2606 2578 6525 6553)
4(2544 2543 6490 6491)
4(2578 2544 6491 6525)
4(2516 2515 6462 6463)
4(2544 2516 6463 6491)
4(2486 2485 6432 6433)
4(2516 2486 6433 6463)
4(2458 2457 6404 6405)
4(2486 2458 6405 6433)
4(2419 2418 6365 6366)
4(2458 2419 6366 6405)
4(2444 2445 6392 6391)
4(2472 2473 6420 6419)
4(2502 2503 6450 6449)
4(2530 2531 6478 6477)
4(2564 2565 6512 6511)
4(2592 2593 6540 6539)
4(2616 2617 6564 6563)
4(2640 2641 6588 6587)
4(2668 2669 6616 6615)
4(2706 2707 6654 6653)
4(2734 2735 6682 6681)
4(2764 2765 6712 6711)
4(2792 2793 6740 6739)
4(2826 2827 6774 6773)
4(2854 2855 6802 6801)
4(2884 2885 6832 6831)
4(2912 2913 6860 6859)
4(2948 2949 6896 6895)
4(2976 2977 6924 6923)
4(3598 3521 7468 7545)
4(3601 3522 7469 7548)
4(3605 3523 7470 7552)
4(3608 3524 7471 7555)
4(3611 3525 7472 7558)
4(3615 3526 7473 7562)
4(3618 3527 7474 7565)
4(3621 3528 7475 7568)
4(3625 3529 7476 7572)
4(3628 3530 7477 7575)
4(3631 3531 7478 7578)
4(3635 3532 7479 7582)
4(3638 3533 7480 7585)
4(3641 3534 7481 7588)
4(3645 3535 7482 7592)
4(3648 3536 7483 7595)
4(3651 3537 7484 7598)
4(3655 3538 7485 7602)
4(3658 3539 7486 7605)
4(2991 2990 6937 6938)
4(2963 2962 6909 6910)
4(2927 2926 6873 6874)
4(2899 2898 6845 6846)
4(2869 2868 6815 6816)
4(2841 2840 6787 6788)
4(2807 2806 6753 6754)
4(2779 2778 6725 6726)
4(2749 2748 6695 6696)
4(2721 2720 6667 6668)
4(2683 2682 6629 6630)
4(2655 2654 6601 6602)
4(2631 2630 6577 6578)
4(2607 2606 6553 6554)
4(2579 2578 6525 6526)
4(2545 2544 6491 6492)
4(2517 2516 6463 6464)
4(2487 2486 6433 6434)
4(2459 2458 6405 6406)
4(751 754 4701 4698)
4(686 639 4586 4633)
4(782 783 4730 4729)
4(751 782 4729 4698)
4(815 816 4763 4762)
4(782 815 4762 4729)
4(843 844 4791 4790)
4(815 843 4790 4762)
4(886 887 4834 4833)
4(843 886 4833 4790)
4(927 928 4875 4874)
4(886 927 4874 4833)
4(961 962 4909 4908)
4(927 961 4908 4874)
4(989 990 4937 4936)
4(961 989 4936 4908)
4(1025 1026 4973 4972)
4(989 1025 4972 4936)
4(1053 1054 5001 5000)
4(1025 1053 5000 4972)
4(1083 1084 5031 5030)
4(1053 1083 5030 5000)
4(1111 1112 5059 5058)
4(1083 1111 5058 5030)
4(1145 1146 5093 5092)
4(1111 1145 5092 5058)
4(1173 1174 5121 5120)
4(1145 1173 5120 5092)
4(1203 1204 5151 5150)
4(1173 1203 5150 5120)
4(1231 1232 5179 5178)
4(1203 1231 5178 5150)
4(1269 1270 5217 5216)
4(1231 1269 5216 5178)
4(1297 1298 5245 5244)
4(1269 1297 5244 5216)
4(1321 1322 5269 5268)
4(1297 1321 5268 5244)
4(1345 1346 5293 5292)
4(1321 1345 5292 5268)
4(1373 1374 5321 5320)
4(1345 1373 5320 5292)
4(1407 1408 5355 5354)
4(1373 1407 5354 5320)
4(1435 1436 5383 5382)
4(1407 1435 5382 5354)
4(1465 1466 5413 5412)
4(1435 1465 5412 5382)
4(1493 1494 5441 5440)
4(1465 1493 5440 5412)
4(1532 1533 5480 5479)
4(1493 1532 5479 5440)
4(1572 1573 5520 5519)
4(1532 1572 5519 5479)
4(1610 1611 5558 5557)
4(1572 1610 5557 5519)
4(1637 1638 5585 5584)
4(1610 1637 5584 5557)
4(1674 1675 5622 5621)
4(1637 1674 5621 5584)
4(1703 1704 5651 5650)
4(1674 1703 5650 5621)
4(1770 1729 5676 5717)
4(1774 1730 5677 5721)
4(1775 1731 5678 5722)
4(1774 1775 5722 5721)
4(1776 1732 5679 5723)
4(1775 1776 5723 5722)
4(1777 1733 5680 5724)
4(1776 1777 5724 5723)
4(1778 1734 5681 5725)
4(1777 1778 5725 5724)
4(1779 1735 5682 5726)
4(1778 1779 5726 5725)
4(1780 1736 5683 5727)
4(1779 1780 5727 5726)
4(1781 1737 5684 5728)
4(1780 1781 5728 5727)
4(1782 1738 5685 5729)
4(1781 1782 5729 5728)
4(1783 1739 5686 5730)
4(1782 1783 5730 5729)
4(1784 1740 5687 5731)
4(1783 1784 5731 5730)
4(1785 1741 5688 5732)
4(1784 1785 5732 5731)
4(1786 1742 5689 5733)
4(1785 1786 5733 5732)
4(1787 1743 5690 5734)
4(1786 1787 5734 5733)
4(1788 1744 5691 5735)
4(1787 1788 5735 5734)
4(1789 1745 5692 5736)
4(1788 1789 5736 5735)
4(1790 1746 5693 5737)
4(1789 1790 5737 5736)
4(1791 1747 5694 5738)
4(1790 1791 5738 5737)
4(1792 1748 5695 5739)
4(1791 1792 5739 5738)
4(1793 1749 5696 5740)
4(1792 1793 5740 5739)
4(1794 1750 5697 5741)
4(1793 1794 5741 5740)
4(1795 1751 5698 5742)
4(1794 1795 5742 5741)
4(1796 1752 5699 5743)
4(1795 1796 5743 5742)
4(1797 1753 5700 5744)
4(1796 1797 5744 5743)
4(1798 1754 5701 5745)
4(1797 1798 5745 5744)
4(1799 1755 5702 5746)
4(1798 1799 5746 5745)
4(1800 1756 5703 5747)
4(1799 1800 5747 5746)
4(1801 1757 5704 5748)
4(1800 1801 5748 5747)
4(1802 1758 5705 5749)
4(1801 1802 5749 5748)
4(1803 1759 5706 5750)
4(1802 1803 5750 5749)
4(1804 1760 5707 5751)
4(1803 1804 5751 5750)
4(1808 1761 5708 5755)
4(1706 1705 5652 5653)
4(1677 1676 5623 5624)
4(1706 1677 5624 5653)
4(1640 1639 5586 5587)
4(1677 1640 5587 5624)
4(1613 1612 5559 5560)
4(1640 1613 5560 5587)
4(1575 1574 5521 5522)
4(1613 1575 5522 5560)
4(1535 1534 5481 5482)
4(1575 1535 5482 5522)
4(1496 1495 5442 5443)
4(1535 1496 5443 5482)
4(1468 1467 5414 5415)
4(1496 1468 5415 5443)
4(1438 1437 5384 5385)
4(1468 1438 5385 5415)
4(1410 1409 5356 5357)
4(1438 1410 5357 5385)
4(1376 1375 5322 5323)
4(1410 1376 5323 5357)
4(1348 1347 5294 5295)
4(1376 1348 5295 5323)
4(1324 1323 5270 5271)
4(1348 1324 5271 5295)
4(1300 1299 5246 5247)
4(1324 1300 5247 5271)
4(1272 1271 5218 5219)
4(1300 1272 5219 5247)
4(1234 1233 5180 5181)
4(1272 1234 5181 5219)
4(1206 1205 5152 5153)
4(1234 1206 5153 5181)
4(1176 1175 5122 5123)
4(1206 1176 5123 5153)
4(1148 1147 5094 5095)
4(1176 1148 5095 5123)
4(1114 1113 5060 5061)
4(1148 1114 5061 5095)
4(1086 1085 5032 5033)
4(1114 1086 5033 5061)
4(1056 1055 5002 5003)
4(1086 1056 5003 5033)
4(1028 1027 4974 4975)
4(1056 1028 4975 5003)
4(992 991 4938 4939)
4(1028 992 4939 4975)
4(964 963 4910 4911)
4(992 964 4911 4939)
4(930 929 4876 4877)
4(964 930 4877 4911)
4(889 888 4835 4836)
4(930 889 4836 4877)
4(846 845 4792 4793)
4(889 846 4793 4836)
4(818 817 4764 4765)
4(846 818 4765 4793)
4(785 784 4731 4732)
4(818 785 4732 4765)
4(756 755 4702 4703)
4(785 756 4703 4732)
4(677 718 4665 4624)
4(673 717 4664 4620)
4(672 716 4663 4619)
4(673 672 4619 4620)
4(671 715 4662 4618)
4(672 671 4618 4619)
4(670 714 4661 4617)
4(671 670 4617 4618)
4(669 713 4660 4616)
4(670 669 4616 4617)
4(668 712 4659 4615)
4(669 668 4615 4616)
4(667 711 4658 4614)
4(668 667 4614 4615)
4(666 710 4657 4613)
4(667 666 4613 4614)
4(665 709 4656 4612)
4(666 665 4612 4613)
4(664 708 4655 4611)
4(665 664 4611 4612)
4(663 707 4654 4610)
4(664 663 4610 4611)
4(662 706 4653 4609)
4(663 662 4609 4610)
4(661 705 4652 4608)
4(662 661 4608 4609)
4(660 704 4651 4607)
4(661 660 4607 4608)
4(659 703 4650 4606)
4(660 659 4606 4607)
4(658 702 4649 4605)
4(659 658 4605 4606)
4(657 701 4648 4604)
4(658 657 4604 4605)
4(656 700 4647 4603)
4(657 656 4603 4604)
4(655 699 4646 4602)
4(656 655 4602 4603)
4(654 698 4645 4601)
4(655 654 4601 4602)
4(653 697 4644 4600)
4(654 653 4600 4601)
4(652 696 4643 4599)
4(653 652 4599 4600)
4(651 695 4642 4598)
4(652 651 4598 4599)
4(650 694 4641 4597)
4(651 650 4597 4598)
4(649 693 4640 4596)
4(650 649 4596 4597)
4(648 692 4639 4595)
4(649 648 4595 4596)
4(647 691 4638 4594)
4(648 647 4594 4595)
4(646 690 4637 4593)
4(647 646 4593 4594)
4(645 689 4636 4592)
4(646 645 4592 4593)
4(644 688 4635 4591)
4(645 644 4591 4592)
4(643 687 4634 4590)
4(644 643 4590 4591)
4(781 782 4729 4728)
4(814 815 4762 4761)
4(781 814 4761 4728)
4(842 843 4790 4789)
4(814 842 4789 4761)
4(885 886 4833 4832)
4(842 885 4832 4789)
4(926 927 4874 4873)
4(885 926 4873 4832)
4(960 961 4908 4907)
4(926 960 4907 4873)
4(988 989 4936 4935)
4(960 988 4935 4907)
4(1024 1025 4972 4971)
4(988 1024 4971 4935)
4(1052 1053 5000 4999)
4(1024 1052 4999 4971)
4(1082 1083 5030 5029)
4(1052 1082 5029 4999)
4(1110 1111 5058 5057)
4(1082 1110 5057 5029)
4(1144 1145 5092 5091)
4(1110 1144 5091 5057)
4(1172 1173 5120 5119)
4(1144 1172 5119 5091)
4(1202 1203 5150 5149)
4(1172 1202 5149 5119)
4(1230 1231 5178 5177)
4(1202 1230 5177 5149)
4(1268 1269 5216 5215)
4(1230 1268 5215 5177)
4(1296 1297 5244 5243)
4(1268 1296 5243 5215)
4(1320 1321 5268 5267)
4(1296 1320 5267 5243)
4(1344 1345 5292 5291)
4(1320 1344 5291 5267)
4(1372 1373 5320 5319)
4(1344 1372 5319 5291)
4(1406 1407 5354 5353)
4(1372 1406 5353 5319)
4(1434 1435 5382 5381)
4(1406 1434 5381 5353)
4(1464 1465 5412 5411)
4(1434 1464 5411 5381)
4(1492 1493 5440 5439)
4(1464 1492 5439 5411)
4(1531 1532 5479 5478)
4(1492 1531 5478 5439)
4(1571 1572 5519 5518)
4(1531 1571 5518 5478)
4(1609 1610 5557 5556)
4(1571 1609 5556 5518)
4(1636 1637 5584 5583)
4(1609 1636 5583 5556)
4(1673 1674 5621 5620)
4(1636 1673 5620 5583)
4(1822 1775 5722 5769)
4(1826 1776 5723 5773)
4(1829 1777 5724 5776)
4(1832 1778 5725 5779)
4(1836 1779 5726 5783)
4(1839 1780 5727 5786)
4(1842 1781 5728 5789)
4(1846 1782 5729 5793)
4(1849 1783 5730 5796)
4(1852 1784 5731 5799)
4(1856 1785 5732 5803)
4(1859 1786 5733 5806)
4(1862 1787 5734 5809)
4(1866 1788 5735 5813)
4(1869 1789 5736 5816)
4(1872 1790 5737 5819)
4(1876 1791 5738 5823)
4(1879 1792 5739 5826)
4(1882 1793 5740 5829)
4(1886 1794 5741 5833)
4(1889 1795 5742 5836)
4(1892 1796 5743 5839)
4(1896 1797 5744 5843)
4(1899 1798 5745 5846)
4(1902 1799 5746 5849)
4(1906 1800 5747 5853)
4(1909 1801 5748 5856)
4(1912 1802 5749 5859)
4(1916 1803 5750 5863)
4(1678 1677 5624 5625)
4(1641 1640 5587 5588)
4(1678 1641 5588 5625)
4(1614 1613 5560 5561)
4(1641 1614 5561 5588)
4(1576 1575 5522 5523)
4(1614 1576 5523 5561)
4(1536 1535 5482 5483)
4(1576 1536 5483 5523)
4(1497 1496 5443 5444)
4(1536 1497 5444 5483)
4(1469 1468 5415 5416)
4(1497 1469 5416 5444)
4(1439 1438 5385 5386)
4(1469 1439 5386 5416)
4(1411 1410 5357 5358)
4(1439 1411 5358 5386)
4(1377 1376 5323 5324)
4(1411 1377 5324 5358)
4(1349 1348 5295 5296)
4(1377 1349 5296 5324)
4(1325 1324 5271 5272)
4(1349 1325 5272 5296)
4(1301 1300 5247 5248)
4(1325 1301 5248 5272)
4(1273 1272 5219 5220)
4(1301 1273 5220 5248)
4(1235 1234 5181 5182)
4(1273 1235 5182 5220)
4(1207 1206 5153 5154)
4(1235 1207 5154 5182)
4(1177 1176 5123 5124)
4(1207 1177 5124 5154)
4(1149 1148 5095 5096)
4(1177 1149 5096 5124)
4(1115 1114 5061 5062)
4(1149 1115 5062 5096)
4(1087 1086 5033 5034)
4(1115 1087 5034 5062)
4(1057 1056 5003 5004)
4(1087 1057 5004 5034)
4(1029 1028 4975 4976)
4(1057 1029 4976 5004)
4(993 992 4939 4940)
4(1029 993 4940 4976)
4(965 964 4911 4912)
4(993 965 4912 4940)
4(931 930 4877 4878)
4(965 931 4878 4912)
4(890 889 4836 4837)
4(931 890 4837 4878)
4(847 846 4793 4794)
4(890 847 4794 4837)
4(819 818 4765 4766)
4(847 819 4766 4794)
4(786 785 4732 4733)
4(819 786 4733 4766)
4(635 672 4619 4582)
4(634 671 4618 4581)
4(635 634 4581 4582)
4(633 670 4617 4580)
4(634 633 4580 4581)
4(632 669 4616 4579)
4(633 632 4579 4580)
4(631 668 4615 4578)
4(632 631 4578 4579)
4(630 667 4614 4577)
4(631 630 4577 4578)
4(629 666 4613 4576)
4(630 629 4576 4577)
4(628 665 4612 4575)
4(629 628 4575 4576)
4(627 664 4611 4574)
4(628 627 4574 4575)
4(626 663 4610 4573)
4(627 626 4573 4574)
4(625 662 4609 4572)
4(626 625 4572 4573)
4(624 661 4608 4571)
4(625 624 4571 4572)
4(623 660 4607 4570)
4(624 623 4570 4571)
4(622 659 4606 4569)
4(623 622 4569 4570)
4(621 658 4605 4568)
4(622 621 4568 4569)
4(620 657 4604 4567)
4(621 620 4567 4568)
4(619 656 4603 4566)
4(620 619 4566 4567)
4(618 655 4602 4565)
4(619 618 4565 4566)
4(617 654 4601 4564)
4(618 617 4564 4565)
4(616 653 4600 4563)
4(617 616 4563 4564)
4(615 652 4599 4562)
4(616 615 4562 4563)
4(614 651 4598 4561)
4(615 614 4561 4562)
4(613 650 4597 4560)
4(614 613 4560 4561)
4(612 649 4596 4559)
4(613 612 4559 4560)
4(611 648 4595 4558)
4(612 611 4558 4559)
4(610 647 4594 4557)
4(611 610 4557 4558)
4(609 646 4593 4556)
4(610 609 4556 4557)
4(608 645 4592 4555)
4(609 608 4555 4556)
4(607 644 4591 4554)
4(608 607 4554 4555)
4(813 814 4761 4760)
4(841 842 4789 4788)
4(813 841 4788 4760)
4(884 885 4832 4831)
4(841 884 4831 4788)
4(925 926 4873 4872)
4(884 925 4872 4831)
4(959 960 4907 4906)
4(925 959 4906 4872)
4(987 988 4935 4934)
4(959 987 4934 4906)
4(1023 1024 4971 4970)
4(987 1023 4970 4934)
4(1051 1052 4999 4998)
4(1023 1051 4998 4970)
4(1081 1082 5029 5028)
4(1051 1081 5028 4998)
4(1109 1110 5057 5056)
4(1081 1109 5056 5028)
4(1143 1144 5091 5090)
4(1109 1143 5090 5056)
4(1171 1172 5119 5118)
4(1143 1171 5118 5090)
4(1201 1202 5149 5148)
4(1171 1201 5148 5118)
4(1229 1230 5177 5176)
4(1201 1229 5176 5148)
4(1267 1268 5215 5214)
4(1229 1267 5214 5176)
4(1295 1296 5243 5242)
4(1267 1295 5242 5214)
4(1319 1320 5267 5266)
4(1295 1319 5266 5242)
4(1343 1344 5291 5290)
4(1319 1343 5290 5266)
4(1371 1372 5319 5318)
4(1343 1371 5318 5290)
4(1405 1406 5353 5352)
4(1371 1405 5352 5318)
4(1433 1434 5381 5380)
4(1405 1433 5380 5352)
4(1463 1464 5411 5410)
4(1433 1463 5410 5380)
4(1491 1492 5439 5438)
4(1463 1491 5438 5410)
4(1530 1531 5478 5477)
4(1491 1530 5477 5438)
4(1570 1571 5518 5517)
4(1530 1570 5517 5477)
4(1608 1609 5556 5555)
4(1570 1608 5555 5517)
4(1635 1636 5583 5582)
4(1608 1635 5582 5555)
4(1642 1641 5588 5589)
4(1615 1614 5561 5562)
4(1642 1615 5562 5589)
4(1577 1576 5523 5524)
4(1615 1577 5524 5562)
4(1537 1536 5483 5484)
4(1577 1537 5484 5524)
4(1498 1497 5444 5445)
4(1537 1498 5445 5484)
4(1470 1469 5416 5417)
4(1498 1470 5417 5445)
4(1440 1439 5386 5387)
4(1470 1440 5387 5417)
4(1412 1411 5358 5359)
4(1440 1412 5359 5387)
4(1378 1377 5324 5325)
4(1412 1378 5325 5359)
4(1350 1349 5296 5297)
4(1378 1350 5297 5325)
4(1326 1325 5272 5273)
4(1350 1326 5273 5297)
4(1302 1301 5248 5249)
4(1326 1302 5249 5273)
4(1274 1273 5220 5221)
4(1302 1274 5221 5249)
4(1236 1235 5182 5183)
4(1274 1236 5183 5221)
4(1208 1207 5154 5155)
4(1236 1208 5155 5183)
4(1178 1177 5124 5125)
4(1208 1178 5125 5155)
4(1150 1149 5096 5097)
4(1178 1150 5097 5125)
4(1116 1115 5062 5063)
4(1150 1116 5063 5097)
4(1088 1087 5034 5035)
4(1116 1088 5035 5063)
4(1058 1057 5004 5005)
4(1088 1058 5005 5035)
4(1030 1029 4976 4977)
4(1058 1030 4977 5005)
4(994 993 4940 4941)
4(1030 994 4941 4977)
4(966 965 4912 4913)
4(994 966 4913 4941)
4(932 931 4878 4879)
4(966 932 4879 4913)
4(891 890 4837 4838)
4(932 891 4838 4879)
4(848 847 4794 4795)
4(891 848 4795 4838)
4(820 819 4766 4767)
4(848 820 4767 4795)
4(585 634 4581 4532)
4(584 633 4580 4531)
4(585 584 4531 4532)
4(583 632 4579 4530)
4(584 583 4530 4531)
4(582 631 4578 4529)
4(583 582 4529 4530)
4(581 630 4577 4528)
4(582 581 4528 4529)
4(580 629 4576 4527)
4(581 580 4527 4528)
4(579 628 4575 4526)
4(580 579 4526 4527)
4(578 627 4574 4525)
4(579 578 4525 4526)
4(577 626 4573 4524)
4(578 577 4524 4525)
4(576 625 4572 4523)
4(577 576 4523 4524)
4(575 624 4571 4522)
4(576 575 4522 4523)
4(574 623 4570 4521)
4(575 574 4521 4522)
4(573 622 4569 4520)
4(574 573 4520 4521)
4(572 621 4568 4519)
4(573 572 4519 4520)
4(571 620 4567 4518)
4(572 571 4518 4519)
4(570 619 4566 4517)
4(571 570 4517 4518)
4(569 618 4565 4516)
4(570 569 4516 4517)
4(568 617 4564 4515)
4(569 568 4515 4516)
4(567 616 4563 4514)
4(568 567 4514 4515)
4(566 615 4562 4513)
4(567 566 4513 4514)
4(565 614 4561 4512)
4(566 565 4512 4513)
4(564 613 4560 4511)
4(565 564 4511 4512)
4(563 612 4559 4510)
4(564 563 4510 4511)
4(562 611 4558 4509)
4(563 562 4509 4510)
4(561 610 4557 4508)
4(562 561 4508 4509)
4(560 609 4556 4507)
4(561 560 4507 4508)
4(559 608 4555 4506)
4(560 559 4506 4507)
4(840 841 4788 4787)
4(883 884 4831 4830)
4(924 925 4872 4871)
4(958 959 4906 4905)
4(986 987 4934 4933)
4(1022 1023 4970 4969)
4(1050 1051 4998 4997)
4(1080 1081 5028 5027)
4(1108 1109 5056 5055)
4(1142 1143 5090 5089)
4(1170 1171 5118 5117)
4(1200 1201 5148 5147)
4(1228 1229 5176 5175)
4(1266 1267 5214 5213)
4(1294 1295 5242 5241)
4(1318 1319 5266 5265)
4(1342 1343 5290 5289)
4(1370 1371 5318 5317)
4(1404 1405 5352 5351)
4(1432 1433 5380 5379)
4(1462 1463 5410 5409)
4(1490 1491 5438 5437)
4(1529 1530 5477 5476)
4(1569 1570 5517 5516)
4(1607 1608 5555 5554)
4(1616 1615 5562 5563)
4(1578 1577 5524 5525)
4(1538 1537 5484 5485)
4(1499 1498 5445 5446)
4(1471 1470 5417 5418)
4(1441 1440 5387 5388)
4(1413 1412 5359 5360)
4(1379 1378 5325 5326)
4(1351 1350 5297 5298)
4(1327 1326 5273 5274)
4(1303 1302 5249 5250)
4(1275 1274 5221 5222)
4(1237 1236 5183 5184)
4(1209 1208 5155 5156)
4(1179 1178 5125 5126)
4(1151 1150 5097 5098)
4(1117 1116 5063 5064)
4(1089 1088 5035 5036)
4(1059 1058 5005 5006)
4(1031 1030 4977 4978)
4(995 994 4941 4942)
4(967 966 4913 4914)
4(933 932 4879 4880)
4(892 891 4838 4839)
4(849 848 4795 4796)
4(517 584 4531 4464)
4(516 583 4530 4463)
4(515 582 4529 4462)
4(514 581 4528 4461)
4(513 580 4527 4460)
4(512 579 4526 4459)
4(511 578 4525 4458)
4(510 577 4524 4457)
4(509 576 4523 4456)
4(508 575 4522 4455)
4(507 574 4521 4454)
4(506 573 4520 4453)
4(505 572 4519 4452)
4(504 571 4518 4451)
4(503 570 4517 4450)
4(502 569 4516 4449)
4(501 568 4515 4448)
4(500 567 4514 4447)
4(499 566 4513 4446)
4(498 565 4512 4445)
4(497 564 4511 4444)
4(496 563 4510 4443)
4(495 562 4509 4442)
4(494 561 4508 4441)
4(493 560 4507 4440)
4(2240 2241 6188 6187)
4(2185 2138 6085 6132)
4(2269 2270 6217 6216)
4(2240 2269 6216 6187)
4(2306 2307 6254 6253)
4(2269 2306 6253 6216)
4(2333 2334 6281 6280)
4(2306 2333 6280 6253)
4(2371 2372 6319 6318)
4(2333 2371 6318 6280)
4(2411 2412 6359 6358)
4(2371 2411 6358 6318)
4(2450 2451 6398 6397)
4(2411 2450 6397 6358)
4(2478 2479 6426 6425)
4(2450 2478 6425 6397)
4(2508 2509 6456 6455)
4(2478 2508 6455 6425)
4(2536 2537 6484 6483)
4(2508 2536 6483 6455)
4(2570 2571 6518 6517)
4(2536 2570 6517 6483)
4(2598 2599 6546 6545)
4(2570 2598 6545 6517)
4(2622 2623 6570 6569)
4(2598 2622 6569 6545)
4(2646 2647 6594 6593)
4(2622 2646 6593 6569)
4(2674 2675 6622 6621)
4(2646 2674 6621 6593)
4(2712 2713 6660 6659)
4(2674 2712 6659 6621)
4(2740 2741 6688 6687)
4(2712 2740 6687 6659)
4(2770 2771 6718 6717)
4(2740 2770 6717 6687)
4(2798 2799 6746 6745)
4(2770 2798 6745 6717)
4(2832 2833 6780 6779)
4(2798 2832 6779 6745)
4(2860 2861 6808 6807)
4(2832 2860 6807 6779)
4(2890 2891 6838 6837)
4(2860 2890 6837 6807)
4(2918 2919 6866 6865)
4(2890 2918 6865 6837)
4(2954 2955 6902 6901)
4(2918 2954 6901 6865)
4(2982 2983 6930 6929)
4(2954 2982 6929 6901)
4(3016 3017 6964 6963)
4(2982 3016 6963 6929)
4(3057 3058 7005 7004)
4(3016 3057 7004 6963)
4(3100 3101 7048 7047)
4(3057 3100 7047 7004)
4(3128 3129 7076 7075)
4(3100 3128 7075 7047)
4(3161 3162 7109 7108)
4(3128 3161 7108 7075)
4(3190 3191 7138 7137)
4(3161 3190 7137 7108)
4(3269 3228 7175 7216)
4(3273 3229 7176 7220)
4(3274 3230 7177 7221)
4(3273 3274 7221 7220)
4(3275 3231 7178 7222)
4(3274 3275 7222 7221)
4(3276 3232 7179 7223)
4(3275 3276 7223 7222)
4(3277 3233 7180 7224)
4(3276 3277 7224 7223)
4(3278 3234 7181 7225)
4(3277 3278 7225 7224)
4(3279 3235 7182 7226)
4(3278 3279 7226 7225)
4(3280 3236 7183 7227)
4(3279 3280 7227 7226)
4(3281 3237 7184 7228)
4(3280 3281 7228 7227)
4(3282 3238 7185 7229)
4(3281 3282 7229 7228)
4(3283 3239 7186 7230)
4(3282 3283 7230 7229)
4(3284 3240 7187 7231)
4(3283 3284 7231 7230)
4(3285 3241 7188 7232)
4(3284 3285 7232 7231)
4(3286 3242 7189 7233)
4(3285 3286 7233 7232)
4(3287 3243 7190 7234)
4(3286 3287 7234 7233)
4(3288 3244 7191 7235)
4(3287 3288 7235 7234)
4(3289 3245 7192 7236)
4(3288 3289 7236 7235)
4(3290 3246 7193 7237)
4(3289 3290 7237 7236)
4(3291 3247 7194 7238)
4(3290 3291 7238 7237)
4(3292 3248 7195 7239)
4(3291 3292 7239 7238)
4(3293 3249 7196 7240)
4(3292 3293 7240 7239)
4(3294 3250 7197 7241)
4(3293 3294 7241 7240)
4(3295 3251 7198 7242)
4(3294 3295 7242 7241)
4(3296 3252 7199 7243)
4(3295 3296 7243 7242)
4(3297 3253 7200 7244)
4(3296 3297 7244 7243)
4(3298 3254 7201 7245)
4(3297 3298 7245 7244)
4(3299 3255 7202 7246)
4(3298 3299 7246 7245)
4(3300 3256 7203 7247)
4(3299 3300 7247 7246)
4(3301 3257 7204 7248)
4(3300 3301 7248 7247)
4(3302 3258 7205 7249)
4(3301 3302 7249 7248)
4(3303 3259 7206 7250)
4(3302 3303 7250 7249)
4(3307 3260 7207 7254)
4(3193 3192 7139 7140)
4(3164 3163 7110 7111)
4(3193 3164 7111 7140)
4(3131 3130 7077 7078)
4(3164 3131 7078 7111)
4(3103 3102 7049 7050)
4(3131 3103 7050 7078)
4(3060 3059 7006 7007)
4(3103 3060 7007 7050)
4(3019 3018 6965 6966)
4(3060 3019 6966 7007)
4(2985 2984 6931 6932)
4(3019 2985 6932 6966)
4(2957 2956 6903 6904)
4(2985 2957 6904 6932)
4(2921 2920 6867 6868)
4(2957 2921 6868 6904)
4(2893 2892 6839 6840)
4(2921 2893 6840 6868)
4(2863 2862 6809 6810)
4(2893 2863 6810 6840)
4(2835 2834 6781 6782)
4(2863 2835 6782 6810)
4(2801 2800 6747 6748)
4(2835 2801 6748 6782)
4(2773 2772 6719 6720)
4(2801 2773 6720 6748)
4(2743 2742 6689 6690)
4(2773 2743 6690 6720)
4(2715 2714 6661 6662)
4(2743 2715 6662 6690)
4(2677 2676 6623 6624)
4(2715 2677 6624 6662)
4(2649 2648 6595 6596)
4(2677 2649 6596 6624)
4(2625 2624 6571 6572)
4(2649 2625 6572 6596)
4(2601 2600 6547 6548)
4(2625 2601 6548 6572)
4(2573 2572 6519 6520)
4(2601 2573 6520 6548)
4(2539 2538 6485 6486)
4(2573 2539 6486 6520)
4(2511 2510 6457 6458)
4(2539 2511 6458 6486)
4(2481 2480 6427 6428)
4(2511 2481 6428 6458)
4(2453 2452 6399 6400)
4(2481 2453 6400 6428)
4(2414 2413 6360 6361)
4(2453 2414 6361 6400)
4(2374 2373 6320 6321)
4(2414 2374 6321 6361)
4(2336 2335 6282 6283)
4(2374 2336 6283 6321)
4(2309 2308 6255 6256)
4(2336 2309 6256 6283)
4(2272 2271 6218 6219)
4(2309 2272 6219 6256)
4(2243 2242 6189 6190)
4(2272 2243 6190 6219)
4(2176 2217 6164 6123)
4(2172 2216 6163 6119)
4(2171 2215 6162 6118)
4(2172 2171 6118 6119)
4(2170 2214 6161 6117)
4(2171 2170 6117 6118)
4(2169 2213 6160 6116)
4(2170 2169 6116 6117)
4(2168 2212 6159 6115)
4(2169 2168 6115 6116)
4(2167 2211 6158 6114)
4(2168 2167 6114 6115)
4(2166 2210 6157 6113)
4(2167 2166 6113 6114)
4(2165 2209 6156 6112)
4(2166 2165 6112 6113)
4(2164 2208 6155 6111)
4(2165 2164 6111 6112)
4(2163 2207 6154 6110)
4(2164 2163 6110 6111)
4(2162 2206 6153 6109)
4(2163 2162 6109 6110)
4(2161 2205 6152 6108)
4(2162 2161 6108 6109)
4(2160 2204 6151 6107)
4(2161 2160 6107 6108)
4(2159 2203 6150 6106)
4(2160 2159 6106 6107)
4(2158 2202 6149 6105)
4(2159 2158 6105 6106)
4(2157 2201 6148 6104)
4(2158 2157 6104 6105)
4(2156 2200 6147 6103)
4(2157 2156 6103 6104)
4(2155 2199 6146 6102)
4(2156 2155 6102 6103)
4(2154 2198 6145 6101)
4(2155 2154 6101 6102)
4(2153 2197 6144 6100)
4(2154 2153 6100 6101)
4(2152 2196 6143 6099)
4(2153 2152 6099 6100)
4(2151 2195 6142 6098)
4(2152 2151 6098 6099)
4(2150 2194 6141 6097)
4(2151 2150 6097 6098)
4(2149 2193 6140 6096)
4(2150 2149 6096 6097)
4(2148 2192 6139 6095)
4(2149 2148 6095 6096)
4(2147 2191 6138 6094)
4(2148 2147 6094 6095)
4(2146 2190 6137 6093)
4(2147 2146 6093 6094)
4(2145 2189 6136 6092)
4(2146 2145 6092 6093)
4(2144 2188 6135 6091)
4(2145 2144 6091 6092)
4(2143 2187 6134 6090)
4(2144 2143 6090 6091)
4(2142 2186 6133 6089)
4(2143 2142 6089 6090)
4(2268 2269 6216 6215)
4(2305 2306 6253 6252)
4(2268 2305 6252 6215)
4(2332 2333 6280 6279)
4(2305 2332 6279 6252)
4(2370 2371 6318 6317)
4(2332 2370 6317 6279)
4(2410 2411 6358 6357)
4(2370 2410 6357 6317)
4(2449 2450 6397 6396)
4(2410 2449 6396 6357)
4(2477 2478 6425 6424)
4(2449 2477 6424 6396)
4(2507 2508 6455 6454)
4(2477 2507 6454 6424)
4(2535 2536 6483 6482)
4(2507 2535 6482 6454)
4(2569 2570 6517 6516)
4(2535 2569 6516 6482)
4(2597 2598 6545 6544)
4(2569 2597 6544 6516)
4(2621 2622 6569 6568)
4(2597 2621 6568 6544)
4(2645 2646 6593 6592)
4(2621 2645 6592 6568)
4(2673 2674 6621 6620)
4(2645 2673 6620 6592)
4(2711 2712 6659 6658)
4(2673 2711 6658 6620)
4(2739 2740 6687 6686)
4(2711 2739 6686 6658)
4(2769 2770 6717 6716)
4(2739 2769 6716 6686)
4(2797 2798 6745 6744)
4(2769 2797 6744 6716)
4(2831 2832 6779 6778)
4(2797 2831 6778 6744)
4(2859 2860 6807 6806)
4(2831 2859 6806 6778)
4(2889 2890 6837 6836)
4(2859 2889 6836 6806)
4(2917 2918 6865 6864)
4(2889 2917 6864 6836)
4(2953 2954 6901 6900)
4(2917 2953 6900 6864)
4(2981 2982 6929 6928)
4(2953 2981 6928 6900)
4(3015 3016 6963 6962)
4(2981 3015 6962 6928)
4(3056 3057 7004 7003)
4(3015 3056 7003 6962)
4(3099 3100 7047 7046)
4(3056 3099 7046 7003)
4(3127 3128 7075 7074)
4(3099 3127 7074 7046)
4(3160 3161 7108 7107)
4(3127 3160 7107 7074)
4(3311 3274 7221 7258)
4(3312 3275 7222 7259)
4(3311 3312 7259 7258)
4(3313 3276 7223 7260)
4(3312 3313 7260 7259)
4(3314 3277 7224 7261)
4(3313 3314 7261 7260)
4(3315 3278 7225 7262)
4(3314 3315 7262 7261)
4(3316 3279 7226 7263)
4(3315 3316 7263 7262)
4(3317 3280 7227 7264)
4(3316 3317 7264 7263)
4(3318 3281 7228 7265)
4(3317 3318 7265 7264)
4(3319 3282 7229 7266)
4(3318 3319 7266 7265)
4(3320 3283 7230 7267)
4(3319 3320 7267 7266)
4(3321 3284 7231 7268)
4(3320 3321 7268 7267)
4(3322 3285 7232 7269)
4(3321 3322 7269 7268)
4(3323 3286 7233 7270)
4(3322 3323 7270 7269)
4(3324 3287 7234 7271)
4(3323 3324 7271 7270)
4(3325 3288 7235 7272)
4(3324 3325 7272 7271)
4(3326 3289 7236 7273)
4(3325 3326 7273 7272)
4(3327 3290 7237 7274)
4(3326 3327 7274 7273)
4(3328 3291 7238 7275)
4(3327 3328 7275 7274)
4(3329 3292 7239 7276)
4(3328 3329 7276 7275)
4(3330 3293 7240 7277)
4(3329 3330 7277 7276)
4(3331 3294 7241 7278)
4(3330 3331 7278 7277)
4(3332 3295 7242 7279)
4(3331 3332 7279 7278)
4(3333 3296 7243 7280)
4(3332 3333 7280 7279)
4(3334 3297 7244 7281)
4(3333 3334 7281 7280)
4(3335 3298 7245 7282)
4(3334 3335 7282 7281)
4(3336 3299 7246 7283)
4(3335 3336 7283 7282)
4(3337 3300 7247 7284)
4(3336 3337 7284 7283)
4(3338 3301 7248 7285)
4(3337 3338 7285 7284)
4(3339 3302 7249 7286)
4(3338 3339 7286 7285)
4(3165 3164 7111 7112)
4(3132 3131 7078 7079)
4(3165 3132 7079 7112)
4(3104 3103 7050 7051)
4(3132 3104 7051 7079)
4(3061 3060 7007 7008)
4(3104 3061 7008 7051)
4(3020 3019 6966 6967)
4(3061 3020 6967 7008)
4(2986 2985 6932 6933)
4(3020 2986 6933 6967)
4(2958 2957 6904 6905)
4(2986 2958 6905 6933)
4(2922 2921 6868 6869)
4(2958 2922 6869 6905)
4(2894 2893 6840 6841)
4(2922 2894 6841 6869)
4(2864 2863 6810 6811)
4(2894 2864 6811 6841)
4(2836 2835 6782 6783)
4(2864 2836 6783 6811)
4(2802 2801 6748 6749)
4(2836 2802 6749 6783)
4(2774 2773 6720 6721)
4(2802 2774 6721 6749)
4(2744 2743 6690 6691)
4(2774 2744 6691 6721)
4(2716 2715 6662 6663)
4(2744 2716 6663 6691)
4(2678 2677 6624 6625)
4(2716 2678 6625 6663)
4(2650 2649 6596 6597)
4(2678 2650 6597 6625)
4(2626 2625 6572 6573)
4(2650 2626 6573 6597)
4(2602 2601 6548 6549)
4(2626 2602 6549 6573)
4(2574 2573 6520 6521)
4(2602 2574 6521 6549)
4(2540 2539 6486 6487)
4(2574 2540 6487 6521)
4(2512 2511 6458 6459)
4(2540 2512 6459 6487)
4(2482 2481 6428 6429)
4(2512 2482 6429 6459)
4(2454 2453 6400 6401)
4(2482 2454 6401 6429)
4(2415 2414 6361 6362)
4(2454 2415 6362 6401)
4(2375 2374 6321 6322)
4(2415 2375 6322 6362)
4(2337 2336 6283 6284)
4(2375 2337 6284 6322)
4(2310 2309 6256 6257)
4(2337 2310 6257 6284)
4(2273 2272 6219 6220)
4(2310 2273 6220 6257)
4(2124 2171 6118 6071)
4(2120 2170 6117 6067)
4(2117 2169 6116 6064)
4(2114 2168 6115 6061)
4(2110 2167 6114 6057)
4(2107 2166 6113 6054)
4(2104 2165 6112 6051)
4(2100 2164 6111 6047)
4(2097 2163 6110 6044)
4(2094 2162 6109 6041)
4(2090 2161 6108 6037)
4(2087 2160 6107 6034)
4(2084 2159 6106 6031)
4(2080 2158 6105 6027)
4(2077 2157 6104 6024)
4(2074 2156 6103 6021)
4(2070 2155 6102 6017)
4(2067 2154 6101 6014)
4(2064 2153 6100 6011)
4(2060 2152 6099 6007)
4(2057 2151 6098 6004)
4(2054 2150 6097 6001)
4(2050 2149 6096 5997)
4(2047 2148 6095 5994)
4(2044 2147 6094 5991)
4(2040 2146 6093 5987)
4(2037 2145 6092 5984)
4(2034 2144 6091 5981)
4(2030 2143 6090 5977)
4(2304 2305 6252 6251)
4(2331 2332 6279 6278)
4(2304 2331 6278 6251)
4(2369 2370 6317 6316)
4(2331 2369 6316 6278)
4(2409 2410 6357 6356)
4(2369 2409 6356 6316)
4(2448 2449 6396 6395)
4(2409 2448 6395 6356)
4(2476 2477 6424 6423)
4(2448 2476 6423 6395)
4(2506 2507 6454 6453)
4(2476 2506 6453 6423)
4(2534 2535 6482 6481)
4(2506 2534 6481 6453)
4(2568 2569 6516 6515)
4(2534 2568 6515 6481)
4(2596 2597 6544 6543)
4(2568 2596 6543 6515)
4(2620 2621 6568 6567)
4(2596 2620 6567 6543)
4(2644 2645 6592 6591)
4(2620 2644 6591 6567)
4(2672 2673 6620 6619)
4(2644 2672 6619 6591)
4(2710 2711 6658 6657)
4(2672 2710 6657 6619)
4(2738 2739 6686 6685)
4(2710 2738 6685 6657)
4(2768 2769 6716 6715)
4(2738 2768 6715 6685)
4(2796 2797 6744 6743)
4(2768 2796 6743 6715)
4(2830 2831 6778 6777)
4(2796 2830 6777 6743)
4(2858 2859 6806 6805)
4(2830 2858 6805 6777)
4(2888 2889 6836 6835)
4(2858 2888 6835 6805)
4(2916 2917 6864 6863)
4(2888 2916 6863 6835)
4(2952 2953 6900 6899)
4(2916 2952 6899 6863)
4(2980 2981 6928 6927)
4(2952 2980 6927 6899)
4(3014 3015 6962 6961)
4(2980 3014 6961 6927)
4(3055 3056 7003 7002)
4(3014 3055 7002 6961)
4(3098 3099 7046 7045)
4(3055 3098 7045 7002)
4(3126 3127 7074 7073)
4(3098 3126 7073 7045)
4(3361 3312 7259 7308)
4(3362 3313 7260 7309)
4(3361 3362 7309 7308)
4(3363 3314 7261 7310)
4(3362 3363 7310 7309)
4(3364 3315 7262 7311)
4(3363 3364 7311 7310)
4(3365 3316 7263 7312)
4(3364 3365 7312 7311)
4(3366 3317 7264 7313)
4(3365 3366 7313 7312)
4(3367 3318 7265 7314)
4(3366 3367 7314 7313)
4(3368 3319 7266 7315)
4(3367 3368 7315 7314)
4(3369 3320 7267 7316)
4(3368 3369 7316 7315)
4(3370 3321 7268 7317)
4(3369 3370 7317 7316)
4(3371 3322 7269 7318)
4(3370 3371 7318 7317)
4(3372 3323 7270 7319)
4(3371 3372 7319 7318)
4(3373 3324 7271 7320)
4(3372 3373 7320 7319)
4(3374 3325 7272 7321)
4(3373 3374 7321 7320)
4(3375 3326 7273 7322)
4(3374 3375 7322 7321)
4(3376 3327 7274 7323)
4(3375 3376 7323 7322)
4(3377 3328 7275 7324)
4(3376 3377 7324 7323)
4(3378 3329 7276 7325)
4(3377 3378 7325 7324)
4(3379 3330 7277 7326)
4(3378 3379 7326 7325)
4(3380 3331 7278 7327)
4(3379 3380 7327 7326)
4(3381 3332 7279 7328)
4(3380 3381 7328 7327)
4(3382 3333 7280 7329)
4(3381 3382 7329 7328)
4(3383 3334 7281 7330)
4(3382 3383 7330 7329)
4(3384 3335 7282 7331)
4(3383 3384 7331 7330)
4(3385 3336 7283 7332)
4(3384 3385 7332 7331)
4(3386 3337 7284 7333)
4(3385 3386 7333 7332)
4(3387 3338 7285 7334)
4(3386 3387 7334 7333)
4(3133 3132 7079 7080)
4(3105 3104 7051 7052)
4(3133 3105 7052 7080)
4(3062 3061 7008 7009)
4(3105 3062 7009 7052)
4(3021 3020 6967 6968)
4(3062 3021 6968 7009)
4(2987 2986 6933 6934)
4(3021 2987 6934 6968)
4(2959 2958 6905 6906)
4(2987 2959 6906 6934)
4(2923 2922 6869 6870)
4(2959 2923 6870 6906)
4(2895 2894 6841 6842)
4(2923 2895 6842 6870)
4(2865 2864 6811 6812)
4(2895 2865 6812 6842)
4(2837 2836 6783 6784)
4(2865 2837 6784 6812)
4(2803 2802 6749 6750)
4(2837 2803 6750 6784)
4(2775 2774 6721 6722)
4(2803 2775 6722 6750)
4(2745 2744 6691 6692)
4(2775 2745 6692 6722)
4(2717 2716 6663 6664)
4(2745 2717 6664 6692)
4(2679 2678 6625 6626)
4(2717 2679 6626 6664)
4(2651 2650 6597 6598)
4(2679 2651 6598 6626)
4(2627 2626 6573 6574)
4(2651 2627 6574 6598)
4(2603 2602 6549 6550)
4(2627 2603 6550 6574)
4(2575 2574 6521 6522)
4(2603 2575 6522 6550)
4(2541 2540 6487 6488)
4(2575 2541 6488 6522)
4(2513 2512 6459 6460)
4(2541 2513 6460 6488)
4(2483 2482 6429 6430)
4(2513 2483 6430 6460)
4(2455 2454 6401 6402)
4(2483 2455 6402 6430)
4(2416 2415 6362 6363)
4(2455 2416 6363 6402)
4(2376 2375 6322 6323)
4(2416 2376 6323 6363)
4(2338 2337 6284 6285)
4(2376 2338 6285 6323)
4(2311 2310 6257 6258)
4(2338 2311 6258 6285)
4(2330 2331 6278 6277)
4(2368 2369 6316 6315)
4(2408 2409 6356 6355)
4(2447 2448 6395 6394)
4(2475 2476 6423 6422)
4(2505 2506 6453 6452)
4(2533 2534 6481 6480)
4(2567 2568 6515 6514)
4(2595 2596 6543 6542)
4(2619 2620 6567 6566)
4(2643 2644 6591 6590)
4(2671 2672 6619 6618)
4(2709 2710 6657 6656)
4(2737 2738 6685 6684)
4(2767 2768 6715 6714)
4(2795 2796 6743 6742)
4(2829 2830 6777 6776)
4(2857 2858 6805 6804)
4(2887 2888 6835 6834)
4(2915 2916 6863 6862)
4(2951 2952 6899 6898)
4(2979 2980 6927 6926)
4(3013 3014 6961 6960)
4(3054 3055 7002 7001)
4(3097 3098 7045 7044)
4(3429 3362 7309 7376)
4(3430 3363 7310 7377)
4(3431 3364 7311 7378)
4(3432 3365 7312 7379)
4(3433 3366 7313 7380)
4(3434 3367 7314 7381)
4(3435 3368 7315 7382)
4(3436 3369 7316 7383)
4(3437 3370 7317 7384)
4(3438 3371 7318 7385)
4(3439 3372 7319 7386)
4(3440 3373 7320 7387)
4(3441 3374 7321 7388)
4(3442 3375 7322 7389)
4(3443 3376 7323 7390)
4(3444 3377 7324 7391)
4(3445 3378 7325 7392)
4(3446 3379 7326 7393)
4(3447 3380 7327 7394)
4(3448 3381 7328 7395)
4(3449 3382 7329 7396)
4(3450 3383 7330 7397)
4(3451 3384 7331 7398)
4(3452 3385 7332 7399)
4(3453 3386 7333 7400)
4(3106 3105 7052 7053)
4(3063 3062 7009 7010)
4(3022 3021 6968 6969)
4(2988 2987 6934 6935)
4(2960 2959 6906 6907)
4(2924 2923 6870 6871)
4(2896 2895 6842 6843)
4(2866 2865 6812 6813)
4(2838 2837 6784 6785)
4(2804 2803 6750 6751)
4(2776 2775 6722 6723)
4(2746 2745 6692 6693)
4(2718 2717 6664 6665)
4(2680 2679 6626 6627)
4(2652 2651 6598 6599)
4(2628 2627 6574 6575)
4(2604 2603 6550 6551)
4(2576 2575 6522 6523)
4(2542 2541 6488 6489)
4(2514 2513 6460 6461)
4(2484 2483 6430 6431)
4(2456 2455 6402 6403)
4(2417 2416 6363 6364)
4(2377 2376 6323 6324)
4(2339 2338 6285 6286)
4(686 687 4634 4633)
4(754 686 4633 4701)
4(687 688 4635 4634)
4(688 689 4636 4635)
4(689 690 4637 4636)
4(690 691 4638 4637)
4(691 692 4639 4638)
4(692 693 4640 4639)
4(693 694 4641 4640)
4(694 695 4642 4641)
4(695 696 4643 4642)
4(696 697 4644 4643)
4(697 698 4645 4644)
4(698 699 4646 4645)
4(699 700 4647 4646)
4(700 701 4648 4647)
4(701 702 4649 4648)
4(702 703 4650 4649)
4(703 704 4651 4650)
4(704 705 4652 4651)
4(705 706 4653 4652)
4(706 707 4654 4653)
4(707 708 4655 4654)
4(708 709 4656 4655)
4(709 710 4657 4656)
4(710 711 4658 4657)
4(711 712 4659 4658)
4(712 713 4660 4659)
4(713 714 4661 4660)
4(714 715 4662 4661)
4(715 716 4663 4662)
4(716 717 4664 4663)
4(717 718 4665 4664)
4(718 755 4702 4665)
4(783 754 4701 4730)
4(755 784 4731 4702)
4(816 783 4730 4763)
4(784 817 4764 4731)
4(844 816 4763 4791)
4(817 845 4792 4764)
4(887 844 4791 4834)
4(845 888 4835 4792)
4(928 887 4834 4875)
4(888 929 4876 4835)
4(962 928 4875 4909)
4(929 963 4910 4876)
4(990 962 4909 4937)
4(963 991 4938 4910)
4(1026 990 4937 4973)
4(991 1027 4974 4938)
4(1054 1026 4973 5001)
4(1027 1055 5002 4974)
4(1084 1054 5001 5031)
4(1055 1085 5032 5002)
4(1112 1084 5031 5059)
4(1085 1113 5060 5032)
4(1146 1112 5059 5093)
4(1113 1147 5094 5060)
4(1174 1146 5093 5121)
4(1147 1175 5122 5094)
4(1204 1174 5121 5151)
4(1175 1205 5152 5122)
4(1232 1204 5151 5179)
4(1205 1233 5180 5152)
4(1270 1232 5179 5217)
4(1233 1271 5218 5180)
4(1298 1270 5217 5245)
4(1271 1299 5246 5218)
4(1322 1298 5245 5269)
4(1299 1323 5270 5246)
4(1346 1322 5269 5293)
4(1323 1347 5294 5270)
4(1374 1346 5293 5321)
4(1347 1375 5322 5294)
4(1408 1374 5321 5355)
4(1375 1409 5356 5322)
4(1436 1408 5355 5383)
4(1409 1437 5384 5356)
4(1466 1436 5383 5413)
4(1437 1467 5414 5384)
4(1494 1466 5413 5441)
4(1467 1495 5442 5414)
4(1533 1494 5441 5480)
4(1495 1534 5481 5442)
4(1573 1533 5480 5520)
4(1534 1574 5521 5481)
4(1611 1573 5520 5558)
4(1574 1612 5559 5521)
4(1638 1611 5558 5585)
4(1612 1639 5586 5559)
4(1675 1638 5585 5622)
4(1639 1676 5623 5586)
4(1704 1675 5622 5651)
4(1676 1705 5652 5623)
4(1729 1704 5651 5676)
4(1705 1761 5708 5652)
4(1730 1729 5676 5677)
4(1731 1730 5677 5678)
4(1732 1731 5678 5679)
4(1733 1732 5679 5680)
4(1734 1733 5680 5681)
4(1735 1734 5681 5682)
4(1736 1735 5682 5683)
4(1737 1736 5683 5684)
4(1738 1737 5684 5685)
4(1739 1738 5685 5686)
4(1740 1739 5686 5687)
4(1741 1740 5687 5688)
4(1742 1741 5688 5689)
4(1743 1742 5689 5690)
4(1744 1743 5690 5691)
4(1745 1744 5691 5692)
4(1746 1745 5692 5693)
4(1747 1746 5693 5694)
4(1748 1747 5694 5695)
4(1749 1748 5695 5696)
4(1750 1749 5696 5697)
4(1751 1750 5697 5698)
4(1752 1751 5698 5699)
4(1753 1752 5699 5700)
4(1754 1753 5700 5701)
4(1755 1754 5701 5702)
4(1756 1755 5702 5703)
4(1757 1756 5703 5704)
4(1758 1757 5704 5705)
4(1759 1758 5705 5706)
4(1760 1759 5706 5707)
4(1761 1760 5707 5708)
4(2185 2186 6133 6132)
4(2241 2185 6132 6188)
4(2186 2187 6134 6133)
4(2187 2188 6135 6134)
4(2188 2189 6136 6135)
4(2189 2190 6137 6136)
4(2190 2191 6138 6137)
4(2191 2192 6139 6138)
4(2192 2193 6140 6139)
4(2193 2194 6141 6140)
4(2194 2195 6142 6141)
4(2195 2196 6143 6142)
4(2196 2197 6144 6143)
4(2197 2198 6145 6144)
4(2198 2199 6146 6145)
4(2199 2200 6147 6146)
4(2200 2201 6148 6147)
4(2201 2202 6149 6148)
4(2202 2203 6150 6149)
4(2203 2204 6151 6150)
4(2204 2205 6152 6151)
4(2205 2206 6153 6152)
4(2206 2207 6154 6153)
4(2207 2208 6155 6154)
4(2208 2209 6156 6155)
4(2209 2210 6157 6156)
4(2210 2211 6158 6157)
4(2211 2212 6159 6158)
4(2212 2213 6160 6159)
4(2213 2214 6161 6160)
4(2214 2215 6162 6161)
4(2215 2216 6163 6162)
4(2216 2217 6164 6163)
4(2217 2242 6189 6164)
4(2270 2241 6188 6217)
4(2242 2271 6218 6189)
4(2307 2270 6217 6254)
4(2271 2308 6255 6218)
4(2334 2307 6254 6281)
4(2308 2335 6282 6255)
4(2372 2334 6281 6319)
4(2335 2373 6320 6282)
4(2412 2372 6319 6359)
4(2373 2413 6360 6320)
4(2451 2412 6359 6398)
4(2413 2452 6399 6360)
4(2479 2451 6398 6426)
4(2452 2480 6427 6399)
4(2509 2479 6426 6456)
4(2480 2510 6457 6427)
4(2537 2509 6456 6484)
4(2510 2538 6485 6457)
4(2571 2537 6484 6518)
4(2538 2572 6519 6485)
4(2599 2571 6518 6546)
4(2572 2600 6547 6519)
4(2623 2599 6546 6570)
4(2600 2624 6571 6547)
4(2647 2623 6570 6594)
4(2624 2648 6595 6571)
4(2675 2647 6594 6622)
4(2648 2676 6623 6595)
4(2713 2675 6622 6660)
4(2676 2714 6661 6623)
4(2741 2713 6660 6688)
4(2714 2742 6689 6661)
4(2771 2741 6688 6718)
4(2742 2772 6719 6689)
4(2799 2771 6718 6746)
4(2772 2800 6747 6719)
4(2833 2799 6746 6780)
4(2800 2834 6781 6747)
4(2861 2833 6780 6808)
4(2834 2862 6809 6781)
4(2891 2861 6808 6838)
4(2862 2892 6839 6809)
4(2919 2891 6838 6866)
4(2892 2920 6867 6839)
4(2955 2919 6866 6902)
4(2920 2956 6903 6867)
4(2983 2955 6902 6930)
4(2956 2984 6931 6903)
4(3017 2983 6930 6964)
4(2984 3018 6965 6931)
4(3058 3017 6964 7005)
4(3018 3059 7006 6965)
4(3101 3058 7005 7048)
4(3059 3102 7049 7006)
4(3129 3101 7048 7076)
4(3102 3130 7077 7049)
4(3162 3129 7076 7109)
4(3130 3163 7110 7077)
4(3191 3162 7109 7138)
4(3163 3192 7139 7110)
4(3228 3191 7138 7175)
4(3192 3260 7207 7139)
4(3229 3228 7175 7176)
4(3230 3229 7176 7177)
4(3231 3230 7177 7178)
4(3232 3231 7178 7179)
4(3233 3232 7179 7180)
4(3234 3233 7180 7181)
4(3235 3234 7181 7182)
4(3236 3235 7182 7183)
4(3237 3236 7183 7184)
4(3238 3237 7184 7185)
4(3239 3238 7185 7186)
4(3240 3239 7186 7187)
4(3241 3240 7187 7188)
4(3242 3241 7188 7189)
4(3243 3242 7189 7190)
4(3244 3243 7190 7191)
4(3245 3244 7191 7192)
4(3246 3245 7192 7193)
4(3247 3246 7193 7194)
4(3248 3247 7194 7195)
4(3249 3248 7195 7196)
4(3250 3249 7196 7197)
4(3251 3250 7197 7198)
4(3252 3251 7198 7199)
4(3253 3252 7199 7200)
4(3254 3253 7200 7201)
4(3255 3254 7201 7202)
4(3256 3255 7202 7203)
4(3257 3256 7203 7204)
4(3258 3257 7204 7205)
4(3259 3258 7205 7206)
4(3260 3259 7206 7207)
4(1 0 3947 3948)
4(2 1 3948 3949)
4(3 2 3949 3950)
4(4 3 3950 3951)
4(5 4 3951 3952)
4(6 5 3952 3953)
4(7 6 3953 3954)
4(8 7 3954 3955)
4(9 8 3955 3956)
4(10 9 3956 3957)
4(11 10 3957 3958)
4(12 11 3958 3959)
4(3934 3935 7882 7881)
4(3935 3936 7883 7882)
4(3936 3937 7884 7883)
4(3937 3938 7885 7884)
4(3938 3939 7886 7885)
4(3939 3940 7887 7886)
4(3940 3941 7888 7887)
4(3941 3942 7889 7888)
4(3942 3943 7890 7889)
4(3943 3944 7891 7890)
4(3944 3945 7892 7891)
4(3945 3946 7893 7892)
4(0 22 3969 3947)
4(22 723 4670 3969)
4(723 1245 5192 4670)
4(1245 1920 5867 5192)
4(1920 2684 6631 5867)
4(2684 3196 7143 6631)
4(3196 3904 7851 7143)
4(3904 3934 7881 7851)
4(42 12 3959 3989)
4(750 42 3989 4697)
4(1262 750 4697 5209)
4(2026 1262 5209 5973)
4(2701 2026 5973 6648)
4(3223 2701 6648 7170)
4(3924 3223 7170 7871)
4(3946 3924 7871 7893)
4(1 23 22 0)
4(3947 3969 3970 3948)
5(23 81 724 723 22)
5(3969 4670 4671 4028 3970)
6(2 13 25 24 23 1)
6(3948 3970 3971 3972 3960 3949)
5(724 1003 1246 1245 723)
5(4670 5192 5193 4950 4671)
5(1246 1503 1921 1920 1245)
5(5192 5867 5868 5450 5193)
4(24 82 81 23)
4(3970 4028 4029 3971)
4(82 725 724 81)
4(4028 4671 4672 4029)
4(25 83 82 24)
4(3971 4029 4030 3972)
6(83 372 727 726 725 82)
6(4029 4672 4673 4674 4319 4030)
5(1921 2428 2685 2684 1920)
5(5867 6631 6632 6375 5868)
5(2685 2928 3197 3196 2684)
5(6631 7143 7144 6875 6632)
5(3197 3819 3905 3904 3196)
5(7143 7851 7852 7766 7144)
4(3905 3935 3934 3904)
4(7851 7881 7882 7852)
6(3906 3907 3925 3936 3935 3905)
6(7852 7882 7883 7872 7854 7853)
5(725 857 1004 1003 724)
5(4671 4950 4951 4804 4672)
5(1004 1125 1247 1246 1003)
5(4950 5193 5194 5072 4951)
5(1247 1383 1504 1503 1246)
5(5193 5450 5451 5330 5194)
5(1504 1645 1922 1921 1503)
5(5450 5868 5869 5592 5451)
4(3 14 13 2)
4(3949 3960 3961 3950)
4(14 26 25 13)
4(3960 3972 3973 3961)
4(4 15 14 3)
4(3950 3961 3962 3951)
5(15 28 27 26 14)
5(3961 3973 3974 3975 3962)
6(26 43 85 84 83 25)
6(3972 4030 4031 4032 3990 3973)
6(11 41 40 39 21 10)
6(3957 3968 3986 3987 3988 3958)
4(5 16 15 4)
4(3951 3962 3963 3952)
5(16 30 29 28 15)
5(3962 3975 3976 3977 3963)
4(12 42 41 11)
4(3958 3988 3989 3959)
4(6 17 16 5)
4(3952 3963 3964 3953)
5(42 750 749 127 41)
5(3988 4074 4696 4697 3989)
5(17 32 31 30 16)
5(3963 3977 3978 3979 3964)
5(750 1262 1261 1018 749)
5(4696 4965 5208 5209 4697)
5(1262 2026 2025 1518 1261)
5(5208 5465 5972 5973 5209)
5(2026 2701 2700 2443 2025)
5(5972 6390 6647 6648 5973)
5(2701 3223 3222 2943 2700)
5(6647 6890 7169 7170 6648)
6(3922 3923 3945 3944 3933 3921)
6(7868 7880 7891 7892 7870 7869)
5(3223 3924 3923 3865 3222)
5(7169 7812 7870 7871 7170)
4(3924 3946 3945 3923)
4(7870 7892 7893 7871)
5(1922 2282 2429 2428 1921)
5(5868 6375 6376 6229 5869)
5(2429 2550 2686 2685 2428)
5(6375 6632 6633 6497 6376)
5(2686 2808 2929 2928 2685)
5(6632 6875 6876 6755 6633)
5(2929 3068 3198 3197 2928)
5(6875 7144 7145 7015 6876)
4(3198 3820 3819 3197)
4(7144 7766 7767 7145)
4(3820 3906 3905 3819)
4(7766 7852 7853 7767)
6(3199 3200 3545 3821 3820 3198)
6(7145 7767 7768 7492 7147 7146)
4(3821 3907 3906 3820)
4(7767 7853 7854 7768)
4(726 858 857 725)
4(4672 4804 4805 4673)
4(858 1005 1004 857)
4(4804 4951 4952 4805)
5(727 795 859 858 726)
5(4673 4805 4806 4742 4674)
5(859 945 1006 1005 858)
5(4805 4952 4953 4892 4806)
4(1005 1126 1125 1004)
4(4951 5072 5073 4952)
4(1126 1248 1247 1125)
4(5072 5194 5195 5073)
5(1006 1067 1127 1126 1005)
5(4952 5073 5074 5014 4953)
5(1127 1187 1249 1248 1126)
5(5073 5195 5196 5134 5074)
6(3822 3823 3883 3908 3907 3821)
6(7768 7854 7855 7830 7770 7769)
4(3908 3926 3925 3907)
4(7854 7872 7873 7855)
4(3926 3937 3936 3925)
4(7872 7883 7884 7873)
5(3909 3910 3927 3926 3908)
5(7855 7873 7874 7857 7856)
4(3927 3938 3937 3926)
4(7873 7884 7885 7874)
4(1248 1384 1383 1247)
4(5194 5330 5331 5195)
4(1384 1505 1504 1383)
4(5330 5451 5452 5331)
5(1249 1311 1385 1384 1248)
5(5195 5331 5332 5258 5196)
5(1385 1445 1506 1505 1384)
5(5331 5452 5453 5392 5332)
5(3911 3912 3928 3927 3910)
5(7857 7874 7875 7859 7858)
4(1505 1646 1645 1504)
4(5451 5592 5593 5452)
4(3928 3939 3938 3927)
4(7874 7885 7886 7875)
4(1646 1923 1922 1645)
4(5592 5869 5870 5593)
5(3913 3914 3929 3928 3912)
5(7859 7875 7876 7861 7860)
5(1506 1583 1647 1646 1505)
5(5452 5593 5594 5530 5453)
4(3929 3940 3939 3928)
4(7875 7886 7887 7876)
4(1647 1924 1923 1646)
4(5593 5870 5871 5594)
4(7 18 17 6)
4(3953 3964 3965 3954)
5(18 34 33 32 17)
5(3964 3979 3980 3981 3965)
4(8 19 18 7)
4(3954 3965 3966 3955)
5(19 36 35 34 18)
5(3965 3981 3982 3983 3966)
4(9 20 19 8)
4(3955 3966 3967 3956)
5(20 38 37 36 19)
5(3966 3983 3984 3985 3967)
4(10 21 20 9)
4(3956 3967 3968 3957)
4(21 39 38 20)
4(3967 3985 3986 3968)
6(39 125 124 123 63 38)
6(3985 4010 4070 4071 4072 3986)
4(84 373 372 83)
4(4030 4319 4320 4031)
6(373 527 729 728 727 372)
6(4319 4674 4675 4676 4474 4320)
6(85 157 375 374 373 84)
6(4031 4320 4321 4322 4104 4032)
4(27 44 43 26)
4(3973 3990 3991 3974)
5(44 87 86 85 43)
5(3990 4032 4033 4034 3991)
4(28 45 44 27)
4(3974 3991 3992 3975)
6(45 64 89 88 87 44)
6(3991 4034 4035 4036 4011 3992)
4(40 126 125 39)
4(3986 4072 4073 3987)
6(126 748 747 746 401 125)
6(4072 4348 4693 4694 4695 4073)
4(41 127 126 40)
4(3987 4073 4074 3988)
4(127 749 748 126)
4(4073 4695 4696 4074)
5(29 47 46 45 28)
5(3975 3992 3993 3994 3976)
5(749 1018 1017 878 748)
5(4695 4825 4964 4965 4696)
5(30 49 48 47 29)
5(3976 3994 3995 3996 3977)
5(1018 1261 1260 1138 1017)
5(4964 5085 5207 5208 4965)
5(1261 1518 1517 1396 1260)
5(5207 5343 5464 5465 5208)
5(1518 2025 2024 1664 1517)
5(5464 5611 5971 5972 5465)
5(31 51 50 49 30)
5(3977 3996 3997 3998 3978)
5(32 53 52 51 31)
5(3978 3998 3999 4000 3979)
5(3915 3916 3930 3929 3914)
5(7861 7876 7877 7863 7862)
4(3930 3941 3940 3929)
4(7876 7887 7888 7877)
6(1648 1649 1709 1925 1924 1647)
6(5594 5871 5872 5656 5596 5595)
5(3917 3918 3931 3930 3916)
5(7863 7877 7878 7865 7864)
4(3931 3942 3941 3930)
4(7877 7888 7889 7878)
6(3862 3863 3921 3920 3903 3861)
6(7808 7850 7867 7868 7810 7809)
5(3919 3920 3932 3931 3918)
5(7865 7878 7879 7867 7866)
4(3932 3943 3942 3931)
4(7878 7889 7890 7879)
4(3921 3933 3932 3920)
4(7867 7879 7880 7868)
4(3933 3944 3943 3932)
4(7879 7890 7891 7880)
5(2025 2443 2442 2301 2024)
5(5971 6248 6389 6390 5972)
5(2443 2700 2699 2563 2442)
5(6389 6510 6646 6647 6390)
5(2700 2943 2942 2821 2699)
5(6646 6768 6889 6890 6647)
5(2943 3222 3221 3089 2942)
5(6889 7036 7168 7169 6890)
6(3220 3221 3864 3863 3574 3219)
6(7166 7521 7810 7811 7168 7167)
4(3864 3922 3921 3863)
4(7810 7868 7869 7811)
4(3222 3865 3864 3221)
4(7168 7811 7812 7169)
4(3865 3923 3922 3864)
4(7811 7869 7870 7812)
4(1923 2283 2282 1922)
4(5869 6229 6230 5870)
4(2283 2430 2429 2282)
4(6229 6376 6377 6230)
4(1924 2284 2283 1923)
4(5870 6230 6231 5871)
5(2284 2346 2431 2430 2283)
5(6230 6377 6378 6293 6231)
4(2430 2551 2550 2429)
4(6376 6497 6498 6377)
4(2551 2687 2686 2550)
4(6497 6633 6634 6498)
5(2431 2492 2552 2551 2430)
5(6377 6498 6499 6439 6378)
5(2552 2612 2688 2687 2551)
5(6498 6634 6635 6559 6499)
4(2687 2809 2808 2686)
4(6633 6755 6756 6634)
4(2809 2930 2929 2808)
4(6755 6876 6877 6756)
5(2688 2750 2810 2809 2687)
5(6634 6756 6757 6697 6635)
5(2810 2870 2931 2930 2809)
5(6756 6877 6878 6817 6757)
4(2930 3069 3068 2929)
4(6876 7015 7016 6877)
4(3069 3199 3198 3068)
4(7015 7145 7146 7016)
5(2931 2992 3070 3069 2930)
5(6877 7016 7017 6939 6878)
5(3070 3136 3200 3199 3069)
5(7016 7146 7147 7083 7017)
6(1925 2222 2286 2285 2284 1924)
6(5871 6231 6232 6233 6169 5872)
6(3201 3202 3392 3546 3545 3200)
6(7147 7492 7493 7339 7149 7148)
4(3546 3822 3821 3545)
4(7492 7768 7769 7493)
6(3547 3548 3719 3823 3822 3546)
6(7493 7769 7770 7666 7495 7494)
5(3824 3825 3884 3883 3823)
5(7770 7830 7831 7772 7771)
4(3884 3909 3908 3883)
4(7830 7855 7856 7831)
6(3826 3827 3866 3885 3884 3825)
6(7772 7831 7832 7813 7774 7773)
4(3885 3910 3909 3884)
4(7831 7856 7857 7832)
5(3886 3887 3911 3910 3885)
5(7832 7857 7858 7834 7833)
5(3888 3889 3912 3911 3887)
5(7834 7858 7859 7836 7835)
5(3890 3891 3913 3912 3889)
5(7836 7859 7860 7838 7837)
5(3892 3893 3914 3913 3891)
5(7838 7860 7861 7840 7839)
5(33 55 54 53 32)
5(3979 4000 4001 4002 3980)
5(34 57 56 55 33)
5(3980 4002 4003 4004 3981)
5(35 59 58 57 34)
5(3981 4004 4005 4006 3982)
5(36 61 60 59 35)
5(3982 4006 4007 4008 3983)
4(37 62 61 36)
4(3983 4008 4009 3984)
6(62 121 120 119 80 61)
6(4008 4027 4066 4067 4068 4009)
4(38 63 62 37)
4(3984 4009 4010 3985)
5(63 123 122 121 62)
5(4009 4068 4069 4070 4010)
6(124 400 399 398 227 123)
6(4070 4174 4345 4346 4347 4071)
4(125 401 400 124)
4(4071 4347 4348 4072)
6(401 746 745 744 554 400)
6(4347 4501 4691 4692 4693 4348)
4(374 528 527 373)
4(4320 4474 4475 4321)
4(528 730 729 527)
4(4474 4676 4677 4475)
4(375 529 528 374)
4(4321 4475 4476 4322)
6(529 678 732 731 730 528)
6(4475 4677 4678 4679 4625 4476)
4(86 158 157 85)
4(4032 4104 4105 4033)
4(158 376 375 157)
4(4104 4322 4323 4105)
4(87 159 158 86)
4(4033 4105 4106 4034)
5(159 378 377 376 158)
5(4105 4323 4324 4325 4106)
6(376 472 531 530 529 375)
6(4322 4476 4477 4478 4419 4323)
4(88 160 159 87)
4(4034 4106 4107 4035)
6(160 352 380 379 378 159)
6(4106 4325 4326 4327 4299 4107)
5(89 162 161 160 88)
5(4035 4107 4108 4109 4036)
6(1661 1662 2022 2021 1724 1660)
6(5607 5671 5968 5969 5609 5608)
5(747 877 876 810 746)
5(4693 4757 4823 4824 4694)
5(877 1016 1015 954 876)
5(4823 4901 4962 4963 4824)
4(748 878 877 747)
4(4694 4824 4825 4695)
4(878 1017 1016 877)
4(4824 4963 4964 4825)
5(1016 1137 1136 1076 1015)
5(4962 5023 5083 5084 4963)
4(46 65 64 45)
4(3992 4011 4012 3993)
5(1137 1259 1258 1196 1136)
5(5083 5143 5205 5206 5084)
4(65 90 89 64)
4(4011 4036 4037 4012)
4(1017 1138 1137 1016)
4(4963 5084 5085 4964)
4(47 66 65 46)
4(3993 4012 4013 3994)
4(1138 1260 1259 1137)
4(5084 5206 5207 5085)
5(66 92 91 90 65)
5(4012 4037 4038 4039 4013)
4(48 67 66 47)
4(3994 4013 4014 3995)
5(67 94 93 92 66)
5(4013 4039 4040 4041 4014)
4(49 68 67 48)
4(3995 4014 4015 3996)
5(68 96 95 94 67)
5(4014 4041 4042 4043 4015)
5(1259 1395 1394 1334 1258)
5(5205 5281 5341 5342 5206)
6(90 128 164 163 162 89)
6(4036 4109 4110 4111 4075 4037)
5(1395 1516 1515 1454 1394)
5(5341 5401 5462 5463 5342)
4(1260 1396 1395 1259)
4(5206 5342 5343 5207)
4(1396 1517 1516 1395)
4(5342 5463 5464 5343)
5(1516 1663 1662 1600 1515)
5(5462 5547 5609 5610 5463)
4(1663 2023 2022 1662)
4(5609 5969 5970 5610)
4(1517 1664 1663 1516)
4(5463 5610 5611 5464)
4(1664 2024 2023 1663)
4(5610 5970 5971 5611)
4(50 69 68 49)
4(3996 4015 4016 3997)
5(69 98 97 96 68)
5(4015 4043 4044 4045 4016)
4(51 70 69 50)
4(3997 4016 4017 3998)
5(70 100 99 98 69)
5(4016 4045 4046 4047 4017)
4(52 71 70 51)
4(3998 4017 4018 3999)
5(71 102 101 100 70)
5(4017 4047 4048 4049 4018)
4(53 72 71 52)
4(3999 4018 4019 4000)
5(72 104 103 102 71)
5(4018 4049 4050 4051 4019)
4(728 796 795 727)
4(4674 4742 4743 4675)
4(796 860 859 795)
4(4742 4806 4807 4743)
4(729 797 796 728)
4(4675 4743 4744 4676)
5(797 862 861 860 796)
5(4743 4807 4808 4809 4744)
5(860 901 946 945 859)
5(4806 4892 4893 4848 4807)
5(946 975 1007 1006 945)
5(4892 4953 4954 4922 4893)
5(730 765 798 797 729)
5(4676 4744 4745 4712 4677)
6(798 827 864 863 862 797)
6(4744 4809 4810 4811 4774 4745)
5(1007 1039 1068 1067 1006)
5(4953 5014 5015 4986 4954)
5(1068 1097 1128 1127 1067)
5(5014 5074 5075 5044 5015)
5(1128 1159 1188 1187 1127)
5(5074 5134 5135 5106 5075)
5(1188 1217 1250 1249 1187)
5(5134 5196 5197 5164 5135)
6(2022 2299 2298 2297 2237 2021)
6(5968 6184 6244 6245 6246 5969)
5(1250 1283 1312 1311 1249)
5(5196 5258 5259 5230 5197)
5(1312 1355 1386 1385 1311)
5(5258 5332 5333 5302 5259)
5(1386 1417 1446 1445 1385)
5(5332 5392 5393 5364 5333)
5(3894 3895 3915 3914 3893)
5(7840 7861 7862 7842 7841)
5(1446 1475 1507 1506 1445)
5(5392 5453 5454 5422 5393)
5(3896 3897 3916 3915 3895)
5(7842 7862 7863 7844 7843)
5(3898 3899 3917 3916 3897)
5(7844 7863 7864 7846 7845)
5(3900 3901 3918 3917 3899)
5(7846 7864 7865 7848 7847)
5(1507 1545 1584 1583 1506)
5(5453 5530 5531 5492 5454)
4(1584 1648 1647 1583)
4(5530 5594 5595 5531)
5(1585 1586 1649 1648 1584)
5(5531 5595 5596 5533 5532)
6(1587 1588 1619 1650 1649 1586)
6(5533 5596 5597 5566 5535 5534)
5(1650 1681 1710 1709 1649)
5(5596 5656 5657 5628 5597)
4(1710 1926 1925 1709)
4(5656 5872 5873 5657)
6(1711 1712 1762 1927 1926 1710)
6(5657 5873 5874 5709 5659 5658)
6(3858 3859 3902 3901 3882 3857)
6(7804 7829 7848 7849 7806 7805)
4(3902 3919 3918 3901)
4(7848 7865 7866 7849)
5(3860 3861 3903 3902 3859)
5(7806 7849 7850 7808 7807)
4(3903 3920 3919 3902)
4(7849 7866 7867 7850)
6(3572 3573 3862 3861 3789 3571)
6(7518 7736 7808 7809 7520 7519)
6(3218 3219 3574 3573 3419 3217)
6(7164 7366 7520 7521 7166 7165)
4(3574 3863 3862 3573)
4(7520 7809 7810 7521)
4(2023 2300 2299 2022)
4(5969 6246 6247 5970)
5(2300 2441 2440 2363 2299)
5(6246 6310 6387 6388 6247)
4(2024 2301 2300 2023)
4(5970 6247 6248 5971)
4(2301 2442 2441 2300)
4(6247 6388 6389 6248)
5(2441 2562 2561 2501 2440)
5(6387 6448 6508 6509 6388)
5(2562 2698 2697 2635 2561)
5(6508 6582 6644 6645 6509)
4(2442 2563 2562 2441)
4(6388 6509 6510 6389)
4(2563 2699 2698 2562)
4(6509 6645 6646 6510)
5(2698 2820 2819 2759 2697)
5(6644 6706 6766 6767 6645)
5(2820 2941 2940 2879 2819)
5(6766 6826 6887 6888 6767)
4(2699 2821 2820 2698)
4(6645 6767 6768 6646)
4(2821 2942 2941 2820)
4(6767 6888 6889 6768)
5(2941 3088 3087 3001 2940)
5(6887 6948 7034 7035 6888)
5(3088 3220 3219 3151 3087)
5(7034 7098 7166 7167 7035)
4(2942 3089 3088 2941)
4(6888 7035 7036 6889)
4(3089 3221 3220 3088)
4(7035 7167 7168 7036)
4(2285 2347 2346 2284)
4(6231 6293 6294 6232)
5(2347 2386 2432 2431 2346)
5(6293 6378 6379 6333 6294)
5(2286 2349 2348 2347 2285)
5(6232 6294 6295 6296 6233)
4(1926 2223 2222 1925)
4(5872 6169 6170 5873)
5(2223 2252 2287 2286 2222)
5(6169 6233 6234 6199 6170)
6(1927 2177 2225 2224 2223 1926)
6(5873 6170 6171 6172 6124 5874)
6(2287 2318 2351 2350 2349 2286)
6(6233 6296 6297 6298 6265 6234)
5(2432 2464 2493 2492 2431)
5(6378 6439 6440 6411 6379)
5(2493 2522 2553 2552 2492)
5(6439 6499 6500 6469 6440)
5(2553 2584 2613 2612 2552)
5(6499 6559 6560 6531 6500)
5(2613 2656 2689 2688 2612)
5(6559 6635 6636 6603 6560)
5(2689 2722 2751 2750 2688)
5(6635 6697 6698 6669 6636)
5(2751 2780 2811 2810 2750)
5(6697 6757 6758 6727 6698)
5(2811 2842 2871 2870 2810)
5(6757 6817 6818 6789 6758)
5(2871 2900 2932 2931 2870)
5(6817 6878 6879 6847 6818)
5(2932 2964 2993 2992 2931)
5(6878 6939 6940 6911 6879)
5(2993 3030 3071 3070 2992)
5(6939 7017 7018 6977 6940)
4(3071 3137 3136 3070)
4(7017 7083 7084 7018)
4(3137 3201 3200 3136)
4(7083 7147 7148 7084)
5(3072 3073 3138 3137 3071)
5(7018 7084 7085 7020 7019)
4(3138 3202 3201 3137)
4(7084 7148 7149 7085)
6(3074 3075 3110 3139 3138 3073)
6(7020 7085 7086 7057 7022 7021)
5(3139 3168 3203 3202 3138)
5(7085 7149 7150 7115 7086)
4(3203 3393 3392 3202)
4(7149 7339 7340 7150)
4(3393 3547 3546 3392)
4(7339 7493 7494 7340)
6(3204 3205 3261 3394 3393 3203)
6(7150 7340 7341 7208 7152 7151)
4(3394 3548 3547 3393)
4(7340 7494 7495 7341)
6(3395 3396 3457 3549 3548 3394)
6(7341 7495 7496 7404 7343 7342)
4(3549 3720 3719 3548)
4(7495 7666 7667 7496)
4(3720 3824 3823 3719)
4(7666 7770 7771 7667)
5(3550 3551 3721 3720 3549)
5(7496 7667 7668 7498 7497)
4(3721 3825 3824 3720)
4(7667 7771 7772 7668)
6(3552 3553 3581 3722 3721 3551)
6(7498 7668 7669 7528 7500 7499)
4(3722 3826 3825 3721)
4(7668 7772 7773 7669)
5(3723 3724 3827 3826 3722)
5(7669 7773 7774 7671 7670)
6(3725 3726 3790 3828 3827 3724)
6(7671 7774 7775 7737 7673 7672)
4(3828 3867 3866 3827)
4(7774 7813 7814 7775)
4(3867 3886 3885 3866)
4(7813 7832 7833 7814)
5(3829 3830 3868 3867 3828)
5(7775 7814 7815 7777 7776)
4(3868 3887 3886 3867)
4(7814 7833 7834 7815)
5(3831 3832 3869 3868 3830)
5(7777 7815 7816 7779 7778)
4(3869 3888 3887 3868)
4(7815 7834 7835 7816)
5(3833 3834 3870 3869 3832)
5(7779 7816 7817 7781 7780)
4(3870 3889 3888 3869)
4(7816 7835 7836 7817)
5(3835 3836 3871 3870 3834)
5(7781 7817 7818 7783 7782)
4(3871 3890 3889 3870)
4(7817 7836 7837 7818)
5(3837 3838 3872 3871 3836)
5(7783 7818 7819 7785 7784)
4(3872 3891 3890 3871)
4(7818 7837 7838 7819)
5(3839 3840 3873 3872 3838)
5(7785 7819 7820 7787 7786)
4(3873 3892 3891 3872)
4(7819 7838 7839 7820)
5(3841 3842 3874 3873 3840)
5(7787 7820 7821 7789 7788)
4(3874 3893 3892 3873)
4(7820 7839 7840 7821)
4(54 73 72 53)
4(4000 4019 4020 4001)
5(73 106 105 104 72)
5(4019 4051 4052 4053 4020)
4(55 74 73 54)
4(4001 4020 4021 4002)
5(74 108 107 106 73)
5(4020 4053 4054 4055 4021)
4(56 75 74 55)
4(4002 4021 4022 4003)
5(75 110 109 108 74)
5(4021 4055 4056 4057 4022)
4(57 76 75 56)
4(4003 4022 4023 4004)
5(76 112 111 110 75)
5(4022 4057 4058 4059 4023)
4(58 77 76 57)
4(4004 4023 4024 4005)
5(77 114 113 112 76)
5(4023 4059 4060 4061 4024)
4(59 78 77 58)
4(4005 4024 4025 4006)
5(78 116 115 114 77)
5(4024 4061 4062 4063 4025)
4(60 79 78 59)
4(4006 4025 4026 4007)
5(79 118 117 116 78)
5(4025 4063 4064 4065 4026)
4(61 80 79 60)
4(4007 4026 4027 4008)
4(80 119 118 79)
4(4026 4065 4066 4027)
6(119 222 221 220 156 118)
6(4065 4103 4167 4168 4169 4066)
5(120 224 223 222 119)
5(4066 4169 4170 4171 4067)
4(121 225 224 120)
4(4067 4171 4172 4068)
6(225 395 394 393 365 224)
6(4171 4312 4340 4341 4342 4172)
4(122 226 225 121)
4(4068 4172 4173 4069)
5(226 397 396 395 225)
5(4172 4342 4343 4344 4173)
4(123 227 226 122)
4(4069 4173 4174 4070)
4(227 398 397 226)
4(4173 4344 4345 4174)
6(398 552 551 550 489 397)
6(4344 4436 4497 4498 4499 4345)
4(399 553 552 398)
4(4345 4499 4500 4346)
6(553 743 742 741 685 552)
6(4499 4632 4688 4689 4690 4500)
4(400 554 553 399)
4(4346 4500 4501 4347)
4(554 744 743 553)
4(4500 4690 4691 4501)
5(744 808 807 778 743)
5(4690 4725 4754 4755 4691)
6(808 873 872 871 836 807)
6(4754 4783 4818 4819 4820 4755)
4(745 809 808 744)
4(4691 4755 4756 4692)
5(809 875 874 873 808)
5(4755 4820 4821 4822 4756)
4(746 810 809 745)
4(4692 4756 4757 4693)
4(810 876 875 809)
4(4756 4822 4823 4757)
5(876 954 953 916 875)
5(4822 4863 4900 4901 4823)
5(954 1015 1014 982 953)
5(4900 4929 4961 4962 4901)
5(1015 1076 1075 1046 1014)
5(4961 4993 5022 5023 4962)
5(1076 1136 1135 1104 1075)
5(5022 5051 5082 5083 5023)
5(1136 1196 1195 1166 1135)
5(5082 5113 5142 5143 5083)
5(1196 1258 1257 1224 1195)
5(5142 5171 5204 5205 5143)
4(530 679 678 529)
4(4476 4625 4626 4477)
4(679 733 732 678)
4(4625 4679 4680 4626)
5(531 590 680 679 530)
5(4477 4626 4627 4537 4478)
6(680 719 735 734 733 679)
6(4626 4680 4681 4682 4666 4627)
4(377 473 472 376)
4(4323 4419 4420 4324)
5(473 533 532 531 472)
5(4419 4478 4479 4480 4420)
4(378 474 473 377)
4(4324 4420 4421 4325)
5(474 535 534 533 473)
5(4420 4480 4481 4482 4421)
5(1258 1334 1333 1290 1257)
5(5204 5237 5280 5281 5205)
5(1334 1394 1393 1362 1333)
5(5280 5309 5340 5341 5281)
4(161 353 352 160)
4(4107 4299 4300 4108)
4(353 381 380 352)
4(4299 4327 4328 4300)
5(1394 1454 1453 1424 1393)
5(5340 5371 5400 5401 5341)
4(162 354 353 161)
4(4108 4300 4301 4109)
5(1454 1515 1514 1482 1453)
5(5400 5429 5461 5462 5401)
5(354 383 382 381 353)
5(4300 4328 4329 4330 4301)
4(379 475 474 378)
4(4325 4421 4422 4326)
4(380 476 475 379)
4(4326 4422 4423 4327)
5(475 537 536 535 474)
5(4421 4482 4483 4484 4422)
6(476 521 539 538 537 475)
6(4422 4484 4485 4486 4468 4423)
6(1596 1597 1660 1659 1628 1595)
6(5542 5575 5606 5607 5544 5543)
6(1722 1723 2020 2019 1769 1721)
6(5668 5716 5966 5967 5670 5669)
5(1660 1724 1723 1694 1659)
5(5606 5641 5670 5671 5607)
4(1724 2021 2020 1723)
4(5670 5967 5968 5671)
6(381 431 478 477 476 380)
6(4327 4423 4424 4425 4378 4328)
5(1598 1599 1661 1660 1597)
5(5544 5607 5608 5546 5545)
5(1515 1600 1599 1560 1514)
5(5461 5507 5546 5547 5462)
4(1600 1662 1661 1599)
4(5546 5608 5609 5547)
4(163 355 354 162)
4(4109 4301 4302 4110)
5(355 385 384 383 354)
5(4301 4330 4331 4332 4302)
5(356 366 404 403 386)
5(4333 4350 4351 4313 4303)
6(386 355 163 164 228 356)
6(4303 4175 4111 4110 4302 4333)
5(386 403 402 385 355)
5(4302 4332 4349 4350 4333)
4(91 129 128 90)
4(4037 4075 4076 4038)
5(129 166 165 164 128)
5(4075 4111 4112 4113 4076)
4(92 130 129 91)
4(4038 4076 4077 4039)
5(130 168 167 166 129)
5(4076 4113 4114 4115 4077)
4(93 131 130 92)
4(4039 4077 4078 4040)
5(131 170 169 168 130)
5(4077 4115 4116 4117 4078)
4(94 132 131 93)
4(4040 4078 4079 4041)
5(132 172 171 170 131)
5(4078 4117 4118 4119 4079)
4(95 133 132 94)
4(4041 4079 4080 4042)
5(133 174 173 172 132)
5(4079 4119 4120 4121 4080)
4(96 134 133 95)
4(4042 4080 4081 4043)
5(134 176 175 174 133)
5(4080 4121 4122 4123 4081)
4(97 135 134 96)
4(4043 4081 4082 4044)
5(135 178 177 176 134)
5(4081 4123 4124 4125 4082)
4(98 136 135 97)
4(4044 4082 4083 4045)
5(136 180 179 178 135)
5(4082 4125 4126 4127 4083)
4(99 137 136 98)
4(4045 4083 4084 4046)
5(137 182 181 180 136)
5(4083 4127 4128 4129 4084)
4(100 138 137 99)
4(4046 4084 4085 4047)
5(138 184 183 182 137)
5(4084 4129 4130 4131 4085)
4(101 139 138 100)
4(4047 4085 4086 4048)
5(139 186 185 184 138)
5(4085 4131 4132 4133 4086)
4(102 140 139 101)
4(4048 4086 4087 4049)
5(140 188 187 186 139)
5(4086 4133 4134 4135 4087)
4(103 141 140 102)
4(4049 4087 4088 4050)
5(141 190 189 188 140)
5(4087 4135 4136 4137 4088)
4(104 142 141 103)
4(4050 4088 4089 4051)
5(142 192 191 190 141)
5(4088 4137 4138 4139 4089)
4(861 902 901 860)
4(4807 4848 4849 4808)
4(902 947 946 901)
4(4848 4893 4894 4849)
4(862 903 902 861)
4(4808 4849 4850 4809)
5(903 941 948 947 902)
5(4849 4894 4895 4888 4850)
4(947 976 975 946)
4(4893 4922 4923 4894)
4(976 1008 1007 975)
4(4922 4954 4955 4923)
5(948 971 977 976 947)
5(4894 4923 4924 4918 4895)
5(977 999 1009 1008 976)
5(4923 4955 4956 4946 4924)
4(731 766 765 730)
4(4677 4712 4713 4678)
4(766 799 798 765)
4(4712 4745 4746 4713)
4(732 767 766 731)
4(4678 4713 4714 4679)
5(767 789 800 799 766)
5(4713 4746 4747 4736 4714)
4(799 828 827 798)
4(4745 4774 4775 4746)
6(828 853 866 865 864 827)
6(4774 4811 4812 4813 4800 4775)
6(800 823 830 829 828 799)
6(4746 4775 4776 4777 4770 4747)
5(863 905 904 903 862)
5(4809 4850 4851 4852 4810)
6(864 897 907 906 905 863)
6(4810 4852 4853 4854 4844 4811)
4(1008 1040 1039 1007)
4(4954 4986 4987 4955)
4(1040 1069 1068 1039)
4(4986 5015 5016 4987)
5(1009 1035 1041 1040 1008)
5(4955 4987 4988 4982 4956)
5(1041 1063 1070 1069 1040)
5(4987 5016 5017 5010 4988)
4(1069 1098 1097 1068)
4(5015 5044 5045 5016)
4(1098 1129 1128 1097)
4(5044 5075 5076 5045)
5(1070 1093 1099 1098 1069)
5(5016 5045 5046 5040 5017)
5(1099 1121 1130 1129 1098)
5(5045 5076 5077 5068 5046)
4(1129 1160 1159 1128)
4(5075 5106 5107 5076)
4(1160 1189 1188 1159)
4(5106 5135 5136 5107)
5(1130 1155 1161 1160 1129)
5(5076 5107 5108 5102 5077)
5(1161 1183 1190 1189 1160)
5(5107 5136 5137 5130 5108)
4(1189 1218 1217 1188)
4(5135 5164 5165 5136)
4(1218 1251 1250 1217)
4(5164 5197 5198 5165)
5(1190 1213 1219 1218 1189)
5(5136 5165 5166 5160 5137)
5(1219 1241 1252 1251 1218)
5(5165 5198 5199 5188 5166)
6(733 759 769 768 767 732)
6(4679 4714 4715 4716 4706 4680)
6(2020 2236 2235 2234 2184 2019)
6(5966 6131 6181 6182 6183 5967)
4(2021 2237 2236 2020)
4(5967 6183 6184 5968)
5(2237 2297 2296 2265 2236)
5(6183 6212 6243 6244 6184)
6(2297 2360 2359 2358 2327 2296)
6(6243 6274 6305 6306 6307 6244)
5(2298 2362 2361 2360 2297)
5(6244 6307 6308 6309 6245)
4(2299 2363 2362 2298)
4(6245 6309 6310 6246)
5(2363 2440 2439 2401 2362)
5(6309 6348 6386 6387 6310)
5(2440 2501 2500 2471 2439)
5(6386 6418 6447 6448 6387)
5(2501 2561 2560 2529 2500)
5(6447 6476 6507 6508 6448)
5(2561 2635 2634 2591 2560)
5(6507 6538 6581 6582 6508)
5(2635 2697 2696 2663 2634)
5(6581 6610 6643 6644 6582)
5(2697 2759 2758 2729 2696)
5(6643 6676 6705 6706 6644)
5(2759 2819 2818 2787 2758)
5(6705 6734 6765 6766 6706)
5(2819 2879 2878 2849 2818)
5(6765 6796 6825 6826 6766)
5(2879 2940 2939 2907 2878)
5(6825 6854 6886 6887 6826)
6(3083 3084 3149 3148 3119 3082)
6(7029 7066 7095 7096 7031 7030)
5(3149 3217 3216 3181 3148)
5(7095 7128 7163 7164 7096)
5(2940 3001 3000 2971 2939)
5(6886 6918 6947 6948 6887)
5(3001 3087 3086 3045 3000)
5(6947 6992 7033 7034 6948)
5(3085 3086 3150 3149 3084)
5(7031 7096 7097 7033 7032)
4(3150 3218 3217 3149)
4(7096 7164 7165 7097)
4(3087 3151 3150 3086)
4(7033 7097 7098 7034)
4(3151 3219 3218 3150)
4(7097 7165 7166 7098)
4(1251 1284 1283 1250)
4(5197 5230 5231 5198)
4(1284 1313 1312 1283)
4(5230 5259 5260 5231)
5(1252 1279 1285 1284 1251)
5(5198 5231 5232 5226 5199)
5(1285 1307 1314 1313 1284)
5(5231 5260 5261 5254 5232)
4(1313 1356 1355 1312)
4(5259 5302 5303 5260)
4(1356 1387 1386 1355)
4(5302 5333 5334 5303)
5(1314 1335 1357 1356 1313)
5(5260 5303 5304 5282 5261)
5(1357 1363 1388 1387 1356)
5(5303 5334 5335 5310 5304)
5(3843 3844 3875 3874 3842)
5(7789 7821 7822 7791 7790)
4(3875 3894 3893 3874)
4(7821 7840 7841 7822)
5(3845 3846 3876 3875 3844)
5(7791 7822 7823 7793 7792)
4(3876 3895 3894 3875)
4(7822 7841 7842 7823)
5(3847 3848 3877 3876 3846)
5(7793 7823 7824 7795 7794)
4(1387 1418 1417 1386)
4(5333 5364 5365 5334)
4(3877 3896 3895 3876)
4(7823 7842 7843 7824)
4(1418 1447 1446 1417)
4(5364 5393 5394 5365)
5(3849 3850 3878 3877 3848)
5(7795 7824 7825 7797 7796)
5(1388 1397 1419 1418 1387)
5(5334 5365 5366 5344 5335)
4(3878 3897 3896 3877)
4(7824 7843 7844 7825)
5(1419 1425 1448 1447 1418)
5(5365 5394 5395 5372 5366)
4(1447 1476 1475 1446)
4(5393 5422 5423 5394)
4(1476 1508 1507 1475)
4(5422 5454 5455 5423)
5(1448 1455 1477 1476 1447)
5(5394 5423 5424 5402 5395)
5(1477 1483 1509 1508 1476)
5(5423 5455 5456 5430 5424)
6(3783 3784 3857 3856 3818 3782)
6(7729 7765 7803 7804 7731 7730)
5(3851 3852 3879 3878 3850)
5(7797 7825 7826 7799 7798)
4(3879 3898 3897 3878)
4(7825 7844 7845 7826)
5(3853 3854 3880 3879 3852)
5(7799 7826 7827 7801 7800)
4(3880 3899 3898 3879)
4(7826 7845 7846 7827)
5(3855 3856 3881 3880 3854)
5(7801 7827 7828 7803 7802)
4(3881 3900 3899 3880)
4(7827 7846 7847 7828)
4(3857 3882 3881 3856)
4(7803 7828 7829 7804)
4(3882 3901 3900 3881)
4(7828 7847 7848 7829)
4(1508 1546 1545 1507)
4(5454 5492 5493 5455)
4(1546 1585 1584 1545)
4(5492 5531 5532 5493)
5(1509 1519 1547 1546 1508)
5(5455 5493 5494 5466 5456)
4(1547 1586 1585 1546)
4(5493 5532 5533 5494)
5(1548 1549 1587 1586 1547)
5(5494 5533 5534 5496 5495)
6(1550 1551 1561 1588 1587 1549)
6(5496 5534 5535 5508 5498 5497)
6(1589 1590 1601 1620 1619 1588)
6(5535 5566 5567 5548 5537 5536)
4(1620 1651 1650 1619)
4(5566 5597 5598 5567)
6(1621 1622 1629 1652 1651 1620)
6(5567 5598 5599 5576 5569 5568)
4(1651 1682 1681 1650)
4(5597 5628 5629 5598)
4(1682 1711 1710 1681)
4(5628 5657 5658 5629)
5(1652 1665 1683 1682 1651)
5(5598 5629 5630 5612 5599)
4(1683 1712 1711 1682)
4(5629 5658 5659 5630)
5(3785 3786 3858 3857 3784)
5(7731 7804 7805 7733 7732)
6(3567 3568 3787 3786 3594 3566)
6(7513 7541 7733 7734 7515 7514)
4(3787 3859 3858 3786)
4(7733 7805 7806 7734)
6(3416 3417 3571 3570 3474 3415)
6(7362 7421 7517 7518 7364 7363)
5(3569 3570 3788 3787 3568)
5(7515 7734 7735 7517 7516)
4(3788 3860 3859 3787)
4(7734 7806 7807 7735)
4(3571 3789 3788 3570)
4(7517 7735 7736 7518)
4(3789 3861 3860 3788)
4(7735 7807 7808 7736)
6(3215 3216 3418 3417 3268 3214)
6(7161 7215 7364 7365 7163 7162)
4(3418 3572 3571 3417)
4(7364 7518 7519 7365)
4(3217 3419 3418 3216)
4(7163 7365 7366 7164)
4(3419 3573 3572 3418)
4(7365 7519 7520 7366)
6(1684 1685 1695 1713 1712 1683)
6(5630 5659 5660 5642 5632 5631)
4(1713 1763 1762 1712)
4(5659 5709 5710 5660)
4(1763 1928 1927 1762)
4(5709 5874 5875 5710)
6(1714 1715 1725 1764 1763 1713)
6(5660 5710 5711 5672 5662 5661)
5(1764 1809 1929 1928 1763)
5(5710 5875 5876 5756 5711)
4(2348 2387 2386 2347)
4(6294 6333 6334 6295)
4(2387 2433 2432 2386)
4(6333 6379 6380 6334)
4(2349 2388 2387 2348)
4(6295 6334 6335 6296)
5(2388 2424 2434 2433 2387)
5(6334 6380 6381 6371 6335)
4(2224 2253 2252 2223)
4(6170 6199 6200 6171)
4(2253 2288 2287 2252)
4(6199 6234 6235 6200)
4(2225 2254 2253 2224)
4(6171 6200 6201 6172)
5(2254 2276 2289 2288 2253)
5(6200 6235 6236 6223 6201)
5(2350 2390 2389 2388 2349)
5(6296 6335 6336 6337 6297)
6(2351 2382 2392 2391 2390 2350)
6(6297 6337 6338 6339 6329 6298)
4(2288 2319 2318 2287)
4(6234 6265 6266 6235)
6(2319 2342 2353 2352 2351 2318)
6(6265 6298 6299 6300 6289 6266)
6(2289 2314 2321 2320 2319 2288)
6(6235 6266 6267 6268 6261 6236)
4(2433 2465 2464 2432)
4(6379 6411 6412 6380)
4(2465 2494 2493 2464)
4(6411 6440 6441 6412)
5(2434 2460 2466 2465 2433)
5(6380 6412 6413 6407 6381)
5(2466 2488 2495 2494 2465)
5(6412 6441 6442 6435 6413)
4(2494 2523 2522 2493)
4(6440 6469 6470 6441)
4(2523 2554 2553 2522)
4(6469 6500 6501 6470)
5(2495 2518 2524 2523 2494)
5(6441 6470 6471 6465 6442)
5(2524 2546 2555 2554 2523)
5(6470 6501 6502 6493 6471)
4(2554 2585 2584 2553)
4(6500 6531 6532 6501)
4(2585 2614 2613 2584)
4(6531 6560 6561 6532)
5(2555 2580 2586 2585 2554)
5(6501 6532 6533 6527 6502)
5(2586 2608 2615 2614 2585)
5(6532 6561 6562 6555 6533)
4(2614 2657 2656 2613)
4(6560 6603 6604 6561)
4(2657 2690 2689 2656)
4(6603 6636 6637 6604)
5(2615 2636 2658 2657 2614)
5(6561 6604 6605 6583 6562)
5(2658 2664 2691 2690 2657)
5(6604 6637 6638 6611 6605)
4(1928 2178 2177 1927)
4(5874 6124 6125 5875)
4(2178 2226 2225 2177)
4(6124 6172 6173 6125)
5(1929 2128 2179 2178 1928)
5(5875 6125 6126 6075 5876)
6(2179 2218 2228 2227 2226 2178)
6(6125 6173 6174 6175 6165 6126)
6(2226 2246 2256 2255 2254 2225)
6(6172 6201 6202 6203 6193 6173)
4(2690 2723 2722 2689)
4(6636 6669 6670 6637)
4(2723 2752 2751 2722)
4(6669 6698 6699 6670)
5(2691 2702 2724 2723 2690)
5(6637 6670 6671 6649 6638)
5(2724 2730 2753 2752 2723)
5(6670 6699 6700 6677 6671)
4(2752 2781 2780 2751)
4(6698 6727 6728 6699)
4(2781 2812 2811 2780)
4(6727 6758 6759 6728)
5(2753 2760 2782 2781 2752)
5(6699 6728 6729 6707 6700)
5(2782 2788 2813 2812 2781)
5(6728 6759 6760 6735 6729)
4(2812 2843 2842 2811)
4(6758 6789 6790 6759)
4(2843 2872 2871 2842)
4(6789 6818 6819 6790)
5(2813 2822 2844 2843 2812)
5(6759 6790 6791 6769 6760)
5(2844 2850 2873 2872 2843)
5(6790 6819 6820 6797 6791)
4(2872 2901 2900 2871)
4(6818 6847 6848 6819)
4(2901 2933 2932 2900)
4(6847 6879 6880 6848)
5(2873 2880 2902 2901 2872)
5(6819 6848 6849 6827 6820)
5(2902 2908 2934 2933 2901)
5(6848 6880 6881 6855 6849)
4(2933 2965 2964 2932)
4(6879 6911 6912 6880)
4(2965 2994 2993 2964)
4(6911 6940 6941 6912)
5(2934 2944 2966 2965 2933)
5(6880 6912 6913 6891 6881)
5(2966 2972 2995 2994 2965)
5(6912 6941 6942 6919 6913)
4(2994 3031 3030 2993)
4(6940 6977 6978 6941)
4(3031 3072 3071 3030)
4(6977 7018 7019 6978)
5(2995 3002 3032 3031 2994)
5(6941 6978 6979 6949 6942)
4(3032 3073 3072 3031)
4(6978 7019 7020 6979)
5(3033 3034 3074 3073 3032)
5(6979 7020 7021 6981 6980)
6(3035 3036 3046 3075 3074 3034)
6(6981 7021 7022 6993 6983 6982)
6(3076 3077 3090 3111 3110 3075)
6(7022 7057 7058 7037 7024 7023)
4(3111 3140 3139 3110)
4(7057 7086 7087 7058)
6(3112 3113 3120 3141 3140 3111)
6(7058 7087 7088 7067 7060 7059)
4(3140 3169 3168 3139)
4(7086 7115 7116 7087)
4(3169 3204 3203 3168)
4(7115 7150 7151 7116)
5(3141 3152 3170 3169 3140)
5(7087 7116 7117 7099 7088)
4(3170 3205 3204 3169)
4(7116 7151 7152 7117)
6(3171 3172 3182 3206 3205 3170)
6(7117 7152 7153 7129 7119 7118)
4(3206 3262 3261 3205)
4(7152 7208 7209 7153)
4(3262 3395 3394 3261)
4(7208 7341 7342 7209)
6(3207 3208 3224 3263 3262 3206)
6(7153 7209 7210 7171 7155 7154)
5(3263 3343 3396 3395 3262)
5(7209 7342 7343 7290 7210)
5(3397 3398 3458 3457 3396)
5(7343 7404 7405 7345 7344)
4(3458 3550 3549 3457)
4(7404 7496 7497 7405)
5(3399 3400 3459 3458 3398)
5(7345 7405 7406 7347 7346)
4(3459 3551 3550 3458)
4(7405 7497 7498 7406)
5(3401 3402 3460 3459 3400)
5(7347 7406 7407 7349 7348)
4(3461 3553 3552 3460)
4(7407 7499 7500 7408)
6(3403 3404 3420 3461 3460 3402)
6(7349 7407 7408 7367 7351 7350)
4(3460 3552 3551 3459)
4(7406 7498 7499 7407)
6(3462 3463 3504 3554 3553 3461)
6(7408 7500 7501 7451 7410 7409)
4(3554 3582 3581 3553)
4(7500 7528 7529 7501)
4(3582 3723 3722 3581)
4(7528 7669 7670 7529)
5(3555 3556 3583 3582 3554)
5(7501 7529 7530 7503 7502)
4(3583 3724 3723 3582)
4(7529 7670 7671 7530)
5(3557 3558 3584 3583 3556)
5(7503 7530 7531 7505 7504)
4(3584 3725 3724 3583)
4(7530 7671 7672 7531)
6(3585 3662 3726 3725 3584 3559)
6(7506 7531 7672 7673 7609 7532)
5(3559 3517 3518 3575 3585)
5(7532 7522 7465 7464 7506)
5(3517 3559 3584 3558 3516)
5(7463 7505 7531 7506 7464)
5(3727 3728 3791 3790 3726)
5(7673 7737 7738 7675 7674)
4(3791 3829 3828 3790)
4(7737 7775 7776 7738)
5(3729 3730 3792 3791 3728)
5(7675 7738 7739 7677 7676)
4(3792 3830 3829 3791)
4(7738 7776 7777 7739)
5(3731 3732 3793 3792 3730)
5(7677 7739 7740 7679 7678)
4(3793 3831 3830 3792)
4(7739 7777 7778 7740)
5(3733 3734 3794 3793 3732)
5(7679 7740 7741 7681 7680)
4(3794 3832 3831 3793)
4(7740 7778 7779 7741)
5(3735 3736 3795 3794 3734)
5(7681 7741 7742 7683 7682)
4(3795 3833 3832 3794)
4(7741 7779 7780 7742)
5(3737 3738 3796 3795 3736)
5(7683 7742 7743 7685 7684)
4(3796 3834 3833 3795)
4(7742 7780 7781 7743)
5(3739 3740 3797 3796 3738)
5(7685 7743 7744 7687 7686)
4(3797 3835 3834 3796)
4(7743 7781 7782 7744)
5(3741 3742 3798 3797 3740)
5(7687 7744 7745 7689 7688)
4(3798 3836 3835 3797)
4(7744 7782 7783 7745)
5(3743 3744 3799 3798 3742)
5(7689 7745 7746 7691 7690)
4(3799 3837 3836 3798)
4(7745 7783 7784 7746)
5(3745 3746 3800 3799 3744)
5(7691 7746 7747 7693 7692)
4(3800 3838 3837 3799)
4(7746 7784 7785 7747)
5(3747 3748 3801 3800 3746)
5(7693 7747 7748 7695 7694)
4(3801 3839 3838 3800)
4(7747 7785 7786 7748)
5(3749 3750 3802 3801 3748)
5(7695 7748 7749 7697 7696)
4(3802 3840 3839 3801)
4(7748 7786 7787 7749)
5(3751 3752 3803 3802 3750)
5(7697 7749 7750 7699 7698)
4(3803 3841 3840 3802)
4(7749 7787 7788 7750)
5(3753 3754 3804 3803 3752)
5(7699 7750 7751 7701 7700)
4(3804 3842 3841 3803)
4(7750 7788 7789 7751)
4(105 143 142 104)
4(4051 4089 4090 4052)
5(143 194 193 192 142)
5(4089 4139 4140 4141 4090)
4(106 144 143 105)
4(4052 4090 4091 4053)
5(144 196 195 194 143)
5(4090 4141 4142 4143 4091)
4(107 145 144 106)
4(4053 4091 4092 4054)
5(145 198 197 196 144)
5(4091 4143 4144 4145 4092)
4(108 146 145 107)
4(4054 4092 4093 4055)
5(146 200 199 198 145)
5(4092 4145 4146 4147 4093)
4(109 147 146 108)
4(4055 4093 4094 4056)
5(147 202 201 200 146)
5(4093 4147 4148 4149 4094)
4(110 148 147 109)
4(4056 4094 4095 4057)
5(148 204 203 202 147)
5(4094 4149 4150 4151 4095)
4(111 149 148 110)
4(4057 4095 4096 4058)
5(149 206 205 204 148)
5(4095 4151 4152 4153 4096)
4(112 150 149 111)
4(4058 4096 4097 4059)
5(150 208 207 206 149)
5(4096 4153 4154 4155 4097)
4(113 151 150 112)
4(4059 4097 4098 4060)
5(151 210 209 208 150)
5(4097 4155 4156 4157 4098)
4(114 152 151 113)
4(4060 4098 4099 4061)
5(152 212 211 210 151)
5(4098 4157 4158 4159 4099)
4(115 153 152 114)
4(4061 4099 4100 4062)
5(153 214 213 212 152)
5(4099 4159 4160 4161 4100)
4(116 154 153 115)
4(4062 4100 4101 4063)
5(154 216 215 214 153)
5(4100 4161 4162 4163 4101)
4(117 155 154 116)
4(4063 4101 4102 4064)
5(155 218 217 216 154)
5(4101 4163 4164 4165 4102)
4(118 156 155 117)
4(4064 4102 4103 4065)
5(156 220 219 218 155)
5(4102 4165 4166 4167 4103)
5(387 429 428 371 361)
5(4308 4318 4375 4376 4334)
6(361 284 220 221 362 387)
6(4334 4309 4168 4167 4231 4308)
5(388 430 429 387 362)
5(4309 4334 4376 4377 4335)
4(222 363 362 221)
4(4168 4309 4310 4169)
5(363 390 389 388 362)
5(4309 4335 4336 4337 4310)
4(223 364 363 222)
4(4169 4310 4311 4170)
5(364 392 391 390 363)
5(4310 4337 4338 4339 4311)
4(224 365 364 223)
4(4170 4311 4312 4171)
4(365 393 392 364)
4(4311 4339 4340 4312)
6(393 485 484 483 442 392)
6(4339 4389 4430 4431 4432 4340)
4(394 486 485 393)
4(4340 4432 4433 4341)
6(486 544 543 542 526 485)
6(4432 4473 4489 4490 4491 4433)
5(487 546 545 544 486)
5(4433 4491 4492 4493 4434)
4(395 487 486 394)
4(4341 4433 4434 4342)
4(396 488 487 395)
4(4342 4434 4435 4343)
5(488 548 547 546 487)
5(4434 4493 4494 4495 4435)
4(397 489 488 396)
4(4343 4435 4436 4344)
5(489 550 549 548 488)
5(4435 4495 4496 4497 4436)
5(551 684 683 603 550)
5(4497 4550 4630 4631 4498)
6(684 740 739 738 722 683)
6(4630 4669 4685 4686 4687 4631)
4(552 685 684 551)
4(4498 4631 4632 4499)
4(685 741 740 684)
4(4631 4687 4688 4632)
6(741 776 775 774 764 740)
6(4687 4711 4721 4722 4723 4688)
4(742 777 776 741)
4(4688 4723 4724 4689)
5(777 806 805 794 776)
5(4723 4741 4752 4753 4724)
4(743 778 777 742)
4(4689 4724 4725 4690)
4(778 807 806 777)
4(4724 4753 4754 4725)
6(806 835 834 833 826 805)
6(4752 4773 4780 4781 4782 4753)
4(807 836 835 806)
4(4753 4782 4783 4754)
6(836 871 870 869 856 835)
6(4782 4803 4816 4817 4818 4783)
6(872 912 911 910 900 871)
6(4818 4847 4857 4858 4859 4819)
5(873 914 913 912 872)
5(4819 4859 4860 4861 4820)
4(874 915 914 873)
4(4820 4861 4862 4821)
5(915 952 951 944 914)
5(4861 4891 4898 4899 4862)
4(875 916 915 874)
4(4821 4862 4863 4822)
4(916 953 952 915)
4(4862 4899 4900 4863)
5(952 981 980 974 951)
5(4898 4921 4927 4928 4899)
5(981 1013 1012 1002 980)
5(4927 4949 4959 4960 4928)
4(953 982 981 952)
4(4899 4928 4929 4900)
4(982 1014 1013 981)
4(4928 4960 4961 4929)
5(1013 1045 1044 1038 1012)
5(4959 4985 4991 4992 4960)
5(1045 1074 1073 1066 1044)
5(4991 5013 5020 5021 4992)
4(1014 1046 1045 1013)
4(4960 4992 4993 4961)
4(1046 1075 1074 1045)
4(4992 5021 5022 4993)
5(1074 1103 1102 1096 1073)
5(5020 5043 5049 5050 5021)
5(1103 1134 1133 1124 1102)
5(5049 5071 5080 5081 5050)
4(1075 1104 1103 1074)
4(5021 5050 5051 5022)
4(1104 1135 1134 1103)
4(5050 5081 5082 5051)
5(1134 1165 1164 1158 1133)
5(5080 5105 5111 5112 5081)
5(1165 1194 1193 1186 1164)
5(5111 5133 5140 5141 5112)
4(1135 1166 1165 1134)
4(5081 5112 5113 5082)
4(1166 1195 1194 1165)
4(5112 5141 5142 5113)
5(1194 1223 1222 1216 1193)
5(5140 5163 5169 5170 5141)
5(1223 1256 1255 1244 1222)
5(5169 5191 5202 5203 5170)
4(1195 1224 1223 1194)
4(5141 5170 5171 5142)
4(1224 1257 1256 1223)
4(5170 5203 5204 5171)
4(532 591 590 531)
4(4478 4537 4538 4479)
4(591 639 680 590)
4(4537 4627 4586 4538)
3(591 640 639)
3(4586 4587 4538)
3(681 720 719)
3(4666 4667 4628)
4(719 680 639 681)
4(4628 4586 4627 4666)
4(533 592 591 532)
4(4479 4538 4539 4480)
4(592 641 640 591)
4(4538 4587 4588 4539)
4(720 736 735 719)
4(4666 4682 4683 4667)
4(534 593 592 533)
4(4480 4539 4540 4481)
4(593 642 641 592)
4(4539 4588 4589 4540)
4(535 594 593 534)
4(4481 4540 4541 4482)
6(1691 1692 1721 1720 1700 1690)
6(5637 5647 5667 5668 5639 5638)
5(594 604 643 642 593)
5(4540 4589 4590 4551 4541)
6(1719 1720 1768 1767 1728 1718)
6(5665 5675 5714 5715 5667 5666)
5(1768 2018 2017 1818 1767)
5(5714 5765 5964 5965 5715)
4(1721 1769 1768 1720)
4(5667 5715 5716 5668)
4(1769 2019 2018 1768)
4(5715 5965 5966 5716)
5(1256 1289 1288 1282 1255)
5(5202 5229 5235 5236 5203)
5(1289 1332 1331 1310 1288)
5(5235 5257 5278 5279 5236)
4(1257 1290 1289 1256)
4(5203 5236 5237 5204)
4(1290 1333 1332 1289)
4(5236 5279 5280 5237)
5(1332 1361 1360 1338 1331)
5(5278 5285 5307 5308 5279)
5(1361 1392 1391 1366 1360)
5(5307 5313 5338 5339 5308)
4(1333 1362 1361 1332)
4(5279 5308 5309 5280)
4(1362 1393 1392 1361)
4(5308 5339 5340 5309)
5(1392 1423 1422 1400 1391)
5(5338 5347 5369 5370 5339)
5(1423 1452 1451 1428 1422)
5(5369 5375 5398 5399 5370)
4(1393 1424 1423 1392)
4(5339 5370 5371 5340)
4(1424 1453 1452 1423)
4(5370 5399 5400 5371)
5(1452 1481 1480 1458 1451)
5(5398 5405 5427 5428 5399)
5(1481 1513 1512 1486 1480)
5(5427 5433 5459 5460 5428)
4(1453 1482 1481 1452)
4(5399 5428 5429 5400)
4(1482 1514 1513 1481)
4(5428 5460 5461 5429)
6(1626 1627 1658 1657 1632 1625)
6(5572 5579 5604 5605 5574 5573)
6(1594 1595 1628 1627 1604 1593)
6(5540 5551 5574 5575 5542 5541)
4(1628 1659 1658 1627)
4(5574 5605 5606 5575)
6(1555 1556 1596 1595 1564 1554)
6(5501 5511 5542 5543 5503 5502)
5(1557 1558 1597 1596 1556)
5(5503 5543 5544 5505 5504)
5(1658 1693 1692 1670 1657)
5(5604 5617 5639 5640 5605)
4(536 595 594 535)
4(4482 4541 4542 4483)
4(1693 1722 1721 1692)
4(5639 5668 5669 5640)
4(595 605 604 594)
4(4541 4551 4552 4542)
4(1659 1694 1693 1658)
4(5605 5640 5641 5606)
4(537 596 595 536)
4(4483 4542 4543 4484)
4(1694 1723 1722 1693)
4(5640 5669 5670 5641)
4(596 606 605 595)
4(4542 4552 4553 4543)
4(607 606 596 537)
4(4484 4543 4553 4554)
3(555 607 537)
3(4484 4554 4502)
4(538 556 555 537)
4(4484 4502 4503 4485)
4(539 557 556 538)
4(4485 4503 4504 4486)
5(1513 1559 1558 1522 1512)
5(5459 5469 5505 5506 5460)
4(1559 1598 1597 1558)
4(5505 5544 5545 5506)
4(1514 1560 1559 1513)
4(5460 5506 5507 5461)
4(1560 1599 1598 1559)
4(5506 5545 5546 5507)
4(477 522 521 476)
4(4423 4468 4469 4424)
4(522 540 539 521)
4(4468 4486 4487 4469)
4(490 523 522 477)
4(4424 4469 4470 4437)
4(477 478 491 490)
4(4437 4438 4425 4424)
5(523 559 558 540 522)
5(4469 4487 4505 4506 4470)
4(382 432 431 381)
4(4328 4378 4379 4329)
4(432 479 478 431)
4(4378 4425 4426 4379)
4(383 433 432 382)
4(4329 4379 4380 4330)
5(433 443 480 479 432)
5(4379 4426 4427 4390 4380)
4(479 492 491 478)
4(4425 4438 4439 4426)
4(480 493 492 479)
4(4426 4439 4440 4427)
4(540 558 557 539)
4(4486 4504 4505 4487)
4(165 229 228 164)
4(4111 4175 4176 4112)
4(229 357 356 228)
4(4175 4303 4304 4176)
4(166 230 229 165)
4(4112 4176 4177 4113)
3(358 357 229)
3(4176 4304 4305)
3(229 230 286)
3(4233 4177 4176)
3(285 358 229)
3(4176 4305 4232)
3(286 285 229)
3(4176 4232 4233)
4(357 367 366 356)
4(4303 4313 4314 4304)
4(367 405 404 366)
4(4313 4351 4352 4314)
4(358 368 367 357)
4(4304 4314 4315 4305)
4(368 406 405 367)
4(4314 4352 4353 4315)
4(167 231 230 166)
4(4113 4177 4178 4114)
4(231 287 286 230)
4(4177 4233 4234 4178)
4(168 232 231 167)
4(4114 4178 4179 4115)
4(232 288 287 231)
4(4178 4234 4235 4179)
4(384 434 433 383)
4(4330 4380 4381 4331)
4(434 444 443 433)
4(4380 4390 4391 4381)
4(385 435 434 384)
4(4331 4381 4382 4332)
4(435 445 444 434)
4(4381 4391 4392 4382)
3(436 435 385)
3(4332 4382 4383)
3(402 436 385)
3(4332 4383 4349)
4(436 446 445 435)
4(4382 4392 4393 4383)
4(169 233 232 168)
4(4115 4179 4180 4116)
4(233 289 288 232)
4(4179 4235 4236 4180)
4(170 234 233 169)
4(4116 4180 4181 4117)
4(234 290 289 233)
4(4180 4236 4237 4181)
4(171 235 234 170)
4(4117 4181 4182 4118)
5(235 292 291 290 234)
5(4181 4237 4238 4239 4182)
4(172 236 235 171)
4(4118 4182 4183 4119)
4(236 293 292 235)
4(4182 4239 4240 4183)
4(173 237 236 172)
4(4119 4183 4184 4120)
4(237 294 293 236)
4(4183 4240 4241 4184)
4(174 238 237 173)
4(4120 4184 4185 4121)
5(238 296 295 294 237)
5(4184 4241 4242 4243 4185)
4(175 239 238 174)
4(4121 4185 4186 4122)
4(239 297 296 238)
4(4185 4243 4244 4186)
4(176 240 239 175)
4(4122 4186 4187 4123)
4(240 298 297 239)
4(4186 4244 4245 4187)
4(177 241 240 176)
4(4123 4187 4188 4124)
4(241 299 298 240)
4(4187 4245 4246 4188)
4(178 242 241 177)
4(4124 4188 4189 4125)
4(242 300 299 241)
4(4188 4246 4247 4189)
4(179 243 242 178)
4(4125 4189 4190 4126)
5(243 302 301 300 242)
5(4189 4247 4248 4249 4190)
4(180 244 243 179)
4(4126 4190 4191 4127)
4(244 303 302 243)
4(4190 4249 4250 4191)
4(181 245 244 180)
4(4127 4191 4192 4128)
4(245 304 303 244)
4(4191 4250 4251 4192)
4(182 246 245 181)
4(4128 4192 4193 4129)
5(246 306 305 304 245)
5(4192 4251 4252 4253 4193)
4(183 247 246 182)
4(4129 4193 4194 4130)
4(247 307 306 246)
4(4193 4253 4254 4194)
4(184 248 247 183)
4(4130 4194 4195 4131)
4(248 308 307 247)
4(4194 4254 4255 4195)
4(185 249 248 184)
4(4131 4195 4196 4132)
4(249 309 308 248)
4(4195 4255 4256 4196)
4(186 250 249 185)
4(4132 4196 4197 4133)
4(250 310 309 249)
4(4196 4256 4257 4197)
4(187 251 250 186)
4(4133 4197 4198 4134)
5(251 312 311 310 250)
5(4197 4257 4258 4259 4198)
4(188 252 251 187)
4(4134 4198 4199 4135)
4(252 313 312 251)
4(4198 4259 4260 4199)
4(189 253 252 188)
4(4135 4199 4200 4136)
4(253 314 313 252)
4(4199 4260 4261 4200)
4(190 254 253 189)
4(4136 4200 4201 4137)
5(254 316 315 314 253)
5(4200 4261 4262 4263 4201)
4(191 255 254 190)
4(4137 4201 4202 4138)
4(255 317 316 254)
4(4201 4263 4264 4202)
4(192 256 255 191)
4(4138 4202 4203 4139)
4(256 318 317 255)
4(4202 4264 4265 4203)
3(853 828 829)
3(4776 4775 4800)
3(837 854 853)
3(4800 4801 4784)
3(837 853 829)
3(4776 4800 4784)
3(829 838 837)
3(4784 4785 4776)
4(854 867 866 853)
4(4800 4813 4814 4801)
4(830 839 838 829)
4(4776 4785 4786 4777)
4(904 917 941 903)
4(4850 4888 4864 4851)
3(904 918 917)
3(4864 4865 4851)
3(917 942 941)
3(4888 4889 4864)
4(942 949 948 941)
4(4888 4895 4896 4889)
4(905 919 918 904)
4(4851 4865 4866 4852)
4(906 920 919 905)
4(4852 4866 4867 4853)
4(907 921 920 906)
4(4853 4867 4868 4854)
5(949 955 972 971 948)
5(4895 4918 4919 4902 4896)
4(972 978 977 971)
4(4918 4924 4925 4919)
5(978 983 1000 999 977)
5(4924 4946 4947 4930 4925)
4(1000 1010 1009 999)
4(4946 4956 4957 4947)
3(864 865 880)
3(4827 4812 4811)
3(864 880 879)
3(4826 4827 4811)
3(897 864 879)
3(4826 4811 4844)
3(879 898 897)
3(4844 4845 4826)
4(898 908 907 897)
4(4844 4854 4855 4845)
4(866 881 880 865)
4(4812 4827 4828 4813)
4(908 922 921 907)
4(4854 4868 4869 4855)
4(867 882 881 866)
4(4813 4828 4829 4814)
5(1010 1019 1036 1035 1009)
5(4956 4982 4983 4966 4957)
4(1036 1042 1041 1035)
4(4982 4988 4989 4983)
5(1042 1047 1064 1063 1041)
5(4988 5010 5011 4994 4989)
4(1064 1071 1070 1063)
4(5010 5017 5018 5011)
5(1071 1077 1094 1093 1070)
5(5017 5040 5041 5024 5018)
4(1094 1100 1099 1093)
4(5040 5046 5047 5041)
5(1100 1105 1122 1121 1099)
5(5046 5068 5069 5052 5047)
4(1122 1131 1130 1121)
4(5068 5077 5078 5069)
5(1131 1139 1156 1155 1130)
5(5077 5102 5103 5086 5078)
4(1156 1162 1161 1155)
4(5102 5108 5109 5103)
5(1162 1167 1184 1183 1161)
5(5108 5130 5131 5114 5109)
4(1184 1191 1190 1183)
4(5130 5137 5138 5131)
5(1191 1197 1214 1213 1190)
5(5137 5160 5161 5144 5138)
4(1214 1220 1219 1213)
4(5160 5166 5167 5161)
5(1220 1225 1242 1241 1219)
5(5166 5188 5189 5172 5167)
4(1242 1253 1252 1241)
4(5188 5199 5200 5189)
4(768 790 789 767)
4(4714 4736 4737 4715)
4(790 801 800 789)
4(4736 4747 4748 4737)
3(790 768 769)
3(4716 4715 4737)
3(779 791 790)
3(4737 4738 4726)
3(779 790 769)
3(4716 4737 4726)
3(769 780 779)
3(4726 4727 4716)
4(791 802 801 790)
4(4737 4748 4749 4738)
4(734 760 759 733)
4(4680 4706 4707 4681)
4(760 770 769 759)
4(4706 4716 4717 4707)
3(734 735 753)
3(4700 4682 4681)
3(734 753 752)
3(4699 4700 4681)
4(752 761 760 734)
4(4681 4707 4708 4699)
4(761 771 770 760)
4(4707 4717 4718 4708)
5(770 771 781 780 769)
5(4716 4727 4728 4718 4717)
3(800 801 812)
3(4759 4748 4747)
3(800 812 811)
3(4758 4759 4747)
3(823 800 811)
3(4758 4747 4770)
3(811 824 823)
3(4770 4771 4758)
4(824 831 830 823)
4(4770 4777 4778 4771)
4(802 813 812 801)
4(4748 4759 4760 4749)
4(831 840 839 830)
4(4777 4786 4787 4778)
4(736 751 753 735)
4(4682 4700 4698 4683)
5(2018 2183 2182 2137 2017)
5(5964 6084 6129 6130 5965)
6(2183 2233 2232 2231 2221 2182)
6(6129 6168 6178 6179 6180 6130)
4(2019 2184 2183 2018)
4(5965 6130 6131 5966)
4(2184 2234 2233 2183)
4(6130 6180 6181 6131)
6(2234 2263 2262 2261 2251 2233)
6(6180 6198 6208 6209 6210 6181)
4(2235 2264 2263 2234)
4(6181 6210 6211 6182)
5(2264 2295 2294 2281 2263)
5(6210 6228 6241 6242 6211)
4(2236 2265 2264 2235)
4(6182 6211 6212 6183)
4(2265 2296 2295 2264)
4(6211 6242 6243 6212)
6(2295 2326 2325 2324 2317 2294)
6(6241 6264 6271 6272 6273 6242)
4(2296 2327 2326 2295)
4(6242 6273 6274 6243)
6(2327 2358 2357 2356 2345 2326)
6(6273 6292 6303 6304 6305 6274)
6(2359 2397 2396 2395 2385 2358)
6(6305 6332 6342 6343 6344 6306)
5(2360 2399 2398 2397 2359)
5(6306 6344 6345 6346 6307)
4(2361 2400 2399 2360)
4(6307 6346 6347 6308)
5(2400 2438 2437 2427 2399)
5(6346 6374 6384 6385 6347)
4(2362 2401 2400 2361)
4(6308 6347 6348 6309)
4(2401 2439 2438 2400)
4(6347 6385 6386 6348)
5(2438 2470 2469 2463 2437)
5(6384 6410 6416 6417 6385)
5(2470 2499 2498 2491 2469)
5(6416 6438 6445 6446 6417)
4(2439 2471 2470 2438)
4(6385 6417 6418 6386)
4(2471 2500 2499 2470)
4(6417 6446 6447 6418)
5(2499 2528 2527 2521 2498)
5(6445 6468 6474 6475 6446)
5(2528 2559 2558 2549 2527)
5(6474 6496 6505 6506 6475)
4(2500 2529 2528 2499)
4(6446 6475 6476 6447)
4(2529 2560 2559 2528)
4(6475 6506 6507 6476)
5(2559 2590 2589 2583 2558)
5(6505 6530 6536 6537 6506)
5(2590 2633 2632 2611 2589)
5(6536 6558 6579 6580 6537)
4(2560 2591 2590 2559)
4(6506 6537 6538 6507)
4(2591 2634 2633 2590)
4(6537 6580 6581 6538)
5(2633 2662 2661 2639 2632)
5(6579 6586 6608 6609 6580)
5(2662 2695 2694 2667 2661)
5(6608 6614 6641 6642 6609)
4(2634 2663 2662 2633)
4(6580 6609 6610 6581)
4(2663 2696 2695 2662)
4(6609 6642 6643 6610)
6(3178 3179 3214 3213 3187 3177)
6(7124 7134 7160 7161 7126 7125)
5(2695 2728 2727 2705 2694)
5(6641 6652 6674 6675 6642)
5(2728 2757 2756 2733 2727)
5(6674 6680 6703 6704 6675)
4(2696 2729 2728 2695)
4(6642 6675 6676 6643)
4(2729 2758 2757 2728)
4(6675 6704 6705 6676)
5(2757 2786 2785 2763 2756)
5(6703 6710 6732 6733 6704)
5(2786 2817 2816 2791 2785)
5(6732 6738 6763 6764 6733)
4(2758 2787 2786 2757)
4(6704 6733 6734 6705)
4(2787 2818 2817 2786)
4(6733 6764 6765 6734)
5(2817 2848 2847 2825 2816)
5(6763 6772 6794 6795 6764)
5(2848 2877 2876 2853 2847)
5(6794 6800 6823 6824 6795)
4(2818 2849 2848 2817)
4(6764 6795 6796 6765)
4(2849 2878 2877 2848)
4(6795 6824 6825 6796)
5(2877 2906 2905 2883 2876)
5(6823 6830 6852 6853 6824)
5(2906 2938 2937 2911 2905)
5(6852 6858 6884 6885 6853)
4(2878 2907 2906 2877)
4(6824 6853 6854 6825)
4(2907 2939 2938 2906)
4(6853 6885 6886 6854)
6(3040 3041 3083 3082 3049 3039)
6(6986 6996 7029 7030 6988 6987)
5(3042 3043 3084 3083 3041)
5(6988 7030 7031 6990 6989)
6(3117 3118 3147 3146 3123 3116)
6(7063 7070 7093 7094 7065 7064)
6(3081 3082 3119 3118 3093 3080)
6(7027 7040 7065 7066 7029 7028)
4(3119 3148 3147 3118)
4(7065 7094 7095 7066)
5(3147 3180 3179 3157 3146)
5(7093 7104 7126 7127 7094)
4(3180 3215 3214 3179)
4(7126 7161 7162 7127)
4(3148 3181 3180 3147)
4(7094 7127 7128 7095)
4(3181 3216 3215 3180)
4(7127 7162 7163 7128)
5(2938 2970 2969 2947 2937)
5(6884 6894 6916 6917 6885)
5(2970 2999 2998 2975 2969)
5(6916 6922 6945 6946 6917)
4(2939 2971 2970 2938)
4(6885 6917 6918 6886)
4(2971 3000 2999 2970)
4(6917 6946 6947 6918)
5(2999 3044 3043 3005 2998)
5(6945 6952 6990 6991 6946)
4(3044 3085 3084 3043)
4(6990 7031 7032 6991)
4(3000 3045 3044 2999)
4(6946 6991 6992 6947)
4(3045 3086 3085 3044)
4(6991 7032 7033 6992)
5(3755 3756 3805 3804 3754)
5(7701 7751 7752 7703 7702)
4(3805 3843 3842 3804)
4(7751 7789 7790 7752)
5(3757 3758 3806 3805 3756)
5(7703 7752 7753 7705 7704)
4(3806 3844 3843 3805)
4(7752 7790 7791 7753)
5(3759 3760 3807 3806 3758)
5(7705 7753 7754 7707 7706)
4(3807 3845 3844 3806)
4(7753 7791 7792 7754)
5(3761 3762 3808 3807 3760)
5(7707 7754 7755 7709 7708)
4(3808 3846 3845 3807)
4(7754 7792 7793 7755)
5(3763 3764 3809 3808 3762)
5(7709 7755 7756 7711 7710)
4(3809 3847 3846 3808)
4(7755 7793 7794 7756)
5(3765 3766 3810 3809 3764)
5(7711 7756 7757 7713 7712)
4(3810 3848 3847 3809)
4(7756 7794 7795 7757)
5(3767 3768 3811 3810 3766)
5(7713 7757 7758 7715 7714)
4(3811 3849 3848 3810)
4(7757 7795 7796 7758)
5(3769 3770 3812 3811 3768)
5(7715 7758 7759 7717 7716)
4(3812 3850 3849 3811)
4(7758 7796 7797 7759)
5(1253 1263 1280 1279 1252)
5(5199 5226 5227 5210 5200)
4(1280 1286 1285 1279)
4(5226 5232 5233 5227)
5(1286 1291 1308 1307 1285)
5(5232 5254 5255 5238 5233)
4(1308 1315 1314 1307)
4(5254 5261 5262 5255)
4(1315 1336 1335 1314)
4(5261 5282 5283 5262)
5(1336 1339 1358 1357 1335)
5(5282 5304 5305 5286 5283)
5(3771 3772 3813 3812 3770)
5(7717 7759 7760 7719 7718)
4(1358 1364 1363 1357)
4(5304 5310 5311 5305)
4(3813 3851 3850 3812)
4(7759 7797 7798 7760)
5(1364 1367 1389 1388 1363)
5(5310 5335 5336 5314 5311)
5(3773 3774 3814 3813 3772)
5(7719 7760 7761 7721 7720)
4(3814 3852 3851 3813)
4(7760 7798 7799 7761)
5(3775 3776 3815 3814 3774)
5(7721 7761 7762 7723 7722)
4(3815 3853 3852 3814)
4(7761 7799 7800 7762)
5(3777 3778 3816 3815 3776)
5(7723 7762 7763 7725 7724)
4(3816 3854 3853 3815)
4(7762 7800 7801 7763)
5(3779 3780 3817 3816 3778)
5(7725 7763 7764 7727 7726)
4(3817 3855 3854 3816)
4(7763 7801 7802 7764)
5(3781 3782 3818 3817 3780)
5(7727 7764 7765 7729 7728)
4(3818 3856 3855 3817)
4(7764 7802 7803 7765)
6(3560 3591 3783 3782 3718 3590)
6(7537 7665 7729 7730 7538 7507)
5(3590 3580 3542 3543 3560)
5(7507 7490 7489 7527 7537)
5(3544 3561 3591 3560 3543)
5(7490 7507 7538 7508 7491)
5(3562 3563 3592 3591 3561)
5(7508 7538 7539 7510 7509)
4(3592 3784 3783 3591)
4(7538 7730 7731 7539)
4(1389 1398 1397 1388)
4(5335 5344 5345 5336)
5(1398 1401 1420 1419 1397)
5(5344 5366 5367 5348 5345)
4(1420 1426 1425 1419)
4(5366 5372 5373 5367)
5(1426 1429 1449 1448 1425)
5(5372 5395 5396 5376 5373)
4(1449 1456 1455 1448)
4(5395 5402 5403 5396)
5(1456 1459 1478 1477 1455)
5(5402 5424 5425 5406 5403)
4(1478 1484 1483 1477)
4(5424 5430 5431 5425)
5(1484 1487 1510 1509 1483)
5(5430 5456 5457 5434 5431)
4(1510 1520 1519 1509)
4(5456 5466 5467 5457)
3(1547 1519 1520)
3(5467 5466 5494)
3(1547 1520 1523)
3(5470 5467 5494)
4(1524 1548 1547 1523)
4(5470 5494 5495 5471)
4(1525 1549 1548 1524)
4(5471 5495 5496 5472)
4(1526 1550 1549 1525)
4(5472 5496 5497 5473)
5(1527 1552 1551 1550 1526)
5(5473 5497 5498 5499 5474)
4(1552 1562 1561 1551)
4(5498 5508 5509 5499)
3(1566 1589 1588)
3(5535 5536 5513)
3(1588 1561 1562)
3(5509 5508 5535)
3(1565 1566 1588)
3(5535 5513 5512)
3(1562 1565 1588)
3(5535 5512 5509)
4(1567 1590 1589 1566)
4(5513 5536 5537 5514)
4(1568 1591 1590 1567)
4(5514 5537 5538 5515)
4(1591 1602 1601 1590)
4(5537 5548 5549 5538)
4(1605 1621 1620 1601)
4(5548 5567 5568 5552)
3(1601 1602 1605)
3(5552 5549 5548)
3(1605 1606 1621)
3(5568 5553 5552)
5(1607 1623 1622 1621 1606)
5(5553 5568 5569 5570 5554)
6(3469 3470 3566 3565 3515 3468)
6(7415 7462 7512 7513 7417 7416)
6(3408 3409 3471 3470 3425 3407)
6(7354 7372 7417 7418 7356 7355)
4(3471 3567 3566 3470)
4(7417 7513 7514 7418)
5(3410 3411 3472 3471 3409)
5(7356 7418 7419 7358 7357)
4(3472 3568 3567 3471)
4(7418 7514 7515 7419)
5(3564 3565 3593 3592 3563)
5(7510 7539 7540 7512 7511)
4(3593 3785 3784 3592)
4(7539 7731 7732 7540)
4(3566 3594 3593 3565)
4(7512 7540 7541 7513)
4(3594 3786 3785 3593)
4(7540 7732 7733 7541)
5(3412 3413 3473 3472 3411)
5(7358 7419 7420 7360 7359)
4(3473 3569 3568 3472)
4(7419 7515 7516 7420)
5(3414 3415 3474 3473 3413)
5(7360 7420 7421 7362 7361)
4(3474 3570 3569 3473)
4(7420 7516 7517 7421)
6(3212 3213 3267 3266 3227 3211)
6(7158 7174 7213 7214 7160 7159)
5(3267 3416 3415 3356 3266)
5(7213 7303 7362 7363 7214)
4(3214 3268 3267 3213)
4(7160 7214 7215 7161)
4(3268 3417 3416 3267)
4(7214 7363 7364 7215)
4(1623 1630 1629 1622)
4(5569 5576 5577 5570)
3(1634 1653 1652)
3(5599 5600 5581)
3(1633 1634 1652)
3(5599 5581 5580)
3(1652 1629 1630)
3(5577 5576 5599)
3(1630 1633 1652)
3(5599 5580 5577)
4(1635 1654 1653 1634)
4(5581 5600 5601 5582)
4(1653 1666 1665 1652)
4(5599 5612 5613 5600)
4(1666 1684 1683 1665)
4(5612 5630 5631 5613)
4(1654 1667 1666 1653)
4(5600 5613 5614 5601)
3(1685 1684 1666)
3(5613 5631 5632)
3(1666 1667 1671)
3(5618 5614 5613)
3(1685 1666 1671)
3(5618 5613 5632)
3(1671 1672 1685)
3(5632 5619 5618)
5(1673 1687 1686 1685 1672)
5(5619 5632 5633 5634 5620)
4(1686 1696 1695 1685)
4(5632 5642 5643 5633)
4(1696 1714 1713 1695)
4(5642 5660 5661 5643)
4(1687 1697 1696 1686)
4(5633 5643 5644 5634)
3(1702 1715 1714)
3(5661 5662 5649)
3(1701 1702 1714)
3(5661 5649 5648)
4(1697 1701 1714 1696)
4(5643 5661 5648 5644)
4(1703 1716 1715 1702)
4(5649 5662 5663 5650)
4(1716 1726 1725 1715)
4(5662 5672 5673 5663)
4(1765 1770 1764 1725)
4(5672 5711 5717 5712)
3(1725 1726 1765)
3(5712 5673 5672)
3(1810 1809 1764)
3(5711 5756 5757)
3(1770 1771 1810)
3(5757 5718 5717)
3(1770 1810 1764)
3(5711 5757 5717)
4(1810 1930 1929 1809)
4(5756 5876 5877 5757)
4(1772 1811 1810 1771)
4(5718 5757 5758 5719)
4(1811 1931 1930 1810)
4(5757 5877 5878 5758)
4(1773 1812 1811 1772)
4(5719 5758 5759 5720)
4(1812 1932 1931 1811)
4(5758 5878 5879 5759)
4(1774 1813 1812 1773)
4(5720 5759 5760 5721)
5(1813 1819 1933 1932 1812)
5(5759 5879 5880 5766 5760)
4(1820 1934 1933 1819)
4(5766 5880 5881 5767)
4(1821 1935 1934 1820)
4(5767 5881 5882 5768)
5(1822 1823 1936 1935 1821)
5(5768 5882 5883 5770 5769)
4(1824 1937 1936 1823)
4(5770 5883 5884 5771)
4(1825 1938 1937 1824)
4(5771 5884 5885 5772)
5(1826 1827 1939 1938 1825)
5(5772 5885 5886 5774 5773)
4(1828 1940 1939 1827)
4(5774 5886 5887 5775)
4(1829 1941 1940 1828)
4(5775 5887 5888 5776)
4(1830 1942 1941 1829)
4(5776 5888 5889 5777)
4(1831 1943 1942 1830)
4(5777 5889 5890 5778)
5(1832 1833 1944 1943 1831)
5(5778 5890 5891 5780 5779)
4(1834 1945 1944 1833)
4(5780 5891 5892 5781)
4(1835 1946 1945 1834)
4(5781 5892 5893 5782)
5(1836 1837 1947 1946 1835)
5(5782 5893 5894 5784 5783)
4(1838 1948 1947 1837)
4(5784 5894 5895 5785)
4(1839 1949 1948 1838)
4(5785 5895 5896 5786)
4(1840 1950 1949 1839)
4(5786 5896 5897 5787)
4(1841 1951 1950 1840)
4(5787 5897 5898 5788)
5(1842 1843 1952 1951 1841)
5(5788 5898 5899 5790 5789)
4(1844 1953 1952 1843)
4(5790 5899 5900 5791)
4(1845 1954 1953 1844)
4(5791 5900 5901 5792)
5(1846 1847 1955 1954 1845)
5(5792 5901 5902 5794 5793)
4(1848 1956 1955 1847)
4(5794 5902 5903 5795)
4(1849 1957 1956 1848)
4(5795 5903 5904 5796)
4(1850 1958 1957 1849)
4(5796 5904 5905 5797)
4(1851 1959 1958 1850)
4(5797 5905 5906 5798)
5(1852 1853 1960 1959 1851)
5(5798 5906 5907 5800 5799)
4(1854 1961 1960 1853)
4(5800 5907 5908 5801)
4(1855 1962 1961 1854)
4(5801 5908 5909 5802)
5(1856 1857 1963 1962 1855)
5(5802 5909 5910 5804 5803)
4(1858 1964 1963 1857)
4(5804 5910 5911 5805)
4(1859 1965 1964 1858)
4(5805 5911 5912 5806)
4(1860 1966 1965 1859)
4(5806 5912 5913 5807)
4(1861 1967 1966 1860)
4(5807 5913 5914 5808)
5(1862 1863 1968 1967 1861)
5(5808 5914 5915 5810 5809)
4(1864 1969 1968 1863)
4(5810 5915 5916 5811)
4(1865 1970 1969 1864)
4(5811 5916 5917 5812)
5(1866 1867 1971 1970 1865)
5(5812 5917 5918 5814 5813)
4(1868 1972 1971 1867)
4(5814 5918 5919 5815)
4(1869 1973 1972 1868)
4(5815 5919 5920 5816)
3(2425 2424 2388)
3(6335 6371 6372)
3(2402 2425 2388)
3(6335 6372 6349)
4(2389 2403 2402 2388)
4(6335 6349 6350 6336)
4(2425 2435 2434 2424)
4(6371 6381 6382 6372)
4(2390 2404 2403 2389)
4(6336 6350 6351 6337)
4(2391 2405 2404 2390)
4(6337 6351 6352 6338)
5(2392 2393 2406 2405 2391)
5(6338 6352 6353 6340 6339)
4(2320 2328 2342 2319)
4(6266 6289 6275 6267)
3(2328 2343 2342)
3(6289 6290 6275)
3(2320 2329 2328)
3(6275 6276 6267)
4(2343 2354 2353 2342)
4(6289 6300 6301 6290)
5(2321 2322 2330 2329 2320)
5(6267 6276 6277 6269 6268)
3(2351 2352 2365)
3(6312 6299 6298)
3(2383 2382 2351)
3(6298 6329 6330)
3(2351 2365 2364)
3(6311 6312 6298)
3(2364 2383 2351)
3(6298 6330 6311)
4(2383 2393 2392 2382)
4(6329 6339 6340 6330)
4(2353 2366 2365 2352)
4(6299 6312 6313 6300)
4(2354 2367 2366 2353)
4(6300 6313 6314 6301)
5(2435 2444 2461 2460 2434)
5(6381 6407 6408 6391 6382)
4(2461 2467 2466 2460)
4(6407 6413 6414 6408)
5(2467 2472 2489 2488 2466)
5(6413 6435 6436 6419 6414)
4(2489 2496 2495 2488)
4(6435 6442 6443 6436)
5(2496 2502 2519 2518 2495)
5(6442 6465 6466 6449 6443)
4(2519 2525 2524 2518)
4(6465 6471 6472 6466)
5(2525 2530 2547 2546 2524)
5(6471 6493 6494 6477 6472)
4(2547 2556 2555 2546)
4(6493 6502 6503 6494)
5(2556 2564 2581 2580 2555)
5(6502 6527 6528 6511 6503)
4(2581 2587 2586 2580)
4(6527 6533 6534 6528)
5(2587 2592 2609 2608 2586)
5(6533 6555 6556 6539 6534)
4(2609 2616 2615 2608)
4(6555 6562 6563 6556)
4(2616 2637 2636 2615)
4(6562 6583 6584 6563)
5(2637 2640 2659 2658 2636)
5(6583 6605 6606 6587 6584)
4(2659 2665 2664 2658)
4(6605 6611 6612 6606)
5(2665 2668 2692 2691 2664)
5(6611 6638 6639 6615 6612)
4(2255 2277 2276 2254)
4(6201 6223 6224 6202)
4(2277 2290 2289 2276)
4(6223 6236 6237 6224)
3(2277 2255 2256)
3(6203 6202 6224)
3(2266 2278 2277)
3(6224 6225 6213)
3(2266 2277 2256)
3(6203 6224 6213)
3(2256 2267 2266)
3(6213 6214 6203)
4(2278 2291 2290 2277)
4(6224 6237 6238 6225)
5(2227 2238 2247 2246 2226)
5(6173 6193 6194 6185 6174)
4(2247 2257 2256 2246)
4(6193 6203 6204 6194)
3(2227 2228 2239)
3(6186 6175 6174)
3(2227 2239 2238)
3(6185 6186 6174)
3(2238 2248 2247)
3(6194 6195 6185)
4(2248 2258 2257 2247)
4(6194 6204 6205 6195)
5(2257 2258 2268 2267 2256)
5(6203 6214 6215 6205 6204)
4(1930 2129 2128 1929)
4(5876 6075 6076 5877)
3(2138 2179 2128)
3(6075 6126 6085)
3(2128 2129 2138)
3(6085 6076 6075)
3(2129 2139 2138)
3(6085 6086 6076)
3(2180 2219 2218)
3(6165 6166 6127)
4(2218 2179 2138 2180)
4(6127 6085 6126 6165)
4(1931 2130 2129 1930)
4(5877 6076 6077 5878)
4(2130 2140 2139 2129)
4(6076 6086 6087 6077)
4(2219 2229 2228 2218)
4(6165 6175 6176 6166)
4(1932 2131 2130 1931)
4(5878 6077 6078 5879)
4(2131 2141 2140 2130)
4(6077 6087 6088 6078)
5(1933 2027 2132 2131 1932)
5(5879 6078 6079 5974 5880)
4(2132 2142 2141 2131)
4(6078 6088 6089 6079)
4(2229 2240 2239 2228)
4(6175 6186 6187 6176)
3(2289 2290 2303)
3(6250 6237 6236)
3(2289 2303 2302)
3(6249 6250 6236)
3(2314 2289 2302)
3(6249 6236 6261)
3(2302 2315 2314)
3(6261 6262 6249)
4(2315 2322 2321 2314)
4(6261 6268 6269 6262)
4(2291 2304 2303 2290)
4(6237 6250 6251 6238)
4(1934 2028 2027 1933)
4(5880 5974 5975 5881)
4(1935 2029 2028 1934)
4(5881 5975 5976 5882)
5(1936 2031 2030 2029 1935)
5(5882 5976 5977 5978 5883)
4(1937 2032 2031 1936)
4(5883 5978 5979 5884)
4(1938 2033 2032 1937)
4(5884 5979 5980 5885)
5(1939 2035 2034 2033 1938)
5(5885 5980 5981 5982 5886)
4(1940 2036 2035 1939)
4(5886 5982 5983 5887)
4(1941 2037 2036 1940)
4(5887 5983 5984 5888)
4(2692 2703 2702 2691)
4(6638 6649 6650 6639)
5(2703 2706 2725 2724 2702)
5(6649 6671 6672 6653 6650)
4(2725 2731 2730 2724)
4(6671 6677 6678 6672)
5(2731 2734 2754 2753 2730)
5(6677 6700 6701 6681 6678)
4(2754 2761 2760 2753)
4(6700 6707 6708 6701)
5(2761 2764 2783 2782 2760)
5(6707 6729 6730 6711 6708)
4(2783 2789 2788 2782)
4(6729 6735 6736 6730)
5(2789 2792 2814 2813 2788)
5(6735 6760 6761 6739 6736)
4(2814 2823 2822 2813)
4(6760 6769 6770 6761)
5(2823 2826 2845 2844 2822)
5(6769 6791 6792 6773 6770)
4(2845 2851 2850 2844)
4(6791 6797 6798 6792)
5(2851 2854 2874 2873 2850)
5(6797 6820 6821 6801 6798)
4(2874 2881 2880 2873)
4(6820 6827 6828 6821)
5(2881 2884 2903 2902 2880)
5(6827 6849 6850 6831 6828)
4(2903 2909 2908 2902)
4(6849 6855 6856 6850)
5(2909 2912 2935 2934 2908)
5(6855 6881 6882 6859 6856)
4(2935 2945 2944 2934)
4(6881 6891 6892 6882)
5(2945 2948 2967 2966 2944)
5(6891 6913 6914 6895 6892)
4(2967 2973 2972 2966)
4(6913 6919 6920 6914)
5(2973 2976 2996 2995 2972)
5(6919 6942 6943 6923 6920)
4(2996 3003 3002 2995)
4(6942 6949 6950 6943)
4(3006 3033 3032 3002)
4(6949 6979 6980 6953)
3(3006 3007 3033)
3(6980 6954 6953)
3(3002 3003 3006)
3(6953 6950 6949)
4(3008 3034 3033 3007)
4(6954 6980 6981 6955)
4(3009 3035 3034 3008)
4(6955 6981 6982 6956)
4(3010 3036 3035 3009)
4(6956 6982 6983 6957)
4(3011 3037 3036 3010)
4(6957 6983 6984 6958)
4(3037 3047 3046 3036)
4(6983 6993 6994 6984)
3(3051 3076 3075)
3(7022 7023 6998)
3(3050 3051 3075)
3(7022 6998 6997)
3(3075 3046 3047)
3(6994 6993 7022)
3(3047 3050 3075)
3(7022 6997 6994)
4(3052 3077 3076 3051)
4(6998 7023 7024 6999)
4(3053 3078 3077 3052)
4(6999 7024 7025 7000)
4(3078 3091 3090 3077)
4(7024 7037 7038 7025)
3(3112 3111 3090)
3(7037 7058 7059)
3(3090 3091 3094)
3(7041 7038 7037)
3(3112 3090 3094)
3(7041 7037 7059)
3(3094 3095 3112)
3(7059 7042 7041)
4(3096 3113 3112 3095)
4(7042 7059 7060 7043)
4(3097 3114 3113 3096)
4(7043 7060 7061 7044)
4(3114 3121 3120 3113)
4(7060 7067 7068 7061)
3(3125 3142 3141)
3(7088 7089 7072)
3(3124 3125 3141)
3(7088 7072 7071)
3(3141 3120 3121)
3(7068 7067 7088)
3(3121 3124 3141)
3(7088 7071 7068)
4(3126 3143 3142 3125)
4(7072 7089 7090 7073)
4(3142 3153 3152 3141)
4(7088 7099 7100 7089)
4(3153 3171 3170 3152)
4(7099 7117 7118 7100)
4(3143 3154 3153 3142)
4(7089 7100 7101 7090)
3(3172 3171 3153)
3(7100 7118 7119)
3(3153 3154 3158)
3(7105 7101 7100)
3(3172 3153 3158)
3(7105 7100 7119)
3(3158 3159 3172)
3(7119 7106 7105)
5(3160 3174 3173 3172 3159)
5(7106 7119 7120 7121 7107)
4(3173 3183 3182 3172)
4(7119 7129 7130 7120)
4(3183 3207 3206 3182)
4(7129 7153 7154 7130)
4(3174 3184 3183 3173)
4(7120 7130 7131 7121)
3(3189 3208 3207)
3(7154 7155 7136)
3(3188 3189 3207)
3(7154 7136 7135)
4(3184 3188 3207 3183)
4(7130 7154 7135 7131)
4(3190 3209 3208 3189)
4(7136 7155 7156 7137)
4(1942 2038 2037 1941)
4(5888 5984 5985 5889)
4(1943 2039 2038 1942)
4(5889 5985 5986 5890)
5(1944 2041 2040 2039 1943)
5(5890 5986 5987 5988 5891)
4(1945 2042 2041 1944)
4(5891 5988 5989 5892)
4(1946 2043 2042 1945)
4(5892 5989 5990 5893)
5(1947 2045 2044 2043 1946)
5(5893 5990 5991 5992 5894)
4(1948 2046 2045 1947)
4(5894 5992 5993 5895)
4(1949 2047 2046 1948)
4(5895 5993 5994 5896)
4(1950 2048 2047 1949)
4(5896 5994 5995 5897)
4(1951 2049 2048 1950)
4(5897 5995 5996 5898)
5(1952 2051 2050 2049 1951)
5(5898 5996 5997 5998 5899)
4(1953 2052 2051 1952)
4(5899 5998 5999 5900)
4(1954 2053 2052 1953)
4(5900 5999 6000 5901)
5(1955 2055 2054 2053 1954)
5(5901 6000 6001 6002 5902)
4(1956 2056 2055 1955)
4(5902 6002 6003 5903)
4(1957 2057 2056 1956)
4(5903 6003 6004 5904)
4(1958 2058 2057 1957)
4(5904 6004 6005 5905)
4(1959 2059 2058 1958)
4(5905 6005 6006 5906)
5(1960 2061 2060 2059 1959)
5(5906 6006 6007 6008 5907)
4(1961 2062 2061 1960)
4(5907 6008 6009 5908)
4(1962 2063 2062 1961)
4(5908 6009 6010 5909)
5(1963 2065 2064 2063 1962)
5(5909 6010 6011 6012 5910)
4(1964 2066 2065 1963)
4(5910 6012 6013 5911)
4(1965 2067 2066 1964)
4(5911 6013 6014 5912)
4(1966 2068 2067 1965)
4(5912 6014 6015 5913)
4(1967 2069 2068 1966)
4(5913 6015 6016 5914)
5(1968 2071 2070 2069 1967)
5(5914 6016 6017 6018 5915)
4(1969 2072 2071 1968)
4(5915 6018 6019 5916)
4(1970 2073 2072 1969)
4(5916 6019 6020 5917)
5(1971 2075 2074 2073 1970)
5(5917 6020 6021 6022 5918)
4(1972 2076 2075 1971)
4(5918 6022 6023 5919)
4(1973 2077 2076 1972)
4(5919 6023 6024 5920)
4(3264 3269 3263 3224)
4(7171 7210 7216 7211)
3(3224 3225 3264)
3(7211 7172 7171)
4(3224 3208 3209 3225)
4(7172 7156 7155 7171)
4(3344 3397 3396 3343)
4(7290 7343 7344 7291)
4(3269 3344 3343 3263)
4(7210 7290 7291 7216)
3(3269 3270 3344)
3(7291 7217 7216)
4(3271 3345 3344 3270)
4(7217 7291 7292 7218)
4(3345 3398 3397 3344)
4(7291 7344 7345 7292)
4(3272 3346 3345 3271)
4(7218 7292 7293 7219)
4(3346 3399 3398 3345)
4(7292 7345 7346 7293)
5(3273 3308 3347 3346 3272)
5(7219 7293 7294 7255 7220)
4(3347 3400 3399 3346)
4(7293 7346 7347 7294)
4(3309 3348 3347 3308)
4(7255 7294 7295 7256)
4(3348 3401 3400 3347)
4(7294 7347 7348 7295)
4(3310 3349 3348 3309)
4(7256 7295 7296 7257)
4(3349 3402 3401 3348)
4(7295 7348 7349 7296)
4(3402 3349 3310 3311)
4(7258 7257 7296 7349)
3(3402 3311 3357)
3(7304 7258 7349)
4(3358 3403 3402 3357)
4(7304 7349 7350 7305)
4(3359 3404 3403 3358)
4(7305 7350 7351 7306)
4(3360 3405 3404 3359)
4(7306 7351 7352 7307)
5(3361 3422 3421 3405 3360)
5(7307 7352 7368 7369 7308)
4(3405 3421 3420 3404)
4(7351 7367 7368 7352)
4(3421 3462 3461 3420)
4(7367 7408 7409 7368)
4(3426 3427 3463 3462)
4(7409 7410 7374 7373)
4(3462 3421 3422 3426)
4(7373 7369 7368 7409)
4(3428 3464 3463 3427)
4(7374 7410 7411 7375)
4(3429 3465 3464 3428)
4(7375 7411 7412 7376)
4(3464 3505 3504 3463)
4(7410 7451 7452 7411)
4(3505 3555 3554 3504)
4(7451 7501 7502 7452)
5(3465 3475 3506 3505 3464)
5(7411 7452 7453 7422 7412)
4(3506 3556 3555 3505)
4(7452 7502 7503 7453)
4(3476 3507 3506 3475)
4(7422 7453 7454 7423)
4(3507 3557 3556 3506)
4(7453 7503 7504 7454)
4(3477 3508 3507 3476)
4(7423 7454 7455 7424)
4(3508 3558 3557 3507)
4(7454 7504 7505 7455)
4(3478 3509 3508 3477)
4(7424 7455 7456 7425)
3(3558 3508 3509)
3(7456 7455 7505)
3(3558 3509 3516)
3(7463 7456 7505)
4(3519 3576 3575 3518)
4(7465 7522 7523 7466)
4(3520 3577 3576 3519)
4(7466 7523 7524 7467)
4(3576 3586 3585 3575)
4(7522 7532 7533 7523)
4(3577 3587 3586 3576)
4(7523 7533 7534 7524)
4(3586 3663 3662 3585)
4(7532 7609 7610 7533)
4(3663 3727 3726 3662)
4(7609 7673 7674 7610)
3(3663 3586 3587)
3(7534 7533 7610)
3(3596 3664 3663)
3(7610 7611 7543)
3(3663 3587 3595)
3(7542 7534 7610)
3(3595 3596 3663)
3(7610 7543 7542)
4(3664 3728 3727 3663)
4(7610 7674 7675 7611)
4(3597 3665 3664 3596)
4(7543 7611 7612 7544)
4(3665 3729 3728 3664)
4(7611 7675 7676 7612)
4(3598 3666 3665 3597)
4(7544 7612 7613 7545)
4(3666 3730 3729 3665)
4(7612 7676 7677 7613)
4(3599 3667 3666 3598)
4(7545 7613 7614 7546)
4(3667 3731 3730 3666)
4(7613 7677 7678 7614)
4(3600 3668 3667 3599)
4(7546 7614 7615 7547)
4(3668 3732 3731 3667)
4(7614 7678 7679 7615)
5(3601 3602 3669 3668 3600)
5(7547 7615 7616 7549 7548)
4(3669 3733 3732 3668)
4(7615 7679 7680 7616)
4(3603 3670 3669 3602)
4(7549 7616 7617 7550)
4(3670 3734 3733 3669)
4(7616 7680 7681 7617)
4(3604 3671 3670 3603)
4(7550 7617 7618 7551)
4(3671 3735 3734 3670)
4(7617 7681 7682 7618)
5(3605 3606 3672 3671 3604)
5(7551 7618 7619 7553 7552)
4(3672 3736 3735 3671)
4(7618 7682 7683 7619)
4(3607 3673 3672 3606)
4(7553 7619 7620 7554)
4(3673 3737 3736 3672)
4(7619 7683 7684 7620)
4(3608 3674 3673 3607)
4(7554 7620 7621 7555)
4(3674 3738 3737 3673)
4(7620 7684 7685 7621)
4(3609 3675 3674 3608)
4(7555 7621 7622 7556)
4(3675 3739 3738 3674)
4(7621 7685 7686 7622)
4(3610 3676 3675 3609)
4(7556 7622 7623 7557)
4(3676 3740 3739 3675)
4(7622 7686 7687 7623)
5(3611 3612 3677 3676 3610)
5(7557 7623 7624 7559 7558)
4(3677 3741 3740 3676)
4(7623 7687 7688 7624)
4(3613 3678 3677 3612)
4(7559 7624 7625 7560)
4(3678 3742 3741 3677)
4(7624 7688 7689 7625)
4(3614 3679 3678 3613)
4(7560 7625 7626 7561)
4(3679 3743 3742 3678)
4(7625 7689 7690 7626)
5(3615 3616 3680 3679 3614)
5(7561 7626 7627 7563 7562)
4(3680 3744 3743 3679)
4(7626 7690 7691 7627)
4(3617 3681 3680 3616)
4(7563 7627 7628 7564)
4(3681 3745 3744 3680)
4(7627 7691 7692 7628)
4(3618 3682 3681 3617)
4(7564 7628 7629 7565)
4(3682 3746 3745 3681)
4(7628 7692 7693 7629)
4(3619 3683 3682 3618)
4(7565 7629 7630 7566)
4(3683 3747 3746 3682)
4(7629 7693 7694 7630)
4(3620 3684 3683 3619)
4(7566 7630 7631 7567)
4(3684 3748 3747 3683)
4(7630 7694 7695 7631)
5(3621 3622 3685 3684 3620)
5(7567 7631 7632 7569 7568)
4(3685 3749 3748 3684)
4(7631 7695 7696 7632)
4(3623 3686 3685 3622)
4(7569 7632 7633 7570)
4(3686 3750 3749 3685)
4(7632 7696 7697 7633)
4(3624 3687 3686 3623)
4(7570 7633 7634 7571)
4(3687 3751 3750 3686)
4(7633 7697 7698 7634)
5(3625 3626 3688 3687 3624)
5(7571 7634 7635 7573 7572)
4(3688 3752 3751 3687)
4(7634 7698 7699 7635)
4(3627 3689 3688 3626)
4(7573 7635 7636 7574)
4(3689 3753 3752 3688)
4(7635 7699 7700 7636)
4(3628 3690 3689 3627)
4(7574 7636 7637 7575)
4(3690 3754 3753 3689)
4(7636 7700 7701 7637)
4(193 257 256 192)
4(4139 4203 4204 4140)
4(257 319 318 256)
4(4203 4265 4266 4204)
4(194 258 257 193)
4(4140 4204 4205 4141)
4(258 320 319 257)
4(4204 4266 4267 4205)
4(195 259 258 194)
4(4141 4205 4206 4142)
5(259 322 321 320 258)
5(4205 4267 4268 4269 4206)
4(196 260 259 195)
4(4142 4206 4207 4143)
4(260 323 322 259)
4(4206 4269 4270 4207)
4(197 261 260 196)
4(4143 4207 4208 4144)
4(261 324 323 260)
4(4207 4270 4271 4208)
4(198 262 261 197)
4(4144 4208 4209 4145)
5(262 326 325 324 261)
5(4208 4271 4272 4273 4209)
4(199 263 262 198)
4(4145 4209 4210 4146)
4(263 327 326 262)
4(4209 4273 4274 4210)
4(200 264 263 199)
4(4146 4210 4211 4147)
4(264 328 327 263)
4(4210 4274 4275 4211)
4(201 265 264 200)
4(4147 4211 4212 4148)
4(265 329 328 264)
4(4211 4275 4276 4212)
4(202 266 265 201)
4(4148 4212 4213 4149)
4(266 330 329 265)
4(4212 4276 4277 4213)
4(203 267 266 202)
4(4149 4213 4214 4150)
5(267 332 331 330 266)
5(4213 4277 4278 4279 4214)
4(204 268 267 203)
4(4150 4214 4215 4151)
4(268 333 332 267)
4(4214 4279 4280 4215)
4(205 269 268 204)
4(4151 4215 4216 4152)
4(269 334 333 268)
4(4215 4280 4281 4216)
4(206 270 269 205)
4(4152 4216 4217 4153)
5(270 336 335 334 269)
5(4216 4281 4282 4283 4217)
4(207 271 270 206)
4(4153 4217 4218 4154)
4(271 337 336 270)
4(4217 4283 4284 4218)
4(208 272 271 207)
4(4154 4218 4219 4155)
4(272 338 337 271)
4(4218 4284 4285 4219)
4(209 273 272 208)
4(4155 4219 4220 4156)
4(273 339 338 272)
4(4219 4285 4286 4220)
4(210 274 273 209)
4(4156 4220 4221 4157)
4(274 340 339 273)
4(4220 4286 4287 4221)
4(211 275 274 210)
4(4157 4221 4222 4158)
5(275 342 341 340 274)
5(4221 4287 4288 4289 4222)
4(212 276 275 211)
4(4158 4222 4223 4159)
4(276 343 342 275)
4(4222 4289 4290 4223)
4(213 277 276 212)
4(4159 4223 4224 4160)
4(277 344 343 276)
4(4223 4290 4291 4224)
4(214 278 277 213)
4(4160 4224 4225 4161)
5(278 346 345 344 277)
5(4224 4291 4292 4293 4225)
4(215 279 278 214)
4(4161 4225 4226 4162)
4(279 347 346 278)
4(4225 4293 4294 4226)
4(216 280 279 215)
4(4162 4226 4227 4163)
4(280 348 347 279)
4(4226 4294 4295 4227)
4(217 281 280 216)
4(4163 4227 4228 4164)
4(281 349 348 280)
4(4227 4295 4296 4228)
4(218 282 281 217)
4(4164 4228 4229 4165)
4(282 350 349 281)
4(4228 4296 4297 4229)
4(219 283 282 218)
4(4165 4229 4230 4166)
3(283 360 359)
3(4306 4307 4230)
3(350 282 283)
3(4230 4229 4297)
3(283 359 351)
3(4298 4306 4230)
3(283 351 350)
3(4297 4298 4230)
4(220 284 283 219)
4(4166 4230 4231 4167)
4(284 361 360 283)
4(4230 4307 4308 4231)
4(360 370 369 359)
4(4306 4316 4317 4307)
4(370 427 426 369)
4(4316 4373 4374 4317)
4(361 371 370 360)
4(4307 4317 4318 4308)
4(371 428 427 370)
4(4317 4374 4375 4318)
4(438 437 430 388)
4(4335 4377 4384 4385)
4(438 469 468 437)
4(4384 4415 4416 4385)
4(389 439 438 388)
4(4335 4385 4386 4336)
4(439 470 469 438)
4(4385 4416 4417 4386)
4(390 440 439 389)
4(4336 4386 4387 4337)
4(440 471 470 439)
4(4386 4417 4418 4387)
4(391 441 440 390)
4(4337 4387 4388 4338)
5(441 482 481 471 440)
5(4387 4418 4428 4429 4388)
4(392 442 441 391)
4(4338 4388 4389 4339)
4(442 483 482 441)
4(4388 4429 4430 4389)
4(482 518 517 481)
4(4428 4464 4465 4429)
4(483 519 518 482)
4(4429 4465 4466 4430)
4(484 525 524 520)
4(4467 4471 4472 4431)
4(520 519 483 484)
4(4431 4430 4466 4467)
5(525 541 586 585 524)
5(4471 4532 4533 4488 4472)
4(485 526 525 484)
4(4431 4472 4473 4432)
4(526 542 541 525)
4(4472 4488 4489 4473)
4(542 587 586 541)
4(4488 4533 4534 4489)
4(543 588 587 542)
4(4489 4534 4535 4490)
4(544 597 636 635)
4(4582 4583 4544 4491)
3(544 635 589)
3(4536 4582 4491)
4(544 589 588 543)
4(4490 4535 4536 4491)
4(545 598 597 544)
4(4491 4544 4545 4492)
4(598 637 636 597)
4(4544 4583 4584 4545)
4(546 599 598 545)
4(4492 4545 4546 4493)
4(599 638 637 598)
4(4545 4584 4585 4546)
4(547 600 599 546)
4(4493 4546 4547 4494)
5(600 674 673 638 599)
5(4546 4585 4620 4621 4547)
4(548 601 600 547)
4(4494 4547 4548 4495)
4(601 675 674 600)
4(4547 4621 4622 4548)
4(549 602 601 548)
4(4495 4548 4549 4496)
4(602 676 675 601)
4(4548 4622 4623 4549)
4(550 603 602 549)
4(4496 4549 4550 4497)
4(603 683 677 602)
4(4549 4624 4630 4550)
3(677 676 602)
3(4549 4623 4624)
3(722 721 682)
3(4629 4668 4669)
4(682 677 683 722)
4(4669 4630 4624 4629)
4(722 738 737 721)
4(4668 4684 4685 4669)
4(1870 1974 1973 1869)
4(5816 5920 5921 5817)
4(1871 1975 1974 1870)
4(5817 5921 5922 5818)
5(1872 1873 1976 1975 1871)
5(5818 5922 5923 5820 5819)
4(1874 1977 1976 1873)
4(5820 5923 5924 5821)
4(1875 1978 1977 1874)
4(5821 5924 5925 5822)
5(1876 1877 1979 1978 1875)
5(5822 5925 5926 5824 5823)
4(1878 1980 1979 1877)
4(5824 5926 5927 5825)
4(1879 1981 1980 1878)
4(5825 5927 5928 5826)
4(1880 1982 1981 1879)
4(5826 5928 5929 5827)
4(1881 1983 1982 1880)
4(5827 5929 5930 5828)
5(1882 1883 1984 1983 1881)
5(5828 5930 5931 5830 5829)
4(1884 1985 1984 1883)
4(5830 5931 5932 5831)
4(1885 1986 1985 1884)
4(5831 5932 5933 5832)
5(1886 1887 1987 1986 1885)
5(5832 5933 5934 5834 5833)
4(1888 1988 1987 1887)
4(5834 5934 5935 5835)
4(1889 1989 1988 1888)
4(5835 5935 5936 5836)
4(1890 1990 1989 1889)
4(5836 5936 5937 5837)
4(1891 1991 1990 1890)
4(5837 5937 5938 5838)
5(1892 1893 1992 1991 1891)
5(5838 5938 5939 5840 5839)
4(1894 1993 1992 1893)
4(5840 5939 5940 5841)
4(1895 1994 1993 1894)
4(5841 5940 5941 5842)
5(1896 1897 1995 1994 1895)
5(5842 5941 5942 5844 5843)
4(1898 1996 1995 1897)
4(5844 5942 5943 5845)
4(1899 1997 1996 1898)
4(5845 5943 5944 5846)
4(1900 1998 1997 1899)
4(5846 5944 5945 5847)
4(1901 1999 1998 1900)
4(5847 5945 5946 5848)
5(1902 1903 2000 1999 1901)
5(5848 5946 5947 5850 5849)
4(1904 2001 2000 1903)
4(5850 5947 5948 5851)
4(1905 2002 2001 1904)
4(5851 5948 5949 5852)
5(1906 1907 2003 2002 1905)
5(5852 5949 5950 5854 5853)
4(1908 2004 2003 1907)
4(5854 5950 5951 5855)
4(1909 2005 2004 1908)
4(5855 5951 5952 5856)
4(738 757 756 737)
4(4684 4703 4704 4685)
3(757 738 739)
3(4686 4685 4704)
3(758 757 739)
3(4686 4704 4705)
4(763 762 758 739)
4(4686 4705 4709 4710)
4(763 773 772 762)
4(4709 4719 4720 4710)
4(740 764 763 739)
4(4686 4710 4711 4687)
4(764 774 773 763)
4(4710 4720 4721 4711)
5(773 774 787 786 772)
5(4719 4733 4734 4721 4720)
3(774 775 793)
3(4740 4722 4721)
3(793 792 788)
3(4735 4739 4740)
3(774 793 788)
3(4735 4740 4721)
3(788 787 774)
3(4721 4734 4735)
4(793 804 803 792)
4(4739 4750 4751 4740)
4(776 794 793 775)
4(4722 4740 4741 4723)
4(794 805 804 793)
4(4740 4751 4752 4741)
4(804 821 820 803)
4(4750 4767 4768 4751)
3(821 804 805)
3(4752 4751 4768)
3(822 821 805)
3(4752 4768 4769)
3(805 826 825)
3(4772 4773 4752)
3(805 825 822)
3(4769 4772 4752)
4(826 833 832 825)
4(4772 4779 4780 4773)
4(833 850 849 832)
4(4779 4796 4797 4780)
4(834 851 850 833)
4(4780 4797 4798 4781)
3(834 835 856)
3(4803 4782 4781)
3(856 855 852)
3(4799 4802 4803)
3(834 856 852)
3(4799 4803 4781)
3(852 851 834)
3(4781 4798 4799)
4(856 869 868 855)
4(4802 4815 4816 4803)
4(869 894 893 868)
4(4815 4840 4841 4816)
4(870 895 894 869)
4(4816 4841 4842 4817)
3(895 870 871)
3(4818 4817 4842)
3(896 895 871)
3(4818 4842 4843)
3(871 900 899)
3(4846 4847 4818)
3(871 899 896)
3(4843 4846 4818)
4(900 910 909 899)
4(4846 4856 4857 4847)
4(910 936 935 909)
4(4856 4882 4883 4857)
4(911 937 936 910)
4(4857 4883 4884 4858)
4(912 938 937 911)
4(4858 4884 4885 4859)
4(913 939 938 912)
4(4859 4885 4886 4860)
4(914 944 940 913)
4(4860 4887 4891 4861)
3(940 939 913)
3(4860 4886 4887)
3(944 943 940)
3(4887 4890 4891)
4(944 951 950 943)
4(4890 4897 4898 4891)
5(951 974 973 970 950)
5(4897 4917 4920 4921 4898)
4(974 980 979 973)
4(4920 4926 4927 4921)
5(980 1002 1001 998 979)
5(4926 4945 4948 4949 4927)
4(1002 1012 1011 1001)
4(4948 4958 4959 4949)
5(1012 1038 1037 1034 1011)
5(4958 4981 4984 4985 4959)
4(1038 1044 1043 1037)
4(4984 4990 4991 4985)
5(1044 1066 1065 1062 1043)
5(4990 5009 5012 5013 4991)
4(1066 1073 1072 1065)
4(5012 5019 5020 5013)
5(1073 1096 1095 1092 1072)
5(5019 5039 5042 5043 5020)
4(1096 1102 1101 1095)
4(5042 5048 5049 5043)
5(1102 1124 1123 1120 1101)
5(5048 5067 5070 5071 5049)
4(1124 1133 1132 1123)
4(5070 5079 5080 5071)
5(1133 1158 1157 1154 1132)
5(5079 5101 5104 5105 5080)
4(1158 1164 1163 1157)
4(5104 5110 5111 5105)
5(1164 1186 1185 1182 1163)
5(5110 5129 5132 5133 5111)
4(1186 1193 1192 1185)
4(5132 5139 5140 5133)
5(1193 1216 1215 1212 1192)
5(5139 5159 5162 5163 5140)
4(1216 1222 1221 1215)
4(5162 5168 5169 5163)
5(1222 1244 1243 1240 1221)
5(5168 5187 5190 5191 5169)
4(1244 1255 1254 1243)
4(5190 5201 5202 5191)
4(1910 2006 2005 1909)
4(5856 5952 5953 5857)
4(1911 2007 2006 1910)
4(5857 5953 5954 5858)
5(1912 1913 2008 2007 1911)
5(5858 5954 5955 5860 5859)
4(1914 2009 2008 1913)
4(5860 5955 5956 5861)
4(1915 2010 2009 1914)
4(5861 5956 5957 5862)
5(1916 1917 2011 2010 1915)
5(5862 5957 5958 5864 5863)
4(1918 2012 2011 1917)
4(5864 5958 5959 5865)
4(1919 2013 2012 1918)
4(5865 5959 5960 5866)
5(1617 1626 1625 1624 1616)
5(5563 5571 5572 5573 5564)
4(1643 1656 1655 1642)
4(5589 5602 5603 5590)
4(1625 1632 1631 1624)
4(5571 5578 5579 5572)
3(1657 1656 1643)
3(5590 5603 5604)
3(1657 1643 1644)
3(5591 5590 5604)
3(1632 1657 1644)
3(5591 5604 5579)
3(1632 1644 1631)
3(5578 5591 5579)
4(1707 1718 1717 1706)
4(5653 5664 5665 5654)
4(1805 1815 1814 1804)
4(5751 5761 5762 5752)
5(1815 2014 2013 1919 1814)
5(5761 5866 5960 5961 5762)
4(1806 1816 1815 1805)
4(5752 5762 5763 5753)
4(1816 2015 2014 1815)
4(5762 5961 5962 5763)
4(1718 1728 1727 1717)
4(5664 5674 5675 5665)
4(1818 1817 1808 1767)
4(5714 5755 5764 5765)
4(1728 1767 1808 1766)
4(5713 5755 5714 5675)
3(1766 1727 1728)
3(5675 5674 5713)
4(1807 1817 1816 1806)
4(5753 5763 5764 5754)
4(1817 2016 2015 1816)
4(5763 5962 5963 5764)
3(1817 1807 1808)
3(5755 5754 5764)
4(1818 2017 2016 1817)
4(5764 5963 5964 5765)
5(1679 1690 1689 1688 1678)
5(5625 5635 5636 5637 5626)
4(1689 1699 1698 1688)
4(5635 5645 5646 5636)
3(1719 1718 1707)
3(5654 5665 5666)
3(1719 1707 1708)
3(5655 5654 5666)
5(1700 1720 1719 1708 1699)
5(5646 5655 5666 5667 5647)
3(1699 1708 1698)
3(5645 5655 5646)
4(1690 1700 1699 1689)
4(5636 5646 5647 5637)
4(1656 1669 1668 1655)
4(5602 5615 5616 5603)
3(1669 1691 1690)
3(5637 5638 5616)
3(1680 1668 1669)
3(5616 5615 5627)
3(1680 1669 1690)
3(5637 5616 5627)
3(1690 1679 1680)
3(5627 5626 5637)
4(1657 1670 1669 1656)
4(5603 5616 5617 5604)
4(1670 1692 1691 1669)
4(5616 5638 5639 5617)
5(1255 1282 1281 1278 1254)
5(5201 5225 5228 5229 5202)
4(1282 1288 1287 1281)
4(5228 5234 5235 5229)
5(1288 1310 1309 1306 1287)
5(5234 5253 5256 5257 5235)
4(1310 1331 1330 1309)
4(5256 5277 5278 5257)
4(1331 1338 1337 1330)
4(5277 5284 5285 5278)
5(1338 1360 1359 1354 1337)
5(5284 5301 5306 5307 5285)
4(1360 1366 1365 1359)
4(5306 5312 5313 5307)
5(1366 1391 1390 1382 1365)
5(5312 5329 5337 5338 5313)
4(1391 1400 1399 1390)
4(5337 5346 5347 5338)
5(1400 1422 1421 1416 1399)
5(5346 5363 5368 5369 5347)
4(1422 1428 1427 1421)
4(5368 5374 5375 5369)
5(1428 1451 1450 1444 1427)
5(5374 5391 5397 5398 5375)
4(1451 1458 1457 1450)
4(5397 5404 5405 5398)
5(1458 1480 1479 1474 1457)
5(5404 5421 5426 5427 5405)
4(1480 1486 1485 1479)
4(5426 5432 5433 5427)
5(1486 1512 1511 1502 1485)
5(5432 5449 5458 5459 5433)
4(1580 1593 1592 1579)
4(5526 5539 5540 5527)
5(1541 1555 1554 1553 1540)
5(5487 5500 5501 5502 5488)
4(1581 1594 1593 1580)
4(5527 5540 5541 5528)
4(1554 1564 1563 1553)
4(5500 5510 5511 5501)
3(1595 1594 1581)
3(5528 5541 5542)
3(1563 1564 1595)
3(5542 5511 5510)
3(1595 1581 1582)
3(5529 5528 5542)
3(1595 1582 1563)
3(5510 5529 5542)
4(1593 1604 1603 1592)
4(5539 5550 5551 5540)
4(1627 1626 1618 1604)
4(5551 5565 5573 5574)
3(1618 1603 1604)
3(5551 5550 5565)
3(1626 1617 1618)
3(5565 5564 5573)
4(1542 1556 1555 1541)
4(5488 5502 5503 5489)
4(1543 1557 1556 1542)
4(5489 5503 5504 5490)
4(1512 1522 1521 1511)
4(5458 5468 5469 5459)
3(1521 1522 1558)
3(5505 5469 5468)
3(1544 1521 1558)
3(5505 5468 5491)
4(1544 1558 1557 1543)
4(5490 5504 5505 5491)
4(1974 2078 2077 1973)
4(5920 6024 6025 5921)
4(1975 2079 2078 1974)
4(5921 6025 6026 5922)
5(1976 2081 2080 2079 1975)
5(5922 6026 6027 6028 5923)
4(1977 2082 2081 1976)
4(5923 6028 6029 5924)
4(1978 2083 2082 1977)
4(5924 6029 6030 5925)
5(1979 2085 2084 2083 1978)
5(5925 6030 6031 6032 5926)
4(1980 2086 2085 1979)
4(5926 6032 6033 5927)
4(1981 2087 2086 1980)
4(5927 6033 6034 5928)
4(1982 2088 2087 1981)
4(5928 6034 6035 5929)
4(1983 2089 2088 1982)
4(5929 6035 6036 5930)
5(1984 2091 2090 2089 1983)
5(5930 6036 6037 6038 5931)
4(1985 2092 2091 1984)
4(5931 6038 6039 5932)
4(1986 2093 2092 1985)
4(5932 6039 6040 5933)
5(1987 2095 2094 2093 1986)
5(5933 6040 6041 6042 5934)
4(1988 2096 2095 1987)
4(5934 6042 6043 5935)
4(1989 2097 2096 1988)
4(5935 6043 6044 5936)
4(1990 2098 2097 1989)
4(5936 6044 6045 5937)
4(1991 2099 2098 1990)
4(5937 6045 6046 5938)
5(1992 2101 2100 2099 1991)
5(5938 6046 6047 6048 5939)
4(1993 2102 2101 1992)
4(5939 6048 6049 5940)
4(1994 2103 2102 1993)
4(5940 6049 6050 5941)
5(1995 2105 2104 2103 1994)
5(5941 6050 6051 6052 5942)
4(1996 2106 2105 1995)
4(5942 6052 6053 5943)
4(1997 2107 2106 1996)
4(5943 6053 6054 5944)
4(1998 2108 2107 1997)
4(5944 6054 6055 5945)
4(1999 2109 2108 1998)
4(5945 6055 6056 5946)
5(2000 2111 2110 2109 1999)
5(5946 6056 6057 6058 5947)
4(2001 2112 2111 2000)
4(5947 6058 6059 5948)
4(2002 2113 2112 2001)
4(5948 6059 6060 5949)
5(2003 2115 2114 2113 2002)
5(5949 6060 6061 6062 5950)
4(2004 2116 2115 2003)
4(5950 6062 6063 5951)
4(2005 2117 2116 2004)
4(5951 6063 6064 5952)
4(2006 2118 2117 2005)
4(5952 6064 6065 5953)
4(2007 2119 2118 2006)
4(5953 6065 6066 5954)
5(2008 2121 2120 2119 2007)
5(5954 6066 6067 6068 5955)
4(2009 2122 2121 2008)
4(5955 6068 6069 5956)
4(2010 2123 2122 2009)
4(5956 6069 6070 5957)
5(2011 2125 2124 2123 2010)
5(5957 6070 6071 6072 5958)
4(2012 2126 2125 2011)
4(5958 6072 6073 5959)
4(2013 2127 2126 2012)
4(5959 6073 6074 5960)
5(2014 2134 2133 2127 2013)
5(5960 6074 6080 6081 5961)
4(2134 2173 2172 2133)
4(6080 6119 6120 6081)
4(2015 2135 2134 2014)
4(5961 6081 6082 5962)
4(2135 2174 2173 2134)
4(6081 6120 6121 6082)
4(2016 2136 2135 2015)
4(5962 6082 6083 5963)
4(2136 2175 2174 2135)
4(6082 6121 6122 6083)
4(2017 2137 2136 2016)
4(5963 6083 6084 5964)
3(2136 2137 2182)
3(6129 6084 6083)
3(2176 2175 2136)
3(6083 6122 6123)
3(2221 2220 2181)
3(6128 6167 6168)
4(2181 2176 2182 2221)
4(6168 6129 6123 6128)
3(2182 2176 2136)
3(6083 6123 6129)
4(2221 2231 2230 2220)
4(6167 6177 6178 6168)
4(2231 2244 2243 2230)
4(6177 6190 6191 6178)
3(2244 2231 2232)
3(6179 6178 6191)
3(2245 2244 2232)
3(6179 6191 6192)
4(2250 2249 2245 2232)
4(6179 6192 6196 6197)
4(2250 2260 2259 2249)
4(6196 6206 6207 6197)
4(2233 2251 2250 2232)
4(6179 6197 6198 6180)
4(2251 2261 2260 2250)
4(6197 6207 6208 6198)
5(2260 2261 2274 2273 2259)
5(6206 6220 6221 6208 6207)
3(2261 2262 2280)
3(6227 6209 6208)
3(2280 2279 2275)
3(6222 6226 6227)
3(2261 2280 2275)
3(6222 6227 6208)
3(2275 2274 2261)
3(6208 6221 6222)
4(2280 2293 2292 2279)
4(6226 6239 6240 6227)
4(2263 2281 2280 2262)
4(6209 6227 6228 6210)
4(2281 2294 2293 2280)
4(6227 6240 6241 6228)
4(2293 2312 2311 2292)
4(6239 6258 6259 6240)
3(2312 2293 2294)
3(6241 6240 6259)
3(2313 2312 2294)
3(6241 6259 6260)
3(2294 2317 2316)
3(6263 6264 6241)
3(2294 2316 2313)
3(6260 6263 6241)
4(2317 2324 2323 2316)
4(6263 6270 6271 6264)
5(2324 2325 2340 2339 2323)
5(6270 6286 6287 6272 6271)
4(2326 2345 2341 2325)
4(6272 6288 6292 6273)
3(2345 2344 2341)
3(6288 6291 6292)
3(2341 2340 2325)
3(6272 6287 6288)
4(2345 2356 2355 2344)
4(6291 6302 6303 6292)
4(2356 2379 2378 2355)
4(6302 6325 6326 6303)
4(2357 2380 2379 2356)
4(6303 6326 6327 6304)
3(2380 2357 2358)
3(6305 6304 6327)
3(2358 2385 2384)
3(6331 6332 6305)
3(2381 2380 2358)
3(6305 6327 6328)
3(2358 2384 2381)
3(6328 6331 6305)
4(2385 2395 2394 2384)
4(6331 6341 6342 6332)
5(2395 2396 2420 2419 2394)
5(6341 6366 6367 6343 6342)
4(2397 2421 2420 2396)
4(6343 6367 6368 6344)
4(2398 2422 2421 2397)
4(6344 6368 6369 6345)
3(2399 2427 2426)
3(6373 6374 6346)
3(2399 2426 2423)
3(6370 6373 6346)
4(2399 2423 2422 2398)
4(6345 6369 6370 6346)
4(2427 2437 2436 2426)
4(6373 6383 6384 6374)
5(2437 2463 2462 2459 2436)
5(6383 6406 6409 6410 6384)
4(2463 2469 2468 2462)
4(6409 6415 6416 6410)
5(2469 2491 2490 2487 2468)
5(6415 6434 6437 6438 6416)
4(2491 2498 2497 2490)
4(6437 6444 6445 6438)
5(2498 2521 2520 2517 2497)
5(6444 6464 6467 6468 6445)
4(2521 2527 2526 2520)
4(6467 6473 6474 6468)
5(2527 2549 2548 2545 2526)
5(6473 6492 6495 6496 6474)
4(2549 2558 2557 2548)
4(6495 6504 6505 6496)
5(2558 2583 2582 2579 2557)
5(6504 6526 6529 6530 6505)
4(2583 2589 2588 2582)
4(6529 6535 6536 6530)
5(2589 2611 2610 2607 2588)
5(6535 6554 6557 6558 6536)
4(2611 2632 2631 2610)
4(6557 6578 6579 6558)
4(2632 2639 2638 2631)
4(6578 6585 6586 6579)
5(2639 2661 2660 2655 2638)
5(6585 6602 6607 6608 6586)
4(2661 2667 2666 2660)
4(6607 6613 6614 6608)
5(2667 2694 2693 2683 2666)
5(6613 6630 6640 6641 6614)
4(3194 3211 3210 3193)
4(7140 7157 7158 7141)
4(3107 3116 3115 3106)
4(7053 7062 7063 7054)
4(3134 3145 3144 3133)
4(7080 7091 7092 7081)
4(3116 3123 3122 3115)
4(7062 7069 7070 7063)
3(3146 3145 3134)
3(7081 7092 7093)
3(3146 3134 3135)
3(7082 7081 7093)
3(3123 3146 3135)
3(7082 7093 7070)
3(3123 3135 3122)
3(7069 7082 7070)
5(3166 3177 3176 3175 3165)
5(7112 7122 7123 7124 7113)
4(3176 3186 3185 3175)
4(7122 7132 7133 7123)
3(3212 3211 3194)
3(7141 7158 7159)
3(3212 3194 3195)
3(7142 7141 7159)
4(3186 3212 3195 3185)
4(7132 7142 7159 7133)
4(3177 3187 3186 3176)
4(7123 7133 7134 7124)
4(3187 3213 3212 3186)
4(7133 7159 7160 7134)
4(3145 3156 3155 3144)
4(7091 7102 7103 7092)
3(3156 3178 3177)
3(7124 7125 7103)
3(3167 3155 3156)
3(7103 7102 7114)
3(3167 3156 3177)
3(7124 7103 7114)
3(3177 3166 3167)
3(7114 7113 7124)
4(3146 3157 3156 3145)
4(7092 7103 7104 7093)
4(3157 3179 3178 3156)
4(7103 7125 7126 7104)
4(2694 2705 2704 2693)
4(6640 6651 6652 6641)
5(2705 2727 2726 2721 2704)
5(6651 6668 6673 6674 6652)
4(2727 2733 2732 2726)
4(6673 6679 6680 6674)
5(2733 2756 2755 2749 2732)
5(6679 6696 6702 6703 6680)
4(2756 2763 2762 2755)
4(6702 6709 6710 6703)
5(2763 2785 2784 2779 2762)
5(6709 6726 6731 6732 6710)
4(2785 2791 2790 2784)
4(6731 6737 6738 6732)
5(2791 2816 2815 2807 2790)
5(6737 6754 6762 6763 6738)
4(2816 2825 2824 2815)
4(6762 6771 6772 6763)
5(2825 2847 2846 2841 2824)
5(6771 6788 6793 6794 6772)
4(2847 2853 2852 2846)
4(6793 6799 6800 6794)
5(2853 2876 2875 2869 2852)
5(6799 6816 6822 6823 6800)
4(2876 2883 2882 2875)
4(6822 6829 6830 6823)
5(2883 2905 2904 2899 2882)
5(6829 6846 6851 6852 6830)
4(2905 2911 2910 2904)
4(6851 6857 6858 6852)
5(2911 2937 2936 2927 2910)
5(6857 6874 6883 6884 6858)
4(3065 3080 3079 3064)
4(7011 7026 7027 7012)
4(3025 3039 3038 3024)
4(6971 6985 6986 6972)
4(3066 3081 3080 3065)
4(7012 7027 7028 7013)
4(3039 3049 3048 3038)
4(6985 6995 6996 6986)
3(3082 3081 3066)
3(7013 7028 7029)
3(3082 3066 3067)
3(7014 7013 7029)
3(3049 3082 3067)
3(7014 7029 6996)
3(3049 3067 3048)
3(6995 7014 6996)
4(2937 2947 2946 2936)
4(6883 6893 6894 6884)
5(2947 2969 2968 2963 2946)
5(6893 6910 6915 6916 6894)
4(2969 2975 2974 2968)
4(6915 6921 6922 6916)
5(2975 2998 2997 2991 2974)
5(6921 6938 6944 6945 6922)
4(3026 3040 3039 3025)
4(6972 6986 6987 6973)
4(3027 3041 3040 3026)
4(6973 6987 6988 6974)
4(3028 3042 3041 3027)
4(6974 6988 6989 6975)
4(2998 3005 3004 2997)
4(6944 6951 6952 6945)
4(3043 3042 3029 3005)
4(6952 6976 6989 6990)
3(3042 3028 3029)
3(6976 6975 6989)
3(3029 3004 3005)
3(6952 6951 6976)
4(3108 3117 3116 3107)
4(7054 7063 7064 7055)
4(3080 3093 3092 3079)
4(7026 7039 7040 7027)
3(3093 3118 3117)
3(7064 7065 7040)
3(3109 3092 3093)
3(7040 7039 7056)
3(3109 3093 3117)
3(7064 7040 7056)
3(3117 3108 3109)
3(7056 7055 7064)
4(3629 3691 3690 3628)
4(7575 7637 7638 7576)
4(3691 3755 3754 3690)
4(7637 7701 7702 7638)
4(3630 3692 3691 3629)
4(7576 7638 7639 7577)
4(3692 3756 3755 3691)
4(7638 7702 7703 7639)
5(3631 3632 3693 3692 3630)
5(7577 7639 7640 7579 7578)
4(3693 3757 3756 3692)
4(7639 7703 7704 7640)
4(3633 3694 3693 3632)
4(7579 7640 7641 7580)
4(3694 3758 3757 3693)
4(7640 7704 7705 7641)
4(3634 3695 3694 3633)
4(7580 7641 7642 7581)
4(3695 3759 3758 3694)
4(7641 7705 7706 7642)
5(3635 3636 3696 3695 3634)
5(7581 7642 7643 7583 7582)
4(3696 3760 3759 3695)
4(7642 7706 7707 7643)
4(3637 3697 3696 3636)
4(7583 7643 7644 7584)
4(3697 3761 3760 3696)
4(7643 7707 7708 7644)
4(3638 3698 3697 3637)
4(7584 7644 7645 7585)
4(3698 3762 3761 3697)
4(7644 7708 7709 7645)
4(3639 3699 3698 3638)
4(7585 7645 7646 7586)
4(3699 3763 3762 3698)
4(7645 7709 7710 7646)
4(3640 3700 3699 3639)
4(7586 7646 7647 7587)
4(3700 3764 3763 3699)
4(7646 7710 7711 7647)
5(3641 3642 3701 3700 3640)
5(7587 7647 7648 7589 7588)
4(3701 3765 3764 3700)
4(7647 7711 7712 7648)
4(3643 3702 3701 3642)
4(7589 7648 7649 7590)
4(3702 3766 3765 3701)
4(7648 7712 7713 7649)
4(3644 3703 3702 3643)
4(7590 7649 7650 7591)
4(3703 3767 3766 3702)
4(7649 7713 7714 7650)
5(3645 3646 3704 3703 3644)
5(7591 7650 7651 7593 7592)
4(3704 3768 3767 3703)
4(7650 7714 7715 7651)
4(3647 3705 3704 3646)
4(7593 7651 7652 7594)
4(3705 3769 3768 3704)
4(7651 7715 7716 7652)
4(3648 3706 3705 3647)
4(7594 7652 7653 7595)
4(3706 3770 3769 3705)
4(7652 7716 7717 7653)
4(3649 3707 3706 3648)
4(7595 7653 7654 7596)
4(3707 3771 3770 3706)
4(7653 7717 7718 7654)
4(3650 3708 3707 3649)
4(7596 7654 7655 7597)
4(3708 3772 3771 3707)
4(7654 7718 7719 7655)
5(3651 3652 3709 3708 3650)
5(7597 7655 7656 7599 7598)
4(3709 3773 3772 3708)
4(7655 7719 7720 7656)
4(3653 3710 3709 3652)
4(7599 7656 7657 7600)
4(3710 3774 3773 3709)
4(7656 7720 7721 7657)
4(3654 3711 3710 3653)
4(7600 7657 7658 7601)
4(3711 3775 3774 3710)
4(7657 7721 7722 7658)
5(3655 3656 3712 3711 3654)
5(7601 7658 7659 7603 7602)
4(3712 3776 3775 3711)
4(7658 7722 7723 7659)
4(3657 3713 3712 3656)
4(7603 7659 7660 7604)
4(3713 3777 3776 3712)
4(7659 7723 7724 7660)
4(3658 3714 3713 3657)
4(7604 7660 7661 7605)
4(3714 3778 3777 3713)
4(7660 7724 7725 7661)
4(3541 3579 3578 3540)
4(7487 7525 7526 7488)
4(3542 3580 3579 3541)
4(7488 7526 7527 7489)
4(3501 3511 3510 3500)
4(7447 7457 7458 7448)
4(3511 3561 3544 3510)
4(7457 7491 7508 7458)
4(3502 3512 3511 3501)
4(7448 7458 7459 7449)
4(3512 3562 3561 3511)
4(7458 7508 7509 7459)
4(3503 3513 3512 3502)
4(7449 7459 7460 7450)
4(3513 3563 3562 3512)
4(7459 7509 7510 7460)
4(3659 3715 3714 3658)
4(7605 7661 7662 7606)
4(3715 3779 3778 3714)
4(7661 7725 7726 7662)
4(3660 3716 3715 3659)
4(7606 7662 7663 7607)
4(3716 3780 3779 3715)
4(7662 7726 7727 7663)
4(3579 3589 3588 3578)
4(7525 7535 7536 7526)
4(3580 3590 3589 3579)
4(7526 7536 7537 7527)
3(3588 3589 3717)
3(7664 7536 7535)
3(3717 3716 3660)
3(7607 7663 7664)
3(3661 3588 3717)
3(7664 7535 7608)
3(3717 3660 3661)
3(7608 7607 7664)
4(3717 3781 3780 3716)
4(7663 7727 7728 7664)
4(3590 3718 3717 3589)
4(7536 7664 7665 7537)
4(3718 3782 3781 3717)
4(7664 7728 7729 7665)
5(3388 3406 3424 3423 3387)
5(7334 7370 7371 7353 7335)
4(3389 3407 3406 3388)
4(7335 7353 7354 7336)
4(3454 3467 3466 3453)
4(7400 7413 7414 7401)
4(3455 3468 3467 3454)
4(7401 7414 7415 7402)
5(3467 3514 3513 3503 3466)
5(7413 7450 7460 7461 7414)
4(3514 3564 3563 3513)
4(7460 7510 7511 7461)
4(3468 3515 3514 3467)
4(7414 7461 7462 7415)
4(3515 3565 3564 3514)
4(7461 7511 7512 7462)
4(3469 3468 3455 3456)
4(7403 7402 7415 7416)
4(3456 3423 3424 3469)
4(7416 7371 7370 7403)
4(3407 3425 3424 3406)
4(7353 7371 7372 7354)
4(3425 3470 3469 3424)
4(7371 7416 7417 7372)
4(3390 3408 3407 3389)
4(7336 7354 7355 7337)
4(3339 3340 3350 3409)
4(7356 7297 7287 7286)
3(3391 3339 3409)
3(7356 7286 7338)
4(3391 3409 3408 3390)
4(7337 7355 7356 7338)
4(3341 3351 3350 3340)
4(7287 7297 7298 7288)
4(3351 3410 3409 3350)
4(7297 7356 7357 7298)
4(3342 3352 3351 3341)
4(7288 7298 7299 7289)
4(3352 3411 3410 3351)
4(7298 7357 7358 7299)
5(3304 3353 3352 3342 3303)
5(7250 7289 7299 7300 7251)
4(3353 3412 3411 3352)
4(7299 7358 7359 7300)
4(3305 3354 3353 3304)
4(7251 7300 7301 7252)
4(3354 3413 3412 3353)
4(7300 7359 7360 7301)
4(3227 3266 3307 3265)
4(7212 7254 7213 7174)
3(3265 3226 3227)
3(7174 7173 7212)
4(3226 3210 3211 3227)
4(7174 7158 7157 7173)
4(3306 3355 3354 3305)
4(7252 7301 7302 7253)
4(3355 3414 3413 3354)
4(7301 7360 7361 7302)
4(3356 3415 3414 3355)
4(7302 7361 7362 7303)
4(3356 3355 3307 3266)
4(7213 7254 7302 7303)
3(3355 3306 3307)
3(7254 7253 7302)
8(883 882 867 854 837 838 839 840)
8(4787 4786 4785 4784 4801 4814 4829 4830)
4(924 923 882 883)
4(4830 4829 4870 4871)
4(958 957 923 924)
4(4871 4870 4904 4905)
4(986 985 957 958)
4(4905 4904 4932 4933)
4(1022 1021 985 986)
4(4933 4932 4968 4969)
4(1050 1049 1021 1022)
4(4969 4968 4996 4997)
4(1080 1079 1049 1050)
4(4997 4996 5026 5027)
4(1108 1107 1079 1080)
4(5027 5026 5054 5055)
4(1142 1141 1107 1108)
4(5055 5054 5088 5089)
4(1170 1169 1141 1142)
4(5089 5088 5116 5117)
4(1200 1199 1169 1170)
4(5117 5116 5146 5147)
4(1228 1227 1199 1200)
4(5147 5146 5174 5175)
4(1266 1265 1227 1228)
4(5175 5174 5212 5213)
4(1294 1293 1265 1266)
4(5213 5212 5240 5241)
4(1318 1317 1293 1294)
4(5241 5240 5264 5265)
4(1342 1341 1317 1318)
4(5265 5264 5288 5289)
4(1370 1369 1341 1342)
4(5289 5288 5316 5317)
4(1404 1403 1369 1370)
4(5317 5316 5350 5351)
4(1432 1431 1403 1404)
4(5351 5350 5378 5379)
4(1462 1461 1431 1432)
4(5379 5378 5408 5409)
4(1490 1489 1461 1462)
4(5409 5408 5436 5437)
4(1529 1528 1489 1490)
4(5437 5436 5475 5476)
4(1569 1568 1528 1529)
4(5476 5475 5515 5516)
7(1607 1606 1605 1602 1591 1568 1569)
7(5516 5515 5538 5549 5552 5553 5554)
7(1578 1579 1592 1603 1618 1617 1616)
7(5563 5564 5565 5550 5539 5526 5525)
4(1538 1539 1579 1578)
4(5525 5526 5486 5485)
4(1499 1500 1539 1538)
4(5485 5486 5447 5446)
4(1471 1472 1500 1499)
4(5446 5447 5419 5418)
4(1441 1442 1472 1471)
4(5418 5419 5389 5388)
4(1413 1414 1442 1441)
4(5388 5389 5361 5360)
4(1379 1380 1414 1413)
4(5360 5361 5327 5326)
4(1351 1352 1380 1379)
4(5326 5327 5299 5298)
4(1327 1328 1352 1351)
4(5298 5299 5275 5274)
4(1303 1304 1328 1327)
4(5274 5275 5251 5250)
4(1275 1276 1304 1303)
4(5250 5251 5223 5222)
4(1237 1238 1276 1275)
4(5222 5223 5185 5184)
4(1209 1210 1238 1237)
4(5184 5185 5157 5156)
4(1179 1180 1210 1209)
4(5156 5157 5127 5126)
4(1151 1152 1180 1179)
4(5126 5127 5099 5098)
4(1117 1118 1152 1151)
4(5098 5099 5065 5064)
4(1089 1090 1118 1117)
4(5064 5065 5037 5036)
4(1059 1060 1090 1089)
4(5036 5037 5007 5006)
4(1031 1032 1060 1059)
4(5006 5007 4979 4978)
4(995 996 1032 1031)
4(4978 4979 4943 4942)
4(967 968 996 995)
4(4942 4943 4915 4914)
4(933 934 968 967)
4(4914 4915 4881 4880)
4(892 893 934 933)
4(4880 4881 4840 4839)
8(849 850 851 852 855 868 893 892)
8(4839 4840 4815 4802 4799 4798 4797 4796)
7(516 468 469 470 471 481 517)
7(4464 4428 4418 4417 4416 4415 4463)
4(515 467 468 516)
4(4463 4415 4414 4462)
4(514 466 467 515)
4(4462 4414 4413 4461)
4(513 465 466 514)
4(4461 4413 4412 4460)
4(512 464 465 513)
4(4460 4412 4411 4459)
4(511 463 464 512)
4(4459 4411 4410 4458)
4(510 462 463 511)
4(4458 4410 4409 4457)
4(509 461 462 510)
4(4457 4409 4408 4456)
4(508 460 461 509)
4(4456 4408 4407 4455)
4(507 459 460 508)
4(4455 4407 4406 4454)
4(506 458 459 507)
4(4454 4406 4405 4453)
4(505 457 458 506)
4(4453 4405 4404 4452)
4(504 456 457 505)
4(4452 4404 4403 4451)
4(503 455 456 504)
4(4451 4403 4402 4450)
4(502 454 455 503)
4(4450 4402 4401 4449)
4(501 453 454 502)
4(4449 4401 4400 4448)
4(500 452 453 501)
4(4448 4400 4399 4447)
4(499 451 452 500)
4(4447 4399 4398 4446)
4(498 450 451 499)
4(4446 4398 4397 4445)
4(497 449 450 498)
4(4445 4397 4396 4444)
4(496 448 449 497)
4(4444 4396 4395 4443)
4(495 447 448 496)
4(4443 4395 4394 4442)
4(494 446 447 495)
4(4442 4394 4393 4441)
7(493 480 443 444 445 446 494)
7(4441 4393 4392 4391 4390 4427 4440)
8(923 922 908 898 879 880 881 882)
8(4829 4828 4827 4826 4845 4855 4869 4870)
4(957 956 922 923)
4(4870 4869 4903 4904)
4(985 984 956 957)
4(4904 4903 4931 4932)
4(1021 1020 984 985)
4(4932 4931 4967 4968)
4(1049 1048 1020 1021)
4(4968 4967 4995 4996)
4(1079 1078 1048 1049)
4(4996 4995 5025 5026)
4(1107 1106 1078 1079)
4(5026 5025 5053 5054)
4(1141 1140 1106 1107)
4(5054 5053 5087 5088)
4(1169 1168 1140 1141)
4(5088 5087 5115 5116)
4(1199 1198 1168 1169)
4(5116 5115 5145 5146)
4(1227 1226 1198 1199)
4(5146 5145 5173 5174)
4(1265 1264 1226 1227)
4(5174 5173 5211 5212)
4(1293 1292 1264 1265)
4(5212 5211 5239 5240)
4(1317 1316 1292 1293)
4(5240 5239 5263 5264)
4(1341 1340 1316 1317)
4(5264 5263 5287 5288)
4(1369 1368 1340 1341)
4(5288 5287 5315 5316)
4(1403 1402 1368 1369)
4(5316 5315 5349 5350)
4(1431 1430 1402 1403)
4(5350 5349 5377 5378)
4(1461 1460 1430 1431)
4(5378 5377 5407 5408)
4(1489 1488 1460 1461)
4(5408 5407 5435 5436)
4(1528 1527 1488 1489)
4(5436 5435 5474 5475)
8(1568 1567 1566 1565 1562 1552 1527 1528)
8(5475 5474 5499 5509 5512 5513 5514 5515)
8(1539 1540 1553 1563 1582 1581 1580 1579)
8(5526 5527 5528 5529 5510 5500 5487 5486)
4(1500 1501 1540 1539)
4(5486 5487 5448 5447)
4(1472 1473 1501 1500)
4(5447 5448 5420 5419)
4(1442 1443 1473 1472)
4(5419 5420 5390 5389)
4(1414 1415 1443 1442)
4(5389 5390 5362 5361)
4(1380 1381 1415 1414)
4(5361 5362 5328 5327)
4(1352 1353 1381 1380)
4(5327 5328 5300 5299)
4(1328 1329 1353 1352)
4(5299 5300 5276 5275)
4(1304 1305 1329 1328)
4(5275 5276 5252 5251)
4(1276 1277 1305 1304)
4(5251 5252 5224 5223)
4(1238 1239 1277 1276)
4(5223 5224 5186 5185)
4(1210 1211 1239 1238)
4(5185 5186 5158 5157)
4(1180 1181 1211 1210)
4(5157 5158 5128 5127)
4(1152 1153 1181 1180)
4(5127 5128 5100 5099)
4(1118 1119 1153 1152)
4(5099 5100 5066 5065)
4(1090 1091 1119 1118)
4(5065 5066 5038 5037)
4(1060 1061 1091 1090)
4(5037 5038 5008 5007)
4(1032 1033 1061 1060)
4(5007 5008 4980 4979)
4(996 997 1033 1032)
4(4979 4980 4944 4943)
4(968 969 997 996)
4(4943 4944 4916 4915)
4(934 935 969 968)
4(4915 4916 4882 4881)
8(893 894 895 896 899 909 935 934)
8(4881 4882 4856 4846 4843 4842 4841 4840)
8(467 426 427 428 429 430 437 468)
8(4415 4384 4377 4376 4375 4374 4373 4414)
4(466 425 426 467)
4(4414 4373 4372 4413)
4(465 424 425 466)
4(4413 4372 4371 4412)
4(464 423 424 465)
4(4412 4371 4370 4411)
4(463 422 423 464)
4(4411 4370 4369 4410)
4(462 421 422 463)
4(4410 4369 4368 4409)
4(461 420 421 462)
4(4409 4368 4367 4408)
4(460 419 420 461)
4(4408 4367 4366 4407)
4(459 418 419 460)
4(4407 4366 4365 4406)
4(458 417 418 459)
4(4406 4365 4364 4405)
4(457 416 417 458)
4(4405 4364 4363 4404)
4(456 415 416 457)
4(4404 4363 4362 4403)
4(455 414 415 456)
4(4403 4362 4361 4402)
4(454 413 414 455)
4(4402 4361 4360 4401)
4(453 412 413 454)
4(4401 4360 4359 4400)
4(452 411 412 453)
4(4400 4359 4358 4399)
4(451 410 411 452)
4(4399 4358 4357 4398)
4(450 409 410 451)
4(4398 4357 4356 4397)
4(449 408 409 450)
4(4397 4356 4355 4396)
4(448 407 408 449)
4(4396 4355 4354 4395)
4(447 406 407 448)
4(4395 4354 4353 4394)
8(446 436 402 403 404 405 406 447)
8(4394 4353 4352 4351 4350 4349 4383 4393)
10(956 955 949 942 917 918 919 920 921 922)
10(4869 4868 4867 4866 4865 4864 4889 4896 4902 4903)
6(984 983 978 972 955 956)
6(4903 4902 4919 4925 4930 4931)
6(1020 1019 1010 1000 983 984)
6(4931 4930 4947 4957 4966 4967)
6(1048 1047 1042 1036 1019 1020)
6(4967 4966 4983 4989 4994 4995)
6(1078 1077 1071 1064 1047 1048)
6(4995 4994 5011 5018 5024 5025)
6(1106 1105 1100 1094 1077 1078)
6(5025 5024 5041 5047 5052 5053)
6(1140 1139 1131 1122 1105 1106)
6(5053 5052 5069 5078 5086 5087)
6(1168 1167 1162 1156 1139 1140)
6(5087 5086 5103 5109 5114 5115)
6(1198 1197 1191 1184 1167 1168)
6(5115 5114 5131 5138 5144 5145)
6(1226 1225 1220 1214 1197 1198)
6(5145 5144 5161 5167 5172 5173)
6(1264 1263 1253 1242 1225 1226)
6(5173 5172 5189 5200 5210 5211)
6(1292 1291 1286 1280 1263 1264)
6(5211 5210 5227 5233 5238 5239)
5(1316 1315 1308 1291 1292)
5(5239 5238 5255 5262 5263)
5(1340 1339 1336 1315 1316)
5(5263 5262 5283 5286 5287)
6(1368 1367 1364 1358 1339 1340)
6(5287 5286 5305 5311 5314 5315)
6(1402 1401 1398 1389 1367 1368)
6(5315 5314 5336 5345 5348 5349)
6(1430 1429 1426 1420 1401 1402)
6(5349 5348 5367 5373 5376 5377)
6(1460 1459 1456 1449 1429 1430)
6(5377 5376 5396 5403 5406 5407)
6(1488 1487 1484 1478 1459 1460)
6(5407 5406 5425 5431 5434 5435)
9(1527 1526 1525 1524 1523 1520 1510 1487 1488)
9(5435 5434 5457 5467 5470 5471 5472 5473 5474)
9(1501 1502 1511 1521 1544 1543 1542 1541 1540)
9(5487 5488 5489 5490 5491 5468 5458 5449 5448)
6(1473 1474 1479 1485 1502 1501)
6(5448 5449 5432 5426 5421 5420)
6(1443 1444 1450 1457 1474 1473)
6(5420 5421 5404 5397 5391 5390)
6(1415 1416 1421 1427 1444 1443)
6(5390 5391 5374 5368 5363 5362)
6(1381 1382 1390 1399 1416 1415)
6(5362 5363 5346 5337 5329 5328)
6(1353 1354 1359 1365 1382 1381)
6(5328 5329 5312 5306 5301 5300)
5(1329 1330 1337 1354 1353)
5(5300 5301 5284 5277 5276)
5(1305 1306 1309 1330 1329)
5(5276 5277 5256 5253 5252)
6(1277 1278 1281 1287 1306 1305)
6(5252 5253 5234 5228 5225 5224)
6(1239 1240 1243 1254 1278 1277)
6(5224 5225 5201 5190 5187 5186)
6(1211 1212 1215 1221 1240 1239)
6(5186 5187 5168 5162 5159 5158)
6(1181 1182 1185 1192 1212 1211)
6(5158 5159 5139 5132 5129 5128)
6(1153 1154 1157 1163 1182 1181)
6(5128 5129 5110 5104 5101 5100)
6(1119 1120 1123 1132 1154 1153)
6(5100 5101 5079 5070 5067 5066)
6(1091 1092 1095 1101 1120 1119)
6(5066 5067 5048 5042 5039 5038)
6(1061 1062 1065 1072 1092 1091)
6(5038 5039 5019 5012 5009 5008)
6(1033 1034 1037 1043 1062 1061)
6(5008 5009 4990 4984 4981 4980)
6(997 998 1001 1011 1034 1033)
6(4980 4981 4958 4948 4945 4944)
6(969 970 973 979 998 997)
6(4944 4945 4926 4920 4917 4916)
10(935 936 937 938 939 940 943 950 970 969)
10(4916 4917 4897 4890 4887 4886 4885 4884 4883 4882)
8(425 348 349 350 351 359 369 426)
8(4373 4316 4306 4298 4297 4296 4295 4372)
6(424 345 346 347 348 425)
6(4372 4295 4294 4293 4292 4371)
7(423 341 342 343 344 345 424)
7(4371 4292 4291 4290 4289 4288 4370)
6(422 338 339 340 341 423)
6(4370 4288 4287 4286 4285 4369)
6(421 335 336 337 338 422)
6(4369 4285 4284 4283 4282 4368)
7(420 331 332 333 334 335 421)
7(4368 4282 4281 4280 4279 4278 4367)
6(419 328 329 330 331 420)
6(4367 4278 4277 4276 4275 4366)
6(418 325 326 327 328 419)
6(4366 4275 4274 4273 4272 4365)
7(417 321 322 323 324 325 418)
7(4365 4272 4271 4270 4269 4268 4364)
6(416 318 319 320 321 417)
6(4364 4268 4267 4266 4265 4363)
6(415 315 316 317 318 416)
6(4363 4265 4264 4263 4262 4362)
7(414 311 312 313 314 315 415)
7(4362 4262 4261 4260 4259 4258 4361)
6(413 308 309 310 311 414)
6(4361 4258 4257 4256 4255 4360)
6(412 305 306 307 308 413)
6(4360 4255 4254 4253 4252 4359)
7(411 301 302 303 304 305 412)
7(4359 4252 4251 4250 4249 4248 4358)
6(410 298 299 300 301 411)
6(4358 4248 4247 4246 4245 4357)
6(409 295 296 297 298 410)
6(4357 4245 4244 4243 4242 4356)
7(408 291 292 293 294 295 409)
7(4356 4242 4241 4240 4239 4238 4355)
6(407 288 289 290 291 408)
6(4355 4238 4237 4236 4235 4354)
8(406 368 358 285 286 287 288 407)
8(4354 4235 4234 4233 4232 4305 4315 4353)
7(2368 2367 2354 2343 2328 2329 2330)
7(6277 6276 6275 6290 6301 6314 6315)
4(2408 2407 2367 2368)
4(6315 6314 6354 6355)
4(2447 2446 2407 2408)
4(6355 6354 6393 6394)
4(2475 2474 2446 2447)
4(6394 6393 6421 6422)
4(2505 2504 2474 2475)
4(6422 6421 6451 6452)
4(2533 2532 2504 2505)
4(6452 6451 6479 6480)
4(2567 2566 2532 2533)
4(6480 6479 6513 6514)
4(2595 2594 2566 2567)
4(6514 6513 6541 6542)
4(2619 2618 2594 2595)
4(6542 6541 6565 6566)
4(2643 2642 2618 2619)
4(6566 6565 6589 6590)
4(2671 2670 2642 2643)
4(6590 6589 6617 6618)
4(2709 2708 2670 2671)
4(6618 6617 6655 6656)
4(2737 2736 2708 2709)
4(6656 6655 6683 6684)
4(2767 2766 2736 2737)
4(6684 6683 6713 6714)
4(2795 2794 2766 2767)
4(6714 6713 6741 6742)
4(2829 2828 2794 2795)
4(6742 6741 6775 6776)
4(2857 2856 2828 2829)
4(6776 6775 6803 6804)
4(2887 2886 2856 2857)
4(6804 6803 6833 6834)
4(2915 2914 2886 2887)
4(6834 6833 6861 6862)
4(2951 2950 2914 2915)
4(6862 6861 6897 6898)
4(2979 2978 2950 2951)
4(6898 6897 6925 6926)
4(3013 3012 2978 2979)
4(6926 6925 6959 6960)
4(3054 3053 3012 3013)
4(6960 6959 7000 7001)
8(3097 3096 3095 3094 3091 3078 3053 3054)
8(7001 7000 7025 7038 7041 7042 7043 7044)
7(3430 3478 3477 3476 3475 3465 3429)
7(7376 7412 7422 7423 7424 7425 7377)
4(3431 3479 3478 3430)
4(7377 7425 7426 7378)
4(3432 3480 3479 3431)
4(7378 7426 7427 7379)
4(3433 3481 3480 3432)
4(7379 7427 7428 7380)
4(3434 3482 3481 3433)
4(7380 7428 7429 7381)
4(3435 3483 3482 3434)
4(7381 7429 7430 7382)
4(3436 3484 3483 3435)
4(7382 7430 7431 7383)
4(3437 3485 3484 3436)
4(7383 7431 7432 7384)
4(3438 3486 3485 3437)
4(7384 7432 7433 7385)
4(3439 3487 3486 3438)
4(7385 7433 7434 7386)
4(3440 3488 3487 3439)
4(7386 7434 7435 7387)
4(3441 3489 3488 3440)
4(7387 7435 7436 7388)
4(3442 3490 3489 3441)
4(7388 7436 7437 7389)
4(3443 3491 3490 3442)
4(7389 7437 7438 7390)
4(3444 3492 3491 3443)
4(7390 7438 7439 7391)
4(3445 3493 3492 3444)
4(7391 7439 7440 7392)
4(3446 3494 3493 3445)
4(7392 7440 7441 7393)
4(3447 3495 3494 3446)
4(7393 7441 7442 7394)
4(3448 3496 3495 3447)
4(7394 7442 7443 7395)
4(3449 3497 3496 3448)
4(7395 7443 7444 7396)
4(3450 3498 3497 3449)
4(7396 7444 7445 7397)
4(3451 3499 3498 3450)
4(7397 7445 7446 7398)
4(3452 3500 3499 3451)
4(7398 7446 7447 7399)
7(3453 3466 3503 3502 3501 3500 3452)
7(7399 7447 7448 7449 7450 7413 7400)
8(3063 3064 3079 3092 3109 3108 3107 3106)
8(7053 7054 7055 7056 7039 7026 7011 7010)
4(3022 3023 3064 3063)
4(7010 7011 6970 6969)
4(2988 2989 3023 3022)
4(6969 6970 6936 6935)
4(2960 2961 2989 2988)
4(6935 6936 6908 6907)
4(2924 2925 2961 2960)
4(6907 6908 6872 6871)
4(2896 2897 2925 2924)
4(6871 6872 6844 6843)
4(2866 2867 2897 2896)
4(6843 6844 6814 6813)
4(2838 2839 2867 2866)
4(6813 6814 6786 6785)
4(2804 2805 2839 2838)
4(6785 6786 6752 6751)
4(2776 2777 2805 2804)
4(6751 6752 6724 6723)
4(2746 2747 2777 2776)
4(6723 6724 6694 6693)
4(2718 2719 2747 2746)
4(6693 6694 6666 6665)
4(2680 2681 2719 2718)
4(6665 6666 6628 6627)
4(2652 2653 2681 2680)
4(6627 6628 6600 6599)
4(2628 2629 2653 2652)
4(6599 6600 6576 6575)
4(2604 2605 2629 2628)
4(6575 6576 6552 6551)
4(2576 2577 2605 2604)
4(6551 6552 6524 6523)
4(2542 2543 2577 2576)
4(6523 6524 6490 6489)
4(2514 2515 2543 2542)
4(6489 6490 6462 6461)
4(2484 2485 2515 2514)
4(6461 6462 6432 6431)
4(2456 2457 2485 2484)
4(6431 6432 6404 6403)
4(2417 2418 2457 2456)
4(6403 6404 6365 6364)
4(2377 2378 2418 2417)
4(6364 6365 6325 6324)
7(2339 2340 2341 2344 2355 2378 2377)
7(6324 6325 6302 6291 6288 6287 6286)
8(2407 2406 2393 2383 2364 2365 2366 2367)
8(6314 6313 6312 6311 6330 6340 6353 6354)
4(2446 2445 2406 2407)
4(6354 6353 6392 6393)
4(2474 2473 2445 2446)
4(6393 6392 6420 6421)
4(2504 2503 2473 2474)
4(6421 6420 6450 6451)
4(2532 2531 2503 2504)
4(6451 6450 6478 6479)
4(2566 2565 2531 2532)
4(6479 6478 6512 6513)
4(2594 2593 2565 2566)
4(6513 6512 6540 6541)
4(2618 2617 2593 2594)
4(6541 6540 6564 6565)
4(2642 2641 2617 2618)
4(6565 6564 6588 6589)
4(2670 2669 2641 2642)
4(6589 6588 6616 6617)
4(2708 2707 2669 2670)
4(6617 6616 6654 6655)
4(2736 2735 2707 2708)
4(6655 6654 6682 6683)
4(2766 2765 2735 2736)
4(6683 6682 6712 6713)
4(2794 2793 2765 2766)
4(6713 6712 6740 6741)
4(2828 2827 2793 2794)
4(6741 6740 6774 6775)
4(2856 2855 2827 2828)
4(6775 6774 6802 6803)
4(2886 2885 2855 2856)
4(6803 6802 6832 6833)
4(2914 2913 2885 2886)
4(6833 6832 6860 6861)
4(2950 2949 2913 2914)
4(6861 6860 6896 6897)
4(2978 2977 2949 2950)
4(6897 6896 6924 6925)
4(3012 3011 2977 2978)
4(6925 6924 6958 6959)
8(3053 3052 3051 3050 3047 3037 3011 3012)
8(6959 6958 6984 6994 6997 6998 6999 7000)
8(3479 3520 3519 3518 3517 3516 3509 3478)
8(7425 7456 7463 7464 7465 7466 7467 7426)
4(3480 3521 3520 3479)
4(7426 7467 7468 7427)
4(3481 3522 3521 3480)
4(7427 7468 7469 7428)
4(3482 3523 3522 3481)
4(7428 7469 7470 7429)
4(3483 3524 3523 3482)
4(7429 7470 7471 7430)
4(3484 3525 3524 3483)
4(7430 7471 7472 7431)
4(3485 3526 3525 3484)
4(7431 7472 7473 7432)
4(3486 3527 3526 3485)
4(7432 7473 7474 7433)
4(3487 3528 3527 3486)
4(7433 7474 7475 7434)
4(3488 3529 3528 3487)
4(7434 7475 7476 7435)
4(3489 3530 3529 3488)
4(7435 7476 7477 7436)
4(3490 3531 3530 3489)
4(7436 7477 7478 7437)
4(3491 3532 3531 3490)
4(7437 7478 7479 7438)
4(3492 3533 3532 3491)
4(7438 7479 7480 7439)
4(3493 3534 3533 3492)
4(7439 7480 7481 7440)
4(3494 3535 3534 3493)
4(7440 7481 7482 7441)
4(3495 3536 3535 3494)
4(7441 7482 7483 7442)
4(3496 3537 3536 3495)
4(7442 7483 7484 7443)
4(3497 3538 3537 3496)
4(7443 7484 7485 7444)
4(3498 3539 3538 3497)
4(7444 7485 7486 7445)
4(3499 3540 3539 3498)
4(7445 7486 7487 7446)
8(3500 3510 3544 3543 3542 3541 3540 3499)
8(7446 7487 7488 7489 7490 7491 7457 7447)
8(3023 3024 3038 3048 3067 3066 3065 3064)
8(7011 7012 7013 7014 6995 6985 6971 6970)
4(2989 2990 3024 3023)
4(6970 6971 6937 6936)
4(2961 2962 2990 2989)
4(6936 6937 6909 6908)
4(2925 2926 2962 2961)
4(6908 6909 6873 6872)
4(2897 2898 2926 2925)
4(6872 6873 6845 6844)
4(2867 2868 2898 2897)
4(6844 6845 6815 6814)
4(2839 2840 2868 2867)
4(6814 6815 6787 6786)
4(2805 2806 2840 2839)
4(6786 6787 6753 6752)
4(2777 2778 2806 2805)
4(6752 6753 6725 6724)
4(2747 2748 2778 2777)
4(6724 6725 6695 6694)
4(2719 2720 2748 2747)
4(6694 6695 6667 6666)
4(2681 2682 2720 2719)
4(6666 6667 6629 6628)
4(2653 2654 2682 2681)
4(6628 6629 6601 6600)
4(2629 2630 2654 2653)
4(6600 6601 6577 6576)
4(2605 2606 2630 2629)
4(6576 6577 6553 6552)
4(2577 2578 2606 2605)
4(6552 6553 6525 6524)
4(2543 2544 2578 2577)
4(6524 6525 6491 6490)
4(2515 2516 2544 2543)
4(6490 6491 6463 6462)
4(2485 2486 2516 2515)
4(6462 6463 6433 6432)
4(2457 2458 2486 2485)
4(6432 6433 6405 6404)
4(2418 2419 2458 2457)
4(6404 6405 6366 6365)
8(2378 2379 2380 2381 2384 2394 2419 2418)
8(6365 6366 6341 6331 6328 6327 6326 6325)
9(2445 2444 2435 2425 2402 2403 2404 2405 2406)
9(6353 6352 6351 6350 6349 6372 6382 6391 6392)
6(2473 2472 2467 2461 2444 2445)
6(6392 6391 6408 6414 6419 6420)
6(2503 2502 2496 2489 2472 2473)
6(6420 6419 6436 6443 6449 6450)
6(2531 2530 2525 2519 2502 2503)
6(6450 6449 6466 6472 6477 6478)
6(2565 2564 2556 2547 2530 2531)
6(6478 6477 6494 6503 6511 6512)
6(2593 2592 2587 2581 2564 2565)
6(6512 6511 6528 6534 6539 6540)
5(2617 2616 2609 2592 2593)
5(6540 6539 6556 6563 6564)
5(2641 2640 2637 2616 2617)
5(6564 6563 6584 6587 6588)
6(2669 2668 2665 2659 2640 2641)
6(6588 6587 6606 6612 6615 6616)
6(2707 2706 2703 2692 2668 2669)
6(6616 6615 6639 6650 6653 6654)
6(2735 2734 2731 2725 2706 2707)
6(6654 6653 6672 6678 6681 6682)
6(2765 2764 2761 2754 2734 2735)
6(6682 6681 6701 6708 6711 6712)
6(2793 2792 2789 2783 2764 2765)
6(6712 6711 6730 6736 6739 6740)
6(2827 2826 2823 2814 2792 2793)
6(6740 6739 6761 6770 6773 6774)
6(2855 2854 2851 2845 2826 2827)
6(6774 6773 6792 6798 6801 6802)
6(2885 2884 2881 2874 2854 2855)
6(6802 6801 6821 6828 6831 6832)
6(2913 2912 2909 2903 2884 2885)
6(6832 6831 6850 6856 6859 6860)
6(2949 2948 2945 2935 2912 2913)
6(6860 6859 6882 6892 6895 6896)
6(2977 2976 2973 2967 2948 2949)
6(6896 6895 6914 6920 6923 6924)
10(3011 3010 3009 3008 3007 3006 3003 2996 2976 2977)
10(6924 6923 6943 6950 6953 6954 6955 6956 6957 6958)
8(3521 3598 3597 3596 3595 3587 3577 3520)
8(7467 7524 7534 7542 7543 7544 7545 7468)
6(3522 3601 3600 3599 3598 3521)
6(7468 7545 7546 7547 7548 7469)
7(3523 3605 3604 3603 3602 3601 3522)
7(7469 7548 7549 7550 7551 7552 7470)
6(3524 3608 3607 3606 3605 3523)
6(7470 7552 7553 7554 7555 7471)
6(3525 3611 3610 3609 3608 3524)
6(7471 7555 7556 7557 7558 7472)
7(3526 3615 3614 3613 3612 3611 3525)
7(7472 7558 7559 7560 7561 7562 7473)
6(3527 3618 3617 3616 3615 3526)
6(7473 7562 7563 7564 7565 7474)
6(3528 3621 3620 3619 3618 3527)
6(7474 7565 7566 7567 7568 7475)
7(3529 3625 3624 3623 3622 3621 3528)
7(7475 7568 7569 7570 7571 7572 7476)
6(3530 3628 3627 3626 3625 3529)
6(7476 7572 7573 7574 7575 7477)
6(3531 3631 3630 3629 3628 3530)
6(7477 7575 7576 7577 7578 7478)
7(3532 3635 3634 3633 3632 3631 3531)
7(7478 7578 7579 7580 7581 7582 7479)
6(3533 3638 3637 3636 3635 3532)
6(7479 7582 7583 7584 7585 7480)
6(3534 3641 3640 3639 3638 3533)
6(7480 7585 7586 7587 7588 7481)
7(3535 3645 3644 3643 3642 3641 3534)
7(7481 7588 7589 7590 7591 7592 7482)
6(3536 3648 3647 3646 3645 3535)
6(7482 7592 7593 7594 7595 7483)
6(3537 3651 3650 3649 3648 3536)
6(7483 7595 7596 7597 7598 7484)
7(3538 3655 3654 3653 3652 3651 3537)
7(7484 7598 7599 7600 7601 7602 7485)
6(3539 3658 3657 3656 3655 3538)
6(7485 7602 7603 7604 7605 7486)
8(3540 3578 3588 3661 3660 3659 3658 3539)
8(7486 7605 7606 7607 7608 7535 7525 7487)
10(2990 2991 2997 3004 3029 3028 3027 3026 3025 3024)
10(6971 6972 6973 6974 6975 6976 6951 6944 6938 6937)
6(2962 2963 2968 2974 2991 2990)
6(6937 6938 6921 6915 6910 6909)
6(2926 2927 2936 2946 2963 2962)
6(6909 6910 6893 6883 6874 6873)
6(2898 2899 2904 2910 2927 2926)
6(6873 6874 6857 6851 6846 6845)
6(2868 2869 2875 2882 2899 2898)
6(6845 6846 6829 6822 6816 6815)
6(2840 2841 2846 2852 2869 2868)
6(6815 6816 6799 6793 6788 6787)
6(2806 2807 2815 2824 2841 2840)
6(6787 6788 6771 6762 6754 6753)
6(2778 2779 2784 2790 2807 2806)
6(6753 6754 6737 6731 6726 6725)
6(2748 2749 2755 2762 2779 2778)
6(6725 6726 6709 6702 6696 6695)
6(2720 2721 2726 2732 2749 2748)
6(6695 6696 6679 6673 6668 6667)
6(2682 2683 2693 2704 2721 2720)
6(6667 6668 6651 6640 6630 6629)
6(2654 2655 2660 2666 2683 2682)
6(6629 6630 6613 6607 6602 6601)
5(2630 2631 2638 2655 2654)
5(6601 6602 6585 6578 6577)
5(2606 2607 2610 2631 2630)
5(6577 6578 6557 6554 6553)
6(2578 2579 2582 2588 2607 2606)
6(6553 6554 6535 6529 6526 6525)
6(2544 2545 2548 2557 2579 2578)
6(6525 6526 6504 6495 6492 6491)
6(2516 2517 2520 2526 2545 2544)
6(6491 6492 6473 6467 6464 6463)
6(2486 2487 2490 2497 2517 2516)
6(6463 6464 6444 6437 6434 6433)
6(2458 2459 2462 2468 2487 2486)
6(6433 6434 6415 6409 6406 6405)
9(2419 2420 2421 2422 2423 2426 2436 2459 2458)
9(6405 6406 6383 6373 6370 6369 6368 6367 6366)
7(754 751 736 720 681 639 686)
7(4633 4586 4628 4667 4683 4698 4701)
4(783 782 751 754)
4(4701 4698 4729 4730)
4(816 815 782 783)
4(4730 4729 4762 4763)
4(844 843 815 816)
4(4763 4762 4790 4791)
4(887 886 843 844)
4(4791 4790 4833 4834)
4(928 927 886 887)
4(4834 4833 4874 4875)
4(962 961 927 928)
4(4875 4874 4908 4909)
4(990 989 961 962)
4(4909 4908 4936 4937)
4(1026 1025 989 990)
4(4937 4936 4972 4973)
4(1054 1053 1025 1026)
4(4973 4972 5000 5001)
4(1084 1083 1053 1054)
4(5001 5000 5030 5031)
4(1112 1111 1083 1084)
4(5031 5030 5058 5059)
4(1146 1145 1111 1112)
4(5059 5058 5092 5093)
4(1174 1173 1145 1146)
4(5093 5092 5120 5121)
4(1204 1203 1173 1174)
4(5121 5120 5150 5151)
4(1232 1231 1203 1204)
4(5151 5150 5178 5179)
4(1270 1269 1231 1232)
4(5179 5178 5216 5217)
4(1298 1297 1269 1270)
4(5217 5216 5244 5245)
4(1322 1321 1297 1298)
4(5245 5244 5268 5269)
4(1346 1345 1321 1322)
4(5269 5268 5292 5293)
4(1374 1373 1345 1346)
4(5293 5292 5320 5321)
4(1408 1407 1373 1374)
4(5321 5320 5354 5355)
4(1436 1435 1407 1408)
4(5355 5354 5382 5383)
4(1466 1465 1435 1436)
4(5383 5382 5412 5413)
4(1494 1493 1465 1466)
4(5413 5412 5440 5441)
4(1533 1532 1493 1494)
4(5441 5440 5479 5480)
4(1573 1572 1532 1533)
4(5480 5479 5519 5520)
4(1611 1610 1572 1573)
4(5520 5519 5557 5558)
4(1638 1637 1610 1611)
4(5558 5557 5584 5585)
4(1675 1674 1637 1638)
4(5585 5584 5621 5622)
4(1704 1703 1674 1675)
4(5622 5621 5650 5651)
7(1729 1770 1765 1726 1716 1703 1704)
7(5651 5650 5663 5673 5712 5717 5676)
7(1730 1774 1773 1772 1771 1770 1729)
7(5676 5717 5718 5719 5720 5721 5677)
4(1731 1775 1774 1730)
4(5677 5721 5722 5678)
4(1732 1776 1775 1731)
4(5678 5722 5723 5679)
4(1733 1777 1776 1732)
4(5679 5723 5724 5680)
4(1734 1778 1777 1733)
4(5680 5724 5725 5681)
4(1735 1779 1778 1734)
4(5681 5725 5726 5682)
4(1736 1780 1779 1735)
4(5682 5726 5727 5683)
4(1737 1781 1780 1736)
4(5683 5727 5728 5684)
4(1738 1782 1781 1737)
4(5684 5728 5729 5685)
4(1739 1783 1782 1738)
4(5685 5729 5730 5686)
4(1740 1784 1783 1739)
4(5686 5730 5731 5687)
4(1741 1785 1784 1740)
4(5687 5731 5732 5688)
4(1742 1786 1785 1741)
4(5688 5732 5733 5689)
4(1743 1787 1786 1742)
4(5689 5733 5734 5690)
4(1744 1788 1787 1743)
4(5690 5734 5735 5691)
4(1745 1789 1788 1744)
4(5691 5735 5736 5692)
4(1746 1790 1789 1745)
4(5692 5736 5737 5693)
4(1747 1791 1790 1746)
4(5693 5737 5738 5694)
4(1748 1792 1791 1747)
4(5694 5738 5739 5695)
4(1749 1793 1792 1748)
4(5695 5739 5740 5696)
4(1750 1794 1793 1749)
4(5696 5740 5741 5697)
4(1751 1795 1794 1750)
4(5697 5741 5742 5698)
4(1752 1796 1795 1751)
4(5698 5742 5743 5699)
4(1753 1797 1796 1752)
4(5699 5743 5744 5700)
4(1754 1798 1797 1753)
4(5700 5744 5745 5701)
4(1755 1799 1798 1754)
4(5701 5745 5746 5702)
4(1756 1800 1799 1755)
4(5702 5746 5747 5703)
4(1757 1801 1800 1756)
4(5703 5747 5748 5704)
4(1758 1802 1801 1757)
4(5704 5748 5749 5705)
4(1759 1803 1802 1758)
4(5705 5749 5750 5706)
4(1760 1804 1803 1759)
4(5706 5750 5751 5707)
7(1761 1808 1807 1806 1805 1804 1760)
7(5707 5751 5752 5753 5754 5755 5708)
7(1705 1706 1717 1727 1766 1808 1761)
7(5708 5755 5713 5674 5664 5653 5652)
4(1676 1677 1706 1705)
4(5652 5653 5624 5623)
4(1639 1640 1677 1676)
4(5623 5624 5587 5586)
4(1612 1613 1640 1639)
4(5586 5587 5560 5559)
4(1574 1575 1613 1612)
4(5559 5560 5522 5521)
4(1534 1535 1575 1574)
4(5521 5522 5482 5481)
4(1495 1496 1535 1534)
4(5481 5482 5443 5442)
4(1467 1468 1496 1495)
4(5442 5443 5415 5414)
4(1437 1438 1468 1467)
4(5414 5415 5385 5384)
4(1409 1410 1438 1437)
4(5384 5385 5357 5356)
4(1375 1376 1410 1409)
4(5356 5357 5323 5322)
4(1347 1348 1376 1375)
4(5322 5323 5295 5294)
4(1323 1324 1348 1347)
4(5294 5295 5271 5270)
4(1299 1300 1324 1323)
4(5270 5271 5247 5246)
4(1271 1272 1300 1299)
4(5246 5247 5219 5218)
4(1233 1234 1272 1271)
4(5218 5219 5181 5180)
4(1205 1206 1234 1233)
4(5180 5181 5153 5152)
4(1175 1176 1206 1205)
4(5152 5153 5123 5122)
4(1147 1148 1176 1175)
4(5122 5123 5095 5094)
4(1113 1114 1148 1147)
4(5094 5095 5061 5060)
4(1085 1086 1114 1113)
4(5060 5061 5033 5032)
4(1055 1056 1086 1085)
4(5032 5033 5003 5002)
4(1027 1028 1056 1055)
4(5002 5003 4975 4974)
4(991 992 1028 1027)
4(4974 4975 4939 4938)
4(963 964 992 991)
4(4938 4939 4911 4910)
4(929 930 964 963)
4(4910 4911 4877 4876)
4(888 889 930 929)
4(4876 4877 4836 4835)
4(845 846 889 888)
4(4835 4836 4793 4792)
4(817 818 846 845)
4(4792 4793 4765 4764)
4(784 785 818 817)
4(4764 4765 4732 4731)
4(755 756 785 784)
4(4731 4732 4703 4702)
7(718 677 682 721 737 756 755)
7(4702 4703 4684 4668 4629 4624 4665)
7(717 673 674 675 676 677 718)
7(4665 4624 4623 4622 4621 4620 4664)
4(716 672 673 717)
4(4664 4620 4619 4663)
4(715 671 672 716)
4(4663 4619 4618 4662)
4(714 670 671 715)
4(4662 4618 4617 4661)
4(713 669 670 714)
4(4661 4617 4616 4660)
4(712 668 669 713)
4(4660 4616 4615 4659)
4(711 667 668 712)
4(4659 4615 4614 4658)
4(710 666 667 711)
4(4658 4614 4613 4657)
4(709 665 666 710)
4(4657 4613 4612 4656)
4(708 664 665 709)
4(4656 4612 4611 4655)
4(707 663 664 708)
4(4655 4611 4610 4654)
4(706 662 663 707)
4(4654 4610 4609 4653)
4(705 661 662 706)
4(4653 4609 4608 4652)
4(704 660 661 705)
4(4652 4608 4607 4651)
4(703 659 660 704)
4(4651 4607 4606 4650)
4(702 658 659 703)
4(4650 4606 4605 4649)
4(701 657 658 702)
4(4649 4605 4604 4648)
4(700 656 657 701)
4(4648 4604 4603 4647)
4(699 655 656 700)
4(4647 4603 4602 4646)
4(698 654 655 699)
4(4646 4602 4601 4645)
4(697 653 654 698)
4(4645 4601 4600 4644)
4(696 652 653 697)
4(4644 4600 4599 4643)
4(695 651 652 696)
4(4643 4599 4598 4642)
4(694 650 651 695)
4(4642 4598 4597 4641)
4(693 649 650 694)
4(4641 4597 4596 4640)
4(692 648 649 693)
4(4640 4596 4595 4639)
4(691 647 648 692)
4(4639 4595 4594 4638)
4(690 646 647 691)
4(4638 4594 4593 4637)
4(689 645 646 690)
4(4637 4593 4592 4636)
4(688 644 645 689)
4(4636 4592 4591 4635)
4(687 643 644 688)
4(4635 4591 4590 4634)
7(686 639 640 641 642 643 687)
7(4634 4590 4589 4588 4587 4586 4633)
7(782 781 771 761 752 753 751)
7(4698 4700 4699 4708 4718 4728 4729)
4(815 814 781 782)
4(4729 4728 4761 4762)
4(843 842 814 815)
4(4762 4761 4789 4790)
4(886 885 842 843)
4(4790 4789 4832 4833)
4(927 926 885 886)
4(4833 4832 4873 4874)
4(961 960 926 927)
4(4874 4873 4907 4908)
4(989 988 960 961)
4(4908 4907 4935 4936)
4(1025 1024 988 989)
4(4936 4935 4971 4972)
4(1053 1052 1024 1025)
4(4972 4971 4999 5000)
4(1083 1082 1052 1053)
4(5000 4999 5029 5030)
4(1111 1110 1082 1083)
4(5030 5029 5057 5058)
4(1145 1144 1110 1111)
4(5058 5057 5091 5092)
4(1173 1172 1144 1145)
4(5092 5091 5119 5120)
4(1203 1202 1172 1173)
4(5120 5119 5149 5150)
4(1231 1230 1202 1203)
4(5150 5149 5177 5178)
4(1269 1268 1230 1231)
4(5178 5177 5215 5216)
4(1297 1296 1268 1269)
4(5216 5215 5243 5244)
4(1321 1320 1296 1297)
4(5244 5243 5267 5268)
4(1345 1344 1320 1321)
4(5268 5267 5291 5292)
4(1373 1372 1344 1345)
4(5292 5291 5319 5320)
4(1407 1406 1372 1373)
4(5320 5319 5353 5354)
4(1435 1434 1406 1407)
4(5354 5353 5381 5382)
4(1465 1464 1434 1435)
4(5382 5381 5411 5412)
4(1493 1492 1464 1465)
4(5412 5411 5439 5440)
4(1532 1531 1492 1493)
4(5440 5439 5478 5479)
4(1572 1571 1531 1532)
4(5479 5478 5518 5519)
4(1610 1609 1571 1572)
4(5519 5518 5556 5557)
4(1637 1636 1609 1610)
4(5557 5556 5583 5584)
4(1674 1673 1636 1637)
4(5584 5583 5620 5621)
7(1703 1702 1701 1697 1687 1673 1674)
7(5621 5620 5634 5644 5648 5649 5650)
7(1775 1822 1821 1820 1819 1813 1774)
7(5721 5760 5766 5767 5768 5769 5722)
7(1776 1826 1825 1824 1823 1822 1775)
7(5722 5769 5770 5771 5772 5773 5723)
6(1777 1829 1828 1827 1826 1776)
6(5723 5773 5774 5775 5776 5724)
6(1778 1832 1831 1830 1829 1777)
6(5724 5776 5777 5778 5779 5725)
7(1779 1836 1835 1834 1833 1832 1778)
7(5725 5779 5780 5781 5782 5783 5726)
6(1780 1839 1838 1837 1836 1779)
6(5726 5783 5784 5785 5786 5727)
6(1781 1842 1841 1840 1839 1780)
6(5727 5786 5787 5788 5789 5728)
7(1782 1846 1845 1844 1843 1842 1781)
7(5728 5789 5790 5791 5792 5793 5729)
6(1783 1849 1848 1847 1846 1782)
6(5729 5793 5794 5795 5796 5730)
6(1784 1852 1851 1850 1849 1783)
6(5730 5796 5797 5798 5799 5731)
7(1785 1856 1855 1854 1853 1852 1784)
7(5731 5799 5800 5801 5802 5803 5732)
6(1786 1859 1858 1857 1856 1785)
6(5732 5803 5804 5805 5806 5733)
6(1787 1862 1861 1860 1859 1786)
6(5733 5806 5807 5808 5809 5734)
7(1788 1866 1865 1864 1863 1862 1787)
7(5734 5809 5810 5811 5812 5813 5735)
6(1789 1869 1868 1867 1866 1788)
6(5735 5813 5814 5815 5816 5736)
6(1790 1872 1871 1870 1869 1789)
6(5736 5816 5817 5818 5819 5737)
7(1791 1876 1875 1874 1873 1872 1790)
7(5737 5819 5820 5821 5822 5823 5738)
6(1792 1879 1878 1877 1876 1791)
6(5738 5823 5824 5825 5826 5739)
6(1793 1882 1881 1880 1879 1792)
6(5739 5826 5827 5828 5829 5740)
7(1794 1886 1885 1884 1883 1882 1793)
7(5740 5829 5830 5831 5832 5833 5741)
6(1795 1889 1888 1887 1886 1794)
6(5741 5833 5834 5835 5836 5742)
6(1796 1892 1891 1890 1889 1795)
6(5742 5836 5837 5838 5839 5743)
7(1797 1896 1895 1894 1893 1892 1796)
7(5743 5839 5840 5841 5842 5843 5744)
6(1798 1899 1898 1897 1896 1797)
6(5744 5843 5844 5845 5846 5745)
6(1799 1902 1901 1900 1899 1798)
6(5745 5846 5847 5848 5849 5746)
7(1800 1906 1905 1904 1903 1902 1799)
7(5746 5849 5850 5851 5852 5853 5747)
6(1801 1909 1908 1907 1906 1800)
6(5747 5853 5854 5855 5856 5748)
6(1802 1912 1911 1910 1909 1801)
6(5748 5856 5857 5858 5859 5749)
7(1803 1916 1915 1914 1913 1912 1802)
7(5749 5859 5860 5861 5862 5863 5750)
7(1804 1814 1919 1918 1917 1916 1803)
7(5750 5863 5864 5865 5866 5761 5751)
7(1677 1678 1688 1698 1708 1707 1706)
7(5653 5654 5655 5645 5635 5625 5624)
4(1640 1641 1678 1677)
4(5624 5625 5588 5587)
4(1613 1614 1641 1640)
4(5587 5588 5561 5560)
4(1575 1576 1614 1613)
4(5560 5561 5523 5522)
4(1535 1536 1576 1575)
4(5522 5523 5483 5482)
4(1496 1497 1536 1535)
4(5482 5483 5444 5443)
4(1468 1469 1497 1496)
4(5443 5444 5416 5415)
4(1438 1439 1469 1468)
4(5415 5416 5386 5385)
4(1410 1411 1439 1438)
4(5385 5386 5358 5357)
4(1376 1377 1411 1410)
4(5357 5358 5324 5323)
4(1348 1349 1377 1376)
4(5323 5324 5296 5295)
4(1324 1325 1349 1348)
4(5295 5296 5272 5271)
4(1300 1301 1325 1324)
4(5271 5272 5248 5247)
4(1272 1273 1301 1300)
4(5247 5248 5220 5219)
4(1234 1235 1273 1272)
4(5219 5220 5182 5181)
4(1206 1207 1235 1234)
4(5181 5182 5154 5153)
4(1176 1177 1207 1206)
4(5153 5154 5124 5123)
4(1148 1149 1177 1176)
4(5123 5124 5096 5095)
4(1114 1115 1149 1148)
4(5095 5096 5062 5061)
4(1086 1087 1115 1114)
4(5061 5062 5034 5033)
4(1056 1057 1087 1086)
4(5033 5034 5004 5003)
4(1028 1029 1057 1056)
4(5003 5004 4976 4975)
4(992 993 1029 1028)
4(4975 4976 4940 4939)
4(964 965 993 992)
4(4939 4940 4912 4911)
4(930 931 965 964)
4(4911 4912 4878 4877)
4(889 890 931 930)
4(4877 4878 4837 4836)
4(846 847 890 889)
4(4836 4837 4794 4793)
4(818 819 847 846)
4(4793 4794 4766 4765)
4(785 786 819 818)
4(4765 4766 4733 4732)
7(756 757 758 762 772 786 785)
7(4732 4733 4719 4709 4705 4704 4703)
6(672 635 636 637 638 673)
6(4620 4585 4584 4583 4582 4619)
4(671 634 635 672)
4(4619 4582 4581 4618)
4(670 633 634 671)
4(4618 4581 4580 4617)
4(669 632 633 670)
4(4617 4580 4579 4616)
4(668 631 632 669)
4(4616 4579 4578 4615)
4(667 630 631 668)
4(4615 4578 4577 4614)
4(666 629 630 667)
4(4614 4577 4576 4613)
4(665 628 629 666)
4(4613 4576 4575 4612)
4(664 627 628 665)
4(4612 4575 4574 4611)
4(663 626 627 664)
4(4611 4574 4573 4610)
4(662 625 626 663)
4(4610 4573 4572 4609)
4(661 624 625 662)
4(4609 4572 4571 4608)
4(660 623 624 661)
4(4608 4571 4570 4607)
4(659 622 623 660)
4(4607 4570 4569 4606)
4(658 621 622 659)
4(4606 4569 4568 4605)
4(657 620 621 658)
4(4605 4568 4567 4604)
4(656 619 620 657)
4(4604 4567 4566 4603)
4(655 618 619 656)
4(4603 4566 4565 4602)
4(654 617 618 655)
4(4602 4565 4564 4601)
4(653 616 617 654)
4(4601 4564 4563 4600)
4(652 615 616 653)
4(4600 4563 4562 4599)
4(651 614 615 652)
4(4599 4562 4561 4598)
4(650 613 614 651)
4(4598 4561 4560 4597)
4(649 612 613 650)
4(4597 4560 4559 4596)
4(648 611 612 649)
4(4596 4559 4558 4595)
4(647 610 611 648)
4(4595 4558 4557 4594)
4(646 609 610 647)
4(4594 4557 4556 4593)
4(645 608 609 646)
4(4593 4556 4555 4592)
4(644 607 608 645)
4(4592 4555 4554 4591)
6(643 604 605 606 607 644)
6(4591 4554 4553 4552 4551 4590)
7(814 813 802 791 779 780 781)
7(4728 4727 4726 4738 4749 4760 4761)
4(842 841 813 814)
4(4761 4760 4788 4789)
4(885 884 841 842)
4(4789 4788 4831 4832)
4(926 925 884 885)
4(4832 4831 4872 4873)
4(960 959 925 926)
4(4873 4872 4906 4907)
4(988 987 959 960)
4(4907 4906 4934 4935)
4(1024 1023 987 988)
4(4935 4934 4970 4971)
4(1052 1051 1023 1024)
4(4971 4970 4998 4999)
4(1082 1081 1051 1052)
4(4999 4998 5028 5029)
4(1110 1109 1081 1082)
4(5029 5028 5056 5057)
4(1144 1143 1109 1110)
4(5057 5056 5090 5091)
4(1172 1171 1143 1144)
4(5091 5090 5118 5119)
4(1202 1201 1171 1172)
4(5119 5118 5148 5149)
4(1230 1229 1201 1202)
4(5149 5148 5176 5177)
4(1268 1267 1229 1230)
4(5177 5176 5214 5215)
4(1296 1295 1267 1268)
4(5215 5214 5242 5243)
4(1320 1319 1295 1296)
4(5243 5242 5266 5267)
4(1344 1343 1319 1320)
4(5267 5266 5290 5291)
4(1372 1371 1343 1344)
4(5291 5290 5318 5319)
4(1406 1405 1371 1372)
4(5319 5318 5352 5353)
4(1434 1433 1405 1406)
4(5353 5352 5380 5381)
4(1464 1463 1433 1434)
4(5381 5380 5410 5411)
4(1492 1491 1463 1464)
4(5411 5410 5438 5439)
4(1531 1530 1491 1492)
4(5439 5438 5477 5478)
4(1571 1570 1530 1531)
4(5478 5477 5517 5518)
4(1609 1608 1570 1571)
4(5518 5517 5555 5556)
4(1636 1635 1608 1609)
4(5556 5555 5582 5583)
7(1673 1672 1671 1667 1654 1635 1636)
7(5583 5582 5601 5614 5618 5619 5620)
7(1641 1642 1655 1668 1680 1679 1678)
7(5625 5626 5627 5615 5602 5589 5588)
4(1614 1615 1642 1641)
4(5588 5589 5562 5561)
4(1576 1577 1615 1614)
4(5561 5562 5524 5523)
4(1536 1537 1577 1576)
4(5523 5524 5484 5483)
4(1497 1498 1537 1536)
4(5483 5484 5445 5444)
4(1469 1470 1498 1497)
4(5444 5445 5417 5416)
4(1439 1440 1470 1469)
4(5416 5417 5387 5386)
4(1411 1412 1440 1439)
4(5386 5387 5359 5358)
4(1377 1378 1412 1411)
4(5358 5359 5325 5324)
4(1349 1350 1378 1377)
4(5324 5325 5297 5296)
4(1325 1326 1350 1349)
4(5296 5297 5273 5272)
4(1301 1302 1326 1325)
4(5272 5273 5249 5248)
4(1273 1274 1302 1301)
4(5248 5249 5221 5220)
4(1235 1236 1274 1273)
4(5220 5221 5183 5182)
4(1207 1208 1236 1235)
4(5182 5183 5155 5154)
4(1177 1178 1208 1207)
4(5154 5155 5125 5124)
4(1149 1150 1178 1177)
4(5124 5125 5097 5096)
4(1115 1116 1150 1149)
4(5096 5097 5063 5062)
4(1087 1088 1116 1115)
4(5062 5063 5035 5034)
4(1057 1058 1088 1087)
4(5034 5035 5005 5004)
4(1029 1030 1058 1057)
4(5004 5005 4977 4976)
4(993 994 1030 1029)
4(4976 4977 4941 4940)
4(965 966 994 993)
4(4940 4941 4913 4912)
4(931 932 966 965)
4(4912 4913 4879 4878)
4(890 891 932 931)
4(4878 4879 4838 4837)
4(847 848 891 890)
4(4837 4838 4795 4794)
4(819 820 848 847)
4(4794 4795 4767 4766)
7(786 787 788 792 803 820 819)
7(4766 4767 4750 4739 4735 4734 4733)
7(634 585 586 587 588 589 635)
7(4582 4536 4535 4534 4533 4532 4581)
4(633 584 585 634)
4(4581 4532 4531 4580)
4(632 583 584 633)
4(4580 4531 4530 4579)
4(631 582 583 632)
4(4579 4530 4529 4578)
4(630 581 582 631)
4(4578 4529 4528 4577)
4(629 580 581 630)
4(4577 4528 4527 4576)
4(628 579 580 629)
4(4576 4527 4526 4575)
4(627 578 579 628)
4(4575 4526 4525 4574)
4(626 577 578 627)
4(4574 4525 4524 4573)
4(625 576 577 626)
4(4573 4524 4523 4572)
4(624 575 576 625)
4(4572 4523 4522 4571)
4(623 574 575 624)
4(4571 4522 4521 4570)
4(622 573 574 623)
4(4570 4521 4520 4569)
4(621 572 573 622)
4(4569 4520 4519 4568)
4(620 571 572 621)
4(4568 4519 4518 4567)
4(619 570 571 620)
4(4567 4518 4517 4566)
4(618 569 570 619)
4(4566 4517 4516 4565)
4(617 568 569 618)
4(4565 4516 4515 4564)
4(616 567 568 617)
4(4564 4515 4514 4563)
4(615 566 567 616)
4(4563 4514 4513 4562)
4(614 565 566 615)
4(4562 4513 4512 4561)
4(613 564 565 614)
4(4561 4512 4511 4560)
4(612 563 564 613)
4(4560 4511 4510 4559)
4(611 562 563 612)
4(4559 4510 4509 4558)
4(610 561 562 611)
4(4558 4509 4508 4557)
4(609 560 561 610)
4(4557 4508 4507 4556)
4(608 559 560 609)
4(4556 4507 4506 4555)
7(607 555 556 557 558 559 608)
7(4555 4506 4505 4504 4503 4502 4554)
7(841 840 831 824 811 812 813)
7(4760 4759 4758 4771 4778 4787 4788)
4(884 883 840 841)
4(4788 4787 4830 4831)
4(925 924 883 884)
4(4831 4830 4871 4872)
4(959 958 924 925)
4(4872 4871 4905 4906)
4(987 986 958 959)
4(4906 4905 4933 4934)
4(1023 1022 986 987)
4(4934 4933 4969 4970)
4(1051 1050 1022 1023)
4(4970 4969 4997 4998)
4(1081 1080 1050 1051)
4(4998 4997 5027 5028)
4(1109 1108 1080 1081)
4(5028 5027 5055 5056)
4(1143 1142 1108 1109)
4(5056 5055 5089 5090)
4(1171 1170 1142 1143)
4(5090 5089 5117 5118)
4(1201 1200 1170 1171)
4(5118 5117 5147 5148)
4(1229 1228 1200 1201)
4(5148 5147 5175 5176)
4(1267 1266 1228 1229)
4(5176 5175 5213 5214)
4(1295 1294 1266 1267)
4(5214 5213 5241 5242)
4(1319 1318 1294 1295)
4(5242 5241 5265 5266)
4(1343 1342 1318 1319)
4(5266 5265 5289 5290)
4(1371 1370 1342 1343)
4(5290 5289 5317 5318)
4(1405 1404 1370 1371)
4(5318 5317 5351 5352)
4(1433 1432 1404 1405)
4(5352 5351 5379 5380)
4(1463 1462 1432 1433)
4(5380 5379 5409 5410)
4(1491 1490 1462 1463)
4(5410 5409 5437 5438)
4(1530 1529 1490 1491)
4(5438 5437 5476 5477)
4(1570 1569 1529 1530)
4(5477 5476 5516 5517)
4(1608 1607 1569 1570)
4(5517 5516 5554 5555)
7(1635 1634 1633 1630 1623 1607 1608)
7(5555 5554 5570 5577 5580 5581 5582)
7(1615 1616 1624 1631 1644 1643 1642)
7(5589 5590 5591 5578 5571 5563 5562)
4(1577 1578 1616 1615)
4(5562 5563 5525 5524)
4(1537 1538 1578 1577)
4(5524 5525 5485 5484)
4(1498 1499 1538 1537)
4(5484 5485 5446 5445)
4(1470 1471 1499 1498)
4(5445 5446 5418 5417)
4(1440 1441 1471 1470)
4(5417 5418 5388 5387)
4(1412 1413 1441 1440)
4(5387 5388 5360 5359)
4(1378 1379 1413 1412)
4(5359 5360 5326 5325)
4(1350 1351 1379 1378)
4(5325 5326 5298 5297)
4(1326 1327 1351 1350)
4(5297 5298 5274 5273)
4(1302 1303 1327 1326)
4(5273 5274 5250 5249)
4(1274 1275 1303 1302)
4(5249 5250 5222 5221)
4(1236 1237 1275 1274)
4(5221 5222 5184 5183)
4(1208 1209 1237 1236)
4(5183 5184 5156 5155)
4(1178 1179 1209 1208)
4(5155 5156 5126 5125)
4(1150 1151 1179 1178)
4(5125 5126 5098 5097)
4(1116 1117 1151 1150)
4(5097 5098 5064 5063)
4(1088 1089 1117 1116)
4(5063 5064 5036 5035)
4(1058 1059 1089 1088)
4(5035 5036 5006 5005)
4(1030 1031 1059 1058)
4(5005 5006 4978 4977)
4(994 995 1031 1030)
4(4977 4978 4942 4941)
4(966 967 995 994)
4(4941 4942 4914 4913)
4(932 933 967 966)
4(4913 4914 4880 4879)
4(891 892 933 932)
4(4879 4880 4839 4838)
4(848 849 892 891)
4(4838 4839 4796 4795)
7(820 821 822 825 832 849 848)
7(4795 4796 4779 4772 4769 4768 4767)
7(584 517 518 519 520 524 585)
7(4532 4471 4467 4466 4465 4464 4531)
4(583 516 517 584)
4(4531 4464 4463 4530)
4(582 515 516 583)
4(4530 4463 4462 4529)
4(581 514 515 582)
4(4529 4462 4461 4528)
4(580 513 514 581)
4(4528 4461 4460 4527)
4(579 512 513 580)
4(4527 4460 4459 4526)
4(578 511 512 579)
4(4526 4459 4458 4525)
4(577 510 511 578)
4(4525 4458 4457 4524)
4(576 509 510 577)
4(4524 4457 4456 4523)
4(575 508 509 576)
4(4523 4456 4455 4522)
4(574 507 508 575)
4(4522 4455 4454 4521)
4(573 506 507 574)
4(4521 4454 4453 4520)
4(572 505 506 573)
4(4520 4453 4452 4519)
4(571 504 505 572)
4(4519 4452 4451 4518)
4(570 503 504 571)
4(4518 4451 4450 4517)
4(569 502 503 570)
4(4517 4450 4449 4516)
4(568 501 502 569)
4(4516 4449 4448 4515)
4(567 500 501 568)
4(4515 4448 4447 4514)
4(566 499 500 567)
4(4514 4447 4446 4513)
4(565 498 499 566)
4(4513 4446 4445 4512)
4(564 497 498 565)
4(4512 4445 4444 4511)
4(563 496 497 564)
4(4511 4444 4443 4510)
4(562 495 496 563)
4(4510 4443 4442 4509)
4(561 494 495 562)
4(4509 4442 4441 4508)
4(560 493 494 561)
4(4508 4441 4440 4507)
7(559 523 490 491 492 493 560)
7(4507 4440 4439 4438 4437 4470 4506)
7(2241 2240 2229 2219 2180 2138 2185)
7(6132 6085 6127 6166 6176 6187 6188)
4(2270 2269 2240 2241)
4(6188 6187 6216 6217)
4(2307 2306 2269 2270)
4(6217 6216 6253 6254)
4(2334 2333 2306 2307)
4(6254 6253 6280 6281)
4(2372 2371 2333 2334)
4(6281 6280 6318 6319)
4(2412 2411 2371 2372)
4(6319 6318 6358 6359)
4(2451 2450 2411 2412)
4(6359 6358 6397 6398)
4(2479 2478 2450 2451)
4(6398 6397 6425 6426)
4(2509 2508 2478 2479)
4(6426 6425 6455 6456)
4(2537 2536 2508 2509)
4(6456 6455 6483 6484)
4(2571 2570 2536 2537)
4(6484 6483 6517 6518)
4(2599 2598 2570 2571)
4(6518 6517 6545 6546)
4(2623 2622 2598 2599)
4(6546 6545 6569 6570)
4(2647 2646 2622 2623)
4(6570 6569 6593 6594)
4(2675 2674 2646 2647)
4(6594 6593 6621 6622)
4(2713 2712 2674 2675)
4(6622 6621 6659 6660)
4(2741 2740 2712 2713)
4(6660 6659 6687 6688)
4(2771 2770 2740 2741)
4(6688 6687 6717 6718)
4(2799 2798 2770 2771)
4(6718 6717 6745 6746)
4(2833 2832 2798 2799)
4(6746 6745 6779 6780)
4(2861 2860 2832 2833)
4(6780 6779 6807 6808)
4(2891 2890 2860 2861)
4(6808 6807 6837 6838)
4(2919 2918 2890 2891)
4(6838 6837 6865 6866)
4(2955 2954 2918 2919)
4(6866 6865 6901 6902)
4(2983 2982 2954 2955)
4(6902 6901 6929 6930)
4(3017 3016 2982 2983)
4(6930 6929 6963 6964)
4(3058 3057 3016 3017)
4(6964 6963 7004 7005)
4(3101 3100 3057 3058)
4(7005 7004 7047 7048)
4(3129 3128 3100 3101)
4(7048 7047 7075 7076)
4(3162 3161 3128 3129)
4(7076 7075 7108 7109)
4(3191 3190 3161 3162)
4(7109 7108 7137 7138)
7(3228 3269 3264 3225 3209 3190 3191)
7(7138 7137 7156 7172 7211 7216 7175)
7(3229 3273 3272 3271 3270 3269 3228)
7(7175 7216 7217 7218 7219 7220 7176)
4(3230 3274 3273 3229)
4(7176 7220 7221 7177)
4(3231 3275 3274 3230)
4(7177 7221 7222 7178)
4(3232 3276 3275 3231)
4(7178 7222 7223 7179)
4(3233 3277 3276 3232)
4(7179 7223 7224 7180)
4(3234 3278 3277 3233)
4(7180 7224 7225 7181)
4(3235 3279 3278 3234)
4(7181 7225 7226 7182)
4(3236 3280 3279 3235)
4(7182 7226 7227 7183)
4(3237 3281 3280 3236)
4(7183 7227 7228 7184)
4(3238 3282 3281 3237)
4(7184 7228 7229 7185)
4(3239 3283 3282 3238)
4(7185 7229 7230 7186)
4(3240 3284 3283 3239)
4(7186 7230 7231 7187)
4(3241 3285 3284 3240)
4(7187 7231 7232 7188)
4(3242 3286 3285 3241)
4(7188 7232 7233 7189)
4(3243 3287 3286 3242)
4(7189 7233 7234 7190)
4(3244 3288 3287 3243)
4(7190 7234 7235 7191)
4(3245 3289 3288 3244)
4(7191 7235 7236 7192)
4(3246 3290 3289 3245)
4(7192 7236 7237 7193)
4(3247 3291 3290 3246)
4(7193 7237 7238 7194)
4(3248 3292 3291 3247)
4(7194 7238 7239 7195)
4(3249 3293 3292 3248)
4(7195 7239 7240 7196)
4(3250 3294 3293 3249)
4(7196 7240 7241 7197)
4(3251 3295 3294 3250)
4(7197 7241 7242 7198)
4(3252 3296 3295 3251)
4(7198 7242 7243 7199)
4(3253 3297 3296 3252)
4(7199 7243 7244 7200)
4(3254 3298 3297 3253)
4(7200 7244 7245 7201)
4(3255 3299 3298 3254)
4(7201 7245 7246 7202)
4(3256 3300 3299 3255)
4(7202 7246 7247 7203)
4(3257 3301 3300 3256)
4(7203 7247 7248 7204)
4(3258 3302 3301 3257)
4(7204 7248 7249 7205)
4(3259 3303 3302 3258)
4(7205 7249 7250 7206)
7(3260 3307 3306 3305 3304 3303 3259)
7(7206 7250 7251 7252 7253 7254 7207)
7(3192 3193 3210 3226 3265 3307 3260)
7(7207 7254 7212 7173 7157 7140 7139)
4(3163 3164 3193 3192)
4(7139 7140 7111 7110)
4(3130 3131 3164 3163)
4(7110 7111 7078 7077)
4(3102 3103 3131 3130)
4(7077 7078 7050 7049)
4(3059 3060 3103 3102)
4(7049 7050 7007 7006)
4(3018 3019 3060 3059)
4(7006 7007 6966 6965)
4(2984 2985 3019 3018)
4(6965 6966 6932 6931)
4(2956 2957 2985 2984)
4(6931 6932 6904 6903)
4(2920 2921 2957 2956)
4(6903 6904 6868 6867)
4(2892 2893 2921 2920)
4(6867 6868 6840 6839)
4(2862 2863 2893 2892)
4(6839 6840 6810 6809)
4(2834 2835 2863 2862)
4(6809 6810 6782 6781)
4(2800 2801 2835 2834)
4(6781 6782 6748 6747)
4(2772 2773 2801 2800)
4(6747 6748 6720 6719)
4(2742 2743 2773 2772)
4(6719 6720 6690 6689)
4(2714 2715 2743 2742)
4(6689 6690 6662 6661)
4(2676 2677 2715 2714)
4(6661 6662 6624 6623)
4(2648 2649 2677 2676)
4(6623 6624 6596 6595)
4(2624 2625 2649 2648)
4(6595 6596 6572 6571)
4(2600 2601 2625 2624)
4(6571 6572 6548 6547)
4(2572 2573 2601 2600)
4(6547 6548 6520 6519)
4(2538 2539 2573 2572)
4(6519 6520 6486 6485)
4(2510 2511 2539 2538)
4(6485 6486 6458 6457)
4(2480 2481 2511 2510)
4(6457 6458 6428 6427)
4(2452 2453 2481 2480)
4(6427 6428 6400 6399)
4(2413 2414 2453 2452)
4(6399 6400 6361 6360)
4(2373 2374 2414 2413)
4(6360 6361 6321 6320)
4(2335 2336 2374 2373)
4(6320 6321 6283 6282)
4(2308 2309 2336 2335)
4(6282 6283 6256 6255)
4(2271 2272 2309 2308)
4(6255 6256 6219 6218)
4(2242 2243 2272 2271)
4(6218 6219 6190 6189)
7(2217 2176 2181 2220 2230 2243 2242)
7(6189 6190 6177 6167 6128 6123 6164)
7(2216 2172 2173 2174 2175 2176 2217)
7(6164 6123 6122 6121 6120 6119 6163)
4(2215 2171 2172 2216)
4(6163 6119 6118 6162)
4(2214 2170 2171 2215)
4(6162 6118 6117 6161)
4(2213 2169 2170 2214)
4(6161 6117 6116 6160)
4(2212 2168 2169 2213)
4(6160 6116 6115 6159)
4(2211 2167 2168 2212)
4(6159 6115 6114 6158)
4(2210 2166 2167 2211)
4(6158 6114 6113 6157)
4(2209 2165 2166 2210)
4(6157 6113 6112 6156)
4(2208 2164 2165 2209)
4(6156 6112 6111 6155)
4(2207 2163 2164 2208)
4(6155 6111 6110 6154)
4(2206 2162 2163 2207)
4(6154 6110 6109 6153)
4(2205 2161 2162 2206)
4(6153 6109 6108 6152)
4(2204 2160 2161 2205)
4(6152 6108 6107 6151)
4(2203 2159 2160 2204)
4(6151 6107 6106 6150)
4(2202 2158 2159 2203)
4(6150 6106 6105 6149)
4(2201 2157 2158 2202)
4(6149 6105 6104 6148)
4(2200 2156 2157 2201)
4(6148 6104 6103 6147)
4(2199 2155 2156 2200)
4(6147 6103 6102 6146)
4(2198 2154 2155 2199)
4(6146 6102 6101 6145)
4(2197 2153 2154 2198)
4(6145 6101 6100 6144)
4(2196 2152 2153 2197)
4(6144 6100 6099 6143)
4(2195 2151 2152 2196)
4(6143 6099 6098 6142)
4(2194 2150 2151 2195)
4(6142 6098 6097 6141)
4(2193 2149 2150 2194)
4(6141 6097 6096 6140)
4(2192 2148 2149 2193)
4(6140 6096 6095 6139)
4(2191 2147 2148 2192)
4(6139 6095 6094 6138)
4(2190 2146 2147 2191)
4(6138 6094 6093 6137)
4(2189 2145 2146 2190)
4(6137 6093 6092 6136)
4(2188 2144 2145 2189)
4(6136 6092 6091 6135)
4(2187 2143 2144 2188)
4(6135 6091 6090 6134)
4(2186 2142 2143 2187)
4(6134 6090 6089 6133)
7(2185 2138 2139 2140 2141 2142 2186)
7(6133 6089 6088 6087 6086 6085 6132)
7(2269 2268 2258 2248 2238 2239 2240)
7(6187 6186 6185 6195 6205 6215 6216)
4(2306 2305 2268 2269)
4(6216 6215 6252 6253)
4(2333 2332 2305 2306)
4(6253 6252 6279 6280)
4(2371 2370 2332 2333)
4(6280 6279 6317 6318)
4(2411 2410 2370 2371)
4(6318 6317 6357 6358)
4(2450 2449 2410 2411)
4(6358 6357 6396 6397)
4(2478 2477 2449 2450)
4(6397 6396 6424 6425)
4(2508 2507 2477 2478)
4(6425 6424 6454 6455)
4(2536 2535 2507 2508)
4(6455 6454 6482 6483)
4(2570 2569 2535 2536)
4(6483 6482 6516 6517)
4(2598 2597 2569 2570)
4(6517 6516 6544 6545)
4(2622 2621 2597 2598)
4(6545 6544 6568 6569)
4(2646 2645 2621 2622)
4(6569 6568 6592 6593)
4(2674 2673 2645 2646)
4(6593 6592 6620 6621)
4(2712 2711 2673 2674)
4(6621 6620 6658 6659)
4(2740 2739 2711 2712)
4(6659 6658 6686 6687)
4(2770 2769 2739 2740)
4(6687 6686 6716 6717)
4(2798 2797 2769 2770)
4(6717 6716 6744 6745)
4(2832 2831 2797 2798)
4(6745 6744 6778 6779)
4(2860 2859 2831 2832)
4(6779 6778 6806 6807)
4(2890 2889 2859 2860)
4(6807 6806 6836 6837)
4(2918 2917 2889 2890)
4(6837 6836 6864 6865)
4(2954 2953 2917 2918)
4(6865 6864 6900 6901)
4(2982 2981 2953 2954)
4(6901 6900 6928 6929)
4(3016 3015 2981 2982)
4(6929 6928 6962 6963)
4(3057 3056 3015 3016)
4(6963 6962 7003 7004)
4(3100 3099 3056 3057)
4(7004 7003 7046 7047)
4(3128 3127 3099 3100)
4(7047 7046 7074 7075)
4(3161 3160 3127 3128)
4(7075 7074 7107 7108)
7(3190 3189 3188 3184 3174 3160 3161)
7(7108 7107 7121 7131 7135 7136 7137)
6(3274 3311 3310 3309 3308 3273)
6(7220 7255 7256 7257 7258 7221)
4(3275 3312 3311 3274)
4(7221 7258 7259 7222)
4(3276 3313 3312 3275)
4(7222 7259 7260 7223)
4(3277 3314 3313 3276)
4(7223 7260 7261 7224)
4(3278 3315 3314 3277)
4(7224 7261 7262 7225)
4(3279 3316 3315 3278)
4(7225 7262 7263 7226)
4(3280 3317 3316 3279)
4(7226 7263 7264 7227)
4(3281 3318 3317 3280)
4(7227 7264 7265 7228)
4(3282 3319 3318 3281)
4(7228 7265 7266 7229)
4(3283 3320 3319 3282)
4(7229 7266 7267 7230)
4(3284 3321 3320 3283)
4(7230 7267 7268 7231)
4(3285 3322 3321 3284)
4(7231 7268 7269 7232)
4(3286 3323 3322 3285)
4(7232 7269 7270 7233)
4(3287 3324 3323 3286)
4(7233 7270 7271 7234)
4(3288 3325 3324 3287)
4(7234 7271 7272 7235)
4(3289 3326 3325 3288)
4(7235 7272 7273 7236)
4(3290 3327 3326 3289)
4(7236 7273 7274 7237)
4(3291 3328 3327 3290)
4(7237 7274 7275 7238)
4(3292 3329 3328 3291)
4(7238 7275 7276 7239)
4(3293 3330 3329 3292)
4(7239 7276 7277 7240)
4(3294 3331 3330 3293)
4(7240 7277 7278 7241)
4(3295 3332 3331 3294)
4(7241 7278 7279 7242)
4(3296 3333 3332 3295)
4(7242 7279 7280 7243)
4(3297 3334 3333 3296)
4(7243 7280 7281 7244)
4(3298 3335 3334 3297)
4(7244 7281 7282 7245)
4(3299 3336 3335 3298)
4(7245 7282 7283 7246)
4(3300 3337 3336 3299)
4(7246 7283 7284 7247)
4(3301 3338 3337 3300)
4(7247 7284 7285 7248)
4(3302 3339 3338 3301)
4(7248 7285 7286 7249)
6(3303 3342 3341 3340 3339 3302)
6(7249 7286 7287 7288 7289 7250)
7(3164 3165 3175 3185 3195 3194 3193)
7(7140 7141 7142 7132 7122 7112 7111)
4(3131 3132 3165 3164)
4(7111 7112 7079 7078)
4(3103 3104 3132 3131)
4(7078 7079 7051 7050)
4(3060 3061 3104 3103)
4(7050 7051 7008 7007)
4(3019 3020 3061 3060)
4(7007 7008 6967 6966)
4(2985 2986 3020 3019)
4(6966 6967 6933 6932)
4(2957 2958 2986 2985)
4(6932 6933 6905 6904)
4(2921 2922 2958 2957)
4(6904 6905 6869 6868)
4(2893 2894 2922 2921)
4(6868 6869 6841 6840)
4(2863 2864 2894 2893)
4(6840 6841 6811 6810)
4(2835 2836 2864 2863)
4(6810 6811 6783 6782)
4(2801 2802 2836 2835)
4(6782 6783 6749 6748)
4(2773 2774 2802 2801)
4(6748 6749 6721 6720)
4(2743 2744 2774 2773)
4(6720 6721 6691 6690)
4(2715 2716 2744 2743)
4(6690 6691 6663 6662)
4(2677 2678 2716 2715)
4(6662 6663 6625 6624)
4(2649 2650 2678 2677)
4(6624 6625 6597 6596)
4(2625 2626 2650 2649)
4(6596 6597 6573 6572)
4(2601 2602 2626 2625)
4(6572 6573 6549 6548)
4(2573 2574 2602 2601)
4(6548 6549 6521 6520)
4(2539 2540 2574 2573)
4(6520 6521 6487 6486)
4(2511 2512 2540 2539)
4(6486 6487 6459 6458)
4(2481 2482 2512 2511)
4(6458 6459 6429 6428)
4(2453 2454 2482 2481)
4(6428 6429 6401 6400)
4(2414 2415 2454 2453)
4(6400 6401 6362 6361)
4(2374 2375 2415 2414)
4(6361 6362 6322 6321)
4(2336 2337 2375 2374)
4(6321 6322 6284 6283)
4(2309 2310 2337 2336)
4(6283 6284 6257 6256)
4(2272 2273 2310 2309)
4(6256 6257 6220 6219)
7(2243 2244 2245 2249 2259 2273 2272)
7(6219 6220 6206 6196 6192 6191 6190)
7(2171 2124 2125 2126 2127 2133 2172)
7(6119 6080 6074 6073 6072 6071 6118)
7(2170 2120 2121 2122 2123 2124 2171)
7(6118 6071 6070 6069 6068 6067 6117)
6(2169 2117 2118 2119 2120 2170)
6(6117 6067 6066 6065 6064 6116)
6(2168 2114 2115 2116 2117 2169)
6(6116 6064 6063 6062 6061 6115)
7(2167 2110 2111 2112 2113 2114 2168)
7(6115 6061 6060 6059 6058 6057 6114)
6(2166 2107 2108 2109 2110 2167)
6(6114 6057 6056 6055 6054 6113)
6(2165 2104 2105 2106 2107 2166)
6(6113 6054 6053 6052 6051 6112)
7(2164 2100 2101 2102 2103 2104 2165)
7(6112 6051 6050 6049 6048 6047 6111)
6(2163 2097 2098 2099 2100 2164)
6(6111 6047 6046 6045 6044 6110)
6(2162 2094 2095 2096 2097 2163)
6(6110 6044 6043 6042 6041 6109)
7(2161 2090 2091 2092 2093 2094 2162)
7(6109 6041 6040 6039 6038 6037 6108)
6(2160 2087 2088 2089 2090 2161)
6(6108 6037 6036 6035 6034 6107)
6(2159 2084 2085 2086 2087 2160)
6(6107 6034 6033 6032 6031 6106)
7(2158 2080 2081 2082 2083 2084 2159)
7(6106 6031 6030 6029 6028 6027 6105)
6(2157 2077 2078 2079 2080 2158)
6(6105 6027 6026 6025 6024 6104)
6(2156 2074 2075 2076 2077 2157)
6(6104 6024 6023 6022 6021 6103)
7(2155 2070 2071 2072 2073 2074 2156)
7(6103 6021 6020 6019 6018 6017 6102)
6(2154 2067 2068 2069 2070 2155)
6(6102 6017 6016 6015 6014 6101)
6(2153 2064 2065 2066 2067 2154)
6(6101 6014 6013 6012 6011 6100)
7(2152 2060 2061 2062 2063 2064 2153)
7(6100 6011 6010 6009 6008 6007 6099)
6(2151 2057 2058 2059 2060 2152)
6(6099 6007 6006 6005 6004 6098)
6(2150 2054 2055 2056 2057 2151)
6(6098 6004 6003 6002 6001 6097)
7(2149 2050 2051 2052 2053 2054 2150)
7(6097 6001 6000 5999 5998 5997 6096)
6(2148 2047 2048 2049 2050 2149)
6(6096 5997 5996 5995 5994 6095)
6(2147 2044 2045 2046 2047 2148)
6(6095 5994 5993 5992 5991 6094)
7(2146 2040 2041 2042 2043 2044 2147)
7(6094 5991 5990 5989 5988 5987 6093)
6(2145 2037 2038 2039 2040 2146)
6(6093 5987 5986 5985 5984 6092)
6(2144 2034 2035 2036 2037 2145)
6(6092 5984 5983 5982 5981 6091)
7(2143 2030 2031 2032 2033 2034 2144)
7(6091 5981 5980 5979 5978 5977 6090)
7(2142 2132 2027 2028 2029 2030 2143)
7(6090 5977 5976 5975 5974 6079 6089)
7(2305 2304 2291 2278 2266 2267 2268)
7(6215 6214 6213 6225 6238 6251 6252)
4(2332 2331 2304 2305)
4(6252 6251 6278 6279)
4(2370 2369 2331 2332)
4(6279 6278 6316 6317)
4(2410 2409 2369 2370)
4(6317 6316 6356 6357)
4(2449 2448 2409 2410)
4(6357 6356 6395 6396)
4(2477 2476 2448 2449)
4(6396 6395 6423 6424)
4(2507 2506 2476 2477)
4(6424 6423 6453 6454)
4(2535 2534 2506 2507)
4(6454 6453 6481 6482)
4(2569 2568 2534 2535)
4(6482 6481 6515 6516)
4(2597 2596 2568 2569)
4(6516 6515 6543 6544)
4(2621 2620 2596 2597)
4(6544 6543 6567 6568)
4(2645 2644 2620 2621)
4(6568 6567 6591 6592)
4(2673 2672 2644 2645)
4(6592 6591 6619 6620)
4(2711 2710 2672 2673)
4(6620 6619 6657 6658)
4(2739 2738 2710 2711)
4(6658 6657 6685 6686)
4(2769 2768 2738 2739)
4(6686 6685 6715 6716)
4(2797 2796 2768 2769)
4(6716 6715 6743 6744)
4(2831 2830 2796 2797)
4(6744 6743 6777 6778)
4(2859 2858 2830 2831)
4(6778 6777 6805 6806)
4(2889 2888 2858 2859)
4(6806 6805 6835 6836)
4(2917 2916 2888 2889)
4(6836 6835 6863 6864)
4(2953 2952 2916 2917)
4(6864 6863 6899 6900)
4(2981 2980 2952 2953)
4(6900 6899 6927 6928)
4(3015 3014 2980 2981)
4(6928 6927 6961 6962)
4(3056 3055 3014 3015)
4(6962 6961 7002 7003)
4(3099 3098 3055 3056)
4(7003 7002 7045 7046)
4(3127 3126 3098 3099)
4(7046 7045 7073 7074)
7(3160 3159 3158 3154 3143 3126 3127)
7(7074 7073 7090 7101 7105 7106 7107)
7(3312 3361 3360 3359 3358 3357 3311)
7(7258 7304 7305 7306 7307 7308 7259)
4(3313 3362 3361 3312)
4(7259 7308 7309 7260)
4(3314 3363 3362 3313)
4(7260 7309 7310 7261)
4(3315 3364 3363 3314)
4(7261 7310 7311 7262)
4(3316 3365 3364 3315)
4(7262 7311 7312 7263)
4(3317 3366 3365 3316)
4(7263 7312 7313 7264)
4(3318 3367 3366 3317)
4(7264 7313 7314 7265)
4(3319 3368 3367 3318)
4(7265 7314 7315 7266)
4(3320 3369 3368 3319)
4(7266 7315 7316 7267)
4(3321 3370 3369 3320)
4(7267 7316 7317 7268)
4(3322 3371 3370 3321)
4(7268 7317 7318 7269)
4(3323 3372 3371 3322)
4(7269 7318 7319 7270)
4(3324 3373 3372 3323)
4(7270 7319 7320 7271)
4(3325 3374 3373 3324)
4(7271 7320 7321 7272)
4(3326 3375 3374 3325)
4(7272 7321 7322 7273)
4(3327 3376 3375 3326)
4(7273 7322 7323 7274)
4(3328 3377 3376 3327)
4(7274 7323 7324 7275)
4(3329 3378 3377 3328)
4(7275 7324 7325 7276)
4(3330 3379 3378 3329)
4(7276 7325 7326 7277)
4(3331 3380 3379 3330)
4(7277 7326 7327 7278)
4(3332 3381 3380 3331)
4(7278 7327 7328 7279)
4(3333 3382 3381 3332)
4(7279 7328 7329 7280)
4(3334 3383 3382 3333)
4(7280 7329 7330 7281)
4(3335 3384 3383 3334)
4(7281 7330 7331 7282)
4(3336 3385 3384 3335)
4(7282 7331 7332 7283)
4(3337 3386 3385 3336)
4(7283 7332 7333 7284)
4(3338 3387 3386 3337)
4(7284 7333 7334 7285)
7(3339 3391 3390 3389 3388 3387 3338)
7(7285 7334 7335 7336 7337 7338 7286)
7(3132 3133 3144 3155 3167 3166 3165)
7(7112 7113 7114 7102 7091 7080 7079)
4(3104 3105 3133 3132)
4(7079 7080 7052 7051)
4(3061 3062 3105 3104)
4(7051 7052 7009 7008)
4(3020 3021 3062 3061)
4(7008 7009 6968 6967)
4(2986 2987 3021 3020)
4(6967 6968 6934 6933)
4(2958 2959 2987 2986)
4(6933 6934 6906 6905)
4(2922 2923 2959 2958)
4(6905 6906 6870 6869)
4(2894 2895 2923 2922)
4(6869 6870 6842 6841)
4(2864 2865 2895 2894)
4(6841 6842 6812 6811)
4(2836 2837 2865 2864)
4(6811 6812 6784 6783)
4(2802 2803 2837 2836)
4(6783 6784 6750 6749)
4(2774 2775 2803 2802)
4(6749 6750 6722 6721)
4(2744 2745 2775 2774)
4(6721 6722 6692 6691)
4(2716 2717 2745 2744)
4(6691 6692 6664 6663)
4(2678 2679 2717 2716)
4(6663 6664 6626 6625)
4(2650 2651 2679 2678)
4(6625 6626 6598 6597)
4(2626 2627 2651 2650)
4(6597 6598 6574 6573)
4(2602 2603 2627 2626)
4(6573 6574 6550 6549)
4(2574 2575 2603 2602)
4(6549 6550 6522 6521)
4(2540 2541 2575 2574)
4(6521 6522 6488 6487)
4(2512 2513 2541 2540)
4(6487 6488 6460 6459)
4(2482 2483 2513 2512)
4(6459 6460 6430 6429)
4(2454 2455 2483 2482)
4(6429 6430 6402 6401)
4(2415 2416 2455 2454)
4(6401 6402 6363 6362)
4(2375 2376 2416 2415)
4(6362 6363 6323 6322)
4(2337 2338 2376 2375)
4(6322 6323 6285 6284)
4(2310 2311 2338 2337)
4(6284 6285 6258 6257)
7(2273 2274 2275 2279 2292 2311 2310)
7(6257 6258 6239 6226 6222 6221 6220)
7(2331 2330 2322 2315 2302 2303 2304)
7(6251 6250 6249 6262 6269 6277 6278)
4(2369 2368 2330 2331)
4(6278 6277 6315 6316)
4(2409 2408 2368 2369)
4(6316 6315 6355 6356)
4(2448 2447 2408 2409)
4(6356 6355 6394 6395)
4(2476 2475 2447 2448)
4(6395 6394 6422 6423)
4(2506 2505 2475 2476)
4(6423 6422 6452 6453)
4(2534 2533 2505 2506)
4(6453 6452 6480 6481)
4(2568 2567 2533 2534)
4(6481 6480 6514 6515)
4(2596 2595 2567 2568)
4(6515 6514 6542 6543)
4(2620 2619 2595 2596)
4(6543 6542 6566 6567)
4(2644 2643 2619 2620)
4(6567 6566 6590 6591)
4(2672 2671 2643 2644)
4(6591 6590 6618 6619)
4(2710 2709 2671 2672)
4(6619 6618 6656 6657)
4(2738 2737 2709 2710)
4(6657 6656 6684 6685)
4(2768 2767 2737 2738)
4(6685 6684 6714 6715)
4(2796 2795 2767 2768)
4(6715 6714 6742 6743)
4(2830 2829 2795 2796)
4(6743 6742 6776 6777)
4(2858 2857 2829 2830)
4(6777 6776 6804 6805)
4(2888 2887 2857 2858)
4(6805 6804 6834 6835)
4(2916 2915 2887 2888)
4(6835 6834 6862 6863)
4(2952 2951 2915 2916)
4(6863 6862 6898 6899)
4(2980 2979 2951 2952)
4(6899 6898 6926 6927)
4(3014 3013 2979 2980)
4(6927 6926 6960 6961)
4(3055 3054 3013 3014)
4(6961 6960 7001 7002)
4(3098 3097 3054 3055)
4(7002 7001 7044 7045)
7(3126 3125 3124 3121 3114 3097 3098)
7(7045 7044 7061 7068 7071 7072 7073)
7(3362 3429 3428 3427 3426 3422 3361)
7(7308 7369 7373 7374 7375 7376 7309)
4(3363 3430 3429 3362)
4(7309 7376 7377 7310)
4(3364 3431 3430 3363)
4(7310 7377 7378 7311)
4(3365 3432 3431 3364)
4(7311 7378 7379 7312)
4(3366 3433 3432 3365)
4(7312 7379 7380 7313)
4(3367 3434 3433 3366)
4(7313 7380 7381 7314)
4(3368 3435 3434 3367)
4(7314 7381 7382 7315)
4(3369 3436 3435 3368)
4(7315 7382 7383 7316)
4(3370 3437 3436 3369)
4(7316 7383 7384 7317)
4(3371 3438 3437 3370)
4(7317 7384 7385 7318)
4(3372 3439 3438 3371)
4(7318 7385 7386 7319)
4(3373 3440 3439 3372)
4(7319 7386 7387 7320)
4(3374 3441 3440 3373)
4(7320 7387 7388 7321)
4(3375 3442 3441 3374)
4(7321 7388 7389 7322)
4(3376 3443 3442 3375)
4(7322 7389 7390 7323)
4(3377 3444 3443 3376)
4(7323 7390 7391 7324)
4(3378 3445 3444 3377)
4(7324 7391 7392 7325)
4(3379 3446 3445 3378)
4(7325 7392 7393 7326)
4(3380 3447 3446 3379)
4(7326 7393 7394 7327)
4(3381 3448 3447 3380)
4(7327 7394 7395 7328)
4(3382 3449 3448 3381)
4(7328 7395 7396 7329)
4(3383 3450 3449 3382)
4(7329 7396 7397 7330)
4(3384 3451 3450 3383)
4(7330 7397 7398 7331)
4(3385 3452 3451 3384)
4(7331 7398 7399 7332)
4(3386 3453 3452 3385)
4(7332 7399 7400 7333)
7(3387 3423 3456 3455 3454 3453 3386)
7(7333 7400 7401 7402 7403 7370 7334)
7(3105 3106 3115 3122 3135 3134 3133)
7(7080 7081 7082 7069 7062 7053 7052)
4(3062 3063 3106 3105)
4(7052 7053 7010 7009)
4(3021 3022 3063 3062)
4(7009 7010 6969 6968)
4(2987 2988 3022 3021)
4(6968 6969 6935 6934)
4(2959 2960 2988 2987)
4(6934 6935 6907 6906)
4(2923 2924 2960 2959)
4(6906 6907 6871 6870)
4(2895 2896 2924 2923)
4(6870 6871 6843 6842)
4(2865 2866 2896 2895)
4(6842 6843 6813 6812)
4(2837 2838 2866 2865)
4(6812 6813 6785 6784)
4(2803 2804 2838 2837)
4(6784 6785 6751 6750)
4(2775 2776 2804 2803)
4(6750 6751 6723 6722)
4(2745 2746 2776 2775)
4(6722 6723 6693 6692)
4(2717 2718 2746 2745)
4(6692 6693 6665 6664)
4(2679 2680 2718 2717)
4(6664 6665 6627 6626)
4(2651 2652 2680 2679)
4(6626 6627 6599 6598)
4(2627 2628 2652 2651)
4(6598 6599 6575 6574)
4(2603 2604 2628 2627)
4(6574 6575 6551 6550)
4(2575 2576 2604 2603)
4(6550 6551 6523 6522)
4(2541 2542 2576 2575)
4(6522 6523 6489 6488)
4(2513 2514 2542 2541)
4(6488 6489 6461 6460)
4(2483 2484 2514 2513)
4(6460 6461 6431 6430)
4(2455 2456 2484 2483)
4(6430 6431 6403 6402)
4(2416 2417 2456 2455)
4(6402 6403 6364 6363)
4(2376 2377 2417 2416)
4(6363 6364 6324 6323)
4(2338 2339 2377 2376)
4(6323 6324 6286 6285)
7(2311 2312 2313 2316 2323 2339 2338)
7(6285 6286 6270 6263 6260 6259 6258)
)
