FoamFile
{
    version 2.0;
    format ascii;
    arch "LSB;label=32;scalar=64";
    class vectorField;
    location "constant/polyMesh";
    object points;
}

7894
(
(-1 -1 0)
(-1 -0.625 0)
(-1 -0.25 0)
(-1 -0.0625 0)
(-1 0.125 0)
(-1 0.3125 0)
(-1 0.5 0)
(-1 0.6875 0)
(-1 0.875 0)
(-1 1.0625 0)
(-1 1.25 0)
(-1 1.625 0)
(-1 2 0)
(-0.745 -0.25 0)
(-0.745 -0.0625 0)
(-0.745 0.125 0)
(-0.745 0.3125 0)
(-0.745 0.5 0)
(-0.745 0.6875 0)
(-0.745 0.875 0)
(-0.745 1.0625 0)
(-0.745 1.25 0)
(-0.48999999999999999 -1 0)
(-0.48999999999999999 -0.625 0)
(-0.48999999999999999 -0.4375 0)
(-0.48999999999999999 -0.25 0)
(-0.48999999999999999 -0.0625 0)
(-0.48999999999999999 0.03125 0)
(-0.48999999999999999 0.125 0)
(-0.48999999999999999 0.21875 0)
(-0.48999999999999999 0.3125 0)
(-0.48999999999999999 0.40625 0)
(-0.48999999999999999 0.5 0)
(-0.48999999999999999 0.59375 0)
(-0.48999999999999999 0.6875 0)
(-0.48999999999999999 0.78125 0)
(-0.48999999999999999 0.875 0)
(-0.48999999999999999 0.96875 0)
(-0.48999999999999999 1.0625 0)
(-0.48999999999999999 1.25 0)
(-0.48999999999999999 1.4375 0)
(-0.48999999999999999 1.625 0)
(-0.48999999999999999 2 0)
(-0.36249999999999999 -0.0625 0)
(-0.36249999999999999 0.03125 0)
(-0.36249999999999999 0.125 0)
(-0.36249999999999999 0.171875 0)
(-0.36249999999999999 0.21875 0)
(-0.36249999999999999 0.265625 0)
(-0.36249999999999999 0.3125 0)
(-0.36249999999999999 0.359375 0)
(-0.36249999999999999 0.40625 0)
(-0.36249999999999999 0.453125 0)
(-0.36249999999999999 0.5 0)
(-0.36249999999999999 0.546875 0)
(-0.36249999999999999 0.59375 0)
(-0.36249999999999999 0.640625 0)
(-0.36249999999999999 0.6875 0)
(-0.36249999999999999 0.734375 0)
(-0.36249999999999999 0.78125 0)
(-0.36249999999999999 0.828125 0)
(-0.36249999999999999 0.875 0)
(-0.36249999999999999 0.96875 0)
(-0.36249999999999999 1.0625 0)
(-0.29874999999999996 0.125 0)
(-0.29874999999999996 0.171875 0)
(-0.29874999999999996 0.21875 0)
(-0.29874999999999996 0.265625 0)
(-0.29874999999999996 0.3125 0)
(-0.29874999999999996 0.359375 0)
(-0.29874999999999996 0.40625 0)
(-0.29874999999999996 0.453125 0)
(-0.29874999999999996 0.5 0)
(-0.29874999999999996 0.546875 0)
(-0.29874999999999996 0.59375 0)
(-0.29874999999999996 0.640625 0)
(-0.29874999999999996 0.6875 0)
(-0.29874999999999996 0.734375 0)
(-0.29874999999999996 0.78125 0)
(-0.29874999999999996 0.828125 0)
(-0.29874999999999996 0.875 0)
(-0.23499999999999999 -0.625 0)
(-0.23499999999999999 -0.4375 0)
(-0.23499999999999999 -0.25 0)
(-0.23499999999999999 -0.15625 0)
(-0.23499999999999999 -0.0625 0)
(-0.23499999999999999 -0.015625 0)
(-0.23499999999999999 0.03125 0)
(-0.23499999999999999 0.078125 0)
(-0.23499999999999999 0.125 0)
(-0.23499999999999999 0.171875 0)
(-0.23499999999999999 0.1953125 0)
(-0.23499999999999999 0.21875 0)
(-0.23499999999999999 0.2421875 0)
(-0.23499999999999999 0.265625 0)
(-0.23499999999999999 0.2890625 0)
(-0.23499999999999999 0.3125 0)
(-0.23499999999999999 0.3359375 0)
(-0.23499999999999999 0.359375 0)
(-0.23499999999999999 0.3828125 0)
(-0.23499999999999999 0.40625 0)
(-0.23499999999999999 0.4296875 0)
(-0.23499999999999999 0.453125 0)
(-0.23499999999999999 0.4765625 0)
(-0.23499999999999999 0.5 0)
(-0.23499999999999999 0.5234375 0)
(-0.23499999999999999 0.546875 0)
(-0.23499999999999999 0.5703125 0)
(-0.23499999999999999 0.59375 0)
(-0.23499999999999999 0.6171875 0)
(-0.23499999999999999 0.640625 0)
(-0.23499999999999999 0.6640625 0)
(-0.23499999999999999 0.6875 0)
(-0.23499999999999999 0.7109375 0)
(-0.23499999999999999 0.734375 0)
(-0.23499999999999999 0.7578125 0)
(-0.23499999999999999 0.78125 0)
(-0.23499999999999999 0.8046875 0)
(-0.23499999999999999 0.828125 0)
(-0.23499999999999999 0.875 0)
(-0.23499999999999999 0.921875 0)
(-0.23499999999999999 0.96875 0)
(-0.23499999999999999 1.015625 0)
(-0.23499999999999999 1.0625 0)
(-0.23499999999999999 1.15625 0)
(-0.23499999999999999 1.25 0)
(-0.23499999999999999 1.4375 0)
(-0.23499999999999999 1.625 0)
(-0.203125 0.171875 0)
(-0.203125 0.1953125 0)
(-0.203125 0.21875 0)
(-0.203125 0.2421875 0)
(-0.203125 0.265625 0)
(-0.203125 0.2890625 0)
(-0.203125 0.3125 0)
(-0.203125 0.3359375 0)
(-0.203125 0.359375 0)
(-0.203125 0.3828125 0)
(-0.203125 0.40625 0)
(-0.203125 0.4296875 0)
(-0.203125 0.453125 0)
(-0.203125 0.4765625 0)
(-0.203125 0.5 0)
(-0.203125 0.5234375 0)
(-0.203125 0.546875 0)
(-0.203125 0.5703125 0)
(-0.203125 0.59375 0)
(-0.203125 0.6171875 0)
(-0.203125 0.640625 0)
(-0.203125 0.6640625 0)
(-0.203125 0.6875 0)
(-0.203125 0.7109375 0)
(-0.203125 0.734375 0)
(-0.203125 0.7578125 0)
(-0.203125 0.78125 0)
(-0.203125 0.8046875 0)
(-0.203125 0.828125 0)
(-0.17124999999999999 -0.0625 0)
(-0.17124999999999999 -0.015625 0)
(-0.17124999999999999 0.03125 0)
(-0.17124999999999999 0.078125 0)
(-0.17124999999999999 0.1015625 0)
(-0.17124999999999999 0.125 0)
(-0.17124999999999999 0.1484375 0)
(-0.17124999999999999 0.171875 0)
(-0.17124999999999999 0.18359375 0)
(-0.17124999999999999 0.1953125 0)
(-0.17124999999999999 0.20703125 0)
(-0.17124999999999999 0.21875 0)
(-0.17124999999999999 0.23046875 0)
(-0.17124999999999999 0.2421875 0)
(-0.17124999999999999 0.25390625 0)
(-0.17124999999999999 0.265625 0)
(-0.17124999999999999 0.27734375 0)
(-0.17124999999999999 0.2890625 0)
(-0.17124999999999999 0.30078125 0)
(-0.17124999999999999 0.3125 0)
(-0.17124999999999999 0.32421875 0)
(-0.17124999999999999 0.3359375 0)
(-0.17124999999999999 0.34765625 0)
(-0.17124999999999999 0.359375 0)
(-0.17124999999999999 0.37109375 0)
(-0.17124999999999999 0.3828125 0)
(-0.17124999999999999 0.39453125 0)
(-0.17124999999999999 0.40625 0)
(-0.17124999999999999 0.41796875 0)
(-0.17124999999999999 0.4296875 0)
(-0.17124999999999999 0.44140625 0)
(-0.17124999999999999 0.453125 0)
(-0.17124999999999999 0.46484375 0)
(-0.17124999999999999 0.4765625 0)
(-0.17124999999999999 0.48828125 0)
(-0.17124999999999999 0.5 0)
(-0.17124999999999999 0.51171875 0)
(-0.17124999999999999 0.5234375 0)
(-0.17124999999999999 0.53515625 0)
(-0.17124999999999999 0.546875 0)
(-0.17124999999999999 0.55859375 0)
(-0.17124999999999999 0.5703125 0)
(-0.17124999999999999 0.58203125 0)
(-0.17124999999999999 0.59375 0)
(-0.17124999999999999 0.60546875 0)
(-0.17124999999999999 0.6171875 0)
(-0.17124999999999999 0.62890625 0)
(-0.17124999999999999 0.640625 0)
(-0.17124999999999999 0.65234375 0)
(-0.17124999999999999 0.6640625 0)
(-0.17124999999999999 0.67578125 0)
(-0.17124999999999999 0.6875 0)
(-0.17124999999999999 0.69921875 0)
(-0.17124999999999999 0.7109375 0)
(-0.17124999999999999 0.72265625 0)
(-0.17124999999999999 0.734375 0)
(-0.17124999999999999 0.74609375 0)
(-0.17124999999999999 0.7578125 0)
(-0.17124999999999999 0.76953125 0)
(-0.17124999999999999 0.78125 0)
(-0.17124999999999999 0.79296875 0)
(-0.17124999999999999 0.8046875 0)
(-0.17124999999999999 0.81640625 0)
(-0.17124999999999999 0.828125 0)
(-0.17124999999999999 0.8515625 0)
(-0.17124999999999999 0.875 0)
(-0.17124999999999999 0.8984375 0)
(-0.17124999999999999 0.921875 0)
(-0.17124999999999999 0.96875 0)
(-0.17124999999999999 1.015625 0)
(-0.17124999999999999 1.0625 0)
(-0.15531249999999999 0.171875 0)
(-0.15531249999999999 0.18359375 0)
(-0.15531249999999999 0.1953125 0)
(-0.15531249999999999 0.20703125 0)
(-0.15531249999999999 0.21875 0)
(-0.15531249999999999 0.23046875 0)
(-0.15531249999999999 0.2421875 0)
(-0.15531249999999999 0.25390625 0)
(-0.15531249999999999 0.265625 0)
(-0.15531249999999999 0.27734375 0)
(-0.15531249999999999 0.2890625 0)
(-0.15531249999999999 0.30078125 0)
(-0.15531249999999999 0.3125 0)
(-0.15531249999999999 0.32421875 0)
(-0.15531249999999999 0.3359375 0)
(-0.15531249999999999 0.34765625 0)
(-0.15531249999999999 0.359375 0)
(-0.15531249999999999 0.37109375 0)
(-0.15531249999999999 0.3828125 0)
(-0.15531249999999999 0.39453125 0)
(-0.15531249999999999 0.40625 0)
(-0.15531249999999999 0.41796875 0)
(-0.15531249999999999 0.4296875 0)
(-0.15531249999999999 0.44140625 0)
(-0.15531249999999999 0.453125 0)
(-0.15531249999999999 0.46484375 0)
(-0.15531249999999999 0.4765625 0)
(-0.15531249999999999 0.48828125 0)
(-0.15531249999999999 0.5 0)
(-0.15531249999999999 0.51171875 0)
(-0.15531249999999999 0.5234375 0)
(-0.15531249999999999 0.53515625 0)
(-0.15531249999999999 0.546875 0)
(-0.15531249999999999 0.55859375 0)
(-0.15531249999999999 0.5703125 0)
(-0.15531249999999999 0.58203125 0)
(-0.15531249999999999 0.59375 0)
(-0.15531249999999999 0.60546875 0)
(-0.15531249999999999 0.6171875 0)
(-0.15531249999999999 0.62890625 0)
(-0.15531249999999999 0.640625 0)
(-0.15531249999999999 0.65234375 0)
(-0.15531249999999999 0.6640625 0)
(-0.15531249999999999 0.67578125 0)
(-0.15531249999999999 0.6875 0)
(-0.15531249999999999 0.69921875 0)
(-0.15531249999999999 0.7109375 0)
(-0.15531249999999999 0.72265625 0)
(-0.15531249999999999 0.734375 0)
(-0.15531249999999999 0.74609375 0)
(-0.15531249999999999 0.7578125 0)
(-0.15531249999999999 0.76953125 0)
(-0.15531249999999999 0.78125 0)
(-0.15531249999999999 0.79296875 0)
(-0.15531249999999999 0.8046875 0)
(-0.15531249999999999 0.81640625 0)
(-0.15531249999999999 0.828125 0)
(-0.15030610124999996 0.1875 0)
(-0.15030610124999996 0.1953125 0)
(-0.15030610124999996 0.20703125 0)
(-0.15030610124999996 0.21875 0)
(-0.15030610124999996 0.23046875 0)
(-0.15030610124999996 0.2421875 0)
(-0.15030610124999996 0.25 0)
(-0.15030610124999996 0.25390625 0)
(-0.15030610124999996 0.265625 0)
(-0.15030610124999996 0.27734375 0)
(-0.15030610124999996 0.28125 0)
(-0.15030610124999996 0.2890625 0)
(-0.15030610124999996 0.30078125 0)
(-0.15030610124999996 0.3125 0)
(-0.15030610124999996 0.32421875 0)
(-0.15030610124999996 0.3359375 0)
(-0.15030610124999996 0.34375 0)
(-0.15030610124999996 0.34765625 0)
(-0.15030610124999996 0.359375 0)
(-0.15030610124999996 0.37109375 0)
(-0.15030610124999996 0.375 0)
(-0.15030610124999996 0.3828125 0)
(-0.15030610124999996 0.39453125 0)
(-0.15030610124999996 0.40625 0)
(-0.15030610124999996 0.41796875 0)
(-0.15030610124999996 0.4296875 0)
(-0.15030610124999996 0.4375 0)
(-0.15030610124999996 0.44140625 0)
(-0.15030610124999996 0.453125 0)
(-0.15030610124999996 0.46484375 0)
(-0.15030610124999996 0.46875 0)
(-0.15030610124999996 0.4765625 0)
(-0.15030610124999996 0.48828125 0)
(-0.15030610124999996 0.5 0)
(-0.15030610124999996 0.51171875 0)
(-0.15030610124999996 0.5234375 0)
(-0.15030610124999996 0.53125 0)
(-0.15030610124999996 0.53515625 0)
(-0.15030610124999996 0.546875 0)
(-0.15030610124999996 0.55859375 0)
(-0.15030610124999996 0.5625 0)
(-0.15030610124999996 0.5703125 0)
(-0.15030610124999996 0.58203125 0)
(-0.15030610124999996 0.59375 0)
(-0.15030610124999996 0.60546875 0)
(-0.15030610124999996 0.6171875 0)
(-0.15030610124999996 0.625 0)
(-0.15030610124999996 0.62890625 0)
(-0.15030610124999996 0.640625 0)
(-0.15030610124999996 0.65234375 0)
(-0.15030610124999996 0.65625 0)
(-0.15030610124999996 0.6640625 0)
(-0.15030610124999996 0.67578125 0)
(-0.15030610124999996 0.6875 0)
(-0.15030610124999996 0.69921875 0)
(-0.15030610124999996 0.7109375 0)
(-0.15030610124999996 0.71875 0)
(-0.15030610124999996 0.72265625 0)
(-0.15030610124999996 0.734375 0)
(-0.15030610124999996 0.74609375 0)
(-0.15030610124999996 0.75 0)
(-0.15030610124999996 0.7578125 0)
(-0.15030610124999996 0.76953125 0)
(-0.15030610124999996 0.78125 0)
(-0.15030610124999996 0.79296875 0)
(-0.15030610124999996 0.8046875 0)
(-0.15030610124999996 0.8125 0)
(-0.13937499999999997 0.078125 0)
(-0.13937499999999997 0.1015625 0)
(-0.13937499999999997 0.125 0)
(-0.13937499999999997 0.1484375 0)
(-0.13937499999999997 0.171875 0)
(-0.13937499999999997 0.18359375 0)
(-0.13937499999999997 0.1875 0)
(-0.13937499999999997 0.8125 0)
(-0.13937499999999997 0.81640625 0)
(-0.13937499999999997 0.828125 0)
(-0.13937499999999997 0.8515625 0)
(-0.13937499999999997 0.875 0)
(-0.13937499999999997 0.8984375 0)
(-0.13937499999999997 0.921875 0)
(-0.12343749999999998 0.171875 0)
(-0.12343749999999998 0.18359375 0)
(-0.12343749999999998 0.1875 0)
(-0.12343749999999998 0.8125 0)
(-0.12343749999999998 0.81640625 0)
(-0.12343749999999998 0.828125 0)
(-0.10749999999999998 -0.25 0)
(-0.10749999999999998 -0.15625 0)
(-0.10749999999999998 -0.109375 0)
(-0.10749999999999998 -0.0625 0)
(-0.10749999999999998 -0.015625 0)
(-0.10749999999999998 0.0078125 0)
(-0.10749999999999998 0.03125 0)
(-0.10749999999999998 0.0546875 0)
(-0.10749999999999998 0.078125 0)
(-0.10749999999999998 0.1015625 0)
(-0.10749999999999998 0.11328125 0)
(-0.10749999999999998 0.125 0)
(-0.10749999999999998 0.13671875 0)
(-0.10749999999999998 0.1484375 0)
(-0.10749999999999998 0.16015625 0)
(-0.10749999999999998 0.83984375 0)
(-0.10749999999999998 0.8515625 0)
(-0.10749999999999998 0.86328125 0)
(-0.10749999999999998 0.875 0)
(-0.10749999999999998 0.88671875 0)
(-0.10749999999999998 0.8984375 0)
(-0.10749999999999998 0.921875 0)
(-0.10749999999999998 0.9453125 0)
(-0.10749999999999998 0.96875 0)
(-0.10749999999999998 0.9921875 0)
(-0.10749999999999998 1.015625 0)
(-0.10749999999999998 1.0625 0)
(-0.10749999999999998 1.109375 0)
(-0.10749999999999998 1.15625 0)
(-0.10749999999999998 1.25 0)
(-0.10645927499999999 0.15625 0)
(-0.10645927499999999 0.16015625 0)
(-0.10645927499999999 0.171875 0)
(-0.10645927499999999 0.18359375 0)
(-0.10645927499999999 0.1875 0)
(-0.10645927499999999 0.21875 0)
(-0.10645927499999999 0.25 0)
(-0.10645927499999999 0.28125 0)
(-0.10645927499999999 0.3125 0)
(-0.10645927499999999 0.34375 0)
(-0.10645927499999999 0.375 0)
(-0.10645927499999999 0.40625 0)
(-0.10645927499999999 0.4375 0)
(-0.10645927499999999 0.46875 0)
(-0.10645927499999999 0.5 0)
(-0.10645927499999999 0.53125 0)
(-0.10645927499999999 0.5625 0)
(-0.10645927499999999 0.59375 0)
(-0.10645927499999999 0.625 0)
(-0.10645927499999999 0.65625 0)
(-0.10645927499999999 0.6875 0)
(-0.10645927499999999 0.71875 0)
(-0.10645927499999999 0.75 0)
(-0.10645927499999999 0.78125 0)
(-0.10645927499999999 0.8125 0)
(-0.10645927499999999 0.81640625 0)
(-0.10645927499999999 0.828125 0)
(-0.10645927499999999 0.83984375 0)
(-0.10645927499999999 0.84375 0)
(-0.091562499999999991 0.1015625 0)
(-0.091562499999999991 0.11328125 0)
(-0.091562499999999991 0.125 0)
(-0.091562499999999991 0.13671875 0)
(-0.091562499999999991 0.1484375 0)
(-0.091562499999999991 0.15625 0)
(-0.091562499999999991 0.84375 0)
(-0.091562499999999991 0.8515625 0)
(-0.091562499999999991 0.86328125 0)
(-0.091562499999999991 0.875 0)
(-0.091562499999999991 0.88671875 0)
(-0.091562499999999991 0.8984375 0)
(-0.07817099999999999 0.125 0)
(-0.07817099999999999 0.13671875 0)
(-0.07817099999999999 0.1484375 0)
(-0.07817099999999999 0.15625 0)
(-0.07817099999999999 0.1875 0)
(-0.07817099999999999 0.21875 0)
(-0.07817099999999999 0.25 0)
(-0.07817099999999999 0.28125 0)
(-0.07817099999999999 0.3125 0)
(-0.07817099999999999 0.34375 0)
(-0.07817099999999999 0.375 0)
(-0.07817099999999999 0.40625 0)
(-0.07817099999999999 0.4375 0)
(-0.07817099999999999 0.46875 0)
(-0.07817099999999999 0.5 0)
(-0.07817099999999999 0.53125 0)
(-0.07817099999999999 0.5625 0)
(-0.07817099999999999 0.59375 0)
(-0.07817099999999999 0.625 0)
(-0.07817099999999999 0.65625 0)
(-0.07817099999999999 0.6875 0)
(-0.07817099999999999 0.71875 0)
(-0.07817099999999999 0.75 0)
(-0.07817099999999999 0.78125 0)
(-0.07817099999999999 0.8125 0)
(-0.07817099999999999 0.84375 0)
(-0.07817099999999999 0.8515625 0)
(-0.07817099999999999 0.86328125 0)
(-0.07817099999999999 0.875 0)
(-0.075624999999999984 -0.015625 0)
(-0.075624999999999984 0.0078125 0)
(-0.075624999999999984 0.03125 0)
(-0.075624999999999984 0.0546875 0)
(-0.075624999999999984 0.078125 0)
(-0.075624999999999984 0.08984375 0)
(-0.075624999999999984 0.1015625 0)
(-0.075624999999999984 0.11328125 0)
(-0.075624999999999984 0.125 0)
(-0.075624999999999984 0.875 0)
(-0.075624999999999984 0.88671875 0)
(-0.075624999999999984 0.8984375 0)
(-0.075624999999999984 0.91015625 0)
(-0.075624999999999984 0.921875 0)
(-0.075624999999999984 0.9453125 0)
(-0.075624999999999984 0.96875 0)
(-0.075624999999999984 0.9921875 0)
(-0.075624999999999984 1.015625 0)
(-0.059920499999999995 0.09375 0)
(-0.059920499999999995 0.1015625 0)
(-0.059920499999999995 0.11328125 0)
(-0.059920499999999995 0.125 0)
(-0.059920499999999995 0.15625 0)
(-0.059920499999999995 0.1875 0)
(-0.059920499999999995 0.21875 0)
(-0.059920499999999995 0.25 0)
(-0.059920499999999995 0.28125 0)
(-0.059920499999999995 0.3125 0)
(-0.059920499999999995 0.34375 0)
(-0.059920499999999995 0.375 0)
(-0.059920499999999995 0.40625 0)
(-0.059920499999999995 0.4375 0)
(-0.059920499999999995 0.46875 0)
(-0.059920499999999995 0.5 0)
(-0.059920499999999995 0.53125 0)
(-0.059920499999999995 0.5625 0)
(-0.059920499999999995 0.59375 0)
(-0.059920499999999995 0.625 0)
(-0.059920499999999995 0.65625 0)
(-0.059920499999999995 0.6875 0)
(-0.059920499999999995 0.71875 0)
(-0.059920499999999995 0.75 0)
(-0.059920499999999995 0.78125 0)
(-0.059920499999999995 0.8125 0)
(-0.059920499999999995 0.84375 0)
(-0.059920499999999995 0.875 0)
(-0.059920499999999995 0.88671875 0)
(-0.059920499999999995 0.8984375 0)
(-0.059920499999999995 0.90625 0)
(-0.059687499999999984 0.078125 0)
(-0.059687499999999984 0.08984375 0)
(-0.059687499999999984 0.09375 0)
(-0.059687499999999984 0.90625 0)
(-0.059687499999999984 0.91015625 0)
(-0.059687499999999984 0.921875 0)
(-0.043749999999999983 -0.15625 0)
(-0.043749999999999983 -0.109375 0)
(-0.043749999999999983 -0.0625 0)
(-0.043749999999999983 -0.0390625 0)
(-0.043749999999999983 -0.015625 0)
(-0.043749999999999983 -0.00390625 0)
(-0.043749999999999983 0.0078125 0)
(-0.043749999999999983 0.01953125 0)
(-0.043749999999999983 0.03125 0)
(-0.043749999999999983 0.04296875 0)
(-0.043749999999999983 0.0546875 0)
(-0.043749999999999983 0.06640625 0)
(-0.043749999999999983 0.078125 0)
(-0.043749999999999983 0.08984375 0)
(-0.043749999999999983 0.91015625 0)
(-0.043749999999999983 0.921875 0)
(-0.043749999999999983 0.93359375 0)
(-0.043749999999999983 0.9453125 0)
(-0.043749999999999983 0.95703125 0)
(-0.043749999999999983 0.96875 0)
(-0.043749999999999983 0.98046875 0)
(-0.043749999999999983 0.9921875 0)
(-0.043749999999999983 1.00390625 0)
(-0.043749999999999983 1.015625 0)
(-0.043749999999999983 1.0390625 0)
(-0.043749999999999983 1.0625 0)
(-0.043749999999999983 1.109375 0)
(-0.043749999999999983 1.15625 0)
(-0.041669999999999999 0.0625 0)
(-0.041669999999999999 0.06640625 0)
(-0.041669999999999999 0.078125 0)
(-0.041669999999999999 0.08984375 0)
(-0.041669999999999999 0.09375 0)
(-0.041669999999999999 0.125 0)
(-0.041669999999999999 0.15625 0)
(-0.041669999999999999 0.1875 0)
(-0.041669999999999999 0.21875 0)
(-0.041669999999999999 0.25 0)
(-0.041669999999999999 0.28125 0)
(-0.041669999999999999 0.3125 0)
(-0.041669999999999999 0.34375 0)
(-0.041669999999999999 0.375 0)
(-0.041669999999999999 0.40625 0)
(-0.041669999999999999 0.4375 0)
(-0.041669999999999999 0.46875 0)
(-0.041669999999999999 0.5 0)
(-0.041669999999999999 0.53125 0)
(-0.041669999999999999 0.5625 0)
(-0.041669999999999999 0.59375 0)
(-0.041669999999999999 0.625 0)
(-0.041669999999999999 0.65625 0)
(-0.041669999999999999 0.6875 0)
(-0.041669999999999999 0.71875 0)
(-0.041669999999999999 0.75 0)
(-0.041669999999999999 0.78125 0)
(-0.041669999999999999 0.8125 0)
(-0.041669999999999999 0.84375 0)
(-0.041669999999999999 0.875 0)
(-0.041669999999999999 0.90625 0)
(-0.041669999999999999 0.91015625 0)
(-0.041669999999999999 0.921875 0)
(-0.041669999999999999 0.93359375 0)
(-0.041669999999999999 0.9375 0)
(-0.027812499999999983 -0.015625 0)
(-0.027812499999999983 -0.00390625 0)
(-0.027812499999999983 0.0078125 0)
(-0.027812499999999983 0.01953125 0)
(-0.027812499999999983 0.03125 0)
(-0.027812499999999983 0.04296875 0)
(-0.027812499999999983 0.0546875 0)
(-0.027812499999999983 0.9453125 0)
(-0.027812499999999983 0.95703125 0)
(-0.027812499999999983 0.96875 0)
(-0.027812499999999983 0.98046875 0)
(-0.027812499999999983 0.9921875 0)
(-0.027812499999999983 1.00390625 0)
(-0.027812499999999983 1.015625 0)
(-0.0258 0.03125 0)
(-0.0258 0.04296875 0)
(-0.0258 0.0546875 0)
(-0.0258 0.0625 0)
(-0.0258 0.09375 0)
(-0.0258 0.125 0)
(-0.0258 0.15625 0)
(-0.0258 0.1875 0)
(-0.0258 0.21875 0)
(-0.0258 0.25 0)
(-0.0258 0.28125 0)
(-0.0258 0.3125 0)
(-0.0258 0.34375 0)
(-0.0258 0.375 0)
(-0.0258 0.40625 0)
(-0.0258 0.4375 0)
(-0.0258 0.46875 0)
(-0.0258 0.5 0)
(-0.0258 0.53125 0)
(-0.0258 0.5625 0)
(-0.0258 0.59375 0)
(-0.0258 0.625 0)
(-0.0258 0.65625 0)
(-0.0258 0.6875 0)
(-0.0258 0.71875 0)
(-0.0258 0.75 0)
(-0.0258 0.78125 0)
(-0.0258 0.8125 0)
(-0.0258 0.84375 0)
(-0.0258 0.875 0)
(-0.0258 0.90625 0)
(-0.0258 0.9375 0)
(-0.0258 0.9453125 0)
(-0.0258 0.95703125 0)
(-0.0258 0.96875 0)
(-0.012 -0.012 0)
(-0.012 -0.00390625 0)
(-0.012 0.0078125 0)
(-0.012 0.01953125 0)
(-0.012 0.03125 0)
(-0.012 0.0625 0)
(-0.012 0.09375 0)
(-0.012 0.125 0)
(-0.012 0.15625 0)
(-0.012 0.1875 0)
(-0.012 0.21875 0)
(-0.012 0.25 0)
(-0.012 0.28125 0)
(-0.012 0.3125 0)
(-0.012 0.34375 0)
(-0.012 0.375 0)
(-0.012 0.40625 0)
(-0.012 0.4375 0)
(-0.012 0.46875 0)
(-0.012 0.5 0)
(-0.012 0.53125 0)
(-0.012 0.5625 0)
(-0.012 0.59375 0)
(-0.012 0.625 0)
(-0.012 0.65625 0)
(-0.012 0.6875 0)
(-0.012 0.71875 0)
(-0.012 0.75 0)
(-0.012 0.78125 0)
(-0.012 0.8125 0)
(-0.012 0.84375 0)
(-0.012 0.875 0)
(-0.012 0.90625 0)
(-0.012 0.9375 0)
(-0.012 0.96875 0)
(-0.012 0.98046875 0)
(-0.012 0.9921875 0)
(-0.012 1.00390625 0)
(-0.012 1.012 0)
(-0.011874999999999983 -0.0625 0)
(-0.011874999999999983 -0.0390625 0)
(-0.011874999999999983 -0.015625 0)
(-0.011874999999999983 -0.012 0)
(-0.011874999999999983 1.012 0)
(-0.011874999999999983 1.015625 0)
(-0.011874999999999983 1.0390625 0)
(-0.011874999999999983 1.0625 0)
(0 0 0)
(0 0.03125 0)
(0 0.0625 0)
(0 0.09375 0)
(0 0.125 0)
(0 0.15625 0)
(0 0.1875 0)
(0 0.21875 0)
(0 0.25 0)
(0 0.28125 0)
(0 0.3125 0)
(0 0.34375 0)
(0 0.375 0)
(0 0.40625 0)
(0 0.4375 0)
(0 0.46875 0)
(0 0.5 0)
(0 0.53125 0)
(0 0.5625 0)
(0 0.59375 0)
(0 0.625 0)
(0 0.65625 0)
(0 0.6875 0)
(0 0.71875 0)
(0 0.75 0)
(0 0.78125 0)
(0 0.8125 0)
(0 0.84375 0)
(0 0.875 0)
(0 0.90625 0)
(0 0.9375 0)
(0 0.96875 0)
(0 1 0)
(0.0040625000000000175 -0.015625 0)
(0.0040625000000000175 -0.012 0)
(0.0040625000000000175 1.012 0)
(0.0040625000000000175 1.015625 0)
(0.020000000000000018 -1 0)
(0.020000000000000018 -0.625 0)
(0.020000000000000018 -0.4375 0)
(0.020000000000000018 -0.34375 0)
(0.020000000000000018 -0.25 0)
(0.020000000000000018 -0.203125 0)
(0.020000000000000018 -0.15625 0)
(0.020000000000000018 -0.109375 0)
(0.020000000000000018 -0.0859375 0)
(0.020000000000000018 -0.0625 0)
(0.020000000000000018 -0.0390625 0)
(0.020000000000000018 -0.02734375 0)
(0.020000000000000018 -0.015625 0)
(0.020000000000000018 -0.012 0)
(0.020000000000000018 1.012 0)
(0.020000000000000018 1.015625 0)
(0.020000000000000018 1.02734375 0)
(0.020000000000000018 1.0390625 0)
(0.020000000000000018 1.0625 0)
(0.020000000000000018 1.0859375 0)
(0.020000000000000018 1.109375 0)
(0.020000000000000018 1.15625 0)
(0.020000000000000018 1.203125 0)
(0.020000000000000018 1.25 0)
(0.020000000000000018 1.34375 0)
(0.020000000000000018 1.4375 0)
(0.020000000000000018 1.625 0)
(0.020000000000000018 2 0)
(0.031249999999999997 -0.012 0)
(0.03125 -0.0258 0)
(0.03125 -0.015625 0)
(0.03125 0 0)
(0.03125 1 0)
(0.03125 1.012 0)
(0.03125 1.015625 0)
(0.03125 1.0258 0)
(0.035937500000000018 -0.0390625 0)
(0.035937500000000018 -0.02734375 0)
(0.035937500000000018 -0.0258 0)
(0.035937500000000018 1.0258 0)
(0.035937500000000018 1.02734375 0)
(0.035937500000000018 1.0390625 0)
(0.051875000000000018 -0.109375 0)
(0.051875000000000018 -0.0859375 0)
(0.051875000000000018 -0.0625 0)
(0.051875000000000018 -0.05078125 0)
(0.051875000000000018 -0.0390625 0)
(0.051875000000000018 -0.02734375 0)
(0.051875000000000018 -0.0258 0)
(0.051875000000000018 1.0258 0)
(0.051875000000000018 1.02734375 0)
(0.051875000000000018 1.0390625 0)
(0.051875000000000018 1.05078125 0)
(0.051875000000000018 1.0625 0)
(0.051875000000000018 1.0859375 0)
(0.051875000000000018 1.109375 0)
(0.0625 -0.041669999999999999 0)
(0.0625 -0.0390625 0)
(0.0625 -0.0258 0)
(0.0625 -0.012 0)
(0.0625 0 0)
(0.0625 1 0)
(0.0625 1.012 0)
(0.0625 1.0258 0)
(0.0625 1.0390625 0)
(0.0625 1.0416700000000001 0)
(0.067812500000000026 -0.0625 0)
(0.067812500000000026 -0.05078125 0)
(0.067812500000000026 -0.041669999999999999 0)
(0.067812500000000026 1.0416700000000001 0)
(0.067812500000000026 1.05078125 0)
(0.067812500000000026 1.0625 0)
(0.083750000000000019 -0.25 0)
(0.083750000000000019 -0.203125 0)
(0.083750000000000019 -0.15625 0)
(0.083750000000000019 -0.109375 0)
(0.083750000000000019 -0.0859375 0)
(0.083750000000000019 -0.0625 0)
(0.083750000000000019 -0.05078125 0)
(0.083750000000000019 -0.041669999999999999 0)
(0.083750000000000019 1.0416700000000001 0)
(0.083750000000000019 1.05078125 0)
(0.083750000000000019 1.0625 0)
(0.083750000000000019 1.0859375 0)
(0.083750000000000019 1.109375 0)
(0.083750000000000019 1.15625 0)
(0.083750000000000019 1.203125 0)
(0.083750000000000019 1.25 0)
(0.09375 -0.059920499999999995 0)
(0.09375 -0.05078125 0)
(0.09375 -0.041669999999999999 0)
(0.09375 -0.0258 0)
(0.09375 -0.012 0)
(0.09375 0 0)
(0.09375 1 0)
(0.09375 1.012 0)
(0.09375 1.0258 0)
(0.09375 1.0416700000000001 0)
(0.09375 1.05078125 0)
(0.09375 1.0599205 0)
(0.099687500000000012 -0.0625 0)
(0.099687500000000012 -0.059920499999999995 0)
(0.099687500000000012 1.0599205 0)
(0.099687500000000012 1.0625 0)
(0.11562500000000002 -0.109375 0)
(0.11562500000000002 -0.0859375 0)
(0.11562500000000002 -0.07421875 0)
(0.11562500000000002 -0.0625 0)
(0.11562500000000002 -0.059920499999999995 0)
(0.11562500000000002 1.0599205 0)
(0.11562500000000002 1.0625 0)
(0.11562500000000002 1.07421875 0)
(0.11562500000000002 1.0859375 0)
(0.11562500000000002 1.109375 0)
(0.125 -0.07817099999999999 0)
(0.125 -0.07421875 0)
(0.125 -0.0625 0)
(0.125 -0.059920499999999995 0)
(0.125 -0.041669999999999999 0)
(0.125 -0.0258 0)
(0.125 -0.012 0)
(0.125 0 0)
(0.125 1 0)
(0.125 1.012 0)
(0.125 1.0258 0)
(0.125 1.0416700000000001 0)
(0.125 1.0599205 0)
(0.125 1.0625 0)
(0.125 1.07421875 0)
(0.125 1.078171 0)
(0.13156250000000003 -0.0859375 0)
(0.13156250000000003 -0.07817099999999999 0)
(0.13156250000000003 1.078171 0)
(0.13156250000000003 1.0859375 0)
(0.14750000000000002 -0.4375 0)
(0.14750000000000002 -0.34375 0)
(0.14750000000000002 -0.25 0)
(0.14750000000000002 -0.203125 0)
(0.14750000000000002 -0.1796875 0)
(0.14750000000000002 -0.15625 0)
(0.14750000000000002 -0.1328125 0)
(0.14750000000000002 -0.109375 0)
(0.14750000000000002 -0.09765625 0)
(0.14750000000000002 -0.0859375 0)
(0.14750000000000002 -0.07817099999999999 0)
(0.14750000000000002 1.078171 0)
(0.14750000000000002 1.0859375 0)
(0.14750000000000002 1.09765625 0)
(0.14750000000000002 1.109375 0)
(0.14750000000000002 1.1328125 0)
(0.14750000000000002 1.15625 0)
(0.14750000000000002 1.1796875 0)
(0.14750000000000002 1.203125 0)
(0.14750000000000002 1.25 0)
(0.14750000000000002 1.34375 0)
(0.14750000000000002 1.4375 0)
(0.15625 -0.10645927499999999 0)
(0.15625 -0.09765625 0)
(0.15625 -0.0859375 0)
(0.15625 -0.07817099999999999 0)
(0.15625 -0.059920499999999995 0)
(0.15625 -0.041669999999999999 0)
(0.15625 -0.0258 0)
(0.15625 -0.012 0)
(0.15625 0 0)
(0.15625 1 0)
(0.15625 1.012 0)
(0.15625 1.0258 0)
(0.15625 1.0416700000000001 0)
(0.15625 1.0599205 0)
(0.15625 1.078171 0)
(0.15625 1.0859375 0)
(0.15625 1.09765625 0)
(0.15625 1.106459275 0)
(0.16343750000000001 -0.109375 0)
(0.16343750000000001 -0.10645927499999999 0)
(0.16343750000000001 1.106459275 0)
(0.16343750000000001 1.109375 0)
(0.17937500000000001 -0.203125 0)
(0.17937500000000001 -0.1796875 0)
(0.17937500000000001 -0.15625 0)
(0.17937500000000001 -0.14453125 0)
(0.17937500000000001 -0.1328125 0)
(0.17937500000000001 -0.12109375 0)
(0.17937500000000001 -0.109375 0)
(0.17937500000000001 -0.10645927499999999 0)
(0.17937500000000001 1.106459275 0)
(0.17937500000000001 1.109375 0)
(0.17937500000000001 1.12109375 0)
(0.17937500000000001 1.1328125 0)
(0.17937500000000001 1.14453125 0)
(0.17937500000000001 1.15625 0)
(0.17937500000000001 1.1796875 0)
(0.17937500000000001 1.203125 0)
(0.1875 -0.15030610124999996 0)
(0.1875 -0.14453125 0)
(0.1875 -0.1328125 0)
(0.1875 -0.12109375 0)
(0.1875 -0.109375 0)
(0.1875 -0.10645927499999999 0)
(0.1875 -0.07817099999999999 0)
(0.1875 -0.059920499999999995 0)
(0.1875 -0.041669999999999999 0)
(0.1875 -0.0258 0)
(0.1875 -0.012 0)
(0.1875 0 0)
(0.1875 1 0)
(0.1875 1.012 0)
(0.1875 1.0258 0)
(0.1875 1.0416700000000001 0)
(0.1875 1.0599205 0)
(0.1875 1.078171 0)
(0.1875 1.106459275 0)
(0.1875 1.109375 0)
(0.1875 1.12109375 0)
(0.1875 1.1328125 0)
(0.1875 1.14453125 0)
(0.1875 1.15030610125 0)
(0.19531250000000003 -0.15625 0)
(0.19531250000000003 -0.15030610124999996 0)
(0.19531250000000003 1.15030610125 0)
(0.19531250000000003 1.15625 0)
(0.21125000000000002 -0.25 0)
(0.21125000000000002 -0.203125 0)
(0.21125000000000002 -0.1796875 0)
(0.21125000000000002 -0.15625 0)
(0.21125000000000002 -0.15030610124999996 0)
(0.21125000000000002 1.15030610125 0)
(0.21125000000000002 1.15625 0)
(0.21125000000000002 1.1796875 0)
(0.21125000000000002 1.203125 0)
(0.21125000000000002 1.25 0)
(0.21875 -0.15030610124999996 0)
(0.21875 -0.10645927499999999 0)
(0.21875 -0.07817099999999999 0)
(0.21875 -0.059920499999999995 0)
(0.21875 -0.041669999999999999 0)
(0.21875 -0.0258 0)
(0.21875 -0.012 0)
(0.21875 0 0)
(0.21875 1 0)
(0.21875 1.012 0)
(0.21875 1.0258 0)
(0.21875 1.0416700000000001 0)
(0.21875 1.0599205 0)
(0.21875 1.078171 0)
(0.21875 1.106459275 0)
(0.21875 1.15030610125 0)
(0.22718750000000001 -0.15625 0)
(0.22718750000000001 -0.15030610124999996 0)
(0.22718750000000001 1.15030610125 0)
(0.22718750000000001 1.15625 0)
(0.24312500000000004 -0.203125 0)
(0.24312500000000004 -0.1796875 0)
(0.24312500000000004 -0.15625 0)
(0.24312500000000004 -0.15030610124999996 0)
(0.24312500000000004 1.15030610125 0)
(0.24312500000000004 1.15625 0)
(0.24312500000000004 1.1796875 0)
(0.24312500000000004 1.203125 0)
(0.25 -0.15030610124999996 0)
(0.25 -0.10645927499999999 0)
(0.25 -0.07817099999999999 0)
(0.25 -0.059920499999999995 0)
(0.25 -0.041669999999999999 0)
(0.25 -0.0258 0)
(0.25 -0.012 0)
(0.25 0 0)
(0.25 1 0)
(0.25 1.012 0)
(0.25 1.0258 0)
(0.25 1.0416700000000001 0)
(0.25 1.0599205 0)
(0.25 1.078171 0)
(0.25 1.106459275 0)
(0.25 1.15030610125 0)
(0.25906250000000003 -0.15625 0)
(0.25906250000000003 -0.15030610124999996 0)
(0.25906250000000003 1.15030610125 0)
(0.25906250000000003 1.15625 0)
(0.27500000000000002 -0.625 0)
(0.27500000000000002 -0.4375 0)
(0.27500000000000002 -0.34375 0)
(0.27500000000000002 -0.25 0)
(0.27500000000000002 -0.203125 0)
(0.27500000000000002 -0.1796875 0)
(0.27500000000000002 -0.15625 0)
(0.27500000000000002 -0.15030610124999996 0)
(0.27500000000000002 1.15030610125 0)
(0.27500000000000002 1.15625 0)
(0.27500000000000002 1.1796875 0)
(0.27500000000000002 1.203125 0)
(0.27500000000000002 1.25 0)
(0.27500000000000002 1.34375 0)
(0.27500000000000002 1.4375 0)
(0.27500000000000002 1.625 0)
(0.28125 -0.15030610124999996 0)
(0.28125 -0.10645927499999999 0)
(0.28125 -0.07817099999999999 0)
(0.28125 -0.059920499999999995 0)
(0.28125 -0.041669999999999999 0)
(0.28125 -0.0258 0)
(0.28125 -0.012 0)
(0.28125 0 0)
(0.28125 1 0)
(0.28125 1.012 0)
(0.28125 1.0258 0)
(0.28125 1.0416700000000001 0)
(0.28125 1.0599205 0)
(0.28125 1.078171 0)
(0.28125 1.106459275 0)
(0.28125 1.15030610125 0)
(0.29093750000000002 -0.15625 0)
(0.29093750000000002 -0.15030610124999996 0)
(0.29093750000000002 1.15030610125 0)
(0.29093750000000002 1.15625 0)
(0.30687500000000001 -0.203125 0)
(0.30687500000000001 -0.1796875 0)
(0.30687500000000001 -0.15625 0)
(0.30687500000000001 -0.15030610124999996 0)
(0.30687500000000001 1.15030610125 0)
(0.30687500000000001 1.15625 0)
(0.30687500000000001 1.1796875 0)
(0.30687500000000001 1.203125 0)
(0.3125 -0.15030610124999996 0)
(0.3125 -0.10645927499999999 0)
(0.3125 -0.07817099999999999 0)
(0.3125 -0.059920499999999995 0)
(0.3125 -0.041669999999999999 0)
(0.3125 -0.0258 0)
(0.3125 -0.012 0)
(0.3125 0 0)
(0.3125 1 0)
(0.3125 1.012 0)
(0.3125 1.0258 0)
(0.3125 1.0416700000000001 0)
(0.3125 1.0599205 0)
(0.3125 1.078171 0)
(0.3125 1.106459275 0)
(0.3125 1.15030610125 0)
(0.3228125 -0.15625 0)
(0.3228125 -0.15030610124999996 0)
(0.3228125 1.15030610125 0)
(0.3228125 1.15625 0)
(0.33875 -0.25 0)
(0.33875 -0.203125 0)
(0.33875 -0.1796875 0)
(0.33875 -0.15625 0)
(0.33875 -0.15030610124999996 0)
(0.33875 1.15030610125 0)
(0.33875 1.15625 0)
(0.33875 1.1796875 0)
(0.33875 1.203125 0)
(0.33875 1.25 0)
(0.34375 -0.15030610124999996 0)
(0.34375 -0.10645927499999999 0)
(0.34375 -0.07817099999999999 0)
(0.34375 -0.059920499999999995 0)
(0.34375 -0.041669999999999999 0)
(0.34375 -0.0258 0)
(0.34375 -0.012 0)
(0.34375 0 0)
(0.34375 1 0)
(0.34375 1.012 0)
(0.34375 1.0258 0)
(0.34375 1.0416700000000001 0)
(0.34375 1.0599205 0)
(0.34375 1.078171 0)
(0.34375 1.106459275 0)
(0.34375 1.15030610125 0)
(0.35468750000000004 -0.15625 0)
(0.35468750000000004 -0.15030610124999996 0)
(0.35468750000000004 1.15030610125 0)
(0.35468750000000004 1.15625 0)
(0.37062500000000004 -0.203125 0)
(0.37062500000000004 -0.1796875 0)
(0.37062500000000004 -0.15625 0)
(0.37062500000000004 -0.15030610124999996 0)
(0.37062500000000004 1.15030610125 0)
(0.37062500000000004 1.15625 0)
(0.37062500000000004 1.1796875 0)
(0.37062500000000004 1.203125 0)
(0.375 -0.15030610124999996 0)
(0.375 -0.10645927499999999 0)
(0.375 -0.07817099999999999 0)
(0.375 -0.059920499999999995 0)
(0.375 -0.041669999999999999 0)
(0.375 -0.0258 0)
(0.375 -0.012 0)
(0.375 0 0)
(0.375 1 0)
(0.375 1.012 0)
(0.375 1.0258 0)
(0.375 1.0416700000000001 0)
(0.375 1.0599205 0)
(0.375 1.078171 0)
(0.375 1.106459275 0)
(0.375 1.15030610125 0)
(0.38656250000000003 -0.15625 0)
(0.38656250000000003 -0.15030610124999996 0)
(0.38656250000000003 1.15030610125 0)
(0.38656250000000003 1.15625 0)
(0.40250000000000002 -0.4375 0)
(0.40250000000000002 -0.34375 0)
(0.40250000000000002 -0.25 0)
(0.40250000000000002 -0.203125 0)
(0.40250000000000002 -0.1796875 0)
(0.40250000000000002 -0.15625 0)
(0.40250000000000002 -0.15030610124999996 0)
(0.40250000000000002 1.15030610125 0)
(0.40250000000000002 1.15625 0)
(0.40250000000000002 1.1796875 0)
(0.40250000000000002 1.203125 0)
(0.40250000000000002 1.25 0)
(0.40250000000000002 1.34375 0)
(0.40250000000000002 1.4375 0)
(0.40625 -0.15030610124999996 0)
(0.40625 -0.10645927499999999 0)
(0.40625 -0.07817099999999999 0)
(0.40625 -0.059920499999999995 0)
(0.40625 -0.041669999999999999 0)
(0.40625 -0.0258 0)
(0.40625 -0.012 0)
(0.40625 0 0)
(0.40625 1 0)
(0.40625 1.012 0)
(0.40625 1.0258 0)
(0.40625 1.0416700000000001 0)
(0.40625 1.0599205 0)
(0.40625 1.078171 0)
(0.40625 1.106459275 0)
(0.40625 1.15030610125 0)
(0.41843750000000002 -0.15625 0)
(0.41843750000000002 -0.15030610124999996 0)
(0.41843750000000002 1.15030610125 0)
(0.41843750000000002 1.15625 0)
(0.43437500000000001 -0.203125 0)
(0.43437500000000001 -0.1796875 0)
(0.43437500000000001 -0.15625 0)
(0.43437500000000001 -0.15030610124999996 0)
(0.43437500000000001 1.15030610125 0)
(0.43437500000000001 1.15625 0)
(0.43437500000000001 1.1796875 0)
(0.43437500000000001 1.203125 0)
(0.4375 -0.15030610124999996 0)
(0.4375 -0.10645927499999999 0)
(0.4375 -0.07817099999999999 0)
(0.4375 -0.059920499999999995 0)
(0.4375 -0.041669999999999999 0)
(0.4375 -0.0258 0)
(0.4375 -0.012 0)
(0.4375 0 0)
(0.4375 1 0)
(0.4375 1.012 0)
(0.4375 1.0258 0)
(0.4375 1.0416700000000001 0)
(0.4375 1.0599205 0)
(0.4375 1.078171 0)
(0.4375 1.106459275 0)
(0.4375 1.15030610125 0)
(0.4503125 -0.15625 0)
(0.4503125 -0.15030610124999996 0)
(0.4503125 1.15030610125 0)
(0.4503125 1.15625 0)
(0.46625000000000005 -0.25 0)
(0.46625000000000005 -0.203125 0)
(0.46625000000000005 -0.1796875 0)
(0.46625000000000005 -0.15625 0)
(0.46625000000000005 -0.15030610124999996 0)
(0.46625000000000005 1.15030610125 0)
(0.46625000000000005 1.15625 0)
(0.46625000000000005 1.1796875 0)
(0.46625000000000005 1.203125 0)
(0.46625000000000005 1.25 0)
(0.46875 -0.15030610124999996 0)
(0.46875 -0.10645927499999999 0)
(0.46875 -0.07817099999999999 0)
(0.46875 -0.059920499999999995 0)
(0.46875 -0.041669999999999999 0)
(0.46875 -0.0258 0)
(0.46875 -0.012 0)
(0.46875 0 0)
(0.46875 1 0)
(0.46875 1.012 0)
(0.46875 1.0258 0)
(0.46875 1.0416700000000001 0)
(0.46875 1.0599205 0)
(0.46875 1.078171 0)
(0.46875 1.106459275 0)
(0.46875 1.15030610125 0)
(0.48218750000000005 -0.15625 0)
(0.48218750000000005 -0.15030610124999996 0)
(0.48218750000000005 1.15030610125 0)
(0.48218750000000005 1.15625 0)
(0.49812500000000004 -0.203125 0)
(0.49812500000000004 -0.1796875 0)
(0.49812500000000004 -0.15625 0)
(0.49812500000000004 -0.15030610124999996 0)
(0.49812500000000004 1.15030610125 0)
(0.49812500000000004 1.15625 0)
(0.49812500000000004 1.1796875 0)
(0.49812500000000004 1.203125 0)
(0.5 -0.15030610124999996 0)
(0.5 -0.10645927499999999 0)
(0.5 -0.07817099999999999 0)
(0.5 -0.059920499999999995 0)
(0.5 -0.041669999999999999 0)
(0.5 -0.0258 0)
(0.5 -0.012 0)
(0.5 0 0)
(0.5 1 0)
(0.5 1.012 0)
(0.5 1.0258 0)
(0.5 1.0416700000000001 0)
(0.5 1.0599205 0)
(0.5 1.078171 0)
(0.5 1.106459275 0)
(0.5 1.15030610125 0)
(0.51406249999999998 -0.15625 0)
(0.51406249999999998 -0.15030610124999996 0)
(0.51406249999999998 1.15030610125 0)
(0.51406249999999998 1.15625 0)
(0.53000000000000003 -1 0)
(0.53000000000000003 -0.625 0)
(0.53000000000000003 -0.4375 0)
(0.53000000000000003 -0.34375 0)
(0.53000000000000003 -0.25 0)
(0.53000000000000003 -0.203125 0)
(0.53000000000000003 -0.1796875 0)
(0.53000000000000003 -0.15625 0)
(0.53000000000000003 -0.15030610124999996 0)
(0.53000000000000003 1.15030610125 0)
(0.53000000000000003 1.15625 0)
(0.53000000000000003 1.1796875 0)
(0.53000000000000003 1.203125 0)
(0.53000000000000003 1.25 0)
(0.53000000000000003 1.34375 0)
(0.53000000000000003 1.4375 0)
(0.53000000000000003 1.625 0)
(0.53000000000000003 2 0)
(0.53125 -0.15030610124999996 0)
(0.53125 -0.10645927499999999 0)
(0.53125 -0.07817099999999999 0)
(0.53125 -0.059920499999999995 0)
(0.53125 -0.041669999999999999 0)
(0.53125 -0.0258 0)
(0.53125 -0.012 0)
(0.53125 0 0)
(0.53125 1 0)
(0.53125 1.012 0)
(0.53125 1.0258 0)
(0.53125 1.0416700000000001 0)
(0.53125 1.0599205 0)
(0.53125 1.078171 0)
(0.53125 1.106459275 0)
(0.53125 1.15030610125 0)
(0.54593750000000008 -0.15625 0)
(0.54593750000000008 -0.15030610124999996 0)
(0.54593750000000008 1.15030610125 0)
(0.54593750000000008 1.15625 0)
(0.56187500000000001 -0.203125 0)
(0.56187500000000001 -0.1796875 0)
(0.56187500000000001 -0.15625 0)
(0.56187500000000001 -0.15030610124999996 0)
(0.56187500000000001 1.15030610125 0)
(0.56187500000000001 1.15625 0)
(0.56187500000000001 1.1796875 0)
(0.56187500000000001 1.203125 0)
(0.5625 -0.15030610124999996 0)
(0.5625 -0.10645927499999999 0)
(0.5625 -0.07817099999999999 0)
(0.5625 -0.059920499999999995 0)
(0.5625 -0.041669999999999999 0)
(0.5625 -0.0258 0)
(0.5625 -0.012 0)
(0.5625 0 0)
(0.5625 1 0)
(0.5625 1.012 0)
(0.5625 1.0258 0)
(0.5625 1.0416700000000001 0)
(0.5625 1.0599205 0)
(0.5625 1.078171 0)
(0.5625 1.106459275 0)
(0.5625 1.15030610125 0)
(0.57781250000000006 -0.15625 0)
(0.57781250000000006 -0.15030610124999996 0)
(0.57781250000000006 1.15030610125 0)
(0.57781250000000006 1.15625 0)
(0.59375 -0.25 0)
(0.59375 -0.203125 0)
(0.59375 -0.1796875 0)
(0.59375 -0.15625 0)
(0.59375 -0.15030610124999996 0)
(0.59375 -0.10645927499999999 0)
(0.59375 -0.07817099999999999 0)
(0.59375 -0.059920499999999995 0)
(0.59375 -0.041669999999999999 0)
(0.59375 -0.0258 0)
(0.59375 -0.012 0)
(0.59375 0 0)
(0.59375 1 0)
(0.59375 1.012 0)
(0.59375 1.0258 0)
(0.59375 1.0416700000000001 0)
(0.59375 1.0599205 0)
(0.59375 1.078171 0)
(0.59375 1.106459275 0)
(0.59375 1.15030610125 0)
(0.59375 1.15625 0)
(0.59375 1.1796875 0)
(0.59375 1.203125 0)
(0.59375 1.25 0)
(0.60968750000000005 -0.15625 0)
(0.60968750000000005 -0.15030610124999996 0)
(0.60968750000000005 1.15030610125 0)
(0.60968750000000005 1.15625 0)
(0.625 -0.15030610124999996 0)
(0.625 -0.10645927499999999 0)
(0.625 -0.07817099999999999 0)
(0.625 -0.059920499999999995 0)
(0.625 -0.041669999999999999 0)
(0.625 -0.0258 0)
(0.625 -0.012 0)
(0.625 0 0)
(0.625 1 0)
(0.625 1.012 0)
(0.625 1.0258 0)
(0.625 1.0416700000000001 0)
(0.625 1.0599205 0)
(0.625 1.078171 0)
(0.625 1.106459275 0)
(0.625 1.15030610125 0)
(0.62562499999999999 -0.203125 0)
(0.62562499999999999 -0.1796875 0)
(0.62562499999999999 -0.15625 0)
(0.62562499999999999 -0.15030610124999996 0)
(0.62562499999999999 1.15030610125 0)
(0.62562499999999999 1.15625 0)
(0.62562499999999999 1.1796875 0)
(0.62562499999999999 1.203125 0)
(0.64156250000000004 -0.15625 0)
(0.64156250000000004 -0.15030610124999996 0)
(0.64156250000000004 1.15030610125 0)
(0.64156250000000004 1.15625 0)
(0.65625 -0.15030610124999996 0)
(0.65625 -0.10645927499999999 0)
(0.65625 -0.07817099999999999 0)
(0.65625 -0.059920499999999995 0)
(0.65625 -0.041669999999999999 0)
(0.65625 -0.0258 0)
(0.65625 -0.012 0)
(0.65625 0 0)
(0.65625 1 0)
(0.65625 1.012 0)
(0.65625 1.0258 0)
(0.65625 1.0416700000000001 0)
(0.65625 1.0599205 0)
(0.65625 1.078171 0)
(0.65625 1.106459275 0)
(0.65625 1.15030610125 0)
(0.65749999999999997 -0.4375 0)
(0.65749999999999997 -0.34375 0)
(0.65749999999999997 -0.25 0)
(0.65749999999999997 -0.203125 0)
(0.65749999999999997 -0.1796875 0)
(0.65749999999999997 -0.15625 0)
(0.65749999999999997 -0.15030610124999996 0)
(0.65749999999999997 1.15030610125 0)
(0.65749999999999997 1.15625 0)
(0.65749999999999997 1.1796875 0)
(0.65749999999999997 1.203125 0)
(0.65749999999999997 1.25 0)
(0.65749999999999997 1.34375 0)
(0.65749999999999997 1.4375 0)
(0.67343750000000002 -0.15625 0)
(0.67343750000000002 -0.15030610124999996 0)
(0.67343750000000002 1.15030610125 0)
(0.67343750000000002 1.15625 0)
(0.6875 -0.15030610124999996 0)
(0.6875 -0.10645927499999999 0)
(0.6875 -0.07817099999999999 0)
(0.6875 -0.059920499999999995 0)
(0.6875 -0.041669999999999999 0)
(0.6875 -0.0258 0)
(0.6875 -0.012 0)
(0.6875 0 0)
(0.6875 1 0)
(0.6875 1.012 0)
(0.6875 1.0258 0)
(0.6875 1.0416700000000001 0)
(0.6875 1.0599205 0)
(0.6875 1.078171 0)
(0.6875 1.106459275 0)
(0.6875 1.15030610125 0)
(0.68937500000000007 -0.203125 0)
(0.68937500000000007 -0.1796875 0)
(0.68937500000000007 -0.15625 0)
(0.68937500000000007 -0.15030610124999996 0)
(0.68937500000000007 1.15030610125 0)
(0.68937500000000007 1.15625 0)
(0.68937500000000007 1.1796875 0)
(0.68937500000000007 1.203125 0)
(0.70531250000000001 -0.15625 0)
(0.70531250000000001 -0.15030610124999996 0)
(0.70531250000000001 1.15030610125 0)
(0.70531250000000001 1.15625 0)
(0.71875 -0.15030610124999996 0)
(0.71875 -0.10645927499999999 0)
(0.71875 -0.07817099999999999 0)
(0.71875 -0.059920499999999995 0)
(0.71875 -0.041669999999999999 0)
(0.71875 -0.0258 0)
(0.71875 -0.012 0)
(0.71875 0 0)
(0.71875 1 0)
(0.71875 1.012 0)
(0.71875 1.0258 0)
(0.71875 1.0416700000000001 0)
(0.71875 1.0599205 0)
(0.71875 1.078171 0)
(0.71875 1.106459275 0)
(0.71875 1.15030610125 0)
(0.72125000000000006 -0.25 0)
(0.72125000000000006 -0.203125 0)
(0.72125000000000006 -0.1796875 0)
(0.72125000000000006 -0.15625 0)
(0.72125000000000006 -0.15030610124999996 0)
(0.72125000000000006 1.15030610125 0)
(0.72125000000000006 1.15625 0)
(0.72125000000000006 1.1796875 0)
(0.72125000000000006 1.203125 0)
(0.72125000000000006 1.25 0)
(0.7371875 -0.15625 0)
(0.7371875 -0.15030610124999996 0)
(0.7371875 1.15030610125 0)
(0.7371875 1.15625 0)
(0.75 -0.15030610124999996 0)
(0.75 -0.10645927499999999 0)
(0.75 -0.07817099999999999 0)
(0.75 -0.059920499999999995 0)
(0.75 -0.041669999999999999 0)
(0.75 -0.0258 0)
(0.75 -0.012 0)
(0.75 0 0)
(0.75 1 0)
(0.75 1.012 0)
(0.75 1.0258 0)
(0.75 1.0416700000000001 0)
(0.75 1.0599205 0)
(0.75 1.078171 0)
(0.75 1.106459275 0)
(0.75 1.15030610125 0)
(0.75312500000000004 -0.203125 0)
(0.75312500000000004 -0.1796875 0)
(0.75312500000000004 -0.15625 0)
(0.75312500000000004 -0.15030610124999996 0)
(0.75312500000000004 1.15030610125 0)
(0.75312500000000004 1.15625 0)
(0.75312500000000004 1.1796875 0)
(0.75312500000000004 1.203125 0)
(0.76906249999999998 -0.15625 0)
(0.76906249999999998 -0.15030610124999996 0)
(0.76906249999999998 1.15030610125 0)
(0.76906249999999998 1.15625 0)
(0.78125 -0.15030610124999996 0)
(0.78125 -0.10645927499999999 0)
(0.78125 -0.07817099999999999 0)
(0.78125 -0.059920499999999995 0)
(0.78125 -0.041669999999999999 0)
(0.78125 -0.0258 0)
(0.78125 -0.012 0)
(0.78125 0 0)
(0.78125 1 0)
(0.78125 1.012 0)
(0.78125 1.0258 0)
(0.78125 1.0416700000000001 0)
(0.78125 1.0599205 0)
(0.78125 1.078171 0)
(0.78125 1.106459275 0)
(0.78125 1.15030610125 0)
(0.78500000000000003 -0.625 0)
(0.78500000000000003 -0.4375 0)
(0.78500000000000003 -0.34375 0)
(0.78500000000000003 -0.25 0)
(0.78500000000000003 -0.203125 0)
(0.78500000000000003 -0.1796875 0)
(0.78500000000000003 -0.15625 0)
(0.78500000000000003 -0.15030610124999996 0)
(0.78500000000000003 1.15030610125 0)
(0.78500000000000003 1.15625 0)
(0.78500000000000003 1.1796875 0)
(0.78500000000000003 1.203125 0)
(0.78500000000000003 1.25 0)
(0.78500000000000003 1.34375 0)
(0.78500000000000003 1.4375 0)
(0.78500000000000003 1.625 0)
(0.80093750000000008 -0.15625 0)
(0.80093750000000008 -0.15030610124999996 0)
(0.80093750000000008 1.15030610125 0)
(0.80093750000000008 1.15625 0)
(0.8125 -0.15030610124999996 0)
(0.8125 -0.14453125 0)
(0.8125 -0.1328125 0)
(0.8125 -0.12109375 0)
(0.8125 -0.10645927499999999 0)
(0.8125 -0.07817099999999999 0)
(0.8125 -0.059920499999999995 0)
(0.8125 -0.041669999999999999 0)
(0.8125 -0.0258 0)
(0.8125 -0.012 0)
(0.8125 0 0)
(0.8125 1 0)
(0.8125 1.012 0)
(0.8125 1.0258 0)
(0.8125 1.0416700000000001 0)
(0.8125 1.0599205 0)
(0.8125 1.078171 0)
(0.8125 1.106459275 0)
(0.8125 1.12109375 0)
(0.8125 1.1328125 0)
(0.8125 1.14453125 0)
(0.8125 1.15030610125 0)
(0.81687500000000002 -0.203125 0)
(0.81687500000000002 -0.1796875 0)
(0.81687500000000002 -0.15625 0)
(0.81687500000000002 -0.14453125 0)
(0.81687500000000002 -0.1328125 0)
(0.81687500000000002 -0.12109375 0)
(0.81687500000000002 -0.109375 0)
(0.81687500000000002 -0.10645927499999999 0)
(0.81687500000000002 1.106459275 0)
(0.81687500000000002 1.109375 0)
(0.81687500000000002 1.12109375 0)
(0.81687500000000002 1.1328125 0)
(0.81687500000000002 1.14453125 0)
(0.81687500000000002 1.15625 0)
(0.81687500000000002 1.1796875 0)
(0.81687500000000002 1.203125 0)
(0.83281250000000007 -0.109375 0)
(0.83281250000000007 -0.10645927499999999 0)
(0.83281250000000007 1.106459275 0)
(0.83281250000000007 1.109375 0)
(0.84375 -0.10645927499999999 0)
(0.84375 -0.09765625 0)
(0.84375 -0.0859375 0)
(0.84375 -0.07817099999999999 0)
(0.84375 -0.059920499999999995 0)
(0.84375 -0.041669999999999999 0)
(0.84375 -0.0258 0)
(0.84375 -0.012 0)
(0.84375 0 0)
(0.84375 1 0)
(0.84375 1.012 0)
(0.84375 1.0258 0)
(0.84375 1.0416700000000001 0)
(0.84375 1.0599205 0)
(0.84375 1.078171 0)
(0.84375 1.0859375 0)
(0.84375 1.09765625 0)
(0.84375 1.106459275 0)
(0.84875 -0.25 0)
(0.84875 -0.203125 0)
(0.84875 -0.1796875 0)
(0.84875 -0.15625 0)
(0.84875 -0.1328125 0)
(0.84875 -0.109375 0)
(0.84875 -0.09765625 0)
(0.84875 -0.0859375 0)
(0.84875 -0.07817099999999999 0)
(0.84875 1.078171 0)
(0.84875 1.0859375 0)
(0.84875 1.09765625 0)
(0.84875 1.109375 0)
(0.84875 1.1328125 0)
(0.84875 1.15625 0)
(0.84875 1.1796875 0)
(0.84875 1.203125 0)
(0.84875 1.25 0)
(0.86468750000000005 -0.0859375 0)
(0.86468750000000005 -0.07817099999999999 0)
(0.86468750000000005 1.078171 0)
(0.86468750000000005 1.0859375 0)
(0.875 -0.07817099999999999 0)
(0.875 -0.07421875 0)
(0.875 -0.059920499999999995 0)
(0.875 -0.041669999999999999 0)
(0.875 -0.0258 0)
(0.875 -0.012 0)
(0.875 0 0)
(0.875 1 0)
(0.875 1.012 0)
(0.875 1.0258 0)
(0.875 1.0416700000000001 0)
(0.875 1.0599205 0)
(0.875 1.07421875 0)
(0.875 1.078171 0)
(0.88062499999999999 -0.109375 0)
(0.88062499999999999 -0.0859375 0)
(0.88062499999999999 -0.07421875 0)
(0.88062499999999999 -0.0625 0)
(0.88062499999999999 -0.059920499999999995 0)
(0.88062499999999999 1.0599205 0)
(0.88062499999999999 1.0625 0)
(0.88062499999999999 1.07421875 0)
(0.88062499999999999 1.0859375 0)
(0.88062499999999999 1.109375 0)
(0.89656250000000004 -0.0625 0)
(0.89656250000000004 -0.059920499999999995 0)
(0.89656250000000004 1.0599205 0)
(0.89656250000000004 1.0625 0)
(0.90625 -0.059920499999999995 0)
(0.90625 -0.05078125 0)
(0.90625 -0.041669999999999999 0)
(0.90625 -0.0258 0)
(0.90625 -0.012 0)
(0.90625 0 0)
(0.90625 1 0)
(0.90625 1.012 0)
(0.90625 1.0258 0)
(0.90625 1.0416700000000001 0)
(0.90625 1.05078125 0)
(0.90625 1.0599205 0)
(0.91250000000000009 -0.4375 0)
(0.91250000000000009 -0.34375 0)
(0.91250000000000009 -0.25 0)
(0.91250000000000009 -0.203125 0)
(0.91250000000000009 -0.15625 0)
(0.91250000000000009 -0.109375 0)
(0.91250000000000009 -0.0859375 0)
(0.91250000000000009 -0.0625 0)
(0.91250000000000009 -0.05078125 0)
(0.91250000000000009 -0.041669999999999999 0)
(0.91250000000000009 1.0416700000000001 0)
(0.91250000000000009 1.05078125 0)
(0.91250000000000009 1.0625 0)
(0.91250000000000009 1.0859375 0)
(0.91250000000000009 1.109375 0)
(0.91250000000000009 1.15625 0)
(0.91250000000000009 1.203125 0)
(0.91250000000000009 1.25 0)
(0.91250000000000009 1.34375 0)
(0.91250000000000009 1.4375 0)
(0.92843750000000003 -0.0625 0)
(0.92843750000000003 -0.05078125 0)
(0.92843750000000003 -0.041669999999999999 0)
(0.92843750000000003 1.0416700000000001 0)
(0.92843750000000003 1.05078125 0)
(0.92843750000000003 1.0625 0)
(0.9375 -0.041669999999999999 0)
(0.9375 -0.0390625 0)
(0.9375 -0.0258 0)
(0.9375 -0.012 0)
(0.9375 0 0)
(0.9375 1 0)
(0.9375 1.012 0)
(0.9375 1.0258 0)
(0.9375 1.0390625 0)
(0.9375 1.0416700000000001 0)
(0.94437500000000008 -0.109375 0)
(0.94437500000000008 -0.0859375 0)
(0.94437500000000008 -0.0625 0)
(0.94437500000000008 -0.05078125 0)
(0.94437500000000008 -0.0390625 0)
(0.94437500000000008 -0.02734375 0)
(0.94437500000000008 -0.0258 0)
(0.94437500000000008 1.0258 0)
(0.94437500000000008 1.02734375 0)
(0.94437500000000008 1.0390625 0)
(0.94437500000000008 1.05078125 0)
(0.94437500000000008 1.0625 0)
(0.94437500000000008 1.0859375 0)
(0.94437500000000008 1.109375 0)
(0.96031250000000001 -0.0390625 0)
(0.96031250000000001 -0.02734375 0)
(0.96031250000000001 -0.0258 0)
(0.96031250000000001 1.0258 0)
(0.96031250000000001 1.02734375 0)
(0.96031250000000001 1.0390625 0)
(0.96875 -0.0258 0)
(0.96875 -0.015625 0)
(0.96875 -0.012 0)
(0.96875 0 0)
(0.96875 1 0)
(0.96875 1.012 0)
(0.96875 1.015625 0)
(0.96875 1.0258 0)
(0.97625000000000006 -0.15625 0)
(0.97625000000000006 -0.109375 0)
(0.97625000000000006 -0.0859375 0)
(0.97625000000000006 -0.0625 0)
(0.97625000000000006 -0.0390625 0)
(0.97625000000000006 -0.02734375 0)
(0.97625000000000006 -0.015625 0)
(0.97625000000000006 -0.012 0)
(0.97625000000000006 1.012 0)
(0.97625000000000006 1.015625 0)
(0.97625000000000006 1.02734375 0)
(0.97625000000000006 1.0390625 0)
(0.97625000000000006 1.0625 0)
(0.97625000000000006 1.0859375 0)
(0.97625000000000006 1.109375 0)
(0.97625000000000006 1.15625 0)
(0.9921875 -0.015625 0)
(0.9921875 -0.012 0)
(0.9921875 1.012 0)
(0.9921875 1.015625 0)
(1 0 0)
(1 0.03125 0)
(1 0.0625 0)
(1 0.09375 0)
(1 0.125 0)
(1 0.15625 0)
(1 0.1875 0)
(1 0.21875 0)
(1 0.25 0)
(1 0.28125 0)
(1 0.3125 0)
(1 0.34375 0)
(1 0.375 0)
(1 0.40625 0)
(1 0.4375 0)
(1 0.46875 0)
(1 0.5 0)
(1 0.53125 0)
(1 0.5625 0)
(1 0.59375 0)
(1 0.625 0)
(1 0.65625 0)
(1 0.6875 0)
(1 0.71875 0)
(1 0.75 0)
(1 0.78125 0)
(1 0.8125 0)
(1 0.84375 0)
(1 0.875 0)
(1 0.90625 0)
(1 0.9375 0)
(1 0.96875 0)
(1 1 0)
(1.0081249999999999 -0.0625 0)
(1.0081249999999999 -0.0390625 0)
(1.0081249999999999 -0.015625 0)
(1.0081249999999999 -0.012 0)
(1.0081249999999999 1.012 0)
(1.0081249999999999 1.015625 0)
(1.0081249999999999 1.0390625 0)
(1.0081249999999999 1.0625 0)
(1.012 -0.012 0)
(1.012 -0.00390625 0)
(1.012 0.0078125 0)
(1.012 0.01953125 0)
(1.012 0.03125 0)
(1.012 0.0625 0)
(1.012 0.09375 0)
(1.012 0.125 0)
(1.012 0.15625 0)
(1.012 0.1875 0)
(1.012 0.21875 0)
(1.012 0.25 0)
(1.012 0.28125 0)
(1.012 0.3125 0)
(1.012 0.34375 0)
(1.012 0.375 0)
(1.012 0.40625 0)
(1.012 0.4375 0)
(1.012 0.46875 0)
(1.012 0.5 0)
(1.012 0.53125 0)
(1.012 0.5625 0)
(1.012 0.59375 0)
(1.012 0.625 0)
(1.012 0.65625 0)
(1.012 0.6875 0)
(1.012 0.71875 0)
(1.012 0.75 0)
(1.012 0.78125 0)
(1.012 0.8125 0)
(1.012 0.84375 0)
(1.012 0.875 0)
(1.012 0.90625 0)
(1.012 0.9375 0)
(1.012 0.96875 0)
(1.012 0.98046875 0)
(1.012 0.9921875 0)
(1.012 1.00390625 0)
(1.012 1.012 0)
(1.0240625000000001 -0.015625 0)
(1.0240625000000001 -0.00390625 0)
(1.0240625000000001 0.0078125 0)
(1.0240625000000001 0.01953125 0)
(1.0240625000000001 0.03125 0)
(1.0240625000000001 0.96875 0)
(1.0240625000000001 0.98046875 0)
(1.0240625000000001 0.9921875 0)
(1.0240625000000001 1.00390625 0)
(1.0240625000000001 1.015625 0)
(1.0258 0.03125 0)
(1.0258 0.04296875 0)
(1.0258 0.0546875 0)
(1.0258 0.0625 0)
(1.0258 0.06640625 0)
(1.0258 0.078125 0)
(1.0258 0.08984375 0)
(1.0258 0.09375 0)
(1.0258 0.1015625 0)
(1.0258 0.11328125 0)
(1.0258 0.125 0)
(1.0258 0.13671875 0)
(1.0258 0.1484375 0)
(1.0258 0.15625 0)
(1.0258 0.16015625 0)
(1.0258 0.171875 0)
(1.0258 0.18359375 0)
(1.0258 0.1875 0)
(1.0258 0.1953125 0)
(1.0258 0.20703125 0)
(1.0258 0.21875 0)
(1.0258 0.23046875 0)
(1.0258 0.2421875 0)
(1.0258 0.25 0)
(1.0258 0.25390625 0)
(1.0258 0.265625 0)
(1.0258 0.27734375 0)
(1.0258 0.28125 0)
(1.0258 0.2890625 0)
(1.0258 0.30078125 0)
(1.0258 0.3125 0)
(1.0258 0.32421875 0)
(1.0258 0.3359375 0)
(1.0258 0.34375 0)
(1.0258 0.34765625 0)
(1.0258 0.359375 0)
(1.0258 0.37109375 0)
(1.0258 0.375 0)
(1.0258 0.3828125 0)
(1.0258 0.39453125 0)
(1.0258 0.40625 0)
(1.0258 0.41796875 0)
(1.0258 0.4296875 0)
(1.0258 0.4375 0)
(1.0258 0.44140625 0)
(1.0258 0.453125 0)
(1.0258 0.46484375 0)
(1.0258 0.46875 0)
(1.0258 0.4765625 0)
(1.0258 0.48828125 0)
(1.0258 0.5 0)
(1.0258 0.51171875 0)
(1.0258 0.5234375 0)
(1.0258 0.53125 0)
(1.0258 0.53515625 0)
(1.0258 0.546875 0)
(1.0258 0.55859375 0)
(1.0258 0.5625 0)
(1.0258 0.5703125 0)
(1.0258 0.58203125 0)
(1.0258 0.59375 0)
(1.0258 0.60546875 0)
(1.0258 0.6171875 0)
(1.0258 0.625 0)
(1.0258 0.62890625 0)
(1.0258 0.640625 0)
(1.0258 0.65234375 0)
(1.0258 0.65625 0)
(1.0258 0.6640625 0)
(1.0258 0.67578125 0)
(1.0258 0.6875 0)
(1.0258 0.69921875 0)
(1.0258 0.7109375 0)
(1.0258 0.71875 0)
(1.0258 0.72265625 0)
(1.0258 0.734375 0)
(1.0258 0.74609375 0)
(1.0258 0.75 0)
(1.0258 0.7578125 0)
(1.0258 0.76953125 0)
(1.0258 0.78125 0)
(1.0258 0.79296875 0)
(1.0258 0.8046875 0)
(1.0258 0.8125 0)
(1.0258 0.81640625 0)
(1.0258 0.828125 0)
(1.0258 0.83984375 0)
(1.0258 0.84375 0)
(1.0258 0.8515625 0)
(1.0258 0.86328125 0)
(1.0258 0.875 0)
(1.0258 0.88671875 0)
(1.0258 0.8984375 0)
(1.0258 0.90625 0)
(1.0258 0.91015625 0)
(1.0258 0.921875 0)
(1.0258 0.93359375 0)
(1.0258 0.9375 0)
(1.0258 0.9453125 0)
(1.0258 0.95703125 0)
(1.0258 0.96875 0)
(1.04 -1 0)
(1.04 -0.625 0)
(1.04 -0.4375 0)
(1.04 -0.34375 0)
(1.04 -0.25 0)
(1.04 -0.15625 0)
(1.04 -0.109375 0)
(1.04 -0.0625 0)
(1.04 -0.0390625 0)
(1.04 -0.015625 0)
(1.04 -0.00390625 0)
(1.04 0.0078125 0)
(1.04 0.01953125 0)
(1.04 0.03125 0)
(1.04 0.04296875 0)
(1.04 0.0546875 0)
(1.04 0.06640625 0)
(1.04 0.078125 0)
(1.04 0.08984375 0)
(1.04 0.1015625 0)
(1.04 0.11328125 0)
(1.04 0.125 0)
(1.04 0.13671875 0)
(1.04 0.1484375 0)
(1.04 0.16015625 0)
(1.04 0.171875 0)
(1.04 0.18359375 0)
(1.04 0.1953125 0)
(1.04 0.20703125 0)
(1.04 0.21875 0)
(1.04 0.23046875 0)
(1.04 0.2421875 0)
(1.04 0.25390625 0)
(1.04 0.265625 0)
(1.04 0.27734375 0)
(1.04 0.2890625 0)
(1.04 0.30078125 0)
(1.04 0.3125 0)
(1.04 0.32421875 0)
(1.04 0.3359375 0)
(1.04 0.34765625 0)
(1.04 0.359375 0)
(1.04 0.37109375 0)
(1.04 0.3828125 0)
(1.04 0.39453125 0)
(1.04 0.40625 0)
(1.04 0.41796875 0)
(1.04 0.4296875 0)
(1.04 0.44140625 0)
(1.04 0.453125 0)
(1.04 0.46484375 0)
(1.04 0.4765625 0)
(1.04 0.48828125 0)
(1.04 0.5 0)
(1.04 0.51171875 0)
(1.04 0.5234375 0)
(1.04 0.53515625 0)
(1.04 0.546875 0)
(1.04 0.55859375 0)
(1.04 0.5703125 0)
(1.04 0.58203125 0)
(1.04 0.59375 0)
(1.04 0.60546875 0)
(1.04 0.6171875 0)
(1.04 0.62890625 0)
(1.04 0.640625 0)
(1.04 0.65234375 0)
(1.04 0.6640625 0)
(1.04 0.67578125 0)
(1.04 0.6875 0)
(1.04 0.69921875 0)
(1.04 0.7109375 0)
(1.04 0.72265625 0)
(1.04 0.734375 0)
(1.04 0.74609375 0)
(1.04 0.7578125 0)
(1.04 0.76953125 0)
(1.04 0.78125 0)
(1.04 0.79296875 0)
(1.04 0.8046875 0)
(1.04 0.81640625 0)
(1.04 0.828125 0)
(1.04 0.83984375 0)
(1.04 0.8515625 0)
(1.04 0.86328125 0)
(1.04 0.875 0)
(1.04 0.88671875 0)
(1.04 0.8984375 0)
(1.04 0.91015625 0)
(1.04 0.921875 0)
(1.04 0.93359375 0)
(1.04 0.9453125 0)
(1.04 0.95703125 0)
(1.04 0.96875 0)
(1.04 0.98046875 0)
(1.04 0.9921875 0)
(1.04 1.00390625 0)
(1.04 1.015625 0)
(1.04 1.0390625 0)
(1.04 1.0625 0)
(1.04 1.109375 0)
(1.04 1.15625 0)
(1.04 1.25 0)
(1.04 1.34375 0)
(1.04 1.4375 0)
(1.04 1.625 0)
(1.04 2 0)
(1.0542 0.03125 0)
(1.0542 0.04296875 0)
(1.0542 0.0546875 0)
(1.0542 0.0625 0)
(1.0542 0.06640625 0)
(1.0542 0.078125 0)
(1.0542 0.08984375 0)
(1.0542 0.09375 0)
(1.0542 0.1015625 0)
(1.0542 0.11328125 0)
(1.0542 0.125 0)
(1.0542 0.13671875 0)
(1.0542 0.1484375 0)
(1.0542 0.15625 0)
(1.0542 0.16015625 0)
(1.0542 0.171875 0)
(1.0542 0.18359375 0)
(1.0542 0.1875 0)
(1.0542 0.1953125 0)
(1.0542 0.20703125 0)
(1.0542 0.21875 0)
(1.0542 0.23046875 0)
(1.0542 0.2421875 0)
(1.0542 0.25 0)
(1.0542 0.25390625 0)
(1.0542 0.265625 0)
(1.0542 0.27734375 0)
(1.0542 0.28125 0)
(1.0542 0.2890625 0)
(1.0542 0.30078125 0)
(1.0542 0.3125 0)
(1.0542 0.32421875 0)
(1.0542 0.3359375 0)
(1.0542 0.34375 0)
(1.0542 0.34765625 0)
(1.0542 0.359375 0)
(1.0542 0.37109375 0)
(1.0542 0.375 0)
(1.0542 0.3828125 0)
(1.0542 0.39453125 0)
(1.0542 0.40625 0)
(1.0542 0.41796875 0)
(1.0542 0.4296875 0)
(1.0542 0.4375 0)
(1.0542 0.44140625 0)
(1.0542 0.453125 0)
(1.0542 0.46484375 0)
(1.0542 0.46875 0)
(1.0542 0.4765625 0)
(1.0542 0.48828125 0)
(1.0542 0.5 0)
(1.0542 0.51171875 0)
(1.0542 0.5234375 0)
(1.0542 0.53125 0)
(1.0542 0.53515625 0)
(1.0542 0.546875 0)
(1.0542 0.55859375 0)
(1.0542 0.5625 0)
(1.0542 0.5703125 0)
(1.0542 0.58203125 0)
(1.0542 0.59375 0)
(1.0542 0.60546875 0)
(1.0542 0.6171875 0)
(1.0542 0.625 0)
(1.0542 0.62890625 0)
(1.0542 0.640625 0)
(1.0542 0.65234375 0)
(1.0542 0.65625 0)
(1.0542 0.6640625 0)
(1.0542 0.67578125 0)
(1.0542 0.6875 0)
(1.0542 0.69921875 0)
(1.0542 0.7109375 0)
(1.0542 0.71875 0)
(1.0542 0.72265625 0)
(1.0542 0.734375 0)
(1.0542 0.74609375 0)
(1.0542 0.75 0)
(1.0542 0.7578125 0)
(1.0542 0.76953125 0)
(1.0542 0.78125 0)
(1.0542 0.79296875 0)
(1.0542 0.8046875 0)
(1.0542 0.8125 0)
(1.0542 0.81640625 0)
(1.0542 0.828125 0)
(1.0542 0.83984375 0)
(1.0542 0.84375 0)
(1.0542 0.8515625 0)
(1.0542 0.86328125 0)
(1.0542 0.875 0)
(1.0542 0.88671875 0)
(1.0542 0.8984375 0)
(1.0542 0.90625 0)
(1.0542 0.91015625 0)
(1.0542 0.921875 0)
(1.0542 0.93359375 0)
(1.0542 0.9375 0)
(1.0542 0.9453125 0)
(1.0542 0.95703125 0)
(1.0542 0.96875 0)
(1.0559375 -0.015625 0)
(1.0559375 -0.00390625 0)
(1.0559375 0.0078125 0)
(1.0559375 0.01953125 0)
(1.0559375 0.03125 0)
(1.0559375 0.96875 0)
(1.0559375 0.98046875 0)
(1.0559375 0.9921875 0)
(1.0559375 1.00390625 0)
(1.0559375 1.015625 0)
(1.0680000000000001 -0.012 0)
(1.0680000000000001 -0.00390625 0)
(1.0680000000000001 0.0078125 0)
(1.0680000000000001 0.01953125 0)
(1.0680000000000001 0.03125 0)
(1.0680000000000001 0.0625 0)
(1.0680000000000001 0.09375 0)
(1.0680000000000001 0.125 0)
(1.0680000000000001 0.15625 0)
(1.0680000000000001 0.1875 0)
(1.0680000000000001 0.21875 0)
(1.0680000000000001 0.25 0)
(1.0680000000000001 0.28125 0)
(1.0680000000000001 0.3125 0)
(1.0680000000000001 0.34375 0)
(1.0680000000000001 0.375 0)
(1.0680000000000001 0.40625 0)
(1.0680000000000001 0.4375 0)
(1.0680000000000001 0.46875 0)
(1.0680000000000001 0.5 0)
(1.0680000000000001 0.53125 0)
(1.0680000000000001 0.5625 0)
(1.0680000000000001 0.59375 0)
(1.0680000000000001 0.625 0)
(1.0680000000000001 0.65625 0)
(1.0680000000000001 0.6875 0)
(1.0680000000000001 0.71875 0)
(1.0680000000000001 0.75 0)
(1.0680000000000001 0.78125 0)
(1.0680000000000001 0.8125 0)
(1.0680000000000001 0.84375 0)
(1.0680000000000001 0.875 0)
(1.0680000000000001 0.90625 0)
(1.0680000000000001 0.9375 0)
(1.0680000000000001 0.96875 0)
(1.0680000000000001 0.98046875 0)
(1.0680000000000001 0.9921875 0)
(1.0680000000000001 1.00390625 0)
(1.0680000000000001 1.012 0)
(1.0718750000000001 -0.0625 0)
(1.0718750000000001 -0.0390625 0)
(1.0718750000000001 -0.015625 0)
(1.0718750000000001 -0.012 0)
(1.0718750000000001 1.012 0)
(1.0718750000000001 1.015625 0)
(1.0718750000000001 1.0390625 0)
(1.0718750000000001 1.0625 0)
(1.0800000000000001 0 0)
(1.0800000000000001 0.03125 0)
(1.0800000000000001 0.0625 0)
(1.0800000000000001 0.09375 0)
(1.0800000000000001 0.125 0)
(1.0800000000000001 0.15625 0)
(1.0800000000000001 0.1875 0)
(1.0800000000000001 0.21875 0)
(1.0800000000000001 0.25 0)
(1.0800000000000001 0.28125 0)
(1.0800000000000001 0.3125 0)
(1.0800000000000001 0.34375 0)
(1.0800000000000001 0.375 0)
(1.0800000000000001 0.40625 0)
(1.0800000000000001 0.4375 0)
(1.0800000000000001 0.46875 0)
(1.0800000000000001 0.5 0)
(1.0800000000000001 0.53125 0)
(1.0800000000000001 0.5625 0)
(1.0800000000000001 0.59375 0)
(1.0800000000000001 0.625 0)
(1.0800000000000001 0.65625 0)
(1.0800000000000001 0.6875 0)
(1.0800000000000001 0.71875 0)
(1.0800000000000001 0.75 0)
(1.0800000000000001 0.78125 0)
(1.0800000000000001 0.8125 0)
(1.0800000000000001 0.84375 0)
(1.0800000000000001 0.875 0)
(1.0800000000000001 0.90625 0)
(1.0800000000000001 0.9375 0)
(1.0800000000000001 0.96875 0)
(1.0800000000000001 1 0)
(1.0878125000000001 -0.015625 0)
(1.0878125000000001 -0.012 0)
(1.0878125000000001 1.012 0)
(1.0878125000000001 1.015625 0)
(1.10375 -0.15625 0)
(1.10375 -0.109375 0)
(1.10375 -0.0859375 0)
(1.10375 -0.0625 0)
(1.10375 -0.0390625 0)
(1.10375 -0.02734375 0)
(1.10375 -0.015625 0)
(1.10375 -0.012 0)
(1.10375 1.012 0)
(1.10375 1.015625 0)
(1.10375 1.02734375 0)
(1.10375 1.0390625 0)
(1.10375 1.0625 0)
(1.10375 1.0859375 0)
(1.10375 1.109375 0)
(1.10375 1.15625 0)
(1.1112500000000001 -0.0258 0)
(1.1112500000000001 -0.015625 0)
(1.1112500000000001 -0.012 0)
(1.1112500000000001 0 0)
(1.1112500000000001 1 0)
(1.1112500000000001 1.012 0)
(1.1112500000000001 1.015625 0)
(1.1112500000000001 1.0258 0)
(1.1196874999999999 -0.0390625 0)
(1.1196874999999999 -0.02734375 0)
(1.1196874999999999 -0.0258 0)
(1.1196874999999999 1.0258 0)
(1.1196874999999999 1.02734375 0)
(1.1196874999999999 1.0390625 0)
(1.1356250000000001 -0.109375 0)
(1.1356250000000001 -0.0859375 0)
(1.1356250000000001 -0.0625 0)
(1.1356250000000001 -0.05078125 0)
(1.1356250000000001 -0.0390625 0)
(1.1356250000000001 -0.02734375 0)
(1.1356250000000001 -0.0258 0)
(1.1356250000000001 1.0258 0)
(1.1356250000000001 1.02734375 0)
(1.1356250000000001 1.0390625 0)
(1.1356250000000001 1.05078125 0)
(1.1356250000000001 1.0625 0)
(1.1356250000000001 1.0859375 0)
(1.1356250000000001 1.109375 0)
(1.1425000000000001 -0.041669999999999999 0)
(1.1425000000000001 -0.0390625 0)
(1.1425000000000001 -0.0258 0)
(1.1425000000000001 -0.012 0)
(1.1425000000000001 0 0)
(1.1425000000000001 1 0)
(1.1425000000000001 1.012 0)
(1.1425000000000001 1.0258 0)
(1.1425000000000001 1.0390625 0)
(1.1425000000000001 1.0416700000000001 0)
(1.1515625 -0.0625 0)
(1.1515625 -0.05078125 0)
(1.1515625 -0.041669999999999999 0)
(1.1515625 1.0416700000000001 0)
(1.1515625 1.05078125 0)
(1.1515625 1.0625 0)
(1.1675 -0.4375 0)
(1.1675 -0.34375 0)
(1.1675 -0.25 0)
(1.1675 -0.203125 0)
(1.1675 -0.15625 0)
(1.1675 -0.109375 0)
(1.1675 -0.0859375 0)
(1.1675 -0.0625 0)
(1.1675 -0.05078125 0)
(1.1675 -0.041669999999999999 0)
(1.1675 1.0416700000000001 0)
(1.1675 1.05078125 0)
(1.1675 1.0625 0)
(1.1675 1.0859375 0)
(1.1675 1.109375 0)
(1.1675 1.15625 0)
(1.1675 1.203125 0)
(1.1675 1.25 0)
(1.1675 1.34375 0)
(1.1675 1.4375 0)
(1.1737500000000001 -0.059920499999999995 0)
(1.1737500000000001 -0.05078125 0)
(1.1737500000000001 -0.041669999999999999 0)
(1.1737500000000001 -0.0258 0)
(1.1737500000000001 -0.012 0)
(1.1737500000000001 0 0)
(1.1737500000000001 1 0)
(1.1737500000000001 1.012 0)
(1.1737500000000001 1.0258 0)
(1.1737500000000001 1.0416700000000001 0)
(1.1737500000000001 1.05078125 0)
(1.1737500000000001 1.0599205 0)
(1.1834375000000001 -0.0625 0)
(1.1834375000000001 -0.059920499999999995 0)
(1.1834375000000001 1.0599205 0)
(1.1834375000000001 1.0625 0)
(1.1993750000000001 -0.109375 0)
(1.1993750000000001 -0.0859375 0)
(1.1993750000000001 -0.07421875 0)
(1.1993750000000001 -0.0625 0)
(1.1993750000000001 -0.059920499999999995 0)
(1.1993750000000001 1.0599205 0)
(1.1993750000000001 1.0625 0)
(1.1993750000000001 1.07421875 0)
(1.1993750000000001 1.0859375 0)
(1.1993750000000001 1.109375 0)
(1.2050000000000001 -0.07817099999999999 0)
(1.2050000000000001 -0.07421875 0)
(1.2050000000000001 -0.059920499999999995 0)
(1.2050000000000001 -0.041669999999999999 0)
(1.2050000000000001 -0.0258 0)
(1.2050000000000001 -0.012 0)
(1.2050000000000001 0 0)
(1.2050000000000001 1 0)
(1.2050000000000001 1.012 0)
(1.2050000000000001 1.0258 0)
(1.2050000000000001 1.0416700000000001 0)
(1.2050000000000001 1.0599205 0)
(1.2050000000000001 1.07421875 0)
(1.2050000000000001 1.078171 0)
(1.2153125 -0.0859375 0)
(1.2153125 -0.07817099999999999 0)
(1.2153125 1.078171 0)
(1.2153125 1.0859375 0)
(1.23125 -0.25 0)
(1.23125 -0.203125 0)
(1.23125 -0.1796875 0)
(1.23125 -0.15625 0)
(1.23125 -0.1328125 0)
(1.23125 -0.109375 0)
(1.23125 -0.09765625 0)
(1.23125 -0.0859375 0)
(1.23125 -0.07817099999999999 0)
(1.23125 1.078171 0)
(1.23125 1.0859375 0)
(1.23125 1.09765625 0)
(1.23125 1.109375 0)
(1.23125 1.1328125 0)
(1.23125 1.15625 0)
(1.23125 1.1796875 0)
(1.23125 1.203125 0)
(1.23125 1.25 0)
(1.2362500000000001 -0.10645927499999999 0)
(1.2362500000000001 -0.09765625 0)
(1.2362500000000001 -0.0859375 0)
(1.2362500000000001 -0.07817099999999999 0)
(1.2362500000000001 -0.059920499999999995 0)
(1.2362500000000001 -0.041669999999999999 0)
(1.2362500000000001 -0.0258 0)
(1.2362500000000001 -0.012 0)
(1.2362500000000001 0 0)
(1.2362500000000001 1 0)
(1.2362500000000001 1.012 0)
(1.2362500000000001 1.0258 0)
(1.2362500000000001 1.0416700000000001 0)
(1.2362500000000001 1.0599205 0)
(1.2362500000000001 1.078171 0)
(1.2362500000000001 1.0859375 0)
(1.2362500000000001 1.09765625 0)
(1.2362500000000001 1.106459275 0)
(1.2471875000000001 -0.109375 0)
(1.2471875000000001 -0.10645927499999999 0)
(1.2471875000000001 1.106459275 0)
(1.2471875000000001 1.109375 0)
(1.2631250000000001 -0.203125 0)
(1.2631250000000001 -0.1796875 0)
(1.2631250000000001 -0.15625 0)
(1.2631250000000001 -0.14453125 0)
(1.2631250000000001 -0.1328125 0)
(1.2631250000000001 -0.12109375 0)
(1.2631250000000001 -0.109375 0)
(1.2631250000000001 -0.10645927499999999 0)
(1.2631250000000001 1.106459275 0)
(1.2631250000000001 1.109375 0)
(1.2631250000000001 1.12109375 0)
(1.2631250000000001 1.1328125 0)
(1.2631250000000001 1.14453125 0)
(1.2631250000000001 1.15625 0)
(1.2631250000000001 1.1796875 0)
(1.2631250000000001 1.203125 0)
(1.2675000000000001 -0.15030610124999996 0)
(1.2675000000000001 -0.14453125 0)
(1.2675000000000001 -0.1328125 0)
(1.2675000000000001 -0.12109375 0)
(1.2675000000000001 -0.10645927499999999 0)
(1.2675000000000001 -0.07817099999999999 0)
(1.2675000000000001 -0.059920499999999995 0)
(1.2675000000000001 -0.041669999999999999 0)
(1.2675000000000001 -0.0258 0)
(1.2675000000000001 -0.012 0)
(1.2675000000000001 0 0)
(1.2675000000000001 1 0)
(1.2675000000000001 1.012 0)
(1.2675000000000001 1.0258 0)
(1.2675000000000001 1.0416700000000001 0)
(1.2675000000000001 1.0599205 0)
(1.2675000000000001 1.078171 0)
(1.2675000000000001 1.106459275 0)
(1.2675000000000001 1.12109375 0)
(1.2675000000000001 1.1328125 0)
(1.2675000000000001 1.14453125 0)
(1.2675000000000001 1.15030610125 0)
(1.2790625 -0.15625 0)
(1.2790625 -0.15030610124999996 0)
(1.2790625 1.15030610125 0)
(1.2790625 1.15625 0)
(1.2949999999999999 -0.625 0)
(1.2949999999999999 -0.4375 0)
(1.2949999999999999 -0.34375 0)
(1.2949999999999999 -0.25 0)
(1.2949999999999999 -0.203125 0)
(1.2949999999999999 -0.1796875 0)
(1.2949999999999999 -0.15625 0)
(1.2949999999999999 -0.15030610124999996 0)
(1.2949999999999999 1.15030610125 0)
(1.2949999999999999 1.15625 0)
(1.2949999999999999 1.1796875 0)
(1.2949999999999999 1.203125 0)
(1.2949999999999999 1.25 0)
(1.2949999999999999 1.34375 0)
(1.2949999999999999 1.4375 0)
(1.2949999999999999 1.625 0)
(1.2987500000000001 -0.15030610124999996 0)
(1.2987500000000001 -0.10645927499999999 0)
(1.2987500000000001 -0.07817099999999999 0)
(1.2987500000000001 -0.059920499999999995 0)
(1.2987500000000001 -0.041669999999999999 0)
(1.2987500000000001 -0.0258 0)
(1.2987500000000001 -0.012 0)
(1.2987500000000001 0 0)
(1.2987500000000001 1 0)
(1.2987500000000001 1.012 0)
(1.2987500000000001 1.0258 0)
(1.2987500000000001 1.0416700000000001 0)
(1.2987500000000001 1.0599205 0)
(1.2987500000000001 1.078171 0)
(1.2987500000000001 1.106459275 0)
(1.2987500000000001 1.15030610125 0)
(1.3109375000000001 -0.15625 0)
(1.3109375000000001 -0.15030610124999996 0)
(1.3109375000000001 1.15030610125 0)
(1.3109375000000001 1.15625 0)
(1.326875 -0.203125 0)
(1.326875 -0.1796875 0)
(1.326875 -0.15625 0)
(1.326875 -0.15030610124999996 0)
(1.326875 1.15030610125 0)
(1.326875 1.15625 0)
(1.326875 1.1796875 0)
(1.326875 1.203125 0)
(1.3300000000000001 -0.15030610124999996 0)
(1.3300000000000001 -0.10645927499999999 0)
(1.3300000000000001 -0.07817099999999999 0)
(1.3300000000000001 -0.059920499999999995 0)
(1.3300000000000001 -0.041669999999999999 0)
(1.3300000000000001 -0.0258 0)
(1.3300000000000001 -0.012 0)
(1.3300000000000001 0 0)
(1.3300000000000001 1 0)
(1.3300000000000001 1.012 0)
(1.3300000000000001 1.0258 0)
(1.3300000000000001 1.0416700000000001 0)
(1.3300000000000001 1.0599205 0)
(1.3300000000000001 1.078171 0)
(1.3300000000000001 1.106459275 0)
(1.3300000000000001 1.15030610125 0)
(1.3428125 -0.15625 0)
(1.3428125 -0.15030610124999996 0)
(1.3428125 1.15030610125 0)
(1.3428125 1.15625 0)
(1.3587500000000001 -0.25 0)
(1.3587500000000001 -0.203125 0)
(1.3587500000000001 -0.1796875 0)
(1.3587500000000001 -0.15625 0)
(1.3587500000000001 -0.15030610124999996 0)
(1.3587500000000001 1.15030610125 0)
(1.3587500000000001 1.15625 0)
(1.3587500000000001 1.1796875 0)
(1.3587500000000001 1.203125 0)
(1.3587500000000001 1.25 0)
(1.3612500000000001 -0.15030610124999996 0)
(1.3612500000000001 -0.10645927499999999 0)
(1.3612500000000001 -0.07817099999999999 0)
(1.3612500000000001 -0.059920499999999995 0)
(1.3612500000000001 -0.041669999999999999 0)
(1.3612500000000001 -0.0258 0)
(1.3612500000000001 -0.012 0)
(1.3612500000000001 0 0)
(1.3612500000000001 1 0)
(1.3612500000000001 1.012 0)
(1.3612500000000001 1.0258 0)
(1.3612500000000001 1.0416700000000001 0)
(1.3612500000000001 1.0599205 0)
(1.3612500000000001 1.078171 0)
(1.3612500000000001 1.106459275 0)
(1.3612500000000001 1.15030610125 0)
(1.3746875000000001 -0.15625 0)
(1.3746875000000001 -0.15030610124999996 0)
(1.3746875000000001 1.15030610125 0)
(1.3746875000000001 1.15625 0)
(1.390625 -0.203125 0)
(1.390625 -0.1796875 0)
(1.390625 -0.15625 0)
(1.390625 -0.15030610124999996 0)
(1.390625 1.15030610125 0)
(1.390625 1.15625 0)
(1.390625 1.1796875 0)
(1.390625 1.203125 0)
(1.3925000000000001 -0.15030610124999996 0)
(1.3925000000000001 -0.10645927499999999 0)
(1.3925000000000001 -0.07817099999999999 0)
(1.3925000000000001 -0.059920499999999995 0)
(1.3925000000000001 -0.041669999999999999 0)
(1.3925000000000001 -0.0258 0)
(1.3925000000000001 -0.012 0)
(1.3925000000000001 0 0)
(1.3925000000000001 1 0)
(1.3925000000000001 1.012 0)
(1.3925000000000001 1.0258 0)
(1.3925000000000001 1.0416700000000001 0)
(1.3925000000000001 1.0599205 0)
(1.3925000000000001 1.078171 0)
(1.3925000000000001 1.106459275 0)
(1.3925000000000001 1.15030610125 0)
(1.4065624999999999 -0.15625 0)
(1.4065624999999999 -0.15030610124999996 0)
(1.4065624999999999 1.15030610125 0)
(1.4065624999999999 1.15625 0)
(1.4225000000000001 -0.4375 0)
(1.4225000000000001 -0.34375 0)
(1.4225000000000001 -0.25 0)
(1.4225000000000001 -0.203125 0)
(1.4225000000000001 -0.1796875 0)
(1.4225000000000001 -0.15625 0)
(1.4225000000000001 -0.15030610124999996 0)
(1.4225000000000001 1.15030610125 0)
(1.4225000000000001 1.15625 0)
(1.4225000000000001 1.1796875 0)
(1.4225000000000001 1.203125 0)
(1.4225000000000001 1.25 0)
(1.4225000000000001 1.34375 0)
(1.4225000000000001 1.4375 0)
(1.4237500000000001 -0.15030610124999996 0)
(1.4237500000000001 -0.10645927499999999 0)
(1.4237500000000001 -0.07817099999999999 0)
(1.4237500000000001 -0.059920499999999995 0)
(1.4237500000000001 -0.041669999999999999 0)
(1.4237500000000001 -0.0258 0)
(1.4237500000000001 -0.012 0)
(1.4237500000000001 0 0)
(1.4237500000000001 1 0)
(1.4237500000000001 1.012 0)
(1.4237500000000001 1.0258 0)
(1.4237500000000001 1.0416700000000001 0)
(1.4237500000000001 1.0599205 0)
(1.4237500000000001 1.078171 0)
(1.4237500000000001 1.106459275 0)
(1.4237500000000001 1.15030610125 0)
(1.4384375 -0.15625 0)
(1.4384375 -0.15030610124999996 0)
(1.4384375 1.15030610125 0)
(1.4384375 1.15625 0)
(1.454375 -0.203125 0)
(1.454375 -0.1796875 0)
(1.454375 -0.15625 0)
(1.454375 -0.15030610124999996 0)
(1.454375 1.15030610125 0)
(1.454375 1.15625 0)
(1.454375 1.1796875 0)
(1.454375 1.203125 0)
(1.4550000000000001 -0.15030610124999996 0)
(1.4550000000000001 -0.10645927499999999 0)
(1.4550000000000001 -0.07817099999999999 0)
(1.4550000000000001 -0.059920499999999995 0)
(1.4550000000000001 -0.041669999999999999 0)
(1.4550000000000001 -0.0258 0)
(1.4550000000000001 -0.012 0)
(1.4550000000000001 0 0)
(1.4550000000000001 1 0)
(1.4550000000000001 1.012 0)
(1.4550000000000001 1.0258 0)
(1.4550000000000001 1.0416700000000001 0)
(1.4550000000000001 1.0599205 0)
(1.4550000000000001 1.078171 0)
(1.4550000000000001 1.106459275 0)
(1.4550000000000001 1.15030610125 0)
(1.4703125000000001 -0.15625 0)
(1.4703125000000001 -0.15030610124999996 0)
(1.4703125000000001 1.15030610125 0)
(1.4703125000000001 1.15625 0)
(1.4862500000000001 -0.25 0)
(1.4862500000000001 -0.203125 0)
(1.4862500000000001 -0.1796875 0)
(1.4862500000000001 -0.15625 0)
(1.4862500000000001 -0.15030610124999996 0)
(1.4862500000000001 -0.10645927499999999 0)
(1.4862500000000001 -0.07817099999999999 0)
(1.4862500000000001 -0.059920499999999995 0)
(1.4862500000000001 -0.041669999999999999 0)
(1.4862500000000001 -0.0258 0)
(1.4862500000000001 -0.012 0)
(1.4862500000000001 0 0)
(1.4862500000000001 1 0)
(1.4862500000000001 1.012 0)
(1.4862500000000001 1.0258 0)
(1.4862500000000001 1.0416700000000001 0)
(1.4862500000000001 1.0599205 0)
(1.4862500000000001 1.078171 0)
(1.4862500000000001 1.106459275 0)
(1.4862500000000001 1.15030610125 0)
(1.4862500000000001 1.15625 0)
(1.4862500000000001 1.1796875 0)
(1.4862500000000001 1.203125 0)
(1.4862500000000001 1.25 0)
(1.5021875 -0.15625 0)
(1.5021875 -0.15030610124999996 0)
(1.5021875 1.15030610125 0)
(1.5021875 1.15625 0)
(1.5175000000000001 -0.15030610124999996 0)
(1.5175000000000001 -0.10645927499999999 0)
(1.5175000000000001 -0.07817099999999999 0)
(1.5175000000000001 -0.059920499999999995 0)
(1.5175000000000001 -0.041669999999999999 0)
(1.5175000000000001 -0.0258 0)
(1.5175000000000001 -0.012 0)
(1.5175000000000001 0 0)
(1.5175000000000001 1 0)
(1.5175000000000001 1.012 0)
(1.5175000000000001 1.0258 0)
(1.5175000000000001 1.0416700000000001 0)
(1.5175000000000001 1.0599205 0)
(1.5175000000000001 1.078171 0)
(1.5175000000000001 1.106459275 0)
(1.5175000000000001 1.15030610125 0)
(1.5181249999999999 -0.203125 0)
(1.5181249999999999 -0.1796875 0)
(1.5181249999999999 -0.15625 0)
(1.5181249999999999 -0.15030610124999996 0)
(1.5181249999999999 1.15030610125 0)
(1.5181249999999999 1.15625 0)
(1.5181249999999999 1.1796875 0)
(1.5181249999999999 1.203125 0)
(1.5340625000000001 -0.15625 0)
(1.5340625000000001 -0.15030610124999996 0)
(1.5340625000000001 1.15030610125 0)
(1.5340625000000001 1.15625 0)
(1.5487500000000001 -0.15030610124999996 0)
(1.5487500000000001 -0.10645927499999999 0)
(1.5487500000000001 -0.07817099999999999 0)
(1.5487500000000001 -0.059920499999999995 0)
(1.5487500000000001 -0.041669999999999999 0)
(1.5487500000000001 -0.0258 0)
(1.5487500000000001 -0.012 0)
(1.5487500000000001 0 0)
(1.5487500000000001 1 0)
(1.5487500000000001 1.012 0)
(1.5487500000000001 1.0258 0)
(1.5487500000000001 1.0416700000000001 0)
(1.5487500000000001 1.0599205 0)
(1.5487500000000001 1.078171 0)
(1.5487500000000001 1.106459275 0)
(1.5487500000000001 1.15030610125 0)
(1.55 -1 0)
(1.55 -0.625 0)
(1.55 -0.4375 0)
(1.55 -0.34375 0)
(1.55 -0.25 0)
(1.55 -0.203125 0)
(1.55 -0.1796875 0)
(1.55 -0.15625 0)
(1.55 -0.15030610124999996 0)
(1.55 1.15030610125 0)
(1.55 1.15625 0)
(1.55 1.1796875 0)
(1.55 1.203125 0)
(1.55 1.25 0)
(1.55 1.34375 0)
(1.55 1.4375 0)
(1.55 1.625 0)
(1.55 2 0)
(1.5659375 -0.15625 0)
(1.5659375 -0.15030610124999996 0)
(1.5659375 1.15030610125 0)
(1.5659375 1.15625 0)
(1.5800000000000001 -0.15030610124999996 0)
(1.5800000000000001 -0.10645927499999999 0)
(1.5800000000000001 -0.07817099999999999 0)
(1.5800000000000001 -0.059920499999999995 0)
(1.5800000000000001 -0.041669999999999999 0)
(1.5800000000000001 -0.0258 0)
(1.5800000000000001 -0.012 0)
(1.5800000000000001 0 0)
(1.5800000000000001 1 0)
(1.5800000000000001 1.012 0)
(1.5800000000000001 1.0258 0)
(1.5800000000000001 1.0416700000000001 0)
(1.5800000000000001 1.0599205 0)
(1.5800000000000001 1.078171 0)
(1.5800000000000001 1.106459275 0)
(1.5800000000000001 1.15030610125 0)
(1.5818750000000001 -0.203125 0)
(1.5818750000000001 -0.1796875 0)
(1.5818750000000001 -0.15625 0)
(1.5818750000000001 -0.15030610124999996 0)
(1.5818750000000001 1.15030610125 0)
(1.5818750000000001 1.15625 0)
(1.5818750000000001 1.1796875 0)
(1.5818750000000001 1.203125 0)
(1.5978125000000001 -0.15625 0)
(1.5978125000000001 -0.15030610124999996 0)
(1.5978125000000001 1.15030610125 0)
(1.5978125000000001 1.15625 0)
(1.6112500000000001 -0.15030610124999996 0)
(1.6112500000000001 -0.10645927499999999 0)
(1.6112500000000001 -0.07817099999999999 0)
(1.6112500000000001 -0.059920499999999995 0)
(1.6112500000000001 -0.041669999999999999 0)
(1.6112500000000001 -0.0258 0)
(1.6112500000000001 -0.012 0)
(1.6112500000000001 0 0)
(1.6112500000000001 1 0)
(1.6112500000000001 1.012 0)
(1.6112500000000001 1.0258 0)
(1.6112500000000001 1.0416700000000001 0)
(1.6112500000000001 1.0599205 0)
(1.6112500000000001 1.078171 0)
(1.6112500000000001 1.106459275 0)
(1.6112500000000001 1.15030610125 0)
(1.61375 -0.25 0)
(1.61375 -0.203125 0)
(1.61375 -0.1796875 0)
(1.61375 -0.15625 0)
(1.61375 -0.15030610124999996 0)
(1.61375 1.15030610125 0)
(1.61375 1.15625 0)
(1.61375 1.1796875 0)
(1.61375 1.203125 0)
(1.61375 1.25 0)
(1.6296875 -0.15625 0)
(1.6296875 -0.15030610124999996 0)
(1.6296875 1.15030610125 0)
(1.6296875 1.15625 0)
(1.6425000000000001 -0.15030610124999996 0)
(1.6425000000000001 -0.10645927499999999 0)
(1.6425000000000001 -0.07817099999999999 0)
(1.6425000000000001 -0.059920499999999995 0)
(1.6425000000000001 -0.041669999999999999 0)
(1.6425000000000001 -0.0258 0)
(1.6425000000000001 -0.012 0)
(1.6425000000000001 0 0)
(1.6425000000000001 1 0)
(1.6425000000000001 1.012 0)
(1.6425000000000001 1.0258 0)
(1.6425000000000001 1.0416700000000001 0)
(1.6425000000000001 1.0599205 0)
(1.6425000000000001 1.078171 0)
(1.6425000000000001 1.106459275 0)
(1.6425000000000001 1.15030610125 0)
(1.6456250000000001 -0.203125 0)
(1.6456250000000001 -0.1796875 0)
(1.6456250000000001 -0.15625 0)
(1.6456250000000001 -0.15030610124999996 0)
(1.6456250000000001 1.15030610125 0)
(1.6456250000000001 1.15625 0)
(1.6456250000000001 1.1796875 0)
(1.6456250000000001 1.203125 0)
(1.6615625000000001 -0.15625 0)
(1.6615625000000001 -0.15030610124999996 0)
(1.6615625000000001 1.15030610125 0)
(1.6615625000000001 1.15625 0)
(1.6737500000000001 -0.15030610124999996 0)
(1.6737500000000001 -0.10645927499999999 0)
(1.6737500000000001 -0.07817099999999999 0)
(1.6737500000000001 -0.059920499999999995 0)
(1.6737500000000001 -0.041669999999999999 0)
(1.6737500000000001 -0.0258 0)
(1.6737500000000001 -0.012 0)
(1.6737500000000001 0 0)
(1.6737500000000001 1 0)
(1.6737500000000001 1.012 0)
(1.6737500000000001 1.0258 0)
(1.6737500000000001 1.0416700000000001 0)
(1.6737500000000001 1.0599205 0)
(1.6737500000000001 1.078171 0)
(1.6737500000000001 1.106459275 0)
(1.6737500000000001 1.15030610125 0)
(1.6775 -0.4375 0)
(1.6775 -0.34375 0)
(1.6775 -0.25 0)
(1.6775 -0.203125 0)
(1.6775 -0.1796875 0)
(1.6775 -0.15625 0)
(1.6775 -0.15030610124999996 0)
(1.6775 1.15030610125 0)
(1.6775 1.15625 0)
(1.6775 1.1796875 0)
(1.6775 1.203125 0)
(1.6775 1.25 0)
(1.6775 1.34375 0)
(1.6775 1.4375 0)
(1.6934375000000002 -0.15625 0)
(1.6934375000000002 -0.15030610124999996 0)
(1.6934375000000002 1.15030610125 0)
(1.6934375000000002 1.15625 0)
(1.7050000000000001 -0.15030610124999996 0)
(1.7050000000000001 -0.10645927499999999 0)
(1.7050000000000001 -0.07817099999999999 0)
(1.7050000000000001 -0.059920499999999995 0)
(1.7050000000000001 -0.041669999999999999 0)
(1.7050000000000001 -0.0258 0)
(1.7050000000000001 -0.012 0)
(1.7050000000000001 0 0)
(1.7050000000000001 1 0)
(1.7050000000000001 1.012 0)
(1.7050000000000001 1.0258 0)
(1.7050000000000001 1.0416700000000001 0)
(1.7050000000000001 1.0599205 0)
(1.7050000000000001 1.078171 0)
(1.7050000000000001 1.106459275 0)
(1.7050000000000001 1.15030610125 0)
(1.7093750000000001 -0.203125 0)
(1.7093750000000001 -0.1796875 0)
(1.7093750000000001 -0.15625 0)
(1.7093750000000001 -0.15030610124999996 0)
(1.7093750000000001 1.15030610125 0)
(1.7093750000000001 1.15625 0)
(1.7093750000000001 1.1796875 0)
(1.7093750000000001 1.203125 0)
(1.7253125 -0.15625 0)
(1.7253125 -0.15030610124999996 0)
(1.7253125 1.15030610125 0)
(1.7253125 1.15625 0)
(1.7362500000000001 -0.15030610124999996 0)
(1.7362500000000001 -0.10645927499999999 0)
(1.7362500000000001 -0.07817099999999999 0)
(1.7362500000000001 -0.059920499999999995 0)
(1.7362500000000001 -0.041669999999999999 0)
(1.7362500000000001 -0.0258 0)
(1.7362500000000001 -0.012 0)
(1.7362500000000001 0 0)
(1.7362500000000001 1 0)
(1.7362500000000001 1.012 0)
(1.7362500000000001 1.0258 0)
(1.7362500000000001 1.0416700000000001 0)
(1.7362500000000001 1.0599205 0)
(1.7362500000000001 1.078171 0)
(1.7362500000000001 1.106459275 0)
(1.7362500000000001 1.15030610125 0)
(1.74125 -0.25 0)
(1.74125 -0.203125 0)
(1.74125 -0.1796875 0)
(1.74125 -0.15625 0)
(1.74125 -0.15030610124999996 0)
(1.74125 1.15030610125 0)
(1.74125 1.15625 0)
(1.74125 1.1796875 0)
(1.74125 1.203125 0)
(1.74125 1.25 0)
(1.7571875000000001 -0.15625 0)
(1.7571875000000001 -0.15030610124999996 0)
(1.7571875000000001 1.15030610125 0)
(1.7571875000000001 1.15625 0)
(1.7675000000000001 -0.15030610124999996 0)
(1.7675000000000001 -0.10645927499999999 0)
(1.7675000000000001 -0.07817099999999999 0)
(1.7675000000000001 -0.059920499999999995 0)
(1.7675000000000001 -0.041669999999999999 0)
(1.7675000000000001 -0.0258 0)
(1.7675000000000001 -0.012 0)
(1.7675000000000001 0 0)
(1.7675000000000001 1 0)
(1.7675000000000001 1.012 0)
(1.7675000000000001 1.0258 0)
(1.7675000000000001 1.0416700000000001 0)
(1.7675000000000001 1.0599205 0)
(1.7675000000000001 1.078171 0)
(1.7675000000000001 1.106459275 0)
(1.7675000000000001 1.15030610125 0)
(1.7731250000000001 -0.203125 0)
(1.7731250000000001 -0.1796875 0)
(1.7731250000000001 -0.15625 0)
(1.7731250000000001 -0.15030610124999996 0)
(1.7731250000000001 1.15030610125 0)
(1.7731250000000001 1.15625 0)
(1.7731250000000001 1.1796875 0)
(1.7731250000000001 1.203125 0)
(1.7890625 -0.15625 0)
(1.7890625 -0.15030610124999996 0)
(1.7890625 1.15030610125 0)
(1.7890625 1.15625 0)
(1.7987500000000001 -0.15030610124999996 0)
(1.7987500000000001 -0.10645927499999999 0)
(1.7987500000000001 -0.07817099999999999 0)
(1.7987500000000001 -0.059920499999999995 0)
(1.7987500000000001 -0.041669999999999999 0)
(1.7987500000000001 -0.0258 0)
(1.7987500000000001 -0.012 0)
(1.7987500000000001 0 0)
(1.7987500000000001 1 0)
(1.7987500000000001 1.012 0)
(1.7987500000000001 1.0258 0)
(1.7987500000000001 1.0416700000000001 0)
(1.7987500000000001 1.0599205 0)
(1.7987500000000001 1.078171 0)
(1.7987500000000001 1.106459275 0)
(1.7987500000000001 1.15030610125 0)
(1.8050000000000002 -0.625 0)
(1.8050000000000002 -0.4375 0)
(1.8050000000000002 -0.34375 0)
(1.8050000000000002 -0.25 0)
(1.8050000000000002 -0.203125 0)
(1.8050000000000002 -0.1796875 0)
(1.8050000000000002 -0.15625 0)
(1.8050000000000002 -0.15030610124999996 0)
(1.8050000000000002 1.15030610125 0)
(1.8050000000000002 1.15625 0)
(1.8050000000000002 1.1796875 0)
(1.8050000000000002 1.203125 0)
(1.8050000000000002 1.25 0)
(1.8050000000000002 1.34375 0)
(1.8050000000000002 1.4375 0)
(1.8050000000000002 1.625 0)
(1.8209375000000001 -0.15625 0)
(1.8209375000000001 -0.15030610124999996 0)
(1.8209375000000001 1.15030610125 0)
(1.8209375000000001 1.15625 0)
(1.8300000000000001 -0.15030610124999996 0)
(1.8300000000000001 -0.10645927499999999 0)
(1.8300000000000001 -0.07817099999999999 0)
(1.8300000000000001 -0.059920499999999995 0)
(1.8300000000000001 -0.041669999999999999 0)
(1.8300000000000001 -0.0258 0)
(1.8300000000000001 -0.012 0)
(1.8300000000000001 0 0)
(1.8300000000000001 1 0)
(1.8300000000000001 1.012 0)
(1.8300000000000001 1.0258 0)
(1.8300000000000001 1.0416700000000001 0)
(1.8300000000000001 1.0599205 0)
(1.8300000000000001 1.078171 0)
(1.8300000000000001 1.106459275 0)
(1.8300000000000001 1.15030610125 0)
(1.836875 -0.203125 0)
(1.836875 -0.1796875 0)
(1.836875 -0.15625 0)
(1.836875 -0.15030610124999996 0)
(1.836875 1.15030610125 0)
(1.836875 1.15625 0)
(1.836875 1.1796875 0)
(1.836875 1.203125 0)
(1.8528125 -0.15625 0)
(1.8528125 -0.15030610124999996 0)
(1.8528125 1.15030610125 0)
(1.8528125 1.15625 0)
(1.8612500000000001 -0.15030610124999996 0)
(1.8612500000000001 -0.10645927499999999 0)
(1.8612500000000001 -0.07817099999999999 0)
(1.8612500000000001 -0.059920499999999995 0)
(1.8612500000000001 -0.041669999999999999 0)
(1.8612500000000001 -0.0258 0)
(1.8612500000000001 -0.012 0)
(1.8612500000000001 0 0)
(1.8612500000000001 1 0)
(1.8612500000000001 1.012 0)
(1.8612500000000001 1.0258 0)
(1.8612500000000001 1.0416700000000001 0)
(1.8612500000000001 1.0599205 0)
(1.8612500000000001 1.078171 0)
(1.8612500000000001 1.106459275 0)
(1.8612500000000001 1.15030610125 0)
(1.8687500000000001 -0.25 0)
(1.8687500000000001 -0.203125 0)
(1.8687500000000001 -0.1796875 0)
(1.8687500000000001 -0.15625 0)
(1.8687500000000001 -0.15030610124999996 0)
(1.8687500000000001 1.15030610125 0)
(1.8687500000000001 1.15625 0)
(1.8687500000000001 1.1796875 0)
(1.8687500000000001 1.203125 0)
(1.8687500000000001 1.25 0)
(1.8846875000000001 -0.15625 0)
(1.8846875000000001 -0.15030610124999996 0)
(1.8846875000000001 1.15030610125 0)
(1.8846875000000001 1.15625 0)
(1.8925000000000001 -0.15030610124999996 0)
(1.8925000000000001 -0.14453125 0)
(1.8925000000000001 -0.1328125 0)
(1.8925000000000001 -0.12109375 0)
(1.8925000000000001 -0.109375 0)
(1.8925000000000001 -0.10645927499999999 0)
(1.8925000000000001 -0.07817099999999999 0)
(1.8925000000000001 -0.059920499999999995 0)
(1.8925000000000001 -0.041669999999999999 0)
(1.8925000000000001 -0.0258 0)
(1.8925000000000001 -0.012 0)
(1.8925000000000001 0 0)
(1.8925000000000001 1 0)
(1.8925000000000001 1.012 0)
(1.8925000000000001 1.0258 0)
(1.8925000000000001 1.0416700000000001 0)
(1.8925000000000001 1.0599205 0)
(1.8925000000000001 1.078171 0)
(1.8925000000000001 1.106459275 0)
(1.8925000000000001 1.109375 0)
(1.8925000000000001 1.12109375 0)
(1.8925000000000001 1.1328125 0)
(1.8925000000000001 1.14453125 0)
(1.8925000000000001 1.15030610125 0)
(1.900625 -0.203125 0)
(1.900625 -0.1796875 0)
(1.900625 -0.15625 0)
(1.900625 -0.14453125 0)
(1.900625 -0.1328125 0)
(1.900625 -0.12109375 0)
(1.900625 -0.109375 0)
(1.900625 -0.10645927499999999 0)
(1.900625 1.106459275 0)
(1.900625 1.109375 0)
(1.900625 1.12109375 0)
(1.900625 1.1328125 0)
(1.900625 1.14453125 0)
(1.900625 1.15625 0)
(1.900625 1.1796875 0)
(1.900625 1.203125 0)
(1.9165624999999999 -0.109375 0)
(1.9165624999999999 -0.10645927499999999 0)
(1.9165624999999999 1.106459275 0)
(1.9165624999999999 1.109375 0)
(1.9237500000000001 -0.10645927499999999 0)
(1.9237500000000001 -0.09765625 0)
(1.9237500000000001 -0.0859375 0)
(1.9237500000000001 -0.07817099999999999 0)
(1.9237500000000001 -0.059920499999999995 0)
(1.9237500000000001 -0.041669999999999999 0)
(1.9237500000000001 -0.0258 0)
(1.9237500000000001 -0.012 0)
(1.9237500000000001 0 0)
(1.9237500000000001 1 0)
(1.9237500000000001 1.012 0)
(1.9237500000000001 1.0258 0)
(1.9237500000000001 1.0416700000000001 0)
(1.9237500000000001 1.0599205 0)
(1.9237500000000001 1.078171 0)
(1.9237500000000001 1.0859375 0)
(1.9237500000000001 1.09765625 0)
(1.9237500000000001 1.106459275 0)
(1.9325000000000001 -0.4375 0)
(1.9325000000000001 -0.34375 0)
(1.9325000000000001 -0.25 0)
(1.9325000000000001 -0.203125 0)
(1.9325000000000001 -0.1796875 0)
(1.9325000000000001 -0.15625 0)
(1.9325000000000001 -0.1328125 0)
(1.9325000000000001 -0.109375 0)
(1.9325000000000001 -0.09765625 0)
(1.9325000000000001 -0.0859375 0)
(1.9325000000000001 -0.07817099999999999 0)
(1.9325000000000001 1.078171 0)
(1.9325000000000001 1.0859375 0)
(1.9325000000000001 1.09765625 0)
(1.9325000000000001 1.109375 0)
(1.9325000000000001 1.1328125 0)
(1.9325000000000001 1.15625 0)
(1.9325000000000001 1.1796875 0)
(1.9325000000000001 1.203125 0)
(1.9325000000000001 1.25 0)
(1.9325000000000001 1.34375 0)
(1.9325000000000001 1.4375 0)
(1.9484375 -0.0859375 0)
(1.9484375 -0.07817099999999999 0)
(1.9484375 1.078171 0)
(1.9484375 1.0859375 0)
(1.9550000000000001 -0.07817099999999999 0)
(1.9550000000000001 -0.07421875 0)
(1.9550000000000001 -0.0625 0)
(1.9550000000000001 -0.059920499999999995 0)
(1.9550000000000001 -0.041669999999999999 0)
(1.9550000000000001 -0.0258 0)
(1.9550000000000001 -0.012 0)
(1.9550000000000001 0 0)
(1.9550000000000001 1 0)
(1.9550000000000001 1.012 0)
(1.9550000000000001 1.0258 0)
(1.9550000000000001 1.0416700000000001 0)
(1.9550000000000001 1.0599205 0)
(1.9550000000000001 1.0625 0)
(1.9550000000000001 1.07421875 0)
(1.9550000000000001 1.078171 0)
(1.964375 -0.109375 0)
(1.964375 -0.0859375 0)
(1.964375 -0.07421875 0)
(1.964375 -0.0625 0)
(1.964375 -0.059920499999999995 0)
(1.964375 1.0599205 0)
(1.964375 1.0625 0)
(1.964375 1.07421875 0)
(1.964375 1.0859375 0)
(1.964375 1.109375 0)
(1.9803125000000001 -0.0625 0)
(1.9803125000000001 -0.059920499999999995 0)
(1.9803125000000001 1.0599205 0)
(1.9803125000000001 1.0625 0)
(1.9862500000000001 -0.059920499999999995 0)
(1.9862500000000001 -0.05078125 0)
(1.9862500000000001 -0.041669999999999999 0)
(1.9862500000000001 -0.0258 0)
(1.9862500000000001 -0.012 0)
(1.9862500000000001 0 0)
(1.9862500000000001 1 0)
(1.9862500000000001 1.012 0)
(1.9862500000000001 1.0258 0)
(1.9862500000000001 1.0416700000000001 0)
(1.9862500000000001 1.05078125 0)
(1.9862500000000001 1.0599205 0)
(1.9962500000000001 -0.25 0)
(1.9962500000000001 -0.203125 0)
(1.9962500000000001 -0.15625 0)
(1.9962500000000001 -0.109375 0)
(1.9962500000000001 -0.0859375 0)
(1.9962500000000001 -0.0625 0)
(1.9962500000000001 -0.05078125 0)
(1.9962500000000001 -0.041669999999999999 0)
(1.9962500000000001 1.0416700000000001 0)
(1.9962500000000001 1.05078125 0)
(1.9962500000000001 1.0625 0)
(1.9962500000000001 1.0859375 0)
(1.9962500000000001 1.109375 0)
(1.9962500000000001 1.15625 0)
(1.9962500000000001 1.203125 0)
(1.9962500000000001 1.25 0)
(2.0121875 -0.0625 0)
(2.0121875 -0.05078125 0)
(2.0121875 -0.041669999999999999 0)
(2.0121875 1.0416700000000001 0)
(2.0121875 1.05078125 0)
(2.0121875 1.0625 0)
(2.0175000000000001 -0.041669999999999999 0)
(2.0175000000000001 -0.0390625 0)
(2.0175000000000001 -0.0258 0)
(2.0175000000000001 -0.012 0)
(2.0175000000000001 0 0)
(2.0175000000000001 1 0)
(2.0175000000000001 1.012 0)
(2.0175000000000001 1.0258 0)
(2.0175000000000001 1.0390625 0)
(2.0175000000000001 1.0416700000000001 0)
(2.0281250000000002 -0.109375 0)
(2.0281250000000002 -0.0859375 0)
(2.0281250000000002 -0.0625 0)
(2.0281250000000002 -0.05078125 0)
(2.0281250000000002 -0.0390625 0)
(2.0281250000000002 -0.02734375 0)
(2.0281250000000002 -0.0258 0)
(2.0281250000000002 1.0258 0)
(2.0281250000000002 1.02734375 0)
(2.0281250000000002 1.0390625 0)
(2.0281250000000002 1.05078125 0)
(2.0281250000000002 1.0625 0)
(2.0281250000000002 1.0859375 0)
(2.0281250000000002 1.109375 0)
(2.0440624999999999 -0.0390625 0)
(2.0440624999999999 -0.02734375 0)
(2.0440624999999999 -0.0258 0)
(2.0440624999999999 1.0258 0)
(2.0440624999999999 1.02734375 0)
(2.0440624999999999 1.0390625 0)
(2.0487500000000001 -0.0258 0)
(2.0487500000000001 -0.015625 0)
(2.0487500000000001 -0.012 0)
(2.0487500000000001 0 0)
(2.0487500000000001 1 0)
(2.0487500000000001 1.012 0)
(2.0487500000000001 1.015625 0)
(2.0487500000000001 1.0258 0)
(2.0600000000000001 -1 0)
(2.0600000000000001 -0.625 0)
(2.0600000000000001 -0.4375 0)
(2.0600000000000001 -0.34375 0)
(2.0600000000000001 -0.25 0)
(2.0600000000000001 -0.203125 0)
(2.0600000000000001 -0.15625 0)
(2.0600000000000001 -0.109375 0)
(2.0600000000000001 -0.0859375 0)
(2.0600000000000001 -0.0625 0)
(2.0600000000000001 -0.0390625 0)
(2.0600000000000001 -0.02734375 0)
(2.0600000000000001 -0.015625 0)
(2.0600000000000001 -0.012 0)
(2.0600000000000001 1.012 0)
(2.0600000000000001 1.015625 0)
(2.0600000000000001 1.02734375 0)
(2.0600000000000001 1.0390625 0)
(2.0600000000000001 1.0625 0)
(2.0600000000000001 1.0859375 0)
(2.0600000000000001 1.109375 0)
(2.0600000000000001 1.15625 0)
(2.0600000000000001 1.203125 0)
(2.0600000000000001 1.25 0)
(2.0600000000000001 1.34375 0)
(2.0600000000000001 1.4375 0)
(2.0600000000000001 1.625 0)
(2.0600000000000001 2 0)
(2.0759375000000002 -0.015625 0)
(2.0759375000000002 -0.012 0)
(2.0759375000000002 1.012 0)
(2.0759375000000002 1.015625 0)
(2.0800000000000001 0 0)
(2.0800000000000001 0.03125 0)
(2.0800000000000001 0.0625 0)
(2.0800000000000001 0.09375 0)
(2.0800000000000001 0.125 0)
(2.0800000000000001 0.15625 0)
(2.0800000000000001 0.1875 0)
(2.0800000000000001 0.21875 0)
(2.0800000000000001 0.25 0)
(2.0800000000000001 0.28125 0)
(2.0800000000000001 0.3125 0)
(2.0800000000000001 0.34375 0)
(2.0800000000000001 0.375 0)
(2.0800000000000001 0.40625 0)
(2.0800000000000001 0.4375 0)
(2.0800000000000001 0.46875 0)
(2.0800000000000001 0.5 0)
(2.0800000000000001 0.53125 0)
(2.0800000000000001 0.5625 0)
(2.0800000000000001 0.59375 0)
(2.0800000000000001 0.625 0)
(2.0800000000000001 0.65625 0)
(2.0800000000000001 0.6875 0)
(2.0800000000000001 0.71875 0)
(2.0800000000000001 0.75 0)
(2.0800000000000001 0.78125 0)
(2.0800000000000001 0.8125 0)
(2.0800000000000001 0.84375 0)
(2.0800000000000001 0.875 0)
(2.0800000000000001 0.90625 0)
(2.0800000000000001 0.9375 0)
(2.0800000000000001 0.96875 0)
(2.0800000000000001 1 0)
(2.0918749999999999 -0.0625 0)
(2.0918749999999999 -0.0390625 0)
(2.0918749999999999 -0.015625 0)
(2.0918749999999999 -0.012 0)
(2.0918749999999999 1.012 0)
(2.0918749999999999 1.015625 0)
(2.0918749999999999 1.0390625 0)
(2.0918749999999999 1.0625 0)
(2.0920000000000001 -0.012 0)
(2.0920000000000001 -0.00390625 0)
(2.0920000000000001 0.0078125 0)
(2.0920000000000001 0.01953125 0)
(2.0920000000000001 0.03125 0)
(2.0920000000000001 0.0625 0)
(2.0920000000000001 0.09375 0)
(2.0920000000000001 0.125 0)
(2.0920000000000001 0.15625 0)
(2.0920000000000001 0.1875 0)
(2.0920000000000001 0.21875 0)
(2.0920000000000001 0.25 0)
(2.0920000000000001 0.28125 0)
(2.0920000000000001 0.3125 0)
(2.0920000000000001 0.34375 0)
(2.0920000000000001 0.375 0)
(2.0920000000000001 0.40625 0)
(2.0920000000000001 0.4375 0)
(2.0920000000000001 0.46875 0)
(2.0920000000000001 0.5 0)
(2.0920000000000001 0.53125 0)
(2.0920000000000001 0.5625 0)
(2.0920000000000001 0.59375 0)
(2.0920000000000001 0.625 0)
(2.0920000000000001 0.65625 0)
(2.0920000000000001 0.6875 0)
(2.0920000000000001 0.71875 0)
(2.0920000000000001 0.75 0)
(2.0920000000000001 0.78125 0)
(2.0920000000000001 0.8125 0)
(2.0920000000000001 0.84375 0)
(2.0920000000000001 0.875 0)
(2.0920000000000001 0.90625 0)
(2.0920000000000001 0.9375 0)
(2.0920000000000001 0.96875 0)
(2.0920000000000001 0.98046875 0)
(2.0920000000000001 0.9921875 0)
(2.0920000000000001 1.00390625 0)
(2.0920000000000001 1.012 0)
(2.1057999999999999 0.03125 0)
(2.1057999999999999 0.04296875 0)
(2.1057999999999999 0.0546875 0)
(2.1057999999999999 0.0625 0)
(2.1057999999999999 0.09375 0)
(2.1057999999999999 0.125 0)
(2.1057999999999999 0.15625 0)
(2.1057999999999999 0.1875 0)
(2.1057999999999999 0.21875 0)
(2.1057999999999999 0.25 0)
(2.1057999999999999 0.28125 0)
(2.1057999999999999 0.3125 0)
(2.1057999999999999 0.34375 0)
(2.1057999999999999 0.375 0)
(2.1057999999999999 0.40625 0)
(2.1057999999999999 0.4375 0)
(2.1057999999999999 0.46875 0)
(2.1057999999999999 0.5 0)
(2.1057999999999999 0.53125 0)
(2.1057999999999999 0.5625 0)
(2.1057999999999999 0.59375 0)
(2.1057999999999999 0.625 0)
(2.1057999999999999 0.65625 0)
(2.1057999999999999 0.6875 0)
(2.1057999999999999 0.71875 0)
(2.1057999999999999 0.75 0)
(2.1057999999999999 0.78125 0)
(2.1057999999999999 0.8125 0)
(2.1057999999999999 0.84375 0)
(2.1057999999999999 0.875 0)
(2.1057999999999999 0.90625 0)
(2.1057999999999999 0.9375 0)
(2.1057999999999999 0.9453125 0)
(2.1057999999999999 0.95703125 0)
(2.1057999999999999 0.96875 0)
(2.1078125000000001 -0.015625 0)
(2.1078125000000001 -0.00390625 0)
(2.1078125000000001 0.0078125 0)
(2.1078125000000001 0.01953125 0)
(2.1078125000000001 0.03125 0)
(2.1078125000000001 0.04296875 0)
(2.1078125000000001 0.0546875 0)
(2.1078125000000001 0.9453125 0)
(2.1078125000000001 0.95703125 0)
(2.1078125000000001 0.96875 0)
(2.1078125000000001 0.98046875 0)
(2.1078125000000001 0.9921875 0)
(2.1078125000000001 1.00390625 0)
(2.1078125000000001 1.015625 0)
(2.1216699999999999 0.0625 0)
(2.1216699999999999 0.06640625 0)
(2.1216699999999999 0.078125 0)
(2.1216699999999999 0.08984375 0)
(2.1216699999999999 0.09375 0)
(2.1216699999999999 0.125 0)
(2.1216699999999999 0.15625 0)
(2.1216699999999999 0.1875 0)
(2.1216699999999999 0.21875 0)
(2.1216699999999999 0.25 0)
(2.1216699999999999 0.28125 0)
(2.1216699999999999 0.3125 0)
(2.1216699999999999 0.34375 0)
(2.1216699999999999 0.375 0)
(2.1216699999999999 0.40625 0)
(2.1216699999999999 0.4375 0)
(2.1216699999999999 0.46875 0)
(2.1216699999999999 0.5 0)
(2.1216699999999999 0.53125 0)
(2.1216699999999999 0.5625 0)
(2.1216699999999999 0.59375 0)
(2.1216699999999999 0.625 0)
(2.1216699999999999 0.65625 0)
(2.1216699999999999 0.6875 0)
(2.1216699999999999 0.71875 0)
(2.1216699999999999 0.75 0)
(2.1216699999999999 0.78125 0)
(2.1216699999999999 0.8125 0)
(2.1216699999999999 0.84375 0)
(2.1216699999999999 0.875 0)
(2.1216699999999999 0.90625 0)
(2.1216699999999999 0.91015625 0)
(2.1216699999999999 0.921875 0)
(2.1216699999999999 0.93359375 0)
(2.1216699999999999 0.9375 0)
(2.1237500000000002 -0.15625 0)
(2.1237500000000002 -0.109375 0)
(2.1237500000000002 -0.0625 0)
(2.1237500000000002 -0.0390625 0)
(2.1237500000000002 -0.015625 0)
(2.1237500000000002 -0.00390625 0)
(2.1237500000000002 0.0078125 0)
(2.1237500000000002 0.01953125 0)
(2.1237500000000002 0.03125 0)
(2.1237500000000002 0.04296875 0)
(2.1237500000000002 0.0546875 0)
(2.1237500000000002 0.06640625 0)
(2.1237500000000002 0.078125 0)
(2.1237500000000002 0.08984375 0)
(2.1237500000000002 0.91015625 0)
(2.1237500000000002 0.921875 0)
(2.1237500000000002 0.93359375 0)
(2.1237500000000002 0.9453125 0)
(2.1237500000000002 0.95703125 0)
(2.1237500000000002 0.96875 0)
(2.1237500000000002 0.98046875 0)
(2.1237500000000002 0.9921875 0)
(2.1237500000000002 1.00390625 0)
(2.1237500000000002 1.015625 0)
(2.1237500000000002 1.0390625 0)
(2.1237500000000002 1.0625 0)
(2.1237500000000002 1.109375 0)
(2.1237500000000002 1.15625 0)
(2.1396875 0.078125 0)
(2.1396875 0.08984375 0)
(2.1396875 0.09375 0)
(2.1396875 0.90625 0)
(2.1396875 0.91015625 0)
(2.1396875 0.921875 0)
(2.1399205000000001 0.09375 0)
(2.1399205000000001 0.1015625 0)
(2.1399205000000001 0.11328125 0)
(2.1399205000000001 0.125 0)
(2.1399205000000001 0.15625 0)
(2.1399205000000001 0.1875 0)
(2.1399205000000001 0.21875 0)
(2.1399205000000001 0.25 0)
(2.1399205000000001 0.28125 0)
(2.1399205000000001 0.3125 0)
(2.1399205000000001 0.34375 0)
(2.1399205000000001 0.375 0)
(2.1399205000000001 0.40625 0)
(2.1399205000000001 0.4375 0)
(2.1399205000000001 0.46875 0)
(2.1399205000000001 0.5 0)
(2.1399205000000001 0.53125 0)
(2.1399205000000001 0.5625 0)
(2.1399205000000001 0.59375 0)
(2.1399205000000001 0.625 0)
(2.1399205000000001 0.65625 0)
(2.1399205000000001 0.6875 0)
(2.1399205000000001 0.71875 0)
(2.1399205000000001 0.75 0)
(2.1399205000000001 0.78125 0)
(2.1399205000000001 0.8125 0)
(2.1399205000000001 0.84375 0)
(2.1399205000000001 0.875 0)
(2.1399205000000001 0.88671875 0)
(2.1399205000000001 0.8984375 0)
(2.1399205000000001 0.90625 0)
(2.1556250000000001 -0.015625 0)
(2.1556250000000001 0.0078125 0)
(2.1556250000000001 0.03125 0)
(2.1556250000000001 0.0546875 0)
(2.1556250000000001 0.078125 0)
(2.1556250000000001 0.08984375 0)
(2.1556250000000001 0.1015625 0)
(2.1556250000000001 0.11328125 0)
(2.1556250000000001 0.125 0)
(2.1556250000000001 0.875 0)
(2.1556250000000001 0.88671875 0)
(2.1556250000000001 0.8984375 0)
(2.1556250000000001 0.91015625 0)
(2.1556250000000001 0.921875 0)
(2.1556250000000001 0.9453125 0)
(2.1556250000000001 0.96875 0)
(2.1556250000000001 0.9921875 0)
(2.1556250000000001 1.015625 0)
(2.1581710000000003 0.125 0)
(2.1581710000000003 0.13671875 0)
(2.1581710000000003 0.1484375 0)
(2.1581710000000003 0.15625 0)
(2.1581710000000003 0.1875 0)
(2.1581710000000003 0.21875 0)
(2.1581710000000003 0.25 0)
(2.1581710000000003 0.28125 0)
(2.1581710000000003 0.3125 0)
(2.1581710000000003 0.34375 0)
(2.1581710000000003 0.375 0)
(2.1581710000000003 0.40625 0)
(2.1581710000000003 0.4375 0)
(2.1581710000000003 0.46875 0)
(2.1581710000000003 0.5 0)
(2.1581710000000003 0.53125 0)
(2.1581710000000003 0.5625 0)
(2.1581710000000003 0.59375 0)
(2.1581710000000003 0.625 0)
(2.1581710000000003 0.65625 0)
(2.1581710000000003 0.6875 0)
(2.1581710000000003 0.71875 0)
(2.1581710000000003 0.75 0)
(2.1581710000000003 0.78125 0)
(2.1581710000000003 0.8125 0)
(2.1581710000000003 0.84375 0)
(2.1581710000000003 0.8515625 0)
(2.1581710000000003 0.86328125 0)
(2.1581710000000003 0.875 0)
(2.1715624999999998 0.1015625 0)
(2.1715624999999998 0.11328125 0)
(2.1715624999999998 0.125 0)
(2.1715624999999998 0.13671875 0)
(2.1715624999999998 0.1484375 0)
(2.1715624999999998 0.15625 0)
(2.1715624999999998 0.84375 0)
(2.1715624999999998 0.8515625 0)
(2.1715624999999998 0.86328125 0)
(2.1715624999999998 0.875 0)
(2.1715624999999998 0.88671875 0)
(2.1715624999999998 0.8984375 0)
(2.1864592750000003 0.15625 0)
(2.1864592750000003 0.16015625 0)
(2.1864592750000003 0.171875 0)
(2.1864592750000003 0.18359375 0)
(2.1864592750000003 0.1875 0)
(2.1864592750000003 0.21875 0)
(2.1864592750000003 0.25 0)
(2.1864592750000003 0.28125 0)
(2.1864592750000003 0.3125 0)
(2.1864592750000003 0.34375 0)
(2.1864592750000003 0.375 0)
(2.1864592750000003 0.40625 0)
(2.1864592750000003 0.4375 0)
(2.1864592750000003 0.46875 0)
(2.1864592750000003 0.5 0)
(2.1864592750000003 0.53125 0)
(2.1864592750000003 0.5625 0)
(2.1864592750000003 0.59375 0)
(2.1864592750000003 0.625 0)
(2.1864592750000003 0.65625 0)
(2.1864592750000003 0.6875 0)
(2.1864592750000003 0.71875 0)
(2.1864592750000003 0.75 0)
(2.1864592750000003 0.78125 0)
(2.1864592750000003 0.8125 0)
(2.1864592750000003 0.81640625 0)
(2.1864592750000003 0.828125 0)
(2.1864592750000003 0.83984375 0)
(2.1864592750000003 0.84375 0)
(2.1875 -0.25 0)
(2.1875 -0.15625 0)
(2.1875 -0.109375 0)
(2.1875 -0.0625 0)
(2.1875 -0.015625 0)
(2.1875 0.0078125 0)
(2.1875 0.03125 0)
(2.1875 0.0546875 0)
(2.1875 0.078125 0)
(2.1875 0.1015625 0)
(2.1875 0.11328125 0)
(2.1875 0.125 0)
(2.1875 0.13671875 0)
(2.1875 0.1484375 0)
(2.1875 0.16015625 0)
(2.1875 0.83984375 0)
(2.1875 0.8515625 0)
(2.1875 0.86328125 0)
(2.1875 0.875 0)
(2.1875 0.88671875 0)
(2.1875 0.8984375 0)
(2.1875 0.921875 0)
(2.1875 0.9453125 0)
(2.1875 0.96875 0)
(2.1875 0.9921875 0)
(2.1875 1.015625 0)
(2.1875 1.0625 0)
(2.1875 1.109375 0)
(2.1875 1.15625 0)
(2.1875 1.25 0)
(2.2034375000000002 0.171875 0)
(2.2034375000000002 0.18359375 0)
(2.2034375000000002 0.1875 0)
(2.2034375000000002 0.8125 0)
(2.2034375000000002 0.81640625 0)
(2.2034375000000002 0.828125 0)
(2.2193749999999999 0.078125 0)
(2.2193749999999999 0.1015625 0)
(2.2193749999999999 0.125 0)
(2.2193749999999999 0.1484375 0)
(2.2193749999999999 0.171875 0)
(2.2193749999999999 0.18359375 0)
(2.2193749999999999 0.1875 0)
(2.2193749999999999 0.8125 0)
(2.2193749999999999 0.81640625 0)
(2.2193749999999999 0.828125 0)
(2.2193749999999999 0.8515625 0)
(2.2193749999999999 0.875 0)
(2.2193749999999999 0.8984375 0)
(2.2193749999999999 0.921875 0)
(2.2303061012500001 0.1875 0)
(2.2303061012500001 0.1953125 0)
(2.2303061012500001 0.20703125 0)
(2.2303061012500001 0.21875 0)
(2.2303061012500001 0.23046875 0)
(2.2303061012500001 0.2421875 0)
(2.2303061012500001 0.25 0)
(2.2303061012500001 0.25390625 0)
(2.2303061012500001 0.265625 0)
(2.2303061012500001 0.27734375 0)
(2.2303061012500001 0.28125 0)
(2.2303061012500001 0.2890625 0)
(2.2303061012500001 0.30078125 0)
(2.2303061012500001 0.3125 0)
(2.2303061012500001 0.32421875 0)
(2.2303061012500001 0.3359375 0)
(2.2303061012500001 0.34375 0)
(2.2303061012500001 0.34765625 0)
(2.2303061012500001 0.359375 0)
(2.2303061012500001 0.37109375 0)
(2.2303061012500001 0.375 0)
(2.2303061012500001 0.3828125 0)
(2.2303061012500001 0.39453125 0)
(2.2303061012500001 0.40625 0)
(2.2303061012500001 0.41796875 0)
(2.2303061012500001 0.4296875 0)
(2.2303061012500001 0.4375 0)
(2.2303061012500001 0.44140625 0)
(2.2303061012500001 0.453125 0)
(2.2303061012500001 0.46484375 0)
(2.2303061012500001 0.46875 0)
(2.2303061012500001 0.4765625 0)
(2.2303061012500001 0.48828125 0)
(2.2303061012500001 0.5 0)
(2.2303061012500001 0.51171875 0)
(2.2303061012500001 0.5234375 0)
(2.2303061012500001 0.53125 0)
(2.2303061012500001 0.53515625 0)
(2.2303061012500001 0.546875 0)
(2.2303061012500001 0.55859375 0)
(2.2303061012500001 0.5625 0)
(2.2303061012500001 0.5703125 0)
(2.2303061012500001 0.58203125 0)
(2.2303061012500001 0.59375 0)
(2.2303061012500001 0.60546875 0)
(2.2303061012500001 0.6171875 0)
(2.2303061012500001 0.625 0)
(2.2303061012500001 0.62890625 0)
(2.2303061012500001 0.640625 0)
(2.2303061012500001 0.65234375 0)
(2.2303061012500001 0.65625 0)
(2.2303061012500001 0.6640625 0)
(2.2303061012500001 0.67578125 0)
(2.2303061012500001 0.6875 0)
(2.2303061012500001 0.69921875 0)
(2.2303061012500001 0.7109375 0)
(2.2303061012500001 0.71875 0)
(2.2303061012500001 0.72265625 0)
(2.2303061012500001 0.734375 0)
(2.2303061012500001 0.74609375 0)
(2.2303061012500001 0.75 0)
(2.2303061012500001 0.7578125 0)
(2.2303061012500001 0.76953125 0)
(2.2303061012500001 0.78125 0)
(2.2303061012500001 0.79296875 0)
(2.2303061012500001 0.8046875 0)
(2.2303061012500001 0.8125 0)
(2.2353125 0.171875 0)
(2.2353125 0.18359375 0)
(2.2353125 0.1953125 0)
(2.2353125 0.20703125 0)
(2.2353125 0.21875 0)
(2.2353125 0.23046875 0)
(2.2353125 0.2421875 0)
(2.2353125 0.25390625 0)
(2.2353125 0.265625 0)
(2.2353125 0.27734375 0)
(2.2353125 0.2890625 0)
(2.2353125 0.30078125 0)
(2.2353125 0.3125 0)
(2.2353125 0.32421875 0)
(2.2353125 0.3359375 0)
(2.2353125 0.34765625 0)
(2.2353125 0.359375 0)
(2.2353125 0.37109375 0)
(2.2353125 0.3828125 0)
(2.2353125 0.39453125 0)
(2.2353125 0.40625 0)
(2.2353125 0.41796875 0)
(2.2353125 0.4296875 0)
(2.2353125 0.44140625 0)
(2.2353125 0.453125 0)
(2.2353125 0.46484375 0)
(2.2353125 0.4765625 0)
(2.2353125 0.48828125 0)
(2.2353125 0.5 0)
(2.2353125 0.51171875 0)
(2.2353125 0.5234375 0)
(2.2353125 0.53515625 0)
(2.2353125 0.546875 0)
(2.2353125 0.55859375 0)
(2.2353125 0.5703125 0)
(2.2353125 0.58203125 0)
(2.2353125 0.59375 0)
(2.2353125 0.60546875 0)
(2.2353125 0.6171875 0)
(2.2353125 0.62890625 0)
(2.2353125 0.640625 0)
(2.2353125 0.65234375 0)
(2.2353125 0.6640625 0)
(2.2353125 0.67578125 0)
(2.2353125 0.6875 0)
(2.2353125 0.69921875 0)
(2.2353125 0.7109375 0)
(2.2353125 0.72265625 0)
(2.2353125 0.734375 0)
(2.2353125 0.74609375 0)
(2.2353125 0.7578125 0)
(2.2353125 0.76953125 0)
(2.2353125 0.78125 0)
(2.2353125 0.79296875 0)
(2.2353125 0.8046875 0)
(2.2353125 0.81640625 0)
(2.2353125 0.828125 0)
(2.2512500000000002 -0.0625 0)
(2.2512500000000002 -0.015625 0)
(2.2512500000000002 0.03125 0)
(2.2512500000000002 0.078125 0)
(2.2512500000000002 0.1015625 0)
(2.2512500000000002 0.125 0)
(2.2512500000000002 0.1484375 0)
(2.2512500000000002 0.171875 0)
(2.2512500000000002 0.18359375 0)
(2.2512500000000002 0.1953125 0)
(2.2512500000000002 0.20703125 0)
(2.2512500000000002 0.21875 0)
(2.2512500000000002 0.23046875 0)
(2.2512500000000002 0.2421875 0)
(2.2512500000000002 0.25390625 0)
(2.2512500000000002 0.265625 0)
(2.2512500000000002 0.27734375 0)
(2.2512500000000002 0.2890625 0)
(2.2512500000000002 0.30078125 0)
(2.2512500000000002 0.3125 0)
(2.2512500000000002 0.32421875 0)
(2.2512500000000002 0.3359375 0)
(2.2512500000000002 0.34765625 0)
(2.2512500000000002 0.359375 0)
(2.2512500000000002 0.37109375 0)
(2.2512500000000002 0.3828125 0)
(2.2512500000000002 0.39453125 0)
(2.2512500000000002 0.40625 0)
(2.2512500000000002 0.41796875 0)
(2.2512500000000002 0.4296875 0)
(2.2512500000000002 0.44140625 0)
(2.2512500000000002 0.453125 0)
(2.2512500000000002 0.46484375 0)
(2.2512500000000002 0.4765625 0)
(2.2512500000000002 0.48828125 0)
(2.2512500000000002 0.5 0)
(2.2512500000000002 0.51171875 0)
(2.2512500000000002 0.5234375 0)
(2.2512500000000002 0.53515625 0)
(2.2512500000000002 0.546875 0)
(2.2512500000000002 0.55859375 0)
(2.2512500000000002 0.5703125 0)
(2.2512500000000002 0.58203125 0)
(2.2512500000000002 0.59375 0)
(2.2512500000000002 0.60546875 0)
(2.2512500000000002 0.6171875 0)
(2.2512500000000002 0.62890625 0)
(2.2512500000000002 0.640625 0)
(2.2512500000000002 0.65234375 0)
(2.2512500000000002 0.6640625 0)
(2.2512500000000002 0.67578125 0)
(2.2512500000000002 0.6875 0)
(2.2512500000000002 0.69921875 0)
(2.2512500000000002 0.7109375 0)
(2.2512500000000002 0.72265625 0)
(2.2512500000000002 0.734375 0)
(2.2512500000000002 0.74609375 0)
(2.2512500000000002 0.7578125 0)
(2.2512500000000002 0.76953125 0)
(2.2512500000000002 0.78125 0)
(2.2512500000000002 0.79296875 0)
(2.2512500000000002 0.8046875 0)
(2.2512500000000002 0.81640625 0)
(2.2512500000000002 0.828125 0)
(2.2512500000000002 0.8515625 0)
(2.2512500000000002 0.875 0)
(2.2512500000000002 0.8984375 0)
(2.2512500000000002 0.921875 0)
(2.2512500000000002 0.96875 0)
(2.2512500000000002 1.015625 0)
(2.2512500000000002 1.0625 0)
(2.2831250000000001 0.171875 0)
(2.2831250000000001 0.1953125 0)
(2.2831250000000001 0.21875 0)
(2.2831250000000001 0.2421875 0)
(2.2831250000000001 0.265625 0)
(2.2831250000000001 0.2890625 0)
(2.2831250000000001 0.3125 0)
(2.2831250000000001 0.3359375 0)
(2.2831250000000001 0.359375 0)
(2.2831250000000001 0.3828125 0)
(2.2831250000000001 0.40625 0)
(2.2831250000000001 0.4296875 0)
(2.2831250000000001 0.453125 0)
(2.2831250000000001 0.4765625 0)
(2.2831250000000001 0.5 0)
(2.2831250000000001 0.5234375 0)
(2.2831250000000001 0.546875 0)
(2.2831250000000001 0.5703125 0)
(2.2831250000000001 0.59375 0)
(2.2831250000000001 0.6171875 0)
(2.2831250000000001 0.640625 0)
(2.2831250000000001 0.6640625 0)
(2.2831250000000001 0.6875 0)
(2.2831250000000001 0.7109375 0)
(2.2831250000000001 0.734375 0)
(2.2831250000000001 0.7578125 0)
(2.2831250000000001 0.78125 0)
(2.2831250000000001 0.8046875 0)
(2.2831250000000001 0.828125 0)
(2.3149999999999999 -0.625 0)
(2.3149999999999999 -0.4375 0)
(2.3149999999999999 -0.25 0)
(2.3149999999999999 -0.15625 0)
(2.3149999999999999 -0.0625 0)
(2.3149999999999999 -0.015625 0)
(2.3149999999999999 0.03125 0)
(2.3149999999999999 0.078125 0)
(2.3149999999999999 0.125 0)
(2.3149999999999999 0.171875 0)
(2.3149999999999999 0.1953125 0)
(2.3149999999999999 0.21875 0)
(2.3149999999999999 0.2421875 0)
(2.3149999999999999 0.265625 0)
(2.3149999999999999 0.2890625 0)
(2.3149999999999999 0.3125 0)
(2.3149999999999999 0.3359375 0)
(2.3149999999999999 0.359375 0)
(2.3149999999999999 0.3828125 0)
(2.3149999999999999 0.40625 0)
(2.3149999999999999 0.4296875 0)
(2.3149999999999999 0.453125 0)
(2.3149999999999999 0.4765625 0)
(2.3149999999999999 0.5 0)
(2.3149999999999999 0.5234375 0)
(2.3149999999999999 0.546875 0)
(2.3149999999999999 0.5703125 0)
(2.3149999999999999 0.59375 0)
(2.3149999999999999 0.6171875 0)
(2.3149999999999999 0.640625 0)
(2.3149999999999999 0.6640625 0)
(2.3149999999999999 0.6875 0)
(2.3149999999999999 0.7109375 0)
(2.3149999999999999 0.734375 0)
(2.3149999999999999 0.7578125 0)
(2.3149999999999999 0.78125 0)
(2.3149999999999999 0.8046875 0)
(2.3149999999999999 0.828125 0)
(2.3149999999999999 0.875 0)
(2.3149999999999999 0.921875 0)
(2.3149999999999999 0.96875 0)
(2.3149999999999999 1.015625 0)
(2.3149999999999999 1.0625 0)
(2.3149999999999999 1.15625 0)
(2.3149999999999999 1.25 0)
(2.3149999999999999 1.4375 0)
(2.3149999999999999 1.625 0)
(2.3787500000000001 0.125 0)
(2.3787500000000001 0.171875 0)
(2.3787500000000001 0.21875 0)
(2.3787500000000001 0.265625 0)
(2.3787500000000001 0.3125 0)
(2.3787500000000001 0.359375 0)
(2.3787500000000001 0.40625 0)
(2.3787500000000001 0.453125 0)
(2.3787500000000001 0.5 0)
(2.3787500000000001 0.546875 0)
(2.3787500000000001 0.59375 0)
(2.3787500000000001 0.640625 0)
(2.3787500000000001 0.6875 0)
(2.3787500000000001 0.734375 0)
(2.3787500000000001 0.78125 0)
(2.3787500000000001 0.828125 0)
(2.3787500000000001 0.875 0)
(2.4424999999999999 -0.0625 0)
(2.4424999999999999 0.03125 0)
(2.4424999999999999 0.125 0)
(2.4424999999999999 0.171875 0)
(2.4424999999999999 0.21875 0)
(2.4424999999999999 0.265625 0)
(2.4424999999999999 0.3125 0)
(2.4424999999999999 0.359375 0)
(2.4424999999999999 0.40625 0)
(2.4424999999999999 0.453125 0)
(2.4424999999999999 0.5 0)
(2.4424999999999999 0.546875 0)
(2.4424999999999999 0.59375 0)
(2.4424999999999999 0.640625 0)
(2.4424999999999999 0.6875 0)
(2.4424999999999999 0.734375 0)
(2.4424999999999999 0.78125 0)
(2.4424999999999999 0.828125 0)
(2.4424999999999999 0.875 0)
(2.4424999999999999 0.96875 0)
(2.4424999999999999 1.0625 0)
(2.5700000000000003 -1 0)
(2.5700000000000003 -0.625 0)
(2.5700000000000003 -0.4375 0)
(2.5700000000000003 -0.25 0)
(2.5700000000000003 -0.0625 0)
(2.5700000000000003 0.03125 0)
(2.5700000000000003 0.125 0)
(2.5700000000000003 0.21875 0)
(2.5700000000000003 0.3125 0)
(2.5700000000000003 0.40625 0)
(2.5700000000000003 0.5 0)
(2.5700000000000003 0.59375 0)
(2.5700000000000003 0.6875 0)
(2.5700000000000003 0.78125 0)
(2.5700000000000003 0.875 0)
(2.5700000000000003 0.96875 0)
(2.5700000000000003 1.0625 0)
(2.5700000000000003 1.25 0)
(2.5700000000000003 1.4375 0)
(2.5700000000000003 1.625 0)
(2.5700000000000003 2 0)
(2.8250000000000002 -0.25 0)
(2.8250000000000002 -0.0625 0)
(2.8250000000000002 0.125 0)
(2.8250000000000002 0.3125 0)
(2.8250000000000002 0.5 0)
(2.8250000000000002 0.6875 0)
(2.8250000000000002 0.875 0)
(2.8250000000000002 1.0625 0)
(2.8250000000000002 1.25 0)
(3.0800000000000001 -1 0)
(3.0800000000000001 -0.625 0)
(3.0800000000000001 -0.25 0)
(3.0800000000000001 -0.0625 0)
(3.0800000000000001 0.125 0)
(3.0800000000000001 0.3125 0)
(3.0800000000000001 0.5 0)
(3.0800000000000001 0.6875 0)
(3.0800000000000001 0.875 0)
(3.0800000000000001 1.0625 0)
(3.0800000000000001 1.25 0)
(3.0800000000000001 1.625 0)
(3.0800000000000001 2 0)
(-1 -1 0.01)
(-1 -0.625 0.01)
(-1 -0.25 0.01)
(-1 -0.0625 0.01)
(-1 0.125 0.01)
(-1 0.3125 0.01)
(-1 0.5 0.01)
(-1 0.6875 0.01)
(-1 0.875 0.01)
(-1 1.0625 0.01)
(-1 1.25 0.01)
(-1 1.625 0.01)
(-1 2 0.01)
(-0.745 -0.25 0.01)
(-0.745 -0.0625 0.01)
(-0.745 0.125 0.01)
(-0.745 0.3125 0.01)
(-0.745 0.5 0.01)
(-0.745 0.6875 0.01)
(-0.745 0.875 0.01)
(-0.745 1.0625 0.01)
(-0.745 1.25 0.01)
(-0.48999999999999999 -1 0.01)
(-0.48999999999999999 -0.625 0.01)
(-0.48999999999999999 -0.4375 0.01)
(-0.48999999999999999 -0.25 0.01)
(-0.48999999999999999 -0.0625 0.01)
(-0.48999999999999999 0.03125 0.01)
(-0.48999999999999999 0.125 0.01)
(-0.48999999999999999 0.21875 0.01)
(-0.48999999999999999 0.3125 0.01)
(-0.48999999999999999 0.40625 0.01)
(-0.48999999999999999 0.5 0.01)
(-0.48999999999999999 0.59375 0.01)
(-0.48999999999999999 0.6875 0.01)
(-0.48999999999999999 0.78125 0.01)
(-0.48999999999999999 0.875 0.01)
(-0.48999999999999999 0.96875 0.01)
(-0.48999999999999999 1.0625 0.01)
(-0.48999999999999999 1.25 0.01)
(-0.48999999999999999 1.4375 0.01)
(-0.48999999999999999 1.625 0.01)
(-0.48999999999999999 2 0.01)
(-0.36249999999999999 -0.0625 0.01)
(-0.36249999999999999 0.03125 0.01)
(-0.36249999999999999 0.125 0.01)
(-0.36249999999999999 0.171875 0.01)
(-0.36249999999999999 0.21875 0.01)
(-0.36249999999999999 0.265625 0.01)
(-0.36249999999999999 0.3125 0.01)
(-0.36249999999999999 0.359375 0.01)
(-0.36249999999999999 0.40625 0.01)
(-0.36249999999999999 0.453125 0.01)
(-0.36249999999999999 0.5 0.01)
(-0.36249999999999999 0.546875 0.01)
(-0.36249999999999999 0.59375 0.01)
(-0.36249999999999999 0.640625 0.01)
(-0.36249999999999999 0.6875 0.01)
(-0.36249999999999999 0.734375 0.01)
(-0.36249999999999999 0.78125 0.01)
(-0.36249999999999999 0.828125 0.01)
(-0.36249999999999999 0.875 0.01)
(-0.36249999999999999 0.96875 0.01)
(-0.36249999999999999 1.0625 0.01)
(-0.29874999999999996 0.125 0.01)
(-0.29874999999999996 0.171875 0.01)
(-0.29874999999999996 0.21875 0.01)
(-0.29874999999999996 0.265625 0.01)
(-0.29874999999999996 0.3125 0.01)
(-0.29874999999999996 0.359375 0.01)
(-0.29874999999999996 0.40625 0.01)
(-0.29874999999999996 0.453125 0.01)
(-0.29874999999999996 0.5 0.01)
(-0.29874999999999996 0.546875 0.01)
(-0.29874999999999996 0.59375 0.01)
(-0.29874999999999996 0.640625 0.01)
(-0.29874999999999996 0.6875 0.01)
(-0.29874999999999996 0.734375 0.01)
(-0.29874999999999996 0.78125 0.01)
(-0.29874999999999996 0.828125 0.01)
(-0.29874999999999996 0.875 0.01)
(-0.23499999999999999 -0.625 0.01)
(-0.23499999999999999 -0.4375 0.01)
(-0.23499999999999999 -0.25 0.01)
(-0.23499999999999999 -0.15625 0.01)
(-0.23499999999999999 -0.0625 0.01)
(-0.23499999999999999 -0.015625 0.01)
(-0.23499999999999999 0.03125 0.01)
(-0.23499999999999999 0.078125 0.01)
(-0.23499999999999999 0.125 0.01)
(-0.23499999999999999 0.171875 0.01)
(-0.23499999999999999 0.1953125 0.01)
(-0.23499999999999999 0.21875 0.01)
(-0.23499999999999999 0.2421875 0.01)
(-0.23499999999999999 0.265625 0.01)
(-0.23499999999999999 0.2890625 0.01)
(-0.23499999999999999 0.3125 0.01)
(-0.23499999999999999 0.3359375 0.01)
(-0.23499999999999999 0.359375 0.01)
(-0.23499999999999999 0.3828125 0.01)
(-0.23499999999999999 0.40625 0.01)
(-0.23499999999999999 0.4296875 0.01)
(-0.23499999999999999 0.453125 0.01)
(-0.23499999999999999 0.4765625 0.01)
(-0.23499999999999999 0.5 0.01)
(-0.23499999999999999 0.5234375 0.01)
(-0.23499999999999999 0.546875 0.01)
(-0.23499999999999999 0.5703125 0.01)
(-0.23499999999999999 0.59375 0.01)
(-0.23499999999999999 0.6171875 0.01)
(-0.23499999999999999 0.640625 0.01)
(-0.23499999999999999 0.6640625 0.01)
(-0.23499999999999999 0.6875 0.01)
(-0.23499999999999999 0.7109375 0.01)
(-0.23499999999999999 0.734375 0.01)
(-0.23499999999999999 0.7578125 0.01)
(-0.23499999999999999 0.78125 0.01)
(-0.23499999999999999 0.8046875 0.01)
(-0.23499999999999999 0.828125 0.01)
(-0.23499999999999999 0.875 0.01)
(-0.23499999999999999 0.921875 0.01)
(-0.23499999999999999 0.96875 0.01)
(-0.23499999999999999 1.015625 0.01)
(-0.23499999999999999 1.0625 0.01)
(-0.23499999999999999 1.15625 0.01)
(-0.23499999999999999 1.25 0.01)
(-0.23499999999999999 1.4375 0.01)
(-0.23499999999999999 1.625 0.01)
(-0.203125 0.171875 0.01)
(-0.203125 0.1953125 0.01)
(-0.203125 0.21875 0.01)
(-0.203125 0.2421875 0.01)
(-0.203125 0.265625 0.01)
(-0.203125 0.2890625 0.01)
(-0.203125 0.3125 0.01)
(-0.203125 0.3359375 0.01)
(-0.203125 0.359375 0.01)
(-0.203125 0.3828125 0.01)
(-0.203125 0.40625 0.01)
(-0.203125 0.4296875 0.01)
(-0.203125 0.453125 0.01)
(-0.203125 0.4765625 0.01)
(-0.203125 0.5 0.01)
(-0.203125 0.5234375 0.01)
(-0.203125 0.546875 0.01)
(-0.203125 0.5703125 0.01)
(-0.203125 0.59375 0.01)
(-0.203125 0.6171875 0.01)
(-0.203125 0.640625 0.01)
(-0.203125 0.6640625 0.01)
(-0.203125 0.6875 0.01)
(-0.203125 0.7109375 0.01)
(-0.203125 0.734375 0.01)
(-0.203125 0.7578125 0.01)
(-0.203125 0.78125 0.01)
(-0.203125 0.8046875 0.01)
(-0.203125 0.828125 0.01)
(-0.17124999999999999 -0.0625 0.01)
(-0.17124999999999999 -0.015625 0.01)
(-0.17124999999999999 0.03125 0.01)
(-0.17124999999999999 0.078125 0.01)
(-0.17124999999999999 0.1015625 0.01)
(-0.17124999999999999 0.125 0.01)
(-0.17124999999999999 0.1484375 0.01)
(-0.17124999999999999 0.171875 0.01)
(-0.17124999999999999 0.18359375 0.01)
(-0.17124999999999999 0.1953125 0.01)
(-0.17124999999999999 0.20703125 0.01)
(-0.17124999999999999 0.21875 0.01)
(-0.17124999999999999 0.23046875 0.01)
(-0.17124999999999999 0.2421875 0.01)
(-0.17124999999999999 0.25390625 0.01)
(-0.17124999999999999 0.265625 0.01)
(-0.17124999999999999 0.27734375 0.01)
(-0.17124999999999999 0.2890625 0.01)
(-0.17124999999999999 0.30078125 0.01)
(-0.17124999999999999 0.3125 0.01)
(-0.17124999999999999 0.32421875 0.01)
(-0.17124999999999999 0.3359375 0.01)
(-0.17124999999999999 0.34765625 0.01)
(-0.17124999999999999 0.359375 0.01)
(-0.17124999999999999 0.37109375 0.01)
(-0.17124999999999999 0.3828125 0.01)
(-0.17124999999999999 0.39453125 0.01)
(-0.17124999999999999 0.40625 0.01)
(-0.17124999999999999 0.41796875 0.01)
(-0.17124999999999999 0.4296875 0.01)
(-0.17124999999999999 0.44140625 0.01)
(-0.17124999999999999 0.453125 0.01)
(-0.17124999999999999 0.46484375 0.01)
(-0.17124999999999999 0.4765625 0.01)
(-0.17124999999999999 0.48828125 0.01)
(-0.17124999999999999 0.5 0.01)
(-0.17124999999999999 0.51171875 0.01)
(-0.17124999999999999 0.5234375 0.01)
(-0.17124999999999999 0.53515625 0.01)
(-0.17124999999999999 0.546875 0.01)
(-0.17124999999999999 0.55859375 0.01)
(-0.17124999999999999 0.5703125 0.01)
(-0.17124999999999999 0.58203125 0.01)
(-0.17124999999999999 0.59375 0.01)
(-0.17124999999999999 0.60546875 0.01)
(-0.17124999999999999 0.6171875 0.01)
(-0.17124999999999999 0.62890625 0.01)
(-0.17124999999999999 0.640625 0.01)
(-0.17124999999999999 0.65234375 0.01)
(-0.17124999999999999 0.6640625 0.01)
(-0.17124999999999999 0.67578125 0.01)
(-0.17124999999999999 0.6875 0.01)
(-0.17124999999999999 0.69921875 0.01)
(-0.17124999999999999 0.7109375 0.01)
(-0.17124999999999999 0.72265625 0.01)
(-0.17124999999999999 0.734375 0.01)
(-0.17124999999999999 0.74609375 0.01)
(-0.17124999999999999 0.7578125 0.01)
(-0.17124999999999999 0.76953125 0.01)
(-0.17124999999999999 0.78125 0.01)
(-0.17124999999999999 0.79296875 0.01)
(-0.17124999999999999 0.8046875 0.01)
(-0.17124999999999999 0.81640625 0.01)
(-0.17124999999999999 0.828125 0.01)
(-0.17124999999999999 0.8515625 0.01)
(-0.17124999999999999 0.875 0.01)
(-0.17124999999999999 0.8984375 0.01)
(-0.17124999999999999 0.921875 0.01)
(-0.17124999999999999 0.96875 0.01)
(-0.17124999999999999 1.015625 0.01)
(-0.17124999999999999 1.0625 0.01)
(-0.15531249999999999 0.171875 0.01)
(-0.15531249999999999 0.18359375 0.01)
(-0.15531249999999999 0.1953125 0.01)
(-0.15531249999999999 0.20703125 0.01)
(-0.15531249999999999 0.21875 0.01)
(-0.15531249999999999 0.23046875 0.01)
(-0.15531249999999999 0.2421875 0.01)
(-0.15531249999999999 0.25390625 0.01)
(-0.15531249999999999 0.265625 0.01)
(-0.15531249999999999 0.27734375 0.01)
(-0.15531249999999999 0.2890625 0.01)
(-0.15531249999999999 0.30078125 0.01)
(-0.15531249999999999 0.3125 0.01)
(-0.15531249999999999 0.32421875 0.01)
(-0.15531249999999999 0.3359375 0.01)
(-0.15531249999999999 0.34765625 0.01)
(-0.15531249999999999 0.359375 0.01)
(-0.15531249999999999 0.37109375 0.01)
(-0.15531249999999999 0.3828125 0.01)
(-0.15531249999999999 0.39453125 0.01)
(-0.15531249999999999 0.40625 0.01)
(-0.15531249999999999 0.41796875 0.01)
(-0.15531249999999999 0.4296875 0.01)
(-0.15531249999999999 0.44140625 0.01)
(-0.15531249999999999 0.453125 0.01)
(-0.15531249999999999 0.46484375 0.01)
(-0.15531249999999999 0.4765625 0.01)
(-0.15531249999999999 0.48828125 0.01)
(-0.15531249999999999 0.5 0.01)
(-0.15531249999999999 0.51171875 0.01)
(-0.15531249999999999 0.5234375 0.01)
(-0.15531249999999999 0.53515625 0.01)
(-0.15531249999999999 0.546875 0.01)
(-0.15531249999999999 0.55859375 0.01)
(-0.15531249999999999 0.5703125 0.01)
(-0.15531249999999999 0.58203125 0.01)
(-0.15531249999999999 0.59375 0.01)
(-0.15531249999999999 0.60546875 0.01)
(-0.15531249999999999 0.6171875 0.01)
(-0.15531249999999999 0.62890625 0.01)
(-0.15531249999999999 0.640625 0.01)
(-0.15531249999999999 0.65234375 0.01)
(-0.15531249999999999 0.6640625 0.01)
(-0.15531249999999999 0.67578125 0.01)
(-0.15531249999999999 0.6875 0.01)
(-0.15531249999999999 0.69921875 0.01)
(-0.15531249999999999 0.7109375 0.01)
(-0.15531249999999999 0.72265625 0.01)
(-0.15531249999999999 0.734375 0.01)
(-0.15531249999999999 0.74609375 0.01)
(-0.15531249999999999 0.7578125 0.01)
(-0.15531249999999999 0.76953125 0.01)
(-0.15531249999999999 0.78125 0.01)
(-0.15531249999999999 0.79296875 0.01)
(-0.15531249999999999 0.8046875 0.01)
(-0.15531249999999999 0.81640625 0.01)
(-0.15531249999999999 0.828125 0.01)
(-0.15030610124999996 0.1875 0.01)
(-0.15030610124999996 0.1953125 0.01)
(-0.15030610124999996 0.20703125 0.01)
(-0.15030610124999996 0.21875 0.01)
(-0.15030610124999996 0.23046875 0.01)
(-0.15030610124999996 0.2421875 0.01)
(-0.15030610124999996 0.25 0.01)
(-0.15030610124999996 0.25390625 0.01)
(-0.15030610124999996 0.265625 0.01)
(-0.15030610124999996 0.27734375 0.01)
(-0.15030610124999996 0.28125 0.01)
(-0.15030610124999996 0.2890625 0.01)
(-0.15030610124999996 0.30078125 0.01)
(-0.15030610124999996 0.3125 0.01)
(-0.15030610124999996 0.32421875 0.01)
(-0.15030610124999996 0.3359375 0.01)
(-0.15030610124999996 0.34375 0.01)
(-0.15030610124999996 0.34765625 0.01)
(-0.15030610124999996 0.359375 0.01)
(-0.15030610124999996 0.37109375 0.01)
(-0.15030610124999996 0.375 0.01)
(-0.15030610124999996 0.3828125 0.01)
(-0.15030610124999996 0.39453125 0.01)
(-0.15030610124999996 0.40625 0.01)
(-0.15030610124999996 0.41796875 0.01)
(-0.15030610124999996 0.4296875 0.01)
(-0.15030610124999996 0.4375 0.01)
(-0.15030610124999996 0.44140625 0.01)
(-0.15030610124999996 0.453125 0.01)
(-0.15030610124999996 0.46484375 0.01)
(-0.15030610124999996 0.46875 0.01)
(-0.15030610124999996 0.4765625 0.01)
(-0.15030610124999996 0.48828125 0.01)
(-0.15030610124999996 0.5 0.01)
(-0.15030610124999996 0.51171875 0.01)
(-0.15030610124999996 0.5234375 0.01)
(-0.15030610124999996 0.53125 0.01)
(-0.15030610124999996 0.53515625 0.01)
(-0.15030610124999996 0.546875 0.01)
(-0.15030610124999996 0.55859375 0.01)
(-0.15030610124999996 0.5625 0.01)
(-0.15030610124999996 0.5703125 0.01)
(-0.15030610124999996 0.58203125 0.01)
(-0.15030610124999996 0.59375 0.01)
(-0.15030610124999996 0.60546875 0.01)
(-0.15030610124999996 0.6171875 0.01)
(-0.15030610124999996 0.625 0.01)
(-0.15030610124999996 0.62890625 0.01)
(-0.15030610124999996 0.640625 0.01)
(-0.15030610124999996 0.65234375 0.01)
(-0.15030610124999996 0.65625 0.01)
(-0.15030610124999996 0.6640625 0.01)
(-0.15030610124999996 0.67578125 0.01)
(-0.15030610124999996 0.6875 0.01)
(-0.15030610124999996 0.69921875 0.01)
(-0.15030610124999996 0.7109375 0.01)
(-0.15030610124999996 0.71875 0.01)
(-0.15030610124999996 0.72265625 0.01)
(-0.15030610124999996 0.734375 0.01)
(-0.15030610124999996 0.74609375 0.01)
(-0.15030610124999996 0.75 0.01)
(-0.15030610124999996 0.7578125 0.01)
(-0.15030610124999996 0.76953125 0.01)
(-0.15030610124999996 0.78125 0.01)
(-0.15030610124999996 0.79296875 0.01)
(-0.15030610124999996 0.8046875 0.01)
(-0.15030610124999996 0.8125 0.01)
(-0.13937499999999997 0.078125 0.01)
(-0.13937499999999997 0.1015625 0.01)
(-0.13937499999999997 0.125 0.01)
(-0.13937499999999997 0.1484375 0.01)
(-0.13937499999999997 0.171875 0.01)
(-0.13937499999999997 0.18359375 0.01)
(-0.13937499999999997 0.1875 0.01)
(-0.13937499999999997 0.8125 0.01)
(-0.13937499999999997 0.81640625 0.01)
(-0.13937499999999997 0.828125 0.01)
(-0.13937499999999997 0.8515625 0.01)
(-0.13937499999999997 0.875 0.01)
(-0.13937499999999997 0.8984375 0.01)
(-0.13937499999999997 0.921875 0.01)
(-0.12343749999999998 0.171875 0.01)
(-0.12343749999999998 0.18359375 0.01)
(-0.12343749999999998 0.1875 0.01)
(-0.12343749999999998 0.8125 0.01)
(-0.12343749999999998 0.81640625 0.01)
(-0.12343749999999998 0.828125 0.01)
(-0.10749999999999998 -0.25 0.01)
(-0.10749999999999998 -0.15625 0.01)
(-0.10749999999999998 -0.109375 0.01)
(-0.10749999999999998 -0.0625 0.01)
(-0.10749999999999998 -0.015625 0.01)
(-0.10749999999999998 0.0078125 0.01)
(-0.10749999999999998 0.03125 0.01)
(-0.10749999999999998 0.0546875 0.01)
(-0.10749999999999998 0.078125 0.01)
(-0.10749999999999998 0.1015625 0.01)
(-0.10749999999999998 0.11328125 0.01)
(-0.10749999999999998 0.125 0.01)
(-0.10749999999999998 0.13671875 0.01)
(-0.10749999999999998 0.1484375 0.01)
(-0.10749999999999998 0.16015625 0.01)
(-0.10749999999999998 0.83984375 0.01)
(-0.10749999999999998 0.8515625 0.01)
(-0.10749999999999998 0.86328125 0.01)
(-0.10749999999999998 0.875 0.01)
(-0.10749999999999998 0.88671875 0.01)
(-0.10749999999999998 0.8984375 0.01)
(-0.10749999999999998 0.921875 0.01)
(-0.10749999999999998 0.9453125 0.01)
(-0.10749999999999998 0.96875 0.01)
(-0.10749999999999998 0.9921875 0.01)
(-0.10749999999999998 1.015625 0.01)
(-0.10749999999999998 1.0625 0.01)
(-0.10749999999999998 1.109375 0.01)
(-0.10749999999999998 1.15625 0.01)
(-0.10749999999999998 1.25 0.01)
(-0.10645927499999999 0.15625 0.01)
(-0.10645927499999999 0.16015625 0.01)
(-0.10645927499999999 0.171875 0.01)
(-0.10645927499999999 0.18359375 0.01)
(-0.10645927499999999 0.1875 0.01)
(-0.10645927499999999 0.21875 0.01)
(-0.10645927499999999 0.25 0.01)
(-0.10645927499999999 0.28125 0.01)
(-0.10645927499999999 0.3125 0.01)
(-0.10645927499999999 0.34375 0.01)
(-0.10645927499999999 0.375 0.01)
(-0.10645927499999999 0.40625 0.01)
(-0.10645927499999999 0.4375 0.01)
(-0.10645927499999999 0.46875 0.01)
(-0.10645927499999999 0.5 0.01)
(-0.10645927499999999 0.53125 0.01)
(-0.10645927499999999 0.5625 0.01)
(-0.10645927499999999 0.59375 0.01)
(-0.10645927499999999 0.625 0.01)
(-0.10645927499999999 0.65625 0.01)
(-0.10645927499999999 0.6875 0.01)
(-0.10645927499999999 0.71875 0.01)
(-0.10645927499999999 0.75 0.01)
(-0.10645927499999999 0.78125 0.01)
(-0.10645927499999999 0.8125 0.01)
(-0.10645927499999999 0.81640625 0.01)
(-0.10645927499999999 0.828125 0.01)
(-0.10645927499999999 0.83984375 0.01)
(-0.10645927499999999 0.84375 0.01)
(-0.091562499999999991 0.1015625 0.01)
(-0.091562499999999991 0.11328125 0.01)
(-0.091562499999999991 0.125 0.01)
(-0.091562499999999991 0.13671875 0.01)
(-0.091562499999999991 0.1484375 0.01)
(-0.091562499999999991 0.15625 0.01)
(-0.091562499999999991 0.84375 0.01)
(-0.091562499999999991 0.8515625 0.01)
(-0.091562499999999991 0.86328125 0.01)
(-0.091562499999999991 0.875 0.01)
(-0.091562499999999991 0.88671875 0.01)
(-0.091562499999999991 0.8984375 0.01)
(-0.07817099999999999 0.125 0.01)
(-0.07817099999999999 0.13671875 0.01)
(-0.07817099999999999 0.1484375 0.01)
(-0.07817099999999999 0.15625 0.01)
(-0.07817099999999999 0.1875 0.01)
(-0.07817099999999999 0.21875 0.01)
(-0.07817099999999999 0.25 0.01)
(-0.07817099999999999 0.28125 0.01)
(-0.07817099999999999 0.3125 0.01)
(-0.07817099999999999 0.34375 0.01)
(-0.07817099999999999 0.375 0.01)
(-0.07817099999999999 0.40625 0.01)
(-0.07817099999999999 0.4375 0.01)
(-0.07817099999999999 0.46875 0.01)
(-0.07817099999999999 0.5 0.01)
(-0.07817099999999999 0.53125 0.01)
(-0.07817099999999999 0.5625 0.01)
(-0.07817099999999999 0.59375 0.01)
(-0.07817099999999999 0.625 0.01)
(-0.07817099999999999 0.65625 0.01)
(-0.07817099999999999 0.6875 0.01)
(-0.07817099999999999 0.71875 0.01)
(-0.07817099999999999 0.75 0.01)
(-0.07817099999999999 0.78125 0.01)
(-0.07817099999999999 0.8125 0.01)
(-0.07817099999999999 0.84375 0.01)
(-0.07817099999999999 0.8515625 0.01)
(-0.07817099999999999 0.86328125 0.01)
(-0.07817099999999999 0.875 0.01)
(-0.075624999999999984 -0.015625 0.01)
(-0.075624999999999984 0.0078125 0.01)
(-0.075624999999999984 0.03125 0.01)
(-0.075624999999999984 0.0546875 0.01)
(-0.075624999999999984 0.078125 0.01)
(-0.075624999999999984 0.08984375 0.01)
(-0.075624999999999984 0.1015625 0.01)
(-0.075624999999999984 0.11328125 0.01)
(-0.075624999999999984 0.125 0.01)
(-0.075624999999999984 0.875 0.01)
(-0.075624999999999984 0.88671875 0.01)
(-0.075624999999999984 0.8984375 0.01)
(-0.075624999999999984 0.91015625 0.01)
(-0.075624999999999984 0.921875 0.01)
(-0.075624999999999984 0.9453125 0.01)
(-0.075624999999999984 0.96875 0.01)
(-0.075624999999999984 0.9921875 0.01)
(-0.075624999999999984 1.015625 0.01)
(-0.059920499999999995 0.09375 0.01)
(-0.059920499999999995 0.1015625 0.01)
(-0.059920499999999995 0.11328125 0.01)
(-0.059920499999999995 0.125 0.01)
(-0.059920499999999995 0.15625 0.01)
(-0.059920499999999995 0.1875 0.01)
(-0.059920499999999995 0.21875 0.01)
(-0.059920499999999995 0.25 0.01)
(-0.059920499999999995 0.28125 0.01)
(-0.059920499999999995 0.3125 0.01)
(-0.059920499999999995 0.34375 0.01)
(-0.059920499999999995 0.375 0.01)
(-0.059920499999999995 0.40625 0.01)
(-0.059920499999999995 0.4375 0.01)
(-0.059920499999999995 0.46875 0.01)
(-0.059920499999999995 0.5 0.01)
(-0.059920499999999995 0.53125 0.01)
(-0.059920499999999995 0.5625 0.01)
(-0.059920499999999995 0.59375 0.01)
(-0.059920499999999995 0.625 0.01)
(-0.059920499999999995 0.65625 0.01)
(-0.059920499999999995 0.6875 0.01)
(-0.059920499999999995 0.71875 0.01)
(-0.059920499999999995 0.75 0.01)
(-0.059920499999999995 0.78125 0.01)
(-0.059920499999999995 0.8125 0.01)
(-0.059920499999999995 0.84375 0.01)
(-0.059920499999999995 0.875 0.01)
(-0.059920499999999995 0.88671875 0.01)
(-0.059920499999999995 0.8984375 0.01)
(-0.059920499999999995 0.90625 0.01)
(-0.059687499999999984 0.078125 0.01)
(-0.059687499999999984 0.08984375 0.01)
(-0.059687499999999984 0.09375 0.01)
(-0.059687499999999984 0.90625 0.01)
(-0.059687499999999984 0.91015625 0.01)
(-0.059687499999999984 0.921875 0.01)
(-0.043749999999999983 -0.15625 0.01)
(-0.043749999999999983 -0.109375 0.01)
(-0.043749999999999983 -0.0625 0.01)
(-0.043749999999999983 -0.0390625 0.01)
(-0.043749999999999983 -0.015625 0.01)
(-0.043749999999999983 -0.00390625 0.01)
(-0.043749999999999983 0.0078125 0.01)
(-0.043749999999999983 0.01953125 0.01)
(-0.043749999999999983 0.03125 0.01)
(-0.043749999999999983 0.04296875 0.01)
(-0.043749999999999983 0.0546875 0.01)
(-0.043749999999999983 0.06640625 0.01)
(-0.043749999999999983 0.078125 0.01)
(-0.043749999999999983 0.08984375 0.01)
(-0.043749999999999983 0.91015625 0.01)
(-0.043749999999999983 0.921875 0.01)
(-0.043749999999999983 0.93359375 0.01)
(-0.043749999999999983 0.9453125 0.01)
(-0.043749999999999983 0.95703125 0.01)
(-0.043749999999999983 0.96875 0.01)
(-0.043749999999999983 0.98046875 0.01)
(-0.043749999999999983 0.9921875 0.01)
(-0.043749999999999983 1.00390625 0.01)
(-0.043749999999999983 1.015625 0.01)
(-0.043749999999999983 1.0390625 0.01)
(-0.043749999999999983 1.0625 0.01)
(-0.043749999999999983 1.109375 0.01)
(-0.043749999999999983 1.15625 0.01)
(-0.041669999999999999 0.0625 0.01)
(-0.041669999999999999 0.06640625 0.01)
(-0.041669999999999999 0.078125 0.01)
(-0.041669999999999999 0.08984375 0.01)
(-0.041669999999999999 0.09375 0.01)
(-0.041669999999999999 0.125 0.01)
(-0.041669999999999999 0.15625 0.01)
(-0.041669999999999999 0.1875 0.01)
(-0.041669999999999999 0.21875 0.01)
(-0.041669999999999999 0.25 0.01)
(-0.041669999999999999 0.28125 0.01)
(-0.041669999999999999 0.3125 0.01)
(-0.041669999999999999 0.34375 0.01)
(-0.041669999999999999 0.375 0.01)
(-0.041669999999999999 0.40625 0.01)
(-0.041669999999999999 0.4375 0.01)
(-0.041669999999999999 0.46875 0.01)
(-0.041669999999999999 0.5 0.01)
(-0.041669999999999999 0.53125 0.01)
(-0.041669999999999999 0.5625 0.01)
(-0.041669999999999999 0.59375 0.01)
(-0.041669999999999999 0.625 0.01)
(-0.041669999999999999 0.65625 0.01)
(-0.041669999999999999 0.6875 0.01)
(-0.041669999999999999 0.71875 0.01)
(-0.041669999999999999 0.75 0.01)
(-0.041669999999999999 0.78125 0.01)
(-0.041669999999999999 0.8125 0.01)
(-0.041669999999999999 0.84375 0.01)
(-0.041669999999999999 0.875 0.01)
(-0.041669999999999999 0.90625 0.01)
(-0.041669999999999999 0.91015625 0.01)
(-0.041669999999999999 0.921875 0.01)
(-0.041669999999999999 0.93359375 0.01)
(-0.041669999999999999 0.9375 0.01)
(-0.027812499999999983 -0.015625 0.01)
(-0.027812499999999983 -0.00390625 0.01)
(-0.027812499999999983 0.0078125 0.01)
(-0.027812499999999983 0.01953125 0.01)
(-0.027812499999999983 0.03125 0.01)
(-0.027812499999999983 0.04296875 0.01)
(-0.027812499999999983 0.0546875 0.01)
(-0.027812499999999983 0.9453125 0.01)
(-0.027812499999999983 0.95703125 0.01)
(-0.027812499999999983 0.96875 0.01)
(-0.027812499999999983 0.98046875 0.01)
(-0.027812499999999983 0.9921875 0.01)
(-0.027812499999999983 1.00390625 0.01)
(-0.027812499999999983 1.015625 0.01)
(-0.0258 0.03125 0.01)
(-0.0258 0.04296875 0.01)
(-0.0258 0.0546875 0.01)
(-0.0258 0.0625 0.01)
(-0.0258 0.09375 0.01)
(-0.0258 0.125 0.01)
(-0.0258 0.15625 0.01)
(-0.0258 0.1875 0.01)
(-0.0258 0.21875 0.01)
(-0.0258 0.25 0.01)
(-0.0258 0.28125 0.01)
(-0.0258 0.3125 0.01)
(-0.0258 0.34375 0.01)
(-0.0258 0.375 0.01)
(-0.0258 0.40625 0.01)
(-0.0258 0.4375 0.01)
(-0.0258 0.46875 0.01)
(-0.0258 0.5 0.01)
(-0.0258 0.53125 0.01)
(-0.0258 0.5625 0.01)
(-0.0258 0.59375 0.01)
(-0.0258 0.625 0.01)
(-0.0258 0.65625 0.01)
(-0.0258 0.6875 0.01)
(-0.0258 0.71875 0.01)
(-0.0258 0.75 0.01)
(-0.0258 0.78125 0.01)
(-0.0258 0.8125 0.01)
(-0.0258 0.84375 0.01)
(-0.0258 0.875 0.01)
(-0.0258 0.90625 0.01)
(-0.0258 0.9375 0.01)
(-0.0258 0.9453125 0.01)
(-0.0258 0.95703125 0.01)
(-0.0258 0.96875 0.01)
(-0.012 -0.012 0.01)
(-0.012 -0.00390625 0.01)
(-0.012 0.0078125 0.01)
(-0.012 0.01953125 0.01)
(-0.012 0.03125 0.01)
(-0.012 0.0625 0.01)
(-0.012 0.09375 0.01)
(-0.012 0.125 0.01)
(-0.012 0.15625 0.01)
(-0.012 0.1875 0.01)
(-0.012 0.21875 0.01)
(-0.012 0.25 0.01)
(-0.012 0.28125 0.01)
(-0.012 0.3125 0.01)
(-0.012 0.34375 0.01)
(-0.012 0.375 0.01)
(-0.012 0.40625 0.01)
(-0.012 0.4375 0.01)
(-0.012 0.46875 0.01)
(-0.012 0.5 0.01)
(-0.012 0.53125 0.01)
(-0.012 0.5625 0.01)
(-0.012 0.59375 0.01)
(-0.012 0.625 0.01)
(-0.012 0.65625 0.01)
(-0.012 0.6875 0.01)
(-0.012 0.71875 0.01)
(-0.012 0.75 0.01)
(-0.012 0.78125 0.01)
(-0.012 0.8125 0.01)
(-0.012 0.84375 0.01)
(-0.012 0.875 0.01)
(-0.012 0.90625 0.01)
(-0.012 0.9375 0.01)
(-0.012 0.96875 0.01)
(-0.012 0.98046875 0.01)
(-0.012 0.9921875 0.01)
(-0.012 1.00390625 0.01)
(-0.012 1.012 0.01)
(-0.011874999999999983 -0.0625 0.01)
(-0.011874999999999983 -0.0390625 0.01)
(-0.011874999999999983 -0.015625 0.01)
(-0.011874999999999983 -0.012 0.01)
(-0.011874999999999983 1.012 0.01)
(-0.011874999999999983 1.015625 0.01)
(-0.011874999999999983 1.0390625 0.01)
(-0.011874999999999983 1.0625 0.01)
(0 0 0.01)
(0 0.03125 0.01)
(0 0.0625 0.01)
(0 0.09375 0.01)
(0 0.125 0.01)
(0 0.15625 0.01)
(0 0.1875 0.01)
(0 0.21875 0.01)
(0 0.25 0.01)
(0 0.28125 0.01)
(0 0.3125 0.01)
(0 0.34375 0.01)
(0 0.375 0.01)
(0 0.40625 0.01)
(0 0.4375 0.01)
(0 0.46875 0.01)
(0 0.5 0.01)
(0 0.53125 0.01)
(0 0.5625 0.01)
(0 0.59375 0.01)
(0 0.625 0.01)
(0 0.65625 0.01)
(0 0.6875 0.01)
(0 0.71875 0.01)
(0 0.75 0.01)
(0 0.78125 0.01)
(0 0.8125 0.01)
(0 0.84375 0.01)
(0 0.875 0.01)
(0 0.90625 0.01)
(0 0.9375 0.01)
(0 0.96875 0.01)
(0 1 0.01)
(0.0040625000000000175 -0.015625 0.01)
(0.0040625000000000175 -0.012 0.01)
(0.0040625000000000175 1.012 0.01)
(0.0040625000000000175 1.015625 0.01)
(0.020000000000000018 -1 0.01)
(0.020000000000000018 -0.625 0.01)
(0.020000000000000018 -0.4375 0.01)
(0.020000000000000018 -0.34375 0.01)
(0.020000000000000018 -0.25 0.01)
(0.020000000000000018 -0.203125 0.01)
(0.020000000000000018 -0.15625 0.01)
(0.020000000000000018 -0.109375 0.01)
(0.020000000000000018 -0.0859375 0.01)
(0.020000000000000018 -0.0625 0.01)
(0.020000000000000018 -0.0390625 0.01)
(0.020000000000000018 -0.02734375 0.01)
(0.020000000000000018 -0.015625 0.01)
(0.020000000000000018 -0.012 0.01)
(0.020000000000000018 1.012 0.01)
(0.020000000000000018 1.015625 0.01)
(0.020000000000000018 1.02734375 0.01)
(0.020000000000000018 1.0390625 0.01)
(0.020000000000000018 1.0625 0.01)
(0.020000000000000018 1.0859375 0.01)
(0.020000000000000018 1.109375 0.01)
(0.020000000000000018 1.15625 0.01)
(0.020000000000000018 1.203125 0.01)
(0.020000000000000018 1.25 0.01)
(0.020000000000000018 1.34375 0.01)
(0.020000000000000018 1.4375 0.01)
(0.020000000000000018 1.625 0.01)
(0.020000000000000018 2 0.01)
(0.031249999999999997 -0.012 0.01)
(0.03125 -0.0258 0.01)
(0.03125 -0.015625 0.01)
(0.03125 0 0.01)
(0.03125 1 0.01)
(0.03125 1.012 0.01)
(0.03125 1.015625 0.01)
(0.03125 1.0258 0.01)
(0.035937500000000018 -0.0390625 0.01)
(0.035937500000000018 -0.02734375 0.01)
(0.035937500000000018 -0.0258 0.01)
(0.035937500000000018 1.0258 0.01)
(0.035937500000000018 1.02734375 0.01)
(0.035937500000000018 1.0390625 0.01)
(0.051875000000000018 -0.109375 0.01)
(0.051875000000000018 -0.0859375 0.01)
(0.051875000000000018 -0.0625 0.01)
(0.051875000000000018 -0.05078125 0.01)
(0.051875000000000018 -0.0390625 0.01)
(0.051875000000000018 -0.02734375 0.01)
(0.051875000000000018 -0.0258 0.01)
(0.051875000000000018 1.0258 0.01)
(0.051875000000000018 1.02734375 0.01)
(0.051875000000000018 1.0390625 0.01)
(0.051875000000000018 1.05078125 0.01)
(0.051875000000000018 1.0625 0.01)
(0.051875000000000018 1.0859375 0.01)
(0.051875000000000018 1.109375 0.01)
(0.0625 -0.041669999999999999 0.01)
(0.0625 -0.0390625 0.01)
(0.0625 -0.0258 0.01)
(0.0625 -0.012 0.01)
(0.0625 0 0.01)
(0.0625 1 0.01)
(0.0625 1.012 0.01)
(0.0625 1.0258 0.01)
(0.0625 1.0390625 0.01)
(0.0625 1.0416700000000001 0.01)
(0.067812500000000026 -0.0625 0.01)
(0.067812500000000026 -0.05078125 0.01)
(0.067812500000000026 -0.041669999999999999 0.01)
(0.067812500000000026 1.0416700000000001 0.01)
(0.067812500000000026 1.05078125 0.01)
(0.067812500000000026 1.0625 0.01)
(0.083750000000000019 -0.25 0.01)
(0.083750000000000019 -0.203125 0.01)
(0.083750000000000019 -0.15625 0.01)
(0.083750000000000019 -0.109375 0.01)
(0.083750000000000019 -0.0859375 0.01)
(0.083750000000000019 -0.0625 0.01)
(0.083750000000000019 -0.05078125 0.01)
(0.083750000000000019 -0.041669999999999999 0.01)
(0.083750000000000019 1.0416700000000001 0.01)
(0.083750000000000019 1.05078125 0.01)
(0.083750000000000019 1.0625 0.01)
(0.083750000000000019 1.0859375 0.01)
(0.083750000000000019 1.109375 0.01)
(0.083750000000000019 1.15625 0.01)
(0.083750000000000019 1.203125 0.01)
(0.083750000000000019 1.25 0.01)
(0.09375 -0.059920499999999995 0.01)
(0.09375 -0.05078125 0.01)
(0.09375 -0.041669999999999999 0.01)
(0.09375 -0.0258 0.01)
(0.09375 -0.012 0.01)
(0.09375 0 0.01)
(0.09375 1 0.01)
(0.09375 1.012 0.01)
(0.09375 1.0258 0.01)
(0.09375 1.0416700000000001 0.01)
(0.09375 1.05078125 0.01)
(0.09375 1.0599205 0.01)
(0.099687500000000012 -0.0625 0.01)
(0.099687500000000012 -0.059920499999999995 0.01)
(0.099687500000000012 1.0599205 0.01)
(0.099687500000000012 1.0625 0.01)
(0.11562500000000002 -0.109375 0.01)
(0.11562500000000002 -0.0859375 0.01)
(0.11562500000000002 -0.07421875 0.01)
(0.11562500000000002 -0.0625 0.01)
(0.11562500000000002 -0.059920499999999995 0.01)
(0.11562500000000002 1.0599205 0.01)
(0.11562500000000002 1.0625 0.01)
(0.11562500000000002 1.07421875 0.01)
(0.11562500000000002 1.0859375 0.01)
(0.11562500000000002 1.109375 0.01)
(0.125 -0.07817099999999999 0.01)
(0.125 -0.07421875 0.01)
(0.125 -0.0625 0.01)
(0.125 -0.059920499999999995 0.01)
(0.125 -0.041669999999999999 0.01)
(0.125 -0.0258 0.01)
(0.125 -0.012 0.01)
(0.125 0 0.01)
(0.125 1 0.01)
(0.125 1.012 0.01)
(0.125 1.0258 0.01)
(0.125 1.0416700000000001 0.01)
(0.125 1.0599205 0.01)
(0.125 1.0625 0.01)
(0.125 1.07421875 0.01)
(0.125 1.078171 0.01)
(0.13156250000000003 -0.0859375 0.01)
(0.13156250000000003 -0.07817099999999999 0.01)
(0.13156250000000003 1.078171 0.01)
(0.13156250000000003 1.0859375 0.01)
(0.14750000000000002 -0.4375 0.01)
(0.14750000000000002 -0.34375 0.01)
(0.14750000000000002 -0.25 0.01)
(0.14750000000000002 -0.203125 0.01)
(0.14750000000000002 -0.1796875 0.01)
(0.14750000000000002 -0.15625 0.01)
(0.14750000000000002 -0.1328125 0.01)
(0.14750000000000002 -0.109375 0.01)
(0.14750000000000002 -0.09765625 0.01)
(0.14750000000000002 -0.0859375 0.01)
(0.14750000000000002 -0.07817099999999999 0.01)
(0.14750000000000002 1.078171 0.01)
(0.14750000000000002 1.0859375 0.01)
(0.14750000000000002 1.09765625 0.01)
(0.14750000000000002 1.109375 0.01)
(0.14750000000000002 1.1328125 0.01)
(0.14750000000000002 1.15625 0.01)
(0.14750000000000002 1.1796875 0.01)
(0.14750000000000002 1.203125 0.01)
(0.14750000000000002 1.25 0.01)
(0.14750000000000002 1.34375 0.01)
(0.14750000000000002 1.4375 0.01)
(0.15625 -0.10645927499999999 0.01)
(0.15625 -0.09765625 0.01)
(0.15625 -0.0859375 0.01)
(0.15625 -0.07817099999999999 0.01)
(0.15625 -0.059920499999999995 0.01)
(0.15625 -0.041669999999999999 0.01)
(0.15625 -0.0258 0.01)
(0.15625 -0.012 0.01)
(0.15625 0 0.01)
(0.15625 1 0.01)
(0.15625 1.012 0.01)
(0.15625 1.0258 0.01)
(0.15625 1.0416700000000001 0.01)
(0.15625 1.0599205 0.01)
(0.15625 1.078171 0.01)
(0.15625 1.0859375 0.01)
(0.15625 1.09765625 0.01)
(0.15625 1.106459275 0.01)
(0.16343750000000001 -0.109375 0.01)
(0.16343750000000001 -0.10645927499999999 0.01)
(0.16343750000000001 1.106459275 0.01)
(0.16343750000000001 1.109375 0.01)
(0.17937500000000001 -0.203125 0.01)
(0.17937500000000001 -0.1796875 0.01)
(0.17937500000000001 -0.15625 0.01)
(0.17937500000000001 -0.14453125 0.01)
(0.17937500000000001 -0.1328125 0.01)
(0.17937500000000001 -0.12109375 0.01)
(0.17937500000000001 -0.109375 0.01)
(0.17937500000000001 -0.10645927499999999 0.01)
(0.17937500000000001 1.106459275 0.01)
(0.17937500000000001 1.109375 0.01)
(0.17937500000000001 1.12109375 0.01)
(0.17937500000000001 1.1328125 0.01)
(0.17937500000000001 1.14453125 0.01)
(0.17937500000000001 1.15625 0.01)
(0.17937500000000001 1.1796875 0.01)
(0.17937500000000001 1.203125 0.01)
(0.1875 -0.15030610124999996 0.01)
(0.1875 -0.14453125 0.01)
(0.1875 -0.1328125 0.01)
(0.1875 -0.12109375 0.01)
(0.1875 -0.109375 0.01)
(0.1875 -0.10645927499999999 0.01)
(0.1875 -0.07817099999999999 0.01)
(0.1875 -0.059920499999999995 0.01)
(0.1875 -0.041669999999999999 0.01)
(0.1875 -0.0258 0.01)
(0.1875 -0.012 0.01)
(0.1875 0 0.01)
(0.1875 1 0.01)
(0.1875 1.012 0.01)
(0.1875 1.0258 0.01)
(0.1875 1.0416700000000001 0.01)
(0.1875 1.0599205 0.01)
(0.1875 1.078171 0.01)
(0.1875 1.106459275 0.01)
(0.1875 1.109375 0.01)
(0.1875 1.12109375 0.01)
(0.1875 1.1328125 0.01)
(0.1875 1.14453125 0.01)
(0.1875 1.15030610125 0.01)
(0.19531250000000003 -0.15625 0.01)
(0.19531250000000003 -0.15030610124999996 0.01)
(0.19531250000000003 1.15030610125 0.01)
(0.19531250000000003 1.15625 0.01)
(0.21125000000000002 -0.25 0.01)
(0.21125000000000002 -0.203125 0.01)
(0.21125000000000002 -0.1796875 0.01)
(0.21125000000000002 -0.15625 0.01)
(0.21125000000000002 -0.15030610124999996 0.01)
(0.21125000000000002 1.15030610125 0.01)
(0.21125000000000002 1.15625 0.01)
(0.21125000000000002 1.1796875 0.01)
(0.21125000000000002 1.203125 0.01)
(0.21125000000000002 1.25 0.01)
(0.21875 -0.15030610124999996 0.01)
(0.21875 -0.10645927499999999 0.01)
(0.21875 -0.07817099999999999 0.01)
(0.21875 -0.059920499999999995 0.01)
(0.21875 -0.041669999999999999 0.01)
(0.21875 -0.0258 0.01)
(0.21875 -0.012 0.01)
(0.21875 0 0.01)
(0.21875 1 0.01)
(0.21875 1.012 0.01)
(0.21875 1.0258 0.01)
(0.21875 1.0416700000000001 0.01)
(0.21875 1.0599205 0.01)
(0.21875 1.078171 0.01)
(0.21875 1.106459275 0.01)
(0.21875 1.15030610125 0.01)
(0.22718750000000001 -0.15625 0.01)
(0.22718750000000001 -0.15030610124999996 0.01)
(0.22718750000000001 1.15030610125 0.01)
(0.22718750000000001 1.15625 0.01)
(0.24312500000000004 -0.203125 0.01)
(0.24312500000000004 -0.1796875 0.01)
(0.24312500000000004 -0.15625 0.01)
(0.24312500000000004 -0.15030610124999996 0.01)
(0.24312500000000004 1.15030610125 0.01)
(0.24312500000000004 1.15625 0.01)
(0.24312500000000004 1.1796875 0.01)
(0.24312500000000004 1.203125 0.01)
(0.25 -0.15030610124999996 0.01)
(0.25 -0.10645927499999999 0.01)
(0.25 -0.07817099999999999 0.01)
(0.25 -0.059920499999999995 0.01)
(0.25 -0.041669999999999999 0.01)
(0.25 -0.0258 0.01)
(0.25 -0.012 0.01)
(0.25 0 0.01)
(0.25 1 0.01)
(0.25 1.012 0.01)
(0.25 1.0258 0.01)
(0.25 1.0416700000000001 0.01)
(0.25 1.0599205 0.01)
(0.25 1.078171 0.01)
(0.25 1.106459275 0.01)
(0.25 1.15030610125 0.01)
(0.25906250000000003 -0.15625 0.01)
(0.25906250000000003 -0.15030610124999996 0.01)
(0.25906250000000003 1.15030610125 0.01)
(0.25906250000000003 1.15625 0.01)
(0.27500000000000002 -0.625 0.01)
(0.27500000000000002 -0.4375 0.01)
(0.27500000000000002 -0.34375 0.01)
(0.27500000000000002 -0.25 0.01)
(0.27500000000000002 -0.203125 0.01)
(0.27500000000000002 -0.1796875 0.01)
(0.27500000000000002 -0.15625 0.01)
(0.27500000000000002 -0.15030610124999996 0.01)
(0.27500000000000002 1.15030610125 0.01)
(0.27500000000000002 1.15625 0.01)
(0.27500000000000002 1.1796875 0.01)
(0.27500000000000002 1.203125 0.01)
(0.27500000000000002 1.25 0.01)
(0.27500000000000002 1.34375 0.01)
(0.27500000000000002 1.4375 0.01)
(0.27500000000000002 1.625 0.01)
(0.28125 -0.15030610124999996 0.01)
(0.28125 -0.10645927499999999 0.01)
(0.28125 -0.07817099999999999 0.01)
(0.28125 -0.059920499999999995 0.01)
(0.28125 -0.041669999999999999 0.01)
(0.28125 -0.0258 0.01)
(0.28125 -0.012 0.01)
(0.28125 0 0.01)
(0.28125 1 0.01)
(0.28125 1.012 0.01)
(0.28125 1.0258 0.01)
(0.28125 1.0416700000000001 0.01)
(0.28125 1.0599205 0.01)
(0.28125 1.078171 0.01)
(0.28125 1.106459275 0.01)
(0.28125 1.15030610125 0.01)
(0.29093750000000002 -0.15625 0.01)
(0.29093750000000002 -0.15030610124999996 0.01)
(0.29093750000000002 1.15030610125 0.01)
(0.29093750000000002 1.15625 0.01)
(0.30687500000000001 -0.203125 0.01)
(0.30687500000000001 -0.1796875 0.01)
(0.30687500000000001 -0.15625 0.01)
(0.30687500000000001 -0.15030610124999996 0.01)
(0.30687500000000001 1.15030610125 0.01)
(0.30687500000000001 1.15625 0.01)
(0.30687500000000001 1.1796875 0.01)
(0.30687500000000001 1.203125 0.01)
(0.3125 -0.15030610124999996 0.01)
(0.3125 -0.10645927499999999 0.01)
(0.3125 -0.07817099999999999 0.01)
(0.3125 -0.059920499999999995 0.01)
(0.3125 -0.041669999999999999 0.01)
(0.3125 -0.0258 0.01)
(0.3125 -0.012 0.01)
(0.3125 0 0.01)
(0.3125 1 0.01)
(0.3125 1.012 0.01)
(0.3125 1.0258 0.01)
(0.3125 1.0416700000000001 0.01)
(0.3125 1.0599205 0.01)
(0.3125 1.078171 0.01)
(0.3125 1.106459275 0.01)
(0.3125 1.15030610125 0.01)
(0.3228125 -0.15625 0.01)
(0.3228125 -0.15030610124999996 0.01)
(0.3228125 1.15030610125 0.01)
(0.3228125 1.15625 0.01)
(0.33875 -0.25 0.01)
(0.33875 -0.203125 0.01)
(0.33875 -0.1796875 0.01)
(0.33875 -0.15625 0.01)
(0.33875 -0.15030610124999996 0.01)
(0.33875 1.15030610125 0.01)
(0.33875 1.15625 0.01)
(0.33875 1.1796875 0.01)
(0.33875 1.203125 0.01)
(0.33875 1.25 0.01)
(0.34375 -0.15030610124999996 0.01)
(0.34375 -0.10645927499999999 0.01)
(0.34375 -0.07817099999999999 0.01)
(0.34375 -0.059920499999999995 0.01)
(0.34375 -0.041669999999999999 0.01)
(0.34375 -0.0258 0.01)
(0.34375 -0.012 0.01)
(0.34375 0 0.01)
(0.34375 1 0.01)
(0.34375 1.012 0.01)
(0.34375 1.0258 0.01)
(0.34375 1.0416700000000001 0.01)
(0.34375 1.0599205 0.01)
(0.34375 1.078171 0.01)
(0.34375 1.106459275 0.01)
(0.34375 1.15030610125 0.01)
(0.35468750000000004 -0.15625 0.01)
(0.35468750000000004 -0.15030610124999996 0.01)
(0.35468750000000004 1.15030610125 0.01)
(0.35468750000000004 1.15625 0.01)
(0.37062500000000004 -0.203125 0.01)
(0.37062500000000004 -0.1796875 0.01)
(0.37062500000000004 -0.15625 0.01)
(0.37062500000000004 -0.15030610124999996 0.01)
(0.37062500000000004 1.15030610125 0.01)
(0.37062500000000004 1.15625 0.01)
(0.37062500000000004 1.1796875 0.01)
(0.37062500000000004 1.203125 0.01)
(0.375 -0.15030610124999996 0.01)
(0.375 -0.10645927499999999 0.01)
(0.375 -0.07817099999999999 0.01)
(0.375 -0.059920499999999995 0.01)
(0.375 -0.041669999999999999 0.01)
(0.375 -0.0258 0.01)
(0.375 -0.012 0.01)
(0.375 0 0.01)
(0.375 1 0.01)
(0.375 1.012 0.01)
(0.375 1.0258 0.01)
(0.375 1.0416700000000001 0.01)
(0.375 1.0599205 0.01)
(0.375 1.078171 0.01)
(0.375 1.106459275 0.01)
(0.375 1.15030610125 0.01)
(0.38656250000000003 -0.15625 0.01)
(0.38656250000000003 -0.15030610124999996 0.01)
(0.38656250000000003 1.15030610125 0.01)
(0.38656250000000003 1.15625 0.01)
(0.40250000000000002 -0.4375 0.01)
(0.40250000000000002 -0.34375 0.01)
(0.40250000000000002 -0.25 0.01)
(0.40250000000000002 -0.203125 0.01)
(0.40250000000000002 -0.1796875 0.01)
(0.40250000000000002 -0.15625 0.01)
(0.40250000000000002 -0.15030610124999996 0.01)
(0.40250000000000002 1.15030610125 0.01)
(0.40250000000000002 1.15625 0.01)
(0.40250000000000002 1.1796875 0.01)
(0.40250000000000002 1.203125 0.01)
(0.40250000000000002 1.25 0.01)
(0.40250000000000002 1.34375 0.01)
(0.40250000000000002 1.4375 0.01)
(0.40625 -0.15030610124999996 0.01)
(0.40625 -0.10645927499999999 0.01)
(0.40625 -0.07817099999999999 0.01)
(0.40625 -0.059920499999999995 0.01)
(0.40625 -0.041669999999999999 0.01)
(0.40625 -0.0258 0.01)
(0.40625 -0.012 0.01)
(0.40625 0 0.01)
(0.40625 1 0.01)
(0.40625 1.012 0.01)
(0.40625 1.0258 0.01)
(0.40625 1.0416700000000001 0.01)
(0.40625 1.0599205 0.01)
(0.40625 1.078171 0.01)
(0.40625 1.106459275 0.01)
(0.40625 1.15030610125 0.01)
(0.41843750000000002 -0.15625 0.01)
(0.41843750000000002 -0.15030610124999996 0.01)
(0.41843750000000002 1.15030610125 0.01)
(0.41843750000000002 1.15625 0.01)
(0.43437500000000001 -0.203125 0.01)
(0.43437500000000001 -0.1796875 0.01)
(0.43437500000000001 -0.15625 0.01)
(0.43437500000000001 -0.15030610124999996 0.01)
(0.43437500000000001 1.15030610125 0.01)
(0.43437500000000001 1.15625 0.01)
(0.43437500000000001 1.1796875 0.01)
(0.43437500000000001 1.203125 0.01)
(0.4375 -0.15030610124999996 0.01)
(0.4375 -0.10645927499999999 0.01)
(0.4375 -0.07817099999999999 0.01)
(0.4375 -0.059920499999999995 0.01)
(0.4375 -0.041669999999999999 0.01)
(0.4375 -0.0258 0.01)
(0.4375 -0.012 0.01)
(0.4375 0 0.01)
(0.4375 1 0.01)
(0.4375 1.012 0.01)
(0.4375 1.0258 0.01)
(0.4375 1.0416700000000001 0.01)
(0.4375 1.0599205 0.01)
(0.4375 1.078171 0.01)
(0.4375 1.106459275 0.01)
(0.4375 1.15030610125 0.01)
(0.4503125 -0.15625 0.01)
(0.4503125 -0.15030610124999996 0.01)
(0.4503125 1.15030610125 0.01)
(0.4503125 1.15625 0.01)
(0.46625000000000005 -0.25 0.01)
(0.46625000000000005 -0.203125 0.01)
(0.46625000000000005 -0.1796875 0.01)
(0.46625000000000005 -0.15625 0.01)
(0.46625000000000005 -0.15030610124999996 0.01)
(0.46625000000000005 1.15030610125 0.01)
(0.46625000000000005 1.15625 0.01)
(0.46625000000000005 1.1796875 0.01)
(0.46625000000000005 1.203125 0.01)
(0.46625000000000005 1.25 0.01)
(0.46875 -0.15030610124999996 0.01)
(0.46875 -0.10645927499999999 0.01)
(0.46875 -0.07817099999999999 0.01)
(0.46875 -0.059920499999999995 0.01)
(0.46875 -0.041669999999999999 0.01)
(0.46875 -0.0258 0.01)
(0.46875 -0.012 0.01)
(0.46875 0 0.01)
(0.46875 1 0.01)
(0.46875 1.012 0.01)
(0.46875 1.0258 0.01)
(0.46875 1.0416700000000001 0.01)
(0.46875 1.0599205 0.01)
(0.46875 1.078171 0.01)
(0.46875 1.106459275 0.01)
(0.46875 1.15030610125 0.01)
(0.48218750000000005 -0.15625 0.01)
(0.48218750000000005 -0.15030610124999996 0.01)
(0.48218750000000005 1.15030610125 0.01)
(0.48218750000000005 1.15625 0.01)
(0.49812500000000004 -0.203125 0.01)
(0.49812500000000004 -0.1796875 0.01)
(0.49812500000000004 -0.15625 0.01)
(0.49812500000000004 -0.15030610124999996 0.01)
(0.49812500000000004 1.15030610125 0.01)
(0.49812500000000004 1.15625 0.01)
(0.49812500000000004 1.1796875 0.01)
(0.49812500000000004 1.203125 0.01)
(0.5 -0.15030610124999996 0.01)
(0.5 -0.10645927499999999 0.01)
(0.5 -0.07817099999999999 0.01)
(0.5 -0.059920499999999995 0.01)
(0.5 -0.041669999999999999 0.01)
(0.5 -0.0258 0.01)
(0.5 -0.012 0.01)
(0.5 0 0.01)
(0.5 1 0.01)
(0.5 1.012 0.01)
(0.5 1.0258 0.01)
(0.5 1.0416700000000001 0.01)
(0.5 1.0599205 0.01)
(0.5 1.078171 0.01)
(0.5 1.106459275 0.01)
(0.5 1.15030610125 0.01)
(0.51406249999999998 -0.15625 0.01)
(0.51406249999999998 -0.15030610124999996 0.01)
(0.51406249999999998 1.15030610125 0.01)
(0.51406249999999998 1.15625 0.01)
(0.53000000000000003 -1 0.01)
(0.53000000000000003 -0.625 0.01)
(0.53000000000000003 -0.4375 0.01)
(0.53000000000000003 -0.34375 0.01)
(0.53000000000000003 -0.25 0.01)
(0.53000000000000003 -0.203125 0.01)
(0.53000000000000003 -0.1796875 0.01)
(0.53000000000000003 -0.15625 0.01)
(0.53000000000000003 -0.15030610124999996 0.01)
(0.53000000000000003 1.15030610125 0.01)
(0.53000000000000003 1.15625 0.01)
(0.53000000000000003 1.1796875 0.01)
(0.53000000000000003 1.203125 0.01)
(0.53000000000000003 1.25 0.01)
(0.53000000000000003 1.34375 0.01)
(0.53000000000000003 1.4375 0.01)
(0.53000000000000003 1.625 0.01)
(0.53000000000000003 2 0.01)
(0.53125 -0.15030610124999996 0.01)
(0.53125 -0.10645927499999999 0.01)
(0.53125 -0.07817099999999999 0.01)
(0.53125 -0.059920499999999995 0.01)
(0.53125 -0.041669999999999999 0.01)
(0.53125 -0.0258 0.01)
(0.53125 -0.012 0.01)
(0.53125 0 0.01)
(0.53125 1 0.01)
(0.53125 1.012 0.01)
(0.53125 1.0258 0.01)
(0.53125 1.0416700000000001 0.01)
(0.53125 1.0599205 0.01)
(0.53125 1.078171 0.01)
(0.53125 1.106459275 0.01)
(0.53125 1.15030610125 0.01)
(0.54593750000000008 -0.15625 0.01)
(0.54593750000000008 -0.15030610124999996 0.01)
(0.54593750000000008 1.15030610125 0.01)
(0.54593750000000008 1.15625 0.01)
(0.56187500000000001 -0.203125 0.01)
(0.56187500000000001 -0.1796875 0.01)
(0.56187500000000001 -0.15625 0.01)
(0.56187500000000001 -0.15030610124999996 0.01)
(0.56187500000000001 1.15030610125 0.01)
(0.56187500000000001 1.15625 0.01)
(0.56187500000000001 1.1796875 0.01)
(0.56187500000000001 1.203125 0.01)
(0.5625 -0.15030610124999996 0.01)
(0.5625 -0.10645927499999999 0.01)
(0.5625 -0.07817099999999999 0.01)
(0.5625 -0.059920499999999995 0.01)
(0.5625 -0.041669999999999999 0.01)
(0.5625 -0.0258 0.01)
(0.5625 -0.012 0.01)
(0.5625 0 0.01)
(0.5625 1 0.01)
(0.5625 1.012 0.01)
(0.5625 1.0258 0.01)
(0.5625 1.0416700000000001 0.01)
(0.5625 1.0599205 0.01)
(0.5625 1.078171 0.01)
(0.5625 1.106459275 0.01)
(0.5625 1.15030610125 0.01)
(0.57781250000000006 -0.15625 0.01)
(0.57781250000000006 -0.15030610124999996 0.01)
(0.57781250000000006 1.15030610125 0.01)
(0.57781250000000006 1.15625 0.01)
(0.59375 -0.25 0.01)
(0.59375 -0.203125 0.01)
(0.59375 -0.1796875 0.01)
(0.59375 -0.15625 0.01)
(0.59375 -0.15030610124999996 0.01)
(0.59375 -0.10645927499999999 0.01)
(0.59375 -0.07817099999999999 0.01)
(0.59375 -0.059920499999999995 0.01)
(0.59375 -0.041669999999999999 0.01)
(0.59375 -0.0258 0.01)
(0.59375 -0.012 0.01)
(0.59375 0 0.01)
(0.59375 1 0.01)
(0.59375 1.012 0.01)
(0.59375 1.0258 0.01)
(0.59375 1.0416700000000001 0.01)
(0.59375 1.0599205 0.01)
(0.59375 1.078171 0.01)
(0.59375 1.106459275 0.01)
(0.59375 1.15030610125 0.01)
(0.59375 1.15625 0.01)
(0.59375 1.1796875 0.01)
(0.59375 1.203125 0.01)
(0.59375 1.25 0.01)
(0.60968750000000005 -0.15625 0.01)
(0.60968750000000005 -0.15030610124999996 0.01)
(0.60968750000000005 1.15030610125 0.01)
(0.60968750000000005 1.15625 0.01)
(0.625 -0.15030610124999996 0.01)
(0.625 -0.10645927499999999 0.01)
(0.625 -0.07817099999999999 0.01)
(0.625 -0.059920499999999995 0.01)
(0.625 -0.041669999999999999 0.01)
(0.625 -0.0258 0.01)
(0.625 -0.012 0.01)
(0.625 0 0.01)
(0.625 1 0.01)
(0.625 1.012 0.01)
(0.625 1.0258 0.01)
(0.625 1.0416700000000001 0.01)
(0.625 1.0599205 0.01)
(0.625 1.078171 0.01)
(0.625 1.106459275 0.01)
(0.625 1.15030610125 0.01)
(0.62562499999999999 -0.203125 0.01)
(0.62562499999999999 -0.1796875 0.01)
(0.62562499999999999 -0.15625 0.01)
(0.62562499999999999 -0.15030610124999996 0.01)
(0.62562499999999999 1.15030610125 0.01)
(0.62562499999999999 1.15625 0.01)
(0.62562499999999999 1.1796875 0.01)
(0.62562499999999999 1.203125 0.01)
(0.64156250000000004 -0.15625 0.01)
(0.64156250000000004 -0.15030610124999996 0.01)
(0.64156250000000004 1.15030610125 0.01)
(0.64156250000000004 1.15625 0.01)
(0.65625 -0.15030610124999996 0.01)
(0.65625 -0.10645927499999999 0.01)
(0.65625 -0.07817099999999999 0.01)
(0.65625 -0.059920499999999995 0.01)
(0.65625 -0.041669999999999999 0.01)
(0.65625 -0.0258 0.01)
(0.65625 -0.012 0.01)
(0.65625 0 0.01)
(0.65625 1 0.01)
(0.65625 1.012 0.01)
(0.65625 1.0258 0.01)
(0.65625 1.0416700000000001 0.01)
(0.65625 1.0599205 0.01)
(0.65625 1.078171 0.01)
(0.65625 1.106459275 0.01)
(0.65625 1.15030610125 0.01)
(0.65749999999999997 -0.4375 0.01)
(0.65749999999999997 -0.34375 0.01)
(0.65749999999999997 -0.25 0.01)
(0.65749999999999997 -0.203125 0.01)
(0.65749999999999997 -0.1796875 0.01)
(0.65749999999999997 -0.15625 0.01)
(0.65749999999999997 -0.15030610124999996 0.01)
(0.65749999999999997 1.15030610125 0.01)
(0.65749999999999997 1.15625 0.01)
(0.65749999999999997 1.1796875 0.01)
(0.65749999999999997 1.203125 0.01)
(0.65749999999999997 1.25 0.01)
(0.65749999999999997 1.34375 0.01)
(0.65749999999999997 1.4375 0.01)
(0.67343750000000002 -0.15625 0.01)
(0.67343750000000002 -0.15030610124999996 0.01)
(0.67343750000000002 1.15030610125 0.01)
(0.67343750000000002 1.15625 0.01)
(0.6875 -0.15030610124999996 0.01)
(0.6875 -0.10645927499999999 0.01)
(0.6875 -0.07817099999999999 0.01)
(0.6875 -0.059920499999999995 0.01)
(0.6875 -0.041669999999999999 0.01)
(0.6875 -0.0258 0.01)
(0.6875 -0.012 0.01)
(0.6875 0 0.01)
(0.6875 1 0.01)
(0.6875 1.012 0.01)
(0.6875 1.0258 0.01)
(0.6875 1.0416700000000001 0.01)
(0.6875 1.0599205 0.01)
(0.6875 1.078171 0.01)
(0.6875 1.106459275 0.01)
(0.6875 1.15030610125 0.01)
(0.68937500000000007 -0.203125 0.01)
(0.68937500000000007 -0.1796875 0.01)
(0.68937500000000007 -0.15625 0.01)
(0.68937500000000007 -0.15030610124999996 0.01)
(0.68937500000000007 1.15030610125 0.01)
(0.68937500000000007 1.15625 0.01)
(0.68937500000000007 1.1796875 0.01)
(0.68937500000000007 1.203125 0.01)
(0.70531250000000001 -0.15625 0.01)
(0.70531250000000001 -0.15030610124999996 0.01)
(0.70531250000000001 1.15030610125 0.01)
(0.70531250000000001 1.15625 0.01)
(0.71875 -0.15030610124999996 0.01)
(0.71875 -0.10645927499999999 0.01)
(0.71875 -0.07817099999999999 0.01)
(0.71875 -0.059920499999999995 0.01)
(0.71875 -0.041669999999999999 0.01)
(0.71875 -0.0258 0.01)
(0.71875 -0.012 0.01)
(0.71875 0 0.01)
(0.71875 1 0.01)
(0.71875 1.012 0.01)
(0.71875 1.0258 0.01)
(0.71875 1.0416700000000001 0.01)
(0.71875 1.0599205 0.01)
(0.71875 1.078171 0.01)
(0.71875 1.106459275 0.01)
(0.71875 1.15030610125 0.01)
(0.72125000000000006 -0.25 0.01)
(0.72125000000000006 -0.203125 0.01)
(0.72125000000000006 -0.1796875 0.01)
(0.72125000000000006 -0.15625 0.01)
(0.72125000000000006 -0.15030610124999996 0.01)
(0.72125000000000006 1.15030610125 0.01)
(0.72125000000000006 1.15625 0.01)
(0.72125000000000006 1.1796875 0.01)
(0.72125000000000006 1.203125 0.01)
(0.72125000000000006 1.25 0.01)
(0.7371875 -0.15625 0.01)
(0.7371875 -0.15030610124999996 0.01)
(0.7371875 1.15030610125 0.01)
(0.7371875 1.15625 0.01)
(0.75 -0.15030610124999996 0.01)
(0.75 -0.10645927499999999 0.01)
(0.75 -0.07817099999999999 0.01)
(0.75 -0.059920499999999995 0.01)
(0.75 -0.041669999999999999 0.01)
(0.75 -0.0258 0.01)
(0.75 -0.012 0.01)
(0.75 0 0.01)
(0.75 1 0.01)
(0.75 1.012 0.01)
(0.75 1.0258 0.01)
(0.75 1.0416700000000001 0.01)
(0.75 1.0599205 0.01)
(0.75 1.078171 0.01)
(0.75 1.106459275 0.01)
(0.75 1.15030610125 0.01)
(0.75312500000000004 -0.203125 0.01)
(0.75312500000000004 -0.1796875 0.01)
(0.75312500000000004 -0.15625 0.01)
(0.75312500000000004 -0.15030610124999996 0.01)
(0.75312500000000004 1.15030610125 0.01)
(0.75312500000000004 1.15625 0.01)
(0.75312500000000004 1.1796875 0.01)
(0.75312500000000004 1.203125 0.01)
(0.76906249999999998 -0.15625 0.01)
(0.76906249999999998 -0.15030610124999996 0.01)
(0.76906249999999998 1.15030610125 0.01)
(0.76906249999999998 1.15625 0.01)
(0.78125 -0.15030610124999996 0.01)
(0.78125 -0.10645927499999999 0.01)
(0.78125 -0.07817099999999999 0.01)
(0.78125 -0.059920499999999995 0.01)
(0.78125 -0.041669999999999999 0.01)
(0.78125 -0.0258 0.01)
(0.78125 -0.012 0.01)
(0.78125 0 0.01)
(0.78125 1 0.01)
(0.78125 1.012 0.01)
(0.78125 1.0258 0.01)
(0.78125 1.0416700000000001 0.01)
(0.78125 1.0599205 0.01)
(0.78125 1.078171 0.01)
(0.78125 1.106459275 0.01)
(0.78125 1.15030610125 0.01)
(0.78500000000000003 -0.625 0.01)
(0.78500000000000003 -0.4375 0.01)
(0.78500000000000003 -0.34375 0.01)
(0.78500000000000003 -0.25 0.01)
(0.78500000000000003 -0.203125 0.01)
(0.78500000000000003 -0.1796875 0.01)
(0.78500000000000003 -0.15625 0.01)
(0.78500000000000003 -0.15030610124999996 0.01)
(0.78500000000000003 1.15030610125 0.01)
(0.78500000000000003 1.15625 0.01)
(0.78500000000000003 1.1796875 0.01)
(0.78500000000000003 1.203125 0.01)
(0.78500000000000003 1.25 0.01)
(0.78500000000000003 1.34375 0.01)
(0.78500000000000003 1.4375 0.01)
(0.78500000000000003 1.625 0.01)
(0.80093750000000008 -0.15625 0.01)
(0.80093750000000008 -0.15030610124999996 0.01)
(0.80093750000000008 1.15030610125 0.01)
(0.80093750000000008 1.15625 0.01)
(0.8125 -0.15030610124999996 0.01)
(0.8125 -0.14453125 0.01)
(0.8125 -0.1328125 0.01)
(0.8125 -0.12109375 0.01)
(0.8125 -0.10645927499999999 0.01)
(0.8125 -0.07817099999999999 0.01)
(0.8125 -0.059920499999999995 0.01)
(0.8125 -0.041669999999999999 0.01)
(0.8125 -0.0258 0.01)
(0.8125 -0.012 0.01)
(0.8125 0 0.01)
(0.8125 1 0.01)
(0.8125 1.012 0.01)
(0.8125 1.0258 0.01)
(0.8125 1.0416700000000001 0.01)
(0.8125 1.0599205 0.01)
(0.8125 1.078171 0.01)
(0.8125 1.106459275 0.01)
(0.8125 1.12109375 0.01)
(0.8125 1.1328125 0.01)
(0.8125 1.14453125 0.01)
(0.8125 1.15030610125 0.01)
(0.81687500000000002 -0.203125 0.01)
(0.81687500000000002 -0.1796875 0.01)
(0.81687500000000002 -0.15625 0.01)
(0.81687500000000002 -0.14453125 0.01)
(0.81687500000000002 -0.1328125 0.01)
(0.81687500000000002 -0.12109375 0.01)
(0.81687500000000002 -0.109375 0.01)
(0.81687500000000002 -0.10645927499999999 0.01)
(0.81687500000000002 1.106459275 0.01)
(0.81687500000000002 1.109375 0.01)
(0.81687500000000002 1.12109375 0.01)
(0.81687500000000002 1.1328125 0.01)
(0.81687500000000002 1.14453125 0.01)
(0.81687500000000002 1.15625 0.01)
(0.81687500000000002 1.1796875 0.01)
(0.81687500000000002 1.203125 0.01)
(0.83281250000000007 -0.109375 0.01)
(0.83281250000000007 -0.10645927499999999 0.01)
(0.83281250000000007 1.106459275 0.01)
(0.83281250000000007 1.109375 0.01)
(0.84375 -0.10645927499999999 0.01)
(0.84375 -0.09765625 0.01)
(0.84375 -0.0859375 0.01)
(0.84375 -0.07817099999999999 0.01)
(0.84375 -0.059920499999999995 0.01)
(0.84375 -0.041669999999999999 0.01)
(0.84375 -0.0258 0.01)
(0.84375 -0.012 0.01)
(0.84375 0 0.01)
(0.84375 1 0.01)
(0.84375 1.012 0.01)
(0.84375 1.0258 0.01)
(0.84375 1.0416700000000001 0.01)
(0.84375 1.0599205 0.01)
(0.84375 1.078171 0.01)
(0.84375 1.0859375 0.01)
(0.84375 1.09765625 0.01)
(0.84375 1.106459275 0.01)
(0.84875 -0.25 0.01)
(0.84875 -0.203125 0.01)
(0.84875 -0.1796875 0.01)
(0.84875 -0.15625 0.01)
(0.84875 -0.1328125 0.01)
(0.84875 -0.109375 0.01)
(0.84875 -0.09765625 0.01)
(0.84875 -0.0859375 0.01)
(0.84875 -0.07817099999999999 0.01)
(0.84875 1.078171 0.01)
(0.84875 1.0859375 0.01)
(0.84875 1.09765625 0.01)
(0.84875 1.109375 0.01)
(0.84875 1.1328125 0.01)
(0.84875 1.15625 0.01)
(0.84875 1.1796875 0.01)
(0.84875 1.203125 0.01)
(0.84875 1.25 0.01)
(0.86468750000000005 -0.0859375 0.01)
(0.86468750000000005 -0.07817099999999999 0.01)
(0.86468750000000005 1.078171 0.01)
(0.86468750000000005 1.0859375 0.01)
(0.875 -0.07817099999999999 0.01)
(0.875 -0.07421875 0.01)
(0.875 -0.059920499999999995 0.01)
(0.875 -0.041669999999999999 0.01)
(0.875 -0.0258 0.01)
(0.875 -0.012 0.01)
(0.875 0 0.01)
(0.875 1 0.01)
(0.875 1.012 0.01)
(0.875 1.0258 0.01)
(0.875 1.0416700000000001 0.01)
(0.875 1.0599205 0.01)
(0.875 1.07421875 0.01)
(0.875 1.078171 0.01)
(0.88062499999999999 -0.109375 0.01)
(0.88062499999999999 -0.0859375 0.01)
(0.88062499999999999 -0.07421875 0.01)
(0.88062499999999999 -0.0625 0.01)
(0.88062499999999999 -0.059920499999999995 0.01)
(0.88062499999999999 1.0599205 0.01)
(0.88062499999999999 1.0625 0.01)
(0.88062499999999999 1.07421875 0.01)
(0.88062499999999999 1.0859375 0.01)
(0.88062499999999999 1.109375 0.01)
(0.89656250000000004 -0.0625 0.01)
(0.89656250000000004 -0.059920499999999995 0.01)
(0.89656250000000004 1.0599205 0.01)
(0.89656250000000004 1.0625 0.01)
(0.90625 -0.059920499999999995 0.01)
(0.90625 -0.05078125 0.01)
(0.90625 -0.041669999999999999 0.01)
(0.90625 -0.0258 0.01)
(0.90625 -0.012 0.01)
(0.90625 0 0.01)
(0.90625 1 0.01)
(0.90625 1.012 0.01)
(0.90625 1.0258 0.01)
(0.90625 1.0416700000000001 0.01)
(0.90625 1.05078125 0.01)
(0.90625 1.0599205 0.01)
(0.91250000000000009 -0.4375 0.01)
(0.91250000000000009 -0.34375 0.01)
(0.91250000000000009 -0.25 0.01)
(0.91250000000000009 -0.203125 0.01)
(0.91250000000000009 -0.15625 0.01)
(0.91250000000000009 -0.109375 0.01)
(0.91250000000000009 -0.0859375 0.01)
(0.91250000000000009 -0.0625 0.01)
(0.91250000000000009 -0.05078125 0.01)
(0.91250000000000009 -0.041669999999999999 0.01)
(0.91250000000000009 1.0416700000000001 0.01)
(0.91250000000000009 1.05078125 0.01)
(0.91250000000000009 1.0625 0.01)
(0.91250000000000009 1.0859375 0.01)
(0.91250000000000009 1.109375 0.01)
(0.91250000000000009 1.15625 0.01)
(0.91250000000000009 1.203125 0.01)
(0.91250000000000009 1.25 0.01)
(0.91250000000000009 1.34375 0.01)
(0.91250000000000009 1.4375 0.01)
(0.92843750000000003 -0.0625 0.01)
(0.92843750000000003 -0.05078125 0.01)
(0.92843750000000003 -0.041669999999999999 0.01)
(0.92843750000000003 1.0416700000000001 0.01)
(0.92843750000000003 1.05078125 0.01)
(0.92843750000000003 1.0625 0.01)
(0.9375 -0.041669999999999999 0.01)
(0.9375 -0.0390625 0.01)
(0.9375 -0.0258 0.01)
(0.9375 -0.012 0.01)
(0.9375 0 0.01)
(0.9375 1 0.01)
(0.9375 1.012 0.01)
(0.9375 1.0258 0.01)
(0.9375 1.0390625 0.01)
(0.9375 1.0416700000000001 0.01)
(0.94437500000000008 -0.109375 0.01)
(0.94437500000000008 -0.0859375 0.01)
(0.94437500000000008 -0.0625 0.01)
(0.94437500000000008 -0.05078125 0.01)
(0.94437500000000008 -0.0390625 0.01)
(0.94437500000000008 -0.02734375 0.01)
(0.94437500000000008 -0.0258 0.01)
(0.94437500000000008 1.0258 0.01)
(0.94437500000000008 1.02734375 0.01)
(0.94437500000000008 1.0390625 0.01)
(0.94437500000000008 1.05078125 0.01)
(0.94437500000000008 1.0625 0.01)
(0.94437500000000008 1.0859375 0.01)
(0.94437500000000008 1.109375 0.01)
(0.96031250000000001 -0.0390625 0.01)
(0.96031250000000001 -0.02734375 0.01)
(0.96031250000000001 -0.0258 0.01)
(0.96031250000000001 1.0258 0.01)
(0.96031250000000001 1.02734375 0.01)
(0.96031250000000001 1.0390625 0.01)
(0.96875 -0.0258 0.01)
(0.96875 -0.015625 0.01)
(0.96875 -0.012 0.01)
(0.96875 0 0.01)
(0.96875 1 0.01)
(0.96875 1.012 0.01)
(0.96875 1.015625 0.01)
(0.96875 1.0258 0.01)
(0.97625000000000006 -0.15625 0.01)
(0.97625000000000006 -0.109375 0.01)
(0.97625000000000006 -0.0859375 0.01)
(0.97625000000000006 -0.0625 0.01)
(0.97625000000000006 -0.0390625 0.01)
(0.97625000000000006 -0.02734375 0.01)
(0.97625000000000006 -0.015625 0.01)
(0.97625000000000006 -0.012 0.01)
(0.97625000000000006 1.012 0.01)
(0.97625000000000006 1.015625 0.01)
(0.97625000000000006 1.02734375 0.01)
(0.97625000000000006 1.0390625 0.01)
(0.97625000000000006 1.0625 0.01)
(0.97625000000000006 1.0859375 0.01)
(0.97625000000000006 1.109375 0.01)
(0.97625000000000006 1.15625 0.01)
(0.9921875 -0.015625 0.01)
(0.9921875 -0.012 0.01)
(0.9921875 1.012 0.01)
(0.9921875 1.015625 0.01)
(1 0 0.01)
(1 0.03125 0.01)
(1 0.0625 0.01)
(1 0.09375 0.01)
(1 0.125 0.01)
(1 0.15625 0.01)
(1 0.1875 0.01)
(1 0.21875 0.01)
(1 0.25 0.01)
(1 0.28125 0.01)
(1 0.3125 0.01)
(1 0.34375 0.01)
(1 0.375 0.01)
(1 0.40625 0.01)
(1 0.4375 0.01)
(1 0.46875 0.01)
(1 0.5 0.01)
(1 0.53125 0.01)
(1 0.5625 0.01)
(1 0.59375 0.01)
(1 0.625 0.01)
(1 0.65625 0.01)
(1 0.6875 0.01)
(1 0.71875 0.01)
(1 0.75 0.01)
(1 0.78125 0.01)
(1 0.8125 0.01)
(1 0.84375 0.01)
(1 0.875 0.01)
(1 0.90625 0.01)
(1 0.9375 0.01)
(1 0.96875 0.01)
(1 1 0.01)
(1.0081249999999999 -0.0625 0.01)
(1.0081249999999999 -0.0390625 0.01)
(1.0081249999999999 -0.015625 0.01)
(1.0081249999999999 -0.012 0.01)
(1.0081249999999999 1.012 0.01)
(1.0081249999999999 1.015625 0.01)
(1.0081249999999999 1.0390625 0.01)
(1.0081249999999999 1.0625 0.01)
(1.012 -0.012 0.01)
(1.012 -0.00390625 0.01)
(1.012 0.0078125 0.01)
(1.012 0.01953125 0.01)
(1.012 0.03125 0.01)
(1.012 0.0625 0.01)
(1.012 0.09375 0.01)
(1.012 0.125 0.01)
(1.012 0.15625 0.01)
(1.012 0.1875 0.01)
(1.012 0.21875 0.01)
(1.012 0.25 0.01)
(1.012 0.28125 0.01)
(1.012 0.3125 0.01)
(1.012 0.34375 0.01)
(1.012 0.375 0.01)
(1.012 0.40625 0.01)
(1.012 0.4375 0.01)
(1.012 0.46875 0.01)
(1.012 0.5 0.01)
(1.012 0.53125 0.01)
(1.012 0.5625 0.01)
(1.012 0.59375 0.01)
(1.012 0.625 0.01)
(1.012 0.65625 0.01)
(1.012 0.6875 0.01)
(1.012 0.71875 0.01)
(1.012 0.75 0.01)
(1.012 0.78125 0.01)
(1.012 0.8125 0.01)
(1.012 0.84375 0.01)
(1.012 0.875 0.01)
(1.012 0.90625 0.01)
(1.012 0.9375 0.01)
(1.012 0.96875 0.01)
(1.012 0.98046875 0.01)
(1.012 0.9921875 0.01)
(1.012 1.00390625 0.01)
(1.012 1.012 0.01)
(1.0240625000000001 -0.015625 0.01)
(1.0240625000000001 -0.00390625 0.01)
(1.0240625000000001 0.0078125 0.01)
(1.0240625000000001 0.01953125 0.01)
(1.0240625000000001 0.03125 0.01)
(1.0240625000000001 0.96875 0.01)
(1.0240625000000001 0.98046875 0.01)
(1.0240625000000001 0.9921875 0.01)
(1.0240625000000001 1.00390625 0.01)
(1.0240625000000001 1.015625 0.01)
(1.0258 0.03125 0.01)
(1.0258 0.04296875 0.01)
(1.0258 0.0546875 0.01)
(1.0258 0.0625 0.01)
(1.0258 0.06640625 0.01)
(1.0258 0.078125 0.01)
(1.0258 0.08984375 0.01)
(1.0258 0.09375 0.01)
(1.0258 0.1015625 0.01)
(1.0258 0.11328125 0.01)
(1.0258 0.125 0.01)
(1.0258 0.13671875 0.01)
(1.0258 0.1484375 0.01)
(1.0258 0.15625 0.01)
(1.0258 0.16015625 0.01)
(1.0258 0.171875 0.01)
(1.0258 0.18359375 0.01)
(1.0258 0.1875 0.01)
(1.0258 0.1953125 0.01)
(1.0258 0.20703125 0.01)
(1.0258 0.21875 0.01)
(1.0258 0.23046875 0.01)
(1.0258 0.2421875 0.01)
(1.0258 0.25 0.01)
(1.0258 0.25390625 0.01)
(1.0258 0.265625 0.01)
(1.0258 0.27734375 0.01)
(1.0258 0.28125 0.01)
(1.0258 0.2890625 0.01)
(1.0258 0.30078125 0.01)
(1.0258 0.3125 0.01)
(1.0258 0.32421875 0.01)
(1.0258 0.3359375 0.01)
(1.0258 0.34375 0.01)
(1.0258 0.34765625 0.01)
(1.0258 0.359375 0.01)
(1.0258 0.37109375 0.01)
(1.0258 0.375 0.01)
(1.0258 0.3828125 0.01)
(1.0258 0.39453125 0.01)
(1.0258 0.40625 0.01)
(1.0258 0.41796875 0.01)
(1.0258 0.4296875 0.01)
(1.0258 0.4375 0.01)
(1.0258 0.44140625 0.01)
(1.0258 0.453125 0.01)
(1.0258 0.46484375 0.01)
(1.0258 0.46875 0.01)
(1.0258 0.4765625 0.01)
(1.0258 0.48828125 0.01)
(1.0258 0.5 0.01)
(1.0258 0.51171875 0.01)
(1.0258 0.5234375 0.01)
(1.0258 0.53125 0.01)
(1.0258 0.53515625 0.01)
(1.0258 0.546875 0.01)
(1.0258 0.55859375 0.01)
(1.0258 0.5625 0.01)
(1.0258 0.5703125 0.01)
(1.0258 0.58203125 0.01)
(1.0258 0.59375 0.01)
(1.0258 0.60546875 0.01)
(1.0258 0.6171875 0.01)
(1.0258 0.625 0.01)
(1.0258 0.62890625 0.01)
(1.0258 0.640625 0.01)
(1.0258 0.65234375 0.01)
(1.0258 0.65625 0.01)
(1.0258 0.6640625 0.01)
(1.0258 0.67578125 0.01)
(1.0258 0.6875 0.01)
(1.0258 0.69921875 0.01)
(1.0258 0.7109375 0.01)
(1.0258 0.71875 0.01)
(1.0258 0.72265625 0.01)
(1.0258 0.734375 0.01)
(1.0258 0.74609375 0.01)
(1.0258 0.75 0.01)
(1.0258 0.7578125 0.01)
(1.0258 0.76953125 0.01)
(1.0258 0.78125 0.01)
(1.0258 0.79296875 0.01)
(1.0258 0.8046875 0.01)
(1.0258 0.8125 0.01)
(1.0258 0.81640625 0.01)
(1.0258 0.828125 0.01)
(1.0258 0.83984375 0.01)
(1.0258 0.84375 0.01)
(1.0258 0.8515625 0.01)
(1.0258 0.86328125 0.01)
(1.0258 0.875 0.01)
(1.0258 0.88671875 0.01)
(1.0258 0.8984375 0.01)
(1.0258 0.90625 0.01)
(1.0258 0.91015625 0.01)
(1.0258 0.921875 0.01)
(1.0258 0.93359375 0.01)
(1.0258 0.9375 0.01)
(1.0258 0.9453125 0.01)
(1.0258 0.95703125 0.01)
(1.0258 0.96875 0.01)
(1.04 -1 0.01)
(1.04 -0.625 0.01)
(1.04 -0.4375 0.01)
(1.04 -0.34375 0.01)
(1.04 -0.25 0.01)
(1.04 -0.15625 0.01)
(1.04 -0.109375 0.01)
(1.04 -0.0625 0.01)
(1.04 -0.0390625 0.01)
(1.04 -0.015625 0.01)
(1.04 -0.00390625 0.01)
(1.04 0.0078125 0.01)
(1.04 0.01953125 0.01)
(1.04 0.03125 0.01)
(1.04 0.04296875 0.01)
(1.04 0.0546875 0.01)
(1.04 0.06640625 0.01)
(1.04 0.078125 0.01)
(1.04 0.08984375 0.01)
(1.04 0.1015625 0.01)
(1.04 0.11328125 0.01)
(1.04 0.125 0.01)
(1.04 0.13671875 0.01)
(1.04 0.1484375 0.01)
(1.04 0.16015625 0.01)
(1.04 0.171875 0.01)
(1.04 0.18359375 0.01)
(1.04 0.1953125 0.01)
(1.04 0.20703125 0.01)
(1.04 0.21875 0.01)
(1.04 0.23046875 0.01)
(1.04 0.2421875 0.01)
(1.04 0.25390625 0.01)
(1.04 0.265625 0.01)
(1.04 0.27734375 0.01)
(1.04 0.2890625 0.01)
(1.04 0.30078125 0.01)
(1.04 0.3125 0.01)
(1.04 0.32421875 0.01)
(1.04 0.3359375 0.01)
(1.04 0.34765625 0.01)
(1.04 0.359375 0.01)
(1.04 0.37109375 0.01)
(1.04 0.3828125 0.01)
(1.04 0.39453125 0.01)
(1.04 0.40625 0.01)
(1.04 0.41796875 0.01)
(1.04 0.4296875 0.01)
(1.04 0.44140625 0.01)
(1.04 0.453125 0.01)
(1.04 0.46484375 0.01)
(1.04 0.4765625 0.01)
(1.04 0.48828125 0.01)
(1.04 0.5 0.01)
(1.04 0.51171875 0.01)
(1.04 0.5234375 0.01)
(1.04 0.53515625 0.01)
(1.04 0.546875 0.01)
(1.04 0.55859375 0.01)
(1.04 0.5703125 0.01)
(1.04 0.58203125 0.01)
(1.04 0.59375 0.01)
(1.04 0.60546875 0.01)
(1.04 0.6171875 0.01)
(1.04 0.62890625 0.01)
(1.04 0.640625 0.01)
(1.04 0.65234375 0.01)
(1.04 0.6640625 0.01)
(1.04 0.67578125 0.01)
(1.04 0.6875 0.01)
(1.04 0.69921875 0.01)
(1.04 0.7109375 0.01)
(1.04 0.72265625 0.01)
(1.04 0.734375 0.01)
(1.04 0.74609375 0.01)
(1.04 0.7578125 0.01)
(1.04 0.76953125 0.01)
(1.04 0.78125 0.01)
(1.04 0.79296875 0.01)
(1.04 0.8046875 0.01)
(1.04 0.81640625 0.01)
(1.04 0.828125 0.01)
(1.04 0.83984375 0.01)
(1.04 0.8515625 0.01)
(1.04 0.86328125 0.01)
(1.04 0.875 0.01)
(1.04 0.88671875 0.01)
(1.04 0.8984375 0.01)
(1.04 0.91015625 0.01)
(1.04 0.921875 0.01)
(1.04 0.93359375 0.01)
(1.04 0.9453125 0.01)
(1.04 0.95703125 0.01)
(1.04 0.96875 0.01)
(1.04 0.98046875 0.01)
(1.04 0.9921875 0.01)
(1.04 1.00390625 0.01)
(1.04 1.015625 0.01)
(1.04 1.0390625 0.01)
(1.04 1.0625 0.01)
(1.04 1.109375 0.01)
(1.04 1.15625 0.01)
(1.04 1.25 0.01)
(1.04 1.34375 0.01)
(1.04 1.4375 0.01)
(1.04 1.625 0.01)
(1.04 2 0.01)
(1.0542 0.03125 0.01)
(1.0542 0.04296875 0.01)
(1.0542 0.0546875 0.01)
(1.0542 0.0625 0.01)
(1.0542 0.06640625 0.01)
(1.0542 0.078125 0.01)
(1.0542 0.08984375 0.01)
(1.0542 0.09375 0.01)
(1.0542 0.1015625 0.01)
(1.0542 0.11328125 0.01)
(1.0542 0.125 0.01)
(1.0542 0.13671875 0.01)
(1.0542 0.1484375 0.01)
(1.0542 0.15625 0.01)
(1.0542 0.16015625 0.01)
(1.0542 0.171875 0.01)
(1.0542 0.18359375 0.01)
(1.0542 0.1875 0.01)
(1.0542 0.1953125 0.01)
(1.0542 0.20703125 0.01)
(1.0542 0.21875 0.01)
(1.0542 0.23046875 0.01)
(1.0542 0.2421875 0.01)
(1.0542 0.25 0.01)
(1.0542 0.25390625 0.01)
(1.0542 0.265625 0.01)
(1.0542 0.27734375 0.01)
(1.0542 0.28125 0.01)
(1.0542 0.2890625 0.01)
(1.0542 0.30078125 0.01)
(1.0542 0.3125 0.01)
(1.0542 0.32421875 0.01)
(1.0542 0.3359375 0.01)
(1.0542 0.34375 0.01)
(1.0542 0.34765625 0.01)
(1.0542 0.359375 0.01)
(1.0542 0.37109375 0.01)
(1.0542 0.375 0.01)
(1.0542 0.3828125 0.01)
(1.0542 0.39453125 0.01)
(1.0542 0.40625 0.01)
(1.0542 0.41796875 0.01)
(1.0542 0.4296875 0.01)
(1.0542 0.4375 0.01)
(1.0542 0.44140625 0.01)
(1.0542 0.453125 0.01)
(1.0542 0.46484375 0.01)
(1.0542 0.46875 0.01)
(1.0542 0.4765625 0.01)
(1.0542 0.48828125 0.01)
(1.0542 0.5 0.01)
(1.0542 0.51171875 0.01)
(1.0542 0.5234375 0.01)
(1.0542 0.53125 0.01)
(1.0542 0.53515625 0.01)
(1.0542 0.546875 0.01)
(1.0542 0.55859375 0.01)
(1.0542 0.5625 0.01)
(1.0542 0.5703125 0.01)
(1.0542 0.58203125 0.01)
(1.0542 0.59375 0.01)
(1.0542 0.60546875 0.01)
(1.0542 0.6171875 0.01)
(1.0542 0.625 0.01)
(1.0542 0.62890625 0.01)
(1.0542 0.640625 0.01)
(1.0542 0.65234375 0.01)
(1.0542 0.65625 0.01)
(1.0542 0.6640625 0.01)
(1.0542 0.67578125 0.01)
(1.0542 0.6875 0.01)
(1.0542 0.69921875 0.01)
(1.0542 0.7109375 0.01)
(1.0542 0.71875 0.01)
(1.0542 0.72265625 0.01)
(1.0542 0.734375 0.01)
(1.0542 0.74609375 0.01)
(1.0542 0.75 0.01)
(1.0542 0.7578125 0.01)
(1.0542 0.76953125 0.01)
(1.0542 0.78125 0.01)
(1.0542 0.79296875 0.01)
(1.0542 0.8046875 0.01)
(1.0542 0.8125 0.01)
(1.0542 0.81640625 0.01)
(1.0542 0.828125 0.01)
(1.0542 0.83984375 0.01)
(1.0542 0.84375 0.01)
(1.0542 0.8515625 0.01)
(1.0542 0.86328125 0.01)
(1.0542 0.875 0.01)
(1.0542 0.88671875 0.01)
(1.0542 0.8984375 0.01)
(1.0542 0.90625 0.01)
(1.0542 0.91015625 0.01)
(1.0542 0.921875 0.01)
(1.0542 0.93359375 0.01)
(1.0542 0.9375 0.01)
(1.0542 0.9453125 0.01)
(1.0542 0.95703125 0.01)
(1.0542 0.96875 0.01)
(1.0559375 -0.015625 0.01)
(1.0559375 -0.00390625 0.01)
(1.0559375 0.0078125 0.01)
(1.0559375 0.01953125 0.01)
(1.0559375 0.03125 0.01)
(1.0559375 0.96875 0.01)
(1.0559375 0.98046875 0.01)
(1.0559375 0.9921875 0.01)
(1.0559375 1.00390625 0.01)
(1.0559375 1.015625 0.01)
(1.0680000000000001 -0.012 0.01)
(1.0680000000000001 -0.00390625 0.01)
(1.0680000000000001 0.0078125 0.01)
(1.0680000000000001 0.01953125 0.01)
(1.0680000000000001 0.03125 0.01)
(1.0680000000000001 0.0625 0.01)
(1.0680000000000001 0.09375 0.01)
(1.0680000000000001 0.125 0.01)
(1.0680000000000001 0.15625 0.01)
(1.0680000000000001 0.1875 0.01)
(1.0680000000000001 0.21875 0.01)
(1.0680000000000001 0.25 0.01)
(1.0680000000000001 0.28125 0.01)
(1.0680000000000001 0.3125 0.01)
(1.0680000000000001 0.34375 0.01)
(1.0680000000000001 0.375 0.01)
(1.0680000000000001 0.40625 0.01)
(1.0680000000000001 0.4375 0.01)
(1.0680000000000001 0.46875 0.01)
(1.0680000000000001 0.5 0.01)
(1.0680000000000001 0.53125 0.01)
(1.0680000000000001 0.5625 0.01)
(1.0680000000000001 0.59375 0.01)
(1.0680000000000001 0.625 0.01)
(1.0680000000000001 0.65625 0.01)
(1.0680000000000001 0.6875 0.01)
(1.0680000000000001 0.71875 0.01)
(1.0680000000000001 0.75 0.01)
(1.0680000000000001 0.78125 0.01)
(1.0680000000000001 0.8125 0.01)
(1.0680000000000001 0.84375 0.01)
(1.0680000000000001 0.875 0.01)
(1.0680000000000001 0.90625 0.01)
(1.0680000000000001 0.9375 0.01)
(1.0680000000000001 0.96875 0.01)
(1.0680000000000001 0.98046875 0.01)
(1.0680000000000001 0.9921875 0.01)
(1.0680000000000001 1.00390625 0.01)
(1.0680000000000001 1.012 0.01)
(1.0718750000000001 -0.0625 0.01)
(1.0718750000000001 -0.0390625 0.01)
(1.0718750000000001 -0.015625 0.01)
(1.0718750000000001 -0.012 0.01)
(1.0718750000000001 1.012 0.01)
(1.0718750000000001 1.015625 0.01)
(1.0718750000000001 1.0390625 0.01)
(1.0718750000000001 1.0625 0.01)
(1.0800000000000001 0 0.01)
(1.0800000000000001 0.03125 0.01)
(1.0800000000000001 0.0625 0.01)
(1.0800000000000001 0.09375 0.01)
(1.0800000000000001 0.125 0.01)
(1.0800000000000001 0.15625 0.01)
(1.0800000000000001 0.1875 0.01)
(1.0800000000000001 0.21875 0.01)
(1.0800000000000001 0.25 0.01)
(1.0800000000000001 0.28125 0.01)
(1.0800000000000001 0.3125 0.01)
(1.0800000000000001 0.34375 0.01)
(1.0800000000000001 0.375 0.01)
(1.0800000000000001 0.40625 0.01)
(1.0800000000000001 0.4375 0.01)
(1.0800000000000001 0.46875 0.01)
(1.0800000000000001 0.5 0.01)
(1.0800000000000001 0.53125 0.01)
(1.0800000000000001 0.5625 0.01)
(1.0800000000000001 0.59375 0.01)
(1.0800000000000001 0.625 0.01)
(1.0800000000000001 0.65625 0.01)
(1.0800000000000001 0.6875 0.01)
(1.0800000000000001 0.71875 0.01)
(1.0800000000000001 0.75 0.01)
(1.0800000000000001 0.78125 0.01)
(1.0800000000000001 0.8125 0.01)
(1.0800000000000001 0.84375 0.01)
(1.0800000000000001 0.875 0.01)
(1.0800000000000001 0.90625 0.01)
(1.0800000000000001 0.9375 0.01)
(1.0800000000000001 0.96875 0.01)
(1.0800000000000001 1 0.01)
(1.0878125000000001 -0.015625 0.01)
(1.0878125000000001 -0.012 0.01)
(1.0878125000000001 1.012 0.01)
(1.0878125000000001 1.015625 0.01)
(1.10375 -0.15625 0.01)
(1.10375 -0.109375 0.01)
(1.10375 -0.0859375 0.01)
(1.10375 -0.0625 0.01)
(1.10375 -0.0390625 0.01)
(1.10375 -0.02734375 0.01)
(1.10375 -0.015625 0.01)
(1.10375 -0.012 0.01)
(1.10375 1.012 0.01)
(1.10375 1.015625 0.01)
(1.10375 1.02734375 0.01)
(1.10375 1.0390625 0.01)
(1.10375 1.0625 0.01)
(1.10375 1.0859375 0.01)
(1.10375 1.109375 0.01)
(1.10375 1.15625 0.01)
(1.1112500000000001 -0.0258 0.01)
(1.1112500000000001 -0.015625 0.01)
(1.1112500000000001 -0.012 0.01)
(1.1112500000000001 0 0.01)
(1.1112500000000001 1 0.01)
(1.1112500000000001 1.012 0.01)
(1.1112500000000001 1.015625 0.01)
(1.1112500000000001 1.0258 0.01)
(1.1196874999999999 -0.0390625 0.01)
(1.1196874999999999 -0.02734375 0.01)
(1.1196874999999999 -0.0258 0.01)
(1.1196874999999999 1.0258 0.01)
(1.1196874999999999 1.02734375 0.01)
(1.1196874999999999 1.0390625 0.01)
(1.1356250000000001 -0.109375 0.01)
(1.1356250000000001 -0.0859375 0.01)
(1.1356250000000001 -0.0625 0.01)
(1.1356250000000001 -0.05078125 0.01)
(1.1356250000000001 -0.0390625 0.01)
(1.1356250000000001 -0.02734375 0.01)
(1.1356250000000001 -0.0258 0.01)
(1.1356250000000001 1.0258 0.01)
(1.1356250000000001 1.02734375 0.01)
(1.1356250000000001 1.0390625 0.01)
(1.1356250000000001 1.05078125 0.01)
(1.1356250000000001 1.0625 0.01)
(1.1356250000000001 1.0859375 0.01)
(1.1356250000000001 1.109375 0.01)
(1.1425000000000001 -0.041669999999999999 0.01)
(1.1425000000000001 -0.0390625 0.01)
(1.1425000000000001 -0.0258 0.01)
(1.1425000000000001 -0.012 0.01)
(1.1425000000000001 0 0.01)
(1.1425000000000001 1 0.01)
(1.1425000000000001 1.012 0.01)
(1.1425000000000001 1.0258 0.01)
(1.1425000000000001 1.0390625 0.01)
(1.1425000000000001 1.0416700000000001 0.01)
(1.1515625 -0.0625 0.01)
(1.1515625 -0.05078125 0.01)
(1.1515625 -0.041669999999999999 0.01)
(1.1515625 1.0416700000000001 0.01)
(1.1515625 1.05078125 0.01)
(1.1515625 1.0625 0.01)
(1.1675 -0.4375 0.01)
(1.1675 -0.34375 0.01)
(1.1675 -0.25 0.01)
(1.1675 -0.203125 0.01)
(1.1675 -0.15625 0.01)
(1.1675 -0.109375 0.01)
(1.1675 -0.0859375 0.01)
(1.1675 -0.0625 0.01)
(1.1675 -0.05078125 0.01)
(1.1675 -0.041669999999999999 0.01)
(1.1675 1.0416700000000001 0.01)
(1.1675 1.05078125 0.01)
(1.1675 1.0625 0.01)
(1.1675 1.0859375 0.01)
(1.1675 1.109375 0.01)
(1.1675 1.15625 0.01)
(1.1675 1.203125 0.01)
(1.1675 1.25 0.01)
(1.1675 1.34375 0.01)
(1.1675 1.4375 0.01)
(1.1737500000000001 -0.059920499999999995 0.01)
(1.1737500000000001 -0.05078125 0.01)
(1.1737500000000001 -0.041669999999999999 0.01)
(1.1737500000000001 -0.0258 0.01)
(1.1737500000000001 -0.012 0.01)
(1.1737500000000001 0 0.01)
(1.1737500000000001 1 0.01)
(1.1737500000000001 1.012 0.01)
(1.1737500000000001 1.0258 0.01)
(1.1737500000000001 1.0416700000000001 0.01)
(1.1737500000000001 1.05078125 0.01)
(1.1737500000000001 1.0599205 0.01)
(1.1834375000000001 -0.0625 0.01)
(1.1834375000000001 -0.059920499999999995 0.01)
(1.1834375000000001 1.0599205 0.01)
(1.1834375000000001 1.0625 0.01)
(1.1993750000000001 -0.109375 0.01)
(1.1993750000000001 -0.0859375 0.01)
(1.1993750000000001 -0.07421875 0.01)
(1.1993750000000001 -0.0625 0.01)
(1.1993750000000001 -0.059920499999999995 0.01)
(1.1993750000000001 1.0599205 0.01)
(1.1993750000000001 1.0625 0.01)
(1.1993750000000001 1.07421875 0.01)
(1.1993750000000001 1.0859375 0.01)
(1.1993750000000001 1.109375 0.01)
(1.2050000000000001 -0.07817099999999999 0.01)
(1.2050000000000001 -0.07421875 0.01)
(1.2050000000000001 -0.059920499999999995 0.01)
(1.2050000000000001 -0.041669999999999999 0.01)
(1.2050000000000001 -0.0258 0.01)
(1.2050000000000001 -0.012 0.01)
(1.2050000000000001 0 0.01)
(1.2050000000000001 1 0.01)
(1.2050000000000001 1.012 0.01)
(1.2050000000000001 1.0258 0.01)
(1.2050000000000001 1.0416700000000001 0.01)
(1.2050000000000001 1.0599205 0.01)
(1.2050000000000001 1.07421875 0.01)
(1.2050000000000001 1.078171 0.01)
(1.2153125 -0.0859375 0.01)
(1.2153125 -0.07817099999999999 0.01)
(1.2153125 1.078171 0.01)
(1.2153125 1.0859375 0.01)
(1.23125 -0.25 0.01)
(1.23125 -0.203125 0.01)
(1.23125 -0.1796875 0.01)
(1.23125 -0.15625 0.01)
(1.23125 -0.1328125 0.01)
(1.23125 -0.109375 0.01)
(1.23125 -0.09765625 0.01)
(1.23125 -0.0859375 0.01)
(1.23125 -0.07817099999999999 0.01)
(1.23125 1.078171 0.01)
(1.23125 1.0859375 0.01)
(1.23125 1.09765625 0.01)
(1.23125 1.109375 0.01)
(1.23125 1.1328125 0.01)
(1.23125 1.15625 0.01)
(1.23125 1.1796875 0.01)
(1.23125 1.203125 0.01)
(1.23125 1.25 0.01)
(1.2362500000000001 -0.10645927499999999 0.01)
(1.2362500000000001 -0.09765625 0.01)
(1.2362500000000001 -0.0859375 0.01)
(1.2362500000000001 -0.07817099999999999 0.01)
(1.2362500000000001 -0.059920499999999995 0.01)
(1.2362500000000001 -0.041669999999999999 0.01)
(1.2362500000000001 -0.0258 0.01)
(1.2362500000000001 -0.012 0.01)
(1.2362500000000001 0 0.01)
(1.2362500000000001 1 0.01)
(1.2362500000000001 1.012 0.01)
(1.2362500000000001 1.0258 0.01)
(1.2362500000000001 1.0416700000000001 0.01)
(1.2362500000000001 1.0599205 0.01)
(1.2362500000000001 1.078171 0.01)
(1.2362500000000001 1.0859375 0.01)
(1.2362500000000001 1.09765625 0.01)
(1.2362500000000001 1.106459275 0.01)
(1.2471875000000001 -0.109375 0.01)
(1.2471875000000001 -0.10645927499999999 0.01)
(1.2471875000000001 1.106459275 0.01)
(1.2471875000000001 1.109375 0.01)
(1.2631250000000001 -0.203125 0.01)
(1.2631250000000001 -0.1796875 0.01)
(1.2631250000000001 -0.15625 0.01)
(1.2631250000000001 -0.14453125 0.01)
(1.2631250000000001 -0.1328125 0.01)
(1.2631250000000001 -0.12109375 0.01)
(1.2631250000000001 -0.109375 0.01)
(1.2631250000000001 -0.10645927499999999 0.01)
(1.2631250000000001 1.106459275 0.01)
(1.2631250000000001 1.109375 0.01)
(1.2631250000000001 1.12109375 0.01)
(1.2631250000000001 1.1328125 0.01)
(1.2631250000000001 1.14453125 0.01)
(1.2631250000000001 1.15625 0.01)
(1.2631250000000001 1.1796875 0.01)
(1.2631250000000001 1.203125 0.01)
(1.2675000000000001 -0.15030610124999996 0.01)
(1.2675000000000001 -0.14453125 0.01)
(1.2675000000000001 -0.1328125 0.01)
(1.2675000000000001 -0.12109375 0.01)
(1.2675000000000001 -0.10645927499999999 0.01)
(1.2675000000000001 -0.07817099999999999 0.01)
(1.2675000000000001 -0.059920499999999995 0.01)
(1.2675000000000001 -0.041669999999999999 0.01)
(1.2675000000000001 -0.0258 0.01)
(1.2675000000000001 -0.012 0.01)
(1.2675000000000001 0 0.01)
(1.2675000000000001 1 0.01)
(1.2675000000000001 1.012 0.01)
(1.2675000000000001 1.0258 0.01)
(1.2675000000000001 1.0416700000000001 0.01)
(1.2675000000000001 1.0599205 0.01)
(1.2675000000000001 1.078171 0.01)
(1.2675000000000001 1.106459275 0.01)
(1.2675000000000001 1.12109375 0.01)
(1.2675000000000001 1.1328125 0.01)
(1.2675000000000001 1.14453125 0.01)
(1.2675000000000001 1.15030610125 0.01)
(1.2790625 -0.15625 0.01)
(1.2790625 -0.15030610124999996 0.01)
(1.2790625 1.15030610125 0.01)
(1.2790625 1.15625 0.01)
(1.2949999999999999 -0.625 0.01)
(1.2949999999999999 -0.4375 0.01)
(1.2949999999999999 -0.34375 0.01)
(1.2949999999999999 -0.25 0.01)
(1.2949999999999999 -0.203125 0.01)
(1.2949999999999999 -0.1796875 0.01)
(1.2949999999999999 -0.15625 0.01)
(1.2949999999999999 -0.15030610124999996 0.01)
(1.2949999999999999 1.15030610125 0.01)
(1.2949999999999999 1.15625 0.01)
(1.2949999999999999 1.1796875 0.01)
(1.2949999999999999 1.203125 0.01)
(1.2949999999999999 1.25 0.01)
(1.2949999999999999 1.34375 0.01)
(1.2949999999999999 1.4375 0.01)
(1.2949999999999999 1.625 0.01)
(1.2987500000000001 -0.15030610124999996 0.01)
(1.2987500000000001 -0.10645927499999999 0.01)
(1.2987500000000001 -0.07817099999999999 0.01)
(1.2987500000000001 -0.059920499999999995 0.01)
(1.2987500000000001 -0.041669999999999999 0.01)
(1.2987500000000001 -0.0258 0.01)
(1.2987500000000001 -0.012 0.01)
(1.2987500000000001 0 0.01)
(1.2987500000000001 1 0.01)
(1.2987500000000001 1.012 0.01)
(1.2987500000000001 1.0258 0.01)
(1.2987500000000001 1.0416700000000001 0.01)
(1.2987500000000001 1.0599205 0.01)
(1.2987500000000001 1.078171 0.01)
(1.2987500000000001 1.106459275 0.01)
(1.2987500000000001 1.15030610125 0.01)
(1.3109375000000001 -0.15625 0.01)
(1.3109375000000001 -0.15030610124999996 0.01)
(1.3109375000000001 1.15030610125 0.01)
(1.3109375000000001 1.15625 0.01)
(1.326875 -0.203125 0.01)
(1.326875 -0.1796875 0.01)
(1.326875 -0.15625 0.01)
(1.326875 -0.15030610124999996 0.01)
(1.326875 1.15030610125 0.01)
(1.326875 1.15625 0.01)
(1.326875 1.1796875 0.01)
(1.326875 1.203125 0.01)
(1.3300000000000001 -0.15030610124999996 0.01)
(1.3300000000000001 -0.10645927499999999 0.01)
(1.3300000000000001 -0.07817099999999999 0.01)
(1.3300000000000001 -0.059920499999999995 0.01)
(1.3300000000000001 -0.041669999999999999 0.01)
(1.3300000000000001 -0.0258 0.01)
(1.3300000000000001 -0.012 0.01)
(1.3300000000000001 0 0.01)
(1.3300000000000001 1 0.01)
(1.3300000000000001 1.012 0.01)
(1.3300000000000001 1.0258 0.01)
(1.3300000000000001 1.0416700000000001 0.01)
(1.3300000000000001 1.0599205 0.01)
(1.3300000000000001 1.078171 0.01)
(1.3300000000000001 1.106459275 0.01)
(1.3300000000000001 1.15030610125 0.01)
(1.3428125 -0.15625 0.01)
(1.3428125 -0.15030610124999996 0.01)
(1.3428125 1.15030610125 0.01)
(1.3428125 1.15625 0.01)
(1.3587500000000001 -0.25 0.01)
(1.3587500000000001 -0.203125 0.01)
(1.3587500000000001 -0.1796875 0.01)
(1.3587500000000001 -0.15625 0.01)
(1.3587500000000001 -0.15030610124999996 0.01)
(1.3587500000000001 1.15030610125 0.01)
(1.3587500000000001 1.15625 0.01)
(1.3587500000000001 1.1796875 0.01)
(1.3587500000000001 1.203125 0.01)
(1.3587500000000001 1.25 0.01)
(1.3612500000000001 -0.15030610124999996 0.01)
(1.3612500000000001 -0.10645927499999999 0.01)
(1.3612500000000001 -0.07817099999999999 0.01)
(1.3612500000000001 -0.059920499999999995 0.01)
(1.3612500000000001 -0.041669999999999999 0.01)
(1.3612500000000001 -0.0258 0.01)
(1.3612500000000001 -0.012 0.01)
(1.3612500000000001 0 0.01)
(1.3612500000000001 1 0.01)
(1.3612500000000001 1.012 0.01)
(1.3612500000000001 1.0258 0.01)
(1.3612500000000001 1.0416700000000001 0.01)
(1.3612500000000001 1.0599205 0.01)
(1.3612500000000001 1.078171 0.01)
(1.3612500000000001 1.106459275 0.01)
(1.3612500000000001 1.15030610125 0.01)
(1.3746875000000001 -0.15625 0.01)
(1.3746875000000001 -0.15030610124999996 0.01)
(1.3746875000000001 1.15030610125 0.01)
(1.3746875000000001 1.15625 0.01)
(1.390625 -0.203125 0.01)
(1.390625 -0.1796875 0.01)
(1.390625 -0.15625 0.01)
(1.390625 -0.15030610124999996 0.01)
(1.390625 1.15030610125 0.01)
(1.390625 1.15625 0.01)
(1.390625 1.1796875 0.01)
(1.390625 1.203125 0.01)
(1.3925000000000001 -0.15030610124999996 0.01)
(1.3925000000000001 -0.10645927499999999 0.01)
(1.3925000000000001 -0.07817099999999999 0.01)
(1.3925000000000001 -0.059920499999999995 0.01)
(1.3925000000000001 -0.041669999999999999 0.01)
(1.3925000000000001 -0.0258 0.01)
(1.3925000000000001 -0.012 0.01)
(1.3925000000000001 0 0.01)
(1.3925000000000001 1 0.01)
(1.3925000000000001 1.012 0.01)
(1.3925000000000001 1.0258 0.01)
(1.3925000000000001 1.0416700000000001 0.01)
(1.3925000000000001 1.0599205 0.01)
(1.3925000000000001 1.078171 0.01)
(1.3925000000000001 1.106459275 0.01)
(1.3925000000000001 1.15030610125 0.01)
(1.4065624999999999 -0.15625 0.01)
(1.4065624999999999 -0.15030610124999996 0.01)
(1.4065624999999999 1.15030610125 0.01)
(1.4065624999999999 1.15625 0.01)
(1.4225000000000001 -0.4375 0.01)
(1.4225000000000001 -0.34375 0.01)
(1.4225000000000001 -0.25 0.01)
(1.4225000000000001 -0.203125 0.01)
(1.4225000000000001 -0.1796875 0.01)
(1.4225000000000001 -0.15625 0.01)
(1.4225000000000001 -0.15030610124999996 0.01)
(1.4225000000000001 1.15030610125 0.01)
(1.4225000000000001 1.15625 0.01)
(1.4225000000000001 1.1796875 0.01)
(1.4225000000000001 1.203125 0.01)
(1.4225000000000001 1.25 0.01)
(1.4225000000000001 1.34375 0.01)
(1.4225000000000001 1.4375 0.01)
(1.4237500000000001 -0.15030610124999996 0.01)
(1.4237500000000001 -0.10645927499999999 0.01)
(1.4237500000000001 -0.07817099999999999 0.01)
(1.4237500000000001 -0.059920499999999995 0.01)
(1.4237500000000001 -0.041669999999999999 0.01)
(1.4237500000000001 -0.0258 0.01)
(1.4237500000000001 -0.012 0.01)
(1.4237500000000001 0 0.01)
(1.4237500000000001 1 0.01)
(1.4237500000000001 1.012 0.01)
(1.4237500000000001 1.0258 0.01)
(1.4237500000000001 1.0416700000000001 0.01)
(1.4237500000000001 1.0599205 0.01)
(1.4237500000000001 1.078171 0.01)
(1.4237500000000001 1.106459275 0.01)
(1.4237500000000001 1.15030610125 0.01)
(1.4384375 -0.15625 0.01)
(1.4384375 -0.15030610124999996 0.01)
(1.4384375 1.15030610125 0.01)
(1.4384375 1.15625 0.01)
(1.454375 -0.203125 0.01)
(1.454375 -0.1796875 0.01)
(1.454375 -0.15625 0.01)
(1.454375 -0.15030610124999996 0.01)
(1.454375 1.15030610125 0.01)
(1.454375 1.15625 0.01)
(1.454375 1.1796875 0.01)
(1.454375 1.203125 0.01)
(1.4550000000000001 -0.15030610124999996 0.01)
(1.4550000000000001 -0.10645927499999999 0.01)
(1.4550000000000001 -0.07817099999999999 0.01)
(1.4550000000000001 -0.059920499999999995 0.01)
(1.4550000000000001 -0.041669999999999999 0.01)
(1.4550000000000001 -0.0258 0.01)
(1.4550000000000001 -0.012 0.01)
(1.4550000000000001 0 0.01)
(1.4550000000000001 1 0.01)
(1.4550000000000001 1.012 0.01)
(1.4550000000000001 1.0258 0.01)
(1.4550000000000001 1.0416700000000001 0.01)
(1.4550000000000001 1.0599205 0.01)
(1.4550000000000001 1.078171 0.01)
(1.4550000000000001 1.106459275 0.01)
(1.4550000000000001 1.15030610125 0.01)
(1.4703125000000001 -0.15625 0.01)
(1.4703125000000001 -0.15030610124999996 0.01)
(1.4703125000000001 1.15030610125 0.01)
(1.4703125000000001 1.15625 0.01)
(1.4862500000000001 -0.25 0.01)
(1.4862500000000001 -0.203125 0.01)
(1.4862500000000001 -0.1796875 0.01)
(1.4862500000000001 -0.15625 0.01)
(1.4862500000000001 -0.15030610124999996 0.01)
(1.4862500000000001 -0.10645927499999999 0.01)
(1.4862500000000001 -0.07817099999999999 0.01)
(1.4862500000000001 -0.059920499999999995 0.01)
(1.4862500000000001 -0.041669999999999999 0.01)
(1.4862500000000001 -0.0258 0.01)
(1.4862500000000001 -0.012 0.01)
(1.4862500000000001 0 0.01)
(1.4862500000000001 1 0.01)
(1.4862500000000001 1.012 0.01)
(1.4862500000000001 1.0258 0.01)
(1.4862500000000001 1.0416700000000001 0.01)
(1.4862500000000001 1.0599205 0.01)
(1.4862500000000001 1.078171 0.01)
(1.4862500000000001 1.106459275 0.01)
(1.4862500000000001 1.15030610125 0.01)
(1.4862500000000001 1.15625 0.01)
(1.4862500000000001 1.1796875 0.01)
(1.4862500000000001 1.203125 0.01)
(1.4862500000000001 1.25 0.01)
(1.5021875 -0.15625 0.01)
(1.5021875 -0.15030610124999996 0.01)
(1.5021875 1.15030610125 0.01)
(1.5021875 1.15625 0.01)
(1.5175000000000001 -0.15030610124999996 0.01)
(1.5175000000000001 -0.10645927499999999 0.01)
(1.5175000000000001 -0.07817099999999999 0.01)
(1.5175000000000001 -0.059920499999999995 0.01)
(1.5175000000000001 -0.041669999999999999 0.01)
(1.5175000000000001 -0.0258 0.01)
(1.5175000000000001 -0.012 0.01)
(1.5175000000000001 0 0.01)
(1.5175000000000001 1 0.01)
(1.5175000000000001 1.012 0.01)
(1.5175000000000001 1.0258 0.01)
(1.5175000000000001 1.0416700000000001 0.01)
(1.5175000000000001 1.0599205 0.01)
(1.5175000000000001 1.078171 0.01)
(1.5175000000000001 1.106459275 0.01)
(1.5175000000000001 1.15030610125 0.01)
(1.5181249999999999 -0.203125 0.01)
(1.5181249999999999 -0.1796875 0.01)
(1.5181249999999999 -0.15625 0.01)
(1.5181249999999999 -0.15030610124999996 0.01)
(1.5181249999999999 1.15030610125 0.01)
(1.5181249999999999 1.15625 0.01)
(1.5181249999999999 1.1796875 0.01)
(1.5181249999999999 1.203125 0.01)
(1.5340625000000001 -0.15625 0.01)
(1.5340625000000001 -0.15030610124999996 0.01)
(1.5340625000000001 1.15030610125 0.01)
(1.5340625000000001 1.15625 0.01)
(1.5487500000000001 -0.15030610124999996 0.01)
(1.5487500000000001 -0.10645927499999999 0.01)
(1.5487500000000001 -0.07817099999999999 0.01)
(1.5487500000000001 -0.059920499999999995 0.01)
(1.5487500000000001 -0.041669999999999999 0.01)
(1.5487500000000001 -0.0258 0.01)
(1.5487500000000001 -0.012 0.01)
(1.5487500000000001 0 0.01)
(1.5487500000000001 1 0.01)
(1.5487500000000001 1.012 0.01)
(1.5487500000000001 1.0258 0.01)
(1.5487500000000001 1.0416700000000001 0.01)
(1.5487500000000001 1.0599205 0.01)
(1.5487500000000001 1.078171 0.01)
(1.5487500000000001 1.106459275 0.01)
(1.5487500000000001 1.15030610125 0.01)
(1.55 -1 0.01)
(1.55 -0.625 0.01)
(1.55 -0.4375 0.01)
(1.55 -0.34375 0.01)
(1.55 -0.25 0.01)
(1.55 -0.203125 0.01)
(1.55 -0.1796875 0.01)
(1.55 -0.15625 0.01)
(1.55 -0.15030610124999996 0.01)
(1.55 1.15030610125 0.01)
(1.55 1.15625 0.01)
(1.55 1.1796875 0.01)
(1.55 1.203125 0.01)
(1.55 1.25 0.01)
(1.55 1.34375 0.01)
(1.55 1.4375 0.01)
(1.55 1.625 0.01)
(1.55 2 0.01)
(1.5659375 -0.15625 0.01)
(1.5659375 -0.15030610124999996 0.01)
(1.5659375 1.15030610125 0.01)
(1.5659375 1.15625 0.01)
(1.5800000000000001 -0.15030610124999996 0.01)
(1.5800000000000001 -0.10645927499999999 0.01)
(1.5800000000000001 -0.07817099999999999 0.01)
(1.5800000000000001 -0.059920499999999995 0.01)
(1.5800000000000001 -0.041669999999999999 0.01)
(1.5800000000000001 -0.0258 0.01)
(1.5800000000000001 -0.012 0.01)
(1.5800000000000001 0 0.01)
(1.5800000000000001 1 0.01)
(1.5800000000000001 1.012 0.01)
(1.5800000000000001 1.0258 0.01)
(1.5800000000000001 1.0416700000000001 0.01)
(1.5800000000000001 1.0599205 0.01)
(1.5800000000000001 1.078171 0.01)
(1.5800000000000001 1.106459275 0.01)
(1.5800000000000001 1.15030610125 0.01)
(1.5818750000000001 -0.203125 0.01)
(1.5818750000000001 -0.1796875 0.01)
(1.5818750000000001 -0.15625 0.01)
(1.5818750000000001 -0.15030610124999996 0.01)
(1.5818750000000001 1.15030610125 0.01)
(1.5818750000000001 1.15625 0.01)
(1.5818750000000001 1.1796875 0.01)
(1.5818750000000001 1.203125 0.01)
(1.5978125000000001 -0.15625 0.01)
(1.5978125000000001 -0.15030610124999996 0.01)
(1.5978125000000001 1.15030610125 0.01)
(1.5978125000000001 1.15625 0.01)
(1.6112500000000001 -0.15030610124999996 0.01)
(1.6112500000000001 -0.10645927499999999 0.01)
(1.6112500000000001 -0.07817099999999999 0.01)
(1.6112500000000001 -0.059920499999999995 0.01)
(1.6112500000000001 -0.041669999999999999 0.01)
(1.6112500000000001 -0.0258 0.01)
(1.6112500000000001 -0.012 0.01)
(1.6112500000000001 0 0.01)
(1.6112500000000001 1 0.01)
(1.6112500000000001 1.012 0.01)
(1.6112500000000001 1.0258 0.01)
(1.6112500000000001 1.0416700000000001 0.01)
(1.6112500000000001 1.0599205 0.01)
(1.6112500000000001 1.078171 0.01)
(1.6112500000000001 1.106459275 0.01)
(1.6112500000000001 1.15030610125 0.01)
(1.61375 -0.25 0.01)
(1.61375 -0.203125 0.01)
(1.61375 -0.1796875 0.01)
(1.61375 -0.15625 0.01)
(1.61375 -0.15030610124999996 0.01)
(1.61375 1.15030610125 0.01)
(1.61375 1.15625 0.01)
(1.61375 1.1796875 0.01)
(1.61375 1.203125 0.01)
(1.61375 1.25 0.01)
(1.6296875 -0.15625 0.01)
(1.6296875 -0.15030610124999996 0.01)
(1.6296875 1.15030610125 0.01)
(1.6296875 1.15625 0.01)
(1.6425000000000001 -0.15030610124999996 0.01)
(1.6425000000000001 -0.10645927499999999 0.01)
(1.6425000000000001 -0.07817099999999999 0.01)
(1.6425000000000001 -0.059920499999999995 0.01)
(1.6425000000000001 -0.041669999999999999 0.01)
(1.6425000000000001 -0.0258 0.01)
(1.6425000000000001 -0.012 0.01)
(1.6425000000000001 0 0.01)
(1.6425000000000001 1 0.01)
(1.6425000000000001 1.012 0.01)
(1.6425000000000001 1.0258 0.01)
(1.6425000000000001 1.0416700000000001 0.01)
(1.6425000000000001 1.0599205 0.01)
(1.6425000000000001 1.078171 0.01)
(1.6425000000000001 1.106459275 0.01)
(1.6425000000000001 1.15030610125 0.01)
(1.6456250000000001 -0.203125 0.01)
(1.6456250000000001 -0.1796875 0.01)
(1.6456250000000001 -0.15625 0.01)
(1.6456250000000001 -0.15030610124999996 0.01)
(1.6456250000000001 1.15030610125 0.01)
(1.6456250000000001 1.15625 0.01)
(1.6456250000000001 1.1796875 0.01)
(1.6456250000000001 1.203125 0.01)
(1.6615625000000001 -0.15625 0.01)
(1.6615625000000001 -0.15030610124999996 0.01)
(1.6615625000000001 1.15030610125 0.01)
(1.6615625000000001 1.15625 0.01)
(1.6737500000000001 -0.15030610124999996 0.01)
(1.6737500000000001 -0.10645927499999999 0.01)
(1.6737500000000001 -0.07817099999999999 0.01)
(1.6737500000000001 -0.059920499999999995 0.01)
(1.6737500000000001 -0.041669999999999999 0.01)
(1.6737500000000001 -0.0258 0.01)
(1.6737500000000001 -0.012 0.01)
(1.6737500000000001 0 0.01)
(1.6737500000000001 1 0.01)
(1.6737500000000001 1.012 0.01)
(1.6737500000000001 1.0258 0.01)
(1.6737500000000001 1.0416700000000001 0.01)
(1.6737500000000001 1.0599205 0.01)
(1.6737500000000001 1.078171 0.01)
(1.6737500000000001 1.106459275 0.01)
(1.6737500000000001 1.15030610125 0.01)
(1.6775 -0.4375 0.01)
(1.6775 -0.34375 0.01)
(1.6775 -0.25 0.01)
(1.6775 -0.203125 0.01)
(1.6775 -0.1796875 0.01)
(1.6775 -0.15625 0.01)
(1.6775 -0.15030610124999996 0.01)
(1.6775 1.15030610125 0.01)
(1.6775 1.15625 0.01)
(1.6775 1.1796875 0.01)
(1.6775 1.203125 0.01)
(1.6775 1.25 0.01)
(1.6775 1.34375 0.01)
(1.6775 1.4375 0.01)
(1.6934375000000002 -0.15625 0.01)
(1.6934375000000002 -0.15030610124999996 0.01)
(1.6934375000000002 1.15030610125 0.01)
(1.6934375000000002 1.15625 0.01)
(1.7050000000000001 -0.15030610124999996 0.01)
(1.7050000000000001 -0.10645927499999999 0.01)
(1.7050000000000001 -0.07817099999999999 0.01)
(1.7050000000000001 -0.059920499999999995 0.01)
(1.7050000000000001 -0.041669999999999999 0.01)
(1.7050000000000001 -0.0258 0.01)
(1.7050000000000001 -0.012 0.01)
(1.7050000000000001 0 0.01)
(1.7050000000000001 1 0.01)
(1.7050000000000001 1.012 0.01)
(1.7050000000000001 1.0258 0.01)
(1.7050000000000001 1.0416700000000001 0.01)
(1.7050000000000001 1.0599205 0.01)
(1.7050000000000001 1.078171 0.01)
(1.7050000000000001 1.106459275 0.01)
(1.7050000000000001 1.15030610125 0.01)
(1.7093750000000001 -0.203125 0.01)
(1.7093750000000001 -0.1796875 0.01)
(1.7093750000000001 -0.15625 0.01)
(1.7093750000000001 -0.15030610124999996 0.01)
(1.7093750000000001 1.15030610125 0.01)
(1.7093750000000001 1.15625 0.01)
(1.7093750000000001 1.1796875 0.01)
(1.7093750000000001 1.203125 0.01)
(1.7253125 -0.15625 0.01)
(1.7253125 -0.15030610124999996 0.01)
(1.7253125 1.15030610125 0.01)
(1.7253125 1.15625 0.01)
(1.7362500000000001 -0.15030610124999996 0.01)
(1.7362500000000001 -0.10645927499999999 0.01)
(1.7362500000000001 -0.07817099999999999 0.01)
(1.7362500000000001 -0.059920499999999995 0.01)
(1.7362500000000001 -0.041669999999999999 0.01)
(1.7362500000000001 -0.0258 0.01)
(1.7362500000000001 -0.012 0.01)
(1.7362500000000001 0 0.01)
(1.7362500000000001 1 0.01)
(1.7362500000000001 1.012 0.01)
(1.7362500000000001 1.0258 0.01)
(1.7362500000000001 1.0416700000000001 0.01)
(1.7362500000000001 1.0599205 0.01)
(1.7362500000000001 1.078171 0.01)
(1.7362500000000001 1.106459275 0.01)
(1.7362500000000001 1.15030610125 0.01)
(1.74125 -0.25 0.01)
(1.74125 -0.203125 0.01)
(1.74125 -0.1796875 0.01)
(1.74125 -0.15625 0.01)
(1.74125 -0.15030610124999996 0.01)
(1.74125 1.15030610125 0.01)
(1.74125 1.15625 0.01)
(1.74125 1.1796875 0.01)
(1.74125 1.203125 0.01)
(1.74125 1.25 0.01)
(1.7571875000000001 -0.15625 0.01)
(1.7571875000000001 -0.15030610124999996 0.01)
(1.7571875000000001 1.15030610125 0.01)
(1.7571875000000001 1.15625 0.01)
(1.7675000000000001 -0.15030610124999996 0.01)
(1.7675000000000001 -0.10645927499999999 0.01)
(1.7675000000000001 -0.07817099999999999 0.01)
(1.7675000000000001 -0.059920499999999995 0.01)
(1.7675000000000001 -0.041669999999999999 0.01)
(1.7675000000000001 -0.0258 0.01)
(1.7675000000000001 -0.012 0.01)
(1.7675000000000001 0 0.01)
(1.7675000000000001 1 0.01)
(1.7675000000000001 1.012 0.01)
(1.7675000000000001 1.0258 0.01)
(1.7675000000000001 1.0416700000000001 0.01)
(1.7675000000000001 1.0599205 0.01)
(1.7675000000000001 1.078171 0.01)
(1.7675000000000001 1.106459275 0.01)
(1.7675000000000001 1.15030610125 0.01)
(1.7731250000000001 -0.203125 0.01)
(1.7731250000000001 -0.1796875 0.01)
(1.7731250000000001 -0.15625 0.01)
(1.7731250000000001 -0.15030610124999996 0.01)
(1.7731250000000001 1.15030610125 0.01)
(1.7731250000000001 1.15625 0.01)
(1.7731250000000001 1.1796875 0.01)
(1.7731250000000001 1.203125 0.01)
(1.7890625 -0.15625 0.01)
(1.7890625 -0.15030610124999996 0.01)
(1.7890625 1.15030610125 0.01)
(1.7890625 1.15625 0.01)
(1.7987500000000001 -0.15030610124999996 0.01)
(1.7987500000000001 -0.10645927499999999 0.01)
(1.7987500000000001 -0.07817099999999999 0.01)
(1.7987500000000001 -0.059920499999999995 0.01)
(1.7987500000000001 -0.041669999999999999 0.01)
(1.7987500000000001 -0.0258 0.01)
(1.7987500000000001 -0.012 0.01)
(1.7987500000000001 0 0.01)
(1.7987500000000001 1 0.01)
(1.7987500000000001 1.012 0.01)
(1.7987500000000001 1.0258 0.01)
(1.7987500000000001 1.0416700000000001 0.01)
(1.7987500000000001 1.0599205 0.01)
(1.7987500000000001 1.078171 0.01)
(1.7987500000000001 1.106459275 0.01)
(1.7987500000000001 1.15030610125 0.01)
(1.8050000000000002 -0.625 0.01)
(1.8050000000000002 -0.4375 0.01)
(1.8050000000000002 -0.34375 0.01)
(1.8050000000000002 -0.25 0.01)
(1.8050000000000002 -0.203125 0.01)
(1.8050000000000002 -0.1796875 0.01)
(1.8050000000000002 -0.15625 0.01)
(1.8050000000000002 -0.15030610124999996 0.01)
(1.8050000000000002 1.15030610125 0.01)
(1.8050000000000002 1.15625 0.01)
(1.8050000000000002 1.1796875 0.01)
(1.8050000000000002 1.203125 0.01)
(1.8050000000000002 1.25 0.01)
(1.8050000000000002 1.34375 0.01)
(1.8050000000000002 1.4375 0.01)
(1.8050000000000002 1.625 0.01)
(1.8209375000000001 -0.15625 0.01)
(1.8209375000000001 -0.15030610124999996 0.01)
(1.8209375000000001 1.15030610125 0.01)
(1.8209375000000001 1.15625 0.01)
(1.8300000000000001 -0.15030610124999996 0.01)
(1.8300000000000001 -0.10645927499999999 0.01)
(1.8300000000000001 -0.07817099999999999 0.01)
(1.8300000000000001 -0.059920499999999995 0.01)
(1.8300000000000001 -0.041669999999999999 0.01)
(1.8300000000000001 -0.0258 0.01)
(1.8300000000000001 -0.012 0.01)
(1.8300000000000001 0 0.01)
(1.8300000000000001 1 0.01)
(1.8300000000000001 1.012 0.01)
(1.8300000000000001 1.0258 0.01)
(1.8300000000000001 1.0416700000000001 0.01)
(1.8300000000000001 1.0599205 0.01)
(1.8300000000000001 1.078171 0.01)
(1.8300000000000001 1.106459275 0.01)
(1.8300000000000001 1.15030610125 0.01)
(1.836875 -0.203125 0.01)
(1.836875 -0.1796875 0.01)
(1.836875 -0.15625 0.01)
(1.836875 -0.15030610124999996 0.01)
(1.836875 1.15030610125 0.01)
(1.836875 1.15625 0.01)
(1.836875 1.1796875 0.01)
(1.836875 1.203125 0.01)
(1.8528125 -0.15625 0.01)
(1.8528125 -0.15030610124999996 0.01)
(1.8528125 1.15030610125 0.01)
(1.8528125 1.15625 0.01)
(1.8612500000000001 -0.15030610124999996 0.01)
(1.8612500000000001 -0.10645927499999999 0.01)
(1.8612500000000001 -0.07817099999999999 0.01)
(1.8612500000000001 -0.059920499999999995 0.01)
(1.8612500000000001 -0.041669999999999999 0.01)
(1.8612500000000001 -0.0258 0.01)
(1.8612500000000001 -0.012 0.01)
(1.8612500000000001 0 0.01)
(1.8612500000000001 1 0.01)
(1.8612500000000001 1.012 0.01)
(1.8612500000000001 1.0258 0.01)
(1.8612500000000001 1.0416700000000001 0.01)
(1.8612500000000001 1.0599205 0.01)
(1.8612500000000001 1.078171 0.01)
(1.8612500000000001 1.106459275 0.01)
(1.8612500000000001 1.15030610125 0.01)
(1.8687500000000001 -0.25 0.01)
(1.8687500000000001 -0.203125 0.01)
(1.8687500000000001 -0.1796875 0.01)
(1.8687500000000001 -0.15625 0.01)
(1.8687500000000001 -0.15030610124999996 0.01)
(1.8687500000000001 1.15030610125 0.01)
(1.8687500000000001 1.15625 0.01)
(1.8687500000000001 1.1796875 0.01)
(1.8687500000000001 1.203125 0.01)
(1.8687500000000001 1.25 0.01)
(1.8846875000000001 -0.15625 0.01)
(1.8846875000000001 -0.15030610124999996 0.01)
(1.8846875000000001 1.15030610125 0.01)
(1.8846875000000001 1.15625 0.01)
(1.8925000000000001 -0.15030610124999996 0.01)
(1.8925000000000001 -0.14453125 0.01)
(1.8925000000000001 -0.1328125 0.01)
(1.8925000000000001 -0.12109375 0.01)
(1.8925000000000001 -0.109375 0.01)
(1.8925000000000001 -0.10645927499999999 0.01)
(1.8925000000000001 -0.07817099999999999 0.01)
(1.8925000000000001 -0.059920499999999995 0.01)
(1.8925000000000001 -0.041669999999999999 0.01)
(1.8925000000000001 -0.0258 0.01)
(1.8925000000000001 -0.012 0.01)
(1.8925000000000001 0 0.01)
(1.8925000000000001 1 0.01)
(1.8925000000000001 1.012 0.01)
(1.8925000000000001 1.0258 0.01)
(1.8925000000000001 1.0416700000000001 0.01)
(1.8925000000000001 1.0599205 0.01)
(1.8925000000000001 1.078171 0.01)
(1.8925000000000001 1.106459275 0.01)
(1.8925000000000001 1.109375 0.01)
(1.8925000000000001 1.12109375 0.01)
(1.8925000000000001 1.1328125 0.01)
(1.8925000000000001 1.14453125 0.01)
(1.8925000000000001 1.15030610125 0.01)
(1.900625 -0.203125 0.01)
(1.900625 -0.1796875 0.01)
(1.900625 -0.15625 0.01)
(1.900625 -0.14453125 0.01)
(1.900625 -0.1328125 0.01)
(1.900625 -0.12109375 0.01)
(1.900625 -0.109375 0.01)
(1.900625 -0.10645927499999999 0.01)
(1.900625 1.106459275 0.01)
(1.900625 1.109375 0.01)
(1.900625 1.12109375 0.01)
(1.900625 1.1328125 0.01)
(1.900625 1.14453125 0.01)
(1.900625 1.15625 0.01)
(1.900625 1.1796875 0.01)
(1.900625 1.203125 0.01)
(1.9165624999999999 -0.109375 0.01)
(1.9165624999999999 -0.10645927499999999 0.01)
(1.9165624999999999 1.106459275 0.01)
(1.9165624999999999 1.109375 0.01)
(1.9237500000000001 -0.10645927499999999 0.01)
(1.9237500000000001 -0.09765625 0.01)
(1.9237500000000001 -0.0859375 0.01)
(1.9237500000000001 -0.07817099999999999 0.01)
(1.9237500000000001 -0.059920499999999995 0.01)
(1.9237500000000001 -0.041669999999999999 0.01)
(1.9237500000000001 -0.0258 0.01)
(1.9237500000000001 -0.012 0.01)
(1.9237500000000001 0 0.01)
(1.9237500000000001 1 0.01)
(1.9237500000000001 1.012 0.01)
(1.9237500000000001 1.0258 0.01)
(1.9237500000000001 1.0416700000000001 0.01)
(1.9237500000000001 1.0599205 0.01)
(1.9237500000000001 1.078171 0.01)
(1.9237500000000001 1.0859375 0.01)
(1.9237500000000001 1.09765625 0.01)
(1.9237500000000001 1.106459275 0.01)
(1.9325000000000001 -0.4375 0.01)
(1.9325000000000001 -0.34375 0.01)
(1.9325000000000001 -0.25 0.01)
(1.9325000000000001 -0.203125 0.01)
(1.9325000000000001 -0.1796875 0.01)
(1.9325000000000001 -0.15625 0.01)
(1.9325000000000001 -0.1328125 0.01)
(1.9325000000000001 -0.109375 0.01)
(1.9325000000000001 -0.09765625 0.01)
(1.9325000000000001 -0.0859375 0.01)
(1.9325000000000001 -0.07817099999999999 0.01)
(1.9325000000000001 1.078171 0.01)
(1.9325000000000001 1.0859375 0.01)
(1.9325000000000001 1.09765625 0.01)
(1.9325000000000001 1.109375 0.01)
(1.9325000000000001 1.1328125 0.01)
(1.9325000000000001 1.15625 0.01)
(1.9325000000000001 1.1796875 0.01)
(1.9325000000000001 1.203125 0.01)
(1.9325000000000001 1.25 0.01)
(1.9325000000000001 1.34375 0.01)
(1.9325000000000001 1.4375 0.01)
(1.9484375 -0.0859375 0.01)
(1.9484375 -0.07817099999999999 0.01)
(1.9484375 1.078171 0.01)
(1.9484375 1.0859375 0.01)
(1.9550000000000001 -0.07817099999999999 0.01)
(1.9550000000000001 -0.07421875 0.01)
(1.9550000000000001 -0.0625 0.01)
(1.9550000000000001 -0.059920499999999995 0.01)
(1.9550000000000001 -0.041669999999999999 0.01)
(1.9550000000000001 -0.0258 0.01)
(1.9550000000000001 -0.012 0.01)
(1.9550000000000001 0 0.01)
(1.9550000000000001 1 0.01)
(1.9550000000000001 1.012 0.01)
(1.9550000000000001 1.0258 0.01)
(1.9550000000000001 1.0416700000000001 0.01)
(1.9550000000000001 1.0599205 0.01)
(1.9550000000000001 1.0625 0.01)
(1.9550000000000001 1.07421875 0.01)
(1.9550000000000001 1.078171 0.01)
(1.964375 -0.109375 0.01)
(1.964375 -0.0859375 0.01)
(1.964375 -0.07421875 0.01)
(1.964375 -0.0625 0.01)
(1.964375 -0.059920499999999995 0.01)
(1.964375 1.0599205 0.01)
(1.964375 1.0625 0.01)
(1.964375 1.07421875 0.01)
(1.964375 1.0859375 0.01)
(1.964375 1.109375 0.01)
(1.9803125000000001 -0.0625 0.01)
(1.9803125000000001 -0.059920499999999995 0.01)
(1.9803125000000001 1.0599205 0.01)
(1.9803125000000001 1.0625 0.01)
(1.9862500000000001 -0.059920499999999995 0.01)
(1.9862500000000001 -0.05078125 0.01)
(1.9862500000000001 -0.041669999999999999 0.01)
(1.9862500000000001 -0.0258 0.01)
(1.9862500000000001 -0.012 0.01)
(1.9862500000000001 0 0.01)
(1.9862500000000001 1 0.01)
(1.9862500000000001 1.012 0.01)
(1.9862500000000001 1.0258 0.01)
(1.9862500000000001 1.0416700000000001 0.01)
(1.9862500000000001 1.05078125 0.01)
(1.9862500000000001 1.0599205 0.01)
(1.9962500000000001 -0.25 0.01)
(1.9962500000000001 -0.203125 0.01)
(1.9962500000000001 -0.15625 0.01)
(1.9962500000000001 -0.109375 0.01)
(1.9962500000000001 -0.0859375 0.01)
(1.9962500000000001 -0.0625 0.01)
(1.9962500000000001 -0.05078125 0.01)
(1.9962500000000001 -0.041669999999999999 0.01)
(1.9962500000000001 1.0416700000000001 0.01)
(1.9962500000000001 1.05078125 0.01)
(1.9962500000000001 1.0625 0.01)
(1.9962500000000001 1.0859375 0.01)
(1.9962500000000001 1.109375 0.01)
(1.9962500000000001 1.15625 0.01)
(1.9962500000000001 1.203125 0.01)
(1.9962500000000001 1.25 0.01)
(2.0121875 -0.0625 0.01)
(2.0121875 -0.05078125 0.01)
(2.0121875 -0.041669999999999999 0.01)
(2.0121875 1.0416700000000001 0.01)
(2.0121875 1.05078125 0.01)
(2.0121875 1.0625 0.01)
(2.0175000000000001 -0.041669999999999999 0.01)
(2.0175000000000001 -0.0390625 0.01)
(2.0175000000000001 -0.0258 0.01)
(2.0175000000000001 -0.012 0.01)
(2.0175000000000001 0 0.01)
(2.0175000000000001 1 0.01)
(2.0175000000000001 1.012 0.01)
(2.0175000000000001 1.0258 0.01)
(2.0175000000000001 1.0390625 0.01)
(2.0175000000000001 1.0416700000000001 0.01)
(2.0281250000000002 -0.109375 0.01)
(2.0281250000000002 -0.0859375 0.01)
(2.0281250000000002 -0.0625 0.01)
(2.0281250000000002 -0.05078125 0.01)
(2.0281250000000002 -0.0390625 0.01)
(2.0281250000000002 -0.02734375 0.01)
(2.0281250000000002 -0.0258 0.01)
(2.0281250000000002 1.0258 0.01)
(2.0281250000000002 1.02734375 0.01)
(2.0281250000000002 1.0390625 0.01)
(2.0281250000000002 1.05078125 0.01)
(2.0281250000000002 1.0625 0.01)
(2.0281250000000002 1.0859375 0.01)
(2.0281250000000002 1.109375 0.01)
(2.0440624999999999 -0.0390625 0.01)
(2.0440624999999999 -0.02734375 0.01)
(2.0440624999999999 -0.0258 0.01)
(2.0440624999999999 1.0258 0.01)
(2.0440624999999999 1.02734375 0.01)
(2.0440624999999999 1.0390625 0.01)
(2.0487500000000001 -0.0258 0.01)
(2.0487500000000001 -0.015625 0.01)
(2.0487500000000001 -0.012 0.01)
(2.0487500000000001 0 0.01)
(2.0487500000000001 1 0.01)
(2.0487500000000001 1.012 0.01)
(2.0487500000000001 1.015625 0.01)
(2.0487500000000001 1.0258 0.01)
(2.0600000000000001 -1 0.01)
(2.0600000000000001 -0.625 0.01)
(2.0600000000000001 -0.4375 0.01)
(2.0600000000000001 -0.34375 0.01)
(2.0600000000000001 -0.25 0.01)
(2.0600000000000001 -0.203125 0.01)
(2.0600000000000001 -0.15625 0.01)
(2.0600000000000001 -0.109375 0.01)
(2.0600000000000001 -0.0859375 0.01)
(2.0600000000000001 -0.0625 0.01)
(2.0600000000000001 -0.0390625 0.01)
(2.0600000000000001 -0.02734375 0.01)
(2.0600000000000001 -0.015625 0.01)
(2.0600000000000001 -0.012 0.01)
(2.0600000000000001 1.012 0.01)
(2.0600000000000001 1.015625 0.01)
(2.0600000000000001 1.02734375 0.01)
(2.0600000000000001 1.0390625 0.01)
(2.0600000000000001 1.0625 0.01)
(2.0600000000000001 1.0859375 0.01)
(2.0600000000000001 1.109375 0.01)
(2.0600000000000001 1.15625 0.01)
(2.0600000000000001 1.203125 0.01)
(2.0600000000000001 1.25 0.01)
(2.0600000000000001 1.34375 0.01)
(2.0600000000000001 1.4375 0.01)
(2.0600000000000001 1.625 0.01)
(2.0600000000000001 2 0.01)
(2.0759375000000002 -0.015625 0.01)
(2.0759375000000002 -0.012 0.01)
(2.0759375000000002 1.012 0.01)
(2.0759375000000002 1.015625 0.01)
(2.0800000000000001 0 0.01)
(2.0800000000000001 0.03125 0.01)
(2.0800000000000001 0.0625 0.01)
(2.0800000000000001 0.09375 0.01)
(2.0800000000000001 0.125 0.01)
(2.0800000000000001 0.15625 0.01)
(2.0800000000000001 0.1875 0.01)
(2.0800000000000001 0.21875 0.01)
(2.0800000000000001 0.25 0.01)
(2.0800000000000001 0.28125 0.01)
(2.0800000000000001 0.3125 0.01)
(2.0800000000000001 0.34375 0.01)
(2.0800000000000001 0.375 0.01)
(2.0800000000000001 0.40625 0.01)
(2.0800000000000001 0.4375 0.01)
(2.0800000000000001 0.46875 0.01)
(2.0800000000000001 0.5 0.01)
(2.0800000000000001 0.53125 0.01)
(2.0800000000000001 0.5625 0.01)
(2.0800000000000001 0.59375 0.01)
(2.0800000000000001 0.625 0.01)
(2.0800000000000001 0.65625 0.01)
(2.0800000000000001 0.6875 0.01)
(2.0800000000000001 0.71875 0.01)
(2.0800000000000001 0.75 0.01)
(2.0800000000000001 0.78125 0.01)
(2.0800000000000001 0.8125 0.01)
(2.0800000000000001 0.84375 0.01)
(2.0800000000000001 0.875 0.01)
(2.0800000000000001 0.90625 0.01)
(2.0800000000000001 0.9375 0.01)
(2.0800000000000001 0.96875 0.01)
(2.0800000000000001 1 0.01)
(2.0918749999999999 -0.0625 0.01)
(2.0918749999999999 -0.0390625 0.01)
(2.0918749999999999 -0.015625 0.01)
(2.0918749999999999 -0.012 0.01)
(2.0918749999999999 1.012 0.01)
(2.0918749999999999 1.015625 0.01)
(2.0918749999999999 1.0390625 0.01)
(2.0918749999999999 1.0625 0.01)
(2.0920000000000001 -0.012 0.01)
(2.0920000000000001 -0.00390625 0.01)
(2.0920000000000001 0.0078125 0.01)
(2.0920000000000001 0.01953125 0.01)
(2.0920000000000001 0.03125 0.01)
(2.0920000000000001 0.0625 0.01)
(2.0920000000000001 0.09375 0.01)
(2.0920000000000001 0.125 0.01)
(2.0920000000000001 0.15625 0.01)
(2.0920000000000001 0.1875 0.01)
(2.0920000000000001 0.21875 0.01)
(2.0920000000000001 0.25 0.01)
(2.0920000000000001 0.28125 0.01)
(2.0920000000000001 0.3125 0.01)
(2.0920000000000001 0.34375 0.01)
(2.0920000000000001 0.375 0.01)
(2.0920000000000001 0.40625 0.01)
(2.0920000000000001 0.4375 0.01)
(2.0920000000000001 0.46875 0.01)
(2.0920000000000001 0.5 0.01)
(2.0920000000000001 0.53125 0.01)
(2.0920000000000001 0.5625 0.01)
(2.0920000000000001 0.59375 0.01)
(2.0920000000000001 0.625 0.01)
(2.0920000000000001 0.65625 0.01)
(2.0920000000000001 0.6875 0.01)
(2.0920000000000001 0.71875 0.01)
(2.0920000000000001 0.75 0.01)
(2.0920000000000001 0.78125 0.01)
(2.0920000000000001 0.8125 0.01)
(2.0920000000000001 0.84375 0.01)
(2.0920000000000001 0.875 0.01)
(2.0920000000000001 0.90625 0.01)
(2.0920000000000001 0.9375 0.01)
(2.0920000000000001 0.96875 0.01)
(2.0920000000000001 0.98046875 0.01)
(2.0920000000000001 0.9921875 0.01)
(2.0920000000000001 1.00390625 0.01)
(2.0920000000000001 1.012 0.01)
(2.1057999999999999 0.03125 0.01)
(2.1057999999999999 0.04296875 0.01)
(2.1057999999999999 0.0546875 0.01)
(2.1057999999999999 0.0625 0.01)
(2.1057999999999999 0.09375 0.01)
(2.1057999999999999 0.125 0.01)
(2.1057999999999999 0.15625 0.01)
(2.1057999999999999 0.1875 0.01)
(2.1057999999999999 0.21875 0.01)
(2.1057999999999999 0.25 0.01)
(2.1057999999999999 0.28125 0.01)
(2.1057999999999999 0.3125 0.01)
(2.1057999999999999 0.34375 0.01)
(2.1057999999999999 0.375 0.01)
(2.1057999999999999 0.40625 0.01)
(2.1057999999999999 0.4375 0.01)
(2.1057999999999999 0.46875 0.01)
(2.1057999999999999 0.5 0.01)
(2.1057999999999999 0.53125 0.01)
(2.1057999999999999 0.5625 0.01)
(2.1057999999999999 0.59375 0.01)
(2.1057999999999999 0.625 0.01)
(2.1057999999999999 0.65625 0.01)
(2.1057999999999999 0.6875 0.01)
(2.1057999999999999 0.71875 0.01)
(2.1057999999999999 0.75 0.01)
(2.1057999999999999 0.78125 0.01)
(2.1057999999999999 0.8125 0.01)
(2.1057999999999999 0.84375 0.01)
(2.1057999999999999 0.875 0.01)
(2.1057999999999999 0.90625 0.01)
(2.1057999999999999 0.9375 0.01)
(2.1057999999999999 0.9453125 0.01)
(2.1057999999999999 0.95703125 0.01)
(2.1057999999999999 0.96875 0.01)
(2.1078125000000001 -0.015625 0.01)
(2.1078125000000001 -0.00390625 0.01)
(2.1078125000000001 0.0078125 0.01)
(2.1078125000000001 0.01953125 0.01)
(2.1078125000000001 0.03125 0.01)
(2.1078125000000001 0.04296875 0.01)
(2.1078125000000001 0.0546875 0.01)
(2.1078125000000001 0.9453125 0.01)
(2.1078125000000001 0.95703125 0.01)
(2.1078125000000001 0.96875 0.01)
(2.1078125000000001 0.98046875 0.01)
(2.1078125000000001 0.9921875 0.01)
(2.1078125000000001 1.00390625 0.01)
(2.1078125000000001 1.015625 0.01)
(2.1216699999999999 0.0625 0.01)
(2.1216699999999999 0.06640625 0.01)
(2.1216699999999999 0.078125 0.01)
(2.1216699999999999 0.08984375 0.01)
(2.1216699999999999 0.09375 0.01)
(2.1216699999999999 0.125 0.01)
(2.1216699999999999 0.15625 0.01)
(2.1216699999999999 0.1875 0.01)
(2.1216699999999999 0.21875 0.01)
(2.1216699999999999 0.25 0.01)
(2.1216699999999999 0.28125 0.01)
(2.1216699999999999 0.3125 0.01)
(2.1216699999999999 0.34375 0.01)
(2.1216699999999999 0.375 0.01)
(2.1216699999999999 0.40625 0.01)
(2.1216699999999999 0.4375 0.01)
(2.1216699999999999 0.46875 0.01)
(2.1216699999999999 0.5 0.01)
(2.1216699999999999 0.53125 0.01)
(2.1216699999999999 0.5625 0.01)
(2.1216699999999999 0.59375 0.01)
(2.1216699999999999 0.625 0.01)
(2.1216699999999999 0.65625 0.01)
(2.1216699999999999 0.6875 0.01)
(2.1216699999999999 0.71875 0.01)
(2.1216699999999999 0.75 0.01)
(2.1216699999999999 0.78125 0.01)
(2.1216699999999999 0.8125 0.01)
(2.1216699999999999 0.84375 0.01)
(2.1216699999999999 0.875 0.01)
(2.1216699999999999 0.90625 0.01)
(2.1216699999999999 0.91015625 0.01)
(2.1216699999999999 0.921875 0.01)
(2.1216699999999999 0.93359375 0.01)
(2.1216699999999999 0.9375 0.01)
(2.1237500000000002 -0.15625 0.01)
(2.1237500000000002 -0.109375 0.01)
(2.1237500000000002 -0.0625 0.01)
(2.1237500000000002 -0.0390625 0.01)
(2.1237500000000002 -0.015625 0.01)
(2.1237500000000002 -0.00390625 0.01)
(2.1237500000000002 0.0078125 0.01)
(2.1237500000000002 0.01953125 0.01)
(2.1237500000000002 0.03125 0.01)
(2.1237500000000002 0.04296875 0.01)
(2.1237500000000002 0.0546875 0.01)
(2.1237500000000002 0.06640625 0.01)
(2.1237500000000002 0.078125 0.01)
(2.1237500000000002 0.08984375 0.01)
(2.1237500000000002 0.91015625 0.01)
(2.1237500000000002 0.921875 0.01)
(2.1237500000000002 0.93359375 0.01)
(2.1237500000000002 0.9453125 0.01)
(2.1237500000000002 0.95703125 0.01)
(2.1237500000000002 0.96875 0.01)
(2.1237500000000002 0.98046875 0.01)
(2.1237500000000002 0.9921875 0.01)
(2.1237500000000002 1.00390625 0.01)
(2.1237500000000002 1.015625 0.01)
(2.1237500000000002 1.0390625 0.01)
(2.1237500000000002 1.0625 0.01)
(2.1237500000000002 1.109375 0.01)
(2.1237500000000002 1.15625 0.01)
(2.1396875 0.078125 0.01)
(2.1396875 0.08984375 0.01)
(2.1396875 0.09375 0.01)
(2.1396875 0.90625 0.01)
(2.1396875 0.91015625 0.01)
(2.1396875 0.921875 0.01)
(2.1399205000000001 0.09375 0.01)
(2.1399205000000001 0.1015625 0.01)
(2.1399205000000001 0.11328125 0.01)
(2.1399205000000001 0.125 0.01)
(2.1399205000000001 0.15625 0.01)
(2.1399205000000001 0.1875 0.01)
(2.1399205000000001 0.21875 0.01)
(2.1399205000000001 0.25 0.01)
(2.1399205000000001 0.28125 0.01)
(2.1399205000000001 0.3125 0.01)
(2.1399205000000001 0.34375 0.01)
(2.1399205000000001 0.375 0.01)
(2.1399205000000001 0.40625 0.01)
(2.1399205000000001 0.4375 0.01)
(2.1399205000000001 0.46875 0.01)
(2.1399205000000001 0.5 0.01)
(2.1399205000000001 0.53125 0.01)
(2.1399205000000001 0.5625 0.01)
(2.1399205000000001 0.59375 0.01)
(2.1399205000000001 0.625 0.01)
(2.1399205000000001 0.65625 0.01)
(2.1399205000000001 0.6875 0.01)
(2.1399205000000001 0.71875 0.01)
(2.1399205000000001 0.75 0.01)
(2.1399205000000001 0.78125 0.01)
(2.1399205000000001 0.8125 0.01)
(2.1399205000000001 0.84375 0.01)
(2.1399205000000001 0.875 0.01)
(2.1399205000000001 0.88671875 0.01)
(2.1399205000000001 0.8984375 0.01)
(2.1399205000000001 0.90625 0.01)
(2.1556250000000001 -0.015625 0.01)
(2.1556250000000001 0.0078125 0.01)
(2.1556250000000001 0.03125 0.01)
(2.1556250000000001 0.0546875 0.01)
(2.1556250000000001 0.078125 0.01)
(2.1556250000000001 0.08984375 0.01)
(2.1556250000000001 0.1015625 0.01)
(2.1556250000000001 0.11328125 0.01)
(2.1556250000000001 0.125 0.01)
(2.1556250000000001 0.875 0.01)
(2.1556250000000001 0.88671875 0.01)
(2.1556250000000001 0.8984375 0.01)
(2.1556250000000001 0.91015625 0.01)
(2.1556250000000001 0.921875 0.01)
(2.1556250000000001 0.9453125 0.01)
(2.1556250000000001 0.96875 0.01)
(2.1556250000000001 0.9921875 0.01)
(2.1556250000000001 1.015625 0.01)
(2.1581710000000003 0.125 0.01)
(2.1581710000000003 0.13671875 0.01)
(2.1581710000000003 0.1484375 0.01)
(2.1581710000000003 0.15625 0.01)
(2.1581710000000003 0.1875 0.01)
(2.1581710000000003 0.21875 0.01)
(2.1581710000000003 0.25 0.01)
(2.1581710000000003 0.28125 0.01)
(2.1581710000000003 0.3125 0.01)
(2.1581710000000003 0.34375 0.01)
(2.1581710000000003 0.375 0.01)
(2.1581710000000003 0.40625 0.01)
(2.1581710000000003 0.4375 0.01)
(2.1581710000000003 0.46875 0.01)
(2.1581710000000003 0.5 0.01)
(2.1581710000000003 0.53125 0.01)
(2.1581710000000003 0.5625 0.01)
(2.1581710000000003 0.59375 0.01)
(2.1581710000000003 0.625 0.01)
(2.1581710000000003 0.65625 0.01)
(2.1581710000000003 0.6875 0.01)
(2.1581710000000003 0.71875 0.01)
(2.1581710000000003 0.75 0.01)
(2.1581710000000003 0.78125 0.01)
(2.1581710000000003 0.8125 0.01)
(2.1581710000000003 0.84375 0.01)
(2.1581710000000003 0.8515625 0.01)
(2.1581710000000003 0.86328125 0.01)
(2.1581710000000003 0.875 0.01)
(2.1715624999999998 0.1015625 0.01)
(2.1715624999999998 0.11328125 0.01)
(2.1715624999999998 0.125 0.01)
(2.1715624999999998 0.13671875 0.01)
(2.1715624999999998 0.1484375 0.01)
(2.1715624999999998 0.15625 0.01)
(2.1715624999999998 0.84375 0.01)
(2.1715624999999998 0.8515625 0.01)
(2.1715624999999998 0.86328125 0.01)
(2.1715624999999998 0.875 0.01)
(2.1715624999999998 0.88671875 0.01)
(2.1715624999999998 0.8984375 0.01)
(2.1864592750000003 0.15625 0.01)
(2.1864592750000003 0.16015625 0.01)
(2.1864592750000003 0.171875 0.01)
(2.1864592750000003 0.18359375 0.01)
(2.1864592750000003 0.1875 0.01)
(2.1864592750000003 0.21875 0.01)
(2.1864592750000003 0.25 0.01)
(2.1864592750000003 0.28125 0.01)
(2.1864592750000003 0.3125 0.01)
(2.1864592750000003 0.34375 0.01)
(2.1864592750000003 0.375 0.01)
(2.1864592750000003 0.40625 0.01)
(2.1864592750000003 0.4375 0.01)
(2.1864592750000003 0.46875 0.01)
(2.1864592750000003 0.5 0.01)
(2.1864592750000003 0.53125 0.01)
(2.1864592750000003 0.5625 0.01)
(2.1864592750000003 0.59375 0.01)
(2.1864592750000003 0.625 0.01)
(2.1864592750000003 0.65625 0.01)
(2.1864592750000003 0.6875 0.01)
(2.1864592750000003 0.71875 0.01)
(2.1864592750000003 0.75 0.01)
(2.1864592750000003 0.78125 0.01)
(2.1864592750000003 0.8125 0.01)
(2.1864592750000003 0.81640625 0.01)
(2.1864592750000003 0.828125 0.01)
(2.1864592750000003 0.83984375 0.01)
(2.1864592750000003 0.84375 0.01)
(2.1875 -0.25 0.01)
(2.1875 -0.15625 0.01)
(2.1875 -0.109375 0.01)
(2.1875 -0.0625 0.01)
(2.1875 -0.015625 0.01)
(2.1875 0.0078125 0.01)
(2.1875 0.03125 0.01)
(2.1875 0.0546875 0.01)
(2.1875 0.078125 0.01)
(2.1875 0.1015625 0.01)
(2.1875 0.11328125 0.01)
(2.1875 0.125 0.01)
(2.1875 0.13671875 0.01)
(2.1875 0.1484375 0.01)
(2.1875 0.16015625 0.01)
(2.1875 0.83984375 0.01)
(2.1875 0.8515625 0.01)
(2.1875 0.86328125 0.01)
(2.1875 0.875 0.01)
(2.1875 0.88671875 0.01)
(2.1875 0.8984375 0.01)
(2.1875 0.921875 0.01)
(2.1875 0.9453125 0.01)
(2.1875 0.96875 0.01)
(2.1875 0.9921875 0.01)
(2.1875 1.015625 0.01)
(2.1875 1.0625 0.01)
(2.1875 1.109375 0.01)
(2.1875 1.15625 0.01)
(2.1875 1.25 0.01)
(2.2034375000000002 0.171875 0.01)
(2.2034375000000002 0.18359375 0.01)
(2.2034375000000002 0.1875 0.01)
(2.2034375000000002 0.8125 0.01)
(2.2034375000000002 0.81640625 0.01)
(2.2034375000000002 0.828125 0.01)
(2.2193749999999999 0.078125 0.01)
(2.2193749999999999 0.1015625 0.01)
(2.2193749999999999 0.125 0.01)
(2.2193749999999999 0.1484375 0.01)
(2.2193749999999999 0.171875 0.01)
(2.2193749999999999 0.18359375 0.01)
(2.2193749999999999 0.1875 0.01)
(2.2193749999999999 0.8125 0.01)
(2.2193749999999999 0.81640625 0.01)
(2.2193749999999999 0.828125 0.01)
(2.2193749999999999 0.8515625 0.01)
(2.2193749999999999 0.875 0.01)
(2.2193749999999999 0.8984375 0.01)
(2.2193749999999999 0.921875 0.01)
(2.2303061012500001 0.1875 0.01)
(2.2303061012500001 0.1953125 0.01)
(2.2303061012500001 0.20703125 0.01)
(2.2303061012500001 0.21875 0.01)
(2.2303061012500001 0.23046875 0.01)
(2.2303061012500001 0.2421875 0.01)
(2.2303061012500001 0.25 0.01)
(2.2303061012500001 0.25390625 0.01)
(2.2303061012500001 0.265625 0.01)
(2.2303061012500001 0.27734375 0.01)
(2.2303061012500001 0.28125 0.01)
(2.2303061012500001 0.2890625 0.01)
(2.2303061012500001 0.30078125 0.01)
(2.2303061012500001 0.3125 0.01)
(2.2303061012500001 0.32421875 0.01)
(2.2303061012500001 0.3359375 0.01)
(2.2303061012500001 0.34375 0.01)
(2.2303061012500001 0.34765625 0.01)
(2.2303061012500001 0.359375 0.01)
(2.2303061012500001 0.37109375 0.01)
(2.2303061012500001 0.375 0.01)
(2.2303061012500001 0.3828125 0.01)
(2.2303061012500001 0.39453125 0.01)
(2.2303061012500001 0.40625 0.01)
(2.2303061012500001 0.41796875 0.01)
(2.2303061012500001 0.4296875 0.01)
(2.2303061012500001 0.4375 0.01)
(2.2303061012500001 0.44140625 0.01)
(2.2303061012500001 0.453125 0.01)
(2.2303061012500001 0.46484375 0.01)
(2.2303061012500001 0.46875 0.01)
(2.2303061012500001 0.4765625 0.01)
(2.2303061012500001 0.48828125 0.01)
(2.2303061012500001 0.5 0.01)
(2.2303061012500001 0.51171875 0.01)
(2.2303061012500001 0.5234375 0.01)
(2.2303061012500001 0.53125 0.01)
(2.2303061012500001 0.53515625 0.01)
(2.2303061012500001 0.546875 0.01)
(2.2303061012500001 0.55859375 0.01)
(2.2303061012500001 0.5625 0.01)
(2.2303061012500001 0.5703125 0.01)
(2.2303061012500001 0.58203125 0.01)
(2.2303061012500001 0.59375 0.01)
(2.2303061012500001 0.60546875 0.01)
(2.2303061012500001 0.6171875 0.01)
(2.2303061012500001 0.625 0.01)
(2.2303061012500001 0.62890625 0.01)
(2.2303061012500001 0.640625 0.01)
(2.2303061012500001 0.65234375 0.01)
(2.2303061012500001 0.65625 0.01)
(2.2303061012500001 0.6640625 0.01)
(2.2303061012500001 0.67578125 0.01)
(2.2303061012500001 0.6875 0.01)
(2.2303061012500001 0.69921875 0.01)
(2.2303061012500001 0.7109375 0.01)
(2.2303061012500001 0.71875 0.01)
(2.2303061012500001 0.72265625 0.01)
(2.2303061012500001 0.734375 0.01)
(2.2303061012500001 0.74609375 0.01)
(2.2303061012500001 0.75 0.01)
(2.2303061012500001 0.7578125 0.01)
(2.2303061012500001 0.76953125 0.01)
(2.2303061012500001 0.78125 0.01)
(2.2303061012500001 0.79296875 0.01)
(2.2303061012500001 0.8046875 0.01)
(2.2303061012500001 0.8125 0.01)
(2.2353125 0.171875 0.01)
(2.2353125 0.18359375 0.01)
(2.2353125 0.1953125 0.01)
(2.2353125 0.20703125 0.01)
(2.2353125 0.21875 0.01)
(2.2353125 0.23046875 0.01)
(2.2353125 0.2421875 0.01)
(2.2353125 0.25390625 0.01)
(2.2353125 0.265625 0.01)
(2.2353125 0.27734375 0.01)
(2.2353125 0.2890625 0.01)
(2.2353125 0.30078125 0.01)
(2.2353125 0.3125 0.01)
(2.2353125 0.32421875 0.01)
(2.2353125 0.3359375 0.01)
(2.2353125 0.34765625 0.01)
(2.2353125 0.359375 0.01)
(2.2353125 0.37109375 0.01)
(2.2353125 0.3828125 0.01)
(2.2353125 0.39453125 0.01)
(2.2353125 0.40625 0.01)
(2.2353125 0.41796875 0.01)
(2.2353125 0.4296875 0.01)
(2.2353125 0.44140625 0.01)
(2.2353125 0.453125 0.01)
(2.2353125 0.46484375 0.01)
(2.2353125 0.4765625 0.01)
(2.2353125 0.48828125 0.01)
(2.2353125 0.5 0.01)
(2.2353125 0.51171875 0.01)
(2.2353125 0.5234375 0.01)
(2.2353125 0.53515625 0.01)
(2.2353125 0.546875 0.01)
(2.2353125 0.55859375 0.01)
(2.2353125 0.5703125 0.01)
(2.2353125 0.58203125 0.01)
(2.2353125 0.59375 0.01)
(2.2353125 0.60546875 0.01)
(2.2353125 0.6171875 0.01)
(2.2353125 0.62890625 0.01)
(2.2353125 0.640625 0.01)
(2.2353125 0.65234375 0.01)
(2.2353125 0.6640625 0.01)
(2.2353125 0.67578125 0.01)
(2.2353125 0.6875 0.01)
(2.2353125 0.69921875 0.01)
(2.2353125 0.7109375 0.01)
(2.2353125 0.72265625 0.01)
(2.2353125 0.734375 0.01)
(2.2353125 0.74609375 0.01)
(2.2353125 0.7578125 0.01)
(2.2353125 0.76953125 0.01)
(2.2353125 0.78125 0.01)
(2.2353125 0.79296875 0.01)
(2.2353125 0.8046875 0.01)
(2.2353125 0.81640625 0.01)
(2.2353125 0.828125 0.01)
(2.2512500000000002 -0.0625 0.01)
(2.2512500000000002 -0.015625 0.01)
(2.2512500000000002 0.03125 0.01)
(2.2512500000000002 0.078125 0.01)
(2.2512500000000002 0.1015625 0.01)
(2.2512500000000002 0.125 0.01)
(2.2512500000000002 0.1484375 0.01)
(2.2512500000000002 0.171875 0.01)
(2.2512500000000002 0.18359375 0.01)
(2.2512500000000002 0.1953125 0.01)
(2.2512500000000002 0.20703125 0.01)
(2.2512500000000002 0.21875 0.01)
(2.2512500000000002 0.23046875 0.01)
(2.2512500000000002 0.2421875 0.01)
(2.2512500000000002 0.25390625 0.01)
(2.2512500000000002 0.265625 0.01)
(2.2512500000000002 0.27734375 0.01)
(2.2512500000000002 0.2890625 0.01)
(2.2512500000000002 0.30078125 0.01)
(2.2512500000000002 0.3125 0.01)
(2.2512500000000002 0.32421875 0.01)
(2.2512500000000002 0.3359375 0.01)
(2.2512500000000002 0.34765625 0.01)
(2.2512500000000002 0.359375 0.01)
(2.2512500000000002 0.37109375 0.01)
(2.2512500000000002 0.3828125 0.01)
(2.2512500000000002 0.39453125 0.01)
(2.2512500000000002 0.40625 0.01)
(2.2512500000000002 0.41796875 0.01)
(2.2512500000000002 0.4296875 0.01)
(2.2512500000000002 0.44140625 0.01)
(2.2512500000000002 0.453125 0.01)
(2.2512500000000002 0.46484375 0.01)
(2.2512500000000002 0.4765625 0.01)
(2.2512500000000002 0.48828125 0.01)
(2.2512500000000002 0.5 0.01)
(2.2512500000000002 0.51171875 0.01)
(2.2512500000000002 0.5234375 0.01)
(2.2512500000000002 0.53515625 0.01)
(2.2512500000000002 0.546875 0.01)
(2.2512500000000002 0.55859375 0.01)
(2.2512500000000002 0.5703125 0.01)
(2.2512500000000002 0.58203125 0.01)
(2.2512500000000002 0.59375 0.01)
(2.2512500000000002 0.60546875 0.01)
(2.2512500000000002 0.6171875 0.01)
(2.2512500000000002 0.62890625 0.01)
(2.2512500000000002 0.640625 0.01)
(2.2512500000000002 0.65234375 0.01)
(2.2512500000000002 0.6640625 0.01)
(2.2512500000000002 0.67578125 0.01)
(2.2512500000000002 0.6875 0.01)
(2.2512500000000002 0.69921875 0.01)
(2.2512500000000002 0.7109375 0.01)
(2.2512500000000002 0.72265625 0.01)
(2.2512500000000002 0.734375 0.01)
(2.2512500000000002 0.74609375 0.01)
(2.2512500000000002 0.7578125 0.01)
(2.2512500000000002 0.76953125 0.01)
(2.2512500000000002 0.78125 0.01)
(2.2512500000000002 0.79296875 0.01)
(2.2512500000000002 0.8046875 0.01)
(2.2512500000000002 0.81640625 0.01)
(2.2512500000000002 0.828125 0.01)
(2.2512500000000002 0.8515625 0.01)
(2.2512500000000002 0.875 0.01)
(2.2512500000000002 0.8984375 0.01)
(2.2512500000000002 0.921875 0.01)
(2.2512500000000002 0.96875 0.01)
(2.2512500000000002 1.015625 0.01)
(2.2512500000000002 1.0625 0.01)
(2.2831250000000001 0.171875 0.01)
(2.2831250000000001 0.1953125 0.01)
(2.2831250000000001 0.21875 0.01)
(2.2831250000000001 0.2421875 0.01)
(2.2831250000000001 0.265625 0.01)
(2.2831250000000001 0.2890625 0.01)
(2.2831250000000001 0.3125 0.01)
(2.2831250000000001 0.3359375 0.01)
(2.2831250000000001 0.359375 0.01)
(2.2831250000000001 0.3828125 0.01)
(2.2831250000000001 0.40625 0.01)
(2.2831250000000001 0.4296875 0.01)
(2.2831250000000001 0.453125 0.01)
(2.2831250000000001 0.4765625 0.01)
(2.2831250000000001 0.5 0.01)
(2.2831250000000001 0.5234375 0.01)
(2.2831250000000001 0.546875 0.01)
(2.2831250000000001 0.5703125 0.01)
(2.2831250000000001 0.59375 0.01)
(2.2831250000000001 0.6171875 0.01)
(2.2831250000000001 0.640625 0.01)
(2.2831250000000001 0.6640625 0.01)
(2.2831250000000001 0.6875 0.01)
(2.2831250000000001 0.7109375 0.01)
(2.2831250000000001 0.734375 0.01)
(2.2831250000000001 0.7578125 0.01)
(2.2831250000000001 0.78125 0.01)
(2.2831250000000001 0.8046875 0.01)
(2.2831250000000001 0.828125 0.01)
(2.3149999999999999 -0.625 0.01)
(2.3149999999999999 -0.4375 0.01)
(2.3149999999999999 -0.25 0.01)
(2.3149999999999999 -0.15625 0.01)
(2.3149999999999999 -0.0625 0.01)
(2.3149999999999999 -0.015625 0.01)
(2.3149999999999999 0.03125 0.01)
(2.3149999999999999 0.078125 0.01)
(2.3149999999999999 0.125 0.01)
(2.3149999999999999 0.171875 0.01)
(2.3149999999999999 0.1953125 0.01)
(2.3149999999999999 0.21875 0.01)
(2.3149999999999999 0.2421875 0.01)
(2.3149999999999999 0.265625 0.01)
(2.3149999999999999 0.2890625 0.01)
(2.3149999999999999 0.3125 0.01)
(2.3149999999999999 0.3359375 0.01)
(2.3149999999999999 0.359375 0.01)
(2.3149999999999999 0.3828125 0.01)
(2.3149999999999999 0.40625 0.01)
(2.3149999999999999 0.4296875 0.01)
(2.3149999999999999 0.453125 0.01)
(2.3149999999999999 0.4765625 0.01)
(2.3149999999999999 0.5 0.01)
(2.3149999999999999 0.5234375 0.01)
(2.3149999999999999 0.546875 0.01)
(2.3149999999999999 0.5703125 0.01)
(2.3149999999999999 0.59375 0.01)
(2.3149999999999999 0.6171875 0.01)
(2.3149999999999999 0.640625 0.01)
(2.3149999999999999 0.6640625 0.01)
(2.3149999999999999 0.6875 0.01)
(2.3149999999999999 0.7109375 0.01)
(2.3149999999999999 0.734375 0.01)
(2.3149999999999999 0.7578125 0.01)
(2.3149999999999999 0.78125 0.01)
(2.3149999999999999 0.8046875 0.01)
(2.3149999999999999 0.828125 0.01)
(2.3149999999999999 0.875 0.01)
(2.3149999999999999 0.921875 0.01)
(2.3149999999999999 0.96875 0.01)
(2.3149999999999999 1.015625 0.01)
(2.3149999999999999 1.0625 0.01)
(2.3149999999999999 1.15625 0.01)
(2.3149999999999999 1.25 0.01)
(2.3149999999999999 1.4375 0.01)
(2.3149999999999999 1.625 0.01)
(2.3787500000000001 0.125 0.01)
(2.3787500000000001 0.171875 0.01)
(2.3787500000000001 0.21875 0.01)
(2.3787500000000001 0.265625 0.01)
(2.3787500000000001 0.3125 0.01)
(2.3787500000000001 0.359375 0.01)
(2.3787500000000001 0.40625 0.01)
(2.3787500000000001 0.453125 0.01)
(2.3787500000000001 0.5 0.01)
(2.3787500000000001 0.546875 0.01)
(2.3787500000000001 0.59375 0.01)
(2.3787500000000001 0.640625 0.01)
(2.3787500000000001 0.6875 0.01)
(2.3787500000000001 0.734375 0.01)
(2.3787500000000001 0.78125 0.01)
(2.3787500000000001 0.828125 0.01)
(2.3787500000000001 0.875 0.01)
(2.4424999999999999 -0.0625 0.01)
(2.4424999999999999 0.03125 0.01)
(2.4424999999999999 0.125 0.01)
(2.4424999999999999 0.171875 0.01)
(2.4424999999999999 0.21875 0.01)
(2.4424999999999999 0.265625 0.01)
(2.4424999999999999 0.3125 0.01)
(2.4424999999999999 0.359375 0.01)
(2.4424999999999999 0.40625 0.01)
(2.4424999999999999 0.453125 0.01)
(2.4424999999999999 0.5 0.01)
(2.4424999999999999 0.546875 0.01)
(2.4424999999999999 0.59375 0.01)
(2.4424999999999999 0.640625 0.01)
(2.4424999999999999 0.6875 0.01)
(2.4424999999999999 0.734375 0.01)
(2.4424999999999999 0.78125 0.01)
(2.4424999999999999 0.828125 0.01)
(2.4424999999999999 0.875 0.01)
(2.4424999999999999 0.96875 0.01)
(2.4424999999999999 1.0625 0.01)
(2.5700000000000003 -1 0.01)
(2.5700000000000003 -0.625 0.01)
(2.5700000000000003 -0.4375 0.01)
(2.5700000000000003 -0.25 0.01)
(2.5700000000000003 -0.0625 0.01)
(2.5700000000000003 0.03125 0.01)
(2.5700000000000003 0.125 0.01)
(2.5700000000000003 0.21875 0.01)
(2.5700000000000003 0.3125 0.01)
(2.5700000000000003 0.40625 0.01)
(2.5700000000000003 0.5 0.01)
(2.5700000000000003 0.59375 0.01)
(2.5700000000000003 0.6875 0.01)
(2.5700000000000003 0.78125 0.01)
(2.5700000000000003 0.875 0.01)
(2.5700000000000003 0.96875 0.01)
(2.5700000000000003 1.0625 0.01)
(2.5700000000000003 1.25 0.01)
(2.5700000000000003 1.4375 0.01)
(2.5700000000000003 1.625 0.01)
(2.5700000000000003 2 0.01)
(2.8250000000000002 -0.25 0.01)
(2.8250000000000002 -0.0625 0.01)
(2.8250000000000002 0.125 0.01)
(2.8250000000000002 0.3125 0.01)
(2.8250000000000002 0.5 0.01)
(2.8250000000000002 0.6875 0.01)
(2.8250000000000002 0.875 0.01)
(2.8250000000000002 1.0625 0.01)
(2.8250000000000002 1.25 0.01)
(3.0800000000000001 -1 0.01)
(3.0800000000000001 -0.625 0.01)
(3.0800000000000001 -0.25 0.01)
(3.0800000000000001 -0.0625 0.01)
(3.0800000000000001 0.125 0.01)
(3.0800000000000001 0.3125 0.01)
(3.0800000000000001 0.5 0.01)
(3.0800000000000001 0.6875 0.01)
(3.0800000000000001 0.875 0.01)
(3.0800000000000001 1.0625 0.01)
(3.0800000000000001 1.25 0.01)
(3.0800000000000001 1.625 0.01)
(3.0800000000000001 2 0.01)
)
