batch,runRole,case,partition,cells,nu,speed,convection,initialization,iterationBudget,secondsBudget,method,relaxationActive,alphaU,alphaP,repeat,status,eligible,objectiveSeconds,wallSeconds,cpuSeconds,maxRssKiB,iterations,momentumResidual,continuity,velocityError,pressureError,fluxError
confirm-coupled,cold-trial,annulus-l5,training,484,0.1,0.5,upwind,cold,3000,60,coupled,False,,,0,eligible,True,0.24794237400055863,0.24794237400055863,0.10318899999999999,16000,10,1.1095610084832389e-13,3.5501947091686416e-14,4.315988492659328e-13,1.0184362311627083e-12,2.863997374958093e-13
confirm-coupled,cold-trial,annulus-l5,training,484,0.1,0.5,upwind,cold,3000,60,coupled,False,,,1,eligible,True,0.2090493020004942,0.2090493020004942,0.10188499999999999,16000,10,1.1095610084832389e-13,3.5501947091686416e-14,4.315988492659328e-13,1.0184362311627083e-12,2.863997374958093e-13
confirm-coupled,cold-trial,annulus-l5,training,484,0.1,0.5,upwind,cold,3000,60,coupled,False,,,2,eligible,True,0.3352750920021208,0.3352750920021208,0.152341,16000,10,1.1095610084832389e-13,3.5501947091686416e-14,4.315988492659328e-13,1.0184362311627083e-12,2.863997374958093e-13
confirm-coupled,cold-trial,poiseuille-l5,training,900,0.1,1.0,upwind,cold,3000,60,coupled,False,,,0,eligible,True,0.6836609519959893,0.6836609519959893,0.578564,16000,10,1.2004943513063137e-14,5.712050337475535e-16,1.2279029186166986e-15,3.938450177599122e-15,8.884199434468042e-16
confirm-coupled,cold-trial,poiseuille-l5,training,900,0.1,1.0,upwind,cold,3000,60,coupled,False,,,1,eligible,True,0.8925049630051944,0.8925049630051944,0.7639959999999999,16000,10,1.2004943513063137e-14,5.712050337475535e-16,1.2279029186166986e-15,3.938450177599122e-15,8.884199434468042e-16
confirm-coupled,cold-trial,poiseuille-l5,training,900,0.1,1.0,upwind,cold,3000,60,coupled,False,,,2,eligible,True,0.6837026479988708,0.6837026479988708,0.577624,16128,10,1.2004943513063137e-14,5.712050337475535e-16,1.2279029186166986e-15,3.938450177599122e-15,8.884199434468042e-16
confirm-simple,cold-trial,annulus-l5,training,484,0.1,0.5,upwind,cold,3000,60,simple,True,0.6,0.25,0,eligible,True,0.4909013290016446,0.4909013290016446,0.353278,16000,178,2.8404450778181553e-09,3.766999040368429e-12,6.599902507665062e-08,1.3588620620709808e-08,4.3984112188911516e-08
confirm-simple,cold-trial,annulus-l5,training,484,0.1,0.5,upwind,cold,3000,60,simple,True,0.6,0.25,1,eligible,True,0.39539914499619044,0.39539914499619044,0.296643,16128,178,2.8404450778181553e-09,3.766999040368429e-12,6.599902507665062e-08,1.3588620620709808e-08,4.3984112188911516e-08
confirm-simple,cold-trial,annulus-l5,training,484,0.1,0.5,upwind,cold,3000,60,simple,True,0.6,0.25,2,eligible,True,0.4477188539967756,0.4477188539967756,0.321982,16000,178,2.8404450778181553e-09,3.766999040368429e-12,6.599902507665062e-08,1.3588620620709808e-08,4.3984112188911516e-08
confirm-simple,cold-trial,annulus-l5,training,484,0.1,0.5,upwind,cold,3000,60,simple,True,0.7,0.15,0,eligible,True,0.5610990679997485,0.5610990679997485,0.23044599999999998,16000,133,1.1686010661957822e-09,2.7322024307957183e-12,1.8896953659100806e-08,5.991245476995934e-09,1.2592759081646189e-08
confirm-simple,cold-trial,annulus-l5,training,484,0.1,0.5,upwind,cold,3000,60,simple,True,0.7,0.15,1,eligible,True,0.54408036100358,0.54408036100358,0.377988,16000,133,1.1686010661957822e-09,2.7322024307957183e-12,1.8896953659100806e-08,5.991245476995934e-09,1.2592759081646189e-08
confirm-simple,cold-trial,annulus-l5,training,484,0.1,0.5,upwind,cold,3000,60,simple,True,0.7,0.15,2,eligible,True,0.3772278819960775,0.3772278819960775,0.256035,16000,133,1.1686010661957822e-09,2.7322024307957183e-12,1.8896953659100806e-08,5.991245476995934e-09,1.2592759081646189e-08
confirm-simple,cold-trial,annulus-l5,training,484,0.1,0.5,upwind,cold,3000,60,simple,True,0.8,0.15,0,eligible,True,0.4509522099979222,0.4509522099979222,0.278787,16000,120,1.0619632701627782e-09,1.8121886381785147e-12,2.4558417934182478e-09,2.875029477946545e-09,1.6359785079669625e-09
confirm-simple,cold-trial,annulus-l5,training,484,0.1,0.5,upwind,cold,3000,60,simple,True,0.8,0.15,1,eligible,True,0.3183574659997248,0.3183574659997248,0.20888199999999998,16000,120,1.0619632701627782e-09,1.8121886381785147e-12,2.4558417934182478e-09,2.875029477946545e-09,1.6359785079669625e-09
confirm-simple,cold-trial,annulus-l5,training,484,0.1,0.5,upwind,cold,3000,60,simple,True,0.8,0.15,2,eligible,True,0.3399758939995081,0.3399758939995081,0.21520799999999998,16000,120,1.0619632701627782e-09,1.8121886381785147e-12,2.4558417934182478e-09,2.875029477946545e-09,1.6359785079669625e-09
confirm-simple,cold-trial,annulus-l5,training,484,0.1,0.5,upwind,cold,3000,60,simple,True,0.8,0.25,0,eligible,True,0.4186261810027645,0.4186261810027645,0.247028,16000,115,1.874970803058484e-09,5.798698681905233e-12,2.621898694813467e-09,8.39268656181145e-10,1.7458271247282278e-09
confirm-simple,cold-trial,annulus-l5,training,484,0.1,0.5,upwind,cold,3000,60,simple,True,0.8,0.25,1,eligible,True,0.3156385840047733,0.3156385840047733,0.207015,16128,115,1.874970803058484e-09,5.798698681905233e-12,2.621898694813467e-09,8.39268656181145e-10,1.7458271247282278e-09
confirm-simple,cold-trial,annulus-l5,training,484,0.1,0.5,upwind,cold,3000,60,simple,True,0.8,0.25,2,eligible,True,0.4154574380008853,0.4154574380008853,0.179642,16000,115,1.874970803058484e-09,5.798698681905233e-12,2.621898694813467e-09,8.39268656181145e-10,1.7458271247282278e-09
confirm-simple,cold-trial,poiseuille-l5,training,900,0.1,1.0,upwind,cold,3000,60,simple,True,0.6,0.25,0,eligible,True,0.6103008049976779,0.6103008049976779,0.47658100000000003,16000,271,2.6596690961528755e-09,1.7903707776524822e-13,3.8523950607847405e-08,8.900115224761972e-08,2.0868299817640068e-08
confirm-simple,cold-trial,poiseuille-l5,training,900,0.1,1.0,upwind,cold,3000,60,simple,True,0.6,0.25,1,eligible,True,0.6683864070000709,0.6683864070000709,0.484794,16000,271,2.6596690961528755e-09,1.7903707776524822e-13,3.8523950607847405e-08,8.900115224761972e-08,2.0868299817640068e-08
confirm-simple,cold-trial,poiseuille-l5,training,900,0.1,1.0,upwind,cold,3000,60,simple,True,0.6,0.25,2,eligible,True,1.1739325800008373,1.1739325800008373,0.9685759999999999,16000,271,2.6596690961528755e-09,1.7903707776524822e-13,3.8523950607847405e-08,8.900115224761972e-08,2.0868299817640068e-08
confirm-simple,cold-trial,poiseuille-l5,training,900,0.1,1.0,upwind,cold,3000,60,simple,True,0.7,0.15,0,eligible,True,0.508374058001209,0.508374058001209,0.385357,16000,183,1.5785376423160164e-09,2.483849388936627e-13,2.2126862472807226e-08,5.5480563617654356e-08,1.2006156807828244e-08
confirm-simple,cold-trial,poiseuille-l5,training,900,0.1,1.0,upwind,cold,3000,60,simple,True,0.7,0.15,1,eligible,True,0.5942534060013713,0.5942534060013713,0.46983699999999995,16000,183,1.5785376423160164e-09,2.483849388936627e-13,2.2126862472807226e-08,5.5480563617654356e-08,1.2006156807828244e-08
confirm-simple,cold-trial,poiseuille-l5,training,900,0.1,1.0,upwind,cold,3000,60,simple,True,0.7,0.15,2,eligible,True,0.505019601994718,0.505019601994718,0.39407099999999995,16000,183,1.5785376423160164e-09,2.483849388936627e-13,2.2126862472807226e-08,5.5480563617654356e-08,1.2006156807828244e-08
confirm-simple,cold-trial,poiseuille-l5,training,900,0.1,1.0,upwind,cold,3000,60,simple,True,0.8,0.15,0,eligible,True,0.44431469200208085,0.44431469200208085,0.31850399999999995,16000,114,8.041231154110854e-10,2.965446633015033e-13,1.1156231170894036e-08,2.6181927467476857e-08,6.056812404326925e-09
confirm-simple,cold-trial,poiseuille-l5,training,900,0.1,1.0,upwind,cold,3000,60,simple,True,0.8,0.15,1,eligible,True,0.40797796799597563,0.40797796799597563,0.287228,16000,114,8.041231154110854e-10,2.965446633015033e-13,1.1156231170894036e-08,2.6181927467476857e-08,6.056812404326925e-09
confirm-simple,cold-trial,poiseuille-l5,training,900,0.1,1.0,upwind,cold,3000,60,simple,True,0.8,0.15,2,eligible,True,0.35589913700096076,0.35589913700096076,0.23853,16000,114,8.041231154110854e-10,2.965446633015033e-13,1.1156231170894036e-08,2.6181927467476857e-08,6.056812404326925e-09
confirm-simple,cold-trial,poiseuille-l5,training,900,0.1,1.0,upwind,cold,3000,60,simple,True,0.8,0.25,0,eligible,True,0.40033915499952855,0.40033915499952855,0.256719,16000,115,6.9635869256643e-10,2.8228238761511866e-13,9.976864574758531e-09,2.0053487864063988e-08,5.419487032472725e-09
confirm-simple,cold-trial,poiseuille-l5,training,900,0.1,1.0,upwind,cold,3000,60,simple,True,0.8,0.25,1,eligible,True,0.3367920070013497,0.3367920070013497,0.245111,16000,115,6.9635869256643e-10,2.8228238761511866e-13,9.976864574758531e-09,2.0053487864063988e-08,5.419487032472725e-09
confirm-simple,cold-trial,poiseuille-l5,training,900,0.1,1.0,upwind,cold,3000,60,simple,True,0.8,0.25,2,eligible,True,0.3134904039980029,0.3134904039980029,0.213227,16000,115,6.9635869256643e-10,2.8228238761511866e-13,9.976864574758531e-09,2.0053487864063988e-08,5.419487032472725e-09
confirm-simple-consistent,cold-trial,annulus-l5,training,484,0.1,0.5,upwind,cold,3000,60,simple-consistent,True,0.6,0.25,0,eligible,True,1.4403052600027877,1.4403052600027877,1.329621,16000,176,3.1068414560678653e-09,2.4902669847069802e-14,7.213539860869564e-08,1.827449265783169e-08,4.807421758868157e-08
confirm-simple-consistent,cold-trial,annulus-l5,training,484,0.1,0.5,upwind,cold,3000,60,simple-consistent,True,0.6,0.25,1,eligible,True,1.7183922520052874,1.7183922520052874,1.567506,16000,176,3.1068414560678653e-09,2.4902669847069802e-14,7.213539860869564e-08,1.827449265783169e-08,4.807421758868157e-08
confirm-simple-consistent,cold-trial,annulus-l5,training,484,0.1,0.5,upwind,cold,3000,60,simple-consistent,True,0.6,0.25,2,eligible,True,1.461006894998718,1.461006894998718,1.333695,16000,176,3.1068414560678653e-09,2.4902669847069802e-14,7.213539860869564e-08,1.827449265783169e-08,4.807421758868157e-08
confirm-simple-consistent,cold-trial,annulus-l5,training,484,0.1,0.5,upwind,cold,3000,60,simple-consistent,True,1.0,0.75,0,eligible,True,0.35337602599611273,0.35337602599611273,0.23526,16000,15,2.5923471354206347e-11,4.3618340974370556e-14,4.5122910734084663e-13,1.7389020876232404e-10,3.0112480033060106e-13
confirm-simple-consistent,cold-trial,annulus-l5,training,484,0.1,0.5,upwind,cold,3000,60,simple-consistent,True,1.0,0.75,1,eligible,True,0.41174131799925817,0.41174131799925817,0.30926499999999996,16000,15,2.5923471354206347e-11,4.3618340974370556e-14,4.5122910734084663e-13,1.7389020876232404e-10,3.0112480033060106e-13
confirm-simple-consistent,cold-trial,annulus-l5,training,484,0.1,0.5,upwind,cold,3000,60,simple-consistent,True,1.0,0.75,2,eligible,True,0.33876642399991397,0.33876642399991397,0.23529899999999998,16000,15,2.5923471354206347e-11,4.3618340974370556e-14,4.5122910734084663e-13,1.7389020876232404e-10,3.0112480033060106e-13
confirm-simple-consistent,cold-trial,annulus-l5,training,484,0.1,0.5,upwind,cold,3000,60,simple-consistent,True,1.0,0.9,0,eligible,True,0.24853153999720234,0.24853153999720234,0.15757,16128,10,5.923385521422189e-12,3.8514067030561227e-14,3.3278488159153624e-13,5.0896085161408323e-11,2.2249473553034094e-13
confirm-simple-consistent,cold-trial,annulus-l5,training,484,0.1,0.5,upwind,cold,3000,60,simple-consistent,True,1.0,0.9,1,eligible,True,0.28718188399943756,0.28718188399943756,0.172597,16000,10,5.923385521422189e-12,3.8514067030561227e-14,3.3278488159153624e-13,5.0896085161408323e-11,2.2249473553034094e-13
confirm-simple-consistent,cold-trial,annulus-l5,training,484,0.1,0.5,upwind,cold,3000,60,simple-consistent,True,1.0,0.9,2,eligible,True,0.2890055300013046,0.2890055300013046,0.167155,16000,10,5.923385521422189e-12,3.8514067030561227e-14,3.3278488159153624e-13,5.0896085161408323e-11,2.2249473553034094e-13
confirm-simple-consistent,cold-trial,annulus-l5,training,484,0.1,0.5,upwind,cold,3000,60,simple-consistent,True,1.0,1.0,0,eligible,True,0.25084379599866224,0.25084379599866224,0.14245799999999997,16000,10,1.1095610084832389e-13,3.5501947091686416e-14,4.315988492659328e-13,1.0184362311627083e-12,2.863997374958093e-13
confirm-simple-consistent,cold-trial,annulus-l5,training,484,0.1,0.5,upwind,cold,3000,60,simple-consistent,True,1.0,1.0,1,eligible,True,0.23187383900221903,0.23187383900221903,0.127967,16000,10,1.1095610084832389e-13,3.5501947091686416e-14,4.315988492659328e-13,1.0184362311627083e-12,2.863997374958093e-13
confirm-simple-consistent,cold-trial,annulus-l5,training,484,0.1,0.5,upwind,cold,3000,60,simple-consistent,True,1.0,1.0,2,eligible,True,0.2500555910010007,0.2500555910010007,0.12377099999999999,16000,10,1.1095610084832389e-13,3.5501947091686416e-14,4.315988492659328e-13,1.0184362311627083e-12,2.863997374958093e-13
confirm-simple-consistent,cold-trial,poiseuille-l5,training,900,0.1,1.0,upwind,cold,3000,60,simple-consistent,True,0.6,0.25,0,eligible,True,3.1278695950022666,3.1278695950022666,3.010033,16000,276,3.051633235948497e-09,1.549393654040244e-14,8.035963155237444e-08,8.220965077748664e-08,4.817671482483443e-08
confirm-simple-consistent,cold-trial,poiseuille-l5,training,900,0.1,1.0,upwind,cold,3000,60,simple-consistent,True,0.6,0.25,1,eligible,True,3.0493185080049443,3.0493185080049443,2.9271249999999998,16000,276,3.051633235948497e-09,1.549393654040244e-14,8.035963155237444e-08,8.220965077748664e-08,4.817671482483443e-08
confirm-simple-consistent,cold-trial,poiseuille-l5,training,900,0.1,1.0,upwind,cold,3000,60,simple-consistent,True,0.6,0.25,2,eligible,True,2.8903466159972595,2.8903466159972595,2.78615,16000,276,3.051633235948497e-09,1.549393654040244e-14,8.035963155237444e-08,8.220965077748664e-08,4.817671482483443e-08
confirm-simple-consistent,cold-trial,poiseuille-l5,training,900,0.1,1.0,upwind,cold,3000,60,simple-consistent,True,1.0,0.75,0,eligible,True,0.7010777730029076,0.7010777730029076,0.601478,16000,15,1.5695110453868512e-11,1.2852113259319942e-15,3.8605924058062945e-13,7.886558221571835e-10,2.7682918900865776e-13
confirm-simple-consistent,cold-trial,poiseuille-l5,training,900,0.1,1.0,upwind,cold,3000,60,simple-consistent,True,1.0,0.75,1,eligible,True,0.7328565439966042,0.7328565439966042,0.616685,16000,15,1.5695110453868512e-11,1.2852113259319942e-15,3.8605924058062945e-13,7.886558221571835e-10,2.7682918900865776e-13
confirm-simple-consistent,cold-trial,poiseuille-l5,training,900,0.1,1.0,upwind,cold,3000,60,simple-consistent,True,1.0,0.75,2,eligible,True,0.751072008999472,0.751072008999472,0.621358,16000,15,1.5695110453868512e-11,1.2852113259319942e-15,3.8605924058062945e-13,7.886558221571835e-10,2.7682918900865776e-13
confirm-simple-consistent,cold-trial,poiseuille-l5,training,900,0.1,1.0,upwind,cold,3000,60,simple-consistent,True,1.0,0.9,0,eligible,True,0.6249936090025585,0.6249936090025585,0.49927699999999997,16000,10,4.706952265835978e-12,1.1781103821043291e-15,5.7569203488367e-13,8.71868289092077e-11,4.2506664017351403e-13
confirm-simple-consistent,cold-trial,poiseuille-l5,training,900,0.1,1.0,upwind,cold,3000,60,simple-consistent,True,1.0,0.9,1,eligible,True,0.6537473159987712,0.6537473159987712,0.549819,16000,10,4.706952265835978e-12,1.1781103821043291e-15,5.7569203488367e-13,8.71868289092077e-11,4.2506664017351403e-13
confirm-simple-consistent,cold-trial,poiseuille-l5,training,900,0.1,1.0,upwind,cold,3000,60,simple-consistent,True,1.0,0.9,2,eligible,True,0.5419057770050131,0.5419057770050131,0.45054099999999997,16000,10,4.706952265835978e-12,1.1781103821043291e-15,5.7569203488367e-13,8.71868289092077e-11,4.2506664017351403e-13
confirm-simple-consistent,cold-trial,poiseuille-l5,training,900,0.1,1.0,upwind,cold,3000,60,simple-consistent,True,1.0,1.0,0,eligible,True,0.6580310830031522,0.6580310830031522,0.5547439999999999,16000,10,1.2004943513063137e-14,5.712050337475535e-16,1.2279029186166986e-15,3.938450177599122e-15,8.884199434468042e-16
confirm-simple-consistent,cold-trial,poiseuille-l5,training,900,0.1,1.0,upwind,cold,3000,60,simple-consistent,True,1.0,1.0,1,eligible,True,0.6146213239990175,0.6146213239990175,0.522991,16000,10,1.2004943513063137e-14,5.712050337475535e-16,1.2279029186166986e-15,3.938450177599122e-15,8.884199434468042e-16
confirm-simple-consistent,cold-trial,poiseuille-l5,training,900,0.1,1.0,upwind,cold,3000,60,simple-consistent,True,1.0,1.0,2,eligible,True,0.7550246079990757,0.7550246079990757,0.647579,16000,10,1.2004943513063137e-14,5.712050337475535e-16,1.2279029186166986e-15,3.938450177599122e-15,8.884199434468042e-16
fine-diagnostic,cold-trial,annulus-l7,holdout,6208,0.1,0.5,upwind,cold,6000,240.0,simple,True,0.2,0.1,0,linear-failure,False,,184.9174920239966,184.195027,17736,,,,,,
fine-diagnostic,cold-trial,annulus-l7,holdout,6208,0.1,0.5,upwind,cold,6000,240.0,simple,True,0.2,0.25,0,linear-failure,False,,61.61381261399947,61.190054999999994,17676,,,,,,
fine-diagnostic,cold-trial,annulus-l7,holdout,6208,0.1,0.5,upwind,cold,6000,240.0,simple,True,0.4,0.1,0,linear-failure,False,,86.24151898800483,85.995719,17676,,,,,,
fine-diagnostic,cold-trial,annulus-l7,holdout,6208,0.1,0.5,upwind,cold,6000,240.0,simple,True,0.4,0.25,0,linear-failure,False,,53.391993544006255,52.339149,17640,,,,,,
grid,cold-trial,annulus-l5,training,484,0.1,0.5,upwind,cold,3000,60.0,simple-consistent,True,0.2,0.05,0,eligible,True,9.31322154699592,9.31322154699592,9.134345999999999,16000,953,9.944975005699029e-09,1.1833982363895461e-14,2.311513883352684e-07,5.792214289209651e-08,1.5404999173182286e-07
grid,cold-trial,annulus-l5,training,484,0.1,0.5,upwind,cold,3000,60.0,simple-consistent,True,0.2,0.1,0,eligible,True,10.252027727998211,10.252027727998211,10.103512,15872,958,9.876348120046115e-09,1.639851841854085e-14,2.2949340747093393e-07,4.7239380517419505e-08,1.5294503651279115e-07
grid,cold-trial,annulus-l5,training,484,0.1,0.5,upwind,cold,3000,60.0,simple-consistent,True,0.2,0.25,0,eligible,True,8.95171159900201,8.95171159900201,8.799851,16000,933,9.905909977879219e-09,9.467185891116367e-15,2.2999830324136943e-07,4.276256739482511e-08,1.5328152256463028e-07
grid,cold-trial,annulus-l5,training,484,0.1,0.5,upwind,cold,3000,60.0,simple-consistent,True,0.2,0.5,0,eligible,True,7.980352271995798,7.980352271995798,7.804451,16000,927,9.878991022677525e-09,6.69465288014659e-14,2.2930994658603194e-07,4.1303141509688614e-08,1.5282276913677412e-07
grid,cold-trial,annulus-l5,training,484,0.1,0.5,upwind,cold,3000,60.0,simple-consistent,True,0.2,1.0,0,eligible,True,8.790430647000903,8.790430647000903,8.608076,16000,941,9.856687989741955e-09,5.832462736491347e-14,2.2876032844230834e-07,4.0570114529886516e-08,1.5245647757590464e-07
grid,cold-trial,annulus-l5,training,484,0.1,0.5,upwind,cold,3000,60.0,simple-consistent,True,0.4,0.05,0,eligible,True,5.232791680995433,5.232791680995433,5.043326,16000,394,3.98667156442407e-09,3.01894196470505e-14,5.426404432966302e-08,4.358934515420499e-08,3.616403356597821e-08
grid,cold-trial,annulus-l5,training,484,0.1,0.5,upwind,cold,3000,60.0,simple-consistent,True,0.4,0.1,0,eligible,True,5.835396672999195,5.835396672999195,5.63608,16000,368,6.7743240391638975e-09,2.1977395818662998e-14,1.5680888240908134e-07,4.456829363117191e-08,1.0450459124066064e-07
grid,cold-trial,annulus-l5,training,484,0.1,0.5,upwind,cold,3000,60.0,simple-consistent,True,0.4,0.25,0,eligible,True,4.8000715149973985,4.8000715149973985,4.591127,16000,366,7.2964941962350295e-09,1.929402079036407e-14,1.6945437297244637e-07,3.464387553289945e-08,1.1293212312763131e-07
grid,cold-trial,annulus-l5,training,484,0.1,0.5,upwind,cold,3000,60.0,simple-consistent,True,0.4,0.5,0,eligible,True,4.430158416005725,4.430158416005725,4.175422999999999,15872,365,7.352492132810656e-09,1.4570991373843098e-14,1.7064101721343918e-07,3.1901740729050734e-08,1.1372295728780707e-07
grid,cold-trial,annulus-l5,training,484,0.1,0.5,upwind,cold,3000,60.0,simple-consistent,True,0.4,1.0,0,eligible,True,5.003856259005261,5.003856259005261,4.819583,16000,365,7.3924931824002015e-09,1.4075422087474227e-14,1.7150926992440253e-07,3.0748814833662254e-08,1.1430160069580118e-07
grid,cold-trial,annulus-l5,training,484,0.1,0.5,upwind,cold,3000,60.0,simple-consistent,True,0.6,0.05,0,eligible,True,4.546925367998483,4.546925367998483,4.402684,16000,314,5.341542721149205e-09,1.934715022470151e-14,3.3075400579844463e-13,1.4853588847634947e-08,2.1652439644027007e-13
grid,cold-trial,annulus-l5,training,484,0.1,0.5,upwind,cold,3000,60.0,simple-consistent,True,0.6,0.1,0,eligible,True,3.31013992500084,3.31013992500084,3.110825,15872,192,1.934460315306149e-09,1.4176595039359604e-14,1.8155531738557924e-08,1.9003081361979468e-08,1.209964771349463e-08
grid,cold-trial,annulus-l5,training,484,0.1,0.5,upwind,cold,3000,60.0,simple-consistent,True,0.6,0.25,0,eligible,True,2.8008598619999248,2.8008598619999248,2.615934,15872,176,3.1068414560678653e-09,2.4902669847069802e-14,7.213539860869564e-08,1.827449265783169e-08,4.807421758868157e-08
grid,cold-trial,annulus-l5,training,484,0.1,0.5,upwind,cold,3000,60.0,simple-consistent,True,0.6,0.5,0,eligible,True,2.9984560680022696,2.9984560680022696,2.773828,15872,176,3.127404544026969e-09,1.17552975675609e-14,7.255496051062136e-08,1.4641707970444355e-08,4.835383223254653e-08
grid,cold-trial,annulus-l5,training,484,0.1,0.5,upwind,cold,3000,60.0,simple-consistent,True,0.6,1.0,0,eligible,True,2.8016754329946707,2.8016754329946707,2.620603,16000,176,3.1041594733860726e-09,8.507123239682231e-15,7.196640075546966e-08,1.318216959108146e-08,4.7961589988877833e-08
grid,cold-trial,annulus-l5,training,484,0.1,0.5,upwind,cold,3000,60.0,simple-consistent,True,0.8,0.05,0,eligible,True,7.302326490003907,7.302326490003907,7.119943,16000,302,2.569715070283403e-09,5.1731408619314555e-14,2.024458464927503e-13,1.2213767858022433e-08,1.3282486503092401e-13
grid,cold-trial,annulus-l5,training,484,0.1,0.5,upwind,cold,3000,60.0,simple-consistent,True,0.8,0.1,0,eligible,True,2.9374904739961494,2.9374904739961494,2.789802,16000,158,2.2423125289555556e-09,3.1951752382517743e-14,1.846756725186809e-13,6.509930714660999e-09,1.2190384337800764e-13
grid,cold-trial,annulus-l5,training,484,0.1,0.5,upwind,cold,3000,60.0,simple-consistent,True,0.8,0.25,0,eligible,True,1.8927475919990684,1.8927475919990684,1.7651700000000001,16000,80,5.499897350682797e-10,5.4909613637948895e-14,9.27625035992509e-09,6.900480406334807e-09,6.182062570031709e-09
grid,cold-trial,annulus-l5,training,484,0.1,0.5,upwind,cold,3000,60.0,simple-consistent,True,0.8,0.5,0,eligible,True,1.7800134150020313,1.7800134150020313,1.646062,16000,75,1.1870070150901526e-09,3.978230331519353e-14,2.7469598848517725e-08,7.104327127059103e-09,1.8306837747287433e-08
grid,cold-trial,annulus-l5,training,484,0.1,0.5,upwind,cold,3000,60.0,simple-consistent,True,0.8,1.0,0,eligible,True,1.4764661219960544,1.4764661219960544,1.296304,16000,75,1.185792763482799e-09,2.968418138921548e-14,2.7430091122665896e-08,5.3466195681932025e-09,1.8280508351617384e-08
grid,cold-trial,annulus-l5,training,484,0.1,0.5,upwind,cold,3000,60.0,simple-consistent,True,1.0,0.05,0,eligible,True,9.46535466399655,9.46535466399655,9.289405,16000,306,2.89863032845904e-09,2.134514558320267e-14,4.515328382589954e-13,1.1563927080048988e-08,3.02073283712271e-13
grid,cold-trial,annulus-l5,training,484,0.1,0.5,upwind,cold,3000,60.0,simple-consistent,True,1.0,0.1,0,eligible,True,14.046855298001901,14.046855298001901,12.43797,16000,153,1.3841863606246951e-09,1.9775240001362524e-14,8.75405478511627e-13,5.6666694777560455e-09,5.848818754119092e-13
grid,cold-trial,annulus-l5,training,484,0.1,0.5,upwind,cold,3000,60.0,simple-consistent,True,1.0,0.25,0,eligible,True,1.914635631001147,1.914635631001147,1.775678,16000,60,4.668612602503787e-10,1.864929751435947e-14,1.3906307029083766e-12,2.0930055845363728e-09,9.277104038790479e-13
grid,cold-trial,annulus-l5,training,484,0.1,0.5,upwind,cold,3000,60.0,simple-consistent,True,1.0,0.5,0,eligible,True,0.8673354810016463,0.8673354810016463,0.696005,15872,27,1.2959579515113014e-10,2.6327982250334665e-14,9.069478252611577e-13,7.001896687389266e-10,6.052594424002354e-13
grid,cold-trial,annulus-l5,training,484,0.1,0.5,upwind,cold,3000,60.0,simple-consistent,True,1.0,1.0,0,eligible,True,0.3601699670034577,0.3601699670034577,0.22045399999999998,16000,10,1.1095610084832389e-13,3.5501947091686416e-14,4.315988492659328e-13,1.0184362311627083e-12,2.863997374958093e-13
grid,cold-trial,annulus-l5,training,484,0.1,0.5,upwind,cold,3000,60.0,simple,True,0.2,0.05,0,eligible,True,3.5245874770043883,3.5245874770043883,3.364487,15872,944,9.757642151231577e-09,3.571794276033995e-12,2.26953367372986e-07,5.307529844373725e-08,1.5125017383168895e-07
grid,cold-trial,annulus-l5,training,484,0.1,0.5,upwind,cold,3000,60.0,simple,True,0.2,0.1,0,eligible,True,3.7736238809957285,3.7736238809957285,3.619674,16000,944,9.72093896501849e-09,1.672314535969811e-12,2.258709203102331e-07,4.5225023729887616e-08,1.505301377970064e-07
grid,cold-trial,annulus-l5,training,484,0.1,0.5,upwind,cold,3000,60.0,simple,True,0.2,0.25,0,eligible,True,3.3295831750001526,3.3295831750001526,3.1908999999999996,16000,944,9.75628227159602e-09,5.627573700951573e-13,2.2652507636469748e-07,4.175594633064861e-08,1.5096672931221185e-07
grid,cold-trial,annulus-l5,training,484,0.1,0.5,upwind,cold,3000,60.0,simple,True,0.2,0.5,0,eligible,True,2.8703660320024937,2.8703660320024937,2.758618,15872,944,9.750087737361883e-09,9.46035055711313e-12,2.2631504527276272e-07,4.06438452162867e-08,1.5082694242617802e-07
grid,cold-trial,annulus-l5,training,484,0.1,0.5,upwind,cold,3000,60.0,simple,True,0.2,1.0,0,eligible,True,2.753507551002258,2.753507551002258,2.6353579999999996,16000,944,9.750062891395182e-09,9.01145508435829e-12,2.262603709614054e-07,4.011479419706627e-08,1.5079059502384814e-07
grid,cold-trial,annulus-l5,training,484,0.1,0.5,upwind,cold,3000,60.0,simple,True,0.4,0.05,0,eligible,True,1.6207543249984155,1.6207543249984155,1.479514,16000,386,4.546193532520062e-09,6.3314582278138075e-12,8.34168817226983e-08,3.2513002771775104e-08,5.558802995520789e-08
grid,cold-trial,annulus-l5,training,484,0.1,0.5,upwind,cold,3000,60.0,simple,True,0.4,0.1,0,eligible,True,1.4335253820026992,1.4335253820026992,1.322961,16000,367,7.116922521449602e-09,6.299301526496534e-12,1.6573498181431038e-07,3.896839378430059e-08,1.1045110165636023e-07
grid,cold-trial,annulus-l5,training,484,0.1,0.5,upwind,cold,3000,60.0,simple,True,0.4,0.25,0,eligible,True,1.3813977030004025,1.3813977030004025,1.182352,16000,367,7.065801470798837e-09,2.4275592026824503e-12,1.6416530525713004e-07,3.17526864070812e-08,1.0940686681597218e-07
grid,cold-trial,annulus-l5,training,484,0.1,0.5,upwind,cold,3000,60.0,simple,True,0.4,0.5,0,eligible,True,1.1970306849980261,1.1970306849980261,0.9025759999999999,16000,367,7.001849540634276e-09,1.0394163046915305e-12,1.6254432487642302e-07,2.9699187716461254e-08,1.083270171693086e-07
grid,cold-trial,annulus-l5,training,484,0.1,0.5,upwind,cold,3000,60.0,simple,True,0.4,1.0,0,eligible,True,1.296495512004185,1.296495512004185,1.1438959999999998,16000,367,6.988949181377528e-09,4.35444007555924e-13,1.621533928274814e-07,2.882826470943258e-08,1.0806668130244878e-07
grid,cold-trial,annulus-l5,training,484,0.1,0.5,upwind,cold,3000,60.0,simple,True,0.6,0.05,0,eligible,True,1.4875157630012836,1.4875157630012836,1.270782,16000,329,3.514076249292842e-09,1.3638064648813213e-12,3.3525401232515143e-10,8.790068894695875e-09,1.9742336237267787e-10
grid,cold-trial,annulus-l5,training,484,0.1,0.5,upwind,cold,3000,60.0,simple,True,0.6,0.1,0,eligible,True,0.9273308449992328,0.9273308449992328,0.5455549999999999,16000,193,1.919909467332062e-09,3.272223654325705e-12,2.8462953424291753e-08,1.0181411033665813e-08,1.8967299300965222e-08
grid,cold-trial,annulus-l5,training,484,0.1,0.5,upwind,cold,3000,60.0,simple,True,0.6,0.25,0,eligible,True,0.6639787169988267,0.6639787169988267,0.5238849999999999,16000,178,2.8404450778181553e-09,3.766999040368429e-12,6.599902507665062e-08,1.3588620620709808e-08,4.3984112188911516e-08
grid,cold-trial,annulus-l5,training,484,0.1,0.5,upwind,cold,3000,60.0,simple,True,0.6,0.5,0,eligible,True,0.7171483679994708,0.7171483679994708,0.5428499999999999,16000,177,2.9906242626069798e-09,2.2628957560779894e-12,6.937261096254365e-08,1.2884559513792336e-08,4.623290489076325e-08
grid,cold-trial,annulus-l5,training,484,0.1,0.5,upwind,cold,3000,60.0,simple,True,0.6,1.0,0,linear-failure,False,,0.5587485220021335,0.407318,16000,,,,,,
grid,cold-trial,annulus-l5,training,484,0.1,0.5,upwind,cold,3000,60.0,simple,True,0.8,0.05,0,eligible,True,0.9689451400045073,0.9689451400045073,0.811012,16000,318,4.061033154887888e-09,8.076736771983798e-12,6.422613615158476e-10,1.0648972446577787e-08,3.8967869969802023e-10
grid,cold-trial,annulus-l5,training,484,0.1,0.5,upwind,cold,3000,60.0,simple,True,0.8,0.1,0,eligible,True,0.6333523560024332,0.6333523560024332,0.48011,16000,171,1.6895782422064324e-09,1.2964132655008947e-12,6.34651074721688e-10,4.440672676741128e-09,4.1694929628701006e-10
grid,cold-trial,annulus-l5,training,484,0.1,0.5,upwind,cold,3000,60.0,simple,True,0.8,0.25,0,eligible,True,0.46069696100312285,0.46069696100312285,0.340591,16000,115,1.874970803058484e-09,5.798698681905233e-12,2.621898694813467e-09,8.39268656181145e-10,1.7458271247282278e-09
grid,cold-trial,annulus-l5,training,484,0.1,0.5,upwind,cold,3000,60.0,simple,True,0.8,0.5,0,linear-failure,False,,1.8599777299968991,1.6846430000000001,16000,,,,,,
grid,cold-trial,annulus-l5,training,484,0.1,0.5,upwind,cold,3000,60.0,simple,True,0.8,1.0,0,linear-failure,False,,0.47611480799969286,0.33282599999999996,16000,,,,,,
grid,cold-trial,annulus-l5,training,484,0.1,0.5,upwind,cold,3000,60.0,simple,True,1.0,0.05,0,iteration-limit,False,,22.38446352200117,21.363906,16000,3000,3.055823449737583,7.738753074415582e-11,,,
grid,cold-trial,annulus-l5,training,484,0.1,0.5,upwind,cold,3000,60.0,simple,True,1.0,0.1,0,iteration-limit,False,,21.13310850999551,20.953685999999998,16000,3000,3.16074122571968,8.741020324774052e-11,,,
grid,cold-trial,annulus-l5,training,484,0.1,0.5,upwind,cold,3000,60.0,simple,True,1.0,0.25,0,linear-failure,False,,0.4043622690005577,0.239552,16000,,,,,,
grid,cold-trial,annulus-l5,training,484,0.1,0.5,upwind,cold,3000,60.0,simple,True,1.0,0.5,0,linear-failure,False,,0.31472613199730404,0.200986,16000,,,,,,
grid,cold-trial,annulus-l5,training,484,0.1,0.5,upwind,cold,3000,60.0,simple,True,1.0,1.0,0,linear-failure,False,,0.39417651800613385,0.21981599999999998,16000,,,,,,
grid,cold-trial,poiseuille-l5,training,900,0.1,1.0,upwind,cold,3000,60.0,simple-consistent,True,0.2,0.05,0,eligible,True,19.370938711996132,19.370938711996132,19.109314,16000,1455,9.963465342009313e-09,6.426056629659998e-15,1.4944850420364986e-07,4.215172047849778e-07,8.062777384491634e-08
grid,cold-trial,poiseuille-l5,training,900,0.1,1.0,upwind,cold,3000,60.0,simple-consistent,True,0.2,0.1,0,eligible,True,15.993831538995437,15.993831538995437,15.721311,16000,1454,9.979106776714114e-09,1.8207160450703325e-15,1.6219735345432827e-07,3.7730401779146053e-07,8.872223191931424e-08
grid,cold-trial,poiseuille-l5,training,900,0.1,1.0,upwind,cold,3000,60.0,simple-consistent,True,0.2,0.25,0,eligible,True,18.000936953998462,18.000936953998462,17.739264,16000,1454,9.9766379178309e-09,5.712050337475535e-16,1.7330740281411413e-07,3.5302180408951635e-07,9.568052946466567e-08
grid,cold-trial,poiseuille-l5,training,900,0.1,1.0,upwind,cold,3000,60.0,simple-consistent,True,0.2,0.5,0,solver-failure,False,,0.41936299500230234,0.2611,16000,3,0.29130998600938607,0.3153164058000996,,,
grid,cold-trial,poiseuille-l5,training,900,0.1,1.0,upwind,cold,3000,60.0,simple-consistent,True,0.2,1.0,0,solver-failure,False,,0.7808555829979014,0.634362,16000,1,0.3003515599803637,0.3973446739627769,,,
grid,cold-trial,poiseuille-l5,training,900,0.1,1.0,upwind,cold,3000,60.0,simple-consistent,True,0.4,0.05,0,eligible,True,9.14889089299686,9.14889089299686,8.981636,16000,586,4.535235665966235e-09,2.7132239103008877e-15,7.546077159041969e-08,2.688894941406178e-07,4.2788712657710047e-08
grid,cold-trial,poiseuille-l5,training,900,0.1,1.0,upwind,cold,3000,60.0,simple-consistent,True,0.4,0.1,0,eligible,True,8.245938808999199,8.245938808999199,8.071906,16000,570,6.325109698908715e-09,7.14006292184443e-16,1.2860846036000267e-07,2.64003799103479e-07,7.343659043340108e-08
grid,cold-trial,poiseuille-l5,training,900,0.1,1.0,upwind,cold,3000,60.0,simple-consistent,True,0.4,0.25,0,eligible,True,9.720843715003866,9.720843715003866,9.499994,16000,564,7.326644849570616e-09,1.4994132135873304e-15,1.668581573380446e-07,2.5576407788887137e-07,9.569426947864783e-08
grid,cold-trial,poiseuille-l5,training,900,0.1,1.0,upwind,cold,3000,60.0,simple-consistent,True,0.4,0.5,0,eligible,True,8.501175504999992,8.501175504999992,8.245550999999999,15872,565,7.3617120157454186e-09,1.5708138428057697e-15,1.7176113690701502e-07,2.3518859828438784e-07,9.878538729141238e-08
grid,cold-trial,poiseuille-l5,training,900,0.1,1.0,upwind,cold,3000,60.0,simple-consistent,True,0.4,1.0,0,eligible,True,8.154792029999953,8.154792029999953,8.028259,16000,580,7.390459416766882e-09,9.103580225351663e-16,1.9369279058456946e-07,1.5944019576785752e-07,1.1486410587530294e-07
grid,cold-trial,poiseuille-l5,training,900,0.1,1.0,upwind,cold,3000,60.0,simple-consistent,True,0.6,0.05,0,eligible,True,7.519372431997908,7.519372431997908,7.3217,16000,336,6.078199671872266e-10,1.927816988897999e-15,5.678644608113596e-09,1.3398130906601894e-07,3.581444513775866e-09
grid,cold-trial,poiseuille-l5,training,900,0.1,1.0,upwind,cold,3000,60.0,simple-consistent,True,0.6,0.1,0,eligible,True,5.814724693002063,5.814724693002063,5.652505,15872,280,2.145080691257832e-09,8.889378337696317e-15,5.130324561977941e-08,1.1641600047244077e-07,3.054945749681465e-08
grid,cold-trial,poiseuille-l5,training,900,0.1,1.0,upwind,cold,3000,60.0,simple-consistent,True,0.6,0.25,0,eligible,True,14.782073403002869,14.782073403002869,12.640833,16000,276,3.051633235948497e-09,1.549393654040244e-14,8.035963155237444e-08,8.220965077748664e-08,4.817671482483443e-08
grid,cold-trial,poiseuille-l5,training,900,0.1,1.0,upwind,cold,3000,60.0,simple-consistent,True,0.6,0.5,0,eligible,True,9.182771130996116,9.182771130996116,8.574486,16000,273,3.1828031367322202e-09,2.1241687192487214e-15,7.755593920657855e-08,8.434600100610311e-08,4.5958072346336066e-08
grid,cold-trial,poiseuille-l5,training,900,0.1,1.0,upwind,cold,3000,60.0,simple-consistent,True,0.6,1.0,0,eligible,True,5.07314797899744,5.07314797899744,4.856119,16000,270,3.2955392334635703e-09,3.4272302024853266e-15,7.336838597134641e-08,9.374000522682688e-08,4.2824191456358474e-08
grid,cold-trial,poiseuille-l5,training,900,0.1,1.0,upwind,cold,3000,60.0,simple-consistent,True,0.8,0.05,0,eligible,True,10.081634025998937,10.081634025998937,9.868223,16000,300,1.0236701890778155e-09,2.945275955260822e-15,3.707742221501565e-13,7.422268528627102e-08,2.7387971826068296e-13
grid,cold-trial,poiseuille-l5,training,900,0.1,1.0,upwind,cold,3000,60.0,simple-consistent,True,0.8,0.1,0,eligible,True,4.889318305999041,4.889318305999041,4.773553,15872,159,4.8132377314689e-10,2.8203248541285544e-15,9.581842510877944e-10,5.707389995496429e-08,6.377773487190266e-10
grid,cold-trial,poiseuille-l5,training,900,0.1,1.0,upwind,cold,3000,60.0,simple-consistent,True,0.8,0.25,0,eligible,True,3.4452786459951312,3.4452786459951312,3.297651,15872,117,1.0474299519692291e-09,5.569249079038656e-15,3.049508620946819e-08,3.6666903326975535e-08,1.859422581172892e-08
grid,cold-trial,poiseuille-l5,training,900,0.1,1.0,upwind,cold,3000,60.0,simple-consistent,True,0.8,0.5,0,eligible,True,3.912844619997486,3.912844619997486,3.656468,16000,115,1.149643283908885e-09,4.7124415284173315e-15,2.9330565841765766e-08,2.973230927595481e-08,1.773200834403906e-08
grid,cold-trial,poiseuille-l5,training,900,0.1,1.0,upwind,cold,3000,60.0,simple-consistent,True,0.8,1.0,0,eligible,True,3.800563132004754,3.800563132004754,3.63447,16000,117,1.153329277372865e-09,1.0710094382766662e-15,2.9036736287077746e-08,1.9182586549902105e-08,1.7817251746687224e-08
grid,cold-trial,poiseuille-l5,training,900,0.1,1.0,upwind,cold,3000,60.0,simple-consistent,True,1.0,0.05,0,eligible,True,23.686907165996672,23.686907165996672,23.495704,16000,309,2.8168958908523437e-10,9.996088090582181e-16,3.851449511501961e-13,1.0953154566090819e-07,2.7025616026972645e-13
grid,cold-trial,poiseuille-l5,training,900,0.1,1.0,upwind,cold,3000,60.0,simple-consistent,True,1.0,0.1,0,eligible,True,12.502880849002395,12.502880849002395,12.387685,16000,158,1.307481764291398e-10,1.2852113259319932e-15,3.4762309590712064e-13,4.9352715424708795e-08,2.5642723741428106e-13
grid,cold-trial,poiseuille-l5,training,900,0.1,1.0,upwind,cold,3000,60.0,simple-consistent,True,1.0,0.25,0,eligible,True,4.978554709996388,4.978554709996388,4.770363000000001,16000,62,6.004650183517374e-11,1.999217618116437e-15,3.6987902485006774e-13,1.5030301547114826e-08,2.660925278212308e-13
grid,cold-trial,poiseuille-l5,training,900,0.1,1.0,upwind,cold,3000,60.0,simple-consistent,True,1.0,0.5,0,eligible,True,2.3195103769976413,2.3195103769976413,2.19783,16000,28,2.5065471997604986e-11,1.8564163596795487e-15,3.9636190143606524e-13,3.1264674634399382e-09,2.776095405802633e-13
grid,cold-trial,poiseuille-l5,training,900,0.1,1.0,upwind,cold,3000,60.0,simple-consistent,True,1.0,1.0,0,eligible,True,1.2250556959988899,1.2250556959988899,1.053732,16000,10,1.2004943513063137e-14,5.712050337475535e-16,1.2279029186166986e-15,3.938450177599122e-15,8.884199434468042e-16
grid,cold-trial,poiseuille-l5,training,900,0.1,1.0,upwind,cold,3000,60.0,simple,True,0.2,0.05,0,eligible,True,5.173106590002135,5.173106590002135,4.982613000000001,16000,1455,9.830775390016195e-09,3.0745110941462066e-13,1.478687296938138e-07,4.0409667118523755e-07,7.96235753038123e-08
grid,cold-trial,poiseuille-l5,training,900,0.1,1.0,upwind,cold,3000,60.0,simple,True,0.2,0.1,0,eligible,True,4.448104472001432,4.448104472001432,4.306039,16000,1454,9.825185504068304e-09,1.9092528253011976e-13,1.5001779483265457e-07,3.7411121783742084e-07,8.077758966849995e-08
grid,cold-trial,poiseuille-l5,training,900,0.1,1.0,upwind,cold,3000,60.0,simple,True,0.2,0.25,0,eligible,True,4.449098566001339,4.449098566001339,4.242119,16000,1453,9.891180490320162e-09,2.8349619831183265e-13,1.5191658235787496e-07,3.5927832997278843e-07,8.179609363465804e-08
grid,cold-trial,poiseuille-l5,training,900,0.1,1.0,upwind,cold,3000,60.0,simple,True,0.2,0.5,0,eligible,True,4.753161760003422,4.753161760003422,4.5819790000000005,16000,1453,9.840861430226679e-09,3.597163700025218e-13,1.5137017078115935e-07,3.518449412482746e-07,8.150324707827011e-08
grid,cold-trial,poiseuille-l5,training,900,0.1,1.0,upwind,cold,3000,60.0,simple,True,0.2,1.0,0,eligible,True,4.4138285539957,4.4138285539957,4.241273,15872,1453,9.819910892136112e-09,3.1269905566217633e-13,1.5114493265482551e-07,3.483216346151798e-07,8.138295247841834e-08
grid,cold-trial,poiseuille-l5,training,900,0.1,1.0,upwind,cold,3000,60.0,simple,True,0.4,0.05,0,eligible,True,2.226027103002707,2.226027103002707,2.078356,16000,571,5.898494337877883e-09,1.9228189448526988e-13,8.397465992286515e-08,2.7618515123144156e-07,4.528217488584541e-08
grid,cold-trial,poiseuille-l5,training,900,0.1,1.0,upwind,cold,3000,60.0,simple,True,0.4,0.1,0,eligible,True,2.1416935229935916,2.1416935229935916,1.832228,16000,564,6.868388716948947e-09,3.1266335534756657e-13,1.0278679898559114e-07,2.7244875896065154e-07,5.5391666397301965e-08
grid,cold-trial,poiseuille-l5,training,900,0.1,1.0,upwind,cold,3000,60.0,simple,True,0.4,0.25,0,eligible,True,2.0656121389984037,2.0656121389984037,1.885015,16000,562,7.21344526800109e-09,2.2084214617264785e-13,1.0978923179645863e-07,2.607902719466557e-07,5.9157367234746075e-08
grid,cold-trial,poiseuille-l5,training,900,0.1,1.0,upwind,cold,3000,60.0,simple,True,0.4,0.5,0,eligible,True,2.121729141996184,2.121729141996184,1.9253879999999999,16000,562,7.1324365541206035e-09,2.5325803183782153e-13,1.0898241223480201e-07,2.495572023855159e-07,5.871759684430379e-08
grid,cold-trial,poiseuille-l5,training,900,0.1,1.0,upwind,cold,3000,60.0,simple,True,0.4,1.0,0,eligible,True,1.7602012469942565,1.7602012469942565,1.638174,16000,561,7.3109102605645775e-09,2.0067146841843705e-13,1.1184765415161379e-07,2.5232827256574587e-07,6.025528923766763e-08
grid,cold-trial,poiseuille-l5,training,900,0.1,1.0,upwind,cold,3000,60.0,simple,True,0.6,0.05,0,eligible,True,1.0895517769968137,1.0895517769968137,0.9629359999999999,16000,277,2.0884560057888415e-09,5.25419380261226e-13,2.6485326562395215e-08,1.1046031600110118e-07,1.4343365704607545e-08
grid,cold-trial,poiseuille-l5,training,900,0.1,1.0,upwind,cold,3000,60.0,simple,True,0.6,0.1,0,eligible,True,1.2574271749981563,1.2574271749981563,1.094069,16000,272,2.577013615628765e-09,2.9652681314419823e-13,3.6155605181596683e-08,1.0225816280474362e-07,1.9574576374204994e-08
grid,cold-trial,poiseuille-l5,training,900,0.1,1.0,upwind,cold,3000,60.0,simple,True,0.6,0.25,0,eligible,True,1.2174630959998467,1.2174630959998467,0.9531909999999999,16000,271,2.6596690961528755e-09,1.7903707776524822e-13,3.8523950607847405e-08,8.900115224761972e-08,2.0868299817640068e-08
grid,cold-trial,poiseuille-l5,training,900,0.1,1.0,upwind,cold,3000,60.0,simple,True,0.6,0.5,0,eligible,True,1.0018801770056598,1.0018801770056598,0.8102039999999999,16000,271,2.658989664942386e-09,2.161475548015348e-13,3.877088376940868e-08,8.438524976753786e-08,2.099443832205848e-08
grid,cold-trial,poiseuille-l5,training,900,0.1,1.0,upwind,cold,3000,60.0,simple,True,0.6,1.0,0,solver-error,False,,0.37349445700237993,0.132822,16000,,,,,,
grid,cold-trial,poiseuille-l5,training,900,0.1,1.0,upwind,cold,3000,60.0,simple,True,0.8,0.05,0,eligible,True,0.880403547998867,0.880403547998867,0.709209,16000,204,9.259308161558493e-09,6.387500289882016e-13,2.284258747237352e-10,1.0350460005032479e-08,1.2198412558341682e-10
grid,cold-trial,poiseuille-l5,training,900,0.1,1.0,upwind,cold,3000,60.0,simple,True,0.8,0.1,0,eligible,True,0.8156348630000139,0.8156348630000139,0.576742,16000,115,3.143836240338747e-09,3.627865970589149e-13,9.147444656051247e-09,2.6063738007476916e-08,4.963463065983563e-09
grid,cold-trial,poiseuille-l5,training,900,0.1,1.0,upwind,cold,3000,60.0,simple,True,0.8,0.25,0,eligible,True,0.5640048109999043,0.5640048109999043,0.420492,16000,115,6.9635869256643e-10,2.8228238761511866e-13,9.976864574758531e-09,2.0053487864063988e-08,5.419487032472725e-09
grid,cold-trial,poiseuille-l5,training,900,0.1,1.0,upwind,cold,3000,60.0,simple,True,0.8,0.5,0,solver-error,False,,0.2290517790024751,0.054888,16000,,,,,,
grid,cold-trial,poiseuille-l5,training,900,0.1,1.0,upwind,cold,3000,60.0,simple,True,0.8,1.0,0,solver-error,False,,0.2199064759988687,0.03272,16000,,,,,,
grid,cold-trial,poiseuille-l5,training,900,0.1,1.0,upwind,cold,3000,60.0,simple,True,1.0,0.05,0,solver-error,False,,0.18812896499730414,0.028510999999999998,16000,,,,,,
grid,cold-trial,poiseuille-l5,training,900,0.1,1.0,upwind,cold,3000,60.0,simple,True,1.0,0.1,0,solver-error,False,,0.19221220199688105,0.032556,15872,,,,,,
grid,cold-trial,poiseuille-l5,training,900,0.1,1.0,upwind,cold,3000,60.0,simple,True,1.0,0.25,0,solver-error,False,,0.12223353299486917,0.029991,16000,,,,,,
grid,cold-trial,poiseuille-l5,training,900,0.1,1.0,upwind,cold,3000,60.0,simple,True,1.0,0.5,0,solver-error,False,,0.19120723300147802,0.03444,16000,,,,,,
grid,cold-trial,poiseuille-l5,training,900,0.1,1.0,upwind,cold,3000,60.0,simple,True,1.0,1.0,0,solver-error,False,,0.2772354800035828,0.036743,15872,,,,,,
pilot,cold-trial,annulus-l5,training,484,0.1,0.5,upwind,cold,3000,90.0,coupled,False,,,0,eligible,True,0.325772711999889,0.325772711999889,0.150765,16000,10,1.1095610084832389e-13,3.5501947091686416e-14,4.315988492659328e-13,1.0184362311627083e-12,2.863997374958093e-13
pilot,cold-trial,annulus-l5,training,484,0.1,0.5,upwind,cold,3000,90.0,simple-consistent,True,0.6,0.25,0,eligible,True,3.723857226999826,3.723857226999826,3.560336,15872,176,3.1068414560678653e-09,2.4902669847069802e-14,7.213539860869564e-08,1.827449265783169e-08,4.807421758868157e-08
pilot,cold-trial,annulus-l5,training,484,0.1,0.5,upwind,cold,3000,90.0,simple-consistent,True,1.0,1.0,0,eligible,True,0.3543378030008171,0.3543378030008171,0.14362999999999998,16000,10,1.1095610084832389e-13,3.5501947091686416e-14,4.315988492659328e-13,1.0184362311627083e-12,2.863997374958093e-13
pilot,cold-trial,annulus-l5,training,484,0.1,0.5,upwind,cold,3000,90.0,simple,True,0.6,0.25,0,eligible,True,1.3419812600041041,1.3419812600041041,1.076791,16000,178,2.8404450778181553e-09,3.766999040368429e-12,6.599902507665062e-08,1.3588620620709808e-08,4.3984112188911516e-08
pilot,cold-trial,annulus-l5,training,484,0.1,0.5,upwind,cold,3000,90.0,simple,True,1.0,1.0,0,linear-failure,False,,0.5419947479967959,0.278731,16000,,,,,,
pilot,cold-trial,poiseuille-l5,training,900,0.1,1.0,upwind,cold,3000,90.0,coupled,False,,,0,eligible,True,1.026312620000681,1.026312620000681,0.841177,15872,10,1.2004943513063137e-14,5.712050337475535e-16,1.2279029186166986e-15,3.938450177599122e-15,8.884199434468042e-16
pilot,cold-trial,poiseuille-l5,training,900,0.1,1.0,upwind,cold,3000,90.0,simple-consistent,True,0.6,0.25,0,eligible,True,6.096649882994825,6.096649882994825,5.691489,15872,276,3.051633235948497e-09,1.549393654040244e-14,8.035963155237444e-08,8.220965077748664e-08,4.817671482483443e-08
pilot,cold-trial,poiseuille-l5,training,900,0.1,1.0,upwind,cold,3000,90.0,simple-consistent,True,1.0,1.0,0,eligible,True,2.0292074480021256,2.0292074480021256,1.658183,16000,10,1.2004943513063137e-14,5.712050337475535e-16,1.2279029186166986e-15,3.938450177599122e-15,8.884199434468042e-16
pilot,cold-trial,poiseuille-l5,training,900,0.1,1.0,upwind,cold,3000,90.0,simple,True,0.6,0.25,0,eligible,True,0.72120424300374,0.72120424300374,0.590249,16000,271,2.6596690961528755e-09,1.7903707776524822e-13,3.8523950607847405e-08,8.900115224761972e-08,2.0868299817640068e-08
pilot,cold-trial,poiseuille-l5,training,900,0.1,1.0,upwind,cold,3000,90.0,simple,True,1.0,1.0,0,solver-error,False,,0.15658351599995513,0.024173,16000,,,,,,
reference-bootstrap,reference-bootstrap,annulus-l7,holdout,6208,0.1,0.5,upwind,cold,2000,600,coupled,False,,,0,uncompared,False,,6.93630581600155,6.815818999999999,50348,10,2.769945111818714e-13,7.297965067651537e-14,,,
reference-fine-1e9,reference,annulus-l7,holdout,6208,0.1,0.5,upwind,cold,1000,180.0,coupled,False,,,0,reference,False,,6.792976904995157,6.617939,50160,10,2.769945111818714e-13,7.297965067651537e-14,,,
reference-fine-strict,reference,annulus-l7,holdout,6208,0.1,0.5,upwind,cold,1000,300.0,coupled,False,,,0,solver-failure,False,,56.80265281500033,56.598779,50276,2,4.063966818556031e-07,1.703176135749956e-14,,,
reference-warm-tight,reference,annulus-l7,holdout,6208,0.1,0.5,upwind,same-mesh warm,2000,600,coupled,False,,,0,solver-failure,False,,53.31439778700587,53.196036,50588,0,2.769945111818714e-13,7.297965067651537e-14,,,
references-holdout,reference,annulus-l6,holdout,1672,0.1,0.5,upwind,cold,2000,600.0,coupled,False,,,0,reference,False,,0.8072779089998221,0.674121,16000,10,2.734717449409664e-13,3.587057386377551e-14,,,
references-holdout,reference,annulus-l7,holdout,6208,0.1,0.5,upwind,cold,2000,600.0,coupled,False,,,0,solver-failure,False,,53.85131803400145,53.725994,50280,5,6.882980277020018e-10,2.3147419507935718e-10,,,
references-holdout,reference,cavity100-l5,holdout,900,0.01,1.0,upwind,cold,2000,600.0,coupled,False,,,0,reference,False,,1.1700337389993365,1.018069,16000,15,1.757401985722384e-12,6.245004513516507e-16,,,
references-holdout,reference,dfg20-l7,holdout,3063,0.001,0.3,limited-linear,cold,2000,600.0,coupled,False,,,0,reference,False,,51.85896511899773,51.573952,26068,54,1.951228329332901e-12,1.8405524289486537e-13,,,
references-training-v1,reference,annulus-l5,training,484,0.1,0.5,upwind,cold,1000,180.0,coupled,False,,,0,reference,False,,0.36354022200248437,0.138873,16000,10,6.595407745912566e-14,1.8666597201722006e-14,,,
references-training-v1,reference,poiseuille-l5,training,900,0.1,1.0,upwind,cold,1000,180.0,coupled,False,,,0,reference,False,,1.3287040529976366,0.6661819999999999,16000,10,1.1937018825604844e-14,5.712050337475535e-16,,,
refine-consistent,cold-trial,annulus-l5,training,484,0.1,0.5,upwind,cold,3000,60.0,simple-consistent,True,0.95,0.75,0,eligible,True,4.496823407003831,4.496823407003831,3.645441,16000,24,1.487463336643855e-10,2.2822680273226955e-14,3.323404652168426e-09,1.4589351053381264e-09,2.2147631094376953e-09
refine-consistent,cold-trial,annulus-l5,training,484,0.1,0.5,upwind,cold,3000,60.0,simple-consistent,True,0.95,0.9,0,eligible,True,0.7213652280042879,0.7213652280042879,0.573309,16000,24,1.464518280805337e-10,3.6944306961741476e-14,3.3258700909597417e-09,1.0218760864591268e-09,2.2164060967377856e-09
refine-consistent,cold-trial,annulus-l5,training,484,0.1,0.5,upwind,cold,3000,60.0,simple-consistent,True,0.95,1.0,0,eligible,True,0.6225122749965522,0.6225122749965522,0.502433,16000,24,1.4623040642550544e-10,2.965266742981882e-14,3.3303298255005207e-09,8.897692394446784e-10,2.2193781530715004e-09
refine-consistent,cold-trial,annulus-l5,training,484,0.1,0.5,upwind,cold,3000,60.0,simple-consistent,True,0.9,0.75,0,eligible,True,0.9216963440048858,0.9216963440048858,0.784115,16000,40,3.830859679502361e-10,2.873967145517469e-14,8.810359861355964e-09,2.3642451793205857e-09,5.871499878127267e-09
refine-consistent,cold-trial,annulus-l5,training,484,0.1,0.5,upwind,cold,3000,60.0,simple-consistent,True,0.9,0.9,0,eligible,True,4.774490495001373,4.774490495001373,3.52715,15872,40,3.8262587728019897e-10,2.8570614564261895e-14,8.807379221300075e-09,2.0528939720252926e-09,5.869513564261709e-09
refine-consistent,cold-trial,annulus-l5,training,484,0.1,0.5,upwind,cold,3000,60.0,simple-consistent,True,0.9,1.0,0,eligible,True,0.9673001909977756,0.9673001909977756,0.815169,16000,40,3.8266489944184666e-10,2.6034761200570014e-14,8.809440172234317e-09,1.9268139747977274e-09,5.870887052150192e-09
refine-consistent,cold-trial,annulus-l5,training,484,0.1,0.5,upwind,cold,3000,60.0,simple-consistent,True,1.0,0.75,0,eligible,True,0.5693115930043859,0.5693115930043859,0.43787499999999996,16000,15,2.5923471354206347e-11,4.3618340974370556e-14,4.5122910734084663e-13,1.7389020876232404e-10,3.0112480033060106e-13
refine-consistent,cold-trial,annulus-l5,training,484,0.1,0.5,upwind,cold,3000,60.0,simple-consistent,True,1.0,0.9,0,eligible,True,0.4333707300029346,0.4333707300029346,0.289758,16000,10,5.923385521422189e-12,3.8514067030561227e-14,3.3278488159153624e-13,5.0896085161408323e-11,2.2249473553034094e-13
refine-consistent,cold-trial,annulus-l5,training,484,0.1,0.5,upwind,cold,3000,60.0,simple-consistent,True,1.0,1.0,0,eligible,True,0.3279990299997735,0.3279990299997735,0.193546,16000,10,1.1095610084832389e-13,3.5501947091686416e-14,4.315988492659328e-13,1.0184362311627083e-12,2.863997374958093e-13
refine-consistent,cold-trial,poiseuille-l5,training,900,0.1,1.0,upwind,cold,3000,60.0,simple-consistent,True,0.95,0.75,0,eligible,True,1.780468014003418,1.780468014003418,1.638145,16000,36,2.0638968365351803e-10,5.926252225130887e-15,6.317664216362212e-09,2.4988231267009117e-09,3.949069051079023e-09
refine-consistent,cold-trial,poiseuille-l5,training,900,0.1,1.0,upwind,cold,3000,60.0,simple-consistent,True,0.95,0.9,0,eligible,True,1.8480050929938443,1.8480050929938443,1.67212,16000,36,2.1441985395703407e-10,4.676741213808102e-15,6.366393859929128e-09,2.2285680562131055e-09,3.981560493690271e-09
refine-consistent,cold-trial,poiseuille-l5,training,900,0.1,1.0,upwind,cold,3000,60.0,simple-consistent,True,0.95,1.0,0,eligible,True,1.553142826000112,1.553142826000112,1.402687,16000,36,2.228250439505804e-10,3.855633977795998e-15,6.405436869157082e-09,2.1233917137429695e-09,4.006223440162723e-09
refine-consistent,cold-trial,poiseuille-l5,training,900,0.1,1.0,upwind,cold,3000,60.0,simple-consistent,True,0.9,0.75,0,eligible,True,2.078830814003595,2.078830814003595,1.933989,16000,61,4.816885370690669e-10,8.425274247776441e-15,1.3755893319113411e-08,6.682351579928049e-09,8.613406849654362e-09
refine-consistent,cold-trial,poiseuille-l5,training,900,0.1,1.0,upwind,cold,3000,60.0,simple-consistent,True,0.9,0.9,0,eligible,True,2.2156757609991473,2.2156757609991473,2.08161,16000,61,4.831742103769036e-10,5.712050337475535e-16,1.3262643150010416e-08,6.126972910861428e-09,8.298923897409625e-09
refine-consistent,cold-trial,poiseuille-l5,training,900,0.1,1.0,upwind,cold,3000,60.0,simple-consistent,True,0.9,1.0,0,eligible,True,2.245820119002019,2.245820119002019,2.106739,16000,61,4.995278415604567e-10,4.212637123888221e-15,1.3528664598682856e-08,5.983717189746704e-09,8.465584583874022e-09
refine-consistent,cold-trial,poiseuille-l5,training,900,0.1,1.0,upwind,cold,3000,60.0,simple-consistent,True,1.0,0.75,0,eligible,True,1.0812615559989354,1.0812615559989354,0.960185,16000,15,1.5695110453868512e-11,1.2852113259319942e-15,3.8605924058062945e-13,7.886558221571835e-10,2.7682918900865776e-13
refine-consistent,cold-trial,poiseuille-l5,training,900,0.1,1.0,upwind,cold,3000,60.0,simple-consistent,True,1.0,0.9,0,eligible,True,0.9379432889982127,0.9379432889982127,0.7834209999999999,16000,10,4.706952265835978e-12,1.1781103821043291e-15,5.7569203488367e-13,8.71868289092077e-11,4.2506664017351403e-13
refine-consistent,cold-trial,poiseuille-l5,training,900,0.1,1.0,upwind,cold,3000,60.0,simple-consistent,True,1.0,1.0,0,eligible,True,0.9919512280030176,0.9919512280030176,0.8438279999999999,16000,10,1.2004943513063137e-14,5.712050337475535e-16,1.2279029186166986e-15,3.938450177599122e-15,8.884199434468042e-16
refine-simple,cold-trial,annulus-l5,training,484,0.1,0.5,upwind,cold,3000,60.0,simple,True,0.7,0.075,0,eligible,True,0.7606224400005885,0.7606224400005885,0.638449,16000,225,2.2982624657193647e-09,1.2628374421536572e-12,5.697104174843437e-10,5.969846196024043e-09,3.710962146429878e-10
refine-simple,cold-trial,annulus-l5,training,484,0.1,0.5,upwind,cold,3000,60.0,simple,True,0.7,0.15,0,eligible,True,0.4253646990036941,0.4253646990036941,0.294643,16128,133,1.1686010661957822e-09,2.7322024307957183e-12,1.8896953659100806e-08,5.991245476995934e-09,1.2592759081646189e-08
refine-simple,cold-trial,annulus-l5,training,484,0.1,0.5,upwind,cold,3000,60.0,simple,True,0.7,0.25,0,eligible,True,0.4887157720004325,0.4887157720004325,0.36372299999999996,16000,123,1.5098557542254703e-09,4.153890958048132e-12,3.5195992474386206e-08,7.620178949386768e-09,2.345550257204333e-08
refine-simple,cold-trial,annulus-l5,training,484,0.1,0.5,upwind,cold,3000,60.0,simple,True,0.8,0.075,0,eligible,True,0.7525612780009396,0.7525612780009396,0.578332,16000,221,2.445610093480506e-09,5.498269214855458e-13,3.676421912106133e-10,6.4171045890036e-09,2.210816137676356e-10
refine-simple,cold-trial,annulus-l5,training,484,0.1,0.5,upwind,cold,3000,60.0,simple,True,0.8,0.15,0,eligible,True,0.43375618400023086,0.43375618400023086,0.28914999999999996,16000,120,1.0619632701627782e-09,1.8121886381785147e-12,2.4558417934182478e-09,2.875029477946545e-09,1.6359785079669625e-09
refine-simple,cold-trial,annulus-l5,training,484,0.1,0.5,upwind,cold,3000,60.0,simple,True,0.8,0.25,0,eligible,True,0.44163974500406766,0.44163974500406766,0.265548,16000,115,1.874970803058484e-09,5.798698681905233e-12,2.621898694813467e-09,8.39268656181145e-10,1.7458271247282278e-09
refine-simple,cold-trial,annulus-l5,training,484,0.1,0.5,upwind,cold,3000,60.0,simple,True,0.9,0.075,0,eligible,True,5.786123042002146,5.786123042002146,5.638998,15872,2551,6.858885167547567e-09,4.472181912917651e-12,5.146993715073798e-10,3.3060188934441554e-10,3.5441870725002507e-10
refine-simple,cold-trial,annulus-l5,training,484,0.1,0.5,upwind,cold,3000,60.0,simple,True,0.9,0.15,0,iteration-limit,False,,14.6717318190058,14.479808,16000,3000,1.183834833061519,1.9065495435525843e-11,,,
refine-simple,cold-trial,annulus-l5,training,484,0.1,0.5,upwind,cold,3000,60.0,simple,True,0.9,0.25,0,iteration-limit,False,,14.772353957996529,14.652935,16000,3000,1.7454357729805499,7.183670938998154e-11,,,
refine-simple,cold-trial,poiseuille-l5,training,900,0.1,1.0,upwind,cold,3000,60.0,simple,True,0.7,0.075,0,eligible,True,0.7374894550011959,0.7374894550011959,0.582126,15872,184,1.4775916615616314e-09,1.9983251102512061e-13,1.967480780724012e-08,6.586462808155004e-08,1.0665838166720649e-08
refine-simple,cold-trial,poiseuille-l5,training,900,0.1,1.0,upwind,cold,3000,60.0,simple,True,0.7,0.15,0,eligible,True,0.6872224280014052,0.6872224280014052,0.520789,16000,183,1.5785376423160164e-09,2.483849388936627e-13,2.2126862472807226e-08,5.5480563617654356e-08,1.2006156807828244e-08
refine-simple,cold-trial,poiseuille-l5,training,900,0.1,1.0,upwind,cold,3000,60.0,simple,True,0.7,0.25,0,eligible,True,0.6548140939994482,0.6548140939994482,0.521705,16000,183,1.542703650109964e-09,2.2619719336403079e-13,2.206195270107236e-08,4.9471239014917144e-08,1.1973253822401828e-08
refine-simple,cold-trial,poiseuille-l5,training,900,0.1,1.0,upwind,cold,3000,60.0,simple,True,0.8,0.075,0,eligible,True,0.6210340640027425,0.6210340640027425,0.453709,16000,142,7.126927770681728e-09,2.5411483938844287e-13,6.856172422645024e-10,8.479233198931184e-09,3.7918884467684807e-10
refine-simple,cold-trial,poiseuille-l5,training,900,0.1,1.0,upwind,cold,3000,60.0,simple,True,0.8,0.15,0,eligible,True,0.6132891640008893,0.6132891640008893,0.39169599999999993,16000,114,8.041231154110854e-10,2.965446633015033e-13,1.1156231170894036e-08,2.6181927467476857e-08,6.056812404326925e-09
refine-simple,cold-trial,poiseuille-l5,training,900,0.1,1.0,upwind,cold,3000,60.0,simple,True,0.8,0.25,0,eligible,True,0.4747216439936892,0.4747216439936892,0.326098,16000,115,6.9635869256643e-10,2.8228238761511866e-13,9.976864574758531e-09,2.0053487864063988e-08,5.419487032472725e-09
refine-simple,cold-trial,poiseuille-l5,training,900,0.1,1.0,upwind,cold,3000,60.0,simple,True,0.9,0.075,0,eligible,True,0.6286686009989353,0.6286686009989353,0.5171419999999999,16000,180,5.160445577327696e-09,3.9834411040970005e-13,4.0860787959339054e-10,8.188791516329327e-10,9.846054609882295e-11
refine-simple,cold-trial,poiseuille-l5,training,900,0.1,1.0,upwind,cold,3000,60.0,simple,True,0.9,0.15,0,eligible,True,0.7351775149945752,0.7351775149945752,0.530719,16000,202,5.036161336984604e-09,4.0212834375827764e-13,4.214748668868205e-10,4.967086012184901e-10,1.081508401679671e-10
refine-simple,cold-trial,poiseuille-l5,training,900,0.1,1.0,upwind,cold,3000,60.0,simple,True,0.9,0.25,0,solver-error,False,,0.21840331199928187,0.038929,16000,,,,,,
repeat-consistent,cold-trial,annulus-l5,training,484,0.1,0.5,upwind,cold,3000,60.0,simple-consistent,True,1.0,0.9,0,eligible,True,0.3275276229978772,0.3275276229978772,0.198367,16000,10,5.923385521422189e-12,3.8514067030561227e-14,3.3278488159153624e-13,5.0896085161408323e-11,2.2249473553034094e-13
repeat-consistent,cold-trial,annulus-l5,training,484,0.1,0.5,upwind,cold,3000,60.0,simple-consistent,True,1.0,0.9,1,eligible,True,0.31095508900034474,0.31095508900034474,0.181624,16000,10,5.923385521422189e-12,3.8514067030561227e-14,3.3278488159153624e-13,5.0896085161408323e-11,2.2249473553034094e-13
repeat-consistent,cold-trial,annulus-l5,training,484,0.1,0.5,upwind,cold,3000,60.0,simple-consistent,True,1.0,0.9,2,eligible,True,0.44932113400136586,0.44932113400136586,0.193326,16000,10,5.923385521422189e-12,3.8514067030561227e-14,3.3278488159153624e-13,5.0896085161408323e-11,2.2249473553034094e-13
repeat-consistent,cold-trial,annulus-l5,training,484,0.1,0.5,upwind,cold,3000,60.0,simple-consistent,True,1.0,0.9,3,eligible,True,0.3013601459970232,0.3013601459970232,0.16977599999999998,16000,10,5.923385521422189e-12,3.8514067030561227e-14,3.3278488159153624e-13,5.0896085161408323e-11,2.2249473553034094e-13
repeat-consistent,cold-trial,annulus-l5,training,484,0.1,0.5,upwind,cold,3000,60.0,simple-consistent,True,1.0,0.9,4,eligible,True,0.30534963300306117,0.30534963300306117,0.18113999999999997,16000,10,5.923385521422189e-12,3.8514067030561227e-14,3.3278488159153624e-13,5.0896085161408323e-11,2.2249473553034094e-13
repeat-consistent,cold-trial,annulus-l5,training,484,0.1,0.5,upwind,cold,3000,60.0,simple-consistent,True,1.0,0.9,5,eligible,True,0.3262800869997591,0.3262800869997591,0.19605199999999998,16000,10,5.923385521422189e-12,3.8514067030561227e-14,3.3278488159153624e-13,5.0896085161408323e-11,2.2249473553034094e-13
repeat-consistent,cold-trial,annulus-l5,training,484,0.1,0.5,upwind,cold,3000,60.0,simple-consistent,True,1.0,0.9,6,eligible,True,0.3015163890013355,0.3015163890013355,0.170272,16000,10,5.923385521422189e-12,3.8514067030561227e-14,3.3278488159153624e-13,5.0896085161408323e-11,2.2249473553034094e-13
repeat-consistent,cold-trial,annulus-l5,training,484,0.1,0.5,upwind,cold,3000,60.0,simple-consistent,True,1.0,1.0,0,eligible,True,0.25859047999983886,0.25859047999983886,0.11818799999999999,16000,10,1.1095610084832389e-13,3.5501947091686416e-14,4.315988492659328e-13,1.0184362311627083e-12,2.863997374958093e-13
repeat-consistent,cold-trial,annulus-l5,training,484,0.1,0.5,upwind,cold,3000,60.0,simple-consistent,True,1.0,1.0,1,eligible,True,0.27923389300121926,0.27923389300121926,0.143152,16000,10,1.1095610084832389e-13,3.5501947091686416e-14,4.315988492659328e-13,1.0184362311627083e-12,2.863997374958093e-13
repeat-consistent,cold-trial,annulus-l5,training,484,0.1,0.5,upwind,cold,3000,60.0,simple-consistent,True,1.0,1.0,2,eligible,True,0.2881561469985172,0.2881561469985172,0.158047,15872,10,1.1095610084832389e-13,3.5501947091686416e-14,4.315988492659328e-13,1.0184362311627083e-12,2.863997374958093e-13
repeat-consistent,cold-trial,annulus-l5,training,484,0.1,0.5,upwind,cold,3000,60.0,simple-consistent,True,1.0,1.0,3,eligible,True,0.3067401209991658,0.3067401209991658,0.16605399999999998,16000,10,1.1095610084832389e-13,3.5501947091686416e-14,4.315988492659328e-13,1.0184362311627083e-12,2.863997374958093e-13
repeat-consistent,cold-trial,annulus-l5,training,484,0.1,0.5,upwind,cold,3000,60.0,simple-consistent,True,1.0,1.0,4,eligible,True,0.25341555399791105,0.25341555399791105,0.12673399999999999,16000,10,1.1095610084832389e-13,3.5501947091686416e-14,4.315988492659328e-13,1.0184362311627083e-12,2.863997374958093e-13
repeat-consistent,cold-trial,annulus-l5,training,484,0.1,0.5,upwind,cold,3000,60.0,simple-consistent,True,1.0,1.0,5,eligible,True,0.33540746299695456,0.33540746299695456,0.130902,16000,10,1.1095610084832389e-13,3.5501947091686416e-14,4.315988492659328e-13,1.0184362311627083e-12,2.863997374958093e-13
repeat-consistent,cold-trial,annulus-l5,training,484,0.1,0.5,upwind,cold,3000,60.0,simple-consistent,True,1.0,1.0,6,eligible,True,0.2786792099941522,0.2786792099941522,0.13709,16128,10,1.1095610084832389e-13,3.5501947091686416e-14,4.315988492659328e-13,1.0184362311627083e-12,2.863997374958093e-13
repeat-consistent,cold-trial,poiseuille-l5,training,900,0.1,1.0,upwind,cold,3000,60.0,simple-consistent,True,1.0,0.9,0,eligible,True,0.6654826609956217,0.6654826609956217,0.526211,16000,10,4.706952265835978e-12,1.1781103821043291e-15,5.7569203488367e-13,8.71868289092077e-11,4.2506664017351403e-13
repeat-consistent,cold-trial,poiseuille-l5,training,900,0.1,1.0,upwind,cold,3000,60.0,simple-consistent,True,1.0,0.9,1,eligible,True,0.7203647920032381,0.7203647920032381,0.518347,16000,10,4.706952265835978e-12,1.1781103821043291e-15,5.7569203488367e-13,8.71868289092077e-11,4.2506664017351403e-13
repeat-consistent,cold-trial,poiseuille-l5,training,900,0.1,1.0,upwind,cold,3000,60.0,simple-consistent,True,1.0,0.9,2,eligible,True,0.8658536540024215,0.8658536540024215,0.704496,16000,10,4.706952265835978e-12,1.1781103821043291e-15,5.7569203488367e-13,8.71868289092077e-11,4.2506664017351403e-13
repeat-consistent,cold-trial,poiseuille-l5,training,900,0.1,1.0,upwind,cold,3000,60.0,simple-consistent,True,1.0,0.9,3,eligible,True,0.6901706499993452,0.6901706499993452,0.5478989999999999,16000,10,4.706952265835978e-12,1.1781103821043291e-15,5.7569203488367e-13,8.71868289092077e-11,4.2506664017351403e-13
repeat-consistent,cold-trial,poiseuille-l5,training,900,0.1,1.0,upwind,cold,3000,60.0,simple-consistent,True,1.0,0.9,4,eligible,True,0.9504311909986427,0.9504311909986427,0.816081,16000,10,4.706952265835978e-12,1.1781103821043291e-15,5.7569203488367e-13,8.71868289092077e-11,4.2506664017351403e-13
repeat-consistent,cold-trial,poiseuille-l5,training,900,0.1,1.0,upwind,cold,3000,60.0,simple-consistent,True,1.0,0.9,5,eligible,True,0.9503315659967484,0.9503315659967484,0.845762,16000,10,4.706952265835978e-12,1.1781103821043291e-15,5.7569203488367e-13,8.71868289092077e-11,4.2506664017351403e-13
repeat-consistent,cold-trial,poiseuille-l5,training,900,0.1,1.0,upwind,cold,3000,60.0,simple-consistent,True,1.0,0.9,6,eligible,True,0.7034943270045915,0.7034943270045915,0.575567,16000,10,4.706952265835978e-12,1.1781103821043291e-15,5.7569203488367e-13,8.71868289092077e-11,4.2506664017351403e-13
repeat-consistent,cold-trial,poiseuille-l5,training,900,0.1,1.0,upwind,cold,3000,60.0,simple-consistent,True,1.0,1.0,0,eligible,True,0.6669320609944407,0.6669320609944407,0.527548,16000,10,1.2004943513063137e-14,5.712050337475535e-16,1.2279029186166986e-15,3.938450177599122e-15,8.884199434468042e-16
repeat-consistent,cold-trial,poiseuille-l5,training,900,0.1,1.0,upwind,cold,3000,60.0,simple-consistent,True,1.0,1.0,1,eligible,True,0.7267577980019269,0.7267577980019269,0.575916,16000,10,1.2004943513063137e-14,5.712050337475535e-16,1.2279029186166986e-15,3.938450177599122e-15,8.884199434468042e-16
repeat-consistent,cold-trial,poiseuille-l5,training,900,0.1,1.0,upwind,cold,3000,60.0,simple-consistent,True,1.0,1.0,2,eligible,True,0.777382560998376,0.777382560998376,0.6520809999999999,16000,10,1.2004943513063137e-14,5.712050337475535e-16,1.2279029186166986e-15,3.938450177599122e-15,8.884199434468042e-16
repeat-consistent,cold-trial,poiseuille-l5,training,900,0.1,1.0,upwind,cold,3000,60.0,simple-consistent,True,1.0,1.0,3,eligible,True,0.7950845980012673,0.7950845980012673,0.6525449999999999,16000,10,1.2004943513063137e-14,5.712050337475535e-16,1.2279029186166986e-15,3.938450177599122e-15,8.884199434468042e-16
repeat-consistent,cold-trial,poiseuille-l5,training,900,0.1,1.0,upwind,cold,3000,60.0,simple-consistent,True,1.0,1.0,4,eligible,True,0.753016716997081,0.753016716997081,0.576208,16000,10,1.2004943513063137e-14,5.712050337475535e-16,1.2279029186166986e-15,3.938450177599122e-15,8.884199434468042e-16
repeat-consistent,cold-trial,poiseuille-l5,training,900,0.1,1.0,upwind,cold,3000,60.0,simple-consistent,True,1.0,1.0,5,eligible,True,0.8930603970002267,0.8930603970002267,0.721362,16000,10,1.2004943513063137e-14,5.712050337475535e-16,1.2279029186166986e-15,3.938450177599122e-15,8.884199434468042e-16
repeat-consistent,cold-trial,poiseuille-l5,training,900,0.1,1.0,upwind,cold,3000,60.0,simple-consistent,True,1.0,1.0,6,eligible,True,0.7616209080006229,0.7616209080006229,0.6217099999999999,16000,10,1.2004943513063137e-14,5.712050337475535e-16,1.2279029186166986e-15,3.938450177599122e-15,8.884199434468042e-16
repeat-simple,cold-trial,annulus-l5,training,484,0.1,0.5,upwind,cold,3000,60.0,simple,True,0.8,0.15,0,eligible,True,0.38715488299931167,0.38715488299931167,0.243637,16256,120,1.0619632701627782e-09,1.8121886381785147e-12,2.4558417934182478e-09,2.875029477946545e-09,1.6359785079669625e-09
repeat-simple,cold-trial,annulus-l5,training,484,0.1,0.5,upwind,cold,3000,60.0,simple,True,0.8,0.15,1,eligible,True,0.3791018689953489,0.3791018689953489,0.277514,16000,120,1.0619632701627782e-09,1.8121886381785147e-12,2.4558417934182478e-09,2.875029477946545e-09,1.6359785079669625e-09
repeat-simple,cold-trial,annulus-l5,training,484,0.1,0.5,upwind,cold,3000,60.0,simple,True,0.8,0.15,2,eligible,True,0.3173905199946603,0.3173905199946603,0.213259,16000,120,1.0619632701627782e-09,1.8121886381785147e-12,2.4558417934182478e-09,2.875029477946545e-09,1.6359785079669625e-09
repeat-simple,cold-trial,annulus-l5,training,484,0.1,0.5,upwind,cold,3000,60.0,simple,True,0.8,0.15,3,eligible,True,0.33774542000173824,0.33774542000173824,0.239136,16000,120,1.0619632701627782e-09,1.8121886381785147e-12,2.4558417934182478e-09,2.875029477946545e-09,1.6359785079669625e-09
repeat-simple,cold-trial,annulus-l5,training,484,0.1,0.5,upwind,cold,3000,60.0,simple,True,0.8,0.15,4,eligible,True,0.32325480400322704,0.32325480400322704,0.217782,16000,120,1.0619632701627782e-09,1.8121886381785147e-12,2.4558417934182478e-09,2.875029477946545e-09,1.6359785079669625e-09
repeat-simple,cold-trial,annulus-l5,training,484,0.1,0.5,upwind,cold,3000,60.0,simple,True,0.8,0.15,5,eligible,True,0.3620810119973612,0.3620810119973612,0.25949099999999997,16000,120,1.0619632701627782e-09,1.8121886381785147e-12,2.4558417934182478e-09,2.875029477946545e-09,1.6359785079669625e-09
repeat-simple,cold-trial,annulus-l5,training,484,0.1,0.5,upwind,cold,3000,60.0,simple,True,0.8,0.15,6,eligible,True,0.3992081659962423,0.3992081659962423,0.292484,16000,120,1.0619632701627782e-09,1.8121886381785147e-12,2.4558417934182478e-09,2.875029477946545e-09,1.6359785079669625e-09
repeat-simple,cold-trial,annulus-l5,training,484,0.1,0.5,upwind,cold,3000,60.0,simple,True,0.8,0.25,0,eligible,True,0.3303789049969055,0.3303789049969055,0.2103,16000,115,1.874970803058484e-09,5.798698681905233e-12,2.621898694813467e-09,8.39268656181145e-10,1.7458271247282278e-09
repeat-simple,cold-trial,annulus-l5,training,484,0.1,0.5,upwind,cold,3000,60.0,simple,True,0.8,0.25,1,eligible,True,0.361915866000345,0.361915866000345,0.23565899999999998,16000,115,1.874970803058484e-09,5.798698681905233e-12,2.621898694813467e-09,8.39268656181145e-10,1.7458271247282278e-09
repeat-simple,cold-trial,annulus-l5,training,484,0.1,0.5,upwind,cold,3000,60.0,simple,True,0.8,0.25,2,eligible,True,0.3478213330017752,0.3478213330017752,0.237721,16000,115,1.874970803058484e-09,5.798698681905233e-12,2.621898694813467e-09,8.39268656181145e-10,1.7458271247282278e-09
repeat-simple,cold-trial,annulus-l5,training,484,0.1,0.5,upwind,cold,3000,60.0,simple,True,0.8,0.25,3,eligible,True,0.33102169199992204,0.33102169199992204,0.22120299999999998,16000,115,1.874970803058484e-09,5.798698681905233e-12,2.621898694813467e-09,8.39268656181145e-10,1.7458271247282278e-09
repeat-simple,cold-trial,annulus-l5,training,484,0.1,0.5,upwind,cold,3000,60.0,simple,True,0.8,0.25,4,eligible,True,0.3789453380013583,0.3789453380013583,0.231476,16000,115,1.874970803058484e-09,5.798698681905233e-12,2.621898694813467e-09,8.39268656181145e-10,1.7458271247282278e-09
repeat-simple,cold-trial,annulus-l5,training,484,0.1,0.5,upwind,cold,3000,60.0,simple,True,0.8,0.25,5,eligible,True,0.3605931599959149,0.3605931599959149,0.231903,16000,115,1.874970803058484e-09,5.798698681905233e-12,2.621898694813467e-09,8.39268656181145e-10,1.7458271247282278e-09
repeat-simple,cold-trial,annulus-l5,training,484,0.1,0.5,upwind,cold,3000,60.0,simple,True,0.8,0.25,6,eligible,True,0.3998016430050484,0.3998016430050484,0.27414299999999997,16000,115,1.874970803058484e-09,5.798698681905233e-12,2.621898694813467e-09,8.39268656181145e-10,1.7458271247282278e-09
repeat-simple,cold-trial,poiseuille-l5,training,900,0.1,1.0,upwind,cold,3000,60.0,simple,True,0.8,0.15,0,eligible,True,0.358776098000817,0.358776098000817,0.255149,16000,114,8.041231154110854e-10,2.965446633015033e-13,1.1156231170894036e-08,2.6181927467476857e-08,6.056812404326925e-09
repeat-simple,cold-trial,poiseuille-l5,training,900,0.1,1.0,upwind,cold,3000,60.0,simple,True,0.8,0.15,1,eligible,True,0.3949091149988817,0.3949091149988817,0.260491,16000,114,8.041231154110854e-10,2.965446633015033e-13,1.1156231170894036e-08,2.6181927467476857e-08,6.056812404326925e-09
repeat-simple,cold-trial,poiseuille-l5,training,900,0.1,1.0,upwind,cold,3000,60.0,simple,True,0.8,0.15,2,eligible,True,0.45465301299554994,0.45465301299554994,0.29801500000000003,16000,114,8.041231154110854e-10,2.965446633015033e-13,1.1156231170894036e-08,2.6181927467476857e-08,6.056812404326925e-09
repeat-simple,cold-trial,poiseuille-l5,training,900,0.1,1.0,upwind,cold,3000,60.0,simple,True,0.8,0.15,3,eligible,True,0.3770807179971598,0.3770807179971598,0.264778,16000,114,8.041231154110854e-10,2.965446633015033e-13,1.1156231170894036e-08,2.6181927467476857e-08,6.056812404326925e-09
repeat-simple,cold-trial,poiseuille-l5,training,900,0.1,1.0,upwind,cold,3000,60.0,simple,True,0.8,0.15,4,eligible,True,0.34420276599848876,0.34420276599848876,0.24329699999999999,16000,114,8.041231154110854e-10,2.965446633015033e-13,1.1156231170894036e-08,2.6181927467476857e-08,6.056812404326925e-09
repeat-simple,cold-trial,poiseuille-l5,training,900,0.1,1.0,upwind,cold,3000,60.0,simple,True,0.8,0.15,5,eligible,True,0.4835238380037481,0.4835238380037481,0.300604,16000,114,8.041231154110854e-10,2.965446633015033e-13,1.1156231170894036e-08,2.6181927467476857e-08,6.056812404326925e-09
repeat-simple,cold-trial,poiseuille-l5,training,900,0.1,1.0,upwind,cold,3000,60.0,simple,True,0.8,0.15,6,eligible,True,0.44235851499979617,0.44235851499979617,0.295944,16000,114,8.041231154110854e-10,2.965446633015033e-13,1.1156231170894036e-08,2.6181927467476857e-08,6.056812404326925e-09
repeat-simple,cold-trial,poiseuille-l5,training,900,0.1,1.0,upwind,cold,3000,60.0,simple,True,0.8,0.25,0,eligible,True,0.38882817100238753,0.38882817100238753,0.26171099999999997,16000,115,6.9635869256643e-10,2.8228238761511866e-13,9.976864574758531e-09,2.0053487864063988e-08,5.419487032472725e-09
repeat-simple,cold-trial,poiseuille-l5,training,900,0.1,1.0,upwind,cold,3000,60.0,simple,True,0.8,0.25,1,eligible,True,0.3655091699984041,0.3655091699984041,0.2626,16000,115,6.9635869256643e-10,2.8228238761511866e-13,9.976864574758531e-09,2.0053487864063988e-08,5.419487032472725e-09
repeat-simple,cold-trial,poiseuille-l5,training,900,0.1,1.0,upwind,cold,3000,60.0,simple,True,0.8,0.25,2,eligible,True,0.36691011900256854,0.36691011900256854,0.26361799999999996,16000,115,6.9635869256643e-10,2.8228238761511866e-13,9.976864574758531e-09,2.0053487864063988e-08,5.419487032472725e-09
repeat-simple,cold-trial,poiseuille-l5,training,900,0.1,1.0,upwind,cold,3000,60.0,simple,True,0.8,0.25,3,eligible,True,0.3970419939942076,0.3970419939942076,0.26549599999999995,16000,115,6.9635869256643e-10,2.8228238761511866e-13,9.976864574758531e-09,2.0053487864063988e-08,5.419487032472725e-09
repeat-simple,cold-trial,poiseuille-l5,training,900,0.1,1.0,upwind,cold,3000,60.0,simple,True,0.8,0.25,4,eligible,True,0.3737982530001318,0.3737982530001318,0.25426,16000,115,6.9635869256643e-10,2.8228238761511866e-13,9.976864574758531e-09,2.0053487864063988e-08,5.419487032472725e-09
repeat-simple,cold-trial,poiseuille-l5,training,900,0.1,1.0,upwind,cold,3000,60.0,simple,True,0.8,0.25,5,eligible,True,0.35195215699786786,0.35195215699786786,0.24847799999999998,16000,115,6.9635869256643e-10,2.8228238761511866e-13,9.976864574758531e-09,2.0053487864063988e-08,5.419487032472725e-09
repeat-simple,cold-trial,poiseuille-l5,training,900,0.1,1.0,upwind,cold,3000,60.0,simple,True,0.8,0.25,6,eligible,True,0.4383013749975362,0.4383013749975362,0.274735,16000,115,6.9635869256643e-10,2.8228238761511866e-13,9.976864574758531e-09,2.0053487864063988e-08,5.419487032472725e-09
schedule-adaptive,segment,annulus-l6,holdout,1672,0.1,0.5,upwind,cold,50,299.9999993329984,simple-consistent,True,0.6,0.25,0,iteration-limit,False,,3.287634470005287,3.098856,16640,50,0.0013761802732214629,6.003864550732523e-06,,,
schedule-adaptive,segment,annulus-l6,holdout,1672,0.1,0.5,upwind,same-mesh warm,50,295.9001961890026,simple-consistent,True,0.6,0.25,0,iteration-limit,False,,1.9434006220035371,1.7636359999999998,16640,50,0.00038998130301518664,1.1749986878067637e-06,,,
schedule-adaptive,segment,annulus-l6,holdout,1672,0.1,0.5,upwind,same-mesh warm,50,293.674385766004,simple-consistent,True,0.75,0.3125,0,iteration-limit,False,,2.014670199001557,1.88501,16640,50,3.468042857017421e-05,9.343883322510276e-08,,,
schedule-adaptive,segment,annulus-l6,holdout,1672,0.1,0.5,upwind,same-mesh warm,50,291.3701633910023,simple-consistent,True,0.9375,0.390625,0,iteration-limit,False,,5.661189993996231,5.504993000000001,16640,50,5.511703422081914e-10,1.1080702467060956e-13,,,
schedule-adaptive,segment,annulus-l6,holdout,1672,0.1,0.5,upwind,same-mesh warm,50,285.37853245800216,simple-consistent,True,1.0,0.48828125,0,eligible,True,,1.02224807300081,0.87476,16640,10,4.609888071628799e-13,1.4699488219947993e-13,2.1459365514385427e-12,2.178185680587097e-11,1.4582616496072496e-12
schedule-adaptive,segment,annulus-l6,holdout,1672,0.1,0.5,upwind,cold,50,299.9999994030004,simple,True,0.6,0.25,0,iteration-limit,False,,0.4409869690061896,0.29922899999999997,16640,50,0.0014149797855441207,1.7563543466831253e-07,,,
schedule-adaptive,segment,annulus-l6,holdout,1672,0.1,0.5,upwind,same-mesh warm,50,299.25045669100655,simple,True,0.6,0.25,0,iteration-limit,False,,0.7361463330016704,0.563512,16640,50,0.0004009343602211779,4.5866618854986975e-12,,,
schedule-adaptive,segment,annulus-l6,holdout,1672,0.1,0.5,upwind,same-mesh warm,50,298.138920383004,simple,True,0.75,0.3125,0,iteration-limit,False,,0.8648515739987488,0.6867269999999999,16640,50,0.006107762695575409,5.3475908654391e-11,,,
schedule-adaptive,segment,annulus-l6,holdout,1672,0.1,0.5,upwind,same-mesh warm,50,297.2605496230026,simple,True,0.375,0.15625,0,iteration-limit,False,,0.9133574229999795,0.6974619999999999,16640,50,0.0002470171115311641,8.98710108421982e-13,,,
schedule-adaptive,segment,annulus-l6,holdout,1672,0.1,0.5,upwind,same-mesh warm,50,295.9820149320003,simple,True,0.46875,0.1953125,0,iteration-limit,False,,0.874972264005919,0.702305,16640,50,0.00012151987300354675,8.209168032056628e-13,,,
schedule-adaptive,segment,annulus-l6,holdout,1672,0.1,0.5,upwind,same-mesh warm,50,294.7984199850034,simple,True,0.5859375,0.244140625,0,iteration-limit,False,,0.9163551669989829,0.770885,16640,50,3.9198336632545664e-05,4.217836419146323e-13,,,
schedule-adaptive,segment,annulus-l6,holdout,1672,0.1,0.5,upwind,same-mesh warm,50,293.5432462919998,simple,True,0.732421875,0.30517578125,0,iteration-limit,False,,0.913552764999622,0.734742,16640,50,6.728016538744809e-05,7.496587608500146e-13,,,
schedule-adaptive,segment,annulus-l6,holdout,1672,0.1,0.5,upwind,same-mesh warm,50,292.29365590500674,simple,True,0.732421875,0.30517578125,0,iteration-limit,False,,1.0308916430003592,0.8707769999999999,16640,50,0.019864336602465792,1.1232854279210684e-10,,,
schedule-adaptive,segment,annulus-l6,holdout,1672,0.1,0.5,upwind,same-mesh warm,50,291.2526049020016,simple,True,0.3662109375,0.152587890625,0,iteration-limit,False,,0.8147748370029149,0.672162,16640,50,2.83156489784366e-06,9.916086732700722e-13,,,
schedule-adaptive,segment,annulus-l6,holdout,1672,0.1,0.5,upwind,same-mesh warm,50,290.03953952800657,simple,True,0.457763671875,0.19073486328125,0,iteration-limit,False,,0.8020990520017222,0.6573659999999999,16640,50,1.4377124775673093e-06,5.682339965292502e-12,,,
schedule-adaptive,segment,annulus-l6,holdout,1672,0.1,0.5,upwind,same-mesh warm,50,288.9214985630024,simple,True,0.57220458984375,0.2384185791015625,0,iteration-limit,False,,1.4307086909975624,1.226891,16640,50,4.934412700064748e-07,4.635964045671809e-11,,,
schedule-adaptive,segment,annulus-l6,holdout,1672,0.1,0.5,upwind,same-mesh warm,50,287.03795020800317,simple,True,0.7152557373046875,0.2980232238769531,0,iteration-limit,False,,1.185008308995748,0.7674719999999999,16640,50,1.4467338468937124e-07,3.3313306764126246e-12,,,
schedule-adaptive,segment,annulus-l6,holdout,1672,0.1,0.5,upwind,same-mesh warm,50,285.505985393007,simple,True,0.8940696716308594,0.3725290298461914,0,iteration-limit,False,,2.7972646999987774,2.1004970000000003,16640,50,70695.34778979432,2.0992239287139765e-06,,,
schedule-adaptive,segment,annulus-l6,holdout,1672,0.1,0.5,upwind,same-mesh warm,50,282.690572051004,simple,True,0.4470348358154297,0.1862645149230957,0,iteration-limit,False,,0.8616864319992601,0.5395169999999999,16640,50,3.527040084150354e-08,1.5169499719117908e-11,,,
schedule-adaptive,segment,annulus-l6,holdout,1672,0.1,0.5,upwind,same-mesh warm,50,279.31681623199984,simple,True,0.5587935447692871,0.23283064365386963,0,iteration-limit,False,,2.955904284004646,1.996933,16640,50,1.2805105819900564e-08,7.815697694788738e-12,,,
schedule-adaptive,segment,annulus-l6,holdout,1672,0.1,0.5,upwind,same-mesh warm,50,275.6319741640036,simple,True,0.6984919309616089,0.29103830456733704,0,eligible,True,,1.8116296450025402,0.5456719999999999,16640,50,2.038620706205084e-09,1.8418960253274842e-11,1.7420666745553665e-07,3.085699274614137e-08,1.1857158752638345e-07
schedule-adaptive,segment,dfg20-l7,holdout,3063,0.001,0.3,limited-linear,cold,50,299.99999948899494,simple-consistent,True,0.6,0.25,0,iteration-limit,False,,11.34150982400024,11.139370999999999,26052,50,0.0016566768659985393,8.419873700221182e-06,,,
schedule-adaptive,segment,dfg20-l7,holdout,3063,0.001,0.3,limited-linear,same-mesh warm,50,288.0717571040004,simple-consistent,True,0.6,0.25,0,iteration-limit,False,,16.502839471999323,15.903587,26116,50,0.00033465883845725615,1.786424002797549e-06,,,
schedule-adaptive,segment,dfg20-l7,holdout,3063,0.001,0.3,limited-linear,same-mesh warm,50,269.54747397799656,simple-consistent,True,0.75,0.3125,0,iteration-limit,False,,14.249962216003041,13.849139,26184,50,2.0520663635118145e-05,9.519324019215285e-08,,,
schedule-adaptive,segment,dfg20-l7,holdout,3063,0.001,0.3,limited-linear,same-mesh warm,50,254.82289914799912,simple-consistent,True,0.9375,0.390625,0,eligible,True,,47.10492038999655,46.971816,26176,46,9.32219422972478e-10,4.635253263692977e-14,6.260337173675863e-09,1.615692268559549e-09,4.519756420701033e-09
schedule-adaptive,segment,dfg20-l7,holdout,3063,0.001,0.3,limited-linear,cold,50,299.9999989370044,simple,True,0.6,0.25,0,solver-error,False,,0.5985066180001013,0.275195,16640,,,,,,
schedule-adaptive,segment,dfg20-l7,holdout,3063,0.001,0.3,limited-linear,cold,50,299.3899231239993,simple,True,0.3,0.125,0,solver-error,False,,0.6589888140006224,0.414582,16640,,,,,,
schedule-adaptive,segment,dfg20-l7,holdout,3063,0.001,0.3,limited-linear,cold,50,298.72601227600535,simple,True,0.15,0.0625,0,iteration-limit,False,,1.3728100060034194,1.121972,16640,50,348.1879056195512,0.024562135283920077,,,
schedule-adaptive,segment,dfg20-l7,holdout,3063,0.001,0.3,limited-linear,same-mesh warm,50,295.83466815400607,simple,True,0.15,0.0625,0,solver-error,False,,0.8303332930008764,0.545671,16640,,,,,,
schedule-adaptive,segment,dfg20-l7,holdout,3063,0.001,0.3,limited-linear,same-mesh warm,50,294.9912800720049,simple,True,0.075,0.05,0,iteration-limit,False,,1.435741378001694,0.861733,16640,50,92.55156580161871,0.001433590910102789,,,
schedule-adaptive,segment,dfg20-l7,holdout,3063,0.001,0.3,limited-linear,same-mesh warm,50,291.77736398900015,simple,True,0.09375,0.0625,0,iteration-limit,False,,1.7149329769963515,1.18778,16640,50,710.058568023401,0.007273402237746103,,,
schedule-adaptive,segment,dfg20-l7,holdout,3063,0.001,0.3,limited-linear,same-mesh warm,50,290.03850331099966,simple,True,0.05,0.05,0,iteration-limit,False,,0.9543061789954663,0.762178,16640,50,148.57367031475474,0.005047771685714879,,,
schedule-adaptive,segment,dfg20-l7,holdout,3063,0.001,0.3,limited-linear,same-mesh warm,50,288.3406700780033,simple,True,0.05,0.05,0,iteration-limit,False,,1.1795139690002543,0.758389,16640,50,20.46256159404713,0.00032283812794001366,,,
schedule-adaptive,segment,dfg20-l7,holdout,3063,0.001,0.3,limited-linear,same-mesh warm,50,286.25734022500546,simple,True,0.0625,0.0625,0,iteration-limit,False,,0.9038752160049626,0.756435,16640,50,245.706455098057,0.0033466945742258243,,,
schedule-adaptive,segment,dfg20-l7,holdout,3063,0.001,0.3,limited-linear,same-mesh warm,50,285.3417552880055,simple,True,0.05,0.05,0,iteration-limit,False,,0.7850748659984674,0.645061,16640,50,149.94811539649743,0.0009022275555475876,,,
schedule-fixed-default,segment,annulus-l6,holdout,1672,0.1,0.5,upwind,cold,50,299.99999939299596,simple-consistent,True,0.6,0.25,0,iteration-limit,False,,1.9822264879985596,1.820749,16640,50,0.0013761802732214629,6.003864550732523e-06,,,
schedule-fixed-default,segment,annulus-l6,holdout,1672,0.1,0.5,upwind,same-mesh warm,50,297.6796332449958,simple-consistent,True,0.6,0.25,0,iteration-limit,False,,1.9018712399993092,1.753462,16640,50,0.00038998130301518664,1.1749986878067637e-06,,,
schedule-fixed-default,segment,annulus-l6,holdout,1672,0.1,0.5,upwind,same-mesh warm,50,295.5080670209936,simple-consistent,True,0.6,0.25,0,iteration-limit,False,,1.869593008996162,1.71708,16640,50,0.00011453954914288101,3.425399075175938e-07,,,
schedule-fixed-default,segment,annulus-l6,holdout,1672,0.1,0.5,upwind,same-mesh warm,50,293.3480547299987,simple-consistent,True,0.6,0.25,0,iteration-limit,False,,1.7889250840016757,1.659062,16640,50,3.3716185533932185e-05,1.0116902217358086e-07,,,
schedule-fixed-default,segment,annulus-l6,holdout,1672,0.1,0.5,upwind,same-mesh warm,50,291.2618264499979,simple-consistent,True,0.6,0.25,0,iteration-limit,False,,1.7083037329939543,1.5675189999999999,16640,50,9.930291248490321e-06,2.983285554702077e-08,,,
schedule-fixed-default,segment,annulus-l6,holdout,1672,0.1,0.5,upwind,same-mesh warm,50,289.2660695459999,simple-consistent,True,0.6,0.25,0,iteration-limit,False,,1.754181177006103,1.5321719999999999,16640,50,2.925192755867789e-06,8.791142175499415e-09,,,
schedule-fixed-default,segment,annulus-l6,holdout,1672,0.1,0.5,upwind,same-mesh warm,50,287.20904489099485,simple-consistent,True,0.6,0.25,0,iteration-limit,False,,2.028785025999241,1.870526,16640,50,8.61610464213398e-07,4.7619709017774455e-14,,,
schedule-fixed-default,segment,annulus-l6,holdout,1672,0.1,0.5,upwind,same-mesh warm,50,284.8776587429966,simple-consistent,True,0.6,0.25,0,iteration-limit,False,,3.8202332080036285,3.627335,16640,50,2.5376864274832685e-07,7.944291754595549e-14,,,
schedule-fixed-default,segment,annulus-l6,holdout,1672,0.1,0.5,upwind,same-mesh warm,50,280.756829619997,simple-consistent,True,0.6,0.25,0,iteration-limit,False,,3.6577089999991586,3.466295,16640,50,7.474604298720462e-08,8.52121626340181e-14,,,
schedule-fixed-default,segment,annulus-l6,holdout,1672,0.1,0.5,upwind,same-mesh warm,50,276.40377887599607,simple-consistent,True,0.6,0.25,0,iteration-limit,False,,3.6058147629955783,3.256027,16640,50,2.2016029178231137e-08,7.67799576567253e-14,,,
schedule-fixed-default,segment,annulus-l6,holdout,1672,0.1,0.5,upwind,same-mesh warm,50,272.4848345930004,simple-consistent,True,0.6,0.25,0,iteration-limit,False,,3.44796521000535,3.0904930000000004,16640,50,6.4847034627583325e-09,4.475867426346787e-14,,,
schedule-fixed-default,segment,annulus-l6,holdout,1672,0.1,0.5,upwind,same-mesh warm,50,268.3354989109939,simple-consistent,True,0.6,0.25,0,eligible,True,,2.1928889820046606,1.843141,16640,28,3.2705061690692665e-09,4.53082571182739e-14,2.7942683341036344e-07,5.240889003832532e-08,1.9018703675928442e-07
schedule-fixed-default,segment,annulus-l6,holdout,1672,0.1,0.5,upwind,cold,50,299.9999991229997,simple,True,0.6,0.25,0,iteration-limit,False,,2.9988250599999446,0.897608,16512,50,0.0014149797855441207,1.7563543466831253e-07,,,
schedule-fixed-default,segment,annulus-l6,holdout,1672,0.1,0.5,upwind,same-mesh warm,50,296.5156937549982,simple,True,0.6,0.25,0,iteration-limit,False,,0.8870100139974966,0.6993849999999999,16640,50,0.0004009343602211779,4.5866618854986975e-12,,,
schedule-fixed-default,segment,annulus-l6,holdout,1672,0.1,0.5,upwind,same-mesh warm,50,294.4744180540001,simple,True,0.6,0.25,0,iteration-limit,False,,1.6685588450054638,1.132892,16640,50,0.00012068018977055158,1.0868041311139786e-12,,,
schedule-fixed-default,segment,annulus-l6,holdout,1672,0.1,0.5,upwind,same-mesh warm,50,291.28384083700075,simple,True,0.6,0.25,0,iteration-limit,False,,1.659272881996003,1.360001,16640,50,3.6402518738673966e-05,4.1560070771193215e-13,,,
schedule-fixed-default,segment,annulus-l6,holdout,1672,0.1,0.5,upwind,same-mesh warm,50,288.83801833100006,simple,True,0.6,0.25,0,iteration-limit,False,,1.069219984994561,0.917843,16640,50,1.0986860310851034e-05,4.367272562000413e-13,,,
schedule-fixed-default,segment,annulus-l6,holdout,1672,0.1,0.5,upwind,same-mesh warm,50,287.2878299410004,simple,True,0.6,0.25,0,iteration-limit,False,,1.3793020090015489,1.1439599999999999,16640,50,3.3165652783870837e-06,8.289361000043219e-13,,,
schedule-fixed-default,segment,annulus-l6,holdout,1672,0.1,0.5,upwind,same-mesh warm,50,285.46170955699927,simple,True,0.6,0.25,0,iteration-limit,False,,0.8371059950004565,0.7014349999999999,16640,50,1.0012105006383154e-06,6.80073514405722e-13,,,
schedule-fixed-default,segment,annulus-l6,holdout,1672,0.1,0.5,upwind,same-mesh warm,50,284.27467966699624,simple,True,0.6,0.25,0,iteration-limit,False,,0.7427796180054429,0.613251,16640,50,3.0225315692188007e-07,3.062973623602399e-11,,,
schedule-fixed-default,segment,annulus-l6,holdout,1672,0.1,0.5,upwind,same-mesh warm,50,283.26313227699575,simple,True,0.6,0.25,0,iteration-limit,False,,0.7230876430039643,0.582672,16640,50,9.124619037939084e-08,4.957097066223537e-12,,,
schedule-fixed-default,segment,annulus-l6,holdout,1672,0.1,0.5,upwind,same-mesh warm,50,282.1540948109978,simple,True,0.6,0.25,0,iteration-limit,False,,0.5224621990055311,0.40997599999999995,16640,50,2.7546155222888925e-08,2.3767759786432986e-11,,,
schedule-fixed-default,segment,annulus-l6,holdout,1672,0.1,0.5,upwind,same-mesh warm,50,281.2632103110009,simple,True,0.6,0.25,0,iteration-limit,False,,0.5016196889991988,0.356517,16640,50,8.315946589293897e-09,3.4080543628983685e-12,,,
schedule-fixed-default,segment,annulus-l6,holdout,1672,0.1,0.5,upwind,same-mesh warm,50,280.36638537199906,simple,True,0.6,0.25,0,eligible,True,,0.39575786600471474,0.271977,16640,40,3.2056832789355316e-09,7.2371642081625684e-12,2.7388743289473655e-07,4.857097775903448e-08,1.8641774083530107e-07
schedule-fixed-default,segment,dfg20-l7,holdout,3063,0.001,0.3,limited-linear,cold,50,299.9999994460013,simple-consistent,True,0.6,0.25,0,iteration-limit,False,,14.98251760599669,14.677556000000001,26060,50,0.0016566768659985393,8.419873700221182e-06,,,
schedule-fixed-default,segment,dfg20-l7,holdout,3063,0.001,0.3,limited-linear,same-mesh warm,50,284.5136540530002,simple-consistent,True,0.6,0.25,0,iteration-limit,False,,9.70547729300597,9.553111000000001,26116,50,0.00033465883845725615,1.786424002797549e-06,,,
schedule-fixed-default,segment,dfg20-l7,holdout,3063,0.001,0.3,limited-linear,same-mesh warm,50,274.27108728399617,simple-consistent,True,0.6,0.25,0,iteration-limit,False,,17.08138956499897,16.840912000000003,26184,50,6.155540872148153e-05,3.822015913747986e-07,,,
schedule-fixed-default,segment,dfg20-l7,holdout,3063,0.001,0.3,limited-linear,same-mesh warm,50,256.49954302799597,simple-consistent,True,0.6,0.25,0,iteration-limit,False,,9.788636407000013,9.430924000000001,26116,50,1.5738426526119973e-05,1.160450606596923e-07,,,
schedule-fixed-default,segment,dfg20-l7,holdout,3063,0.001,0.3,limited-linear,same-mesh warm,50,245.68513527199684,simple-consistent,True,0.6,0.25,0,iteration-limit,False,,13.514374960002897,13.170110999999999,26180,50,4.526149066282328e-06,2.8792575353871918e-08,,,
schedule-fixed-default,segment,dfg20-l7,holdout,3063,0.001,0.3,limited-linear,same-mesh warm,50,231.5199078250007,simple-consistent,True,0.6,0.25,0,iteration-limit,False,,9.137800206997781,8.785301,26180,50,1.3234331810482382e-06,1.0845446982058212e-08,,,
schedule-fixed-default,segment,dfg20-l7,holdout,3063,0.001,0.3,limited-linear,same-mesh warm,50,221.91473473299993,simple-consistent,True,0.6,0.25,0,iteration-limit,False,,16.59033083900431,16.240492,26120,50,3.348061337267806e-07,1.3165773723211924e-13,,,
schedule-fixed-default,segment,dfg20-l7,holdout,3063,0.001,0.3,limited-linear,same-mesh warm,50,204.3499193940006,simple-consistent,True,0.6,0.25,0,iteration-limit,False,,20.197799164998287,19.972717,26116,50,7.519018613449543e-08,1.2460687574873853e-13,,,
schedule-fixed-default,segment,dfg20-l7,holdout,3063,0.001,0.3,limited-linear,same-mesh warm,50,183.65456267899572,simple-consistent,True,0.6,0.25,0,iteration-limit,False,,17.117943324999942,16.863696,26180,50,1.5744488323667024e-08,1.0979155430170554e-13,,,
schedule-fixed-default,segment,dfg20-l7,holdout,3063,0.001,0.3,limited-linear,same-mesh warm,50,165.90489771599823,simple-consistent,True,0.6,0.25,0,eligible,True,,21.125949360997765,20.417305,26172,49,3.2675319469649238e-09,9.615786965605942e-14,6.348871651600381e-08,6.036245457345734e-09,4.587901422609588e-08
schedule-fixed-default,segment,dfg20-l7,holdout,3063,0.001,0.3,limited-linear,cold,50,299.99999934899824,simple,True,0.6,0.25,0,solver-error,False,,0.27890366000065114,0.151337,16640,,,,,,
schedule-fixed-selected,segment,annulus-l6,holdout,1672,0.1,0.5,upwind,cold,50,299.9999993790043,simple-consistent,True,1.0,1.0,0,eligible,True,,1.4644652999995742,1.0151219999999999,16640,10,8.749052508190068e-14,3.589523334400028e-14,6.32484249566065e-13,1.1845087777232215e-11,4.2915384787686733e-13
schedule-fixed-selected,segment,annulus-l6,holdout,1672,0.1,0.5,upwind,cold,50,299.9999994500031,simple,True,0.8,0.25,0,iteration-limit,False,,0.3953995109986863,0.27210799999999996,16640,50,66.43081528283663,0.04897170887738919,,,
schedule-fixed-selected,segment,annulus-l6,holdout,1672,0.1,0.5,upwind,same-mesh warm,50,299.2423260659998,simple,True,0.8,0.25,0,iteration-limit,False,,0.44583416800014675,0.311253,16640,50,298.11045057473183,0.2117062389370793,,,
schedule-fixed-selected,segment,annulus-l6,holdout,1672,0.1,0.5,upwind,same-mesh warm,50,298.453233455999,simple,True,0.8,0.25,0,iteration-limit,False,,0.5489275609943434,0.39270499999999997,16640,50,368.76424536943347,0.33561146514416584,,,
schedule-fixed-selected,segment,annulus-l6,holdout,1672,0.1,0.5,upwind,same-mesh warm,50,297.6488384609984,simple,True,0.8,0.25,0,iteration-limit,False,,0.520592665001459,0.361349,16640,50,376.9800839648788,0.7397307126236746,,,
schedule-fixed-selected,segment,annulus-l6,holdout,1672,0.1,0.5,upwind,same-mesh warm,50,296.83173897000233,simple,True,0.8,0.25,0,iteration-limit,False,,0.4371586089982884,0.323286,16640,50,375.28974551133746,0.7402879395864648,,,
schedule-fixed-selected,segment,annulus-l6,holdout,1672,0.1,0.5,upwind,same-mesh warm,50,295.93543389299884,simple,True,0.8,0.25,0,iteration-limit,False,,0.5088738299964461,0.346985,16640,50,374.811634912926,0.7138782893703589,,,
schedule-fixed-selected,segment,annulus-l6,holdout,1672,0.1,0.5,upwind,same-mesh warm,50,295.14647662800417,simple,True,0.8,0.25,0,iteration-limit,False,,0.4699434259964619,0.356334,16640,50,374.8929282840229,0.7149422814293072,,,
schedule-fixed-selected,segment,annulus-l6,holdout,1672,0.1,0.5,upwind,same-mesh warm,50,294.4386646979983,simple,True,0.8,0.25,0,iteration-limit,False,,0.48628719699627254,0.374529,16640,50,374.9138335382583,0.7163863529109983,,,
schedule-fixed-selected,segment,annulus-l6,holdout,1672,0.1,0.5,upwind,same-mesh warm,50,293.6924924210034,simple,True,0.8,0.25,0,iteration-limit,False,,0.49405866500455886,0.351975,16640,50,374.91032855917825,0.7164254259686998,,,
schedule-fixed-selected,segment,annulus-l6,holdout,1672,0.1,0.5,upwind,same-mesh warm,50,292.93566740299866,simple,True,0.8,0.25,0,iteration-limit,False,,0.47518415300146444,0.37132499999999996,16640,50,374.9094370988162,0.71637339147237,,,
schedule-fixed-selected,segment,annulus-l6,holdout,1672,0.1,0.5,upwind,same-mesh warm,50,292.2014082480018,simple,True,0.8,0.25,0,iteration-limit,False,,0.46181308799714316,0.34818299999999996,16640,50,374.9095953082733,0.7163734972840854,,,
schedule-fixed-selected,segment,annulus-l6,holdout,1672,0.1,0.5,upwind,same-mesh warm,50,291.47276861499995,simple,True,0.8,0.25,0,iteration-limit,False,,0.5533762649938581,0.377047,16640,50,374.90963483137824,0.7163760145544704,,,
schedule-fixed-selected,segment,annulus-l6,holdout,1672,0.1,0.5,upwind,same-mesh warm,50,290.61226634099876,simple,True,0.8,0.25,0,iteration-limit,False,,0.5276076010050019,0.36844699999999997,16640,50,374.9096280139403,0.7163760366374475,,,
schedule-fixed-selected,segment,annulus-l6,holdout,1672,0.1,0.5,upwind,same-mesh warm,50,289.7910473669981,simple,True,0.8,0.25,0,iteration-limit,False,,0.5216800500056706,0.314799,16640,50,374.9096263216957,0.7163759295062596,,,
schedule-fixed-selected,segment,annulus-l6,holdout,1672,0.1,0.5,upwind,same-mesh warm,50,288.963474314005,simple,True,0.8,0.25,0,iteration-limit,False,,0.5925175380034489,0.389851,16640,50,374.9096266257615,0.7163759287769517,,,
schedule-fixed-selected,segment,annulus-l6,holdout,1672,0.1,0.5,upwind,same-mesh warm,50,288.03338539099786,simple,True,0.8,0.25,0,iteration-limit,False,,0.5180309959978331,0.351328,16640,50,374.9096266998563,0.7163759334059767,,,
schedule-fixed-selected,segment,annulus-l6,holdout,1672,0.1,0.5,upwind,same-mesh warm,50,287.2234764399982,simple,True,0.8,0.25,0,iteration-limit,False,,0.5134391719984706,0.321558,16640,50,374.9096266865591,0.7163759334166373,,,
schedule-fixed-selected,segment,annulus-l6,holdout,1672,0.1,0.5,upwind,same-mesh warm,50,286.38811034500395,simple,True,0.8,0.25,0,iteration-limit,False,,0.4697600790022989,0.33647,16640,50,374.9096266833547,0.7163759332088945,,,
schedule-fixed-selected,segment,annulus-l6,holdout,1672,0.1,0.5,upwind,same-mesh warm,50,285.6244785550007,simple,True,0.8,0.25,0,iteration-limit,False,,0.5505661479983246,0.322955,16640,50,374.9096266839384,0.7163759332094541,,,
schedule-fixed-selected,segment,annulus-l6,holdout,1672,0.1,0.5,upwind,same-mesh warm,50,284.7957514139998,simple,True,0.8,0.25,0,iteration-limit,False,,0.403153104998637,0.257716,16640,50,374.9096266840757,0.716375933217617,,,
schedule-fixed-selected,segment,annulus-l6,holdout,1672,0.1,0.5,upwind,same-mesh warm,50,284.1071480000028,simple,True,0.8,0.25,0,iteration-limit,False,,0.4760458529999596,0.319369,16640,50,374.90962668405456,0.7163759332191528,,,
schedule-fixed-selected,segment,annulus-l6,holdout,1672,0.1,0.5,upwind,same-mesh warm,50,283.332114638004,simple,True,0.8,0.25,0,iteration-limit,False,,0.4819729549999465,0.330818,16640,50,374.9096266840449,0.7163759332182876,,,
schedule-fixed-selected,segment,annulus-l6,holdout,1672,0.1,0.5,upwind,same-mesh warm,50,282.5722567480043,simple,True,0.8,0.25,0,iteration-limit,False,,0.48022412700083805,0.31298499999999996,16640,50,374.9096266840481,0.7163759332184912,,,
schedule-fixed-selected,segment,annulus-l6,holdout,1672,0.1,0.5,upwind,same-mesh warm,50,281.79226661500434,simple,True,0.8,0.25,0,iteration-limit,False,,0.47079553100047633,0.327227,16640,50,374.90962668404444,0.7163759332169689,,,
schedule-fixed-selected,segment,annulus-l6,holdout,1672,0.1,0.5,upwind,same-mesh warm,50,281.01300801800244,simple,True,0.8,0.25,0,iteration-limit,False,,0.43543500999658136,0.29656,16640,50,374.9096266840362,0.7163759332158766,,,
schedule-fixed-selected,segment,annulus-l6,holdout,1672,0.1,0.5,upwind,same-mesh warm,50,280.1898546540033,simple,True,0.8,0.25,0,iteration-limit,False,,0.46361760400031926,0.31345399999999995,16640,50,374.90962668403984,0.7163759332175932,,,
schedule-fixed-selected,segment,annulus-l6,holdout,1672,0.1,0.5,upwind,same-mesh warm,50,279.43751930000144,simple,True,0.8,0.25,0,iteration-limit,False,,0.45060189600189915,0.314008,16640,50,374.9096266840449,0.7163759332173658,,,
schedule-fixed-selected,segment,annulus-l6,holdout,1672,0.1,0.5,upwind,same-mesh warm,50,278.70657822499925,simple,True,0.8,0.25,0,iteration-limit,False,,0.46804485799657414,0.321803,16640,50,374.90962668403597,0.7163759332171034,,,
schedule-fixed-selected,segment,annulus-l6,holdout,1672,0.1,0.5,upwind,same-mesh warm,50,277.8954040040044,simple,True,0.8,0.25,0,iteration-limit,False,,0.4851457050026511,0.34871699999999994,16640,50,374.90962668404575,0.7163759332195685,,,
schedule-fixed-selected,segment,annulus-l6,holdout,1672,0.1,0.5,upwind,same-mesh warm,50,276.99189398399903,simple,True,0.8,0.25,0,iteration-limit,False,,0.5845971980015747,0.356012,16640,50,374.9096266840584,0.7163759332175841,,,
schedule-fixed-selected,segment,dfg20-l7,holdout,3063,0.001,0.3,limited-linear,cold,50,299.99999902399577,simple-consistent,True,1.0,1.0,0,eligible,True,,97.97507516799669,97.33906300000001,26056,43,2.1379163598055682e-10,4.8933658784609504e-14,6.739952668528734e-11,3.9545627247222886e-11,2.6504531697064263e-11
schedule-fixed-selected,segment,dfg20-l7,holdout,3063,0.001,0.3,limited-linear,cold,50,299.9999994750033,simple,True,0.8,0.25,0,solver-error,False,,0.37131013599719154,0.14376899999999998,16640,,,,,,
timing-fine-repeat,cold-trial,annulus-l7,holdout,6208,0.1,0.5,upwind,cold,3000,600.0,coupled,False,,,0,eligible,True,10.861273392001749,10.861273392001749,9.744793,50284,10,2.769945111818714e-13,7.297965067651537e-14,0.0,0.0,0.0
timing-fine-repeat,cold-trial,annulus-l7,holdout,6208,0.1,0.5,upwind,cold,3000,600.0,coupled,False,,,1,eligible,True,8.395557900999847,8.395557900999847,8.082867,50284,10,2.769945111818714e-13,7.297965067651537e-14,0.0,0.0,0.0
timing-fine-repeat,cold-trial,annulus-l7,holdout,6208,0.1,0.5,upwind,cold,3000,600.0,simple-consistent,True,1.0,1.0,0,eligible,True,11.712097338000603,11.712097338000603,11.431216,50256,10,2.769945111818714e-13,7.297965067651537e-14,0.0,0.0,0.0
timing-fine-repeat,cold-trial,annulus-l7,holdout,6208,0.1,0.5,upwind,cold,3000,600.0,simple-consistent,True,1.0,1.0,1,eligible,True,8.946524013997987,8.946524013997987,8.520181,50164,10,2.769945111818714e-13,7.297965067651537e-14,0.0,0.0,0.0
validation-coupled,cold-trial,annulus-l6,holdout,1672,0.1,0.5,upwind,cold,3000,600,coupled,False,,,0,eligible,True,0.8154327309966902,0.8154327309966902,0.692429,16640,10,8.749052508190068e-14,3.589523334400028e-14,6.32484249566065e-13,1.1845087777232215e-11,4.2915384787686733e-13
validation-coupled,cold-trial,annulus-l7,holdout,6208,0.1,0.5,upwind,cold,3000,600,coupled,False,,,0,eligible,True,6.318566756002838,6.318566756002838,6.2004529999999995,50228,10,2.769945111818714e-13,7.297965067651537e-14,0.0,0.0,0.0
validation-coupled,cold-trial,cavity100-l5,holdout,900,0.01,1.0,upwind,cold,3000,600,coupled,False,,,0,eligible,True,1.1323577190050855,1.1323577190050855,0.9976369999999999,16640,12,2.1654627621218996e-10,5.20417042793044e-16,7.143793088594504e-10,2.0777391610348315e-10,4.949483345721725e-10
validation-coupled,cold-trial,dfg20-l7,holdout,3063,0.001,0.3,limited-linear,cold,3000,600,coupled,False,,,0,eligible,True,50.73371921899525,50.73371921899525,50.582161,25996,43,2.1379163598055682e-10,4.8933658784609504e-14,6.739952668528734e-11,3.9545627247222886e-11,2.6504531697064263e-11
validation-simple,cold-trial,annulus-l6,holdout,1672,0.1,0.5,upwind,cold,3000,600,simple,True,0.6,0.25,0,eligible,True,5.716928159003146,5.716928159003146,5.608761,16256,580,3.204422036739251e-09,8.796428977028826e-12,2.737890547526343e-07,4.8553390931040725e-08,1.8635078360403008e-07
validation-simple,cold-trial,annulus-l6,holdout,1672,0.1,0.5,upwind,cold,3000,600,simple,True,0.8,0.25,0,iteration-limit,False,,57.75069230199733,57.552467,16256,3000,374.70070131965264,1.1889095874065858e-08,,,
validation-simple,cold-trial,annulus-l7,holdout,6208,0.1,0.5,upwind,cold,3000,600,simple,True,0.6,0.25,0,linear-failure,False,,15.108692007997888,14.998657999999999,17668,,,,,,
validation-simple,cold-trial,annulus-l7,holdout,6208,0.1,0.5,upwind,cold,3000,600,simple,True,0.8,0.25,0,linear-failure,False,,2.8314522820001002,2.721283,17672,,,,,,
validation-simple,cold-trial,cavity100-l5,holdout,900,0.01,1.0,upwind,cold,3000,600,simple,True,0.6,0.25,0,eligible,True,1.600675831999979,1.600675831999979,1.40505,16256,619,3.1478556039999474e-09,4.1581926500688406e-13,2.6872711661793814e-07,4.894806187158443e-08,1.866024776103666e-07
validation-simple,cold-trial,cavity100-l5,holdout,900,0.01,1.0,upwind,cold,3000,600,simple,True,0.8,0.25,0,eligible,True,0.6775460250064498,0.6775460250064498,0.556886,16256,257,1.1312697464334781e-09,5.177576812111836e-13,9.775712654742502e-08,1.7559626474519106e-08,6.788105137623226e-08
validation-simple,cold-trial,dfg20-l7,holdout,3063,0.001,0.3,limited-linear,cold,3000,600,simple,True,0.6,0.25,0,solver-error,False,,0.3174993220018223,0.12253299999999999,16256,,,,,,
validation-simple,cold-trial,dfg20-l7,holdout,3063,0.001,0.3,limited-linear,cold,3000,600,simple,True,0.8,0.25,0,solver-error,False,,0.2270963330011,0.10941799999999999,16256,,,,,,
validation-simple-consistent,cold-trial,annulus-l6,holdout,1672,0.1,0.5,upwind,cold,3000,600,simple-consistent,True,0.6,0.25,0,eligible,True,24.838481376995333,24.838481376995333,24.574278,16512,578,3.2705062391635884e-09,4.521127190860225e-14,2.7942683341695997e-07,5.240889028939471e-08,1.9018703676358155e-07
validation-simple-consistent,cold-trial,annulus-l6,holdout,1672,0.1,0.5,upwind,cold,3000,600,simple-consistent,True,1.0,1.0,0,eligible,True,1.1454811529984,1.1454811529984,0.9770869999999999,16640,10,8.749052508190068e-14,3.589523334400028e-14,6.32484249566065e-13,1.1845087777232215e-11,4.2915384787686733e-13
validation-simple-consistent,cold-trial,annulus-l7,holdout,6208,0.1,0.5,upwind,cold,3000,600,simple-consistent,True,0.6,0.25,0,eligible,True,547.1547341909973,547.1547341909973,546.17184,50764,2025,3.3257187614422157e-09,1.7789951996213224e-13,1.1168876643015691e-06,1.931046937922969e-07,7.741681077807486e-07
validation-simple-consistent,cold-trial,annulus-l7,holdout,6208,0.1,0.5,upwind,cold,3000,600,simple-consistent,True,1.0,1.0,0,eligible,True,13.379999021002732,13.379999021002732,13.037361,50268,10,2.769945111818714e-13,7.297965067651537e-14,0.0,0.0,0.0
validation-simple-consistent,cold-trial,cavity100-l5,holdout,900,0.01,1.0,upwind,cold,3000,600,simple-consistent,True,0.6,0.25,0,eligible,True,10.068408536004426,10.068408536004426,9.885330000000002,16512,617,3.271896671271878e-09,7.188768623347246e-16,2.7532116990315186e-07,5.283044063172598e-08,1.9118171664820287e-07
validation-simple-consistent,cold-trial,cavity100-l5,holdout,900,0.01,1.0,upwind,cold,3000,600,simple-consistent,True,1.0,1.0,0,eligible,True,1.175733839001623,1.175733839001623,1.0774979999999998,16512,12,2.1654627621218996e-10,5.20417042793044e-16,7.143793088594504e-10,2.0777391610348315e-10,4.949483345721725e-10
validation-simple-consistent,cold-trial,dfg20-l7,holdout,3063,0.001,0.3,limited-linear,cold,3000,600,simple-consistent,True,0.6,0.25,0,eligible,True,120.87616181599878,120.87616181599878,120.451405,26120,499,3.2675320276940743e-09,9.63008340771954e-14,6.348871424701673e-08,6.036244509149544e-09,4.587901255241743e-08
validation-simple-consistent,cold-trial,dfg20-l7,holdout,3063,0.001,0.3,limited-linear,cold,3000,600,simple-consistent,True,1.0,1.0,0,eligible,True,57.53160718099389,57.53160718099389,57.166520999999996,25988,43,2.1379163598055682e-10,4.8933658784609504e-14,6.739952668528734e-11,3.9545627247222886e-11,2.6504531697064263e-11
