FoamFile
{
    version 2.0;
    format ascii;
    arch "LSB;label=32;scalar=64";
    class faceList;
    location "constant/polyMesh";
    object faces;
}

14333
(
4(35 36 4196 4195)
4(36 1 4161 4196)
4(740 741 4901 4900)
4(366 36 4196 4526)
4(741 366 4526 4901)
4(36 37 4197 4196)
4(37 38 4198 4197)
4(13 2 4162 4173)
4(38 13 4173 4198)
4(1420 1421 5581 5580)
4(1082 741 4901 5242)
4(1421 1082 5242 5581)
4(2094 2095 6255 6254)
4(1756 1421 5581 5916)
4(2095 1756 5916 6255)
4(366 367 4527 4526)
4(367 37 4197 4527)
4(742 367 4527 4902)
4(741 742 4902 4901)
4(367 368 4528 4527)
4(368 38 4198 4528)
4(742 743 4903 4902)
4(743 744 4904 4903)
4(582 368 4528 4742)
4(744 582 4742 4904)
4(2806 2807 6967 6966)
4(2432 2095 6255 6592)
4(2807 2432 6592 6967)
4(3589 2807 6967 7749)
4(3588 3589 7749 7748)
4(3589 3590 7750 7749)
4(2808 2807 6967 6968)
4(2809 2808 6968 6969)
4(3196 2809 6969 7356)
4(3590 3196 7356 7750)
4(4118 4119 8279 8278)
4(4119 3589 7749 8279)
4(4150 4119 8279 8310)
4(4119 4120 8280 8279)
4(3984 3590 7750 8144)
4(4120 3984 8144 8280)
4(4151 4120 8280 8311)
4(1082 1083 5243 5242)
4(920 742 4902 5080)
4(1083 920 5080 5243)
4(1421 1422 5582 5581)
4(1250 1083 5243 5410)
4(1422 1250 5410 5582)
4(1756 1757 5917 5916)
4(1757 1422 5582 5917)
4(4121 4120 8280 8281)
4(4122 4121 8281 8282)
4(4142 4122 8282 8302)
4(4152 4142 8302 8312)
4(2096 1757 5917 6256)
4(2095 2096 6256 6255)
4(1757 1758 5918 5917)
4(1423 1422 5582 5583)
4(1424 1423 5583 5584)
4(1588 1424 5584 5748)
4(1758 1588 5748 5918)
4(2096 2097 6257 6256)
4(1926 1758 5918 6086)
4(2097 1926 6086 6257)
4(13 14 4174 4173)
4(14 3 4163 4174)
4(39 14 4174 4199)
4(38 39 4199 4198)
4(14 15 4175 4174)
4(15 4 4164 4175)
4(39 40 4200 4199)
4(40 41 4201 4200)
4(26 15 4175 4186)
4(41 26 4186 4201)
4(368 369 4529 4528)
4(369 370 4530 4529)
4(82 39 4199 4242)
4(370 82 4242 4530)
4(60 11 4171 4220)
4(10 25 4185 4170)
4(25 58 4218 4185)
4(58 59 4219 4218)
4(59 60 4220 4219)
4(17 5 4165 4177)
4(15 16 4176 4175)
4(16 17 4177 4176)
4(60 61 4221 4220)
4(19 6 4166 4179)
4(17 18 4178 4177)
4(18 19 4179 4178)
4(766 767 4927 4926)
4(60 397 4557 4220)
4(397 766 4926 4557)
4(1442 1443 5603 5602)
4(766 1103 5263 4926)
4(1103 1442 5602 5263)
4(2116 2117 6277 6276)
4(1442 1777 5937 5602)
4(1777 2116 6276 5937)
4(4157 4134 8294 8317)
4(4132 4148 8308 8292)
4(4148 4156 8316 8308)
4(4133 4132 8292 8293)
4(4134 4133 8293 8294)
4(3612 2832 6992 7772)
4(3611 3612 7772 7771)
4(2830 3217 7377 6990)
4(3217 3611 7771 7377)
4(2831 2830 6990 6991)
4(2832 2831 6991 6992)
4(2832 2833 6993 6992)
4(2116 2453 6613 6276)
4(2453 2832 6992 6613)
4(3612 3613 7773 7772)
4(4134 4135 8295 8294)
4(4135 3612 7772 8295)
4(3611 4013 8173 7771)
4(4013 4134 8294 8173)
4(4158 4135 8295 8318)
4(4135 4136 8296 8295)
4(2432 2433 6593 6592)
4(2433 2096 6256 6593)
4(2808 2433 6593 6968)
4(2433 2434 6594 6593)
4(2270 2097 6257 6430)
4(2434 2270 6430 6594)
4(2618 2434 6594 6778)
4(2809 2618 6778 6969)
4(3196 3197 7357 7356)
4(2810 2809 6969 6970)
4(2811 2810 6970 6971)
4(3008 2811 6971 7168)
4(3197 3008 7168 7357)
4(3590 3591 7751 7750)
4(3396 3197 7357 7556)
4(3591 3396 7556 7751)
4(920 921 5081 5080)
4(921 743 4903 5081)
4(1084 921 5081 5244)
4(1083 1084 5244 5243)
4(921 922 5082 5081)
4(814 744 4904 4974)
4(922 814 4974 5082)
4(1084 1085 5245 5244)
4(1000 922 5082 5160)
4(1085 1000 5160 5245)
4(1250 1251 5411 5410)
4(1251 1084 5244 5411)
4(1423 1251 5411 5583)
4(1251 1252 5412 5411)
4(1166 1085 5245 5326)
4(1252 1166 5326 5412)
4(1340 1252 5412 5500)
4(1424 1340 5500 5584)
4(3984 3985 8145 8144)
4(3796 3591 7751 7956)
4(3985 3796 7956 8145)
4(4121 3985 8145 8281)
4(3986 3985 8145 8146)
4(3987 3986 8146 8147)
4(4098 3987 8147 8258)
4(4122 4098 8258 8282)
4(4142 4143 8303 8302)
4(4123 4122 8282 8283)
4(4124 4123 8283 8284)
4(4137 4124 8284 8297)
4(4143 4137 8297 8303)
4(4153 4143 8303 8313)
4(4154 4145 8305 8314)
4(4144 4143 8303 8304)
4(4145 4144 8304 8305)
4(21 7 4167 4181)
4(19 20 4180 4179)
4(20 21 4181 4180)
4(23 8 4168 4183)
4(21 22 4182 4181)
4(22 23 4183 4182)
4(23 24 4184 4183)
4(24 9 4169 4184)
4(57 24 4184 4217)
4(23 34 4194 4183)
4(34 55 4215 4194)
4(55 56 4216 4215)
4(56 57 4217 4216)
4(24 25 4185 4184)
4(57 58 4218 4217)
4(395 58 4218 4555)
4(57 116 4276 4217)
4(116 393 4553 4276)
4(393 394 4554 4553)
4(394 395 4555 4554)
4(582 583 4743 4742)
4(583 369 4529 4743)
4(668 583 4743 4828)
4(746 668 4828 4906)
4(744 745 4905 4904)
4(745 746 4906 4905)
4(583 584 4744 4743)
4(584 585 4745 4744)
4(486 370 4530 4646)
4(585 486 4646 4745)
4(82 83 4243 4242)
4(83 40 4200 4243)
4(176 83 4243 4336)
4(372 176 4336 4532)
4(370 371 4531 4530)
4(371 372 4532 4531)
4(85 41 4201 4245)
4(83 84 4244 4243)
4(84 85 4245 4244)
4(395 396 4556 4555)
4(396 59 4219 4556)
4(26 27 4187 4186)
4(27 16 4176 4187)
4(765 396 4556 4925)
4(395 603 4763 4555)
4(603 763 4923 4763)
4(763 764 4924 4923)
4(764 765 4925 4924)
4(42 27 4187 4202)
4(41 42 4202 4201)
4(396 397 4557 4556)
4(27 28 4188 4187)
4(28 17 4177 4188)
4(765 766 4926 4925)
4(44 28 4188 4204)
4(42 43 4203 4202)
4(43 44 4204 4203)
4(28 29 4189 4188)
4(29 18 4178 4189)
4(46 29 4189 4206)
4(44 45 4205 4204)
4(45 46 4206 4205)
4(29 30 4190 4189)
4(30 19 4179 4190)
4(48 30 4190 4208)
4(46 47 4207 4206)
4(47 48 4208 4207)
4(85 86 4246 4245)
4(86 87 4247 4246)
4(62 42 4202 4222)
4(87 62 4222 4247)
4(1102 1103 5263 5262)
4(765 935 5095 4925)
4(935 1102 5262 5095)
4(1441 1442 5602 5601)
4(1102 1269 5429 5262)
4(1269 1441 5601 5429)
4(1775 1776 5936 5935)
4(1776 1441 5601 5936)
4(1439 1603 5763 5599)
4(1603 1775 5935 5763)
4(1440 1439 5599 5600)
4(1441 1440 5600 5601)
4(2115 1776 5936 6275)
4(2114 2115 6275 6274)
4(1775 1943 6103 5935)
4(1943 2114 6274 6103)
4(1776 1777 5937 5936)
4(2115 2116 6276 6275)
4(3216 3217 7377 7376)
4(2829 2828 6988 6989)
4(2830 2829 6989 6990)
4(2828 3023 7183 6988)
4(3023 3216 7376 7183)
4(3610 3611 7771 7770)
4(3216 3413 7573 7376)
4(3413 3610 7770 7573)
4(1588 1589 5749 5748)
4(1425 1424 5584 5585)
4(1426 1425 5585 5586)
4(1512 1426 5586 5672)
4(1589 1512 5672 5749)
4(1758 1759 5919 5918)
4(1672 1589 5749 5832)
4(1759 1672 5832 5919)
4(1926 1927 6087 6086)
4(1846 1759 5919 6006)
4(1927 1846 6006 6087)
4(4155 4147 8307 8315)
4(4146 4145 8305 8306)
4(4147 4146 8306 8307)
4(2097 2098 6258 6257)
4(2012 1927 6087 6172)
4(2098 2012 6172 6258)
4(4147 4148 8308 8307)
4(4131 4130 8290 8291)
4(4132 4131 8291 8292)
4(4130 4141 8301 8290)
4(4141 4147 8307 8301)
4(4133 4012 8172 8293)
4(4010 4112 8272 8170)
4(4112 4132 8292 8272)
4(4011 4010 8170 8171)
4(4012 4011 8171 8172)
4(4012 4013 8173 8172)
4(3610 3815 7975 7770)
4(3815 4012 8172 7975)
4(2451 2452 6612 6611)
4(2452 2115 6275 6612)
4(2114 2289 6449 6274)
4(2289 2451 6611 6449)
4(2831 2452 6612 6991)
4(2451 2637 6797 6611)
4(2637 2830 6990 6797)
4(2452 2453 6613 6612)
4(2270 2271 6431 6430)
4(2271 2098 6258 6431)
4(2435 2271 6431 6595)
4(2434 2435 6595 6594)
4(2271 2272 6432 6431)
4(2099 2098 6258 6259)
4(2100 2099 6259 6260)
4(2186 2100 6260 6346)
4(2272 2186 6346 6432)
4(2435 2436 6596 6595)
4(2352 2272 6432 6512)
4(2436 2352 6512 6596)
4(2618 2619 6779 6778)
4(2619 2435 6595 6779)
4(2810 2619 6779 6970)
4(2619 2620 6780 6779)
4(2522 2436 6596 6682)
4(2620 2522 6682 6780)
4(2811 2620 6780 6971)
4(2811 2812 6972 6971)
4(2621 2620 6780 6781)
4(2622 2621 6781 6782)
4(2718 2622 6782 6878)
4(2812 2718 6878 6972)
4(3008 3009 7169 7168)
4(2912 2812 6972 7072)
4(3009 2912 7072 7169)
4(3197 3198 7358 7357)
4(3106 3009 7169 7266)
4(3198 3106 7266 7358)
4(3396 3397 7557 7556)
4(3397 3198 7358 7557)
4(3592 3397 7557 7752)
4(3591 3592 7752 7751)
4(3397 3398 7558 7557)
4(3199 3198 7358 7359)
4(3200 3199 7359 7360)
4(3298 3200 7360 7458)
4(3398 3298 7458 7558)
4(3592 3593 7753 7752)
4(3496 3398 7558 7656)
4(3593 3496 7656 7753)
4(3796 3797 7957 7956)
4(3797 3592 7752 7957)
4(3986 3797 7957 8146)
4(3797 3798 7958 7957)
4(3698 3593 7753 7858)
4(3798 3698 7858 7958)
4(3987 3798 7958 8147)
4(3987 3988 8148 8147)
4(3799 3798 7958 7959)
4(3800 3799 7959 7960)
4(3894 3800 7960 8054)
4(3988 3894 8054 8148)
4(4098 4099 8259 8258)
4(4099 3988 8148 8259)
4(4123 4099 8259 8283)
4(4099 4100 8260 8259)
4(3989 3988 8148 8149)
4(3990 3989 8149 8150)
4(4066 3990 8150 8226)
4(4100 4066 8226 8260)
4(4124 4100 8260 8284)
4(4124 4125 8285 8284)
4(4101 4100 8260 8261)
4(4102 4101 8261 8262)
4(4113 4102 8262 8273)
4(4125 4113 8273 8285)
4(4137 4138 8298 8297)
4(4138 4125 8285 8298)
4(4144 4138 8298 8304)
4(4138 4139 8299 8298)
4(4139 4127 8287 8299)
4(4126 4125 8285 8286)
4(4127 4126 8286 8287)
4(4145 4139 8299 8305)
4(30 31 4191 4190)
4(31 20 4180 4191)
4(50 31 4191 4210)
4(48 49 4209 4208)
4(49 50 4210 4209)
4(31 32 4192 4191)
4(32 21 4181 4192)
4(52 32 4192 4212)
4(50 51 4211 4210)
4(51 52 4212 4211)
4(32 33 4193 4192)
4(33 22 4182 4193)
4(54 33 4193 4214)
4(52 53 4213 4212)
4(53 54 4214 4213)
4(33 34 4194 4193)
4(54 55 4215 4214)
4(113 55 4215 4273)
4(54 76 4236 4214)
4(76 111 4271 4236)
4(111 112 4272 4271)
4(112 113 4273 4272)
4(115 56 4216 4275)
4(113 114 4274 4273)
4(114 115 4275 4274)
4(115 116 4276 4275)
4(115 221 4381 4275)
4(221 391 4551 4381)
4(391 392 4552 4551)
4(392 393 4553 4552)
4(602 394 4554 4762)
4(393 501 4661 4553)
4(501 600 4760 4661)
4(600 601 4761 4760)
4(601 602 4762 4761)
4(602 603 4763 4762)
4(602 687 4847 4762)
4(687 761 4921 4847)
4(761 762 4922 4921)
4(762 763 4923 4922)
4(668 669 4829 4828)
4(669 584 4744 4829)
4(747 669 4829 4907)
4(746 747 4907 4906)
4(669 670 4830 4829)
4(670 585 4745 4830)
4(710 670 4830 4870)
4(749 710 4870 4909)
4(748 749 4909 4908)
4(747 748 4908 4907)
4(176 177 4337 4336)
4(177 84 4244 4337)
4(374 177 4337 4534)
4(372 373 4533 4532)
4(373 374 4534 4533)
4(177 178 4338 4337)
4(178 85 4245 4338)
4(374 375 4535 4534)
4(375 376 4536 4535)
4(276 178 4338 4436)
4(376 276 4436 4536)
4(486 487 4647 4646)
4(487 371 4531 4647)
4(585 586 4746 4745)
4(534 487 4647 4694)
4(586 534 4694 4746)
4(487 488 4648 4647)
4(488 489 4649 4648)
4(434 372 4532 4594)
4(489 434 4594 4649)
4(670 671 4831 4830)
4(671 672 4832 4831)
4(632 586 4746 4792)
4(672 632 4792 4832)
4(1602 1603 5763 5762)
4(1438 1437 5597 5598)
4(1439 1438 5598 5599)
4(1437 1525 5685 5597)
4(1525 1602 5762 5685)
4(1774 1775 5935 5934)
4(1602 1685 5845 5762)
4(1685 1774 5934 5845)
4(1942 1943 6103 6102)
4(1774 1861 6021 5934)
4(1861 1942 6102 6021)
4(2113 2114 6274 6273)
4(1942 2027 6187 6102)
4(2027 2113 6273 6187)
4(933 934 5094 5093)
4(934 764 4924 5094)
4(763 835 4995 4923)
4(835 933 5093 4995)
4(1101 934 5094 5261)
4(1100 1101 5261 5260)
4(933 1013 5173 5093)
4(1013 1100 5260 5173)
4(934 935 5095 5094)
4(1101 1102 5262 5261)
4(1267 1268 5428 5427)
4(1268 1101 5261 5428)
4(1100 1181 5341 5260)
4(1181 1267 5427 5341)
4(180 86 4246 4340)
4(178 179 4339 4338)
4(179 180 4340 4339)
4(1440 1268 5428 5600)
4(1267 1355 5515 5427)
4(1355 1439 5599 5515)
4(1268 1269 5429 5428)
4(182 87 4247 4342)
4(180 181 4341 4340)
4(181 182 4342 4341)
4(62 63 4223 4222)
4(63 43 4203 4223)
4(88 63 4223 4248)
4(87 88 4248 4247)
4(63 64 4224 4223)
4(64 44 4204 4224)
4(90 64 4224 4250)
4(88 89 4249 4248)
4(89 90 4250 4249)
4(182 183 4343 4342)
4(183 184 4344 4343)
4(123 88 4248 4283)
4(184 123 4283 4344)
4(64 65 4225 4224)
4(65 45 4205 4225)
4(92 65 4225 4252)
4(90 91 4251 4250)
4(91 92 4252 4251)
4(65 66 4226 4225)
4(66 46 4206 4226)
4(94 66 4226 4254)
4(92 93 4253 4252)
4(93 94 4254 4253)
4(66 67 4227 4226)
4(67 47 4207 4227)
4(94 95 4255 4254)
4(77 67 4227 4237)
4(96 77 4237 4256)
4(95 96 4256 4255)
4(69 48 4208 4229)
4(67 68 4228 4227)
4(68 69 4229 4228)
4(814 815 4975 4974)
4(815 745 4905 4975)
4(923 815 4975 5083)
4(922 923 5083 5082)
4(815 816 4976 4975)
4(816 746 4906 4976)
4(923 924 5084 5083)
4(876 816 4976 5036)
4(924 876 5036 5084)
4(1000 1001 5161 5160)
4(1001 923 5083 5161)
4(1086 1001 5161 5246)
4(1085 1086 5246 5245)
4(1001 1002 5162 5161)
4(970 924 5084 5130)
4(1002 970 5130 5162)
4(1086 1087 5247 5246)
4(1050 1002 5162 5210)
4(1087 1050 5210 5247)
4(816 817 4977 4976)
4(817 818 4978 4977)
4(784 747 4907 4944)
4(818 784 4944 4978)
4(1166 1167 5327 5326)
4(1167 1086 5246 5327)
4(1253 1167 5327 5413)
4(1252 1253 5413 5412)
4(1167 1168 5328 5327)
4(1138 1087 5247 5298)
4(1168 1138 5298 5328)
4(1253 1254 5414 5413)
4(1218 1168 5328 5378)
4(1254 1218 5378 5414)
4(1340 1341 5501 5500)
4(1341 1253 5413 5501)
4(1425 1341 5501 5585)
4(1341 1342 5502 5501)
4(1308 1254 5414 5468)
4(1342 1308 5468 5502)
4(1426 1342 5502 5586)
4(1426 1427 5587 5586)
4(1343 1342 5502 5503)
4(1344 1343 5503 5504)
4(1390 1344 5504 5550)
4(1427 1390 5550 5587)
4(2828 2635 6795 6988)
4(2827 2828 6988 6987)
4(2633 2727 6887 6793)
4(2727 2827 6987 6887)
4(2634 2633 6793 6794)
4(2635 2634 6794 6795)
4(2287 2288 6448 6447)
4(2288 2113 6273 6448)
4(2112 2111 6271 6272)
4(2113 2112 6272 6273)
4(2111 2199 6359 6271)
4(2199 2287 6447 6359)
4(2450 2288 6448 6610)
4(2449 2450 6610 6609)
4(2287 2365 6525 6447)
4(2365 2449 6609 6525)
4(2288 2289 6449 6448)
4(2450 2451 6611 6610)
4(2635 2636 6796 6795)
4(2636 2450 6610 6796)
4(2449 2537 6697 6609)
4(2537 2635 6795 6697)
4(2829 2636 6796 6989)
4(2636 2637 6797 6796)
4(3022 3023 7183 7182)
4(2827 2923 7083 6987)
4(2923 3022 7182 7083)
4(3215 3216 7376 7375)
4(3022 3119 7279 7182)
4(3119 3215 7375 7279)
4(3411 3412 7572 7571)
4(3412 3215 7375 7572)
4(3213 3309 7469 7373)
4(3309 3411 7571 7469)
4(3214 3213 7373 7374)
4(3215 3214 7374 7375)
4(3609 3412 7572 7769)
4(3608 3609 7769 7768)
4(3411 3509 7669 7571)
4(3509 3608 7768 7669)
4(3412 3413 7573 7572)
4(3609 3610 7770 7769)
4(4130 4110 8270 8290)
4(4129 4130 8290 8289)
4(4108 4117 8277 8268)
4(4117 4129 8289 8277)
4(4109 4108 8268 8269)
4(4110 4109 8269 8270)
4(1512 1513 5673 5672)
4(1480 1427 5587 5640)
4(1513 1480 5640 5673)
4(1589 1590 5750 5749)
4(1560 1513 5673 5720)
4(1590 1560 5720 5750)
4(4009 4010 8170 8169)
4(4010 3813 7973 8170)
4(3811 3911 8071 7971)
4(3911 4009 8169 8071)
4(3812 3811 7971 7972)
4(3813 3812 7972 7973)
4(4110 4111 8271 8270)
4(4111 4009 8169 8271)
4(4007 4083 8243 8167)
4(4083 4110 8270 8243)
4(4008 4007 8167 8168)
4(4009 4008 8168 8169)
4(1672 1673 5833 5832)
4(1640 1590 5750 5800)
4(1673 1640 5800 5833)
4(4131 4111 8271 8291)
4(1759 1760 5920 5919)
4(1722 1673 5833 5882)
4(1760 1722 5882 5920)
4(4111 4112 8272 8271)
4(4139 4140 8300 8299)
4(4140 4129 8289 8300)
4(4128 4127 8287 8288)
4(4129 4128 8288 8289)
4(4146 4140 8300 8306)
4(4140 4141 8301 8300)
4(1846 1847 6007 6006)
4(1847 1760 5920 6007)
4(1928 1847 6007 6088)
4(1927 1928 6088 6087)
4(1847 1848 6008 6007)
4(1761 1760 5920 5921)
4(1762 1761 5921 5922)
4(1812 1762 5922 5972)
4(1848 1812 5972 6008)
4(1928 1929 6089 6088)
4(1894 1848 6008 6054)
4(1929 1894 6054 6089)
4(2012 2013 6173 6172)
4(2013 1928 6088 6173)
4(2099 2013 6173 6259)
4(2013 2014 6174 6173)
4(1978 1929 6089 6138)
4(2014 1978 6138 6174)
4(2100 2014 6174 6260)
4(3813 3814 7974 7973)
4(3814 3609 7769 7974)
4(3608 3713 7873 7768)
4(3713 3813 7973 7873)
4(4011 3814 7974 8171)
4(3814 3815 7975 7974)
4(2100 2101 6261 6260)
4(2015 2014 6174 6175)
4(2016 2015 6175 6176)
4(2062 2016 6176 6222)
4(2101 2062 6222 6261)
4(2186 2187 6347 6346)
4(2154 2101 6261 6314)
4(2187 2154 6314 6347)
4(2272 2273 6433 6432)
4(2234 2187 6347 6394)
4(2273 2234 6394 6433)
4(2352 2353 6513 6512)
4(2353 2273 6433 6513)
4(2437 2353 6513 6597)
4(2436 2437 6597 6596)
4(2353 2354 6514 6513)
4(2274 2273 6433 6434)
4(2275 2274 6434 6435)
4(2322 2275 6435 6482)
4(2354 2322 6482 6514)
4(2437 2438 6598 6597)
4(2400 2354 6514 6560)
4(2438 2400 6560 6598)
4(2522 2523 6683 6682)
4(2523 2437 6597 6683)
4(2621 2523 6683 6781)
4(2523 2524 6684 6683)
4(2488 2438 6598 6648)
4(2524 2488 6648 6684)
4(2572 2524 6684 6732)
4(2622 2572 6732 6782)
4(2718 2719 6879 6878)
4(2623 2622 6782 6783)
4(2624 2623 6783 6784)
4(2674 2624 6784 6834)
4(2719 2674 6834 6879)
4(2812 2813 6973 6972)
4(2764 2719 6879 6924)
4(2813 2764 6924 6973)
4(2912 2913 7073 7072)
4(2913 2813 6973 7073)
4(3010 2913 7073 7170)
4(3009 3010 7170 7169)
4(2913 2914 7074 7073)
4(2814 2813 6973 6974)
4(2815 2814 6974 6975)
4(2868 2815 6975 7028)
4(2914 2868 7028 7074)
4(3010 3011 7171 7170)
4(2964 2914 7074 7124)
4(3011 2964 7124 7171)
4(3106 3107 7267 7266)
4(3107 3010 7170 7267)
4(3199 3107 7267 7359)
4(3107 3108 7268 7267)
4(3060 3011 7171 7220)
4(3108 3060 7220 7268)
4(3200 3108 7268 7360)
4(3200 3201 7361 7360)
4(3109 3108 7268 7269)
4(3110 3109 7269 7270)
4(3156 3110 7270 7316)
4(3201 3156 7316 7361)
4(3298 3299 7459 7458)
4(3252 3201 7361 7412)
4(3299 3252 7412 7459)
4(3398 3399 7559 7558)
4(3350 3299 7459 7510)
4(3399 3350 7510 7559)
4(3496 3497 7657 7656)
4(3497 3399 7559 7657)
4(3594 3497 7657 7754)
4(3593 3594 7754 7753)
4(3497 3498 7658 7657)
4(3400 3399 7559 7560)
4(3401 3400 7560 7561)
4(3450 3401 7561 7610)
4(3498 3450 7610 7658)
4(3594 3595 7755 7754)
4(3544 3498 7658 7704)
4(3595 3544 7704 7755)
4(3698 3699 7859 7858)
4(3699 3594 7754 7859)
4(3799 3699 7859 7959)
4(3699 3700 7860 7859)
4(3650 3595 7755 7810)
4(3700 3650 7810 7860)
4(3800 3700 7860 7960)
4(3800 3801 7961 7960)
4(3701 3700 7860 7861)
4(3702 3701 7861 7862)
4(3750 3702 7862 7910)
4(3801 3750 7910 7961)
4(3894 3895 8055 8054)
4(3842 3801 7961 8002)
4(3895 3842 8002 8055)
4(3989 3895 8055 8149)
4(3896 3895 8055 8056)
4(3897 3896 8056 8057)
4(3948 3897 8057 8108)
4(3990 3948 8108 8150)
4(4066 4067 8227 8226)
4(4067 3992 8152 8227)
4(3991 3990 8150 8151)
4(3992 3991 8151 8152)
4(4101 4067 8227 8261)
4(4067 4068 8228 8227)
4(3993 3992 8152 8153)
4(3994 3993 8153 8154)
4(4032 3994 8154 8192)
4(4068 4032 8192 8228)
4(4102 4068 8228 8262)
4(4102 4103 8263 8262)
4(4069 4068 8228 8229)
4(4070 4069 8229 8230)
4(4091 4070 8230 8251)
4(4103 4091 8251 8263)
4(4113 4114 8274 8273)
4(4114 4103 8263 8274)
4(4126 4114 8274 8286)
4(4114 4115 8275 8274)
4(4115 4105 8265 8275)
4(4104 4103 8263 8264)
4(4105 4104 8264 8265)
4(4127 4115 8275 8287)
4(71 49 4209 4231)
4(69 70 4230 4229)
4(70 71 4231 4230)
4(71 72 4232 4231)
4(72 50 4210 4232)
4(104 72 4232 4264)
4(71 81 4241 4231)
4(81 102 4262 4241)
4(102 103 4263 4262)
4(103 104 4264 4263)
4(72 73 4233 4232)
4(73 51 4211 4233)
4(106 73 4233 4266)
4(104 105 4265 4264)
4(105 106 4266 4265)
4(73 74 4234 4233)
4(74 52 4212 4234)
4(108 74 4234 4268)
4(106 107 4267 4266)
4(107 108 4268 4267)
4(74 75 4235 4234)
4(75 53 4213 4235)
4(110 75 4235 4270)
4(108 109 4269 4268)
4(109 110 4270 4269)
4(75 76 4236 4235)
4(110 111 4271 4270)
4(215 111 4271 4375)
4(110 150 4310 4270)
4(150 213 4373 4310)
4(213 214 4374 4373)
4(214 215 4375 4374)
4(217 112 4272 4377)
4(215 216 4376 4375)
4(216 217 4377 4376)
4(219 113 4273 4379)
4(217 218 4378 4377)
4(218 219 4379 4378)
4(219 220 4380 4379)
4(220 114 4274 4380)
4(389 220 4380 4549)
4(219 305 4465 4379)
4(305 387 4547 4465)
4(387 388 4548 4547)
4(388 389 4549 4548)
4(220 221 4381 4380)
4(389 390 4550 4549)
4(390 391 4551 4550)
4(500 392 4552 4660)
4(391 447 4607 4551)
4(447 498 4658 4607)
4(498 499 4659 4658)
4(499 500 4660 4659)
4(500 501 4661 4660)
4(599 600 4760 4759)
4(500 547 4707 4660)
4(547 599 4759 4707)
4(685 600 4760 4845)
4(599 643 4803 4759)
4(643 683 4843 4803)
4(683 684 4844 4843)
4(684 685 4845 4844)
4(685 686 4846 4845)
4(686 601 4761 4846)
4(760 686 4846 4920)
4(685 721 4881 4845)
4(721 758 4918 4881)
4(758 759 4919 4918)
4(759 760 4920 4919)
4(686 687 4847 4846)
4(760 761 4921 4920)
4(833 761 4921 4993)
4(760 795 4955 4920)
4(795 831 4991 4955)
4(831 832 4992 4991)
4(832 833 4993 4992)
4(833 834 4994 4993)
4(834 762 4922 4994)
4(932 834 4994 5092)
4(931 932 5092 5091)
4(833 887 5047 4993)
4(887 931 5091 5047)
4(834 835 4995 4994)
4(932 933 5093 5092)
4(1011 1012 5172 5171)
4(1012 932 5092 5172)
4(931 977 5137 5091)
4(977 1011 5171 5137)
4(1099 1012 5172 5259)
4(1098 1099 5259 5258)
4(1011 1057 5217 5171)
4(1057 1098 5258 5217)
4(1012 1013 5173 5172)
4(1099 1100 5260 5259)
4(1437 1353 5513 5597)
4(1436 1437 5597 5596)
4(1351 1397 5557 5511)
4(1397 1436 5596 5557)
4(1352 1351 5511 5512)
4(1353 1352 5512 5513)
4(1179 1180 5340 5339)
4(1180 1099 5259 5340)
4(1098 1145 5305 5258)
4(1145 1179 5339 5305)
4(1266 1180 5340 5426)
4(1265 1266 5426 5425)
4(1179 1227 5387 5339)
4(1227 1265 5425 5387)
4(1180 1181 5341 5340)
4(1266 1267 5427 5426)
4(1353 1354 5514 5513)
4(1354 1266 5426 5514)
4(1265 1319 5479 5425)
4(1319 1353 5513 5479)
4(1438 1354 5514 5598)
4(1354 1355 5515 5514)
4(534 535 4695 4694)
4(535 488 4648 4695)
4(587 535 4695 4747)
4(586 587 4747 4746)
4(535 536 4696 4695)
4(536 489 4649 4696)
4(587 588 4748 4747)
4(562 536 4696 4722)
4(588 562 4722 4748)
4(710 711 4871 4870)
4(711 671 4831 4871)
4(749 750 4910 4909)
4(728 711 4871 4888)
4(750 728 4888 4910)
4(786 749 4909 4946)
4(748 785 4945 4908)
4(785 786 4946 4945)
4(768 787 4947 4928)
4(787 788 4948 4947)
4(782 768 4928 4942)
4(788 782 4942 4948)
4(786 787 4947 4946)
4(768 750 4910 4928)
4(711 712 4872 4871)
4(712 713 4873 4872)
4(696 672 4832 4856)
4(713 696 4856 4873)
4(632 633 4793 4792)
4(633 587 4747 4793)
4(654 633 4793 4814)
4(674 654 4814 4834)
4(672 673 4833 4832)
4(673 674 4834 4833)
4(633 634 4794 4793)
4(634 635 4795 4794)
4(616 588 4748 4776)
4(635 616 4776 4795)
4(2111 2025 6185 6271)
4(2110 2111 6271 6270)
4(2023 2069 6229 6183)
4(2069 2110 6270 6229)
4(2024 2023 6183 6184)
4(2025 2024 6184 6185)
4(434 435 4595 4594)
4(435 373 4533 4595)
4(490 435 4595 4650)
4(489 490 4650 4649)
4(1524 1525 5685 5684)
4(1436 1487 5647 5596)
4(1487 1524 5684 5647)
4(435 436 4596 4595)
4(436 374 4534 4596)
4(1601 1602 5762 5761)
4(1524 1567 5727 5684)
4(1567 1601 5761 5727)
4(490 491 4651 4650)
4(491 492 4652 4651)
4(466 436 4596 4626)
4(492 466 4626 4652)
4(536 537 4697 4696)
4(537 538 4698 4697)
4(518 490 4650 4678)
4(538 518 4678 4698)
4(1684 1685 5845 5844)
4(1601 1649 5809 5761)
4(1649 1684 5844 5809)
4(1773 1774 5934 5933)
4(1684 1733 5893 5844)
4(1733 1773 5933 5893)
4(438 375 4535 4598)
4(436 437 4597 4596)
4(437 438 4598 4597)
4(438 439 4599 4598)
4(439 440 4600 4599)
4(414 376 4536 4574)
4(440 414 4574 4600)
4(1859 1860 6020 6019)
4(1860 1773 5933 6020)
4(1771 1819 5979 5931)
4(1819 1859 6019 5979)
4(1772 1771 5931 5932)
4(1773 1772 5932 5933)
4(1941 1860 6020 6101)
4(1940 1941 6101 6100)
4(1859 1901 6061 6019)
4(1901 1940 6100 6061)
4(1860 1861 6021 6020)
4(1941 1942 6102 6101)
4(2025 2026 6186 6185)
4(2026 1941 6101 6186)
4(1940 1989 6149 6100)
4(1989 2025 6185 6149)
4(2112 2026 6186 6272)
4(2026 2027 6187 6186)
4(276 277 4437 4436)
4(277 179 4339 4437)
4(378 277 4437 4538)
4(376 377 4537 4536)
4(377 378 4538 4537)
4(277 278 4438 4437)
4(278 180 4340 4438)
4(336 278 4438 4496)
4(380 336 4496 4540)
4(378 379 4539 4538)
4(379 380 4540 4539)
4(280 181 4341 4440)
4(278 279 4439 4438)
4(279 280 4440 4439)
4(282 182 4342 4442)
4(280 281 4441 4440)
4(281 282 4442 4441)
4(284 183 4343 4444)
4(282 283 4443 4442)
4(283 284 4444 4443)
4(286 184 4344 4446)
4(284 285 4445 4444)
4(285 286 4446 4445)
4(123 124 4284 4283)
4(124 89 4249 4284)
4(185 124 4284 4345)
4(184 185 4345 4344)
4(124 125 4285 4284)
4(125 90 4250 4285)
4(187 125 4285 4347)
4(185 186 4346 4345)
4(186 187 4347 4346)
4(286 287 4447 4446)
4(287 288 4448 4447)
4(238 185 4345 4398)
4(288 238 4398 4448)
4(125 126 4286 4285)
4(126 91 4251 4286)
4(189 126 4286 4349)
4(187 188 4348 4347)
4(188 189 4349 4348)
4(126 127 4287 4286)
4(127 92 4252 4287)
4(191 127 4287 4351)
4(189 190 4350 4349)
4(190 191 4351 4350)
4(127 128 4288 4287)
4(128 93 4253 4288)
4(193 128 4288 4353)
4(191 192 4352 4351)
4(192 193 4353 4352)
4(129 94 4254 4289)
4(128 129 4289 4288)
4(129 130 4290 4289)
4(130 95 4255 4290)
4(195 129 4289 4355)
4(193 194 4354 4353)
4(194 195 4355 4354)
4(156 196 4356 4316)
4(197 156 4316 4357)
4(196 197 4357 4356)
4(195 222 4382 4355)
4(156 130 4290 4316)
4(222 196 4356 4382)
4(77 78 4238 4237)
4(78 68 4228 4238)
4(97 78 4238 4257)
4(96 97 4257 4256)
4(78 79 4239 4238)
4(79 69 4229 4239)
4(99 79 4239 4259)
4(97 98 4258 4257)
4(98 99 4259 4258)
4(132 96 4256 4292)
4(130 131 4291 4290)
4(131 132 4292 4291)
4(132 133 4293 4292)
4(133 134 4294 4293)
4(117 97 4257 4277)
4(134 117 4277 4294)
4(876 877 5037 5036)
4(877 817 4977 5037)
4(924 925 5085 5084)
4(900 877 5037 5060)
4(925 900 5060 5085)
4(877 878 5038 5037)
4(878 879 5039 5038)
4(848 818 4978 5008)
4(879 848 5008 5039)
4(784 785 4945 4944)
4(820 785 4945 4980)
4(818 819 4979 4978)
4(819 820 4980 4979)
4(820 821 4981 4980)
4(821 822 4982 4981)
4(810 786 4946 4970)
4(822 810 4970 4982)
4(970 971 5131 5130)
4(950 925 5085 5110)
4(971 950 5110 5131)
4(1002 1003 5163 5162)
4(990 971 5131 5150)
4(1003 990 5150 5163)
4(1050 1051 5211 5210)
4(1028 1003 5163 5188)
4(1051 1028 5188 5211)
4(1087 1088 5248 5247)
4(1070 1051 5211 5230)
4(1088 1070 5230 5248)
4(1138 1139 5299 5298)
4(1139 1088 5248 5299)
4(1169 1139 5299 5329)
4(1168 1169 5329 5328)
4(1139 1140 5300 5299)
4(1089 1088 5248 5249)
4(1090 1089 5249 5250)
4(1118 1090 5250 5278)
4(1140 1118 5278 5300)
4(1169 1170 5330 5329)
4(1158 1140 5300 5318)
4(1170 1158 5318 5330)
4(1218 1219 5379 5378)
4(1219 1169 5329 5379)
4(1255 1219 5379 5415)
4(1254 1255 5415 5414)
4(1219 1220 5380 5379)
4(1196 1170 5330 5356)
4(1220 1196 5356 5380)
4(1255 1256 5416 5415)
4(1240 1220 5380 5400)
4(1256 1240 5400 5416)
4(3212 3213 7373 7372)
4(3213 3117 7277 7373)
4(3115 3163 7323 7275)
4(3163 3212 7372 7323)
4(3116 3115 7275 7276)
4(3117 3116 7276 7277)
4(1308 1309 5469 5468)
4(1309 1255 5415 5469)
4(1343 1309 5469 5503)
4(1309 1310 5470 5469)
4(1284 1256 5416 5444)
4(1310 1284 5444 5470)
4(1344 1310 5470 5504)
4(1344 1345 5505 5504)
4(1311 1310 5470 5471)
4(1312 1311 5471 5472)
4(1332 1312 5472 5492)
4(1345 1332 5492 5505)
4(3308 3309 7469 7468)
4(3212 3261 7421 7372)
4(3261 3308 7468 7421)
4(3410 3411 7571 7570)
4(3308 3361 7521 7468)
4(3361 3410 7570 7521)
4(3507 3508 7668 7667)
4(3508 3410 7570 7668)
4(3408 3457 7617 7568)
4(3457 3507 7667 7617)
4(3409 3408 7568 7569)
4(3410 3409 7569 7570)
4(1390 1391 5551 5550)
4(1370 1345 5505 5530)
4(1391 1370 5530 5551)
4(3607 3508 7668 7767)
4(3606 3607 7767 7766)
4(3507 3553 7713 7667)
4(3553 3606 7766 7713)
4(1427 1428 5588 5587)
4(1410 1391 5551 5570)
4(1428 1410 5570 5588)
4(3508 3509 7669 7668)
4(3607 3608 7768 7767)
4(2198 2199 6359 6358)
4(2110 2163 6323 6270)
4(2163 2198 6358 6323)
4(2286 2287 6447 6446)
4(2198 2243 6403 6358)
4(2243 2286 6446 6403)
4(2363 2364 6524 6523)
4(2364 2286 6446 6524)
4(2284 2327 6487 6444)
4(2327 2363 6523 6487)
4(2285 2284 6444 6445)
4(2286 2285 6445 6446)
4(2448 2364 6524 6608)
4(2447 2448 6608 6607)
4(2363 2409 6569 6523)
4(2409 2447 6607 6569)
4(2364 2365 6525 6524)
4(2448 2449 6609 6608)
4(2726 2727 6887 6886)
4(2632 2631 6791 6792)
4(2633 2632 6792 6793)
4(2631 2683 6843 6791)
4(2683 2726 6886 6843)
4(2826 2827 6987 6986)
4(2726 2773 6933 6886)
4(2773 2826 6986 6933)
4(2535 2536 6696 6695)
4(2536 2448 6608 6696)
4(2447 2497 6657 6607)
4(2497 2535 6695 6657)
4(2634 2536 6696 6794)
4(2535 2583 6743 6695)
4(2583 2633 6793 6743)
4(2536 2537 6697 6696)
4(2921 2922 7082 7081)
4(2922 2826 6986 7082)
4(2824 2875 7035 6984)
4(2875 2921 7081 7035)
4(2825 2824 6984 6985)
4(2826 2825 6985 6986)
4(3021 2922 7082 7181)
4(3020 3021 7181 7180)
4(2921 2973 7133 7081)
4(2973 3020 7180 7133)
4(2922 2923 7083 7082)
4(3021 3022 7182 7181)
4(3117 3118 7278 7277)
4(3118 3021 7181 7278)
4(3020 3071 7231 7180)
4(3071 3117 7277 7231)
4(3214 3118 7278 7374)
4(3118 3119 7279 7278)
4(4107 4108 8268 8267)
4(4108 4081 8241 8268)
4(4079 4097 8257 8239)
4(4097 4107 8267 8257)
4(4080 4079 8239 8240)
4(4081 4080 8240 8241)
4(4115 4116 8276 8275)
4(4116 4107 8267 8276)
4(4106 4105 8265 8266)
4(4107 4106 8266 8267)
4(4128 4116 8276 8288)
4(4116 4117 8277 8276)
4(4081 4082 8242 8241)
4(4082 4005 8165 8242)
4(4004 4003 8163 8164)
4(4005 4004 8164 8165)
4(4003 4043 8203 8163)
4(4043 4081 8241 8203)
4(4109 4082 8242 8269)
4(4082 4083 8243 8242)
4(4006 4005 8165 8166)
4(4007 4006 8166 8167)
4(3810 3811 7971 7970)
4(3811 3711 7871 7971)
4(3709 3757 7917 7869)
4(3757 3810 7970 7917)
4(3710 3709 7869 7870)
4(3711 3710 7870 7871)
4(4008 3910 8070 8168)
4(3908 3965 8125 8068)
4(3965 4007 8167 8125)
4(3909 3908 8068 8069)
4(3910 3909 8069 8070)
4(3910 3911 8071 8070)
4(3810 3851 8011 7970)
4(3851 3910 8070 8011)
4(3711 3712 7872 7871)
4(3712 3607 7767 7872)
4(3606 3661 7821 7766)
4(3661 3711 7871 7821)
4(1480 1481 5641 5640)
4(1458 1428 5588 5618)
4(1481 1458 5618 5641)
4(3812 3712 7872 7972)
4(1513 1514 5674 5673)
4(1500 1481 5641 5660)
4(1514 1500 5660 5674)
4(3712 3713 7873 7872)
4(1560 1561 5721 5720)
4(1561 1514 5674 5721)
4(1591 1561 5721 5751)
4(1590 1591 5751 5750)
4(1561 1562 5722 5721)
4(1515 1514 5674 5675)
4(1516 1515 5675 5676)
4(1540 1516 5676 5700)
4(1562 1540 5700 5722)
4(1591 1592 5752 5751)
4(1580 1562 5722 5740)
4(1592 1580 5740 5752)
4(1640 1641 5801 5800)
4(1641 1591 5751 5801)
4(1674 1641 5801 5834)
4(1673 1674 5834 5833)
4(1641 1642 5802 5801)
4(1618 1592 5752 5778)
4(1642 1618 5778 5802)
4(1674 1675 5835 5834)
4(1660 1642 5802 5820)
4(1675 1660 5820 5835)
4(1722 1723 5883 5882)
4(1723 1674 5834 5883)
4(1761 1723 5883 5921)
4(1723 1724 5884 5883)
4(1700 1675 5835 5860)
4(1724 1700 5860 5884)
4(1762 1724 5884 5922)
4(1762 1763 5923 5922)
4(1725 1724 5884 5885)
4(1726 1725 5885 5886)
4(1744 1726 5886 5904)
4(1763 1744 5904 5923)
4(1812 1813 5973 5972)
4(1792 1763 5923 5952)
4(1813 1792 5952 5973)
4(1848 1849 6009 6008)
4(1830 1813 5973 5990)
4(1849 1830 5990 6009)
4(1894 1895 6055 6054)
4(1895 1849 6009 6055)
4(1930 1895 6055 6090)
4(1929 1930 6090 6089)
4(1895 1896 6056 6055)
4(1850 1849 6009 6010)
4(1851 1850 6010 6011)
4(1876 1851 6011 6036)
4(1896 1876 6036 6056)
4(1930 1931 6091 6090)
4(1912 1896 6056 6072)
4(1931 1912 6072 6091)
4(1978 1979 6139 6138)
4(1979 1930 6090 6139)
4(2015 1979 6139 6175)
4(1979 1980 6140 6139)
4(1958 1931 6091 6118)
4(1980 1958 6118 6140)
4(2016 1980 6140 6176)
4(2016 2017 6177 6176)
4(1981 1980 6140 6141)
4(1982 1981 6141 6142)
4(2000 1982 6142 6160)
4(2017 2000 6160 6177)
4(2062 2063 6223 6222)
4(2042 2017 6177 6202)
4(2063 2042 6202 6223)
4(2101 2102 6262 6261)
4(2080 2063 6223 6240)
4(2102 2080 6240 6262)
4(2154 2155 6315 6314)
4(2132 2102 6262 6292)
4(2155 2132 6292 6315)
4(2188 2155 6315 6348)
4(2187 2188 6348 6347)
4(2188 2189 6349 6348)
4(2156 2155 6315 6316)
4(2157 2156 6316 6317)
4(2174 2157 6317 6334)
4(2189 2174 6334 6349)
4(2234 2235 6395 6394)
4(2235 2188 6348 6395)
4(2274 2235 6395 6434)
4(2235 2236 6396 6395)
4(2214 2189 6349 6374)
4(2236 2214 6374 6396)
4(2254 2236 6396 6414)
4(2275 2254 6414 6435)
4(2322 2323 6483 6482)
4(2276 2275 6435 6436)
4(2277 2276 6436 6437)
4(2304 2277 6437 6464)
4(2323 2304 6464 6483)
4(2354 2355 6515 6514)
4(2338 2323 6483 6498)
4(2355 2338 6498 6515)
4(2400 2401 6561 6560)
4(2380 2355 6515 6540)
4(2401 2380 6540 6561)
4(2439 2401 6561 6599)
4(2438 2439 6599 6598)
4(2439 2440 6600 6599)
4(2402 2401 6561 6562)
4(2403 2402 6562 6563)
4(2420 2403 6563 6580)
4(2440 2420 6580 6600)
4(2488 2489 6649 6648)
4(2489 2439 6599 6649)
4(2525 2489 6649 6685)
4(2524 2525 6685 6684)
4(2489 2490 6650 6649)
4(2468 2440 6600 6628)
4(2490 2468 6628 6650)
4(2525 2526 6686 6685)
4(2508 2490 6650 6668)
4(2526 2508 6668 6686)
4(2572 2573 6733 6732)
4(2573 2525 6685 6733)
4(2623 2573 6733 6783)
4(2573 2574 6734 6733)
4(2552 2526 6686 6712)
4(2574 2552 6712 6734)
4(2624 2574 6734 6784)
4(2624 2625 6785 6784)
4(2575 2574 6734 6735)
4(2576 2575 6735 6736)
4(2598 2576 6736 6758)
4(2625 2598 6758 6785)
4(2674 2675 6835 6834)
4(2652 2625 6785 6812)
4(2675 2652 6812 6835)
4(2720 2675 6835 6880)
4(2719 2720 6880 6879)
4(2720 2721 6881 6880)
4(2676 2675 6835 6836)
4(2677 2676 6836 6837)
4(2700 2677 6837 6860)
4(2721 2700 6860 6881)
4(2764 2765 6925 6924)
4(2765 2720 6880 6925)
4(2814 2765 6925 6974)
4(2765 2766 6926 6925)
4(2742 2721 6881 6902)
4(2766 2742 6902 6926)
4(2788 2766 6926 6948)
4(2815 2788 6948 6975)
4(2868 2869 7029 7028)
4(2816 2815 6975 6976)
4(2817 2816 6976 6977)
4(2848 2817 6977 7008)
4(2869 2848 7008 7029)
4(2914 2915 7075 7074)
4(2892 2869 7029 7052)
4(2915 2892 7052 7075)
4(2964 2965 7125 7124)
4(2940 2915 7075 7100)
4(2965 2940 7100 7125)
4(3012 2965 7125 7172)
4(3011 3012 7172 7171)
4(3012 3013 7173 7172)
4(2966 2965 7125 7126)
4(2967 2966 7126 7127)
4(2988 2967 7127 7148)
4(3013 2988 7148 7173)
4(3060 3061 7221 7220)
4(3061 3012 7172 7221)
4(3109 3061 7221 7269)
4(3061 3062 7222 7221)
4(3038 3013 7173 7198)
4(3062 3038 7198 7222)
4(3110 3062 7222 7270)
4(3110 3111 7271 7270)
4(3063 3062 7222 7223)
4(3064 3063 7223 7224)
4(3088 3064 7224 7248)
4(3111 3088 7248 7271)
4(3156 3157 7317 7316)
4(3134 3111 7271 7294)
4(3157 3134 7294 7317)
4(3201 3202 7362 7361)
4(3178 3157 7317 7338)
4(3202 3178 7338 7362)
4(3252 3253 7413 7412)
4(3253 3202 7362 7413)
4(3300 3253 7413 7460)
4(3299 3300 7460 7459)
4(3253 3254 7414 7413)
4(3203 3202 7362 7363)
4(3204 3203 7363 7364)
4(3232 3204 7364 7392)
4(3254 3232 7392 7414)
4(3300 3301 7461 7460)
4(3278 3254 7414 7438)
4(3301 3278 7438 7461)
4(3350 3351 7511 7510)
4(3351 3300 7460 7511)
4(3400 3351 7511 7560)
4(3351 3352 7512 7511)
4(3326 3301 7461 7486)
4(3352 3326 7486 7512)
4(3401 3352 7512 7561)
4(3401 3402 7562 7561)
4(3353 3352 7512 7513)
4(3354 3353 7513 7514)
4(3376 3354 7514 7536)
4(3402 3376 7536 7562)
4(3450 3451 7611 7610)
4(3430 3402 7562 7590)
4(3451 3430 7590 7611)
4(3498 3499 7659 7658)
4(3474 3451 7611 7634)
4(3499 3474 7634 7659)
4(3544 3545 7705 7704)
4(3545 3499 7659 7705)
4(3596 3545 7705 7756)
4(3595 3596 7756 7755)
4(3545 3546 7706 7705)
4(3500 3499 7659 7660)
4(3501 3500 7660 7661)
4(3526 3501 7661 7686)
4(3546 3526 7686 7706)
4(3596 3597 7757 7756)
4(3568 3546 7706 7728)
4(3597 3568 7728 7757)
4(3650 3651 7811 7810)
4(3651 3596 7756 7811)
4(3701 3651 7811 7861)
4(3651 3652 7812 7811)
4(3628 3597 7757 7788)
4(3652 3628 7788 7812)
4(3702 3652 7812 7862)
4(3702 3703 7863 7862)
4(3653 3652 7812 7813)
4(3654 3653 7813 7814)
4(3678 3654 7814 7838)
4(3703 3678 7838 7863)
4(3750 3751 7911 7910)
4(3730 3703 7863 7890)
4(3751 3730 7890 7911)
4(3801 3802 7962 7961)
4(3774 3751 7911 7934)
4(3802 3774 7934 7962)
4(3842 3843 8003 8002)
4(3843 3802 7962 8003)
4(3896 3843 8003 8056)
4(3843 3844 8004 8003)
4(3803 3802 7962 7963)
4(3804 3803 7963 7964)
4(3834 3804 7964 7994)
4(3844 3834 7994 8004)
4(3874 3844 8004 8034)
4(3897 3874 8034 8057)
4(3948 3949 8109 8108)
4(3949 3899 8059 8109)
4(3898 3897 8057 8058)
4(3899 3898 8058 8059)
4(3991 3949 8109 8151)
4(3949 3950 8110 8109)
4(3900 3899 8059 8060)
4(3901 3900 8060 8061)
4(3924 3901 8061 8084)
4(3950 3924 8084 8110)
4(3992 3950 8110 8152)
4(3993 3952 8112 8153)
4(3951 3950 8110 8111)
4(3952 3951 8111 8112)
4(3953 3952 8112 8113)
4(3954 3953 8113 8114)
4(3970 3954 8114 8130)
4(3994 3970 8130 8154)
4(4032 4033 8193 8192)
4(3995 3994 8154 8155)
4(3996 3995 8155 8156)
4(4024 3996 8156 8184)
4(4033 4024 8184 8193)
4(4069 4033 8193 8229)
4(4034 4033 8193 8194)
4(4035 4034 8194 8195)
4(4070 4052 8212 8230)
4(4052 4035 8195 8212)
4(4091 4092 8252 8251)
4(4071 4070 8230 8231)
4(4072 4071 8231 8232)
4(4084 4072 8232 8244)
4(4092 4084 8244 8252)
4(4104 4092 8252 8264)
4(4105 4094 8254 8265)
4(4093 4092 8252 8253)
4(4094 4093 8253 8254)
4(79 80 4240 4239)
4(80 70 4230 4240)
4(101 80 4240 4261)
4(99 100 4260 4259)
4(100 101 4261 4260)
4(80 81 4241 4240)
4(101 102 4262 4261)
4(141 102 4262 4301)
4(101 121 4281 4261)
4(121 139 4299 4281)
4(139 140 4300 4299)
4(140 141 4301 4300)
4(143 103 4263 4303)
4(141 142 4302 4301)
4(142 143 4303 4302)
4(143 144 4304 4303)
4(144 104 4264 4304)
4(201 165 4325 4361)
4(165 200 4360 4325)
4(200 201 4361 4360)
4(202 144 4304 4362)
4(143 165 4325 4303)
4(201 223 4383 4361)
4(223 202 4362 4383)
4(145 144 4304 4305)
4(204 145 4305 4364)
4(202 203 4363 4362)
4(203 204 4364 4363)
4(145 105 4265 4305)
4(145 146 4306 4305)
4(146 106 4266 4306)
4(206 146 4306 4366)
4(204 205 4365 4364)
4(205 206 4366 4365)
4(146 147 4307 4306)
4(147 107 4267 4307)
4(208 147 4307 4368)
4(206 207 4367 4366)
4(207 208 4368 4367)
4(147 148 4308 4307)
4(148 108 4268 4308)
4(210 148 4308 4370)
4(208 209 4369 4368)
4(209 210 4370 4369)
4(148 149 4309 4308)
4(149 109 4269 4309)
4(212 149 4309 4372)
4(210 211 4371 4370)
4(211 212 4372 4371)
4(149 150 4310 4309)
4(212 213 4373 4372)
4(295 213 4373 4455)
4(212 255 4415 4372)
4(255 293 4453 4415)
4(293 294 4454 4453)
4(294 295 4455 4454)
4(297 214 4374 4457)
4(295 296 4456 4455)
4(296 297 4457 4456)
4(299 215 4375 4459)
4(297 298 4458 4457)
4(298 299 4459 4458)
4(301 216 4376 4461)
4(299 300 4460 4459)
4(300 301 4461 4460)
4(303 217 4377 4463)
4(301 302 4462 4461)
4(302 303 4463 4462)
4(303 304 4464 4463)
4(304 218 4378 4464)
4(385 304 4464 4545)
4(303 347 4507 4463)
4(347 383 4543 4507)
4(383 384 4544 4543)
4(384 385 4545 4544)
4(304 305 4465 4464)
4(385 386 4546 4545)
4(386 387 4547 4546)
4(443 388 4548 4603)
4(387 419 4579 4547)
4(419 441 4601 4579)
4(441 442 4602 4601)
4(442 443 4603 4602)
4(445 389 4549 4605)
4(443 444 4604 4603)
4(444 445 4605 4604)
4(445 446 4606 4605)
4(446 390 4550 4606)
4(497 446 4606 4657)
4(445 471 4631 4605)
4(471 495 4655 4631)
4(495 496 4656 4655)
4(496 497 4657 4656)
4(446 447 4607 4606)
4(497 498 4658 4657)
4(545 498 4658 4705)
4(497 521 4681 4657)
4(521 543 4703 4681)
4(543 544 4704 4703)
4(544 545 4705 4704)
4(545 546 4706 4705)
4(546 499 4659 4706)
4(598 546 4706 4758)
4(597 598 4758 4757)
4(545 569 4729 4705)
4(569 597 4757 4729)
4(546 547 4707 4706)
4(598 599 4759 4758)
4(642 598 4758 4802)
4(621 640 4800 4781)
4(597 621 4781 4757)
4(640 641 4801 4800)
4(641 642 4802 4801)
4(642 643 4803 4802)
4(659 681 4841 4819)
4(642 659 4819 4802)
4(681 682 4842 4841)
4(682 683 4843 4842)
4(720 684 4844 4880)
4(683 701 4861 4843)
4(701 718 4878 4861)
4(718 719 4879 4878)
4(719 720 4880 4879)
4(720 721 4881 4880)
4(757 758 4918 4917)
4(733 757 4917 4893)
4(720 733 4893 4880)
4(792 773 4933 4952)
4(773 783 4943 4933)
4(783 791 4951 4943)
4(791 792 4952 4951)
4(793 758 4918 4953)
4(757 773 4933 4917)
4(792 793 4953 4952)
4(793 794 4954 4953)
4(794 759 4919 4954)
4(829 794 4954 4989)
4(793 813 4973 4953)
4(813 827 4987 4973)
4(827 828 4988 4987)
4(828 829 4989 4988)
4(794 795 4955 4954)
4(829 830 4990 4989)
4(830 831 4991 4990)
4(886 832 4992 5046)
4(831 857 5017 4991)
4(857 884 5044 5017)
4(884 885 5045 5044)
4(885 886 5046 5045)
4(886 887 5047 5046)
4(930 931 5091 5090)
4(886 909 5069 5046)
4(909 930 5090 5069)
4(976 977 5137 5136)
4(953 976 5136 5113)
4(930 953 5113 5090)
4(1010 1011 5171 5170)
4(976 995 5155 5136)
4(995 1010 5170 5155)
4(1056 1057 5217 5216)
4(1010 1033 5193 5170)
4(1033 1056 5216 5193)
4(1097 1098 5258 5257)
4(1056 1077 5237 5216)
4(1077 1097 5257 5237)
4(1143 1144 5304 5303)
4(1144 1097 5257 5304)
4(1096 1095 5255 5256)
4(1097 1096 5256 5257)
4(1095 1121 5281 5255)
4(1121 1143 5303 5281)
4(1178 1144 5304 5338)
4(1177 1178 5338 5337)
4(1161 1177 5337 5321)
4(1143 1161 5321 5303)
4(1144 1145 5305 5304)
4(1178 1179 5339 5338)
4(1225 1226 5386 5385)
4(1226 1178 5338 5386)
4(1177 1201 5361 5337)
4(1201 1225 5385 5361)
4(1264 1226 5386 5424)
4(1263 1264 5424 5423)
4(1225 1245 5405 5385)
4(1245 1263 5423 5405)
4(1226 1227 5387 5386)
4(1264 1265 5425 5424)
4(1350 1351 5511 5510)
4(1351 1317 5477 5511)
4(1315 1335 5495 5475)
4(1335 1350 5510 5495)
4(1316 1315 5475 5476)
4(1317 1316 5476 5477)
4(1396 1397 5557 5556)
4(1373 1396 5556 5533)
4(1350 1373 5533 5510)
4(1435 1436 5596 5595)
4(1396 1415 5575 5556)
4(1415 1435 5595 5575)
4(1317 1318 5478 5477)
4(1318 1264 5424 5478)
4(1263 1291 5451 5423)
4(1291 1317 5477 5451)
4(1352 1318 5478 5512)
4(1318 1319 5479 5478)
4(1770 1771 5931 5930)
4(1771 1731 5891 5931)
4(1747 1770 5930 5907)
4(1729 1747 5907 5889)
4(1730 1729 5889 5890)
4(1731 1730 5890 5891)
4(728 729 4889 4888)
4(729 712 4872 4889)
4(736 729 4889 4896)
4(751 736 4896 4911)
4(750 751 4911 4910)
4(729 730 4890 4889)
4(730 713 4873 4890)
4(729 734 4894 4889)
4(734 730 4890 4894)
4(736 734 4894 4896)
4(751 752 4912 4911)
4(752 736 4896 4912)
4(1818 1819 5979 5978)
4(1770 1797 5957 5930)
4(1797 1818 5978 5957)
4(1858 1859 6019 6018)
4(1818 1837 5997 5978)
4(1837 1858 6018 5997)
4(1899 1900 6060 6059)
4(1900 1858 6018 6060)
4(1856 1879 6039 6016)
4(1879 1899 6059 6039)
4(1857 1856 6016 6017)
4(1858 1857 6017 6018)
4(654 655 4815 4814)
4(655 634 4794 4815)
4(1939 1900 6060 6099)
4(1938 1939 6099 6098)
4(1899 1917 6077 6059)
4(1917 1938 6098 6077)
4(675 664 4824 4835)
4(664 655 4815 4824)
4(674 675 4835 4834)
4(1900 1901 6061 6060)
4(655 656 4816 4815)
4(656 635 4795 4816)
4(1939 1940 6100 6099)
4(675 676 4836 4835)
4(676 664 4824 4836)
4(660 656 4816 4820)
4(664 660 4820 4824)
4(696 697 4857 4856)
4(697 673 4833 4857)
4(714 697 4857 4874)
4(713 714 4874 4873)
4(697 698 4858 4857)
4(698 674 4834 4858)
4(2022 2023 6183 6182)
4(2023 1987 6147 6183)
4(1986 1985 6145 6146)
4(1985 2003 6163 6145)
4(2003 2022 6182 6163)
4(1987 1986 6146 6147)
4(706 715 4875 4866)
4(715 708 4868 4875)
4(708 706 4866 4868)
4(706 714 4874 4866)
4(714 715 4875 4874)
4(706 697 4857 4866)
4(706 698 4858 4866)
4(702 698 4858 4862)
4(706 702 4862 4866)
4(724 714 4874 4884)
4(734 724 4884 4894)
4(2068 2069 6229 6228)
4(2022 2047 6207 6182)
4(2047 2068 6228 6207)
4(724 715 4875 4884)
4(2109 2110 6270 6269)
4(2068 2085 6245 6228)
4(2085 2109 6269 6245)
4(1987 1988 6148 6147)
4(1988 1939 6099 6148)
4(1938 1963 6123 6098)
4(1963 1987 6147 6123)
4(692 675 4835 4852)
4(702 692 4852 4862)
4(2024 1988 6148 6184)
4(1988 1989 6149 6148)
4(692 688 4848 4852)
4(688 676 4836 4848)
4(1486 1487 5647 5646)
4(1435 1463 5623 5595)
4(1463 1486 5646 5623)
4(1523 1524 5684 5683)
4(1486 1507 5667 5646)
4(1507 1523 5683 5667)
4(1565 1566 5726 5725)
4(1566 1523 5683 5726)
4(1521 1543 5703 5681)
4(1543 1565 5725 5703)
4(1522 1521 5681 5682)
4(1523 1522 5682 5683)
4(1600 1566 5726 5760)
4(1599 1600 5760 5759)
4(1583 1599 5759 5743)
4(1565 1583 5743 5725)
4(1566 1567 5727 5726)
4(1600 1601 5761 5760)
4(1647 1648 5808 5807)
4(1648 1600 5760 5808)
4(1599 1623 5783 5759)
4(1623 1647 5807 5783)
4(1683 1648 5808 5843)
4(1682 1683 5843 5842)
4(1647 1665 5825 5807)
4(1665 1682 5842 5825)
4(1648 1649 5809 5808)
4(1683 1684 5844 5843)
4(1731 1732 5892 5891)
4(1732 1683 5843 5892)
4(1682 1707 5867 5842)
4(1707 1731 5891 5867)
4(562 563 4723 4722)
4(563 537 4697 4723)
4(1772 1732 5892 5932)
4(589 563 4723 4749)
4(588 589 4749 4748)
4(1732 1733 5893 5892)
4(563 564 4724 4723)
4(564 538 4698 4724)
4(589 564 4724 4749)
4(580 589 4749 4740)
4(590 580 4740 4750)
4(589 590 4750 4749)
4(574 589 4749 4734)
4(580 574 4734 4740)
4(574 564 4724 4734)
4(572 564 4724 4732)
4(574 572 4732 4734)
4(491 519 4679 4651)
4(508 491 4651 4668)
4(519 508 4668 4679)
4(518 522 4682 4678)
4(522 519 4679 4682)
4(522 539 4699 4682)
4(539 528 4688 4699)
4(528 522 4682 4688)
4(538 539 4699 4698)
4(502 492 4652 4662)
4(508 502 4662 4668)
4(539 540 4700 4699)
4(540 528 4688 4700)
4(564 565 4725 4724)
4(558 539 4699 4718)
4(565 558 4718 4725)
4(572 565 4725 4732)
4(590 591 4751 4750)
4(591 580 4740 4751)
4(558 548 4708 4718)
4(548 540 4700 4708)
4(466 467 4627 4626)
4(467 437 4597 4627)
4(480 467 4627 4640)
4(484 480 4640 4644)
4(502 484 4644 4662)
4(467 468 4628 4627)
4(468 438 4598 4628)
4(472 468 4628 4632)
4(480 472 4632 4640)
4(458 439 4599 4618)
4(472 458 4618 4632)
4(448 440 4600 4608)
4(456 448 4608 4616)
4(458 456 4616 4618)
4(616 617 4777 4776)
4(617 589 4749 4777)
4(635 617 4777 4795)
4(628 635 4795 4788)
4(635 636 4796 4795)
4(636 637 4797 4796)
4(637 628 4788 4797)
4(628 617 4777 4788)
4(626 617 4777 4786)
4(628 626 4786 4788)
4(617 618 4778 4777)
4(612 590 4750 4772)
4(618 612 4772 4778)
4(626 618 4778 4786)
4(648 636 4796 4808)
4(660 648 4808 4820)
4(644 637 4797 4804)
4(648 644 4804 4808)
4(612 606 4766 4772)
4(606 591 4751 4766)
4(336 337 4497 4496)
4(337 279 4439 4497)
4(360 337 4497 4520)
4(380 398 4558 4540)
4(364 360 4520 4524)
4(398 364 4524 4558)
4(337 338 4498 4497)
4(338 280 4440 4498)
4(348 338 4498 4508)
4(360 348 4508 4520)
4(322 281 4441 4482)
4(348 322 4482 4508)
4(281 314 4474 4441)
4(324 282 4442 4484)
4(314 324 4484 4474)
4(322 314 4474 4482)
4(339 283 4443 4499)
4(350 339 4499 4510)
4(324 350 4510 4484)
4(339 340 4500 4499)
4(340 284 4444 4500)
4(354 340 4500 4514)
4(356 354 4514 4516)
4(350 356 4516 4510)
4(340 341 4501 4500)
4(330 285 4445 4490)
4(341 330 4490 4501)
4(354 341 4501 4514)
4(316 286 4446 4476)
4(330 316 4476 4490)
4(287 308 4468 4447)
4(320 287 4447 4480)
4(308 320 4480 4468)
4(286 308 4468 4446)
4(316 308 4468 4476)
4(332 288 4448 4492)
4(334 332 4492 4494)
4(320 334 4494 4480)
4(238 239 4399 4398)
4(239 186 4346 4399)
4(289 239 4399 4449)
4(288 289 4449 4448)
4(239 240 4400 4399)
4(240 187 4347 4400)
4(289 290 4450 4449)
4(274 240 4400 4434)
4(290 274 4434 4450)
4(318 289 4449 4478)
4(332 318 4478 4492)
4(318 290 4450 4478)
4(414 415 4575 4574)
4(415 377 4537 4575)
4(428 415 4575 4588)
4(448 428 4588 4608)
4(415 416 4576 4575)
4(416 378 4538 4576)
4(422 416 4576 4582)
4(428 422 4582 4588)
4(404 379 4539 4564)
4(420 404 4564 4580)
4(422 420 4580 4582)
4(404 398 4558 4564)
4(240 241 4401 4400)
4(241 188 4348 4401)
4(274 241 4401 4434)
4(241 268 4428 4401)
4(270 241 4401 4430)
4(268 270 4430 4428)
4(274 268 4428 4434)
4(241 242 4402 4401)
4(242 189 4349 4402)
4(306 242 4402 4466)
4(270 310 4470 4430)
4(310 306 4466 4470)
4(242 243 4403 4402)
4(243 190 4350 4403)
4(266 243 4403 4426)
4(306 266 4426 4466)
4(243 244 4404 4403)
4(244 191 4351 4404)
4(256 244 4404 4416)
4(266 256 4416 4426)
4(191 260 4420 4351)
4(245 192 4352 4405)
4(260 245 4405 4420)
4(191 234 4394 4351)
4(234 260 4420 4394)
4(256 234 4394 4416)
4(245 246 4406 4405)
4(246 193 4353 4406)
4(258 246 4406 4418)
4(264 258 4418 4424)
4(260 264 4424 4420)
4(232 194 4354 4392)
4(258 232 4392 4418)
4(226 194 4354 4386)
4(232 226 4386 4392)
4(226 222 4382 4386)
4(156 157 4317 4316)
4(157 131 4291 4317)
4(172 157 4317 4332)
4(197 224 4384 4357)
4(224 172 4332 4384)
4(157 158 4318 4317)
4(158 132 4292 4318)
4(172 158 4318 4332)
4(166 158 4318 4326)
4(172 166 4326 4332)
4(168 158 4318 4328)
4(166 168 4328 4326)
4(228 196 4356 4388)
4(222 228 4388 4382)
4(230 224 4384 4390)
4(228 230 4390 4388)
4(158 159 4319 4318)
4(159 133 4293 4319)
4(170 159 4319 4330)
4(174 170 4330 4334)
4(168 174 4334 4328)
4(159 160 4320 4319)
4(154 134 4294 4314)
4(160 154 4314 4320)
4(170 160 4320 4330)
4(117 118 4278 4277)
4(118 98 4258 4278)
4(135 118 4278 4295)
4(134 135 4295 4294)
4(118 119 4279 4278)
4(119 99 4259 4279)
4(135 136 4296 4295)
4(122 119 4279 4282)
4(136 122 4282 4296)
4(151 135 4295 4311)
4(154 151 4311 4314)
4(151 136 4296 4311)
4(900 901 5061 5060)
4(901 878 5038 5061)
4(926 900 5060 5086)
4(925 926 5086 5085)
4(918 900 5060 5078)
4(926 918 5078 5086)
4(918 901 5061 5078)
4(916 901 5061 5076)
4(918 916 5076 5078)
4(901 902 5062 5061)
4(902 879 5039 5062)
4(914 902 5062 5074)
4(916 914 5074 5076)
4(848 849 5009 5008)
4(849 819 4979 5009)
4(880 849 5009 5040)
4(879 880 5040 5039)
4(849 850 5010 5009)
4(850 820 4980 5010)
4(880 850 5010 5040)
4(850 874 5034 5010)
4(872 850 5010 5032)
4(874 872 5032 5034)
4(880 874 5034 5040)
4(880 881 5041 5040)
4(881 874 5034 5041)
4(902 903 5063 5062)
4(903 880 5040 5063)
4(912 903 5063 5072)
4(914 912 5072 5074)
4(903 904 5064 5063)
4(904 881 5041 5064)
4(910 904 5064 5070)
4(912 910 5070 5072)
4(850 851 5011 5010)
4(851 821 4981 5011)
4(870 851 5011 5030)
4(872 870 5030 5032)
4(852 821 4981 5012)
4(851 852 5012 5011)
4(821 844 5004 4981)
4(844 822 4982 5004)
4(846 821 4981 5006)
4(852 846 5006 5012)
4(846 844 5004 5006)
4(868 852 5012 5028)
4(870 868 5028 5030)
4(950 951 5111 5110)
4(948 926 5086 5108)
4(951 948 5108 5111)
4(971 972 5132 5131)
4(972 973 5133 5132)
4(968 951 5111 5128)
4(973 968 5128 5133)
4(990 991 5151 5150)
4(991 972 5132 5151)
4(1004 991 5151 5164)
4(1003 1004 5164 5163)
4(991 992 5152 5151)
4(992 973 5133 5152)
4(1004 1005 5165 5164)
4(998 992 5152 5158)
4(1005 998 5158 5165)
4(1028 1029 5189 5188)
4(1029 1004 5164 5189)
4(1052 1029 5189 5212)
4(1051 1052 5212 5211)
4(1029 1030 5190 5189)
4(1026 1005 5165 5186)
4(1030 1026 5186 5190)
4(1052 1053 5213 5212)
4(1048 1030 5190 5208)
4(1053 1048 5208 5213)
4(1070 1071 5231 5230)
4(1071 1052 5212 5231)
4(1089 1071 5231 5249)
4(1071 1072 5232 5231)
4(1072 1073 5233 5232)
4(1073 1053 5213 5233)
4(1090 1072 5232 5250)
4(1090 1091 5251 5250)
4(1080 1073 5233 5240)
4(1091 1080 5240 5251)
4(1118 1119 5279 5278)
4(1116 1091 5251 5276)
4(1119 1116 5276 5279)
4(1140 1141 5301 5300)
4(1136 1119 5279 5296)
4(1141 1136 5296 5301)
4(1158 1159 5319 5318)
4(1159 1141 5301 5319)
4(1170 1171 5331 5330)
4(1171 1172 5332 5331)
4(1164 1159 5319 5324)
4(1172 1164 5324 5332)
4(2874 2875 7035 7034)
4(2823 2822 6982 6983)
4(2824 2823 6983 6984)
4(2851 2874 7034 7011)
4(2822 2851 7011 6982)
4(2920 2921 7081 7080)
4(2874 2897 7057 7034)
4(2897 2920 7080 7057)
4(3019 2972 7132 7179)
4(3018 3019 7179 7178)
4(2991 3018 7178 7151)
4(2970 2991 7151 7130)
4(2971 2970 7130 7131)
4(2972 2971 7131 7132)
4(2972 2973 7133 7132)
4(2920 2947 7107 7080)
4(2947 2972 7132 7107)
4(3019 3020 7180 7179)
4(1196 1197 5357 5356)
4(1197 1171 5331 5357)
4(1221 1197 5357 5381)
4(1220 1221 5381 5380)
4(1197 1198 5358 5357)
4(1194 1172 5332 5354)
4(1198 1194 5354 5358)
4(3114 3115 7275 7274)
4(3115 3069 7229 7275)
4(3068 3067 7227 7228)
4(3067 3091 7251 7227)
4(3091 3114 7274 7251)
4(3069 3068 7228 7229)
4(1221 1222 5382 5381)
4(1216 1198 5358 5376)
4(1222 1216 5376 5382)
4(1240 1241 5401 5400)
4(1241 1221 5381 5401)
4(1257 1241 5401 5417)
4(1256 1257 5417 5416)
4(3162 3163 7323 7322)
4(3114 3139 7299 7274)
4(3139 3162 7322 7299)
4(1241 1242 5402 5401)
4(1242 1222 5382 5402)
4(3211 3212 7372 7371)
4(3162 3183 7343 7322)
4(3183 3211 7371 7343)
4(1257 1258 5418 5417)
4(1248 1242 5402 5408)
4(1258 1248 5408 5418)
4(3069 3070 7230 7229)
4(3070 3019 7179 7230)
4(3018 3043 7203 7178)
4(3043 3069 7229 7203)
4(3116 3070 7230 7276)
4(3070 3071 7231 7230)
4(3407 3408 7568 7567)
4(3408 3359 7519 7568)
4(3379 3407 7567 7539)
4(3357 3379 7539 7517)
4(3358 3357 7517 7518)
4(3359 3358 7518 7519)
4(3456 3457 7617 7616)
4(3407 3435 7595 7567)
4(3435 3456 7616 7595)
4(3506 3507 7667 7666)
4(3456 3481 7641 7616)
4(3481 3506 7666 7641)
4(3551 3552 7712 7711)
4(3552 3506 7666 7712)
4(3529 3551 7711 7689)
4(3504 3529 7689 7664)
4(3505 3504 7664 7665)
4(3506 3505 7665 7666)
4(3605 3552 7712 7765)
4(3604 3605 7765 7764)
4(3551 3573 7733 7711)
4(3573 3604 7764 7733)
4(3552 3553 7713 7712)
4(3605 3606 7766 7765)
4(3259 3260 7420 7419)
4(3260 3211 7371 7420)
4(3210 3209 7369 7370)
4(3211 3210 7370 7371)
4(3235 3259 7419 7395)
4(3209 3235 7395 7369)
4(1284 1285 5445 5444)
4(1285 1257 5417 5445)
4(3307 3260 7420 7467)
4(3306 3307 7467 7466)
4(3259 3283 7443 7419)
4(3283 3306 7466 7443)
4(1311 1285 5445 5471)
4(3260 3261 7421 7420)
4(1285 1286 5446 5445)
4(1286 1287 5447 5446)
4(1282 1258 5418 5442)
4(1287 1282 5442 5447)
4(3307 3308 7468 7467)
4(1312 1286 5446 5472)
4(3359 3360 7520 7519)
4(3360 3307 7467 7520)
4(3306 3333 7493 7466)
4(3333 3359 7519 7493)
4(3409 3360 7520 7569)
4(3360 3361 7521 7520)
4(1312 1313 5473 5472)
4(1306 1287 5447 5466)
4(1313 1306 5466 5473)
4(1332 1333 5493 5492)
4(1333 1313 5473 5493)
4(1345 1346 5506 5505)
4(1338 1333 5493 5498)
4(1346 1338 5498 5506)
4(1370 1371 5531 5530)
4(1368 1346 5506 5528)
4(1371 1368 5528 5531)
4(1391 1392 5552 5551)
4(1392 1393 5553 5552)
4(1388 1371 5531 5548)
4(1393 1388 5548 5553)
4(1410 1411 5571 5570)
4(1411 1392 5552 5571)
4(1429 1411 5571 5589)
4(1428 1429 5589 5588)
4(1411 1412 5572 5571)
4(1412 1393 5553 5572)
4(1429 1430 5590 5589)
4(1418 1412 5572 5578)
4(1430 1418 5578 5590)
4(810 787 4947 4970)
4(787 808 4968 4947)
4(806 787 4947 4966)
4(808 806 4966 4968)
4(822 808 4968 4982)
4(811 822 4982 4971)
4(822 823 4983 4982)
4(823 811 4971 4983)
4(811 808 4968 4971)
4(804 788 4948 4964)
4(806 804 4964 4966)
4(768 769 4929 4928)
4(769 751 4911 4929)
4(768 780 4940 4928)
4(780 769 4929 4940)
4(782 780 4940 4942)
4(788 789 4949 4948)
4(789 782 4942 4949)
4(769 770 4930 4929)
4(770 752 4912 4930)
4(778 770 4930 4938)
4(780 778 4938 4940)
4(802 789 4949 4962)
4(804 802 4962 4964)
4(844 842 5002 5004)
4(842 823 4983 5002)
4(2326 2327 6487 6486)
4(2283 2282 6442 6443)
4(2284 2283 6443 6444)
4(2282 2307 6467 6442)
4(2307 2326 6486 6467)
4(2362 2363 6523 6522)
4(2326 2343 6503 6486)
4(2343 2362 6522 6503)
4(2446 2408 6568 6606)
4(2445 2446 6606 6605)
4(2407 2406 6566 6567)
4(2406 2423 6583 6566)
4(2423 2445 6605 6583)
4(2408 2407 6567 6568)
4(2408 2409 6569 6568)
4(2362 2385 6545 6522)
4(2385 2408 6568 6545)
4(2446 2447 6607 6606)
4(2197 2162 6322 6357)
4(2196 2197 6357 6356)
4(2177 2196 6356 6337)
4(2160 2177 6337 6320)
4(2161 2160 6320 6321)
4(2162 2161 6321 6322)
4(2162 2163 6323 6322)
4(2109 2139 6299 6269)
4(2139 2162 6322 6299)
4(2197 2198 6358 6357)
4(2241 2242 6402 6401)
4(2242 2197 6357 6402)
4(2196 2219 6379 6356)
4(2219 2241 6401 6379)
4(2285 2242 6402 6445)
4(2241 2261 6421 6401)
4(2261 2284 6444 6421)
4(2242 2243 6403 6402)
4(2631 2581 6741 6791)
4(2630 2631 6791 6790)
4(2601 2630 6790 6761)
4(2579 2601 6761 6739)
4(2580 2579 6739 6740)
4(2581 2580 6740 6741)
4(2495 2496 6656 6655)
4(2496 2446 6606 6656)
4(2445 2473 6633 6605)
4(2473 2495 6655 6633)
4(2534 2496 6656 6694)
4(2533 2534 6694 6693)
4(2495 2513 6673 6655)
4(2513 2533 6693 6673)
4(2496 2497 6657 6656)
4(2534 2535 6695 6694)
4(2581 2582 6742 6741)
4(2582 2534 6694 6742)
4(2533 2559 6719 6693)
4(2559 2581 6741 6719)
4(2632 2582 6742 6792)
4(2582 2583 6743 6742)
4(2725 2682 6842 6885)
4(2724 2725 6885 6884)
4(2681 2680 6840 6841)
4(2680 2703 6863 6840)
4(2703 2724 6884 6863)
4(2682 2681 6841 6842)
4(2682 2683 6843 6842)
4(2630 2657 6817 6790)
4(2657 2682 6842 6817)
4(2725 2726 6886 6885)
4(2771 2772 6932 6931)
4(2772 2725 6885 6932)
4(2724 2747 6907 6884)
4(2747 2771 6931 6907)
4(2825 2772 6932 6985)
4(2771 2793 6953 6931)
4(2793 2824 6984 6953)
4(2772 2773 6933 6932)
4(4004 3961 8121 8164)
4(3959 3975 8135 8119)
4(3975 4003 8163 8135)
4(3960 3959 8119 8120)
4(3961 3960 8120 8121)
4(4005 3963 8123 8165)
4(3962 3961 8121 8122)
4(3963 3962 8122 8123)
4(3963 3964 8124 8123)
4(3964 3906 8066 8124)
4(3904 3933 8093 8064)
4(3933 3963 8123 8093)
4(3905 3904 8064 8065)
4(3906 3905 8065 8066)
4(4006 3964 8124 8166)
4(3964 3965 8125 8124)
4(3908 3907 8067 8068)
4(3907 3906 8066 8067)
4(4106 4096 8256 8266)
4(4095 4094 8254 8255)
4(4096 4095 8255 8256)
4(4096 4097 8257 8256)
4(4079 4078 8238 8239)
4(4078 4077 8237 8238)
4(4077 4089 8249 8237)
4(4089 4096 8256 8249)
4(4080 4042 8202 8240)
4(4041 4040 8200 8201)
4(4059 4079 8239 8219)
4(4040 4059 8219 8200)
4(4042 4041 8201 8202)
4(4042 4043 8203 8202)
4(4002 4001 8161 8162)
4(4003 4002 8162 8163)
4(4001 4031 8191 8161)
4(4031 4042 8202 8191)
4(3708 3709 7869 7868)
4(3709 3659 7819 7869)
4(3681 3708 7868 7841)
4(3657 3681 7841 7817)
4(3658 3657 7817 7818)
4(3659 3658 7818 7819)
4(3756 3757 7917 7916)
4(3708 3735 7895 7868)
4(3735 3756 7916 7895)
4(3809 3810 7970 7969)
4(3756 3781 7941 7916)
4(3781 3809 7969 7941)
4(3659 3660 7820 7819)
4(3660 3605 7765 7820)
4(3604 3635 7795 7764)
4(3635 3659 7819 7795)
4(3710 3660 7820 7870)
4(3660 3661 7821 7820)
4(3849 3850 8010 8009)
4(3850 3809 7969 8010)
4(3837 3849 8009 7997)
4(3807 3837 7997 7967)
4(3808 3807 7967 7968)
4(3809 3808 7968 7969)
4(3909 3850 8010 8069)
4(3885 3908 8068 8045)
4(3849 3885 8045 8009)
4(3850 3851 8011 8010)
4(1458 1459 5619 5618)
4(1459 1429 5589 5619)
4(1482 1459 5619 5642)
4(1481 1482 5642 5641)
4(1459 1460 5620 5619)
4(1456 1430 5590 5616)
4(1460 1456 5616 5620)
4(1482 1483 5643 5642)
4(1478 1460 5620 5638)
4(1483 1478 5638 5643)
4(1500 1501 5661 5660)
4(1501 1482 5642 5661)
4(1515 1501 5661 5675)
4(1501 1502 5662 5661)
4(1502 1503 5663 5662)
4(1503 1483 5643 5663)
4(1516 1502 5662 5676)
4(1516 1517 5677 5676)
4(1510 1503 5663 5670)
4(1517 1510 5670 5677)
4(1540 1541 5701 5700)
4(1538 1517 5677 5698)
4(1541 1538 5698 5701)
4(1562 1563 5723 5722)
4(1558 1541 5701 5718)
4(1563 1558 5718 5723)
4(1580 1581 5741 5740)
4(1581 1563 5723 5741)
4(1592 1593 5753 5752)
4(1593 1594 5754 5753)
4(1586 1581 5741 5746)
4(1594 1586 5746 5754)
4(1618 1619 5779 5778)
4(1619 1593 5753 5779)
4(1643 1619 5779 5803)
4(1642 1643 5803 5802)
4(1619 1620 5780 5779)
4(1616 1594 5754 5776)
4(1620 1616 5776 5780)
4(1643 1644 5804 5803)
4(1638 1620 5780 5798)
4(1644 1638 5798 5804)
4(1660 1661 5821 5820)
4(1661 1643 5803 5821)
4(1676 1661 5821 5836)
4(1675 1676 5836 5835)
4(1661 1662 5822 5821)
4(1662 1644 5804 5822)
4(1677 1661 5821 5837)
4(1676 1677 5837 5836)
4(1670 1661 5821 5830)
4(1677 1670 5830 5837)
4(1670 1662 5822 5830)
4(1700 1701 5861 5860)
4(1701 1676 5836 5861)
4(1725 1701 5861 5885)
4(1701 1702 5862 5861)
4(1702 1703 5863 5862)
4(1698 1677 5837 5858)
4(1703 1698 5858 5863)
4(1726 1702 5862 5886)
4(1726 1727 5887 5886)
4(1727 1703 5863 5887)
4(1744 1745 5905 5904)
4(1734 1727 5887 5894)
4(1745 1734 5894 5905)
4(1763 1764 5924 5923)
4(1764 1765 5925 5924)
4(1754 1745 5905 5914)
4(1765 1754 5914 5925)
4(1792 1793 5953 5952)
4(1793 1764 5924 5953)
4(1814 1793 5953 5974)
4(1813 1814 5974 5973)
4(1793 1794 5954 5953)
4(1790 1765 5925 5950)
4(1794 1790 5950 5954)
4(1814 1815 5975 5974)
4(1815 1794 5954 5975)
4(1830 1831 5991 5990)
4(1831 1814 5974 5991)
4(1850 1831 5991 6010)
4(1831 1832 5992 5991)
4(1832 1833 5993 5992)
4(1820 1815 5975 5980)
4(1833 1820 5980 5993)
4(1851 1832 5992 6011)
4(1851 1852 6012 6011)
4(1844 1833 5993 6004)
4(1852 1844 6004 6012)
4(1876 1877 6037 6036)
4(1874 1852 6012 6034)
4(1877 1874 6034 6037)
4(1896 1897 6057 6056)
4(1897 1877 6037 6057)
4(1912 1913 6073 6072)
4(1913 1914 6074 6073)
4(1902 1897 6057 6062)
4(1914 1902 6062 6074)
4(1932 1913 6073 6092)
4(1931 1932 6092 6091)
4(1932 1933 6093 6092)
4(1924 1914 6074 6084)
4(1933 1924 6084 6093)
4(1958 1959 6119 6118)
4(1959 1932 6092 6119)
4(1981 1959 6119 6141)
4(1959 1960 6120 6119)
4(1956 1933 6093 6116)
4(1960 1956 6116 6120)
4(1982 1983 6143 6142)
4(1983 1960 6120 6143)
4(2000 2001 6161 6160)
4(1990 1983 6143 6150)
4(2001 1990 6150 6161)
4(2017 2018 6178 6177)
4(2010 2001 6161 6170)
4(2018 2010 6170 6178)
4(2042 2043 6203 6202)
4(2043 2044 6204 6203)
4(2040 2018 6178 6200)
4(2044 2040 6200 6204)
4(2064 2043 6203 6224)
4(2063 2064 6224 6223)
4(2064 2065 6225 6224)
4(2065 2044 6204 6225)
4(2080 2081 6241 6240)
4(2081 2064 6224 6241)
4(2103 2081 6241 6263)
4(2102 2103 6263 6262)
4(2081 2082 6242 6241)
4(2070 2065 6225 6230)
4(2082 2070 6230 6242)
4(2103 2104 6264 6263)
4(2092 2082 6242 6252)
4(2104 2092 6252 6264)
4(2132 2133 6293 6292)
4(2133 2103 6263 6293)
4(2156 2133 6293 6316)
4(2133 2134 6294 6293)
4(2134 2135 6295 6294)
4(2130 2104 6264 6290)
4(2135 2130 6290 6295)
4(2157 2134 6294 6317)
4(2157 2158 6318 6317)
4(2158 2135 6295 6318)
4(2174 2175 6335 6334)
4(2164 2158 6318 6324)
4(2175 2164 6324 6335)
4(2189 2190 6350 6349)
4(2190 2191 6351 6350)
4(2184 2175 6335 6344)
4(2191 2184 6344 6351)
4(2214 2215 6375 6374)
4(2215 2190 6350 6375)
4(2237 2215 6375 6397)
4(2236 2237 6397 6396)
4(2215 2216 6376 6375)
4(2212 2191 6351 6372)
4(2216 2212 6372 6376)
4(2237 2238 6398 6397)
4(2238 2216 6376 6398)
4(2254 2255 6415 6414)
4(2255 2237 6397 6415)
4(2276 2255 6415 6436)
4(2255 2256 6416 6415)
4(2256 2257 6417 6416)
4(2244 2238 6398 6404)
4(2257 2244 6404 6417)
4(2277 2256 6416 6437)
4(2277 2278 6438 6437)
4(2268 2257 6417 6428)
4(2278 2268 6428 6438)
4(2304 2305 6465 6464)
4(2302 2278 6438 6462)
4(2305 2302 6462 6465)
4(2323 2324 6484 6483)
4(2324 2305 6465 6484)
4(2338 2339 6499 6498)
4(2339 2340 6500 6499)
4(2328 2324 6484 6488)
4(2340 2328 6488 6500)
4(2356 2339 6499 6516)
4(2355 2356 6516 6515)
4(2356 2357 6517 6516)
4(2350 2340 6500 6510)
4(2357 2350 6510 6517)
4(2380 2381 6541 6540)
4(2381 2356 6516 6541)
4(2402 2381 6541 6562)
4(2381 2382 6542 6541)
4(2378 2357 6517 6538)
4(2382 2378 6538 6542)
4(2403 2404 6564 6563)
4(2404 2382 6542 6564)
4(2420 2421 6581 6580)
4(2410 2404 6564 6570)
4(2421 2410 6570 6581)
4(2440 2441 6601 6600)
4(2430 2421 6581 6590)
4(2441 2430 6590 6601)
4(2468 2469 6629 6628)
4(2469 2470 6630 6629)
4(2466 2441 6601 6626)
4(2470 2466 6626 6630)
4(2491 2469 6629 6651)
4(2490 2491 6651 6650)
4(2491 2492 6652 6651)
4(2492 2470 6630 6652)
4(2508 2509 6669 6668)
4(2509 2491 6651 6669)
4(2527 2509 6669 6687)
4(2526 2527 6687 6686)
4(2509 2510 6670 6669)
4(2498 2492 6652 6658)
4(2510 2498 6658 6670)
4(2527 2528 6688 6687)
4(2520 2510 6670 6680)
4(2528 2520 6680 6688)
4(2552 2553 6713 6712)
4(2553 2527 6687 6713)
4(2575 2553 6713 6735)
4(2553 2554 6714 6713)
4(2554 2555 6715 6714)
4(2550 2528 6688 6710)
4(2555 2550 6710 6715)
4(2576 2554 6714 6736)
4(2576 2577 6737 6736)
4(2577 2555 6715 6737)
4(2599 2576 6736 6759)
4(2598 2599 6759 6758)
4(2586 2576 6736 6746)
4(2599 2586 6746 6759)
4(2586 2577 6737 6746)
4(2625 2626 6786 6785)
4(2626 2627 6787 6786)
4(2608 2599 6759 6768)
4(2627 2608 6768 6787)
4(2652 2653 6813 6812)
4(2653 2626 6786 6813)
4(2676 2653 6813 6836)
4(2653 2654 6814 6813)
4(2644 2627 6787 6804)
4(2654 2644 6804 6814)
4(2677 2678 6838 6837)
4(2666 2654 6814 6826)
4(2678 2666 6826 6838)
4(2700 2701 6861 6860)
4(2692 2678 6838 6852)
4(2701 2692 6852 6861)
4(2721 2722 6882 6881)
4(2712 2701 6861 6872)
4(2722 2712 6872 6882)
4(2742 2743 6903 6902)
4(2743 2744 6904 6903)
4(2738 2722 6882 6898)
4(2744 2738 6898 6904)
4(2767 2743 6903 6927)
4(2766 2767 6927 6926)
4(2767 2768 6928 6927)
4(2760 2744 6904 6920)
4(2768 2760 6920 6928)
4(2788 2789 6949 6948)
4(2789 2767 6927 6949)
4(2816 2789 6949 6976)
4(2789 2790 6950 6949)
4(2786 2768 6928 6946)
4(2790 2786 6946 6950)
4(2817 2818 6978 6977)
4(2818 2790 6950 6978)
4(2848 2849 7009 7008)
4(2834 2818 6978 6994)
4(2849 2834 6994 7009)
4(2869 2870 7030 7029)
4(2870 2871 7031 7030)
4(2854 2849 7009 7014)
4(2871 2854 7014 7031)
4(2892 2893 7053 7052)
4(2893 2870 7030 7053)
4(2916 2893 7053 7076)
4(2915 2916 7076 7075)
4(2893 2894 7054 7053)
4(2878 2871 7031 7038)
4(2894 2878 7038 7054)
4(2916 2917 7077 7076)
4(2900 2894 7054 7060)
4(2917 2900 7060 7077)
4(2940 2941 7101 7100)
4(2941 2916 7076 7101)
4(2966 2941 7101 7126)
4(2941 2942 7102 7101)
4(2942 2943 7103 7102)
4(2928 2917 7077 7088)
4(2943 2928 7088 7103)
4(2967 2942 7102 7127)
4(2967 2968 7128 7127)
4(2952 2943 7103 7112)
4(2968 2952 7112 7128)
4(2988 2989 7149 7148)
4(2978 2968 7128 7138)
4(2989 2978 7138 7149)
4(3013 3014 7174 7173)
4(3014 3015 7175 7174)
4(2998 2989 7149 7158)
4(3015 2998 7158 7175)
4(3038 3039 7199 7198)
4(3039 3014 7174 7199)
4(3063 3039 7199 7223)
4(3039 3040 7200 7199)
4(3030 3015 7175 7190)
4(3040 3030 7190 7200)
4(3064 3065 7225 7224)
4(3052 3040 7200 7212)
4(3065 3052 7212 7225)
4(3088 3089 7249 7248)
4(3080 3065 7225 7240)
4(3089 3080 7240 7249)
4(3111 3112 7272 7271)
4(3100 3089 7249 7260)
4(3112 3100 7260 7272)
4(3134 3135 7295 7294)
4(3135 3136 7296 7295)
4(3130 3112 7272 7290)
4(3136 3130 7290 7296)
4(3158 3135 7295 7318)
4(3157 3158 7318 7317)
4(3158 3159 7319 7318)
4(3152 3136 7296 7312)
4(3159 3152 7312 7319)
4(3178 3179 7339 7338)
4(3179 3158 7318 7339)
4(3203 3179 7339 7363)
4(3179 3180 7340 7339)
4(3176 3159 7319 7336)
4(3180 3176 7336 7340)
4(3204 3205 7365 7364)
4(3205 3180 7340 7365)
4(3232 3233 7393 7392)
4(3218 3205 7365 7378)
4(3233 3218 7378 7393)
4(3254 3255 7415 7414)
4(3255 3256 7416 7415)
4(3238 3233 7393 7398)
4(3256 3238 7398 7416)
4(3278 3279 7439 7438)
4(3279 3255 7415 7439)
4(3302 3279 7439 7462)
4(3301 3302 7462 7461)
4(3279 3280 7440 7439)
4(3264 3256 7416 7424)
4(3280 3264 7424 7440)
4(3302 3303 7463 7462)
4(3286 3280 7440 7446)
4(3303 3286 7446 7463)
4(3326 3327 7487 7486)
4(3327 3302 7462 7487)
4(3353 3327 7487 7513)
4(3327 3328 7488 7487)
4(3328 3329 7489 7488)
4(3314 3303 7463 7474)
4(3329 3314 7474 7489)
4(3354 3328 7488 7514)
4(3354 3355 7515 7514)
4(3338 3329 7489 7498)
4(3355 3338 7498 7515)
4(3376 3377 7537 7536)
4(3366 3355 7515 7526)
4(3377 3366 7526 7537)
4(3402 3403 7563 7562)
4(3403 3404 7564 7563)
4(3386 3377 7537 7546)
4(3404 3386 7546 7564)
4(3430 3431 7591 7590)
4(3431 3403 7563 7591)
4(3452 3431 7591 7612)
4(3451 3452 7612 7611)
4(3431 3432 7592 7591)
4(3418 3404 7564 7578)
4(3432 3418 7578 7592)
4(3452 3453 7613 7612)
4(3440 3432 7592 7600)
4(3453 3440 7600 7613)
4(3474 3475 7635 7634)
4(3475 3452 7612 7635)
4(3500 3475 7635 7660)
4(3475 3476 7636 7635)
4(3476 3477 7637 7636)
4(3464 3453 7613 7624)
4(3477 3464 7624 7637)
4(3501 3476 7636 7661)
4(3501 3502 7662 7661)
4(3488 3477 7637 7648)
4(3502 3488 7648 7662)
4(3526 3527 7687 7686)
4(3518 3502 7662 7678)
4(3527 3518 7678 7687)
4(3546 3547 7707 7706)
4(3547 3548 7708 7707)
4(3538 3527 7687 7698)
4(3548 3538 7698 7708)
4(3568 3569 7729 7728)
4(3569 3547 7707 7729)
4(3598 3569 7729 7758)
4(3597 3598 7758 7757)
4(3569 3570 7730 7729)
4(3564 3548 7708 7724)
4(3570 3564 7724 7730)
4(3598 3599 7759 7758)
4(3586 3570 7730 7746)
4(3599 3586 7746 7759)
4(3628 3629 7789 7788)
4(3629 3598 7758 7789)
4(3653 3629 7789 7813)
4(3629 3630 7790 7789)
4(3630 3631 7791 7790)
4(3626 3599 7759 7786)
4(3631 3626 7786 7791)
4(3654 3630 7790 7814)
4(3654 3655 7815 7814)
4(3655 3631 7791 7815)
4(3678 3679 7839 7838)
4(3662 3655 7815 7822)
4(3679 3662 7822 7839)
4(3703 3704 7864 7863)
4(3704 3705 7865 7864)
4(3682 3679 7839 7842)
4(3705 3682 7842 7865)
4(3730 3731 7891 7890)
4(3731 3704 7864 7891)
4(3752 3731 7891 7912)
4(3751 3752 7912 7911)
4(3731 3732 7892 7891)
4(3714 3705 7865 7874)
4(3732 3714 7874 7892)
4(3752 3753 7913 7912)
4(3736 3732 7892 7896)
4(3753 3736 7896 7913)
4(3774 3775 7935 7934)
4(3775 3752 7912 7935)
4(3803 3775 7935 7963)
4(3775 3776 7936 7935)
4(3776 3777 7937 7936)
4(3760 3753 7913 7920)
4(3777 3760 7920 7937)
4(3804 3776 7936 7964)
4(3804 3805 7965 7964)
4(3784 3777 7937 7944)
4(3805 3784 7944 7965)
4(3834 3835 7995 7994)
4(3820 3805 7965 7980)
4(3835 3820 7980 7995)
4(3845 3846 8006 8005)
4(3844 3845 8005 8004)
4(3840 3835 7995 8000)
4(3846 3840 8000 8006)
4(3845 3875 8035 8005)
4(3875 3872 8032 8035)
4(3872 3846 8006 8032)
4(3874 3875 8035 8034)
4(3898 3875 8035 8058)
4(3875 3870 8030 8035)
4(3870 3872 8032 8030)
4(3875 3876 8036 8035)
4(3876 3870 8030 8036)
4(3899 3876 8036 8059)
4(3876 3877 8037 8036)
4(3877 3868 8028 8037)
4(3868 3870 8030 8028)
4(3900 3877 8037 8060)
4(3877 3878 8038 8037)
4(3878 3866 8026 8038)
4(3866 3868 8028 8026)
4(3901 3878 8038 8061)
4(3878 3879 8039 8038)
4(3879 3864 8024 8039)
4(3864 3866 8026 8024)
4(3901 3902 8062 8061)
4(3902 3879 8039 8062)
4(3925 3922 8082 8085)
4(3924 3925 8085 8084)
4(3922 3902 8062 8082)
4(3925 3920 8080 8085)
4(3920 3922 8082 8080)
4(3951 3925 8085 8111)
4(3925 3926 8086 8085)
4(3926 3918 8078 8086)
4(3918 3920 8080 8078)
4(3952 3926 8086 8112)
4(3926 3927 8087 8086)
4(3927 3916 8076 8087)
4(3916 3918 8078 8076)
4(3953 3927 8087 8113)
4(3927 3928 8088 8087)
4(3928 3914 8074 8088)
4(3914 3916 8076 8074)
4(3953 3928 8088 8113)
4(3953 3946 8106 8113)
4(3946 3928 8088 8106)
4(3944 3953 8113 8104)
4(3954 3944 8104 8114)
4(3944 3946 8106 8104)
4(3954 3955 8115 8114)
4(3955 3956 8116 8115)
4(3942 3944 8104 8102)
4(3956 3942 8102 8116)
4(3970 3971 8131 8130)
4(3971 3955 8115 8131)
4(3995 3971 8131 8155)
4(3971 3972 8132 8131)
4(3972 3956 8116 8132)
4(3996 3971 8131 8156)
4(3982 3996 8156 8142)
4(3996 3980 8140 8156)
4(3980 3982 8142 8140)
4(3982 3971 8131 8142)
4(3982 3972 8132 8142)
4(3996 3997 8157 8156)
4(3997 3998 8158 8157)
4(3998 3978 8138 8158)
4(3978 3980 8140 8138)
4(4024 4025 8185 8184)
4(4025 3997 8157 8185)
4(4034 4025 8185 8194)
4(4020 4025 8185 8180)
4(4025 4026 8186 8185)
4(4026 4020 8180 8186)
4(4025 4022 8182 8185)
4(4022 3998 8158 8182)
4(4020 4022 8182 8180)
4(4026 4035 8195 8186)
4(4027 4026 8186 8187)
4(4036 4037 8197 8196)
4(4035 4036 8196 8195)
4(4037 4027 8187 8197)
4(4027 4018 8178 8187)
4(4018 4020 8180 8178)
4(4053 4052 8212 8213)
4(4071 4053 8213 8231)
4(4036 4052 8212 8196)
4(4053 4050 8210 8213)
4(4050 4037 8197 8210)
4(4048 4053 8213 8208)
4(4053 4054 8214 8213)
4(4054 4048 8208 8214)
4(4048 4050 8210 8208)
4(4072 4054 8214 8232)
4(4054 4055 8215 8214)
4(4055 4046 8206 8215)
4(4046 4048 8208 8206)
4(4072 4055 8215 8232)
4(4072 4064 8224 8232)
4(4064 4055 8215 8224)
4(4062 4072 8232 8222)
4(4073 4062 8222 8233)
4(4072 4073 8233 8232)
4(4062 4064 8224 8222)
4(4073 4074 8234 8233)
4(4060 4062 8222 8220)
4(4084 4085 8245 8244)
4(4085 4073 8233 8245)
4(4093 4085 8245 8253)
4(4085 4086 8246 8245)
4(4094 4090 8250 8254)
4(119 120 4280 4279)
4(120 100 4260 4280)
4(138 120 4280 4298)
4(137 138 4298 4297)
4(122 137 4297 4282)
4(120 121 4281 4280)
4(138 139 4299 4298)
4(152 138 4298 4312)
4(137 152 4312 4297)
4(155 139 4299 4315)
4(152 155 4315 4312)
4(161 162 4322 4321)
4(162 140 4300 4322)
4(155 161 4321 4315)
4(171 162 4322 4331)
4(161 171 4331 4321)
4(162 163 4323 4322)
4(163 141 4301 4323)
4(169 163 4323 4329)
4(171 175 4335 4331)
4(175 169 4329 4335)
4(163 164 4324 4323)
4(164 142 4302 4324)
4(163 173 4333 4323)
4(173 164 4324 4333)
4(163 167 4327 4323)
4(167 173 4333 4327)
4(169 167 4327 4329)
4(164 165 4325 4324)
4(225 200 4360 4385)
4(173 225 4385 4333)
4(229 201 4361 4389)
4(225 231 4391 4385)
4(231 229 4389 4391)
4(229 223 4383 4389)
4(203 227 4387 4363)
4(233 203 4363 4393)
4(227 233 4393 4387)
4(223 227 4387 4383)
4(247 204 4364 4407)
4(259 247 4407 4419)
4(233 259 4419 4393)
4(247 248 4408 4407)
4(248 205 4365 4408)
4(261 248 4408 4421)
4(259 265 4425 4419)
4(265 261 4421 4425)
4(261 206 4366 4421)
4(235 206 4366 4395)
4(261 235 4395 4421)
4(249 206 4366 4409)
4(257 249 4409 4417)
4(235 257 4417 4395)
4(249 250 4410 4409)
4(250 207 4367 4410)
4(267 250 4410 4427)
4(257 267 4427 4417)
4(250 251 4411 4410)
4(251 208 4368 4411)
4(307 251 4411 4467)
4(267 307 4467 4427)
4(251 252 4412 4411)
4(252 209 4369 4412)
4(271 252 4412 4431)
4(311 271 4431 4471)
4(307 311 4471 4467)
4(252 253 4413 4412)
4(253 210 4370 4413)
4(252 275 4435 4412)
4(275 253 4413 4435)
4(269 252 4412 4429)
4(271 269 4429 4431)
4(269 275 4435 4429)
4(253 254 4414 4413)
4(254 211 4371 4414)
4(292 254 4414 4452)
4(291 292 4452 4451)
4(275 291 4451 4435)
4(254 255 4415 4414)
4(292 293 4453 4452)
4(319 292 4452 4479)
4(291 319 4479 4451)
4(333 293 4453 4493)
4(319 333 4493 4479)
4(321 294 4454 4481)
4(333 335 4495 4493)
4(335 321 4481 4495)
4(309 294 4454 4469)
4(321 309 4469 4481)
4(309 295 4455 4469)
4(317 295 4455 4477)
4(309 317 4477 4469)
4(331 296 4456 4491)
4(317 331 4491 4477)
4(342 343 4503 4502)
4(343 297 4457 4503)
4(331 342 4502 4491)
4(355 343 4503 4515)
4(342 355 4515 4502)
4(343 344 4504 4503)
4(344 298 4458 4504)
4(351 344 4504 4511)
4(355 357 4517 4515)
4(357 351 4511 4517)
4(327 299 4459 4487)
4(351 327 4487 4511)
4(315 300 4460 4475)
4(327 315 4475 4487)
4(323 300 4460 4483)
4(315 323 4483 4475)
4(345 301 4461 4505)
4(349 345 4505 4509)
4(323 349 4509 4483)
4(345 346 4506 4505)
4(346 302 4462 4506)
4(361 346 4506 4521)
4(349 361 4521 4509)
4(346 347 4507 4506)
4(399 383 4543 4559)
4(365 399 4559 4525)
4(361 365 4525 4521)
4(405 384 4544 4565)
4(399 405 4565 4559)
4(417 385 4545 4577)
4(423 417 4577 4583)
4(421 423 4583 4581)
4(405 421 4581 4565)
4(417 418 4578 4577)
4(418 386 4546 4578)
4(429 418 4578 4589)
4(423 429 4589 4583)
4(418 419 4579 4578)
4(449 441 4601 4609)
4(429 449 4609 4589)
4(459 442 4602 4619)
4(457 459 4619 4617)
4(449 457 4617 4609)
4(469 443 4603 4629)
4(473 469 4629 4633)
4(459 473 4633 4619)
4(469 470 4630 4629)
4(470 444 4604 4630)
4(481 470 4630 4641)
4(473 481 4641 4633)
4(470 471 4631 4630)
4(503 495 4655 4663)
4(485 503 4663 4645)
4(481 485 4645 4641)
4(542 541 4701 4702)
4(559 542 4702 4719)
4(549 559 4719 4709)
4(541 549 4709 4701)
4(509 496 4656 4669)
4(503 509 4669 4663)
4(542 529 4689 4702)
4(529 541 4701 4689)
4(520 496 4656 4680)
4(509 520 4680 4669)
4(523 521 4681 4683)
4(520 523 4683 4680)
4(542 523 4683 4702)
4(523 529 4689 4683)
4(542 543 4703 4702)
4(566 567 4727 4726)
4(567 543 4703 4727)
4(559 566 4726 4719)
4(595 581 4741 4755)
4(594 595 4755 4754)
4(581 594 4754 4741)
4(573 567 4727 4733)
4(566 573 4733 4726)
4(567 568 4728 4727)
4(568 544 4704 4728)
4(568 575 4735 4728)
4(575 595 4755 4735)
4(596 568 4728 4756)
4(595 596 4756 4755)
4(573 568 4728 4733)
4(573 575 4735 4733)
4(575 581 4741 4735)
4(568 569 4729 4728)
4(596 597 4757 4756)
4(613 595 4755 4773)
4(607 613 4773 4767)
4(594 607 4767 4754)
4(619 620 4780 4779)
4(620 596 4756 4780)
4(613 619 4779 4773)
4(620 640 4800 4780)
4(621 620 4780 4781)
4(640 629 4789 4800)
4(638 639 4799 4798)
4(639 640 4800 4799)
4(629 638 4798 4789)
4(620 629 4789 4780)
4(620 627 4787 4780)
4(627 629 4789 4787)
4(619 627 4787 4779)
4(649 639 4799 4809)
4(638 645 4805 4798)
4(645 649 4809 4805)
4(657 640 4800 4817)
4(661 657 4817 4821)
4(649 661 4821 4809)
4(680 679 4839 4840)
4(693 680 4840 4853)
4(689 693 4853 4849)
4(679 689 4849 4839)
4(657 658 4818 4817)
4(658 641 4801 4818)
4(680 665 4825 4840)
4(665 679 4839 4825)
4(658 665 4825 4818)
4(659 658 4818 4819)
4(680 681 4841 4840)
4(661 665 4825 4821)
4(703 699 4859 4863)
4(699 681 4841 4859)
4(693 703 4863 4853)
4(716 707 4867 4876)
4(709 716 4876 4869)
4(707 709 4869 4867)
4(717 707 4867 4877)
4(716 717 4877 4876)
4(700 707 4867 4860)
4(717 700 4860 4877)
4(699 707 4867 4859)
4(700 699 4859 4860)
4(703 707 4867 4863)
4(725 717 4877 4885)
4(716 725 4885 4876)
4(700 682 4842 4860)
4(700 701 4861 4860)
4(717 718 4878 4877)
4(731 718 4878 4891)
4(735 731 4891 4895)
4(725 735 4895 4885)
4(731 732 4892 4891)
4(732 719 4879 4892)
4(735 732 4892 4895)
4(737 732 4892 4897)
4(735 737 4897 4895)
4(756 737 4897 4916)
4(755 756 4916 4915)
4(737 755 4915 4897)
4(733 732 4892 4893)
4(756 757 4917 4916)
4(771 772 4932 4931)
4(772 756 4916 4932)
4(755 771 4931 4915)
4(781 772 4932 4941)
4(771 779 4939 4931)
4(779 781 4941 4939)
4(772 773 4933 4932)
4(781 773 4933 4941)
4(781 783 4943 4941)
4(790 791 4951 4950)
4(783 790 4950 4943)
4(805 791 4951 4965)
4(790 803 4963 4950)
4(803 805 4965 4963)
4(807 792 4952 4967)
4(805 807 4967 4965)
4(792 813 4973 4952)
4(809 792 4952 4969)
4(807 809 4969 4967)
4(809 827 4987 4969)
4(827 812 4972 4987)
4(826 827 4987 4986)
4(812 826 4986 4972)
4(809 812 4972 4969)
4(845 827 4987 5005)
4(843 845 5005 5003)
4(826 843 5003 4986)
4(828 853 5013 4988)
4(853 854 5014 5013)
4(854 828 4988 5014)
4(845 828 4988 5005)
4(828 847 5007 4988)
4(847 853 5013 5007)
4(845 847 5007 5005)
4(871 854 5014 5031)
4(853 869 5029 5013)
4(869 871 5031 5029)
4(854 855 5015 5014)
4(855 829 4989 5015)
4(873 855 5015 5033)
4(871 873 5033 5031)
4(855 856 5016 5015)
4(856 830 4990 5016)
4(855 883 5043 5015)
4(883 856 5016 5043)
4(875 855 5015 5035)
4(873 875 5035 5033)
4(875 883 5043 5035)
4(882 883 5043 5042)
4(875 882 5042 5035)
4(856 857 5017 5016)
4(883 884 5044 5043)
4(905 906 5066 5065)
4(906 883 5043 5066)
4(882 905 5065 5042)
4(913 906 5066 5073)
4(905 911 5071 5065)
4(911 913 5073 5071)
4(906 907 5067 5066)
4(907 884 5044 5067)
4(915 907 5067 5075)
4(913 915 5075 5073)
4(907 908 5068 5067)
4(908 885 5045 5068)
4(917 908 5068 5077)
4(915 917 5077 5075)
4(908 909 5069 5068)
4(909 929 5089 5069)
4(929 930 5090 5089)
4(909 919 5079 5069)
4(919 929 5089 5079)
4(908 919 5079 5068)
4(917 919 5079 5077)
4(1074 1075 5235 5234)
4(1055 1054 5214 5215)
4(1075 1076 5236 5235)
4(1076 1055 5215 5236)
4(1054 1074 5234 5214)
4(1095 1075 5235 5255)
4(1094 1095 5255 5254)
4(1081 1094 5254 5241)
4(1074 1081 5241 5234)
4(953 952 5112 5113)
4(974 975 5135 5134)
4(975 976 5136 5135)
4(969 974 5134 5129)
4(952 969 5129 5112)
4(949 952 5112 5109)
4(929 949 5109 5089)
4(993 994 5154 5153)
4(994 975 5135 5154)
4(974 993 5153 5134)
4(1009 994 5154 5169)
4(1008 1009 5169 5168)
4(999 1008 5168 5159)
4(993 999 5159 5153)
4(994 995 5155 5154)
4(1009 1010 5170 5169)
4(1031 1032 5192 5191)
4(1032 1009 5169 5192)
4(1027 1031 5191 5187)
4(1008 1027 5187 5168)
4(1055 1032 5192 5215)
4(1049 1054 5214 5209)
4(1031 1049 5209 5191)
4(1032 1033 5193 5192)
4(1055 1056 5216 5215)
4(1096 1076 5236 5256)
4(1076 1077 5237 5236)
4(1120 1121 5281 5280)
4(1117 1120 5280 5277)
4(1094 1117 5277 5254)
4(1142 1143 5303 5302)
4(1137 1142 5302 5297)
4(1120 1137 5297 5280)
4(1161 1160 5320 5321)
4(1175 1176 5336 5335)
4(1176 1177 5337 5336)
4(1165 1175 5335 5325)
4(1160 1165 5325 5320)
4(1142 1160 5320 5302)
4(1199 1200 5360 5359)
4(1200 1176 5336 5360)
4(1195 1199 5359 5355)
4(1175 1195 5355 5335)
4(1224 1200 5360 5384)
4(1223 1224 5384 5383)
4(1217 1223 5383 5377)
4(1199 1217 5377 5359)
4(1200 1201 5361 5360)
4(1224 1225 5385 5384)
4(1243 1244 5404 5403)
4(1244 1224 5384 5404)
4(1223 1243 5403 5383)
4(1262 1244 5404 5422)
4(1261 1262 5422 5421)
4(1249 1261 5421 5409)
4(1243 1249 5409 5403)
4(1244 1245 5405 5404)
4(1262 1263 5423 5422)
4(1288 1289 5449 5448)
4(1289 1290 5450 5449)
4(1290 1262 5422 5450)
4(1283 1288 5448 5443)
4(1261 1283 5443 5421)
4(1314 1315 5475 5474)
4(1315 1289 5449 5475)
4(1307 1314 5474 5467)
4(1288 1307 5467 5448)
4(1334 1335 5495 5494)
4(1314 1334 5494 5474)
4(1349 1350 5510 5509)
4(1339 1349 5509 5499)
4(1334 1339 5499 5494)
4(1316 1290 5450 5476)
4(1290 1291 5451 5450)
4(1373 1372 5532 5533)
4(1394 1395 5555 5554)
4(1395 1396 5556 5555)
4(1389 1394 5554 5549)
4(1372 1389 5549 5532)
4(1369 1372 5532 5529)
4(1349 1369 5529 5509)
4(1413 1414 5574 5573)
4(1414 1395 5555 5574)
4(1394 1413 5573 5554)
4(1434 1414 5574 5594)
4(1433 1434 5594 5593)
4(1419 1433 5593 5579)
4(1413 1419 5579 5573)
4(1414 1415 5575 5574)
4(1434 1435 5595 5594)
4(1504 1505 5665 5664)
4(1485 1484 5644 5645)
4(1505 1506 5666 5665)
4(1506 1485 5645 5666)
4(1484 1504 5664 5644)
4(1520 1521 5681 5680)
4(1521 1505 5665 5681)
4(1511 1520 5680 5671)
4(1504 1511 5671 5664)
4(1542 1543 5703 5702)
4(1539 1542 5702 5699)
4(1520 1539 5699 5680)
4(1564 1565 5725 5724)
4(1559 1564 5724 5719)
4(1542 1559 5719 5702)
4(1583 1582 5742 5743)
4(1597 1598 5758 5757)
4(1598 1599 5759 5758)
4(1587 1597 5757 5747)
4(1582 1587 5747 5742)
4(1564 1582 5742 5724)
4(1621 1622 5782 5781)
4(1622 1598 5758 5782)
4(1617 1621 5781 5777)
4(1597 1617 5777 5757)
4(1646 1622 5782 5806)
4(1645 1646 5806 5805)
4(1639 1645 5805 5799)
4(1621 1639 5799 5781)
4(1622 1623 5783 5782)
4(1646 1647 5807 5806)
4(1663 1664 5824 5823)
4(1664 1646 5806 5824)
4(1645 1663 5823 5805)
4(1664 1680 5840 5824)
4(1681 1664 5824 5841)
4(1680 1681 5841 5840)
4(1664 1671 5831 5824)
4(1671 1680 5840 5831)
4(1663 1671 5831 5823)
4(1664 1665 5825 5824)
4(1681 1682 5842 5841)
4(1704 1705 5865 5864)
4(1705 1706 5866 5865)
4(1706 1681 5841 5866)
4(1699 1704 5864 5859)
4(1680 1699 5859 5840)
4(1728 1729 5889 5888)
4(1729 1705 5865 5889)
4(1704 1728 5888 5864)
4(1747 1746 5906 5907)
4(1768 1769 5929 5928)
4(1769 1770 5930 5929)
4(1755 1768 5928 5915)
4(1746 1755 5915 5906)
4(1735 1746 5906 5895)
4(1728 1735 5895 5888)
4(1730 1706 5866 5890)
4(1706 1707 5867 5866)
4(1834 1835 5995 5994)
4(1817 1816 5976 5977)
4(1835 1836 5996 5995)
4(1836 1817 5977 5996)
4(1821 1834 5994 5981)
4(1816 1821 5981 5976)
4(1855 1856 6016 6015)
4(1856 1835 5995 6016)
4(1845 1855 6015 6005)
4(1834 1845 6005 5994)
4(1878 1879 6039 6038)
4(1875 1878 6038 6035)
4(1855 1875 6035 6015)
4(1898 1899 6059 6058)
4(1878 1898 6058 6038)
4(1915 1916 6076 6075)
4(1916 1917 6077 6076)
4(1903 1915 6075 6063)
4(1898 1903 6063 6058)
4(1937 1916 6076 6097)
4(1936 1937 6097 6096)
4(1925 1936 6096 6085)
4(1915 1925 6085 6075)
4(1937 1938 6098 6097)
4(1795 1796 5956 5955)
4(1796 1769 5929 5956)
4(1791 1795 5955 5951)
4(1768 1791 5951 5928)
4(1817 1796 5956 5977)
4(1795 1816 5976 5955)
4(1796 1797 5957 5956)
4(1817 1818 5978 5977)
4(1857 1836 5996 6017)
4(1836 1837 5997 5996)
4(1984 1985 6145 6144)
4(1962 1961 6121 6122)
4(1986 1962 6122 6146)
4(1961 1984 6144 6121)
4(2002 2003 6163 6162)
4(1991 2002 6162 6151)
4(1984 1991 6151 6144)
4(2021 2022 6182 6181)
4(2011 2021 6181 6171)
4(2002 2011 6171 6162)
4(1962 1937 6097 6122)
4(1957 1961 6121 6117)
4(1936 1957 6117 6096)
4(1962 1963 6123 6122)
4(2045 2046 6206 6205)
4(2046 2047 6207 6206)
4(2041 2045 6205 6201)
4(2021 2041 6201 6181)
4(2067 2046 6206 6227)
4(2066 2067 6227 6226)
4(2045 2066 6226 6205)
4(2067 2068 6228 6227)
4(2083 2084 6244 6243)
4(2084 2067 6227 6244)
4(2071 2083 6243 6231)
4(2066 2071 6231 6226)
4(2108 2084 6244 6268)
4(2107 2108 6268 6267)
4(2093 2107 6267 6253)
4(2083 2093 6253 6243)
4(2084 2085 6245 6244)
4(2108 2109 6269 6268)
4(1461 1462 5622 5621)
4(1462 1434 5594 5622)
4(1457 1461 5621 5617)
4(1433 1457 5617 5593)
4(1485 1462 5622 5645)
4(1479 1484 5644 5639)
4(1461 1479 5639 5621)
4(1462 1463 5623 5622)
4(1485 1486 5646 5645)
4(1522 1506 5666 5682)
4(1506 1507 5667 5666)
4(2679 2680 6840 6839)
4(2656 2655 6815 6816)
4(2681 2656 6816 6841)
4(2667 2679 6839 6827)
4(2655 2667 6827 6815)
4(2702 2703 6863 6862)
4(2693 2702 6862 6853)
4(2679 2693 6853 6839)
4(2723 2724 6884 6883)
4(2713 2723 6883 6873)
4(2702 2713 6873 6862)
4(2792 2791 6951 6952)
4(2823 2792 6952 6983)
4(2821 2822 6982 6981)
4(2791 2821 6981 6951)
4(2745 2746 6906 6905)
4(2746 2747 6907 6906)
4(2739 2745 6905 6899)
4(2723 2739 6899 6883)
4(2770 2746 6906 6930)
4(2769 2770 6930 6929)
4(2761 2769 6929 6921)
4(2745 2761 6921 6905)
4(2770 2771 6931 6930)
4(2792 2770 6930 6952)
4(2787 2791 6951 6947)
4(2769 2787 6947 6929)
4(2792 2793 6953 6952)
4(3182 3181 7341 7342)
4(3210 3182 7342 7370)
4(3208 3209 7369 7368)
4(3181 3208 7368 7341)
4(2944 2945 7105 7104)
4(2919 2918 7078 7079)
4(2945 2946 7106 7105)
4(2946 2919 7079 7106)
4(2929 2944 7104 7089)
4(2918 2929 7089 7078)
4(2969 2970 7130 7129)
4(2970 2945 7105 7130)
4(2953 2969 7129 7113)
4(2944 2953 7113 7104)
4(2991 2990 7150 7151)
4(3016 3017 7177 7176)
4(3017 3018 7178 7177)
4(2999 3016 7176 7159)
4(2990 2999 7159 7150)
4(2979 2990 7150 7139)
4(2969 2979 7139 7129)
4(2851 2850 7010 7011)
4(2872 2873 7033 7032)
4(2873 2874 7034 7033)
4(2855 2872 7032 7015)
4(2850 2855 7015 7010)
4(2835 2850 7010 6995)
4(2821 2835 6995 6981)
4(2895 2896 7056 7055)
4(2896 2873 7033 7056)
4(2879 2895 7055 7039)
4(2872 2879 7039 7032)
4(2919 2896 7056 7079)
4(2901 2918 7078 7061)
4(2895 2901 7061 7055)
4(2896 2897 7057 7056)
4(2919 2920 7080 7079)
4(2971 2946 7106 7131)
4(2946 2947 7107 7106)
4(3066 3067 7227 7226)
4(3042 3041 7201 7202)
4(3068 3042 7202 7228)
4(3053 3066 7226 7213)
4(3041 3053 7213 7201)
4(3090 3091 7251 7250)
4(3081 3090 7250 7241)
4(3066 3081 7241 7226)
4(3113 3114 7274 7273)
4(3101 3113 7273 7261)
4(3090 3101 7261 7250)
4(3042 3017 7177 7202)
4(3031 3041 7201 7191)
4(3016 3031 7191 7176)
4(3042 3043 7203 7202)
4(3137 3138 7298 7297)
4(3138 3139 7299 7298)
4(3131 3137 7297 7291)
4(3113 3131 7291 7273)
4(3161 3138 7298 7321)
4(3160 3161 7321 7320)
4(3153 3160 7320 7313)
4(3137 3153 7313 7297)
4(3161 3162 7322 7321)
4(3182 3161 7321 7342)
4(3177 3181 7341 7337)
4(3160 3177 7337 7320)
4(3182 3183 7343 7342)
4(3235 3234 7394 7395)
4(3257 3258 7418 7417)
4(3258 3259 7419 7418)
4(3239 3257 7417 7399)
4(3234 3239 7399 7394)
4(3219 3234 7394 7379)
4(3208 3219 7379 7368)
4(3281 3282 7442 7441)
4(3282 3258 7418 7442)
4(3265 3281 7441 7425)
4(3257 3265 7425 7417)
4(3305 3282 7442 7465)
4(3304 3305 7465 7464)
4(3287 3304 7464 7447)
4(3281 3287 7447 7441)
4(3282 3283 7443 7442)
4(3305 3306 7466 7465)
4(3330 3331 7491 7490)
4(3331 3332 7492 7491)
4(3332 3305 7465 7492)
4(3315 3330 7490 7475)
4(3304 3315 7475 7464)
4(3356 3357 7517 7516)
4(3357 3331 7491 7517)
4(3339 3356 7516 7499)
4(3330 3339 7499 7490)
4(3379 3378 7538 7539)
4(3405 3406 7566 7565)
4(3406 3407 7567 7566)
4(3387 3405 7565 7547)
4(3378 3387 7547 7538)
4(3367 3378 7538 7527)
4(3356 3367 7527 7516)
4(3358 3332 7492 7518)
4(3332 3333 7493 7492)
4(3478 3479 7639 7638)
4(3455 3454 7614 7615)
4(3479 3480 7640 7639)
4(3480 3455 7615 7640)
4(3465 3478 7638 7625)
4(3454 3465 7625 7614)
4(3503 3504 7664 7663)
4(3504 3479 7639 7664)
4(3489 3503 7663 7649)
4(3478 3489 7649 7638)
4(3529 3528 7688 7689)
4(3549 3550 7710 7709)
4(3550 3551 7711 7710)
4(3539 3549 7709 7699)
4(3528 3539 7699 7688)
4(3519 3528 7688 7679)
4(3503 3519 7679 7663)
4(3571 3572 7732 7731)
4(3572 3550 7710 7732)
4(3565 3571 7731 7725)
4(3549 3565 7725 7709)
4(3603 3572 7732 7763)
4(3602 3603 7763 7762)
4(3587 3602 7762 7747)
4(3571 3587 7747 7731)
4(3572 3573 7733 7732)
4(3603 3604 7764 7763)
4(3433 3434 7594 7593)
4(3434 3406 7566 7594)
4(3419 3433 7593 7579)
4(3405 3419 7579 7565)
4(3455 3434 7594 7615)
4(3441 3454 7614 7601)
4(3433 3441 7601 7593)
4(3434 3435 7595 7594)
4(3455 3456 7616 7615)
4(3505 3480 7640 7665)
4(3480 3481 7641 7640)
4(2136 2137 6297 6296)
4(2137 2138 6298 6297)
4(2138 2108 6268 6298)
4(2131 2136 6296 6291)
4(2107 2131 6291 6267)
4(2159 2160 6320 6319)
4(2160 2137 6297 6320)
4(2136 2159 6319 6296)
4(2177 2176 6336 6337)
4(2194 2195 6355 6354)
4(2195 2196 6356 6355)
4(2185 2194 6354 6345)
4(2176 2185 6345 6336)
4(2165 2176 6336 6325)
4(2159 2165 6325 6319)
4(2258 2259 6419 6418)
4(2240 2239 6399 6400)
4(2259 2260 6420 6419)
4(2260 2240 6400 6420)
4(2245 2258 6418 6405)
4(2239 2245 6405 6399)
4(2282 2259 6419 6442)
4(2281 2282 6442 6441)
4(2269 2281 6441 6429)
4(2258 2269 6429 6418)
4(2217 2218 6378 6377)
4(2218 2195 6355 6378)
4(2213 2217 6377 6373)
4(2194 2213 6373 6354)
4(2240 2218 6378 6400)
4(2217 2239 6399 6377)
4(2218 2219 6379 6378)
4(2240 2241 6401 6400)
4(2283 2260 6420 6443)
4(2260 2261 6421 6420)
4(2405 2406 6566 6565)
4(2384 2383 6543 6544)
4(2407 2384 6544 6567)
4(2383 2405 6565 6543)
4(2422 2423 6583 6582)
4(2411 2422 6582 6571)
4(2405 2411 6571 6565)
4(2444 2445 6605 6604)
4(2431 2444 6604 6591)
4(2422 2431 6591 6582)
4(2306 2307 6467 6466)
4(2303 2306 6466 6463)
4(2281 2303 6463 6441)
4(2325 2326 6486 6485)
4(2306 2325 6485 6466)
4(2341 2342 6502 6501)
4(2342 2343 6503 6502)
4(2329 2341 6501 6489)
4(2325 2329 6489 6485)
4(2361 2342 6502 6521)
4(2360 2361 6521 6520)
4(2351 2360 6520 6511)
4(2341 2351 6511 6501)
4(2361 2362 6522 6521)
4(2384 2361 6521 6544)
4(2379 2383 6543 6539)
4(2360 2379 6539 6520)
4(2384 2385 6545 6544)
4(2161 2138 6298 6321)
4(2138 2139 6299 6298)
4(2471 2472 6632 6631)
4(2472 2473 6633 6632)
4(2467 2471 6631 6627)
4(2444 2467 6627 6604)
4(2494 2472 6632 6654)
4(2493 2494 6654 6653)
4(2471 2493 6653 6631)
4(2494 2495 6655 6654)
4(2511 2512 6672 6671)
4(2512 2494 6654 6672)
4(2499 2511 6671 6659)
4(2493 2499 6659 6653)
4(2532 2512 6672 6692)
4(2531 2532 6692 6691)
4(2521 2531 6691 6681)
4(2511 2521 6681 6671)
4(2512 2513 6673 6672)
4(2532 2533 6693 6692)
4(2556 2557 6717 6716)
4(2557 2558 6718 6717)
4(2558 2532 6692 6718)
4(2551 2556 6716 6711)
4(2531 2551 6711 6691)
4(2578 2579 6739 6738)
4(2579 2557 6717 6739)
4(2556 2578 6738 6716)
4(2601 2600 6760 6761)
4(2628 2629 6789 6788)
4(2629 2630 6790 6789)
4(2609 2628 6788 6769)
4(2600 2609 6769 6760)
4(2579 2600 6760 6739)
4(2579 2587 6747 6739)
4(2587 2600 6760 6747)
4(2578 2587 6747 6738)
4(2580 2558 6718 6740)
4(2558 2559 6719 6718)
4(2656 2629 6789 6816)
4(2645 2655 6815 6805)
4(2628 2645 6805 6788)
4(2656 2657 6817 6816)
4(4001 3981 8141 8161)
4(3999 4000 8160 8159)
4(4000 4001 8161 8160)
4(3979 3999 8159 8139)
4(3981 3979 8139 8141)
4(3957 3958 8118 8117)
4(3958 3959 8119 8118)
4(3959 3945 8105 8119)
4(3945 3943 8103 8105)
4(3943 3957 8117 8103)
4(3973 3974 8134 8133)
4(3974 3958 8118 8134)
4(3957 3973 8133 8117)
4(3974 4001 8161 8134)
4(4002 3974 8134 8162)
4(4001 3983 8143 8161)
4(3983 3981 8141 8143)
4(3974 3983 8143 8134)
4(3973 3983 8143 8133)
4(3974 3975 8135 8134)
4(3778 3779 7939 7938)
4(3755 3754 7914 7915)
4(3779 3780 7940 7939)
4(3780 3755 7915 7940)
4(3761 3778 7938 7921)
4(3754 3761 7921 7914)
4(3806 3807 7967 7966)
4(3807 3779 7939 7967)
4(3785 3806 7966 7945)
4(3778 3785 7945 7938)
4(3880 3881 8041 8040)
4(3881 3867 8027 8041)
4(3865 3880 8040 8025)
4(3867 3865 8025 8027)
4(3903 3904 8064 8063)
4(3904 3881 8041 8064)
4(3880 3903 8063 8040)
4(3929 3930 8090 8089)
4(3930 3917 8077 8090)
4(3915 3929 8089 8075)
4(3917 3915 8075 8077)
4(3929 3960 8120 8089)
4(3960 3930 8090 8120)
4(3947 3960 8120 8107)
4(3929 3947 8107 8089)
4(3960 3945 8105 8120)
4(3947 3945 8105 8107)
4(3930 3931 8091 8090)
4(3931 3919 8079 8091)
4(3919 3917 8077 8079)
4(3961 3931 8091 8121)
4(3931 3932 8092 8091)
4(3932 3921 8081 8092)
4(3921 3919 8079 8081)
4(3962 3932 8092 8122)
4(3923 3932 8092 8083)
4(3932 3933 8093 8092)
4(3903 3923 8083 8063)
4(3923 3921 8081 8083)
4(3881 3882 8042 8041)
4(3882 3869 8029 8042)
4(3869 3867 8027 8029)
4(3905 3882 8042 8065)
4(3882 3883 8043 8042)
4(3883 3871 8031 8043)
4(3871 3869 8029 8031)
4(3906 3883 8043 8066)
4(3837 3836 7996 7997)
4(3848 3849 8009 8008)
4(3847 3848 8008 8007)
4(3841 3847 8007 8001)
4(3836 3841 8001 7996)
4(3821 3836 7996 7981)
4(3806 3821 7981 7966)
4(3884 3871 8031 8044)
4(3883 3884 8044 8043)
4(3885 3884 8044 8045)
4(3884 3907 8067 8044)
4(3848 3884 8044 8008)
4(3873 3884 8044 8033)
4(3847 3873 8033 8007)
4(3873 3871 8031 8033)
4(4076 4063 8223 8236)
4(4075 4076 8236 8235)
4(4063 4061 8221 8223)
4(4056 4057 8217 8216)
4(4057 4049 8209 8217)
4(4047 4056 8216 8207)
4(4049 4047 8207 8209)
4(4056 4077 8237 8216)
4(4077 4057 8217 8237)
4(4065 4077 8237 8225)
4(4056 4065 8225 8216)
4(4077 4063 8223 8237)
4(4076 4077 8237 8236)
4(4065 4063 8223 8225)
4(4040 4029 8189 8200)
4(4029 4028 8188 8189)
4(4039 4040 8200 8199)
4(4038 4039 8199 8198)
4(4028 4038 8198 8188)
4(4030 4029 8189 8190)
4(4041 4030 8190 8201)
4(4029 4021 8181 8189)
4(4019 4028 8188 8179)
4(4021 4019 8179 8181)
4(4058 4049 8209 8218)
4(4057 4058 8218 8217)
4(4058 4051 8211 8218)
4(4051 4049 8209 8211)
4(4059 4058 8218 8219)
4(4058 4078 8238 8218)
4(4039 4059 8219 8199)
4(4038 4051 8211 8198)
4(4087 4088 8248 8247)
4(4088 4076 8236 8248)
4(4095 4088 8248 8255)
4(4088 4089 8249 8248)
4(4030 4021 8181 8190)
4(4023 4030 8190 8183)
4(4030 4000 8160 8190)
4(3999 4023 8183 8159)
4(4023 4021 8181 8183)
4(4030 4031 8191 8190)
4(3632 3633 7793 7792)
4(3633 3634 7794 7793)
4(3634 3603 7763 7794)
4(3627 3632 7792 7787)
4(3602 3627 7787 7762)
4(3656 3657 7817 7816)
4(3657 3633 7793 7817)
4(3632 3656 7816 7792)
4(3681 3680 7840 7841)
4(3706 3707 7867 7866)
4(3707 3708 7868 7867)
4(3683 3706 7866 7843)
4(3680 3683 7843 7840)
4(3663 3680 7840 7823)
4(3656 3663 7823 7816)
4(3658 3634 7794 7818)
4(3634 3635 7795 7794)
4(3733 3734 7894 7893)
4(3734 3707 7867 7894)
4(3715 3733 7893 7875)
4(3706 3715 7875 7866)
4(3755 3734 7894 7915)
4(3737 3754 7914 7897)
4(3733 3737 7897 7893)
4(3734 3735 7895 7894)
4(3755 3756 7916 7915)
4(3808 3780 7940 7968)
4(3780 3781 7941 7940)
4(334 358 4518 4494)
4(358 310 4470 4518)
4(402 410 4570 4562)
4(334 402 4562 4494)
4(410 358 4518 4570)
4(430 452 4612 4590)
4(402 430 4590 4562)
4(452 410 4570 4612)
4(464 478 4638 4624)
4(430 464 4624 4590)
4(478 452 4612 4638)
4(506 514 4674 4666)
4(464 506 4666 4624)
4(514 478 4638 4674)
4(530 550 4710 4690)
4(506 530 4690 4666)
4(550 514 4674 4710)
4(560 576 4736 4720)
4(530 560 4720 4690)
4(576 550 4710 4736)
4(606 610 4770 4766)
4(560 606 4766 4720)
4(610 576 4736 4770)
4(644 610 4770 4804)
4(868 866 5026 5028)
4(866 842 5002 5026)
4(898 896 5056 5058)
4(868 898 5058 5028)
4(896 866 5026 5056)
4(944 942 5102 5104)
4(898 944 5104 5058)
4(942 896 5056 5102)
4(964 962 5122 5124)
4(944 964 5124 5104)
4(962 942 5102 5122)
4(988 986 5146 5148)
4(964 988 5148 5124)
4(986 962 5122 5146)
4(1022 1020 5180 5182)
4(988 1022 5182 5148)
4(1020 986 5146 5180)
4(1044 1042 5202 5204)
4(1022 1044 5204 5182)
4(1042 1020 5180 5202)
4(1068 1066 5226 5228)
4(1044 1068 5228 5204)
4(1066 1042 5202 5226)
4(1112 1110 5270 5272)
4(1068 1112 5272 5228)
4(1110 1066 5226 5270)
4(1132 1130 5290 5292)
4(1112 1132 5292 5272)
4(1130 1110 5270 5290)
4(1156 1154 5314 5316)
4(1132 1156 5316 5292)
4(1154 1130 5290 5314)
4(1190 1188 5348 5350)
4(1156 1190 5350 5316)
4(1188 1154 5314 5348)
4(1212 1210 5370 5372)
4(1190 1212 5372 5350)
4(1210 1188 5348 5370)
4(1238 1236 5396 5398)
4(1212 1238 5398 5372)
4(1236 1210 5370 5396)
4(1278 1276 5436 5438)
4(1238 1278 5438 5398)
4(1276 1236 5396 5436)
4(1302 1300 5460 5462)
4(1278 1302 5462 5438)
4(1300 1276 5436 5460)
4(1330 1328 5488 5490)
4(1302 1330 5490 5462)
4(1328 1300 5460 5488)
4(1364 1362 5522 5524)
4(1330 1364 5524 5490)
4(1362 1328 5488 5522)
4(1384 1382 5542 5544)
4(1364 1384 5544 5524)
4(1382 1362 5522 5542)
4(1408 1406 5566 5568)
4(1384 1408 5568 5544)
4(1406 1382 5542 5566)
4(1452 1450 5610 5612)
4(1408 1452 5612 5568)
4(1450 1406 5566 5610)
4(1474 1472 5632 5634)
4(1452 1474 5634 5612)
4(1472 1450 5610 5632)
4(1498 1496 5656 5658)
4(1474 1498 5658 5634)
4(1496 1472 5632 5656)
4(1534 1532 5692 5694)
4(1498 1534 5694 5658)
4(1532 1496 5656 5692)
4(1554 1552 5712 5714)
4(1534 1554 5714 5694)
4(1552 1532 5692 5712)
4(1578 1576 5736 5738)
4(1554 1578 5738 5714)
4(1576 1552 5712 5736)
4(1612 1610 5770 5772)
4(1578 1612 5772 5738)
4(1610 1576 5736 5770)
4(1634 1632 5792 5794)
4(1612 1634 5794 5772)
4(1632 1610 5770 5792)
4(1666 1658 5818 5826)
4(1634 1666 5826 5794)
4(1658 1632 5792 5818)
4(1694 1692 5852 5854)
4(1666 1694 5854 5826)
4(1692 1658 5818 5852)
4(1718 1716 5876 5878)
4(1694 1718 5878 5854)
4(1716 1692 5852 5876)
4(1750 1748 5908 5910)
4(1718 1750 5910 5878)
4(1748 1716 5876 5908)
4(1786 1784 5944 5946)
4(1750 1786 5946 5910)
4(1784 1748 5908 5944)
4(1808 1806 5966 5968)
4(1786 1808 5968 5946)
4(1806 1784 5944 5966)
4(1840 1838 5998 6000)
4(1808 1840 6000 5968)
4(1838 1806 5966 5998)
4(1870 1868 6028 6030)
4(1840 1870 6030 6000)
4(1868 1838 5998 6028)
4(1890 1888 6048 6050)
4(1870 1890 6050 6030)
4(1888 1868 6028 6048)
4(1920 1918 6078 6080)
4(1890 1920 6080 6050)
4(1918 1888 6048 6078)
4(1952 1950 6110 6112)
4(1920 1952 6112 6080)
4(1950 1918 6078 6110)
4(1974 1972 6132 6134)
4(1952 1974 6134 6112)
4(1972 1950 6110 6132)
4(2006 2004 6164 6166)
4(1974 2006 6166 6134)
4(2004 1972 6132 6164)
4(2036 2034 6194 6196)
4(2006 2036 6196 6166)
4(2034 2004 6164 6194)
4(2058 2056 6216 6218)
4(2036 2058 6218 6196)
4(2056 2034 6194 6216)
4(2088 2086 6246 6248)
4(2058 2088 6248 6218)
4(2086 2056 6216 6246)
4(2126 2124 6284 6286)
4(2088 2126 6286 6248)
4(2124 2086 6246 6284)
4(2150 2148 6308 6310)
4(2126 2150 6310 6286)
4(2148 2124 6284 6308)
4(2180 2178 6338 6340)
4(2150 2180 6340 6310)
4(2178 2148 6308 6338)
4(2208 2206 6366 6368)
4(2180 2208 6368 6340)
4(2206 2178 6338 6366)
4(2230 2228 6388 6390)
4(2208 2230 6390 6368)
4(2228 2206 6366 6388)
4(2264 2262 6422 6424)
4(2230 2264 6424 6390)
4(2262 2228 6388 6422)
4(2298 2296 6456 6458)
4(2264 2298 6458 6424)
4(2296 2262 6422 6456)
4(2318 2316 6476 6478)
4(2298 2318 6478 6458)
4(2316 2296 6456 6476)
4(2346 2344 6504 6506)
4(2318 2346 6506 6478)
4(2344 2316 6476 6504)
4(2374 2372 6532 6534)
4(2346 2374 6534 6506)
4(2372 2344 6504 6532)
4(2396 2394 6554 6556)
4(2374 2396 6556 6534)
4(2394 2372 6532 6554)
4(2426 2424 6584 6586)
4(2396 2426 6586 6556)
4(2424 2394 6554 6584)
4(2462 2460 6620 6622)
4(2426 2462 6622 6586)
4(2460 2424 6584 6620)
4(2484 2482 6642 6644)
4(2462 2484 6644 6622)
4(2482 2460 6620 6642)
4(2516 2514 6674 6676)
4(2484 2516 6676 6644)
4(2514 2482 6642 6674)
4(2546 2544 6704 6706)
4(2516 2546 6706 6676)
4(2544 2514 6674 6704)
4(2570 2568 6728 6730)
4(2546 2570 6730 6706)
4(2568 2544 6704 6728)
4(2602 2596 6756 6762)
4(2570 2602 6762 6730)
4(2596 2568 6728 6756)
4(2638 2616 6776 6798)
4(2602 2638 6798 6762)
4(2616 2596 6756 6776)
4(2660 2658 6818 6820)
4(2638 2660 6820 6798)
4(2658 2616 6776 6818)
4(2686 2684 6844 6846)
4(2660 2686 6846 6820)
4(2684 2658 6818 6844)
4(2706 2704 6864 6866)
4(2686 2706 6866 6846)
4(2704 2684 6844 6864)
4(2732 2730 6890 6892)
4(2706 2732 6892 6866)
4(2730 2704 6864 6890)
4(2754 2752 6912 6914)
4(2732 2754 6914 6892)
4(2752 2730 6890 6912)
4(2780 2778 6938 6940)
4(2754 2780 6940 6914)
4(2778 2752 6912 6938)
4(2802 2800 6960 6962)
4(2780 2802 6962 6940)
4(2800 2778 6938 6960)
4(2844 2842 7002 7004)
4(2802 2844 7004 6962)
4(2842 2800 6960 7002)
4(2864 2862 7022 7024)
4(2844 2864 7024 7004)
4(2862 2842 7002 7022)
4(2888 2886 7046 7048)
4(2864 2888 7048 7024)
4(2886 2862 7022 7046)
4(2910 2908 7068 7070)
4(2888 2910 7070 7048)
4(2908 2886 7046 7068)
4(2938 2936 7096 7098)
4(2910 2938 7098 7070)
4(2936 2908 7068 7096)
4(2962 2960 7120 7122)
4(2938 2962 7122 7098)
4(2960 2936 7096 7120)
4(2992 2986 7146 7152)
4(2962 2992 7152 7122)
4(2986 2960 7120 7146)
4(3024 3006 7166 7184)
4(2992 3024 7184 7152)
4(3006 2986 7146 7166)
4(3046 3044 7204 7206)
4(3024 3046 7206 7184)
4(3044 3006 7166 7204)
4(3074 3072 7232 7234)
4(3046 3074 7234 7206)
4(3072 3044 7204 7232)
4(3094 3092 7252 7254)
4(3074 3094 7254 7234)
4(3092 3072 7232 7252)
4(3124 3122 7282 7284)
4(3094 3124 7284 7254)
4(3122 3092 7252 7282)
4(3146 3144 7304 7306)
4(3124 3146 7306 7284)
4(3144 3122 7282 7304)
4(3170 3168 7328 7330)
4(3146 3170 7330 7306)
4(3168 3144 7304 7328)
4(3192 3190 7350 7352)
4(3170 3192 7352 7330)
4(3190 3168 7328 7350)
4(3228 3226 7386 7388)
4(3192 3228 7388 7352)
4(3226 3190 7350 7386)
4(3248 3246 7406 7408)
4(3228 3248 7408 7388)
4(3246 3226 7386 7406)
4(3274 3272 7432 7434)
4(3248 3274 7434 7408)
4(3272 3246 7406 7432)
4(3296 3294 7454 7456)
4(3274 3296 7456 7434)
4(3294 3272 7432 7454)
4(3324 3322 7482 7484)
4(3296 3324 7484 7456)
4(3322 3294 7454 7482)
4(3348 3346 7506 7508)
4(3324 3348 7508 7484)
4(3346 3322 7482 7506)
4(3380 3374 7534 7540)
4(3348 3380 7540 7508)
4(3374 3346 7506 7534)
4(3414 3394 7554 7574)
4(3380 3414 7574 7540)
4(3394 3374 7534 7554)
4(3436 3428 7588 7596)
4(3414 3436 7596 7574)
4(3428 3394 7554 7588)
4(3460 3458 7618 7620)
4(3436 3460 7620 7596)
4(3458 3428 7588 7618)
4(3484 3482 7642 7644)
4(3460 3484 7644 7620)
4(3482 3458 7618 7642)
4(3514 3512 7672 7674)
4(3484 3514 7674 7644)
4(3512 3482 7642 7672)
4(3534 3532 7692 7694)
4(3514 3534 7694 7674)
4(3532 3512 7672 7692)
4(3560 3558 7718 7720)
4(3534 3560 7720 7694)
4(3558 3532 7692 7718)
4(3582 3580 7740 7742)
4(3560 3582 7742 7720)
4(3580 3558 7718 7740)
4(3622 3620 7780 7782)
4(3582 3622 7782 7742)
4(3620 3580 7740 7780)
4(3646 3644 7804 7806)
4(3622 3646 7806 7782)
4(3644 3620 7780 7804)
4(3674 3672 7832 7834)
4(3646 3674 7834 7806)
4(3672 3644 7804 7832)
4(3694 3692 7852 7854)
4(3674 3694 7854 7834)
4(3692 3672 7832 7852)
4(3726 3724 7884 7886)
4(3694 3726 7886 7854)
4(3724 3692 7852 7884)
4(3748 3746 7906 7908)
4(3726 3748 7908 7886)
4(3746 3724 7884 7906)
4(3772 3770 7930 7932)
4(3748 3772 7932 7908)
4(3770 3746 7906 7930)
4(3816 3794 7954 7976)
4(3772 3816 7976 7932)
4(3794 3770 7930 7954)
4(3832 3830 7990 7992)
4(3816 3832 7992 7976)
4(3830 3794 7954 7990)
4(3862 3860 8020 8022)
4(3832 3862 8022 7992)
4(3860 3830 7990 8020)
4(3914 3912 8072 8074)
4(3862 3914 8074 8022)
4(3912 3860 8020 8072)
4(3942 3912 8072 8102)
4(3915 3913 8073 8075)
4(3913 3943 8103 8073)
4(3863 3861 8021 8023)
4(3915 3863 8023 8075)
4(3861 3913 8073 8021)
4(3833 3831 7991 7993)
4(3863 3833 7993 8023)
4(3831 3861 8021 7991)
4(3817 3795 7955 7977)
4(3833 3817 7977 7993)
4(3795 3831 7991 7955)
4(3773 3771 7931 7933)
4(3817 3773 7933 7977)
4(3771 3795 7955 7931)
4(3749 3747 7907 7909)
4(3773 3749 7909 7933)
4(3747 3771 7931 7907)
4(3727 3725 7885 7887)
4(3749 3727 7887 7909)
4(3725 3747 7907 7885)
4(3695 3693 7853 7855)
4(3727 3695 7855 7887)
4(3693 3725 7885 7853)
4(3675 3673 7833 7835)
4(3695 3675 7835 7855)
4(3673 3693 7853 7833)
4(3647 3645 7805 7807)
4(3675 3647 7807 7835)
4(3645 3673 7833 7805)
4(3623 3621 7781 7783)
4(3647 3623 7783 7807)
4(3621 3645 7805 7781)
4(3583 3581 7741 7743)
4(3623 3583 7743 7783)
4(3581 3621 7781 7741)
4(3561 3559 7719 7721)
4(3583 3561 7721 7743)
4(3559 3581 7741 7719)
4(3535 3533 7693 7695)
4(3561 3535 7695 7721)
4(3533 3559 7719 7693)
4(3515 3513 7673 7675)
4(3535 3515 7675 7695)
4(3513 3533 7693 7673)
4(3485 3483 7643 7645)
4(3515 3485 7645 7675)
4(3483 3513 7673 7643)
4(3461 3459 7619 7621)
4(3485 3461 7621 7645)
4(3459 3483 7643 7619)
4(3437 3429 7589 7597)
4(3461 3437 7597 7621)
4(3429 3459 7619 7589)
4(3415 3395 7555 7575)
4(3437 3415 7575 7597)
4(3395 3429 7589 7555)
4(3381 3375 7535 7541)
4(3415 3381 7541 7575)
4(3375 3395 7555 7535)
4(3349 3347 7507 7509)
4(3381 3349 7509 7541)
4(3347 3375 7535 7507)
4(3325 3323 7483 7485)
4(3349 3325 7485 7509)
4(3323 3347 7507 7483)
4(3297 3295 7455 7457)
4(3325 3297 7457 7485)
4(3295 3323 7483 7455)
4(3275 3273 7433 7435)
4(3297 3275 7435 7457)
4(3273 3295 7455 7433)
4(3249 3247 7407 7409)
4(3275 3249 7409 7435)
4(3247 3273 7433 7407)
4(3229 3227 7387 7389)
4(3249 3229 7389 7409)
4(3227 3247 7407 7387)
4(3193 3191 7351 7353)
4(3229 3193 7353 7389)
4(3191 3227 7387 7351)
4(3171 3169 7329 7331)
4(3193 3171 7331 7353)
4(3169 3191 7351 7329)
4(3147 3145 7305 7307)
4(3171 3147 7307 7331)
4(3145 3169 7329 7305)
4(3125 3123 7283 7285)
4(3147 3125 7285 7307)
4(3123 3145 7305 7283)
4(3095 3093 7253 7255)
4(3125 3095 7255 7285)
4(3093 3123 7283 7253)
4(3075 3073 7233 7235)
4(3095 3075 7235 7255)
4(3073 3093 7253 7233)
4(3047 3045 7205 7207)
4(3075 3047 7207 7235)
4(3045 3073 7233 7205)
4(3025 3007 7167 7185)
4(3047 3025 7185 7207)
4(3007 3045 7205 7167)
4(2993 2987 7147 7153)
4(3025 2993 7153 7185)
4(2987 3007 7167 7147)
4(2963 2961 7121 7123)
4(2993 2963 7123 7153)
4(2961 2987 7147 7121)
4(2939 2937 7097 7099)
4(2963 2939 7099 7123)
4(2937 2961 7121 7097)
4(2911 2909 7069 7071)
4(2939 2911 7071 7099)
4(2909 2937 7097 7069)
4(2889 2887 7047 7049)
4(2911 2889 7049 7071)
4(2887 2909 7069 7047)
4(2865 2863 7023 7025)
4(2889 2865 7025 7049)
4(2863 2887 7047 7023)
4(2845 2843 7003 7005)
4(2865 2845 7005 7025)
4(2843 2863 7023 7003)
4(2803 2801 6961 6963)
4(2845 2803 6963 7005)
4(2801 2843 7003 6961)
4(2781 2779 6939 6941)
4(2803 2781 6941 6963)
4(2779 2801 6961 6939)
4(2755 2753 6913 6915)
4(2781 2755 6915 6941)
4(2753 2779 6939 6913)
4(2733 2731 6891 6893)
4(2755 2733 6893 6915)
4(2731 2753 6913 6891)
4(2707 2705 6865 6867)
4(2733 2707 6867 6893)
4(2705 2731 6891 6865)
4(2687 2685 6845 6847)
4(2707 2687 6847 6867)
4(2685 2705 6865 6845)
4(2661 2659 6819 6821)
4(2687 2661 6821 6847)
4(2659 2685 6845 6819)
4(2639 2617 6777 6799)
4(2661 2639 6799 6821)
4(2617 2659 6819 6777)
4(2603 2597 6757 6763)
4(2639 2603 6763 6799)
4(2597 2617 6777 6757)
4(2571 2569 6729 6731)
4(2603 2571 6731 6763)
4(2569 2597 6757 6729)
4(2547 2545 6705 6707)
4(2571 2547 6707 6731)
4(2545 2569 6729 6705)
4(2517 2515 6675 6677)
4(2547 2517 6677 6707)
4(2515 2545 6705 6675)
4(2485 2483 6643 6645)
4(2517 2485 6645 6677)
4(2483 2515 6675 6643)
4(2463 2461 6621 6623)
4(2485 2463 6623 6645)
4(2461 2483 6643 6621)
4(2427 2425 6585 6587)
4(2463 2427 6587 6623)
4(2425 2461 6621 6585)
4(2397 2395 6555 6557)
4(2427 2397 6557 6587)
4(2395 2425 6585 6555)
4(2375 2373 6533 6535)
4(2397 2375 6535 6557)
4(2373 2395 6555 6533)
4(2347 2345 6505 6507)
4(2375 2347 6507 6535)
4(2345 2373 6533 6505)
4(2319 2317 6477 6479)
4(2347 2319 6479 6507)
4(2317 2345 6505 6477)
4(2299 2297 6457 6459)
4(2319 2299 6459 6479)
4(2297 2317 6477 6457)
4(2265 2263 6423 6425)
4(2299 2265 6425 6459)
4(2263 2297 6457 6423)
4(2231 2229 6389 6391)
4(2265 2231 6391 6425)
4(2229 2263 6423 6389)
4(2209 2207 6367 6369)
4(2231 2209 6369 6391)
4(2207 2229 6389 6367)
4(2181 2179 6339 6341)
4(2209 2181 6341 6369)
4(2179 2207 6367 6339)
4(2151 2149 6309 6311)
4(2181 2151 6311 6341)
4(2149 2179 6339 6309)
4(2127 2125 6285 6287)
4(2151 2127 6287 6311)
4(2125 2149 6309 6285)
4(2089 2087 6247 6249)
4(2127 2089 6249 6287)
4(2087 2125 6285 6247)
4(2059 2057 6217 6219)
4(2089 2059 6219 6249)
4(2057 2087 6247 6217)
4(2037 2035 6195 6197)
4(2059 2037 6197 6219)
4(2035 2057 6217 6195)
4(2007 2005 6165 6167)
4(2037 2007 6167 6197)
4(2005 2035 6195 6165)
4(1975 1973 6133 6135)
4(2007 1975 6135 6167)
4(1973 2005 6165 6133)
4(1953 1951 6111 6113)
4(1975 1953 6113 6135)
4(1951 1973 6133 6111)
4(1921 1919 6079 6081)
4(1953 1921 6081 6113)
4(1919 1951 6111 6079)
4(1891 1889 6049 6051)
4(1921 1891 6051 6081)
4(1889 1919 6079 6049)
4(1871 1869 6029 6031)
4(1891 1871 6031 6051)
4(1869 1889 6049 6029)
4(1841 1839 5999 6001)
4(1871 1841 6001 6031)
4(1839 1869 6029 5999)
4(1809 1807 5967 5969)
4(1841 1809 5969 6001)
4(1807 1839 5999 5967)
4(1787 1785 5945 5947)
4(1809 1787 5947 5969)
4(1785 1807 5967 5945)
4(1751 1749 5909 5911)
4(1787 1751 5911 5947)
4(1749 1785 5945 5909)
4(1719 1717 5877 5879)
4(1751 1719 5879 5911)
4(1717 1749 5909 5877)
4(1695 1693 5853 5855)
4(1719 1695 5855 5879)
4(1693 1717 5877 5853)
4(1667 1659 5819 5827)
4(1695 1667 5827 5855)
4(1659 1693 5853 5819)
4(1635 1633 5793 5795)
4(1667 1635 5795 5827)
4(1633 1659 5819 5793)
4(1613 1611 5771 5773)
4(1635 1613 5773 5795)
4(1611 1633 5793 5771)
4(1579 1577 5737 5739)
4(1613 1579 5739 5773)
4(1577 1611 5771 5737)
4(1555 1553 5713 5715)
4(1579 1555 5715 5739)
4(1553 1577 5737 5713)
4(1535 1533 5693 5695)
4(1555 1535 5695 5715)
4(1533 1553 5713 5693)
4(1499 1497 5657 5659)
4(1535 1499 5659 5695)
4(1497 1533 5693 5657)
4(1475 1473 5633 5635)
4(1499 1475 5635 5659)
4(1473 1497 5657 5633)
4(1453 1451 5611 5613)
4(1475 1453 5613 5635)
4(1451 1473 5633 5611)
4(1409 1407 5567 5569)
4(1453 1409 5569 5613)
4(1407 1451 5611 5567)
4(1385 1383 5543 5545)
4(1409 1385 5545 5569)
4(1383 1407 5567 5543)
4(1365 1363 5523 5525)
4(1385 1365 5525 5545)
4(1363 1383 5543 5523)
4(1331 1329 5489 5491)
4(1365 1331 5491 5525)
4(1329 1363 5523 5489)
4(1303 1301 5461 5463)
4(1331 1303 5463 5491)
4(1301 1329 5489 5461)
4(1279 1277 5437 5439)
4(1303 1279 5439 5463)
4(1277 1301 5461 5437)
4(1239 1237 5397 5399)
4(1279 1239 5399 5439)
4(1237 1277 5437 5397)
4(1213 1211 5371 5373)
4(1239 1213 5373 5399)
4(1211 1237 5397 5371)
4(1191 1189 5349 5351)
4(1213 1191 5351 5373)
4(1189 1211 5371 5349)
4(1157 1155 5315 5317)
4(1191 1157 5317 5351)
4(1155 1189 5349 5315)
4(1133 1131 5291 5293)
4(1157 1133 5293 5317)
4(1131 1155 5315 5291)
4(1113 1111 5271 5273)
4(1133 1113 5273 5293)
4(1111 1131 5291 5271)
4(1069 1067 5227 5229)
4(1113 1069 5229 5273)
4(1067 1111 5271 5227)
4(1045 1043 5203 5205)
4(1069 1045 5205 5229)
4(1043 1067 5227 5203)
4(1023 1021 5181 5183)
4(1045 1023 5183 5205)
4(1021 1043 5203 5181)
4(989 987 5147 5149)
4(1023 989 5149 5183)
4(987 1021 5181 5147)
4(965 963 5123 5125)
4(989 965 5125 5149)
4(963 987 5147 5123)
4(945 943 5103 5105)
4(965 945 5105 5125)
4(943 963 5123 5103)
4(899 897 5057 5059)
4(945 899 5059 5105)
4(897 943 5103 5057)
4(869 867 5027 5029)
4(899 869 5029 5059)
4(867 897 5057 5027)
4(843 867 5027 5003)
4(607 611 4771 4767)
4(611 645 4805 4771)
4(561 577 4737 4721)
4(607 561 4721 4767)
4(577 611 4771 4737)
4(531 551 4711 4691)
4(561 531 4691 4721)
4(551 577 4737 4711)
4(507 515 4675 4667)
4(531 507 4667 4691)
4(515 551 4711 4675)
4(465 479 4639 4625)
4(507 465 4625 4667)
4(479 515 4675 4639)
4(431 453 4613 4591)
4(465 431 4591 4625)
4(453 479 4639 4613)
4(403 411 4571 4563)
4(431 403 4563 4591)
4(411 453 4613 4571)
4(335 359 4519 4495)
4(403 335 4495 4563)
4(359 411 4571 4519)
4(311 359 4519 4471)
4(356 402 4562 4516)
4(408 430 4590 4568)
4(356 408 4568 4516)
4(450 464 4624 4610)
4(408 450 4610 4568)
4(476 506 4666 4636)
4(450 476 4636 4610)
4(512 530 4690 4672)
4(476 512 4672 4636)
4(548 560 4720 4708)
4(512 548 4708 4672)
4(910 898 5058 5070)
4(946 944 5104 5106)
4(910 946 5106 5070)
4(966 964 5124 5126)
4(946 966 5126 5106)
4(996 988 5148 5156)
4(966 996 5156 5126)
4(1024 1022 5182 5184)
4(996 1024 5184 5156)
4(1046 1044 5204 5206)
4(1024 1046 5206 5184)
4(1078 1068 5228 5238)
4(1046 1078 5238 5206)
4(1114 1112 5272 5274)
4(1078 1114 5274 5238)
4(1134 1132 5292 5294)
4(1114 1134 5294 5274)
4(1162 1156 5316 5322)
4(1134 1162 5322 5294)
4(1192 1190 5350 5352)
4(1162 1192 5352 5322)
4(1214 1212 5372 5374)
4(1192 1214 5374 5352)
4(1246 1238 5398 5406)
4(1214 1246 5406 5374)
4(1280 1278 5438 5440)
4(1246 1280 5440 5406)
4(1304 1302 5462 5464)
4(1280 1304 5464 5440)
4(1336 1330 5490 5496)
4(1304 1336 5496 5464)
4(1366 1364 5524 5526)
4(1336 1366 5526 5496)
4(1386 1384 5544 5546)
4(1366 1386 5546 5526)
4(1416 1408 5568 5576)
4(1386 1416 5576 5546)
4(1454 1452 5612 5614)
4(1416 1454 5614 5576)
4(1476 1474 5634 5636)
4(1454 1476 5636 5614)
4(1508 1498 5658 5668)
4(1476 1508 5668 5636)
4(1536 1534 5694 5696)
4(1508 1536 5696 5668)
4(1556 1554 5714 5716)
4(1536 1556 5716 5696)
4(1584 1578 5738 5744)
4(1556 1584 5744 5716)
4(1614 1612 5772 5774)
4(1584 1614 5774 5744)
4(1636 1634 5794 5796)
4(1614 1636 5796 5774)
4(1668 1666 5826 5828)
4(1636 1668 5828 5796)
4(1696 1694 5854 5856)
4(1668 1696 5856 5828)
4(1720 1718 5878 5880)
4(1696 1720 5880 5856)
4(1752 1750 5910 5912)
4(1720 1752 5912 5880)
4(1788 1786 5946 5948)
4(1752 1788 5948 5912)
4(1810 1808 5968 5970)
4(1788 1810 5970 5948)
4(1842 1840 6000 6002)
4(1810 1842 6002 5970)
4(1872 1870 6030 6032)
4(1842 1872 6032 6002)
4(1892 1890 6050 6052)
4(1872 1892 6052 6032)
4(1922 1920 6080 6082)
4(1892 1922 6082 6052)
4(1954 1952 6112 6114)
4(1922 1954 6114 6082)
4(1976 1974 6134 6136)
4(1954 1976 6136 6114)
4(2008 2006 6166 6168)
4(1976 2008 6168 6136)
4(2038 2036 6196 6198)
4(2008 2038 6198 6168)
4(2060 2058 6218 6220)
4(2038 2060 6220 6198)
4(2090 2088 6248 6250)
4(2060 2090 6250 6220)
4(2128 2126 6286 6288)
4(2090 2128 6288 6250)
4(2152 2150 6310 6312)
4(2128 2152 6312 6288)
4(2182 2180 6340 6342)
4(2152 2182 6342 6312)
4(2210 2208 6368 6370)
4(2182 2210 6370 6342)
4(2232 2230 6390 6392)
4(2210 2232 6392 6370)
4(2266 2264 6424 6426)
4(2232 2266 6426 6392)
4(2300 2298 6458 6460)
4(2266 2300 6460 6426)
4(2320 2318 6478 6480)
4(2300 2320 6480 6460)
4(2348 2346 6506 6508)
4(2320 2348 6508 6480)
4(2376 2374 6534 6536)
4(2348 2376 6536 6508)
4(2398 2396 6556 6558)
4(2376 2398 6558 6536)
4(2428 2426 6586 6588)
4(2398 2428 6588 6558)
4(2464 2462 6622 6624)
4(2428 2464 6624 6588)
4(2486 2484 6644 6646)
4(2464 2486 6646 6624)
4(2518 2516 6676 6678)
4(2486 2518 6678 6646)
4(2548 2546 6706 6708)
4(2518 2548 6708 6678)
4(2584 2570 6730 6744)
4(2548 2584 6744 6708)
4(2604 2602 6762 6764)
4(2584 2604 6764 6744)
4(2640 2638 6798 6800)
4(2604 2640 6800 6764)
4(2662 2660 6820 6822)
4(2640 2662 6822 6800)
4(2688 2686 6846 6848)
4(2662 2688 6848 6822)
4(2708 2706 6866 6868)
4(2688 2708 6868 6848)
4(2734 2732 6892 6894)
4(2708 2734 6894 6868)
4(2756 2754 6914 6916)
4(2734 2756 6916 6894)
4(2782 2780 6940 6942)
4(2756 2782 6942 6916)
4(2804 2802 6962 6964)
4(2782 2804 6964 6942)
4(2846 2844 7004 7006)
4(2804 2846 7006 6964)
4(2866 2864 7024 7026)
4(2846 2866 7026 7006)
4(2890 2888 7048 7050)
4(2866 2890 7050 7026)
4(2924 2910 7070 7084)
4(2890 2924 7084 7050)
4(2948 2938 7098 7108)
4(2924 2948 7108 7084)
4(2974 2962 7122 7134)
4(2948 2974 7134 7108)
4(2994 2992 7152 7154)
4(2974 2994 7154 7134)
4(3026 3024 7184 7186)
4(2994 3026 7186 7154)
4(3048 3046 7206 7208)
4(3026 3048 7208 7186)
4(3076 3074 7234 7236)
4(3048 3076 7236 7208)
4(3096 3094 7254 7256)
4(3076 3096 7256 7236)
4(3126 3124 7284 7286)
4(3096 3126 7286 7256)
4(3148 3146 7306 7308)
4(3126 3148 7308 7286)
4(3172 3170 7330 7332)
4(3148 3172 7332 7308)
4(3194 3192 7352 7354)
4(3172 3194 7354 7332)
4(3230 3228 7388 7390)
4(3194 3230 7390 7354)
4(3250 3248 7408 7410)
4(3230 3250 7410 7390)
4(3276 3274 7434 7436)
4(3250 3276 7436 7410)
4(3310 3296 7456 7470)
4(3276 3310 7470 7436)
4(3334 3324 7484 7494)
4(3310 3334 7494 7470)
4(3362 3348 7508 7522)
4(3334 3362 7522 7494)
4(3382 3380 7540 7542)
4(3362 3382 7542 7522)
4(3416 3414 7574 7576)
4(3382 3416 7576 7542)
4(3438 3436 7596 7598)
4(3416 3438 7598 7576)
4(3462 3460 7620 7622)
4(3438 3462 7622 7598)
4(3486 3484 7644 7646)
4(3462 3486 7646 7622)
4(3516 3514 7674 7676)
4(3486 3516 7676 7646)
4(3536 3534 7694 7696)
4(3516 3536 7696 7676)
4(3562 3560 7720 7722)
4(3536 3562 7722 7696)
4(3584 3582 7742 7744)
4(3562 3584 7744 7722)
4(3624 3622 7782 7784)
4(3584 3624 7784 7744)
4(3648 3646 7806 7808)
4(3624 3648 7808 7784)
4(3676 3674 7834 7836)
4(3648 3676 7836 7808)
4(3696 3694 7854 7856)
4(3676 3696 7856 7836)
4(3728 3726 7886 7888)
4(3696 3728 7888 7856)
4(3758 3748 7908 7918)
4(3728 3758 7918 7888)
4(3782 3772 7932 7942)
4(3758 3782 7942 7918)
4(3818 3816 7976 7978)
4(3782 3818 7978 7942)
4(3838 3832 7992 7998)
4(3818 3838 7998 7978)
4(3864 3862 8022 8024)
4(3838 3864 8024 7998)
4(3865 3863 8023 8025)
4(3839 3833 7993 7999)
4(3865 3839 7999 8025)
4(3819 3817 7977 7979)
4(3839 3819 7979 7999)
4(3783 3773 7933 7943)
4(3819 3783 7943 7979)
4(3759 3749 7909 7919)
4(3783 3759 7919 7943)
4(3729 3727 7887 7889)
4(3759 3729 7889 7919)
4(3697 3695 7855 7857)
4(3729 3697 7857 7889)
4(3677 3675 7835 7837)
4(3697 3677 7837 7857)
4(3649 3647 7807 7809)
4(3677 3649 7809 7837)
4(3625 3623 7783 7785)
4(3649 3625 7785 7809)
4(3585 3583 7743 7745)
4(3625 3585 7745 7785)
4(3563 3561 7721 7723)
4(3585 3563 7723 7745)
4(3537 3535 7695 7697)
4(3563 3537 7697 7723)
4(3517 3515 7675 7677)
4(3537 3517 7677 7697)
4(3487 3485 7645 7647)
4(3517 3487 7647 7677)
4(3463 3461 7621 7623)
4(3487 3463 7623 7647)
4(3439 3437 7597 7599)
4(3463 3439 7599 7623)
4(3417 3415 7575 7577)
4(3439 3417 7577 7599)
4(3383 3381 7541 7543)
4(3417 3383 7543 7577)
4(3363 3349 7509 7523)
4(3383 3363 7523 7543)
4(3335 3325 7485 7495)
4(3363 3335 7495 7523)
4(3311 3297 7457 7471)
4(3335 3311 7471 7495)
4(3277 3275 7435 7437)
4(3311 3277 7437 7471)
4(3251 3249 7409 7411)
4(3277 3251 7411 7437)
4(3231 3229 7389 7391)
4(3251 3231 7391 7411)
4(3195 3193 7353 7355)
4(3231 3195 7355 7391)
4(3173 3171 7331 7333)
4(3195 3173 7333 7355)
4(3149 3147 7307 7309)
4(3173 3149 7309 7333)
4(3127 3125 7285 7287)
4(3149 3127 7287 7309)
4(3097 3095 7255 7257)
4(3127 3097 7257 7287)
4(3077 3075 7235 7237)
4(3097 3077 7237 7257)
4(3049 3047 7207 7209)
4(3077 3049 7209 7237)
4(3027 3025 7185 7187)
4(3049 3027 7187 7209)
4(2995 2993 7153 7155)
4(3027 2995 7155 7187)
4(2975 2963 7123 7135)
4(2995 2975 7135 7155)
4(2949 2939 7099 7109)
4(2975 2949 7109 7135)
4(2925 2911 7071 7085)
4(2949 2925 7085 7109)
4(2891 2889 7049 7051)
4(2925 2891 7051 7085)
4(2867 2865 7025 7027)
4(2891 2867 7027 7051)
4(2847 2845 7005 7007)
4(2867 2847 7007 7027)
4(2805 2803 6963 6965)
4(2847 2805 6965 7007)
4(2783 2781 6941 6943)
4(2805 2783 6943 6965)
4(2757 2755 6915 6917)
4(2783 2757 6917 6943)
4(2735 2733 6893 6895)
4(2757 2735 6895 6917)
4(2709 2707 6867 6869)
4(2735 2709 6869 6895)
4(2689 2687 6847 6849)
4(2709 2689 6849 6869)
4(2663 2661 6821 6823)
4(2689 2663 6823 6849)
4(2641 2639 6799 6801)
4(2663 2641 6801 6823)
4(2605 2603 6763 6765)
4(2641 2605 6765 6801)
4(2585 2571 6731 6745)
4(2605 2585 6745 6765)
4(2549 2547 6707 6709)
4(2585 2549 6709 6745)
4(2519 2517 6677 6679)
4(2549 2519 6679 6709)
4(2487 2485 6645 6647)
4(2519 2487 6647 6679)
4(2465 2463 6623 6625)
4(2487 2465 6625 6647)
4(2429 2427 6587 6589)
4(2465 2429 6589 6625)
4(2399 2397 6557 6559)
4(2429 2399 6559 6589)
4(2377 2375 6535 6537)
4(2399 2377 6537 6559)
4(2349 2347 6507 6509)
4(2377 2349 6509 6537)
4(2321 2319 6479 6481)
4(2349 2321 6481 6509)
4(2301 2299 6459 6461)
4(2321 2301 6461 6481)
4(2267 2265 6425 6427)
4(2301 2267 6427 6461)
4(2233 2231 6391 6393)
4(2267 2233 6393 6427)
4(2211 2209 6369 6371)
4(2233 2211 6371 6393)
4(2183 2181 6341 6343)
4(2211 2183 6343 6371)
4(2153 2151 6311 6313)
4(2183 2153 6313 6343)
4(2129 2127 6287 6289)
4(2153 2129 6289 6313)
4(2091 2089 6249 6251)
4(2129 2091 6251 6289)
4(2061 2059 6219 6221)
4(2091 2061 6221 6251)
4(2039 2037 6197 6199)
4(2061 2039 6199 6221)
4(2009 2007 6167 6169)
4(2039 2009 6169 6199)
4(1977 1975 6135 6137)
4(2009 1977 6137 6169)
4(1955 1953 6113 6115)
4(1977 1955 6115 6137)
4(1923 1921 6081 6083)
4(1955 1923 6083 6115)
4(1893 1891 6051 6053)
4(1923 1893 6053 6083)
4(1873 1871 6031 6033)
4(1893 1873 6033 6053)
4(1843 1841 6001 6003)
4(1873 1843 6003 6033)
4(1811 1809 5969 5971)
4(1843 1811 5971 6003)
4(1789 1787 5947 5949)
4(1811 1789 5949 5971)
4(1753 1751 5911 5913)
4(1789 1753 5913 5949)
4(1721 1719 5879 5881)
4(1753 1721 5881 5913)
4(1697 1695 5855 5857)
4(1721 1697 5857 5881)
4(1669 1667 5827 5829)
4(1697 1669 5829 5857)
4(1637 1635 5795 5797)
4(1669 1637 5797 5829)
4(1615 1613 5773 5775)
4(1637 1615 5775 5797)
4(1585 1579 5739 5745)
4(1615 1585 5745 5775)
4(1557 1555 5715 5717)
4(1585 1557 5717 5745)
4(1537 1535 5695 5697)
4(1557 1537 5697 5717)
4(1509 1499 5659 5669)
4(1537 1509 5669 5697)
4(1477 1475 5635 5637)
4(1509 1477 5637 5669)
4(1455 1453 5613 5615)
4(1477 1455 5615 5637)
4(1417 1409 5569 5577)
4(1455 1417 5577 5615)
4(1387 1385 5545 5547)
4(1417 1387 5547 5577)
4(1367 1365 5525 5527)
4(1387 1367 5527 5547)
4(1337 1331 5491 5497)
4(1367 1337 5497 5527)
4(1305 1303 5463 5465)
4(1337 1305 5465 5497)
4(1281 1279 5439 5441)
4(1305 1281 5441 5465)
4(1247 1239 5399 5407)
4(1281 1247 5407 5441)
4(1215 1213 5373 5375)
4(1247 1215 5375 5407)
4(1193 1191 5351 5353)
4(1215 1193 5353 5375)
4(1163 1157 5317 5323)
4(1193 1163 5323 5353)
4(1135 1133 5293 5295)
4(1163 1135 5295 5323)
4(1115 1113 5273 5275)
4(1135 1115 5275 5295)
4(1079 1069 5229 5239)
4(1115 1079 5239 5275)
4(1047 1045 5205 5207)
4(1079 1047 5207 5239)
4(1025 1023 5183 5185)
4(1047 1025 5185 5207)
4(997 989 5149 5157)
4(1025 997 5157 5185)
4(967 965 5125 5127)
4(997 967 5127 5157)
4(947 945 5105 5107)
4(967 947 5107 5127)
4(911 899 5059 5071)
4(947 911 5071 5107)
4(549 561 4721 4709)
4(513 531 4691 4673)
4(549 513 4673 4709)
4(477 507 4667 4637)
4(513 477 4637 4673)
4(451 465 4625 4611)
4(477 451 4611 4637)
4(409 431 4591 4569)
4(451 409 4569 4611)
4(357 403 4563 4517)
4(409 357 4517 4569)
4(364 408 4568 4524)
4(420 450 4610 4580)
4(456 476 4636 4616)
4(484 512 4672 4644)
4(948 946 5106 5108)
4(968 966 5126 5128)
4(998 996 5156 5158)
4(1026 1024 5184 5186)
4(1048 1046 5206 5208)
4(1080 1078 5238 5240)
4(1116 1114 5274 5276)
4(1136 1134 5294 5296)
4(1164 1162 5322 5324)
4(1194 1192 5352 5354)
4(1216 1214 5374 5376)
4(1248 1246 5406 5408)
4(1282 1280 5440 5442)
4(1306 1304 5464 5466)
4(1338 1336 5496 5498)
4(1368 1366 5526 5528)
4(1388 1386 5546 5548)
4(1418 1416 5576 5578)
4(1456 1454 5614 5616)
4(1478 1476 5636 5638)
4(1510 1508 5668 5670)
4(1538 1536 5696 5698)
4(1558 1556 5716 5718)
4(1586 1584 5744 5746)
4(1616 1614 5774 5776)
4(1638 1636 5796 5798)
4(1670 1668 5828 5830)
4(1698 1696 5856 5858)
4(1734 1720 5880 5894)
4(1754 1752 5912 5914)
4(1790 1788 5948 5950)
4(1820 1810 5970 5980)
4(1844 1842 6002 6004)
4(1874 1872 6032 6034)
4(1902 1892 6052 6062)
4(1924 1922 6082 6084)
4(1956 1954 6114 6116)
4(1990 1976 6136 6150)
4(2010 2008 6168 6170)
4(2040 2038 6198 6200)
4(2070 2060 6220 6230)
4(2092 2090 6250 6252)
4(2130 2128 6288 6290)
4(2164 2152 6312 6324)
4(2184 2182 6342 6344)
4(2212 2210 6370 6372)
4(2244 2232 6392 6404)
4(2268 2266 6426 6428)
4(2302 2300 6460 6462)
4(2328 2320 6480 6488)
4(2350 2348 6508 6510)
4(2378 2376 6536 6538)
4(2410 2398 6558 6570)
4(2430 2428 6588 6590)
4(2466 2464 6624 6626)
4(2498 2486 6646 6658)
4(2520 2518 6678 6680)
4(2550 2548 6708 6710)
4(2586 2584 6744 6746)
4(2608 2604 6764 6768)
4(2644 2640 6800 6804)
4(2666 2662 6822 6826)
4(2692 2688 6848 6852)
4(2712 2708 6868 6872)
4(2738 2734 6894 6898)
4(2760 2756 6916 6920)
4(2786 2782 6942 6946)
4(2834 2804 6964 6994)
4(2854 2846 7006 7014)
4(2878 2866 7026 7038)
4(2900 2890 7050 7060)
4(2928 2924 7084 7088)
4(2952 2948 7108 7112)
4(2978 2974 7134 7138)
4(2998 2994 7154 7158)
4(3030 3026 7186 7190)
4(3052 3048 7208 7212)
4(3080 3076 7236 7240)
4(3100 3096 7256 7260)
4(3130 3126 7286 7290)
4(3152 3148 7308 7312)
4(3176 3172 7332 7336)
4(3218 3194 7354 7378)
4(3238 3230 7390 7398)
4(3264 3250 7410 7424)
4(3286 3276 7436 7446)
4(3314 3310 7470 7474)
4(3338 3334 7494 7498)
4(3366 3362 7522 7526)
4(3386 3382 7542 7546)
4(3418 3416 7576 7578)
4(3440 3438 7598 7600)
4(3464 3462 7622 7624)
4(3488 3486 7646 7648)
4(3518 3516 7676 7678)
4(3538 3536 7696 7698)
4(3564 3562 7722 7724)
4(3586 3584 7744 7746)
4(3626 3624 7784 7786)
4(3662 3648 7808 7822)
4(3682 3676 7836 7842)
4(3714 3696 7856 7874)
4(3736 3728 7888 7896)
4(3760 3758 7918 7920)
4(3784 3782 7942 7944)
4(3820 3818 7978 7980)
4(3840 3838 7998 8000)
4(3841 3839 7999 8001)
4(3821 3819 7979 7981)
4(3785 3783 7943 7945)
4(3761 3759 7919 7921)
4(3737 3729 7889 7897)
4(3715 3697 7857 7875)
4(3683 3677 7837 7843)
4(3663 3649 7809 7823)
4(3627 3625 7785 7787)
4(3587 3585 7745 7747)
4(3565 3563 7723 7725)
4(3539 3537 7697 7699)
4(3519 3517 7677 7679)
4(3489 3487 7647 7649)
4(3465 3463 7623 7625)
4(3441 3439 7599 7601)
4(3419 3417 7577 7579)
4(3387 3383 7543 7547)
4(3367 3363 7523 7527)
4(3339 3335 7495 7499)
4(3315 3311 7471 7475)
4(3287 3277 7437 7447)
4(3265 3251 7411 7425)
4(3239 3231 7391 7399)
4(3219 3195 7355 7379)
4(3177 3173 7333 7337)
4(3153 3149 7309 7313)
4(3131 3127 7287 7291)
4(3101 3097 7257 7261)
4(3081 3077 7237 7241)
4(3053 3049 7209 7213)
4(3031 3027 7187 7191)
4(2999 2995 7155 7159)
4(2979 2975 7135 7139)
4(2953 2949 7109 7113)
4(2929 2925 7085 7089)
4(2901 2891 7051 7061)
4(2879 2867 7027 7039)
4(2855 2847 7007 7015)
4(2835 2805 6965 6995)
4(2787 2783 6943 6947)
4(2761 2757 6917 6921)
4(2739 2735 6895 6899)
4(2713 2709 6869 6873)
4(2693 2689 6849 6853)
4(2667 2663 6823 6827)
4(2645 2641 6801 6805)
4(2609 2605 6765 6769)
4(2587 2585 6745 6747)
4(2551 2549 6709 6711)
4(2521 2519 6679 6681)
4(2499 2487 6647 6659)
4(2467 2465 6625 6627)
4(2431 2429 6589 6591)
4(2411 2399 6559 6571)
4(2379 2377 6537 6539)
4(2351 2349 6509 6511)
4(2329 2321 6481 6489)
4(2303 2301 6461 6463)
4(2269 2267 6427 6429)
4(2245 2233 6393 6405)
4(2213 2211 6371 6373)
4(2185 2183 6343 6345)
4(2165 2153 6313 6325)
4(2131 2129 6289 6291)
4(2093 2091 6251 6253)
4(2071 2061 6221 6231)
4(2041 2039 6199 6201)
4(2011 2009 6169 6171)
4(1991 1977 6137 6151)
4(1957 1955 6115 6117)
4(1925 1923 6083 6085)
4(1903 1893 6053 6063)
4(1875 1873 6033 6035)
4(1845 1843 6003 6005)
4(1821 1811 5971 5981)
4(1791 1789 5949 5951)
4(1755 1753 5913 5915)
4(1735 1721 5881 5895)
4(1699 1697 5857 5859)
4(1671 1669 5829 5831)
4(1639 1637 5797 5799)
4(1617 1615 5775 5777)
4(1587 1585 5745 5747)
4(1559 1557 5717 5719)
4(1539 1537 5697 5699)
4(1511 1509 5669 5671)
4(1479 1477 5637 5639)
4(1457 1455 5615 5617)
4(1419 1417 5577 5579)
4(1389 1387 5547 5549)
4(1369 1367 5527 5529)
4(1339 1337 5497 5499)
4(1307 1305 5465 5467)
4(1283 1281 5441 5443)
4(1249 1247 5407 5409)
4(1217 1215 5375 5377)
4(1195 1193 5353 5355)
4(1165 1163 5323 5325)
4(1137 1135 5295 5297)
4(1117 1115 5275 5277)
4(1081 1079 5239 5241)
4(1049 1047 5207 5209)
4(1027 1025 5185 5187)
4(999 997 5157 5159)
4(969 967 5127 5129)
4(949 947 5107 5109)
4(485 513 4673 4645)
4(457 477 4637 4617)
4(421 451 4611 4581)
4(365 409 4569 4525)
4(174 198 4358 4334)
4(153 122 4282 4313)
4(236 262 4422 4396)
4(174 236 4396 4334)
4(312 325 4485 4472)
4(236 312 4472 4396)
4(362 381 4541 4522)
4(312 362 4522 4472)
4(412 424 4584 4572)
4(362 412 4572 4522)
4(454 460 4620 4614)
4(412 454 4614 4572)
4(482 493 4653 4642)
4(454 482 4642 4614)
4(516 524 4684 4676)
4(482 516 4676 4642)
4(552 554 4714 4712)
4(516 552 4712 4676)
4(578 592 4752 4738)
4(552 578 4738 4712)
4(614 622 4782 4774)
4(578 614 4774 4738)
4(646 650 4810 4806)
4(614 646 4806 4774)
4(666 677 4837 4826)
4(646 666 4826 4806)
4(694 704 4864 4854)
4(666 694 4854 4826)
4(722 726 4886 4882)
4(694 722 4882 4854)
4(738 753 4913 4898)
4(722 738 4898 4882)
4(776 774 4934 4936)
4(738 776 4936 4898)
4(798 796 4956 4958)
4(776 798 4958 4936)
4(836 824 4984 4996)
4(798 836 4996 4958)
4(860 858 5018 5020)
4(836 860 5020 4996)
4(890 888 5048 5050)
4(860 890 5050 5020)
4(936 927 5087 5096)
4(890 936 5096 5050)
4(956 954 5114 5116)
4(936 956 5116 5096)
4(980 978 5138 5140)
4(956 980 5140 5116)
4(1014 1006 5166 5174)
4(980 1014 5174 5140)
4(1036 1034 5194 5196)
4(1014 1036 5196 5174)
4(1060 1058 5218 5220)
4(1036 1060 5220 5196)
4(1104 1092 5252 5264)
4(1060 1104 5264 5220)
4(1124 1122 5282 5284)
4(1104 1124 5284 5264)
4(1148 1146 5306 5308)
4(1124 1148 5308 5284)
4(1182 1173 5333 5342)
4(1148 1182 5342 5308)
4(1204 1202 5362 5364)
4(1182 1204 5364 5342)
4(1230 1228 5388 5390)
4(1204 1230 5390 5364)
4(1270 1259 5419 5430)
4(1230 1270 5430 5390)
4(1294 1292 5452 5454)
4(1270 1294 5454 5430)
4(1322 1320 5480 5482)
4(1294 1322 5482 5454)
4(1356 1347 5507 5516)
4(1322 1356 5516 5482)
4(1376 1374 5534 5536)
4(1356 1376 5536 5516)
4(1400 1398 5558 5560)
4(1376 1400 5560 5536)
4(1444 1431 5591 5604)
4(1400 1444 5604 5560)
4(1466 1464 5624 5626)
4(1444 1466 5626 5604)
4(1490 1488 5648 5650)
4(1466 1490 5650 5626)
4(1526 1518 5678 5686)
4(1490 1526 5686 5650)
4(1546 1544 5704 5706)
4(1526 1546 5706 5686)
4(1570 1568 5728 5730)
4(1546 1570 5730 5706)
4(1604 1595 5755 5764)
4(1570 1604 5764 5730)
4(1626 1624 5784 5786)
4(1604 1626 5786 5764)
4(1652 1650 5810 5812)
4(1626 1652 5812 5786)
4(1686 1678 5838 5846)
4(1652 1686 5846 5812)
4(1710 1708 5868 5870)
4(1686 1710 5870 5846)
4(1738 1736 5896 5898)
4(1710 1738 5898 5870)
4(1778 1766 5926 5938)
4(1738 1778 5938 5898)
4(1800 1798 5958 5960)
4(1778 1800 5960 5938)
4(1824 1822 5982 5984)
4(1800 1824 5984 5960)
4(1862 1853 6013 6022)
4(1824 1862 6022 5984)
4(1882 1880 6040 6042)
4(1862 1882 6042 6022)
4(1906 1904 6064 6066)
4(1882 1906 6066 6042)
4(1944 1934 6094 6104)
4(1906 1944 6104 6066)
4(1966 1964 6124 6126)
4(1944 1966 6126 6104)
4(1994 1992 6152 6154)
4(1966 1994 6154 6126)
4(2028 2019 6179 6188)
4(1994 2028 6188 6154)
4(2050 2048 6208 6210)
4(2028 2050 6210 6188)
4(2074 2072 6232 6234)
4(2050 2074 6234 6210)
4(2118 2105 6265 6278)
4(2074 2118 6278 6234)
4(2142 2140 6300 6302)
4(2118 2142 6302 6278)
4(2168 2166 6326 6328)
4(2142 2168 6328 6302)
4(2200 2192 6352 6360)
4(2168 2200 6360 6328)
4(2222 2220 6380 6382)
4(2200 2222 6382 6360)
4(2248 2246 6406 6408)
4(2222 2248 6408 6382)
4(2290 2279 6439 6450)
4(2248 2290 6450 6408)
4(2310 2308 6468 6470)
4(2290 2310 6470 6450)
4(2332 2330 6490 6492)
4(2310 2332 6492 6470)
4(2366 2358 6518 6526)
4(2332 2366 6526 6492)
4(2388 2386 6546 6548)
4(2366 2388 6548 6526)
4(2414 2412 6572 6574)
4(2388 2414 6574 6548)
4(2454 2442 6602 6614)
4(2414 2454 6614 6574)
4(2476 2474 6634 6636)
4(2454 2476 6636 6614)
4(2502 2500 6660 6662)
4(2476 2502 6662 6636)
4(2538 2529 6689 6698)
4(2502 2538 6698 6662)
4(2562 2560 6720 6722)
4(2538 2562 6722 6698)
4(2590 2588 6748 6750)
4(2562 2590 6750 6722)
4(2610 2606 6766 6770)
4(2590 2610 6770 6750)
4(2646 2642 6802 6806)
4(2610 2646 6806 6770)
4(2668 2664 6824 6828)
4(2646 2668 6828 6806)
4(2694 2690 6850 6854)
4(2668 2694 6854 6828)
4(2714 2710 6870 6874)
4(2694 2714 6874 6854)
4(2740 2736 6896 6900)
4(2714 2740 6900 6874)
4(2762 2758 6918 6922)
4(2740 2762 6922 6900)
4(2794 2784 6944 6954)
4(2762 2794 6954 6922)
4(2836 2819 6979 6996)
4(2794 2836 6996 6954)
4(2856 2852 7012 7016)
4(2836 2856 7016 6996)
4(2880 2876 7036 7040)
4(2856 2880 7040 7016)
4(2902 2898 7058 7062)
4(2880 2902 7062 7040)
4(2930 2926 7086 7090)
4(2902 2930 7090 7062)
4(2954 2950 7110 7114)
4(2930 2954 7114 7090)
4(2980 2976 7136 7140)
4(2954 2980 7140 7114)
4(3000 2996 7156 7160)
4(2980 3000 7160 7140)
4(3032 3028 7188 7192)
4(3000 3032 7192 7160)
4(3054 3050 7210 7214)
4(3032 3054 7214 7192)
4(3082 3078 7238 7242)
4(3054 3082 7242 7214)
4(3102 3098 7258 7262)
4(3082 3102 7262 7242)
4(3132 3128 7288 7292)
4(3102 3132 7292 7262)
4(3154 3150 7310 7314)
4(3132 3154 7314 7292)
4(3184 3174 7334 7344)
4(3154 3184 7344 7314)
4(3220 3206 7366 7380)
4(3184 3220 7380 7344)
4(3240 3236 7396 7400)
4(3220 3240 7400 7380)
4(3266 3262 7422 7426)
4(3240 3266 7426 7400)
4(3288 3284 7444 7448)
4(3266 3288 7448 7426)
4(3316 3312 7472 7476)
4(3288 3316 7476 7448)
4(3340 3336 7496 7500)
4(3316 3340 7500 7476)
4(3368 3364 7524 7528)
4(3340 3368 7528 7500)
4(3388 3384 7544 7548)
4(3368 3388 7548 7528)
4(3422 3420 7580 7582)
4(3388 3422 7582 7548)
4(3444 3442 7602 7604)
4(3422 3444 7604 7582)
4(3468 3466 7626 7628)
4(3444 3468 7628 7604)
4(3492 3490 7650 7652)
4(3468 3492 7652 7628)
4(3522 3520 7680 7682)
4(3492 3522 7682 7652)
4(3542 3540 7700 7702)
4(3522 3542 7702 7682)
4(3574 3566 7726 7734)
4(3542 3574 7734 7702)
4(3614 3600 7760 7774)
4(3574 3614 7774 7734)
4(3638 3636 7796 7798)
4(3614 3638 7798 7774)
4(3666 3664 7824 7826)
4(3638 3666 7826 7798)
4(3686 3684 7844 7846)
4(3666 3686 7846 7826)
4(3718 3716 7876 7878)
4(3686 3718 7878 7846)
4(3740 3738 7898 7900)
4(3718 3740 7900 7878)
4(3764 3762 7922 7924)
4(3740 3764 7924 7900)
4(3788 3786 7946 7948)
4(3764 3788 7948 7924)
4(3824 3822 7982 7984)
4(3788 3824 7984 7948)
4(3854 3852 8012 8014)
4(3824 3854 8014 7984)
4(3888 3886 8046 8048)
4(3854 3888 8048 8014)
4(3936 3934 8094 8096)
4(3888 3936 8096 8048)
4(3968 3966 8126 8128)
4(3936 3968 8128 8096)
4(4016 4014 8174 8176)
4(3968 4016 8176 8128)
4(4046 4044 8204 8206)
4(4016 4046 8206 8176)
4(4047 4045 8205 8207)
4(4017 4015 8175 8177)
4(4047 4017 8177 8207)
4(3969 3967 8127 8129)
4(4017 3969 8129 8177)
4(3937 3935 8095 8097)
4(3969 3937 8097 8129)
4(3889 3887 8047 8049)
4(3937 3889 8049 8097)
4(3855 3853 8013 8015)
4(3889 3855 8015 8049)
4(3825 3823 7983 7985)
4(3855 3825 7985 8015)
4(3789 3787 7947 7949)
4(3825 3789 7949 7985)
4(3765 3763 7923 7925)
4(3789 3765 7925 7949)
4(3741 3739 7899 7901)
4(3765 3741 7901 7925)
4(3719 3717 7877 7879)
4(3741 3719 7879 7901)
4(3687 3685 7845 7847)
4(3719 3687 7847 7879)
4(3667 3665 7825 7827)
4(3687 3667 7827 7847)
4(3639 3637 7797 7799)
4(3667 3639 7799 7827)
4(3615 3601 7761 7775)
4(3639 3615 7775 7799)
4(3575 3567 7727 7735)
4(3615 3575 7735 7775)
4(3543 3541 7701 7703)
4(3575 3543 7703 7735)
4(3523 3521 7681 7683)
4(3543 3523 7683 7703)
4(3493 3491 7651 7653)
4(3523 3493 7653 7683)
4(3469 3467 7627 7629)
4(3493 3469 7629 7653)
4(3445 3443 7603 7605)
4(3469 3445 7605 7629)
4(3423 3421 7581 7583)
4(3445 3423 7583 7605)
4(3389 3385 7545 7549)
4(3423 3389 7549 7583)
4(3369 3365 7525 7529)
4(3389 3369 7529 7549)
4(3341 3337 7497 7501)
4(3369 3341 7501 7529)
4(3317 3313 7473 7477)
4(3341 3317 7477 7501)
4(3289 3285 7445 7449)
4(3317 3289 7449 7477)
4(3267 3263 7423 7427)
4(3289 3267 7427 7449)
4(3241 3237 7397 7401)
4(3267 3241 7401 7427)
4(3221 3207 7367 7381)
4(3241 3221 7381 7401)
4(3185 3175 7335 7345)
4(3221 3185 7345 7381)
4(3155 3151 7311 7315)
4(3185 3155 7315 7345)
4(3133 3129 7289 7293)
4(3155 3133 7293 7315)
4(3103 3099 7259 7263)
4(3133 3103 7263 7293)
4(3083 3079 7239 7243)
4(3103 3083 7243 7263)
4(3055 3051 7211 7215)
4(3083 3055 7215 7243)
4(3033 3029 7189 7193)
4(3055 3033 7193 7215)
4(3001 2997 7157 7161)
4(3033 3001 7161 7193)
4(2981 2977 7137 7141)
4(3001 2981 7141 7161)
4(2955 2951 7111 7115)
4(2981 2955 7115 7141)
4(2931 2927 7087 7091)
4(2955 2931 7091 7115)
4(2903 2899 7059 7063)
4(2931 2903 7063 7091)
4(2881 2877 7037 7041)
4(2903 2881 7041 7063)
4(2857 2853 7013 7017)
4(2881 2857 7017 7041)
4(2837 2820 6980 6997)
4(2857 2837 6997 7017)
4(2795 2785 6945 6955)
4(2837 2795 6955 6997)
4(2763 2759 6919 6923)
4(2795 2763 6923 6955)
4(2741 2737 6897 6901)
4(2763 2741 6901 6923)
4(2715 2711 6871 6875)
4(2741 2715 6875 6901)
4(2695 2691 6851 6855)
4(2715 2695 6855 6875)
4(2669 2665 6825 6829)
4(2695 2669 6829 6855)
4(2647 2643 6803 6807)
4(2669 2647 6807 6829)
4(2611 2607 6767 6771)
4(2647 2611 6771 6807)
4(2591 2589 6749 6751)
4(2611 2591 6751 6771)
4(2563 2561 6721 6723)
4(2591 2563 6723 6751)
4(2539 2530 6690 6699)
4(2563 2539 6699 6723)
4(2503 2501 6661 6663)
4(2539 2503 6663 6699)
4(2477 2475 6635 6637)
4(2503 2477 6637 6663)
4(2455 2443 6603 6615)
4(2477 2455 6615 6637)
4(2415 2413 6573 6575)
4(2455 2415 6575 6615)
4(2389 2387 6547 6549)
4(2415 2389 6549 6575)
4(2367 2359 6519 6527)
4(2389 2367 6527 6549)
4(2333 2331 6491 6493)
4(2367 2333 6493 6527)
4(2311 2309 6469 6471)
4(2333 2311 6471 6493)
4(2291 2280 6440 6451)
4(2311 2291 6451 6471)
4(2249 2247 6407 6409)
4(2291 2249 6409 6451)
4(2223 2221 6381 6383)
4(2249 2223 6383 6409)
4(2201 2193 6353 6361)
4(2223 2201 6361 6383)
4(2169 2167 6327 6329)
4(2201 2169 6329 6361)
4(2143 2141 6301 6303)
4(2169 2143 6303 6329)
4(2119 2106 6266 6279)
4(2143 2119 6279 6303)
4(2075 2073 6233 6235)
4(2119 2075 6235 6279)
4(2051 2049 6209 6211)
4(2075 2051 6211 6235)
4(2029 2020 6180 6189)
4(2051 2029 6189 6211)
4(1995 1993 6153 6155)
4(2029 1995 6155 6189)
4(1967 1965 6125 6127)
4(1995 1967 6127 6155)
4(1945 1935 6095 6105)
4(1967 1945 6105 6127)
4(1907 1905 6065 6067)
4(1945 1907 6067 6105)
4(1883 1881 6041 6043)
4(1907 1883 6043 6067)
4(1863 1854 6014 6023)
4(1883 1863 6023 6043)
4(1825 1823 5983 5985)
4(1863 1825 5985 6023)
4(1801 1799 5959 5961)
4(1825 1801 5961 5985)
4(1779 1767 5927 5939)
4(1801 1779 5939 5961)
4(1739 1737 5897 5899)
4(1779 1739 5899 5939)
4(1711 1709 5869 5871)
4(1739 1711 5871 5899)
4(1687 1679 5839 5847)
4(1711 1687 5847 5871)
4(1653 1651 5811 5813)
4(1687 1653 5813 5847)
4(1627 1625 5785 5787)
4(1653 1627 5787 5813)
4(1605 1596 5756 5765)
4(1627 1605 5765 5787)
4(1571 1569 5729 5731)
4(1605 1571 5731 5765)
4(1547 1545 5705 5707)
4(1571 1547 5707 5731)
4(1527 1519 5679 5687)
4(1547 1527 5687 5707)
4(1491 1489 5649 5651)
4(1527 1491 5651 5687)
4(1467 1465 5625 5627)
4(1491 1467 5627 5651)
4(1445 1432 5592 5605)
4(1467 1445 5605 5627)
4(1401 1399 5559 5561)
4(1445 1401 5561 5605)
4(1377 1375 5535 5537)
4(1401 1377 5537 5561)
4(1357 1348 5508 5517)
4(1377 1357 5517 5537)
4(1323 1321 5481 5483)
4(1357 1323 5483 5517)
4(1295 1293 5453 5455)
4(1323 1295 5455 5483)
4(1271 1260 5420 5431)
4(1295 1271 5431 5455)
4(1231 1229 5389 5391)
4(1271 1231 5391 5431)
4(1205 1203 5363 5365)
4(1231 1205 5365 5391)
4(1183 1174 5334 5343)
4(1205 1183 5343 5365)
4(1149 1147 5307 5309)
4(1183 1149 5309 5343)
4(1125 1123 5283 5285)
4(1149 1125 5285 5309)
4(1105 1093 5253 5265)
4(1125 1105 5265 5285)
4(1061 1059 5219 5221)
4(1105 1061 5221 5265)
4(1037 1035 5195 5197)
4(1061 1037 5197 5221)
4(1015 1007 5167 5175)
4(1037 1015 5175 5197)
4(981 979 5139 5141)
4(1015 981 5141 5175)
4(957 955 5115 5117)
4(981 957 5117 5141)
4(937 928 5088 5097)
4(957 937 5097 5117)
4(891 889 5049 5051)
4(937 891 5051 5097)
4(861 859 5019 5021)
4(891 861 5021 5051)
4(837 825 4985 4997)
4(861 837 4997 5021)
4(799 797 4957 4959)
4(837 799 4959 4997)
4(777 775 4935 4937)
4(799 777 4937 4959)
4(739 754 4914 4899)
4(777 739 4899 4937)
4(723 727 4887 4883)
4(739 723 4883 4899)
4(695 705 4865 4855)
4(723 695 4855 4883)
4(667 678 4838 4827)
4(695 667 4827 4855)
4(647 651 4811 4807)
4(667 647 4807 4827)
4(615 623 4783 4775)
4(647 615 4775 4807)
4(579 593 4753 4739)
4(615 579 4739 4775)
4(553 555 4715 4713)
4(579 553 4713 4739)
4(517 525 4685 4677)
4(553 517 4677 4713)
4(483 494 4654 4643)
4(517 483 4643 4677)
4(455 461 4621 4615)
4(483 455 4615 4643)
4(413 425 4585 4573)
4(455 413 4573 4615)
4(363 382 4542 4523)
4(413 363 4523 4573)
4(313 326 4486 4473)
4(363 313 4473 4523)
4(237 263 4423 4397)
4(313 237 4397 4473)
4(175 199 4359 4335)
4(237 175 4335 4397)
4(230 236 4396 4390)
4(272 312 4472 4432)
4(230 272 4432 4390)
4(352 362 4522 4512)
4(272 352 4512 4432)
4(406 412 4572 4566)
4(352 406 4566 4512)
4(432 454 4614 4592)
4(406 432 4592 4566)
4(474 482 4642 4634)
4(432 474 4634 4592)
4(510 516 4676 4670)
4(474 510 4670 4634)
4(532 552 4712 4692)
4(510 532 4692 4670)
4(570 578 4738 4730)
4(532 570 4730 4692)
4(608 614 4774 4768)
4(570 608 4768 4730)
4(630 646 4806 4790)
4(608 630 4790 4768)
4(662 666 4826 4822)
4(630 662 4822 4790)
4(690 694 4854 4850)
4(662 690 4850 4822)
4(708 722 4882 4868)
4(690 708 4868 4850)
4(736 738 4898 4896)
4(778 776 4936 4938)
4(800 798 4958 4960)
4(778 800 4960 4938)
4(838 836 4996 4998)
4(800 838 4998 4960)
4(862 860 5020 5022)
4(838 862 5022 4998)
4(892 890 5050 5052)
4(862 892 5052 5022)
4(938 936 5096 5098)
4(892 938 5098 5052)
4(958 956 5116 5118)
4(938 958 5118 5098)
4(982 980 5140 5142)
4(958 982 5142 5118)
4(1016 1014 5174 5176)
4(982 1016 5176 5142)
4(1038 1036 5196 5198)
4(1016 1038 5198 5176)
4(1062 1060 5220 5222)
4(1038 1062 5222 5198)
4(1106 1104 5264 5266)
4(1062 1106 5266 5222)
4(1126 1124 5284 5286)
4(1106 1126 5286 5266)
4(1150 1148 5308 5310)
4(1126 1150 5310 5286)
4(1184 1182 5342 5344)
4(1150 1184 5344 5310)
4(1206 1204 5364 5366)
4(1184 1206 5366 5344)
4(1232 1230 5390 5392)
4(1206 1232 5392 5366)
4(1272 1270 5430 5432)
4(1232 1272 5432 5392)
4(1296 1294 5454 5456)
4(1272 1296 5456 5432)
4(1324 1322 5482 5484)
4(1296 1324 5484 5456)
4(1358 1356 5516 5518)
4(1324 1358 5518 5484)
4(1378 1376 5536 5538)
4(1358 1378 5538 5518)
4(1402 1400 5560 5562)
4(1378 1402 5562 5538)
4(1446 1444 5604 5606)
4(1402 1446 5606 5562)
4(1468 1466 5626 5628)
4(1446 1468 5628 5606)
4(1492 1490 5650 5652)
4(1468 1492 5652 5628)
4(1528 1526 5686 5688)
4(1492 1528 5688 5652)
4(1548 1546 5706 5708)
4(1528 1548 5708 5688)
4(1572 1570 5730 5732)
4(1548 1572 5732 5708)
4(1606 1604 5764 5766)
4(1572 1606 5766 5732)
4(1628 1626 5786 5788)
4(1606 1628 5788 5766)
4(1654 1652 5812 5814)
4(1628 1654 5814 5788)
4(1688 1686 5846 5848)
4(1654 1688 5848 5814)
4(1712 1710 5870 5872)
4(1688 1712 5872 5848)
4(1740 1738 5898 5900)
4(1712 1740 5900 5872)
4(1780 1778 5938 5940)
4(1740 1780 5940 5900)
4(1802 1800 5960 5962)
4(1780 1802 5962 5940)
4(1826 1824 5984 5986)
4(1802 1826 5986 5962)
4(1864 1862 6022 6024)
4(1826 1864 6024 5986)
4(1884 1882 6042 6044)
4(1864 1884 6044 6024)
4(1908 1906 6066 6068)
4(1884 1908 6068 6044)
4(1946 1944 6104 6106)
4(1908 1946 6106 6068)
4(1968 1966 6126 6128)
4(1946 1968 6128 6106)
4(1996 1994 6154 6156)
4(1968 1996 6156 6128)
4(2030 2028 6188 6190)
4(1996 2030 6190 6156)
4(2052 2050 6210 6212)
4(2030 2052 6212 6190)
4(2076 2074 6234 6236)
4(2052 2076 6236 6212)
4(2120 2118 6278 6280)
4(2076 2120 6280 6236)
4(2144 2142 6302 6304)
4(2120 2144 6304 6280)
4(2170 2168 6328 6330)
4(2144 2170 6330 6304)
4(2202 2200 6360 6362)
4(2170 2202 6362 6330)
4(2224 2222 6382 6384)
4(2202 2224 6384 6362)
4(2250 2248 6408 6410)
4(2224 2250 6410 6384)
4(2292 2290 6450 6452)
4(2250 2292 6452 6410)
4(2312 2310 6470 6472)
4(2292 2312 6472 6452)
4(2334 2332 6492 6494)
4(2312 2334 6494 6472)
4(2368 2366 6526 6528)
4(2334 2368 6528 6494)
4(2390 2388 6548 6550)
4(2368 2390 6550 6528)
4(2416 2414 6574 6576)
4(2390 2416 6576 6550)
4(2456 2454 6614 6616)
4(2416 2456 6616 6576)
4(2478 2476 6636 6638)
4(2456 2478 6638 6616)
4(2504 2502 6662 6664)
4(2478 2504 6664 6638)
4(2540 2538 6698 6700)
4(2504 2540 6700 6664)
4(2564 2562 6722 6724)
4(2540 2564 6724 6700)
4(2592 2590 6750 6752)
4(2564 2592 6752 6724)
4(2612 2610 6770 6772)
4(2592 2612 6772 6752)
4(2648 2646 6806 6808)
4(2612 2648 6808 6772)
4(2670 2668 6828 6830)
4(2648 2670 6830 6808)
4(2696 2694 6854 6856)
4(2670 2696 6856 6830)
4(2716 2714 6874 6876)
4(2696 2716 6876 6856)
4(2748 2740 6900 6908)
4(2716 2748 6908 6876)
4(2774 2762 6922 6934)
4(2748 2774 6934 6908)
4(2796 2794 6954 6956)
4(2774 2796 6956 6934)
4(2838 2836 6996 6998)
4(2796 2838 6998 6956)
4(2858 2856 7016 7018)
4(2838 2858 7018 6998)
4(2882 2880 7040 7042)
4(2858 2882 7042 7018)
4(2904 2902 7062 7064)
4(2882 2904 7064 7042)
4(2932 2930 7090 7092)
4(2904 2932 7092 7064)
4(2956 2954 7114 7116)
4(2932 2956 7116 7092)
4(2982 2980 7140 7142)
4(2956 2982 7142 7116)
4(3002 3000 7160 7162)
4(2982 3002 7162 7142)
4(3034 3032 7192 7194)
4(3002 3034 7194 7162)
4(3056 3054 7214 7216)
4(3034 3056 7216 7194)
4(3084 3082 7242 7244)
4(3056 3084 7244 7216)
4(3104 3102 7262 7264)
4(3084 3104 7264 7244)
4(3140 3132 7292 7300)
4(3104 3140 7300 7264)
4(3164 3154 7314 7324)
4(3140 3164 7324 7300)
4(3186 3184 7344 7346)
4(3164 3186 7346 7324)
4(3222 3220 7380 7382)
4(3186 3222 7382 7346)
4(3242 3240 7400 7402)
4(3222 3242 7402 7382)
4(3268 3266 7426 7428)
4(3242 3268 7428 7402)
4(3290 3288 7448 7450)
4(3268 3290 7450 7428)
4(3318 3316 7476 7478)
4(3290 3318 7478 7450)
4(3342 3340 7500 7502)
4(3318 3342 7502 7478)
4(3370 3368 7528 7530)
4(3342 3370 7530 7502)
4(3390 3388 7548 7550)
4(3370 3390 7550 7530)
4(3424 3422 7582 7584)
4(3390 3424 7584 7550)
4(3446 3444 7604 7606)
4(3424 3446 7606 7584)
4(3470 3468 7628 7630)
4(3446 3470 7630 7606)
4(3494 3492 7652 7654)
4(3470 3494 7654 7630)
4(3524 3522 7682 7684)
4(3494 3524 7684 7654)
4(3554 3542 7702 7714)
4(3524 3554 7714 7684)
4(3576 3574 7734 7736)
4(3554 3576 7736 7714)
4(3616 3614 7774 7776)
4(3576 3616 7776 7736)
4(3640 3638 7798 7800)
4(3616 3640 7800 7776)
4(3668 3666 7826 7828)
4(3640 3668 7828 7800)
4(3688 3686 7846 7848)
4(3668 3688 7848 7828)
4(3720 3718 7878 7880)
4(3688 3720 7880 7848)
4(3742 3740 7900 7902)
4(3720 3742 7902 7880)
4(3766 3764 7924 7926)
4(3742 3766 7926 7902)
4(3790 3788 7948 7950)
4(3766 3790 7950 7926)
4(3826 3824 7984 7986)
4(3790 3826 7986 7950)
4(3856 3854 8014 8016)
4(3826 3856 8016 7986)
4(3890 3888 8048 8050)
4(3856 3890 8050 8016)
4(3938 3936 8096 8098)
4(3890 3938 8098 8050)
4(3976 3968 8128 8136)
4(3938 3976 8136 8098)
4(4018 4016 8176 8178)
4(3976 4018 8178 8136)
4(4019 4017 8177 8179)
4(3977 3969 8129 8137)
4(4019 3977 8137 8179)
4(3939 3937 8097 8099)
4(3977 3939 8099 8137)
4(3891 3889 8049 8051)
4(3939 3891 8051 8099)
4(3857 3855 8015 8017)
4(3891 3857 8017 8051)
4(3827 3825 7985 7987)
4(3857 3827 7987 8017)
4(3791 3789 7949 7951)
4(3827 3791 7951 7987)
4(3767 3765 7925 7927)
4(3791 3767 7927 7951)
4(3743 3741 7901 7903)
4(3767 3743 7903 7927)
4(3721 3719 7879 7881)
4(3743 3721 7881 7903)
4(3689 3687 7847 7849)
4(3721 3689 7849 7881)
4(3669 3667 7827 7829)
4(3689 3669 7829 7849)
4(3641 3639 7799 7801)
4(3669 3641 7801 7829)
4(3617 3615 7775 7777)
4(3641 3617 7777 7801)
4(3577 3575 7735 7737)
4(3617 3577 7737 7777)
4(3555 3543 7703 7715)
4(3577 3555 7715 7737)
4(3525 3523 7683 7685)
4(3555 3525 7685 7715)
4(3495 3493 7653 7655)
4(3525 3495 7655 7685)
4(3471 3469 7629 7631)
4(3495 3471 7631 7655)
4(3447 3445 7605 7607)
4(3471 3447 7607 7631)
4(3425 3423 7583 7585)
4(3447 3425 7585 7607)
4(3391 3389 7549 7551)
4(3425 3391 7551 7585)
4(3371 3369 7529 7531)
4(3391 3371 7531 7551)
4(3343 3341 7501 7503)
4(3371 3343 7503 7531)
4(3319 3317 7477 7479)
4(3343 3319 7479 7503)
4(3291 3289 7449 7451)
4(3319 3291 7451 7479)
4(3269 3267 7427 7429)
4(3291 3269 7429 7451)
4(3243 3241 7401 7403)
4(3269 3243 7403 7429)
4(3223 3221 7381 7383)
4(3243 3223 7383 7403)
4(3187 3185 7345 7347)
4(3223 3187 7347 7383)
4(3165 3155 7315 7325)
4(3187 3165 7325 7347)
4(3141 3133 7293 7301)
4(3165 3141 7301 7325)
4(3105 3103 7263 7265)
4(3141 3105 7265 7301)
4(3085 3083 7243 7245)
4(3105 3085 7245 7265)
4(3057 3055 7215 7217)
4(3085 3057 7217 7245)
4(3035 3033 7193 7195)
4(3057 3035 7195 7217)
4(3003 3001 7161 7163)
4(3035 3003 7163 7195)
4(2983 2981 7141 7143)
4(3003 2983 7143 7163)
4(2957 2955 7115 7117)
4(2983 2957 7117 7143)
4(2933 2931 7091 7093)
4(2957 2933 7093 7117)
4(2905 2903 7063 7065)
4(2933 2905 7065 7093)
4(2883 2881 7041 7043)
4(2905 2883 7043 7065)
4(2859 2857 7017 7019)
4(2883 2859 7019 7043)
4(2839 2837 6997 6999)
4(2859 2839 6999 7019)
4(2797 2795 6955 6957)
4(2839 2797 6957 6999)
4(2775 2763 6923 6935)
4(2797 2775 6935 6957)
4(2749 2741 6901 6909)
4(2775 2749 6909 6935)
4(2717 2715 6875 6877)
4(2749 2717 6877 6909)
4(2697 2695 6855 6857)
4(2717 2697 6857 6877)
4(2671 2669 6829 6831)
4(2697 2671 6831 6857)
4(2649 2647 6807 6809)
4(2671 2649 6809 6831)
4(2613 2611 6771 6773)
4(2649 2613 6773 6809)
4(2593 2591 6751 6753)
4(2613 2593 6753 6773)
4(2565 2563 6723 6725)
4(2593 2565 6725 6753)
4(2541 2539 6699 6701)
4(2565 2541 6701 6725)
4(2505 2503 6663 6665)
4(2541 2505 6665 6701)
4(2479 2477 6637 6639)
4(2505 2479 6639 6665)
4(2457 2455 6615 6617)
4(2479 2457 6617 6639)
4(2417 2415 6575 6577)
4(2457 2417 6577 6617)
4(2391 2389 6549 6551)
4(2417 2391 6551 6577)
4(2369 2367 6527 6529)
4(2391 2369 6529 6551)
4(2335 2333 6493 6495)
4(2369 2335 6495 6529)
4(2313 2311 6471 6473)
4(2335 2313 6473 6495)
4(2293 2291 6451 6453)
4(2313 2293 6453 6473)
4(2251 2249 6409 6411)
4(2293 2251 6411 6453)
4(2225 2223 6383 6385)
4(2251 2225 6385 6411)
4(2203 2201 6361 6363)
4(2225 2203 6363 6385)
4(2171 2169 6329 6331)
4(2203 2171 6331 6363)
4(2145 2143 6303 6305)
4(2171 2145 6305 6331)
4(2121 2119 6279 6281)
4(2145 2121 6281 6305)
4(2077 2075 6235 6237)
4(2121 2077 6237 6281)
4(2053 2051 6211 6213)
4(2077 2053 6213 6237)
4(2031 2029 6189 6191)
4(2053 2031 6191 6213)
4(1997 1995 6155 6157)
4(2031 1997 6157 6191)
4(1969 1967 6127 6129)
4(1997 1969 6129 6157)
4(1947 1945 6105 6107)
4(1969 1947 6107 6129)
4(1909 1907 6067 6069)
4(1947 1909 6069 6107)
4(1885 1883 6043 6045)
4(1909 1885 6045 6069)
4(1865 1863 6023 6025)
4(1885 1865 6025 6045)
4(1827 1825 5985 5987)
4(1865 1827 5987 6025)
4(1803 1801 5961 5963)
4(1827 1803 5963 5987)
4(1781 1779 5939 5941)
4(1803 1781 5941 5963)
4(1741 1739 5899 5901)
4(1781 1741 5901 5941)
4(1713 1711 5871 5873)
4(1741 1713 5873 5901)
4(1689 1687 5847 5849)
4(1713 1689 5849 5873)
4(1655 1653 5813 5815)
4(1689 1655 5815 5849)
4(1629 1627 5787 5789)
4(1655 1629 5789 5815)
4(1607 1605 5765 5767)
4(1629 1607 5767 5789)
4(1573 1571 5731 5733)
4(1607 1573 5733 5767)
4(1549 1547 5707 5709)
4(1573 1549 5709 5733)
4(1529 1527 5687 5689)
4(1549 1529 5689 5709)
4(1493 1491 5651 5653)
4(1529 1493 5653 5689)
4(1469 1467 5627 5629)
4(1493 1469 5629 5653)
4(1447 1445 5605 5607)
4(1469 1447 5607 5629)
4(1403 1401 5561 5563)
4(1447 1403 5563 5607)
4(1379 1377 5537 5539)
4(1403 1379 5539 5563)
4(1359 1357 5517 5519)
4(1379 1359 5519 5539)
4(1325 1323 5483 5485)
4(1359 1325 5485 5519)
4(1297 1295 5455 5457)
4(1325 1297 5457 5485)
4(1273 1271 5431 5433)
4(1297 1273 5433 5457)
4(1233 1231 5391 5393)
4(1273 1233 5393 5433)
4(1207 1205 5365 5367)
4(1233 1207 5367 5393)
4(1185 1183 5343 5345)
4(1207 1185 5345 5367)
4(1151 1149 5309 5311)
4(1185 1151 5311 5345)
4(1127 1125 5285 5287)
4(1151 1127 5287 5311)
4(1107 1105 5265 5267)
4(1127 1107 5267 5287)
4(1063 1061 5221 5223)
4(1107 1063 5223 5267)
4(1039 1037 5197 5199)
4(1063 1039 5199 5223)
4(1017 1015 5175 5177)
4(1039 1017 5177 5199)
4(983 981 5141 5143)
4(1017 983 5143 5177)
4(959 957 5117 5119)
4(983 959 5119 5143)
4(939 937 5097 5099)
4(959 939 5099 5119)
4(893 891 5051 5053)
4(939 893 5053 5099)
4(863 861 5021 5023)
4(893 863 5023 5053)
4(839 837 4997 4999)
4(863 839 4999 5023)
4(801 799 4959 4961)
4(839 801 4961 4999)
4(779 777 4937 4939)
4(801 779 4939 4961)
4(737 739 4899 4897)
4(709 723 4883 4869)
4(691 695 4855 4851)
4(709 691 4851 4869)
4(663 667 4827 4823)
4(691 663 4823 4851)
4(631 647 4807 4791)
4(663 631 4791 4823)
4(609 615 4775 4769)
4(631 609 4769 4791)
4(571 579 4739 4731)
4(609 571 4731 4769)
4(533 553 4713 4693)
4(571 533 4693 4731)
4(511 517 4677 4671)
4(533 511 4671 4693)
4(475 483 4643 4635)
4(511 475 4635 4671)
4(433 455 4615 4593)
4(475 433 4593 4635)
4(407 413 4573 4567)
4(433 407 4567 4593)
4(353 363 4523 4513)
4(407 353 4513 4567)
4(273 313 4473 4433)
4(353 273 4433 4513)
4(231 237 4397 4391)
4(273 231 4391 4433)
4(264 272 4432 4424)
4(328 352 4512 4488)
4(264 328 4488 4424)
4(400 406 4566 4560)
4(328 400 4560 4488)
4(426 432 4592 4586)
4(400 426 4586 4560)
4(462 474 4634 4622)
4(426 462 4622 4586)
4(504 510 4670 4664)
4(462 504 4664 4622)
4(526 532 4692 4686)
4(504 526 4686 4664)
4(556 570 4730 4716)
4(526 556 4716 4686)
4(604 608 4768 4764)
4(556 604 4764 4716)
4(624 630 4790 4784)
4(604 624 4784 4764)
4(652 662 4822 4812)
4(624 652 4812 4784)
4(688 690 4850 4848)
4(652 688 4848 4812)
4(802 800 4960 4962)
4(840 838 4998 5000)
4(802 840 5000 4962)
4(864 862 5022 5024)
4(840 864 5024 5000)
4(894 892 5052 5054)
4(864 894 5054 5024)
4(940 938 5098 5100)
4(894 940 5100 5054)
4(960 958 5118 5120)
4(940 960 5120 5100)
4(984 982 5142 5144)
4(960 984 5144 5120)
4(1018 1016 5176 5178)
4(984 1018 5178 5144)
4(1040 1038 5198 5200)
4(1018 1040 5200 5178)
4(1064 1062 5222 5224)
4(1040 1064 5224 5200)
4(1108 1106 5266 5268)
4(1064 1108 5268 5224)
4(1128 1126 5286 5288)
4(1108 1128 5288 5268)
4(1152 1150 5310 5312)
4(1128 1152 5312 5288)
4(1186 1184 5344 5346)
4(1152 1186 5346 5312)
4(1208 1206 5366 5368)
4(1186 1208 5368 5346)
4(1234 1232 5392 5394)
4(1208 1234 5394 5368)
4(1274 1272 5432 5434)
4(1234 1274 5434 5394)
4(1298 1296 5456 5458)
4(1274 1298 5458 5434)
4(1326 1324 5484 5486)
4(1298 1326 5486 5458)
4(1360 1358 5518 5520)
4(1326 1360 5520 5486)
4(1380 1378 5538 5540)
4(1360 1380 5540 5520)
4(1404 1402 5562 5564)
4(1380 1404 5564 5540)
4(1448 1446 5606 5608)
4(1404 1448 5608 5564)
4(1470 1468 5628 5630)
4(1448 1470 5630 5608)
4(1494 1492 5652 5654)
4(1470 1494 5654 5630)
4(1530 1528 5688 5690)
4(1494 1530 5690 5654)
4(1550 1548 5708 5710)
4(1530 1550 5710 5690)
4(1574 1572 5732 5734)
4(1550 1574 5734 5710)
4(1608 1606 5766 5768)
4(1574 1608 5768 5734)
4(1630 1628 5788 5790)
4(1608 1630 5790 5768)
4(1656 1654 5814 5816)
4(1630 1656 5816 5790)
4(1690 1688 5848 5850)
4(1656 1690 5850 5816)
4(1714 1712 5872 5874)
4(1690 1714 5874 5850)
4(1742 1740 5900 5902)
4(1714 1742 5902 5874)
4(1782 1780 5940 5942)
4(1742 1782 5942 5902)
4(1804 1802 5962 5964)
4(1782 1804 5964 5942)
4(1828 1826 5986 5988)
4(1804 1828 5988 5964)
4(1866 1864 6024 6026)
4(1828 1866 6026 5988)
4(1886 1884 6044 6046)
4(1866 1886 6046 6026)
4(1910 1908 6068 6070)
4(1886 1910 6070 6046)
4(1948 1946 6106 6108)
4(1910 1948 6108 6070)
4(1970 1968 6128 6130)
4(1948 1970 6130 6108)
4(1998 1996 6156 6158)
4(1970 1998 6158 6130)
4(2032 2030 6190 6192)
4(1998 2032 6192 6158)
4(2054 2052 6212 6214)
4(2032 2054 6214 6192)
4(2078 2076 6236 6238)
4(2054 2078 6238 6214)
4(2122 2120 6280 6282)
4(2078 2122 6282 6238)
4(2146 2144 6304 6306)
4(2122 2146 6306 6282)
4(2172 2170 6330 6332)
4(2146 2172 6332 6306)
4(2204 2202 6362 6364)
4(2172 2204 6364 6332)
4(2226 2224 6384 6386)
4(2204 2226 6386 6364)
4(2252 2250 6410 6412)
4(2226 2252 6412 6386)
4(2294 2292 6452 6454)
4(2252 2294 6454 6412)
4(2314 2312 6472 6474)
4(2294 2314 6474 6454)
4(2336 2334 6494 6496)
4(2314 2336 6496 6474)
4(2370 2368 6528 6530)
4(2336 2370 6530 6496)
4(2392 2390 6550 6552)
4(2370 2392 6552 6530)
4(2418 2416 6576 6578)
4(2392 2418 6578 6552)
4(2458 2456 6616 6618)
4(2418 2458 6618 6578)
4(2480 2478 6638 6640)
4(2458 2480 6640 6618)
4(2506 2504 6664 6666)
4(2480 2506 6666 6640)
4(2542 2540 6700 6702)
4(2506 2542 6702 6666)
4(2566 2564 6724 6726)
4(2542 2566 6726 6702)
4(2594 2592 6752 6754)
4(2566 2594 6754 6726)
4(2614 2612 6772 6774)
4(2594 2614 6774 6754)
4(2650 2648 6808 6810)
4(2614 2650 6810 6774)
4(2672 2670 6830 6832)
4(2650 2672 6832 6810)
4(2698 2696 6856 6858)
4(2672 2698 6858 6832)
4(2728 2716 6876 6888)
4(2698 2728 6888 6858)
4(2750 2748 6908 6910)
4(2728 2750 6910 6888)
4(2776 2774 6934 6936)
4(2750 2776 6936 6910)
4(2798 2796 6956 6958)
4(2776 2798 6958 6936)
4(2840 2838 6998 7000)
4(2798 2840 7000 6958)
4(2860 2858 7018 7020)
4(2840 2860 7020 7000)
4(2884 2882 7042 7044)
4(2860 2884 7044 7020)
4(2906 2904 7064 7066)
4(2884 2906 7066 7044)
4(2934 2932 7092 7094)
4(2906 2934 7094 7066)
4(2958 2956 7116 7118)
4(2934 2958 7118 7094)
4(2984 2982 7142 7144)
4(2958 2984 7144 7118)
4(3004 3002 7162 7164)
4(2984 3004 7164 7144)
4(3036 3034 7194 7196)
4(3004 3036 7196 7164)
4(3058 3056 7216 7218)
4(3036 3058 7218 7196)
4(3086 3084 7244 7246)
4(3058 3086 7246 7218)
4(3120 3104 7264 7280)
4(3086 3120 7280 7246)
4(3142 3140 7300 7302)
4(3120 3142 7302 7280)
4(3166 3164 7324 7326)
4(3142 3166 7326 7302)
4(3188 3186 7346 7348)
4(3166 3188 7348 7326)
4(3224 3222 7382 7384)
4(3188 3224 7384 7348)
4(3244 3242 7402 7404)
4(3224 3244 7404 7384)
4(3270 3268 7428 7430)
4(3244 3270 7430 7404)
4(3292 3290 7450 7452)
4(3270 3292 7452 7430)
4(3320 3318 7478 7480)
4(3292 3320 7480 7452)
4(3344 3342 7502 7504)
4(3320 3344 7504 7480)
4(3372 3370 7530 7532)
4(3344 3372 7532 7504)
4(3392 3390 7550 7552)
4(3372 3392 7552 7532)
4(3426 3424 7584 7586)
4(3392 3426 7586 7552)
4(3448 3446 7606 7608)
4(3426 3448 7608 7586)
4(3472 3470 7630 7632)
4(3448 3472 7632 7608)
4(3510 3494 7654 7670)
4(3472 3510 7670 7632)
4(3530 3524 7684 7690)
4(3510 3530 7690 7670)
4(3556 3554 7714 7716)
4(3530 3556 7716 7690)
4(3578 3576 7736 7738)
4(3556 3578 7738 7716)
4(3618 3616 7776 7778)
4(3578 3618 7778 7738)
4(3642 3640 7800 7802)
4(3618 3642 7802 7778)
4(3670 3668 7828 7830)
4(3642 3670 7830 7802)
4(3690 3688 7848 7850)
4(3670 3690 7850 7830)
4(3722 3720 7880 7882)
4(3690 3722 7882 7850)
4(3744 3742 7902 7904)
4(3722 3744 7904 7882)
4(3768 3766 7926 7928)
4(3744 3768 7928 7904)
4(3792 3790 7950 7952)
4(3768 3792 7952 7928)
4(3828 3826 7986 7988)
4(3792 3828 7988 7952)
4(3858 3856 8016 8018)
4(3828 3858 8018 7988)
4(3892 3890 8050 8052)
4(3858 3892 8052 8018)
4(3940 3938 8098 8100)
4(3892 3940 8100 8052)
4(3978 3976 8136 8138)
4(3940 3978 8138 8100)
4(3979 3977 8137 8139)
4(3941 3939 8099 8101)
4(3979 3941 8101 8139)
4(3893 3891 8051 8053)
4(3941 3893 8053 8101)
4(3859 3857 8017 8019)
4(3893 3859 8019 8053)
4(3829 3827 7987 7989)
4(3859 3829 7989 8019)
4(3793 3791 7951 7953)
4(3829 3793 7953 7989)
4(3769 3767 7927 7929)
4(3793 3769 7929 7953)
4(3745 3743 7903 7905)
4(3769 3745 7905 7929)
4(3723 3721 7881 7883)
4(3745 3723 7883 7905)
4(3691 3689 7849 7851)
4(3723 3691 7851 7883)
4(3671 3669 7829 7831)
4(3691 3671 7831 7851)
4(3643 3641 7801 7803)
4(3671 3643 7803 7831)
4(3619 3617 7777 7779)
4(3643 3619 7779 7803)
4(3579 3577 7737 7739)
4(3619 3579 7739 7779)
4(3557 3555 7715 7717)
4(3579 3557 7717 7739)
4(3531 3525 7685 7691)
4(3557 3531 7691 7717)
4(3511 3495 7655 7671)
4(3531 3511 7671 7691)
4(3473 3471 7631 7633)
4(3511 3473 7633 7671)
4(3449 3447 7607 7609)
4(3473 3449 7609 7633)
4(3427 3425 7585 7587)
4(3449 3427 7587 7609)
4(3393 3391 7551 7553)
4(3427 3393 7553 7587)
4(3373 3371 7531 7533)
4(3393 3373 7533 7553)
4(3345 3343 7503 7505)
4(3373 3345 7505 7533)
4(3321 3319 7479 7481)
4(3345 3321 7481 7505)
4(3293 3291 7451 7453)
4(3321 3293 7453 7481)
4(3271 3269 7429 7431)
4(3293 3271 7431 7453)
4(3245 3243 7403 7405)
4(3271 3245 7405 7431)
4(3225 3223 7383 7385)
4(3245 3225 7385 7405)
4(3189 3187 7347 7349)
4(3225 3189 7349 7385)
4(3167 3165 7325 7327)
4(3189 3167 7327 7349)
4(3143 3141 7301 7303)
4(3167 3143 7303 7327)
4(3121 3105 7265 7281)
4(3143 3121 7281 7303)
4(3087 3085 7245 7247)
4(3121 3087 7247 7281)
4(3059 3057 7217 7219)
4(3087 3059 7219 7247)
4(3037 3035 7195 7197)
4(3059 3037 7197 7219)
4(3005 3003 7163 7165)
4(3037 3005 7165 7197)
4(2985 2983 7143 7145)
4(3005 2985 7145 7165)
4(2959 2957 7117 7119)
4(2985 2959 7119 7145)
4(2935 2933 7093 7095)
4(2959 2935 7095 7119)
4(2907 2905 7065 7067)
4(2935 2907 7067 7095)
4(2885 2883 7043 7045)
4(2907 2885 7045 7067)
4(2861 2859 7019 7021)
4(2885 2861 7021 7045)
4(2841 2839 6999 7001)
4(2861 2841 7001 7021)
4(2799 2797 6957 6959)
4(2841 2799 6959 7001)
4(2777 2775 6935 6937)
4(2799 2777 6937 6959)
4(2751 2749 6909 6911)
4(2777 2751 6911 6937)
4(2729 2717 6877 6889)
4(2751 2729 6889 6911)
4(2699 2697 6857 6859)
4(2729 2699 6859 6889)
4(2673 2671 6831 6833)
4(2699 2673 6833 6859)
4(2651 2649 6809 6811)
4(2673 2651 6811 6833)
4(2615 2613 6773 6775)
4(2651 2615 6775 6811)
4(2595 2593 6753 6755)
4(2615 2595 6755 6775)
4(2567 2565 6725 6727)
4(2595 2567 6727 6755)
4(2543 2541 6701 6703)
4(2567 2543 6703 6727)
4(2507 2505 6665 6667)
4(2543 2507 6667 6703)
4(2481 2479 6639 6641)
4(2507 2481 6641 6667)
4(2459 2457 6617 6619)
4(2481 2459 6619 6641)
4(2419 2417 6577 6579)
4(2459 2419 6579 6619)
4(2393 2391 6551 6553)
4(2419 2393 6553 6579)
4(2371 2369 6529 6531)
4(2393 2371 6531 6553)
4(2337 2335 6495 6497)
4(2371 2337 6497 6531)
4(2315 2313 6473 6475)
4(2337 2315 6475 6497)
4(2295 2293 6453 6455)
4(2315 2295 6455 6475)
4(2253 2251 6411 6413)
4(2295 2253 6413 6455)
4(2227 2225 6385 6387)
4(2253 2227 6387 6413)
4(2205 2203 6363 6365)
4(2227 2205 6365 6387)
4(2173 2171 6331 6333)
4(2205 2173 6333 6365)
4(2147 2145 6305 6307)
4(2173 2147 6307 6333)
4(2123 2121 6281 6283)
4(2147 2123 6283 6307)
4(2079 2077 6237 6239)
4(2123 2079 6239 6283)
4(2055 2053 6213 6215)
4(2079 2055 6215 6239)
4(2033 2031 6191 6193)
4(2055 2033 6193 6215)
4(1999 1997 6157 6159)
4(2033 1999 6159 6193)
4(1971 1969 6129 6131)
4(1999 1971 6131 6159)
4(1949 1947 6107 6109)
4(1971 1949 6109 6131)
4(1911 1909 6069 6071)
4(1949 1911 6071 6109)
4(1887 1885 6045 6047)
4(1911 1887 6047 6071)
4(1867 1865 6025 6027)
4(1887 1867 6027 6047)
4(1829 1827 5987 5989)
4(1867 1829 5989 6027)
4(1805 1803 5963 5965)
4(1829 1805 5965 5989)
4(1783 1781 5941 5943)
4(1805 1783 5943 5965)
4(1743 1741 5901 5903)
4(1783 1743 5903 5943)
4(1715 1713 5873 5875)
4(1743 1715 5875 5903)
4(1691 1689 5849 5851)
4(1715 1691 5851 5875)
4(1657 1655 5815 5817)
4(1691 1657 5817 5851)
4(1631 1629 5789 5791)
4(1657 1631 5791 5817)
4(1609 1607 5767 5769)
4(1631 1609 5769 5791)
4(1575 1573 5733 5735)
4(1609 1575 5735 5769)
4(1551 1549 5709 5711)
4(1575 1551 5711 5735)
4(1531 1529 5689 5691)
4(1551 1531 5691 5711)
4(1495 1493 5653 5655)
4(1531 1495 5655 5691)
4(1471 1469 5629 5631)
4(1495 1471 5631 5655)
4(1449 1447 5607 5609)
4(1471 1449 5609 5631)
4(1405 1403 5563 5565)
4(1449 1405 5565 5609)
4(1381 1379 5539 5541)
4(1405 1381 5541 5565)
4(1361 1359 5519 5521)
4(1381 1361 5521 5541)
4(1327 1325 5485 5487)
4(1361 1327 5487 5521)
4(1299 1297 5457 5459)
4(1327 1299 5459 5487)
4(1275 1273 5433 5435)
4(1299 1275 5435 5459)
4(1235 1233 5393 5395)
4(1275 1235 5395 5435)
4(1209 1207 5367 5369)
4(1235 1209 5369 5395)
4(1187 1185 5345 5347)
4(1209 1187 5347 5369)
4(1153 1151 5311 5313)
4(1187 1153 5313 5347)
4(1129 1127 5287 5289)
4(1153 1129 5289 5313)
4(1109 1107 5267 5269)
4(1129 1109 5269 5289)
4(1065 1063 5223 5225)
4(1109 1065 5225 5269)
4(1041 1039 5199 5201)
4(1065 1041 5201 5225)
4(1019 1017 5177 5179)
4(1041 1019 5179 5201)
4(985 983 5143 5145)
4(1019 985 5145 5179)
4(961 959 5119 5121)
4(985 961 5121 5145)
4(941 939 5099 5101)
4(961 941 5101 5121)
4(895 893 5053 5055)
4(941 895 5055 5101)
4(865 863 5023 5025)
4(895 865 5025 5055)
4(841 839 4999 5001)
4(865 841 5001 5025)
4(803 801 4961 4963)
4(841 803 4963 5001)
4(689 691 4851 4849)
4(653 663 4823 4813)
4(689 653 4813 4849)
4(625 631 4791 4785)
4(653 625 4785 4813)
4(605 609 4769 4765)
4(625 605 4765 4785)
4(557 571 4731 4717)
4(605 557 4717 4765)
4(527 533 4693 4687)
4(557 527 4687 4717)
4(505 511 4671 4665)
4(527 505 4665 4687)
4(463 475 4635 4623)
4(505 463 4623 4665)
4(427 433 4593 4587)
4(463 427 4587 4623)
4(401 407 4567 4561)
4(427 401 4561 4587)
4(329 353 4513 4489)
4(401 329 4489 4561)
4(265 273 4433 4425)
4(329 265 4425 4489)
4(310 328 4488 4470)
4(358 400 4560 4518)
4(410 426 4586 4570)
4(452 462 4622 4612)
4(478 504 4664 4638)
4(514 526 4686 4674)
4(550 556 4716 4710)
4(576 604 4764 4736)
4(610 624 4784 4770)
4(644 652 4812 4804)
4(842 840 5000 5002)
4(866 864 5024 5026)
4(896 894 5054 5056)
4(942 940 5100 5102)
4(962 960 5120 5122)
4(986 984 5144 5146)
4(1020 1018 5178 5180)
4(1042 1040 5200 5202)
4(1066 1064 5224 5226)
4(1110 1108 5268 5270)
4(1130 1128 5288 5290)
4(1154 1152 5312 5314)
4(1188 1186 5346 5348)
4(1210 1208 5368 5370)
4(1236 1234 5394 5396)
4(1276 1274 5434 5436)
4(1300 1298 5458 5460)
4(1328 1326 5486 5488)
4(1362 1360 5520 5522)
4(1382 1380 5540 5542)
4(1406 1404 5564 5566)
4(1450 1448 5608 5610)
4(1472 1470 5630 5632)
4(1496 1494 5654 5656)
4(1532 1530 5690 5692)
4(1552 1550 5710 5712)
4(1576 1574 5734 5736)
4(1610 1608 5768 5770)
4(1632 1630 5790 5792)
4(1658 1656 5816 5818)
4(1692 1690 5850 5852)
4(1716 1714 5874 5876)
4(1748 1742 5902 5908)
4(1784 1782 5942 5944)
4(1806 1804 5964 5966)
4(1838 1828 5988 5998)
4(1868 1866 6026 6028)
4(1888 1886 6046 6048)
4(1918 1910 6070 6078)
4(1950 1948 6108 6110)
4(1972 1970 6130 6132)
4(2004 1998 6158 6164)
4(2034 2032 6192 6194)
4(2056 2054 6214 6216)
4(2086 2078 6238 6246)
4(2124 2122 6282 6284)
4(2148 2146 6306 6308)
4(2178 2172 6332 6338)
4(2206 2204 6364 6366)
4(2228 2226 6386 6388)
4(2262 2252 6412 6422)
4(2296 2294 6454 6456)
4(2316 2314 6474 6476)
4(2344 2336 6496 6504)
4(2372 2370 6530 6532)
4(2394 2392 6552 6554)
4(2424 2418 6578 6584)
4(2460 2458 6618 6620)
4(2482 2480 6640 6642)
4(2514 2506 6666 6674)
4(2544 2542 6702 6704)
4(2568 2566 6726 6728)
4(2596 2594 6754 6756)
4(2616 2614 6774 6776)
4(2658 2650 6810 6818)
4(2684 2672 6832 6844)
4(2704 2698 6858 6864)
4(2730 2728 6888 6890)
4(2752 2750 6910 6912)
4(2778 2776 6936 6938)
4(2800 2798 6958 6960)
4(2842 2840 7000 7002)
4(2862 2860 7020 7022)
4(2886 2884 7044 7046)
4(2908 2906 7066 7068)
4(2936 2934 7094 7096)
4(2960 2958 7118 7120)
4(2986 2984 7144 7146)
4(3006 3004 7164 7166)
4(3044 3036 7196 7204)
4(3072 3058 7218 7232)
4(3092 3086 7246 7252)
4(3122 3120 7280 7282)
4(3144 3142 7302 7304)
4(3168 3166 7326 7328)
4(3190 3188 7348 7350)
4(3226 3224 7384 7386)
4(3246 3244 7404 7406)
4(3272 3270 7430 7432)
4(3294 3292 7452 7454)
4(3322 3320 7480 7482)
4(3346 3344 7504 7506)
4(3374 3372 7532 7534)
4(3394 3392 7552 7554)
4(3428 3426 7586 7588)
4(3458 3448 7608 7618)
4(3482 3472 7632 7642)
4(3512 3510 7670 7672)
4(3532 3530 7690 7692)
4(3558 3556 7716 7718)
4(3580 3578 7738 7740)
4(3620 3618 7778 7780)
4(3644 3642 7802 7804)
4(3672 3670 7830 7832)
4(3692 3690 7850 7852)
4(3724 3722 7882 7884)
4(3746 3744 7904 7906)
4(3770 3768 7928 7930)
4(3794 3792 7952 7954)
4(3830 3828 7988 7990)
4(3860 3858 8018 8020)
4(3912 3892 8052 8072)
4(3942 3940 8100 8102)
4(3943 3941 8101 8103)
4(3913 3893 8053 8073)
4(3861 3859 8019 8021)
4(3831 3829 7989 7991)
4(3795 3793 7953 7955)
4(3771 3769 7929 7931)
4(3747 3745 7905 7907)
4(3725 3723 7883 7885)
4(3693 3691 7851 7853)
4(3673 3671 7831 7833)
4(3645 3643 7803 7805)
4(3621 3619 7779 7781)
4(3581 3579 7739 7741)
4(3559 3557 7717 7719)
4(3533 3531 7691 7693)
4(3513 3511 7671 7673)
4(3483 3473 7633 7643)
4(3459 3449 7609 7619)
4(3429 3427 7587 7589)
4(3395 3393 7553 7555)
4(3375 3373 7533 7535)
4(3347 3345 7505 7507)
4(3323 3321 7481 7483)
4(3295 3293 7453 7455)
4(3273 3271 7431 7433)
4(3247 3245 7405 7407)
4(3227 3225 7385 7387)
4(3191 3189 7349 7351)
4(3169 3167 7327 7329)
4(3145 3143 7303 7305)
4(3123 3121 7281 7283)
4(3093 3087 7247 7253)
4(3073 3059 7219 7233)
4(3045 3037 7197 7205)
4(3007 3005 7165 7167)
4(2987 2985 7145 7147)
4(2961 2959 7119 7121)
4(2937 2935 7095 7097)
4(2909 2907 7067 7069)
4(2887 2885 7045 7047)
4(2863 2861 7021 7023)
4(2843 2841 7001 7003)
4(2801 2799 6959 6961)
4(2779 2777 6937 6939)
4(2753 2751 6911 6913)
4(2731 2729 6889 6891)
4(2705 2699 6859 6865)
4(2685 2673 6833 6845)
4(2659 2651 6811 6819)
4(2617 2615 6775 6777)
4(2597 2595 6755 6757)
4(2569 2567 6727 6729)
4(2545 2543 6703 6705)
4(2515 2507 6667 6675)
4(2483 2481 6641 6643)
4(2461 2459 6619 6621)
4(2425 2419 6579 6585)
4(2395 2393 6553 6555)
4(2373 2371 6531 6533)
4(2345 2337 6497 6505)
4(2317 2315 6475 6477)
4(2297 2295 6455 6457)
4(2263 2253 6413 6423)
4(2229 2227 6387 6389)
4(2207 2205 6365 6367)
4(2179 2173 6333 6339)
4(2149 2147 6307 6309)
4(2125 2123 6283 6285)
4(2087 2079 6239 6247)
4(2057 2055 6215 6217)
4(2035 2033 6193 6195)
4(2005 1999 6159 6165)
4(1973 1971 6131 6133)
4(1951 1949 6109 6111)
4(1919 1911 6071 6079)
4(1889 1887 6047 6049)
4(1869 1867 6027 6029)
4(1839 1829 5989 5999)
4(1807 1805 5965 5967)
4(1785 1783 5943 5945)
4(1749 1743 5903 5909)
4(1717 1715 5875 5877)
4(1693 1691 5851 5853)
4(1659 1657 5817 5819)
4(1633 1631 5791 5793)
4(1611 1609 5769 5771)
4(1577 1575 5735 5737)
4(1553 1551 5711 5713)
4(1533 1531 5691 5693)
4(1497 1495 5655 5657)
4(1473 1471 5631 5633)
4(1451 1449 5609 5611)
4(1407 1405 5565 5567)
4(1383 1381 5541 5543)
4(1363 1361 5521 5523)
4(1329 1327 5487 5489)
4(1301 1299 5459 5461)
4(1277 1275 5435 5437)
4(1237 1235 5395 5397)
4(1211 1209 5369 5371)
4(1189 1187 5347 5349)
4(1155 1153 5313 5315)
4(1131 1129 5289 5291)
4(1111 1109 5269 5271)
4(1067 1065 5225 5227)
4(1043 1041 5201 5203)
4(1021 1019 5179 5181)
4(987 985 5145 5147)
4(963 961 5121 5123)
4(943 941 5101 5103)
4(897 895 5055 5057)
4(867 865 5025 5027)
4(843 841 5001 5003)
4(645 653 4813 4805)
4(611 625 4785 4771)
4(577 605 4765 4737)
4(551 557 4717 4711)
4(515 527 4687 4675)
4(479 505 4665 4639)
4(453 463 4623 4613)
4(411 427 4587 4571)
4(359 401 4561 4519)
4(311 329 4489 4471)
4(198 153 4313 4358)
4(153 199 4359 4313)
4(262 198 4358 4422)
4(199 263 4423 4359)
4(325 262 4422 4485)
4(263 326 4486 4423)
4(381 325 4485 4541)
4(326 382 4542 4486)
4(424 381 4541 4584)
4(382 425 4585 4542)
4(460 424 4584 4620)
4(425 461 4621 4585)
4(493 460 4620 4653)
4(461 494 4654 4621)
4(524 493 4653 4684)
4(494 525 4685 4654)
4(554 524 4684 4714)
4(525 555 4715 4685)
4(592 554 4714 4752)
4(555 593 4753 4715)
4(622 592 4752 4782)
4(593 623 4783 4753)
4(650 622 4782 4810)
4(623 651 4811 4783)
4(677 650 4810 4837)
4(651 678 4838 4811)
4(704 677 4837 4864)
4(678 705 4865 4838)
4(726 704 4864 4886)
4(705 727 4887 4865)
4(753 726 4886 4913)
4(727 754 4914 4887)
4(774 753 4913 4934)
4(754 775 4935 4914)
4(796 774 4934 4956)
4(775 797 4957 4935)
4(824 796 4956 4984)
4(797 825 4985 4957)
4(858 824 4984 5018)
4(825 859 5019 4985)
4(888 858 5018 5048)
4(859 889 5049 5019)
4(927 888 5048 5087)
4(889 928 5088 5049)
4(954 927 5087 5114)
4(928 955 5115 5088)
4(978 954 5114 5138)
4(955 979 5139 5115)
4(1006 978 5138 5166)
4(979 1007 5167 5139)
4(1034 1006 5166 5194)
4(1007 1035 5195 5167)
4(1058 1034 5194 5218)
4(1035 1059 5219 5195)
4(1092 1058 5218 5252)
4(1059 1093 5253 5219)
4(1122 1092 5252 5282)
4(1093 1123 5283 5253)
4(1146 1122 5282 5306)
4(1123 1147 5307 5283)
4(1173 1146 5306 5333)
4(1147 1174 5334 5307)
4(1202 1173 5333 5362)
4(1174 1203 5363 5334)
4(1228 1202 5362 5388)
4(1203 1229 5389 5363)
4(1259 1228 5388 5419)
4(1229 1260 5420 5389)
4(1292 1259 5419 5452)
4(1260 1293 5453 5420)
4(1320 1292 5452 5480)
4(1293 1321 5481 5453)
4(1347 1320 5480 5507)
4(1321 1348 5508 5481)
4(1374 1347 5507 5534)
4(1348 1375 5535 5508)
4(1398 1374 5534 5558)
4(1375 1399 5559 5535)
4(1431 1398 5558 5591)
4(1399 1432 5592 5559)
4(1464 1431 5591 5624)
4(1432 1465 5625 5592)
4(1488 1464 5624 5648)
4(1465 1489 5649 5625)
4(1518 1488 5648 5678)
4(1489 1519 5679 5649)
4(1544 1518 5678 5704)
4(1519 1545 5705 5679)
4(1568 1544 5704 5728)
4(1545 1569 5729 5705)
4(1595 1568 5728 5755)
4(1569 1596 5756 5729)
4(1624 1595 5755 5784)
4(1596 1625 5785 5756)
4(1650 1624 5784 5810)
4(1625 1651 5811 5785)
4(1678 1650 5810 5838)
4(1651 1679 5839 5811)
4(1708 1678 5838 5868)
4(1679 1709 5869 5839)
4(1736 1708 5868 5896)
4(1709 1737 5897 5869)
4(1766 1736 5896 5926)
4(1737 1767 5927 5897)
4(1798 1766 5926 5958)
4(1767 1799 5959 5927)
4(1822 1798 5958 5982)
4(1799 1823 5983 5959)
4(1853 1822 5982 6013)
4(1823 1854 6014 5983)
4(1880 1853 6013 6040)
4(1854 1881 6041 6014)
4(1904 1880 6040 6064)
4(1881 1905 6065 6041)
4(1934 1904 6064 6094)
4(1905 1935 6095 6065)
4(1964 1934 6094 6124)
4(1935 1965 6125 6095)
4(1992 1964 6124 6152)
4(1965 1993 6153 6125)
4(2019 1992 6152 6179)
4(1993 2020 6180 6153)
4(2048 2019 6179 6208)
4(2020 2049 6209 6180)
4(2072 2048 6208 6232)
4(2049 2073 6233 6209)
4(2105 2072 6232 6265)
4(2073 2106 6266 6233)
4(2140 2105 6265 6300)
4(2106 2141 6301 6266)
4(2166 2140 6300 6326)
4(2141 2167 6327 6301)
4(2192 2166 6326 6352)
4(2167 2193 6353 6327)
4(2220 2192 6352 6380)
4(2193 2221 6381 6353)
4(2246 2220 6380 6406)
4(2221 2247 6407 6381)
4(2279 2246 6406 6439)
4(2247 2280 6440 6407)
4(2308 2279 6439 6468)
4(2280 2309 6469 6440)
4(2330 2308 6468 6490)
4(2309 2331 6491 6469)
4(2358 2330 6490 6518)
4(2331 2359 6519 6491)
4(2386 2358 6518 6546)
4(2359 2387 6547 6519)
4(2412 2386 6546 6572)
4(2387 2413 6573 6547)
4(2442 2412 6572 6602)
4(2413 2443 6603 6573)
4(2474 2442 6602 6634)
4(2443 2475 6635 6603)
4(2500 2474 6634 6660)
4(2475 2501 6661 6635)
4(2529 2500 6660 6689)
4(2501 2530 6690 6661)
4(2560 2529 6689 6720)
4(2530 2561 6721 6690)
4(2588 2560 6720 6748)
4(2561 2589 6749 6721)
4(2606 2588 6748 6766)
4(2589 2607 6767 6749)
4(2642 2606 6766 6802)
4(2607 2643 6803 6767)
4(2664 2642 6802 6824)
4(2643 2665 6825 6803)
4(2690 2664 6824 6850)
4(2665 2691 6851 6825)
4(2710 2690 6850 6870)
4(2691 2711 6871 6851)
4(2736 2710 6870 6896)
4(2711 2737 6897 6871)
4(2758 2736 6896 6918)
4(2737 2759 6919 6897)
4(2784 2758 6918 6944)
4(2759 2785 6945 6919)
4(2819 2784 6944 6979)
4(2785 2820 6980 6945)
4(2852 2819 6979 7012)
4(2820 2853 7013 6980)
4(2876 2852 7012 7036)
4(2853 2877 7037 7013)
4(2898 2876 7036 7058)
4(2877 2899 7059 7037)
4(2926 2898 7058 7086)
4(2899 2927 7087 7059)
4(2950 2926 7086 7110)
4(2927 2951 7111 7087)
4(2976 2950 7110 7136)
4(2951 2977 7137 7111)
4(2996 2976 7136 7156)
4(2977 2997 7157 7137)
4(3028 2996 7156 7188)
4(2997 3029 7189 7157)
4(3050 3028 7188 7210)
4(3029 3051 7211 7189)
4(3078 3050 7210 7238)
4(3051 3079 7239 7211)
4(3098 3078 7238 7258)
4(3079 3099 7259 7239)
4(3128 3098 7258 7288)
4(3099 3129 7289 7259)
4(3150 3128 7288 7310)
4(3129 3151 7311 7289)
4(3174 3150 7310 7334)
4(3151 3175 7335 7311)
4(3206 3174 7334 7366)
4(3175 3207 7367 7335)
4(3236 3206 7366 7396)
4(3207 3237 7397 7367)
4(3262 3236 7396 7422)
4(3237 3263 7423 7397)
4(3284 3262 7422 7444)
4(3263 3285 7445 7423)
4(3312 3284 7444 7472)
4(3285 3313 7473 7445)
4(3336 3312 7472 7496)
4(3313 3337 7497 7473)
4(3364 3336 7496 7524)
4(3337 3365 7525 7497)
4(3384 3364 7524 7544)
4(3365 3385 7545 7525)
4(3420 3384 7544 7580)
4(3385 3421 7581 7545)
4(3442 3420 7580 7602)
4(3421 3443 7603 7581)
4(3466 3442 7602 7626)
4(3443 3467 7627 7603)
4(3490 3466 7626 7650)
4(3467 3491 7651 7627)
4(3520 3490 7650 7680)
4(3491 3521 7681 7651)
4(3540 3520 7680 7700)
4(3521 3541 7701 7681)
4(3566 3540 7700 7726)
4(3541 3567 7727 7701)
4(3600 3566 7726 7760)
4(3567 3601 7761 7727)
4(3636 3600 7760 7796)
4(3601 3637 7797 7761)
4(3664 3636 7796 7824)
4(3637 3665 7825 7797)
4(3684 3664 7824 7844)
4(3665 3685 7845 7825)
4(3716 3684 7844 7876)
4(3685 3717 7877 7845)
4(3738 3716 7876 7898)
4(3717 3739 7899 7877)
4(3762 3738 7898 7922)
4(3739 3763 7923 7899)
4(3786 3762 7922 7946)
4(3763 3787 7947 7923)
4(3822 3786 7946 7982)
4(3787 3823 7983 7947)
4(3852 3822 7982 8012)
4(3823 3853 8013 7983)
4(3886 3852 8012 8046)
4(3853 3887 8047 8013)
4(3934 3886 8046 8094)
4(3887 3935 8095 8047)
4(3966 3934 8094 8126)
4(3935 3967 8127 8095)
4(4014 3966 8126 8174)
4(3967 4015 8175 8127)
4(4044 4014 8174 8204)
4(4015 4045 8205 8175)
4(4060 4044 8204 8220)
4(4045 4061 8221 8205)
4(4074 4060 8220 8234)
4(4061 4075 8235 8221)
4(4086 4074 8234 8246)
4(4075 4087 8247 8235)
4(4090 4086 8246 8250)
4(4087 4090 8250 8247)
4(1 0 4160 4161)
4(2 1 4161 4162)
4(3 2 4162 4163)
4(4 3 4163 4164)
4(5 4 4164 4165)
4(6 5 4165 4166)
4(7 6 4166 4167)
4(8 7 4167 4168)
4(9 8 4168 4169)
4(10 9 4169 4170)
4(11 10 4170 4171)
4(12 11 4171 4172)
4(4149 4150 8310 8309)
4(4150 4151 8311 8310)
4(4151 4152 8312 8311)
4(4152 4153 8313 8312)
4(4153 4154 8314 8313)
4(4154 4155 8315 8314)
4(4155 4156 8316 8315)
4(4156 4157 8317 8316)
4(4157 4158 8318 8317)
4(4158 4159 8319 8318)
4(0 35 4195 4160)
4(35 740 4900 4195)
4(740 1420 5580 4900)
4(1420 2094 6254 5580)
4(2094 2806 6966 6254)
4(2806 3588 7748 6966)
4(3588 4118 8278 7748)
4(4118 4149 8309 8278)
4(61 12 4172 4221)
4(767 61 4221 4927)
4(1443 767 4927 5603)
4(2117 1443 5603 6277)
4(2833 2117 6277 6993)
4(3613 2833 6993 7773)
4(4136 3613 7773 8296)
4(4159 4136 8296 8319)
4(1 36 35 0)
4(4160 4195 4196 4161)
5(36 366 741 740 35)
5(4195 4900 4901 4526 4196)
6(2 13 38 37 36 1)
6(4161 4196 4197 4198 4173 4162)
5(741 1082 1421 1420 740)
5(4900 5580 5581 5242 4901)
5(1421 1756 2095 2094 1420)
5(5580 6254 6255 5916 5581)
4(37 367 366 36)
4(4196 4526 4527 4197)
4(367 742 741 366)
4(4526 4901 4902 4527)
4(38 368 367 37)
4(4197 4527 4528 4198)
6(368 582 744 743 742 367)
6(4527 4902 4903 4904 4742 4528)
5(2095 2432 2807 2806 2094)
5(6254 6966 6967 6592 6255)
4(2807 3589 3588 2806)
4(6966 7748 7749 6967)
6(2808 2809 3196 3590 3589 2807)
6(6967 7749 7750 7356 6969 6968)
4(3589 4119 4118 3588)
4(7748 8278 8279 7749)
4(4119 4150 4149 4118)
4(8278 8309 8310 8279)
5(3590 3984 4120 4119 3589)
5(7749 8279 8280 8144 7750)
4(4120 4151 4150 4119)
4(8279 8310 8311 8280)
5(742 920 1083 1082 741)
5(4901 5242 5243 5080 4902)
5(1083 1250 1422 1421 1082)
5(5242 5581 5582 5410 5243)
4(1422 1757 1756 1421)
4(5581 5916 5917 5582)
6(4121 4122 4142 4152 4151 4120)
6(8280 8311 8312 8302 8282 8281)
4(1757 2096 2095 1756)
4(5916 6255 6256 5917)
6(1423 1424 1588 1758 1757 1422)
6(5582 5917 5918 5748 5584 5583)
5(1758 1926 2097 2096 1757)
5(5917 6256 6257 6086 5918)
4(3 14 13 2)
4(4162 4173 4174 4163)
4(14 39 38 13)
4(4173 4198 4199 4174)
4(4 15 14 3)
4(4163 4174 4175 4164)
6(15 26 41 40 39 14)
6(4174 4199 4200 4201 4186 4175)
6(39 82 370 369 368 38)
6(4198 4528 4529 4530 4242 4199)
6(11 60 59 58 25 10)
6(4170 4185 4218 4219 4220 4171)
5(5 17 16 15 4)
5(4164 4175 4176 4177 4165)
4(12 61 60 11)
4(4171 4220 4221 4172)
5(6 19 18 17 5)
5(4165 4177 4178 4179 4166)
5(61 767 766 397 60)
5(4220 4557 4926 4927 4221)
5(767 1443 1442 1103 766)
5(4926 5263 5602 5603 4927)
5(1443 2117 2116 1777 1442)
5(5602 5937 6276 6277 5603)
6(4133 4134 4157 4156 4148 4132)
6(8292 8308 8316 8317 8294 8293)
6(2831 2832 3612 3611 3217 2830)
6(6990 7377 7771 7772 6992 6991)
5(2117 2833 2832 2453 2116)
5(6276 6613 6992 6993 6277)
4(2833 3613 3612 2832)
4(6992 7772 7773 6993)
5(3612 4135 4134 4013 3611)
5(7771 8173 8294 8295 7772)
4(4135 4158 4157 4134)
4(8294 8317 8318 8295)
4(3613 4136 4135 3612)
4(7772 8295 8296 7773)
4(4136 4159 4158 4135)
4(8295 8318 8319 8296)
4(2096 2433 2432 2095)
4(6255 6592 6593 6256)
4(2433 2808 2807 2432)
4(6592 6967 6968 6593)
5(2097 2270 2434 2433 2096)
5(6256 6593 6594 6430 6257)
5(2434 2618 2809 2808 2433)
5(6593 6968 6969 6778 6594)
6(2810 2811 3008 3197 3196 2809)
6(6969 7356 7357 7168 6971 6970)
5(3197 3396 3591 3590 3196)
5(7356 7750 7751 7556 7357)
4(743 921 920 742)
4(4902 5080 5081 4903)
4(921 1084 1083 920)
4(5080 5243 5244 5081)
5(744 814 922 921 743)
5(4903 5081 5082 4974 4904)
5(922 1000 1085 1084 921)
5(5081 5244 5245 5160 5082)
4(1084 1251 1250 1083)
4(5243 5410 5411 5244)
4(1251 1423 1422 1250)
4(5410 5582 5583 5411)
5(1085 1166 1252 1251 1084)
5(5244 5411 5412 5326 5245)
5(1252 1340 1424 1423 1251)
5(5411 5583 5584 5500 5412)
5(3591 3796 3985 3984 3590)
5(7750 8144 8145 7956 7751)
4(3985 4121 4120 3984)
4(8144 8280 8281 8145)
6(3986 3987 4098 4122 4121 3985)
6(8145 8281 8282 8258 8147 8146)
6(4123 4124 4137 4143 4142 4122)
6(8282 8302 8303 8297 8284 8283)
4(4143 4153 4152 4142)
4(8302 8312 8313 8303)
5(4144 4145 4154 4153 4143)
5(8303 8313 8314 8305 8304)
5(7 21 20 19 6)
5(4166 4179 4180 4181 4167)
5(8 23 22 21 7)
5(4167 4181 4182 4183 4168)
4(9 24 23 8)
4(4168 4183 4184 4169)
6(24 57 56 55 34 23)
6(4183 4194 4215 4216 4217 4184)
4(10 25 24 9)
4(4169 4184 4185 4170)
4(25 58 57 24)
4(4184 4217 4218 4185)
6(58 395 394 393 116 57)
6(4217 4276 4553 4554 4555 4218)
4(369 583 582 368)
4(4528 4742 4743 4529)
6(583 668 746 745 744 582)
6(4742 4904 4905 4906 4828 4743)
6(370 486 585 584 583 369)
6(4529 4743 4744 4745 4646 4530)
4(40 83 82 39)
4(4199 4242 4243 4200)
6(83 176 372 371 370 82)
6(4242 4530 4531 4532 4336 4243)
5(41 85 84 83 40)
5(4200 4243 4244 4245 4201)
4(59 396 395 58)
4(4218 4555 4556 4219)
4(16 27 26 15)
4(4175 4186 4187 4176)
6(396 765 764 763 603 395)
6(4555 4763 4923 4924 4925 4556)
4(27 42 41 26)
4(4186 4201 4202 4187)
4(60 397 396 59)
4(4219 4556 4557 4220)
4(17 28 27 16)
4(4176 4187 4188 4177)
4(397 766 765 396)
4(4556 4925 4926 4557)
5(28 44 43 42 27)
5(4187 4202 4203 4204 4188)
4(18 29 28 17)
4(4177 4188 4189 4178)
5(29 46 45 44 28)
5(4188 4204 4205 4206 4189)
4(19 30 29 18)
4(4178 4189 4190 4179)
5(30 48 47 46 29)
5(4189 4206 4207 4208 4190)
6(42 62 87 86 85 41)
6(4201 4245 4246 4247 4222 4202)
5(766 1103 1102 935 765)
5(4925 5095 5262 5263 4926)
5(1103 1442 1441 1269 1102)
5(5262 5429 5601 5602 5263)
6(1440 1441 1776 1775 1603 1439)
6(5599 5763 5935 5936 5601 5600)
5(1776 2115 2114 1943 1775)
5(5935 6103 6274 6275 5936)
4(1442 1777 1776 1441)
4(5601 5936 5937 5602)
4(1777 2116 2115 1776)
4(5936 6275 6276 5937)
6(2829 2830 3217 3216 3023 2828)
6(6988 7183 7376 7377 6990 6989)
5(3217 3611 3610 3413 3216)
5(7376 7573 7770 7771 7377)
6(1425 1426 1512 1589 1588 1424)
6(5584 5748 5749 5672 5586 5585)
5(1589 1672 1759 1758 1588)
5(5748 5918 5919 5832 5749)
5(1759 1846 1927 1926 1758)
5(5918 6086 6087 6006 5919)
5(4146 4147 4155 4154 4145)
5(8305 8314 8315 8307 8306)
5(1927 2012 2098 2097 1926)
5(6086 6257 6258 6172 6087)
6(4131 4132 4148 4147 4141 4130)
6(8290 8301 8307 8308 8292 8291)
4(4148 4156 4155 4147)
4(8307 8315 8316 8308)
6(4011 4012 4133 4132 4112 4010)
6(8170 8272 8292 8293 8172 8171)
5(3611 4013 4012 3815 3610)
5(7770 7975 8172 8173 7771)
4(4013 4134 4133 4012)
4(8172 8293 8294 8173)
5(2115 2452 2451 2289 2114)
5(6274 6449 6611 6612 6275)
5(2452 2831 2830 2637 2451)
5(6611 6797 6990 6991 6612)
4(2116 2453 2452 2115)
4(6275 6612 6613 6276)
4(2453 2832 2831 2452)
4(6612 6991 6992 6613)
4(2098 2271 2270 2097)
4(6257 6430 6431 6258)
4(2271 2435 2434 2270)
4(6430 6594 6595 6431)
6(2099 2100 2186 2272 2271 2098)
6(6258 6431 6432 6346 6260 6259)
5(2272 2352 2436 2435 2271)
5(6431 6595 6596 6512 6432)
4(2435 2619 2618 2434)
4(6594 6778 6779 6595)
4(2619 2810 2809 2618)
4(6778 6969 6970 6779)
5(2436 2522 2620 2619 2435)
5(6595 6779 6780 6682 6596)
4(2620 2811 2810 2619)
4(6779 6970 6971 6780)
6(2621 2622 2718 2812 2811 2620)
6(6780 6971 6972 6878 6782 6781)
5(2812 2912 3009 3008 2811)
5(6971 7168 7169 7072 6972)
5(3009 3106 3198 3197 3008)
5(7168 7357 7358 7266 7169)
4(3198 3397 3396 3197)
4(7357 7556 7557 7358)
4(3397 3592 3591 3396)
4(7556 7751 7752 7557)
6(3199 3200 3298 3398 3397 3198)
6(7358 7557 7558 7458 7360 7359)
5(3398 3496 3593 3592 3397)
5(7557 7752 7753 7656 7558)
4(3592 3797 3796 3591)
4(7751 7956 7957 7752)
4(3797 3986 3985 3796)
4(7956 8145 8146 7957)
5(3593 3698 3798 3797 3592)
5(7752 7957 7958 7858 7753)
4(3798 3987 3986 3797)
4(7957 8146 8147 7958)
6(3799 3800 3894 3988 3987 3798)
6(7958 8147 8148 8054 7960 7959)
4(3988 4099 4098 3987)
4(8147 8258 8259 8148)
4(4099 4123 4122 4098)
4(8258 8282 8283 8259)
6(3989 3990 4066 4100 4099 3988)
6(8148 8259 8260 8226 8150 8149)
4(4100 4124 4123 4099)
4(8259 8283 8284 8260)
6(4101 4102 4113 4125 4124 4100)
6(8260 8284 8285 8273 8262 8261)
4(4125 4138 4137 4124)
4(8284 8297 8298 8285)
4(4138 4144 4143 4137)
4(8297 8303 8304 8298)
5(4126 4127 4139 4138 4125)
5(8285 8298 8299 8287 8286)
4(4139 4145 4144 4138)
4(8298 8304 8305 8299)
4(20 31 30 19)
4(4179 4190 4191 4180)
5(31 50 49 48 30)
5(4190 4208 4209 4210 4191)
4(21 32 31 20)
4(4180 4191 4192 4181)
5(32 52 51 50 31)
5(4191 4210 4211 4212 4192)
4(22 33 32 21)
4(4181 4192 4193 4182)
5(33 54 53 52 32)
5(4192 4212 4213 4214 4193)
4(23 34 33 22)
4(4182 4193 4194 4183)
4(34 55 54 33)
4(4193 4214 4215 4194)
6(55 113 112 111 76 54)
6(4214 4236 4271 4272 4273 4215)
5(56 115 114 113 55)
5(4215 4273 4274 4275 4216)
4(57 116 115 56)
4(4216 4275 4276 4217)
6(116 393 392 391 221 115)
6(4275 4381 4551 4552 4553 4276)
6(394 602 601 600 501 393)
6(4553 4661 4760 4761 4762 4554)
4(395 603 602 394)
4(4554 4762 4763 4555)
6(603 763 762 761 687 602)
6(4762 4847 4921 4922 4923 4763)
4(584 669 668 583)
4(4743 4828 4829 4744)
4(669 747 746 668)
4(4828 4906 4907 4829)
4(585 670 669 584)
4(4744 4829 4830 4745)
6(670 710 749 748 747 669)
6(4829 4907 4908 4909 4870 4830)
4(84 177 176 83)
4(4243 4336 4337 4244)
5(177 374 373 372 176)
5(4336 4532 4533 4534 4337)
4(85 178 177 84)
4(4244 4337 4338 4245)
6(178 276 376 375 374 177)
6(4337 4534 4535 4536 4436 4338)
4(371 487 486 370)
4(4530 4646 4647 4531)
5(487 534 586 585 486)
5(4646 4745 4746 4694 4647)
6(372 434 489 488 487 371)
6(4531 4647 4648 4649 4594 4532)
6(586 632 672 671 670 585)
6(4745 4830 4831 4832 4792 4746)
6(1438 1439 1603 1602 1525 1437)
6(5597 5685 5762 5763 5599 5598)
5(1603 1775 1774 1685 1602)
5(5762 5845 5934 5935 5763)
5(1775 1943 1942 1861 1774)
5(5934 6021 6102 6103 5935)
5(1943 2114 2113 2027 1942)
5(6102 6187 6273 6274 6103)
5(764 934 933 835 763)
5(4923 4995 5093 5094 4924)
5(934 1101 1100 1013 933)
5(5093 5173 5260 5261 5094)
4(765 935 934 764)
4(4924 5094 5095 4925)
4(935 1102 1101 934)
4(5094 5261 5262 5095)
5(1101 1268 1267 1181 1100)
5(5260 5341 5427 5428 5261)
5(86 180 179 178 85)
5(4245 4338 4339 4340 4246)
5(1268 1440 1439 1355 1267)
5(5427 5515 5599 5600 5428)
4(1102 1269 1268 1101)
4(5261 5428 5429 5262)
5(87 182 181 180 86)
5(4246 4340 4341 4342 4247)
4(1269 1441 1440 1268)
4(5428 5600 5601 5429)
4(43 63 62 42)
4(4202 4222 4223 4203)
4(63 88 87 62)
4(4222 4247 4248 4223)
4(44 64 63 43)
4(4203 4223 4224 4204)
5(64 90 89 88 63)
5(4223 4248 4249 4250 4224)
6(88 123 184 183 182 87)
6(4247 4342 4343 4344 4283 4248)
4(45 65 64 44)
4(4204 4224 4225 4205)
5(65 92 91 90 64)
5(4224 4250 4251 4252 4225)
4(46 66 65 45)
4(4205 4225 4226 4206)
5(66 94 93 92 65)
5(4225 4252 4253 4254 4226)
4(47 67 66 46)
4(4206 4226 4227 4207)
6(67 77 96 95 94 66)
6(4226 4254 4255 4256 4237 4227)
5(48 69 68 67 47)
5(4207 4227 4228 4229 4208)
4(745 815 814 744)
4(4904 4974 4975 4905)
4(815 923 922 814)
4(4974 5082 5083 4975)
4(746 816 815 745)
4(4905 4975 4976 4906)
5(816 876 924 923 815)
5(4975 5083 5084 5036 4976)
4(923 1001 1000 922)
4(5082 5160 5161 5083)
4(1001 1086 1085 1000)
4(5160 5245 5246 5161)
5(924 970 1002 1001 923)
5(5083 5161 5162 5130 5084)
5(1002 1050 1087 1086 1001)
5(5161 5246 5247 5210 5162)
6(747 784 818 817 816 746)
6(4906 4976 4977 4978 4944 4907)
4(1086 1167 1166 1085)
4(5245 5326 5327 5246)
4(1167 1253 1252 1166)
4(5326 5412 5413 5327)
5(1087 1138 1168 1167 1086)
5(5246 5327 5328 5298 5247)
5(1168 1218 1254 1253 1167)
5(5327 5413 5414 5378 5328)
4(1253 1341 1340 1252)
4(5412 5500 5501 5413)
4(1341 1425 1424 1340)
4(5500 5584 5585 5501)
5(1254 1308 1342 1341 1253)
5(5413 5501 5502 5468 5414)
4(1342 1426 1425 1341)
4(5501 5585 5586 5502)
6(1343 1344 1390 1427 1426 1342)
6(5502 5586 5587 5550 5504 5503)
6(2634 2635 2828 2827 2727 2633)
6(6793 6887 6987 6988 6795 6794)
6(2112 2113 2288 2287 2199 2111)
6(6271 6359 6447 6448 6273 6272)
5(2288 2450 2449 2365 2287)
5(6447 6525 6609 6610 6448)
4(2114 2289 2288 2113)
4(6273 6448 6449 6274)
4(2289 2451 2450 2288)
4(6448 6610 6611 6449)
5(2450 2636 2635 2537 2449)
5(6609 6697 6795 6796 6610)
4(2636 2829 2828 2635)
4(6795 6988 6989 6796)
4(2451 2637 2636 2450)
4(6610 6796 6797 6611)
4(2637 2830 2829 2636)
4(6796 6989 6990 6797)
5(2828 3023 3022 2923 2827)
5(6987 7083 7182 7183 6988)
5(3023 3216 3215 3119 3022)
5(7182 7279 7375 7376 7183)
6(3214 3215 3412 3411 3309 3213)
6(7373 7469 7571 7572 7375 7374)
5(3412 3609 3608 3509 3411)
5(7571 7669 7768 7769 7572)
4(3216 3413 3412 3215)
4(7375 7572 7573 7376)
4(3413 3610 3609 3412)
4(7572 7769 7770 7573)
6(4109 4110 4130 4129 4117 4108)
6(8268 8277 8289 8290 8270 8269)
5(1427 1480 1513 1512 1426)
5(5586 5672 5673 5640 5587)
5(1513 1560 1590 1589 1512)
5(5672 5749 5750 5720 5673)
6(3812 3813 4010 4009 3911 3811)
6(7971 8071 8169 8170 7973 7972)
6(4008 4009 4111 4110 4083 4007)
6(8167 8243 8270 8271 8169 8168)
5(1590 1640 1673 1672 1589)
5(5749 5832 5833 5800 5750)
4(4111 4131 4130 4110)
4(8270 8290 8291 8271)
5(1673 1722 1760 1759 1672)
5(5832 5919 5920 5882 5833)
4(4010 4112 4111 4009)
4(8169 8271 8272 8170)
4(4112 4132 4131 4111)
4(8271 8291 8292 8272)
5(4128 4129 4140 4139 4127)
5(8287 8299 8300 8289 8288)
4(4140 4146 4145 4139)
4(8299 8305 8306 8300)
4(4130 4141 4140 4129)
4(8289 8300 8301 8290)
4(4141 4147 4146 4140)
4(8300 8306 8307 8301)
4(1760 1847 1846 1759)
4(5919 6006 6007 5920)
4(1847 1928 1927 1846)
4(6006 6087 6088 6007)
6(1761 1762 1812 1848 1847 1760)
6(5920 6007 6008 5972 5922 5921)
5(1848 1894 1929 1928 1847)
5(6007 6088 6089 6054 6008)
4(1928 2013 2012 1927)
4(6087 6172 6173 6088)
4(2013 2099 2098 2012)
4(6172 6258 6259 6173)
5(1929 1978 2014 2013 1928)
5(6088 6173 6174 6138 6089)
4(2014 2100 2099 2013)
4(6173 6259 6260 6174)
5(3609 3814 3813 3713 3608)
5(7768 7873 7973 7974 7769)
4(3814 4011 4010 3813)
4(7973 8170 8171 7974)
4(3610 3815 3814 3609)
4(7769 7974 7975 7770)
4(3815 4012 4011 3814)
4(7974 8171 8172 7975)
6(2015 2016 2062 2101 2100 2014)
6(6174 6260 6261 6222 6176 6175)
5(2101 2154 2187 2186 2100)
5(6260 6346 6347 6314 6261)
5(2187 2234 2273 2272 2186)
5(6346 6432 6433 6394 6347)
4(2273 2353 2352 2272)
4(6432 6512 6513 6433)
4(2353 2437 2436 2352)
4(6512 6596 6597 6513)
6(2274 2275 2322 2354 2353 2273)
6(6433 6513 6514 6482 6435 6434)
5(2354 2400 2438 2437 2353)
5(6513 6597 6598 6560 6514)
4(2437 2523 2522 2436)
4(6596 6682 6683 6597)
4(2523 2621 2620 2522)
4(6682 6780 6781 6683)
5(2438 2488 2524 2523 2437)
5(6597 6683 6684 6648 6598)
5(2524 2572 2622 2621 2523)
5(6683 6781 6782 6732 6684)
6(2623 2624 2674 2719 2718 2622)
6(6782 6878 6879 6834 6784 6783)
5(2719 2764 2813 2812 2718)
5(6878 6972 6973 6924 6879)
4(2813 2913 2912 2812)
4(6972 7072 7073 6973)
4(2913 3010 3009 2912)
4(7072 7169 7170 7073)
6(2814 2815 2868 2914 2913 2813)
6(6973 7073 7074 7028 6975 6974)
5(2914 2964 3011 3010 2913)
5(7073 7170 7171 7124 7074)
4(3010 3107 3106 3009)
4(7169 7266 7267 7170)
4(3107 3199 3198 3106)
4(7266 7358 7359 7267)
5(3011 3060 3108 3107 3010)
5(7170 7267 7268 7220 7171)
4(3108 3200 3199 3107)
4(7267 7359 7360 7268)
6(3109 3110 3156 3201 3200 3108)
6(7268 7360 7361 7316 7270 7269)
5(3201 3252 3299 3298 3200)
5(7360 7458 7459 7412 7361)
5(3299 3350 3399 3398 3298)
5(7458 7558 7559 7510 7459)
4(3399 3497 3496 3398)
4(7558 7656 7657 7559)
4(3497 3594 3593 3496)
4(7656 7753 7754 7657)
6(3400 3401 3450 3498 3497 3399)
6(7559 7657 7658 7610 7561 7560)
5(3498 3544 3595 3594 3497)
5(7657 7754 7755 7704 7658)
4(3594 3699 3698 3593)
4(7753 7858 7859 7754)
4(3699 3799 3798 3698)
4(7858 7958 7959 7859)
5(3595 3650 3700 3699 3594)
5(7754 7859 7860 7810 7755)
4(3700 3800 3799 3699)
4(7859 7959 7960 7860)
6(3701 3702 3750 3801 3800 3700)
6(7860 7960 7961 7910 7862 7861)
5(3801 3842 3895 3894 3800)
5(7960 8054 8055 8002 7961)
4(3895 3989 3988 3894)
4(8054 8148 8149 8055)
6(3896 3897 3948 3990 3989 3895)
6(8055 8149 8150 8108 8057 8056)
5(3991 3992 4067 4066 3990)
5(8150 8226 8227 8152 8151)
4(4067 4101 4100 4066)
4(8226 8260 8261 8227)
6(3993 3994 4032 4068 4067 3992)
6(8152 8227 8228 8192 8154 8153)
4(4068 4102 4101 4067)
4(8227 8261 8262 8228)
6(4069 4070 4091 4103 4102 4068)
6(8228 8262 8263 8251 8230 8229)
4(4103 4114 4113 4102)
4(8262 8273 8274 8263)
4(4114 4126 4125 4113)
4(8273 8285 8286 8274)
5(4104 4105 4115 4114 4103)
5(8263 8274 8275 8265 8264)
4(4115 4127 4126 4114)
4(8274 8286 8287 8275)
5(49 71 70 69 48)
5(4208 4229 4230 4231 4209)
4(50 72 71 49)
4(4209 4231 4232 4210)
6(72 104 103 102 81 71)
6(4231 4241 4262 4263 4264 4232)
4(51 73 72 50)
4(4210 4232 4233 4211)
5(73 106 105 104 72)
5(4232 4264 4265 4266 4233)
4(52 74 73 51)
4(4211 4233 4234 4212)
5(74 108 107 106 73)
5(4233 4266 4267 4268 4234)
4(53 75 74 52)
4(4212 4234 4235 4213)
5(75 110 109 108 74)
5(4234 4268 4269 4270 4235)
4(54 76 75 53)
4(4213 4235 4236 4214)
4(76 111 110 75)
4(4235 4270 4271 4236)
6(111 215 214 213 150 110)
6(4270 4310 4373 4374 4375 4271)
5(112 217 216 215 111)
5(4271 4375 4376 4377 4272)
5(113 219 218 217 112)
5(4272 4377 4378 4379 4273)
4(114 220 219 113)
4(4273 4379 4380 4274)
6(220 389 388 387 305 219)
6(4379 4465 4547 4548 4549 4380)
4(115 221 220 114)
4(4274 4380 4381 4275)
5(221 391 390 389 220)
5(4380 4549 4550 4551 4381)
6(392 500 499 498 447 391)
6(4551 4607 4658 4659 4660 4552)
4(393 501 500 392)
4(4552 4660 4661 4553)
5(501 600 599 547 500)
5(4660 4707 4759 4760 4661)
6(600 685 684 683 643 599)
6(4759 4803 4843 4844 4845 4760)
4(601 686 685 600)
4(4760 4845 4846 4761)
6(686 760 759 758 721 685)
6(4845 4881 4918 4919 4920 4846)
4(602 687 686 601)
4(4761 4846 4847 4762)
4(687 761 760 686)
4(4846 4920 4921 4847)
6(761 833 832 831 795 760)
6(4920 4955 4991 4992 4993 4921)
4(762 834 833 761)
4(4921 4993 4994 4922)
5(834 932 931 887 833)
5(4993 5047 5091 5092 4994)
4(763 835 834 762)
4(4922 4994 4995 4923)
4(835 933 932 834)
4(4994 5092 5093 4995)
5(932 1012 1011 977 931)
5(5091 5137 5171 5172 5092)
5(1012 1099 1098 1057 1011)
5(5171 5217 5258 5259 5172)
4(933 1013 1012 932)
4(5092 5172 5173 5093)
4(1013 1100 1099 1012)
4(5172 5259 5260 5173)
6(1352 1353 1437 1436 1397 1351)
6(5511 5557 5596 5597 5513 5512)
5(1099 1180 1179 1145 1098)
5(5258 5305 5339 5340 5259)
5(1180 1266 1265 1227 1179)
5(5339 5387 5425 5426 5340)
4(1100 1181 1180 1099)
4(5259 5340 5341 5260)
4(1181 1267 1266 1180)
4(5340 5426 5427 5341)
5(1266 1354 1353 1319 1265)
5(5425 5479 5513 5514 5426)
4(1354 1438 1437 1353)
4(5513 5597 5598 5514)
4(1267 1355 1354 1266)
4(5426 5514 5515 5427)
4(1355 1439 1438 1354)
4(5514 5598 5599 5515)
4(488 535 534 487)
4(4647 4694 4695 4648)
4(535 587 586 534)
4(4694 4746 4747 4695)
4(489 536 535 488)
4(4648 4695 4696 4649)
5(536 562 588 587 535)
5(4695 4747 4748 4722 4696)
4(671 711 710 670)
4(4830 4870 4871 4831)
5(711 728 750 749 710)
5(4870 4909 4910 4888 4871)
4(749 786 785 748)
4(4908 4945 4946 4909)
4(768 782 788 787)
4(4947 4948 4942 4928)
5(787 786 749 750 768)
5(4928 4910 4909 4946 4947)
6(672 696 713 712 711 671)
6(4831 4871 4872 4873 4856 4832)
4(587 633 632 586)
4(4746 4792 4793 4747)
6(633 654 674 673 672 632)
6(4792 4832 4833 4834 4814 4793)
6(588 616 635 634 633 587)
6(4747 4793 4794 4795 4776 4748)
6(2024 2025 2111 2110 2069 2023)
6(6183 6229 6270 6271 6185 6184)
4(373 435 434 372)
4(4532 4594 4595 4533)
4(435 490 489 434)
4(4594 4649 4650 4595)
5(1437 1525 1524 1487 1436)
5(5596 5647 5684 5685 5597)
4(374 436 435 373)
4(4533 4595 4596 4534)
5(1525 1602 1601 1567 1524)
5(5684 5727 5761 5762 5685)
6(436 466 492 491 490 435)
6(4595 4650 4651 4652 4626 4596)
6(490 518 538 537 536 489)
6(4649 4696 4697 4698 4678 4650)
5(1602 1685 1684 1649 1601)
5(5761 5809 5844 5845 5762)
5(1685 1774 1773 1733 1684)
5(5844 5893 5933 5934 5845)
5(375 438 437 436 374)
5(4534 4596 4597 4598 4535)
6(376 414 440 439 438 375)
6(4535 4598 4599 4600 4574 4536)
6(1772 1773 1860 1859 1819 1771)
6(5931 5979 6019 6020 5933 5932)
5(1860 1941 1940 1901 1859)
5(6019 6061 6100 6101 6020)
4(1774 1861 1860 1773)
4(5933 6020 6021 5934)
4(1861 1942 1941 1860)
4(6020 6101 6102 6021)
5(1941 2026 2025 1989 1940)
5(6100 6149 6185 6186 6101)
4(2026 2112 2111 2025)
4(6185 6271 6272 6186)
4(1942 2027 2026 1941)
4(6101 6186 6187 6102)
4(2027 2113 2112 2026)
4(6186 6272 6273 6187)
4(179 277 276 178)
4(4338 4436 4437 4339)
5(277 378 377 376 276)
5(4436 4536 4537 4538 4437)
4(180 278 277 179)
4(4339 4437 4438 4340)
6(278 336 380 379 378 277)
6(4437 4538 4539 4540 4496 4438)
5(181 280 279 278 180)
5(4340 4438 4439 4440 4341)
5(182 282 281 280 181)
5(4341 4440 4441 4442 4342)
5(183 284 283 282 182)
5(4342 4442 4443 4444 4343)
5(184 286 285 284 183)
5(4343 4444 4445 4446 4344)
4(89 124 123 88)
4(4248 4283 4284 4249)
4(124 185 184 123)
4(4283 4344 4345 4284)
4(90 125 124 89)
4(4249 4284 4285 4250)
5(125 187 186 185 124)
5(4284 4345 4346 4347 4285)
6(185 238 288 287 286 184)
6(4344 4446 4447 4448 4398 4345)
4(91 126 125 90)
4(4250 4285 4286 4251)
5(126 189 188 187 125)
5(4285 4347 4348 4349 4286)
4(92 127 126 91)
4(4251 4286 4287 4252)
5(127 191 190 189 126)
5(4286 4349 4350 4351 4287)
4(93 128 127 92)
4(4252 4287 4288 4253)
5(128 193 192 191 127)
5(4287 4351 4352 4353 4288)
4(94 129 128 93)
4(4253 4288 4289 4254)
4(95 130 129 94)
4(4254 4289 4290 4255)
5(129 195 194 193 128)
5(4288 4353 4354 4355 4289)
3(156 197 196)
3(4356 4357 4316)
6(196 222 195 129 130 156)
6(4316 4290 4289 4355 4382 4356)
4(68 78 77 67)
4(4227 4237 4238 4228)
4(78 97 96 77)
4(4237 4256 4257 4238)
4(69 79 78 68)
4(4228 4238 4239 4229)
5(79 99 98 97 78)
5(4238 4257 4258 4259 4239)
5(96 132 131 130 95)
5(4255 4290 4291 4292 4256)
6(97 117 134 133 132 96)
6(4256 4292 4293 4294 4277 4257)
4(817 877 876 816)
4(4976 5036 5037 4977)
5(877 900 925 924 876)
5(5036 5084 5085 5060 5037)
6(818 848 879 878 877 817)
6(4977 5037 5038 5039 5008 4978)
4(748 785 784 747)
4(4907 4944 4945 4908)
5(785 820 819 818 784)
5(4944 4978 4979 4980 4945)
6(786 810 822 821 820 785)
6(4945 4980 4981 4982 4970 4946)
5(925 950 971 970 924)
5(5084 5130 5131 5110 5085)
5(971 990 1003 1002 970)
5(5130 5162 5163 5150 5131)
5(1003 1028 1051 1050 1002)
5(5162 5210 5211 5188 5163)
5(1051 1070 1088 1087 1050)
5(5210 5247 5248 5230 5211)
4(1088 1139 1138 1087)
4(5247 5298 5299 5248)
4(1139 1169 1168 1138)
4(5298 5328 5329 5299)
6(1089 1090 1118 1140 1139 1088)
6(5248 5299 5300 5278 5250 5249)
5(1140 1158 1170 1169 1139)
5(5299 5329 5330 5318 5300)
4(1169 1219 1218 1168)
4(5328 5378 5379 5329)
4(1219 1255 1254 1218)
4(5378 5414 5415 5379)
5(1170 1196 1220 1219 1169)
5(5329 5379 5380 5356 5330)
5(1220 1240 1256 1255 1219)
5(5379 5415 5416 5400 5380)
6(3116 3117 3213 3212 3163 3115)
6(7275 7323 7372 7373 7277 7276)
4(1255 1309 1308 1254)
4(5414 5468 5469 5415)
4(1309 1343 1342 1308)
4(5468 5502 5503 5469)
5(1256 1284 1310 1309 1255)
5(5415 5469 5470 5444 5416)
4(1310 1344 1343 1309)
4(5469 5503 5504 5470)
6(1311 1312 1332 1345 1344 1310)
6(5470 5504 5505 5492 5472 5471)
5(3213 3309 3308 3261 3212)
5(7372 7421 7468 7469 7373)
5(3309 3411 3410 3361 3308)
5(7468 7521 7570 7571 7469)
6(3409 3410 3508 3507 3457 3408)
6(7568 7617 7667 7668 7570 7569)
5(1345 1370 1391 1390 1344)
5(5504 5550 5551 5530 5505)
5(3508 3607 3606 3553 3507)
5(7667 7713 7766 7767 7668)
5(1391 1410 1428 1427 1390)
5(5550 5587 5588 5570 5551)
4(3411 3509 3508 3410)
4(7570 7668 7669 7571)
4(3509 3608 3607 3508)
4(7668 7767 7768 7669)
5(2111 2199 2198 2163 2110)
5(6270 6323 6358 6359 6271)
5(2199 2287 2286 2243 2198)
5(6358 6403 6446 6447 6359)
6(2285 2286 2364 2363 2327 2284)
6(6444 6487 6523 6524 6446 6445)
5(2364 2448 2447 2409 2363)
5(6523 6569 6607 6608 6524)
4(2287 2365 2364 2286)
4(6446 6524 6525 6447)
4(2365 2449 2448 2364)
4(6524 6608 6609 6525)
6(2632 2633 2727 2726 2683 2631)
6(6791 6843 6886 6887 6793 6792)
5(2727 2827 2826 2773 2726)
5(6886 6933 6986 6987 6887)
5(2448 2536 2535 2497 2447)
5(6607 6657 6695 6696 6608)
5(2536 2634 2633 2583 2535)
5(6695 6743 6793 6794 6696)
4(2449 2537 2536 2448)
4(6608 6696 6697 6609)
4(2537 2635 2634 2536)
4(6696 6794 6795 6697)
6(2825 2826 2922 2921 2875 2824)
6(6984 7035 7081 7082 6986 6985)
5(2922 3021 3020 2973 2921)
5(7081 7133 7180 7181 7082)
4(2827 2923 2922 2826)
4(6986 7082 7083 6987)
4(2923 3022 3021 2922)
4(7082 7181 7182 7083)
5(3021 3118 3117 3071 3020)
5(7180 7231 7277 7278 7181)
4(3118 3214 3213 3117)
4(7277 7373 7374 7278)
4(3022 3119 3118 3021)
4(7181 7278 7279 7182)
4(3119 3215 3214 3118)
4(7278 7374 7375 7279)
6(4080 4081 4108 4107 4097 4079)
6(8239 8257 8267 8268 8241 8240)
5(4106 4107 4116 4115 4105)
5(8265 8275 8276 8267 8266)
4(4116 4128 4127 4115)
4(8275 8287 8288 8276)
4(4108 4117 4116 4107)
4(8267 8276 8277 8268)
4(4117 4129 4128 4116)
4(8276 8288 8289 8277)
6(4004 4005 4082 4081 4043 4003)
6(8163 8203 8241 8242 8165 8164)
4(4082 4109 4108 4081)
4(8241 8268 8269 8242)
5(4006 4007 4083 4082 4005)
5(8165 8242 8243 8167 8166)
4(4083 4110 4109 4082)
4(8242 8269 8270 8243)
6(3710 3711 3811 3810 3757 3709)
6(7869 7917 7970 7971 7871 7870)
6(3909 3910 4008 4007 3965 3908)
6(8068 8125 8167 8168 8070 8069)
5(3811 3911 3910 3851 3810)
5(7970 8011 8070 8071 7971)
4(3911 4009 4008 3910)
4(8070 8168 8169 8071)
5(3607 3712 3711 3661 3606)
5(7766 7821 7871 7872 7767)
5(1428 1458 1481 1480 1427)
5(5587 5640 5641 5618 5588)
4(3712 3812 3811 3711)
4(7871 7971 7972 7872)
5(1481 1500 1514 1513 1480)
5(5640 5673 5674 5660 5641)
4(3608 3713 3712 3607)
4(7767 7872 7873 7768)
4(3713 3813 3812 3712)
4(7872 7972 7973 7873)
4(1514 1561 1560 1513)
4(5673 5720 5721 5674)
4(1561 1591 1590 1560)
4(5720 5750 5751 5721)
6(1515 1516 1540 1562 1561 1514)
6(5674 5721 5722 5700 5676 5675)
5(1562 1580 1592 1591 1561)
5(5721 5751 5752 5740 5722)
4(1591 1641 1640 1590)
4(5750 5800 5801 5751)
4(1641 1674 1673 1640)
4(5800 5833 5834 5801)
5(1592 1618 1642 1641 1591)
5(5751 5801 5802 5778 5752)
5(1642 1660 1675 1674 1641)
5(5801 5834 5835 5820 5802)
4(1674 1723 1722 1673)
4(5833 5882 5883 5834)
4(1723 1761 1760 1722)
4(5882 5920 5921 5883)
5(1675 1700 1724 1723 1674)
5(5834 5883 5884 5860 5835)
4(1724 1762 1761 1723)
4(5883 5921 5922 5884)
6(1725 1726 1744 1763 1762 1724)
6(5884 5922 5923 5904 5886 5885)
5(1763 1792 1813 1812 1762)
5(5922 5972 5973 5952 5923)
5(1813 1830 1849 1848 1812)
5(5972 6008 6009 5990 5973)
4(1849 1895 1894 1848)
4(6008 6054 6055 6009)
4(1895 1930 1929 1894)
4(6054 6089 6090 6055)
6(1850 1851 1876 1896 1895 1849)
6(6009 6055 6056 6036 6011 6010)
5(1896 1912 1931 1930 1895)
5(6055 6090 6091 6072 6056)
4(1930 1979 1978 1929)
4(6089 6138 6139 6090)
4(1979 2015 2014 1978)
4(6138 6174 6175 6139)
5(1931 1958 1980 1979 1930)
5(6090 6139 6140 6118 6091)
4(1980 2016 2015 1979)
4(6139 6175 6176 6140)
6(1981 1982 2000 2017 2016 1980)
6(6140 6176 6177 6160 6142 6141)
5(2017 2042 2063 2062 2016)
5(6176 6222 6223 6202 6177)
5(2063 2080 2102 2101 2062)
5(6222 6261 6262 6240 6223)
5(2102 2132 2155 2154 2101)
5(6261 6314 6315 6292 6262)
4(2155 2188 2187 2154)
4(6314 6347 6348 6315)
6(2156 2157 2174 2189 2188 2155)
6(6315 6348 6349 6334 6317 6316)
4(2188 2235 2234 2187)
4(6347 6394 6395 6348)
4(2235 2274 2273 2234)
4(6394 6433 6434 6395)
5(2189 2214 2236 2235 2188)
5(6348 6395 6396 6374 6349)
5(2236 2254 2275 2274 2235)
5(6395 6434 6435 6414 6396)
6(2276 2277 2304 2323 2322 2275)
6(6435 6482 6483 6464 6437 6436)
5(2323 2338 2355 2354 2322)
5(6482 6514 6515 6498 6483)
5(2355 2380 2401 2400 2354)
5(6514 6560 6561 6540 6515)
4(2401 2439 2438 2400)
4(6560 6598 6599 6561)
6(2402 2403 2420 2440 2439 2401)
6(6561 6599 6600 6580 6563 6562)
4(2439 2489 2488 2438)
4(6598 6648 6649 6599)
4(2489 2525 2524 2488)
4(6648 6684 6685 6649)
5(2440 2468 2490 2489 2439)
5(6599 6649 6650 6628 6600)
5(2490 2508 2526 2525 2489)
5(6649 6685 6686 6668 6650)
4(2525 2573 2572 2524)
4(6684 6732 6733 6685)
4(2573 2623 2622 2572)
4(6732 6782 6783 6733)
5(2526 2552 2574 2573 2525)
5(6685 6733 6734 6712 6686)
4(2574 2624 2623 2573)
4(6733 6783 6784 6734)
6(2575 2576 2598 2625 2624 2574)
6(6734 6784 6785 6758 6736 6735)
5(2625 2652 2675 2674 2624)
5(6784 6834 6835 6812 6785)
4(2675 2720 2719 2674)
4(6834 6879 6880 6835)
6(2676 2677 2700 2721 2720 2675)
6(6835 6880 6881 6860 6837 6836)
4(2720 2765 2764 2719)
4(6879 6924 6925 6880)
4(2765 2814 2813 2764)
4(6924 6973 6974 6925)
5(2721 2742 2766 2765 2720)
5(6880 6925 6926 6902 6881)
5(2766 2788 2815 2814 2765)
5(6925 6974 6975 6948 6926)
6(2816 2817 2848 2869 2868 2815)
6(6975 7028 7029 7008 6977 6976)
5(2869 2892 2915 2914 2868)
5(7028 7074 7075 7052 7029)
5(2915 2940 2965 2964 2914)
5(7074 7124 7125 7100 7075)
4(2965 3012 3011 2964)
4(7124 7171 7172 7125)
6(2966 2967 2988 3013 3012 2965)
6(7125 7172 7173 7148 7127 7126)
4(3012 3061 3060 3011)
4(7171 7220 7221 7172)
4(3061 3109 3108 3060)
4(7220 7268 7269 7221)
5(3013 3038 3062 3061 3012)
5(7172 7221 7222 7198 7173)
4(3062 3110 3109 3061)
4(7221 7269 7270 7222)
6(3063 3064 3088 3111 3110 3062)
6(7222 7270 7271 7248 7224 7223)
5(3111 3134 3157 3156 3110)
5(7270 7316 7317 7294 7271)
5(3157 3178 3202 3201 3156)
5(7316 7361 7362 7338 7317)
4(3202 3253 3252 3201)
4(7361 7412 7413 7362)
4(3253 3300 3299 3252)
4(7412 7459 7460 7413)
6(3203 3204 3232 3254 3253 3202)
6(7362 7413 7414 7392 7364 7363)
5(3254 3278 3301 3300 3253)
5(7413 7460 7461 7438 7414)
4(3300 3351 3350 3299)
4(7459 7510 7511 7460)
4(3351 3400 3399 3350)
4(7510 7559 7560 7511)
5(3301 3326 3352 3351 3300)
5(7460 7511 7512 7486 7461)
4(3352 3401 3400 3351)
4(7511 7560 7561 7512)
6(3353 3354 3376 3402 3401 3352)
6(7512 7561 7562 7536 7514 7513)
5(3402 3430 3451 3450 3401)
5(7561 7610 7611 7590 7562)
5(3451 3474 3499 3498 3450)
5(7610 7658 7659 7634 7611)
4(3499 3545 3544 3498)
4(7658 7704 7705 7659)
4(3545 3596 3595 3544)
4(7704 7755 7756 7705)
6(3500 3501 3526 3546 3545 3499)
6(7659 7705 7706 7686 7661 7660)
5(3546 3568 3597 3596 3545)
5(7705 7756 7757 7728 7706)
4(3596 3651 3650 3595)
4(7755 7810 7811 7756)
4(3651 3701 3700 3650)
4(7810 7860 7861 7811)
5(3597 3628 3652 3651 3596)
5(7756 7811 7812 7788 7757)
4(3652 3702 3701 3651)
4(7811 7861 7862 7812)
6(3653 3654 3678 3703 3702 3652)
6(7812 7862 7863 7838 7814 7813)
5(3703 3730 3751 3750 3702)
5(7862 7910 7911 7890 7863)
5(3751 3774 3802 3801 3750)
5(7910 7961 7962 7934 7911)
4(3802 3843 3842 3801)
4(7961 8002 8003 7962)
4(3843 3896 3895 3842)
4(8002 8055 8056 8003)
6(3803 3804 3834 3844 3843 3802)
6(7962 8003 8004 7994 7964 7963)
5(3844 3874 3897 3896 3843)
5(8003 8056 8057 8034 8004)
5(3898 3899 3949 3948 3897)
5(8057 8108 8109 8059 8058)
4(3949 3991 3990 3948)
4(8108 8150 8151 8109)
6(3900 3901 3924 3950 3949 3899)
6(8059 8109 8110 8084 8061 8060)
4(3950 3992 3991 3949)
4(8109 8151 8152 8110)
5(3951 3952 3993 3992 3950)
5(8110 8152 8153 8112 8111)
6(3953 3954 3970 3994 3993 3952)
6(8112 8153 8154 8130 8114 8113)
6(3995 3996 4024 4033 4032 3994)
6(8154 8192 8193 8184 8156 8155)
4(4033 4069 4068 4032)
4(8192 8228 8229 8193)
6(4034 4035 4052 4070 4069 4033)
6(8193 8229 8230 8212 8195 8194)
6(4071 4072 4084 4092 4091 4070)
6(8230 8251 8252 8244 8232 8231)
4(4092 4104 4103 4091)
4(8251 8263 8264 8252)
5(4093 4094 4105 4104 4092)
5(8252 8264 8265 8254 8253)
4(70 80 79 69)
4(4229 4239 4240 4230)
5(80 101 100 99 79)
5(4239 4259 4260 4261 4240)
4(71 81 80 70)
4(4230 4240 4241 4231)
4(81 102 101 80)
4(4240 4261 4262 4241)
6(102 141 140 139 121 101)
6(4261 4281 4299 4300 4301 4262)
5(103 143 142 141 102)
5(4262 4301 4302 4303 4263)
4(104 144 143 103)
4(4263 4303 4304 4264)
3(201 200 165)
3(4325 4360 4361)
6(165 143 144 202 223 201)
6(4361 4383 4362 4304 4303 4325)
5(145 204 203 202 144)
5(4304 4362 4363 4364 4305)
4(105 145 144 104)
4(4264 4304 4305 4265)
4(106 146 145 105)
4(4265 4305 4306 4266)
5(146 206 205 204 145)
5(4305 4364 4365 4366 4306)
4(107 147 146 106)
4(4266 4306 4307 4267)
5(147 208 207 206 146)
5(4306 4366 4367 4368 4307)
4(108 148 147 107)
4(4267 4307 4308 4268)
5(148 210 209 208 147)
5(4307 4368 4369 4370 4308)
4(109 149 148 108)
4(4268 4308 4309 4269)
5(149 212 211 210 148)
5(4308 4370 4371 4372 4309)
4(110 150 149 109)
4(4269 4309 4310 4270)
4(150 213 212 149)
4(4309 4372 4373 4310)
6(213 295 294 293 255 212)
6(4372 4415 4453 4454 4455 4373)
5(214 297 296 295 213)
5(4373 4455 4456 4457 4374)
5(215 299 298 297 214)
5(4374 4457 4458 4459 4375)
5(216 301 300 299 215)
5(4375 4459 4460 4461 4376)
5(217 303 302 301 216)
5(4376 4461 4462 4463 4377)
4(218 304 303 217)
4(4377 4463 4464 4378)
6(304 385 384 383 347 303)
6(4463 4507 4543 4544 4545 4464)
4(219 305 304 218)
4(4378 4464 4465 4379)
5(305 387 386 385 304)
5(4464 4545 4546 4547 4465)
6(388 443 442 441 419 387)
6(4547 4579 4601 4602 4603 4548)
5(389 445 444 443 388)
5(4548 4603 4604 4605 4549)
4(390 446 445 389)
4(4549 4605 4606 4550)
6(446 497 496 495 471 445)
6(4605 4631 4655 4656 4657 4606)
4(391 447 446 390)
4(4550 4606 4607 4551)
4(447 498 497 446)
4(4606 4657 4658 4607)
6(498 545 544 543 521 497)
6(4657 4681 4703 4704 4705 4658)
4(499 546 545 498)
4(4658 4705 4706 4659)
5(546 598 597 569 545)
5(4705 4729 4757 4758 4706)
4(500 547 546 499)
4(4659 4706 4707 4660)
4(547 599 598 546)
4(4706 4758 4759 4707)
6(598 642 641 640 621 597)
6(4757 4781 4800 4801 4802 4758)
4(599 643 642 598)
4(4758 4802 4803 4759)
6(643 683 682 681 659 642)
6(4802 4819 4841 4842 4843 4803)
6(684 720 719 718 701 683)
6(4843 4861 4878 4879 4880 4844)
4(685 721 720 684)
4(4844 4880 4881 4845)
5(721 758 757 733 720)
5(4880 4893 4917 4918 4881)
4(792 791 783 773)
4(4933 4943 4951 4952)
5(773 757 758 793 792)
5(4952 4953 4918 4917 4933)
4(759 794 793 758)
4(4918 4953 4954 4919)
6(794 829 828 827 813 793)
6(4953 4973 4987 4988 4989 4954)
4(760 795 794 759)
4(4919 4954 4955 4920)
5(795 831 830 829 794)
5(4954 4989 4990 4991 4955)
6(832 886 885 884 857 831)
6(4991 5017 5044 5045 5046 4992)
4(833 887 886 832)
4(4992 5046 5047 4993)
5(887 931 930 909 886)
5(5046 5069 5090 5091 5047)
5(931 977 976 953 930)
5(5090 5113 5136 5137 5091)
5(977 1011 1010 995 976)
5(5136 5155 5170 5171 5137)
5(1011 1057 1056 1033 1010)
5(5170 5193 5216 5217 5171)
5(1057 1098 1097 1077 1056)
5(5216 5237 5257 5258 5217)
6(1096 1097 1144 1143 1121 1095)
6(5255 5281 5303 5304 5257 5256)
5(1144 1178 1177 1161 1143)
5(5303 5321 5337 5338 5304)
4(1098 1145 1144 1097)
4(5257 5304 5305 5258)
4(1145 1179 1178 1144)
4(5304 5338 5339 5305)
5(1178 1226 1225 1201 1177)
5(5337 5361 5385 5386 5338)
5(1226 1264 1263 1245 1225)
5(5385 5405 5423 5424 5386)
4(1179 1227 1226 1178)
4(5338 5386 5387 5339)
4(1227 1265 1264 1226)
4(5386 5424 5425 5387)
6(1316 1317 1351 1350 1335 1315)
6(5475 5495 5510 5511 5477 5476)
5(1351 1397 1396 1373 1350)
5(5510 5533 5556 5557 5511)
5(1397 1436 1435 1415 1396)
5(5556 5575 5595 5596 5557)
5(1264 1318 1317 1291 1263)
5(5423 5451 5477 5478 5424)
4(1318 1352 1351 1317)
4(5477 5511 5512 5478)
4(1265 1319 1318 1264)
4(5424 5478 5479 5425)
4(1319 1353 1352 1318)
4(5478 5512 5513 5479)
6(1730 1731 1771 1770 1747 1729)
6(5889 5907 5930 5931 5891 5890)
4(712 729 728 711)
4(4871 4888 4889 4872)
5(729 736 751 750 728)
5(4888 4910 4911 4896 4889)
4(713 730 729 712)
4(4872 4889 4890 4873)
3(729 730 734)
3(4894 4890 4889)
3(729 734 736)
3(4896 4894 4889)
3(736 752 751)
3(4911 4912 4896)
5(1771 1819 1818 1797 1770)
5(5930 5957 5978 5979 5931)
5(1819 1859 1858 1837 1818)
5(5978 5997 6018 6019 5979)
6(1857 1858 1900 1899 1879 1856)
6(6016 6039 6059 6060 6018 6017)
4(634 655 654 633)
4(4793 4814 4815 4794)
5(1900 1939 1938 1917 1899)
5(6059 6077 6098 6099 6060)
5(655 664 675 674 654)
5(4814 4834 4835 4824 4815)
4(1859 1901 1900 1858)
4(6018 6060 6061 6019)
4(635 656 655 634)
4(4794 4815 4816 4795)
4(1901 1940 1939 1900)
4(6060 6099 6100 6061)
3(664 676 675)
3(4835 4836 4824)
4(656 660 664 655)
4(4815 4824 4820 4816)
4(673 697 696 672)
4(4832 4856 4857 4833)
4(697 714 713 696)
4(4856 4873 4874 4857)
4(674 698 697 673)
4(4833 4857 4858 4834)
6(1986 1987 2023 2022 2003 1985)
6(6145 6163 6182 6183 6147 6146)
3(706 708 715)
3(4875 4868 4866)
3(706 715 714)
3(4874 4875 4866)
3(706 714 697)
3(4857 4874 4866)
3(706 697 698)
3(4858 4857 4866)
3(698 702 706)
3(4866 4862 4858)
5(714 724 734 730 713)
5(4873 4890 4894 4884 4874)
5(2023 2069 2068 2047 2022)
5(6182 6207 6228 6229 6183)
3(715 724 714)
3(4874 4884 4875)
5(2069 2110 2109 2085 2068)
5(6228 6245 6269 6270 6229)
5(1939 1988 1987 1963 1938)
5(6098 6123 6147 6148 6099)
5(675 692 702 698 674)
5(4834 4858 4862 4852 4835)
4(1988 2024 2023 1987)
4(6147 6183 6184 6148)
4(1940 1989 1988 1939)
4(6099 6148 6149 6100)
4(676 688 692 675)
4(4835 4852 4848 4836)
4(1989 2025 2024 1988)
4(6148 6184 6185 6149)
5(1436 1487 1486 1463 1435)
5(5595 5623 5646 5647 5596)
5(1487 1524 1523 1507 1486)
5(5646 5667 5683 5684 5647)
6(1522 1523 1566 1565 1543 1521)
6(5681 5703 5725 5726 5683 5682)
5(1566 1600 1599 1583 1565)
5(5725 5743 5759 5760 5726)
4(1524 1567 1566 1523)
4(5683 5726 5727 5684)
4(1567 1601 1600 1566)
4(5726 5760 5761 5727)
5(1600 1648 1647 1623 1599)
5(5759 5783 5807 5808 5760)
5(1648 1683 1682 1665 1647)
5(5807 5825 5842 5843 5808)
4(1601 1649 1648 1600)
4(5760 5808 5809 5761)
4(1649 1684 1683 1648)
4(5808 5843 5844 5809)
5(1683 1732 1731 1707 1682)
5(5842 5867 5891 5892 5843)
4(537 563 562 536)
4(4696 4722 4723 4697)
4(1732 1772 1771 1731)
4(5891 5931 5932 5892)
4(563 589 588 562)
4(4722 4748 4749 4723)
4(1684 1733 1732 1683)
4(5843 5892 5893 5844)
4(538 564 563 537)
4(4697 4723 4724 4698)
4(1733 1773 1772 1732)
4(5892 5932 5933 5893)
3(589 563 564)
3(4724 4723 4749)
3(580 590 589)
3(4749 4750 4740)
3(574 580 589)
3(4749 4740 4734)
3(574 589 564)
3(4724 4749 4734)
3(564 572 574)
3(4734 4732 4724)
3(491 508 519)
3(4679 4668 4651)
5(519 522 518 490 491)
5(4651 4650 4678 4682 4679)
3(522 528 539)
3(4699 4688 4682)
4(539 538 518 522)
4(4682 4678 4698 4699)
4(492 502 508 491)
4(4651 4668 4662 4652)
3(540 539 528)
3(4688 4699 4700)
5(539 558 565 564 538)
5(4698 4724 4725 4718 4699)
3(565 572 564)
3(4724 4732 4725)
3(591 590 580)
3(4740 4750 4751)
4(540 548 558 539)
4(4699 4718 4708 4700)
4(437 467 466 436)
4(4596 4626 4627 4597)
6(467 480 484 502 492 466)
6(4626 4652 4662 4644 4640 4627)
4(438 468 467 437)
4(4597 4627 4628 4598)
4(468 472 480 467)
4(4627 4640 4632 4628)
5(439 458 472 468 438)
5(4598 4628 4632 4618 4599)
5(440 448 456 458 439)
5(4599 4618 4616 4608 4600)
4(589 617 616 588)
4(4748 4776 4777 4749)
3(635 616 617)
3(4777 4776 4795)
4(628 637 636 635)
4(4795 4796 4797 4788)
3(628 635 617)
3(4777 4795 4788)
3(617 626 628)
3(4788 4786 4777)
5(590 612 618 617 589)
5(4749 4777 4778 4772 4750)
3(618 626 617)
3(4777 4786 4778)
5(636 648 660 656 635)
5(4795 4816 4820 4808 4796)
4(637 644 648 636)
4(4796 4808 4804 4797)
4(591 606 612 590)
4(4750 4772 4766 4751)
4(279 337 336 278)
4(4438 4496 4497 4439)
6(337 360 364 398 380 336)
6(4496 4540 4558 4524 4520 4497)
4(280 338 337 279)
4(4439 4497 4498 4440)
4(338 348 360 337)
4(4497 4520 4508 4498)
5(281 322 348 338 280)
5(4440 4498 4508 4482 4441)
4(282 324 314 281)
4(4441 4474 4484 4442)
3(314 322 281)
3(4441 4482 4474)
5(283 339 350 324 282)
5(4442 4484 4510 4499 4443)
4(284 340 339 283)
4(4443 4499 4500 4444)
5(340 354 356 350 339)
5(4499 4510 4516 4514 4500)
5(285 330 341 340 284)
5(4444 4500 4501 4490 4445)
3(341 354 340)
3(4500 4514 4501)
4(286 316 330 285)
4(4445 4490 4476 4446)
3(287 320 308)
3(4468 4480 4447)
3(286 287 308)
3(4468 4447 4446)
3(308 316 286)
3(4446 4476 4468)
5(288 332 334 320 287)
5(4447 4480 4494 4492 4448)
4(186 239 238 185)
4(4345 4398 4399 4346)
4(239 289 288 238)
4(4398 4448 4449 4399)
4(187 240 239 186)
4(4346 4399 4400 4347)
5(240 274 290 289 239)
5(4399 4449 4450 4434 4400)
4(289 318 332 288)
4(4448 4492 4478 4449)
3(290 318 289)
3(4449 4478 4450)
4(377 415 414 376)
4(4536 4574 4575 4537)
5(415 428 448 440 414)
5(4574 4600 4608 4588 4575)
4(378 416 415 377)
4(4537 4575 4576 4538)
4(416 422 428 415)
4(4575 4588 4582 4576)
6(379 404 420 422 416 378)
6(4538 4576 4582 4580 4564 4539)
4(380 398 404 379)
4(4539 4564 4558 4540)
4(188 241 240 187)
4(4347 4400 4401 4348)
3(274 240 241)
3(4401 4400 4434)
3(241 270 268)
3(4428 4430 4401)
3(241 268 274)
3(4434 4428 4401)
4(189 242 241 188)
4(4348 4401 4402 4349)
5(242 306 310 270 241)
5(4401 4430 4470 4466 4402)
4(190 243 242 189)
4(4349 4402 4403 4350)
4(243 266 306 242)
4(4402 4466 4426 4403)
4(191 244 243 190)
4(4350 4403 4404 4351)
4(244 256 266 243)
4(4403 4426 4416 4404)
4(191 192 245 260)
4(4420 4405 4352 4351)
3(191 260 234)
3(4394 4420 4351)
4(234 256 244 191)
4(4351 4404 4416 4394)
4(193 246 245 192)
4(4352 4405 4406 4353)
5(246 258 264 260 245)
5(4405 4420 4424 4418 4406)
5(194 232 258 246 193)
5(4353 4406 4418 4392 4354)
3(226 232 194)
3(4354 4392 4386)
4(194 195 222 226)
4(4386 4382 4355 4354)
4(131 157 156 130)
4(4290 4316 4317 4291)
5(157 172 224 197 156)
5(4316 4357 4384 4332 4317)
4(132 158 157 131)
4(4291 4317 4318 4292)
3(172 157 158)
3(4318 4317 4332)
3(166 172 158)
3(4318 4332 4326)
3(158 168 166)
3(4326 4328 4318)
3(196 228 222)
3(4382 4388 4356)
5(197 224 230 228 196)
5(4356 4388 4390 4384 4357)
4(133 159 158 132)
4(4292 4318 4319 4293)
5(159 170 174 168 158)
5(4318 4328 4334 4330 4319)
5(134 154 160 159 133)
5(4293 4319 4320 4314 4294)
3(160 170 159)
3(4319 4330 4320)
4(98 118 117 97)
4(4257 4277 4278 4258)
4(118 135 134 117)
4(4277 4294 4295 4278)
4(99 119 118 98)
4(4258 4278 4279 4259)
5(119 122 136 135 118)
5(4278 4295 4296 4282 4279)
4(135 151 154 134)
4(4294 4314 4311 4295)
3(136 151 135)
3(4295 4311 4296)
4(878 901 900 877)
4(5037 5060 5061 5038)
3(926 925 900)
3(5060 5085 5086)
3(918 926 900)
3(5060 5086 5078)
3(918 900 901)
3(5061 5060 5078)
3(901 916 918)
3(5078 5076 5061)
4(879 902 901 878)
4(5038 5061 5062 5039)
4(902 914 916 901)
4(5061 5076 5074 5062)
4(819 849 848 818)
4(4978 5008 5009 4979)
4(849 880 879 848)
4(5008 5039 5040 5009)
4(820 850 849 819)
4(4979 5009 5010 4980)
3(880 849 850)
3(5010 5009 5040)
3(850 872 874)
3(5034 5032 5010)
3(880 850 874)
3(5034 5010 5040)
3(874 881 880)
3(5040 5041 5034)
4(880 903 902 879)
4(5039 5062 5063 5040)
4(903 912 914 902)
4(5062 5074 5072 5063)
4(881 904 903 880)
4(5040 5063 5064 5041)
4(904 910 912 903)
4(5063 5072 5070 5064)
4(821 851 850 820)
4(4980 5010 5011 4981)
4(851 870 872 850)
4(5010 5032 5030 5011)
3(852 851 821)
3(4981 5011 5012)
3(821 822 844)
3(5004 4982 4981)
3(846 852 821)
3(4981 5012 5006)
3(844 846 821)
3(4981 5006 5004)
4(852 868 870 851)
4(5011 5030 5028 5012)
5(926 948 951 950 925)
5(5085 5110 5111 5108 5086)
6(951 968 973 972 971 950)
6(5110 5131 5132 5133 5128 5111)
4(972 991 990 971)
4(5131 5150 5151 5132)
4(991 1004 1003 990)
4(5150 5163 5164 5151)
4(973 992 991 972)
4(5132 5151 5152 5133)
5(992 998 1005 1004 991)
5(5151 5164 5165 5158 5152)
4(1004 1029 1028 1003)
4(5163 5188 5189 5164)
4(1029 1052 1051 1028)
4(5188 5211 5212 5189)
5(1005 1026 1030 1029 1004)
5(5164 5189 5190 5186 5165)
5(1030 1048 1053 1052 1029)
5(5189 5212 5213 5208 5190)
4(1052 1071 1070 1051)
4(5211 5230 5231 5212)
4(1071 1089 1088 1070)
4(5230 5248 5249 5231)
5(1053 1073 1072 1071 1052)
5(5212 5231 5232 5233 5213)
4(1072 1090 1089 1071)
4(5231 5249 5250 5232)
5(1073 1080 1091 1090 1072)
5(5232 5250 5251 5240 5233)
5(1091 1116 1119 1118 1090)
5(5250 5278 5279 5276 5251)
5(1119 1136 1141 1140 1118)
5(5278 5300 5301 5296 5279)
4(1141 1159 1158 1140)
4(5300 5318 5319 5301)
6(1159 1164 1172 1171 1170 1158)
6(5318 5330 5331 5332 5324 5319)
6(2823 2824 2875 2874 2851 2822)
6(6982 7011 7034 7035 6984 6983)
5(2875 2921 2920 2897 2874)
5(7034 7057 7080 7081 7035)
6(2971 2972 3019 3018 2991 2970)
6(7130 7151 7178 7179 7132 7131)
5(2921 2973 2972 2947 2920)
5(7080 7107 7132 7133 7081)
4(2973 3020 3019 2972)
4(7132 7179 7180 7133)
4(1171 1197 1196 1170)
4(5330 5356 5357 5331)
4(1197 1221 1220 1196)
4(5356 5380 5381 5357)
5(1172 1194 1198 1197 1171)
5(5331 5357 5358 5354 5332)
6(3068 3069 3115 3114 3091 3067)
6(7227 7251 7274 7275 7229 7228)
5(1198 1216 1222 1221 1197)
5(5357 5381 5382 5376 5358)
4(1221 1241 1240 1220)
4(5380 5400 5401 5381)
4(1241 1257 1256 1240)
4(5400 5416 5417 5401)
5(3115 3163 3162 3139 3114)
5(7274 7299 7322 7323 7275)
4(1222 1242 1241 1221)
4(5381 5401 5402 5382)
5(3163 3212 3211 3183 3162)
5(7322 7343 7371 7372 7323)
5(1242 1248 1258 1257 1241)
5(5401 5417 5418 5408 5402)
5(3019 3070 3069 3043 3018)
5(7178 7203 7229 7230 7179)
4(3070 3116 3115 3069)
4(7229 7275 7276 7230)
4(3020 3071 3070 3019)
4(7179 7230 7231 7180)
4(3071 3117 3116 3070)
4(7230 7276 7277 7231)
6(3358 3359 3408 3407 3379 3357)
6(7517 7539 7567 7568 7519 7518)
5(3408 3457 3456 3435 3407)
5(7567 7595 7616 7617 7568)
5(3457 3507 3506 3481 3456)
5(7616 7641 7666 7667 7617)
6(3505 3506 3552 3551 3529 3504)
6(7664 7689 7711 7712 7666 7665)
5(3552 3605 3604 3573 3551)
5(7711 7733 7764 7765 7712)
4(3507 3553 3552 3506)
4(7666 7712 7713 7667)
4(3553 3606 3605 3552)
4(7712 7765 7766 7713)
6(3210 3211 3260 3259 3235 3209)
6(7369 7395 7419 7420 7371 7370)
4(1257 1285 1284 1256)
4(5416 5444 5445 5417)
5(3260 3307 3306 3283 3259)
5(7419 7443 7466 7467 7420)
4(1285 1311 1310 1284)
4(5444 5470 5471 5445)
4(3212 3261 3260 3211)
4(7371 7420 7421 7372)
6(1258 1282 1287 1286 1285 1257)
6(5417 5445 5446 5447 5442 5418)
4(3261 3308 3307 3260)
4(7420 7467 7468 7421)
4(1286 1312 1311 1285)
4(5445 5471 5472 5446)
5(3307 3360 3359 3333 3306)
5(7466 7493 7519 7520 7467)
4(3360 3409 3408 3359)
4(7519 7568 7569 7520)
4(3308 3361 3360 3307)
4(7467 7520 7521 7468)
4(3361 3410 3409 3360)
4(7520 7569 7570 7521)
5(1287 1306 1313 1312 1286)
5(5446 5472 5473 5466 5447)
4(1313 1333 1332 1312)
4(5472 5492 5493 5473)
5(1333 1338 1346 1345 1332)
5(5492 5505 5506 5498 5493)
5(1346 1368 1371 1370 1345)
5(5505 5530 5531 5528 5506)
6(1371 1388 1393 1392 1391 1370)
6(5530 5551 5552 5553 5548 5531)
4(1392 1411 1410 1391)
4(5551 5570 5571 5552)
4(1411 1429 1428 1410)
4(5570 5588 5589 5571)
4(1393 1412 1411 1392)
4(5552 5571 5572 5553)
5(1412 1418 1430 1429 1411)
5(5571 5589 5590 5578 5572)
3(810 786 787)
3(4947 4946 4970)
3(787 806 808)
3(4968 4966 4947)
4(808 822 810 787)
4(4947 4970 4982 4968)
3(811 823 822)
3(4982 4983 4971)
3(808 811 822)
3(4982 4971 4968)
4(788 804 806 787)
4(4947 4966 4964 4948)
4(751 769 768 750)
4(4910 4928 4929 4911)
3(768 769 780)
3(4940 4929 4928)
3(768 780 782)
3(4942 4940 4928)
3(782 789 788)
3(4948 4949 4942)
4(752 770 769 751)
4(4911 4929 4930 4912)
4(770 778 780 769)
4(4929 4940 4938 4930)
4(789 802 804 788)
4(4948 4964 4962 4949)
4(823 842 844 822)
4(4982 5004 5002 4983)
6(2283 2284 2327 2326 2307 2282)
6(6442 6467 6486 6487 6444 6443)
5(2327 2363 2362 2343 2326)
5(6486 6503 6522 6523 6487)
6(2407 2408 2446 2445 2423 2406)
6(6566 6583 6605 6606 6568 6567)
5(2363 2409 2408 2385 2362)
5(6522 6545 6568 6569 6523)
4(2409 2447 2446 2408)
4(6568 6606 6607 6569)
6(2161 2162 2197 2196 2177 2160)
6(6320 6337 6356 6357 6322 6321)
5(2110 2163 2162 2139 2109)
5(6269 6299 6322 6323 6270)
4(2163 2198 2197 2162)
4(6322 6357 6358 6323)
5(2197 2242 2241 2219 2196)
5(6356 6379 6401 6402 6357)
5(2242 2285 2284 2261 2241)
5(6401 6421 6444 6445 6402)
4(2198 2243 2242 2197)
4(6357 6402 6403 6358)
4(2243 2286 2285 2242)
4(6402 6445 6446 6403)
6(2580 2581 2631 2630 2601 2579)
6(6739 6761 6790 6791 6741 6740)
5(2446 2496 2495 2473 2445)
5(6605 6633 6655 6656 6606)
5(2496 2534 2533 2513 2495)
5(6655 6673 6693 6694 6656)
4(2447 2497 2496 2446)
4(6606 6656 6657 6607)
4(2497 2535 2534 2496)
4(6656 6694 6695 6657)
5(2534 2582 2581 2559 2533)
5(6693 6719 6741 6742 6694)
4(2582 2632 2631 2581)
4(6741 6791 6792 6742)
4(2535 2583 2582 2534)
4(6694 6742 6743 6695)
4(2583 2633 2632 2582)
4(6742 6792 6793 6743)
6(2681 2682 2725 2724 2703 2680)
6(6840 6863 6884 6885 6842 6841)
5(2631 2683 2682 2657 2630)
5(6790 6817 6842 6843 6791)
4(2683 2726 2725 2682)
4(6842 6885 6886 6843)
5(2725 2772 2771 2747 2724)
5(6884 6907 6931 6932 6885)
5(2772 2825 2824 2793 2771)
5(6931 6953 6984 6985 6932)
4(2726 2773 2772 2725)
4(6885 6932 6933 6886)
4(2773 2826 2825 2772)
4(6932 6985 6986 6933)
6(3960 3961 4004 4003 3975 3959)
6(8119 8135 8163 8164 8121 8120)
5(3962 3963 4005 4004 3961)
5(8121 8164 8165 8123 8122)
6(3905 3906 3964 3963 3933 3904)
6(8064 8093 8123 8124 8066 8065)
4(3964 4006 4005 3963)
4(8123 8165 8166 8124)
5(3907 3908 3965 3964 3906)
5(8066 8124 8125 8068 8067)
4(3965 4007 4006 3964)
4(8124 8166 8167 8125)
5(4095 4096 4106 4105 4094)
5(8254 8265 8266 8256 8255)
6(4078 4079 4097 4096 4089 4077)
6(8237 8249 8256 8257 8239 8238)
4(4097 4107 4106 4096)
4(8256 8266 8267 8257)
6(4041 4042 4080 4079 4059 4040)
6(8200 8219 8239 8240 8202 8201)
6(4002 4003 4043 4042 4031 4001)
6(8161 8191 8202 8203 8163 8162)
4(4043 4081 4080 4042)
4(8202 8240 8241 8203)
6(3658 3659 3709 3708 3681 3657)
6(7817 7841 7868 7869 7819 7818)
5(3709 3757 3756 3735 3708)
5(7868 7895 7916 7917 7869)
5(3757 3810 3809 3781 3756)
5(7916 7941 7969 7970 7917)
5(3605 3660 3659 3635 3604)
5(7764 7795 7819 7820 7765)
4(3660 3710 3709 3659)
4(7819 7869 7870 7820)
4(3606 3661 3660 3605)
4(7765 7820 7821 7766)
4(3661 3711 3710 3660)
4(7820 7870 7871 7821)
6(3808 3809 3850 3849 3837 3807)
6(7967 7997 8009 8010 7969 7968)
5(3850 3909 3908 3885 3849)
5(8009 8045 8068 8069 8010)
4(3810 3851 3850 3809)
4(7969 8010 8011 7970)
4(3851 3910 3909 3850)
4(8010 8069 8070 8011)
4(1429 1459 1458 1428)
4(5588 5618 5619 5589)
4(1459 1482 1481 1458)
4(5618 5641 5642 5619)
5(1430 1456 1460 1459 1429)
5(5589 5619 5620 5616 5590)
5(1460 1478 1483 1482 1459)
5(5619 5642 5643 5638 5620)
4(1482 1501 1500 1481)
4(5641 5660 5661 5642)
4(1501 1515 1514 1500)
4(5660 5674 5675 5661)
5(1483 1503 1502 1501 1482)
5(5642 5661 5662 5663 5643)
4(1502 1516 1515 1501)
4(5661 5675 5676 5662)
5(1503 1510 1517 1516 1502)
5(5662 5676 5677 5670 5663)
5(1517 1538 1541 1540 1516)
5(5676 5700 5701 5698 5677)
5(1541 1558 1563 1562 1540)
5(5700 5722 5723 5718 5701)
4(1563 1581 1580 1562)
4(5722 5740 5741 5723)
6(1581 1586 1594 1593 1592 1580)
6(5740 5752 5753 5754 5746 5741)
4(1593 1619 1618 1592)
4(5752 5778 5779 5753)
4(1619 1643 1642 1618)
4(5778 5802 5803 5779)
5(1594 1616 1620 1619 1593)
5(5753 5779 5780 5776 5754)
5(1620 1638 1644 1643 1619)
5(5779 5803 5804 5798 5780)
4(1643 1661 1660 1642)
4(5802 5820 5821 5803)
4(1661 1676 1675 1660)
4(5820 5835 5836 5821)
4(1644 1662 1661 1643)
4(5803 5821 5822 5804)
3(1677 1676 1661)
3(5821 5836 5837)
3(1670 1677 1661)
3(5821 5837 5830)
3(1662 1670 1661)
3(5821 5830 5822)
4(1676 1701 1700 1675)
4(5835 5860 5861 5836)
4(1701 1725 1724 1700)
4(5860 5884 5885 5861)
6(1677 1698 1703 1702 1701 1676)
6(5836 5861 5862 5863 5858 5837)
4(1702 1726 1725 1701)
4(5861 5885 5886 5862)
4(1703 1727 1726 1702)
4(5862 5886 5887 5863)
5(1727 1734 1745 1744 1726)
5(5886 5904 5905 5894 5887)
6(1745 1754 1765 1764 1763 1744)
6(5904 5923 5924 5925 5914 5905)
4(1764 1793 1792 1763)
4(5923 5952 5953 5924)
4(1793 1814 1813 1792)
4(5952 5973 5974 5953)
5(1765 1790 1794 1793 1764)
5(5924 5953 5954 5950 5925)
4(1794 1815 1814 1793)
4(5953 5974 5975 5954)
4(1814 1831 1830 1813)
4(5973 5990 5991 5974)
4(1831 1850 1849 1830)
4(5990 6009 6010 5991)
6(1815 1820 1833 1832 1831 1814)
6(5974 5991 5992 5993 5980 5975)
4(1832 1851 1850 1831)
4(5991 6010 6011 5992)
5(1833 1844 1852 1851 1832)
5(5992 6011 6012 6004 5993)
5(1852 1874 1877 1876 1851)
5(6011 6036 6037 6034 6012)
4(1877 1897 1896 1876)
4(6036 6056 6057 6037)
6(1897 1902 1914 1913 1912 1896)
6(6056 6072 6073 6074 6062 6057)
4(1913 1932 1931 1912)
4(6072 6091 6092 6073)
5(1914 1924 1933 1932 1913)
5(6073 6092 6093 6084 6074)
4(1932 1959 1958 1931)
4(6091 6118 6119 6092)
4(1959 1981 1980 1958)
4(6118 6140 6141 6119)
5(1933 1956 1960 1959 1932)
5(6092 6119 6120 6116 6093)
5(1960 1983 1982 1981 1959)
5(6119 6141 6142 6143 6120)
5(1983 1990 2001 2000 1982)
5(6142 6160 6161 6150 6143)
5(2001 2010 2018 2017 2000)
5(6160 6177 6178 6170 6161)
6(2018 2040 2044 2043 2042 2017)
6(6177 6202 6203 6204 6200 6178)
4(2043 2064 2063 2042)
4(6202 6223 6224 6203)
4(2044 2065 2064 2043)
4(6203 6224 6225 6204)
4(2064 2081 2080 2063)
4(6223 6240 6241 6224)
4(2081 2103 2102 2080)
4(6240 6262 6263 6241)
5(2065 2070 2082 2081 2064)
5(6224 6241 6242 6230 6225)
5(2082 2092 2104 2103 2081)
5(6241 6263 6264 6252 6242)
4(2103 2133 2132 2102)
4(6262 6292 6293 6263)
4(2133 2156 2155 2132)
4(6292 6315 6316 6293)
6(2104 2130 2135 2134 2133 2103)
6(6263 6293 6294 6295 6290 6264)
4(2134 2157 2156 2133)
4(6293 6316 6317 6294)
4(2135 2158 2157 2134)
4(6294 6317 6318 6295)
5(2158 2164 2175 2174 2157)
5(6317 6334 6335 6324 6318)
6(2175 2184 2191 2190 2189 2174)
6(6334 6349 6350 6351 6344 6335)
4(2190 2215 2214 2189)
4(6349 6374 6375 6350)
4(2215 2237 2236 2214)
4(6374 6396 6397 6375)
5(2191 2212 2216 2215 2190)
5(6350 6375 6376 6372 6351)
4(2216 2238 2237 2215)
4(6375 6397 6398 6376)
4(2237 2255 2254 2236)
4(6396 6414 6415 6397)
4(2255 2276 2275 2254)
4(6414 6435 6436 6415)
6(2238 2244 2257 2256 2255 2237)
6(6397 6415 6416 6417 6404 6398)
4(2256 2277 2276 2255)
4(6415 6436 6437 6416)
5(2257 2268 2278 2277 2256)
5(6416 6437 6438 6428 6417)
5(2278 2302 2305 2304 2277)
5(6437 6464 6465 6462 6438)
4(2305 2324 2323 2304)
4(6464 6483 6484 6465)
6(2324 2328 2340 2339 2338 2323)
6(6483 6498 6499 6500 6488 6484)
4(2339 2356 2355 2338)
4(6498 6515 6516 6499)
5(2340 2350 2357 2356 2339)
5(6499 6516 6517 6510 6500)
4(2356 2381 2380 2355)
4(6515 6540 6541 6516)
4(2381 2402 2401 2380)
4(6540 6561 6562 6541)
5(2357 2378 2382 2381 2356)
5(6516 6541 6542 6538 6517)
5(2382 2404 2403 2402 2381)
5(6541 6562 6563 6564 6542)
5(2404 2410 2421 2420 2403)
5(6563 6580 6581 6570 6564)
5(2421 2430 2441 2440 2420)
5(6580 6600 6601 6590 6581)
6(2441 2466 2470 2469 2468 2440)
6(6600 6628 6629 6630 6626 6601)
4(2469 2491 2490 2468)
4(6628 6650 6651 6629)
4(2470 2492 2491 2469)
4(6629 6651 6652 6630)
4(2491 2509 2508 2490)
4(6650 6668 6669 6651)
4(2509 2527 2526 2508)
4(6668 6686 6687 6669)
5(2492 2498 2510 2509 2491)
5(6651 6669 6670 6658 6652)
5(2510 2520 2528 2527 2509)
5(6669 6687 6688 6680 6670)
4(2527 2553 2552 2526)
4(6686 6712 6713 6687)
4(2553 2575 2574 2552)
4(6712 6734 6735 6713)
6(2528 2550 2555 2554 2553 2527)
6(6687 6713 6714 6715 6710 6688)
4(2554 2576 2575 2553)
4(6713 6735 6736 6714)
4(2555 2577 2576 2554)
4(6714 6736 6737 6715)
3(2599 2598 2576)
3(6736 6758 6759)
3(2586 2599 2576)
3(6736 6759 6746)
3(2577 2586 2576)
3(6736 6746 6737)
6(2599 2608 2627 2626 2625 2598)
6(6758 6785 6786 6787 6768 6759)
4(2626 2653 2652 2625)
4(6785 6812 6813 6786)
4(2653 2676 2675 2652)
4(6812 6835 6836 6813)
5(2627 2644 2654 2653 2626)
5(6786 6813 6814 6804 6787)
6(2654 2666 2678 2677 2676 2653)
6(6813 6836 6837 6838 6826 6814)
5(2678 2692 2701 2700 2677)
5(6837 6860 6861 6852 6838)
5(2701 2712 2722 2721 2700)
5(6860 6881 6882 6872 6861)
6(2722 2738 2744 2743 2742 2721)
6(6881 6902 6903 6904 6898 6882)
4(2743 2767 2766 2742)
4(6902 6926 6927 6903)
5(2744 2760 2768 2767 2743)
5(6903 6927 6928 6920 6904)
4(2767 2789 2788 2766)
4(6926 6948 6949 6927)
4(2789 2816 2815 2788)
4(6948 6975 6976 6949)
5(2768 2786 2790 2789 2767)
5(6927 6949 6950 6946 6928)
5(2790 2818 2817 2816 2789)
5(6949 6976 6977 6978 6950)
5(2818 2834 2849 2848 2817)
5(6977 7008 7009 6994 6978)
6(2849 2854 2871 2870 2869 2848)
6(7008 7029 7030 7031 7014 7009)
4(2870 2893 2892 2869)
4(7029 7052 7053 7030)
4(2893 2916 2915 2892)
4(7052 7075 7076 7053)
5(2871 2878 2894 2893 2870)
5(7030 7053 7054 7038 7031)
5(2894 2900 2917 2916 2893)
5(7053 7076 7077 7060 7054)
4(2916 2941 2940 2915)
4(7075 7100 7101 7076)
4(2941 2966 2965 2940)
4(7100 7125 7126 7101)
6(2917 2928 2943 2942 2941 2916)
6(7076 7101 7102 7103 7088 7077)
4(2942 2967 2966 2941)
4(7101 7126 7127 7102)
5(2943 2952 2968 2967 2942)
5(7102 7127 7128 7112 7103)
5(2968 2978 2989 2988 2967)
5(7127 7148 7149 7138 7128)
6(2989 2998 3015 3014 3013 2988)
6(7148 7173 7174 7175 7158 7149)
4(3014 3039 3038 3013)
4(7173 7198 7199 7174)
4(3039 3063 3062 3038)
4(7198 7222 7223 7199)
5(3015 3030 3040 3039 3014)
5(7174 7199 7200 7190 7175)
6(3040 3052 3065 3064 3063 3039)
6(7199 7223 7224 7225 7212 7200)
5(3065 3080 3089 3088 3064)
5(7224 7248 7249 7240 7225)
5(3089 3100 3112 3111 3088)
5(7248 7271 7272 7260 7249)
6(3112 3130 3136 3135 3134 3111)
6(7271 7294 7295 7296 7290 7272)
4(3135 3158 3157 3134)
4(7294 7317 7318 7295)
5(3136 3152 3159 3158 3135)
5(7295 7318 7319 7312 7296)
4(3158 3179 3178 3157)
4(7317 7338 7339 7318)
4(3179 3203 3202 3178)
4(7338 7362 7363 7339)
5(3159 3176 3180 3179 3158)
5(7318 7339 7340 7336 7319)
5(3180 3205 3204 3203 3179)
5(7339 7363 7364 7365 7340)
5(3205 3218 3233 3232 3204)
5(7364 7392 7393 7378 7365)
6(3233 3238 3256 3255 3254 3232)
6(7392 7414 7415 7416 7398 7393)
4(3255 3279 3278 3254)
4(7414 7438 7439 7415)
4(3279 3302 3301 3278)
4(7438 7461 7462 7439)
5(3256 3264 3280 3279 3255)
5(7415 7439 7440 7424 7416)
5(3280 3286 3303 3302 3279)
5(7439 7462 7463 7446 7440)
4(3302 3327 3326 3301)
4(7461 7486 7487 7462)
4(3327 3353 3352 3326)
4(7486 7512 7513 7487)
6(3303 3314 3329 3328 3327 3302)
6(7462 7487 7488 7489 7474 7463)
4(3328 3354 3353 3327)
4(7487 7513 7514 7488)
5(3329 3338 3355 3354 3328)
5(7488 7514 7515 7498 7489)
5(3355 3366 3377 3376 3354)
5(7514 7536 7537 7526 7515)
6(3377 3386 3404 3403 3402 3376)
6(7536 7562 7563 7564 7546 7537)
4(3403 3431 3430 3402)
4(7562 7590 7591 7563)
4(3431 3452 3451 3430)
4(7590 7611 7612 7591)
5(3404 3418 3432 3431 3403)
5(7563 7591 7592 7578 7564)
5(3432 3440 3453 3452 3431)
5(7591 7612 7613 7600 7592)
4(3452 3475 3474 3451)
4(7611 7634 7635 7612)
4(3475 3500 3499 3474)
4(7634 7659 7660 7635)
6(3453 3464 3477 3476 3475 3452)
6(7612 7635 7636 7637 7624 7613)
4(3476 3501 3500 3475)
4(7635 7660 7661 7636)
5(3477 3488 3502 3501 3476)
5(7636 7661 7662 7648 7637)
5(3502 3518 3527 3526 3501)
5(7661 7686 7687 7678 7662)
6(3527 3538 3548 3547 3546 3526)
6(7686 7706 7707 7708 7698 7687)
4(3547 3569 3568 3546)
4(7706 7728 7729 7707)
4(3569 3598 3597 3568)
4(7728 7757 7758 7729)
5(3548 3564 3570 3569 3547)
5(7707 7729 7730 7724 7708)
5(3570 3586 3599 3598 3569)
5(7729 7758 7759 7746 7730)
4(3598 3629 3628 3597)
4(7757 7788 7789 7758)
4(3629 3653 3652 3628)
4(7788 7812 7813 7789)
6(3599 3626 3631 3630 3629 3598)
6(7758 7789 7790 7791 7786 7759)
4(3630 3654 3653 3629)
4(7789 7813 7814 7790)
4(3631 3655 3654 3630)
4(7790 7814 7815 7791)
5(3655 3662 3679 3678 3654)
5(7814 7838 7839 7822 7815)
6(3679 3682 3705 3704 3703 3678)
6(7838 7863 7864 7865 7842 7839)
4(3704 3731 3730 3703)
4(7863 7890 7891 7864)
4(3731 3752 3751 3730)
4(7890 7911 7912 7891)
5(3705 3714 3732 3731 3704)
5(7864 7891 7892 7874 7865)
5(3732 3736 3753 3752 3731)
5(7891 7912 7913 7896 7892)
4(3752 3775 3774 3751)
4(7911 7934 7935 7912)
4(3775 3803 3802 3774)
4(7934 7962 7963 7935)
6(3753 3760 3777 3776 3775 3752)
6(7912 7935 7936 7937 7920 7913)
4(3776 3804 3803 3775)
4(7935 7963 7964 7936)
5(3777 3784 3805 3804 3776)
5(7936 7964 7965 7944 7937)
5(3805 3820 3835 3834 3804)
5(7964 7994 7995 7980 7965)
6(3835 3840 3846 3845 3844 3834)
6(7994 8004 8005 8006 8000 7995)
4(3845 3846 3872 3875)
4(8035 8032 8006 8005)
4(3875 3874 3844 3845)
4(8005 8004 8034 8035)
4(3875 3898 3897 3874)
4(8034 8057 8058 8035)
3(3872 3870 3875)
3(8035 8030 8032)
3(3870 3876 3875)
3(8035 8036 8030)
4(3876 3899 3898 3875)
4(8035 8058 8059 8036)
4(3877 3876 3870 3868)
4(8028 8030 8036 8037)
4(3877 3900 3899 3876)
4(8036 8059 8060 8037)
4(3878 3877 3868 3866)
4(8026 8028 8037 8038)
4(3878 3901 3900 3877)
4(8037 8060 8061 8038)
4(3879 3878 3866 3864)
4(8024 8026 8038 8039)
4(3879 3902 3901 3878)
4(8038 8061 8062 8039)
5(3902 3922 3925 3924 3901)
5(8061 8084 8085 8082 8062)
3(3922 3920 3925)
3(8085 8080 8082)
4(3925 3951 3950 3924)
4(8084 8110 8111 8085)
4(3926 3925 3920 3918)
4(8078 8080 8085 8086)
4(3926 3952 3951 3925)
4(8085 8111 8112 8086)
4(3927 3926 3918 3916)
4(8076 8078 8086 8087)
4(3927 3953 3952 3926)
4(8086 8112 8113 8087)
4(3928 3927 3916 3914)
4(8074 8076 8087 8088)
3(3953 3927 3928)
3(8088 8087 8113)
3(3953 3928 3946)
3(8106 8088 8113)
3(3944 3954 3953)
3(8113 8114 8104)
3(3946 3944 3953)
3(8113 8104 8106)
5(3956 3955 3954 3944 3942)
5(8102 8104 8114 8115 8116)
4(3955 3971 3970 3954)
4(8114 8130 8131 8115)
4(3971 3995 3994 3970)
4(8130 8154 8155 8131)
4(3956 3972 3971 3955)
4(8115 8131 8132 8116)
3(3996 3995 3971)
3(8131 8155 8156)
3(3982 3980 3996)
3(8156 8140 8142)
3(3982 3996 3971)
3(8131 8156 8142)
3(3972 3982 3971)
3(8131 8142 8132)
5(3998 3997 3996 3980 3978)
5(8138 8140 8156 8157 8158)
4(3997 4025 4024 3996)
4(8156 8184 8185 8157)
4(4025 4034 4033 4024)
4(8184 8193 8194 8185)
3(4020 4026 4025)
3(8185 8186 8180)
4(3998 4022 4025 3997)
4(8157 8185 8182 8158)
3(4022 4020 4025)
3(8185 8180 8182)
5(4027 4037 4036 4035 4026)
5(8186 8195 8196 8197 8187)
4(4026 4035 4034 4025)
4(8185 8194 8195 8186)
4(4027 4026 4020 4018)
4(8178 8180 8186 8187)
4(4053 4071 4070 4052)
4(8212 8230 8231 8213)
5(4036 4037 4050 4053 4052)
5(8212 8213 8210 8197 8196)
3(4052 4035 4036)
3(8196 8195 8212)
3(4048 4054 4053)
3(8213 8214 8208)
3(4050 4048 4053)
3(8213 8208 8210)
4(4054 4072 4071 4053)
4(8213 8231 8232 8214)
4(4055 4054 4048 4046)
4(8206 8208 8214 8215)
3(4072 4054 4055)
3(8215 8214 8232)
3(4072 4055 4064)
3(8224 8215 8232)
3(4062 4073 4072)
3(8232 8233 8222)
3(4064 4062 4072)
3(8232 8222 8224)
4(4074 4073 4062 4060)
4(8220 8222 8233 8234)
4(4073 4085 4084 4072)
4(8232 8244 8245 8233)
4(4085 4093 4092 4084)
4(8244 8252 8253 8245)
4(4074 4086 4085 4073)
4(8233 8245 8246 8234)
5(4086 4090 4094 4093 4085)
5(8245 8253 8254 8250 8246)
4(100 120 119 99)
4(4259 4279 4280 4260)
5(120 138 137 122 119)
5(4279 4282 4297 4298 4280)
4(101 121 120 100)
4(4260 4280 4281 4261)
4(121 139 138 120)
4(4280 4298 4299 4281)
3(138 152 137)
3(4297 4312 4298)
4(139 155 152 138)
4(4298 4312 4315 4299)
5(140 162 161 155 139)
5(4299 4315 4321 4322 4300)
3(162 171 161)
3(4321 4331 4322)
4(141 163 162 140)
4(4300 4322 4323 4301)
5(163 169 175 171 162)
5(4322 4331 4335 4329 4323)
4(142 164 163 141)
4(4301 4323 4324 4302)
3(163 164 173)
3(4333 4324 4323)
3(163 173 167)
3(4327 4333 4323)
3(167 169 163)
3(4323 4329 4327)
4(143 165 164 142)
4(4302 4324 4325 4303)
5(165 200 225 173 164)
5(4324 4333 4385 4360 4325)
5(201 229 231 225 200)
5(4360 4385 4391 4389 4361)
3(223 229 201)
3(4361 4389 4383)
3(203 233 227)
3(4387 4393 4363)
4(227 223 202 203)
4(4363 4362 4383 4387)
5(204 247 259 233 203)
5(4363 4393 4419 4407 4364)
4(205 248 247 204)
4(4364 4407 4408 4365)
5(248 261 265 259 247)
5(4407 4419 4425 4421 4408)
4(261 248 205 206)
4(4366 4365 4408 4421)
3(235 261 206)
3(4366 4421 4395)
4(206 249 257 235)
4(4395 4417 4409 4366)
4(207 250 249 206)
4(4366 4409 4410 4367)
4(250 267 257 249)
4(4409 4417 4427 4410)
4(208 251 250 207)
4(4367 4410 4411 4368)
4(251 307 267 250)
4(4410 4427 4467 4411)
4(209 252 251 208)
4(4368 4411 4412 4369)
5(252 271 311 307 251)
5(4411 4467 4471 4431 4412)
4(210 253 252 209)
4(4369 4412 4413 4370)
3(252 253 275)
3(4435 4413 4412)
3(269 271 252)
3(4412 4431 4429)
3(275 269 252)
3(4412 4429 4435)
4(211 254 253 210)
4(4370 4413 4414 4371)
5(254 292 291 275 253)
5(4413 4435 4451 4452 4414)
4(212 255 254 211)
4(4371 4414 4415 4372)
4(255 293 292 254)
4(4414 4452 4453 4415)
3(292 319 291)
3(4451 4479 4452)
4(293 333 319 292)
4(4452 4479 4493 4453)
5(294 321 335 333 293)
5(4453 4493 4495 4481 4454)
3(309 321 294)
3(4454 4481 4469)
3(309 294 295)
3(4455 4454 4469)
3(295 317 309)
3(4469 4477 4455)
4(296 331 317 295)
4(4455 4477 4491 4456)
5(297 343 342 331 296)
5(4456 4491 4502 4503 4457)
3(343 355 342)
3(4502 4515 4503)
4(298 344 343 297)
4(4457 4503 4504 4458)
5(344 351 357 355 343)
5(4503 4515 4517 4511 4504)
5(299 327 351 344 298)
5(4458 4504 4511 4487 4459)
4(300 315 327 299)
4(4459 4487 4475 4460)
3(300 323 315)
3(4475 4483 4460)
5(301 345 349 323 300)
5(4460 4483 4509 4505 4461)
4(302 346 345 301)
4(4461 4505 4506 4462)
4(346 361 349 345)
4(4505 4509 4521 4506)
4(303 347 346 302)
4(4462 4506 4507 4463)
6(347 383 399 365 361 346)
6(4506 4521 4525 4559 4543 4507)
4(384 405 399 383)
4(4543 4559 4565 4544)
6(385 417 423 421 405 384)
6(4544 4565 4581 4583 4577 4545)
4(386 418 417 385)
4(4545 4577 4578 4546)
4(418 429 423 417)
4(4577 4583 4589 4578)
4(387 419 418 386)
4(4546 4578 4579 4547)
5(419 441 449 429 418)
5(4578 4589 4609 4601 4579)
5(442 459 457 449 441)
5(4601 4609 4617 4619 4602)
5(443 469 473 459 442)
5(4602 4619 4633 4629 4603)
4(444 470 469 443)
4(4603 4629 4630 4604)
4(470 481 473 469)
4(4629 4633 4641 4630)
4(445 471 470 444)
4(4604 4630 4631 4605)
6(471 495 503 485 481 470)
6(4630 4641 4645 4663 4655 4631)
4(542 559 549 541)
4(4701 4709 4719 4702)
4(496 509 503 495)
4(4655 4663 4669 4656)
3(542 541 529)
3(4689 4701 4702)
3(520 509 496)
3(4656 4669 4680)
5(496 497 521 523 520)
5(4680 4683 4681 4657 4656)
3(542 529 523)
3(4683 4689 4702)
4(523 521 543 542)
4(4702 4703 4681 4683)
5(543 567 566 559 542)
5(4702 4719 4726 4727 4703)
3(595 594 581)
3(4741 4754 4755)
3(567 573 566)
3(4726 4733 4727)
4(544 568 567 543)
4(4703 4727 4728 4704)
4(596 595 575 568)
4(4728 4735 4755 4756)
3(573 567 568)
3(4728 4727 4733)
3(575 573 568)
3(4728 4733 4735)
3(595 581 575)
3(4735 4741 4755)
4(545 569 568 544)
4(4704 4728 4729 4705)
4(569 597 596 568)
4(4728 4756 4757 4729)
4(595 613 607 594)
4(4754 4767 4773 4755)
5(596 620 619 613 595)
5(4755 4773 4779 4780 4756)
3(620 621 640)
3(4800 4781 4780)
4(640 639 638 629)
4(4789 4798 4799 4800)
3(620 640 629)
3(4789 4800 4780)
3(629 627 620)
3(4780 4787 4789)
3(620 627 619)
3(4779 4787 4780)
4(597 621 620 596)
4(4756 4780 4781 4757)
4(639 649 645 638)
4(4798 4805 4809 4799)
5(640 657 661 649 639)
5(4799 4809 4821 4817 4800)
4(680 693 689 679)
4(4839 4849 4853 4840)
4(641 658 657 640)
4(4800 4817 4818 4801)
3(680 679 665)
3(4825 4839 4840)
5(659 681 680 665 658)
5(4818 4825 4840 4841 4819)
4(658 665 661 657)
4(4817 4821 4825 4818)
4(642 659 658 641)
4(4801 4818 4819 4802)
5(681 699 703 693 680)
5(4840 4853 4863 4859 4841)
3(716 709 707)
3(4867 4869 4876)
3(717 716 707)
3(4867 4876 4877)
3(700 717 707)
3(4867 4877 4860)
3(699 700 707)
3(4867 4860 4859)
3(707 703 699)
3(4859 4863 4867)
3(717 725 716)
3(4876 4885 4877)
4(682 700 699 681)
4(4841 4859 4860 4842)
4(683 701 700 682)
4(4842 4860 4861 4843)
4(701 718 717 700)
4(4860 4877 4878 4861)
5(718 731 735 725 717)
5(4877 4885 4895 4891 4878)
4(719 732 731 718)
4(4878 4891 4892 4879)
3(735 731 732)
3(4892 4891 4895)
3(737 735 732)
3(4892 4895 4897)
3(756 755 737)
3(4897 4915 4916)
5(733 757 756 737 732)
5(4892 4897 4916 4917 4893)
4(720 733 732 719)
4(4879 4892 4893 4880)
4(756 772 771 755)
4(4915 4931 4932 4916)
4(772 781 779 771)
4(4931 4939 4941 4932)
4(757 773 772 756)
4(4916 4932 4933 4917)
3(781 772 773)
3(4933 4932 4941)
3(783 781 773)
3(4933 4941 4943)
3(791 790 783)
3(4943 4950 4951)
4(791 805 803 790)
4(4950 4963 4965 4951)
4(792 807 805 791)
4(4951 4965 4967 4952)
3(792 793 813)
3(4973 4953 4952)
3(809 807 792)
3(4952 4967 4969)
4(813 827 809 792)
4(4952 4969 4987 4973)
3(827 826 812)
3(4972 4986 4987)
3(827 812 809)
3(4969 4972 4987)
4(827 845 843 826)
4(4986 5003 5005 4987)
3(828 854 853)
3(5013 5014 4988)
3(845 827 828)
3(4988 4987 5005)
3(828 853 847)
3(5007 5013 4988)
3(828 847 845)
3(5005 5007 4988)
4(854 871 869 853)
4(5013 5029 5031 5014)
4(829 855 854 828)
4(4988 5014 5015 4989)
4(855 873 871 854)
4(5014 5031 5033 5015)
4(830 856 855 829)
4(4989 5015 5016 4990)
3(855 856 883)
3(5043 5016 5015)
3(875 873 855)
3(5015 5033 5035)
3(875 855 883)
3(5043 5015 5035)
3(883 882 875)
3(5035 5042 5043)
4(831 857 856 830)
4(4990 5016 5017 4991)
4(857 884 883 856)
4(5016 5043 5044 5017)
4(883 906 905 882)
4(5042 5065 5066 5043)
4(906 913 911 905)
4(5065 5071 5073 5066)
4(884 907 906 883)
4(5043 5066 5067 5044)
4(907 915 913 906)
4(5066 5073 5075 5067)
4(885 908 907 884)
4(5044 5067 5068 5045)
4(908 917 915 907)
4(5067 5075 5077 5068)
4(886 909 908 885)
4(5045 5068 5069 5046)
3(909 930 929)
3(5089 5090 5069)
3(909 929 919)
3(5079 5089 5069)
3(908 909 919)
3(5079 5069 5068)
3(919 917 908)
3(5068 5077 5079)
5(1055 1076 1075 1074 1054)
5(5214 5234 5235 5236 5215)
5(1075 1095 1094 1081 1074)
5(5234 5241 5254 5255 5235)
6(953 976 975 974 969 952)
6(5112 5129 5134 5135 5136 5113)
5(930 953 952 949 929)
5(5089 5109 5112 5113 5090)
4(975 994 993 974)
4(5134 5153 5154 5135)
5(994 1009 1008 999 993)
5(5153 5159 5168 5169 5154)
4(976 995 994 975)
4(5135 5154 5155 5136)
4(995 1010 1009 994)
4(5154 5169 5170 5155)
5(1009 1032 1031 1027 1008)
5(5168 5187 5191 5192 5169)
5(1032 1055 1054 1049 1031)
5(5191 5209 5214 5215 5192)
4(1010 1033 1032 1009)
4(5169 5192 5193 5170)
4(1033 1056 1055 1032)
4(5192 5215 5216 5193)
4(1076 1096 1095 1075)
4(5235 5255 5256 5236)
4(1056 1077 1076 1055)
4(5215 5236 5237 5216)
4(1077 1097 1096 1076)
4(5236 5256 5257 5237)
5(1095 1121 1120 1117 1094)
5(5254 5277 5280 5281 5255)
5(1121 1143 1142 1137 1120)
5(5280 5297 5302 5303 5281)
6(1161 1177 1176 1175 1165 1160)
6(5320 5325 5335 5336 5337 5321)
4(1143 1161 1160 1142)
4(5302 5320 5321 5303)
5(1176 1200 1199 1195 1175)
5(5335 5355 5359 5360 5336)
5(1200 1224 1223 1217 1199)
5(5359 5377 5383 5384 5360)
4(1177 1201 1200 1176)
4(5336 5360 5361 5337)
4(1201 1225 1224 1200)
4(5360 5384 5385 5361)
4(1224 1244 1243 1223)
4(5383 5403 5404 5384)
5(1244 1262 1261 1249 1243)
5(5403 5409 5421 5422 5404)
4(1225 1245 1244 1224)
4(5384 5404 5405 5385)
4(1245 1263 1262 1244)
4(5404 5422 5423 5405)
6(1262 1290 1289 1288 1283 1261)
6(5421 5443 5448 5449 5450 5422)
5(1289 1315 1314 1307 1288)
5(5448 5467 5474 5475 5449)
4(1315 1335 1334 1314)
4(5474 5494 5495 5475)
5(1335 1350 1349 1339 1334)
5(5494 5499 5509 5510 5495)
4(1290 1316 1315 1289)
4(5449 5475 5476 5450)
4(1263 1291 1290 1262)
4(5422 5450 5451 5423)
4(1291 1317 1316 1290)
4(5450 5476 5477 5451)
6(1373 1396 1395 1394 1389 1372)
6(5532 5549 5554 5555 5556 5533)
5(1350 1373 1372 1369 1349)
5(5509 5529 5532 5533 5510)
4(1395 1414 1413 1394)
4(5554 5573 5574 5555)
5(1414 1434 1433 1419 1413)
5(5573 5579 5593 5594 5574)
4(1396 1415 1414 1395)
4(5555 5574 5575 5556)
4(1415 1435 1434 1414)
4(5574 5594 5595 5575)
5(1485 1506 1505 1504 1484)
5(5644 5664 5665 5666 5645)
5(1505 1521 1520 1511 1504)
5(5664 5671 5680 5681 5665)
5(1521 1543 1542 1539 1520)
5(5680 5699 5702 5703 5681)
5(1543 1565 1564 1559 1542)
5(5702 5719 5724 5725 5703)
6(1583 1599 1598 1597 1587 1582)
6(5742 5747 5757 5758 5759 5743)
4(1565 1583 1582 1564)
4(5724 5742 5743 5725)
5(1598 1622 1621 1617 1597)
5(5757 5777 5781 5782 5758)
5(1622 1646 1645 1639 1621)
5(5781 5799 5805 5806 5782)
4(1599 1623 1622 1598)
4(5758 5782 5783 5759)
4(1623 1647 1646 1622)
4(5782 5806 5807 5783)
4(1646 1664 1663 1645)
4(5805 5823 5824 5806)
3(1664 1681 1680)
3(5840 5841 5824)
3(1664 1680 1671)
3(5831 5840 5824)
3(1664 1671 1663)
3(5823 5831 5824)
4(1647 1665 1664 1646)
4(5806 5824 5825 5807)
4(1665 1682 1681 1664)
4(5824 5841 5842 5825)
6(1681 1706 1705 1704 1699 1680)
6(5840 5859 5864 5865 5866 5841)
4(1705 1729 1728 1704)
4(5864 5888 5889 5865)
6(1747 1770 1769 1768 1755 1746)
6(5906 5915 5928 5929 5930 5907)
5(1729 1747 1746 1735 1728)
5(5888 5895 5906 5907 5889)
4(1706 1730 1729 1705)
4(5865 5889 5890 5866)
4(1682 1707 1706 1681)
4(5841 5866 5867 5842)
4(1707 1731 1730 1706)
4(5866 5890 5891 5867)
6(1817 1836 1835 1834 1821 1816)
6(5976 5981 5994 5995 5996 5977)
5(1835 1856 1855 1845 1834)
5(5994 6005 6015 6016 5995)
5(1856 1879 1878 1875 1855)
5(6015 6035 6038 6039 6016)
4(1879 1899 1898 1878)
4(6038 6058 6059 6039)
6(1899 1917 1916 1915 1903 1898)
6(6058 6063 6075 6076 6077 6059)
5(1916 1937 1936 1925 1915)
5(6075 6085 6096 6097 6076)
4(1917 1938 1937 1916)
4(6076 6097 6098 6077)
5(1769 1796 1795 1791 1768)
5(5928 5951 5955 5956 5929)
4(1796 1817 1816 1795)
4(5955 5976 5977 5956)
4(1770 1797 1796 1769)
4(5929 5956 5957 5930)
4(1797 1818 1817 1796)
4(5956 5977 5978 5957)
4(1836 1857 1856 1835)
4(5995 6016 6017 5996)
4(1818 1837 1836 1817)
4(5977 5996 5997 5978)
4(1837 1858 1857 1836)
4(5996 6017 6018 5997)
5(1962 1986 1985 1984 1961)
5(6121 6144 6145 6146 6122)
5(1985 2003 2002 1991 1984)
5(6144 6151 6162 6163 6145)
5(2003 2022 2021 2011 2002)
5(6162 6171 6181 6182 6163)
5(1937 1962 1961 1957 1936)
5(6096 6117 6121 6122 6097)
4(1938 1963 1962 1937)
4(6097 6122 6123 6098)
4(1963 1987 1986 1962)
4(6122 6146 6147 6123)
6(2022 2047 2046 2045 2041 2021)
6(6181 6201 6205 6206 6207 6182)
4(2046 2067 2066 2045)
4(6205 6226 6227 6206)
4(2047 2068 2067 2046)
4(6206 6227 6228 6207)
5(2067 2084 2083 2071 2066)
5(6226 6231 6243 6244 6227)
5(2084 2108 2107 2093 2083)
5(6243 6253 6267 6268 6244)
4(2068 2085 2084 2067)
4(6227 6244 6245 6228)
4(2085 2109 2108 2084)
4(6244 6268 6269 6245)
5(1434 1462 1461 1457 1433)
5(5593 5617 5621 5622 5594)
5(1462 1485 1484 1479 1461)
5(5621 5639 5644 5645 5622)
4(1435 1463 1462 1434)
4(5594 5622 5623 5595)
4(1463 1486 1485 1462)
4(5622 5645 5646 5623)
4(1506 1522 1521 1505)
4(5665 5681 5682 5666)
4(1486 1507 1506 1485)
4(5645 5666 5667 5646)
4(1507 1523 1522 1506)
4(5666 5682 5683 5667)
6(2656 2681 2680 2679 2667 2655)
6(6815 6827 6839 6840 6841 6816)
5(2680 2703 2702 2693 2679)
5(6839 6853 6862 6863 6840)
5(2703 2724 2723 2713 2702)
5(6862 6873 6883 6884 6863)
5(2792 2823 2822 2821 2791)
5(6951 6981 6982 6983 6952)
6(2724 2747 2746 2745 2739 2723)
6(6883 6899 6905 6906 6907 6884)
5(2746 2770 2769 2761 2745)
5(6905 6921 6929 6930 6906)
4(2747 2771 2770 2746)
4(6906 6930 6931 6907)
5(2770 2792 2791 2787 2769)
5(6929 6947 6951 6952 6930)
4(2771 2793 2792 2770)
4(6930 6952 6953 6931)
4(2793 2824 2823 2792)
4(6952 6983 6984 6953)
5(3182 3210 3209 3208 3181)
5(7341 7368 7369 7370 7342)
6(2919 2946 2945 2944 2929 2918)
6(7078 7089 7104 7105 7106 7079)
5(2945 2970 2969 2953 2944)
5(7104 7113 7129 7130 7105)
6(2991 3018 3017 3016 2999 2990)
6(7150 7159 7176 7177 7178 7151)
5(2970 2991 2990 2979 2969)
5(7129 7139 7150 7151 7130)
6(2851 2874 2873 2872 2855 2850)
6(7010 7015 7032 7033 7034 7011)
5(2822 2851 2850 2835 2821)
5(6981 6995 7010 7011 6982)
5(2873 2896 2895 2879 2872)
5(7032 7039 7055 7056 7033)
5(2896 2919 2918 2901 2895)
5(7055 7061 7078 7079 7056)
4(2874 2897 2896 2873)
4(7033 7056 7057 7034)
4(2897 2920 2919 2896)
4(7056 7079 7080 7057)
4(2946 2971 2970 2945)
4(7105 7130 7131 7106)
4(2920 2947 2946 2919)
4(7079 7106 7107 7080)
4(2947 2972 2971 2946)
4(7106 7131 7132 7107)
6(3042 3068 3067 3066 3053 3041)
6(7201 7213 7226 7227 7228 7202)
5(3067 3091 3090 3081 3066)
5(7226 7241 7250 7251 7227)
5(3091 3114 3113 3101 3090)
5(7250 7261 7273 7274 7251)
5(3017 3042 3041 3031 3016)
5(7176 7191 7201 7202 7177)
4(3018 3043 3042 3017)
4(7177 7202 7203 7178)
4(3043 3069 3068 3042)
4(7202 7228 7229 7203)
6(3114 3139 3138 3137 3131 3113)
6(7273 7291 7297 7298 7299 7274)
5(3138 3161 3160 3153 3137)
5(7297 7313 7320 7321 7298)
4(3139 3162 3161 3138)
4(7298 7321 7322 7299)
5(3161 3182 3181 3177 3160)
5(7320 7337 7341 7342 7321)
4(3162 3183 3182 3161)
4(7321 7342 7343 7322)
4(3183 3211 3210 3182)
4(7342 7370 7371 7343)
6(3235 3259 3258 3257 3239 3234)
6(7394 7399 7417 7418 7419 7395)
5(3209 3235 3234 3219 3208)
5(7368 7379 7394 7395 7369)
5(3258 3282 3281 3265 3257)
5(7417 7425 7441 7442 7418)
5(3282 3305 3304 3287 3281)
5(7441 7447 7464 7465 7442)
4(3259 3283 3282 3258)
4(7418 7442 7443 7419)
4(3283 3306 3305 3282)
4(7442 7465 7466 7443)
6(3305 3332 3331 3330 3315 3304)
6(7464 7475 7490 7491 7492 7465)
5(3331 3357 3356 3339 3330)
5(7490 7499 7516 7517 7491)
6(3379 3407 3406 3405 3387 3378)
6(7538 7547 7565 7566 7567 7539)
5(3357 3379 3378 3367 3356)
5(7516 7527 7538 7539 7517)
4(3332 3358 3357 3331)
4(7491 7517 7518 7492)
4(3306 3333 3332 3305)
4(7465 7492 7493 7466)
4(3333 3359 3358 3332)
4(7492 7518 7519 7493)
6(3455 3480 3479 3478 3465 3454)
6(7614 7625 7638 7639 7640 7615)
5(3479 3504 3503 3489 3478)
5(7638 7649 7663 7664 7639)
6(3529 3551 3550 3549 3539 3528)
6(7688 7699 7709 7710 7711 7689)
5(3504 3529 3528 3519 3503)
5(7663 7679 7688 7689 7664)
5(3550 3572 3571 3565 3549)
5(7709 7725 7731 7732 7710)
5(3572 3603 3602 3587 3571)
5(7731 7747 7762 7763 7732)
4(3551 3573 3572 3550)
4(7710 7732 7733 7711)
4(3573 3604 3603 3572)
4(7732 7763 7764 7733)
5(3406 3434 3433 3419 3405)
5(7565 7579 7593 7594 7566)
5(3434 3455 3454 3441 3433)
5(7593 7601 7614 7615 7594)
4(3407 3435 3434 3406)
4(7566 7594 7595 7567)
4(3435 3456 3455 3434)
4(7594 7615 7616 7595)
4(3480 3505 3504 3479)
4(7639 7664 7665 7640)
4(3456 3481 3480 3455)
4(7615 7640 7641 7616)
4(3481 3506 3505 3480)
4(7640 7665 7666 7641)
6(2108 2138 2137 2136 2131 2107)
6(6267 6291 6296 6297 6298 6268)
4(2137 2160 2159 2136)
4(6296 6319 6320 6297)
6(2177 2196 2195 2194 2185 2176)
6(6336 6345 6354 6355 6356 6337)
5(2160 2177 2176 2165 2159)
5(6319 6325 6336 6337 6320)
6(2240 2260 2259 2258 2245 2239)
6(6399 6405 6418 6419 6420 6400)
5(2259 2282 2281 2269 2258)
5(6418 6429 6441 6442 6419)
5(2195 2218 2217 2213 2194)
5(6354 6373 6377 6378 6355)
4(2218 2240 2239 2217)
4(6377 6399 6400 6378)
4(2196 2219 2218 2195)
4(6355 6378 6379 6356)
4(2219 2241 2240 2218)
4(6378 6400 6401 6379)
4(2260 2283 2282 2259)
4(6419 6442 6443 6420)
4(2241 2261 2260 2240)
4(6400 6420 6421 6401)
4(2261 2284 2283 2260)
4(6420 6443 6444 6421)
5(2384 2407 2406 2405 2383)
5(6543 6565 6566 6567 6544)
5(2406 2423 2422 2411 2405)
5(6565 6571 6582 6583 6566)
5(2423 2445 2444 2431 2422)
5(6582 6591 6604 6605 6583)
5(2282 2307 2306 2303 2281)
5(6441 6463 6466 6467 6442)
4(2307 2326 2325 2306)
4(6466 6485 6486 6467)
6(2326 2343 2342 2341 2329 2325)
6(6485 6489 6501 6502 6503 6486)
5(2342 2361 2360 2351 2341)
5(6501 6511 6520 6521 6502)
4(2343 2362 2361 2342)
4(6502 6521 6522 6503)
5(2361 2384 2383 2379 2360)
5(6520 6539 6543 6544 6521)
4(2362 2385 2384 2361)
4(6521 6544 6545 6522)
4(2385 2408 2407 2384)
4(6544 6567 6568 6545)
4(2138 2161 2160 2137)
4(6297 6320 6321 6298)
4(2109 2139 2138 2108)
4(6268 6298 6299 6269)
4(2139 2162 2161 2138)
4(6298 6321 6322 6299)
6(2445 2473 2472 2471 2467 2444)
6(6604 6627 6631 6632 6633 6605)
4(2472 2494 2493 2471)
4(6631 6653 6654 6632)
4(2473 2495 2494 2472)
4(6632 6654 6655 6633)
5(2494 2512 2511 2499 2493)
5(6653 6659 6671 6672 6654)
5(2512 2532 2531 2521 2511)
5(6671 6681 6691 6692 6672)
4(2495 2513 2512 2494)
4(6654 6672 6673 6655)
4(2513 2533 2532 2512)
4(6672 6692 6693 6673)
6(2532 2558 2557 2556 2551 2531)
6(6691 6711 6716 6717 6718 6692)
4(2557 2579 2578 2556)
4(6716 6738 6739 6717)
6(2601 2630 2629 2628 2609 2600)
6(6760 6769 6788 6789 6790 6761)
3(2579 2601 2600)
3(6760 6761 6739)
3(2579 2600 2587)
3(6747 6760 6739)
3(2579 2587 2578)
3(6738 6747 6739)
4(2558 2580 2579 2557)
4(6717 6739 6740 6718)
4(2533 2559 2558 2532)
4(6692 6718 6719 6693)
4(2559 2581 2580 2558)
4(6718 6740 6741 6719)
5(2629 2656 2655 2645 2628)
5(6788 6805 6815 6816 6789)
4(2630 2657 2656 2629)
4(6789 6816 6817 6790)
4(2657 2682 2681 2656)
4(6816 6841 6842 6817)
5(3981 4001 4000 3999 3979)
5(8139 8159 8160 8161 8141)
5(3945 3959 3958 3957 3943)
5(8103 8117 8118 8119 8105)
4(3958 3974 3973 3957)
4(8117 8133 8134 8118)
3(3974 4002 4001)
3(8161 8162 8134)
3(4001 3981 3983)
3(8143 8141 8161)
3(3974 4001 3983)
3(8143 8161 8134)
3(3974 3983 3973)
3(8133 8143 8134)
4(3959 3975 3974 3958)
4(8118 8134 8135 8119)
4(3975 4003 4002 3974)
4(8134 8162 8163 8135)
6(3755 3780 3779 3778 3761 3754)
6(7914 7921 7938 7939 7940 7915)
5(3779 3807 3806 3785 3778)
5(7938 7945 7966 7967 7939)
4(3867 3881 3880 3865)
4(8025 8040 8041 8027)
4(3881 3904 3903 3880)
4(8040 8063 8064 8041)
4(3917 3930 3929 3915)
4(8075 8089 8090 8077)
3(3929 3930 3960)
3(8120 8090 8089)
3(3947 3929 3960)
3(8120 8089 8107)
3(3960 3959 3945)
3(8105 8119 8120)
3(3960 3945 3947)
3(8107 8105 8120)
4(3919 3931 3930 3917)
4(8077 8090 8091 8079)
4(3931 3961 3960 3930)
4(8090 8120 8121 8091)
4(3921 3932 3931 3919)
4(8079 8091 8092 8081)
4(3932 3962 3961 3931)
4(8091 8121 8122 8092)
5(3904 3933 3932 3923 3903)
5(8063 8083 8092 8093 8064)
3(3932 3921 3923)
3(8083 8081 8092)
4(3933 3963 3962 3932)
4(8092 8122 8123 8093)
4(3869 3882 3881 3867)
4(8027 8041 8042 8029)
4(3882 3905 3904 3881)
4(8041 8064 8065 8042)
4(3871 3883 3882 3869)
4(8029 8042 8043 8031)
4(3883 3906 3905 3882)
4(8042 8065 8066 8043)
6(3837 3849 3848 3847 3841 3836)
6(7996 8001 8007 8008 8009 7997)
5(3807 3837 3836 3821 3806)
5(7966 7981 7996 7997 7967)
3(3884 3883 3871)
3(8031 8043 8044)
4(3885 3908 3907 3884)
4(8044 8067 8068 8045)
4(3848 3849 3885 3884)
4(8044 8045 8009 8008)
4(3884 3873 3847 3848)
4(8008 8007 8033 8044)
3(3884 3871 3873)
3(8033 8031 8044)
4(3884 3907 3906 3883)
4(8043 8066 8067 8044)
4(4063 4076 4075 4061)
4(8221 8235 8236 8223)
4(4049 4057 4056 4047)
4(8207 8216 8217 8209)
3(4056 4057 4077)
3(8237 8217 8216)
3(4065 4056 4077)
3(8237 8216 8225)
3(4077 4076 4063)
3(8223 8236 8237)
3(4077 4063 4065)
3(8225 8223 8237)
5(4029 4040 4039 4038 4028)
5(8188 8198 8199 8200 8189)
4(4030 4041 4040 4029)
4(8189 8200 8201 8190)
4(4021 4029 4028 4019)
4(8179 8188 8189 8181)
3(4058 4057 4049)
3(8209 8217 8218)
3(4058 4049 4051)
3(8211 8209 8218)
4(4059 4079 4078 4058)
4(8218 8238 8239 8219)
3(4039 4040 4059)
3(8219 8200 8199)
5(4059 4058 4051 4038 4039)
5(8199 8198 8211 8218 8219)
4(4058 4078 4077 4057)
4(8217 8237 8238 8218)
4(4076 4088 4087 4075)
4(8235 8247 8248 8236)
5(4088 4095 4094 4090 4087)
5(8247 8250 8254 8255 8248)
4(4077 4089 4088 4076)
4(8236 8248 8249 8237)
4(4089 4096 4095 4088)
4(8248 8255 8256 8249)
3(4030 4029 4021)
3(8181 8189 8190)
4(4000 4030 4023 3999)
4(8159 8183 8190 8160)
3(4030 4021 4023)
3(8183 8181 8190)
4(4001 4031 4030 4000)
4(8160 8190 8191 8161)
4(4031 4042 4041 4030)
4(8190 8201 8202 8191)
6(3603 3634 3633 3632 3627 3602)
6(7762 7787 7792 7793 7794 7763)
4(3633 3657 3656 3632)
4(7792 7816 7817 7793)
6(3681 3708 3707 3706 3683 3680)
6(7840 7843 7866 7867 7868 7841)
5(3657 3681 3680 3663 3656)
5(7816 7823 7840 7841 7817)
4(3634 3658 3657 3633)
4(7793 7817 7818 7794)
4(3604 3635 3634 3603)
4(7763 7794 7795 7764)
4(3635 3659 3658 3634)
4(7794 7818 7819 7795)
5(3707 3734 3733 3715 3706)
5(7866 7875 7893 7894 7867)
5(3734 3755 3754 3737 3733)
5(7893 7897 7914 7915 7894)
4(3708 3735 3734 3707)
4(7867 7894 7895 7868)
4(3735 3756 3755 3734)
4(7894 7915 7916 7895)
4(3780 3808 3807 3779)
4(7939 7967 7968 7940)
4(3756 3781 3780 3755)
4(7915 7940 7941 7916)
4(3781 3809 3808 3780)
4(7940 7968 7969 7941)
9(358 334 332 318 290 274 268 270 310)
9(4470 4430 4428 4434 4450 4478 4492 4494 4518)
4(410 402 334 358)
4(4518 4494 4562 4570)
4(452 430 402 410)
4(4570 4562 4590 4612)
4(478 464 430 452)
4(4612 4590 4624 4638)
4(514 506 464 478)
4(4638 4624 4666 4674)
4(550 530 506 514)
4(4674 4666 4690 4710)
4(576 560 530 550)
4(4710 4690 4720 4736)
4(610 606 560 576)
4(4736 4720 4766 4770)
8(644 637 628 626 618 612 606 610)
8(4770 4766 4772 4778 4786 4788 4797 4804)
6(866 868 852 846 844 842)
6(5002 5004 5006 5012 5028 5026)
4(896 898 868 866)
4(5026 5028 5058 5056)
4(942 944 898 896)
4(5056 5058 5104 5102)
4(962 964 944 942)
4(5102 5104 5124 5122)
4(986 988 964 962)
4(5122 5124 5148 5146)
4(1020 1022 988 986)
4(5146 5148 5182 5180)
4(1042 1044 1022 1020)
4(5180 5182 5204 5202)
4(1066 1068 1044 1042)
4(5202 5204 5228 5226)
4(1110 1112 1068 1066)
4(5226 5228 5272 5270)
4(1130 1132 1112 1110)
4(5270 5272 5292 5290)
4(1154 1156 1132 1130)
4(5290 5292 5316 5314)
4(1188 1190 1156 1154)
4(5314 5316 5350 5348)
4(1210 1212 1190 1188)
4(5348 5350 5372 5370)
4(1236 1238 1212 1210)
4(5370 5372 5398 5396)
4(1276 1278 1238 1236)
4(5396 5398 5438 5436)
4(1300 1302 1278 1276)
4(5436 5438 5462 5460)
4(1328 1330 1302 1300)
4(5460 5462 5490 5488)
4(1362 1364 1330 1328)
4(5488 5490 5524 5522)
4(1382 1384 1364 1362)
4(5522 5524 5544 5542)
4(1406 1408 1384 1382)
4(5542 5544 5568 5566)
4(1450 1452 1408 1406)
4(5566 5568 5612 5610)
4(1472 1474 1452 1450)
4(5610 5612 5634 5632)
4(1496 1498 1474 1472)
4(5632 5634 5658 5656)
4(1532 1534 1498 1496)
4(5656 5658 5694 5692)
4(1552 1554 1534 1532)
4(5692 5694 5714 5712)
4(1576 1578 1554 1552)
4(5712 5714 5738 5736)
4(1610 1612 1578 1576)
4(5736 5738 5772 5770)
4(1632 1634 1612 1610)
4(5770 5772 5794 5792)
4(1658 1666 1634 1632)
4(5792 5794 5826 5818)
4(1692 1694 1666 1658)
4(5818 5826 5854 5852)
4(1716 1718 1694 1692)
4(5852 5854 5878 5876)
4(1748 1750 1718 1716)
4(5876 5878 5910 5908)
4(1784 1786 1750 1748)
4(5908 5910 5946 5944)
4(1806 1808 1786 1784)
4(5944 5946 5968 5966)
4(1838 1840 1808 1806)
4(5966 5968 6000 5998)
4(1868 1870 1840 1838)
4(5998 6000 6030 6028)
4(1888 1890 1870 1868)
4(6028 6030 6050 6048)
4(1918 1920 1890 1888)
4(6048 6050 6080 6078)
4(1950 1952 1920 1918)
4(6078 6080 6112 6110)
4(1972 1974 1952 1950)
4(6110 6112 6134 6132)
4(2004 2006 1974 1972)
4(6132 6134 6166 6164)
4(2034 2036 2006 2004)
4(6164 6166 6196 6194)
4(2056 2058 2036 2034)
4(6194 6196 6218 6216)
4(2086 2088 2058 2056)
4(6216 6218 6248 6246)
4(2124 2126 2088 2086)
4(6246 6248 6286 6284)
4(2148 2150 2126 2124)
4(6284 6286 6310 6308)
4(2178 2180 2150 2148)
4(6308 6310 6340 6338)
4(2206 2208 2180 2178)
4(6338 6340 6368 6366)
4(2228 2230 2208 2206)
4(6366 6368 6390 6388)
4(2262 2264 2230 2228)
4(6388 6390 6424 6422)
4(2296 2298 2264 2262)
4(6422 6424 6458 6456)
4(2316 2318 2298 2296)
4(6456 6458 6478 6476)
4(2344 2346 2318 2316)
4(6476 6478 6506 6504)
4(2372 2374 2346 2344)
4(6504 6506 6534 6532)
4(2394 2396 2374 2372)
4(6532 6534 6556 6554)
4(2424 2426 2396 2394)
4(6554 6556 6586 6584)
4(2460 2462 2426 2424)
4(6584 6586 6622 6620)
4(2482 2484 2462 2460)
4(6620 6622 6644 6642)
4(2514 2516 2484 2482)
4(6642 6644 6676 6674)
4(2544 2546 2516 2514)
4(6674 6676 6706 6704)
4(2568 2570 2546 2544)
4(6704 6706 6730 6728)
4(2596 2602 2570 2568)
4(6728 6730 6762 6756)
4(2616 2638 2602 2596)
4(6756 6762 6798 6776)
4(2658 2660 2638 2616)
4(6776 6798 6820 6818)
4(2684 2686 2660 2658)
4(6818 6820 6846 6844)
4(2704 2706 2686 2684)
4(6844 6846 6866 6864)
4(2730 2732 2706 2704)
4(6864 6866 6892 6890)
4(2752 2754 2732 2730)
4(6890 6892 6914 6912)
4(2778 2780 2754 2752)
4(6912 6914 6940 6938)
4(2800 2802 2780 2778)
4(6938 6940 6962 6960)
4(2842 2844 2802 2800)
4(6960 6962 7004 7002)
4(2862 2864 2844 2842)
4(7002 7004 7024 7022)
4(2886 2888 2864 2862)
4(7022 7024 7048 7046)
4(2908 2910 2888 2886)
4(7046 7048 7070 7068)
4(2936 2938 2910 2908)
4(7068 7070 7098 7096)
4(2960 2962 2938 2936)
4(7096 7098 7122 7120)
4(2986 2992 2962 2960)
4(7120 7122 7152 7146)
4(3006 3024 2992 2986)
4(7146 7152 7184 7166)
4(3044 3046 3024 3006)
4(7166 7184 7206 7204)
4(3072 3074 3046 3044)
4(7204 7206 7234 7232)
4(3092 3094 3074 3072)
4(7232 7234 7254 7252)
4(3122 3124 3094 3092)
4(7252 7254 7284 7282)
4(3144 3146 3124 3122)
4(7282 7284 7306 7304)
4(3168 3170 3146 3144)
4(7304 7306 7330 7328)
4(3190 3192 3170 3168)
4(7328 7330 7352 7350)
4(3226 3228 3192 3190)
4(7350 7352 7388 7386)
4(3246 3248 3228 3226)
4(7386 7388 7408 7406)
4(3272 3274 3248 3246)
4(7406 7408 7434 7432)
4(3294 3296 3274 3272)
4(7432 7434 7456 7454)
4(3322 3324 3296 3294)
4(7454 7456 7484 7482)
4(3346 3348 3324 3322)
4(7482 7484 7508 7506)
4(3374 3380 3348 3346)
4(7506 7508 7540 7534)
4(3394 3414 3380 3374)
4(7534 7540 7574 7554)
4(3428 3436 3414 3394)
4(7554 7574 7596 7588)
4(3458 3460 3436 3428)
4(7588 7596 7620 7618)
4(3482 3484 3460 3458)
4(7618 7620 7644 7642)
4(3512 3514 3484 3482)
4(7642 7644 7674 7672)
4(3532 3534 3514 3512)
4(7672 7674 7694 7692)
4(3558 3560 3534 3532)
4(7692 7694 7720 7718)
4(3580 3582 3560 3558)
4(7718 7720 7742 7740)
4(3620 3622 3582 3580)
4(7740 7742 7782 7780)
4(3644 3646 3622 3620)
4(7780 7782 7806 7804)
4(3672 3674 3646 3644)
4(7804 7806 7834 7832)
4(3692 3694 3674 3672)
4(7832 7834 7854 7852)
4(3724 3726 3694 3692)
4(7852 7854 7886 7884)
4(3746 3748 3726 3724)
4(7884 7886 7908 7906)
4(3770 3772 3748 3746)
4(7906 7908 7932 7930)
4(3794 3816 3772 3770)
4(7930 7932 7976 7954)
4(3830 3832 3816 3794)
4(7954 7976 7992 7990)
4(3860 3862 3832 3830)
4(7990 7992 8022 8020)
4(3912 3914 3862 3860)
4(8020 8022 8074 8072)
6(3942 3944 3946 3928 3914 3912)
6(8072 8074 8088 8106 8104 8102)
6(3913 3915 3929 3947 3945 3943)
6(8103 8105 8107 8089 8075 8073)
4(3861 3863 3915 3913)
4(8073 8075 8023 8021)
4(3831 3833 3863 3861)
4(8021 8023 7993 7991)
4(3795 3817 3833 3831)
4(7991 7993 7977 7955)
4(3771 3773 3817 3795)
4(7955 7977 7933 7931)
4(3747 3749 3773 3771)
4(7931 7933 7909 7907)
4(3725 3727 3749 3747)
4(7907 7909 7887 7885)
4(3693 3695 3727 3725)
4(7885 7887 7855 7853)
4(3673 3675 3695 3693)
4(7853 7855 7835 7833)
4(3645 3647 3675 3673)
4(7833 7835 7807 7805)
4(3621 3623 3647 3645)
4(7805 7807 7783 7781)
4(3581 3583 3623 3621)
4(7781 7783 7743 7741)
4(3559 3561 3583 3581)
4(7741 7743 7721 7719)
4(3533 3535 3561 3559)
4(7719 7721 7695 7693)
4(3513 3515 3535 3533)
4(7693 7695 7675 7673)
4(3483 3485 3515 3513)
4(7673 7675 7645 7643)
4(3459 3461 3485 3483)
4(7643 7645 7621 7619)
4(3429 3437 3461 3459)
4(7619 7621 7597 7589)
4(3395 3415 3437 3429)
4(7589 7597 7575 7555)
4(3375 3381 3415 3395)
4(7555 7575 7541 7535)
4(3347 3349 3381 3375)
4(7535 7541 7509 7507)
4(3323 3325 3349 3347)
4(7507 7509 7485 7483)
4(3295 3297 3325 3323)
4(7483 7485 7457 7455)
4(3273 3275 3297 3295)
4(7455 7457 7435 7433)
4(3247 3249 3275 3273)
4(7433 7435 7409 7407)
4(3227 3229 3249 3247)
4(7407 7409 7389 7387)
4(3191 3193 3229 3227)
4(7387 7389 7353 7351)
4(3169 3171 3193 3191)
4(7351 7353 7331 7329)
4(3145 3147 3171 3169)
4(7329 7331 7307 7305)
4(3123 3125 3147 3145)
4(7305 7307 7285 7283)
4(3093 3095 3125 3123)
4(7283 7285 7255 7253)
4(3073 3075 3095 3093)
4(7253 7255 7235 7233)
4(3045 3047 3075 3073)
4(7233 7235 7207 7205)
4(3007 3025 3047 3045)
4(7205 7207 7185 7167)
4(2987 2993 3025 3007)
4(7167 7185 7153 7147)
4(2961 2963 2993 2987)
4(7147 7153 7123 7121)
4(2937 2939 2963 2961)
4(7121 7123 7099 7097)
4(2909 2911 2939 2937)
4(7097 7099 7071 7069)
4(2887 2889 2911 2909)
4(7069 7071 7049 7047)
4(2863 2865 2889 2887)
4(7047 7049 7025 7023)
4(2843 2845 2865 2863)
4(7023 7025 7005 7003)
4(2801 2803 2845 2843)
4(7003 7005 6963 6961)
4(2779 2781 2803 2801)
4(6961 6963 6941 6939)
4(2753 2755 2781 2779)
4(6939 6941 6915 6913)
4(2731 2733 2755 2753)
4(6913 6915 6893 6891)
4(2705 2707 2733 2731)
4(6891 6893 6867 6865)
4(2685 2687 2707 2705)
4(6865 6867 6847 6845)
4(2659 2661 2687 2685)
4(6845 6847 6821 6819)
4(2617 2639 2661 2659)
4(6819 6821 6799 6777)
4(2597 2603 2639 2617)
4(6777 6799 6763 6757)
4(2569 2571 2603 2597)
4(6757 6763 6731 6729)
4(2545 2547 2571 2569)
4(6729 6731 6707 6705)
4(2515 2517 2547 2545)
4(6705 6707 6677 6675)
4(2483 2485 2517 2515)
4(6675 6677 6645 6643)
4(2461 2463 2485 2483)
4(6643 6645 6623 6621)
4(2425 2427 2463 2461)
4(6621 6623 6587 6585)
4(2395 2397 2427 2425)
4(6585 6587 6557 6555)
4(2373 2375 2397 2395)
4(6555 6557 6535 6533)
4(2345 2347 2375 2373)
4(6533 6535 6507 6505)
4(2317 2319 2347 2345)
4(6505 6507 6479 6477)
4(2297 2299 2319 2317)
4(6477 6479 6459 6457)
4(2263 2265 2299 2297)
4(6457 6459 6425 6423)
4(2229 2231 2265 2263)
4(6423 6425 6391 6389)
4(2207 2209 2231 2229)
4(6389 6391 6369 6367)
4(2179 2181 2209 2207)
4(6367 6369 6341 6339)
4(2149 2151 2181 2179)
4(6339 6341 6311 6309)
4(2125 2127 2151 2149)
4(6309 6311 6287 6285)
4(2087 2089 2127 2125)
4(6285 6287 6249 6247)
4(2057 2059 2089 2087)
4(6247 6249 6219 6217)
4(2035 2037 2059 2057)
4(6217 6219 6197 6195)
4(2005 2007 2037 2035)
4(6195 6197 6167 6165)
4(1973 1975 2007 2005)
4(6165 6167 6135 6133)
4(1951 1953 1975 1973)
4(6133 6135 6113 6111)
4(1919 1921 1953 1951)
4(6111 6113 6081 6079)
4(1889 1891 1921 1919)
4(6079 6081 6051 6049)
4(1869 1871 1891 1889)
4(6049 6051 6031 6029)
4(1839 1841 1871 1869)
4(6029 6031 6001 5999)
4(1807 1809 1841 1839)
4(5999 6001 5969 5967)
4(1785 1787 1809 1807)
4(5967 5969 5947 5945)
4(1749 1751 1787 1785)
4(5945 5947 5911 5909)
4(1717 1719 1751 1749)
4(5909 5911 5879 5877)
4(1693 1695 1719 1717)
4(5877 5879 5855 5853)
4(1659 1667 1695 1693)
4(5853 5855 5827 5819)
4(1633 1635 1667 1659)
4(5819 5827 5795 5793)
4(1611 1613 1635 1633)
4(5793 5795 5773 5771)
4(1577 1579 1613 1611)
4(5771 5773 5739 5737)
4(1553 1555 1579 1577)
4(5737 5739 5715 5713)
4(1533 1535 1555 1553)
4(5713 5715 5695 5693)
4(1497 1499 1535 1533)
4(5693 5695 5659 5657)
4(1473 1475 1499 1497)
4(5657 5659 5635 5633)
4(1451 1453 1475 1473)
4(5633 5635 5613 5611)
4(1407 1409 1453 1451)
4(5611 5613 5569 5567)
4(1383 1385 1409 1407)
4(5567 5569 5545 5543)
4(1363 1365 1385 1383)
4(5543 5545 5525 5523)
4(1329 1331 1365 1363)
4(5523 5525 5491 5489)
4(1301 1303 1331 1329)
4(5489 5491 5463 5461)
4(1277 1279 1303 1301)
4(5461 5463 5439 5437)
4(1237 1239 1279 1277)
4(5437 5439 5399 5397)
4(1211 1213 1239 1237)
4(5397 5399 5373 5371)
4(1189 1191 1213 1211)
4(5371 5373 5351 5349)
4(1155 1157 1191 1189)
4(5349 5351 5317 5315)
4(1131 1133 1157 1155)
4(5315 5317 5293 5291)
4(1111 1113 1133 1131)
4(5291 5293 5273 5271)
4(1067 1069 1113 1111)
4(5271 5273 5229 5227)
4(1043 1045 1069 1067)
4(5227 5229 5205 5203)
4(1021 1023 1045 1043)
4(5203 5205 5183 5181)
4(987 989 1023 1021)
4(5181 5183 5149 5147)
4(963 965 989 987)
4(5147 5149 5125 5123)
4(943 945 965 963)
4(5123 5125 5105 5103)
4(897 899 945 943)
4(5103 5105 5059 5057)
4(867 869 899 897)
4(5057 5059 5029 5027)
6(843 845 847 853 869 867)
6(5027 5029 5013 5007 5005 5003)
8(611 607 613 619 627 629 638 645)
8(4805 4798 4789 4787 4779 4773 4767 4771)
4(577 561 607 611)
4(4771 4767 4721 4737)
4(551 531 561 577)
4(4737 4721 4691 4711)
4(515 507 531 551)
4(4711 4691 4667 4675)
4(479 465 507 515)
4(4675 4667 4625 4639)
4(453 431 465 479)
4(4639 4625 4591 4613)
4(411 403 431 453)
4(4613 4591 4563 4571)
4(359 335 403 411)
4(4571 4563 4495 4519)
9(311 271 269 275 291 319 333 335 359)
9(4519 4495 4493 4479 4451 4435 4429 4431 4471)
9(402 356 354 341 330 316 308 320 334)
9(4494 4480 4468 4476 4490 4501 4514 4516 4562)
4(430 408 356 402)
4(4562 4516 4568 4590)
4(464 450 408 430)
4(4590 4568 4610 4624)
4(506 476 450 464)
4(4624 4610 4636 4666)
4(530 512 476 506)
4(4666 4636 4672 4690)
4(560 548 512 530)
4(4690 4672 4708 4720)
9(606 591 580 574 572 565 558 548 560)
9(4720 4708 4718 4725 4732 4734 4740 4751 4766)
8(898 910 904 881 874 872 870 868)
8(5028 5030 5032 5034 5041 5064 5070 5058)
4(944 946 910 898)
4(5058 5070 5106 5104)
4(964 966 946 944)
4(5104 5106 5126 5124)
4(988 996 966 964)
4(5124 5126 5156 5148)
4(1022 1024 996 988)
4(5148 5156 5184 5182)
4(1044 1046 1024 1022)
4(5182 5184 5206 5204)
4(1068 1078 1046 1044)
4(5204 5206 5238 5228)
4(1112 1114 1078 1068)
4(5228 5238 5274 5272)
4(1132 1134 1114 1112)
4(5272 5274 5294 5292)
4(1156 1162 1134 1132)
4(5292 5294 5322 5316)
4(1190 1192 1162 1156)
4(5316 5322 5352 5350)
4(1212 1214 1192 1190)
4(5350 5352 5374 5372)
4(1238 1246 1214 1212)
4(5372 5374 5406 5398)
4(1278 1280 1246 1238)
4(5398 5406 5440 5438)
4(1302 1304 1280 1278)
4(5438 5440 5464 5462)
4(1330 1336 1304 1302)
4(5462 5464 5496 5490)
4(1364 1366 1336 1330)
4(5490 5496 5526 5524)
4(1384 1386 1366 1364)
4(5524 5526 5546 5544)
4(1408 1416 1386 1384)
4(5544 5546 5576 5568)
4(1452 1454 1416 1408)
4(5568 5576 5614 5612)
4(1474 1476 1454 1452)
4(5612 5614 5636 5634)
4(1498 1508 1476 1474)
4(5634 5636 5668 5658)
4(1534 1536 1508 1498)
4(5658 5668 5696 5694)
4(1554 1556 1536 1534)
4(5694 5696 5716 5714)
4(1578 1584 1556 1554)
4(5714 5716 5744 5738)
4(1612 1614 1584 1578)
4(5738 5744 5774 5772)
4(1634 1636 1614 1612)
4(5772 5774 5796 5794)
4(1666 1668 1636 1634)
4(5794 5796 5828 5826)
4(1694 1696 1668 1666)
4(5826 5828 5856 5854)
4(1718 1720 1696 1694)
4(5854 5856 5880 5878)
4(1750 1752 1720 1718)
4(5878 5880 5912 5910)
4(1786 1788 1752 1750)
4(5910 5912 5948 5946)
4(1808 1810 1788 1786)
4(5946 5948 5970 5968)
4(1840 1842 1810 1808)
4(5968 5970 6002 6000)
4(1870 1872 1842 1840)
4(6000 6002 6032 6030)
4(1890 1892 1872 1870)
4(6030 6032 6052 6050)
4(1920 1922 1892 1890)
4(6050 6052 6082 6080)
4(1952 1954 1922 1920)
4(6080 6082 6114 6112)
4(1974 1976 1954 1952)
4(6112 6114 6136 6134)
4(2006 2008 1976 1974)
4(6134 6136 6168 6166)
4(2036 2038 2008 2006)
4(6166 6168 6198 6196)
4(2058 2060 2038 2036)
4(6196 6198 6220 6218)
4(2088 2090 2060 2058)
4(6218 6220 6250 6248)
4(2126 2128 2090 2088)
4(6248 6250 6288 6286)
4(2150 2152 2128 2126)
4(6286 6288 6312 6310)
4(2180 2182 2152 2150)
4(6310 6312 6342 6340)
4(2208 2210 2182 2180)
4(6340 6342 6370 6368)
4(2230 2232 2210 2208)
4(6368 6370 6392 6390)
4(2264 2266 2232 2230)
4(6390 6392 6426 6424)
4(2298 2300 2266 2264)
4(6424 6426 6460 6458)
4(2318 2320 2300 2298)
4(6458 6460 6480 6478)
4(2346 2348 2320 2318)
4(6478 6480 6508 6506)
4(2374 2376 2348 2346)
4(6506 6508 6536 6534)
4(2396 2398 2376 2374)
4(6534 6536 6558 6556)
4(2426 2428 2398 2396)
4(6556 6558 6588 6586)
4(2462 2464 2428 2426)
4(6586 6588 6624 6622)
4(2484 2486 2464 2462)
4(6622 6624 6646 6644)
4(2516 2518 2486 2484)
4(6644 6646 6678 6676)
4(2546 2548 2518 2516)
4(6676 6678 6708 6706)
4(2570 2584 2548 2546)
4(6706 6708 6744 6730)
4(2602 2604 2584 2570)
4(6730 6744 6764 6762)
4(2638 2640 2604 2602)
4(6762 6764 6800 6798)
4(2660 2662 2640 2638)
4(6798 6800 6822 6820)
4(2686 2688 2662 2660)
4(6820 6822 6848 6846)
4(2706 2708 2688 2686)
4(6846 6848 6868 6866)
4(2732 2734 2708 2706)
4(6866 6868 6894 6892)
4(2754 2756 2734 2732)
4(6892 6894 6916 6914)
4(2780 2782 2756 2754)
4(6914 6916 6942 6940)
4(2802 2804 2782 2780)
4(6940 6942 6964 6962)
4(2844 2846 2804 2802)
4(6962 6964 7006 7004)
4(2864 2866 2846 2844)
4(7004 7006 7026 7024)
4(2888 2890 2866 2864)
4(7024 7026 7050 7048)
4(2910 2924 2890 2888)
4(7048 7050 7084 7070)
4(2938 2948 2924 2910)
4(7070 7084 7108 7098)
4(2962 2974 2948 2938)
4(7098 7108 7134 7122)
4(2992 2994 2974 2962)
4(7122 7134 7154 7152)
4(3024 3026 2994 2992)
4(7152 7154 7186 7184)
4(3046 3048 3026 3024)
4(7184 7186 7208 7206)
4(3074 3076 3048 3046)
4(7206 7208 7236 7234)
4(3094 3096 3076 3074)
4(7234 7236 7256 7254)
4(3124 3126 3096 3094)
4(7254 7256 7286 7284)
4(3146 3148 3126 3124)
4(7284 7286 7308 7306)
4(3170 3172 3148 3146)
4(7306 7308 7332 7330)
4(3192 3194 3172 3170)
4(7330 7332 7354 7352)
4(3228 3230 3194 3192)
4(7352 7354 7390 7388)
4(3248 3250 3230 3228)
4(7388 7390 7410 7408)
4(3274 3276 3250 3248)
4(7408 7410 7436 7434)
4(3296 3310 3276 3274)
4(7434 7436 7470 7456)
4(3324 3334 3310 3296)
4(7456 7470 7494 7484)
4(3348 3362 3334 3324)
4(7484 7494 7522 7508)
4(3380 3382 3362 3348)
4(7508 7522 7542 7540)
4(3414 3416 3382 3380)
4(7540 7542 7576 7574)
4(3436 3438 3416 3414)
4(7574 7576 7598 7596)
4(3460 3462 3438 3436)
4(7596 7598 7622 7620)
4(3484 3486 3462 3460)
4(7620 7622 7646 7644)
4(3514 3516 3486 3484)
4(7644 7646 7676 7674)
4(3534 3536 3516 3514)
4(7674 7676 7696 7694)
4(3560 3562 3536 3534)
4(7694 7696 7722 7720)
4(3582 3584 3562 3560)
4(7720 7722 7744 7742)
4(3622 3624 3584 3582)
4(7742 7744 7784 7782)
4(3646 3648 3624 3622)
4(7782 7784 7808 7806)
4(3674 3676 3648 3646)
4(7806 7808 7836 7834)
4(3694 3696 3676 3674)
4(7834 7836 7856 7854)
4(3726 3728 3696 3694)
4(7854 7856 7888 7886)
4(3748 3758 3728 3726)
4(7886 7888 7918 7908)
4(3772 3782 3758 3748)
4(7908 7918 7942 7932)
4(3816 3818 3782 3772)
4(7932 7942 7978 7976)
4(3832 3838 3818 3816)
4(7976 7978 7998 7992)
4(3862 3864 3838 3832)
4(7992 7998 8024 8022)
9(3914 3916 3918 3920 3922 3902 3879 3864 3862)
9(8022 8024 8039 8062 8082 8080 8078 8076 8074)
9(3863 3865 3880 3903 3923 3921 3919 3917 3915)
9(8075 8077 8079 8081 8083 8063 8040 8025 8023)
4(3833 3839 3865 3863)
4(8023 8025 7999 7993)
4(3817 3819 3839 3833)
4(7993 7999 7979 7977)
4(3773 3783 3819 3817)
4(7977 7979 7943 7933)
4(3749 3759 3783 3773)
4(7933 7943 7919 7909)
4(3727 3729 3759 3749)
4(7909 7919 7889 7887)
4(3695 3697 3729 3727)
4(7887 7889 7857 7855)
4(3675 3677 3697 3695)
4(7855 7857 7837 7835)
4(3647 3649 3677 3675)
4(7835 7837 7809 7807)
4(3623 3625 3649 3647)
4(7807 7809 7785 7783)
4(3583 3585 3625 3623)
4(7783 7785 7745 7743)
4(3561 3563 3585 3583)
4(7743 7745 7723 7721)
4(3535 3537 3563 3561)
4(7721 7723 7697 7695)
4(3515 3517 3537 3535)
4(7695 7697 7677 7675)
4(3485 3487 3517 3515)
4(7675 7677 7647 7645)
4(3461 3463 3487 3485)
4(7645 7647 7623 7621)
4(3437 3439 3463 3461)
4(7621 7623 7599 7597)
4(3415 3417 3439 3437)
4(7597 7599 7577 7575)
4(3381 3383 3417 3415)
4(7575 7577 7543 7541)
4(3349 3363 3383 3381)
4(7541 7543 7523 7509)
4(3325 3335 3363 3349)
4(7509 7523 7495 7485)
4(3297 3311 3335 3325)
4(7485 7495 7471 7457)
4(3275 3277 3311 3297)
4(7457 7471 7437 7435)
4(3249 3251 3277 3275)
4(7435 7437 7411 7409)
4(3229 3231 3251 3249)
4(7409 7411 7391 7389)
4(3193 3195 3231 3229)
4(7389 7391 7355 7353)
4(3171 3173 3195 3193)
4(7353 7355 7333 7331)
4(3147 3149 3173 3171)
4(7331 7333 7309 7307)
4(3125 3127 3149 3147)
4(7307 7309 7287 7285)
4(3095 3097 3127 3125)
4(7285 7287 7257 7255)
4(3075 3077 3097 3095)
4(7255 7257 7237 7235)
4(3047 3049 3077 3075)
4(7235 7237 7209 7207)
4(3025 3027 3049 3047)
4(7207 7209 7187 7185)
4(2993 2995 3027 3025)
4(7185 7187 7155 7153)
4(2963 2975 2995 2993)
4(7153 7155 7135 7123)
4(2939 2949 2975 2963)
4(7123 7135 7109 7099)
4(2911 2925 2949 2939)
4(7099 7109 7085 7071)
4(2889 2891 2925 2911)
4(7071 7085 7051 7049)
4(2865 2867 2891 2889)
4(7049 7051 7027 7025)
4(2845 2847 2867 2865)
4(7025 7027 7007 7005)
4(2803 2805 2847 2845)
4(7005 7007 6965 6963)
4(2781 2783 2805 2803)
4(6963 6965 6943 6941)
4(2755 2757 2783 2781)
4(6941 6943 6917 6915)
4(2733 2735 2757 2755)
4(6915 6917 6895 6893)
4(2707 2709 2735 2733)
4(6893 6895 6869 6867)
4(2687 2689 2709 2707)
4(6867 6869 6849 6847)
4(2661 2663 2689 2687)
4(6847 6849 6823 6821)
4(2639 2641 2663 2661)
4(6821 6823 6801 6799)
4(2603 2605 2641 2639)
4(6799 6801 6765 6763)
4(2571 2585 2605 2603)
4(6763 6765 6745 6731)
4(2547 2549 2585 2571)
4(6731 6745 6709 6707)
4(2517 2519 2549 2547)
4(6707 6709 6679 6677)
4(2485 2487 2519 2517)
4(6677 6679 6647 6645)
4(2463 2465 2487 2485)
4(6645 6647 6625 6623)
4(2427 2429 2465 2463)
4(6623 6625 6589 6587)
4(2397 2399 2429 2427)
4(6587 6589 6559 6557)
4(2375 2377 2399 2397)
4(6557 6559 6537 6535)
4(2347 2349 2377 2375)
4(6535 6537 6509 6507)
4(2319 2321 2349 2347)
4(6507 6509 6481 6479)
4(2299 2301 2321 2319)
4(6479 6481 6461 6459)
4(2265 2267 2301 2299)
4(6459 6461 6427 6425)
4(2231 2233 2267 2265)
4(6425 6427 6393 6391)
4(2209 2211 2233 2231)
4(6391 6393 6371 6369)
4(2181 2183 2211 2209)
4(6369 6371 6343 6341)
4(2151 2153 2183 2181)
4(6341 6343 6313 6311)
4(2127 2129 2153 2151)
4(6311 6313 6289 6287)
4(2089 2091 2129 2127)
4(6287 6289 6251 6249)
4(2059 2061 2091 2089)
4(6249 6251 6221 6219)
4(2037 2039 2061 2059)
4(6219 6221 6199 6197)
4(2007 2009 2039 2037)
4(6197 6199 6169 6167)
4(1975 1977 2009 2007)
4(6167 6169 6137 6135)
4(1953 1955 1977 1975)
4(6135 6137 6115 6113)
4(1921 1923 1955 1953)
4(6113 6115 6083 6081)
4(1891 1893 1923 1921)
4(6081 6083 6053 6051)
4(1871 1873 1893 1891)
4(6051 6053 6033 6031)
4(1841 1843 1873 1871)
4(6031 6033 6003 6001)
4(1809 1811 1843 1841)
4(6001 6003 5971 5969)
4(1787 1789 1811 1809)
4(5969 5971 5949 5947)
4(1751 1753 1789 1787)
4(5947 5949 5913 5911)
4(1719 1721 1753 1751)
4(5911 5913 5881 5879)
4(1695 1697 1721 1719)
4(5879 5881 5857 5855)
4(1667 1669 1697 1695)
4(5855 5857 5829 5827)
4(1635 1637 1669 1667)
4(5827 5829 5797 5795)
4(1613 1615 1637 1635)
4(5795 5797 5775 5773)
4(1579 1585 1615 1613)
4(5773 5775 5745 5739)
4(1555 1557 1585 1579)
4(5739 5745 5717 5715)
4(1535 1537 1557 1555)
4(5715 5717 5697 5695)
4(1499 1509 1537 1535)
4(5695 5697 5669 5659)
4(1475 1477 1509 1499)
4(5659 5669 5637 5635)
4(1453 1455 1477 1475)
4(5635 5637 5615 5613)
4(1409 1417 1455 1453)
4(5613 5615 5577 5569)
4(1385 1387 1417 1409)
4(5569 5577 5547 5545)
4(1365 1367 1387 1385)
4(5545 5547 5527 5525)
4(1331 1337 1367 1365)
4(5525 5527 5497 5491)
4(1303 1305 1337 1331)
4(5491 5497 5465 5463)
4(1279 1281 1305 1303)
4(5463 5465 5441 5439)
4(1239 1247 1281 1279)
4(5439 5441 5407 5399)
4(1213 1215 1247 1239)
4(5399 5407 5375 5373)
4(1191 1193 1215 1213)
4(5373 5375 5353 5351)
4(1157 1163 1193 1191)
4(5351 5353 5323 5317)
4(1133 1135 1163 1157)
4(5317 5323 5295 5293)
4(1113 1115 1135 1133)
4(5293 5295 5275 5273)
4(1069 1079 1115 1113)
4(5273 5275 5239 5229)
4(1045 1047 1079 1069)
4(5229 5239 5207 5205)
4(1023 1025 1047 1045)
4(5205 5207 5185 5183)
4(989 997 1025 1023)
4(5183 5185 5157 5149)
4(965 967 997 989)
4(5149 5157 5127 5125)
4(945 947 967 965)
4(5125 5127 5107 5105)
4(899 911 947 945)
4(5105 5107 5071 5059)
8(869 871 873 875 882 905 911 899)
8(5059 5071 5065 5042 5035 5033 5031 5029)
9(561 549 559 566 573 575 581 594 607)
9(4767 4754 4741 4735 4733 4726 4719 4709 4721)
4(531 513 549 561)
4(4721 4709 4673 4691)
4(507 477 513 531)
4(4691 4673 4637 4667)
4(465 451 477 507)
4(4667 4637 4611 4625)
4(431 409 451 465)
4(4625 4611 4569 4591)
4(403 357 409 431)
4(4591 4569 4517 4563)
9(335 321 309 317 331 342 355 357 403)
9(4563 4517 4515 4502 4491 4477 4469 4481 4495)
9(408 364 360 348 322 314 324 350 356)
9(4516 4510 4484 4474 4482 4508 4520 4524 4568)
6(450 420 404 398 364 408)
6(4568 4524 4558 4564 4580 4610)
7(476 456 448 428 422 420 450)
7(4610 4580 4582 4588 4608 4616 4636)
7(512 484 480 472 458 456 476)
7(4636 4616 4618 4632 4640 4644 4672)
9(548 540 528 522 519 508 502 484 512)
9(4672 4644 4662 4668 4679 4682 4688 4700 4708)
8(946 948 926 918 916 914 912 910)
8(5070 5072 5074 5076 5078 5086 5108 5106)
5(966 968 951 948 946)
5(5106 5108 5111 5128 5126)
6(996 998 992 973 968 966)
6(5126 5128 5133 5152 5158 5156)
5(1024 1026 1005 998 996)
5(5156 5158 5165 5186 5184)
5(1046 1048 1030 1026 1024)
5(5184 5186 5190 5208 5206)
6(1078 1080 1073 1053 1048 1046)
6(5206 5208 5213 5233 5240 5238)
5(1114 1116 1091 1080 1078)
5(5238 5240 5251 5276 5274)
5(1134 1136 1119 1116 1114)
5(5274 5276 5279 5296 5294)
6(1162 1164 1159 1141 1136 1134)
6(5294 5296 5301 5319 5324 5322)
5(1192 1194 1172 1164 1162)
5(5322 5324 5332 5354 5352)
5(1214 1216 1198 1194 1192)
5(5352 5354 5358 5376 5374)
6(1246 1248 1242 1222 1216 1214)
6(5374 5376 5382 5402 5408 5406)
5(1280 1282 1258 1248 1246)
5(5406 5408 5418 5442 5440)
5(1304 1306 1287 1282 1280)
5(5440 5442 5447 5466 5464)
6(1336 1338 1333 1313 1306 1304)
6(5464 5466 5473 5493 5498 5496)
5(1366 1368 1346 1338 1336)
5(5496 5498 5506 5528 5526)
5(1386 1388 1371 1368 1366)
5(5526 5528 5531 5548 5546)
6(1416 1418 1412 1393 1388 1386)
6(5546 5548 5553 5572 5578 5576)
5(1454 1456 1430 1418 1416)
5(5576 5578 5590 5616 5614)
5(1476 1478 1460 1456 1454)
5(5614 5616 5620 5638 5636)
6(1508 1510 1503 1483 1478 1476)
6(5636 5638 5643 5663 5670 5668)
5(1536 1538 1517 1510 1508)
5(5668 5670 5677 5698 5696)
5(1556 1558 1541 1538 1536)
5(5696 5698 5701 5718 5716)
6(1584 1586 1581 1563 1558 1556)
6(5716 5718 5723 5741 5746 5744)
5(1614 1616 1594 1586 1584)
5(5744 5746 5754 5776 5774)
5(1636 1638 1620 1616 1614)
5(5774 5776 5780 5798 5796)
6(1668 1670 1662 1644 1638 1636)
6(5796 5798 5804 5822 5830 5828)
5(1696 1698 1677 1670 1668)
5(5828 5830 5837 5858 5856)
6(1720 1734 1727 1703 1698 1696)
6(5856 5858 5863 5887 5894 5880)
5(1752 1754 1745 1734 1720)
5(5880 5894 5905 5914 5912)
5(1788 1790 1765 1754 1752)
5(5912 5914 5925 5950 5948)
6(1810 1820 1815 1794 1790 1788)
6(5948 5950 5954 5975 5980 5970)
5(1842 1844 1833 1820 1810)
5(5970 5980 5993 6004 6002)
5(1872 1874 1852 1844 1842)
5(6002 6004 6012 6034 6032)
6(1892 1902 1897 1877 1874 1872)
6(6032 6034 6037 6057 6062 6052)
5(1922 1924 1914 1902 1892)
5(6052 6062 6074 6084 6082)
5(1954 1956 1933 1924 1922)
5(6082 6084 6093 6116 6114)
6(1976 1990 1983 1960 1956 1954)
6(6114 6116 6120 6143 6150 6136)
5(2008 2010 2001 1990 1976)
5(6136 6150 6161 6170 6168)
5(2038 2040 2018 2010 2008)
5(6168 6170 6178 6200 6198)
6(2060 2070 2065 2044 2040 2038)
6(6198 6200 6204 6225 6230 6220)
5(2090 2092 2082 2070 2060)
5(6220 6230 6242 6252 6250)
5(2128 2130 2104 2092 2090)
5(6250 6252 6264 6290 6288)
6(2152 2164 2158 2135 2130 2128)
6(6288 6290 6295 6318 6324 6312)
5(2182 2184 2175 2164 2152)
5(6312 6324 6335 6344 6342)
5(2210 2212 2191 2184 2182)
5(6342 6344 6351 6372 6370)
6(2232 2244 2238 2216 2212 2210)
6(6370 6372 6376 6398 6404 6392)
5(2266 2268 2257 2244 2232)
5(6392 6404 6417 6428 6426)
5(2300 2302 2278 2268 2266)
5(6426 6428 6438 6462 6460)
6(2320 2328 2324 2305 2302 2300)
6(6460 6462 6465 6484 6488 6480)
5(2348 2350 2340 2328 2320)
5(6480 6488 6500 6510 6508)
5(2376 2378 2357 2350 2348)
5(6508 6510 6517 6538 6536)
6(2398 2410 2404 2382 2378 2376)
6(6536 6538 6542 6564 6570 6558)
5(2428 2430 2421 2410 2398)
5(6558 6570 6581 6590 6588)
5(2464 2466 2441 2430 2428)
5(6588 6590 6601 6626 6624)
6(2486 2498 2492 2470 2466 2464)
6(6624 6626 6630 6652 6658 6646)
5(2518 2520 2510 2498 2486)
5(6646 6658 6670 6680 6678)
5(2548 2550 2528 2520 2518)
5(6678 6680 6688 6710 6708)
6(2584 2586 2577 2555 2550 2548)
6(6708 6710 6715 6737 6746 6744)
5(2604 2608 2599 2586 2584)
5(6744 6746 6759 6768 6764)
5(2640 2644 2627 2608 2604)
5(6764 6768 6787 6804 6800)
5(2662 2666 2654 2644 2640)
5(6800 6804 6814 6826 6822)
5(2688 2692 2678 2666 2662)
5(6822 6826 6838 6852 6848)
5(2708 2712 2701 2692 2688)
5(6848 6852 6861 6872 6868)
5(2734 2738 2722 2712 2708)
5(6868 6872 6882 6898 6894)
5(2756 2760 2744 2738 2734)
5(6894 6898 6904 6920 6916)
5(2782 2786 2768 2760 2756)
5(6916 6920 6928 6946 6942)
6(2804 2834 2818 2790 2786 2782)
6(6942 6946 6950 6978 6994 6964)
5(2846 2854 2849 2834 2804)
5(6964 6994 7009 7014 7006)
5(2866 2878 2871 2854 2846)
5(7006 7014 7031 7038 7026)
5(2890 2900 2894 2878 2866)
5(7026 7038 7054 7060 7050)
5(2924 2928 2917 2900 2890)
5(7050 7060 7077 7088 7084)
5(2948 2952 2943 2928 2924)
5(7084 7088 7103 7112 7108)
5(2974 2978 2968 2952 2948)
5(7108 7112 7128 7138 7134)
5(2994 2998 2989 2978 2974)
5(7134 7138 7149 7158 7154)
5(3026 3030 3015 2998 2994)
5(7154 7158 7175 7190 7186)
5(3048 3052 3040 3030 3026)
5(7186 7190 7200 7212 7208)
5(3076 3080 3065 3052 3048)
5(7208 7212 7225 7240 7236)
5(3096 3100 3089 3080 3076)
5(7236 7240 7249 7260 7256)
5(3126 3130 3112 3100 3096)
5(7256 7260 7272 7290 7286)
5(3148 3152 3136 3130 3126)
5(7286 7290 7296 7312 7308)
5(3172 3176 3159 3152 3148)
5(7308 7312 7319 7336 7332)
6(3194 3218 3205 3180 3176 3172)
6(7332 7336 7340 7365 7378 7354)
5(3230 3238 3233 3218 3194)
5(7354 7378 7393 7398 7390)
5(3250 3264 3256 3238 3230)
5(7390 7398 7416 7424 7410)
5(3276 3286 3280 3264 3250)
5(7410 7424 7440 7446 7436)
5(3310 3314 3303 3286 3276)
5(7436 7446 7463 7474 7470)
5(3334 3338 3329 3314 3310)
5(7470 7474 7489 7498 7494)
5(3362 3366 3355 3338 3334)
5(7494 7498 7515 7526 7522)
5(3382 3386 3377 3366 3362)
5(7522 7526 7537 7546 7542)
5(3416 3418 3404 3386 3382)
5(7542 7546 7564 7578 7576)
5(3438 3440 3432 3418 3416)
5(7576 7578 7592 7600 7598)
5(3462 3464 3453 3440 3438)
5(7598 7600 7613 7624 7622)
5(3486 3488 3477 3464 3462)
5(7622 7624 7637 7648 7646)
5(3516 3518 3502 3488 3486)
5(7646 7648 7662 7678 7676)
5(3536 3538 3527 3518 3516)
5(7676 7678 7687 7698 7696)
5(3562 3564 3548 3538 3536)
5(7696 7698 7708 7724 7722)
5(3584 3586 3570 3564 3562)
5(7722 7724 7730 7746 7744)
5(3624 3626 3599 3586 3584)
5(7744 7746 7759 7786 7784)
6(3648 3662 3655 3631 3626 3624)
6(7784 7786 7791 7815 7822 7808)
5(3676 3682 3679 3662 3648)
5(7808 7822 7839 7842 7836)
5(3696 3714 3705 3682 3676)
5(7836 7842 7865 7874 7856)
5(3728 3736 3732 3714 3696)
5(7856 7874 7892 7896 7888)
5(3758 3760 3753 3736 3728)
5(7888 7896 7913 7920 7918)
5(3782 3784 3777 3760 3758)
5(7918 7920 7937 7944 7942)
5(3818 3820 3805 3784 3782)
5(7942 7944 7965 7980 7978)
5(3838 3840 3835 3820 3818)
5(7978 7980 7995 8000 7998)
8(3864 3866 3868 3870 3872 3846 3840 3838)
8(7998 8000 8006 8032 8030 8028 8026 8024)
8(3839 3841 3847 3873 3871 3869 3867 3865)
8(8025 8027 8029 8031 8033 8007 8001 7999)
5(3819 3821 3836 3841 3839)
5(7999 8001 7996 7981 7979)
5(3783 3785 3806 3821 3819)
5(7979 7981 7966 7945 7943)
5(3759 3761 3778 3785 3783)
5(7943 7945 7938 7921 7919)
5(3729 3737 3754 3761 3759)
5(7919 7921 7914 7897 7889)
5(3697 3715 3733 3737 3729)
5(7889 7897 7893 7875 7857)
5(3677 3683 3706 3715 3697)
5(7857 7875 7866 7843 7837)
5(3649 3663 3680 3683 3677)
5(7837 7843 7840 7823 7809)
6(3625 3627 3632 3656 3663 3649)
6(7809 7823 7816 7792 7787 7785)
5(3585 3587 3602 3627 3625)
5(7785 7787 7762 7747 7745)
5(3563 3565 3571 3587 3585)
5(7745 7747 7731 7725 7723)
5(3537 3539 3549 3565 3563)
5(7723 7725 7709 7699 7697)
5(3517 3519 3528 3539 3537)
5(7697 7699 7688 7679 7677)
5(3487 3489 3503 3519 3517)
5(7677 7679 7663 7649 7647)
5(3463 3465 3478 3489 3487)
5(7647 7649 7638 7625 7623)
5(3439 3441 3454 3465 3463)
5(7623 7625 7614 7601 7599)
5(3417 3419 3433 3441 3439)
5(7599 7601 7593 7579 7577)
5(3383 3387 3405 3419 3417)
5(7577 7579 7565 7547 7543)
5(3363 3367 3378 3387 3383)
5(7543 7547 7538 7527 7523)
5(3335 3339 3356 3367 3363)
5(7523 7527 7516 7499 7495)
5(3311 3315 3330 3339 3335)
5(7495 7499 7490 7475 7471)
5(3277 3287 3304 3315 3311)
5(7471 7475 7464 7447 7437)
5(3251 3265 3281 3287 3277)
5(7437 7447 7441 7425 7411)
5(3231 3239 3257 3265 3251)
5(7411 7425 7417 7399 7391)
5(3195 3219 3234 3239 3231)
5(7391 7399 7394 7379 7355)
6(3173 3177 3181 3208 3219 3195)
6(7355 7379 7368 7341 7337 7333)
5(3149 3153 3160 3177 3173)
5(7333 7337 7320 7313 7309)
5(3127 3131 3137 3153 3149)
5(7309 7313 7297 7291 7287)
5(3097 3101 3113 3131 3127)
5(7287 7291 7273 7261 7257)
5(3077 3081 3090 3101 3097)
5(7257 7261 7250 7241 7237)
5(3049 3053 3066 3081 3077)
5(7237 7241 7226 7213 7209)
5(3027 3031 3041 3053 3049)
5(7209 7213 7201 7191 7187)
5(2995 2999 3016 3031 3027)
5(7187 7191 7176 7159 7155)
5(2975 2979 2990 2999 2995)
5(7155 7159 7150 7139 7135)
5(2949 2953 2969 2979 2975)
5(7135 7139 7129 7113 7109)
5(2925 2929 2944 2953 2949)
5(7109 7113 7104 7089 7085)
5(2891 2901 2918 2929 2925)
5(7085 7089 7078 7061 7051)
5(2867 2879 2895 2901 2891)
5(7051 7061 7055 7039 7027)
5(2847 2855 2872 2879 2867)
5(7027 7039 7032 7015 7007)
5(2805 2835 2850 2855 2847)
5(7007 7015 7010 6995 6965)
6(2783 2787 2791 2821 2835 2805)
6(6965 6995 6981 6951 6947 6943)
5(2757 2761 2769 2787 2783)
5(6943 6947 6929 6921 6917)
5(2735 2739 2745 2761 2757)
5(6917 6921 6905 6899 6895)
5(2709 2713 2723 2739 2735)
5(6895 6899 6883 6873 6869)
5(2689 2693 2702 2713 2709)
5(6869 6873 6862 6853 6849)
5(2663 2667 2679 2693 2689)
5(6849 6853 6839 6827 6823)
5(2641 2645 2655 2667 2663)
5(6823 6827 6815 6805 6801)
5(2605 2609 2628 2645 2641)
5(6801 6805 6788 6769 6765)
5(2585 2587 2600 2609 2605)
5(6765 6769 6760 6747 6745)
6(2549 2551 2556 2578 2587 2585)
6(6745 6747 6738 6716 6711 6709)
5(2519 2521 2531 2551 2549)
5(6709 6711 6691 6681 6679)
5(2487 2499 2511 2521 2519)
5(6679 6681 6671 6659 6647)
6(2465 2467 2471 2493 2499 2487)
6(6647 6659 6653 6631 6627 6625)
5(2429 2431 2444 2467 2465)
5(6625 6627 6604 6591 6589)
5(2399 2411 2422 2431 2429)
5(6589 6591 6582 6571 6559)
6(2377 2379 2383 2405 2411 2399)
6(6559 6571 6565 6543 6539 6537)
5(2349 2351 2360 2379 2377)
5(6537 6539 6520 6511 6509)
5(2321 2329 2341 2351 2349)
5(6509 6511 6501 6489 6481)
6(2301 2303 2306 2325 2329 2321)
6(6481 6489 6485 6466 6463 6461)
5(2267 2269 2281 2303 2301)
5(6461 6463 6441 6429 6427)
5(2233 2245 2258 2269 2267)
5(6427 6429 6418 6405 6393)
6(2211 2213 2217 2239 2245 2233)
6(6393 6405 6399 6377 6373 6371)
5(2183 2185 2194 2213 2211)
5(6371 6373 6354 6345 6343)
5(2153 2165 2176 2185 2183)
5(6343 6345 6336 6325 6313)
6(2129 2131 2136 2159 2165 2153)
6(6313 6325 6319 6296 6291 6289)
5(2091 2093 2107 2131 2129)
5(6289 6291 6267 6253 6251)
5(2061 2071 2083 2093 2091)
5(6251 6253 6243 6231 6221)
6(2039 2041 2045 2066 2071 2061)
6(6221 6231 6226 6205 6201 6199)
5(2009 2011 2021 2041 2039)
5(6199 6201 6181 6171 6169)
5(1977 1991 2002 2011 2009)
5(6169 6171 6162 6151 6137)
6(1955 1957 1961 1984 1991 1977)
6(6137 6151 6144 6121 6117 6115)
5(1923 1925 1936 1957 1955)
5(6115 6117 6096 6085 6083)
5(1893 1903 1915 1925 1923)
5(6083 6085 6075 6063 6053)
6(1873 1875 1878 1898 1903 1893)
6(6053 6063 6058 6038 6035 6033)
5(1843 1845 1855 1875 1873)
5(6033 6035 6015 6005 6003)
5(1811 1821 1834 1845 1843)
5(6003 6005 5994 5981 5971)
6(1789 1791 1795 1816 1821 1811)
6(5971 5981 5976 5955 5951 5949)
5(1753 1755 1768 1791 1789)
5(5949 5951 5928 5915 5913)
5(1721 1735 1746 1755 1753)
5(5913 5915 5906 5895 5881)
6(1697 1699 1704 1728 1735 1721)
6(5881 5895 5888 5864 5859 5857)
5(1669 1671 1680 1699 1697)
5(5857 5859 5840 5831 5829)
6(1637 1639 1645 1663 1671 1669)
6(5829 5831 5823 5805 5799 5797)
5(1615 1617 1621 1639 1637)
5(5797 5799 5781 5777 5775)
5(1585 1587 1597 1617 1615)
5(5775 5777 5757 5747 5745)
6(1557 1559 1564 1582 1587 1585)
6(5745 5747 5742 5724 5719 5717)
5(1537 1539 1542 1559 1557)
5(5717 5719 5702 5699 5697)
5(1509 1511 1520 1539 1537)
5(5697 5699 5680 5671 5669)
6(1477 1479 1484 1504 1511 1509)
6(5669 5671 5664 5644 5639 5637)
5(1455 1457 1461 1479 1477)
5(5637 5639 5621 5617 5615)
5(1417 1419 1433 1457 1455)
5(5615 5617 5593 5579 5577)
6(1387 1389 1394 1413 1419 1417)
6(5577 5579 5573 5554 5549 5547)
5(1367 1369 1372 1389 1387)
5(5547 5549 5532 5529 5527)
5(1337 1339 1349 1369 1367)
5(5527 5529 5509 5499 5497)
6(1305 1307 1314 1334 1339 1337)
6(5497 5499 5494 5474 5467 5465)
5(1281 1283 1288 1307 1305)
5(5465 5467 5448 5443 5441)
5(1247 1249 1261 1283 1281)
5(5441 5443 5421 5409 5407)
6(1215 1217 1223 1243 1249 1247)
6(5407 5409 5403 5383 5377 5375)
5(1193 1195 1199 1217 1215)
5(5375 5377 5359 5355 5353)
5(1163 1165 1175 1195 1193)
5(5353 5355 5335 5325 5323)
6(1135 1137 1142 1160 1165 1163)
6(5323 5325 5320 5302 5297 5295)
5(1115 1117 1120 1137 1135)
5(5295 5297 5280 5277 5275)
5(1079 1081 1094 1117 1115)
5(5275 5277 5254 5241 5239)
6(1047 1049 1054 1074 1081 1079)
6(5239 5241 5234 5214 5209 5207)
5(1025 1027 1031 1049 1047)
5(5207 5209 5191 5187 5185)
5(997 999 1008 1027 1025)
5(5185 5187 5168 5159 5157)
6(967 969 974 993 999 997)
6(5157 5159 5153 5134 5129 5127)
5(947 949 952 969 967)
5(5127 5129 5112 5109 5107)
8(911 913 915 917 919 929 949 947)
8(5107 5109 5089 5079 5077 5075 5073 5071)
9(513 485 503 509 520 523 529 541 549)
9(4709 4701 4689 4683 4680 4669 4663 4645 4673)
7(477 457 459 473 481 485 513)
7(4673 4645 4641 4633 4619 4617 4637)
7(451 421 423 429 449 457 477)
7(4637 4617 4609 4589 4583 4581 4611)
6(409 365 399 405 421 451)
6(4611 4581 4565 4559 4525 4569)
9(357 351 327 315 323 349 361 365 409)
9(4569 4525 4521 4509 4483 4475 4487 4511 4517)
9(198 174 170 160 154 151 136 122 153)
9(4313 4282 4296 4311 4314 4320 4330 4334 4358)
4(262 236 174 198)
4(4358 4334 4396 4422)
4(325 312 236 262)
4(4422 4396 4472 4485)
4(381 362 312 325)
4(4485 4472 4522 4541)
4(424 412 362 381)
4(4541 4522 4572 4584)
4(460 454 412 424)
4(4584 4572 4614 4620)
4(493 482 454 460)
4(4620 4614 4642 4653)
4(524 516 482 493)
4(4653 4642 4676 4684)
4(554 552 516 524)
4(4684 4676 4712 4714)
4(592 578 552 554)
4(4714 4712 4738 4752)
4(622 614 578 592)
4(4752 4738 4774 4782)
4(650 646 614 622)
4(4782 4774 4806 4810)
4(677 666 646 650)
4(4810 4806 4826 4837)
4(704 694 666 677)
4(4837 4826 4854 4864)
4(726 722 694 704)
4(4864 4854 4882 4886)
4(753 738 722 726)
4(4886 4882 4898 4913)
4(774 776 738 753)
4(4913 4898 4936 4934)
4(796 798 776 774)
4(4934 4936 4958 4956)
4(824 836 798 796)
4(4956 4958 4996 4984)
4(858 860 836 824)
4(4984 4996 5020 5018)
4(888 890 860 858)
4(5018 5020 5050 5048)
4(927 936 890 888)
4(5048 5050 5096 5087)
4(954 956 936 927)
4(5087 5096 5116 5114)
4(978 980 956 954)
4(5114 5116 5140 5138)
4(1006 1014 980 978)
4(5138 5140 5174 5166)
4(1034 1036 1014 1006)
4(5166 5174 5196 5194)
4(1058 1060 1036 1034)
4(5194 5196 5220 5218)
4(1092 1104 1060 1058)
4(5218 5220 5264 5252)
4(1122 1124 1104 1092)
4(5252 5264 5284 5282)
4(1146 1148 1124 1122)
4(5282 5284 5308 5306)
4(1173 1182 1148 1146)
4(5306 5308 5342 5333)
4(1202 1204 1182 1173)
4(5333 5342 5364 5362)
4(1228 1230 1204 1202)
4(5362 5364 5390 5388)
4(1259 1270 1230 1228)
4(5388 5390 5430 5419)
4(1292 1294 1270 1259)
4(5419 5430 5454 5452)
4(1320 1322 1294 1292)
4(5452 5454 5482 5480)
4(1347 1356 1322 1320)
4(5480 5482 5516 5507)
4(1374 1376 1356 1347)
4(5507 5516 5536 5534)
4(1398 1400 1376 1374)
4(5534 5536 5560 5558)
4(1431 1444 1400 1398)
4(5558 5560 5604 5591)
4(1464 1466 1444 1431)
4(5591 5604 5626 5624)
4(1488 1490 1466 1464)
4(5624 5626 5650 5648)
4(1518 1526 1490 1488)
4(5648 5650 5686 5678)
4(1544 1546 1526 1518)
4(5678 5686 5706 5704)
4(1568 1570 1546 1544)
4(5704 5706 5730 5728)
4(1595 1604 1570 1568)
4(5728 5730 5764 5755)
4(1624 1626 1604 1595)
4(5755 5764 5786 5784)
4(1650 1652 1626 1624)
4(5784 5786 5812 5810)
4(1678 1686 1652 1650)
4(5810 5812 5846 5838)
4(1708 1710 1686 1678)
4(5838 5846 5870 5868)
4(1736 1738 1710 1708)
4(5868 5870 5898 5896)
4(1766 1778 1738 1736)
4(5896 5898 5938 5926)
4(1798 1800 1778 1766)
4(5926 5938 5960 5958)
4(1822 1824 1800 1798)
4(5958 5960 5984 5982)
4(1853 1862 1824 1822)
4(5982 5984 6022 6013)
4(1880 1882 1862 1853)
4(6013 6022 6042 6040)
4(1904 1906 1882 1880)
4(6040 6042 6066 6064)
4(1934 1944 1906 1904)
4(6064 6066 6104 6094)
4(1964 1966 1944 1934)
4(6094 6104 6126 6124)
4(1992 1994 1966 1964)
4(6124 6126 6154 6152)
4(2019 2028 1994 1992)
4(6152 6154 6188 6179)
4(2048 2050 2028 2019)
4(6179 6188 6210 6208)
4(2072 2074 2050 2048)
4(6208 6210 6234 6232)
4(2105 2118 2074 2072)
4(6232 6234 6278 6265)
4(2140 2142 2118 2105)
4(6265 6278 6302 6300)
4(2166 2168 2142 2140)
4(6300 6302 6328 6326)
4(2192 2200 2168 2166)
4(6326 6328 6360 6352)
4(2220 2222 2200 2192)
4(6352 6360 6382 6380)
4(2246 2248 2222 2220)
4(6380 6382 6408 6406)
4(2279 2290 2248 2246)
4(6406 6408 6450 6439)
4(2308 2310 2290 2279)
4(6439 6450 6470 6468)
4(2330 2332 2310 2308)
4(6468 6470 6492 6490)
4(2358 2366 2332 2330)
4(6490 6492 6526 6518)
4(2386 2388 2366 2358)
4(6518 6526 6548 6546)
4(2412 2414 2388 2386)
4(6546 6548 6574 6572)
4(2442 2454 2414 2412)
4(6572 6574 6614 6602)
4(2474 2476 2454 2442)
4(6602 6614 6636 6634)
4(2500 2502 2476 2474)
4(6634 6636 6662 6660)
4(2529 2538 2502 2500)
4(6660 6662 6698 6689)
4(2560 2562 2538 2529)
4(6689 6698 6722 6720)
4(2588 2590 2562 2560)
4(6720 6722 6750 6748)
4(2606 2610 2590 2588)
4(6748 6750 6770 6766)
4(2642 2646 2610 2606)
4(6766 6770 6806 6802)
4(2664 2668 2646 2642)
4(6802 6806 6828 6824)
4(2690 2694 2668 2664)
4(6824 6828 6854 6850)
4(2710 2714 2694 2690)
4(6850 6854 6874 6870)
4(2736 2740 2714 2710)
4(6870 6874 6900 6896)
4(2758 2762 2740 2736)
4(6896 6900 6922 6918)
4(2784 2794 2762 2758)
4(6918 6922 6954 6944)
4(2819 2836 2794 2784)
4(6944 6954 6996 6979)
4(2852 2856 2836 2819)
4(6979 6996 7016 7012)
4(2876 2880 2856 2852)
4(7012 7016 7040 7036)
4(2898 2902 2880 2876)
4(7036 7040 7062 7058)
4(2926 2930 2902 2898)
4(7058 7062 7090 7086)
4(2950 2954 2930 2926)
4(7086 7090 7114 7110)
4(2976 2980 2954 2950)
4(7110 7114 7140 7136)
4(2996 3000 2980 2976)
4(7136 7140 7160 7156)
4(3028 3032 3000 2996)
4(7156 7160 7192 7188)
4(3050 3054 3032 3028)
4(7188 7192 7214 7210)
4(3078 3082 3054 3050)
4(7210 7214 7242 7238)
4(3098 3102 3082 3078)
4(7238 7242 7262 7258)
4(3128 3132 3102 3098)
4(7258 7262 7292 7288)
4(3150 3154 3132 3128)
4(7288 7292 7314 7310)
4(3174 3184 3154 3150)
4(7310 7314 7344 7334)
4(3206 3220 3184 3174)
4(7334 7344 7380 7366)
4(3236 3240 3220 3206)
4(7366 7380 7400 7396)
4(3262 3266 3240 3236)
4(7396 7400 7426 7422)
4(3284 3288 3266 3262)
4(7422 7426 7448 7444)
4(3312 3316 3288 3284)
4(7444 7448 7476 7472)
4(3336 3340 3316 3312)
4(7472 7476 7500 7496)
4(3364 3368 3340 3336)
4(7496 7500 7528 7524)
4(3384 3388 3368 3364)
4(7524 7528 7548 7544)
4(3420 3422 3388 3384)
4(7544 7548 7582 7580)
4(3442 3444 3422 3420)
4(7580 7582 7604 7602)
4(3466 3468 3444 3442)
4(7602 7604 7628 7626)
4(3490 3492 3468 3466)
4(7626 7628 7652 7650)
4(3520 3522 3492 3490)
4(7650 7652 7682 7680)
4(3540 3542 3522 3520)
4(7680 7682 7702 7700)
4(3566 3574 3542 3540)
4(7700 7702 7734 7726)
4(3600 3614 3574 3566)
4(7726 7734 7774 7760)
4(3636 3638 3614 3600)
4(7760 7774 7798 7796)
4(3664 3666 3638 3636)
4(7796 7798 7826 7824)
4(3684 3686 3666 3664)
4(7824 7826 7846 7844)
4(3716 3718 3686 3684)
4(7844 7846 7878 7876)
4(3738 3740 3718 3716)
4(7876 7878 7900 7898)
4(3762 3764 3740 3738)
4(7898 7900 7924 7922)
4(3786 3788 3764 3762)
4(7922 7924 7948 7946)
4(3822 3824 3788 3786)
4(7946 7948 7984 7982)
4(3852 3854 3824 3822)
4(7982 7984 8014 8012)
4(3886 3888 3854 3852)
4(8012 8014 8048 8046)
4(3934 3936 3888 3886)
4(8046 8048 8096 8094)
4(3966 3968 3936 3934)
4(8094 8096 8128 8126)
4(4014 4016 3968 3966)
4(8126 8128 8176 8174)
4(4044 4046 4016 4014)
4(8174 8176 8206 8204)
6(4060 4062 4064 4055 4046 4044)
6(8204 8206 8215 8224 8222 8220)
6(4045 4047 4056 4065 4063 4061)
6(8221 8223 8225 8216 8207 8205)
4(4015 4017 4047 4045)
4(8205 8207 8177 8175)
4(3967 3969 4017 4015)
4(8175 8177 8129 8127)
4(3935 3937 3969 3967)
4(8127 8129 8097 8095)
4(3887 3889 3937 3935)
4(8095 8097 8049 8047)
4(3853 3855 3889 3887)
4(8047 8049 8015 8013)
4(3823 3825 3855 3853)
4(8013 8015 7985 7983)
4(3787 3789 3825 3823)
4(7983 7985 7949 7947)
4(3763 3765 3789 3787)
4(7947 7949 7925 7923)
4(3739 3741 3765 3763)
4(7923 7925 7901 7899)
4(3717 3719 3741 3739)
4(7899 7901 7879 7877)
4(3685 3687 3719 3717)
4(7877 7879 7847 7845)
4(3665 3667 3687 3685)
4(7845 7847 7827 7825)
4(3637 3639 3667 3665)
4(7825 7827 7799 7797)
4(3601 3615 3639 3637)
4(7797 7799 7775 7761)
4(3567 3575 3615 3601)
4(7761 7775 7735 7727)
4(3541 3543 3575 3567)
4(7727 7735 7703 7701)
4(3521 3523 3543 3541)
4(7701 7703 7683 7681)
4(3491 3493 3523 3521)
4(7681 7683 7653 7651)
4(3467 3469 3493 3491)
4(7651 7653 7629 7627)
4(3443 3445 3469 3467)
4(7627 7629 7605 7603)
4(3421 3423 3445 3443)
4(7603 7605 7583 7581)
4(3385 3389 3423 3421)
4(7581 7583 7549 7545)
4(3365 3369 3389 3385)
4(7545 7549 7529 7525)
4(3337 3341 3369 3365)
4(7525 7529 7501 7497)
4(3313 3317 3341 3337)
4(7497 7501 7477 7473)
4(3285 3289 3317 3313)
4(7473 7477 7449 7445)
4(3263 3267 3289 3285)
4(7445 7449 7427 7423)
4(3237 3241 3267 3263)
4(7423 7427 7401 7397)
4(3207 3221 3241 3237)
4(7397 7401 7381 7367)
4(3175 3185 3221 3207)
4(7367 7381 7345 7335)
4(3151 3155 3185 3175)
4(7335 7345 7315 7311)
4(3129 3133 3155 3151)
4(7311 7315 7293 7289)
4(3099 3103 3133 3129)
4(7289 7293 7263 7259)
4(3079 3083 3103 3099)
4(7259 7263 7243 7239)
4(3051 3055 3083 3079)
4(7239 7243 7215 7211)
4(3029 3033 3055 3051)
4(7211 7215 7193 7189)
4(2997 3001 3033 3029)
4(7189 7193 7161 7157)
4(2977 2981 3001 2997)
4(7157 7161 7141 7137)
4(2951 2955 2981 2977)
4(7137 7141 7115 7111)
4(2927 2931 2955 2951)
4(7111 7115 7091 7087)
4(2899 2903 2931 2927)
4(7087 7091 7063 7059)
4(2877 2881 2903 2899)
4(7059 7063 7041 7037)
4(2853 2857 2881 2877)
4(7037 7041 7017 7013)
4(2820 2837 2857 2853)
4(7013 7017 6997 6980)
4(2785 2795 2837 2820)
4(6980 6997 6955 6945)
4(2759 2763 2795 2785)
4(6945 6955 6923 6919)
4(2737 2741 2763 2759)
4(6919 6923 6901 6897)
4(2711 2715 2741 2737)
4(6897 6901 6875 6871)
4(2691 2695 2715 2711)
4(6871 6875 6855 6851)
4(2665 2669 2695 2691)
4(6851 6855 6829 6825)
4(2643 2647 2669 2665)
4(6825 6829 6807 6803)
4(2607 2611 2647 2643)
4(6803 6807 6771 6767)
4(2589 2591 2611 2607)
4(6767 6771 6751 6749)
4(2561 2563 2591 2589)
4(6749 6751 6723 6721)
4(2530 2539 2563 2561)
4(6721 6723 6699 6690)
4(2501 2503 2539 2530)
4(6690 6699 6663 6661)
4(2475 2477 2503 2501)
4(6661 6663 6637 6635)
4(2443 2455 2477 2475)
4(6635 6637 6615 6603)
4(2413 2415 2455 2443)
4(6603 6615 6575 6573)
4(2387 2389 2415 2413)
4(6573 6575 6549 6547)
4(2359 2367 2389 2387)
4(6547 6549 6527 6519)
4(2331 2333 2367 2359)
4(6519 6527 6493 6491)
4(2309 2311 2333 2331)
4(6491 6493 6471 6469)
4(2280 2291 2311 2309)
4(6469 6471 6451 6440)
4(2247 2249 2291 2280)
4(6440 6451 6409 6407)
4(2221 2223 2249 2247)
4(6407 6409 6383 6381)
4(2193 2201 2223 2221)
4(6381 6383 6361 6353)
4(2167 2169 2201 2193)
4(6353 6361 6329 6327)
4(2141 2143 2169 2167)
4(6327 6329 6303 6301)
4(2106 2119 2143 2141)
4(6301 6303 6279 6266)
4(2073 2075 2119 2106)
4(6266 6279 6235 6233)
4(2049 2051 2075 2073)
4(6233 6235 6211 6209)
4(2020 2029 2051 2049)
4(6209 6211 6189 6180)
4(1993 1995 2029 2020)
4(6180 6189 6155 6153)
4(1965 1967 1995 1993)
4(6153 6155 6127 6125)
4(1935 1945 1967 1965)
4(6125 6127 6105 6095)
4(1905 1907 1945 1935)
4(6095 6105 6067 6065)
4(1881 1883 1907 1905)
4(6065 6067 6043 6041)
4(1854 1863 1883 1881)
4(6041 6043 6023 6014)
4(1823 1825 1863 1854)
4(6014 6023 5985 5983)
4(1799 1801 1825 1823)
4(5983 5985 5961 5959)
4(1767 1779 1801 1799)
4(5959 5961 5939 5927)
4(1737 1739 1779 1767)
4(5927 5939 5899 5897)
4(1709 1711 1739 1737)
4(5897 5899 5871 5869)
4(1679 1687 1711 1709)
4(5869 5871 5847 5839)
4(1651 1653 1687 1679)
4(5839 5847 5813 5811)
4(1625 1627 1653 1651)
4(5811 5813 5787 5785)
4(1596 1605 1627 1625)
4(5785 5787 5765 5756)
4(1569 1571 1605 1596)
4(5756 5765 5731 5729)
4(1545 1547 1571 1569)
4(5729 5731 5707 5705)
4(1519 1527 1547 1545)
4(5705 5707 5687 5679)
4(1489 1491 1527 1519)
4(5679 5687 5651 5649)
4(1465 1467 1491 1489)
4(5649 5651 5627 5625)
4(1432 1445 1467 1465)
4(5625 5627 5605 5592)
4(1399 1401 1445 1432)
4(5592 5605 5561 5559)
4(1375 1377 1401 1399)
4(5559 5561 5537 5535)
4(1348 1357 1377 1375)
4(5535 5537 5517 5508)
4(1321 1323 1357 1348)
4(5508 5517 5483 5481)
4(1293 1295 1323 1321)
4(5481 5483 5455 5453)
4(1260 1271 1295 1293)
4(5453 5455 5431 5420)
4(1229 1231 1271 1260)
4(5420 5431 5391 5389)
4(1203 1205 1231 1229)
4(5389 5391 5365 5363)
4(1174 1183 1205 1203)
4(5363 5365 5343 5334)
4(1147 1149 1183 1174)
4(5334 5343 5309 5307)
4(1123 1125 1149 1147)
4(5307 5309 5285 5283)
4(1093 1105 1125 1123)
4(5283 5285 5265 5253)
4(1059 1061 1105 1093)
4(5253 5265 5221 5219)
4(1035 1037 1061 1059)
4(5219 5221 5197 5195)
4(1007 1015 1037 1035)
4(5195 5197 5175 5167)
4(979 981 1015 1007)
4(5167 5175 5141 5139)
4(955 957 981 979)
4(5139 5141 5117 5115)
4(928 937 957 955)
4(5115 5117 5097 5088)
4(889 891 937 928)
4(5088 5097 5051 5049)
4(859 861 891 889)
4(5049 5051 5021 5019)
4(825 837 861 859)
4(5019 5021 4997 4985)
4(797 799 837 825)
4(4985 4997 4959 4957)
4(775 777 799 797)
4(4957 4959 4937 4935)
4(754 739 777 775)
4(4935 4937 4899 4914)
4(727 723 739 754)
4(4914 4899 4883 4887)
4(705 695 723 727)
4(4887 4883 4855 4865)
4(678 667 695 705)
4(4865 4855 4827 4838)
4(651 647 667 678)
4(4838 4827 4807 4811)
4(623 615 647 651)
4(4811 4807 4775 4783)
4(593 579 615 623)
4(4783 4775 4739 4753)
4(555 553 579 593)
4(4753 4739 4713 4715)
4(525 517 553 555)
4(4715 4713 4677 4685)
4(494 483 517 525)
4(4685 4677 4643 4654)
4(461 455 483 494)
4(4654 4643 4615 4621)
4(425 413 455 461)
4(4621 4615 4573 4585)
4(382 363 413 425)
4(4585 4573 4523 4542)
4(326 313 363 382)
4(4542 4523 4473 4486)
4(263 237 313 326)
4(4486 4473 4397 4423)
4(199 175 237 263)
4(4423 4397 4335 4359)
9(153 122 137 152 155 161 171 175 199)
9(4359 4335 4331 4321 4315 4312 4297 4282 4313)
7(236 230 224 172 166 168 174)
7(4334 4328 4326 4332 4384 4390 4396)
4(312 272 230 236)
4(4396 4390 4432 4472)
4(362 352 272 312)
4(4472 4432 4512 4522)
4(412 406 352 362)
4(4522 4512 4566 4572)
4(454 432 406 412)
4(4572 4566 4592 4614)
4(482 474 432 454)
4(4614 4592 4634 4642)
4(516 510 474 482)
4(4642 4634 4670 4676)
4(552 532 510 516)
4(4676 4670 4692 4712)
4(578 570 532 552)
4(4712 4692 4730 4738)
4(614 608 570 578)
4(4738 4730 4768 4774)
4(646 630 608 614)
4(4774 4768 4790 4806)
4(666 662 630 646)
4(4806 4790 4822 4826)
4(694 690 662 666)
4(4826 4822 4850 4854)
4(722 708 690 694)
4(4854 4850 4868 4882)
7(738 736 734 724 715 708 722)
7(4882 4868 4875 4884 4894 4896 4898)
6(776 778 770 752 736 738)
6(4898 4896 4912 4930 4938 4936)
4(798 800 778 776)
4(4936 4938 4960 4958)
4(836 838 800 798)
4(4958 4960 4998 4996)
4(860 862 838 836)
4(4996 4998 5022 5020)
4(890 892 862 860)
4(5020 5022 5052 5050)
4(936 938 892 890)
4(5050 5052 5098 5096)
4(956 958 938 936)
4(5096 5098 5118 5116)
4(980 982 958 956)
4(5116 5118 5142 5140)
4(1014 1016 982 980)
4(5140 5142 5176 5174)
4(1036 1038 1016 1014)
4(5174 5176 5198 5196)
4(1060 1062 1038 1036)
4(5196 5198 5222 5220)
4(1104 1106 1062 1060)
4(5220 5222 5266 5264)
4(1124 1126 1106 1104)
4(5264 5266 5286 5284)
4(1148 1150 1126 1124)
4(5284 5286 5310 5308)
4(1182 1184 1150 1148)
4(5308 5310 5344 5342)
4(1204 1206 1184 1182)
4(5342 5344 5366 5364)
4(1230 1232 1206 1204)
4(5364 5366 5392 5390)
4(1270 1272 1232 1230)
4(5390 5392 5432 5430)
4(1294 1296 1272 1270)
4(5430 5432 5456 5454)
4(1322 1324 1296 1294)
4(5454 5456 5484 5482)
4(1356 1358 1324 1322)
4(5482 5484 5518 5516)
4(1376 1378 1358 1356)
4(5516 5518 5538 5536)
4(1400 1402 1378 1376)
4(5536 5538 5562 5560)
4(1444 1446 1402 1400)
4(5560 5562 5606 5604)
4(1466 1468 1446 1444)
4(5604 5606 5628 5626)
4(1490 1492 1468 1466)
4(5626 5628 5652 5650)
4(1526 1528 1492 1490)
4(5650 5652 5688 5686)
4(1546 1548 1528 1526)
4(5686 5688 5708 5706)
4(1570 1572 1548 1546)
4(5706 5708 5732 5730)
4(1604 1606 1572 1570)
4(5730 5732 5766 5764)
4(1626 1628 1606 1604)
4(5764 5766 5788 5786)
4(1652 1654 1628 1626)
4(5786 5788 5814 5812)
4(1686 1688 1654 1652)
4(5812 5814 5848 5846)
4(1710 1712 1688 1686)
4(5846 5848 5872 5870)
4(1738 1740 1712 1710)
4(5870 5872 5900 5898)
4(1778 1780 1740 1738)
4(5898 5900 5940 5938)
4(1800 1802 1780 1778)
4(5938 5940 5962 5960)
4(1824 1826 1802 1800)
4(5960 5962 5986 5984)
4(1862 1864 1826 1824)
4(5984 5986 6024 6022)
4(1882 1884 1864 1862)
4(6022 6024 6044 6042)
4(1906 1908 1884 1882)
4(6042 6044 6068 6066)
4(1944 1946 1908 1906)
4(6066 6068 6106 6104)
4(1966 1968 1946 1944)
4(6104 6106 6128 6126)
4(1994 1996 1968 1966)
4(6126 6128 6156 6154)
4(2028 2030 1996 1994)
4(6154 6156 6190 6188)
4(2050 2052 2030 2028)
4(6188 6190 6212 6210)
4(2074 2076 2052 2050)
4(6210 6212 6236 6234)
4(2118 2120 2076 2074)
4(6234 6236 6280 6278)
4(2142 2144 2120 2118)
4(6278 6280 6304 6302)
4(2168 2170 2144 2142)
4(6302 6304 6330 6328)
4(2200 2202 2170 2168)
4(6328 6330 6362 6360)
4(2222 2224 2202 2200)
4(6360 6362 6384 6382)
4(2248 2250 2224 2222)
4(6382 6384 6410 6408)
4(2290 2292 2250 2248)
4(6408 6410 6452 6450)
4(2310 2312 2292 2290)
4(6450 6452 6472 6470)
4(2332 2334 2312 2310)
4(6470 6472 6494 6492)
4(2366 2368 2334 2332)
4(6492 6494 6528 6526)
4(2388 2390 2368 2366)
4(6526 6528 6550 6548)
4(2414 2416 2390 2388)
4(6548 6550 6576 6574)
4(2454 2456 2416 2414)
4(6574 6576 6616 6614)
4(2476 2478 2456 2454)
4(6614 6616 6638 6636)
4(2502 2504 2478 2476)
4(6636 6638 6664 6662)
4(2538 2540 2504 2502)
4(6662 6664 6700 6698)
4(2562 2564 2540 2538)
4(6698 6700 6724 6722)
4(2590 2592 2564 2562)
4(6722 6724 6752 6750)
4(2610 2612 2592 2590)
4(6750 6752 6772 6770)
4(2646 2648 2612 2610)
4(6770 6772 6808 6806)
4(2668 2670 2648 2646)
4(6806 6808 6830 6828)
4(2694 2696 2670 2668)
4(6828 6830 6856 6854)
4(2714 2716 2696 2694)
4(6854 6856 6876 6874)
4(2740 2748 2716 2714)
4(6874 6876 6908 6900)
4(2762 2774 2748 2740)
4(6900 6908 6934 6922)
4(2794 2796 2774 2762)
4(6922 6934 6956 6954)
4(2836 2838 2796 2794)
4(6954 6956 6998 6996)
4(2856 2858 2838 2836)
4(6996 6998 7018 7016)
4(2880 2882 2858 2856)
4(7016 7018 7042 7040)
4(2902 2904 2882 2880)
4(7040 7042 7064 7062)
4(2930 2932 2904 2902)
4(7062 7064 7092 7090)
4(2954 2956 2932 2930)
4(7090 7092 7116 7114)
4(2980 2982 2956 2954)
4(7114 7116 7142 7140)
4(3000 3002 2982 2980)
4(7140 7142 7162 7160)
4(3032 3034 3002 3000)
4(7160 7162 7194 7192)
4(3054 3056 3034 3032)
4(7192 7194 7216 7214)
4(3082 3084 3056 3054)
4(7214 7216 7244 7242)
4(3102 3104 3084 3082)
4(7242 7244 7264 7262)
4(3132 3140 3104 3102)
4(7262 7264 7300 7292)
4(3154 3164 3140 3132)
4(7292 7300 7324 7314)
4(3184 3186 3164 3154)
4(7314 7324 7346 7344)
4(3220 3222 3186 3184)
4(7344 7346 7382 7380)
4(3240 3242 3222 3220)
4(7380 7382 7402 7400)
4(3266 3268 3242 3240)
4(7400 7402 7428 7426)
4(3288 3290 3268 3266)
4(7426 7428 7450 7448)
4(3316 3318 3290 3288)
4(7448 7450 7478 7476)
4(3340 3342 3318 3316)
4(7476 7478 7502 7500)
4(3368 3370 3342 3340)
4(7500 7502 7530 7528)
4(3388 3390 3370 3368)
4(7528 7530 7550 7548)
4(3422 3424 3390 3388)
4(7548 7550 7584 7582)
4(3444 3446 3424 3422)
4(7582 7584 7606 7604)
4(3468 3470 3446 3444)
4(7604 7606 7630 7628)
4(3492 3494 3470 3468)
4(7628 7630 7654 7652)
4(3522 3524 3494 3492)
4(7652 7654 7684 7682)
4(3542 3554 3524 3522)
4(7682 7684 7714 7702)
4(3574 3576 3554 3542)
4(7702 7714 7736 7734)
4(3614 3616 3576 3574)
4(7734 7736 7776 7774)
4(3638 3640 3616 3614)
4(7774 7776 7800 7798)
4(3666 3668 3640 3638)
4(7798 7800 7828 7826)
4(3686 3688 3668 3666)
4(7826 7828 7848 7846)
4(3718 3720 3688 3686)
4(7846 7848 7880 7878)
4(3740 3742 3720 3718)
4(7878 7880 7902 7900)
4(3764 3766 3742 3740)
4(7900 7902 7926 7924)
4(3788 3790 3766 3764)
4(7924 7926 7950 7948)
4(3824 3826 3790 3788)
4(7948 7950 7986 7984)
4(3854 3856 3826 3824)
4(7984 7986 8016 8014)
4(3888 3890 3856 3854)
4(8014 8016 8050 8048)
4(3936 3938 3890 3888)
4(8048 8050 8098 8096)
4(3968 3976 3938 3936)
4(8096 8098 8136 8128)
4(4016 4018 3976 3968)
4(8128 8136 8178 8176)
7(4046 4048 4050 4037 4027 4018 4016)
7(8176 8178 8187 8197 8210 8208 8206)
7(4017 4019 4028 4038 4051 4049 4047)
7(8207 8209 8211 8198 8188 8179 8177)
4(3969 3977 4019 4017)
4(8177 8179 8137 8129)
4(3937 3939 3977 3969)
4(8129 8137 8099 8097)
4(3889 3891 3939 3937)
4(8097 8099 8051 8049)
4(3855 3857 3891 3889)
4(8049 8051 8017 8015)
4(3825 3827 3857 3855)
4(8015 8017 7987 7985)
4(3789 3791 3827 3825)
4(7985 7987 7951 7949)
4(3765 3767 3791 3789)
4(7949 7951 7927 7925)
4(3741 3743 3767 3765)
4(7925 7927 7903 7901)
4(3719 3721 3743 3741)
4(7901 7903 7881 7879)
4(3687 3689 3721 3719)
4(7879 7881 7849 7847)
4(3667 3669 3689 3687)
4(7847 7849 7829 7827)
4(3639 3641 3669 3667)
4(7827 7829 7801 7799)
4(3615 3617 3641 3639)
4(7799 7801 7777 7775)
4(3575 3577 3617 3615)
4(7775 7777 7737 7735)
4(3543 3555 3577 3575)
4(7735 7737 7715 7703)
4(3523 3525 3555 3543)
4(7703 7715 7685 7683)
4(3493 3495 3525 3523)
4(7683 7685 7655 7653)
4(3469 3471 3495 3493)
4(7653 7655 7631 7629)
4(3445 3447 3471 3469)
4(7629 7631 7607 7605)
4(3423 3425 3447 3445)
4(7605 7607 7585 7583)
4(3389 3391 3425 3423)
4(7583 7585 7551 7549)
4(3369 3371 3391 3389)
4(7549 7551 7531 7529)
4(3341 3343 3371 3369)
4(7529 7531 7503 7501)
4(3317 3319 3343 3341)
4(7501 7503 7479 7477)
4(3289 3291 3319 3317)
4(7477 7479 7451 7449)
4(3267 3269 3291 3289)
4(7449 7451 7429 7427)
4(3241 3243 3269 3267)
4(7427 7429 7403 7401)
4(3221 3223 3243 3241)
4(7401 7403 7383 7381)
4(3185 3187 3223 3221)
4(7381 7383 7347 7345)
4(3155 3165 3187 3185)
4(7345 7347 7325 7315)
4(3133 3141 3165 3155)
4(7315 7325 7301 7293)
4(3103 3105 3141 3133)
4(7293 7301 7265 7263)
4(3083 3085 3105 3103)
4(7263 7265 7245 7243)
4(3055 3057 3085 3083)
4(7243 7245 7217 7215)
4(3033 3035 3057 3055)
4(7215 7217 7195 7193)
4(3001 3003 3035 3033)
4(7193 7195 7163 7161)
4(2981 2983 3003 3001)
4(7161 7163 7143 7141)
4(2955 2957 2983 2981)
4(7141 7143 7117 7115)
4(2931 2933 2957 2955)
4(7115 7117 7093 7091)
4(2903 2905 2933 2931)
4(7091 7093 7065 7063)
4(2881 2883 2905 2903)
4(7063 7065 7043 7041)
4(2857 2859 2883 2881)
4(7041 7043 7019 7017)
4(2837 2839 2859 2857)
4(7017 7019 6999 6997)
4(2795 2797 2839 2837)
4(6997 6999 6957 6955)
4(2763 2775 2797 2795)
4(6955 6957 6935 6923)
4(2741 2749 2775 2763)
4(6923 6935 6909 6901)
4(2715 2717 2749 2741)
4(6901 6909 6877 6875)
4(2695 2697 2717 2715)
4(6875 6877 6857 6855)
4(2669 2671 2697 2695)
4(6855 6857 6831 6829)
4(2647 2649 2671 2669)
4(6829 6831 6809 6807)
4(2611 2613 2649 2647)
4(6807 6809 6773 6771)
4(2591 2593 2613 2611)
4(6771 6773 6753 6751)
4(2563 2565 2593 2591)
4(6751 6753 6725 6723)
4(2539 2541 2565 2563)
4(6723 6725 6701 6699)
4(2503 2505 2541 2539)
4(6699 6701 6665 6663)
4(2477 2479 2505 2503)
4(6663 6665 6639 6637)
4(2455 2457 2479 2477)
4(6637 6639 6617 6615)
4(2415 2417 2457 2455)
4(6615 6617 6577 6575)
4(2389 2391 2417 2415)
4(6575 6577 6551 6549)
4(2367 2369 2391 2389)
4(6549 6551 6529 6527)
4(2333 2335 2369 2367)
4(6527 6529 6495 6493)
4(2311 2313 2335 2333)
4(6493 6495 6473 6471)
4(2291 2293 2313 2311)
4(6471 6473 6453 6451)
4(2249 2251 2293 2291)
4(6451 6453 6411 6409)
4(2223 2225 2251 2249)
4(6409 6411 6385 6383)
4(2201 2203 2225 2223)
4(6383 6385 6363 6361)
4(2169 2171 2203 2201)
4(6361 6363 6331 6329)
4(2143 2145 2171 2169)
4(6329 6331 6305 6303)
4(2119 2121 2145 2143)
4(6303 6305 6281 6279)
4(2075 2077 2121 2119)
4(6279 6281 6237 6235)
4(2051 2053 2077 2075)
4(6235 6237 6213 6211)
4(2029 2031 2053 2051)
4(6211 6213 6191 6189)
4(1995 1997 2031 2029)
4(6189 6191 6157 6155)
4(1967 1969 1997 1995)
4(6155 6157 6129 6127)
4(1945 1947 1969 1967)
4(6127 6129 6107 6105)
4(1907 1909 1947 1945)
4(6105 6107 6069 6067)
4(1883 1885 1909 1907)
4(6067 6069 6045 6043)
4(1863 1865 1885 1883)
4(6043 6045 6025 6023)
4(1825 1827 1865 1863)
4(6023 6025 5987 5985)
4(1801 1803 1827 1825)
4(5985 5987 5963 5961)
4(1779 1781 1803 1801)
4(5961 5963 5941 5939)
4(1739 1741 1781 1779)
4(5939 5941 5901 5899)
4(1711 1713 1741 1739)
4(5899 5901 5873 5871)
4(1687 1689 1713 1711)
4(5871 5873 5849 5847)
4(1653 1655 1689 1687)
4(5847 5849 5815 5813)
4(1627 1629 1655 1653)
4(5813 5815 5789 5787)
4(1605 1607 1629 1627)
4(5787 5789 5767 5765)
4(1571 1573 1607 1605)
4(5765 5767 5733 5731)
4(1547 1549 1573 1571)
4(5731 5733 5709 5707)
4(1527 1529 1549 1547)
4(5707 5709 5689 5687)
4(1491 1493 1529 1527)
4(5687 5689 5653 5651)
4(1467 1469 1493 1491)
4(5651 5653 5629 5627)
4(1445 1447 1469 1467)
4(5627 5629 5607 5605)
4(1401 1403 1447 1445)
4(5605 5607 5563 5561)
4(1377 1379 1403 1401)
4(5561 5563 5539 5537)
4(1357 1359 1379 1377)
4(5537 5539 5519 5517)
4(1323 1325 1359 1357)
4(5517 5519 5485 5483)
4(1295 1297 1325 1323)
4(5483 5485 5457 5455)
4(1271 1273 1297 1295)
4(5455 5457 5433 5431)
4(1231 1233 1273 1271)
4(5431 5433 5393 5391)
4(1205 1207 1233 1231)
4(5391 5393 5367 5365)
4(1183 1185 1207 1205)
4(5365 5367 5345 5343)
4(1149 1151 1185 1183)
4(5343 5345 5311 5309)
4(1125 1127 1151 1149)
4(5309 5311 5287 5285)
4(1105 1107 1127 1125)
4(5285 5287 5267 5265)
4(1061 1063 1107 1105)
4(5265 5267 5223 5221)
4(1037 1039 1063 1061)
4(5221 5223 5199 5197)
4(1015 1017 1039 1037)
4(5197 5199 5177 5175)
4(981 983 1017 1015)
4(5175 5177 5143 5141)
4(957 959 983 981)
4(5141 5143 5119 5117)
4(937 939 959 957)
4(5117 5119 5099 5097)
4(891 893 939 937)
4(5097 5099 5053 5051)
4(861 863 893 891)
4(5051 5053 5023 5021)
4(837 839 863 861)
4(5021 5023 4999 4997)
4(799 801 839 837)
4(4997 4999 4961 4959)
4(777 779 801 799)
4(4959 4961 4939 4937)
6(739 737 755 771 779 777)
6(4937 4939 4931 4915 4897 4899)
7(723 709 716 725 735 737 739)
7(4899 4897 4895 4885 4876 4869 4883)
4(695 691 709 723)
4(4883 4869 4851 4855)
4(667 663 691 695)
4(4855 4851 4823 4827)
4(647 631 663 667)
4(4827 4823 4791 4807)
4(615 609 631 647)
4(4807 4791 4769 4775)
4(579 571 609 615)
4(4775 4769 4731 4739)
4(553 533 571 579)
4(4739 4731 4693 4713)
4(517 511 533 553)
4(4713 4693 4671 4677)
4(483 475 511 517)
4(4677 4671 4635 4643)
4(455 433 475 483)
4(4643 4635 4593 4615)
4(413 407 433 455)
4(4615 4593 4567 4573)
4(363 353 407 413)
4(4573 4567 4513 4523)
4(313 273 353 363)
4(4523 4513 4433 4473)
4(237 231 273 313)
4(4473 4433 4391 4397)
7(175 169 167 173 225 231 237)
7(4397 4391 4385 4333 4327 4329 4335)
8(272 264 258 232 226 222 228 230)
8(4390 4388 4382 4386 4392 4418 4424 4432)
4(352 328 264 272)
4(4432 4424 4488 4512)
4(406 400 328 352)
4(4512 4488 4560 4566)
4(432 426 400 406)
4(4566 4560 4586 4592)
4(474 462 426 432)
4(4592 4586 4622 4634)
4(510 504 462 474)
4(4634 4622 4664 4670)
4(532 526 504 510)
4(4670 4664 4686 4692)
4(570 556 526 532)
4(4692 4686 4716 4730)
4(608 604 556 570)
4(4730 4716 4764 4768)
4(630 624 604 608)
4(4768 4764 4784 4790)
4(662 652 624 630)
4(4790 4784 4812 4822)
4(690 688 652 662)
4(4822 4812 4848 4850)
6(708 706 702 692 688 690)
6(4850 4848 4852 4862 4866 4868)
6(800 802 789 782 780 778)
6(4938 4940 4942 4949 4962 4960)
4(838 840 802 800)
4(4960 4962 5000 4998)
4(862 864 840 838)
4(4998 5000 5024 5022)
4(892 894 864 862)
4(5022 5024 5054 5052)
4(938 940 894 892)
4(5052 5054 5100 5098)
4(958 960 940 938)
4(5098 5100 5120 5118)
4(982 984 960 958)
4(5118 5120 5144 5142)
4(1016 1018 984 982)
4(5142 5144 5178 5176)
4(1038 1040 1018 1016)
4(5176 5178 5200 5198)
4(1062 1064 1040 1038)
4(5198 5200 5224 5222)
4(1106 1108 1064 1062)
4(5222 5224 5268 5266)
4(1126 1128 1108 1106)
4(5266 5268 5288 5286)
4(1150 1152 1128 1126)
4(5286 5288 5312 5310)
4(1184 1186 1152 1150)
4(5310 5312 5346 5344)
4(1206 1208 1186 1184)
4(5344 5346 5368 5366)
4(1232 1234 1208 1206)
4(5366 5368 5394 5392)
4(1272 1274 1234 1232)
4(5392 5394 5434 5432)
4(1296 1298 1274 1272)
4(5432 5434 5458 5456)
4(1324 1326 1298 1296)
4(5456 5458 5486 5484)
4(1358 1360 1326 1324)
4(5484 5486 5520 5518)
4(1378 1380 1360 1358)
4(5518 5520 5540 5538)
4(1402 1404 1380 1378)
4(5538 5540 5564 5562)
4(1446 1448 1404 1402)
4(5562 5564 5608 5606)
4(1468 1470 1448 1446)
4(5606 5608 5630 5628)
4(1492 1494 1470 1468)
4(5628 5630 5654 5652)
4(1528 1530 1494 1492)
4(5652 5654 5690 5688)
4(1548 1550 1530 1528)
4(5688 5690 5710 5708)
4(1572 1574 1550 1548)
4(5708 5710 5734 5732)
4(1606 1608 1574 1572)
4(5732 5734 5768 5766)
4(1628 1630 1608 1606)
4(5766 5768 5790 5788)
4(1654 1656 1630 1628)
4(5788 5790 5816 5814)
4(1688 1690 1656 1654)
4(5814 5816 5850 5848)
4(1712 1714 1690 1688)
4(5848 5850 5874 5872)
4(1740 1742 1714 1712)
4(5872 5874 5902 5900)
4(1780 1782 1742 1740)
4(5900 5902 5942 5940)
4(1802 1804 1782 1780)
4(5940 5942 5964 5962)
4(1826 1828 1804 1802)
4(5962 5964 5988 5986)
4(1864 1866 1828 1826)
4(5986 5988 6026 6024)
4(1884 1886 1866 1864)
4(6024 6026 6046 6044)
4(1908 1910 1886 1884)
4(6044 6046 6070 6068)
4(1946 1948 1910 1908)
4(6068 6070 6108 6106)
4(1968 1970 1948 1946)
4(6106 6108 6130 6128)
4(1996 1998 1970 1968)
4(6128 6130 6158 6156)
4(2030 2032 1998 1996)
4(6156 6158 6192 6190)
4(2052 2054 2032 2030)
4(6190 6192 6214 6212)
4(2076 2078 2054 2052)
4(6212 6214 6238 6236)
4(2120 2122 2078 2076)
4(6236 6238 6282 6280)
4(2144 2146 2122 2120)
4(6280 6282 6306 6304)
4(2170 2172 2146 2144)
4(6304 6306 6332 6330)
4(2202 2204 2172 2170)
4(6330 6332 6364 6362)
4(2224 2226 2204 2202)
4(6362 6364 6386 6384)
4(2250 2252 2226 2224)
4(6384 6386 6412 6410)
4(2292 2294 2252 2250)
4(6410 6412 6454 6452)
4(2312 2314 2294 2292)
4(6452 6454 6474 6472)
4(2334 2336 2314 2312)
4(6472 6474 6496 6494)
4(2368 2370 2336 2334)
4(6494 6496 6530 6528)
4(2390 2392 2370 2368)
4(6528 6530 6552 6550)
4(2416 2418 2392 2390)
4(6550 6552 6578 6576)
4(2456 2458 2418 2416)
4(6576 6578 6618 6616)
4(2478 2480 2458 2456)
4(6616 6618 6640 6638)
4(2504 2506 2480 2478)
4(6638 6640 6666 6664)
4(2540 2542 2506 2504)
4(6664 6666 6702 6700)
4(2564 2566 2542 2540)
4(6700 6702 6726 6724)
4(2592 2594 2566 2564)
4(6724 6726 6754 6752)
4(2612 2614 2594 2592)
4(6752 6754 6774 6772)
4(2648 2650 2614 2612)
4(6772 6774 6810 6808)
4(2670 2672 2650 2648)
4(6808 6810 6832 6830)
4(2696 2698 2672 2670)
4(6830 6832 6858 6856)
4(2716 2728 2698 2696)
4(6856 6858 6888 6876)
4(2748 2750 2728 2716)
4(6876 6888 6910 6908)
4(2774 2776 2750 2748)
4(6908 6910 6936 6934)
4(2796 2798 2776 2774)
4(6934 6936 6958 6956)
4(2838 2840 2798 2796)
4(6956 6958 7000 6998)
4(2858 2860 2840 2838)
4(6998 7000 7020 7018)
4(2882 2884 2860 2858)
4(7018 7020 7044 7042)
4(2904 2906 2884 2882)
4(7042 7044 7066 7064)
4(2932 2934 2906 2904)
4(7064 7066 7094 7092)
4(2956 2958 2934 2932)
4(7092 7094 7118 7116)
4(2982 2984 2958 2956)
4(7116 7118 7144 7142)
4(3002 3004 2984 2982)
4(7142 7144 7164 7162)
4(3034 3036 3004 3002)
4(7162 7164 7196 7194)
4(3056 3058 3036 3034)
4(7194 7196 7218 7216)
4(3084 3086 3058 3056)
4(7216 7218 7246 7244)
4(3104 3120 3086 3084)
4(7244 7246 7280 7264)
4(3140 3142 3120 3104)
4(7264 7280 7302 7300)
4(3164 3166 3142 3140)
4(7300 7302 7326 7324)
4(3186 3188 3166 3164)
4(7324 7326 7348 7346)
4(3222 3224 3188 3186)
4(7346 7348 7384 7382)
4(3242 3244 3224 3222)
4(7382 7384 7404 7402)
4(3268 3270 3244 3242)
4(7402 7404 7430 7428)
4(3290 3292 3270 3268)
4(7428 7430 7452 7450)
4(3318 3320 3292 3290)
4(7450 7452 7480 7478)
4(3342 3344 3320 3318)
4(7478 7480 7504 7502)
4(3370 3372 3344 3342)
4(7502 7504 7532 7530)
4(3390 3392 3372 3370)
4(7530 7532 7552 7550)
4(3424 3426 3392 3390)
4(7550 7552 7586 7584)
4(3446 3448 3426 3424)
4(7584 7586 7608 7606)
4(3470 3472 3448 3446)
4(7606 7608 7632 7630)
4(3494 3510 3472 3470)
4(7630 7632 7670 7654)
4(3524 3530 3510 3494)
4(7654 7670 7690 7684)
4(3554 3556 3530 3524)
4(7684 7690 7716 7714)
4(3576 3578 3556 3554)
4(7714 7716 7738 7736)
4(3616 3618 3578 3576)
4(7736 7738 7778 7776)
4(3640 3642 3618 3616)
4(7776 7778 7802 7800)
4(3668 3670 3642 3640)
4(7800 7802 7830 7828)
4(3688 3690 3670 3668)
4(7828 7830 7850 7848)
4(3720 3722 3690 3688)
4(7848 7850 7882 7880)
4(3742 3744 3722 3720)
4(7880 7882 7904 7902)
4(3766 3768 3744 3742)
4(7902 7904 7928 7926)
4(3790 3792 3768 3766)
4(7926 7928 7952 7950)
4(3826 3828 3792 3790)
4(7950 7952 7988 7986)
4(3856 3858 3828 3826)
4(7986 7988 8018 8016)
4(3890 3892 3858 3856)
4(8016 8018 8052 8050)
4(3938 3940 3892 3890)
4(8050 8052 8100 8098)
4(3976 3978 3940 3938)
4(8098 8100 8138 8136)
6(4018 4020 4022 3998 3978 3976)
6(8136 8138 8158 8182 8180 8178)
6(3977 3979 3999 4023 4021 4019)
6(8179 8181 8183 8159 8139 8137)
4(3939 3941 3979 3977)
4(8137 8139 8101 8099)
4(3891 3893 3941 3939)
4(8099 8101 8053 8051)
4(3857 3859 3893 3891)
4(8051 8053 8019 8017)
4(3827 3829 3859 3857)
4(8017 8019 7989 7987)
4(3791 3793 3829 3827)
4(7987 7989 7953 7951)
4(3767 3769 3793 3791)
4(7951 7953 7929 7927)
4(3743 3745 3769 3767)
4(7927 7929 7905 7903)
4(3721 3723 3745 3743)
4(7903 7905 7883 7881)
4(3689 3691 3723 3721)
4(7881 7883 7851 7849)
4(3669 3671 3691 3689)
4(7849 7851 7831 7829)
4(3641 3643 3671 3669)
4(7829 7831 7803 7801)
4(3617 3619 3643 3641)
4(7801 7803 7779 7777)
4(3577 3579 3619 3617)
4(7777 7779 7739 7737)
4(3555 3557 3579 3577)
4(7737 7739 7717 7715)
4(3525 3531 3557 3555)
4(7715 7717 7691 7685)
4(3495 3511 3531 3525)
4(7685 7691 7671 7655)
4(3471 3473 3511 3495)
4(7655 7671 7633 7631)
4(3447 3449 3473 3471)
4(7631 7633 7609 7607)
4(3425 3427 3449 3447)
4(7607 7609 7587 7585)
4(3391 3393 3427 3425)
4(7585 7587 7553 7551)
4(3371 3373 3393 3391)
4(7551 7553 7533 7531)
4(3343 3345 3373 3371)
4(7531 7533 7505 7503)
4(3319 3321 3345 3343)
4(7503 7505 7481 7479)
4(3291 3293 3321 3319)
4(7479 7481 7453 7451)
4(3269 3271 3293 3291)
4(7451 7453 7431 7429)
4(3243 3245 3271 3269)
4(7429 7431 7405 7403)
4(3223 3225 3245 3243)
4(7403 7405 7385 7383)
4(3187 3189 3225 3223)
4(7383 7385 7349 7347)
4(3165 3167 3189 3187)
4(7347 7349 7327 7325)
4(3141 3143 3167 3165)
4(7325 7327 7303 7301)
4(3105 3121 3143 3141)
4(7301 7303 7281 7265)
4(3085 3087 3121 3105)
4(7265 7281 7247 7245)
4(3057 3059 3087 3085)
4(7245 7247 7219 7217)
4(3035 3037 3059 3057)
4(7217 7219 7197 7195)
4(3003 3005 3037 3035)
4(7195 7197 7165 7163)
4(2983 2985 3005 3003)
4(7163 7165 7145 7143)
4(2957 2959 2985 2983)
4(7143 7145 7119 7117)
4(2933 2935 2959 2957)
4(7117 7119 7095 7093)
4(2905 2907 2935 2933)
4(7093 7095 7067 7065)
4(2883 2885 2907 2905)
4(7065 7067 7045 7043)
4(2859 2861 2885 2883)
4(7043 7045 7021 7019)
4(2839 2841 2861 2859)
4(7019 7021 7001 6999)
4(2797 2799 2841 2839)
4(6999 7001 6959 6957)
4(2775 2777 2799 2797)
4(6957 6959 6937 6935)
4(2749 2751 2777 2775)
4(6935 6937 6911 6909)
4(2717 2729 2751 2749)
4(6909 6911 6889 6877)
4(2697 2699 2729 2717)
4(6877 6889 6859 6857)
4(2671 2673 2699 2697)
4(6857 6859 6833 6831)
4(2649 2651 2673 2671)
4(6831 6833 6811 6809)
4(2613 2615 2651 2649)
4(6809 6811 6775 6773)
4(2593 2595 2615 2613)
4(6773 6775 6755 6753)
4(2565 2567 2595 2593)
4(6753 6755 6727 6725)
4(2541 2543 2567 2565)
4(6725 6727 6703 6701)
4(2505 2507 2543 2541)
4(6701 6703 6667 6665)
4(2479 2481 2507 2505)
4(6665 6667 6641 6639)
4(2457 2459 2481 2479)
4(6639 6641 6619 6617)
4(2417 2419 2459 2457)
4(6617 6619 6579 6577)
4(2391 2393 2419 2417)
4(6577 6579 6553 6551)
4(2369 2371 2393 2391)
4(6551 6553 6531 6529)
4(2335 2337 2371 2369)
4(6529 6531 6497 6495)
4(2313 2315 2337 2335)
4(6495 6497 6475 6473)
4(2293 2295 2315 2313)
4(6473 6475 6455 6453)
4(2251 2253 2295 2293)
4(6453 6455 6413 6411)
4(2225 2227 2253 2251)
4(6411 6413 6387 6385)
4(2203 2205 2227 2225)
4(6385 6387 6365 6363)
4(2171 2173 2205 2203)
4(6363 6365 6333 6331)
4(2145 2147 2173 2171)
4(6331 6333 6307 6305)
4(2121 2123 2147 2145)
4(6305 6307 6283 6281)
4(2077 2079 2123 2121)
4(6281 6283 6239 6237)
4(2053 2055 2079 2077)
4(6237 6239 6215 6213)
4(2031 2033 2055 2053)
4(6213 6215 6193 6191)
4(1997 1999 2033 2031)
4(6191 6193 6159 6157)
4(1969 1971 1999 1997)
4(6157 6159 6131 6129)
4(1947 1949 1971 1969)
4(6129 6131 6109 6107)
4(1909 1911 1949 1947)
4(6107 6109 6071 6069)
4(1885 1887 1911 1909)
4(6069 6071 6047 6045)
4(1865 1867 1887 1885)
4(6045 6047 6027 6025)
4(1827 1829 1867 1865)
4(6025 6027 5989 5987)
4(1803 1805 1829 1827)
4(5987 5989 5965 5963)
4(1781 1783 1805 1803)
4(5963 5965 5943 5941)
4(1741 1743 1783 1781)
4(5941 5943 5903 5901)
4(1713 1715 1743 1741)
4(5901 5903 5875 5873)
4(1689 1691 1715 1713)
4(5873 5875 5851 5849)
4(1655 1657 1691 1689)
4(5849 5851 5817 5815)
4(1629 1631 1657 1655)
4(5815 5817 5791 5789)
4(1607 1609 1631 1629)
4(5789 5791 5769 5767)
4(1573 1575 1609 1607)
4(5767 5769 5735 5733)
4(1549 1551 1575 1573)
4(5733 5735 5711 5709)
4(1529 1531 1551 1549)
4(5709 5711 5691 5689)
4(1493 1495 1531 1529)
4(5689 5691 5655 5653)
4(1469 1471 1495 1493)
4(5653 5655 5631 5629)
4(1447 1449 1471 1469)
4(5629 5631 5609 5607)
4(1403 1405 1449 1447)
4(5607 5609 5565 5563)
4(1379 1381 1405 1403)
4(5563 5565 5541 5539)
4(1359 1361 1381 1379)
4(5539 5541 5521 5519)
4(1325 1327 1361 1359)
4(5519 5521 5487 5485)
4(1297 1299 1327 1325)
4(5485 5487 5459 5457)
4(1273 1275 1299 1297)
4(5457 5459 5435 5433)
4(1233 1235 1275 1273)
4(5433 5435 5395 5393)
4(1207 1209 1235 1233)
4(5393 5395 5369 5367)
4(1185 1187 1209 1207)
4(5367 5369 5347 5345)
4(1151 1153 1187 1185)
4(5345 5347 5313 5311)
4(1127 1129 1153 1151)
4(5311 5313 5289 5287)
4(1107 1109 1129 1127)
4(5287 5289 5269 5267)
4(1063 1065 1109 1107)
4(5267 5269 5225 5223)
4(1039 1041 1065 1063)
4(5223 5225 5201 5199)
4(1017 1019 1041 1039)
4(5199 5201 5179 5177)
4(983 985 1019 1017)
4(5177 5179 5145 5143)
4(959 961 985 983)
4(5143 5145 5121 5119)
4(939 941 961 959)
4(5119 5121 5101 5099)
4(893 895 941 939)
4(5099 5101 5055 5053)
4(863 865 895 893)
4(5053 5055 5025 5023)
4(839 841 865 863)
4(5023 5025 5001 4999)
4(801 803 841 839)
4(4999 5001 4963 4961)
6(779 781 783 790 803 801)
6(4961 4963 4950 4943 4941 4939)
6(691 689 693 703 707 709)
6(4869 4867 4863 4853 4849 4851)
4(663 653 689 691)
4(4851 4849 4813 4823)
4(631 625 653 663)
4(4823 4813 4785 4791)
4(609 605 625 631)
4(4791 4785 4765 4769)
4(571 557 605 609)
4(4769 4765 4717 4731)
4(533 527 557 571)
4(4731 4717 4687 4693)
4(511 505 527 533)
4(4693 4687 4665 4671)
4(475 463 505 511)
4(4671 4665 4623 4635)
4(433 427 463 475)
4(4635 4623 4587 4593)
4(407 401 427 433)
4(4593 4587 4561 4567)
4(353 329 401 407)
4(4567 4561 4489 4513)
4(273 265 329 353)
4(4513 4489 4425 4433)
8(231 229 223 227 233 259 265 273)
8(4433 4425 4419 4393 4387 4383 4389 4391)
8(328 310 306 266 256 234 260 264)
8(4424 4420 4394 4416 4426 4466 4470 4488)
4(400 358 310 328)
4(4488 4470 4518 4560)
4(426 410 358 400)
4(4560 4518 4570 4586)
4(462 452 410 426)
4(4586 4570 4612 4622)
4(504 478 452 462)
4(4622 4612 4638 4664)
4(526 514 478 504)
4(4664 4638 4674 4686)
4(556 550 514 526)
4(4686 4674 4710 4716)
4(604 576 550 556)
4(4716 4710 4736 4764)
4(624 610 576 604)
4(4764 4736 4770 4784)
4(652 644 610 624)
4(4784 4770 4804 4812)
7(688 676 664 660 648 644 652)
7(4812 4804 4808 4820 4824 4836 4848)
8(840 842 823 811 808 806 804 802)
8(4962 4964 4966 4968 4971 4983 5002 5000)
4(864 866 842 840)
4(5000 5002 5026 5024)
4(894 896 866 864)
4(5024 5026 5056 5054)
4(940 942 896 894)
4(5054 5056 5102 5100)
4(960 962 942 940)
4(5100 5102 5122 5120)
4(984 986 962 960)
4(5120 5122 5146 5144)
4(1018 1020 986 984)
4(5144 5146 5180 5178)
4(1040 1042 1020 1018)
4(5178 5180 5202 5200)
4(1064 1066 1042 1040)
4(5200 5202 5226 5224)
4(1108 1110 1066 1064)
4(5224 5226 5270 5268)
4(1128 1130 1110 1108)
4(5268 5270 5290 5288)
4(1152 1154 1130 1128)
4(5288 5290 5314 5312)
4(1186 1188 1154 1152)
4(5312 5314 5348 5346)
4(1208 1210 1188 1186)
4(5346 5348 5370 5368)
4(1234 1236 1210 1208)
4(5368 5370 5396 5394)
4(1274 1276 1236 1234)
4(5394 5396 5436 5434)
4(1298 1300 1276 1274)
4(5434 5436 5460 5458)
4(1326 1328 1300 1298)
4(5458 5460 5488 5486)
4(1360 1362 1328 1326)
4(5486 5488 5522 5520)
4(1380 1382 1362 1360)
4(5520 5522 5542 5540)
4(1404 1406 1382 1380)
4(5540 5542 5566 5564)
4(1448 1450 1406 1404)
4(5564 5566 5610 5608)
4(1470 1472 1450 1448)
4(5608 5610 5632 5630)
4(1494 1496 1472 1470)
4(5630 5632 5656 5654)
4(1530 1532 1496 1494)
4(5654 5656 5692 5690)
4(1550 1552 1532 1530)
4(5690 5692 5712 5710)
4(1574 1576 1552 1550)
4(5710 5712 5736 5734)
4(1608 1610 1576 1574)
4(5734 5736 5770 5768)
4(1630 1632 1610 1608)
4(5768 5770 5792 5790)
4(1656 1658 1632 1630)
4(5790 5792 5818 5816)
4(1690 1692 1658 1656)
4(5816 5818 5852 5850)
4(1714 1716 1692 1690)
4(5850 5852 5876 5874)
4(1742 1748 1716 1714)
4(5874 5876 5908 5902)
4(1782 1784 1748 1742)
4(5902 5908 5944 5942)
4(1804 1806 1784 1782)
4(5942 5944 5966 5964)
4(1828 1838 1806 1804)
4(5964 5966 5998 5988)
4(1866 1868 1838 1828)
4(5988 5998 6028 6026)
4(1886 1888 1868 1866)
4(6026 6028 6048 6046)
4(1910 1918 1888 1886)
4(6046 6048 6078 6070)
4(1948 1950 1918 1910)
4(6070 6078 6110 6108)
4(1970 1972 1950 1948)
4(6108 6110 6132 6130)
4(1998 2004 1972 1970)
4(6130 6132 6164 6158)
4(2032 2034 2004 1998)
4(6158 6164 6194 6192)
4(2054 2056 2034 2032)
4(6192 6194 6216 6214)
4(2078 2086 2056 2054)
4(6214 6216 6246 6238)
4(2122 2124 2086 2078)
4(6238 6246 6284 6282)
4(2146 2148 2124 2122)
4(6282 6284 6308 6306)
4(2172 2178 2148 2146)
4(6306 6308 6338 6332)
4(2204 2206 2178 2172)
4(6332 6338 6366 6364)
4(2226 2228 2206 2204)
4(6364 6366 6388 6386)
4(2252 2262 2228 2226)
4(6386 6388 6422 6412)
4(2294 2296 2262 2252)
4(6412 6422 6456 6454)
4(2314 2316 2296 2294)
4(6454 6456 6476 6474)
4(2336 2344 2316 2314)
4(6474 6476 6504 6496)
4(2370 2372 2344 2336)
4(6496 6504 6532 6530)
4(2392 2394 2372 2370)
4(6530 6532 6554 6552)
4(2418 2424 2394 2392)
4(6552 6554 6584 6578)
4(2458 2460 2424 2418)
4(6578 6584 6620 6618)
4(2480 2482 2460 2458)
4(6618 6620 6642 6640)
4(2506 2514 2482 2480)
4(6640 6642 6674 6666)
4(2542 2544 2514 2506)
4(6666 6674 6704 6702)
4(2566 2568 2544 2542)
4(6702 6704 6728 6726)
4(2594 2596 2568 2566)
4(6726 6728 6756 6754)
4(2614 2616 2596 2594)
4(6754 6756 6776 6774)
4(2650 2658 2616 2614)
4(6774 6776 6818 6810)
4(2672 2684 2658 2650)
4(6810 6818 6844 6832)
4(2698 2704 2684 2672)
4(6832 6844 6864 6858)
4(2728 2730 2704 2698)
4(6858 6864 6890 6888)
4(2750 2752 2730 2728)
4(6888 6890 6912 6910)
4(2776 2778 2752 2750)
4(6910 6912 6938 6936)
4(2798 2800 2778 2776)
4(6936 6938 6960 6958)
4(2840 2842 2800 2798)
4(6958 6960 7002 7000)
4(2860 2862 2842 2840)
4(7000 7002 7022 7020)
4(2884 2886 2862 2860)
4(7020 7022 7046 7044)
4(2906 2908 2886 2884)
4(7044 7046 7068 7066)
4(2934 2936 2908 2906)
4(7066 7068 7096 7094)
4(2958 2960 2936 2934)
4(7094 7096 7120 7118)
4(2984 2986 2960 2958)
4(7118 7120 7146 7144)
4(3004 3006 2986 2984)
4(7144 7146 7166 7164)
4(3036 3044 3006 3004)
4(7164 7166 7204 7196)
4(3058 3072 3044 3036)
4(7196 7204 7232 7218)
4(3086 3092 3072 3058)
4(7218 7232 7252 7246)
4(3120 3122 3092 3086)
4(7246 7252 7282 7280)
4(3142 3144 3122 3120)
4(7280 7282 7304 7302)
4(3166 3168 3144 3142)
4(7302 7304 7328 7326)
4(3188 3190 3168 3166)
4(7326 7328 7350 7348)
4(3224 3226 3190 3188)
4(7348 7350 7386 7384)
4(3244 3246 3226 3224)
4(7384 7386 7406 7404)
4(3270 3272 3246 3244)
4(7404 7406 7432 7430)
4(3292 3294 3272 3270)
4(7430 7432 7454 7452)
4(3320 3322 3294 3292)
4(7452 7454 7482 7480)
4(3344 3346 3322 3320)
4(7480 7482 7506 7504)
4(3372 3374 3346 3344)
4(7504 7506 7534 7532)
4(3392 3394 3374 3372)
4(7532 7534 7554 7552)
4(3426 3428 3394 3392)
4(7552 7554 7588 7586)
4(3448 3458 3428 3426)
4(7586 7588 7618 7608)
4(3472 3482 3458 3448)
4(7608 7618 7642 7632)
4(3510 3512 3482 3472)
4(7632 7642 7672 7670)
4(3530 3532 3512 3510)
4(7670 7672 7692 7690)
4(3556 3558 3532 3530)
4(7690 7692 7718 7716)
4(3578 3580 3558 3556)
4(7716 7718 7740 7738)
4(3618 3620 3580 3578)
4(7738 7740 7780 7778)
4(3642 3644 3620 3618)
4(7778 7780 7804 7802)
4(3670 3672 3644 3642)
4(7802 7804 7832 7830)
4(3690 3692 3672 3670)
4(7830 7832 7852 7850)
4(3722 3724 3692 3690)
4(7850 7852 7884 7882)
4(3744 3746 3724 3722)
4(7882 7884 7906 7904)
4(3768 3770 3746 3744)
4(7904 7906 7930 7928)
4(3792 3794 3770 3768)
4(7928 7930 7954 7952)
4(3828 3830 3794 3792)
4(7952 7954 7990 7988)
4(3858 3860 3830 3828)
4(7988 7990 8020 8018)
4(3892 3912 3860 3858)
4(8018 8020 8072 8052)
4(3940 3942 3912 3892)
4(8052 8072 8102 8100)
7(3978 3980 3982 3972 3956 3942 3940)
7(8100 8102 8116 8132 8142 8140 8138)
7(3941 3943 3957 3973 3983 3981 3979)
7(8139 8141 8143 8133 8117 8103 8101)
4(3893 3913 3943 3941)
4(8101 8103 8073 8053)
4(3859 3861 3913 3893)
4(8053 8073 8021 8019)
4(3829 3831 3861 3859)
4(8019 8021 7991 7989)
4(3793 3795 3831 3829)
4(7989 7991 7955 7953)
4(3769 3771 3795 3793)
4(7953 7955 7931 7929)
4(3745 3747 3771 3769)
4(7929 7931 7907 7905)
4(3723 3725 3747 3745)
4(7905 7907 7885 7883)
4(3691 3693 3725 3723)
4(7883 7885 7853 7851)
4(3671 3673 3693 3691)
4(7851 7853 7833 7831)
4(3643 3645 3673 3671)
4(7831 7833 7805 7803)
4(3619 3621 3645 3643)
4(7803 7805 7781 7779)
4(3579 3581 3621 3619)
4(7779 7781 7741 7739)
4(3557 3559 3581 3579)
4(7739 7741 7719 7717)
4(3531 3533 3559 3557)
4(7717 7719 7693 7691)
4(3511 3513 3533 3531)
4(7691 7693 7673 7671)
4(3473 3483 3513 3511)
4(7671 7673 7643 7633)
4(3449 3459 3483 3473)
4(7633 7643 7619 7609)
4(3427 3429 3459 3449)
4(7609 7619 7589 7587)
4(3393 3395 3429 3427)
4(7587 7589 7555 7553)
4(3373 3375 3395 3393)
4(7553 7555 7535 7533)
4(3345 3347 3375 3373)
4(7533 7535 7507 7505)
4(3321 3323 3347 3345)
4(7505 7507 7483 7481)
4(3293 3295 3323 3321)
4(7481 7483 7455 7453)
4(3271 3273 3295 3293)
4(7453 7455 7433 7431)
4(3245 3247 3273 3271)
4(7431 7433 7407 7405)
4(3225 3227 3247 3245)
4(7405 7407 7387 7385)
4(3189 3191 3227 3225)
4(7385 7387 7351 7349)
4(3167 3169 3191 3189)
4(7349 7351 7329 7327)
4(3143 3145 3169 3167)
4(7327 7329 7305 7303)
4(3121 3123 3145 3143)
4(7303 7305 7283 7281)
4(3087 3093 3123 3121)
4(7281 7283 7253 7247)
4(3059 3073 3093 3087)
4(7247 7253 7233 7219)
4(3037 3045 3073 3059)
4(7219 7233 7205 7197)
4(3005 3007 3045 3037)
4(7197 7205 7167 7165)
4(2985 2987 3007 3005)
4(7165 7167 7147 7145)
4(2959 2961 2987 2985)
4(7145 7147 7121 7119)
4(2935 2937 2961 2959)
4(7119 7121 7097 7095)
4(2907 2909 2937 2935)
4(7095 7097 7069 7067)
4(2885 2887 2909 2907)
4(7067 7069 7047 7045)
4(2861 2863 2887 2885)
4(7045 7047 7023 7021)
4(2841 2843 2863 2861)
4(7021 7023 7003 7001)
4(2799 2801 2843 2841)
4(7001 7003 6961 6959)
4(2777 2779 2801 2799)
4(6959 6961 6939 6937)
4(2751 2753 2779 2777)
4(6937 6939 6913 6911)
4(2729 2731 2753 2751)
4(6911 6913 6891 6889)
4(2699 2705 2731 2729)
4(6889 6891 6865 6859)
4(2673 2685 2705 2699)
4(6859 6865 6845 6833)
4(2651 2659 2685 2673)
4(6833 6845 6819 6811)
4(2615 2617 2659 2651)
4(6811 6819 6777 6775)
4(2595 2597 2617 2615)
4(6775 6777 6757 6755)
4(2567 2569 2597 2595)
4(6755 6757 6729 6727)
4(2543 2545 2569 2567)
4(6727 6729 6705 6703)
4(2507 2515 2545 2543)
4(6703 6705 6675 6667)
4(2481 2483 2515 2507)
4(6667 6675 6643 6641)
4(2459 2461 2483 2481)
4(6641 6643 6621 6619)
4(2419 2425 2461 2459)
4(6619 6621 6585 6579)
4(2393 2395 2425 2419)
4(6579 6585 6555 6553)
4(2371 2373 2395 2393)
4(6553 6555 6533 6531)
4(2337 2345 2373 2371)
4(6531 6533 6505 6497)
4(2315 2317 2345 2337)
4(6497 6505 6477 6475)
4(2295 2297 2317 2315)
4(6475 6477 6457 6455)
4(2253 2263 2297 2295)
4(6455 6457 6423 6413)
4(2227 2229 2263 2253)
4(6413 6423 6389 6387)
4(2205 2207 2229 2227)
4(6387 6389 6367 6365)
4(2173 2179 2207 2205)
4(6365 6367 6339 6333)
4(2147 2149 2179 2173)
4(6333 6339 6309 6307)
4(2123 2125 2149 2147)
4(6307 6309 6285 6283)
4(2079 2087 2125 2123)
4(6283 6285 6247 6239)
4(2055 2057 2087 2079)
4(6239 6247 6217 6215)
4(2033 2035 2057 2055)
4(6215 6217 6195 6193)
4(1999 2005 2035 2033)
4(6193 6195 6165 6159)
4(1971 1973 2005 1999)
4(6159 6165 6133 6131)
4(1949 1951 1973 1971)
4(6131 6133 6111 6109)
4(1911 1919 1951 1949)
4(6109 6111 6079 6071)
4(1887 1889 1919 1911)
4(6071 6079 6049 6047)
4(1867 1869 1889 1887)
4(6047 6049 6029 6027)
4(1829 1839 1869 1867)
4(6027 6029 5999 5989)
4(1805 1807 1839 1829)
4(5989 5999 5967 5965)
4(1783 1785 1807 1805)
4(5965 5967 5945 5943)
4(1743 1749 1785 1783)
4(5943 5945 5909 5903)
4(1715 1717 1749 1743)
4(5903 5909 5877 5875)
4(1691 1693 1717 1715)
4(5875 5877 5853 5851)
4(1657 1659 1693 1691)
4(5851 5853 5819 5817)
4(1631 1633 1659 1657)
4(5817 5819 5793 5791)
4(1609 1611 1633 1631)
4(5791 5793 5771 5769)
4(1575 1577 1611 1609)
4(5769 5771 5737 5735)
4(1551 1553 1577 1575)
4(5735 5737 5713 5711)
4(1531 1533 1553 1551)
4(5711 5713 5693 5691)
4(1495 1497 1533 1531)
4(5691 5693 5657 5655)
4(1471 1473 1497 1495)
4(5655 5657 5633 5631)
4(1449 1451 1473 1471)
4(5631 5633 5611 5609)
4(1405 1407 1451 1449)
4(5609 5611 5567 5565)
4(1381 1383 1407 1405)
4(5565 5567 5543 5541)
4(1361 1363 1383 1381)
4(5541 5543 5523 5521)
4(1327 1329 1363 1361)
4(5521 5523 5489 5487)
4(1299 1301 1329 1327)
4(5487 5489 5461 5459)
4(1275 1277 1301 1299)
4(5459 5461 5437 5435)
4(1235 1237 1277 1275)
4(5435 5437 5397 5395)
4(1209 1211 1237 1235)
4(5395 5397 5371 5369)
4(1187 1189 1211 1209)
4(5369 5371 5349 5347)
4(1153 1155 1189 1187)
4(5347 5349 5315 5313)
4(1129 1131 1155 1153)
4(5313 5315 5291 5289)
4(1109 1111 1131 1129)
4(5289 5291 5271 5269)
4(1065 1067 1111 1109)
4(5269 5271 5227 5225)
4(1041 1043 1067 1065)
4(5225 5227 5203 5201)
4(1019 1021 1043 1041)
4(5201 5203 5181 5179)
4(985 987 1021 1019)
4(5179 5181 5147 5145)
4(961 963 987 985)
4(5145 5147 5123 5121)
4(941 943 963 961)
4(5121 5123 5103 5101)
4(895 897 943 941)
4(5101 5103 5057 5055)
4(865 867 897 895)
4(5055 5057 5027 5025)
4(841 843 867 865)
4(5025 5027 5003 5001)
8(803 805 807 809 812 826 843 841)
8(5001 5003 4986 4972 4969 4967 4965 4963)
7(653 645 649 661 665 679 689)
7(4849 4839 4825 4821 4809 4805 4813)
4(625 611 645 653)
4(4813 4805 4771 4785)
4(605 577 611 625)
4(4785 4771 4737 4765)
4(557 551 577 605)
4(4765 4737 4711 4717)
4(527 515 551 557)
4(4717 4711 4675 4687)
4(505 479 515 527)
4(4687 4675 4639 4665)
4(463 453 479 505)
4(4665 4639 4613 4623)
4(427 411 453 463)
4(4623 4613 4571 4587)
4(401 359 411 427)
4(4587 4571 4519 4561)
4(329 311 359 401)
4(4561 4519 4471 4489)
8(265 261 235 257 267 307 311 329)
8(4489 4471 4467 4427 4417 4395 4421 4425)
)
