solid hole_diameter_new
  facet normal -1 0 0
    outer loop
      vertex 0 0 0
      vertex 0 0 0.16666666666666666
      vertex 0 0.10000000000000001 0.16666666666666666
    endloop
  endfacet
  facet normal -1 0 0
    outer loop
      vertex 0 0 0
      vertex 0 0.10000000000000001 0.16666666666666666
      vertex 0 0.10000000000000001 0
    endloop
  endfacet
  facet normal 0 -1 0
    outer loop
      vertex 0 0 0
      vertex 0.10000000000000001 0 0
      vertex 0.10000000000000001 0 0.16666666666666666
    endloop
  endfacet
  facet normal 0 -1 0
    outer loop
      vertex 0 0 0
      vertex 0.10000000000000001 0 0.16666666666666666
      vertex 0 0 0.16666666666666666
    endloop
  endfacet
  facet normal 0 0 -1
    outer loop
      vertex 0 0 0
      vertex 0 0.10000000000000001 0
      vertex 0.10000000000000001 0.10000000000000001 0
    endloop
  endfacet
  facet normal 0 0 -1
    outer loop
      vertex 0 0 0
      vertex 0.10000000000000001 0.10000000000000001 0
      vertex 0.10000000000000001 0 0
    endloop
  endfacet
  facet normal 0 -1 0
    outer loop
      vertex 0.10000000000000001 0 0
      vertex 0.20000000000000001 0 0
      vertex 0.20000000000000001 0 0.16666666666666666
    endloop
  endfacet
  facet normal 0 -1 0
    outer loop
      vertex 0.10000000000000001 0 0
      vertex 0.20000000000000001 0 0.16666666666666666
      vertex 0.10000000000000001 0 0.16666666666666666
    endloop
  endfacet
  facet normal 0 0 -1
    outer loop
      vertex 0.10000000000000001 0 0
      vertex 0.10000000000000001 0.10000000000000001 0
      vertex 0.20000000000000001 0.10000000000000001 0
    endloop
  endfacet
  facet normal 0 0 -1
    outer loop
      vertex 0.10000000000000001 0 0
      vertex 0.20000000000000001 0.10000000000000001 0
      vertex 0.20000000000000001 0 0
    endloop
  endfacet
  facet normal 0 -1 0
    outer loop
      vertex 0.20000000000000001 0 0
      vertex 0.29999999999999999 0 0
      vertex 0.29999999999999999 0 0.16666666666666666
    endloop
  endfacet
  facet normal 0 -1 0
    outer loop
      vertex 0.20000000000000001 0 0
      vertex 0.29999999999999999 0 0.16666666666666666
      vertex 0.20000000000000001 0 0.16666666666666666
    endloop
  endfacet
  facet normal 0 0 -1
    outer loop
      vertex 0.20000000000000001 0 0
      vertex 0.20000000000000001 0.10000000000000001 0
      vertex 0.29999999999999999 0.10000000000000001 0
    endloop
  endfacet
  facet normal 0 0 -1
    outer loop
      vertex 0.20000000000000001 0 0
      vertex 0.29999999999999999 0.10000000000000001 0
      vertex 0.29999999999999999 0 0
    endloop
  endfacet
  facet normal 0 -1 0
    outer loop
      vertex 0.29999999999999999 0 0
      vertex 0.40000000000000002 0 0
      vertex 0.40000000000000002 0 0.16666666666666666
    endloop
  endfacet
  facet normal 0 -1 0
    outer loop
      vertex 0.29999999999999999 0 0
      vertex 0.40000000000000002 0 0.16666666666666666
      vertex 0.29999999999999999 0 0.16666666666666666
    endloop
  endfacet
  facet normal 0 0 -1
    outer loop
      vertex 0.29999999999999999 0 0
      vertex 0.29999999999999999 0.10000000000000001 0
      vertex 0.40000000000000002 0.10000000000000001 0
    endloop
  endfacet
  facet normal 0 0 -1
    outer loop
      vertex 0.29999999999999999 0 0
      vertex 0.40000000000000002 0.10000000000000001 0
      vertex 0.40000000000000002 0 0
    endloop
  endfacet
  facet normal 0 -1 0
    outer loop
      vertex 0.40000000000000002 0 0
      vertex 0.5 0 0
      vertex 0.5 0 0.16666666666666666
    endloop
  endfacet
  facet normal 0 -1 0
    outer loop
      vertex 0.40000000000000002 0 0
      vertex 0.5 0 0.16666666666666666
      vertex 0.40000000000000002 0 0.16666666666666666
    endloop
  endfacet
  facet normal 0 0 -1
    outer loop
      vertex 0.40000000000000002 0 0
      vertex 0.40000000000000002 0.10000000000000001 0
      vertex 0.5 0.10000000000000001 0
    endloop
  endfacet
  facet normal 0 0 -1
    outer loop
      vertex 0.40000000000000002 0 0
      vertex 0.5 0.10000000000000001 0
      vertex 0.5 0 0
    endloop
  endfacet
  facet normal 0 -1 0
    outer loop
      vertex 0.5 0 0
      vertex 0.59999999999999998 0 0
      vertex 0.59999999999999998 0 0.16666666666666666
    endloop
  endfacet
  facet normal 0 -1 0
    outer loop
      vertex 0.5 0 0
      vertex 0.59999999999999998 0 0.16666666666666666
      vertex 0.5 0 0.16666666666666666
    endloop
  endfacet
  facet normal 0 0 -1
    outer loop
      vertex 0.5 0 0
      vertex 0.5 0.10000000000000001 0
      vertex 0.59999999999999998 0.10000000000000001 0
    endloop
  endfacet
  facet normal 0 0 -1
    outer loop
      vertex 0.5 0 0
      vertex 0.59999999999999998 0.10000000000000001 0
      vertex 0.59999999999999998 0 0
    endloop
  endfacet
  facet normal 0 -1 0
    outer loop
      vertex 0.59999999999999998 0 0
      vertex 0.69999999999999996 0 0
      vertex 0.69999999999999996 0 0.16666666666666666
    endloop
  endfacet
  facet normal 0 -1 0
    outer loop
      vertex 0.59999999999999998 0 0
      vertex 0.69999999999999996 0 0.16666666666666666
      vertex 0.59999999999999998 0 0.16666666666666666
    endloop
  endfacet
  facet normal 0 0 -1
    outer loop
      vertex 0.59999999999999998 0 0
      vertex 0.59999999999999998 0.10000000000000001 0
      vertex 0.69999999999999996 0.10000000000000001 0
    endloop
  endfacet
  facet normal 0 0 -1
    outer loop
      vertex 0.59999999999999998 0 0
      vertex 0.69999999999999996 0.10000000000000001 0
      vertex 0.69999999999999996 0 0
    endloop
  endfacet
  facet normal 0 -1 0
    outer loop
      vertex 0.69999999999999996 0 0
      vertex 0.80000000000000004 0 0
      vertex 0.80000000000000004 0 0.16666666666666666
    endloop
  endfacet
  facet normal 0 -1 0
    outer loop
      vertex 0.69999999999999996 0 0
      vertex 0.80000000000000004 0 0.16666666666666666
      vertex 0.69999999999999996 0 0.16666666666666666
    endloop
  endfacet
  facet normal 0 0 -1
    outer loop
      vertex 0.69999999999999996 0 0
      vertex 0.69999999999999996 0.10000000000000001 0
      vertex 0.80000000000000004 0.10000000000000001 0
    endloop
  endfacet
  facet normal 0 0 -1
    outer loop
      vertex 0.69999999999999996 0 0
      vertex 0.80000000000000004 0.10000000000000001 0
      vertex 0.80000000000000004 0 0
    endloop
  endfacet
  facet normal 0 -1 0
    outer loop
      vertex 0.80000000000000004 0 0
      vertex 0.90000000000000002 0 0
      vertex 0.90000000000000002 0 0.16666666666666666
    endloop
  endfacet
  facet normal 0 -1 0
    outer loop
      vertex 0.80000000000000004 0 0
      vertex 0.90000000000000002 0 0.16666666666666666
      vertex 0.80000000000000004 0 0.16666666666666666
    endloop
  endfacet
  facet normal 0 0 -1
    outer loop
      vertex 0.80000000000000004 0 0
      vertex 0.80000000000000004 0.10000000000000001 0
      vertex 0.90000000000000002 0.10000000000000001 0
    endloop
  endfacet
  facet normal 0 0 -1
    outer loop
      vertex 0.80000000000000004 0 0
      vertex 0.90000000000000002 0.10000000000000001 0
      vertex 0.90000000000000002 0 0
    endloop
  endfacet
  facet normal 1 0 0
    outer loop
      vertex 1 0 0
      vertex 1 0.10000000000000001 0
      vertex 1 0.10000000000000001 0.16666666666666666
    endloop
  endfacet
  facet normal 1 0 0
    outer loop
      vertex 1 0 0
      vertex 1 0.10000000000000001 0.16666666666666666
      vertex 1 0 0.16666666666666666
    endloop
  endfacet
  facet normal 0 -1 0
    outer loop
      vertex 0.90000000000000002 0 0
      vertex 1 0 0
      vertex 1 0 0.16666666666666666
    endloop
  endfacet
  facet normal 0 -1 0
    outer loop
      vertex 0.90000000000000002 0 0
      vertex 1 0 0.16666666666666666
      vertex 0.90000000000000002 0 0.16666666666666666
    endloop
  endfacet
  facet normal 0 0 -1
    outer loop
      vertex 0.90000000000000002 0 0
      vertex 0.90000000000000002 0.10000000000000001 0
      vertex 1 0.10000000000000001 0
    endloop
  endfacet
  facet normal 0 0 -1
    outer loop
      vertex 0.90000000000000002 0 0
      vertex 1 0.10000000000000001 0
      vertex 1 0 0
    endloop
  endfacet
  facet normal -1 0 0
    outer loop
      vertex 0 0.10000000000000001 0
      vertex 0 0.10000000000000001 0.16666666666666666
      vertex 0 0.20000000000000001 0.16666666666666666
    endloop
  endfacet
  facet normal -1 0 0
    outer loop
      vertex 0 0.10000000000000001 0
      vertex 0 0.20000000000000001 0.16666666666666666
      vertex 0 0.20000000000000001 0
    endloop
  endfacet
  facet normal 0 0 -1
    outer loop
      vertex 0 0.10000000000000001 0
      vertex 0 0.20000000000000001 0
      vertex 0.10000000000000001 0.20000000000000001 0
    endloop
  endfacet
  facet normal 0 0 -1
    outer loop
      vertex 0 0.10000000000000001 0
      vertex 0.10000000000000001 0.20000000000000001 0
      vertex 0.10000000000000001 0.10000000000000001 0
    endloop
  endfacet
  facet normal 0 0 -1
    outer loop
      vertex 0.10000000000000001 0.10000000000000001 0
      vertex 0.10000000000000001 0.20000000000000001 0
      vertex 0.20000000000000001 0.20000000000000001 0
    endloop
  endfacet
  facet normal 0 0 -1
    outer loop
      vertex 0.10000000000000001 0.10000000000000001 0
      vertex 0.20000000000000001 0.20000000000000001 0
      vertex 0.20000000000000001 0.10000000000000001 0
    endloop
  endfacet
  facet normal 0 0 -1
    outer loop
      vertex 0.20000000000000001 0.10000000000000001 0
      vertex 0.20000000000000001 0.20000000000000001 0
      vertex 0.29999999999999999 0.20000000000000001 0
    endloop
  endfacet
  facet normal 0 0 -1
    outer loop
      vertex 0.20000000000000001 0.10000000000000001 0
      vertex 0.29999999999999999 0.20000000000000001 0
      vertex 0.29999999999999999 0.10000000000000001 0
    endloop
  endfacet
  facet normal 0 0 -1
    outer loop
      vertex 0.29999999999999999 0.10000000000000001 0
      vertex 0.29999999999999999 0.20000000000000001 0
      vertex 0.40000000000000002 0.20000000000000001 0
    endloop
  endfacet
  facet normal 0 0 -1
    outer loop
      vertex 0.29999999999999999 0.10000000000000001 0
      vertex 0.40000000000000002 0.20000000000000001 0
      vertex 0.40000000000000002 0.10000000000000001 0
    endloop
  endfacet
  facet normal 0 0 -1
    outer loop
      vertex 0.40000000000000002 0.10000000000000001 0
      vertex 0.40000000000000002 0.20000000000000001 0
      vertex 0.5 0.20000000000000001 0
    endloop
  endfacet
  facet normal 0 0 -1
    outer loop
      vertex 0.40000000000000002 0.10000000000000001 0
      vertex 0.5 0.20000000000000001 0
      vertex 0.5 0.10000000000000001 0
    endloop
  endfacet
  facet normal 0 0 -1
    outer loop
      vertex 0.5 0.10000000000000001 0
      vertex 0.5 0.20000000000000001 0
      vertex 0.59999999999999998 0.20000000000000001 0
    endloop
  endfacet
  facet normal 0 0 -1
    outer loop
      vertex 0.5 0.10000000000000001 0
      vertex 0.59999999999999998 0.20000000000000001 0
      vertex 0.59999999999999998 0.10000000000000001 0
    endloop
  endfacet
  facet normal 0 0 -1
    outer loop
      vertex 0.59999999999999998 0.10000000000000001 0
      vertex 0.59999999999999998 0.20000000000000001 0
      vertex 0.69999999999999996 0.20000000000000001 0
    endloop
  endfacet
  facet normal 0 0 -1
    outer loop
      vertex 0.59999999999999998 0.10000000000000001 0
      vertex 0.69999999999999996 0.20000000000000001 0
      vertex 0.69999999999999996 0.10000000000000001 0
    endloop
  endfacet
  facet normal 0 0 -1
    outer loop
      vertex 0.69999999999999996 0.10000000000000001 0
      vertex 0.69999999999999996 0.20000000000000001 0
      vertex 0.80000000000000004 0.20000000000000001 0
    endloop
  endfacet
  facet normal 0 0 -1
    outer loop
      vertex 0.69999999999999996 0.10000000000000001 0
      vertex 0.80000000000000004 0.20000000000000001 0
      vertex 0.80000000000000004 0.10000000000000001 0
    endloop
  endfacet
  facet normal 0 0 -1
    outer loop
      vertex 0.80000000000000004 0.10000000000000001 0
      vertex 0.80000000000000004 0.20000000000000001 0
      vertex 0.90000000000000002 0.20000000000000001 0
    endloop
  endfacet
  facet normal 0 0 -1
    outer loop
      vertex 0.80000000000000004 0.10000000000000001 0
      vertex 0.90000000000000002 0.20000000000000001 0
      vertex 0.90000000000000002 0.10000000000000001 0
    endloop
  endfacet
  facet normal 1 0 0
    outer loop
      vertex 1 0.10000000000000001 0
      vertex 1 0.20000000000000001 0
      vertex 1 0.20000000000000001 0.16666666666666666
    endloop
  endfacet
  facet normal 1 0 0
    outer loop
      vertex 1 0.10000000000000001 0
      vertex 1 0.20000000000000001 0.16666666666666666
      vertex 1 0.10000000000000001 0.16666666666666666
    endloop
  endfacet
  facet normal 0 0 -1
    outer loop
      vertex 0.90000000000000002 0.10000000000000001 0
      vertex 0.90000000000000002 0.20000000000000001 0
      vertex 1 0.20000000000000001 0
    endloop
  endfacet
  facet normal 0 0 -1
    outer loop
      vertex 0.90000000000000002 0.10000000000000001 0
      vertex 1 0.20000000000000001 0
      vertex 1 0.10000000000000001 0
    endloop
  endfacet
  facet normal -1 0 0
    outer loop
      vertex 0 0.20000000000000001 0
      vertex 0 0.20000000000000001 0.16666666666666666
      vertex 0 0.29999999999999999 0.16666666666666666
    endloop
  endfacet
  facet normal -1 0 0
    outer loop
      vertex 0 0.20000000000000001 0
      vertex 0 0.29999999999999999 0.16666666666666666
      vertex 0 0.29999999999999999 0
    endloop
  endfacet
  facet normal 0 0 -1
    outer loop
      vertex 0 0.20000000000000001 0
      vertex 0 0.29999999999999999 0
      vertex 0.10000000000000001 0.29999999999999999 0
    endloop
  endfacet
  facet normal 0 0 -1
    outer loop
      vertex 0 0.20000000000000001 0
      vertex 0.10000000000000001 0.29999999999999999 0
      vertex 0.10000000000000001 0.20000000000000001 0
    endloop
  endfacet
  facet normal 0 0 -1
    outer loop
      vertex 0.10000000000000001 0.20000000000000001 0
      vertex 0.10000000000000001 0.29999999999999999 0
      vertex 0.20000000000000001 0.29999999999999999 0
    endloop
  endfacet
  facet normal 0 0 -1
    outer loop
      vertex 0.10000000000000001 0.20000000000000001 0
      vertex 0.20000000000000001 0.29999999999999999 0
      vertex 0.20000000000000001 0.20000000000000001 0
    endloop
  endfacet
  facet normal 0 0 -1
    outer loop
      vertex 0.20000000000000001 0.20000000000000001 0
      vertex 0.20000000000000001 0.29999999999999999 0
      vertex 0.29999999999999999 0.29999999999999999 0
    endloop
  endfacet
  facet normal 0 0 -1
    outer loop
      vertex 0.20000000000000001 0.20000000000000001 0
      vertex 0.29999999999999999 0.29999999999999999 0
      vertex 0.29999999999999999 0.20000000000000001 0
    endloop
  endfacet
  facet normal 0 1 0
    outer loop
      vertex 0.29999999999999999 0.29999999999999999 0
      vertex 0.29999999999999999 0.29999999999999999 0.16666666666666666
      vertex 0.40000000000000002 0.29999999999999999 0.16666666666666666
    endloop
  endfacet
  facet normal 0 1 0
    outer loop
      vertex 0.29999999999999999 0.29999999999999999 0
      vertex 0.40000000000000002 0.29999999999999999 0.16666666666666666
      vertex 0.40000000000000002 0.29999999999999999 0
    endloop
  endfacet
  facet normal 0 0 -1
    outer loop
      vertex 0.29999999999999999 0.20000000000000001 0
      vertex 0.29999999999999999 0.29999999999999999 0
      vertex 0.40000000000000002 0.29999999999999999 0
    endloop
  endfacet
  facet normal 0 0 -1
    outer loop
      vertex 0.29999999999999999 0.20000000000000001 0
      vertex 0.40000000000000002 0.29999999999999999 0
      vertex 0.40000000000000002 0.20000000000000001 0
    endloop
  endfacet
  facet normal 0 1 0
    outer loop
      vertex 0.40000000000000002 0.29999999999999999 0
      vertex 0.40000000000000002 0.29999999999999999 0.16666666666666666
      vertex 0.5 0.29999999999999999 0.16666666666666666
    endloop
  endfacet
  facet normal 0 1 0
    outer loop
      vertex 0.40000000000000002 0.29999999999999999 0
      vertex 0.5 0.29999999999999999 0.16666666666666666
      vertex 0.5 0.29999999999999999 0
    endloop
  endfacet
  facet normal 0 0 -1
    outer loop
      vertex 0.40000000000000002 0.20000000000000001 0
      vertex 0.40000000000000002 0.29999999999999999 0
      vertex 0.5 0.29999999999999999 0
    endloop
  endfacet
  facet normal 0 0 -1
    outer loop
      vertex 0.40000000000000002 0.20000000000000001 0
      vertex 0.5 0.29999999999999999 0
      vertex 0.5 0.20000000000000001 0
    endloop
  endfacet
  facet normal 0 1 0
    outer loop
      vertex 0.5 0.29999999999999999 0
      vertex 0.5 0.29999999999999999 0.16666666666666666
      vertex 0.59999999999999998 0.29999999999999999 0.16666666666666666
    endloop
  endfacet
  facet normal 0 1 0
    outer loop
      vertex 0.5 0.29999999999999999 0
      vertex 0.59999999999999998 0.29999999999999999 0.16666666666666666
      vertex 0.59999999999999998 0.29999999999999999 0
    endloop
  endfacet
  facet normal 0 0 -1
    outer loop
      vertex 0.5 0.20000000000000001 0
      vertex 0.5 0.29999999999999999 0
      vertex 0.59999999999999998 0.29999999999999999 0
    endloop
  endfacet
  facet normal 0 0 -1
    outer loop
      vertex 0.5 0.20000000000000001 0
      vertex 0.59999999999999998 0.29999999999999999 0
      vertex 0.59999999999999998 0.20000000000000001 0
    endloop
  endfacet
  facet normal 0 1 0
    outer loop
      vertex 0.59999999999999998 0.29999999999999999 0
      vertex 0.59999999999999998 0.29999999999999999 0.16666666666666666
      vertex 0.69999999999999996 0.29999999999999999 0.16666666666666666
    endloop
  endfacet
  facet normal 0 1 0
    outer loop
      vertex 0.59999999999999998 0.29999999999999999 0
      vertex 0.69999999999999996 0.29999999999999999 0.16666666666666666
      vertex 0.69999999999999996 0.29999999999999999 0
    endloop
  endfacet
  facet normal 0 0 -1
    outer loop
      vertex 0.59999999999999998 0.20000000000000001 0
      vertex 0.59999999999999998 0.29999999999999999 0
      vertex 0.69999999999999996 0.29999999999999999 0
    endloop
  endfacet
  facet normal 0 0 -1
    outer loop
      vertex 0.59999999999999998 0.20000000000000001 0
      vertex 0.69999999999999996 0.29999999999999999 0
      vertex 0.69999999999999996 0.20000000000000001 0
    endloop
  endfacet
  facet normal 0 0 -1
    outer loop
      vertex 0.69999999999999996 0.20000000000000001 0
      vertex 0.69999999999999996 0.29999999999999999 0
      vertex 0.80000000000000004 0.29999999999999999 0
    endloop
  endfacet
  facet normal 0 0 -1
    outer loop
      vertex 0.69999999999999996 0.20000000000000001 0
      vertex 0.80000000000000004 0.29999999999999999 0
      vertex 0.80000000000000004 0.20000000000000001 0
    endloop
  endfacet
  facet normal 0 0 -1
    outer loop
      vertex 0.80000000000000004 0.20000000000000001 0
      vertex 0.80000000000000004 0.29999999999999999 0
      vertex 0.90000000000000002 0.29999999999999999 0
    endloop
  endfacet
  facet normal 0 0 -1
    outer loop
      vertex 0.80000000000000004 0.20000000000000001 0
      vertex 0.90000000000000002 0.29999999999999999 0
      vertex 0.90000000000000002 0.20000000000000001 0
    endloop
  endfacet
  facet normal 1 0 0
    outer loop
      vertex 1 0.20000000000000001 0
      vertex 1 0.29999999999999999 0
      vertex 1 0.29999999999999999 0.16666666666666666
    endloop
  endfacet
  facet normal 1 0 0
    outer loop
      vertex 1 0.20000000000000001 0
      vertex 1 0.29999999999999999 0.16666666666666666
      vertex 1 0.20000000000000001 0.16666666666666666
    endloop
  endfacet
  facet normal 0 0 -1
    outer loop
      vertex 0.90000000000000002 0.20000000000000001 0
      vertex 0.90000000000000002 0.29999999999999999 0
      vertex 1 0.29999999999999999 0
    endloop
  endfacet
  facet normal 0 0 -1
    outer loop
      vertex 0.90000000000000002 0.20000000000000001 0
      vertex 1 0.29999999999999999 0
      vertex 1 0.20000000000000001 0
    endloop
  endfacet
  facet normal -1 0 0
    outer loop
      vertex 0 0.29999999999999999 0
      vertex 0 0.29999999999999999 0.16666666666666666
      vertex 0 0.40000000000000002 0.16666666666666666
    endloop
  endfacet
  facet normal -1 0 0
    outer loop
      vertex 0 0.29999999999999999 0
      vertex 0 0.40000000000000002 0.16666666666666666
      vertex 0 0.40000000000000002 0
    endloop
  endfacet
  facet normal 0 0 -1
    outer loop
      vertex 0 0.29999999999999999 0
      vertex 0 0.40000000000000002 0
      vertex 0.10000000000000001 0.40000000000000002 0
    endloop
  endfacet
  facet normal 0 0 -1
    outer loop
      vertex 0 0.29999999999999999 0
      vertex 0.10000000000000001 0.40000000000000002 0
      vertex 0.10000000000000001 0.29999999999999999 0
    endloop
  endfacet
  facet normal 0 0 -1
    outer loop
      vertex 0.10000000000000001 0.29999999999999999 0
      vertex 0.10000000000000001 0.40000000000000002 0
      vertex 0.20000000000000001 0.40000000000000002 0
    endloop
  endfacet
  facet normal 0 0 -1
    outer loop
      vertex 0.10000000000000001 0.29999999999999999 0
      vertex 0.20000000000000001 0.40000000000000002 0
      vertex 0.20000000000000001 0.29999999999999999 0
    endloop
  endfacet
  facet normal 1 0 0
    outer loop
      vertex 0.29999999999999999 0.29999999999999999 0
      vertex 0.29999999999999999 0.40000000000000002 0
      vertex 0.29999999999999999 0.40000000000000002 0.16666666666666666
    endloop
  endfacet
  facet normal 1 0 0
    outer loop
      vertex 0.29999999999999999 0.29999999999999999 0
      vertex 0.29999999999999999 0.40000000000000002 0.16666666666666666
      vertex 0.29999999999999999 0.29999999999999999 0.16666666666666666
    endloop
  endfacet
  facet normal 0 0 -1
    outer loop
      vertex 0.20000000000000001 0.29999999999999999 0
      vertex 0.20000000000000001 0.40000000000000002 0
      vertex 0.29999999999999999 0.40000000000000002 0
    endloop
  endfacet
  facet normal 0 0 -1
    outer loop
      vertex 0.20000000000000001 0.29999999999999999 0
      vertex 0.29999999999999999 0.40000000000000002 0
      vertex 0.29999999999999999 0.29999999999999999 0
    endloop
  endfacet
  facet normal -1 0 0
    outer loop
      vertex 0.69999999999999996 0.29999999999999999 0
      vertex 0.69999999999999996 0.29999999999999999 0.16666666666666666
      vertex 0.69999999999999996 0.40000000000000002 0.16666666666666666
    endloop
  endfacet
  facet normal -1 0 0
    outer loop
      vertex 0.69999999999999996 0.29999999999999999 0
      vertex 0.69999999999999996 0.40000000000000002 0.16666666666666666
      vertex 0.69999999999999996 0.40000000000000002 0
    endloop
  endfacet
  facet normal 0 0 -1
    outer loop
      vertex 0.69999999999999996 0.29999999999999999 0
      vertex 0.69999999999999996 0.40000000000000002 0
      vertex 0.80000000000000004 0.40000000000000002 0
    endloop
  endfacet
  facet normal 0 0 -1
    outer loop
      vertex 0.69999999999999996 0.29999999999999999 0
      vertex 0.80000000000000004 0.40000000000000002 0
      vertex 0.80000000000000004 0.29999999999999999 0
    endloop
  endfacet
  facet normal 0 0 -1
    outer loop
      vertex 0.80000000000000004 0.29999999999999999 0
      vertex 0.80000000000000004 0.40000000000000002 0
      vertex 0.90000000000000002 0.40000000000000002 0
    endloop
  endfacet
  facet normal 0 0 -1
    outer loop
      vertex 0.80000000000000004 0.29999999999999999 0
      vertex 0.90000000000000002 0.40000000000000002 0
      vertex 0.90000000000000002 0.29999999999999999 0
    endloop
  endfacet
  facet normal 1 0 0
    outer loop
      vertex 1 0.29999999999999999 0
      vertex 1 0.40000000000000002 0
      vertex 1 0.40000000000000002 0.16666666666666666
    endloop
  endfacet
  facet normal 1 0 0
    outer loop
      vertex 1 0.29999999999999999 0
      vertex 1 0.40000000000000002 0.16666666666666666
      vertex 1 0.29999999999999999 0.16666666666666666
    endloop
  endfacet
  facet normal 0 0 -1
    outer loop
      vertex 0.90000000000000002 0.29999999999999999 0
      vertex 0.90000000000000002 0.40000000000000002 0
      vertex 1 0.40000000000000002 0
    endloop
  endfacet
  facet normal 0 0 -1
    outer loop
      vertex 0.90000000000000002 0.29999999999999999 0
      vertex 1 0.40000000000000002 0
      vertex 1 0.29999999999999999 0
    endloop
  endfacet
  facet normal -1 0 0
    outer loop
      vertex 0 0.40000000000000002 0
      vertex 0 0.40000000000000002 0.16666666666666666
      vertex 0 0.5 0.16666666666666666
    endloop
  endfacet
  facet normal -1 0 0
    outer loop
      vertex 0 0.40000000000000002 0
      vertex 0 0.5 0.16666666666666666
      vertex 0 0.5 0
    endloop
  endfacet
  facet normal 0 0 -1
    outer loop
      vertex 0 0.40000000000000002 0
      vertex 0 0.5 0
      vertex 0.10000000000000001 0.5 0
    endloop
  endfacet
  facet normal 0 0 -1
    outer loop
      vertex 0 0.40000000000000002 0
      vertex 0.10000000000000001 0.5 0
      vertex 0.10000000000000001 0.40000000000000002 0
    endloop
  endfacet
  facet normal 0 0 -1
    outer loop
      vertex 0.10000000000000001 0.40000000000000002 0
      vertex 0.10000000000000001 0.5 0
      vertex 0.20000000000000001 0.5 0
    endloop
  endfacet
  facet normal 0 0 -1
    outer loop
      vertex 0.10000000000000001 0.40000000000000002 0
      vertex 0.20000000000000001 0.5 0
      vertex 0.20000000000000001 0.40000000000000002 0
    endloop
  endfacet
  facet normal 1 0 0
    outer loop
      vertex 0.29999999999999999 0.40000000000000002 0
      vertex 0.29999999999999999 0.5 0
      vertex 0.29999999999999999 0.5 0.16666666666666666
    endloop
  endfacet
  facet normal 1 0 0
    outer loop
      vertex 0.29999999999999999 0.40000000000000002 0
      vertex 0.29999999999999999 0.5 0.16666666666666666
      vertex 0.29999999999999999 0.40000000000000002 0.16666666666666666
    endloop
  endfacet
  facet normal 0 0 -1
    outer loop
      vertex 0.20000000000000001 0.40000000000000002 0
      vertex 0.20000000000000001 0.5 0
      vertex 0.29999999999999999 0.5 0
    endloop
  endfacet
  facet normal 0 0 -1
    outer loop
      vertex 0.20000000000000001 0.40000000000000002 0
      vertex 0.29999999999999999 0.5 0
      vertex 0.29999999999999999 0.40000000000000002 0
    endloop
  endfacet
  facet normal -1 0 0
    outer loop
      vertex 0.69999999999999996 0.40000000000000002 0
      vertex 0.69999999999999996 0.40000000000000002 0.16666666666666666
      vertex 0.69999999999999996 0.5 0.16666666666666666
    endloop
  endfacet
  facet normal -1 0 0
    outer loop
      vertex 0.69999999999999996 0.40000000000000002 0
      vertex 0.69999999999999996 0.5 0.16666666666666666
      vertex 0.69999999999999996 0.5 0
    endloop
  endfacet
  facet normal 0 0 -1
    outer loop
      vertex 0.69999999999999996 0.40000000000000002 0
      vertex 0.69999999999999996 0.5 0
      vertex 0.80000000000000004 0.5 0
    endloop
  endfacet
  facet normal 0 0 -1
    outer loop
      vertex 0.69999999999999996 0.40000000000000002 0
      vertex 0.80000000000000004 0.5 0
      vertex 0.80000000000000004 0.40000000000000002 0
    endloop
  endfacet
  facet normal 0 0 -1
    outer loop
      vertex 0.80000000000000004 0.40000000000000002 0
      vertex 0.80000000000000004 0.5 0
      vertex 0.90000000000000002 0.5 0
    endloop
  endfacet
  facet normal 0 0 -1
    outer loop
      vertex 0.80000000000000004 0.40000000000000002 0
      vertex 0.90000000000000002 0.5 0
      vertex 0.90000000000000002 0.40000000000000002 0
    endloop
  endfacet
  facet normal 1 0 0
    outer loop
      vertex 1 0.40000000000000002 0
      vertex 1 0.5 0
      vertex 1 0.5 0.16666666666666666
    endloop
  endfacet
  facet normal 1 0 0
    outer loop
      vertex 1 0.40000000000000002 0
      vertex 1 0.5 0.16666666666666666
      vertex 1 0.40000000000000002 0.16666666666666666
    endloop
  endfacet
  facet normal 0 0 -1
    outer loop
      vertex 0.90000000000000002 0.40000000000000002 0
      vertex 0.90000000000000002 0.5 0
      vertex 1 0.5 0
    endloop
  endfacet
  facet normal 0 0 -1
    outer loop
      vertex 0.90000000000000002 0.40000000000000002 0
      vertex 1 0.5 0
      vertex 1 0.40000000000000002 0
    endloop
  endfacet
  facet normal -1 0 0
    outer loop
      vertex 0 0.5 0
      vertex 0 0.5 0.16666666666666666
      vertex 0 0.59999999999999998 0.16666666666666666
    endloop
  endfacet
  facet normal -1 0 0
    outer loop
      vertex 0 0.5 0
      vertex 0 0.59999999999999998 0.16666666666666666
      vertex 0 0.59999999999999998 0
    endloop
  endfacet
  facet normal 0 0 -1
    outer loop
      vertex 0 0.5 0
      vertex 0 0.59999999999999998 0
      vertex 0.10000000000000001 0.59999999999999998 0
    endloop
  endfacet
  facet normal 0 0 -1
    outer loop
      vertex 0 0.5 0
      vertex 0.10000000000000001 0.59999999999999998 0
      vertex 0.10000000000000001 0.5 0
    endloop
  endfacet
  facet normal 0 0 -1
    outer loop
      vertex 0.10000000000000001 0.5 0
      vertex 0.10000000000000001 0.59999999999999998 0
      vertex 0.20000000000000001 0.59999999999999998 0
    endloop
  endfacet
  facet normal 0 0 -1
    outer loop
      vertex 0.10000000000000001 0.5 0
      vertex 0.20000000000000001 0.59999999999999998 0
      vertex 0.20000000000000001 0.5 0
    endloop
  endfacet
  facet normal 1 0 0
    outer loop
      vertex 0.29999999999999999 0.5 0
      vertex 0.29999999999999999 0.59999999999999998 0
      vertex 0.29999999999999999 0.59999999999999998 0.16666666666666666
    endloop
  endfacet
  facet normal 1 0 0
    outer loop
      vertex 0.29999999999999999 0.5 0
      vertex 0.29999999999999999 0.59999999999999998 0.16666666666666666
      vertex 0.29999999999999999 0.5 0.16666666666666666
    endloop
  endfacet
  facet normal 0 0 -1
    outer loop
      vertex 0.20000000000000001 0.5 0
      vertex 0.20000000000000001 0.59999999999999998 0
      vertex 0.29999999999999999 0.59999999999999998 0
    endloop
  endfacet
  facet normal 0 0 -1
    outer loop
      vertex 0.20000000000000001 0.5 0
      vertex 0.29999999999999999 0.59999999999999998 0
      vertex 0.29999999999999999 0.5 0
    endloop
  endfacet
  facet normal -1 0 0
    outer loop
      vertex 0.69999999999999996 0.5 0
      vertex 0.69999999999999996 0.5 0.16666666666666666
      vertex 0.69999999999999996 0.59999999999999998 0.16666666666666666
    endloop
  endfacet
  facet normal -1 0 0
    outer loop
      vertex 0.69999999999999996 0.5 0
      vertex 0.69999999999999996 0.59999999999999998 0.16666666666666666
      vertex 0.69999999999999996 0.59999999999999998 0
    endloop
  endfacet
  facet normal 0 0 -1
    outer loop
      vertex 0.69999999999999996 0.5 0
      vertex 0.69999999999999996 0.59999999999999998 0
      vertex 0.80000000000000004 0.59999999999999998 0
    endloop
  endfacet
  facet normal 0 0 -1
    outer loop
      vertex 0.69999999999999996 0.5 0
      vertex 0.80000000000000004 0.59999999999999998 0
      vertex 0.80000000000000004 0.5 0
    endloop
  endfacet
  facet normal 0 0 -1
    outer loop
      vertex 0.80000000000000004 0.5 0
      vertex 0.80000000000000004 0.59999999999999998 0
      vertex 0.90000000000000002 0.59999999999999998 0
    endloop
  endfacet
  facet normal 0 0 -1
    outer loop
      vertex 0.80000000000000004 0.5 0
      vertex 0.90000000000000002 0.59999999999999998 0
      vertex 0.90000000000000002 0.5 0
    endloop
  endfacet
  facet normal 1 0 0
    outer loop
      vertex 1 0.5 0
      vertex 1 0.59999999999999998 0
      vertex 1 0.59999999999999998 0.16666666666666666
    endloop
  endfacet
  facet normal 1 0 0
    outer loop
      vertex 1 0.5 0
      vertex 1 0.59999999999999998 0.16666666666666666
      vertex 1 0.5 0.16666666666666666
    endloop
  endfacet
  facet normal 0 0 -1
    outer loop
      vertex 0.90000000000000002 0.5 0
      vertex 0.90000000000000002 0.59999999999999998 0
      vertex 1 0.59999999999999998 0
    endloop
  endfacet
  facet normal 0 0 -1
    outer loop
      vertex 0.90000000000000002 0.5 0
      vertex 1 0.59999999999999998 0
      vertex 1 0.5 0
    endloop
  endfacet
  facet normal -1 0 0
    outer loop
      vertex 0 0.59999999999999998 0
      vertex 0 0.59999999999999998 0.16666666666666666
      vertex 0 0.69999999999999996 0.16666666666666666
    endloop
  endfacet
  facet normal -1 0 0
    outer loop
      vertex 0 0.59999999999999998 0
      vertex 0 0.69999999999999996 0.16666666666666666
      vertex 0 0.69999999999999996 0
    endloop
  endfacet
  facet normal 0 0 -1
    outer loop
      vertex 0 0.59999999999999998 0
      vertex 0 0.69999999999999996 0
      vertex 0.10000000000000001 0.69999999999999996 0
    endloop
  endfacet
  facet normal 0 0 -1
    outer loop
      vertex 0 0.59999999999999998 0
      vertex 0.10000000000000001 0.69999999999999996 0
      vertex 0.10000000000000001 0.59999999999999998 0
    endloop
  endfacet
  facet normal 0 0 -1
    outer loop
      vertex 0.10000000000000001 0.59999999999999998 0
      vertex 0.10000000000000001 0.69999999999999996 0
      vertex 0.20000000000000001 0.69999999999999996 0
    endloop
  endfacet
  facet normal 0 0 -1
    outer loop
      vertex 0.10000000000000001 0.59999999999999998 0
      vertex 0.20000000000000001 0.69999999999999996 0
      vertex 0.20000000000000001 0.59999999999999998 0
    endloop
  endfacet
  facet normal 1 0 0
    outer loop
      vertex 0.29999999999999999 0.59999999999999998 0
      vertex 0.29999999999999999 0.69999999999999996 0
      vertex 0.29999999999999999 0.69999999999999996 0.16666666666666666
    endloop
  endfacet
  facet normal 1 0 0
    outer loop
      vertex 0.29999999999999999 0.59999999999999998 0
      vertex 0.29999999999999999 0.69999999999999996 0.16666666666666666
      vertex 0.29999999999999999 0.59999999999999998 0.16666666666666666
    endloop
  endfacet
  facet normal 0 0 -1
    outer loop
      vertex 0.20000000000000001 0.59999999999999998 0
      vertex 0.20000000000000001 0.69999999999999996 0
      vertex 0.29999999999999999 0.69999999999999996 0
    endloop
  endfacet
  facet normal 0 0 -1
    outer loop
      vertex 0.20000000000000001 0.59999999999999998 0
      vertex 0.29999999999999999 0.69999999999999996 0
      vertex 0.29999999999999999 0.59999999999999998 0
    endloop
  endfacet
  facet normal -1 0 0
    outer loop
      vertex 0.69999999999999996 0.59999999999999998 0
      vertex 0.69999999999999996 0.59999999999999998 0.16666666666666666
      vertex 0.69999999999999996 0.69999999999999996 0.16666666666666666
    endloop
  endfacet
  facet normal -1 0 0
    outer loop
      vertex 0.69999999999999996 0.59999999999999998 0
      vertex 0.69999999999999996 0.69999999999999996 0.16666666666666666
      vertex 0.69999999999999996 0.69999999999999996 0
    endloop
  endfacet
  facet normal 0 0 -1
    outer loop
      vertex 0.69999999999999996 0.59999999999999998 0
      vertex 0.69999999999999996 0.69999999999999996 0
      vertex 0.80000000000000004 0.69999999999999996 0
    endloop
  endfacet
  facet normal 0 0 -1
    outer loop
      vertex 0.69999999999999996 0.59999999999999998 0
      vertex 0.80000000000000004 0.69999999999999996 0
      vertex 0.80000000000000004 0.59999999999999998 0
    endloop
  endfacet
  facet normal 0 0 -1
    outer loop
      vertex 0.80000000000000004 0.59999999999999998 0
      vertex 0.80000000000000004 0.69999999999999996 0
      vertex 0.90000000000000002 0.69999999999999996 0
    endloop
  endfacet
  facet normal 0 0 -1
    outer loop
      vertex 0.80000000000000004 0.59999999999999998 0
      vertex 0.90000000000000002 0.69999999999999996 0
      vertex 0.90000000000000002 0.59999999999999998 0
    endloop
  endfacet
  facet normal 1 0 0
    outer loop
      vertex 1 0.59999999999999998 0
      vertex 1 0.69999999999999996 0
      vertex 1 0.69999999999999996 0.16666666666666666
    endloop
  endfacet
  facet normal 1 0 0
    outer loop
      vertex 1 0.59999999999999998 0
      vertex 1 0.69999999999999996 0.16666666666666666
      vertex 1 0.59999999999999998 0.16666666666666666
    endloop
  endfacet
  facet normal 0 0 -1
    outer loop
      vertex 0.90000000000000002 0.59999999999999998 0
      vertex 0.90000000000000002 0.69999999999999996 0
      vertex 1 0.69999999999999996 0
    endloop
  endfacet
  facet normal 0 0 -1
    outer loop
      vertex 0.90000000000000002 0.59999999999999998 0
      vertex 1 0.69999999999999996 0
      vertex 1 0.59999999999999998 0
    endloop
  endfacet
  facet normal -1 0 0
    outer loop
      vertex 0 0.69999999999999996 0
      vertex 0 0.69999999999999996 0.16666666666666666
      vertex 0 0.80000000000000004 0.16666666666666666
    endloop
  endfacet
  facet normal -1 0 0
    outer loop
      vertex 0 0.69999999999999996 0
      vertex 0 0.80000000000000004 0.16666666666666666
      vertex 0 0.80000000000000004 0
    endloop
  endfacet
  facet normal 0 0 -1
    outer loop
      vertex 0 0.69999999999999996 0
      vertex 0 0.80000000000000004 0
      vertex 0.10000000000000001 0.80000000000000004 0
    endloop
  endfacet
  facet normal 0 0 -1
    outer loop
      vertex 0 0.69999999999999996 0
      vertex 0.10000000000000001 0.80000000000000004 0
      vertex 0.10000000000000001 0.69999999999999996 0
    endloop
  endfacet
  facet normal 0 0 -1
    outer loop
      vertex 0.10000000000000001 0.69999999999999996 0
      vertex 0.10000000000000001 0.80000000000000004 0
      vertex 0.20000000000000001 0.80000000000000004 0
    endloop
  endfacet
  facet normal 0 0 -1
    outer loop
      vertex 0.10000000000000001 0.69999999999999996 0
      vertex 0.20000000000000001 0.80000000000000004 0
      vertex 0.20000000000000001 0.69999999999999996 0
    endloop
  endfacet
  facet normal 0 0 -1
    outer loop
      vertex 0.20000000000000001 0.69999999999999996 0
      vertex 0.20000000000000001 0.80000000000000004 0
      vertex 0.29999999999999999 0.80000000000000004 0
    endloop
  endfacet
  facet normal 0 0 -1
    outer loop
      vertex 0.20000000000000001 0.69999999999999996 0
      vertex 0.29999999999999999 0.80000000000000004 0
      vertex 0.29999999999999999 0.69999999999999996 0
    endloop
  endfacet
  facet normal 0 -1 0
    outer loop
      vertex 0.29999999999999999 0.69999999999999996 0
      vertex 0.40000000000000002 0.69999999999999996 0
      vertex 0.40000000000000002 0.69999999999999996 0.16666666666666666
    endloop
  endfacet
  facet normal 0 -1 0
    outer loop
      vertex 0.29999999999999999 0.69999999999999996 0
      vertex 0.40000000000000002 0.69999999999999996 0.16666666666666666
      vertex 0.29999999999999999 0.69999999999999996 0.16666666666666666
    endloop
  endfacet
  facet normal 0 0 -1
    outer loop
      vertex 0.29999999999999999 0.69999999999999996 0
      vertex 0.29999999999999999 0.80000000000000004 0
      vertex 0.40000000000000002 0.80000000000000004 0
    endloop
  endfacet
  facet normal 0 0 -1
    outer loop
      vertex 0.29999999999999999 0.69999999999999996 0
      vertex 0.40000000000000002 0.80000000000000004 0
      vertex 0.40000000000000002 0.69999999999999996 0
    endloop
  endfacet
  facet normal 0 -1 0
    outer loop
      vertex 0.40000000000000002 0.69999999999999996 0
      vertex 0.5 0.69999999999999996 0
      vertex 0.5 0.69999999999999996 0.16666666666666666
    endloop
  endfacet
  facet normal 0 -1 0
    outer loop
      vertex 0.40000000000000002 0.69999999999999996 0
      vertex 0.5 0.69999999999999996 0.16666666666666666
      vertex 0.40000000000000002 0.69999999999999996 0.16666666666666666
    endloop
  endfacet
  facet normal 0 0 -1
    outer loop
      vertex 0.40000000000000002 0.69999999999999996 0
      vertex 0.40000000000000002 0.80000000000000004 0
      vertex 0.5 0.80000000000000004 0
    endloop
  endfacet
  facet normal 0 0 -1
    outer loop
      vertex 0.40000000000000002 0.69999999999999996 0
      vertex 0.5 0.80000000000000004 0
      vertex 0.5 0.69999999999999996 0
    endloop
  endfacet
  facet normal 0 -1 0
    outer loop
      vertex 0.5 0.69999999999999996 0
      vertex 0.59999999999999998 0.69999999999999996 0
      vertex 0.59999999999999998 0.69999999999999996 0.16666666666666666
    endloop
  endfacet
  facet normal 0 -1 0
    outer loop
      vertex 0.5 0.69999999999999996 0
      vertex 0.59999999999999998 0.69999999999999996 0.16666666666666666
      vertex 0.5 0.69999999999999996 0.16666666666666666
    endloop
  endfacet
  facet normal 0 0 -1
    outer loop
      vertex 0.5 0.69999999999999996 0
      vertex 0.5 0.80000000000000004 0
      vertex 0.59999999999999998 0.80000000000000004 0
    endloop
  endfacet
  facet normal 0 0 -1
    outer loop
      vertex 0.5 0.69999999999999996 0
      vertex 0.59999999999999998 0.80000000000000004 0
      vertex 0.59999999999999998 0.69999999999999996 0
    endloop
  endfacet
  facet normal 0 -1 0
    outer loop
      vertex 0.59999999999999998 0.69999999999999996 0
      vertex 0.69999999999999996 0.69999999999999996 0
      vertex 0.69999999999999996 0.69999999999999996 0.16666666666666666
    endloop
  endfacet
  facet normal 0 -1 0
    outer loop
      vertex 0.59999999999999998 0.69999999999999996 0
      vertex 0.69999999999999996 0.69999999999999996 0.16666666666666666
      vertex 0.59999999999999998 0.69999999999999996 0.16666666666666666
    endloop
  endfacet
  facet normal 0 0 -1
    outer loop
      vertex 0.59999999999999998 0.69999999999999996 0
      vertex 0.59999999999999998 0.80000000000000004 0
      vertex 0.69999999999999996 0.80000000000000004 0
    endloop
  endfacet
  facet normal 0 0 -1
    outer loop
      vertex 0.59999999999999998 0.69999999999999996 0
      vertex 0.69999999999999996 0.80000000000000004 0
      vertex 0.69999999999999996 0.69999999999999996 0
    endloop
  endfacet
  facet normal 0 0 -1
    outer loop
      vertex 0.69999999999999996 0.69999999999999996 0
      vertex 0.69999999999999996 0.80000000000000004 0
      vertex 0.80000000000000004 0.80000000000000004 0
    endloop
  endfacet
  facet normal 0 0 -1
    outer loop
      vertex 0.69999999999999996 0.69999999999999996 0
      vertex 0.80000000000000004 0.80000000000000004 0
      vertex 0.80000000000000004 0.69999999999999996 0
    endloop
  endfacet
  facet normal 0 0 -1
    outer loop
      vertex 0.80000000000000004 0.69999999999999996 0
      vertex 0.80000000000000004 0.80000000000000004 0
      vertex 0.90000000000000002 0.80000000000000004 0
    endloop
  endfacet
  facet normal 0 0 -1
    outer loop
      vertex 0.80000000000000004 0.69999999999999996 0
      vertex 0.90000000000000002 0.80000000000000004 0
      vertex 0.90000000000000002 0.69999999999999996 0
    endloop
  endfacet
  facet normal 1 0 0
    outer loop
      vertex 1 0.69999999999999996 0
      vertex 1 0.80000000000000004 0
      vertex 1 0.80000000000000004 0.16666666666666666
    endloop
  endfacet
  facet normal 1 0 0
    outer loop
      vertex 1 0.69999999999999996 0
      vertex 1 0.80000000000000004 0.16666666666666666
      vertex 1 0.69999999999999996 0.16666666666666666
    endloop
  endfacet
  facet normal 0 0 -1
    outer loop
      vertex 0.90000000000000002 0.69999999999999996 0
      vertex 0.90000000000000002 0.80000000000000004 0
      vertex 1 0.80000000000000004 0
    endloop
  endfacet
  facet normal 0 0 -1
    outer loop
      vertex 0.90000000000000002 0.69999999999999996 0
      vertex 1 0.80000000000000004 0
      vertex 1 0.69999999999999996 0
    endloop
  endfacet
  facet normal -1 0 0
    outer loop
      vertex 0 0.80000000000000004 0
      vertex 0 0.80000000000000004 0.16666666666666666
      vertex 0 0.90000000000000002 0.16666666666666666
    endloop
  endfacet
  facet normal -1 0 0
    outer loop
      vertex 0 0.80000000000000004 0
      vertex 0 0.90000000000000002 0.16666666666666666
      vertex 0 0.90000000000000002 0
    endloop
  endfacet
  facet normal 0 0 -1
    outer loop
      vertex 0 0.80000000000000004 0
      vertex 0 0.90000000000000002 0
      vertex 0.10000000000000001 0.90000000000000002 0
    endloop
  endfacet
  facet normal 0 0 -1
    outer loop
      vertex 0 0.80000000000000004 0
      vertex 0.10000000000000001 0.90000000000000002 0
      vertex 0.10000000000000001 0.80000000000000004 0
    endloop
  endfacet
  facet normal 0 0 -1
    outer loop
      vertex 0.10000000000000001 0.80000000000000004 0
      vertex 0.10000000000000001 0.90000000000000002 0
      vertex 0.20000000000000001 0.90000000000000002 0
    endloop
  endfacet
  facet normal 0 0 -1
    outer loop
      vertex 0.10000000000000001 0.80000000000000004 0
      vertex 0.20000000000000001 0.90000000000000002 0
      vertex 0.20000000000000001 0.80000000000000004 0
    endloop
  endfacet
  facet normal 0 0 -1
    outer loop
      vertex 0.20000000000000001 0.80000000000000004 0
      vertex 0.20000000000000001 0.90000000000000002 0
      vertex 0.29999999999999999 0.90000000000000002 0
    endloop
  endfacet
  facet normal 0 0 -1
    outer loop
      vertex 0.20000000000000001 0.80000000000000004 0
      vertex 0.29999999999999999 0.90000000000000002 0
      vertex 0.29999999999999999 0.80000000000000004 0
    endloop
  endfacet
  facet normal 0 0 -1
    outer loop
      vertex 0.29999999999999999 0.80000000000000004 0
      vertex 0.29999999999999999 0.90000000000000002 0
      vertex 0.40000000000000002 0.90000000000000002 0
    endloop
  endfacet
  facet normal 0 0 -1
    outer loop
      vertex 0.29999999999999999 0.80000000000000004 0
      vertex 0.40000000000000002 0.90000000000000002 0
      vertex 0.40000000000000002 0.80000000000000004 0
    endloop
  endfacet
  facet normal 0 0 -1
    outer loop
      vertex 0.40000000000000002 0.80000000000000004 0
      vertex 0.40000000000000002 0.90000000000000002 0
      vertex 0.5 0.90000000000000002 0
    endloop
  endfacet
  facet normal 0 0 -1
    outer loop
      vertex 0.40000000000000002 0.80000000000000004 0
      vertex 0.5 0.90000000000000002 0
      vertex 0.5 0.80000000000000004 0
    endloop
  endfacet
  facet normal 0 0 -1
    outer loop
      vertex 0.5 0.80000000000000004 0
      vertex 0.5 0.90000000000000002 0
      vertex 0.59999999999999998 0.90000000000000002 0
    endloop
  endfacet
  facet normal 0 0 -1
    outer loop
      vertex 0.5 0.80000000000000004 0
      vertex 0.59999999999999998 0.90000000000000002 0
      vertex 0.59999999999999998 0.80000000000000004 0
    endloop
  endfacet
  facet normal 0 0 -1
    outer loop
      vertex 0.59999999999999998 0.80000000000000004 0
      vertex 0.59999999999999998 0.90000000000000002 0
      vertex 0.69999999999999996 0.90000000000000002 0
    endloop
  endfacet
  facet normal 0 0 -1
    outer loop
      vertex 0.59999999999999998 0.80000000000000004 0
      vertex 0.69999999999999996 0.90000000000000002 0
      vertex 0.69999999999999996 0.80000000000000004 0
    endloop
  endfacet
  facet normal 0 0 -1
    outer loop
      vertex 0.69999999999999996 0.80000000000000004 0
      vertex 0.69999999999999996 0.90000000000000002 0
      vertex 0.80000000000000004 0.90000000000000002 0
    endloop
  endfacet
  facet normal 0 0 -1
    outer loop
      vertex 0.69999999999999996 0.80000000000000004 0
      vertex 0.80000000000000004 0.90000000000000002 0
      vertex 0.80000000000000004 0.80000000000000004 0
    endloop
  endfacet
  facet normal 0 0 -1
    outer loop
      vertex 0.80000000000000004 0.80000000000000004 0
      vertex 0.80000000000000004 0.90000000000000002 0
      vertex 0.90000000000000002 0.90000000000000002 0
    endloop
  endfacet
  facet normal 0 0 -1
    outer loop
      vertex 0.80000000000000004 0.80000000000000004 0
      vertex 0.90000000000000002 0.90000000000000002 0
      vertex 0.90000000000000002 0.80000000000000004 0
    endloop
  endfacet
  facet normal 1 0 0
    outer loop
      vertex 1 0.80000000000000004 0
      vertex 1 0.90000000000000002 0
      vertex 1 0.90000000000000002 0.16666666666666666
    endloop
  endfacet
  facet normal 1 0 0
    outer loop
      vertex 1 0.80000000000000004 0
      vertex 1 0.90000000000000002 0.16666666666666666
      vertex 1 0.80000000000000004 0.16666666666666666
    endloop
  endfacet
  facet normal 0 0 -1
    outer loop
      vertex 0.90000000000000002 0.80000000000000004 0
      vertex 0.90000000000000002 0.90000000000000002 0
      vertex 1 0.90000000000000002 0
    endloop
  endfacet
  facet normal 0 0 -1
    outer loop
      vertex 0.90000000000000002 0.80000000000000004 0
      vertex 1 0.90000000000000002 0
      vertex 1 0.80000000000000004 0
    endloop
  endfacet
  facet normal -1 0 0
    outer loop
      vertex 0 0.90000000000000002 0
      vertex 0 0.90000000000000002 0.16666666666666666
      vertex 0 1 0.16666666666666666
    endloop
  endfacet
  facet normal -1 0 0
    outer loop
      vertex 0 0.90000000000000002 0
      vertex 0 1 0.16666666666666666
      vertex 0 1 0
    endloop
  endfacet
  facet normal 0 1 0
    outer loop
      vertex 0 1 0
      vertex 0 1 0.16666666666666666
      vertex 0.10000000000000001 1 0.16666666666666666
    endloop
  endfacet
  facet normal 0 1 0
    outer loop
      vertex 0 1 0
      vertex 0.10000000000000001 1 0.16666666666666666
      vertex 0.10000000000000001 1 0
    endloop
  endfacet
  facet normal 0 0 -1
    outer loop
      vertex 0 0.90000000000000002 0
      vertex 0 1 0
      vertex 0.10000000000000001 1 0
    endloop
  endfacet
  facet normal 0 0 -1
    outer loop
      vertex 0 0.90000000000000002 0
      vertex 0.10000000000000001 1 0
      vertex 0.10000000000000001 0.90000000000000002 0
    endloop
  endfacet
  facet normal 0 1 0
    outer loop
      vertex 0.10000000000000001 1 0
      vertex 0.10000000000000001 1 0.16666666666666666
      vertex 0.20000000000000001 1 0.16666666666666666
    endloop
  endfacet
  facet normal 0 1 0
    outer loop
      vertex 0.10000000000000001 1 0
      vertex 0.20000000000000001 1 0.16666666666666666
      vertex 0.20000000000000001 1 0
    endloop
  endfacet
  facet normal 0 0 -1
    outer loop
      vertex 0.10000000000000001 0.90000000000000002 0
      vertex 0.10000000000000001 1 0
      vertex 0.20000000000000001 1 0
    endloop
  endfacet
  facet normal 0 0 -1
    outer loop
      vertex 0.10000000000000001 0.90000000000000002 0
      vertex 0.20000000000000001 1 0
      vertex 0.20000000000000001 0.90000000000000002 0
    endloop
  endfacet
  facet normal 0 1 0
    outer loop
      vertex 0.20000000000000001 1 0
      vertex 0.20000000000000001 1 0.16666666666666666
      vertex 0.29999999999999999 1 0.16666666666666666
    endloop
  endfacet
  facet normal 0 1 0
    outer loop
      vertex 0.20000000000000001 1 0
      vertex 0.29999999999999999 1 0.16666666666666666
      vertex 0.29999999999999999 1 0
    endloop
  endfacet
  facet normal 0 0 -1
    outer loop
      vertex 0.20000000000000001 0.90000000000000002 0
      vertex 0.20000000000000001 1 0
      vertex 0.29999999999999999 1 0
    endloop
  endfacet
  facet normal 0 0 -1
    outer loop
      vertex 0.20000000000000001 0.90000000000000002 0
      vertex 0.29999999999999999 1 0
      vertex 0.29999999999999999 0.90000000000000002 0
    endloop
  endfacet
  facet normal 0 1 0
    outer loop
      vertex 0.29999999999999999 1 0
      vertex 0.29999999999999999 1 0.16666666666666666
      vertex 0.40000000000000002 1 0.16666666666666666
    endloop
  endfacet
  facet normal 0 1 0
    outer loop
      vertex 0.29999999999999999 1 0
      vertex 0.40000000000000002 1 0.16666666666666666
      vertex 0.40000000000000002 1 0
    endloop
  endfacet
  facet normal 0 0 -1
    outer loop
      vertex 0.29999999999999999 0.90000000000000002 0
      vertex 0.29999999999999999 1 0
      vertex 0.40000000000000002 1 0
    endloop
  endfacet
  facet normal 0 0 -1
    outer loop
      vertex 0.29999999999999999 0.90000000000000002 0
      vertex 0.40000000000000002 1 0
      vertex 0.40000000000000002 0.90000000000000002 0
    endloop
  endfacet
  facet normal 0 1 0
    outer loop
      vertex 0.40000000000000002 1 0
      vertex 0.40000000000000002 1 0.16666666666666666
      vertex 0.5 1 0.16666666666666666
    endloop
  endfacet
  facet normal 0 1 0
    outer loop
      vertex 0.40000000000000002 1 0
      vertex 0.5 1 0.16666666666666666
      vertex 0.5 1 0
    endloop
  endfacet
  facet normal 0 0 -1
    outer loop
      vertex 0.40000000000000002 0.90000000000000002 0
      vertex 0.40000000000000002 1 0
      vertex 0.5 1 0
    endloop
  endfacet
  facet normal 0 0 -1
    outer loop
      vertex 0.40000000000000002 0.90000000000000002 0
      vertex 0.5 1 0
      vertex 0.5 0.90000000000000002 0
    endloop
  endfacet
  facet normal 0 1 0
    outer loop
      vertex 0.5 1 0
      vertex 0.5 1 0.16666666666666666
      vertex 0.59999999999999998 1 0.16666666666666666
    endloop
  endfacet
  facet normal 0 1 0
    outer loop
      vertex 0.5 1 0
      vertex 0.59999999999999998 1 0.16666666666666666
      vertex 0.59999999999999998 1 0
    endloop
  endfacet
  facet normal 0 0 -1
    outer loop
      vertex 0.5 0.90000000000000002 0
      vertex 0.5 1 0
      vertex 0.59999999999999998 1 0
    endloop
  endfacet
  facet normal 0 0 -1
    outer loop
      vertex 0.5 0.90000000000000002 0
      vertex 0.59999999999999998 1 0
      vertex 0.59999999999999998 0.90000000000000002 0
    endloop
  endfacet
  facet normal 0 1 0
    outer loop
      vertex 0.59999999999999998 1 0
      vertex 0.59999999999999998 1 0.16666666666666666
      vertex 0.69999999999999996 1 0.16666666666666666
    endloop
  endfacet
  facet normal 0 1 0
    outer loop
      vertex 0.59999999999999998 1 0
      vertex 0.69999999999999996 1 0.16666666666666666
      vertex 0.69999999999999996 1 0
    endloop
  endfacet
  facet normal 0 0 -1
    outer loop
      vertex 0.59999999999999998 0.90000000000000002 0
      vertex 0.59999999999999998 1 0
      vertex 0.69999999999999996 1 0
    endloop
  endfacet
  facet normal 0 0 -1
    outer loop
      vertex 0.59999999999999998 0.90000000000000002 0
      vertex 0.69999999999999996 1 0
      vertex 0.69999999999999996 0.90000000000000002 0
    endloop
  endfacet
  facet normal 0 1 0
    outer loop
      vertex 0.69999999999999996 1 0
      vertex 0.69999999999999996 1 0.16666666666666666
      vertex 0.80000000000000004 1 0.16666666666666666
    endloop
  endfacet
  facet normal 0 1 0
    outer loop
      vertex 0.69999999999999996 1 0
      vertex 0.80000000000000004 1 0.16666666666666666
      vertex 0.80000000000000004 1 0
    endloop
  endfacet
  facet normal 0 0 -1
    outer loop
      vertex 0.69999999999999996 0.90000000000000002 0
      vertex 0.69999999999999996 1 0
      vertex 0.80000000000000004 1 0
    endloop
  endfacet
  facet normal 0 0 -1
    outer loop
      vertex 0.69999999999999996 0.90000000000000002 0
      vertex 0.80000000000000004 1 0
      vertex 0.80000000000000004 0.90000000000000002 0
    endloop
  endfacet
  facet normal 0 1 0
    outer loop
      vertex 0.80000000000000004 1 0
      vertex 0.80000000000000004 1 0.16666666666666666
      vertex 0.90000000000000002 1 0.16666666666666666
    endloop
  endfacet
  facet normal 0 1 0
    outer loop
      vertex 0.80000000000000004 1 0
      vertex 0.90000000000000002 1 0.16666666666666666
      vertex 0.90000000000000002 1 0
    endloop
  endfacet
  facet normal 0 0 -1
    outer loop
      vertex 0.80000000000000004 0.90000000000000002 0
      vertex 0.80000000000000004 1 0
      vertex 0.90000000000000002 1 0
    endloop
  endfacet
  facet normal 0 0 -1
    outer loop
      vertex 0.80000000000000004 0.90000000000000002 0
      vertex 0.90000000000000002 1 0
      vertex 0.90000000000000002 0.90000000000000002 0
    endloop
  endfacet
  facet normal 1 0 0
    outer loop
      vertex 1 0.90000000000000002 0
      vertex 1 1 0
      vertex 1 1 0.16666666666666666
    endloop
  endfacet
  facet normal 1 0 0
    outer loop
      vertex 1 0.90000000000000002 0
      vertex 1 1 0.16666666666666666
      vertex 1 0.90000000000000002 0.16666666666666666
    endloop
  endfacet
  facet normal 0 1 0
    outer loop
      vertex 0.90000000000000002 1 0
      vertex 0.90000000000000002 1 0.16666666666666666
      vertex 1 1 0.16666666666666666
    endloop
  endfacet
  facet normal 0 1 0
    outer loop
      vertex 0.90000000000000002 1 0
      vertex 1 1 0.16666666666666666
      vertex 1 1 0
    endloop
  endfacet
  facet normal 0 0 -1
    outer loop
      vertex 0.90000000000000002 0.90000000000000002 0
      vertex 0.90000000000000002 1 0
      vertex 1 1 0
    endloop
  endfacet
  facet normal 0 0 -1
    outer loop
      vertex 0.90000000000000002 0.90000000000000002 0
      vertex 1 1 0
      vertex 1 0.90000000000000002 0
    endloop
  endfacet
  facet normal -1 0 0
    outer loop
      vertex 0 0 0.16666666666666666
      vertex 0 0 0.33333333333333331
      vertex 0 0.10000000000000001 0.33333333333333331
    endloop
  endfacet
  facet normal -1 0 0
    outer loop
      vertex 0 0 0.16666666666666666
      vertex 0 0.10000000000000001 0.33333333333333331
      vertex 0 0.10000000000000001 0.16666666666666666
    endloop
  endfacet
  facet normal 0 -1 0
    outer loop
      vertex 0 0 0.16666666666666666
      vertex 0.10000000000000001 0 0.16666666666666666
      vertex 0.10000000000000001 0 0.33333333333333331
    endloop
  endfacet
  facet normal 0 -1 0
    outer loop
      vertex 0 0 0.16666666666666666
      vertex 0.10000000000000001 0 0.33333333333333331
      vertex 0 0 0.33333333333333331
    endloop
  endfacet
  facet normal 0 -1 0
    outer loop
      vertex 0.10000000000000001 0 0.16666666666666666
      vertex 0.20000000000000001 0 0.16666666666666666
      vertex 0.20000000000000001 0 0.33333333333333331
    endloop
  endfacet
  facet normal 0 -1 0
    outer loop
      vertex 0.10000000000000001 0 0.16666666666666666
      vertex 0.20000000000000001 0 0.33333333333333331
      vertex 0.10000000000000001 0 0.33333333333333331
    endloop
  endfacet
  facet normal 0 -1 0
    outer loop
      vertex 0.20000000000000001 0 0.16666666666666666
      vertex 0.29999999999999999 0 0.16666666666666666
      vertex 0.29999999999999999 0 0.33333333333333331
    endloop
  endfacet
  facet normal 0 -1 0
    outer loop
      vertex 0.20000000000000001 0 0.16666666666666666
      vertex 0.29999999999999999 0 0.33333333333333331
      vertex 0.20000000000000001 0 0.33333333333333331
    endloop
  endfacet
  facet normal 0 -1 0
    outer loop
      vertex 0.29999999999999999 0 0.16666666666666666
      vertex 0.40000000000000002 0 0.16666666666666666
      vertex 0.40000000000000002 0 0.33333333333333331
    endloop
  endfacet
  facet normal 0 -1 0
    outer loop
      vertex 0.29999999999999999 0 0.16666666666666666
      vertex 0.40000000000000002 0 0.33333333333333331
      vertex 0.29999999999999999 0 0.33333333333333331
    endloop
  endfacet
  facet normal 0 -1 0
    outer loop
      vertex 0.40000000000000002 0 0.16666666666666666
      vertex 0.5 0 0.16666666666666666
      vertex 0.5 0 0.33333333333333331
    endloop
  endfacet
  facet normal 0 -1 0
    outer loop
      vertex 0.40000000000000002 0 0.16666666666666666
      vertex 0.5 0 0.33333333333333331
      vertex 0.40000000000000002 0 0.33333333333333331
    endloop
  endfacet
  facet normal 0 -1 0
    outer loop
      vertex 0.5 0 0.16666666666666666
      vertex 0.59999999999999998 0 0.16666666666666666
      vertex 0.59999999999999998 0 0.33333333333333331
    endloop
  endfacet
  facet normal 0 -1 0
    outer loop
      vertex 0.5 0 0.16666666666666666
      vertex 0.59999999999999998 0 0.33333333333333331
      vertex 0.5 0 0.33333333333333331
    endloop
  endfacet
  facet normal 0 -1 0
    outer loop
      vertex 0.59999999999999998 0 0.16666666666666666
      vertex 0.69999999999999996 0 0.16666666666666666
      vertex 0.69999999999999996 0 0.33333333333333331
    endloop
  endfacet
  facet normal 0 -1 0
    outer loop
      vertex 0.59999999999999998 0 0.16666666666666666
      vertex 0.69999999999999996 0 0.33333333333333331
      vertex 0.59999999999999998 0 0.33333333333333331
    endloop
  endfacet
  facet normal 0 -1 0
    outer loop
      vertex 0.69999999999999996 0 0.16666666666666666
      vertex 0.80000000000000004 0 0.16666666666666666
      vertex 0.80000000000000004 0 0.33333333333333331
    endloop
  endfacet
  facet normal 0 -1 0
    outer loop
      vertex 0.69999999999999996 0 0.16666666666666666
      vertex 0.80000000000000004 0 0.33333333333333331
      vertex 0.69999999999999996 0 0.33333333333333331
    endloop
  endfacet
  facet normal 0 -1 0
    outer loop
      vertex 0.80000000000000004 0 0.16666666666666666
      vertex 0.90000000000000002 0 0.16666666666666666
      vertex 0.90000000000000002 0 0.33333333333333331
    endloop
  endfacet
  facet normal 0 -1 0
    outer loop
      vertex 0.80000000000000004 0 0.16666666666666666
      vertex 0.90000000000000002 0 0.33333333333333331
      vertex 0.80000000000000004 0 0.33333333333333331
    endloop
  endfacet
  facet normal 1 0 0
    outer loop
      vertex 1 0 0.16666666666666666
      vertex 1 0.10000000000000001 0.16666666666666666
      vertex 1 0.10000000000000001 0.33333333333333331
    endloop
  endfacet
  facet normal 1 0 0
    outer loop
      vertex 1 0 0.16666666666666666
      vertex 1 0.10000000000000001 0.33333333333333331
      vertex 1 0 0.33333333333333331
    endloop
  endfacet
  facet normal 0 -1 0
    outer loop
      vertex 0.90000000000000002 0 0.16666666666666666
      vertex 1 0 0.16666666666666666
      vertex 1 0 0.33333333333333331
    endloop
  endfacet
  facet normal 0 -1 0
    outer loop
      vertex 0.90000000000000002 0 0.16666666666666666
      vertex 1 0 0.33333333333333331
      vertex 0.90000000000000002 0 0.33333333333333331
    endloop
  endfacet
  facet normal -1 0 0
    outer loop
      vertex 0 0.10000000000000001 0.16666666666666666
      vertex 0 0.10000000000000001 0.33333333333333331
      vertex 0 0.20000000000000001 0.33333333333333331
    endloop
  endfacet
  facet normal -1 0 0
    outer loop
      vertex 0 0.10000000000000001 0.16666666666666666
      vertex 0 0.20000000000000001 0.33333333333333331
      vertex 0 0.20000000000000001 0.16666666666666666
    endloop
  endfacet
  facet normal 1 0 0
    outer loop
      vertex 1 0.10000000000000001 0.16666666666666666
      vertex 1 0.20000000000000001 0.16666666666666666
      vertex 1 0.20000000000000001 0.33333333333333331
    endloop
  endfacet
  facet normal 1 0 0
    outer loop
      vertex 1 0.10000000000000001 0.16666666666666666
      vertex 1 0.20000000000000001 0.33333333333333331
      vertex 1 0.10000000000000001 0.33333333333333331
    endloop
  endfacet
  facet normal -1 0 0
    outer loop
      vertex 0 0.20000000000000001 0.16666666666666666
      vertex 0 0.20000000000000001 0.33333333333333331
      vertex 0 0.29999999999999999 0.33333333333333331
    endloop
  endfacet
  facet normal -1 0 0
    outer loop
      vertex 0 0.20000000000000001 0.16666666666666666
      vertex 0 0.29999999999999999 0.33333333333333331
      vertex 0 0.29999999999999999 0.16666666666666666
    endloop
  endfacet
  facet normal 0 1 0
    outer loop
      vertex 0.29999999999999999 0.29999999999999999 0.16666666666666666
      vertex 0.29999999999999999 0.29999999999999999 0.33333333333333331
      vertex 0.40000000000000002 0.29999999999999999 0.33333333333333331
    endloop
  endfacet
  facet normal 0 1 0
    outer loop
      vertex 0.29999999999999999 0.29999999999999999 0.16666666666666666
      vertex 0.40000000000000002 0.29999999999999999 0.33333333333333331
      vertex 0.40000000000000002 0.29999999999999999 0.16666666666666666
    endloop
  endfacet
  facet normal 0 1 0
    outer loop
      vertex 0.40000000000000002 0.29999999999999999 0.16666666666666666
      vertex 0.40000000000000002 0.29999999999999999 0.33333333333333331
      vertex 0.5 0.29999999999999999 0.33333333333333331
    endloop
  endfacet
  facet normal 0 1 0
    outer loop
      vertex 0.40000000000000002 0.29999999999999999 0.16666666666666666
      vertex 0.5 0.29999999999999999 0.33333333333333331
      vertex 0.5 0.29999999999999999 0.16666666666666666
    endloop
  endfacet
  facet normal 0 1 0
    outer loop
      vertex 0.5 0.29999999999999999 0.16666666666666666
      vertex 0.5 0.29999999999999999 0.33333333333333331
      vertex 0.59999999999999998 0.29999999999999999 0.33333333333333331
    endloop
  endfacet
  facet normal 0 1 0
    outer loop
      vertex 0.5 0.29999999999999999 0.16666666666666666
      vertex 0.59999999999999998 0.29999999999999999 0.33333333333333331
      vertex 0.59999999999999998 0.29999999999999999 0.16666666666666666
    endloop
  endfacet
  facet normal 0 1 0
    outer loop
      vertex 0.59999999999999998 0.29999999999999999 0.16666666666666666
      vertex 0.59999999999999998 0.29999999999999999 0.33333333333333331
      vertex 0.69999999999999996 0.29999999999999999 0.33333333333333331
    endloop
  endfacet
  facet normal 0 1 0
    outer loop
      vertex 0.59999999999999998 0.29999999999999999 0.16666666666666666
      vertex 0.69999999999999996 0.29999999999999999 0.33333333333333331
      vertex 0.69999999999999996 0.29999999999999999 0.16666666666666666
    endloop
  endfacet
  facet normal 1 0 0
    outer loop
      vertex 1 0.20000000000000001 0.16666666666666666
      vertex 1 0.29999999999999999 0.16666666666666666
      vertex 1 0.29999999999999999 0.33333333333333331
    endloop
  endfacet
  facet normal 1 0 0
    outer loop
      vertex 1 0.20000000000000001 0.16666666666666666
      vertex 1 0.29999999999999999 0.33333333333333331
      vertex 1 0.20000000000000001 0.33333333333333331
    endloop
  endfacet
  facet normal -1 0 0
    outer loop
      vertex 0 0.29999999999999999 0.16666666666666666
      vertex 0 0.29999999999999999 0.33333333333333331
      vertex 0 0.40000000000000002 0.33333333333333331
    endloop
  endfacet
  facet normal -1 0 0
    outer loop
      vertex 0 0.29999999999999999 0.16666666666666666
      vertex 0 0.40000000000000002 0.33333333333333331
      vertex 0 0.40000000000000002 0.16666666666666666
    endloop
  endfacet
  facet normal 1 0 0
    outer loop
      vertex 0.29999999999999999 0.29999999999999999 0.16666666666666666
      vertex 0.29999999999999999 0.40000000000000002 0.16666666666666666
      vertex 0.29999999999999999 0.40000000000000002 0.33333333333333331
    endloop
  endfacet
  facet normal 1 0 0
    outer loop
      vertex 0.29999999999999999 0.29999999999999999 0.16666666666666666
      vertex 0.29999999999999999 0.40000000000000002 0.33333333333333331
      vertex 0.29999999999999999 0.29999999999999999 0.33333333333333331
    endloop
  endfacet
  facet normal -1 0 0
    outer loop
      vertex 0.69999999999999996 0.29999999999999999 0.16666666666666666
      vertex 0.69999999999999996 0.29999999999999999 0.33333333333333331
      vertex 0.69999999999999996 0.40000000000000002 0.33333333333333331
    endloop
  endfacet
  facet normal -1 0 0
    outer loop
      vertex 0.69999999999999996 0.29999999999999999 0.16666666666666666
      vertex 0.69999999999999996 0.40000000000000002 0.33333333333333331
      vertex 0.69999999999999996 0.40000000000000002 0.16666666666666666
    endloop
  endfacet
  facet normal 1 0 0
    outer loop
      vertex 1 0.29999999999999999 0.16666666666666666
      vertex 1 0.40000000000000002 0.16666666666666666
      vertex 1 0.40000000000000002 0.33333333333333331
    endloop
  endfacet
  facet normal 1 0 0
    outer loop
      vertex 1 0.29999999999999999 0.16666666666666666
      vertex 1 0.40000000000000002 0.33333333333333331
      vertex 1 0.29999999999999999 0.33333333333333331
    endloop
  endfacet
  facet normal -1 0 0
    outer loop
      vertex 0 0.40000000000000002 0.16666666666666666
      vertex 0 0.40000000000000002 0.33333333333333331
      vertex 0 0.5 0.33333333333333331
    endloop
  endfacet
  facet normal -1 0 0
    outer loop
      vertex 0 0.40000000000000002 0.16666666666666666
      vertex 0 0.5 0.33333333333333331
      vertex 0 0.5 0.16666666666666666
    endloop
  endfacet
  facet normal 1 0 0
    outer loop
      vertex 0.29999999999999999 0.40000000000000002 0.16666666666666666
      vertex 0.29999999999999999 0.5 0.16666666666666666
      vertex 0.29999999999999999 0.5 0.33333333333333331
    endloop
  endfacet
  facet normal 1 0 0
    outer loop
      vertex 0.29999999999999999 0.40000000000000002 0.16666666666666666
      vertex 0.29999999999999999 0.5 0.33333333333333331
      vertex 0.29999999999999999 0.40000000000000002 0.33333333333333331
    endloop
  endfacet
  facet normal -1 0 0
    outer loop
      vertex 0.69999999999999996 0.40000000000000002 0.16666666666666666
      vertex 0.69999999999999996 0.40000000000000002 0.33333333333333331
      vertex 0.69999999999999996 0.5 0.33333333333333331
    endloop
  endfacet
  facet normal -1 0 0
    outer loop
      vertex 0.69999999999999996 0.40000000000000002 0.16666666666666666
      vertex 0.69999999999999996 0.5 0.33333333333333331
      vertex 0.69999999999999996 0.5 0.16666666666666666
    endloop
  endfacet
  facet normal 1 0 0
    outer loop
      vertex 1 0.40000000000000002 0.16666666666666666
      vertex 1 0.5 0.16666666666666666
      vertex 1 0.5 0.33333333333333331
    endloop
  endfacet
  facet normal 1 0 0
    outer loop
      vertex 1 0.40000000000000002 0.16666666666666666
      vertex 1 0.5 0.33333333333333331
      vertex 1 0.40000000000000002 0.33333333333333331
    endloop
  endfacet
  facet normal -1 0 0
    outer loop
      vertex 0 0.5 0.16666666666666666
      vertex 0 0.5 0.33333333333333331
      vertex 0 0.59999999999999998 0.33333333333333331
    endloop
  endfacet
  facet normal -1 0 0
    outer loop
      vertex 0 0.5 0.16666666666666666
      vertex 0 0.59999999999999998 0.33333333333333331
      vertex 0 0.59999999999999998 0.16666666666666666
    endloop
  endfacet
  facet normal 1 0 0
    outer loop
      vertex 0.29999999999999999 0.5 0.16666666666666666
      vertex 0.29999999999999999 0.59999999999999998 0.16666666666666666
      vertex 0.29999999999999999 0.59999999999999998 0.33333333333333331
    endloop
  endfacet
  facet normal 1 0 0
    outer loop
      vertex 0.29999999999999999 0.5 0.16666666666666666
      vertex 0.29999999999999999 0.59999999999999998 0.33333333333333331
      vertex 0.29999999999999999 0.5 0.33333333333333331
    endloop
  endfacet
  facet normal -1 0 0
    outer loop
      vertex 0.69999999999999996 0.5 0.16666666666666666
      vertex 0.69999999999999996 0.5 0.33333333333333331
      vertex 0.69999999999999996 0.59999999999999998 0.33333333333333331
    endloop
  endfacet
  facet normal -1 0 0
    outer loop
      vertex 0.69999999999999996 0.5 0.16666666666666666
      vertex 0.69999999999999996 0.59999999999999998 0.33333333333333331
      vertex 0.69999999999999996 0.59999999999999998 0.16666666666666666
    endloop
  endfacet
  facet normal 1 0 0
    outer loop
      vertex 1 0.5 0.16666666666666666
      vertex 1 0.59999999999999998 0.16666666666666666
      vertex 1 0.59999999999999998 0.33333333333333331
    endloop
  endfacet
  facet normal 1 0 0
    outer loop
      vertex 1 0.5 0.16666666666666666
      vertex 1 0.59999999999999998 0.33333333333333331
      vertex 1 0.5 0.33333333333333331
    endloop
  endfacet
  facet normal -1 0 0
    outer loop
      vertex 0 0.59999999999999998 0.16666666666666666
      vertex 0 0.59999999999999998 0.33333333333333331
      vertex 0 0.69999999999999996 0.33333333333333331
    endloop
  endfacet
  facet normal -1 0 0
    outer loop
      vertex 0 0.59999999999999998 0.16666666666666666
      vertex 0 0.69999999999999996 0.33333333333333331
      vertex 0 0.69999999999999996 0.16666666666666666
    endloop
  endfacet
  facet normal 1 0 0
    outer loop
      vertex 0.29999999999999999 0.59999999999999998 0.16666666666666666
      vertex 0.29999999999999999 0.69999999999999996 0.16666666666666666
      vertex 0.29999999999999999 0.69999999999999996 0.33333333333333331
    endloop
  endfacet
  facet normal 1 0 0
    outer loop
      vertex 0.29999999999999999 0.59999999999999998 0.16666666666666666
      vertex 0.29999999999999999 0.69999999999999996 0.33333333333333331
      vertex 0.29999999999999999 0.59999999999999998 0.33333333333333331
    endloop
  endfacet
  facet normal -1 0 0
    outer loop
      vertex 0.69999999999999996 0.59999999999999998 0.16666666666666666
      vertex 0.69999999999999996 0.59999999999999998 0.33333333333333331
      vertex 0.69999999999999996 0.69999999999999996 0.33333333333333331
    endloop
  endfacet
  facet normal -1 0 0
    outer loop
      vertex 0.69999999999999996 0.59999999999999998 0.16666666666666666
      vertex 0.69999999999999996 0.69999999999999996 0.33333333333333331
      vertex 0.69999999999999996 0.69999999999999996 0.16666666666666666
    endloop
  endfacet
  facet normal 1 0 0
    outer loop
      vertex 1 0.59999999999999998 0.16666666666666666
      vertex 1 0.69999999999999996 0.16666666666666666
      vertex 1 0.69999999999999996 0.33333333333333331
    endloop
  endfacet
  facet normal 1 0 0
    outer loop
      vertex 1 0.59999999999999998 0.16666666666666666
      vertex 1 0.69999999999999996 0.33333333333333331
      vertex 1 0.59999999999999998 0.33333333333333331
    endloop
  endfacet
  facet normal -1 0 0
    outer loop
      vertex 0 0.69999999999999996 0.16666666666666666
      vertex 0 0.69999999999999996 0.33333333333333331
      vertex 0 0.80000000000000004 0.33333333333333331
    endloop
  endfacet
  facet normal -1 0 0
    outer loop
      vertex 0 0.69999999999999996 0.16666666666666666
      vertex 0 0.80000000000000004 0.33333333333333331
      vertex 0 0.80000000000000004 0.16666666666666666
    endloop
  endfacet
  facet normal 0 -1 0
    outer loop
      vertex 0.29999999999999999 0.69999999999999996 0.16666666666666666
      vertex 0.40000000000000002 0.69999999999999996 0.16666666666666666
      vertex 0.40000000000000002 0.69999999999999996 0.33333333333333331
    endloop
  endfacet
  facet normal 0 -1 0
    outer loop
      vertex 0.29999999999999999 0.69999999999999996 0.16666666666666666
      vertex 0.40000000000000002 0.69999999999999996 0.33333333333333331
      vertex 0.29999999999999999 0.69999999999999996 0.33333333333333331
    endloop
  endfacet
  facet normal 0 -1 0
    outer loop
      vertex 0.40000000000000002 0.69999999999999996 0.16666666666666666
      vertex 0.5 0.69999999999999996 0.16666666666666666
      vertex 0.5 0.69999999999999996 0.33333333333333331
    endloop
  endfacet
  facet normal 0 -1 0
    outer loop
      vertex 0.40000000000000002 0.69999999999999996 0.16666666666666666
      vertex 0.5 0.69999999999999996 0.33333333333333331
      vertex 0.40000000000000002 0.69999999999999996 0.33333333333333331
    endloop
  endfacet
  facet normal 0 -1 0
    outer loop
      vertex 0.5 0.69999999999999996 0.16666666666666666
      vertex 0.59999999999999998 0.69999999999999996 0.16666666666666666
      vertex 0.59999999999999998 0.69999999999999996 0.33333333333333331
    endloop
  endfacet
  facet normal 0 -1 0
    outer loop
      vertex 0.5 0.69999999999999996 0.16666666666666666
      vertex 0.59999999999999998 0.69999999999999996 0.33333333333333331
      vertex 0.5 0.69999999999999996 0.33333333333333331
    endloop
  endfacet
  facet normal 0 -1 0
    outer loop
      vertex 0.59999999999999998 0.69999999999999996 0.16666666666666666
      vertex 0.69999999999999996 0.69999999999999996 0.16666666666666666
      vertex 0.69999999999999996 0.69999999999999996 0.33333333333333331
    endloop
  endfacet
  facet normal 0 -1 0
    outer loop
      vertex 0.59999999999999998 0.69999999999999996 0.16666666666666666
      vertex 0.69999999999999996 0.69999999999999996 0.33333333333333331
      vertex 0.59999999999999998 0.69999999999999996 0.33333333333333331
    endloop
  endfacet
  facet normal 1 0 0
    outer loop
      vertex 1 0.69999999999999996 0.16666666666666666
      vertex 1 0.80000000000000004 0.16666666666666666
      vertex 1 0.80000000000000004 0.33333333333333331
    endloop
  endfacet
  facet normal 1 0 0
    outer loop
      vertex 1 0.69999999999999996 0.16666666666666666
      vertex 1 0.80000000000000004 0.33333333333333331
      vertex 1 0.69999999999999996 0.33333333333333331
    endloop
  endfacet
  facet normal -1 0 0
    outer loop
      vertex 0 0.80000000000000004 0.16666666666666666
      vertex 0 0.80000000000000004 0.33333333333333331
      vertex 0 0.90000000000000002 0.33333333333333331
    endloop
  endfacet
  facet normal -1 0 0
    outer loop
      vertex 0 0.80000000000000004 0.16666666666666666
      vertex 0 0.90000000000000002 0.33333333333333331
      vertex 0 0.90000000000000002 0.16666666666666666
    endloop
  endfacet
  facet normal 1 0 0
    outer loop
      vertex 1 0.80000000000000004 0.16666666666666666
      vertex 1 0.90000000000000002 0.16666666666666666
      vertex 1 0.90000000000000002 0.33333333333333331
    endloop
  endfacet
  facet normal 1 0 0
    outer loop
      vertex 1 0.80000000000000004 0.16666666666666666
      vertex 1 0.90000000000000002 0.33333333333333331
      vertex 1 0.80000000000000004 0.33333333333333331
    endloop
  endfacet
  facet normal -1 0 0
    outer loop
      vertex 0 0.90000000000000002 0.16666666666666666
      vertex 0 0.90000000000000002 0.33333333333333331
      vertex 0 1 0.33333333333333331
    endloop
  endfacet
  facet normal -1 0 0
    outer loop
      vertex 0 0.90000000000000002 0.16666666666666666
      vertex 0 1 0.33333333333333331
      vertex 0 1 0.16666666666666666
    endloop
  endfacet
  facet normal 0 1 0
    outer loop
      vertex 0 1 0.16666666666666666
      vertex 0 1 0.33333333333333331
      vertex 0.10000000000000001 1 0.33333333333333331
    endloop
  endfacet
  facet normal 0 1 0
    outer loop
      vertex 0 1 0.16666666666666666
      vertex 0.10000000000000001 1 0.33333333333333331
      vertex 0.10000000000000001 1 0.16666666666666666
    endloop
  endfacet
  facet normal 0 1 0
    outer loop
      vertex 0.10000000000000001 1 0.16666666666666666
      vertex 0.10000000000000001 1 0.33333333333333331
      vertex 0.20000000000000001 1 0.33333333333333331
    endloop
  endfacet
  facet normal 0 1 0
    outer loop
      vertex 0.10000000000000001 1 0.16666666666666666
      vertex 0.20000000000000001 1 0.33333333333333331
      vertex 0.20000000000000001 1 0.16666666666666666
    endloop
  endfacet
  facet normal 0 1 0
    outer loop
      vertex 0.20000000000000001 1 0.16666666666666666
      vertex 0.20000000000000001 1 0.33333333333333331
      vertex 0.29999999999999999 1 0.33333333333333331
    endloop
  endfacet
  facet normal 0 1 0
    outer loop
      vertex 0.20000000000000001 1 0.16666666666666666
      vertex 0.29999999999999999 1 0.33333333333333331
      vertex 0.29999999999999999 1 0.16666666666666666
    endloop
  endfacet
  facet normal 0 1 0
    outer loop
      vertex 0.29999999999999999 1 0.16666666666666666
      vertex 0.29999999999999999 1 0.33333333333333331
      vertex 0.40000000000000002 1 0.33333333333333331
    endloop
  endfacet
  facet normal 0 1 0
    outer loop
      vertex 0.29999999999999999 1 0.16666666666666666
      vertex 0.40000000000000002 1 0.33333333333333331
      vertex 0.40000000000000002 1 0.16666666666666666
    endloop
  endfacet
  facet normal 0 1 0
    outer loop
      vertex 0.40000000000000002 1 0.16666666666666666
      vertex 0.40000000000000002 1 0.33333333333333331
      vertex 0.5 1 0.33333333333333331
    endloop
  endfacet
  facet normal 0 1 0
    outer loop
      vertex 0.40000000000000002 1 0.16666666666666666
      vertex 0.5 1 0.33333333333333331
      vertex 0.5 1 0.16666666666666666
    endloop
  endfacet
  facet normal 0 1 0
    outer loop
      vertex 0.5 1 0.16666666666666666
      vertex 0.5 1 0.33333333333333331
      vertex 0.59999999999999998 1 0.33333333333333331
    endloop
  endfacet
  facet normal 0 1 0
    outer loop
      vertex 0.5 1 0.16666666666666666
      vertex 0.59999999999999998 1 0.33333333333333331
      vertex 0.59999999999999998 1 0.16666666666666666
    endloop
  endfacet
  facet normal 0 1 0
    outer loop
      vertex 0.59999999999999998 1 0.16666666666666666
      vertex 0.59999999999999998 1 0.33333333333333331
      vertex 0.69999999999999996 1 0.33333333333333331
    endloop
  endfacet
  facet normal 0 1 0
    outer loop
      vertex 0.59999999999999998 1 0.16666666666666666
      vertex 0.69999999999999996 1 0.33333333333333331
      vertex 0.69999999999999996 1 0.16666666666666666
    endloop
  endfacet
  facet normal 0 1 0
    outer loop
      vertex 0.69999999999999996 1 0.16666666666666666
      vertex 0.69999999999999996 1 0.33333333333333331
      vertex 0.80000000000000004 1 0.33333333333333331
    endloop
  endfacet
  facet normal 0 1 0
    outer loop
      vertex 0.69999999999999996 1 0.16666666666666666
      vertex 0.80000000000000004 1 0.33333333333333331
      vertex 0.80000000000000004 1 0.16666666666666666
    endloop
  endfacet
  facet normal 0 1 0
    outer loop
      vertex 0.80000000000000004 1 0.16666666666666666
      vertex 0.80000000000000004 1 0.33333333333333331
      vertex 0.90000000000000002 1 0.33333333333333331
    endloop
  endfacet
  facet normal 0 1 0
    outer loop
      vertex 0.80000000000000004 1 0.16666666666666666
      vertex 0.90000000000000002 1 0.33333333333333331
      vertex 0.90000000000000002 1 0.16666666666666666
    endloop
  endfacet
  facet normal 1 0 0
    outer loop
      vertex 1 0.90000000000000002 0.16666666666666666
      vertex 1 1 0.16666666666666666
      vertex 1 1 0.33333333333333331
    endloop
  endfacet
  facet normal 1 0 0
    outer loop
      vertex 1 0.90000000000000002 0.16666666666666666
      vertex 1 1 0.33333333333333331
      vertex 1 0.90000000000000002 0.33333333333333331
    endloop
  endfacet
  facet normal 0 1 0
    outer loop
      vertex 0.90000000000000002 1 0.16666666666666666
      vertex 0.90000000000000002 1 0.33333333333333331
      vertex 1 1 0.33333333333333331
    endloop
  endfacet
  facet normal 0 1 0
    outer loop
      vertex 0.90000000000000002 1 0.16666666666666666
      vertex 1 1 0.33333333333333331
      vertex 1 1 0.16666666666666666
    endloop
  endfacet
  facet normal -1 0 0
    outer loop
      vertex 0 0 0.33333333333333331
      vertex 0 0 0.5
      vertex 0 0.10000000000000001 0.5
    endloop
  endfacet
  facet normal -1 0 0
    outer loop
      vertex 0 0 0.33333333333333331
      vertex 0 0.10000000000000001 0.5
      vertex 0 0.10000000000000001 0.33333333333333331
    endloop
  endfacet
  facet normal 0 -1 0
    outer loop
      vertex 0 0 0.33333333333333331
      vertex 0.10000000000000001 0 0.33333333333333331
      vertex 0.10000000000000001 0 0.5
    endloop
  endfacet
  facet normal 0 -1 0
    outer loop
      vertex 0 0 0.33333333333333331
      vertex 0.10000000000000001 0 0.5
      vertex 0 0 0.5
    endloop
  endfacet
  facet normal 0 -1 0
    outer loop
      vertex 0.10000000000000001 0 0.33333333333333331
      vertex 0.20000000000000001 0 0.33333333333333331
      vertex 0.20000000000000001 0 0.5
    endloop
  endfacet
  facet normal 0 -1 0
    outer loop
      vertex 0.10000000000000001 0 0.33333333333333331
      vertex 0.20000000000000001 0 0.5
      vertex 0.10000000000000001 0 0.5
    endloop
  endfacet
  facet normal 0 -1 0
    outer loop
      vertex 0.20000000000000001 0 0.33333333333333331
      vertex 0.29999999999999999 0 0.33333333333333331
      vertex 0.29999999999999999 0 0.5
    endloop
  endfacet
  facet normal 0 -1 0
    outer loop
      vertex 0.20000000000000001 0 0.33333333333333331
      vertex 0.29999999999999999 0 0.5
      vertex 0.20000000000000001 0 0.5
    endloop
  endfacet
  facet normal 0 -1 0
    outer loop
      vertex 0.29999999999999999 0 0.33333333333333331
      vertex 0.40000000000000002 0 0.33333333333333331
      vertex 0.40000000000000002 0 0.5
    endloop
  endfacet
  facet normal 0 -1 0
    outer loop
      vertex 0.29999999999999999 0 0.33333333333333331
      vertex 0.40000000000000002 0 0.5
      vertex 0.29999999999999999 0 0.5
    endloop
  endfacet
  facet normal 0 -1 0
    outer loop
      vertex 0.40000000000000002 0 0.33333333333333331
      vertex 0.5 0 0.33333333333333331
      vertex 0.5 0 0.5
    endloop
  endfacet
  facet normal 0 -1 0
    outer loop
      vertex 0.40000000000000002 0 0.33333333333333331
      vertex 0.5 0 0.5
      vertex 0.40000000000000002 0 0.5
    endloop
  endfacet
  facet normal 0 -1 0
    outer loop
      vertex 0.5 0 0.33333333333333331
      vertex 0.59999999999999998 0 0.33333333333333331
      vertex 0.59999999999999998 0 0.5
    endloop
  endfacet
  facet normal 0 -1 0
    outer loop
      vertex 0.5 0 0.33333333333333331
      vertex 0.59999999999999998 0 0.5
      vertex 0.5 0 0.5
    endloop
  endfacet
  facet normal 0 -1 0
    outer loop
      vertex 0.59999999999999998 0 0.33333333333333331
      vertex 0.69999999999999996 0 0.33333333333333331
      vertex 0.69999999999999996 0 0.5
    endloop
  endfacet
  facet normal 0 -1 0
    outer loop
      vertex 0.59999999999999998 0 0.33333333333333331
      vertex 0.69999999999999996 0 0.5
      vertex 0.59999999999999998 0 0.5
    endloop
  endfacet
  facet normal 0 -1 0
    outer loop
      vertex 0.69999999999999996 0 0.33333333333333331
      vertex 0.80000000000000004 0 0.33333333333333331
      vertex 0.80000000000000004 0 0.5
    endloop
  endfacet
  facet normal 0 -1 0
    outer loop
      vertex 0.69999999999999996 0 0.33333333333333331
      vertex 0.80000000000000004 0 0.5
      vertex 0.69999999999999996 0 0.5
    endloop
  endfacet
  facet normal 0 -1 0
    outer loop
      vertex 0.80000000000000004 0 0.33333333333333331
      vertex 0.90000000000000002 0 0.33333333333333331
      vertex 0.90000000000000002 0 0.5
    endloop
  endfacet
  facet normal 0 -1 0
    outer loop
      vertex 0.80000000000000004 0 0.33333333333333331
      vertex 0.90000000000000002 0 0.5
      vertex 0.80000000000000004 0 0.5
    endloop
  endfacet
  facet normal 1 0 0
    outer loop
      vertex 1 0 0.33333333333333331
      vertex 1 0.10000000000000001 0.33333333333333331
      vertex 1 0.10000000000000001 0.5
    endloop
  endfacet
  facet normal 1 0 0
    outer loop
      vertex 1 0 0.33333333333333331
      vertex 1 0.10000000000000001 0.5
      vertex 1 0 0.5
    endloop
  endfacet
  facet normal 0 -1 0
    outer loop
      vertex 0.90000000000000002 0 0.33333333333333331
      vertex 1 0 0.33333333333333331
      vertex 1 0 0.5
    endloop
  endfacet
  facet normal 0 -1 0
    outer loop
      vertex 0.90000000000000002 0 0.33333333333333331
      vertex 1 0 0.5
      vertex 0.90000000000000002 0 0.5
    endloop
  endfacet
  facet normal -1 0 0
    outer loop
      vertex 0 0.10000000000000001 0.33333333333333331
      vertex 0 0.10000000000000001 0.5
      vertex 0 0.20000000000000001 0.5
    endloop
  endfacet
  facet normal -1 0 0
    outer loop
      vertex 0 0.10000000000000001 0.33333333333333331
      vertex 0 0.20000000000000001 0.5
      vertex 0 0.20000000000000001 0.33333333333333331
    endloop
  endfacet
  facet normal 1 0 0
    outer loop
      vertex 1 0.10000000000000001 0.33333333333333331
      vertex 1 0.20000000000000001 0.33333333333333331
      vertex 1 0.20000000000000001 0.5
    endloop
  endfacet
  facet normal 1 0 0
    outer loop
      vertex 1 0.10000000000000001 0.33333333333333331
      vertex 1 0.20000000000000001 0.5
      vertex 1 0.10000000000000001 0.5
    endloop
  endfacet
  facet normal -1 0 0
    outer loop
      vertex 0 0.20000000000000001 0.33333333333333331
      vertex 0 0.20000000000000001 0.5
      vertex 0 0.29999999999999999 0.5
    endloop
  endfacet
  facet normal -1 0 0
    outer loop
      vertex 0 0.20000000000000001 0.33333333333333331
      vertex 0 0.29999999999999999 0.5
      vertex 0 0.29999999999999999 0.33333333333333331
    endloop
  endfacet
  facet normal 0 1 0
    outer loop
      vertex 0.29999999999999999 0.29999999999999999 0.33333333333333331
      vertex 0.29999999999999999 0.29999999999999999 0.5
      vertex 0.40000000000000002 0.29999999999999999 0.5
    endloop
  endfacet
  facet normal 0 1 0
    outer loop
      vertex 0.29999999999999999 0.29999999999999999 0.33333333333333331
      vertex 0.40000000000000002 0.29999999999999999 0.5
      vertex 0.40000000000000002 0.29999999999999999 0.33333333333333331
    endloop
  endfacet
  facet normal 0 1 0
    outer loop
      vertex 0.40000000000000002 0.29999999999999999 0.33333333333333331
      vertex 0.40000000000000002 0.29999999999999999 0.5
      vertex 0.5 0.29999999999999999 0.5
    endloop
  endfacet
  facet normal 0 1 0
    outer loop
      vertex 0.40000000000000002 0.29999999999999999 0.33333333333333331
      vertex 0.5 0.29999999999999999 0.5
      vertex 0.5 0.29999999999999999 0.33333333333333331
    endloop
  endfacet
  facet normal 0 1 0
    outer loop
      vertex 0.5 0.29999999999999999 0.33333333333333331
      vertex 0.5 0.29999999999999999 0.5
      vertex 0.59999999999999998 0.29999999999999999 0.5
    endloop
  endfacet
  facet normal 0 1 0
    outer loop
      vertex 0.5 0.29999999999999999 0.33333333333333331
      vertex 0.59999999999999998 0.29999999999999999 0.5
      vertex 0.59999999999999998 0.29999999999999999 0.33333333333333331
    endloop
  endfacet
  facet normal 0 1 0
    outer loop
      vertex 0.59999999999999998 0.29999999999999999 0.33333333333333331
      vertex 0.59999999999999998 0.29999999999999999 0.5
      vertex 0.69999999999999996 0.29999999999999999 0.5
    endloop
  endfacet
  facet normal 0 1 0
    outer loop
      vertex 0.59999999999999998 0.29999999999999999 0.33333333333333331
      vertex 0.69999999999999996 0.29999999999999999 0.5
      vertex 0.69999999999999996 0.29999999999999999 0.33333333333333331
    endloop
  endfacet
  facet normal 1 0 0
    outer loop
      vertex 1 0.20000000000000001 0.33333333333333331
      vertex 1 0.29999999999999999 0.33333333333333331
      vertex 1 0.29999999999999999 0.5
    endloop
  endfacet
  facet normal 1 0 0
    outer loop
      vertex 1 0.20000000000000001 0.33333333333333331
      vertex 1 0.29999999999999999 0.5
      vertex 1 0.20000000000000001 0.5
    endloop
  endfacet
  facet normal -1 0 0
    outer loop
      vertex 0 0.29999999999999999 0.33333333333333331
      vertex 0 0.29999999999999999 0.5
      vertex 0 0.40000000000000002 0.5
    endloop
  endfacet
  facet normal -1 0 0
    outer loop
      vertex 0 0.29999999999999999 0.33333333333333331
      vertex 0 0.40000000000000002 0.5
      vertex 0 0.40000000000000002 0.33333333333333331
    endloop
  endfacet
  facet normal 1 0 0
    outer loop
      vertex 0.29999999999999999 0.29999999999999999 0.33333333333333331
      vertex 0.29999999999999999 0.40000000000000002 0.33333333333333331
      vertex 0.29999999999999999 0.40000000000000002 0.5
    endloop
  endfacet
  facet normal 1 0 0
    outer loop
      vertex 0.29999999999999999 0.29999999999999999 0.33333333333333331
      vertex 0.29999999999999999 0.40000000000000002 0.5
      vertex 0.29999999999999999 0.29999999999999999 0.5
    endloop
  endfacet
  facet normal -1 0 0
    outer loop
      vertex 0.69999999999999996 0.29999999999999999 0.33333333333333331
      vertex 0.69999999999999996 0.29999999999999999 0.5
      vertex 0.69999999999999996 0.40000000000000002 0.5
    endloop
  endfacet
  facet normal -1 0 0
    outer loop
      vertex 0.69999999999999996 0.29999999999999999 0.33333333333333331
      vertex 0.69999999999999996 0.40000000000000002 0.5
      vertex 0.69999999999999996 0.40000000000000002 0.33333333333333331
    endloop
  endfacet
  facet normal 1 0 0
    outer loop
      vertex 1 0.29999999999999999 0.33333333333333331
      vertex 1 0.40000000000000002 0.33333333333333331
      vertex 1 0.40000000000000002 0.5
    endloop
  endfacet
  facet normal 1 0 0
    outer loop
      vertex 1 0.29999999999999999 0.33333333333333331
      vertex 1 0.40000000000000002 0.5
      vertex 1 0.29999999999999999 0.5
    endloop
  endfacet
  facet normal -1 0 0
    outer loop
      vertex 0 0.40000000000000002 0.33333333333333331
      vertex 0 0.40000000000000002 0.5
      vertex 0 0.5 0.5
    endloop
  endfacet
  facet normal -1 0 0
    outer loop
      vertex 0 0.40000000000000002 0.33333333333333331
      vertex 0 0.5 0.5
      vertex 0 0.5 0.33333333333333331
    endloop
  endfacet
  facet normal 1 0 0
    outer loop
      vertex 0.29999999999999999 0.40000000000000002 0.33333333333333331
      vertex 0.29999999999999999 0.5 0.33333333333333331
      vertex 0.29999999999999999 0.5 0.5
    endloop
  endfacet
  facet normal 1 0 0
    outer loop
      vertex 0.29999999999999999 0.40000000000000002 0.33333333333333331
      vertex 0.29999999999999999 0.5 0.5
      vertex 0.29999999999999999 0.40000000000000002 0.5
    endloop
  endfacet
  facet normal -1 0 0
    outer loop
      vertex 0.69999999999999996 0.40000000000000002 0.33333333333333331
      vertex 0.69999999999999996 0.40000000000000002 0.5
      vertex 0.69999999999999996 0.5 0.5
    endloop
  endfacet
  facet normal -1 0 0
    outer loop
      vertex 0.69999999999999996 0.40000000000000002 0.33333333333333331
      vertex 0.69999999999999996 0.5 0.5
      vertex 0.69999999999999996 0.5 0.33333333333333331
    endloop
  endfacet
  facet normal 1 0 0
    outer loop
      vertex 1 0.40000000000000002 0.33333333333333331
      vertex 1 0.5 0.33333333333333331
      vertex 1 0.5 0.5
    endloop
  endfacet
  facet normal 1 0 0
    outer loop
      vertex 1 0.40000000000000002 0.33333333333333331
      vertex 1 0.5 0.5
      vertex 1 0.40000000000000002 0.5
    endloop
  endfacet
  facet normal -1 0 0
    outer loop
      vertex 0 0.5 0.33333333333333331
      vertex 0 0.5 0.5
      vertex 0 0.59999999999999998 0.5
    endloop
  endfacet
  facet normal -1 0 0
    outer loop
      vertex 0 0.5 0.33333333333333331
      vertex 0 0.59999999999999998 0.5
      vertex 0 0.59999999999999998 0.33333333333333331
    endloop
  endfacet
  facet normal 1 0 0
    outer loop
      vertex 0.29999999999999999 0.5 0.33333333333333331
      vertex 0.29999999999999999 0.59999999999999998 0.33333333333333331
      vertex 0.29999999999999999 0.59999999999999998 0.5
    endloop
  endfacet
  facet normal 1 0 0
    outer loop
      vertex 0.29999999999999999 0.5 0.33333333333333331
      vertex 0.29999999999999999 0.59999999999999998 0.5
      vertex 0.29999999999999999 0.5 0.5
    endloop
  endfacet
  facet normal -1 0 0
    outer loop
      vertex 0.69999999999999996 0.5 0.33333333333333331
      vertex 0.69999999999999996 0.5 0.5
      vertex 0.69999999999999996 0.59999999999999998 0.5
    endloop
  endfacet
  facet normal -1 0 0
    outer loop
      vertex 0.69999999999999996 0.5 0.33333333333333331
      vertex 0.69999999999999996 0.59999999999999998 0.5
      vertex 0.69999999999999996 0.59999999999999998 0.33333333333333331
    endloop
  endfacet
  facet normal 1 0 0
    outer loop
      vertex 1 0.5 0.33333333333333331
      vertex 1 0.59999999999999998 0.33333333333333331
      vertex 1 0.59999999999999998 0.5
    endloop
  endfacet
  facet normal 1 0 0
    outer loop
      vertex 1 0.5 0.33333333333333331
      vertex 1 0.59999999999999998 0.5
      vertex 1 0.5 0.5
    endloop
  endfacet
  facet normal -1 0 0
    outer loop
      vertex 0 0.59999999999999998 0.33333333333333331
      vertex 0 0.59999999999999998 0.5
      vertex 0 0.69999999999999996 0.5
    endloop
  endfacet
  facet normal -1 0 0
    outer loop
      vertex 0 0.59999999999999998 0.33333333333333331
      vertex 0 0.69999999999999996 0.5
      vertex 0 0.69999999999999996 0.33333333333333331
    endloop
  endfacet
  facet normal 1 0 0
    outer loop
      vertex 0.29999999999999999 0.59999999999999998 0.33333333333333331
      vertex 0.29999999999999999 0.69999999999999996 0.33333333333333331
      vertex 0.29999999999999999 0.69999999999999996 0.5
    endloop
  endfacet
  facet normal 1 0 0
    outer loop
      vertex 0.29999999999999999 0.59999999999999998 0.33333333333333331
      vertex 0.29999999999999999 0.69999999999999996 0.5
      vertex 0.29999999999999999 0.59999999999999998 0.5
    endloop
  endfacet
  facet normal -1 0 0
    outer loop
      vertex 0.69999999999999996 0.59999999999999998 0.33333333333333331
      vertex 0.69999999999999996 0.59999999999999998 0.5
      vertex 0.69999999999999996 0.69999999999999996 0.5
    endloop
  endfacet
  facet normal -1 0 0
    outer loop
      vertex 0.69999999999999996 0.59999999999999998 0.33333333333333331
      vertex 0.69999999999999996 0.69999999999999996 0.5
      vertex 0.69999999999999996 0.69999999999999996 0.33333333333333331
    endloop
  endfacet
  facet normal 1 0 0
    outer loop
      vertex 1 0.59999999999999998 0.33333333333333331
      vertex 1 0.69999999999999996 0.33333333333333331
      vertex 1 0.69999999999999996 0.5
    endloop
  endfacet
  facet normal 1 0 0
    outer loop
      vertex 1 0.59999999999999998 0.33333333333333331
      vertex 1 0.69999999999999996 0.5
      vertex 1 0.59999999999999998 0.5
    endloop
  endfacet
  facet normal -1 0 0
    outer loop
      vertex 0 0.69999999999999996 0.33333333333333331
      vertex 0 0.69999999999999996 0.5
      vertex 0 0.80000000000000004 0.5
    endloop
  endfacet
  facet normal -1 0 0
    outer loop
      vertex 0 0.69999999999999996 0.33333333333333331
      vertex 0 0.80000000000000004 0.5
      vertex 0 0.80000000000000004 0.33333333333333331
    endloop
  endfacet
  facet normal 0 -1 0
    outer loop
      vertex 0.29999999999999999 0.69999999999999996 0.33333333333333331
      vertex 0.40000000000000002 0.69999999999999996 0.33333333333333331
      vertex 0.40000000000000002 0.69999999999999996 0.5
    endloop
  endfacet
  facet normal 0 -1 0
    outer loop
      vertex 0.29999999999999999 0.69999999999999996 0.33333333333333331
      vertex 0.40000000000000002 0.69999999999999996 0.5
      vertex 0.29999999999999999 0.69999999999999996 0.5
    endloop
  endfacet
  facet normal 0 -1 0
    outer loop
      vertex 0.40000000000000002 0.69999999999999996 0.33333333333333331
      vertex 0.5 0.69999999999999996 0.33333333333333331
      vertex 0.5 0.69999999999999996 0.5
    endloop
  endfacet
  facet normal 0 -1 0
    outer loop
      vertex 0.40000000000000002 0.69999999999999996 0.33333333333333331
      vertex 0.5 0.69999999999999996 0.5
      vertex 0.40000000000000002 0.69999999999999996 0.5
    endloop
  endfacet
  facet normal 0 -1 0
    outer loop
      vertex 0.5 0.69999999999999996 0.33333333333333331
      vertex 0.59999999999999998 0.69999999999999996 0.33333333333333331
      vertex 0.59999999999999998 0.69999999999999996 0.5
    endloop
  endfacet
  facet normal 0 -1 0
    outer loop
      vertex 0.5 0.69999999999999996 0.33333333333333331
      vertex 0.59999999999999998 0.69999999999999996 0.5
      vertex 0.5 0.69999999999999996 0.5
    endloop
  endfacet
  facet normal 0 -1 0
    outer loop
      vertex 0.59999999999999998 0.69999999999999996 0.33333333333333331
      vertex 0.69999999999999996 0.69999999999999996 0.33333333333333331
      vertex 0.69999999999999996 0.69999999999999996 0.5
    endloop
  endfacet
  facet normal 0 -1 0
    outer loop
      vertex 0.59999999999999998 0.69999999999999996 0.33333333333333331
      vertex 0.69999999999999996 0.69999999999999996 0.5
      vertex 0.59999999999999998 0.69999999999999996 0.5
    endloop
  endfacet
  facet normal 1 0 0
    outer loop
      vertex 1 0.69999999999999996 0.33333333333333331
      vertex 1 0.80000000000000004 0.33333333333333331
      vertex 1 0.80000000000000004 0.5
    endloop
  endfacet
  facet normal 1 0 0
    outer loop
      vertex 1 0.69999999999999996 0.33333333333333331
      vertex 1 0.80000000000000004 0.5
      vertex 1 0.69999999999999996 0.5
    endloop
  endfacet
  facet normal -1 0 0
    outer loop
      vertex 0 0.80000000000000004 0.33333333333333331
      vertex 0 0.80000000000000004 0.5
      vertex 0 0.90000000000000002 0.5
    endloop
  endfacet
  facet normal -1 0 0
    outer loop
      vertex 0 0.80000000000000004 0.33333333333333331
      vertex 0 0.90000000000000002 0.5
      vertex 0 0.90000000000000002 0.33333333333333331
    endloop
  endfacet
  facet normal 1 0 0
    outer loop
      vertex 1 0.80000000000000004 0.33333333333333331
      vertex 1 0.90000000000000002 0.33333333333333331
      vertex 1 0.90000000000000002 0.5
    endloop
  endfacet
  facet normal 1 0 0
    outer loop
      vertex 1 0.80000000000000004 0.33333333333333331
      vertex 1 0.90000000000000002 0.5
      vertex 1 0.80000000000000004 0.5
    endloop
  endfacet
  facet normal -1 0 0
    outer loop
      vertex 0 0.90000000000000002 0.33333333333333331
      vertex 0 0.90000000000000002 0.5
      vertex 0 1 0.5
    endloop
  endfacet
  facet normal -1 0 0
    outer loop
      vertex 0 0.90000000000000002 0.33333333333333331
      vertex 0 1 0.5
      vertex 0 1 0.33333333333333331
    endloop
  endfacet
  facet normal 0 1 0
    outer loop
      vertex 0 1 0.33333333333333331
      vertex 0 1 0.5
      vertex 0.10000000000000001 1 0.5
    endloop
  endfacet
  facet normal 0 1 0
    outer loop
      vertex 0 1 0.33333333333333331
      vertex 0.10000000000000001 1 0.5
      vertex 0.10000000000000001 1 0.33333333333333331
    endloop
  endfacet
  facet normal 0 1 0
    outer loop
      vertex 0.10000000000000001 1 0.33333333333333331
      vertex 0.10000000000000001 1 0.5
      vertex 0.20000000000000001 1 0.5
    endloop
  endfacet
  facet normal 0 1 0
    outer loop
      vertex 0.10000000000000001 1 0.33333333333333331
      vertex 0.20000000000000001 1 0.5
      vertex 0.20000000000000001 1 0.33333333333333331
    endloop
  endfacet
  facet normal 0 1 0
    outer loop
      vertex 0.20000000000000001 1 0.33333333333333331
      vertex 0.20000000000000001 1 0.5
      vertex 0.29999999999999999 1 0.5
    endloop
  endfacet
  facet normal 0 1 0
    outer loop
      vertex 0.20000000000000001 1 0.33333333333333331
      vertex 0.29999999999999999 1 0.5
      vertex 0.29999999999999999 1 0.33333333333333331
    endloop
  endfacet
  facet normal 0 1 0
    outer loop
      vertex 0.29999999999999999 1 0.33333333333333331
      vertex 0.29999999999999999 1 0.5
      vertex 0.40000000000000002 1 0.5
    endloop
  endfacet
  facet normal 0 1 0
    outer loop
      vertex 0.29999999999999999 1 0.33333333333333331
      vertex 0.40000000000000002 1 0.5
      vertex 0.40000000000000002 1 0.33333333333333331
    endloop
  endfacet
  facet normal 0 1 0
    outer loop
      vertex 0.40000000000000002 1 0.33333333333333331
      vertex 0.40000000000000002 1 0.5
      vertex 0.5 1 0.5
    endloop
  endfacet
  facet normal 0 1 0
    outer loop
      vertex 0.40000000000000002 1 0.33333333333333331
      vertex 0.5 1 0.5
      vertex 0.5 1 0.33333333333333331
    endloop
  endfacet
  facet normal 0 1 0
    outer loop
      vertex 0.5 1 0.33333333333333331
      vertex 0.5 1 0.5
      vertex 0.59999999999999998 1 0.5
    endloop
  endfacet
  facet normal 0 1 0
    outer loop
      vertex 0.5 1 0.33333333333333331
      vertex 0.59999999999999998 1 0.5
      vertex 0.59999999999999998 1 0.33333333333333331
    endloop
  endfacet
  facet normal 0 1 0
    outer loop
      vertex 0.59999999999999998 1 0.33333333333333331
      vertex 0.59999999999999998 1 0.5
      vertex 0.69999999999999996 1 0.5
    endloop
  endfacet
  facet normal 0 1 0
    outer loop
      vertex 0.59999999999999998 1 0.33333333333333331
      vertex 0.69999999999999996 1 0.5
      vertex 0.69999999999999996 1 0.33333333333333331
    endloop
  endfacet
  facet normal 0 1 0
    outer loop
      vertex 0.69999999999999996 1 0.33333333333333331
      vertex 0.69999999999999996 1 0.5
      vertex 0.80000000000000004 1 0.5
    endloop
  endfacet
  facet normal 0 1 0
    outer loop
      vertex 0.69999999999999996 1 0.33333333333333331
      vertex 0.80000000000000004 1 0.5
      vertex 0.80000000000000004 1 0.33333333333333331
    endloop
  endfacet
  facet normal 0 1 0
    outer loop
      vertex 0.80000000000000004 1 0.33333333333333331
      vertex 0.80000000000000004 1 0.5
      vertex 0.90000000000000002 1 0.5
    endloop
  endfacet
  facet normal 0 1 0
    outer loop
      vertex 0.80000000000000004 1 0.33333333333333331
      vertex 0.90000000000000002 1 0.5
      vertex 0.90000000000000002 1 0.33333333333333331
    endloop
  endfacet
  facet normal 1 0 0
    outer loop
      vertex 1 0.90000000000000002 0.33333333333333331
      vertex 1 1 0.33333333333333331
      vertex 1 1 0.5
    endloop
  endfacet
  facet normal 1 0 0
    outer loop
      vertex 1 0.90000000000000002 0.33333333333333331
      vertex 1 1 0.5
      vertex 1 0.90000000000000002 0.5
    endloop
  endfacet
  facet normal 0 1 0
    outer loop
      vertex 0.90000000000000002 1 0.33333333333333331
      vertex 0.90000000000000002 1 0.5
      vertex 1 1 0.5
    endloop
  endfacet
  facet normal 0 1 0
    outer loop
      vertex 0.90000000000000002 1 0.33333333333333331
      vertex 1 1 0.5
      vertex 1 1 0.33333333333333331
    endloop
  endfacet
  facet normal -1 0 0
    outer loop
      vertex 0 0 0.5
      vertex 0 0 0.66666666666666663
      vertex 0 0.10000000000000001 0.66666666666666663
    endloop
  endfacet
  facet normal -1 0 0
    outer loop
      vertex 0 0 0.5
      vertex 0 0.10000000000000001 0.66666666666666663
      vertex 0 0.10000000000000001 0.5
    endloop
  endfacet
  facet normal 0 -1 0
    outer loop
      vertex 0 0 0.5
      vertex 0.10000000000000001 0 0.5
      vertex 0.10000000000000001 0 0.66666666666666663
    endloop
  endfacet
  facet normal 0 -1 0
    outer loop
      vertex 0 0 0.5
      vertex 0.10000000000000001 0 0.66666666666666663
      vertex 0 0 0.66666666666666663
    endloop
  endfacet
  facet normal 0 -1 0
    outer loop
      vertex 0.10000000000000001 0 0.5
      vertex 0.20000000000000001 0 0.5
      vertex 0.20000000000000001 0 0.66666666666666663
    endloop
  endfacet
  facet normal 0 -1 0
    outer loop
      vertex 0.10000000000000001 0 0.5
      vertex 0.20000000000000001 0 0.66666666666666663
      vertex 0.10000000000000001 0 0.66666666666666663
    endloop
  endfacet
  facet normal 0 -1 0
    outer loop
      vertex 0.20000000000000001 0 0.5
      vertex 0.29999999999999999 0 0.5
      vertex 0.29999999999999999 0 0.66666666666666663
    endloop
  endfacet
  facet normal 0 -1 0
    outer loop
      vertex 0.20000000000000001 0 0.5
      vertex 0.29999999999999999 0 0.66666666666666663
      vertex 0.20000000000000001 0 0.66666666666666663
    endloop
  endfacet
  facet normal 0 -1 0
    outer loop
      vertex 0.29999999999999999 0 0.5
      vertex 0.40000000000000002 0 0.5
      vertex 0.40000000000000002 0 0.66666666666666663
    endloop
  endfacet
  facet normal 0 -1 0
    outer loop
      vertex 0.29999999999999999 0 0.5
      vertex 0.40000000000000002 0 0.66666666666666663
      vertex 0.29999999999999999 0 0.66666666666666663
    endloop
  endfacet
  facet normal 0 -1 0
    outer loop
      vertex 0.40000000000000002 0 0.5
      vertex 0.5 0 0.5
      vertex 0.5 0 0.66666666666666663
    endloop
  endfacet
  facet normal 0 -1 0
    outer loop
      vertex 0.40000000000000002 0 0.5
      vertex 0.5 0 0.66666666666666663
      vertex 0.40000000000000002 0 0.66666666666666663
    endloop
  endfacet
  facet normal 0 -1 0
    outer loop
      vertex 0.5 0 0.5
      vertex 0.59999999999999998 0 0.5
      vertex 0.59999999999999998 0 0.66666666666666663
    endloop
  endfacet
  facet normal 0 -1 0
    outer loop
      vertex 0.5 0 0.5
      vertex 0.59999999999999998 0 0.66666666666666663
      vertex 0.5 0 0.66666666666666663
    endloop
  endfacet
  facet normal 0 -1 0
    outer loop
      vertex 0.59999999999999998 0 0.5
      vertex 0.69999999999999996 0 0.5
      vertex 0.69999999999999996 0 0.66666666666666663
    endloop
  endfacet
  facet normal 0 -1 0
    outer loop
      vertex 0.59999999999999998 0 0.5
      vertex 0.69999999999999996 0 0.66666666666666663
      vertex 0.59999999999999998 0 0.66666666666666663
    endloop
  endfacet
  facet normal 0 -1 0
    outer loop
      vertex 0.69999999999999996 0 0.5
      vertex 0.80000000000000004 0 0.5
      vertex 0.80000000000000004 0 0.66666666666666663
    endloop
  endfacet
  facet normal 0 -1 0
    outer loop
      vertex 0.69999999999999996 0 0.5
      vertex 0.80000000000000004 0 0.66666666666666663
      vertex 0.69999999999999996 0 0.66666666666666663
    endloop
  endfacet
  facet normal 0 -1 0
    outer loop
      vertex 0.80000000000000004 0 0.5
      vertex 0.90000000000000002 0 0.5
      vertex 0.90000000000000002 0 0.66666666666666663
    endloop
  endfacet
  facet normal 0 -1 0
    outer loop
      vertex 0.80000000000000004 0 0.5
      vertex 0.90000000000000002 0 0.66666666666666663
      vertex 0.80000000000000004 0 0.66666666666666663
    endloop
  endfacet
  facet normal 1 0 0
    outer loop
      vertex 1 0 0.5
      vertex 1 0.10000000000000001 0.5
      vertex 1 0.10000000000000001 0.66666666666666663
    endloop
  endfacet
  facet normal 1 0 0
    outer loop
      vertex 1 0 0.5
      vertex 1 0.10000000000000001 0.66666666666666663
      vertex 1 0 0.66666666666666663
    endloop
  endfacet
  facet normal 0 -1 0
    outer loop
      vertex 0.90000000000000002 0 0.5
      vertex 1 0 0.5
      vertex 1 0 0.66666666666666663
    endloop
  endfacet
  facet normal 0 -1 0
    outer loop
      vertex 0.90000000000000002 0 0.5
      vertex 1 0 0.66666666666666663
      vertex 0.90000000000000002 0 0.66666666666666663
    endloop
  endfacet
  facet normal -1 0 0
    outer loop
      vertex 0 0.10000000000000001 0.5
      vertex 0 0.10000000000000001 0.66666666666666663
      vertex 0 0.20000000000000001 0.66666666666666663
    endloop
  endfacet
  facet normal -1 0 0
    outer loop
      vertex 0 0.10000000000000001 0.5
      vertex 0 0.20000000000000001 0.66666666666666663
      vertex 0 0.20000000000000001 0.5
    endloop
  endfacet
  facet normal 1 0 0
    outer loop
      vertex 1 0.10000000000000001 0.5
      vertex 1 0.20000000000000001 0.5
      vertex 1 0.20000000000000001 0.66666666666666663
    endloop
  endfacet
  facet normal 1 0 0
    outer loop
      vertex 1 0.10000000000000001 0.5
      vertex 1 0.20000000000000001 0.66666666666666663
      vertex 1 0.10000000000000001 0.66666666666666663
    endloop
  endfacet
  facet normal -1 0 0
    outer loop
      vertex 0 0.20000000000000001 0.5
      vertex 0 0.20000000000000001 0.66666666666666663
      vertex 0 0.29999999999999999 0.66666666666666663
    endloop
  endfacet
  facet normal -1 0 0
    outer loop
      vertex 0 0.20000000000000001 0.5
      vertex 0 0.29999999999999999 0.66666666666666663
      vertex 0 0.29999999999999999 0.5
    endloop
  endfacet
  facet normal 0 1 0
    outer loop
      vertex 0.29999999999999999 0.29999999999999999 0.5
      vertex 0.29999999999999999 0.29999999999999999 0.66666666666666663
      vertex 0.40000000000000002 0.29999999999999999 0.66666666666666663
    endloop
  endfacet
  facet normal 0 1 0
    outer loop
      vertex 0.29999999999999999 0.29999999999999999 0.5
      vertex 0.40000000000000002 0.29999999999999999 0.66666666666666663
      vertex 0.40000000000000002 0.29999999999999999 0.5
    endloop
  endfacet
  facet normal 0 1 0
    outer loop
      vertex 0.40000000000000002 0.29999999999999999 0.5
      vertex 0.40000000000000002 0.29999999999999999 0.66666666666666663
      vertex 0.5 0.29999999999999999 0.66666666666666663
    endloop
  endfacet
  facet normal 0 1 0
    outer loop
      vertex 0.40000000000000002 0.29999999999999999 0.5
      vertex 0.5 0.29999999999999999 0.66666666666666663
      vertex 0.5 0.29999999999999999 0.5
    endloop
  endfacet
  facet normal 0 1 0
    outer loop
      vertex 0.5 0.29999999999999999 0.5
      vertex 0.5 0.29999999999999999 0.66666666666666663
      vertex 0.59999999999999998 0.29999999999999999 0.66666666666666663
    endloop
  endfacet
  facet normal 0 1 0
    outer loop
      vertex 0.5 0.29999999999999999 0.5
      vertex 0.59999999999999998 0.29999999999999999 0.66666666666666663
      vertex 0.59999999999999998 0.29999999999999999 0.5
    endloop
  endfacet
  facet normal 0 1 0
    outer loop
      vertex 0.59999999999999998 0.29999999999999999 0.5
      vertex 0.59999999999999998 0.29999999999999999 0.66666666666666663
      vertex 0.69999999999999996 0.29999999999999999 0.66666666666666663
    endloop
  endfacet
  facet normal 0 1 0
    outer loop
      vertex 0.59999999999999998 0.29999999999999999 0.5
      vertex 0.69999999999999996 0.29999999999999999 0.66666666666666663
      vertex 0.69999999999999996 0.29999999999999999 0.5
    endloop
  endfacet
  facet normal 1 0 0
    outer loop
      vertex 1 0.20000000000000001 0.5
      vertex 1 0.29999999999999999 0.5
      vertex 1 0.29999999999999999 0.66666666666666663
    endloop
  endfacet
  facet normal 1 0 0
    outer loop
      vertex 1 0.20000000000000001 0.5
      vertex 1 0.29999999999999999 0.66666666666666663
      vertex 1 0.20000000000000001 0.66666666666666663
    endloop
  endfacet
  facet normal -1 0 0
    outer loop
      vertex 0 0.29999999999999999 0.5
      vertex 0 0.29999999999999999 0.66666666666666663
      vertex 0 0.40000000000000002 0.66666666666666663
    endloop
  endfacet
  facet normal -1 0 0
    outer loop
      vertex 0 0.29999999999999999 0.5
      vertex 0 0.40000000000000002 0.66666666666666663
      vertex 0 0.40000000000000002 0.5
    endloop
  endfacet
  facet normal 1 0 0
    outer loop
      vertex 0.29999999999999999 0.29999999999999999 0.5
      vertex 0.29999999999999999 0.40000000000000002 0.5
      vertex 0.29999999999999999 0.40000000000000002 0.66666666666666663
    endloop
  endfacet
  facet normal 1 0 0
    outer loop
      vertex 0.29999999999999999 0.29999999999999999 0.5
      vertex 0.29999999999999999 0.40000000000000002 0.66666666666666663
      vertex 0.29999999999999999 0.29999999999999999 0.66666666666666663
    endloop
  endfacet
  facet normal -1 0 0
    outer loop
      vertex 0.69999999999999996 0.29999999999999999 0.5
      vertex 0.69999999999999996 0.29999999999999999 0.66666666666666663
      vertex 0.69999999999999996 0.40000000000000002 0.66666666666666663
    endloop
  endfacet
  facet normal -1 0 0
    outer loop
      vertex 0.69999999999999996 0.29999999999999999 0.5
      vertex 0.69999999999999996 0.40000000000000002 0.66666666666666663
      vertex 0.69999999999999996 0.40000000000000002 0.5
    endloop
  endfacet
  facet normal 1 0 0
    outer loop
      vertex 1 0.29999999999999999 0.5
      vertex 1 0.40000000000000002 0.5
      vertex 1 0.40000000000000002 0.66666666666666663
    endloop
  endfacet
  facet normal 1 0 0
    outer loop
      vertex 1 0.29999999999999999 0.5
      vertex 1 0.40000000000000002 0.66666666666666663
      vertex 1 0.29999999999999999 0.66666666666666663
    endloop
  endfacet
  facet normal -1 0 0
    outer loop
      vertex 0 0.40000000000000002 0.5
      vertex 0 0.40000000000000002 0.66666666666666663
      vertex 0 0.5 0.66666666666666663
    endloop
  endfacet
  facet normal -1 0 0
    outer loop
      vertex 0 0.40000000000000002 0.5
      vertex 0 0.5 0.66666666666666663
      vertex 0 0.5 0.5
    endloop
  endfacet
  facet normal 1 0 0
    outer loop
      vertex 0.29999999999999999 0.40000000000000002 0.5
      vertex 0.29999999999999999 0.5 0.5
      vertex 0.29999999999999999 0.5 0.66666666666666663
    endloop
  endfacet
  facet normal 1 0 0
    outer loop
      vertex 0.29999999999999999 0.40000000000000002 0.5
      vertex 0.29999999999999999 0.5 0.66666666666666663
      vertex 0.29999999999999999 0.40000000000000002 0.66666666666666663
    endloop
  endfacet
  facet normal -1 0 0
    outer loop
      vertex 0.69999999999999996 0.40000000000000002 0.5
      vertex 0.69999999999999996 0.40000000000000002 0.66666666666666663
      vertex 0.69999999999999996 0.5 0.66666666666666663
    endloop
  endfacet
  facet normal -1 0 0
    outer loop
      vertex 0.69999999999999996 0.40000000000000002 0.5
      vertex 0.69999999999999996 0.5 0.66666666666666663
      vertex 0.69999999999999996 0.5 0.5
    endloop
  endfacet
  facet normal 1 0 0
    outer loop
      vertex 1 0.40000000000000002 0.5
      vertex 1 0.5 0.5
      vertex 1 0.5 0.66666666666666663
    endloop
  endfacet
  facet normal 1 0 0
    outer loop
      vertex 1 0.40000000000000002 0.5
      vertex 1 0.5 0.66666666666666663
      vertex 1 0.40000000000000002 0.66666666666666663
    endloop
  endfacet
  facet normal -1 0 0
    outer loop
      vertex 0 0.5 0.5
      vertex 0 0.5 0.66666666666666663
      vertex 0 0.59999999999999998 0.66666666666666663
    endloop
  endfacet
  facet normal -1 0 0
    outer loop
      vertex 0 0.5 0.5
      vertex 0 0.59999999999999998 0.66666666666666663
      vertex 0 0.59999999999999998 0.5
    endloop
  endfacet
  facet normal 1 0 0
    outer loop
      vertex 0.29999999999999999 0.5 0.5
      vertex 0.29999999999999999 0.59999999999999998 0.5
      vertex 0.29999999999999999 0.59999999999999998 0.66666666666666663
    endloop
  endfacet
  facet normal 1 0 0
    outer loop
      vertex 0.29999999999999999 0.5 0.5
      vertex 0.29999999999999999 0.59999999999999998 0.66666666666666663
      vertex 0.29999999999999999 0.5 0.66666666666666663
    endloop
  endfacet
  facet normal -1 0 0
    outer loop
      vertex 0.69999999999999996 0.5 0.5
      vertex 0.69999999999999996 0.5 0.66666666666666663
      vertex 0.69999999999999996 0.59999999999999998 0.66666666666666663
    endloop
  endfacet
  facet normal -1 0 0
    outer loop
      vertex 0.69999999999999996 0.5 0.5
      vertex 0.69999999999999996 0.59999999999999998 0.66666666666666663
      vertex 0.69999999999999996 0.59999999999999998 0.5
    endloop
  endfacet
  facet normal 1 0 0
    outer loop
      vertex 1 0.5 0.5
      vertex 1 0.59999999999999998 0.5
      vertex 1 0.59999999999999998 0.66666666666666663
    endloop
  endfacet
  facet normal 1 0 0
    outer loop
      vertex 1 0.5 0.5
      vertex 1 0.59999999999999998 0.66666666666666663
      vertex 1 0.5 0.66666666666666663
    endloop
  endfacet
  facet normal -1 0 0
    outer loop
      vertex 0 0.59999999999999998 0.5
      vertex 0 0.59999999999999998 0.66666666666666663
      vertex 0 0.69999999999999996 0.66666666666666663
    endloop
  endfacet
  facet normal -1 0 0
    outer loop
      vertex 0 0.59999999999999998 0.5
      vertex 0 0.69999999999999996 0.66666666666666663
      vertex 0 0.69999999999999996 0.5
    endloop
  endfacet
  facet normal 1 0 0
    outer loop
      vertex 0.29999999999999999 0.59999999999999998 0.5
      vertex 0.29999999999999999 0.69999999999999996 0.5
      vertex 0.29999999999999999 0.69999999999999996 0.66666666666666663
    endloop
  endfacet
  facet normal 1 0 0
    outer loop
      vertex 0.29999999999999999 0.59999999999999998 0.5
      vertex 0.29999999999999999 0.69999999999999996 0.66666666666666663
      vertex 0.29999999999999999 0.59999999999999998 0.66666666666666663
    endloop
  endfacet
  facet normal -1 0 0
    outer loop
      vertex 0.69999999999999996 0.59999999999999998 0.5
      vertex 0.69999999999999996 0.59999999999999998 0.66666666666666663
      vertex 0.69999999999999996 0.69999999999999996 0.66666666666666663
    endloop
  endfacet
  facet normal -1 0 0
    outer loop
      vertex 0.69999999999999996 0.59999999999999998 0.5
      vertex 0.69999999999999996 0.69999999999999996 0.66666666666666663
      vertex 0.69999999999999996 0.69999999999999996 0.5
    endloop
  endfacet
  facet normal 1 0 0
    outer loop
      vertex 1 0.59999999999999998 0.5
      vertex 1 0.69999999999999996 0.5
      vertex 1 0.69999999999999996 0.66666666666666663
    endloop
  endfacet
  facet normal 1 0 0
    outer loop
      vertex 1 0.59999999999999998 0.5
      vertex 1 0.69999999999999996 0.66666666666666663
      vertex 1 0.59999999999999998 0.66666666666666663
    endloop
  endfacet
  facet normal -1 0 0
    outer loop
      vertex 0 0.69999999999999996 0.5
      vertex 0 0.69999999999999996 0.66666666666666663
      vertex 0 0.80000000000000004 0.66666666666666663
    endloop
  endfacet
  facet normal -1 0 0
    outer loop
      vertex 0 0.69999999999999996 0.5
      vertex 0 0.80000000000000004 0.66666666666666663
      vertex 0 0.80000000000000004 0.5
    endloop
  endfacet
  facet normal 0 -1 0
    outer loop
      vertex 0.29999999999999999 0.69999999999999996 0.5
      vertex 0.40000000000000002 0.69999999999999996 0.5
      vertex 0.40000000000000002 0.69999999999999996 0.66666666666666663
    endloop
  endfacet
  facet normal 0 -1 0
    outer loop
      vertex 0.29999999999999999 0.69999999999999996 0.5
      vertex 0.40000000000000002 0.69999999999999996 0.66666666666666663
      vertex 0.29999999999999999 0.69999999999999996 0.66666666666666663
    endloop
  endfacet
  facet normal 0 -1 0
    outer loop
      vertex 0.40000000000000002 0.69999999999999996 0.5
      vertex 0.5 0.69999999999999996 0.5
      vertex 0.5 0.69999999999999996 0.66666666666666663
    endloop
  endfacet
  facet normal 0 -1 0
    outer loop
      vertex 0.40000000000000002 0.69999999999999996 0.5
      vertex 0.5 0.69999999999999996 0.66666666666666663
      vertex 0.40000000000000002 0.69999999999999996 0.66666666666666663
    endloop
  endfacet
  facet normal 0 -1 0
    outer loop
      vertex 0.5 0.69999999999999996 0.5
      vertex 0.59999999999999998 0.69999999999999996 0.5
      vertex 0.59999999999999998 0.69999999999999996 0.66666666666666663
    endloop
  endfacet
  facet normal 0 -1 0
    outer loop
      vertex 0.5 0.69999999999999996 0.5
      vertex 0.59999999999999998 0.69999999999999996 0.66666666666666663
      vertex 0.5 0.69999999999999996 0.66666666666666663
    endloop
  endfacet
  facet normal 0 -1 0
    outer loop
      vertex 0.59999999999999998 0.69999999999999996 0.5
      vertex 0.69999999999999996 0.69999999999999996 0.5
      vertex 0.69999999999999996 0.69999999999999996 0.66666666666666663
    endloop
  endfacet
  facet normal 0 -1 0
    outer loop
      vertex 0.59999999999999998 0.69999999999999996 0.5
      vertex 0.69999999999999996 0.69999999999999996 0.66666666666666663
      vertex 0.59999999999999998 0.69999999999999996 0.66666666666666663
    endloop
  endfacet
  facet normal 1 0 0
    outer loop
      vertex 1 0.69999999999999996 0.5
      vertex 1 0.80000000000000004 0.5
      vertex 1 0.80000000000000004 0.66666666666666663
    endloop
  endfacet
  facet normal 1 0 0
    outer loop
      vertex 1 0.69999999999999996 0.5
      vertex 1 0.80000000000000004 0.66666666666666663
      vertex 1 0.69999999999999996 0.66666666666666663
    endloop
  endfacet
  facet normal -1 0 0
    outer loop
      vertex 0 0.80000000000000004 0.5
      vertex 0 0.80000000000000004 0.66666666666666663
      vertex 0 0.90000000000000002 0.66666666666666663
    endloop
  endfacet
  facet normal -1 0 0
    outer loop
      vertex 0 0.80000000000000004 0.5
      vertex 0 0.90000000000000002 0.66666666666666663
      vertex 0 0.90000000000000002 0.5
    endloop
  endfacet
  facet normal 1 0 0
    outer loop
      vertex 1 0.80000000000000004 0.5
      vertex 1 0.90000000000000002 0.5
      vertex 1 0.90000000000000002 0.66666666666666663
    endloop
  endfacet
  facet normal 1 0 0
    outer loop
      vertex 1 0.80000000000000004 0.5
      vertex 1 0.90000000000000002 0.66666666666666663
      vertex 1 0.80000000000000004 0.66666666666666663
    endloop
  endfacet
  facet normal -1 0 0
    outer loop
      vertex 0 0.90000000000000002 0.5
      vertex 0 0.90000000000000002 0.66666666666666663
      vertex 0 1 0.66666666666666663
    endloop
  endfacet
  facet normal -1 0 0
    outer loop
      vertex 0 0.90000000000000002 0.5
      vertex 0 1 0.66666666666666663
      vertex 0 1 0.5
    endloop
  endfacet
  facet normal 0 1 0
    outer loop
      vertex 0 1 0.5
      vertex 0 1 0.66666666666666663
      vertex 0.10000000000000001 1 0.66666666666666663
    endloop
  endfacet
  facet normal 0 1 0
    outer loop
      vertex 0 1 0.5
      vertex 0.10000000000000001 1 0.66666666666666663
      vertex 0.10000000000000001 1 0.5
    endloop
  endfacet
  facet normal 0 1 0
    outer loop
      vertex 0.10000000000000001 1 0.5
      vertex 0.10000000000000001 1 0.66666666666666663
      vertex 0.20000000000000001 1 0.66666666666666663
    endloop
  endfacet
  facet normal 0 1 0
    outer loop
      vertex 0.10000000000000001 1 0.5
      vertex 0.20000000000000001 1 0.66666666666666663
      vertex 0.20000000000000001 1 0.5
    endloop
  endfacet
  facet normal 0 1 0
    outer loop
      vertex 0.20000000000000001 1 0.5
      vertex 0.20000000000000001 1 0.66666666666666663
      vertex 0.29999999999999999 1 0.66666666666666663
    endloop
  endfacet
  facet normal 0 1 0
    outer loop
      vertex 0.20000000000000001 1 0.5
      vertex 0.29999999999999999 1 0.66666666666666663
      vertex 0.29999999999999999 1 0.5
    endloop
  endfacet
  facet normal 0 1 0
    outer loop
      vertex 0.29999999999999999 1 0.5
      vertex 0.29999999999999999 1 0.66666666666666663
      vertex 0.40000000000000002 1 0.66666666666666663
    endloop
  endfacet
  facet normal 0 1 0
    outer loop
      vertex 0.29999999999999999 1 0.5
      vertex 0.40000000000000002 1 0.66666666666666663
      vertex 0.40000000000000002 1 0.5
    endloop
  endfacet
  facet normal 0 1 0
    outer loop
      vertex 0.40000000000000002 1 0.5
      vertex 0.40000000000000002 1 0.66666666666666663
      vertex 0.5 1 0.66666666666666663
    endloop
  endfacet
  facet normal 0 1 0
    outer loop
      vertex 0.40000000000000002 1 0.5
      vertex 0.5 1 0.66666666666666663
      vertex 0.5 1 0.5
    endloop
  endfacet
  facet normal 0 1 0
    outer loop
      vertex 0.5 1 0.5
      vertex 0.5 1 0.66666666666666663
      vertex 0.59999999999999998 1 0.66666666666666663
    endloop
  endfacet
  facet normal 0 1 0
    outer loop
      vertex 0.5 1 0.5
      vertex 0.59999999999999998 1 0.66666666666666663
      vertex 0.59999999999999998 1 0.5
    endloop
  endfacet
  facet normal 0 1 0
    outer loop
      vertex 0.59999999999999998 1 0.5
      vertex 0.59999999999999998 1 0.66666666666666663
      vertex 0.69999999999999996 1 0.66666666666666663
    endloop
  endfacet
  facet normal 0 1 0
    outer loop
      vertex 0.59999999999999998 1 0.5
      vertex 0.69999999999999996 1 0.66666666666666663
      vertex 0.69999999999999996 1 0.5
    endloop
  endfacet
  facet normal 0 1 0
    outer loop
      vertex 0.69999999999999996 1 0.5
      vertex 0.69999999999999996 1 0.66666666666666663
      vertex 0.80000000000000004 1 0.66666666666666663
    endloop
  endfacet
  facet normal 0 1 0
    outer loop
      vertex 0.69999999999999996 1 0.5
      vertex 0.80000000000000004 1 0.66666666666666663
      vertex 0.80000000000000004 1 0.5
    endloop
  endfacet
  facet normal 0 1 0
    outer loop
      vertex 0.80000000000000004 1 0.5
      vertex 0.80000000000000004 1 0.66666666666666663
      vertex 0.90000000000000002 1 0.66666666666666663
    endloop
  endfacet
  facet normal 0 1 0
    outer loop
      vertex 0.80000000000000004 1 0.5
      vertex 0.90000000000000002 1 0.66666666666666663
      vertex 0.90000000000000002 1 0.5
    endloop
  endfacet
  facet normal 1 0 0
    outer loop
      vertex 1 0.90000000000000002 0.5
      vertex 1 1 0.5
      vertex 1 1 0.66666666666666663
    endloop
  endfacet
  facet normal 1 0 0
    outer loop
      vertex 1 0.90000000000000002 0.5
      vertex 1 1 0.66666666666666663
      vertex 1 0.90000000000000002 0.66666666666666663
    endloop
  endfacet
  facet normal 0 1 0
    outer loop
      vertex 0.90000000000000002 1 0.5
      vertex 0.90000000000000002 1 0.66666666666666663
      vertex 1 1 0.66666666666666663
    endloop
  endfacet
  facet normal 0 1 0
    outer loop
      vertex 0.90000000000000002 1 0.5
      vertex 1 1 0.66666666666666663
      vertex 1 1 0.5
    endloop
  endfacet
  facet normal -1 0 0
    outer loop
      vertex 0 0 0.66666666666666663
      vertex 0 0 0.83333333333333337
      vertex 0 0.10000000000000001 0.83333333333333337
    endloop
  endfacet
  facet normal -1 0 0
    outer loop
      vertex 0 0 0.66666666666666663
      vertex 0 0.10000000000000001 0.83333333333333337
      vertex 0 0.10000000000000001 0.66666666666666663
    endloop
  endfacet
  facet normal 0 -1 0
    outer loop
      vertex 0 0 0.66666666666666663
      vertex 0.10000000000000001 0 0.66666666666666663
      vertex 0.10000000000000001 0 0.83333333333333337
    endloop
  endfacet
  facet normal 0 -1 0
    outer loop
      vertex 0 0 0.66666666666666663
      vertex 0.10000000000000001 0 0.83333333333333337
      vertex 0 0 0.83333333333333337
    endloop
  endfacet
  facet normal 0 -1 0
    outer loop
      vertex 0.10000000000000001 0 0.66666666666666663
      vertex 0.20000000000000001 0 0.66666666666666663
      vertex 0.20000000000000001 0 0.83333333333333337
    endloop
  endfacet
  facet normal 0 -1 0
    outer loop
      vertex 0.10000000000000001 0 0.66666666666666663
      vertex 0.20000000000000001 0 0.83333333333333337
      vertex 0.10000000000000001 0 0.83333333333333337
    endloop
  endfacet
  facet normal 0 -1 0
    outer loop
      vertex 0.20000000000000001 0 0.66666666666666663
      vertex 0.29999999999999999 0 0.66666666666666663
      vertex 0.29999999999999999 0 0.83333333333333337
    endloop
  endfacet
  facet normal 0 -1 0
    outer loop
      vertex 0.20000000000000001 0 0.66666666666666663
      vertex 0.29999999999999999 0 0.83333333333333337
      vertex 0.20000000000000001 0 0.83333333333333337
    endloop
  endfacet
  facet normal 0 -1 0
    outer loop
      vertex 0.29999999999999999 0 0.66666666666666663
      vertex 0.40000000000000002 0 0.66666666666666663
      vertex 0.40000000000000002 0 0.83333333333333337
    endloop
  endfacet
  facet normal 0 -1 0
    outer loop
      vertex 0.29999999999999999 0 0.66666666666666663
      vertex 0.40000000000000002 0 0.83333333333333337
      vertex 0.29999999999999999 0 0.83333333333333337
    endloop
  endfacet
  facet normal 0 -1 0
    outer loop
      vertex 0.40000000000000002 0 0.66666666666666663
      vertex 0.5 0 0.66666666666666663
      vertex 0.5 0 0.83333333333333337
    endloop
  endfacet
  facet normal 0 -1 0
    outer loop
      vertex 0.40000000000000002 0 0.66666666666666663
      vertex 0.5 0 0.83333333333333337
      vertex 0.40000000000000002 0 0.83333333333333337
    endloop
  endfacet
  facet normal 0 -1 0
    outer loop
      vertex 0.5 0 0.66666666666666663
      vertex 0.59999999999999998 0 0.66666666666666663
      vertex 0.59999999999999998 0 0.83333333333333337
    endloop
  endfacet
  facet normal 0 -1 0
    outer loop
      vertex 0.5 0 0.66666666666666663
      vertex 0.59999999999999998 0 0.83333333333333337
      vertex 0.5 0 0.83333333333333337
    endloop
  endfacet
  facet normal 0 -1 0
    outer loop
      vertex 0.59999999999999998 0 0.66666666666666663
      vertex 0.69999999999999996 0 0.66666666666666663
      vertex 0.69999999999999996 0 0.83333333333333337
    endloop
  endfacet
  facet normal 0 -1 0
    outer loop
      vertex 0.59999999999999998 0 0.66666666666666663
      vertex 0.69999999999999996 0 0.83333333333333337
      vertex 0.59999999999999998 0 0.83333333333333337
    endloop
  endfacet
  facet normal 0 -1 0
    outer loop
      vertex 0.69999999999999996 0 0.66666666666666663
      vertex 0.80000000000000004 0 0.66666666666666663
      vertex 0.80000000000000004 0 0.83333333333333337
    endloop
  endfacet
  facet normal 0 -1 0
    outer loop
      vertex 0.69999999999999996 0 0.66666666666666663
      vertex 0.80000000000000004 0 0.83333333333333337
      vertex 0.69999999999999996 0 0.83333333333333337
    endloop
  endfacet
  facet normal 0 -1 0
    outer loop
      vertex 0.80000000000000004 0 0.66666666666666663
      vertex 0.90000000000000002 0 0.66666666666666663
      vertex 0.90000000000000002 0 0.83333333333333337
    endloop
  endfacet
  facet normal 0 -1 0
    outer loop
      vertex 0.80000000000000004 0 0.66666666666666663
      vertex 0.90000000000000002 0 0.83333333333333337
      vertex 0.80000000000000004 0 0.83333333333333337
    endloop
  endfacet
  facet normal 1 0 0
    outer loop
      vertex 1 0 0.66666666666666663
      vertex 1 0.10000000000000001 0.66666666666666663
      vertex 1 0.10000000000000001 0.83333333333333337
    endloop
  endfacet
  facet normal 1 0 0
    outer loop
      vertex 1 0 0.66666666666666663
      vertex 1 0.10000000000000001 0.83333333333333337
      vertex 1 0 0.83333333333333337
    endloop
  endfacet
  facet normal 0 -1 0
    outer loop
      vertex 0.90000000000000002 0 0.66666666666666663
      vertex 1 0 0.66666666666666663
      vertex 1 0 0.83333333333333337
    endloop
  endfacet
  facet normal 0 -1 0
    outer loop
      vertex 0.90000000000000002 0 0.66666666666666663
      vertex 1 0 0.83333333333333337
      vertex 0.90000000000000002 0 0.83333333333333337
    endloop
  endfacet
  facet normal -1 0 0
    outer loop
      vertex 0 0.10000000000000001 0.66666666666666663
      vertex 0 0.10000000000000001 0.83333333333333337
      vertex 0 0.20000000000000001 0.83333333333333337
    endloop
  endfacet
  facet normal -1 0 0
    outer loop
      vertex 0 0.10000000000000001 0.66666666666666663
      vertex 0 0.20000000000000001 0.83333333333333337
      vertex 0 0.20000000000000001 0.66666666666666663
    endloop
  endfacet
  facet normal 1 0 0
    outer loop
      vertex 1 0.10000000000000001 0.66666666666666663
      vertex 1 0.20000000000000001 0.66666666666666663
      vertex 1 0.20000000000000001 0.83333333333333337
    endloop
  endfacet
  facet normal 1 0 0
    outer loop
      vertex 1 0.10000000000000001 0.66666666666666663
      vertex 1 0.20000000000000001 0.83333333333333337
      vertex 1 0.10000000000000001 0.83333333333333337
    endloop
  endfacet
  facet normal -1 0 0
    outer loop
      vertex 0 0.20000000000000001 0.66666666666666663
      vertex 0 0.20000000000000001 0.83333333333333337
      vertex 0 0.29999999999999999 0.83333333333333337
    endloop
  endfacet
  facet normal -1 0 0
    outer loop
      vertex 0 0.20000000000000001 0.66666666666666663
      vertex 0 0.29999999999999999 0.83333333333333337
      vertex 0 0.29999999999999999 0.66666666666666663
    endloop
  endfacet
  facet normal 0 1 0
    outer loop
      vertex 0.29999999999999999 0.29999999999999999 0.66666666666666663
      vertex 0.29999999999999999 0.29999999999999999 0.83333333333333337
      vertex 0.40000000000000002 0.29999999999999999 0.83333333333333337
    endloop
  endfacet
  facet normal 0 1 0
    outer loop
      vertex 0.29999999999999999 0.29999999999999999 0.66666666666666663
      vertex 0.40000000000000002 0.29999999999999999 0.83333333333333337
      vertex 0.40000000000000002 0.29999999999999999 0.66666666666666663
    endloop
  endfacet
  facet normal 0 1 0
    outer loop
      vertex 0.40000000000000002 0.29999999999999999 0.66666666666666663
      vertex 0.40000000000000002 0.29999999999999999 0.83333333333333337
      vertex 0.5 0.29999999999999999 0.83333333333333337
    endloop
  endfacet
  facet normal 0 1 0
    outer loop
      vertex 0.40000000000000002 0.29999999999999999 0.66666666666666663
      vertex 0.5 0.29999999999999999 0.83333333333333337
      vertex 0.5 0.29999999999999999 0.66666666666666663
    endloop
  endfacet
  facet normal 0 1 0
    outer loop
      vertex 0.5 0.29999999999999999 0.66666666666666663
      vertex 0.5 0.29999999999999999 0.83333333333333337
      vertex 0.59999999999999998 0.29999999999999999 0.83333333333333337
    endloop
  endfacet
  facet normal 0 1 0
    outer loop
      vertex 0.5 0.29999999999999999 0.66666666666666663
      vertex 0.59999999999999998 0.29999999999999999 0.83333333333333337
      vertex 0.59999999999999998 0.29999999999999999 0.66666666666666663
    endloop
  endfacet
  facet normal 0 1 0
    outer loop
      vertex 0.59999999999999998 0.29999999999999999 0.66666666666666663
      vertex 0.59999999999999998 0.29999999999999999 0.83333333333333337
      vertex 0.69999999999999996 0.29999999999999999 0.83333333333333337
    endloop
  endfacet
  facet normal 0 1 0
    outer loop
      vertex 0.59999999999999998 0.29999999999999999 0.66666666666666663
      vertex 0.69999999999999996 0.29999999999999999 0.83333333333333337
      vertex 0.69999999999999996 0.29999999999999999 0.66666666666666663
    endloop
  endfacet
  facet normal 1 0 0
    outer loop
      vertex 1 0.20000000000000001 0.66666666666666663
      vertex 1 0.29999999999999999 0.66666666666666663
      vertex 1 0.29999999999999999 0.83333333333333337
    endloop
  endfacet
  facet normal 1 0 0
    outer loop
      vertex 1 0.20000000000000001 0.66666666666666663
      vertex 1 0.29999999999999999 0.83333333333333337
      vertex 1 0.20000000000000001 0.83333333333333337
    endloop
  endfacet
  facet normal -1 0 0
    outer loop
      vertex 0 0.29999999999999999 0.66666666666666663
      vertex 0 0.29999999999999999 0.83333333333333337
      vertex 0 0.40000000000000002 0.83333333333333337
    endloop
  endfacet
  facet normal -1 0 0
    outer loop
      vertex 0 0.29999999999999999 0.66666666666666663
      vertex 0 0.40000000000000002 0.83333333333333337
      vertex 0 0.40000000000000002 0.66666666666666663
    endloop
  endfacet
  facet normal 1 0 0
    outer loop
      vertex 0.29999999999999999 0.29999999999999999 0.66666666666666663
      vertex 0.29999999999999999 0.40000000000000002 0.66666666666666663
      vertex 0.29999999999999999 0.40000000000000002 0.83333333333333337
    endloop
  endfacet
  facet normal 1 0 0
    outer loop
      vertex 0.29999999999999999 0.29999999999999999 0.66666666666666663
      vertex 0.29999999999999999 0.40000000000000002 0.83333333333333337
      vertex 0.29999999999999999 0.29999999999999999 0.83333333333333337
    endloop
  endfacet
  facet normal -1 0 0
    outer loop
      vertex 0.69999999999999996 0.29999999999999999 0.66666666666666663
      vertex 0.69999999999999996 0.29999999999999999 0.83333333333333337
      vertex 0.69999999999999996 0.40000000000000002 0.83333333333333337
    endloop
  endfacet
  facet normal -1 0 0
    outer loop
      vertex 0.69999999999999996 0.29999999999999999 0.66666666666666663
      vertex 0.69999999999999996 0.40000000000000002 0.83333333333333337
      vertex 0.69999999999999996 0.40000000000000002 0.66666666666666663
    endloop
  endfacet
  facet normal 1 0 0
    outer loop
      vertex 1 0.29999999999999999 0.66666666666666663
      vertex 1 0.40000000000000002 0.66666666666666663
      vertex 1 0.40000000000000002 0.83333333333333337
    endloop
  endfacet
  facet normal 1 0 0
    outer loop
      vertex 1 0.29999999999999999 0.66666666666666663
      vertex 1 0.40000000000000002 0.83333333333333337
      vertex 1 0.29999999999999999 0.83333333333333337
    endloop
  endfacet
  facet normal -1 0 0
    outer loop
      vertex 0 0.40000000000000002 0.66666666666666663
      vertex 0 0.40000000000000002 0.83333333333333337
      vertex 0 0.5 0.83333333333333337
    endloop
  endfacet
  facet normal -1 0 0
    outer loop
      vertex 0 0.40000000000000002 0.66666666666666663
      vertex 0 0.5 0.83333333333333337
      vertex 0 0.5 0.66666666666666663
    endloop
  endfacet
  facet normal 1 0 0
    outer loop
      vertex 0.29999999999999999 0.40000000000000002 0.66666666666666663
      vertex 0.29999999999999999 0.5 0.66666666666666663
      vertex 0.29999999999999999 0.5 0.83333333333333337
    endloop
  endfacet
  facet normal 1 0 0
    outer loop
      vertex 0.29999999999999999 0.40000000000000002 0.66666666666666663
      vertex 0.29999999999999999 0.5 0.83333333333333337
      vertex 0.29999999999999999 0.40000000000000002 0.83333333333333337
    endloop
  endfacet
  facet normal -1 0 0
    outer loop
      vertex 0.69999999999999996 0.40000000000000002 0.66666666666666663
      vertex 0.69999999999999996 0.40000000000000002 0.83333333333333337
      vertex 0.69999999999999996 0.5 0.83333333333333337
    endloop
  endfacet
  facet normal -1 0 0
    outer loop
      vertex 0.69999999999999996 0.40000000000000002 0.66666666666666663
      vertex 0.69999999999999996 0.5 0.83333333333333337
      vertex 0.69999999999999996 0.5 0.66666666666666663
    endloop
  endfacet
  facet normal 1 0 0
    outer loop
      vertex 1 0.40000000000000002 0.66666666666666663
      vertex 1 0.5 0.66666666666666663
      vertex 1 0.5 0.83333333333333337
    endloop
  endfacet
  facet normal 1 0 0
    outer loop
      vertex 1 0.40000000000000002 0.66666666666666663
      vertex 1 0.5 0.83333333333333337
      vertex 1 0.40000000000000002 0.83333333333333337
    endloop
  endfacet
  facet normal -1 0 0
    outer loop
      vertex 0 0.5 0.66666666666666663
      vertex 0 0.5 0.83333333333333337
      vertex 0 0.59999999999999998 0.83333333333333337
    endloop
  endfacet
  facet normal -1 0 0
    outer loop
      vertex 0 0.5 0.66666666666666663
      vertex 0 0.59999999999999998 0.83333333333333337
      vertex 0 0.59999999999999998 0.66666666666666663
    endloop
  endfacet
  facet normal 1 0 0
    outer loop
      vertex 0.29999999999999999 0.5 0.66666666666666663
      vertex 0.29999999999999999 0.59999999999999998 0.66666666666666663
      vertex 0.29999999999999999 0.59999999999999998 0.83333333333333337
    endloop
  endfacet
  facet normal 1 0 0
    outer loop
      vertex 0.29999999999999999 0.5 0.66666666666666663
      vertex 0.29999999999999999 0.59999999999999998 0.83333333333333337
      vertex 0.29999999999999999 0.5 0.83333333333333337
    endloop
  endfacet
  facet normal -1 0 0
    outer loop
      vertex 0.69999999999999996 0.5 0.66666666666666663
      vertex 0.69999999999999996 0.5 0.83333333333333337
      vertex 0.69999999999999996 0.59999999999999998 0.83333333333333337
    endloop
  endfacet
  facet normal -1 0 0
    outer loop
      vertex 0.69999999999999996 0.5 0.66666666666666663
      vertex 0.69999999999999996 0.59999999999999998 0.83333333333333337
      vertex 0.69999999999999996 0.59999999999999998 0.66666666666666663
    endloop
  endfacet
  facet normal 1 0 0
    outer loop
      vertex 1 0.5 0.66666666666666663
      vertex 1 0.59999999999999998 0.66666666666666663
      vertex 1 0.59999999999999998 0.83333333333333337
    endloop
  endfacet
  facet normal 1 0 0
    outer loop
      vertex 1 0.5 0.66666666666666663
      vertex 1 0.59999999999999998 0.83333333333333337
      vertex 1 0.5 0.83333333333333337
    endloop
  endfacet
  facet normal -1 0 0
    outer loop
      vertex 0 0.59999999999999998 0.66666666666666663
      vertex 0 0.59999999999999998 0.83333333333333337
      vertex 0 0.69999999999999996 0.83333333333333337
    endloop
  endfacet
  facet normal -1 0 0
    outer loop
      vertex 0 0.59999999999999998 0.66666666666666663
      vertex 0 0.69999999999999996 0.83333333333333337
      vertex 0 0.69999999999999996 0.66666666666666663
    endloop
  endfacet
  facet normal 1 0 0
    outer loop
      vertex 0.29999999999999999 0.59999999999999998 0.66666666666666663
      vertex 0.29999999999999999 0.69999999999999996 0.66666666666666663
      vertex 0.29999999999999999 0.69999999999999996 0.83333333333333337
    endloop
  endfacet
  facet normal 1 0 0
    outer loop
      vertex 0.29999999999999999 0.59999999999999998 0.66666666666666663
      vertex 0.29999999999999999 0.69999999999999996 0.83333333333333337
      vertex 0.29999999999999999 0.59999999999999998 0.83333333333333337
    endloop
  endfacet
  facet normal -1 0 0
    outer loop
      vertex 0.69999999999999996 0.59999999999999998 0.66666666666666663
      vertex 0.69999999999999996 0.59999999999999998 0.83333333333333337
      vertex 0.69999999999999996 0.69999999999999996 0.83333333333333337
    endloop
  endfacet
  facet normal -1 0 0
    outer loop
      vertex 0.69999999999999996 0.59999999999999998 0.66666666666666663
      vertex 0.69999999999999996 0.69999999999999996 0.83333333333333337
      vertex 0.69999999999999996 0.69999999999999996 0.66666666666666663
    endloop
  endfacet
  facet normal 1 0 0
    outer loop
      vertex 1 0.59999999999999998 0.66666666666666663
      vertex 1 0.69999999999999996 0.66666666666666663
      vertex 1 0.69999999999999996 0.83333333333333337
    endloop
  endfacet
  facet normal 1 0 0
    outer loop
      vertex 1 0.59999999999999998 0.66666666666666663
      vertex 1 0.69999999999999996 0.83333333333333337
      vertex 1 0.59999999999999998 0.83333333333333337
    endloop
  endfacet
  facet normal -1 0 0
    outer loop
      vertex 0 0.69999999999999996 0.66666666666666663
      vertex 0 0.69999999999999996 0.83333333333333337
      vertex 0 0.80000000000000004 0.83333333333333337
    endloop
  endfacet
  facet normal -1 0 0
    outer loop
      vertex 0 0.69999999999999996 0.66666666666666663
      vertex 0 0.80000000000000004 0.83333333333333337
      vertex 0 0.80000000000000004 0.66666666666666663
    endloop
  endfacet
  facet normal 0 -1 0
    outer loop
      vertex 0.29999999999999999 0.69999999999999996 0.66666666666666663
      vertex 0.40000000000000002 0.69999999999999996 0.66666666666666663
      vertex 0.40000000000000002 0.69999999999999996 0.83333333333333337
    endloop
  endfacet
  facet normal 0 -1 0
    outer loop
      vertex 0.29999999999999999 0.69999999999999996 0.66666666666666663
      vertex 0.40000000000000002 0.69999999999999996 0.83333333333333337
      vertex 0.29999999999999999 0.69999999999999996 0.83333333333333337
    endloop
  endfacet
  facet normal 0 -1 0
    outer loop
      vertex 0.40000000000000002 0.69999999999999996 0.66666666666666663
      vertex 0.5 0.69999999999999996 0.66666666666666663
      vertex 0.5 0.69999999999999996 0.83333333333333337
    endloop
  endfacet
  facet normal 0 -1 0
    outer loop
      vertex 0.40000000000000002 0.69999999999999996 0.66666666666666663
      vertex 0.5 0.69999999999999996 0.83333333333333337
      vertex 0.40000000000000002 0.69999999999999996 0.83333333333333337
    endloop
  endfacet
  facet normal 0 -1 0
    outer loop
      vertex 0.5 0.69999999999999996 0.66666666666666663
      vertex 0.59999999999999998 0.69999999999999996 0.66666666666666663
      vertex 0.59999999999999998 0.69999999999999996 0.83333333333333337
    endloop
  endfacet
  facet normal 0 -1 0
    outer loop
      vertex 0.5 0.69999999999999996 0.66666666666666663
      vertex 0.59999999999999998 0.69999999999999996 0.83333333333333337
      vertex 0.5 0.69999999999999996 0.83333333333333337
    endloop
  endfacet
  facet normal 0 -1 0
    outer loop
      vertex 0.59999999999999998 0.69999999999999996 0.66666666666666663
      vertex 0.69999999999999996 0.69999999999999996 0.66666666666666663
      vertex 0.69999999999999996 0.69999999999999996 0.83333333333333337
    endloop
  endfacet
  facet normal 0 -1 0
    outer loop
      vertex 0.59999999999999998 0.69999999999999996 0.66666666666666663
      vertex 0.69999999999999996 0.69999999999999996 0.83333333333333337
      vertex 0.59999999999999998 0.69999999999999996 0.83333333333333337
    endloop
  endfacet
  facet normal 1 0 0
    outer loop
      vertex 1 0.69999999999999996 0.66666666666666663
      vertex 1 0.80000000000000004 0.66666666666666663
      vertex 1 0.80000000000000004 0.83333333333333337
    endloop
  endfacet
  facet normal 1 0 0
    outer loop
      vertex 1 0.69999999999999996 0.66666666666666663
      vertex 1 0.80000000000000004 0.83333333333333337
      vertex 1 0.69999999999999996 0.83333333333333337
    endloop
  endfacet
  facet normal -1 0 0
    outer loop
      vertex 0 0.80000000000000004 0.66666666666666663
      vertex 0 0.80000000000000004 0.83333333333333337
      vertex 0 0.90000000000000002 0.83333333333333337
    endloop
  endfacet
  facet normal -1 0 0
    outer loop
      vertex 0 0.80000000000000004 0.66666666666666663
      vertex 0 0.90000000000000002 0.83333333333333337
      vertex 0 0.90000000000000002 0.66666666666666663
    endloop
  endfacet
  facet normal 1 0 0
    outer loop
      vertex 1 0.80000000000000004 0.66666666666666663
      vertex 1 0.90000000000000002 0.66666666666666663
      vertex 1 0.90000000000000002 0.83333333333333337
    endloop
  endfacet
  facet normal 1 0 0
    outer loop
      vertex 1 0.80000000000000004 0.66666666666666663
      vertex 1 0.90000000000000002 0.83333333333333337
      vertex 1 0.80000000000000004 0.83333333333333337
    endloop
  endfacet
  facet normal -1 0 0
    outer loop
      vertex 0 0.90000000000000002 0.66666666666666663
      vertex 0 0.90000000000000002 0.83333333333333337
      vertex 0 1 0.83333333333333337
    endloop
  endfacet
  facet normal -1 0 0
    outer loop
      vertex 0 0.90000000000000002 0.66666666666666663
      vertex 0 1 0.83333333333333337
      vertex 0 1 0.66666666666666663
    endloop
  endfacet
  facet normal 0 1 0
    outer loop
      vertex 0 1 0.66666666666666663
      vertex 0 1 0.83333333333333337
      vertex 0.10000000000000001 1 0.83333333333333337
    endloop
  endfacet
  facet normal 0 1 0
    outer loop
      vertex 0 1 0.66666666666666663
      vertex 0.10000000000000001 1 0.83333333333333337
      vertex 0.10000000000000001 1 0.66666666666666663
    endloop
  endfacet
  facet normal 0 1 0
    outer loop
      vertex 0.10000000000000001 1 0.66666666666666663
      vertex 0.10000000000000001 1 0.83333333333333337
      vertex 0.20000000000000001 1 0.83333333333333337
    endloop
  endfacet
  facet normal 0 1 0
    outer loop
      vertex 0.10000000000000001 1 0.66666666666666663
      vertex 0.20000000000000001 1 0.83333333333333337
      vertex 0.20000000000000001 1 0.66666666666666663
    endloop
  endfacet
  facet normal 0 1 0
    outer loop
      vertex 0.20000000000000001 1 0.66666666666666663
      vertex 0.20000000000000001 1 0.83333333333333337
      vertex 0.29999999999999999 1 0.83333333333333337
    endloop
  endfacet
  facet normal 0 1 0
    outer loop
      vertex 0.20000000000000001 1 0.66666666666666663
      vertex 0.29999999999999999 1 0.83333333333333337
      vertex 0.29999999999999999 1 0.66666666666666663
    endloop
  endfacet
  facet normal 0 1 0
    outer loop
      vertex 0.29999999999999999 1 0.66666666666666663
      vertex 0.29999999999999999 1 0.83333333333333337
      vertex 0.40000000000000002 1 0.83333333333333337
    endloop
  endfacet
  facet normal 0 1 0
    outer loop
      vertex 0.29999999999999999 1 0.66666666666666663
      vertex 0.40000000000000002 1 0.83333333333333337
      vertex 0.40000000000000002 1 0.66666666666666663
    endloop
  endfacet
  facet normal 0 1 0
    outer loop
      vertex 0.40000000000000002 1 0.66666666666666663
      vertex 0.40000000000000002 1 0.83333333333333337
      vertex 0.5 1 0.83333333333333337
    endloop
  endfacet
  facet normal 0 1 0
    outer loop
      vertex 0.40000000000000002 1 0.66666666666666663
      vertex 0.5 1 0.83333333333333337
      vertex 0.5 1 0.66666666666666663
    endloop
  endfacet
  facet normal 0 1 0
    outer loop
      vertex 0.5 1 0.66666666666666663
      vertex 0.5 1 0.83333333333333337
      vertex 0.59999999999999998 1 0.83333333333333337
    endloop
  endfacet
  facet normal 0 1 0
    outer loop
      vertex 0.5 1 0.66666666666666663
      vertex 0.59999999999999998 1 0.83333333333333337
      vertex 0.59999999999999998 1 0.66666666666666663
    endloop
  endfacet
  facet normal 0 1 0
    outer loop
      vertex 0.59999999999999998 1 0.66666666666666663
      vertex 0.59999999999999998 1 0.83333333333333337
      vertex 0.69999999999999996 1 0.83333333333333337
    endloop
  endfacet
  facet normal 0 1 0
    outer loop
      vertex 0.59999999999999998 1 0.66666666666666663
      vertex 0.69999999999999996 1 0.83333333333333337
      vertex 0.69999999999999996 1 0.66666666666666663
    endloop
  endfacet
  facet normal 0 1 0
    outer loop
      vertex 0.69999999999999996 1 0.66666666666666663
      vertex 0.69999999999999996 1 0.83333333333333337
      vertex 0.80000000000000004 1 0.83333333333333337
    endloop
  endfacet
  facet normal 0 1 0
    outer loop
      vertex 0.69999999999999996 1 0.66666666666666663
      vertex 0.80000000000000004 1 0.83333333333333337
      vertex 0.80000000000000004 1 0.66666666666666663
    endloop
  endfacet
  facet normal 0 1 0
    outer loop
      vertex 0.80000000000000004 1 0.66666666666666663
      vertex 0.80000000000000004 1 0.83333333333333337
      vertex 0.90000000000000002 1 0.83333333333333337
    endloop
  endfacet
  facet normal 0 1 0
    outer loop
      vertex 0.80000000000000004 1 0.66666666666666663
      vertex 0.90000000000000002 1 0.83333333333333337
      vertex 0.90000000000000002 1 0.66666666666666663
    endloop
  endfacet
  facet normal 1 0 0
    outer loop
      vertex 1 0.90000000000000002 0.66666666666666663
      vertex 1 1 0.66666666666666663
      vertex 1 1 0.83333333333333337
    endloop
  endfacet
  facet normal 1 0 0
    outer loop
      vertex 1 0.90000000000000002 0.66666666666666663
      vertex 1 1 0.83333333333333337
      vertex 1 0.90000000000000002 0.83333333333333337
    endloop
  endfacet
  facet normal 0 1 0
    outer loop
      vertex 0.90000000000000002 1 0.66666666666666663
      vertex 0.90000000000000002 1 0.83333333333333337
      vertex 1 1 0.83333333333333337
    endloop
  endfacet
  facet normal 0 1 0
    outer loop
      vertex 0.90000000000000002 1 0.66666666666666663
      vertex 1 1 0.83333333333333337
      vertex 1 1 0.66666666666666663
    endloop
  endfacet
  facet normal -1 0 0
    outer loop
      vertex 0 0 0.83333333333333337
      vertex 0 0 1
      vertex 0 0.10000000000000001 1
    endloop
  endfacet
  facet normal -1 0 0
    outer loop
      vertex 0 0 0.83333333333333337
      vertex 0 0.10000000000000001 1
      vertex 0 0.10000000000000001 0.83333333333333337
    endloop
  endfacet
  facet normal 0 -1 0
    outer loop
      vertex 0 0 0.83333333333333337
      vertex 0.10000000000000001 0 0.83333333333333337
      vertex 0.10000000000000001 0 1
    endloop
  endfacet
  facet normal 0 -1 0
    outer loop
      vertex 0 0 0.83333333333333337
      vertex 0.10000000000000001 0 1
      vertex 0 0 1
    endloop
  endfacet
  facet normal 0 0 1
    outer loop
      vertex 0 0 1
      vertex 0.10000000000000001 0 1
      vertex 0.10000000000000001 0.10000000000000001 1
    endloop
  endfacet
  facet normal 0 0 1
    outer loop
      vertex 0 0 1
      vertex 0.10000000000000001 0.10000000000000001 1
      vertex 0 0.10000000000000001 1
    endloop
  endfacet
  facet normal 0 -1 0
    outer loop
      vertex 0.10000000000000001 0 0.83333333333333337
      vertex 0.20000000000000001 0 0.83333333333333337
      vertex 0.20000000000000001 0 1
    endloop
  endfacet
  facet normal 0 -1 0
    outer loop
      vertex 0.10000000000000001 0 0.83333333333333337
      vertex 0.20000000000000001 0 1
      vertex 0.10000000000000001 0 1
    endloop
  endfacet
  facet normal 0 0 1
    outer loop
      vertex 0.10000000000000001 0 1
      vertex 0.20000000000000001 0 1
      vertex 0.20000000000000001 0.10000000000000001 1
    endloop
  endfacet
  facet normal 0 0 1
    outer loop
      vertex 0.10000000000000001 0 1
      vertex 0.20000000000000001 0.10000000000000001 1
      vertex 0.10000000000000001 0.10000000000000001 1
    endloop
  endfacet
  facet normal 0 -1 0
    outer loop
      vertex 0.20000000000000001 0 0.83333333333333337
      vertex 0.29999999999999999 0 0.83333333333333337
      vertex 0.29999999999999999 0 1
    endloop
  endfacet
  facet normal 0 -1 0
    outer loop
      vertex 0.20000000000000001 0 0.83333333333333337
      vertex 0.29999999999999999 0 1
      vertex 0.20000000000000001 0 1
    endloop
  endfacet
  facet normal 0 0 1
    outer loop
      vertex 0.20000000000000001 0 1
      vertex 0.29999999999999999 0 1
      vertex 0.29999999999999999 0.10000000000000001 1
    endloop
  endfacet
  facet normal 0 0 1
    outer loop
      vertex 0.20000000000000001 0 1
      vertex 0.29999999999999999 0.10000000000000001 1
      vertex 0.20000000000000001 0.10000000000000001 1
    endloop
  endfacet
  facet normal 0 -1 0
    outer loop
      vertex 0.29999999999999999 0 0.83333333333333337
      vertex 0.40000000000000002 0 0.83333333333333337
      vertex 0.40000000000000002 0 1
    endloop
  endfacet
  facet normal 0 -1 0
    outer loop
      vertex 0.29999999999999999 0 0.83333333333333337
      vertex 0.40000000000000002 0 1
      vertex 0.29999999999999999 0 1
    endloop
  endfacet
  facet normal 0 0 1
    outer loop
      vertex 0.29999999999999999 0 1
      vertex 0.40000000000000002 0 1
      vertex 0.40000000000000002 0.10000000000000001 1
    endloop
  endfacet
  facet normal 0 0 1
    outer loop
      vertex 0.29999999999999999 0 1
      vertex 0.40000000000000002 0.10000000000000001 1
      vertex 0.29999999999999999 0.10000000000000001 1
    endloop
  endfacet
  facet normal 0 -1 0
    outer loop
      vertex 0.40000000000000002 0 0.83333333333333337
      vertex 0.5 0 0.83333333333333337
      vertex 0.5 0 1
    endloop
  endfacet
  facet normal 0 -1 0
    outer loop
      vertex 0.40000000000000002 0 0.83333333333333337
      vertex 0.5 0 1
      vertex 0.40000000000000002 0 1
    endloop
  endfacet
  facet normal 0 0 1
    outer loop
      vertex 0.40000000000000002 0 1
      vertex 0.5 0 1
      vertex 0.5 0.10000000000000001 1
    endloop
  endfacet
  facet normal 0 0 1
    outer loop
      vertex 0.40000000000000002 0 1
      vertex 0.5 0.10000000000000001 1
      vertex 0.40000000000000002 0.10000000000000001 1
    endloop
  endfacet
  facet normal 0 -1 0
    outer loop
      vertex 0.5 0 0.83333333333333337
      vertex 0.59999999999999998 0 0.83333333333333337
      vertex 0.59999999999999998 0 1
    endloop
  endfacet
  facet normal 0 -1 0
    outer loop
      vertex 0.5 0 0.83333333333333337
      vertex 0.59999999999999998 0 1
      vertex 0.5 0 1
    endloop
  endfacet
  facet normal 0 0 1
    outer loop
      vertex 0.5 0 1
      vertex 0.59999999999999998 0 1
      vertex 0.59999999999999998 0.10000000000000001 1
    endloop
  endfacet
  facet normal 0 0 1
    outer loop
      vertex 0.5 0 1
      vertex 0.59999999999999998 0.10000000000000001 1
      vertex 0.5 0.10000000000000001 1
    endloop
  endfacet
  facet normal 0 -1 0
    outer loop
      vertex 0.59999999999999998 0 0.83333333333333337
      vertex 0.69999999999999996 0 0.83333333333333337
      vertex 0.69999999999999996 0 1
    endloop
  endfacet
  facet normal 0 -1 0
    outer loop
      vertex 0.59999999999999998 0 0.83333333333333337
      vertex 0.69999999999999996 0 1
      vertex 0.59999999999999998 0 1
    endloop
  endfacet
  facet normal 0 0 1
    outer loop
      vertex 0.59999999999999998 0 1
      vertex 0.69999999999999996 0 1
      vertex 0.69999999999999996 0.10000000000000001 1
    endloop
  endfacet
  facet normal 0 0 1
    outer loop
      vertex 0.59999999999999998 0 1
      vertex 0.69999999999999996 0.10000000000000001 1
      vertex 0.59999999999999998 0.10000000000000001 1
    endloop
  endfacet
  facet normal 0 -1 0
    outer loop
      vertex 0.69999999999999996 0 0.83333333333333337
      vertex 0.80000000000000004 0 0.83333333333333337
      vertex 0.80000000000000004 0 1
    endloop
  endfacet
  facet normal 0 -1 0
    outer loop
      vertex 0.69999999999999996 0 0.83333333333333337
      vertex 0.80000000000000004 0 1
      vertex 0.69999999999999996 0 1
    endloop
  endfacet
  facet normal 0 0 1
    outer loop
      vertex 0.69999999999999996 0 1
      vertex 0.80000000000000004 0 1
      vertex 0.80000000000000004 0.10000000000000001 1
    endloop
  endfacet
  facet normal 0 0 1
    outer loop
      vertex 0.69999999999999996 0 1
      vertex 0.80000000000000004 0.10000000000000001 1
      vertex 0.69999999999999996 0.10000000000000001 1
    endloop
  endfacet
  facet normal 0 -1 0
    outer loop
      vertex 0.80000000000000004 0 0.83333333333333337
      vertex 0.90000000000000002 0 0.83333333333333337
      vertex 0.90000000000000002 0 1
    endloop
  endfacet
  facet normal 0 -1 0
    outer loop
      vertex 0.80000000000000004 0 0.83333333333333337
      vertex 0.90000000000000002 0 1
      vertex 0.80000000000000004 0 1
    endloop
  endfacet
  facet normal 0 0 1
    outer loop
      vertex 0.80000000000000004 0 1
      vertex 0.90000000000000002 0 1
      vertex 0.90000000000000002 0.10000000000000001 1
    endloop
  endfacet
  facet normal 0 0 1
    outer loop
      vertex 0.80000000000000004 0 1
      vertex 0.90000000000000002 0.10000000000000001 1
      vertex 0.80000000000000004 0.10000000000000001 1
    endloop
  endfacet
  facet normal 1 0 0
    outer loop
      vertex 1 0 0.83333333333333337
      vertex 1 0.10000000000000001 0.83333333333333337
      vertex 1 0.10000000000000001 1
    endloop
  endfacet
  facet normal 1 0 0
    outer loop
      vertex 1 0 0.83333333333333337
      vertex 1 0.10000000000000001 1
      vertex 1 0 1
    endloop
  endfacet
  facet normal 0 -1 0
    outer loop
      vertex 0.90000000000000002 0 0.83333333333333337
      vertex 1 0 0.83333333333333337
      vertex 1 0 1
    endloop
  endfacet
  facet normal 0 -1 0
    outer loop
      vertex 0.90000000000000002 0 0.83333333333333337
      vertex 1 0 1
      vertex 0.90000000000000002 0 1
    endloop
  endfacet
  facet normal 0 0 1
    outer loop
      vertex 0.90000000000000002 0 1
      vertex 1 0 1
      vertex 1 0.10000000000000001 1
    endloop
  endfacet
  facet normal 0 0 1
    outer loop
      vertex 0.90000000000000002 0 1
      vertex 1 0.10000000000000001 1
      vertex 0.90000000000000002 0.10000000000000001 1
    endloop
  endfacet
  facet normal -1 0 0
    outer loop
      vertex 0 0.10000000000000001 0.83333333333333337
      vertex 0 0.10000000000000001 1
      vertex 0 0.20000000000000001 1
    endloop
  endfacet
  facet normal -1 0 0
    outer loop
      vertex 0 0.10000000000000001 0.83333333333333337
      vertex 0 0.20000000000000001 1
      vertex 0 0.20000000000000001 0.83333333333333337
    endloop
  endfacet
  facet normal 0 0 1
    outer loop
      vertex 0 0.10000000000000001 1
      vertex 0.10000000000000001 0.10000000000000001 1
      vertex 0.10000000000000001 0.20000000000000001 1
    endloop
  endfacet
  facet normal 0 0 1
    outer loop
      vertex 0 0.10000000000000001 1
      vertex 0.10000000000000001 0.20000000000000001 1
      vertex 0 0.20000000000000001 1
    endloop
  endfacet
  facet normal 0 0 1
    outer loop
      vertex 0.10000000000000001 0.10000000000000001 1
      vertex 0.20000000000000001 0.10000000000000001 1
      vertex 0.20000000000000001 0.20000000000000001 1
    endloop
  endfacet
  facet normal 0 0 1
    outer loop
      vertex 0.10000000000000001 0.10000000000000001 1
      vertex 0.20000000000000001 0.20000000000000001 1
      vertex 0.10000000000000001 0.20000000000000001 1
    endloop
  endfacet
  facet normal 0 0 1
    outer loop
      vertex 0.20000000000000001 0.10000000000000001 1
      vertex 0.29999999999999999 0.10000000000000001 1
      vertex 0.29999999999999999 0.20000000000000001 1
    endloop
  endfacet
  facet normal 0 0 1
    outer loop
      vertex 0.20000000000000001 0.10000000000000001 1
      vertex 0.29999999999999999 0.20000000000000001 1
      vertex 0.20000000000000001 0.20000000000000001 1
    endloop
  endfacet
  facet normal 0 0 1
    outer loop
      vertex 0.29999999999999999 0.10000000000000001 1
      vertex 0.40000000000000002 0.10000000000000001 1
      vertex 0.40000000000000002 0.20000000000000001 1
    endloop
  endfacet
  facet normal 0 0 1
    outer loop
      vertex 0.29999999999999999 0.10000000000000001 1
      vertex 0.40000000000000002 0.20000000000000001 1
      vertex 0.29999999999999999 0.20000000000000001 1
    endloop
  endfacet
  facet normal 0 0 1
    outer loop
      vertex 0.40000000000000002 0.10000000000000001 1
      vertex 0.5 0.10000000000000001 1
      vertex 0.5 0.20000000000000001 1
    endloop
  endfacet
  facet normal 0 0 1
    outer loop
      vertex 0.40000000000000002 0.10000000000000001 1
      vertex 0.5 0.20000000000000001 1
      vertex 0.40000000000000002 0.20000000000000001 1
    endloop
  endfacet
  facet normal 0 0 1
    outer loop
      vertex 0.5 0.10000000000000001 1
      vertex 0.59999999999999998 0.10000000000000001 1
      vertex 0.59999999999999998 0.20000000000000001 1
    endloop
  endfacet
  facet normal 0 0 1
    outer loop
      vertex 0.5 0.10000000000000001 1
      vertex 0.59999999999999998 0.20000000000000001 1
      vertex 0.5 0.20000000000000001 1
    endloop
  endfacet
  facet normal 0 0 1
    outer loop
      vertex 0.59999999999999998 0.10000000000000001 1
      vertex 0.69999999999999996 0.10000000000000001 1
      vertex 0.69999999999999996 0.20000000000000001 1
    endloop
  endfacet
  facet normal 0 0 1
    outer loop
      vertex 0.59999999999999998 0.10000000000000001 1
      vertex 0.69999999999999996 0.20000000000000001 1
      vertex 0.59999999999999998 0.20000000000000001 1
    endloop
  endfacet
  facet normal 0 0 1
    outer loop
      vertex 0.69999999999999996 0.10000000000000001 1
      vertex 0.80000000000000004 0.10000000000000001 1
      vertex 0.80000000000000004 0.20000000000000001 1
    endloop
  endfacet
  facet normal 0 0 1
    outer loop
      vertex 0.69999999999999996 0.10000000000000001 1
      vertex 0.80000000000000004 0.20000000000000001 1
      vertex 0.69999999999999996 0.20000000000000001 1
    endloop
  endfacet
  facet normal 0 0 1
    outer loop
      vertex 0.80000000000000004 0.10000000000000001 1
      vertex 0.90000000000000002 0.10000000000000001 1
      vertex 0.90000000000000002 0.20000000000000001 1
    endloop
  endfacet
  facet normal 0 0 1
    outer loop
      vertex 0.80000000000000004 0.10000000000000001 1
      vertex 0.90000000000000002 0.20000000000000001 1
      vertex 0.80000000000000004 0.20000000000000001 1
    endloop
  endfacet
  facet normal 1 0 0
    outer loop
      vertex 1 0.10000000000000001 0.83333333333333337
      vertex 1 0.20000000000000001 0.83333333333333337
      vertex 1 0.20000000000000001 1
    endloop
  endfacet
  facet normal 1 0 0
    outer loop
      vertex 1 0.10000000000000001 0.83333333333333337
      vertex 1 0.20000000000000001 1
      vertex 1 0.10000000000000001 1
    endloop
  endfacet
  facet normal 0 0 1
    outer loop
      vertex 0.90000000000000002 0.10000000000000001 1
      vertex 1 0.10000000000000001 1
      vertex 1 0.20000000000000001 1
    endloop
  endfacet
  facet normal 0 0 1
    outer loop
      vertex 0.90000000000000002 0.10000000000000001 1
      vertex 1 0.20000000000000001 1
      vertex 0.90000000000000002 0.20000000000000001 1
    endloop
  endfacet
  facet normal -1 0 0
    outer loop
      vertex 0 0.20000000000000001 0.83333333333333337
      vertex 0 0.20000000000000001 1
      vertex 0 0.29999999999999999 1
    endloop
  endfacet
  facet normal -1 0 0
    outer loop
      vertex 0 0.20000000000000001 0.83333333333333337
      vertex 0 0.29999999999999999 1
      vertex 0 0.29999999999999999 0.83333333333333337
    endloop
  endfacet
  facet normal 0 0 1
    outer loop
      vertex 0 0.20000000000000001 1
      vertex 0.10000000000000001 0.20000000000000001 1
      vertex 0.10000000000000001 0.29999999999999999 1
    endloop
  endfacet
  facet normal 0 0 1
    outer loop
      vertex 0 0.20000000000000001 1
      vertex 0.10000000000000001 0.29999999999999999 1
      vertex 0 0.29999999999999999 1
    endloop
  endfacet
  facet normal 0 0 1
    outer loop
      vertex 0.10000000000000001 0.20000000000000001 1
      vertex 0.20000000000000001 0.20000000000000001 1
      vertex 0.20000000000000001 0.29999999999999999 1
    endloop
  endfacet
  facet normal 0 0 1
    outer loop
      vertex 0.10000000000000001 0.20000000000000001 1
      vertex 0.20000000000000001 0.29999999999999999 1
      vertex 0.10000000000000001 0.29999999999999999 1
    endloop
  endfacet
  facet normal 0 0 1
    outer loop
      vertex 0.20000000000000001 0.20000000000000001 1
      vertex 0.29999999999999999 0.20000000000000001 1
      vertex 0.29999999999999999 0.29999999999999999 1
    endloop
  endfacet
  facet normal 0 0 1
    outer loop
      vertex 0.20000000000000001 0.20000000000000001 1
      vertex 0.29999999999999999 0.29999999999999999 1
      vertex 0.20000000000000001 0.29999999999999999 1
    endloop
  endfacet
  facet normal 0 1 0
    outer loop
      vertex 0.29999999999999999 0.29999999999999999 0.83333333333333337
      vertex 0.29999999999999999 0.29999999999999999 1
      vertex 0.40000000000000002 0.29999999999999999 1
    endloop
  endfacet
  facet normal 0 1 0
    outer loop
      vertex 0.29999999999999999 0.29999999999999999 0.83333333333333337
      vertex 0.40000000000000002 0.29999999999999999 1
      vertex 0.40000000000000002 0.29999999999999999 0.83333333333333337
    endloop
  endfacet
  facet normal 0 0 1
    outer loop
      vertex 0.29999999999999999 0.20000000000000001 1
      vertex 0.40000000000000002 0.20000000000000001 1
      vertex 0.40000000000000002 0.29999999999999999 1
    endloop
  endfacet
  facet normal 0 0 1
    outer loop
      vertex 0.29999999999999999 0.20000000000000001 1
      vertex 0.40000000000000002 0.29999999999999999 1
      vertex 0.29999999999999999 0.29999999999999999 1
    endloop
  endfacet
  facet normal 0 1 0
    outer loop
      vertex 0.40000000000000002 0.29999999999999999 0.83333333333333337
      vertex 0.40000000000000002 0.29999999999999999 1
      vertex 0.5 0.29999999999999999 1
    endloop
  endfacet
  facet normal 0 1 0
    outer loop
      vertex 0.40000000000000002 0.29999999999999999 0.83333333333333337
      vertex 0.5 0.29999999999999999 1
      vertex 0.5 0.29999999999999999 0.83333333333333337
    endloop
  endfacet
  facet normal 0 0 1
    outer loop
      vertex 0.40000000000000002 0.20000000000000001 1
      vertex 0.5 0.20000000000000001 1
      vertex 0.5 0.29999999999999999 1
    endloop
  endfacet
  facet normal 0 0 1
    outer loop
      vertex 0.40000000000000002 0.20000000000000001 1
      vertex 0.5 0.29999999999999999 1
      vertex 0.40000000000000002 0.29999999999999999 1
    endloop
  endfacet
  facet normal 0 1 0
    outer loop
      vertex 0.5 0.29999999999999999 0.83333333333333337
      vertex 0.5 0.29999999999999999 1
      vertex 0.59999999999999998 0.29999999999999999 1
    endloop
  endfacet
  facet normal 0 1 0
    outer loop
      vertex 0.5 0.29999999999999999 0.83333333333333337
      vertex 0.59999999999999998 0.29999999999999999 1
      vertex 0.59999999999999998 0.29999999999999999 0.83333333333333337
    endloop
  endfacet
  facet normal 0 0 1
    outer loop
      vertex 0.5 0.20000000000000001 1
      vertex 0.59999999999999998 0.20000000000000001 1
      vertex 0.59999999999999998 0.29999999999999999 1
    endloop
  endfacet
  facet normal 0 0 1
    outer loop
      vertex 0.5 0.20000000000000001 1
      vertex 0.59999999999999998 0.29999999999999999 1
      vertex 0.5 0.29999999999999999 1
    endloop
  endfacet
  facet normal 0 1 0
    outer loop
      vertex 0.59999999999999998 0.29999999999999999 0.83333333333333337
      vertex 0.59999999999999998 0.29999999999999999 1
      vertex 0.69999999999999996 0.29999999999999999 1
    endloop
  endfacet
  facet normal 0 1 0
    outer loop
      vertex 0.59999999999999998 0.29999999999999999 0.83333333333333337
      vertex 0.69999999999999996 0.29999999999999999 1
      vertex 0.69999999999999996 0.29999999999999999 0.83333333333333337
    endloop
  endfacet
  facet normal 0 0 1
    outer loop
      vertex 0.59999999999999998 0.20000000000000001 1
      vertex 0.69999999999999996 0.20000000000000001 1
      vertex 0.69999999999999996 0.29999999999999999 1
    endloop
  endfacet
  facet normal 0 0 1
    outer loop
      vertex 0.59999999999999998 0.20000000000000001 1
      vertex 0.69999999999999996 0.29999999999999999 1
      vertex 0.59999999999999998 0.29999999999999999 1
    endloop
  endfacet
  facet normal 0 0 1
    outer loop
      vertex 0.69999999999999996 0.20000000000000001 1
      vertex 0.80000000000000004 0.20000000000000001 1
      vertex 0.80000000000000004 0.29999999999999999 1
    endloop
  endfacet
  facet normal 0 0 1
    outer loop
      vertex 0.69999999999999996 0.20000000000000001 1
      vertex 0.80000000000000004 0.29999999999999999 1
      vertex 0.69999999999999996 0.29999999999999999 1
    endloop
  endfacet
  facet normal 0 0 1
    outer loop
      vertex 0.80000000000000004 0.20000000000000001 1
      vertex 0.90000000000000002 0.20000000000000001 1
      vertex 0.90000000000000002 0.29999999999999999 1
    endloop
  endfacet
  facet normal 0 0 1
    outer loop
      vertex 0.80000000000000004 0.20000000000000001 1
      vertex 0.90000000000000002 0.29999999999999999 1
      vertex 0.80000000000000004 0.29999999999999999 1
    endloop
  endfacet
  facet normal 1 0 0
    outer loop
      vertex 1 0.20000000000000001 0.83333333333333337
      vertex 1 0.29999999999999999 0.83333333333333337
      vertex 1 0.29999999999999999 1
    endloop
  endfacet
  facet normal 1 0 0
    outer loop
      vertex 1 0.20000000000000001 0.83333333333333337
      vertex 1 0.29999999999999999 1
      vertex 1 0.20000000000000001 1
    endloop
  endfacet
  facet normal 0 0 1
    outer loop
      vertex 0.90000000000000002 0.20000000000000001 1
      vertex 1 0.20000000000000001 1
      vertex 1 0.29999999999999999 1
    endloop
  endfacet
  facet normal 0 0 1
    outer loop
      vertex 0.90000000000000002 0.20000000000000001 1
      vertex 1 0.29999999999999999 1
      vertex 0.90000000000000002 0.29999999999999999 1
    endloop
  endfacet
  facet normal -1 0 0
    outer loop
      vertex 0 0.29999999999999999 0.83333333333333337
      vertex 0 0.29999999999999999 1
      vertex 0 0.40000000000000002 1
    endloop
  endfacet
  facet normal -1 0 0
    outer loop
      vertex 0 0.29999999999999999 0.83333333333333337
      vertex 0 0.40000000000000002 1
      vertex 0 0.40000000000000002 0.83333333333333337
    endloop
  endfacet
  facet normal 0 0 1
    outer loop
      vertex 0 0.29999999999999999 1
      vertex 0.10000000000000001 0.29999999999999999 1
      vertex 0.10000000000000001 0.40000000000000002 1
    endloop
  endfacet
  facet normal 0 0 1
    outer loop
      vertex 0 0.29999999999999999 1
      vertex 0.10000000000000001 0.40000000000000002 1
      vertex 0 0.40000000000000002 1
    endloop
  endfacet
  facet normal 0 0 1
    outer loop
      vertex 0.10000000000000001 0.29999999999999999 1
      vertex 0.20000000000000001 0.29999999999999999 1
      vertex 0.20000000000000001 0.40000000000000002 1
    endloop
  endfacet
  facet normal 0 0 1
    outer loop
      vertex 0.10000000000000001 0.29999999999999999 1
      vertex 0.20000000000000001 0.40000000000000002 1
      vertex 0.10000000000000001 0.40000000000000002 1
    endloop
  endfacet
  facet normal 1 0 0
    outer loop
      vertex 0.29999999999999999 0.29999999999999999 0.83333333333333337
      vertex 0.29999999999999999 0.40000000000000002 0.83333333333333337
      vertex 0.29999999999999999 0.40000000000000002 1
    endloop
  endfacet
  facet normal 1 0 0
    outer loop
      vertex 0.29999999999999999 0.29999999999999999 0.83333333333333337
      vertex 0.29999999999999999 0.40000000000000002 1
      vertex 0.29999999999999999 0.29999999999999999 1
    endloop
  endfacet
  facet normal 0 0 1
    outer loop
      vertex 0.20000000000000001 0.29999999999999999 1
      vertex 0.29999999999999999 0.29999999999999999 1
      vertex 0.29999999999999999 0.40000000000000002 1
    endloop
  endfacet
  facet normal 0 0 1
    outer loop
      vertex 0.20000000000000001 0.29999999999999999 1
      vertex 0.29999999999999999 0.40000000000000002 1
      vertex 0.20000000000000001 0.40000000000000002 1
    endloop
  endfacet
  facet normal -1 0 0
    outer loop
      vertex 0.69999999999999996 0.29999999999999999 0.83333333333333337
      vertex 0.69999999999999996 0.29999999999999999 1
      vertex 0.69999999999999996 0.40000000000000002 1
    endloop
  endfacet
  facet normal -1 0 0
    outer loop
      vertex 0.69999999999999996 0.29999999999999999 0.83333333333333337
      vertex 0.69999999999999996 0.40000000000000002 1
      vertex 0.69999999999999996 0.40000000000000002 0.83333333333333337
    endloop
  endfacet
  facet normal 0 0 1
    outer loop
      vertex 0.69999999999999996 0.29999999999999999 1
      vertex 0.80000000000000004 0.29999999999999999 1
      vertex 0.80000000000000004 0.40000000000000002 1
    endloop
  endfacet
  facet normal 0 0 1
    outer loop
      vertex 0.69999999999999996 0.29999999999999999 1
      vertex 0.80000000000000004 0.40000000000000002 1
      vertex 0.69999999999999996 0.40000000000000002 1
    endloop
  endfacet
  facet normal 0 0 1
    outer loop
      vertex 0.80000000000000004 0.29999999999999999 1
      vertex 0.90000000000000002 0.29999999999999999 1
      vertex 0.90000000000000002 0.40000000000000002 1
    endloop
  endfacet
  facet normal 0 0 1
    outer loop
      vertex 0.80000000000000004 0.29999999999999999 1
      vertex 0.90000000000000002 0.40000000000000002 1
      vertex 0.80000000000000004 0.40000000000000002 1
    endloop
  endfacet
  facet normal 1 0 0
    outer loop
      vertex 1 0.29999999999999999 0.83333333333333337
      vertex 1 0.40000000000000002 0.83333333333333337
      vertex 1 0.40000000000000002 1
    endloop
  endfacet
  facet normal 1 0 0
    outer loop
      vertex 1 0.29999999999999999 0.83333333333333337
      vertex 1 0.40000000000000002 1
      vertex 1 0.29999999999999999 1
    endloop
  endfacet
  facet normal 0 0 1
    outer loop
      vertex 0.90000000000000002 0.29999999999999999 1
      vertex 1 0.29999999999999999 1
      vertex 1 0.40000000000000002 1
    endloop
  endfacet
  facet normal 0 0 1
    outer loop
      vertex 0.90000000000000002 0.29999999999999999 1
      vertex 1 0.40000000000000002 1
      vertex 0.90000000000000002 0.40000000000000002 1
    endloop
  endfacet
  facet normal -1 0 0
    outer loop
      vertex 0 0.40000000000000002 0.83333333333333337
      vertex 0 0.40000000000000002 1
      vertex 0 0.5 1
    endloop
  endfacet
  facet normal -1 0 0
    outer loop
      vertex 0 0.40000000000000002 0.83333333333333337
      vertex 0 0.5 1
      vertex 0 0.5 0.83333333333333337
    endloop
  endfacet
  facet normal 0 0 1
    outer loop
      vertex 0 0.40000000000000002 1
      vertex 0.10000000000000001 0.40000000000000002 1
      vertex 0.10000000000000001 0.5 1
    endloop
  endfacet
  facet normal 0 0 1
    outer loop
      vertex 0 0.40000000000000002 1
      vertex 0.10000000000000001 0.5 1
      vertex 0 0.5 1
    endloop
  endfacet
  facet normal 0 0 1
    outer loop
      vertex 0.10000000000000001 0.40000000000000002 1
      vertex 0.20000000000000001 0.40000000000000002 1
      vertex 0.20000000000000001 0.5 1
    endloop
  endfacet
  facet normal 0 0 1
    outer loop
      vertex 0.10000000000000001 0.40000000000000002 1
      vertex 0.20000000000000001 0.5 1
      vertex 0.10000000000000001 0.5 1
    endloop
  endfacet
  facet normal 1 0 0
    outer loop
      vertex 0.29999999999999999 0.40000000000000002 0.83333333333333337
      vertex 0.29999999999999999 0.5 0.83333333333333337
      vertex 0.29999999999999999 0.5 1
    endloop
  endfacet
  facet normal 1 0 0
    outer loop
      vertex 0.29999999999999999 0.40000000000000002 0.83333333333333337
      vertex 0.29999999999999999 0.5 1
      vertex 0.29999999999999999 0.40000000000000002 1
    endloop
  endfacet
  facet normal 0 0 1
    outer loop
      vertex 0.20000000000000001 0.40000000000000002 1
      vertex 0.29999999999999999 0.40000000000000002 1
      vertex 0.29999999999999999 0.5 1
    endloop
  endfacet
  facet normal 0 0 1
    outer loop
      vertex 0.20000000000000001 0.40000000000000002 1
      vertex 0.29999999999999999 0.5 1
      vertex 0.20000000000000001 0.5 1
    endloop
  endfacet
  facet normal -1 0 0
    outer loop
      vertex 0.69999999999999996 0.40000000000000002 0.83333333333333337
      vertex 0.69999999999999996 0.40000000000000002 1
      vertex 0.69999999999999996 0.5 1
    endloop
  endfacet
  facet normal -1 0 0
    outer loop
      vertex 0.69999999999999996 0.40000000000000002 0.83333333333333337
      vertex 0.69999999999999996 0.5 1
      vertex 0.69999999999999996 0.5 0.83333333333333337
    endloop
  endfacet
  facet normal 0 0 1
    outer loop
      vertex 0.69999999999999996 0.40000000000000002 1
      vertex 0.80000000000000004 0.40000000000000002 1
      vertex 0.80000000000000004 0.5 1
    endloop
  endfacet
  facet normal 0 0 1
    outer loop
      vertex 0.69999999999999996 0.40000000000000002 1
      vertex 0.80000000000000004 0.5 1
      vertex 0.69999999999999996 0.5 1
    endloop
  endfacet
  facet normal 0 0 1
    outer loop
      vertex 0.80000000000000004 0.40000000000000002 1
      vertex 0.90000000000000002 0.40000000000000002 1
      vertex 0.90000000000000002 0.5 1
    endloop
  endfacet
  facet normal 0 0 1
    outer loop
      vertex 0.80000000000000004 0.40000000000000002 1
      vertex 0.90000000000000002 0.5 1
      vertex 0.80000000000000004 0.5 1
    endloop
  endfacet
  facet normal 1 0 0
    outer loop
      vertex 1 0.40000000000000002 0.83333333333333337
      vertex 1 0.5 0.83333333333333337
      vertex 1 0.5 1
    endloop
  endfacet
  facet normal 1 0 0
    outer loop
      vertex 1 0.40000000000000002 0.83333333333333337
      vertex 1 0.5 1
      vertex 1 0.40000000000000002 1
    endloop
  endfacet
  facet normal 0 0 1
    outer loop
      vertex 0.90000000000000002 0.40000000000000002 1
      vertex 1 0.40000000000000002 1
      vertex 1 0.5 1
    endloop
  endfacet
  facet normal 0 0 1
    outer loop
      vertex 0.90000000000000002 0.40000000000000002 1
      vertex 1 0.5 1
      vertex 0.90000000000000002 0.5 1
    endloop
  endfacet
  facet normal -1 0 0
    outer loop
      vertex 0 0.5 0.83333333333333337
      vertex 0 0.5 1
      vertex 0 0.59999999999999998 1
    endloop
  endfacet
  facet normal -1 0 0
    outer loop
      vertex 0 0.5 0.83333333333333337
      vertex 0 0.59999999999999998 1
      vertex 0 0.59999999999999998 0.83333333333333337
    endloop
  endfacet
  facet normal 0 0 1
    outer loop
      vertex 0 0.5 1
      vertex 0.10000000000000001 0.5 1
      vertex 0.10000000000000001 0.59999999999999998 1
    endloop
  endfacet
  facet normal 0 0 1
    outer loop
      vertex 0 0.5 1
      vertex 0.10000000000000001 0.59999999999999998 1
      vertex 0 0.59999999999999998 1
    endloop
  endfacet
  facet normal 0 0 1
    outer loop
      vertex 0.10000000000000001 0.5 1
      vertex 0.20000000000000001 0.5 1
      vertex 0.20000000000000001 0.59999999999999998 1
    endloop
  endfacet
  facet normal 0 0 1
    outer loop
      vertex 0.10000000000000001 0.5 1
      vertex 0.20000000000000001 0.59999999999999998 1
      vertex 0.10000000000000001 0.59999999999999998 1
    endloop
  endfacet
  facet normal 1 0 0
    outer loop
      vertex 0.29999999999999999 0.5 0.83333333333333337
      vertex 0.29999999999999999 0.59999999999999998 0.83333333333333337
      vertex 0.29999999999999999 0.59999999999999998 1
    endloop
  endfacet
  facet normal 1 0 0
    outer loop
      vertex 0.29999999999999999 0.5 0.83333333333333337
      vertex 0.29999999999999999 0.59999999999999998 1
      vertex 0.29999999999999999 0.5 1
    endloop
  endfacet
  facet normal 0 0 1
    outer loop
      vertex 0.20000000000000001 0.5 1
      vertex 0.29999999999999999 0.5 1
      vertex 0.29999999999999999 0.59999999999999998 1
    endloop
  endfacet
  facet normal 0 0 1
    outer loop
      vertex 0.20000000000000001 0.5 1
      vertex 0.29999999999999999 0.59999999999999998 1
      vertex 0.20000000000000001 0.59999999999999998 1
    endloop
  endfacet
  facet normal -1 0 0
    outer loop
      vertex 0.69999999999999996 0.5 0.83333333333333337
      vertex 0.69999999999999996 0.5 1
      vertex 0.69999999999999996 0.59999999999999998 1
    endloop
  endfacet
  facet normal -1 0 0
    outer loop
      vertex 0.69999999999999996 0.5 0.83333333333333337
      vertex 0.69999999999999996 0.59999999999999998 1
      vertex 0.69999999999999996 0.59999999999999998 0.83333333333333337
    endloop
  endfacet
  facet normal 0 0 1
    outer loop
      vertex 0.69999999999999996 0.5 1
      vertex 0.80000000000000004 0.5 1
      vertex 0.80000000000000004 0.59999999999999998 1
    endloop
  endfacet
  facet normal 0 0 1
    outer loop
      vertex 0.69999999999999996 0.5 1
      vertex 0.80000000000000004 0.59999999999999998 1
      vertex 0.69999999999999996 0.59999999999999998 1
    endloop
  endfacet
  facet normal 0 0 1
    outer loop
      vertex 0.80000000000000004 0.5 1
      vertex 0.90000000000000002 0.5 1
      vertex 0.90000000000000002 0.59999999999999998 1
    endloop
  endfacet
  facet normal 0 0 1
    outer loop
      vertex 0.80000000000000004 0.5 1
      vertex 0.90000000000000002 0.59999999999999998 1
      vertex 0.80000000000000004 0.59999999999999998 1
    endloop
  endfacet
  facet normal 1 0 0
    outer loop
      vertex 1 0.5 0.83333333333333337
      vertex 1 0.59999999999999998 0.83333333333333337
      vertex 1 0.59999999999999998 1
    endloop
  endfacet
  facet normal 1 0 0
    outer loop
      vertex 1 0.5 0.83333333333333337
      vertex 1 0.59999999999999998 1
      vertex 1 0.5 1
    endloop
  endfacet
  facet normal 0 0 1
    outer loop
      vertex 0.90000000000000002 0.5 1
      vertex 1 0.5 1
      vertex 1 0.59999999999999998 1
    endloop
  endfacet
  facet normal 0 0 1
    outer loop
      vertex 0.90000000000000002 0.5 1
      vertex 1 0.59999999999999998 1
      vertex 0.90000000000000002 0.59999999999999998 1
    endloop
  endfacet
  facet normal -1 0 0
    outer loop
      vertex 0 0.59999999999999998 0.83333333333333337
      vertex 0 0.59999999999999998 1
      vertex 0 0.69999999999999996 1
    endloop
  endfacet
  facet normal -1 0 0
    outer loop
      vertex 0 0.59999999999999998 0.83333333333333337
      vertex 0 0.69999999999999996 1
      vertex 0 0.69999999999999996 0.83333333333333337
    endloop
  endfacet
  facet normal 0 0 1
    outer loop
      vertex 0 0.59999999999999998 1
      vertex 0.10000000000000001 0.59999999999999998 1
      vertex 0.10000000000000001 0.69999999999999996 1
    endloop
  endfacet
  facet normal 0 0 1
    outer loop
      vertex 0 0.59999999999999998 1
      vertex 0.10000000000000001 0.69999999999999996 1
      vertex 0 0.69999999999999996 1
    endloop
  endfacet
  facet normal 0 0 1
    outer loop
      vertex 0.10000000000000001 0.59999999999999998 1
      vertex 0.20000000000000001 0.59999999999999998 1
      vertex 0.20000000000000001 0.69999999999999996 1
    endloop
  endfacet
  facet normal 0 0 1
    outer loop
      vertex 0.10000000000000001 0.59999999999999998 1
      vertex 0.20000000000000001 0.69999999999999996 1
      vertex 0.10000000000000001 0.69999999999999996 1
    endloop
  endfacet
  facet normal 1 0 0
    outer loop
      vertex 0.29999999999999999 0.59999999999999998 0.83333333333333337
      vertex 0.29999999999999999 0.69999999999999996 0.83333333333333337
      vertex 0.29999999999999999 0.69999999999999996 1
    endloop
  endfacet
  facet normal 1 0 0
    outer loop
      vertex 0.29999999999999999 0.59999999999999998 0.83333333333333337
      vertex 0.29999999999999999 0.69999999999999996 1
      vertex 0.29999999999999999 0.59999999999999998 1
    endloop
  endfacet
  facet normal 0 0 1
    outer loop
      vertex 0.20000000000000001 0.59999999999999998 1
      vertex 0.29999999999999999 0.59999999999999998 1
      vertex 0.29999999999999999 0.69999999999999996 1
    endloop
  endfacet
  facet normal 0 0 1
    outer loop
      vertex 0.20000000000000001 0.59999999999999998 1
      vertex 0.29999999999999999 0.69999999999999996 1
      vertex 0.20000000000000001 0.69999999999999996 1
    endloop
  endfacet
  facet normal -1 0 0
    outer loop
      vertex 0.69999999999999996 0.59999999999999998 0.83333333333333337
      vertex 0.69999999999999996 0.59999999999999998 1
      vertex 0.69999999999999996 0.69999999999999996 1
    endloop
  endfacet
  facet normal -1 0 0
    outer loop
      vertex 0.69999999999999996 0.59999999999999998 0.83333333333333337
      vertex 0.69999999999999996 0.69999999999999996 1
      vertex 0.69999999999999996 0.69999999999999996 0.83333333333333337
    endloop
  endfacet
  facet normal 0 0 1
    outer loop
      vertex 0.69999999999999996 0.59999999999999998 1
      vertex 0.80000000000000004 0.59999999999999998 1
      vertex 0.80000000000000004 0.69999999999999996 1
    endloop
  endfacet
  facet normal 0 0 1
    outer loop
      vertex 0.69999999999999996 0.59999999999999998 1
      vertex 0.80000000000000004 0.69999999999999996 1
      vertex 0.69999999999999996 0.69999999999999996 1
    endloop
  endfacet
  facet normal 0 0 1
    outer loop
      vertex 0.80000000000000004 0.59999999999999998 1
      vertex 0.90000000000000002 0.59999999999999998 1
      vertex 0.90000000000000002 0.69999999999999996 1
    endloop
  endfacet
  facet normal 0 0 1
    outer loop
      vertex 0.80000000000000004 0.59999999999999998 1
      vertex 0.90000000000000002 0.69999999999999996 1
      vertex 0.80000000000000004 0.69999999999999996 1
    endloop
  endfacet
  facet normal 1 0 0
    outer loop
      vertex 1 0.59999999999999998 0.83333333333333337
      vertex 1 0.69999999999999996 0.83333333333333337
      vertex 1 0.69999999999999996 1
    endloop
  endfacet
  facet normal 1 0 0
    outer loop
      vertex 1 0.59999999999999998 0.83333333333333337
      vertex 1 0.69999999999999996 1
      vertex 1 0.59999999999999998 1
    endloop
  endfacet
  facet normal 0 0 1
    outer loop
      vertex 0.90000000000000002 0.59999999999999998 1
      vertex 1 0.59999999999999998 1
      vertex 1 0.69999999999999996 1
    endloop
  endfacet
  facet normal 0 0 1
    outer loop
      vertex 0.90000000000000002 0.59999999999999998 1
      vertex 1 0.69999999999999996 1
      vertex 0.90000000000000002 0.69999999999999996 1
    endloop
  endfacet
  facet normal -1 0 0
    outer loop
      vertex 0 0.69999999999999996 0.83333333333333337
      vertex 0 0.69999999999999996 1
      vertex 0 0.80000000000000004 1
    endloop
  endfacet
  facet normal -1 0 0
    outer loop
      vertex 0 0.69999999999999996 0.83333333333333337
      vertex 0 0.80000000000000004 1
      vertex 0 0.80000000000000004 0.83333333333333337
    endloop
  endfacet
  facet normal 0 0 1
    outer loop
      vertex 0 0.69999999999999996 1
      vertex 0.10000000000000001 0.69999999999999996 1
      vertex 0.10000000000000001 0.80000000000000004 1
    endloop
  endfacet
  facet normal 0 0 1
    outer loop
      vertex 0 0.69999999999999996 1
      vertex 0.10000000000000001 0.80000000000000004 1
      vertex 0 0.80000000000000004 1
    endloop
  endfacet
  facet normal 0 0 1
    outer loop
      vertex 0.10000000000000001 0.69999999999999996 1
      vertex 0.20000000000000001 0.69999999999999996 1
      vertex 0.20000000000000001 0.80000000000000004 1
    endloop
  endfacet
  facet normal 0 0 1
    outer loop
      vertex 0.10000000000000001 0.69999999999999996 1
      vertex 0.20000000000000001 0.80000000000000004 1
      vertex 0.10000000000000001 0.80000000000000004 1
    endloop
  endfacet
  facet normal 0 0 1
    outer loop
      vertex 0.20000000000000001 0.69999999999999996 1
      vertex 0.29999999999999999 0.69999999999999996 1
      vertex 0.29999999999999999 0.80000000000000004 1
    endloop
  endfacet
  facet normal 0 0 1
    outer loop
      vertex 0.20000000000000001 0.69999999999999996 1
      vertex 0.29999999999999999 0.80000000000000004 1
      vertex 0.20000000000000001 0.80000000000000004 1
    endloop
  endfacet
  facet normal 0 -1 0
    outer loop
      vertex 0.29999999999999999 0.69999999999999996 0.83333333333333337
      vertex 0.40000000000000002 0.69999999999999996 0.83333333333333337
      vertex 0.40000000000000002 0.69999999999999996 1
    endloop
  endfacet
  facet normal 0 -1 0
    outer loop
      vertex 0.29999999999999999 0.69999999999999996 0.83333333333333337
      vertex 0.40000000000000002 0.69999999999999996 1
      vertex 0.29999999999999999 0.69999999999999996 1
    endloop
  endfacet
  facet normal 0 0 1
    outer loop
      vertex 0.29999999999999999 0.69999999999999996 1
      vertex 0.40000000000000002 0.69999999999999996 1
      vertex 0.40000000000000002 0.80000000000000004 1
    endloop
  endfacet
  facet normal 0 0 1
    outer loop
      vertex 0.29999999999999999 0.69999999999999996 1
      vertex 0.40000000000000002 0.80000000000000004 1
      vertex 0.29999999999999999 0.80000000000000004 1
    endloop
  endfacet
  facet normal 0 -1 0
    outer loop
      vertex 0.40000000000000002 0.69999999999999996 0.83333333333333337
      vertex 0.5 0.69999999999999996 0.83333333333333337
      vertex 0.5 0.69999999999999996 1
    endloop
  endfacet
  facet normal 0 -1 0
    outer loop
      vertex 0.40000000000000002 0.69999999999999996 0.83333333333333337
      vertex 0.5 0.69999999999999996 1
      vertex 0.40000000000000002 0.69999999999999996 1
    endloop
  endfacet
  facet normal 0 0 1
    outer loop
      vertex 0.40000000000000002 0.69999999999999996 1
      vertex 0.5 0.69999999999999996 1
      vertex 0.5 0.80000000000000004 1
    endloop
  endfacet
  facet normal 0 0 1
    outer loop
      vertex 0.40000000000000002 0.69999999999999996 1
      vertex 0.5 0.80000000000000004 1
      vertex 0.40000000000000002 0.80000000000000004 1
    endloop
  endfacet
  facet normal 0 -1 0
    outer loop
      vertex 0.5 0.69999999999999996 0.83333333333333337
      vertex 0.59999999999999998 0.69999999999999996 0.83333333333333337
      vertex 0.59999999999999998 0.69999999999999996 1
    endloop
  endfacet
  facet normal 0 -1 0
    outer loop
      vertex 0.5 0.69999999999999996 0.83333333333333337
      vertex 0.59999999999999998 0.69999999999999996 1
      vertex 0.5 0.69999999999999996 1
    endloop
  endfacet
  facet normal 0 0 1
    outer loop
      vertex 0.5 0.69999999999999996 1
      vertex 0.59999999999999998 0.69999999999999996 1
      vertex 0.59999999999999998 0.80000000000000004 1
    endloop
  endfacet
  facet normal 0 0 1
    outer loop
      vertex 0.5 0.69999999999999996 1
      vertex 0.59999999999999998 0.80000000000000004 1
      vertex 0.5 0.80000000000000004 1
    endloop
  endfacet
  facet normal 0 -1 0
    outer loop
      vertex 0.59999999999999998 0.69999999999999996 0.83333333333333337
      vertex 0.69999999999999996 0.69999999999999996 0.83333333333333337
      vertex 0.69999999999999996 0.69999999999999996 1
    endloop
  endfacet
  facet normal 0 -1 0
    outer loop
      vertex 0.59999999999999998 0.69999999999999996 0.83333333333333337
      vertex 0.69999999999999996 0.69999999999999996 1
      vertex 0.59999999999999998 0.69999999999999996 1
    endloop
  endfacet
  facet normal 0 0 1
    outer loop
      vertex 0.59999999999999998 0.69999999999999996 1
      vertex 0.69999999999999996 0.69999999999999996 1
      vertex 0.69999999999999996 0.80000000000000004 1
    endloop
  endfacet
  facet normal 0 0 1
    outer loop
      vertex 0.59999999999999998 0.69999999999999996 1
      vertex 0.69999999999999996 0.80000000000000004 1
      vertex 0.59999999999999998 0.80000000000000004 1
    endloop
  endfacet
  facet normal 0 0 1
    outer loop
      vertex 0.69999999999999996 0.69999999999999996 1
      vertex 0.80000000000000004 0.69999999999999996 1
      vertex 0.80000000000000004 0.80000000000000004 1
    endloop
  endfacet
  facet normal 0 0 1
    outer loop
      vertex 0.69999999999999996 0.69999999999999996 1
      vertex 0.80000000000000004 0.80000000000000004 1
      vertex 0.69999999999999996 0.80000000000000004 1
    endloop
  endfacet
  facet normal 0 0 1
    outer loop
      vertex 0.80000000000000004 0.69999999999999996 1
      vertex 0.90000000000000002 0.69999999999999996 1
      vertex 0.90000000000000002 0.80000000000000004 1
    endloop
  endfacet
  facet normal 0 0 1
    outer loop
      vertex 0.80000000000000004 0.69999999999999996 1
      vertex 0.90000000000000002 0.80000000000000004 1
      vertex 0.80000000000000004 0.80000000000000004 1
    endloop
  endfacet
  facet normal 1 0 0
    outer loop
      vertex 1 0.69999999999999996 0.83333333333333337
      vertex 1 0.80000000000000004 0.83333333333333337
      vertex 1 0.80000000000000004 1
    endloop
  endfacet
  facet normal 1 0 0
    outer loop
      vertex 1 0.69999999999999996 0.83333333333333337
      vertex 1 0.80000000000000004 1
      vertex 1 0.69999999999999996 1
    endloop
  endfacet
  facet normal 0 0 1
    outer loop
      vertex 0.90000000000000002 0.69999999999999996 1
      vertex 1 0.69999999999999996 1
      vertex 1 0.80000000000000004 1
    endloop
  endfacet
  facet normal 0 0 1
    outer loop
      vertex 0.90000000000000002 0.69999999999999996 1
      vertex 1 0.80000000000000004 1
      vertex 0.90000000000000002 0.80000000000000004 1
    endloop
  endfacet
  facet normal -1 0 0
    outer loop
      vertex 0 0.80000000000000004 0.83333333333333337
      vertex 0 0.80000000000000004 1
      vertex 0 0.90000000000000002 1
    endloop
  endfacet
  facet normal -1 0 0
    outer loop
      vertex 0 0.80000000000000004 0.83333333333333337
      vertex 0 0.90000000000000002 1
      vertex 0 0.90000000000000002 0.83333333333333337
    endloop
  endfacet
  facet normal 0 0 1
    outer loop
      vertex 0 0.80000000000000004 1
      vertex 0.10000000000000001 0.80000000000000004 1
      vertex 0.10000000000000001 0.90000000000000002 1
    endloop
  endfacet
  facet normal 0 0 1
    outer loop
      vertex 0 0.80000000000000004 1
      vertex 0.10000000000000001 0.90000000000000002 1
      vertex 0 0.90000000000000002 1
    endloop
  endfacet
  facet normal 0 0 1
    outer loop
      vertex 0.10000000000000001 0.80000000000000004 1
      vertex 0.20000000000000001 0.80000000000000004 1
      vertex 0.20000000000000001 0.90000000000000002 1
    endloop
  endfacet
  facet normal 0 0 1
    outer loop
      vertex 0.10000000000000001 0.80000000000000004 1
      vertex 0.20000000000000001 0.90000000000000002 1
      vertex 0.10000000000000001 0.90000000000000002 1
    endloop
  endfacet
  facet normal 0 0 1
    outer loop
      vertex 0.20000000000000001 0.80000000000000004 1
      vertex 0.29999999999999999 0.80000000000000004 1
      vertex 0.29999999999999999 0.90000000000000002 1
    endloop
  endfacet
  facet normal 0 0 1
    outer loop
      vertex 0.20000000000000001 0.80000000000000004 1
      vertex 0.29999999999999999 0.90000000000000002 1
      vertex 0.20000000000000001 0.90000000000000002 1
    endloop
  endfacet
  facet normal 0 0 1
    outer loop
      vertex 0.29999999999999999 0.80000000000000004 1
      vertex 0.40000000000000002 0.80000000000000004 1
      vertex 0.40000000000000002 0.90000000000000002 1
    endloop
  endfacet
  facet normal 0 0 1
    outer loop
      vertex 0.29999999999999999 0.80000000000000004 1
      vertex 0.40000000000000002 0.90000000000000002 1
      vertex 0.29999999999999999 0.90000000000000002 1
    endloop
  endfacet
  facet normal 0 0 1
    outer loop
      vertex 0.40000000000000002 0.80000000000000004 1
      vertex 0.5 0.80000000000000004 1
      vertex 0.5 0.90000000000000002 1
    endloop
  endfacet
  facet normal 0 0 1
    outer loop
      vertex 0.40000000000000002 0.80000000000000004 1
      vertex 0.5 0.90000000000000002 1
      vertex 0.40000000000000002 0.90000000000000002 1
    endloop
  endfacet
  facet normal 0 0 1
    outer loop
      vertex 0.5 0.80000000000000004 1
      vertex 0.59999999999999998 0.80000000000000004 1
      vertex 0.59999999999999998 0.90000000000000002 1
    endloop
  endfacet
  facet normal 0 0 1
    outer loop
      vertex 0.5 0.80000000000000004 1
      vertex 0.59999999999999998 0.90000000000000002 1
      vertex 0.5 0.90000000000000002 1
    endloop
  endfacet
  facet normal 0 0 1
    outer loop
      vertex 0.59999999999999998 0.80000000000000004 1
      vertex 0.69999999999999996 0.80000000000000004 1
      vertex 0.69999999999999996 0.90000000000000002 1
    endloop
  endfacet
  facet normal 0 0 1
    outer loop
      vertex 0.59999999999999998 0.80000000000000004 1
      vertex 0.69999999999999996 0.90000000000000002 1
      vertex 0.59999999999999998 0.90000000000000002 1
    endloop
  endfacet
  facet normal 0 0 1
    outer loop
      vertex 0.69999999999999996 0.80000000000000004 1
      vertex 0.80000000000000004 0.80000000000000004 1
      vertex 0.80000000000000004 0.90000000000000002 1
    endloop
  endfacet
  facet normal 0 0 1
    outer loop
      vertex 0.69999999999999996 0.80000000000000004 1
      vertex 0.80000000000000004 0.90000000000000002 1
      vertex 0.69999999999999996 0.90000000000000002 1
    endloop
  endfacet
  facet normal 0 0 1
    outer loop
      vertex 0.80000000000000004 0.80000000000000004 1
      vertex 0.90000000000000002 0.80000000000000004 1
      vertex 0.90000000000000002 0.90000000000000002 1
    endloop
  endfacet
  facet normal 0 0 1
    outer loop
      vertex 0.80000000000000004 0.80000000000000004 1
      vertex 0.90000000000000002 0.90000000000000002 1
      vertex 0.80000000000000004 0.90000000000000002 1
    endloop
  endfacet
  facet normal 1 0 0
    outer loop
      vertex 1 0.80000000000000004 0.83333333333333337
      vertex 1 0.90000000000000002 0.83333333333333337
      vertex 1 0.90000000000000002 1
    endloop
  endfacet
  facet normal 1 0 0
    outer loop
      vertex 1 0.80000000000000004 0.83333333333333337
      vertex 1 0.90000000000000002 1
      vertex 1 0.80000000000000004 1
    endloop
  endfacet
  facet normal 0 0 1
    outer loop
      vertex 0.90000000000000002 0.80000000000000004 1
      vertex 1 0.80000000000000004 1
      vertex 1 0.90000000000000002 1
    endloop
  endfacet
  facet normal 0 0 1
    outer loop
      vertex 0.90000000000000002 0.80000000000000004 1
      vertex 1 0.90000000000000002 1
      vertex 0.90000000000000002 0.90000000000000002 1
    endloop
  endfacet
  facet normal -1 0 0
    outer loop
      vertex 0 0.90000000000000002 0.83333333333333337
      vertex 0 0.90000000000000002 1
      vertex 0 1 1
    endloop
  endfacet
  facet normal -1 0 0
    outer loop
      vertex 0 0.90000000000000002 0.83333333333333337
      vertex 0 1 1
      vertex 0 1 0.83333333333333337
    endloop
  endfacet
  facet normal 0 1 0
    outer loop
      vertex 0 1 0.83333333333333337
      vertex 0 1 1
      vertex 0.10000000000000001 1 1
    endloop
  endfacet
  facet normal 0 1 0
    outer loop
      vertex 0 1 0.83333333333333337
      vertex 0.10000000000000001 1 1
      vertex 0.10000000000000001 1 0.83333333333333337
    endloop
  endfacet
  facet normal 0 0 1
    outer loop
      vertex 0 0.90000000000000002 1
      vertex 0.10000000000000001 0.90000000000000002 1
      vertex 0.10000000000000001 1 1
    endloop
  endfacet
  facet normal 0 0 1
    outer loop
      vertex 0 0.90000000000000002 1
      vertex 0.10000000000000001 1 1
      vertex 0 1 1
    endloop
  endfacet
  facet normal 0 1 0
    outer loop
      vertex 0.10000000000000001 1 0.83333333333333337
      vertex 0.10000000000000001 1 1
      vertex 0.20000000000000001 1 1
    endloop
  endfacet
  facet normal 0 1 0
    outer loop
      vertex 0.10000000000000001 1 0.83333333333333337
      vertex 0.20000000000000001 1 1
      vertex 0.20000000000000001 1 0.83333333333333337
    endloop
  endfacet
  facet normal 0 0 1
    outer loop
      vertex 0.10000000000000001 0.90000000000000002 1
      vertex 0.20000000000000001 0.90000000000000002 1
      vertex 0.20000000000000001 1 1
    endloop
  endfacet
  facet normal 0 0 1
    outer loop
      vertex 0.10000000000000001 0.90000000000000002 1
      vertex 0.20000000000000001 1 1
      vertex 0.10000000000000001 1 1
    endloop
  endfacet
  facet normal 0 1 0
    outer loop
      vertex 0.20000000000000001 1 0.83333333333333337
      vertex 0.20000000000000001 1 1
      vertex 0.29999999999999999 1 1
    endloop
  endfacet
  facet normal 0 1 0
    outer loop
      vertex 0.20000000000000001 1 0.83333333333333337
      vertex 0.29999999999999999 1 1
      vertex 0.29999999999999999 1 0.83333333333333337
    endloop
  endfacet
  facet normal 0 0 1
    outer loop
      vertex 0.20000000000000001 0.90000000000000002 1
      vertex 0.29999999999999999 0.90000000000000002 1
      vertex 0.29999999999999999 1 1
    endloop
  endfacet
  facet normal 0 0 1
    outer loop
      vertex 0.20000000000000001 0.90000000000000002 1
      vertex 0.29999999999999999 1 1
      vertex 0.20000000000000001 1 1
    endloop
  endfacet
  facet normal 0 1 0
    outer loop
      vertex 0.29999999999999999 1 0.83333333333333337
      vertex 0.29999999999999999 1 1
      vertex 0.40000000000000002 1 1
    endloop
  endfacet
  facet normal 0 1 0
    outer loop
      vertex 0.29999999999999999 1 0.83333333333333337
      vertex 0.40000000000000002 1 1
      vertex 0.40000000000000002 1 0.83333333333333337
    endloop
  endfacet
  facet normal 0 0 1
    outer loop
      vertex 0.29999999999999999 0.90000000000000002 1
      vertex 0.40000000000000002 0.90000000000000002 1
      vertex 0.40000000000000002 1 1
    endloop
  endfacet
  facet normal 0 0 1
    outer loop
      vertex 0.29999999999999999 0.90000000000000002 1
      vertex 0.40000000000000002 1 1
      vertex 0.29999999999999999 1 1
    endloop
  endfacet
  facet normal 0 1 0
    outer loop
      vertex 0.40000000000000002 1 0.83333333333333337
      vertex 0.40000000000000002 1 1
      vertex 0.5 1 1
    endloop
  endfacet
  facet normal 0 1 0
    outer loop
      vertex 0.40000000000000002 1 0.83333333333333337
      vertex 0.5 1 1
      vertex 0.5 1 0.83333333333333337
    endloop
  endfacet
  facet normal 0 0 1
    outer loop
      vertex 0.40000000000000002 0.90000000000000002 1
      vertex 0.5 0.90000000000000002 1
      vertex 0.5 1 1
    endloop
  endfacet
  facet normal 0 0 1
    outer loop
      vertex 0.40000000000000002 0.90000000000000002 1
      vertex 0.5 1 1
      vertex 0.40000000000000002 1 1
    endloop
  endfacet
  facet normal 0 1 0
    outer loop
      vertex 0.5 1 0.83333333333333337
      vertex 0.5 1 1
      vertex 0.59999999999999998 1 1
    endloop
  endfacet
  facet normal 0 1 0
    outer loop
      vertex 0.5 1 0.83333333333333337
      vertex 0.59999999999999998 1 1
      vertex 0.59999999999999998 1 0.83333333333333337
    endloop
  endfacet
  facet normal 0 0 1
    outer loop
      vertex 0.5 0.90000000000000002 1
      vertex 0.59999999999999998 0.90000000000000002 1
      vertex 0.59999999999999998 1 1
    endloop
  endfacet
  facet normal 0 0 1
    outer loop
      vertex 0.5 0.90000000000000002 1
      vertex 0.59999999999999998 1 1
      vertex 0.5 1 1
    endloop
  endfacet
  facet normal 0 1 0
    outer loop
      vertex 0.59999999999999998 1 0.83333333333333337
      vertex 0.59999999999999998 1 1
      vertex 0.69999999999999996 1 1
    endloop
  endfacet
  facet normal 0 1 0
    outer loop
      vertex 0.59999999999999998 1 0.83333333333333337
      vertex 0.69999999999999996 1 1
      vertex 0.69999999999999996 1 0.83333333333333337
    endloop
  endfacet
  facet normal 0 0 1
    outer loop
      vertex 0.59999999999999998 0.90000000000000002 1
      vertex 0.69999999999999996 0.90000000000000002 1
      vertex 0.69999999999999996 1 1
    endloop
  endfacet
  facet normal 0 0 1
    outer loop
      vertex 0.59999999999999998 0.90000000000000002 1
      vertex 0.69999999999999996 1 1
      vertex 0.59999999999999998 1 1
    endloop
  endfacet
  facet normal 0 1 0
    outer loop
      vertex 0.69999999999999996 1 0.83333333333333337
      vertex 0.69999999999999996 1 1
      vertex 0.80000000000000004 1 1
    endloop
  endfacet
  facet normal 0 1 0
    outer loop
      vertex 0.69999999999999996 1 0.83333333333333337
      vertex 0.80000000000000004 1 1
      vertex 0.80000000000000004 1 0.83333333333333337
    endloop
  endfacet
  facet normal 0 0 1
    outer loop
      vertex 0.69999999999999996 0.90000000000000002 1
      vertex 0.80000000000000004 0.90000000000000002 1
      vertex 0.80000000000000004 1 1
    endloop
  endfacet
  facet normal 0 0 1
    outer loop
      vertex 0.69999999999999996 0.90000000000000002 1
      vertex 0.80000000000000004 1 1
      vertex 0.69999999999999996 1 1
    endloop
  endfacet
  facet normal 0 1 0
    outer loop
      vertex 0.80000000000000004 1 0.83333333333333337
      vertex 0.80000000000000004 1 1
      vertex 0.90000000000000002 1 1
    endloop
  endfacet
  facet normal 0 1 0
    outer loop
      vertex 0.80000000000000004 1 0.83333333333333337
      vertex 0.90000000000000002 1 1
      vertex 0.90000000000000002 1 0.83333333333333337
    endloop
  endfacet
  facet normal 0 0 1
    outer loop
      vertex 0.80000000000000004 0.90000000000000002 1
      vertex 0.90000000000000002 0.90000000000000002 1
      vertex 0.90000000000000002 1 1
    endloop
  endfacet
  facet normal 0 0 1
    outer loop
      vertex 0.80000000000000004 0.90000000000000002 1
      vertex 0.90000000000000002 1 1
      vertex 0.80000000000000004 1 1
    endloop
  endfacet
  facet normal 1 0 0
    outer loop
      vertex 1 0.90000000000000002 0.83333333333333337
      vertex 1 1 0.83333333333333337
      vertex 1 1 1
    endloop
  endfacet
  facet normal 1 0 0
    outer loop
      vertex 1 0.90000000000000002 0.83333333333333337
      vertex 1 1 1
      vertex 1 0.90000000000000002 1
    endloop
  endfacet
  facet normal 0 1 0
    outer loop
      vertex 0.90000000000000002 1 0.83333333333333337
      vertex 0.90000000000000002 1 1
      vertex 1 1 1
    endloop
  endfacet
  facet normal 0 1 0
    outer loop
      vertex 0.90000000000000002 1 0.83333333333333337
      vertex 1 1 1
      vertex 1 1 0.83333333333333337
    endloop
  endfacet
  facet normal 0 0 1
    outer loop
      vertex 0.90000000000000002 0.90000000000000002 1
      vertex 1 0.90000000000000002 1
      vertex 1 1 1
    endloop
  endfacet
  facet normal 0 0 1
    outer loop
      vertex 0.90000000000000002 0.90000000000000002 1
      vertex 1 1 1
      vertex 0.90000000000000002 1 1
    endloop
  endfacet
endsolid hole_diameter_new
