# vtk DataFile Version 3.0
cartmesh2d H4-2 conformal hybrid mesh
ASCII
DATASET UNSTRUCTURED_GRID
POINTS 6553 double
-1 -1 0
-1 -0.375 0
-1 -0.0625 0
-1 0.25 0
-1 0.5625 0
-1 0.875 0
-1 1.1875 0
-1 1.5 0
-1 1.8125 0
-1 2.125 0
-1 2.4375 0
-1 2.75 0
-1 3.0625 0
-1 3.375 0
-1 4 0
-0.6875 -0.375 0
-0.6875 -0.0625 0
-0.6875 0.09375 0
-0.6875 0.25 0
-0.6875 0.40625 0
-0.6875 0.5625 0
-0.6875 0.71875 0
-0.6875 0.875 0
-0.6875 1.03125 0
-0.6875 1.1875 0
-0.6875 1.34375 0
-0.6875 1.5 0
-0.6875 1.65625 0
-0.6875 1.8125 0
-0.6875 1.96875 0
-0.6875 2.125 0
-0.6875 2.28125 0
-0.6875 2.4375 0
-0.6875 2.59375 0
-0.6875 2.75 0
-0.6875 2.90625 0
-0.6875 3.0625 0
-0.6875 3.375 0
-0.53125 -0.0625 0
-0.53125 0.09375 0
-0.53125 0.25 0
-0.53125 0.40625 0
-0.53125 0.5625 0
-0.53125 0.71875 0
-0.53125 0.875 0
-0.53125 1.03125 0
-0.53125 1.1875 0
-0.53125 1.34375 0
-0.53125 1.5 0
-0.53125 1.65625 0
-0.53125 1.8125 0
-0.53125 1.96875 0
-0.53125 2.125 0
-0.53125 2.28125 0
-0.53125 2.4375 0
-0.53125 2.59375 0
-0.53125 2.75 0
-0.53125 2.90625 0
-0.53125 3.0625 0
-0.375 -1 0
-0.375 -0.6875 0
-0.375 -0.375 0
-0.375 -0.21875 0
-0.375 -0.0625 0
-0.375 0.09375 0
-0.375 0.171875 0
-0.375 0.25 0
-0.375 0.328125 0
-0.375 0.40625 0
-0.375 0.484375 0
-0.375 0.5625 0
-0.375 0.640625 0
-0.375 0.71875 0
-0.375 0.796875 0
-0.375 0.875 0
-0.375 0.953125 0
-0.375 1.03125 0
-0.375 1.109375 0
-0.375 1.1875 0
-0.375 1.265625 0
-0.375 1.34375 0
-0.375 1.421875 0
-0.375 1.5 0
-0.375 1.578125 0
-0.375 1.65625 0
-0.375 1.734375 0
-0.375 1.8125 0
-0.375 1.890625 0
-0.375 1.96875 0
-0.375 2.046875 0
-0.375 2.125 0
-0.375 2.203125 0
-0.375 2.28125 0
-0.375 2.359375 0
-0.375 2.4375 0
-0.375 2.515625 0
-0.375 2.59375 0
-0.375 2.671875 0
-0.375 2.75 0
-0.375 2.828125 0
-0.375 2.90625 0
-0.375 3.0625 0
-0.375 3.21875 0
-0.375 3.375 0
-0.375 3.6875 0
-0.375 4 0
-0.296875 0.09375 0
-0.296875 0.171875 0
-0.296875 0.25 0
-0.296875 0.328125 0
-0.296875 0.40625 0
-0.296875 0.484375 0
-0.296875 0.5625 0
-0.296875 0.640625 0
-0.296875 0.71875 0
-0.296875 0.796875 0
-0.296875 0.875 0
-0.296875 0.953125 0
-0.296875 1.03125 0
-0.296875 1.109375 0
-0.296875 1.1875 0
-0.296875 1.265625 0
-0.296875 1.34375 0
-0.296875 1.421875 0
-0.296875 1.5 0
-0.296875 1.578125 0
-0.296875 1.65625 0
-0.296875 1.734375 0
-0.296875 1.8125 0
-0.296875 1.890625 0
-0.296875 1.96875 0
-0.296875 2.046875 0
-0.296875 2.125 0
-0.296875 2.203125 0
-0.296875 2.28125 0
-0.296875 2.359375 0
-0.296875 2.4375 0
-0.296875 2.515625 0
-0.296875 2.59375 0
-0.296875 2.671875 0
-0.296875 2.75 0
-0.296875 2.828125 0
-0.296875 2.90625 0
-0.21875 -0.375 0
-0.21875 -0.21875 0
-0.21875 -0.0625 0
-0.21875 0.015625 0
-0.21875 0.09375 0
-0.21875 0.171875 0
-0.21875 0.2109375 0
-0.21875 0.25 0
-0.21875 0.2890625 0
-0.21875 0.328125 0
-0.21875 0.3671875 0
-0.21875 0.40625 0
-0.21875 0.4453125 0
-0.21875 0.484375 0
-0.21875 0.5234375 0
-0.21875 0.5625 0
-0.21875 0.6015625 0
-0.21875 0.640625 0
-0.21875 0.6796875 0
-0.21875 0.71875 0
-0.21875 0.7578125 0
-0.21875 0.796875 0
-0.21875 0.8359375 0
-0.21875 0.875 0
-0.21875 0.9140625 0
-0.21875 0.953125 0
-0.21875 0.9921875 0
-0.21875 1.03125 0
-0.21875 1.0703125 0
-0.21875 1.109375 0
-0.21875 1.1484375 0
-0.21875 1.1875 0
-0.21875 1.2265625 0
-0.21875 1.265625 0
-0.21875 1.3046875 0
-0.21875 1.34375 0
-0.21875 1.3828125 0
-0.21875 1.421875 0
-0.21875 1.4609375 0
-0.21875 1.5 0
-0.21875 1.5390625 0
-0.21875 1.578125 0
-0.21875 1.6171875 0
-0.21875 1.65625 0
-0.21875 1.6953125 0
-0.21875 1.734375 0
-0.21875 1.7734375 0
-0.21875 1.8125 0
-0.21875 1.8515625 0
-0.21875 1.890625 0
-0.21875 1.9296875 0
-0.21875 1.96875 0
-0.21875 2.0078125 0
-0.21875 2.046875 0
-0.21875 2.0859375 0
-0.21875 2.125 0
-0.21875 2.1640625 0
-0.21875 2.203125 0
-0.21875 2.2421875 0
-0.21875 2.28125 0
-0.21875 2.3203125 0
-0.21875 2.359375 0
-0.21875 2.3984375 0
-0.21875 2.4375 0
-0.21875 2.4765625 0
-0.21875 2.515625 0
-0.21875 2.5546875 0
-0.21875 2.59375 0
-0.21875 2.6328125 0
-0.21875 2.671875 0
-0.21875 2.7109375 0
-0.21875 2.75 0
-0.21875 2.7890625 0
-0.21875 2.828125 0
-0.21875 2.90625 0
-0.21875 2.984375 0
-0.21875 3.0625 0
-0.21875 3.21875 0
-0.21875 3.375 0
-0.1796875 0.171875 0
-0.1796875 0.2109375 0
-0.1796875 0.25 0
-0.1796875 0.26953125 0
-0.1796875 0.2890625 0
-0.1796875 0.30859375 0
-0.1796875 0.328125 0
-0.1796875 0.34765625 0
-0.1796875 0.3671875 0
-0.1796875 0.38671875 0
-0.1796875 0.40625 0
-0.1796875 0.42578125 0
-0.1796875 0.4453125 0
-0.1796875 0.46484375 0
-0.1796875 0.484375 0
-0.1796875 0.50390625 0
-0.1796875 0.5234375 0
-0.1796875 0.54296875 0
-0.1796875 0.5625 0
-0.1796875 0.58203125 0
-0.1796875 0.6015625 0
-0.1796875 0.62109375 0
-0.1796875 0.640625 0
-0.1796875 0.66015625 0
-0.1796875 0.6796875 0
-0.1796875 0.69921875 0
-0.1796875 0.71875 0
-0.1796875 0.73828125 0
-0.1796875 0.7578125 0
-0.1796875 0.77734375 0
-0.1796875 0.796875 0
-0.1796875 0.81640625 0
-0.1796875 0.8359375 0
-0.1796875 0.85546875 0
-0.1796875 0.875 0
-0.1796875 0.89453125 0
-0.1796875 0.9140625 0
-0.1796875 0.93359375 0
-0.1796875 0.953125 0
-0.1796875 0.97265625 0
-0.1796875 0.9921875 0
-0.1796875 1.01171875 0
-0.1796875 1.03125 0
-0.1796875 1.05078125 0
-0.1796875 1.0703125 0
-0.1796875 1.08984375 0
-0.1796875 1.109375 0
-0.1796875 1.12890625 0
-0.1796875 1.1484375 0
-0.1796875 1.16796875 0
-0.1796875 1.1875 0
-0.1796875 1.20703125 0
-0.1796875 1.2265625 0
-0.1796875 1.24609375 0
-0.1796875 1.265625 0
-0.1796875 1.28515625 0
-0.1796875 1.3046875 0
-0.1796875 1.32421875 0
-0.1796875 1.34375 0
-0.1796875 1.36328125 0
-0.1796875 1.3828125 0
-0.1796875 1.40234375 0
-0.1796875 1.421875 0
-0.1796875 1.44140625 0
-0.1796875 1.4609375 0
-0.1796875 1.48046875 0
-0.1796875 1.5 0
-0.1796875 1.51953125 0
-0.1796875 1.5390625 0
-0.1796875 1.55859375 0
-0.1796875 1.578125 0
-0.1796875 1.59765625 0
-0.1796875 1.6171875 0
-0.1796875 1.63671875 0
-0.1796875 1.65625 0
-0.1796875 1.67578125 0
-0.1796875 1.6953125 0
-0.1796875 1.71484375 0
-0.1796875 1.734375 0
-0.1796875 1.75390625 0
-0.1796875 1.7734375 0
-0.1796875 1.79296875 0
-0.1796875 1.8125 0
-0.1796875 1.83203125 0
-0.1796875 1.8515625 0
-0.1796875 1.87109375 0
-0.1796875 1.890625 0
-0.1796875 1.91015625 0
-0.1796875 1.9296875 0
-0.1796875 1.94921875 0
-0.1796875 1.96875 0
-0.1796875 1.98828125 0
-0.1796875 2.0078125 0
-0.1796875 2.02734375 0
-0.1796875 2.046875 0
-0.1796875 2.06640625 0
-0.1796875 2.0859375 0
-0.1796875 2.10546875 0
-0.1796875 2.125 0
-0.1796875 2.14453125 0
-0.1796875 2.1640625 0
-0.1796875 2.18359375 0
-0.1796875 2.203125 0
-0.1796875 2.22265625 0
-0.1796875 2.2421875 0
-0.1796875 2.26171875 0
-0.1796875 2.28125 0
-0.1796875 2.30078125 0
-0.1796875 2.3203125 0
-0.1796875 2.33984375 0
-0.1796875 2.359375 0
-0.1796875 2.37890625 0
-0.1796875 2.3984375 0
-0.1796875 2.41796875 0
-0.1796875 2.4375 0
-0.1796875 2.45703125 0
-0.1796875 2.4765625 0
-0.1796875 2.49609375 0
-0.1796875 2.515625 0
-0.1796875 2.53515625 0
-0.1796875 2.5546875 0
-0.1796875 2.57421875 0
-0.1796875 2.59375 0
-0.1796875 2.61328125 0
-0.1796875 2.6328125 0
-0.1796875 2.65234375 0
-0.1796875 2.671875 0
-0.1796875 2.69140625 0
-0.1796875 2.7109375 0
-0.1796875 2.73046875 0
-0.1796875 2.75 0
-0.1796875 2.7890625 0
-0.1796875 2.828125 0
-0.16015625 0.25 0
-0.16015625 0.26953125 0
-0.16015625 0.2890625 0
-0.16015625 0.30859375 0
-0.16015625 0.328125 0
-0.16015625 0.34765625 0
-0.16015625 0.3671875 0
-0.16015625 0.38671875 0
-0.16015625 0.40625 0
-0.16015625 0.42578125 0
-0.16015625 0.4453125 0
-0.16015625 0.46484375 0
-0.16015625 0.484375 0
-0.16015625 0.50390625 0
-0.16015625 0.5234375 0
-0.16015625 0.54296875 0
-0.16015625 0.5625 0
-0.16015625 0.58203125 0
-0.16015625 0.6015625 0
-0.16015625 0.62109375 0
-0.16015625 0.640625 0
-0.16015625 0.66015625 0
-0.16015625 0.6796875 0
-0.16015625 0.69921875 0
-0.16015625 0.71875 0
-0.16015625 0.73828125 0
-0.16015625 0.7578125 0
-0.16015625 0.77734375 0
-0.16015625 0.796875 0
-0.16015625 0.81640625 0
-0.16015625 0.8359375 0
-0.16015625 0.85546875 0
-0.16015625 0.875 0
-0.16015625 0.89453125 0
-0.16015625 0.9140625 0
-0.16015625 0.93359375 0
-0.16015625 0.953125 0
-0.16015625 0.97265625 0
-0.16015625 0.9921875 0
-0.16015625 1.01171875 0
-0.16015625 1.03125 0
-0.16015625 1.05078125 0
-0.16015625 1.0703125 0
-0.16015625 1.08984375 0
-0.16015625 1.109375 0
-0.16015625 1.12890625 0
-0.16015625 1.1484375 0
-0.16015625 1.16796875 0
-0.16015625 1.1875 0
-0.16015625 1.20703125 0
-0.16015625 1.2265625 0
-0.16015625 1.24609375 0
-0.16015625 1.265625 0
-0.16015625 1.28515625 0
-0.16015625 1.3046875 0
-0.16015625 1.32421875 0
-0.16015625 1.34375 0
-0.16015625 1.36328125 0
-0.16015625 1.3828125 0
-0.16015625 1.40234375 0
-0.16015625 1.421875 0
-0.16015625 1.44140625 0
-0.16015625 1.4609375 0
-0.16015625 1.48046875 0
-0.16015625 1.5 0
-0.16015625 1.51953125 0
-0.16015625 1.5390625 0
-0.16015625 1.55859375 0
-0.16015625 1.578125 0
-0.16015625 1.59765625 0
-0.16015625 1.6171875 0
-0.16015625 1.63671875 0
-0.16015625 1.65625 0
-0.16015625 1.67578125 0
-0.16015625 1.6953125 0
-0.16015625 1.71484375 0
-0.16015625 1.734375 0
-0.16015625 1.75390625 0
-0.16015625 1.7734375 0
-0.16015625 1.79296875 0
-0.16015625 1.8125 0
-0.16015625 1.83203125 0
-0.16015625 1.8515625 0
-0.16015625 1.87109375 0
-0.16015625 1.890625 0
-0.16015625 1.91015625 0
-0.16015625 1.9296875 0
-0.16015625 1.94921875 0
-0.16015625 1.96875 0
-0.16015625 1.98828125 0
-0.16015625 2.0078125 0
-0.16015625 2.02734375 0
-0.16015625 2.046875 0
-0.16015625 2.06640625 0
-0.16015625 2.0859375 0
-0.16015625 2.10546875 0
-0.16015625 2.125 0
-0.16015625 2.14453125 0
-0.16015625 2.1640625 0
-0.16015625 2.18359375 0
-0.16015625 2.203125 0
-0.16015625 2.22265625 0
-0.16015625 2.2421875 0
-0.16015625 2.26171875 0
-0.16015625 2.28125 0
-0.16015625 2.30078125 0
-0.16015625 2.3203125 0
-0.16015625 2.33984375 0
-0.16015625 2.359375 0
-0.16015625 2.37890625 0
-0.16015625 2.3984375 0
-0.16015625 2.41796875 0
-0.16015625 2.4375 0
-0.16015625 2.45703125 0
-0.16015625 2.4765625 0
-0.16015625 2.49609375 0
-0.16015625 2.515625 0
-0.16015625 2.53515625 0
-0.16015625 2.5546875 0
-0.16015625 2.57421875 0
-0.16015625 2.59375 0
-0.16015625 2.61328125 0
-0.16015625 2.6328125 0
-0.16015625 2.65234375 0
-0.16015625 2.671875 0
-0.16015625 2.69140625 0
-0.16015625 2.7109375 0
-0.16015625 2.73046875 0
-0.16015625 2.75 0
-0.14300590124999996 0.28125 0
-0.14300590124999996 0.2890625 0
-0.14300590124999996 0.30859375 0
-0.14300590124999996 0.328125 0
-0.14300590124999996 0.34765625 0
-0.14300590124999996 0.3671875 0
-0.14300590124999996 0.375 0
-0.14300590124999996 0.38671875 0
-0.14300590124999996 0.40625 0
-0.14300590124999996 0.421875 0
-0.14300590124999996 0.42578125 0
-0.14300590124999996 0.4453125 0
-0.14300590124999996 0.46484375 0
-0.14300590124999996 0.46875 0
-0.14300590124999996 0.484375 0
-0.14300590124999996 0.50390625 0
-0.14300590124999996 0.515625 0
-0.14300590124999996 0.5234375 0
-0.14300590124999996 0.54296875 0
-0.14300590124999996 0.5625 0
-0.14300590124999996 0.58203125 0
-0.14300590124999996 0.6015625 0
-0.14300590124999996 0.609375 0
-0.14300590124999996 0.62109375 0
-0.14300590124999996 0.640625 0
-0.14300590124999996 0.65625 0
-0.14300590124999996 0.66015625 0
-0.14300590124999996 0.6796875 0
-0.14300590124999996 0.69921875 0
-0.14300590124999996 0.703125 0
-0.14300590124999996 0.71875 0
-0.14300590124999996 0.73828125 0
-0.14300590124999996 0.75 0
-0.14300590124999996 0.7578125 0
-0.14300590124999996 0.77734375 0
-0.14300590124999996 0.796875 0
-0.14300590124999996 0.81640625 0
-0.14300590124999996 0.8359375 0
-0.14300590124999996 0.84375 0
-0.14300590124999996 0.85546875 0
-0.14300590124999996 0.875 0
-0.14300590124999996 0.890625 0
-0.14300590124999996 0.89453125 0
-0.14300590124999996 0.9140625 0
-0.14300590124999996 0.93359375 0
-0.14300590124999996 0.9375 0
-0.14300590124999996 0.953125 0
-0.14300590124999996 0.97265625 0
-0.14300590124999996 0.984375 0
-0.14300590124999996 0.9921875 0
-0.14300590124999996 1.01171875 0
-0.14300590124999996 1.03125 0
-0.14300590124999996 1.05078125 0
-0.14300590124999996 1.0703125 0
-0.14300590124999996 1.078125 0
-0.14300590124999996 1.08984375 0
-0.14300590124999996 1.109375 0
-0.14300590124999996 1.125 0
-0.14300590124999996 1.12890625 0
-0.14300590124999996 1.1484375 0
-0.14300590124999996 1.16796875 0
-0.14300590124999996 1.171875 0
-0.14300590124999996 1.1875 0
-0.14300590124999996 1.20703125 0
-0.14300590124999996 1.21875 0
-0.14300590124999996 1.2265625 0
-0.14300590124999996 1.24609375 0
-0.14300590124999996 1.265625 0
-0.14300590124999996 1.28515625 0
-0.14300590124999996 1.3046875 0
-0.14300590124999996 1.3125 0
-0.14300590124999996 1.32421875 0
-0.14300590124999996 1.34375 0
-0.14300590124999996 1.359375 0
-0.14300590124999996 1.36328125 0
-0.14300590124999996 1.3828125 0
-0.14300590124999996 1.40234375 0
-0.14300590124999996 1.40625 0
-0.14300590124999996 1.421875 0
-0.14300590124999996 1.44140625 0
-0.14300590124999996 1.453125 0
-0.14300590124999996 1.4609375 0
-0.14300590124999996 1.48046875 0
-0.14300590124999996 1.5 0
-0.14300590124999996 1.51953125 0
-0.14300590124999996 1.5390625 0
-0.14300590124999996 1.546875 0
-0.14300590124999996 1.55859375 0
-0.14300590124999996 1.578125 0
-0.14300590124999996 1.59375 0
-0.14300590124999996 1.59765625 0
-0.14300590124999996 1.6171875 0
-0.14300590124999996 1.63671875 0
-0.14300590124999996 1.640625 0
-0.14300590124999996 1.65625 0
-0.14300590124999996 1.67578125 0
-0.14300590124999996 1.6875 0
-0.14300590124999996 1.6953125 0
-0.14300590124999996 1.71484375 0
-0.14300590124999996 1.734375 0
-0.14300590124999996 1.75390625 0
-0.14300590124999996 1.7734375 0
-0.14300590124999996 1.78125 0
-0.14300590124999996 1.79296875 0
-0.14300590124999996 1.8125 0
-0.14300590124999996 1.828125 0
-0.14300590124999996 1.83203125 0
-0.14300590124999996 1.8515625 0
-0.14300590124999996 1.87109375 0
-0.14300590124999996 1.875 0
-0.14300590124999996 1.890625 0
-0.14300590124999996 1.91015625 0
-0.14300590124999996 1.921875 0
-0.14300590124999996 1.9296875 0
-0.14300590124999996 1.94921875 0
-0.14300590124999996 1.96875 0
-0.14300590124999996 1.98828125 0
-0.14300590124999996 2.0078125 0
-0.14300590124999996 2.015625 0
-0.14300590124999996 2.02734375 0
-0.14300590124999996 2.046875 0
-0.14300590124999996 2.0625 0
-0.14300590124999996 2.06640625 0
-0.14300590124999996 2.0859375 0
-0.14300590124999996 2.10546875 0
-0.14300590124999996 2.109375 0
-0.14300590124999996 2.125 0
-0.14300590124999996 2.14453125 0
-0.14300590124999996 2.15625 0
-0.14300590124999996 2.1640625 0
-0.14300590124999996 2.18359375 0
-0.14300590124999996 2.203125 0
-0.14300590124999996 2.22265625 0
-0.14300590124999996 2.2421875 0
-0.14300590124999996 2.25 0
-0.14300590124999996 2.26171875 0
-0.14300590124999996 2.28125 0
-0.14300590124999996 2.296875 0
-0.14300590124999996 2.30078125 0
-0.14300590124999996 2.3203125 0
-0.14300590124999996 2.33984375 0
-0.14300590124999996 2.34375 0
-0.14300590124999996 2.359375 0
-0.14300590124999996 2.37890625 0
-0.14300590124999996 2.390625 0
-0.14300590124999996 2.3984375 0
-0.14300590124999996 2.41796875 0
-0.14300590124999996 2.4375 0
-0.14300590124999996 2.45703125 0
-0.14300590124999996 2.4765625 0
-0.14300590124999996 2.484375 0
-0.14300590124999996 2.49609375 0
-0.14300590124999996 2.515625 0
-0.14300590124999996 2.53125 0
-0.14300590124999996 2.53515625 0
-0.14300590124999996 2.5546875 0
-0.14300590124999996 2.57421875 0
-0.14300590124999996 2.578125 0
-0.14300590124999996 2.59375 0
-0.14300590124999996 2.61328125 0
-0.14300590124999996 2.625 0
-0.14300590124999996 2.6328125 0
-0.14300590124999996 2.65234375 0
-0.14300590124999996 2.671875 0
-0.14300590124999996 2.69140625 0
-0.14300590124999996 2.7109375 0
-0.14300590124999996 2.71875 0
-0.140625 -0.0625 0
-0.140625 0.015625 0
-0.140625 0.0546875 0
-0.140625 0.09375 0
-0.140625 0.1328125 0
-0.140625 0.171875 0
-0.140625 0.2109375 0
-0.140625 0.23046875 0
-0.140625 0.25 0
-0.140625 0.26953125 0
-0.140625 0.28125 0
-0.140625 2.71875 0
-0.140625 2.73046875 0
-0.140625 2.75 0
-0.140625 2.76953125 0
-0.140625 2.7890625 0
-0.140625 2.828125 0
-0.140625 2.8671875 0
-0.140625 2.90625 0
-0.140625 2.9453125 0
-0.140625 2.984375 0
-0.140625 3.0625 0
-0.12109375 0.2109375 0
-0.12109375 0.23046875 0
-0.12109375 0.25 0
-0.12109375 0.26953125 0
-0.12109375 0.28125 0
-0.12109375 2.71875 0
-0.12109375 2.73046875 0
-0.12109375 2.75 0
-0.12109375 2.76953125 0
-0.12109375 2.7890625 0
-0.10463422499999998 0.234375 0
-0.10463422499999998 0.25 0
-0.10463422499999998 0.26953125 0
-0.10463422499999998 0.28125 0
-0.10463422499999998 0.328125 0
-0.10463422499999998 0.375 0
-0.10463422499999998 0.421875 0
-0.10463422499999998 0.46875 0
-0.10463422499999998 0.515625 0
-0.10463422499999998 0.5625 0
-0.10463422499999998 0.609375 0
-0.10463422499999998 0.65625 0
-0.10463422499999998 0.703125 0
-0.10463422499999998 0.75 0
-0.10463422499999998 0.796875 0
-0.10463422499999998 0.84375 0
-0.10463422499999998 0.890625 0
-0.10463422499999998 0.9375 0
-0.10463422499999998 0.984375 0
-0.10463422499999998 1.03125 0
-0.10463422499999998 1.078125 0
-0.10463422499999998 1.125 0
-0.10463422499999998 1.171875 0
-0.10463422499999998 1.21875 0
-0.10463422499999998 1.265625 0
-0.10463422499999998 1.3125 0
-0.10463422499999998 1.359375 0
-0.10463422499999998 1.40625 0
-0.10463422499999998 1.453125 0
-0.10463422499999998 1.5 0
-0.10463422499999998 1.546875 0
-0.10463422499999998 1.59375 0
-0.10463422499999998 1.640625 0
-0.10463422499999998 1.6875 0
-0.10463422499999998 1.734375 0
-0.10463422499999998 1.78125 0
-0.10463422499999998 1.828125 0
-0.10463422499999998 1.875 0
-0.10463422499999998 1.921875 0
-0.10463422499999998 1.96875 0
-0.10463422499999998 2.015625 0
-0.10463422499999998 2.0625 0
-0.10463422499999998 2.109375 0
-0.10463422499999998 2.15625 0
-0.10463422499999998 2.203125 0
-0.10463422499999998 2.25 0
-0.10463422499999998 2.296875 0
-0.10463422499999998 2.34375 0
-0.10463422499999998 2.390625 0
-0.10463422499999998 2.4375 0
-0.10463422499999998 2.484375 0
-0.10463422499999998 2.53125 0
-0.10463422499999998 2.578125 0
-0.10463422499999998 2.625 0
-0.10463422499999998 2.671875 0
-0.10463422499999998 2.71875 0
-0.10463422499999998 2.73046875 0
-0.10463422499999998 2.75 0
-0.10463422499999998 2.765625 0
-0.1015625 0.015625 0
-0.1015625 0.0546875 0
-0.1015625 0.09375 0
-0.1015625 0.1328125 0
-0.1015625 0.171875 0
-0.1015625 0.19140625 0
-0.1015625 0.2109375 0
-0.1015625 0.23046875 0
-0.1015625 0.234375 0
-0.1015625 2.765625 0
-0.1015625 2.76953125 0
-0.1015625 2.7890625 0
-0.1015625 2.80859375 0
-0.1015625 2.828125 0
-0.1015625 2.8671875 0
-0.1015625 2.90625 0
-0.1015625 2.9453125 0
-0.1015625 2.984375 0
-0.08203125 0.171875 0
-0.08203125 0.19140625 0
-0.08203125 0.2109375 0
-0.08203125 0.23046875 0
-0.08203125 2.76953125 0
-0.08203125 2.7890625 0
-0.08203125 2.80859375 0
-0.08203125 2.828125 0
-0.07817099999999999 0.1875 0
-0.07817099999999999 0.19140625 0
-0.07817099999999999 0.2109375 0
-0.07817099999999999 0.23046875 0
-0.07817099999999999 0.234375 0
-0.07817099999999999 0.28125 0
-0.07817099999999999 0.328125 0
-0.07817099999999999 0.375 0
-0.07817099999999999 0.421875 0
-0.07817099999999999 0.46875 0
-0.07817099999999999 0.515625 0
-0.07817099999999999 0.5625 0
-0.07817099999999999 0.609375 0
-0.07817099999999999 0.65625 0
-0.07817099999999999 0.703125 0
-0.07817099999999999 0.75 0
-0.07817099999999999 0.796875 0
-0.07817099999999999 0.84375 0
-0.07817099999999999 0.890625 0
-0.07817099999999999 0.9375 0
-0.07817099999999999 0.984375 0
-0.07817099999999999 1.03125 0
-0.07817099999999999 1.078125 0
-0.07817099999999999 1.125 0
-0.07817099999999999 1.171875 0
-0.07817099999999999 1.21875 0
-0.07817099999999999 1.265625 0
-0.07817099999999999 1.3125 0
-0.07817099999999999 1.359375 0
-0.07817099999999999 1.40625 0
-0.07817099999999999 1.453125 0
-0.07817099999999999 1.5 0
-0.07817099999999999 1.546875 0
-0.07817099999999999 1.59375 0
-0.07817099999999999 1.640625 0
-0.07817099999999999 1.6875 0
-0.07817099999999999 1.734375 0
-0.07817099999999999 1.78125 0
-0.07817099999999999 1.828125 0
-0.07817099999999999 1.875 0
-0.07817099999999999 1.921875 0
-0.07817099999999999 1.96875 0
-0.07817099999999999 2.015625 0
-0.07817099999999999 2.0625 0
-0.07817099999999999 2.109375 0
-0.07817099999999999 2.15625 0
-0.07817099999999999 2.203125 0
-0.07817099999999999 2.25 0
-0.07817099999999999 2.296875 0
-0.07817099999999999 2.34375 0
-0.07817099999999999 2.390625 0
-0.07817099999999999 2.4375 0
-0.07817099999999999 2.484375 0
-0.07817099999999999 2.53125 0
-0.07817099999999999 2.578125 0
-0.07817099999999999 2.625 0
-0.07817099999999999 2.671875 0
-0.07817099999999999 2.71875 0
-0.07817099999999999 2.765625 0
-0.07817099999999999 2.76953125 0
-0.07817099999999999 2.7890625 0
-0.07817099999999999 2.80859375 0
-0.07817099999999999 2.8125 0
-0.0625 -1 0
-0.0625 -0.6875 0
-0.0625 -0.53125 0
-0.0625 -0.375 0
-0.0625 -0.21875 0
-0.0625 -0.140625 0
-0.0625 -0.0625 0
-0.0625 -0.0234375 0
-0.0625 0.015625 0
-0.0625 0.03515625 0
-0.0625 0.0546875 0
-0.0625 0.07421875 0
-0.0625 0.09375 0
-0.0625 0.11328125 0
-0.0625 0.1328125 0
-0.0625 0.15234375 0
-0.0625 0.171875 0
-0.0625 0.1875 0
-0.0625 2.8125 0
-0.0625 2.828125 0
-0.0625 2.84765625 0
-0.0625 2.8671875 0
-0.0625 2.88671875 0
-0.0625 2.90625 0
-0.0625 2.92578125 0
-0.0625 2.9453125 0
-0.0625 2.96484375 0
-0.0625 2.984375 0
-0.0625 3.0234375 0
-0.0625 3.0625 0
-0.0625 3.140625 0
-0.0625 3.21875 0
-0.0625 3.375 0
-0.0625 3.53125 0
-0.0625 3.6875 0
-0.0625 4 0
-0.059920499999999995 0.140625 0
-0.059920499999999995 0.15234375 0
-0.059920499999999995 0.171875 0
-0.059920499999999995 0.1875 0
-0.059920499999999995 0.234375 0
-0.059920499999999995 0.28125 0
-0.059920499999999995 0.328125 0
-0.059920499999999995 0.375 0
-0.059920499999999995 0.421875 0
-0.059920499999999995 0.46875 0
-0.059920499999999995 0.515625 0
-0.059920499999999995 0.5625 0
-0.059920499999999995 0.609375 0
-0.059920499999999995 0.65625 0
-0.059920499999999995 0.703125 0
-0.059920499999999995 0.75 0
-0.059920499999999995 0.796875 0
-0.059920499999999995 0.84375 0
-0.059920499999999995 0.890625 0
-0.059920499999999995 0.9375 0
-0.059920499999999995 0.984375 0
-0.059920499999999995 1.03125 0
-0.059920499999999995 1.078125 0
-0.059920499999999995 1.125 0
-0.059920499999999995 1.171875 0
-0.059920499999999995 1.21875 0
-0.059920499999999995 1.265625 0
-0.059920499999999995 1.3125 0
-0.059920499999999995 1.359375 0
-0.059920499999999995 1.40625 0
-0.059920499999999995 1.453125 0
-0.059920499999999995 1.5 0
-0.059920499999999995 1.546875 0
-0.059920499999999995 1.59375 0
-0.059920499999999995 1.640625 0
-0.059920499999999995 1.6875 0
-0.059920499999999995 1.734375 0
-0.059920499999999995 1.78125 0
-0.059920499999999995 1.828125 0
-0.059920499999999995 1.875 0
-0.059920499999999995 1.921875 0
-0.059920499999999995 1.96875 0
-0.059920499999999995 2.015625 0
-0.059920499999999995 2.0625 0
-0.059920499999999995 2.109375 0
-0.059920499999999995 2.15625 0
-0.059920499999999995 2.203125 0
-0.059920499999999995 2.25 0
-0.059920499999999995 2.296875 0
-0.059920499999999995 2.34375 0
-0.059920499999999995 2.390625 0
-0.059920499999999995 2.4375 0
-0.059920499999999995 2.484375 0
-0.059920499999999995 2.53125 0
-0.059920499999999995 2.578125 0
-0.059920499999999995 2.625 0
-0.059920499999999995 2.671875 0
-0.059920499999999995 2.71875 0
-0.059920499999999995 2.765625 0
-0.059920499999999995 2.8125 0
-0.059920499999999995 2.828125 0
-0.059920499999999995 2.84765625 0
-0.059920499999999995 2.859375 0
-0.04296875 0.015625 0
-0.04296875 0.03515625 0
-0.04296875 0.0546875 0
-0.04296875 0.07421875 0
-0.04296875 0.09375 0
-0.04296875 2.90625 0
-0.04296875 2.92578125 0
-0.04296875 2.9453125 0
-0.04296875 2.96484375 0
-0.04296875 2.984375 0
-0.041669999999999999 0.09375 0
-0.041669999999999999 0.11328125 0
-0.041669999999999999 0.1328125 0
-0.041669999999999999 0.140625 0
-0.041669999999999999 0.1875 0
-0.041669999999999999 0.234375 0
-0.041669999999999999 0.28125 0
-0.041669999999999999 0.328125 0
-0.041669999999999999 0.375 0
-0.041669999999999999 0.421875 0
-0.041669999999999999 0.46875 0
-0.041669999999999999 0.515625 0
-0.041669999999999999 0.5625 0
-0.041669999999999999 0.609375 0
-0.041669999999999999 0.65625 0
-0.041669999999999999 0.703125 0
-0.041669999999999999 0.75 0
-0.041669999999999999 0.796875 0
-0.041669999999999999 0.84375 0
-0.041669999999999999 0.890625 0
-0.041669999999999999 0.9375 0
-0.041669999999999999 0.984375 0
-0.041669999999999999 1.03125 0
-0.041669999999999999 1.078125 0
-0.041669999999999999 1.125 0
-0.041669999999999999 1.171875 0
-0.041669999999999999 1.21875 0
-0.041669999999999999 1.265625 0
-0.041669999999999999 1.3125 0
-0.041669999999999999 1.359375 0
-0.041669999999999999 1.40625 0
-0.041669999999999999 1.453125 0
-0.041669999999999999 1.5 0
-0.041669999999999999 1.546875 0
-0.041669999999999999 1.59375 0
-0.041669999999999999 1.640625 0
-0.041669999999999999 1.6875 0
-0.041669999999999999 1.734375 0
-0.041669999999999999 1.78125 0
-0.041669999999999999 1.828125 0
-0.041669999999999999 1.875 0
-0.041669999999999999 1.921875 0
-0.041669999999999999 1.96875 0
-0.041669999999999999 2.015625 0
-0.041669999999999999 2.0625 0
-0.041669999999999999 2.109375 0
-0.041669999999999999 2.15625 0
-0.041669999999999999 2.203125 0
-0.041669999999999999 2.25 0
-0.041669999999999999 2.296875 0
-0.041669999999999999 2.34375 0
-0.041669999999999999 2.390625 0
-0.041669999999999999 2.4375 0
-0.041669999999999999 2.484375 0
-0.041669999999999999 2.53125 0
-0.041669999999999999 2.578125 0
-0.041669999999999999 2.625 0
-0.041669999999999999 2.671875 0
-0.041669999999999999 2.71875 0
-0.041669999999999999 2.765625 0
-0.041669999999999999 2.8125 0
-0.041669999999999999 2.859375 0
-0.041669999999999999 2.8671875 0
-0.041669999999999999 2.88671875 0
-0.041669999999999999 2.90625 0
-0.0258 0.046875 0
-0.0258 0.0546875 0
-0.0258 0.07421875 0
-0.0258 0.09375 0
-0.0258 0.140625 0
-0.0258 0.1875 0
-0.0258 0.234375 0
-0.0258 0.28125 0
-0.0258 0.328125 0
-0.0258 0.375 0
-0.0258 0.421875 0
-0.0258 0.46875 0
-0.0258 0.515625 0
-0.0258 0.5625 0
-0.0258 0.609375 0
-0.0258 0.65625 0
-0.0258 0.703125 0
-0.0258 0.75 0
-0.0258 0.796875 0
-0.0258 0.84375 0
-0.0258 0.890625 0
-0.0258 0.9375 0
-0.0258 0.984375 0
-0.0258 1.03125 0
-0.0258 1.078125 0
-0.0258 1.125 0
-0.0258 1.171875 0
-0.0258 1.21875 0
-0.0258 1.265625 0
-0.0258 1.3125 0
-0.0258 1.359375 0
-0.0258 1.40625 0
-0.0258 1.453125 0
-0.0258 1.5 0
-0.0258 1.546875 0
-0.0258 1.59375 0
-0.0258 1.640625 0
-0.0258 1.6875 0
-0.0258 1.734375 0
-0.0258 1.78125 0
-0.0258 1.828125 0
-0.0258 1.875 0
-0.0258 1.921875 0
-0.0258 1.96875 0
-0.0258 2.015625 0
-0.0258 2.0625 0
-0.0258 2.109375 0
-0.0258 2.15625 0
-0.0258 2.203125 0
-0.0258 2.25 0
-0.0258 2.296875 0
-0.0258 2.34375 0
-0.0258 2.390625 0
-0.0258 2.4375 0
-0.0258 2.484375 0
-0.0258 2.53125 0
-0.0258 2.578125 0
-0.0258 2.625 0
-0.0258 2.671875 0
-0.0258 2.71875 0
-0.0258 2.765625 0
-0.0258 2.8125 0
-0.0258 2.859375 0
-0.0258 2.90625 0
-0.0258 2.92578125 0
-0.0258 2.9453125 0
-0.0258 2.953125 0
-0.0234375 -0.0625 0
-0.0234375 -0.0234375 0
-0.0234375 -0.00390625 0
-0.0234375 0.015625 0
-0.0234375 0.03515625 0
-0.0234375 0.046875 0
-0.0234375 2.953125 0
-0.0234375 2.96484375 0
-0.0234375 2.984375 0
-0.0234375 3.00390625 0
-0.0234375 3.0234375 0
-0.0234375 3.0625 0
-0.012 -0.012 0
-0.012 -0.00390625 0
-0.012 0.015625 0
-0.012 0.03515625 0
-0.012 0.046875 0
-0.012 0.09375 0
-0.012 0.140625 0
-0.012 0.1875 0
-0.012 0.234375 0
-0.012 0.28125 0
-0.012 0.328125 0
-0.012 0.375 0
-0.012 0.421875 0
-0.012 0.46875 0
-0.012 0.515625 0
-0.012 0.5625 0
-0.012 0.609375 0
-0.012 0.65625 0
-0.012 0.703125 0
-0.012 0.75 0
-0.012 0.796875 0
-0.012 0.84375 0
-0.012 0.890625 0
-0.012 0.9375 0
-0.012 0.984375 0
-0.012 1.03125 0
-0.012 1.078125 0
-0.012 1.125 0
-0.012 1.171875 0
-0.012 1.21875 0
-0.012 1.265625 0
-0.012 1.3125 0
-0.012 1.359375 0
-0.012 1.40625 0
-0.012 1.453125 0
-0.012 1.5 0
-0.012 1.546875 0
-0.012 1.59375 0
-0.012 1.640625 0
-0.012 1.6875 0
-0.012 1.734375 0
-0.012 1.78125 0
-0.012 1.828125 0
-0.012 1.875 0
-0.012 1.921875 0
-0.012 1.96875 0
-0.012 2.015625 0
-0.012 2.0625 0
-0.012 2.109375 0
-0.012 2.15625 0
-0.012 2.203125 0
-0.012 2.25 0
-0.012 2.296875 0
-0.012 2.34375 0
-0.012 2.390625 0
-0.012 2.4375 0
-0.012 2.484375 0
-0.012 2.53125 0
-0.012 2.578125 0
-0.012 2.625 0
-0.012 2.671875 0
-0.012 2.71875 0
-0.012 2.765625 0
-0.012 2.8125 0
-0.012 2.859375 0
-0.012 2.90625 0
-0.012 2.953125 0
-0.012 2.96484375 0
-0.012 2.984375 0
-0.012 3.00390625 0
-0.012 3.012 0
-0.00390625 -0.0234375 0
-0.00390625 -0.012 0
-0.00390625 3.012 0
-0.00390625 3.0234375 0
0 0 0
0 0.046875 0
0 0.09375 0
0 0.140625 0
0 0.1875 0
0 0.234375 0
0 0.28125 0
0 0.328125 0
0 0.375 0
0 0.421875 0
0 0.46875 0
0 0.515625 0
0 0.5625 0
0 0.609375 0
0 0.65625 0
0 0.703125 0
0 0.75 0
0 0.796875 0
0 0.84375 0
0 0.890625 0
0 0.9375 0
0 0.984375 0
0 1.03125 0
0 1.078125 0
0 1.125 0
0 1.171875 0
0 1.21875 0
0 1.265625 0
0 1.3125 0
0 1.359375 0
0 1.40625 0
0 1.453125 0
0 1.5 0
0 1.546875 0
0 1.59375 0
0 1.640625 0
0 1.6875 0
0 1.734375 0
0 1.78125 0
0 1.828125 0
0 1.875 0
0 1.921875 0
0 1.96875 0
0 2.015625 0
0 2.0625 0
0 2.109375 0
0 2.15625 0
0 2.203125 0
0 2.25 0
0 2.296875 0
0 2.34375 0
0 2.390625 0
0 2.4375 0
0 2.484375 0
0 2.53125 0
0 2.578125 0
0 2.625 0
0 2.671875 0
0 2.71875 0
0 2.765625 0
0 2.8125 0
0 2.859375 0
0 2.90625 0
0 2.953125 0
0 3 0
0.015625 -0.21875 0
0.015625 -0.140625 0
0.015625 -0.1015625 0
0.015625 -0.0625 0
0.015625 -0.04296875 0
0.015625 -0.0234375 0
0.015625 -0.012 0
0.015625 3.012 0
0.015625 3.0234375 0
0.015625 3.04296875 0
0.015625 3.0625 0
0.015625 3.1015625 0
0.015625 3.140625 0
0.015625 3.21875 0
0.03125 3 0
0.03125 3.012 0
0.03125 3.0234375 0
0.03125 3.0257999999999998 0
0.03515625 -0.0625 0
0.03515625 -0.04296875 0
0.03515625 -0.0234375 0
0.03515625 -0.012 0
0.03515625 3.0257999999999998 0
0.03515625 3.04296875 0
0.03515625 3.0625 0
0.046875 -0.0258 0
0.046875 -0.0234375 0
0.046875 -0.012 0
0.046875 0 0
0.0546875 -0.140625 0
0.0546875 -0.1015625 0
0.0546875 -0.0625 0
0.0546875 -0.04296875 0
0.0546875 -0.0258 0
0.0546875 3.0257999999999998 0
0.0546875 3.04296875 0
0.0546875 3.0625 0
0.0546875 3.1015625 0
0.0546875 3.140625 0
0.0625 3 0
0.0625 3.012 0
0.0625 3.0257999999999998 0
0.0625 3.0416699999999999 0
0.07421875 -0.0625 0
0.07421875 -0.04296875 0
0.07421875 -0.0258 0
0.07421875 3.0416699999999999 0
0.07421875 3.04296875 0
0.07421875 3.0625 0
0.09375 -0.6875 0
0.09375 -0.53125 0
0.09375 -0.375 0
0.09375 -0.296875 0
0.09375 -0.21875 0
0.09375 -0.140625 0
0.09375 -0.1015625 0
0.09375 -0.0625 0
0.09375 -0.04296875 0
0.09375 -0.041669999999999999 0
0.09375 -0.0258 0
0.09375 -0.012 0
0.09375 0 0
0.09375 3 0
0.09375 3.012 0
0.09375 3.0257999999999998 0
0.09375 3.0416699999999999 0
0.09375 3.0599205 0
0.09375 3.0625 0
0.09375 3.08203125 0
0.09375 3.1015625 0
0.09375 3.140625 0
0.09375 3.1796875 0
0.09375 3.21875 0
0.09375 3.296875 0
0.09375 3.375 0
0.09375 3.53125 0
0.09375 3.6875 0
0.11328125 -0.0625 0
0.11328125 -0.041669999999999999 0
0.11328125 3.0599205 0
0.11328125 3.0625 0
0.11328125 3.08203125 0
0.11328125 3.1015625 0
0.125 3 0
0.125 3.012 0
0.125 3.0257999999999998 0
0.125 3.0416699999999999 0
0.125 3.0599205 0
0.125 3.0781710000000002 0
0.1328125 -0.140625 0
0.1328125 -0.1015625 0
0.1328125 -0.0625 0
0.1328125 -0.041669999999999999 0
0.1328125 3.0781710000000002 0
0.1328125 3.08203125 0
0.1328125 3.1015625 0
0.1328125 3.12109375 0
0.1328125 3.140625 0
0.1328125 3.1796875 0
0.1328125 3.21875 0
0.140625 -0.059920499999999995 0
0.140625 -0.041669999999999999 0
0.140625 -0.0258 0
0.140625 -0.012 0
0.140625 0 0
0.15234375 -0.0625 0
0.15234375 -0.059920499999999995 0
0.15234375 3.0781710000000002 0
0.15234375 3.08203125 0
0.15234375 3.1015625 0
0.15234375 3.12109375 0
0.15234375 3.140625 0
0.15625 3 0
0.15625 3.012 0
0.15625 3.0257999999999998 0
0.15625 3.0416699999999999 0
0.15625 3.0599205 0
0.15625 3.0781710000000002 0
0.15625 3.1015625 0
0.15625 3.1046342249999999 0
0.171875 -0.375 0
0.171875 -0.296875 0
0.171875 -0.21875 0
0.171875 -0.1796875 0
0.171875 -0.140625 0
0.171875 -0.1015625 0
0.171875 -0.08203125 0
0.171875 -0.0625 0
0.171875 -0.059920499999999995 0
0.171875 3.1046342249999999 0
0.171875 3.12109375 0
0.171875 3.140625 0
0.171875 3.16015625 0
0.171875 3.1796875 0
0.171875 3.21875 0
0.171875 3.296875 0
0.171875 3.375 0
0.1875 -0.07817099999999999 0
0.1875 -0.0625 0
0.1875 -0.059920499999999995 0
0.1875 -0.041669999999999999 0
0.1875 -0.0258 0
0.1875 -0.012 0
0.1875 0 0
0.1875 3 0
0.1875 3.012 0
0.1875 3.0257999999999998 0
0.1875 3.0416699999999999 0
0.1875 3.0599205 0
0.1875 3.0781710000000002 0
0.1875 3.1046342249999999 0
0.1875 3.12109375 0
0.1875 3.140625 0
0.1875 3.14300590125 0
0.19140625 -0.1015625 0
0.19140625 -0.08203125 0
0.19140625 -0.07817099999999999 0
0.19140625 3.14300590125 0
0.19140625 3.16015625 0
0.19140625 3.1796875 0
0.2109375 -0.21875 0
0.2109375 -0.1796875 0
0.2109375 -0.140625 0
0.2109375 -0.12109375 0
0.2109375 -0.1015625 0
0.2109375 -0.08203125 0
0.2109375 -0.07817099999999999 0
0.2109375 3.14300590125 0
0.2109375 3.16015625 0
0.2109375 3.1796875 0
0.2109375 3.21875 0
0.21875 3 0
0.21875 3.012 0
0.21875 3.0257999999999998 0
0.21875 3.0416699999999999 0
0.21875 3.0599205 0
0.21875 3.0781710000000002 0
0.21875 3.1046342249999999 0
0.21875 3.14300590125 0
0.23046875 -0.140625 0
0.23046875 -0.12109375 0
0.23046875 -0.1015625 0
0.23046875 -0.08203125 0
0.23046875 -0.07817099999999999 0
0.23046875 3.14300590125 0
0.23046875 3.16015625 0
0.23046875 3.1796875 0
0.234375 -0.10463422499999998 0
0.234375 -0.1015625 0
0.234375 -0.07817099999999999 0
0.234375 -0.059920499999999995 0
0.234375 -0.041669999999999999 0
0.234375 -0.0258 0
0.234375 -0.012 0
0.234375 0 0
0.25 -1 0
0.25 -0.6875 0
0.25 -0.53125 0
0.25 -0.375 0
0.25 -0.296875 0
0.25 -0.21875 0
0.25 -0.1796875 0
0.25 -0.16015625 0
0.25 -0.140625 0
0.25 -0.12109375 0
0.25 -0.10463422499999998 0
0.25 3 0
0.25 3.012 0
0.25 3.0257999999999998 0
0.25 3.0416699999999999 0
0.25 3.0599205 0
0.25 3.0781710000000002 0
0.25 3.1046342249999999 0
0.25 3.14300590125 0
0.25 3.16015625 0
0.25 3.1796875 0
0.25 3.21875 0
0.25 3.296875 0
0.25 3.375 0
0.25 3.53125 0
0.25 3.6875 0
0.25 4 0
0.26953125 -0.1796875 0
0.26953125 -0.16015625 0
0.26953125 -0.140625 0
0.26953125 -0.12109375 0
0.26953125 -0.10463422499999998 0
0.26953125 3.14300590125 0
0.26953125 3.16015625 0
0.26953125 3.1796875 0
0.28125 -0.14300590124999996 0
0.28125 -0.140625 0
0.28125 -0.12109375 0
0.28125 -0.10463422499999998 0
0.28125 -0.07817099999999999 0
0.28125 -0.059920499999999995 0
0.28125 -0.041669999999999999 0
0.28125 -0.0258 0
0.28125 -0.012 0
0.28125 0 0
0.28125 3 0
0.28125 3.012 0
0.28125 3.0257999999999998 0
0.28125 3.0416699999999999 0
0.28125 3.0599205 0
0.28125 3.0781710000000002 0
0.28125 3.1046342249999999 0
0.28125 3.14300590125 0
0.2890625 -0.21875 0
0.2890625 -0.1796875 0
0.2890625 -0.16015625 0
0.2890625 -0.14300590124999996 0
0.2890625 3.14300590125 0
0.2890625 3.16015625 0
0.2890625 3.1796875 0
0.2890625 3.21875 0
0.30859375 -0.1796875 0
0.30859375 -0.16015625 0
0.30859375 -0.14300590124999996 0
0.30859375 3.14300590125 0
0.30859375 3.16015625 0
0.30859375 3.1796875 0
0.3125 3 0
0.3125 3.012 0
0.3125 3.0257999999999998 0
0.3125 3.0416699999999999 0
0.3125 3.0599205 0
0.3125 3.0781710000000002 0
0.3125 3.1046342249999999 0
0.3125 3.14300590125 0
0.328125 -0.375 0
0.328125 -0.296875 0
0.328125 -0.21875 0
0.328125 -0.1796875 0
0.328125 -0.16015625 0
0.328125 -0.14300590124999996 0
0.328125 -0.10463422499999998 0
0.328125 -0.07817099999999999 0
0.328125 -0.059920499999999995 0
0.328125 -0.041669999999999999 0
0.328125 -0.0258 0
0.328125 -0.012 0
0.328125 0 0
0.328125 3.14300590125 0
0.328125 3.16015625 0
0.328125 3.1796875 0
0.328125 3.21875 0
0.328125 3.296875 0
0.328125 3.375 0
0.34375 3 0
0.34375 3.012 0
0.34375 3.0257999999999998 0
0.34375 3.0416699999999999 0
0.34375 3.0599205 0
0.34375 3.0781710000000002 0
0.34375 3.1046342249999999 0
0.34375 3.14300590125 0
0.34765625 -0.1796875 0
0.34765625 -0.16015625 0
0.34765625 -0.14300590124999996 0
0.34765625 3.14300590125 0
0.34765625 3.16015625 0
0.34765625 3.1796875 0
0.3671875 -0.21875 0
0.3671875 -0.1796875 0
0.3671875 -0.16015625 0
0.3671875 -0.14300590124999996 0
0.3671875 3.14300590125 0
0.3671875 3.16015625 0
0.3671875 3.1796875 0
0.3671875 3.21875 0
0.375 -0.14300590124999996 0
0.375 -0.10463422499999998 0
0.375 -0.07817099999999999 0
0.375 -0.059920499999999995 0
0.375 -0.041669999999999999 0
0.375 -0.0258 0
0.375 -0.012 0
0.375 0 0
0.375 3 0
0.375 3.012 0
0.375 3.0257999999999998 0
0.375 3.0416699999999999 0
0.375 3.0599205 0
0.375 3.0781710000000002 0
0.375 3.1046342249999999 0
0.375 3.14300590125 0
0.38671875 -0.1796875 0
0.38671875 -0.16015625 0
0.38671875 -0.14300590124999996 0
0.38671875 3.14300590125 0
0.38671875 3.16015625 0
0.38671875 3.1796875 0
0.40625 -0.6875 0
0.40625 -0.53125 0
0.40625 -0.375 0
0.40625 -0.296875 0
0.40625 -0.21875 0
0.40625 -0.1796875 0
0.40625 -0.16015625 0
0.40625 -0.14300590124999996 0
0.40625 3 0
0.40625 3.012 0
0.40625 3.0257999999999998 0
0.40625 3.0416699999999999 0
0.40625 3.0599205 0
0.40625 3.0781710000000002 0
0.40625 3.1046342249999999 0
0.40625 3.14300590125 0
0.40625 3.16015625 0
0.40625 3.1796875 0
0.40625 3.21875 0
0.40625 3.296875 0
0.40625 3.375 0
0.40625 3.53125 0
0.40625 3.6875 0
0.421875 -0.14300590124999996 0
0.421875 -0.10463422499999998 0
0.421875 -0.07817099999999999 0
0.421875 -0.059920499999999995 0
0.421875 -0.041669999999999999 0
0.421875 -0.0258 0
0.421875 -0.012 0
0.421875 0 0
0.42578125 -0.1796875 0
0.42578125 -0.16015625 0
0.42578125 -0.14300590124999996 0
0.42578125 3.14300590125 0
0.42578125 3.16015625 0
0.42578125 3.1796875 0
0.4375 3 0
0.4375 3.012 0
0.4375 3.0257999999999998 0
0.4375 3.0416699999999999 0
0.4375 3.0599205 0
0.4375 3.0781710000000002 0
0.4375 3.1046342249999999 0
0.4375 3.14300590125 0
0.4453125 -0.21875 0
0.4453125 -0.1796875 0
0.4453125 -0.16015625 0
0.4453125 -0.14300590124999996 0
0.4453125 3.14300590125 0
0.4453125 3.16015625 0
0.4453125 3.1796875 0
0.4453125 3.21875 0
0.46484375 -0.1796875 0
0.46484375 -0.16015625 0
0.46484375 -0.14300590124999996 0
0.46484375 3.14300590125 0
0.46484375 3.16015625 0
0.46484375 3.1796875 0
0.46875 -0.14300590124999996 0
0.46875 -0.10463422499999998 0
0.46875 -0.07817099999999999 0
0.46875 -0.059920499999999995 0
0.46875 -0.041669999999999999 0
0.46875 -0.0258 0
0.46875 -0.012 0
0.46875 0 0
0.46875 3 0
0.46875 3.012 0
0.46875 3.0257999999999998 0
0.46875 3.0416699999999999 0
0.46875 3.0599205 0
0.46875 3.0781710000000002 0
0.46875 3.1046342249999999 0
0.46875 3.14300590125 0
0.484375 -0.375 0
0.484375 -0.296875 0
0.484375 -0.21875 0
0.484375 -0.1796875 0
0.484375 -0.16015625 0
0.484375 -0.14300590124999996 0
0.484375 3.14300590125 0
0.484375 3.16015625 0
0.484375 3.1796875 0
0.484375 3.21875 0
0.484375 3.296875 0
0.484375 3.375 0
0.5 3 0
0.5 3.012 0
0.5 3.0257999999999998 0
0.5 3.0416699999999999 0
0.5 3.0599205 0
0.5 3.0781710000000002 0
0.5 3.1046342249999999 0
0.5 3.14300590125 0
0.50390625 -0.1796875 0
0.50390625 -0.16015625 0
0.50390625 -0.14300590124999996 0
0.50390625 3.14300590125 0
0.50390625 3.16015625 0
0.50390625 3.1796875 0
0.515625 -0.14300590124999996 0
0.515625 -0.10463422499999998 0
0.515625 -0.07817099999999999 0
0.515625 -0.059920499999999995 0
0.515625 -0.041669999999999999 0
0.515625 -0.0258 0
0.515625 -0.012 0
0.515625 0 0
0.5234375 -0.21875 0
0.5234375 -0.1796875 0
0.5234375 -0.16015625 0
0.5234375 -0.14300590124999996 0
0.5234375 3.14300590125 0
0.5234375 3.16015625 0
0.5234375 3.1796875 0
0.5234375 3.21875 0
0.53125 3 0
0.53125 3.012 0
0.53125 3.0257999999999998 0
0.53125 3.0416699999999999 0
0.53125 3.0599205 0
0.53125 3.0781710000000002 0
0.53125 3.1046342249999999 0
0.53125 3.14300590125 0
0.54296875 -0.1796875 0
0.54296875 -0.16015625 0
0.54296875 -0.14300590124999996 0
0.54296875 3.14300590125 0
0.54296875 3.16015625 0
0.54296875 3.1796875 0
0.5625 -1 0
0.5625 -0.6875 0
0.5625 -0.53125 0
0.5625 -0.375 0
0.5625 -0.296875 0
0.5625 -0.21875 0
0.5625 -0.1796875 0
0.5625 -0.16015625 0
0.5625 -0.14300590124999996 0
0.5625 -0.10463422499999998 0
0.5625 -0.07817099999999999 0
0.5625 -0.059920499999999995 0
0.5625 -0.041669999999999999 0
0.5625 -0.0258 0
0.5625 -0.012 0
0.5625 0 0
0.5625 3 0
0.5625 3.012 0
0.5625 3.0257999999999998 0
0.5625 3.0416699999999999 0
0.5625 3.0599205 0
0.5625 3.0781710000000002 0
0.5625 3.1046342249999999 0
0.5625 3.14300590125 0
0.5625 3.16015625 0
0.5625 3.1796875 0
0.5625 3.21875 0
0.5625 3.296875 0
0.5625 3.375 0
0.5625 3.53125 0
0.5625 3.6875 0
0.5625 4 0
0.58203125 -0.1796875 0
0.58203125 -0.16015625 0
0.58203125 -0.14300590124999996 0
0.58203125 3.14300590125 0
0.58203125 3.16015625 0
0.58203125 3.1796875 0
0.59375 3 0
0.59375 3.012 0
0.59375 3.0257999999999998 0
0.59375 3.0416699999999999 0
0.59375 3.0599205 0
0.59375 3.0781710000000002 0
0.59375 3.1046342249999999 0
0.59375 3.14300590125 0
0.6015625 -0.21875 0
0.6015625 -0.1796875 0
0.6015625 -0.16015625 0
0.6015625 -0.14300590124999996 0
0.6015625 3.14300590125 0
0.6015625 3.16015625 0
0.6015625 3.1796875 0
0.6015625 3.21875 0
0.609375 -0.14300590124999996 0
0.609375 -0.10463422499999998 0
0.609375 -0.07817099999999999 0
0.609375 -0.059920499999999995 0
0.609375 -0.041669999999999999 0
0.609375 -0.0258 0
0.609375 -0.012 0
0.609375 0 0
0.62109375 -0.1796875 0
0.62109375 -0.16015625 0
0.62109375 -0.14300590124999996 0
0.62109375 3.14300590125 0
0.62109375 3.16015625 0
0.62109375 3.1796875 0
0.625 3 0
0.625 3.012 0
0.625 3.0257999999999998 0
0.625 3.0416699999999999 0
0.625 3.0599205 0
0.625 3.0781710000000002 0
0.625 3.1046342249999999 0
0.625 3.14300590125 0
0.640625 -0.375 0
0.640625 -0.296875 0
0.640625 -0.21875 0
0.640625 -0.1796875 0
0.640625 -0.16015625 0
0.640625 -0.14300590124999996 0
0.640625 3.14300590125 0
0.640625 3.16015625 0
0.640625 3.1796875 0
0.640625 3.21875 0
0.640625 3.296875 0
0.640625 3.375 0
0.65625 -0.14300590124999996 0
0.65625 -0.10463422499999998 0
0.65625 -0.07817099999999999 0
0.65625 -0.059920499999999995 0
0.65625 -0.041669999999999999 0
0.65625 -0.0258 0
0.65625 -0.012 0
0.65625 0 0
0.65625 3 0
0.65625 3.012 0
0.65625 3.0257999999999998 0
0.65625 3.0416699999999999 0
0.65625 3.0599205 0
0.65625 3.0781710000000002 0
0.65625 3.1046342249999999 0
0.65625 3.14300590125 0
0.66015625 -0.1796875 0
0.66015625 -0.16015625 0
0.66015625 -0.14300590124999996 0
0.66015625 3.14300590125 0
0.66015625 3.16015625 0
0.66015625 3.1796875 0
0.6796875 -0.21875 0
0.6796875 -0.1796875 0
0.6796875 -0.16015625 0
0.6796875 -0.14300590124999996 0
0.6796875 3.14300590125 0
0.6796875 3.16015625 0
0.6796875 3.1796875 0
0.6796875 3.21875 0
0.6875 3 0
0.6875 3.012 0
0.6875 3.0257999999999998 0
0.6875 3.0416699999999999 0
0.6875 3.0599205 0
0.6875 3.0781710000000002 0
0.6875 3.1046342249999999 0
0.6875 3.14300590125 0
0.69921875 -0.1796875 0
0.69921875 -0.16015625 0
0.69921875 -0.14300590124999996 0
0.69921875 3.14300590125 0
0.69921875 3.16015625 0
0.69921875 3.1796875 0
0.703125 -0.14300590124999996 0
0.703125 -0.10463422499999998 0
0.703125 -0.07817099999999999 0
0.703125 -0.059920499999999995 0
0.703125 -0.041669999999999999 0
0.703125 -0.0258 0
0.703125 -0.012 0
0.703125 0 0
0.71875 -0.6875 0
0.71875 -0.53125 0
0.71875 -0.375 0
0.71875 -0.296875 0
0.71875 -0.21875 0
0.71875 -0.1796875 0
0.71875 -0.16015625 0
0.71875 -0.14300590124999996 0
0.71875 3 0
0.71875 3.012 0
0.71875 3.0257999999999998 0
0.71875 3.0416699999999999 0
0.71875 3.0599205 0
0.71875 3.0781710000000002 0
0.71875 3.1046342249999999 0
0.71875 3.14300590125 0
0.71875 3.16015625 0
0.71875 3.1796875 0
0.71875 3.21875 0
0.71875 3.296875 0
0.71875 3.375 0
0.71875 3.53125 0
0.71875 3.6875 0
0.73828125 -0.1796875 0
0.73828125 -0.16015625 0
0.73828125 -0.14300590124999996 0
0.73828125 3.14300590125 0
0.73828125 3.16015625 0
0.73828125 3.1796875 0
0.75 -0.14300590124999996 0
0.75 -0.10463422499999998 0
0.75 -0.07817099999999999 0
0.75 -0.059920499999999995 0
0.75 -0.041669999999999999 0
0.75 -0.0258 0
0.75 -0.012 0
0.75 0 0
0.75 3 0
0.75 3.012 0
0.75 3.0257999999999998 0
0.75 3.0416699999999999 0
0.75 3.0599205 0
0.75 3.0781710000000002 0
0.75 3.1046342249999999 0
0.75 3.14300590125 0
0.7578125 -0.21875 0
0.7578125 -0.1796875 0
0.7578125 -0.16015625 0
0.7578125 -0.14300590124999996 0
0.7578125 3.14300590125 0
0.7578125 3.16015625 0
0.7578125 3.1796875 0
0.7578125 3.21875 0
0.77734375 -0.1796875 0
0.77734375 -0.16015625 0
0.77734375 -0.14300590124999996 0
0.77734375 3.14300590125 0
0.77734375 3.16015625 0
0.77734375 3.1796875 0
0.78125 3 0
0.78125 3.012 0
0.78125 3.0257999999999998 0
0.78125 3.0416699999999999 0
0.78125 3.0599205 0
0.78125 3.0781710000000002 0
0.78125 3.1046342249999999 0
0.78125 3.14300590125 0
0.796875 -0.375 0
0.796875 -0.296875 0
0.796875 -0.21875 0
0.796875 -0.1796875 0
0.796875 -0.16015625 0
0.796875 -0.14300590124999996 0
0.796875 -0.10463422499999998 0
0.796875 -0.07817099999999999 0
0.796875 -0.059920499999999995 0
0.796875 -0.041669999999999999 0
0.796875 -0.0258 0
0.796875 -0.012 0
0.796875 0 0
0.796875 3.14300590125 0
0.796875 3.16015625 0
0.796875 3.1796875 0
0.796875 3.21875 0
0.796875 3.296875 0
0.796875 3.375 0
0.8125 3 0
0.8125 3.012 0
0.8125 3.0257999999999998 0
0.8125 3.0416699999999999 0
0.8125 3.0599205 0
0.8125 3.0781710000000002 0
0.8125 3.1046342249999999 0
0.8125 3.12109375 0
0.8125 3.140625 0
0.8125 3.14300590125 0
0.81640625 -0.1796875 0
0.81640625 -0.16015625 0
0.81640625 -0.14300590124999996 0
0.81640625 3.1046342249999999 0
0.81640625 3.12109375 0
0.81640625 3.140625 0
0.81640625 3.16015625 0
0.81640625 3.1796875 0
0.8359375 -0.21875 0
0.8359375 -0.1796875 0
0.8359375 -0.16015625 0
0.8359375 -0.14300590124999996 0
0.8359375 3.1046342249999999 0
0.8359375 3.12109375 0
0.8359375 3.140625 0
0.8359375 3.16015625 0
0.8359375 3.1796875 0
0.8359375 3.21875 0
0.84375 -0.14300590124999996 0
0.84375 -0.10463422499999998 0
0.84375 -0.07817099999999999 0
0.84375 -0.059920499999999995 0
0.84375 -0.041669999999999999 0
0.84375 -0.0258 0
0.84375 -0.012 0
0.84375 0 0
0.84375 3 0
0.84375 3.012 0
0.84375 3.0257999999999998 0
0.84375 3.0416699999999999 0
0.84375 3.0599205 0
0.84375 3.0781710000000002 0
0.84375 3.08203125 0
0.84375 3.1015625 0
0.84375 3.1046342249999999 0
0.85546875 -0.1796875 0
0.85546875 -0.16015625 0
0.85546875 -0.14300590124999996 0
0.85546875 3.0781710000000002 0
0.85546875 3.08203125 0
0.85546875 3.1015625 0
0.85546875 3.12109375 0
0.85546875 3.140625 0
0.875 -1 0
0.875 -0.6875 0
0.875 -0.53125 0
0.875 -0.375 0
0.875 -0.296875 0
0.875 -0.21875 0
0.875 -0.1796875 0
0.875 -0.16015625 0
0.875 -0.14300590124999996 0
0.875 3 0
0.875 3.012 0
0.875 3.0257999999999998 0
0.875 3.0416699999999999 0
0.875 3.0599205 0
0.875 3.0625 0
0.875 3.0781710000000002 0
0.875 3.08203125 0
0.875 3.1015625 0
0.875 3.12109375 0
0.875 3.140625 0
0.875 3.1796875 0
0.875 3.21875 0
0.875 3.296875 0
0.875 3.375 0
0.875 3.53125 0
0.875 3.6875 0
0.875 4 0
0.890625 -0.14300590124999996 0
0.890625 -0.10463422499999998 0
0.890625 -0.07817099999999999 0
0.890625 -0.059920499999999995 0
0.890625 -0.041669999999999999 0
0.890625 -0.0258 0
0.890625 -0.012 0
0.890625 0 0
0.89453125 -0.1796875 0
0.89453125 -0.16015625 0
0.89453125 -0.14300590124999996 0
0.89453125 3.0599205 0
0.89453125 3.0625 0
0.89453125 3.08203125 0
0.89453125 3.1015625 0
0.90625 3 0
0.90625 3.012 0
0.90625 3.0257999999999998 0
0.90625 3.0416699999999999 0
0.90625 3.0599205 0
0.9140625 -0.21875 0
0.9140625 -0.1796875 0
0.9140625 -0.16015625 0
0.9140625 -0.14300590124999996 0
0.9140625 3.0416699999999999 0
0.9140625 3.0625 0
0.9140625 3.08203125 0
0.9140625 3.1015625 0
0.9140625 3.140625 0
0.93359375 -0.1796875 0
0.93359375 -0.16015625 0
0.93359375 -0.14300590124999996 0
0.93359375 3.0416699999999999 0
0.93359375 3.04296875 0
0.93359375 3.0625 0
0.9375 -0.14300590124999996 0
0.9375 -0.10463422499999998 0
0.9375 -0.07817099999999999 0
0.9375 -0.059920499999999995 0
0.9375 -0.041669999999999999 0
0.9375 -0.0258 0
0.9375 -0.012 0
0.9375 0 0
0.9375 3 0
0.9375 3.012 0
0.9375 3.0257999999999998 0
0.9375 3.0416699999999999 0
0.953125 -0.375 0
0.953125 -0.296875 0
0.953125 -0.21875 0
0.953125 -0.1796875 0
0.953125 -0.16015625 0
0.953125 -0.14300590124999996 0
0.953125 3.0257999999999998 0
0.953125 3.04296875 0
0.953125 3.0625 0
0.953125 3.1015625 0
0.953125 3.140625 0
0.953125 3.21875 0
0.96875 3 0
0.96875 3.012 0
0.96875 3.0234375 0
0.96875 3.0257999999999998 0
0.97265625 -0.1796875 0
0.97265625 -0.16015625 0
0.97265625 -0.14300590124999996 0
0.97265625 3.012 0
0.97265625 3.0234375 0
0.97265625 3.04296875 0
0.97265625 3.0625 0
0.984375 -0.14300590124999996 0
0.984375 -0.10463422499999998 0
0.984375 -0.07817099999999999 0
0.984375 -0.059920499999999995 0
0.984375 -0.041669999999999999 0
0.984375 -0.0258 0
0.984375 -0.012 0
0.984375 0 0
0.9921875 -0.21875 0
0.9921875 -0.1796875 0
0.9921875 -0.16015625 0
0.9921875 -0.14300590124999996 0
0.9921875 3.012 0
0.9921875 3.0234375 0
0.9921875 3.04296875 0
0.9921875 3.0625 0
0.9921875 3.1015625 0
0.9921875 3.140625 0
1 1 0
1 1.01171875 0
1 1.03125 0
1 1.0625 0
1 1.09375 0
1 1.125 0
1 1.15625 0
1 1.1875 0
1 1.21875 0
1 1.25 0
1 1.28125 0
1 1.3125 0
1 1.34375 0
1 1.375 0
1 1.40625 0
1 1.4375 0
1 1.46875 0
1 1.5 0
1 1.53125 0
1 1.5625 0
1 1.59375 0
1 1.625 0
1 1.65625 0
1 1.6875 0
1 1.71875 0
1 1.75 0
1 1.78125 0
1 1.8125 0
1 1.84375 0
1 1.875 0
1 1.90625 0
1 1.9375 0
1 1.96875 0
1 2 0
1 2.03125 0
1 2.0625 0
1 2.09375 0
1 2.125 0
1 2.15625 0
1 2.1875 0
1 2.21875 0
1 2.25 0
1 2.28125 0
1 2.3125 0
1 2.34375 0
1 2.375 0
1 2.40625 0
1 2.4375 0
1 2.46875 0
1 2.5 0
1 2.53125 0
1 2.5625 0
1 2.59375 0
1 2.625 0
1 2.65625 0
1 2.6875 0
1 2.71875 0
1 2.75 0
1 2.78125 0
1 2.8125 0
1 2.84375 0
1 2.875 0
1 2.90625 0
1 2.9375 0
1 2.96875 0
1 3 0
1.01171875 -0.1796875 0
1.01171875 -0.16015625 0
1.01171875 -0.14300590124999996 0
1.01171875 1 0
1.01171875 1.01171875 0
1.01171875 1.03125 0
1.01171875 3.012 0
1.01171875 3.0234375 0
1.012 1.03125 0
1.012 1.05078125 0
1.012 1.0625 0
1.012 1.09375 0
1.012 1.125 0
1.012 1.15625 0
1.012 1.1875 0
1.012 1.21875 0
1.012 1.25 0
1.012 1.28125 0
1.012 1.3125 0
1.012 1.34375 0
1.012 1.375 0
1.012 1.40625 0
1.012 1.4375 0
1.012 1.46875 0
1.012 1.5 0
1.012 1.53125 0
1.012 1.5625 0
1.012 1.59375 0
1.012 1.625 0
1.012 1.65625 0
1.012 1.6875 0
1.012 1.71875 0
1.012 1.75 0
1.012 1.78125 0
1.012 1.8125 0
1.012 1.84375 0
1.012 1.875 0
1.012 1.90625 0
1.012 1.9375 0
1.012 1.96875 0
1.012 2 0
1.012 2.03125 0
1.012 2.0625 0
1.012 2.09375 0
1.012 2.125 0
1.012 2.15625 0
1.012 2.1875 0
1.012 2.21875 0
1.012 2.25 0
1.012 2.28125 0
1.012 2.3125 0
1.012 2.34375 0
1.012 2.375 0
1.012 2.40625 0
1.012 2.4375 0
1.012 2.46875 0
1.012 2.5 0
1.012 2.53125 0
1.012 2.5625 0
1.012 2.59375 0
1.012 2.625 0
1.012 2.65625 0
1.012 2.6875 0
1.012 2.71875 0
1.012 2.75 0
1.012 2.78125 0
1.012 2.8125 0
1.012 2.84375 0
1.012 2.875 0
1.012 2.90625 0
1.012 2.9375 0
1.012 2.96875 0
1.012 2.984375 0
1.012 3.00390625 0
1.012 3.012 0
1.0258 1.0625 0
1.0258 1.0703125 0
1.0258 1.09375 0
1.0258 1.125 0
1.0258 1.15625 0
1.0258 1.1875 0
1.0258 1.21875 0
1.0258 1.25 0
1.0258 1.28125 0
1.0258 1.3125 0
1.0258 1.34375 0
1.0258 1.375 0
1.0258 1.40625 0
1.0258 1.4375 0
1.0258 1.46875 0
1.0258 1.5 0
1.0258 1.53125 0
1.0258 1.5625 0
1.0258 1.59375 0
1.0258 1.625 0
1.0258 1.65625 0
1.0258 1.6875 0
1.0258 1.71875 0
1.0258 1.75 0
1.0258 1.78125 0
1.0258 1.8125 0
1.0258 1.84375 0
1.0258 1.875 0
1.0258 1.90625 0
1.0258 1.9375 0
1.0258 1.96875 0
1.0258 2 0
1.0258 2.03125 0
1.0258 2.0625 0
1.0258 2.09375 0
1.0258 2.125 0
1.0258 2.15625 0
1.0258 2.1875 0
1.0258 2.21875 0
1.0258 2.25 0
1.0258 2.28125 0
1.0258 2.3125 0
1.0258 2.34375 0
1.0258 2.375 0
1.0258 2.40625 0
1.0258 2.4375 0
1.0258 2.46875 0
1.0258 2.5 0
1.0258 2.53125 0
1.0258 2.5625 0
1.0258 2.59375 0
1.0258 2.625 0
1.0258 2.65625 0
1.0258 2.6875 0
1.0258 2.71875 0
1.0258 2.75 0
1.0258 2.78125 0
1.0258 2.8125 0
1.0258 2.84375 0
1.0258 2.875 0
1.0258 2.90625 0
1.0258 2.9375 0
1.0258 2.9453125 0
1.0258 2.96484375 0
1.0258 2.96875 0
1.03125 -0.6875 0
1.03125 -0.53125 0
1.03125 -0.375 0
1.03125 -0.296875 0
1.03125 -0.21875 0
1.03125 -0.1796875 0
1.03125 -0.16015625 0
1.03125 -0.14300590124999996 0
1.03125 -0.10463422499999998 0
1.03125 -0.07817099999999999 0
1.03125 -0.059920499999999995 0
1.03125 -0.041669999999999999 0
1.03125 -0.0258 0
1.03125 -0.012 0
1.03125 0 0
1.03125 1 0
1.03125 1.01171875 0
1.03125 1.012 0
1.03125 1.03125 0
1.03125 1.05078125 0
1.03125 1.0703125 0
1.03125 1.08984375 0
1.03125 1.09375 0
1.03125 2.9375 0
1.03125 2.9453125 0
1.03125 2.96484375 0
1.03125 2.984375 0
1.03125 3.00390625 0
1.03125 3.0234375 0
1.03125 3.0625 0
1.03125 3.1015625 0
1.03125 3.140625 0
1.03125 3.21875 0
1.03125 3.375 0
1.0416700000000001 1.09375 0
1.0416700000000001 1.109375 0
1.0416700000000001 1.125 0
1.0416700000000001 1.15625 0
1.0416700000000001 1.1875 0
1.0416700000000001 1.21875 0
1.0416700000000001 1.25 0
1.0416700000000001 1.28125 0
1.0416700000000001 1.3125 0
1.0416700000000001 1.34375 0
1.0416700000000001 1.375 0
1.0416700000000001 1.40625 0
1.0416700000000001 1.4375 0
1.0416700000000001 1.46875 0
1.0416700000000001 1.5 0
1.0416700000000001 1.53125 0
1.0416700000000001 1.5625 0
1.0416700000000001 1.59375 0
1.0416700000000001 1.625 0
1.0416700000000001 1.65625 0
1.0416700000000001 1.6875 0
1.0416700000000001 1.71875 0
1.0416700000000001 1.75 0
1.0416700000000001 1.78125 0
1.0416700000000001 1.8125 0
1.0416700000000001 1.84375 0
1.0416700000000001 1.875 0
1.0416700000000001 1.90625 0
1.0416700000000001 1.9375 0
1.0416700000000001 1.96875 0
1.0416700000000001 2 0
1.0416700000000001 2.03125 0
1.0416700000000001 2.0625 0
1.0416700000000001 2.09375 0
1.0416700000000001 2.125 0
1.0416700000000001 2.15625 0
1.0416700000000001 2.1875 0
1.0416700000000001 2.21875 0
1.0416700000000001 2.25 0
1.0416700000000001 2.28125 0
1.0416700000000001 2.3125 0
1.0416700000000001 2.34375 0
1.0416700000000001 2.375 0
1.0416700000000001 2.40625 0
1.0416700000000001 2.4375 0
1.0416700000000001 2.46875 0
1.0416700000000001 2.5 0
1.0416700000000001 2.53125 0
1.0416700000000001 2.5625 0
1.0416700000000001 2.59375 0
1.0416700000000001 2.625 0
1.0416700000000001 2.65625 0
1.0416700000000001 2.6875 0
1.0416700000000001 2.71875 0
1.0416700000000001 2.75 0
1.0416700000000001 2.78125 0
1.0416700000000001 2.8125 0
1.0416700000000001 2.84375 0
1.0416700000000001 2.875 0
1.0416700000000001 2.90625 0
1.0416700000000001 2.92578125 0
1.0416700000000001 2.9375 0
1.05078125 -0.1796875 0
1.05078125 -0.16015625 0
1.05078125 -0.14300590124999996 0
1.05078125 1.012 0
1.05078125 1.03125 0
1.05078125 1.0703125 0
1.05078125 1.08984375 0
1.05078125 1.109375 0
1.05078125 1.125 0
1.05078125 2.90625 0
1.05078125 2.92578125 0
1.05078125 2.9453125 0
1.0599205 1.125 0
1.0599205 1.12890625 0
1.0599205 1.1484375 0
1.0599205 1.15625 0
1.0599205 1.1875 0
1.0599205 1.21875 0
1.0599205 1.25 0
1.0599205 1.28125 0
1.0599205 1.3125 0
1.0599205 1.34375 0
1.0599205 1.375 0
1.0599205 1.40625 0
1.0599205 1.4375 0
1.0599205 1.46875 0
1.0599205 1.5 0
1.0599205 1.53125 0
1.0599205 1.5625 0
1.0599205 1.59375 0
1.0599205 1.625 0
1.0599205 1.65625 0
1.0599205 1.6875 0
1.0599205 1.71875 0
1.0599205 1.75 0
1.0599205 1.78125 0
1.0599205 1.8125 0
1.0599205 1.84375 0
1.0599205 1.875 0
1.0599205 1.90625 0
1.0599205 1.9375 0
1.0599205 1.96875 0
1.0599205 2 0
1.0599205 2.03125 0
1.0599205 2.0625 0
1.0599205 2.09375 0
1.0599205 2.125 0
1.0599205 2.15625 0
1.0599205 2.1875 0
1.0599205 2.21875 0
1.0599205 2.25 0
1.0599205 2.28125 0
1.0599205 2.3125 0
1.0599205 2.34375 0
1.0599205 2.375 0
1.0599205 2.40625 0
1.0599205 2.4375 0
1.0599205 2.46875 0
1.0599205 2.5 0
1.0599205 2.53125 0
1.0599205 2.5625 0
1.0599205 2.59375 0
1.0599205 2.625 0
1.0599205 2.65625 0
1.0599205 2.6875 0
1.0599205 2.71875 0
1.0599205 2.75 0
1.0599205 2.78125 0
1.0599205 2.8125 0
1.0599205 2.84375 0
1.0599205 2.875 0
1.0599205 2.88671875 0
1.0599205 2.90625 0
1.0625 1 0
1.0625 1.012 0
1.0625 1.0258 0
1.0703125 -0.21875 0
1.0703125 -0.1796875 0
1.0703125 -0.16015625 0
1.0703125 -0.14300590124999996 0
1.0703125 1.0258 0
1.0703125 1.03125 0
1.0703125 1.05078125 0
1.0703125 1.0703125 0
1.0703125 1.08984375 0
1.0703125 1.109375 0
1.0703125 1.12890625 0
1.0703125 1.1484375 0
1.0703125 1.15625 0
1.0703125 2.875 0
1.0703125 2.88671875 0
1.0703125 2.90625 0
1.0703125 2.92578125 0
1.0703125 2.9453125 0
1.0703125 2.984375 0
1.0703125 3.0234375 0
1.0703125 3.0625 0
1.078125 -0.14300590124999996 0
1.078125 -0.10463422499999998 0
1.078125 -0.07817099999999999 0
1.078125 -0.059920499999999995 0
1.078125 -0.041669999999999999 0
1.078125 -0.0258 0
1.078125 -0.012 0
1.078125 0 0
1.078171 1.15625 0
1.078171 1.16796875 0
1.078171 1.1875 0
1.078171 1.21875 0
1.078171 1.25 0
1.078171 1.28125 0
1.078171 1.3125 0
1.078171 1.34375 0
1.078171 1.375 0
1.078171 1.40625 0
1.078171 1.4375 0
1.078171 1.46875 0
1.078171 1.5 0
1.078171 1.53125 0
1.078171 1.5625 0
1.078171 1.59375 0
1.078171 1.625 0
1.078171 1.65625 0
1.078171 1.6875 0
1.078171 1.71875 0
1.078171 1.75 0
1.078171 1.78125 0
1.078171 1.8125 0
1.078171 1.84375 0
1.078171 1.875 0
1.078171 1.90625 0
1.078171 1.9375 0
1.078171 1.96875 0
1.078171 2 0
1.078171 2.03125 0
1.078171 2.0625 0
1.078171 2.09375 0
1.078171 2.125 0
1.078171 2.15625 0
1.078171 2.1875 0
1.078171 2.21875 0
1.078171 2.25 0
1.078171 2.28125 0
1.078171 2.3125 0
1.078171 2.34375 0
1.078171 2.375 0
1.078171 2.40625 0
1.078171 2.4375 0
1.078171 2.46875 0
1.078171 2.5 0
1.078171 2.53125 0
1.078171 2.5625 0
1.078171 2.59375 0
1.078171 2.625 0
1.078171 2.65625 0
1.078171 2.6875 0
1.078171 2.71875 0
1.078171 2.75 0
1.078171 2.78125 0
1.078171 2.8125 0
1.078171 2.84375 0
1.078171 2.84765625 0
1.078171 2.8671875 0
1.078171 2.875 0
1.08984375 -0.1796875 0
1.08984375 -0.16015625 0
1.08984375 -0.14300590124999996 0
1.08984375 1.03125 0
1.08984375 1.05078125 0
1.08984375 1.0703125 0
1.08984375 1.1484375 0
1.08984375 1.16796875 0
1.08984375 1.1875 0
1.08984375 2.84375 0
1.08984375 2.84765625 0
1.08984375 2.8671875 0
1.08984375 2.88671875 0
1.08984375 2.90625 0
1.09375 1 0
1.09375 1.012 0
1.09375 1.0258 0
1.09375 1.03125 0
1.09375 1.0416700000000001 0
1.1046342250000001 1.1875 0
1.1046342250000001 1.20703125 0
1.1046342250000001 1.21875 0
1.1046342250000001 1.25 0
1.1046342250000001 1.28125 0
1.1046342250000001 1.3125 0
1.1046342250000001 1.34375 0
1.1046342250000001 1.375 0
1.1046342250000001 1.40625 0
1.1046342250000001 1.4375 0
1.1046342250000001 1.46875 0
1.1046342250000001 1.5 0
1.1046342250000001 1.53125 0
1.1046342250000001 1.5625 0
1.1046342250000001 1.59375 0
1.1046342250000001 1.625 0
1.1046342250000001 1.65625 0
1.1046342250000001 1.6875 0
1.1046342250000001 1.71875 0
1.1046342250000001 1.75 0
1.1046342250000001 1.78125 0
1.1046342250000001 1.8125 0
1.1046342250000001 1.84375 0
1.1046342250000001 1.875 0
1.1046342250000001 1.90625 0
1.1046342250000001 1.9375 0
1.1046342250000001 1.96875 0
1.1046342250000001 2 0
1.1046342250000001 2.03125 0
1.1046342250000001 2.0625 0
1.1046342250000001 2.09375 0
1.1046342250000001 2.125 0
1.1046342250000001 2.15625 0
1.1046342250000001 2.1875 0
1.1046342250000001 2.21875 0
1.1046342250000001 2.25 0
1.1046342250000001 2.28125 0
1.1046342250000001 2.3125 0
1.1046342250000001 2.34375 0
1.1046342250000001 2.375 0
1.1046342250000001 2.40625 0
1.1046342250000001 2.4375 0
1.1046342250000001 2.46875 0
1.1046342250000001 2.5 0
1.1046342250000001 2.53125 0
1.1046342250000001 2.5625 0
1.1046342250000001 2.59375 0
1.1046342250000001 2.625 0
1.1046342250000001 2.65625 0
1.1046342250000001 2.6875 0
1.1046342250000001 2.71875 0
1.1046342250000001 2.75 0
1.1046342250000001 2.78125 0
1.1046342250000001 2.8125 0
1.1046342250000001 2.828125 0
1.1046342250000001 2.84375 0
1.109375 -0.375 0
1.109375 -0.296875 0
1.109375 -0.21875 0
1.109375 -0.1796875 0
1.109375 -0.16015625 0
1.109375 -0.14300590124999996 0
1.109375 1.0416700000000001 0
1.109375 1.05078125 0
1.109375 1.0703125 0
1.109375 1.109375 0
1.109375 1.1484375 0
1.109375 1.16796875 0
1.109375 1.1875 0
1.109375 1.20703125 0
1.109375 1.21875 0
1.109375 2.8125 0
1.109375 2.828125 0
1.109375 2.84765625 0
1.109375 2.8671875 0
1.109375 2.88671875 0
1.109375 2.90625 0
1.109375 2.9453125 0
1.109375 2.984375 0
1.109375 3.0234375 0
1.109375 3.0625 0
1.109375 3.140625 0
1.109375 3.21875 0
1.125 -0.14300590124999996 0
1.125 -0.10463422499999998 0
1.125 -0.07817099999999999 0
1.125 -0.059920499999999995 0
1.125 -0.041669999999999999 0
1.125 -0.0258 0
1.125 -0.012 0
1.125 0 0
1.125 1 0
1.125 1.012 0
1.125 1.0258 0
1.125 1.0416700000000001 0
1.125 1.05078125 0
1.125 1.0599205 0
1.12890625 -0.1796875 0
1.12890625 -0.16015625 0
1.12890625 -0.14300590124999996 0
1.12890625 1.0599205 0
1.12890625 1.0703125 0
1.12890625 1.1875 0
1.12890625 1.20703125 0
1.12890625 1.21875 0
1.12890625 2.8125 0
1.12890625 2.828125 0
1.14300590125 1.21875 0
1.14300590125 1.2265625 0
1.14300590125 1.24609375 0
1.14300590125 1.25 0
1.14300590125 1.265625 0
1.14300590125 1.28125 0
1.14300590125 1.28515625 0
1.14300590125 1.3046875 0
1.14300590125 1.3125 0
1.14300590125 1.32421875 0
1.14300590125 1.34375 0
1.14300590125 1.36328125 0
1.14300590125 1.375 0
1.14300590125 1.3828125 0
1.14300590125 1.40234375 0
1.14300590125 1.40625 0
1.14300590125 1.421875 0
1.14300590125 1.4375 0
1.14300590125 1.44140625 0
1.14300590125 1.4609375 0
1.14300590125 1.46875 0
1.14300590125 1.48046875 0
1.14300590125 1.5 0
1.14300590125 1.51953125 0
1.14300590125 1.53125 0
1.14300590125 1.5390625 0
1.14300590125 1.55859375 0
1.14300590125 1.5625 0
1.14300590125 1.578125 0
1.14300590125 1.59375 0
1.14300590125 1.59765625 0
1.14300590125 1.6171875 0
1.14300590125 1.625 0
1.14300590125 1.63671875 0
1.14300590125 1.65625 0
1.14300590125 1.67578125 0
1.14300590125 1.6875 0
1.14300590125 1.6953125 0
1.14300590125 1.71484375 0
1.14300590125 1.71875 0
1.14300590125 1.734375 0
1.14300590125 1.75 0
1.14300590125 1.75390625 0
1.14300590125 1.7734375 0
1.14300590125 1.78125 0
1.14300590125 1.79296875 0
1.14300590125 1.8125 0
1.14300590125 1.83203125 0
1.14300590125 1.84375 0
1.14300590125 1.8515625 0
1.14300590125 1.87109375 0
1.14300590125 1.875 0
1.14300590125 1.890625 0
1.14300590125 1.90625 0
1.14300590125 1.91015625 0
1.14300590125 1.9296875 0
1.14300590125 1.9375 0
1.14300590125 1.94921875 0
1.14300590125 1.96875 0
1.14300590125 1.98828125 0
1.14300590125 2 0
1.14300590125 2.0078125 0
1.14300590125 2.02734375 0
1.14300590125 2.03125 0
1.14300590125 2.046875 0
1.14300590125 2.0625 0
1.14300590125 2.06640625 0
1.14300590125 2.0859375 0
1.14300590125 2.09375 0
1.14300590125 2.10546875 0
1.14300590125 2.125 0
1.14300590125 2.14453125 0
1.14300590125 2.15625 0
1.14300590125 2.1640625 0
1.14300590125 2.18359375 0
1.14300590125 2.1875 0
1.14300590125 2.203125 0
1.14300590125 2.21875 0
1.14300590125 2.22265625 0
1.14300590125 2.2421875 0
1.14300590125 2.25 0
1.14300590125 2.26171875 0
1.14300590125 2.28125 0
1.14300590125 2.30078125 0
1.14300590125 2.3125 0
1.14300590125 2.3203125 0
1.14300590125 2.33984375 0
1.14300590125 2.34375 0
1.14300590125 2.359375 0
1.14300590125 2.375 0
1.14300590125 2.37890625 0
1.14300590125 2.3984375 0
1.14300590125 2.40625 0
1.14300590125 2.41796875 0
1.14300590125 2.4375 0
1.14300590125 2.45703125 0
1.14300590125 2.46875 0
1.14300590125 2.4765625 0
1.14300590125 2.49609375 0
1.14300590125 2.5 0
1.14300590125 2.515625 0
1.14300590125 2.53125 0
1.14300590125 2.53515625 0
1.14300590125 2.5546875 0
1.14300590125 2.5625 0
1.14300590125 2.57421875 0
1.14300590125 2.59375 0
1.14300590125 2.61328125 0
1.14300590125 2.625 0
1.14300590125 2.6328125 0
1.14300590125 2.65234375 0
1.14300590125 2.65625 0
1.14300590125 2.671875 0
1.14300590125 2.6875 0
1.14300590125 2.69140625 0
1.14300590125 2.7109375 0
1.14300590125 2.71875 0
1.14300590125 2.73046875 0
1.14300590125 2.75 0
1.14300590125 2.76953125 0
1.14300590125 2.78125 0
1.14300590125 2.7890625 0
1.14300590125 2.80859375 0
1.14300590125 2.8125 0
1.1484375 -0.21875 0
1.1484375 -0.1796875 0
1.1484375 -0.16015625 0
1.1484375 -0.14300590124999996 0
1.1484375 1.0599205 0
1.1484375 1.0703125 0
1.1484375 1.08984375 0
1.1484375 1.109375 0
1.1484375 1.1484375 0
1.1484375 1.1875 0
1.1484375 1.20703125 0
1.1484375 1.2265625 0
1.1484375 1.24609375 0
1.1484375 1.265625 0
1.1484375 1.28515625 0
1.1484375 1.3046875 0
1.1484375 1.32421875 0
1.1484375 1.34375 0
1.1484375 1.36328125 0
1.1484375 1.3828125 0
1.1484375 1.40234375 0
1.1484375 1.421875 0
1.1484375 1.44140625 0
1.1484375 1.4609375 0
1.1484375 1.48046875 0
1.1484375 1.5 0
1.1484375 1.51953125 0
1.1484375 1.5390625 0
1.1484375 1.55859375 0
1.1484375 1.578125 0
1.1484375 1.59765625 0
1.1484375 1.6171875 0
1.1484375 1.63671875 0
1.1484375 1.65625 0
1.1484375 1.67578125 0
1.1484375 1.6953125 0
1.1484375 1.71484375 0
1.1484375 1.734375 0
1.1484375 1.75390625 0
1.1484375 1.7734375 0
1.1484375 1.79296875 0
1.1484375 1.8125 0
1.1484375 1.83203125 0
1.1484375 1.8515625 0
1.1484375 1.87109375 0
1.1484375 1.890625 0
1.1484375 1.91015625 0
1.1484375 1.9296875 0
1.1484375 1.94921875 0
1.1484375 1.96875 0
1.1484375 1.98828125 0
1.1484375 2.0078125 0
1.1484375 2.02734375 0
1.1484375 2.046875 0
1.1484375 2.06640625 0
1.1484375 2.0859375 0
1.1484375 2.10546875 0
1.1484375 2.125 0
1.1484375 2.14453125 0
1.1484375 2.1640625 0
1.1484375 2.18359375 0
1.1484375 2.203125 0
1.1484375 2.22265625 0
1.1484375 2.2421875 0
1.1484375 2.26171875 0
1.1484375 2.28125 0
1.1484375 2.30078125 0
1.1484375 2.3203125 0
1.1484375 2.33984375 0
1.1484375 2.359375 0
1.1484375 2.37890625 0
1.1484375 2.3984375 0
1.1484375 2.41796875 0
1.1484375 2.4375 0
1.1484375 2.45703125 0
1.1484375 2.4765625 0
1.1484375 2.49609375 0
1.1484375 2.515625 0
1.1484375 2.53515625 0
1.1484375 2.5546875 0
1.1484375 2.57421875 0
1.1484375 2.59375 0
1.1484375 2.61328125 0
1.1484375 2.6328125 0
1.1484375 2.65234375 0
1.1484375 2.671875 0
1.1484375 2.69140625 0
1.1484375 2.7109375 0
1.1484375 2.73046875 0
1.1484375 2.75 0
1.1484375 2.76953125 0
1.1484375 2.7890625 0
1.1484375 2.80859375 0
1.1484375 2.828125 0
1.1484375 2.8671875 0
1.1484375 2.90625 0
1.15625 1 0
1.15625 1.012 0
1.15625 1.0258 0
1.15625 1.0416700000000001 0
1.15625 1.0599205 0
1.15625 1.0703125 0
1.15625 1.078171 0
1.16796875 -0.1796875 0
1.16796875 -0.16015625 0
1.16796875 -0.14300590124999996 0
1.16796875 1.078171 0
1.16796875 1.08984375 0
1.16796875 1.109375 0
1.171875 -0.14300590124999996 0
1.171875 -0.10463422499999998 0
1.171875 -0.07817099999999999 0
1.171875 -0.059920499999999995 0
1.171875 -0.041669999999999999 0
1.171875 -0.0258 0
1.171875 -0.012 0
1.171875 0 0
1.1875 -1 0
1.1875 -0.6875 0
1.1875 -0.53125 0
1.1875 -0.375 0
1.1875 -0.296875 0
1.1875 -0.21875 0
1.1875 -0.1796875 0
1.1875 -0.16015625 0
1.1875 -0.14300590124999996 0
1.1875 1 0
1.1875 1.012 0
1.1875 1.0258 0
1.1875 1.0416700000000001 0
1.1875 1.0599205 0
1.1875 1.078171 0
1.1875 1.08984375 0
1.1875 1.1046342250000001 0
1.1875 1.109375 0
1.1875 1.12890625 0
1.1875 1.1484375 0
1.1875 1.1875 0
1.1875 1.2265625 0
1.1875 1.265625 0
1.1875 1.3046875 0
1.1875 1.34375 0
1.1875 1.3828125 0
1.1875 1.421875 0
1.1875 1.4609375 0
1.1875 1.5 0
1.1875 1.5390625 0
1.1875 1.578125 0
1.1875 1.6171875 0
1.1875 1.65625 0
1.1875 1.6953125 0
1.1875 1.734375 0
1.1875 1.7734375 0
1.1875 1.8125 0
1.1875 1.8515625 0
1.1875 1.890625 0
1.1875 1.9296875 0
1.1875 1.96875 0
1.1875 2.0078125 0
1.1875 2.046875 0
1.1875 2.0859375 0
1.1875 2.125 0
1.1875 2.1640625 0
1.1875 2.203125 0
1.1875 2.2421875 0
1.1875 2.28125 0
1.1875 2.3203125 0
1.1875 2.359375 0
1.1875 2.3984375 0
1.1875 2.4375 0
1.1875 2.4765625 0
1.1875 2.515625 0
1.1875 2.5546875 0
1.1875 2.59375 0
1.1875 2.6328125 0
1.1875 2.671875 0
1.1875 2.7109375 0
1.1875 2.75 0
1.1875 2.7890625 0
1.1875 2.828125 0
1.1875 2.8671875 0
1.1875 2.90625 0
1.1875 2.984375 0
1.1875 3.0625 0
1.1875 3.140625 0
1.1875 3.21875 0
1.1875 3.375 0
1.1875 3.6875 0
1.1875 4 0
1.20703125 -0.1796875 0
1.20703125 -0.16015625 0
1.20703125 -0.14300590124999996 0
1.20703125 1.1046342250000001 0
1.20703125 1.109375 0
1.20703125 1.12890625 0
1.20703125 1.1484375 0
1.21875 -0.14300590124999996 0
1.21875 -0.10463422499999998 0
1.21875 -0.07817099999999999 0
1.21875 -0.059920499999999995 0
1.21875 -0.041669999999999999 0
1.21875 -0.0258 0
1.21875 -0.012 0
1.21875 0 0
1.21875 1 0
1.21875 1.012 0
1.21875 1.0258 0
1.21875 1.0416700000000001 0
1.21875 1.0599205 0
1.21875 1.078171 0
1.21875 1.1046342250000001 0
1.21875 1.109375 0
1.21875 1.12890625 0
1.21875 1.14300590125 0
1.2265625 -0.21875 0
1.2265625 -0.1796875 0
1.2265625 -0.16015625 0
1.2265625 -0.14300590124999996 0
1.2265625 1.14300590125 0
1.2265625 1.1484375 0
1.2265625 1.1875 0
1.24609375 -0.1796875 0
1.24609375 -0.16015625 0
1.24609375 -0.14300590124999996 0
1.24609375 1.14300590125 0
1.24609375 1.1484375 0
1.25 1 0
1.25 1.012 0
1.25 1.0258 0
1.25 1.0416700000000001 0
1.25 1.0599205 0
1.25 1.078171 0
1.25 1.1046342250000001 0
1.25 1.14300590125 0
1.265625 -0.375 0
1.265625 -0.296875 0
1.265625 -0.21875 0
1.265625 -0.1796875 0
1.265625 -0.16015625 0
1.265625 -0.14300590124999996 0
1.265625 -0.10463422499999998 0
1.265625 -0.07817099999999999 0
1.265625 -0.059920499999999995 0
1.265625 -0.041669999999999999 0
1.265625 -0.0258 0
1.265625 -0.012 0
1.265625 0 0
1.265625 1.14300590125 0
1.265625 1.1484375 0
1.265625 1.1875 0
1.265625 1.265625 0
1.265625 1.34375 0
1.265625 1.421875 0
1.265625 1.5 0
1.265625 1.578125 0
1.265625 1.65625 0
1.265625 1.734375 0
1.265625 1.8125 0
1.265625 1.890625 0
1.265625 1.96875 0
1.265625 2.046875 0
1.265625 2.125 0
1.265625 2.203125 0
1.265625 2.28125 0
1.265625 2.359375 0
1.265625 2.4375 0
1.265625 2.515625 0
1.265625 2.59375 0
1.265625 2.671875 0
1.265625 2.75 0
1.265625 2.828125 0
1.265625 2.90625 0
1.28125 1 0
1.28125 1.012 0
1.28125 1.0258 0
1.28125 1.0416700000000001 0
1.28125 1.0599205 0
1.28125 1.078171 0
1.28125 1.1046342250000001 0
1.28125 1.14300590125 0
1.28515625 -0.1796875 0
1.28515625 -0.16015625 0
1.28515625 -0.14300590124999996 0
1.28515625 1.14300590125 0
1.28515625 1.1484375 0
1.3046875 -0.21875 0
1.3046875 -0.1796875 0
1.3046875 -0.16015625 0
1.3046875 -0.14300590124999996 0
1.3046875 1.14300590125 0
1.3046875 1.1484375 0
1.3046875 1.1875 0
1.3125 -0.14300590124999996 0
1.3125 -0.10463422499999998 0
1.3125 -0.07817099999999999 0
1.3125 -0.059920499999999995 0
1.3125 -0.041669999999999999 0
1.3125 -0.0258 0
1.3125 -0.012 0
1.3125 0 0
1.3125 1 0
1.3125 1.012 0
1.3125 1.0258 0
1.3125 1.0416700000000001 0
1.3125 1.0599205 0
1.3125 1.078171 0
1.3125 1.1046342250000001 0
1.3125 1.14300590125 0
1.32421875 -0.1796875 0
1.32421875 -0.16015625 0
1.32421875 -0.14300590124999996 0
1.32421875 1.14300590125 0
1.32421875 1.1484375 0
1.34375 -0.6875 0
1.34375 -0.53125 0
1.34375 -0.375 0
1.34375 -0.296875 0
1.34375 -0.21875 0
1.34375 -0.1796875 0
1.34375 -0.16015625 0
1.34375 -0.14300590124999996 0
1.34375 1 0
1.34375 1.012 0
1.34375 1.0258 0
1.34375 1.0416700000000001 0
1.34375 1.0599205 0
1.34375 1.078171 0
1.34375 1.1046342250000001 0
1.34375 1.14300590125 0
1.34375 1.1484375 0
1.34375 1.1875 0
1.34375 1.265625 0
1.34375 1.34375 0
1.34375 1.421875 0
1.34375 1.5 0
1.34375 1.578125 0
1.34375 1.65625 0
1.34375 1.734375 0
1.34375 1.8125 0
1.34375 1.890625 0
1.34375 1.96875 0
1.34375 2.046875 0
1.34375 2.125 0
1.34375 2.203125 0
1.34375 2.28125 0
1.34375 2.359375 0
1.34375 2.4375 0
1.34375 2.515625 0
1.34375 2.59375 0
1.34375 2.671875 0
1.34375 2.75 0
1.34375 2.828125 0
1.34375 2.90625 0
1.34375 3.0625 0
1.34375 3.21875 0
1.34375 3.375 0
1.359375 -0.14300590124999996 0
1.359375 -0.10463422499999998 0
1.359375 -0.07817099999999999 0
1.359375 -0.059920499999999995 0
1.359375 -0.041669999999999999 0
1.359375 -0.0258 0
1.359375 -0.012 0
1.359375 0 0
1.36328125 -0.1796875 0
1.36328125 -0.16015625 0
1.36328125 -0.14300590124999996 0
1.36328125 1.14300590125 0
1.36328125 1.1484375 0
1.375 1 0
1.375 1.012 0
1.375 1.0258 0
1.375 1.0416700000000001 0
1.375 1.0599205 0
1.375 1.078171 0
1.375 1.1046342250000001 0
1.375 1.14300590125 0
1.3828125 -0.21875 0
1.3828125 -0.1796875 0
1.3828125 -0.16015625 0
1.3828125 -0.14300590124999996 0
1.3828125 1.14300590125 0
1.3828125 1.1484375 0
1.3828125 1.1875 0
1.40234375 -0.1796875 0
1.40234375 -0.16015625 0
1.40234375 -0.14300590124999996 0
1.40234375 1.14300590125 0
1.40234375 1.1484375 0
1.40625 -0.14300590124999996 0
1.40625 -0.10463422499999998 0
1.40625 -0.07817099999999999 0
1.40625 -0.059920499999999995 0
1.40625 -0.041669999999999999 0
1.40625 -0.0258 0
1.40625 -0.012 0
1.40625 0 0
1.40625 1 0
1.40625 1.012 0
1.40625 1.0258 0
1.40625 1.0416700000000001 0
1.40625 1.0599205 0
1.40625 1.078171 0
1.40625 1.1046342250000001 0
1.40625 1.14300590125 0
1.421875 -0.375 0
1.421875 -0.296875 0
1.421875 -0.21875 0
1.421875 -0.1796875 0
1.421875 -0.16015625 0
1.421875 -0.14300590124999996 0
1.421875 1.14300590125 0
1.421875 1.1484375 0
1.421875 1.1875 0
1.421875 1.265625 0
1.421875 1.34375 0
1.4375 1 0
1.4375 1.012 0
1.4375 1.0258 0
1.4375 1.0416700000000001 0
1.4375 1.0599205 0
1.4375 1.078171 0
1.4375 1.1046342250000001 0
1.4375 1.14300590125 0
1.44140625 -0.1796875 0
1.44140625 -0.16015625 0
1.44140625 -0.14300590124999996 0
1.44140625 1.14300590125 0
1.44140625 1.1484375 0
1.453125 -0.14300590124999996 0
1.453125 -0.10463422499999998 0
1.453125 -0.07817099999999999 0
1.453125 -0.059920499999999995 0
1.453125 -0.041669999999999999 0
1.453125 -0.0258 0
1.453125 -0.012 0
1.453125 0 0
1.4609375 -0.21875 0
1.4609375 -0.1796875 0
1.4609375 -0.16015625 0
1.4609375 -0.14300590124999996 0
1.4609375 1.14300590125 0
1.4609375 1.1484375 0
1.4609375 1.1875 0
1.46875 1 0
1.46875 1.012 0
1.46875 1.0258 0
1.46875 1.0416700000000001 0
1.46875 1.0599205 0
1.46875 1.078171 0
1.46875 1.1046342250000001 0
1.46875 1.14300590125 0
1.48046875 -0.1796875 0
1.48046875 -0.16015625 0
1.48046875 -0.14300590124999996 0
1.48046875 1.14300590125 0
1.48046875 1.1484375 0
1.5 -1 0
1.5 -0.6875 0
1.5 -0.53125 0
1.5 -0.375 0
1.5 -0.296875 0
1.5 -0.21875 0
1.5 -0.1796875 0
1.5 -0.16015625 0
1.5 -0.14300590124999996 0
1.5 -0.10463422499999998 0
1.5 -0.07817099999999999 0
1.5 -0.059920499999999995 0
1.5 -0.041669999999999999 0
1.5 -0.0258 0
1.5 -0.012 0
1.5 0 0
1.5 1 0
1.5 1.012 0
1.5 1.0258 0
1.5 1.0416700000000001 0
1.5 1.0599205 0
1.5 1.078171 0
1.5 1.1046342250000001 0
1.5 1.14300590125 0
1.5 1.1484375 0
1.5 1.1875 0
1.5 1.265625 0
1.5 1.34375 0
1.5 1.5 0
1.5 1.65625 0
1.5 1.8125 0
1.5 1.96875 0
1.5 2.125 0
1.5 2.28125 0
1.5 2.4375 0
1.5 2.59375 0
1.5 2.75 0
1.5 2.90625 0
1.5 3.0625 0
1.5 3.21875 0
1.5 3.375 0
1.5 3.6875 0
1.5 4 0
1.51953125 -0.1796875 0
1.51953125 -0.16015625 0
1.51953125 -0.14300590124999996 0
1.51953125 1.14300590125 0
1.51953125 1.1484375 0
1.53125 1 0
1.53125 1.012 0
1.53125 1.0258 0
1.53125 1.0416700000000001 0
1.53125 1.0599205 0
1.53125 1.078171 0
1.53125 1.1046342250000001 0
1.53125 1.14300590125 0
1.5390625 -0.21875 0
1.5390625 -0.1796875 0
1.5390625 -0.16015625 0
1.5390625 -0.14300590124999996 0
1.5390625 1.14300590125 0
1.5390625 1.1484375 0
1.5390625 1.1875 0
1.546875 -0.14300590124999996 0
1.546875 -0.10463422499999998 0
1.546875 -0.07817099999999999 0
1.546875 -0.059920499999999995 0
1.546875 -0.041669999999999999 0
1.546875 -0.0258 0
1.546875 -0.012 0
1.546875 0 0
1.55859375 -0.1796875 0
1.55859375 -0.16015625 0
1.55859375 -0.14300590124999996 0
1.55859375 1.14300590125 0
1.55859375 1.1484375 0
1.5625 1 0
1.5625 1.012 0
1.5625 1.0258 0
1.5625 1.0416700000000001 0
1.5625 1.0599205 0
1.5625 1.078171 0
1.5625 1.1046342250000001 0
1.5625 1.14300590125 0
1.578125 -0.375 0
1.578125 -0.296875 0
1.578125 -0.21875 0
1.578125 -0.1796875 0
1.578125 -0.16015625 0
1.578125 -0.14300590124999996 0
1.578125 1.14300590125 0
1.578125 1.1484375 0
1.578125 1.1875 0
1.578125 1.265625 0
1.578125 1.34375 0
1.59375 -0.14300590124999996 0
1.59375 -0.10463422499999998 0
1.59375 -0.07817099999999999 0
1.59375 -0.059920499999999995 0
1.59375 -0.041669999999999999 0
1.59375 -0.0258 0
1.59375 -0.012 0
1.59375 0 0
1.59375 1 0
1.59375 1.012 0
1.59375 1.0258 0
1.59375 1.0416700000000001 0
1.59375 1.0599205 0
1.59375 1.078171 0
1.59375 1.1046342250000001 0
1.59375 1.14300590125 0
1.59765625 -0.1796875 0
1.59765625 -0.16015625 0
1.59765625 -0.14300590124999996 0
1.59765625 1.14300590125 0
1.59765625 1.1484375 0
1.6171875 -0.21875 0
1.6171875 -0.1796875 0
1.6171875 -0.16015625 0
1.6171875 -0.14300590124999996 0
1.6171875 1.14300590125 0
1.6171875 1.1484375 0
1.6171875 1.1875 0
1.625 1 0
1.625 1.012 0
1.625 1.0258 0
1.625 1.0416700000000001 0
1.625 1.0599205 0
1.625 1.078171 0
1.625 1.1046342250000001 0
1.625 1.14300590125 0
1.63671875 -0.1796875 0
1.63671875 -0.16015625 0
1.63671875 -0.14300590124999996 0
1.63671875 1.14300590125 0
1.63671875 1.1484375 0
1.640625 -0.14300590124999996 0
1.640625 -0.10463422499999998 0
1.640625 -0.07817099999999999 0
1.640625 -0.059920499999999995 0
1.640625 -0.041669999999999999 0
1.640625 -0.0258 0
1.640625 -0.012 0
1.640625 0 0
1.65625 -0.6875 0
1.65625 -0.53125 0
1.65625 -0.375 0
1.65625 -0.296875 0
1.65625 -0.21875 0
1.65625 -0.1796875 0
1.65625 -0.16015625 0
1.65625 -0.14300590124999996 0
1.65625 1 0
1.65625 1.012 0
1.65625 1.0258 0
1.65625 1.0416700000000001 0
1.65625 1.0599205 0
1.65625 1.078171 0
1.65625 1.1046342250000001 0
1.65625 1.14300590125 0
1.65625 1.1484375 0
1.65625 1.1875 0
1.65625 1.265625 0
1.65625 1.34375 0
1.65625 1.421875 0
1.65625 1.5 0
1.65625 1.578125 0
1.65625 1.65625 0
1.65625 1.734375 0
1.65625 1.8125 0
1.65625 1.890625 0
1.65625 1.96875 0
1.65625 2.046875 0
1.65625 2.125 0
1.65625 2.203125 0
1.65625 2.28125 0
1.65625 2.359375 0
1.65625 2.4375 0
1.65625 2.515625 0
1.65625 2.59375 0
1.65625 2.671875 0
1.65625 2.75 0
1.65625 2.828125 0
1.65625 2.90625 0
1.65625 3.0625 0
1.65625 3.21875 0
1.65625 3.375 0
1.67578125 -0.1796875 0
1.67578125 -0.16015625 0
1.67578125 -0.14300590124999996 0
1.67578125 1.14300590125 0
1.67578125 1.1484375 0
1.6875 -0.14300590124999996 0
1.6875 -0.10463422499999998 0
1.6875 -0.07817099999999999 0
1.6875 -0.059920499999999995 0
1.6875 -0.041669999999999999 0
1.6875 -0.0258 0
1.6875 -0.012 0
1.6875 0 0
1.6875 1 0
1.6875 1.012 0
1.6875 1.0258 0
1.6875 1.0416700000000001 0
1.6875 1.0599205 0
1.6875 1.078171 0
1.6875 1.1046342250000001 0
1.6875 1.14300590125 0
1.6953125 -0.21875 0
1.6953125 -0.1796875 0
1.6953125 -0.16015625 0
1.6953125 -0.14300590124999996 0
1.6953125 1.14300590125 0
1.6953125 1.1484375 0
1.6953125 1.1875 0
1.71484375 -0.1796875 0
1.71484375 -0.16015625 0
1.71484375 -0.14300590124999996 0
1.71484375 1.14300590125 0
1.71484375 1.1484375 0
1.71875 1 0
1.71875 1.012 0
1.71875 1.0258 0
1.71875 1.0416700000000001 0
1.71875 1.0599205 0
1.71875 1.078171 0
1.71875 1.1046342250000001 0
1.71875 1.14300590125 0
1.734375 -0.375 0
1.734375 -0.296875 0
1.734375 -0.21875 0
1.734375 -0.1796875 0
1.734375 -0.16015625 0
1.734375 -0.14300590124999996 0
1.734375 -0.10463422499999998 0
1.734375 -0.07817099999999999 0
1.734375 -0.059920499999999995 0
1.734375 -0.041669999999999999 0
1.734375 -0.0258 0
1.734375 -0.012 0
1.734375 0 0
1.734375 1.14300590125 0
1.734375 1.1484375 0
1.734375 1.1875 0
1.734375 1.265625 0
1.734375 1.34375 0
1.734375 1.421875 0
1.734375 1.5 0
1.734375 1.578125 0
1.734375 1.65625 0
1.734375 1.734375 0
1.734375 1.8125 0
1.734375 1.890625 0
1.734375 1.96875 0
1.734375 2.046875 0
1.734375 2.125 0
1.734375 2.203125 0
1.734375 2.28125 0
1.734375 2.359375 0
1.734375 2.4375 0
1.734375 2.515625 0
1.734375 2.59375 0
1.734375 2.671875 0
1.734375 2.75 0
1.734375 2.828125 0
1.734375 2.90625 0
1.75 1 0
1.75 1.012 0
1.75 1.0258 0
1.75 1.0416700000000001 0
1.75 1.0599205 0
1.75 1.078171 0
1.75 1.1046342250000001 0
1.75 1.14300590125 0
1.75390625 -0.1796875 0
1.75390625 -0.16015625 0
1.75390625 -0.14300590124999996 0
1.75390625 1.14300590125 0
1.75390625 1.1484375 0
1.7734375 -0.21875 0
1.7734375 -0.1796875 0
1.7734375 -0.16015625 0
1.7734375 -0.14300590124999996 0
1.7734375 1.14300590125 0
1.7734375 1.1484375 0
1.7734375 1.1875 0
1.78125 -0.14300590124999996 0
1.78125 -0.10463422499999998 0
1.78125 -0.07817099999999999 0
1.78125 -0.059920499999999995 0
1.78125 -0.041669999999999999 0
1.78125 -0.0258 0
1.78125 -0.012 0
1.78125 0 0
1.78125 1 0
1.78125 1.012 0
1.78125 1.0258 0
1.78125 1.0416700000000001 0
1.78125 1.0599205 0
1.78125 1.078171 0
1.78125 1.1046342250000001 0
1.78125 1.109375 0
1.78125 1.12890625 0
1.78125 1.14300590125 0
1.79296875 -0.1796875 0
1.79296875 -0.16015625 0
1.79296875 -0.14300590124999996 0
1.79296875 1.1046342250000001 0
1.79296875 1.109375 0
1.79296875 1.12890625 0
1.79296875 1.1484375 0
1.8125 -1 0
1.8125 -0.6875 0
1.8125 -0.53125 0
1.8125 -0.375 0
1.8125 -0.296875 0
1.8125 -0.21875 0
1.8125 -0.1796875 0
1.8125 -0.16015625 0
1.8125 -0.14300590124999996 0
1.8125 1 0
1.8125 1.012 0
1.8125 1.0258 0
1.8125 1.0416700000000001 0
1.8125 1.0599205 0
1.8125 1.078171 0
1.8125 1.08984375 0
1.8125 1.1046342250000001 0
1.8125 1.109375 0
1.8125 1.12890625 0
1.8125 1.1484375 0
1.8125 1.1875 0
1.8125 1.2265625 0
1.8125 1.265625 0
1.8125 1.3046875 0
1.8125 1.34375 0
1.8125 1.3828125 0
1.8125 1.421875 0
1.8125 1.4609375 0
1.8125 1.5 0
1.8125 1.5390625 0
1.8125 1.578125 0
1.8125 1.6171875 0
1.8125 1.65625 0
1.8125 1.6953125 0
1.8125 1.734375 0
1.8125 1.7734375 0
1.8125 1.8125 0
1.8125 1.8515625 0
1.8125 1.890625 0
1.8125 1.9296875 0
1.8125 1.96875 0
1.8125 2.0078125 0
1.8125 2.046875 0
1.8125 2.0859375 0
1.8125 2.125 0
1.8125 2.1640625 0
1.8125 2.203125 0
1.8125 2.2421875 0
1.8125 2.28125 0
1.8125 2.3203125 0
1.8125 2.359375 0
1.8125 2.3984375 0
1.8125 2.4375 0
1.8125 2.4765625 0
1.8125 2.515625 0
1.8125 2.5546875 0
1.8125 2.59375 0
1.8125 2.6328125 0
1.8125 2.671875 0
1.8125 2.7109375 0
1.8125 2.75 0
1.8125 2.7890625 0
1.8125 2.828125 0
1.8125 2.8671875 0
1.8125 2.90625 0
1.8125 2.984375 0
1.8125 3.0625 0
1.8125 3.140625 0
1.8125 3.21875 0
1.8125 3.375 0
1.8125 3.6875 0
1.8125 4 0
1.828125 -0.14300590124999996 0
1.828125 -0.10463422499999998 0
1.828125 -0.07817099999999999 0
1.828125 -0.059920499999999995 0
1.828125 -0.041669999999999999 0
1.828125 -0.0258 0
1.828125 -0.012 0
1.828125 0 0
1.83203125 -0.1796875 0
1.83203125 -0.16015625 0
1.83203125 -0.14300590124999996 0
1.83203125 1.078171 0
1.83203125 1.08984375 0
1.83203125 1.109375 0
1.84375 1 0
1.84375 1.012 0
1.84375 1.0258 0
1.84375 1.0416700000000001 0
1.84375 1.0599205 0
1.84375 1.0703125 0
1.84375 1.078171 0
1.8515625 -0.21875 0
1.8515625 -0.1796875 0
1.8515625 -0.16015625 0
1.8515625 -0.14300590124999996 0
1.8515625 1.0599205 0
1.8515625 1.0703125 0
1.8515625 1.08984375 0
1.8515625 1.109375 0
1.8515625 1.1484375 0
1.8515625 1.1875 0
1.8515625 1.20703125 0
1.8515625 1.2265625 0
1.8515625 1.24609375 0
1.8515625 1.265625 0
1.8515625 1.28515625 0
1.8515625 1.3046875 0
1.8515625 1.32421875 0
1.8515625 1.34375 0
1.8515625 1.36328125 0
1.8515625 1.3828125 0
1.8515625 1.40234375 0
1.8515625 1.421875 0
1.8515625 1.44140625 0
1.8515625 1.4609375 0
1.8515625 1.48046875 0
1.8515625 1.5 0
1.8515625 1.51953125 0
1.8515625 1.5390625 0
1.8515625 1.55859375 0
1.8515625 1.578125 0
1.8515625 1.59765625 0
1.8515625 1.6171875 0
1.8515625 1.63671875 0
1.8515625 1.65625 0
1.8515625 1.67578125 0
1.8515625 1.6953125 0
1.8515625 1.71484375 0
1.8515625 1.734375 0
1.8515625 1.75390625 0
1.8515625 1.7734375 0
1.8515625 1.79296875 0
1.8515625 1.8125 0
1.8515625 1.83203125 0
1.8515625 1.8515625 0
1.8515625 1.87109375 0
1.8515625 1.890625 0
1.8515625 1.91015625 0
1.8515625 1.9296875 0
1.8515625 1.94921875 0
1.8515625 1.96875 0
1.8515625 1.98828125 0
1.8515625 2.0078125 0
1.8515625 2.02734375 0
1.8515625 2.046875 0
1.8515625 2.06640625 0
1.8515625 2.0859375 0
1.8515625 2.10546875 0
1.8515625 2.125 0
1.8515625 2.14453125 0
1.8515625 2.1640625 0
1.8515625 2.18359375 0
1.8515625 2.203125 0
1.8515625 2.22265625 0
1.8515625 2.2421875 0
1.8515625 2.26171875 0
1.8515625 2.28125 0
1.8515625 2.30078125 0
1.8515625 2.3203125 0
1.8515625 2.33984375 0
1.8515625 2.359375 0
1.8515625 2.37890625 0
1.8515625 2.3984375 0
1.8515625 2.41796875 0
1.8515625 2.4375 0
1.8515625 2.45703125 0
1.8515625 2.4765625 0
1.8515625 2.49609375 0
1.8515625 2.515625 0
1.8515625 2.53515625 0
1.8515625 2.5546875 0
1.8515625 2.57421875 0
1.8515625 2.59375 0
1.8515625 2.61328125 0
1.8515625 2.6328125 0
1.8515625 2.65234375 0
1.8515625 2.671875 0
1.8515625 2.69140625 0
1.8515625 2.7109375 0
1.8515625 2.73046875 0
1.8515625 2.75 0
1.8515625 2.76953125 0
1.8515625 2.7890625 0
1.8515625 2.80859375 0
1.8515625 2.828125 0
1.8515625 2.8671875 0
1.8515625 2.90625 0
1.85699409875 1.21875 0
1.85699409875 1.2265625 0
1.85699409875 1.24609375 0
1.85699409875 1.25 0
1.85699409875 1.265625 0
1.85699409875 1.28125 0
1.85699409875 1.28515625 0
1.85699409875 1.3046875 0
1.85699409875 1.3125 0
1.85699409875 1.32421875 0
1.85699409875 1.34375 0
1.85699409875 1.36328125 0
1.85699409875 1.375 0
1.85699409875 1.3828125 0
1.85699409875 1.40234375 0
1.85699409875 1.40625 0
1.85699409875 1.421875 0
1.85699409875 1.4375 0
1.85699409875 1.44140625 0
1.85699409875 1.4609375 0
1.85699409875 1.46875 0
1.85699409875 1.48046875 0
1.85699409875 1.5 0
1.85699409875 1.51953125 0
1.85699409875 1.53125 0
1.85699409875 1.5390625 0
1.85699409875 1.55859375 0
1.85699409875 1.5625 0
1.85699409875 1.578125 0
1.85699409875 1.59375 0
1.85699409875 1.59765625 0
1.85699409875 1.6171875 0
1.85699409875 1.625 0
1.85699409875 1.63671875 0
1.85699409875 1.65625 0
1.85699409875 1.67578125 0
1.85699409875 1.6875 0
1.85699409875 1.6953125 0
1.85699409875 1.71484375 0
1.85699409875 1.71875 0
1.85699409875 1.734375 0
1.85699409875 1.75 0
1.85699409875 1.75390625 0
1.85699409875 1.7734375 0
1.85699409875 1.78125 0
1.85699409875 1.79296875 0
1.85699409875 1.8125 0
1.85699409875 1.83203125 0
1.85699409875 1.84375 0
1.85699409875 1.8515625 0
1.85699409875 1.87109375 0
1.85699409875 1.875 0
1.85699409875 1.890625 0
1.85699409875 1.90625 0
1.85699409875 1.91015625 0
1.85699409875 1.9296875 0
1.85699409875 1.9375 0
1.85699409875 1.94921875 0
1.85699409875 1.96875 0
1.85699409875 1.98828125 0
1.85699409875 2 0
1.85699409875 2.0078125 0
1.85699409875 2.02734375 0
1.85699409875 2.03125 0
1.85699409875 2.046875 0
1.85699409875 2.0625 0
1.85699409875 2.06640625 0
1.85699409875 2.0859375 0
1.85699409875 2.09375 0
1.85699409875 2.10546875 0
1.85699409875 2.125 0
1.85699409875 2.14453125 0
1.85699409875 2.15625 0
1.85699409875 2.1640625 0
1.85699409875 2.18359375 0
1.85699409875 2.1875 0
1.85699409875 2.203125 0
1.85699409875 2.21875 0
1.85699409875 2.22265625 0
1.85699409875 2.2421875 0
1.85699409875 2.25 0
1.85699409875 2.26171875 0
1.85699409875 2.28125 0
1.85699409875 2.30078125 0
1.85699409875 2.3125 0
1.85699409875 2.3203125 0
1.85699409875 2.33984375 0
1.85699409875 2.34375 0
1.85699409875 2.359375 0
1.85699409875 2.375 0
1.85699409875 2.37890625 0
1.85699409875 2.3984375 0
1.85699409875 2.40625 0
1.85699409875 2.41796875 0
1.85699409875 2.4375 0
1.85699409875 2.45703125 0
1.85699409875 2.46875 0
1.85699409875 2.4765625 0
1.85699409875 2.49609375 0
1.85699409875 2.5 0
1.85699409875 2.515625 0
1.85699409875 2.53125 0
1.85699409875 2.53515625 0
1.85699409875 2.5546875 0
1.85699409875 2.5625 0
1.85699409875 2.57421875 0
1.85699409875 2.59375 0
1.85699409875 2.61328125 0
1.85699409875 2.625 0
1.85699409875 2.6328125 0
1.85699409875 2.65234375 0
1.85699409875 2.65625 0
1.85699409875 2.671875 0
1.85699409875 2.6875 0
1.85699409875 2.69140625 0
1.85699409875 2.7109375 0
1.85699409875 2.71875 0
1.85699409875 2.73046875 0
1.85699409875 2.75 0
1.85699409875 2.76953125 0
1.85699409875 2.78125 0
1.85699409875 2.7890625 0
1.85699409875 2.80859375 0
1.85699409875 2.8125 0
1.87109375 -0.1796875 0
1.87109375 -0.16015625 0
1.87109375 -0.14300590124999996 0
1.87109375 1.0599205 0
1.87109375 1.0703125 0
1.87109375 1.1875 0
1.87109375 1.20703125 0
1.87109375 1.21875 0
1.87109375 2.8125 0
1.87109375 2.828125 0
1.875 -0.14300590124999996 0
1.875 -0.10463422499999998 0
1.875 -0.07817099999999999 0
1.875 -0.059920499999999995 0
1.875 -0.041669999999999999 0
1.875 -0.0258 0
1.875 -0.012 0
1.875 0 0
1.875 1 0
1.875 1.012 0
1.875 1.0258 0
1.875 1.0416700000000001 0
1.875 1.05078125 0
1.875 1.0599205 0
1.890625 -0.375 0
1.890625 -0.296875 0
1.890625 -0.21875 0
1.890625 -0.1796875 0
1.890625 -0.16015625 0
1.890625 -0.14300590124999996 0
1.890625 1.0416700000000001 0
1.890625 1.05078125 0
1.890625 1.0703125 0
1.890625 1.109375 0
1.890625 1.1484375 0
1.890625 1.16796875 0
1.890625 1.1875 0
1.890625 1.20703125 0
1.890625 1.21875 0
1.890625 2.8125 0
1.890625 2.828125 0
1.890625 2.84765625 0
1.890625 2.8671875 0
1.890625 2.88671875 0
1.890625 2.90625 0
1.890625 2.9453125 0
1.890625 2.984375 0
1.890625 3.0234375 0
1.890625 3.0625 0
1.890625 3.140625 0
1.890625 3.21875 0
1.8953657749999999 1.1875 0
1.8953657749999999 1.20703125 0
1.8953657749999999 1.21875 0
1.8953657749999999 1.25 0
1.8953657749999999 1.28125 0
1.8953657749999999 1.3125 0
1.8953657749999999 1.34375 0
1.8953657749999999 1.375 0
1.8953657749999999 1.40625 0
1.8953657749999999 1.4375 0
1.8953657749999999 1.46875 0
1.8953657749999999 1.5 0
1.8953657749999999 1.53125 0
1.8953657749999999 1.5625 0
1.8953657749999999 1.59375 0
1.8953657749999999 1.625 0
1.8953657749999999 1.65625 0
1.8953657749999999 1.6875 0
1.8953657749999999 1.71875 0
1.8953657749999999 1.75 0
1.8953657749999999 1.78125 0
1.8953657749999999 1.8125 0
1.8953657749999999 1.84375 0
1.8953657749999999 1.875 0
1.8953657749999999 1.90625 0
1.8953657749999999 1.9375 0
1.8953657749999999 1.96875 0
1.8953657749999999 2 0
1.8953657749999999 2.03125 0
1.8953657749999999 2.0625 0
1.8953657749999999 2.09375 0
1.8953657749999999 2.125 0
1.8953657749999999 2.15625 0
1.8953657749999999 2.1875 0
1.8953657749999999 2.21875 0
1.8953657749999999 2.25 0
1.8953657749999999 2.28125 0
1.8953657749999999 2.3125 0
1.8953657749999999 2.34375 0
1.8953657749999999 2.375 0
1.8953657749999999 2.40625 0
1.8953657749999999 2.4375 0
1.8953657749999999 2.46875 0
1.8953657749999999 2.5 0
1.8953657749999999 2.53125 0
1.8953657749999999 2.5625 0
1.8953657749999999 2.59375 0
1.8953657749999999 2.625 0
1.8953657749999999 2.65625 0
1.8953657749999999 2.6875 0
1.8953657749999999 2.71875 0
1.8953657749999999 2.75 0
1.8953657749999999 2.78125 0
1.8953657749999999 2.8125 0
1.8953657749999999 2.828125 0
1.8953657749999999 2.84375 0
1.90625 1 0
1.90625 1.012 0
1.90625 1.0258 0
1.90625 1.03125 0
1.90625 1.0416700000000001 0
1.91015625 -0.1796875 0
1.91015625 -0.16015625 0
1.91015625 -0.14300590124999996 0
1.91015625 1.03125 0
1.91015625 1.05078125 0
1.91015625 1.0703125 0
1.91015625 1.1484375 0
1.91015625 1.16796875 0
1.91015625 1.1875 0
1.91015625 2.84375 0
1.91015625 2.84765625 0
1.91015625 2.8671875 0
1.91015625 2.88671875 0
1.91015625 2.90625 0
1.921829 1.15625 0
1.921829 1.16796875 0
1.921829 1.1875 0
1.921829 1.21875 0
1.921829 1.25 0
1.921829 1.28125 0
1.921829 1.3125 0
1.921829 1.34375 0
1.921829 1.375 0
1.921829 1.40625 0
1.921829 1.4375 0
1.921829 1.46875 0
1.921829 1.5 0
1.921829 1.53125 0
1.921829 1.5625 0
1.921829 1.59375 0
1.921829 1.625 0
1.921829 1.65625 0
1.921829 1.6875 0
1.921829 1.71875 0
1.921829 1.75 0
1.921829 1.78125 0
1.921829 1.8125 0
1.921829 1.84375 0
1.921829 1.875 0
1.921829 1.90625 0
1.921829 1.9375 0
1.921829 1.96875 0
1.921829 2 0
1.921829 2.03125 0
1.921829 2.0625 0
1.921829 2.09375 0
1.921829 2.125 0
1.921829 2.15625 0
1.921829 2.1875 0
1.921829 2.21875 0
1.921829 2.25 0
1.921829 2.28125 0
1.921829 2.3125 0
1.921829 2.34375 0
1.921829 2.375 0
1.921829 2.40625 0
1.921829 2.4375 0
1.921829 2.46875 0
1.921829 2.5 0
1.921829 2.53125 0
1.921829 2.5625 0
1.921829 2.59375 0
1.921829 2.625 0
1.921829 2.65625 0
1.921829 2.6875 0
1.921829 2.71875 0
1.921829 2.75 0
1.921829 2.78125 0
1.921829 2.8125 0
1.921829 2.84375 0
1.921829 2.84765625 0
1.921829 2.8671875 0
1.921829 2.875 0
1.921875 -0.14300590124999996 0
1.921875 -0.10463422499999998 0
1.921875 -0.07817099999999999 0
1.921875 -0.059920499999999995 0
1.921875 -0.041669999999999999 0
1.921875 -0.0258 0
1.921875 -0.012 0
1.921875 0 0
1.9296875 -0.21875 0
1.9296875 -0.1796875 0
1.9296875 -0.16015625 0
1.9296875 -0.14300590124999996 0
1.9296875 1.0258 0
1.9296875 1.03125 0
1.9296875 1.05078125 0
1.9296875 1.0703125 0
1.9296875 1.08984375 0
1.9296875 1.109375 0
1.9296875 1.12890625 0
1.9296875 1.1484375 0
1.9296875 1.15625 0
1.9296875 2.875 0
1.9296875 2.88671875 0
1.9296875 2.90625 0
1.9296875 2.92578125 0
1.9296875 2.9453125 0
1.9296875 2.984375 0
1.9296875 3.0234375 0
1.9296875 3.0625 0
1.9375 1 0
1.9375 1.012 0
1.9375 1.0258 0
1.9400795 1.125 0
1.9400795 1.12890625 0
1.9400795 1.1484375 0
1.9400795 1.15625 0
1.9400795 1.1875 0
1.9400795 1.21875 0
1.9400795 1.25 0
1.9400795 1.28125 0
1.9400795 1.3125 0
1.9400795 1.34375 0
1.9400795 1.375 0
1.9400795 1.40625 0
1.9400795 1.4375 0
1.9400795 1.46875 0
1.9400795 1.5 0
1.9400795 1.53125 0
1.9400795 1.5625 0
1.9400795 1.59375 0
1.9400795 1.625 0
1.9400795 1.65625 0
1.9400795 1.6875 0
1.9400795 1.71875 0
1.9400795 1.75 0
1.9400795 1.78125 0
1.9400795 1.8125 0
1.9400795 1.84375 0
1.9400795 1.875 0
1.9400795 1.90625 0
1.9400795 1.9375 0
1.9400795 1.96875 0
1.9400795 2 0
1.9400795 2.03125 0
1.9400795 2.0625 0
1.9400795 2.09375 0
1.9400795 2.125 0
1.9400795 2.15625 0
1.9400795 2.1875 0
1.9400795 2.21875 0
1.9400795 2.25 0
1.9400795 2.28125 0
1.9400795 2.3125 0
1.9400795 2.34375 0
1.9400795 2.375 0
1.9400795 2.40625 0
1.9400795 2.4375 0
1.9400795 2.46875 0
1.9400795 2.5 0
1.9400795 2.53125 0
1.9400795 2.5625 0
1.9400795 2.59375 0
1.9400795 2.625 0
1.9400795 2.65625 0
1.9400795 2.6875 0
1.9400795 2.71875 0
1.9400795 2.75 0
1.9400795 2.78125 0
1.9400795 2.8125 0
1.9400795 2.84375 0
1.9400795 2.875 0
1.9400795 2.88671875 0
1.9400795 2.90625 0
1.94921875 -0.1796875 0
1.94921875 -0.16015625 0
1.94921875 -0.14300590124999996 0
1.94921875 1.012 0
1.94921875 1.03125 0
1.94921875 1.0703125 0
1.94921875 1.08984375 0
1.94921875 1.109375 0
1.94921875 1.125 0
1.94921875 2.90625 0
1.94921875 2.92578125 0
1.94921875 2.9453125 0
1.9583299999999999 1.09375 0
1.9583299999999999 1.109375 0
1.9583299999999999 1.125 0
1.9583299999999999 1.15625 0
1.9583299999999999 1.1875 0
1.9583299999999999 1.21875 0
1.9583299999999999 1.25 0
1.9583299999999999 1.28125 0
1.9583299999999999 1.3125 0
1.9583299999999999 1.34375 0
1.9583299999999999 1.375 0
1.9583299999999999 1.40625 0
1.9583299999999999 1.4375 0
1.9583299999999999 1.46875 0
1.9583299999999999 1.5 0
1.9583299999999999 1.53125 0
1.9583299999999999 1.5625 0
1.9583299999999999 1.59375 0
1.9583299999999999 1.625 0
1.9583299999999999 1.65625 0
1.9583299999999999 1.6875 0
1.9583299999999999 1.71875 0
1.9583299999999999 1.75 0
1.9583299999999999 1.78125 0
1.9583299999999999 1.8125 0
1.9583299999999999 1.84375 0
1.9583299999999999 1.875 0
1.9583299999999999 1.90625 0
1.9583299999999999 1.9375 0
1.9583299999999999 1.96875 0
1.9583299999999999 2 0
1.9583299999999999 2.03125 0
1.9583299999999999 2.0625 0
1.9583299999999999 2.09375 0
1.9583299999999999 2.125 0
1.9583299999999999 2.15625 0
1.9583299999999999 2.1875 0
1.9583299999999999 2.21875 0
1.9583299999999999 2.25 0
1.9583299999999999 2.28125 0
1.9583299999999999 2.3125 0
1.9583299999999999 2.34375 0
1.9583299999999999 2.375 0
1.9583299999999999 2.40625 0
1.9583299999999999 2.4375 0
1.9583299999999999 2.46875 0
1.9583299999999999 2.5 0
1.9583299999999999 2.53125 0
1.9583299999999999 2.5625 0
1.9583299999999999 2.59375 0
1.9583299999999999 2.625 0
1.9583299999999999 2.65625 0
1.9583299999999999 2.6875 0
1.9583299999999999 2.71875 0
1.9583299999999999 2.75 0
1.9583299999999999 2.78125 0
1.9583299999999999 2.8125 0
1.9583299999999999 2.84375 0
1.9583299999999999 2.875 0
1.9583299999999999 2.90625 0
1.9583299999999999 2.92578125 0
1.9583299999999999 2.9375 0
1.96875 -0.6875 0
1.96875 -0.53125 0
1.96875 -0.375 0
1.96875 -0.296875 0
1.96875 -0.21875 0
1.96875 -0.1796875 0
1.96875 -0.16015625 0
1.96875 -0.14300590124999996 0
1.96875 -0.10463422499999998 0
1.96875 -0.07817099999999999 0
1.96875 -0.059920499999999995 0
1.96875 -0.041669999999999999 0
1.96875 -0.0258 0
1.96875 -0.012 0
1.96875 0 0
1.96875 1 0
1.96875 1.01171875 0
1.96875 1.012 0
1.96875 1.03125 0
1.96875 1.05078125 0
1.96875 1.0703125 0
1.96875 1.08984375 0
1.96875 1.09375 0
1.96875 2.9375 0
1.96875 2.9453125 0
1.96875 2.96484375 0
1.96875 2.984375 0
1.96875 3.00390625 0
1.96875 3.0234375 0
1.96875 3.0625 0
1.96875 3.1015625 0
1.96875 3.140625 0
1.96875 3.21875 0
1.96875 3.375 0
1.9742 1.0625 0
1.9742 1.0703125 0
1.9742 1.09375 0
1.9742 1.125 0
1.9742 1.15625 0
1.9742 1.1875 0
1.9742 1.21875 0
1.9742 1.25 0
1.9742 1.28125 0
1.9742 1.3125 0
1.9742 1.34375 0
1.9742 1.375 0
1.9742 1.40625 0
1.9742 1.4375 0
1.9742 1.46875 0
1.9742 1.5 0
1.9742 1.53125 0
1.9742 1.5625 0
1.9742 1.59375 0
1.9742 1.625 0
1.9742 1.65625 0
1.9742 1.6875 0
1.9742 1.71875 0
1.9742 1.75 0
1.9742 1.78125 0
1.9742 1.8125 0
1.9742 1.84375 0
1.9742 1.875 0
1.9742 1.90625 0
1.9742 1.9375 0
1.9742 1.96875 0
1.9742 2 0
1.9742 2.03125 0
1.9742 2.0625 0
1.9742 2.09375 0
1.9742 2.125 0
1.9742 2.15625 0
1.9742 2.1875 0
1.9742 2.21875 0
1.9742 2.25 0
1.9742 2.28125 0
1.9742 2.3125 0
1.9742 2.34375 0
1.9742 2.375 0
1.9742 2.40625 0
1.9742 2.4375 0
1.9742 2.46875 0
1.9742 2.5 0
1.9742 2.53125 0
1.9742 2.5625 0
1.9742 2.59375 0
1.9742 2.625 0
1.9742 2.65625 0
1.9742 2.6875 0
1.9742 2.71875 0
1.9742 2.75 0
1.9742 2.78125 0
1.9742 2.8125 0
1.9742 2.84375 0
1.9742 2.875 0
1.9742 2.90625 0
1.9742 2.9375 0
1.9742 2.9453125 0
1.9742 2.96484375 0
1.9742 2.96875 0
1.988 1.03125 0
1.988 1.05078125 0
1.988 1.0625 0
1.988 1.09375 0
1.988 1.125 0
1.988 1.15625 0
1.988 1.1875 0
1.988 1.21875 0
1.988 1.25 0
1.988 1.28125 0
1.988 1.3125 0
1.988 1.34375 0
1.988 1.375 0
1.988 1.40625 0
1.988 1.4375 0
1.988 1.46875 0
1.988 1.5 0
1.988 1.53125 0
1.988 1.5625 0
1.988 1.59375 0
1.988 1.625 0
1.988 1.65625 0
1.988 1.6875 0
1.988 1.71875 0
1.988 1.75 0
1.988 1.78125 0
1.988 1.8125 0
1.988 1.84375 0
1.988 1.875 0
1.988 1.90625 0
1.988 1.9375 0
1.988 1.96875 0
1.988 2 0
1.988 2.03125 0
1.988 2.0625 0
1.988 2.09375 0
1.988 2.125 0
1.988 2.15625 0
1.988 2.1875 0
1.988 2.21875 0
1.988 2.25 0
1.988 2.28125 0
1.988 2.3125 0
1.988 2.34375 0
1.988 2.375 0
1.988 2.40625 0
1.988 2.4375 0
1.988 2.46875 0
1.988 2.5 0
1.988 2.53125 0
1.988 2.5625 0
1.988 2.59375 0
1.988 2.625 0
1.988 2.65625 0
1.988 2.6875 0
1.988 2.71875 0
1.988 2.75 0
1.988 2.78125 0
1.988 2.8125 0
1.988 2.84375 0
1.988 2.875 0
1.988 2.90625 0
1.988 2.9375 0
1.988 2.96875 0
1.988 2.984375 0
1.988 3.00390625 0
1.988 3.012 0
1.98828125 -0.1796875 0
1.98828125 -0.16015625 0
1.98828125 -0.14300590124999996 0
1.98828125 1 0
1.98828125 1.01171875 0
1.98828125 1.03125 0
1.98828125 3.012 0
1.98828125 3.0234375 0
2 1 0
2 1.01171875 0
2 1.03125 0
2 1.0625 0
2 1.09375 0
2 1.125 0
2 1.15625 0
2 1.1875 0
2 1.21875 0
2 1.25 0
2 1.28125 0
2 1.3125 0
2 1.34375 0
2 1.375 0
2 1.40625 0
2 1.4375 0
2 1.46875 0
2 1.5 0
2 1.53125 0
2 1.5625 0
2 1.59375 0
2 1.625 0
2 1.65625 0
2 1.6875 0
2 1.71875 0
2 1.75 0
2 1.78125 0
2 1.8125 0
2 1.84375 0
2 1.875 0
2 1.90625 0
2 1.9375 0
2 1.96875 0
2 2 0
2 2.03125 0
2 2.0625 0
2 2.09375 0
2 2.125 0
2 2.15625 0
2 2.1875 0
2 2.21875 0
2 2.25 0
2 2.28125 0
2 2.3125 0
2 2.34375 0
2 2.375 0
2 2.40625 0
2 2.4375 0
2 2.46875 0
2 2.5 0
2 2.53125 0
2 2.5625 0
2 2.59375 0
2 2.625 0
2 2.65625 0
2 2.6875 0
2 2.71875 0
2 2.75 0
2 2.78125 0
2 2.8125 0
2 2.84375 0
2 2.875 0
2 2.90625 0
2 2.9375 0
2 2.96875 0
2 3 0
2.0078125 -0.21875 0
2.0078125 -0.1796875 0
2.0078125 -0.16015625 0
2.0078125 -0.14300590124999996 0
2.0078125 3.012 0
2.0078125 3.0234375 0
2.0078125 3.04296875 0
2.0078125 3.0625 0
2.0078125 3.1015625 0
2.0078125 3.140625 0
2.015625 -0.14300590124999996 0
2.015625 -0.10463422499999998 0
2.015625 -0.07817099999999999 0
2.015625 -0.059920499999999995 0
2.015625 -0.041669999999999999 0
2.015625 -0.0258 0
2.015625 -0.012 0
2.015625 0 0
2.02734375 -0.1796875 0
2.02734375 -0.16015625 0
2.02734375 -0.14300590124999996 0
2.02734375 3.012 0
2.02734375 3.0234375 0
2.02734375 3.04296875 0
2.02734375 3.0625 0
2.03125 3 0
2.03125 3.012 0
2.03125 3.0234375 0
2.03125 3.0257999999999998 0
2.046875 -0.375 0
2.046875 -0.296875 0
2.046875 -0.21875 0
2.046875 -0.1796875 0
2.046875 -0.16015625 0
2.046875 -0.14300590124999996 0
2.046875 3.0257999999999998 0
2.046875 3.04296875 0
2.046875 3.0625 0
2.046875 3.1015625 0
2.046875 3.140625 0
2.046875 3.21875 0
2.0625 -0.14300590124999996 0
2.0625 -0.10463422499999998 0
2.0625 -0.07817099999999999 0
2.0625 -0.059920499999999995 0
2.0625 -0.041669999999999999 0
2.0625 -0.0258 0
2.0625 -0.012 0
2.0625 0 0
2.0625 3 0
2.0625 3.012 0
2.0625 3.0257999999999998 0
2.0625 3.0416699999999999 0
2.06640625 -0.1796875 0
2.06640625 -0.16015625 0
2.06640625 -0.14300590124999996 0
2.06640625 3.0416699999999999 0
2.06640625 3.04296875 0
2.06640625 3.0625 0
2.0859375 -0.21875 0
2.0859375 -0.1796875 0
2.0859375 -0.16015625 0
2.0859375 -0.14300590124999996 0
2.0859375 3.0416699999999999 0
2.0859375 3.0625 0
2.0859375 3.08203125 0
2.0859375 3.1015625 0
2.0859375 3.140625 0
2.09375 3 0
2.09375 3.012 0
2.09375 3.0257999999999998 0
2.09375 3.0416699999999999 0
2.09375 3.0599205 0
2.10546875 -0.1796875 0
2.10546875 -0.16015625 0
2.10546875 -0.14300590124999996 0
2.10546875 3.0599205 0
2.10546875 3.0625 0
2.10546875 3.08203125 0
2.10546875 3.1015625 0
2.109375 -0.14300590124999996 0
2.109375 -0.10463422499999998 0
2.109375 -0.07817099999999999 0
2.109375 -0.059920499999999995 0
2.109375 -0.041669999999999999 0
2.109375 -0.0258 0
2.109375 -0.012 0
2.109375 0 0
2.125 -1 0
2.125 -0.6875 0
2.125 -0.53125 0
2.125 -0.375 0
2.125 -0.296875 0
2.125 -0.21875 0
2.125 -0.1796875 0
2.125 -0.16015625 0
2.125 -0.14300590124999996 0
2.125 3 0
2.125 3.012 0
2.125 3.0257999999999998 0
2.125 3.0416699999999999 0
2.125 3.0599205 0
2.125 3.0625 0
2.125 3.0781710000000002 0
2.125 3.08203125 0
2.125 3.1015625 0
2.125 3.12109375 0
2.125 3.140625 0
2.125 3.1796875 0
2.125 3.21875 0
2.125 3.296875 0
2.125 3.375 0
2.125 3.53125 0
2.125 3.6875 0
2.125 4 0
2.14453125 -0.1796875 0
2.14453125 -0.16015625 0
2.14453125 -0.14300590124999996 0
2.14453125 3.0781710000000002 0
2.14453125 3.08203125 0
2.14453125 3.1015625 0
2.14453125 3.12109375 0
2.14453125 3.140625 0
2.15625 -0.14300590124999996 0
2.15625 -0.10463422499999998 0
2.15625 -0.07817099999999999 0
2.15625 -0.059920499999999995 0
2.15625 -0.041669999999999999 0
2.15625 -0.0258 0
2.15625 -0.012 0
2.15625 0 0
2.15625 3 0
2.15625 3.012 0
2.15625 3.0257999999999998 0
2.15625 3.0416699999999999 0
2.15625 3.0599205 0
2.15625 3.0781710000000002 0
2.15625 3.08203125 0
2.15625 3.1015625 0
2.15625 3.1046342249999999 0
2.1640625 -0.21875 0
2.1640625 -0.1796875 0
2.1640625 -0.16015625 0
2.1640625 -0.14300590124999996 0
2.1640625 3.1046342249999999 0
2.1640625 3.12109375 0
2.1640625 3.140625 0
2.1640625 3.16015625 0
2.1640625 3.1796875 0
2.1640625 3.21875 0
2.18359375 -0.1796875 0
2.18359375 -0.16015625 0
2.18359375 -0.14300590124999996 0
2.18359375 3.1046342249999999 0
2.18359375 3.12109375 0
2.18359375 3.140625 0
2.18359375 3.16015625 0
2.18359375 3.1796875 0
2.1875 3 0
2.1875 3.012 0
2.1875 3.0257999999999998 0
2.1875 3.0416699999999999 0
2.1875 3.0599205 0
2.1875 3.0781710000000002 0
2.1875 3.1046342249999999 0
2.1875 3.12109375 0
2.1875 3.140625 0
2.1875 3.14300590125 0
2.203125 -0.375 0
2.203125 -0.296875 0
2.203125 -0.21875 0
2.203125 -0.1796875 0
2.203125 -0.16015625 0
2.203125 -0.14300590124999996 0
2.203125 -0.10463422499999998 0
2.203125 -0.07817099999999999 0
2.203125 -0.059920499999999995 0
2.203125 -0.041669999999999999 0
2.203125 -0.0258 0
2.203125 -0.012 0
2.203125 0 0
2.203125 3.14300590125 0
2.203125 3.16015625 0
2.203125 3.1796875 0
2.203125 3.21875 0
2.203125 3.296875 0
2.203125 3.375 0
2.21875 3 0
2.21875 3.012 0
2.21875 3.0257999999999998 0
2.21875 3.0416699999999999 0
2.21875 3.0599205 0
2.21875 3.0781710000000002 0
2.21875 3.1046342249999999 0
2.21875 3.14300590125 0
2.22265625 -0.1796875 0
2.22265625 -0.16015625 0
2.22265625 -0.14300590124999996 0
2.22265625 3.14300590125 0
2.22265625 3.16015625 0
2.22265625 3.1796875 0
2.2421875 -0.21875 0
2.2421875 -0.1796875 0
2.2421875 -0.16015625 0
2.2421875 -0.14300590124999996 0
2.2421875 3.14300590125 0
2.2421875 3.16015625 0
2.2421875 3.1796875 0
2.2421875 3.21875 0
2.25 -0.14300590124999996 0
2.25 -0.10463422499999998 0
2.25 -0.07817099999999999 0
2.25 -0.059920499999999995 0
2.25 -0.041669999999999999 0
2.25 -0.0258 0
2.25 -0.012 0
2.25 0 0
2.25 3 0
2.25 3.012 0
2.25 3.0257999999999998 0
2.25 3.0416699999999999 0
2.25 3.0599205 0
2.25 3.0781710000000002 0
2.25 3.1046342249999999 0
2.25 3.14300590125 0
2.26171875 -0.1796875 0
2.26171875 -0.16015625 0
2.26171875 -0.14300590124999996 0
2.26171875 3.14300590125 0
2.26171875 3.16015625 0
2.26171875 3.1796875 0
2.28125 -0.6875 0
2.28125 -0.53125 0
2.28125 -0.375 0
2.28125 -0.296875 0
2.28125 -0.21875 0
2.28125 -0.1796875 0
2.28125 -0.16015625 0
2.28125 -0.14300590124999996 0
2.28125 3 0
2.28125 3.012 0
2.28125 3.0257999999999998 0
2.28125 3.0416699999999999 0
2.28125 3.0599205 0
2.28125 3.0781710000000002 0
2.28125 3.1046342249999999 0
2.28125 3.14300590125 0
2.28125 3.16015625 0
2.28125 3.1796875 0
2.28125 3.21875 0
2.28125 3.296875 0
2.28125 3.375 0
2.28125 3.53125 0
2.28125 3.6875 0
2.296875 -0.14300590124999996 0
2.296875 -0.10463422499999998 0
2.296875 -0.07817099999999999 0
2.296875 -0.059920499999999995 0
2.296875 -0.041669999999999999 0
2.296875 -0.0258 0
2.296875 -0.012 0
2.296875 0 0
2.30078125 -0.1796875 0
2.30078125 -0.16015625 0
2.30078125 -0.14300590124999996 0
2.30078125 3.14300590125 0
2.30078125 3.16015625 0
2.30078125 3.1796875 0
2.3125 3 0
2.3125 3.012 0
2.3125 3.0257999999999998 0
2.3125 3.0416699999999999 0
2.3125 3.0599205 0
2.3125 3.0781710000000002 0
2.3125 3.1046342249999999 0
2.3125 3.14300590125 0
2.3203125 -0.21875 0
2.3203125 -0.1796875 0
2.3203125 -0.16015625 0
2.3203125 -0.14300590124999996 0
2.3203125 3.14300590125 0
2.3203125 3.16015625 0
2.3203125 3.1796875 0
2.3203125 3.21875 0
2.33984375 -0.1796875 0
2.33984375 -0.16015625 0
2.33984375 -0.14300590124999996 0
2.33984375 3.14300590125 0
2.33984375 3.16015625 0
2.33984375 3.1796875 0
2.34375 -0.14300590124999996 0
2.34375 -0.10463422499999998 0
2.34375 -0.07817099999999999 0
2.34375 -0.059920499999999995 0
2.34375 -0.041669999999999999 0
2.34375 -0.0258 0
2.34375 -0.012 0
2.34375 0 0
2.34375 3 0
2.34375 3.012 0
2.34375 3.0257999999999998 0
2.34375 3.0416699999999999 0
2.34375 3.0599205 0
2.34375 3.0781710000000002 0
2.34375 3.1046342249999999 0
2.34375 3.14300590125 0
2.359375 -0.375 0
2.359375 -0.296875 0
2.359375 -0.21875 0
2.359375 -0.1796875 0
2.359375 -0.16015625 0
2.359375 -0.14300590124999996 0
2.359375 3.14300590125 0
2.359375 3.16015625 0
2.359375 3.1796875 0
2.359375 3.21875 0
2.359375 3.296875 0
2.359375 3.375 0
2.375 3 0
2.375 3.012 0
2.375 3.0257999999999998 0
2.375 3.0416699999999999 0
2.375 3.0599205 0
2.375 3.0781710000000002 0
2.375 3.1046342249999999 0
2.375 3.14300590125 0
2.37890625 -0.1796875 0
2.37890625 -0.16015625 0
2.37890625 -0.14300590124999996 0
2.37890625 3.14300590125 0
2.37890625 3.16015625 0
2.37890625 3.1796875 0
2.390625 -0.14300590124999996 0
2.390625 -0.10463422499999998 0
2.390625 -0.07817099999999999 0
2.390625 -0.059920499999999995 0
2.390625 -0.041669999999999999 0
2.390625 -0.0258 0
2.390625 -0.012 0
2.390625 0 0
2.3984375 -0.21875 0
2.3984375 -0.1796875 0
2.3984375 -0.16015625 0
2.3984375 -0.14300590124999996 0
2.3984375 3.14300590125 0
2.3984375 3.16015625 0
2.3984375 3.1796875 0
2.3984375 3.21875 0
2.40625 3 0
2.40625 3.012 0
2.40625 3.0257999999999998 0
2.40625 3.0416699999999999 0
2.40625 3.0599205 0
2.40625 3.0781710000000002 0
2.40625 3.1046342249999999 0
2.40625 3.14300590125 0
2.41796875 -0.1796875 0
2.41796875 -0.16015625 0
2.41796875 -0.14300590124999996 0
2.41796875 3.14300590125 0
2.41796875 3.16015625 0
2.41796875 3.1796875 0
2.4375 -1 0
2.4375 -0.6875 0
2.4375 -0.53125 0
2.4375 -0.375 0
2.4375 -0.296875 0
2.4375 -0.21875 0
2.4375 -0.1796875 0
2.4375 -0.16015625 0
2.4375 -0.14300590124999996 0
2.4375 -0.10463422499999998 0
2.4375 -0.07817099999999999 0
2.4375 -0.059920499999999995 0
2.4375 -0.041669999999999999 0
2.4375 -0.0258 0
2.4375 -0.012 0
2.4375 0 0
2.4375 3 0
2.4375 3.012 0
2.4375 3.0257999999999998 0
2.4375 3.0416699999999999 0
2.4375 3.0599205 0
2.4375 3.0781710000000002 0
2.4375 3.1046342249999999 0
2.4375 3.14300590125 0
2.4375 3.16015625 0
2.4375 3.1796875 0
2.4375 3.21875 0
2.4375 3.296875 0
2.4375 3.375 0
2.4375 3.53125 0
2.4375 3.6875 0
2.4375 4 0
2.45703125 -0.1796875 0
2.45703125 -0.16015625 0
2.45703125 -0.14300590124999996 0
2.45703125 3.14300590125 0
2.45703125 3.16015625 0
2.45703125 3.1796875 0
2.46875 3 0
2.46875 3.012 0
2.46875 3.0257999999999998 0
2.46875 3.0416699999999999 0
2.46875 3.0599205 0
2.46875 3.0781710000000002 0
2.46875 3.1046342249999999 0
2.46875 3.14300590125 0
2.4765625 -0.21875 0
2.4765625 -0.1796875 0
2.4765625 -0.16015625 0
2.4765625 -0.14300590124999996 0
2.4765625 3.14300590125 0
2.4765625 3.16015625 0
2.4765625 3.1796875 0
2.4765625 3.21875 0
2.484375 -0.14300590124999996 0
2.484375 -0.10463422499999998 0
2.484375 -0.07817099999999999 0
2.484375 -0.059920499999999995 0
2.484375 -0.041669999999999999 0
2.484375 -0.0258 0
2.484375 -0.012 0
2.484375 0 0
2.49609375 -0.1796875 0
2.49609375 -0.16015625 0
2.49609375 -0.14300590124999996 0
2.49609375 3.14300590125 0
2.49609375 3.16015625 0
2.49609375 3.1796875 0
2.5 3 0
2.5 3.012 0
2.5 3.0257999999999998 0
2.5 3.0416699999999999 0
2.5 3.0599205 0
2.5 3.0781710000000002 0
2.5 3.1046342249999999 0
2.5 3.14300590125 0
2.515625 -0.375 0
2.515625 -0.296875 0
2.515625 -0.21875 0
2.515625 -0.1796875 0
2.515625 -0.16015625 0
2.515625 -0.14300590124999996 0
2.515625 3.14300590125 0
2.515625 3.16015625 0
2.515625 3.1796875 0
2.515625 3.21875 0
2.515625 3.296875 0
2.515625 3.375 0
2.53125 -0.14300590124999996 0
2.53125 -0.10463422499999998 0
2.53125 -0.07817099999999999 0
2.53125 -0.059920499999999995 0
2.53125 -0.041669999999999999 0
2.53125 -0.0258 0
2.53125 -0.012 0
2.53125 0 0
2.53125 3 0
2.53125 3.012 0
2.53125 3.0257999999999998 0
2.53125 3.0416699999999999 0
2.53125 3.0599205 0
2.53125 3.0781710000000002 0
2.53125 3.1046342249999999 0
2.53125 3.14300590125 0
2.53515625 -0.1796875 0
2.53515625 -0.16015625 0
2.53515625 -0.14300590124999996 0
2.53515625 3.14300590125 0
2.53515625 3.16015625 0
2.53515625 3.1796875 0
2.5546875 -0.21875 0
2.5546875 -0.1796875 0
2.5546875 -0.16015625 0
2.5546875 -0.14300590124999996 0
2.5546875 3.14300590125 0
2.5546875 3.16015625 0
2.5546875 3.1796875 0
2.5546875 3.21875 0
2.5625 3 0
2.5625 3.012 0
2.5625 3.0257999999999998 0
2.5625 3.0416699999999999 0
2.5625 3.0599205 0
2.5625 3.0781710000000002 0
2.5625 3.1046342249999999 0
2.5625 3.14300590125 0
2.57421875 -0.1796875 0
2.57421875 -0.16015625 0
2.57421875 -0.14300590124999996 0
2.57421875 3.14300590125 0
2.57421875 3.16015625 0
2.57421875 3.1796875 0
2.578125 -0.14300590124999996 0
2.578125 -0.10463422499999998 0
2.578125 -0.07817099999999999 0
2.578125 -0.059920499999999995 0
2.578125 -0.041669999999999999 0
2.578125 -0.0258 0
2.578125 -0.012 0
2.578125 0 0
2.59375 -0.6875 0
2.59375 -0.53125 0
2.59375 -0.375 0
2.59375 -0.296875 0
2.59375 -0.21875 0
2.59375 -0.1796875 0
2.59375 -0.16015625 0
2.59375 -0.14300590124999996 0
2.59375 3 0
2.59375 3.012 0
2.59375 3.0257999999999998 0
2.59375 3.0416699999999999 0
2.59375 3.0599205 0
2.59375 3.0781710000000002 0
2.59375 3.1046342249999999 0
2.59375 3.14300590125 0
2.59375 3.16015625 0
2.59375 3.1796875 0
2.59375 3.21875 0
2.59375 3.296875 0
2.59375 3.375 0
2.59375 3.53125 0
2.59375 3.6875 0
2.61328125 -0.1796875 0
2.61328125 -0.16015625 0
2.61328125 -0.14300590124999996 0
2.61328125 3.14300590125 0
2.61328125 3.16015625 0
2.61328125 3.1796875 0
2.625 -0.14300590124999996 0
2.625 -0.10463422499999998 0
2.625 -0.07817099999999999 0
2.625 -0.059920499999999995 0
2.625 -0.041669999999999999 0
2.625 -0.0258 0
2.625 -0.012 0
2.625 0 0
2.625 3 0
2.625 3.012 0
2.625 3.0257999999999998 0
2.625 3.0416699999999999 0
2.625 3.0599205 0
2.625 3.0781710000000002 0
2.625 3.1046342249999999 0
2.625 3.14300590125 0
2.6328125 -0.21875 0
2.6328125 -0.1796875 0
2.6328125 -0.16015625 0
2.6328125 -0.14300590124999996 0
2.6328125 3.14300590125 0
2.6328125 3.16015625 0
2.6328125 3.1796875 0
2.6328125 3.21875 0
2.65234375 -0.1796875 0
2.65234375 -0.16015625 0
2.65234375 -0.14300590124999996 0
2.65234375 3.14300590125 0
2.65234375 3.16015625 0
2.65234375 3.1796875 0
2.65625 3 0
2.65625 3.012 0
2.65625 3.0257999999999998 0
2.65625 3.0416699999999999 0
2.65625 3.0599205 0
2.65625 3.0781710000000002 0
2.65625 3.1046342249999999 0
2.65625 3.14300590125 0
2.671875 -0.375 0
2.671875 -0.296875 0
2.671875 -0.21875 0
2.671875 -0.1796875 0
2.671875 -0.16015625 0
2.671875 -0.14300590124999996 0
2.671875 -0.10463422499999998 0
2.671875 -0.07817099999999999 0
2.671875 -0.059920499999999995 0
2.671875 -0.041669999999999999 0
2.671875 -0.0258 0
2.671875 -0.012 0
2.671875 0 0
2.671875 3.14300590125 0
2.671875 3.16015625 0
2.671875 3.1796875 0
2.671875 3.21875 0
2.671875 3.296875 0
2.671875 3.375 0
2.6875 3 0
2.6875 3.012 0
2.6875 3.0257999999999998 0
2.6875 3.0416699999999999 0
2.6875 3.0599205 0
2.6875 3.0781710000000002 0
2.6875 3.1046342249999999 0
2.6875 3.14300590125 0
2.69140625 -0.1796875 0
2.69140625 -0.16015625 0
2.69140625 -0.14300590124999996 0
2.69140625 3.14300590125 0
2.69140625 3.16015625 0
2.69140625 3.1796875 0
2.7109375 -0.21875 0
2.7109375 -0.1796875 0
2.7109375 -0.16015625 0
2.7109375 -0.14300590124999996 0
2.7109375 3.14300590125 0
2.7109375 3.16015625 0
2.7109375 3.1796875 0
2.7109375 3.21875 0
2.71875 -0.14300590124999996 0
2.71875 -0.140625 0
2.71875 -0.12109375 0
2.71875 -0.10463422499999998 0
2.71875 -0.07817099999999999 0
2.71875 -0.059920499999999995 0
2.71875 -0.041669999999999999 0
2.71875 -0.0258 0
2.71875 -0.012 0
2.71875 0 0
2.71875 3 0
2.71875 3.012 0
2.71875 3.0257999999999998 0
2.71875 3.0416699999999999 0
2.71875 3.0599205 0
2.71875 3.0781710000000002 0
2.71875 3.1046342249999999 0
2.71875 3.14300590125 0
2.73046875 -0.1796875 0
2.73046875 -0.16015625 0
2.73046875 -0.140625 0
2.73046875 -0.12109375 0
2.73046875 -0.10463422499999998 0
2.73046875 3.14300590125 0
2.73046875 3.16015625 0
2.73046875 3.1796875 0
2.75 -1 0
2.75 -0.6875 0
2.75 -0.53125 0
2.75 -0.375 0
2.75 -0.296875 0
2.75 -0.21875 0
2.75 -0.1796875 0
2.75 -0.16015625 0
2.75 -0.140625 0
2.75 -0.12109375 0
2.75 -0.10463422499999998 0
2.75 3 0
2.75 3.012 0
2.75 3.0257999999999998 0
2.75 3.0416699999999999 0
2.75 3.0599205 0
2.75 3.0781710000000002 0
2.75 3.1046342249999999 0
2.75 3.14300590125 0
2.75 3.16015625 0
2.75 3.1796875 0
2.75 3.21875 0
2.75 3.296875 0
2.75 3.375 0
2.75 3.53125 0
2.75 3.6875 0
2.75 4 0
2.765625 -0.10463422499999998 0
2.765625 -0.1015625 0
2.765625 -0.07817099999999999 0
2.765625 -0.059920499999999995 0
2.765625 -0.041669999999999999 0
2.765625 -0.0258 0
2.765625 -0.012 0
2.765625 0 0
2.76953125 -0.140625 0
2.76953125 -0.12109375 0
2.76953125 -0.1015625 0
2.76953125 -0.08203125 0
2.76953125 -0.07817099999999999 0
2.76953125 3.14300590125 0
2.76953125 3.16015625 0
2.76953125 3.1796875 0
2.78125 3 0
2.78125 3.012 0
2.78125 3.0257999999999998 0
2.78125 3.0416699999999999 0
2.78125 3.0599205 0
2.78125 3.0781710000000002 0
2.78125 3.1046342249999999 0
2.78125 3.14300590125 0
2.7890625 -0.21875 0
2.7890625 -0.1796875 0
2.7890625 -0.140625 0
2.7890625 -0.12109375 0
2.7890625 -0.1015625 0
2.7890625 -0.08203125 0
2.7890625 -0.07817099999999999 0
2.7890625 3.14300590125 0
2.7890625 3.16015625 0
2.7890625 3.1796875 0
2.7890625 3.21875 0
2.80859375 -0.1015625 0
2.80859375 -0.08203125 0
2.80859375 -0.07817099999999999 0
2.80859375 3.14300590125 0
2.80859375 3.16015625 0
2.80859375 3.1796875 0
2.8125 -0.07817099999999999 0
2.8125 -0.0625 0
2.8125 -0.059920499999999995 0
2.8125 -0.041669999999999999 0
2.8125 -0.0258 0
2.8125 -0.012 0
2.8125 0 0
2.8125 3 0
2.8125 3.012 0
2.8125 3.0257999999999998 0
2.8125 3.0416699999999999 0
2.8125 3.0599205 0
2.8125 3.0781710000000002 0
2.8125 3.1046342249999999 0
2.8125 3.12109375 0
2.8125 3.140625 0
2.8125 3.14300590125 0
2.828125 -0.375 0
2.828125 -0.296875 0
2.828125 -0.21875 0
2.828125 -0.1796875 0
2.828125 -0.140625 0
2.828125 -0.1015625 0
2.828125 -0.08203125 0
2.828125 -0.0625 0
2.828125 -0.059920499999999995 0
2.828125 3.1046342249999999 0
2.828125 3.12109375 0
2.828125 3.140625 0
2.828125 3.16015625 0
2.828125 3.1796875 0
2.828125 3.21875 0
2.828125 3.296875 0
2.828125 3.375 0
2.84375 3 0
2.84375 3.012 0
2.84375 3.0257999999999998 0
2.84375 3.0416699999999999 0
2.84375 3.0599205 0
2.84375 3.0781710000000002 0
2.84375 3.1015625 0
2.84375 3.1046342249999999 0
2.84765625 -0.0625 0
2.84765625 -0.059920499999999995 0
2.84765625 3.0781710000000002 0
2.84765625 3.08203125 0
2.84765625 3.1015625 0
2.84765625 3.12109375 0
2.84765625 3.140625 0
2.859375 -0.059920499999999995 0
2.859375 -0.041669999999999999 0
2.859375 -0.0258 0
2.859375 -0.012 0
2.859375 0 0
2.8671875 -0.140625 0
2.8671875 -0.1015625 0
2.8671875 -0.0625 0
2.8671875 -0.041669999999999999 0
2.8671875 3.0781710000000002 0
2.8671875 3.08203125 0
2.8671875 3.1015625 0
2.8671875 3.12109375 0
2.8671875 3.140625 0
2.8671875 3.1796875 0
2.8671875 3.21875 0
2.875 3 0
2.875 3.012 0
2.875 3.0257999999999998 0
2.875 3.0416699999999999 0
2.875 3.0599205 0
2.875 3.0781710000000002 0
2.88671875 -0.0625 0
2.88671875 -0.041669999999999999 0
2.88671875 3.0599205 0
2.88671875 3.0625 0
2.88671875 3.08203125 0
2.88671875 3.1015625 0
2.90625 -0.6875 0
2.90625 -0.53125 0
2.90625 -0.375 0
2.90625 -0.296875 0
2.90625 -0.21875 0
2.90625 -0.140625 0
2.90625 -0.1015625 0
2.90625 -0.0625 0
2.90625 -0.04296875 0
2.90625 -0.041669999999999999 0
2.90625 -0.0258 0
2.90625 -0.012 0
2.90625 0 0
2.90625 3 0
2.90625 3.012 0
2.90625 3.0257999999999998 0
2.90625 3.0416699999999999 0
2.90625 3.0599205 0
2.90625 3.0625 0
2.90625 3.08203125 0
2.90625 3.1015625 0
2.90625 3.140625 0
2.90625 3.1796875 0
2.90625 3.21875 0
2.90625 3.296875 0
2.90625 3.375 0
2.90625 3.53125 0
2.90625 3.6875 0
2.92578125 -0.0625 0
2.92578125 -0.04296875 0
2.92578125 -0.0258 0
2.92578125 3.0416699999999999 0
2.92578125 3.04296875 0
2.92578125 3.0625 0
2.9375 3 0
2.9375 3.012 0
2.9375 3.0257999999999998 0
2.9375 3.0416699999999999 0
2.9453125 -0.140625 0
2.9453125 -0.1015625 0
2.9453125 -0.0625 0
2.9453125 -0.04296875 0
2.9453125 -0.0258 0
2.9453125 3.0257999999999998 0
2.9453125 3.04296875 0
2.9453125 3.0625 0
2.9453125 3.1015625 0
2.9453125 3.140625 0
2.953125 -0.0258 0
2.953125 -0.0234375 0
2.953125 -0.012 0
2.953125 0 0
2.96484375 -0.0625 0
2.96484375 -0.04296875 0
2.96484375 -0.0234375 0
2.96484375 -0.012 0
2.96484375 3.0257999999999998 0
2.96484375 3.04296875 0
2.96484375 3.0625 0
2.96875 3 0
2.96875 3.012 0
2.96875 3.0234375 0
2.96875 3.0257999999999998 0
2.984375 -0.21875 0
2.984375 -0.140625 0
2.984375 -0.1015625 0
2.984375 -0.0625 0
2.984375 -0.04296875 0
2.984375 -0.0234375 0
2.984375 -0.012 0
2.984375 3.012 0
2.984375 3.0234375 0
2.984375 3.04296875 0
2.984375 3.0625 0
2.984375 3.1015625 0
2.984375 3.140625 0
2.984375 3.21875 0
3 0 0
3 0.046875 0
3 0.09375 0
3 0.140625 0
3 0.1875 0
3 0.234375 0
3 0.28125 0
3 0.328125 0
3 0.375 0
3 0.421875 0
3 0.46875 0
3 0.515625 0
3 0.5625 0
3 0.609375 0
3 0.65625 0
3 0.703125 0
3 0.75 0
3 0.796875 0
3 0.84375 0
3 0.890625 0
3 0.9375 0
3 0.984375 0
3 1.03125 0
3 1.078125 0
3 1.125 0
3 1.171875 0
3 1.21875 0
3 1.265625 0
3 1.3125 0
3 1.359375 0
3 1.40625 0
3 1.453125 0
3 1.5 0
3 1.546875 0
3 1.59375 0
3 1.640625 0
3 1.6875 0
3 1.734375 0
3 1.78125 0
3 1.828125 0
3 1.875 0
3 1.921875 0
3 1.96875 0
3 2.015625 0
3 2.0625 0
3 2.109375 0
3 2.15625 0
3 2.203125 0
3 2.25 0
3 2.296875 0
3 2.34375 0
3 2.390625 0
3 2.4375 0
3 2.484375 0
3 2.53125 0
3 2.578125 0
3 2.625 0
3 2.671875 0
3 2.71875 0
3 2.765625 0
3 2.8125 0
3 2.859375 0
3 2.90625 0
3 2.953125 0
3 3 0
3.00390625 -0.0234375 0
3.00390625 -0.012 0
3.00390625 3.012 0
3.00390625 3.0234375 0
3.012 -0.012 0
3.012 -0.00390625 0
3.012 0.015625 0
3.012 0.03515625 0
3.012 0.046875 0
3.012 0.09375 0
3.012 0.140625 0
3.012 0.1875 0
3.012 0.234375 0
3.012 0.28125 0
3.012 0.328125 0
3.012 0.375 0
3.012 0.421875 0
3.012 0.46875 0
3.012 0.515625 0
3.012 0.5625 0
3.012 0.609375 0
3.012 0.65625 0
3.012 0.703125 0
3.012 0.75 0
3.012 0.796875 0
3.012 0.84375 0
3.012 0.890625 0
3.012 0.9375 0
3.012 0.984375 0
3.012 1.03125 0
3.012 1.078125 0
3.012 1.125 0
3.012 1.171875 0
3.012 1.21875 0
3.012 1.265625 0
3.012 1.3125 0
3.012 1.359375 0
3.012 1.40625 0
3.012 1.453125 0
3.012 1.5 0
3.012 1.546875 0
3.012 1.59375 0
3.012 1.640625 0
3.012 1.6875 0
3.012 1.734375 0
3.012 1.78125 0
3.012 1.828125 0
3.012 1.875 0
3.012 1.921875 0
3.012 1.96875 0
3.012 2.015625 0
3.012 2.0625 0
3.012 2.109375 0
3.012 2.15625 0
3.012 2.203125 0
3.012 2.25 0
3.012 2.296875 0
3.012 2.34375 0
3.012 2.390625 0
3.012 2.4375 0
3.012 2.484375 0
3.012 2.53125 0
3.012 2.578125 0
3.012 2.625 0
3.012 2.671875 0
3.012 2.71875 0
3.012 2.765625 0
3.012 2.8125 0
3.012 2.859375 0
3.012 2.90625 0
3.012 2.953125 0
3.012 2.96484375 0
3.012 2.984375 0
3.012 3.00390625 0
3.012 3.012 0
3.0234375 -0.0625 0
3.0234375 -0.0234375 0
3.0234375 -0.00390625 0
3.0234375 0.015625 0
3.0234375 0.03515625 0
3.0234375 0.046875 0
3.0234375 2.953125 0
3.0234375 2.96484375 0
3.0234375 2.984375 0
3.0234375 3.00390625 0
3.0234375 3.0234375 0
3.0234375 3.0625 0
3.0257999999999998 0.046875 0
3.0257999999999998 0.0546875 0
3.0257999999999998 0.07421875 0
3.0257999999999998 0.09375 0
3.0257999999999998 0.140625 0
3.0257999999999998 0.1875 0
3.0257999999999998 0.234375 0
3.0257999999999998 0.28125 0
3.0257999999999998 0.328125 0
3.0257999999999998 0.375 0
3.0257999999999998 0.421875 0
3.0257999999999998 0.46875 0
3.0257999999999998 0.515625 0
3.0257999999999998 0.5625 0
3.0257999999999998 0.609375 0
3.0257999999999998 0.65625 0
3.0257999999999998 0.703125 0
3.0257999999999998 0.75 0
3.0257999999999998 0.796875 0
3.0257999999999998 0.84375 0
3.0257999999999998 0.890625 0
3.0257999999999998 0.9375 0
3.0257999999999998 0.984375 0
3.0257999999999998 1.03125 0
3.0257999999999998 1.078125 0
3.0257999999999998 1.125 0
3.0257999999999998 1.171875 0
3.0257999999999998 1.21875 0
3.0257999999999998 1.265625 0
3.0257999999999998 1.3125 0
3.0257999999999998 1.359375 0
3.0257999999999998 1.40625 0
3.0257999999999998 1.453125 0
3.0257999999999998 1.5 0
3.0257999999999998 1.546875 0
3.0257999999999998 1.59375 0
3.0257999999999998 1.640625 0
3.0257999999999998 1.6875 0
3.0257999999999998 1.734375 0
3.0257999999999998 1.78125 0
3.0257999999999998 1.828125 0
3.0257999999999998 1.875 0
3.0257999999999998 1.921875 0
3.0257999999999998 1.96875 0
3.0257999999999998 2.015625 0
3.0257999999999998 2.0625 0
3.0257999999999998 2.109375 0
3.0257999999999998 2.15625 0
3.0257999999999998 2.203125 0
3.0257999999999998 2.25 0
3.0257999999999998 2.296875 0
3.0257999999999998 2.34375 0
3.0257999999999998 2.390625 0
3.0257999999999998 2.4375 0
3.0257999999999998 2.484375 0
3.0257999999999998 2.53125 0
3.0257999999999998 2.578125 0
3.0257999999999998 2.625 0
3.0257999999999998 2.671875 0
3.0257999999999998 2.71875 0
3.0257999999999998 2.765625 0
3.0257999999999998 2.8125 0
3.0257999999999998 2.859375 0
3.0257999999999998 2.90625 0
3.0257999999999998 2.92578125 0
3.0257999999999998 2.9453125 0
3.0257999999999998 2.953125 0
3.0416699999999999 0.09375 0
3.0416699999999999 0.11328125 0
3.0416699999999999 0.1328125 0
3.0416699999999999 0.140625 0
3.0416699999999999 0.1875 0
3.0416699999999999 0.234375 0
3.0416699999999999 0.28125 0
3.0416699999999999 0.328125 0
3.0416699999999999 0.375 0
3.0416699999999999 0.421875 0
3.0416699999999999 0.46875 0
3.0416699999999999 0.515625 0
3.0416699999999999 0.5625 0
3.0416699999999999 0.609375 0
3.0416699999999999 0.65625 0
3.0416699999999999 0.703125 0
3.0416699999999999 0.75 0
3.0416699999999999 0.796875 0
3.0416699999999999 0.84375 0
3.0416699999999999 0.890625 0
3.0416699999999999 0.9375 0
3.0416699999999999 0.984375 0
3.0416699999999999 1.03125 0
3.0416699999999999 1.078125 0
3.0416699999999999 1.125 0
3.0416699999999999 1.171875 0
3.0416699999999999 1.21875 0
3.0416699999999999 1.265625 0
3.0416699999999999 1.3125 0
3.0416699999999999 1.359375 0
3.0416699999999999 1.40625 0
3.0416699999999999 1.453125 0
3.0416699999999999 1.5 0
3.0416699999999999 1.546875 0
3.0416699999999999 1.59375 0
3.0416699999999999 1.640625 0
3.0416699999999999 1.6875 0
3.0416699999999999 1.734375 0
3.0416699999999999 1.78125 0
3.0416699999999999 1.828125 0
3.0416699999999999 1.875 0
3.0416699999999999 1.921875 0
3.0416699999999999 1.96875 0
3.0416699999999999 2.015625 0
3.0416699999999999 2.0625 0
3.0416699999999999 2.109375 0
3.0416699999999999 2.15625 0
3.0416699999999999 2.203125 0
3.0416699999999999 2.25 0
3.0416699999999999 2.296875 0
3.0416699999999999 2.34375 0
3.0416699999999999 2.390625 0
3.0416699999999999 2.4375 0
3.0416699999999999 2.484375 0
3.0416699999999999 2.53125 0
3.0416699999999999 2.578125 0
3.0416699999999999 2.625 0
3.0416699999999999 2.671875 0
3.0416699999999999 2.71875 0
3.0416699999999999 2.765625 0
3.0416699999999999 2.8125 0
3.0416699999999999 2.859375 0
3.0416699999999999 2.8671875 0
3.0416699999999999 2.88671875 0
3.0416699999999999 2.90625 0
3.04296875 0.015625 0
3.04296875 0.03515625 0
3.04296875 0.0546875 0
3.04296875 0.07421875 0
3.04296875 0.09375 0
3.04296875 2.90625 0
3.04296875 2.92578125 0
3.04296875 2.9453125 0
3.04296875 2.96484375 0
3.04296875 2.984375 0
3.0599205 0.140625 0
3.0599205 0.15234375 0
3.0599205 0.171875 0
3.0599205 0.1875 0
3.0599205 0.234375 0
3.0599205 0.28125 0
3.0599205 0.328125 0
3.0599205 0.375 0
3.0599205 0.421875 0
3.0599205 0.46875 0
3.0599205 0.515625 0
3.0599205 0.5625 0
3.0599205 0.609375 0
3.0599205 0.65625 0
3.0599205 0.703125 0
3.0599205 0.75 0
3.0599205 0.796875 0
3.0599205 0.84375 0
3.0599205 0.890625 0
3.0599205 0.9375 0
3.0599205 0.984375 0
3.0599205 1.03125 0
3.0599205 1.078125 0
3.0599205 1.125 0
3.0599205 1.171875 0
3.0599205 1.21875 0
3.0599205 1.265625 0
3.0599205 1.3125 0
3.0599205 1.359375 0
3.0599205 1.40625 0
3.0599205 1.453125 0
3.0599205 1.5 0
3.0599205 1.546875 0
3.0599205 1.59375 0
3.0599205 1.640625 0
3.0599205 1.6875 0
3.0599205 1.734375 0
3.0599205 1.78125 0
3.0599205 1.828125 0
3.0599205 1.875 0
3.0599205 1.921875 0
3.0599205 1.96875 0
3.0599205 2.015625 0
3.0599205 2.0625 0
3.0599205 2.109375 0
3.0599205 2.15625 0
3.0599205 2.203125 0
3.0599205 2.25 0
3.0599205 2.296875 0
3.0599205 2.34375 0
3.0599205 2.390625 0
3.0599205 2.4375 0
3.0599205 2.484375 0
3.0599205 2.53125 0
3.0599205 2.578125 0
3.0599205 2.625 0
3.0599205 2.671875 0
3.0599205 2.71875 0
3.0599205 2.765625 0
3.0599205 2.8125 0
3.0599205 2.828125 0
3.0599205 2.84765625 0
3.0599205 2.859375 0
3.0625 -1 0
3.0625 -0.6875 0
3.0625 -0.53125 0
3.0625 -0.375 0
3.0625 -0.21875 0
3.0625 -0.140625 0
3.0625 -0.0625 0
3.0625 -0.0234375 0
3.0625 0.015625 0
3.0625 0.03515625 0
3.0625 0.0546875 0
3.0625 0.07421875 0
3.0625 0.09375 0
3.0625 0.11328125 0
3.0625 0.1328125 0
3.0625 0.15234375 0
3.0625 0.171875 0
3.0625 0.1875 0
3.0625 2.8125 0
3.0625 2.828125 0
3.0625 2.84765625 0
3.0625 2.8671875 0
3.0625 2.88671875 0
3.0625 2.90625 0
3.0625 2.92578125 0
3.0625 2.9453125 0
3.0625 2.96484375 0
3.0625 2.984375 0
3.0625 3.0234375 0
3.0625 3.0625 0
3.0625 3.140625 0
3.0625 3.21875 0
3.0625 3.375 0
3.0625 3.53125 0
3.0625 3.6875 0
3.0625 4 0
3.0781710000000002 0.1875 0
3.0781710000000002 0.19140625 0
3.0781710000000002 0.2109375 0
3.0781710000000002 0.23046875 0
3.0781710000000002 0.234375 0
3.0781710000000002 0.28125 0
3.0781710000000002 0.328125 0
3.0781710000000002 0.375 0
3.0781710000000002 0.421875 0
3.0781710000000002 0.46875 0
3.0781710000000002 0.515625 0
3.0781710000000002 0.5625 0
3.0781710000000002 0.609375 0
3.0781710000000002 0.65625 0
3.0781710000000002 0.703125 0
3.0781710000000002 0.75 0
3.0781710000000002 0.796875 0
3.0781710000000002 0.84375 0
3.0781710000000002 0.890625 0
3.0781710000000002 0.9375 0
3.0781710000000002 0.984375 0
3.0781710000000002 1.03125 0
3.0781710000000002 1.078125 0
3.0781710000000002 1.125 0
3.0781710000000002 1.171875 0
3.0781710000000002 1.21875 0
3.0781710000000002 1.265625 0
3.0781710000000002 1.3125 0
3.0781710000000002 1.359375 0
3.0781710000000002 1.40625 0
3.0781710000000002 1.453125 0
3.0781710000000002 1.5 0
3.0781710000000002 1.546875 0
3.0781710000000002 1.59375 0
3.0781710000000002 1.640625 0
3.0781710000000002 1.6875 0
3.0781710000000002 1.734375 0
3.0781710000000002 1.78125 0
3.0781710000000002 1.828125 0
3.0781710000000002 1.875 0
3.0781710000000002 1.921875 0
3.0781710000000002 1.96875 0
3.0781710000000002 2.015625 0
3.0781710000000002 2.0625 0
3.0781710000000002 2.109375 0
3.0781710000000002 2.15625 0
3.0781710000000002 2.203125 0
3.0781710000000002 2.25 0
3.0781710000000002 2.296875 0
3.0781710000000002 2.34375 0
3.0781710000000002 2.390625 0
3.0781710000000002 2.4375 0
3.0781710000000002 2.484375 0
3.0781710000000002 2.53125 0
3.0781710000000002 2.578125 0
3.0781710000000002 2.625 0
3.0781710000000002 2.671875 0
3.0781710000000002 2.71875 0
3.0781710000000002 2.765625 0
3.0781710000000002 2.76953125 0
3.0781710000000002 2.7890625 0
3.0781710000000002 2.80859375 0
3.0781710000000002 2.8125 0
3.08203125 0.171875 0
3.08203125 0.19140625 0
3.08203125 0.2109375 0
3.08203125 0.23046875 0
3.08203125 2.76953125 0
3.08203125 2.7890625 0
3.08203125 2.80859375 0
3.08203125 2.828125 0
3.1015625 0.015625 0
3.1015625 0.0546875 0
3.1015625 0.09375 0
3.1015625 0.1328125 0
3.1015625 0.171875 0
3.1015625 0.19140625 0
3.1015625 0.2109375 0
3.1015625 0.23046875 0
3.1015625 0.234375 0
3.1015625 2.765625 0
3.1015625 2.76953125 0
3.1015625 2.7890625 0
3.1015625 2.80859375 0
3.1015625 2.828125 0
3.1015625 2.8671875 0
3.1015625 2.90625 0
3.1015625 2.9453125 0
3.1015625 2.984375 0
3.1046342249999999 0.234375 0
3.1046342249999999 0.25 0
3.1046342249999999 0.26953125 0
3.1046342249999999 0.28125 0
3.1046342249999999 0.328125 0
3.1046342249999999 0.375 0
3.1046342249999999 0.421875 0
3.1046342249999999 0.46875 0
3.1046342249999999 0.515625 0
3.1046342249999999 0.5625 0
3.1046342249999999 0.609375 0
3.1046342249999999 0.65625 0
3.1046342249999999 0.703125 0
3.1046342249999999 0.75 0
3.1046342249999999 0.796875 0
3.1046342249999999 0.84375 0
3.1046342249999999 0.890625 0
3.1046342249999999 0.9375 0
3.1046342249999999 0.984375 0
3.1046342249999999 1.03125 0
3.1046342249999999 1.078125 0
3.1046342249999999 1.125 0
3.1046342249999999 1.171875 0
3.1046342249999999 1.21875 0
3.1046342249999999 1.265625 0
3.1046342249999999 1.3125 0
3.1046342249999999 1.359375 0
3.1046342249999999 1.40625 0
3.1046342249999999 1.453125 0
3.1046342249999999 1.5 0
3.1046342249999999 1.546875 0
3.1046342249999999 1.59375 0
3.1046342249999999 1.640625 0
3.1046342249999999 1.6875 0
3.1046342249999999 1.734375 0
3.1046342249999999 1.78125 0
3.1046342249999999 1.828125 0
3.1046342249999999 1.875 0
3.1046342249999999 1.921875 0
3.1046342249999999 1.96875 0
3.1046342249999999 2.015625 0
3.1046342249999999 2.0625 0
3.1046342249999999 2.109375 0
3.1046342249999999 2.15625 0
3.1046342249999999 2.203125 0
3.1046342249999999 2.25 0
3.1046342249999999 2.296875 0
3.1046342249999999 2.34375 0
3.1046342249999999 2.390625 0
3.1046342249999999 2.4375 0
3.1046342249999999 2.484375 0
3.1046342249999999 2.53125 0
3.1046342249999999 2.578125 0
3.1046342249999999 2.625 0
3.1046342249999999 2.671875 0
3.1046342249999999 2.71875 0
3.1046342249999999 2.73046875 0
3.1046342249999999 2.75 0
3.1046342249999999 2.765625 0
3.12109375 0.2109375 0
3.12109375 0.23046875 0
3.12109375 0.25 0
3.12109375 0.26953125 0
3.12109375 0.28125 0
3.12109375 2.71875 0
3.12109375 2.73046875 0
3.12109375 2.75 0
3.12109375 2.76953125 0
3.12109375 2.7890625 0
3.140625 -0.0625 0
3.140625 0.015625 0
3.140625 0.0546875 0
3.140625 0.09375 0
3.140625 0.1328125 0
3.140625 0.171875 0
3.140625 0.2109375 0
3.140625 0.23046875 0
3.140625 0.25 0
3.140625 0.26953125 0
3.140625 0.28125 0
3.140625 2.71875 0
3.140625 2.73046875 0
3.140625 2.75 0
3.140625 2.76953125 0
3.140625 2.7890625 0
3.140625 2.828125 0
3.140625 2.8671875 0
3.140625 2.90625 0
3.140625 2.9453125 0
3.140625 2.984375 0
3.140625 3.0625 0
3.14300590125 0.28125 0
3.14300590125 0.2890625 0
3.14300590125 0.30859375 0
3.14300590125 0.328125 0
3.14300590125 0.34765625 0
3.14300590125 0.3671875 0
3.14300590125 0.375 0
3.14300590125 0.38671875 0
3.14300590125 0.40625 0
3.14300590125 0.421875 0
3.14300590125 0.42578125 0
3.14300590125 0.4453125 0
3.14300590125 0.46484375 0
3.14300590125 0.46875 0
3.14300590125 0.484375 0
3.14300590125 0.50390625 0
3.14300590125 0.515625 0
3.14300590125 0.5234375 0
3.14300590125 0.54296875 0
3.14300590125 0.5625 0
3.14300590125 0.58203125 0
3.14300590125 0.6015625 0
3.14300590125 0.609375 0
3.14300590125 0.62109375 0
3.14300590125 0.640625 0
3.14300590125 0.65625 0
3.14300590125 0.66015625 0
3.14300590125 0.6796875 0
3.14300590125 0.69921875 0
3.14300590125 0.703125 0
3.14300590125 0.71875 0
3.14300590125 0.73828125 0
3.14300590125 0.75 0
3.14300590125 0.7578125 0
3.14300590125 0.77734375 0
3.14300590125 0.796875 0
3.14300590125 0.81640625 0
3.14300590125 0.8359375 0
3.14300590125 0.84375 0
3.14300590125 0.85546875 0
3.14300590125 0.875 0
3.14300590125 0.890625 0
3.14300590125 0.89453125 0
3.14300590125 0.9140625 0
3.14300590125 0.93359375 0
3.14300590125 0.9375 0
3.14300590125 0.953125 0
3.14300590125 0.97265625 0
3.14300590125 0.984375 0
3.14300590125 0.9921875 0
3.14300590125 1.01171875 0
3.14300590125 1.03125 0
3.14300590125 1.05078125 0
3.14300590125 1.0703125 0
3.14300590125 1.078125 0
3.14300590125 1.08984375 0
3.14300590125 1.109375 0
3.14300590125 1.125 0
3.14300590125 1.12890625 0
3.14300590125 1.1484375 0
3.14300590125 1.16796875 0
3.14300590125 1.171875 0
3.14300590125 1.1875 0
3.14300590125 1.20703125 0
3.14300590125 1.21875 0
3.14300590125 1.2265625 0
3.14300590125 1.24609375 0
3.14300590125 1.265625 0
3.14300590125 1.28515625 0
3.14300590125 1.3046875 0
3.14300590125 1.3125 0
3.14300590125 1.32421875 0
3.14300590125 1.34375 0
3.14300590125 1.359375 0
3.14300590125 1.36328125 0
3.14300590125 1.3828125 0
3.14300590125 1.40234375 0
3.14300590125 1.40625 0
3.14300590125 1.421875 0
3.14300590125 1.44140625 0
3.14300590125 1.453125 0
3.14300590125 1.4609375 0
3.14300590125 1.48046875 0
3.14300590125 1.5 0
3.14300590125 1.51953125 0
3.14300590125 1.5390625 0
3.14300590125 1.546875 0
3.14300590125 1.55859375 0
3.14300590125 1.578125 0
3.14300590125 1.59375 0
3.14300590125 1.59765625 0
3.14300590125 1.6171875 0
3.14300590125 1.63671875 0
3.14300590125 1.640625 0
3.14300590125 1.65625 0
3.14300590125 1.67578125 0
3.14300590125 1.6875 0
3.14300590125 1.6953125 0
3.14300590125 1.71484375 0
3.14300590125 1.734375 0
3.14300590125 1.75390625 0
3.14300590125 1.7734375 0
3.14300590125 1.78125 0
3.14300590125 1.79296875 0
3.14300590125 1.8125 0
3.14300590125 1.828125 0
3.14300590125 1.83203125 0
3.14300590125 1.8515625 0
3.14300590125 1.87109375 0
3.14300590125 1.875 0
3.14300590125 1.890625 0
3.14300590125 1.91015625 0
3.14300590125 1.921875 0
3.14300590125 1.9296875 0
3.14300590125 1.94921875 0
3.14300590125 1.96875 0
3.14300590125 1.98828125 0
3.14300590125 2.0078125 0
3.14300590125 2.015625 0
3.14300590125 2.02734375 0
3.14300590125 2.046875 0
3.14300590125 2.0625 0
3.14300590125 2.06640625 0
3.14300590125 2.0859375 0
3.14300590125 2.10546875 0
3.14300590125 2.109375 0
3.14300590125 2.125 0
3.14300590125 2.14453125 0
3.14300590125 2.15625 0
3.14300590125 2.1640625 0
3.14300590125 2.18359375 0
3.14300590125 2.203125 0
3.14300590125 2.22265625 0
3.14300590125 2.2421875 0
3.14300590125 2.25 0
3.14300590125 2.26171875 0
3.14300590125 2.28125 0
3.14300590125 2.296875 0
3.14300590125 2.30078125 0
3.14300590125 2.3203125 0
3.14300590125 2.33984375 0
3.14300590125 2.34375 0
3.14300590125 2.359375 0
3.14300590125 2.37890625 0
3.14300590125 2.390625 0
3.14300590125 2.3984375 0
3.14300590125 2.41796875 0
3.14300590125 2.4375 0
3.14300590125 2.45703125 0
3.14300590125 2.4765625 0
3.14300590125 2.484375 0
3.14300590125 2.49609375 0
3.14300590125 2.515625 0
3.14300590125 2.53125 0
3.14300590125 2.53515625 0
3.14300590125 2.5546875 0
3.14300590125 2.57421875 0
3.14300590125 2.578125 0
3.14300590125 2.59375 0
3.14300590125 2.61328125 0
3.14300590125 2.625 0
3.14300590125 2.6328125 0
3.14300590125 2.65234375 0
3.14300590125 2.671875 0
3.14300590125 2.69140625 0
3.14300590125 2.7109375 0
3.14300590125 2.71875 0
3.16015625 0.25 0
3.16015625 0.26953125 0
3.16015625 0.2890625 0
3.16015625 0.30859375 0
3.16015625 0.328125 0
3.16015625 0.34765625 0
3.16015625 0.3671875 0
3.16015625 0.38671875 0
3.16015625 0.40625 0
3.16015625 0.42578125 0
3.16015625 0.4453125 0
3.16015625 0.46484375 0
3.16015625 0.484375 0
3.16015625 0.50390625 0
3.16015625 0.5234375 0
3.16015625 0.54296875 0
3.16015625 0.5625 0
3.16015625 0.58203125 0
3.16015625 0.6015625 0
3.16015625 0.62109375 0
3.16015625 0.640625 0
3.16015625 0.66015625 0
3.16015625 0.6796875 0
3.16015625 0.69921875 0
3.16015625 0.71875 0
3.16015625 0.73828125 0
3.16015625 0.7578125 0
3.16015625 0.77734375 0
3.16015625 0.796875 0
3.16015625 0.81640625 0
3.16015625 0.8359375 0
3.16015625 0.85546875 0
3.16015625 0.875 0
3.16015625 0.89453125 0
3.16015625 0.9140625 0
3.16015625 0.93359375 0
3.16015625 0.953125 0
3.16015625 0.97265625 0
3.16015625 0.9921875 0
3.16015625 1.01171875 0
3.16015625 1.03125 0
3.16015625 1.05078125 0
3.16015625 1.0703125 0
3.16015625 1.08984375 0
3.16015625 1.109375 0
3.16015625 1.12890625 0
3.16015625 1.1484375 0
3.16015625 1.16796875 0
3.16015625 1.1875 0
3.16015625 1.20703125 0
3.16015625 1.2265625 0
3.16015625 1.24609375 0
3.16015625 1.265625 0
3.16015625 1.28515625 0
3.16015625 1.3046875 0
3.16015625 1.32421875 0
3.16015625 1.34375 0
3.16015625 1.36328125 0
3.16015625 1.3828125 0
3.16015625 1.40234375 0
3.16015625 1.421875 0
3.16015625 1.44140625 0
3.16015625 1.4609375 0
3.16015625 1.48046875 0
3.16015625 1.5 0
3.16015625 1.51953125 0
3.16015625 1.5390625 0
3.16015625 1.55859375 0
3.16015625 1.578125 0
3.16015625 1.59765625 0
3.16015625 1.6171875 0
3.16015625 1.63671875 0
3.16015625 1.65625 0
3.16015625 1.67578125 0
3.16015625 1.6953125 0
3.16015625 1.71484375 0
3.16015625 1.734375 0
3.16015625 1.75390625 0
3.16015625 1.7734375 0
3.16015625 1.79296875 0
3.16015625 1.8125 0
3.16015625 1.83203125 0
3.16015625 1.8515625 0
3.16015625 1.87109375 0
3.16015625 1.890625 0
3.16015625 1.91015625 0
3.16015625 1.9296875 0
3.16015625 1.94921875 0
3.16015625 1.96875 0
3.16015625 1.98828125 0
3.16015625 2.0078125 0
3.16015625 2.02734375 0
3.16015625 2.046875 0
3.16015625 2.06640625 0
3.16015625 2.0859375 0
3.16015625 2.10546875 0
3.16015625 2.125 0
3.16015625 2.14453125 0
3.16015625 2.1640625 0
3.16015625 2.18359375 0
3.16015625 2.203125 0
3.16015625 2.22265625 0
3.16015625 2.2421875 0
3.16015625 2.26171875 0
3.16015625 2.28125 0
3.16015625 2.30078125 0
3.16015625 2.3203125 0
3.16015625 2.33984375 0
3.16015625 2.359375 0
3.16015625 2.37890625 0
3.16015625 2.3984375 0
3.16015625 2.41796875 0
3.16015625 2.4375 0
3.16015625 2.45703125 0
3.16015625 2.4765625 0
3.16015625 2.49609375 0
3.16015625 2.515625 0
3.16015625 2.53515625 0
3.16015625 2.5546875 0
3.16015625 2.57421875 0
3.16015625 2.59375 0
3.16015625 2.61328125 0
3.16015625 2.6328125 0
3.16015625 2.65234375 0
3.16015625 2.671875 0
3.16015625 2.69140625 0
3.16015625 2.7109375 0
3.16015625 2.73046875 0
3.16015625 2.75 0
3.1796875 0.171875 0
3.1796875 0.2109375 0
3.1796875 0.25 0
3.1796875 0.26953125 0
3.1796875 0.2890625 0
3.1796875 0.30859375 0
3.1796875 0.328125 0
3.1796875 0.34765625 0
3.1796875 0.3671875 0
3.1796875 0.38671875 0
3.1796875 0.40625 0
3.1796875 0.42578125 0
3.1796875 0.4453125 0
3.1796875 0.46484375 0
3.1796875 0.484375 0
3.1796875 0.50390625 0
3.1796875 0.5234375 0
3.1796875 0.54296875 0
3.1796875 0.5625 0
3.1796875 0.58203125 0
3.1796875 0.6015625 0
3.1796875 0.62109375 0
3.1796875 0.640625 0
3.1796875 0.66015625 0
3.1796875 0.6796875 0
3.1796875 0.69921875 0
3.1796875 0.71875 0
3.1796875 0.73828125 0
3.1796875 0.7578125 0
3.1796875 0.77734375 0
3.1796875 0.796875 0
3.1796875 0.81640625 0
3.1796875 0.8359375 0
3.1796875 0.85546875 0
3.1796875 0.875 0
3.1796875 0.89453125 0
3.1796875 0.9140625 0
3.1796875 0.93359375 0
3.1796875 0.953125 0
3.1796875 0.97265625 0
3.1796875 0.9921875 0
3.1796875 1.01171875 0
3.1796875 1.03125 0
3.1796875 1.05078125 0
3.1796875 1.0703125 0
3.1796875 1.08984375 0
3.1796875 1.109375 0
3.1796875 1.12890625 0
3.1796875 1.1484375 0
3.1796875 1.16796875 0
3.1796875 1.1875 0
3.1796875 1.20703125 0
3.1796875 1.2265625 0
3.1796875 1.24609375 0
3.1796875 1.265625 0
3.1796875 1.28515625 0
3.1796875 1.3046875 0
3.1796875 1.32421875 0
3.1796875 1.34375 0
3.1796875 1.36328125 0
3.1796875 1.3828125 0
3.1796875 1.40234375 0
3.1796875 1.421875 0
3.1796875 1.44140625 0
3.1796875 1.4609375 0
3.1796875 1.48046875 0
3.1796875 1.5 0
3.1796875 1.51953125 0
3.1796875 1.5390625 0
3.1796875 1.55859375 0
3.1796875 1.578125 0
3.1796875 1.59765625 0
3.1796875 1.6171875 0
3.1796875 1.63671875 0
3.1796875 1.65625 0
3.1796875 1.67578125 0
3.1796875 1.6953125 0
3.1796875 1.71484375 0
3.1796875 1.734375 0
3.1796875 1.75390625 0
3.1796875 1.7734375 0
3.1796875 1.79296875 0
3.1796875 1.8125 0
3.1796875 1.83203125 0
3.1796875 1.8515625 0
3.1796875 1.87109375 0
3.1796875 1.890625 0
3.1796875 1.91015625 0
3.1796875 1.9296875 0
3.1796875 1.94921875 0
3.1796875 1.96875 0
3.1796875 1.98828125 0
3.1796875 2.0078125 0
3.1796875 2.02734375 0
3.1796875 2.046875 0
3.1796875 2.06640625 0
3.1796875 2.0859375 0
3.1796875 2.10546875 0
3.1796875 2.125 0
3.1796875 2.14453125 0
3.1796875 2.1640625 0
3.1796875 2.18359375 0
3.1796875 2.203125 0
3.1796875 2.22265625 0
3.1796875 2.2421875 0
3.1796875 2.26171875 0
3.1796875 2.28125 0
3.1796875 2.30078125 0
3.1796875 2.3203125 0
3.1796875 2.33984375 0
3.1796875 2.359375 0
3.1796875 2.37890625 0
3.1796875 2.3984375 0
3.1796875 2.41796875 0
3.1796875 2.4375 0
3.1796875 2.45703125 0
3.1796875 2.4765625 0
3.1796875 2.49609375 0
3.1796875 2.515625 0
3.1796875 2.53515625 0
3.1796875 2.5546875 0
3.1796875 2.57421875 0
3.1796875 2.59375 0
3.1796875 2.61328125 0
3.1796875 2.6328125 0
3.1796875 2.65234375 0
3.1796875 2.671875 0
3.1796875 2.69140625 0
3.1796875 2.7109375 0
3.1796875 2.73046875 0
3.1796875 2.75 0
3.1796875 2.7890625 0
3.1796875 2.828125 0
3.21875 -0.375 0
3.21875 -0.21875 0
3.21875 -0.0625 0
3.21875 0.015625 0
3.21875 0.09375 0
3.21875 0.171875 0
3.21875 0.2109375 0
3.21875 0.25 0
3.21875 0.2890625 0
3.21875 0.328125 0
3.21875 0.3671875 0
3.21875 0.40625 0
3.21875 0.4453125 0
3.21875 0.484375 0
3.21875 0.5234375 0
3.21875 0.5625 0
3.21875 0.6015625 0
3.21875 0.640625 0
3.21875 0.6796875 0
3.21875 0.71875 0
3.21875 0.7578125 0
3.21875 0.796875 0
3.21875 0.8359375 0
3.21875 0.875 0
3.21875 0.9140625 0
3.21875 0.953125 0
3.21875 0.9921875 0
3.21875 1.03125 0
3.21875 1.0703125 0
3.21875 1.109375 0
3.21875 1.1484375 0
3.21875 1.1875 0
3.21875 1.2265625 0
3.21875 1.265625 0
3.21875 1.3046875 0
3.21875 1.34375 0
3.21875 1.3828125 0
3.21875 1.421875 0
3.21875 1.4609375 0
3.21875 1.5 0
3.21875 1.5390625 0
3.21875 1.578125 0
3.21875 1.6171875 0
3.21875 1.65625 0
3.21875 1.6953125 0
3.21875 1.734375 0
3.21875 1.7734375 0
3.21875 1.8125 0
3.21875 1.8515625 0
3.21875 1.890625 0
3.21875 1.9296875 0
3.21875 1.96875 0
3.21875 2.0078125 0
3.21875 2.046875 0
3.21875 2.0859375 0
3.21875 2.125 0
3.21875 2.1640625 0
3.21875 2.203125 0
3.21875 2.2421875 0
3.21875 2.28125 0
3.21875 2.3203125 0
3.21875 2.359375 0
3.21875 2.3984375 0
3.21875 2.4375 0
3.21875 2.4765625 0
3.21875 2.515625 0
3.21875 2.5546875 0
3.21875 2.59375 0
3.21875 2.6328125 0
3.21875 2.671875 0
3.21875 2.7109375 0
3.21875 2.75 0
3.21875 2.7890625 0
3.21875 2.828125 0
3.21875 2.90625 0
3.21875 2.984375 0
3.21875 3.0625 0
3.21875 3.21875 0
3.21875 3.375 0
3.296875 0.09375 0
3.296875 0.171875 0
3.296875 0.25 0
3.296875 0.328125 0
3.296875 0.40625 0
3.296875 0.484375 0
3.296875 0.5625 0
3.296875 0.640625 0
3.296875 0.71875 0
3.296875 0.796875 0
3.296875 0.875 0
3.296875 0.953125 0
3.296875 1.03125 0
3.296875 1.109375 0
3.296875 1.1875 0
3.296875 1.265625 0
3.296875 1.34375 0
3.296875 1.421875 0
3.296875 1.5 0
3.296875 1.578125 0
3.296875 1.65625 0
3.296875 1.734375 0
3.296875 1.8125 0
3.296875 1.890625 0
3.296875 1.96875 0
3.296875 2.046875 0
3.296875 2.125 0
3.296875 2.203125 0
3.296875 2.28125 0
3.296875 2.359375 0
3.296875 2.4375 0
3.296875 2.515625 0
3.296875 2.59375 0
3.296875 2.671875 0
3.296875 2.75 0
3.296875 2.828125 0
3.296875 2.90625 0
3.375 -1 0
3.375 -0.6875 0
3.375 -0.375 0
3.375 -0.21875 0
3.375 -0.0625 0
3.375 0.09375 0
3.375 0.171875 0
3.375 0.25 0
3.375 0.328125 0
3.375 0.40625 0
3.375 0.484375 0
3.375 0.5625 0
3.375 0.640625 0
3.375 0.71875 0
3.375 0.796875 0
3.375 0.875 0
3.375 0.953125 0
3.375 1.03125 0
3.375 1.109375 0
3.375 1.1875 0
3.375 1.265625 0
3.375 1.34375 0
3.375 1.421875 0
3.375 1.5 0
3.375 1.578125 0
3.375 1.65625 0
3.375 1.734375 0
3.375 1.8125 0
3.375 1.890625 0
3.375 1.96875 0
3.375 2.046875 0
3.375 2.125 0
3.375 2.203125 0
3.375 2.28125 0
3.375 2.359375 0
3.375 2.4375 0
3.375 2.515625 0
3.375 2.59375 0
3.375 2.671875 0
3.375 2.75 0
3.375 2.828125 0
3.375 2.90625 0
3.375 3.0625 0
3.375 3.21875 0
3.375 3.375 0
3.375 3.6875 0
3.375 4 0
3.53125 -0.0625 0
3.53125 0.09375 0
3.53125 0.25 0
3.53125 0.40625 0
3.53125 0.5625 0
3.53125 0.71875 0
3.53125 0.875 0
3.53125 1.03125 0
3.53125 1.1875 0
3.53125 1.34375 0
3.53125 1.5 0
3.53125 1.65625 0
3.53125 1.8125 0
3.53125 1.96875 0
3.53125 2.125 0
3.53125 2.28125 0
3.53125 2.4375 0
3.53125 2.59375 0
3.53125 2.75 0
3.53125 2.90625 0
3.53125 3.0625 0
3.6875 -0.375 0
3.6875 -0.0625 0
3.6875 0.09375 0
3.6875 0.25 0
3.6875 0.40625 0
3.6875 0.5625 0
3.6875 0.71875 0
3.6875 0.875 0
3.6875 1.03125 0
3.6875 1.1875 0
3.6875 1.34375 0
3.6875 1.5 0
3.6875 1.65625 0
3.6875 1.8125 0
3.6875 1.96875 0
3.6875 2.125 0
3.6875 2.28125 0
3.6875 2.4375 0
3.6875 2.59375 0
3.6875 2.75 0
3.6875 2.90625 0
3.6875 3.0625 0
3.6875 3.375 0
4 -1 0
4 -0.375 0
4 -0.0625 0
4 0.25 0
4 0.5625 0
4 0.875 0
4 1.1875 0
4 1.5 0
4 1.8125 0
4 2.125 0
4 2.4375 0
4 2.75 0
4 3.0625 0
4 3.375 0
4 4 0
CELLS 5486 29088
6 0 59 60 61 15 1
4 59 831 832 60
5 831 1419 1420 1273 832
6 60 832 833 834 143 61
4 1 15 16 2
6 15 61 62 63 38 16
5 2 16 17 18 3
5 1419 1688 1689 1557 1420
5 1688 1967 1968 1828 1689
5 1967 2915 2916 2288 1968
6 6447 6538 6539 6515 6449 6448
5 2915 3255 3256 3111 2916
4 832 1273 1274 833
4 1273 1420 1421 1274
4 833 1274 1275 834
5 1274 1421 1422 1344 1275
5 3 18 19 20 4
5 4 20 21 22 5
5 5 22 23 24 6
6 13 37 103 104 105 14
5 6 24 25 26 7
4 16 38 39 17
4 38 63 64 39
4 17 39 40 18
5 39 64 65 66 40
4 61 143 144 62
4 143 834 835 144
4 62 144 145 63
6 144 835 836 837 651 145
6 834 1275 1276 1277 1224 835
6 63 145 146 147 106 64
6 6491 6537 6551 6552 6493 6492
5 3255 3566 3567 3399 3256
5 3566 4559 4560 4231 3567
5 4559 4833 4834 4702 4560
5 4833 5107 5108 4973 4834
4 1420 1557 1558 1421
4 1557 1689 1690 1558
5 1421 1558 1559 1494 1422
5 1558 1690 1691 1632 1559
4 1689 1828 1829 1690
4 1828 1968 1969 1829
5 1690 1829 1830 1764 1691
5 1829 1969 1970 1895 1830
5 5107 5686 5687 5252 5108
4 5686 6447 6448 5687
6 5687 6448 6449 6331 5689 5688
4 1968 2288 2289 1969
4 2288 2916 2917 2289
5 1969 2289 2290 2041 1970
5 2289 2917 2918 2623 2290
6 6449 6515 6516 6494 6451 6450
4 2916 3111 3112 2917
4 6515 6539 6540 6516
4 3111 3256 3257 3112
5 2917 3112 3113 3032 2918
5 6516 6540 6541 6518 6517
5 3112 3257 3258 3203 3113
5 6518 6541 6542 6520 6519
5 6520 6542 6543 6522 6521
5 6522 6543 6544 6524 6523
5 6524 6544 6545 6526 6525
5 7 26 27 28 8
5 8 28 29 30 9
4 18 40 41 19
5 40 66 67 68 41
4 19 41 42 20
5 41 68 69 70 42
5 9 30 31 32 10
5 10 32 33 34 11
4 20 42 43 21
5 42 70 71 72 43
4 21 43 44 22
5 43 72 73 74 44
5 11 34 35 36 12
4 12 36 37 13
6 36 58 101 102 103 37
4 22 44 45 23
5 44 74 75 76 45
4 23 45 46 24
5 45 76 77 78 46
6 103 221 863 864 865 104
4 24 46 47 25
5 46 78 79 80 47
4 104 865 866 105
4 25 47 48 26
5 865 1300 1444 1445 866
5 47 80 81 82 48
5 1444 1579 1718 1719 1445
5 1718 1850 1992 1993 1719
6 1990 2321 2984 2985 1992 1991
5 2984 3153 3295 3296 2985
4 1992 2985 2986 1993
4 2985 3296 3297 2986
4 1275 1344 1345 1276
5 6526 6545 6546 6528 6527
4 1344 1422 1423 1345
4 1276 1345 1346 1277
5 6528 6546 6547 6530 6529
5 1345 1423 1424 1384 1346
4 835 1224 1225 836
5 1224 1277 1278 1253 1225
6 836 1225 1226 1227 1072 837
6 1277 1346 1347 1348 1313 1278
5 6530 6547 6548 6532 6531
5 6532 6548 6549 6534 6533
4 145 651 652 146
6 651 837 838 839 742 652
5 146 652 653 654 147
5 3295 3441 3635 3636 3296
4 64 106 107 65
6 3635 4264 4582 4583 4584 3636
4 106 147 148 107
4 3296 3636 3637 3297
4 65 107 108 66
4 3636 4584 4585 3637
5 107 148 149 150 108
6 147 654 655 656 222 148
5 4584 4724 4863 4864 4585
5 4863 4995 5132 5133 4864
5 6534 6549 6550 6536 6535
6 6489 6514 6536 6537 6491 6490
4 6536 6550 6551 6537
6 5718 6409 6491 6492 5720 5719
5 5132 5279 5720 5721 5133
4 5720 6492 6493 5721
6 3130 3213 3282 3283 3132 3131
4 3256 3399 3400 3257
4 3399 3567 3568 3400
5 3257 3400 3401 3339 3258
5 3400 3568 3569 3483 3401
4 3567 4231 4232 3568
4 4231 4560 4561 4232
5 3568 4232 4233 3903 3569
5 4232 4561 4562 4500 4233
4 4560 4702 4703 4561
4 4702 4834 4835 4703
5 4561 4703 4704 4639 4562
5 4703 4835 4836 4777 4704
4 4834 4973 4974 4835
4 4973 5108 5109 4974
5 4835 4974 4975 4909 4836
5 4974 5109 5110 5040 4975
4 5108 5252 5253 5109
4 5252 5687 5688 5253
5 5109 5253 5254 5192 5110
4 5253 5688 5689 5254
6 5254 5689 5690 5315 5256 5255
4 5689 6331 6332 5690
4 6331 6449 6450 6332
6 5690 6332 6333 5880 5692 5691
4 6332 6450 6451 6333
6 6333 6451 6452 6410 6335 6334
4 6451 6494 6495 6452
4 6494 6516 6517 6495
5 6452 6495 6496 6454 6453
4 6495 6517 6518 6496
4 1422 1494 1495 1423
4 1494 1559 1560 1495
5 1423 1495 1496 1472 1424
5 1495 1560 1561 1527 1496
4 1559 1632 1633 1560
4 1632 1691 1692 1633
5 1560 1633 1634 1602 1561
5 1633 1692 1693 1666 1634
4 1691 1764 1765 1692
4 1764 1830 1831 1765
5 1692 1765 1766 1734 1693
5 1765 1831 1832 1798 1766
4 1830 1895 1896 1831
4 1895 1970 1971 1896
5 1831 1896 1897 1873 1832
5 1896 1971 1972 1932 1897
6 3282 3349 3418 3419 3420 3283
4 1970 2041 2042 1971
4 2041 2290 2291 2042
5 1971 2042 2043 2014 1972
5 2042 2291 2292 2072 2043
4 2290 2623 2624 2291
4 2623 2918 2919 2624
5 2291 2624 2625 2460 2292
5 2624 2919 2920 2798 2625
5 6454 6496 6497 6456 6455
4 2918 3032 3033 2919
4 6496 6518 6519 6497
4 3032 3113 3114 3033
5 6456 6497 6498 6458 6457
5 2919 3033 3034 3012 2920
4 6497 6519 6520 6498
5 3033 3114 3115 3083 3034
4 3113 3203 3204 3114
4 3203 3258 3259 3204
5 3114 3204 3205 3175 3115
5 3204 3259 3260 3235 3205
5 6458 6498 6499 6460 6459
4 6498 6520 6521 6499
5 6460 6499 6500 6462 6461
4 6499 6521 6522 6500
5 6462 6500 6501 6464 6463
4 6500 6522 6523 6501
5 6464 6501 6502 6466 6465
4 6501 6523 6524 6502
5 6466 6502 6503 6468 6467
4 6502 6524 6525 6503
5 6468 6503 6504 6470 6469
4 6503 6525 6526 6504
4 26 48 49 27
5 48 82 83 84 49
4 27 49 50 28
5 49 84 85 86 50
4 28 50 51 29
5 50 86 87 88 51
4 29 51 52 30
5 51 88 89 90 52
4 30 52 53 31
5 52 90 91 92 53
4 31 53 54 32
5 53 92 93 94 54
4 32 54 55 33
5 54 94 95 96 55
4 33 55 56 34
5 55 96 97 98 56
4 66 108 109 67
5 108 150 151 152 109
4 67 109 110 68
5 109 152 153 154 110
4 68 110 111 69
5 110 154 155 156 111
4 69 111 112 70
5 111 156 157 158 112
5 3132 3283 3284 3134 3133
5 3134 3284 3285 3136 3135
5 3136 3285 3286 3138 3137
5 3138 3286 3287 3140 3139
4 70 112 113 71
5 112 158 159 160 113
4 71 113 114 72
5 113 160 161 162 114
4 72 114 115 73
5 114 162 163 164 115
4 73 115 116 74
5 115 164 165 166 116
5 3140 3287 3288 3142 3141
5 3142 3288 3289 3144 3143
5 3144 3289 3290 3146 3145
5 3146 3290 3291 3148 3147
4 34 56 57 35
5 56 98 99 100 57
4 35 57 58 36
4 57 100 101 58
6 100 142 217 218 219 101
4 101 219 220 102
6 219 672 860 861 862 220
4 102 220 221 103
4 220 862 863 221
6 862 1237 1296 1297 1298 863
4 863 1298 1299 864
5 1298 1360 1442 1443 1299
4 864 1299 1300 865
4 1299 1443 1444 1300
4 74 116 117 75
5 116 166 167 168 117
4 75 117 118 76
5 117 168 169 170 118
4 76 118 119 77
5 118 170 171 172 119
4 77 119 120 78
5 119 172 173 174 120
5 3148 3291 3292 3150 3149
6 2979 3069 3150 3151 2981 2980
4 3150 3292 3293 3151
6 1988 2052 2320 2321 1990 1989
5 2320 2649 2983 2984 2321
5 2981 3151 3152 2983 2982
4 3151 3293 3294 3152
4 2983 3152 3153 2984
4 3152 3294 3295 3153
5 1442 1512 1577 1578 1443
4 78 120 121 79
5 1577 1643 1716 1717 1578
5 120 174 175 176 121
4 1443 1578 1579 1444
4 79 121 122 80
4 1578 1717 1718 1579
5 121 176 177 178 122
5 1716 1775 1848 1849 1717
5 1848 1913 1990 1991 1849
4 1717 1849 1850 1718
4 1849 1991 1992 1850
4 80 122 123 81
5 122 178 179 180 123
4 81 123 124 82
5 123 180 181 182 124
5 3283 3420 3421 3422 3284
5 3284 3422 3423 3424 3285
5 3285 3424 3425 3426 3286
5 3286 3426 3427 3428 3287
5 3287 3428 3429 3430 3288
5 3288 3430 3431 3432 3289
5 3289 3432 3433 3434 3290
5 3290 3434 3435 3436 3291
5 6470 6504 6505 6472 6471
4 6504 6526 6527 6505
5 6472 6505 6506 6474 6473
4 6505 6527 6528 6506
5 6474 6506 6507 6476 6475
4 6506 6528 6529 6507
5 6476 6507 6508 6478 6477
4 6507 6529 6530 6508
4 1225 1253 1254 1226
4 1253 1278 1279 1254
5 1226 1254 1255 1242 1227
5 1254 1279 1280 1267 1255
5 6478 6508 6509 6480 6479
4 6508 6530 6531 6509
5 6480 6509 6510 6482 6481
4 6509 6531 6532 6510
4 1346 1384 1385 1347
4 1384 1424 1425 1385
4 1347 1385 1386 1348
6 1385 1425 1426 1427 1403 1386
5 6482 6510 6511 6484 6483
4 1278 1313 1314 1279
4 6510 6532 6533 6511
4 1313 1348 1349 1314
5 6484 6511 6512 6486 6485
5 1279 1314 1315 1301 1280
4 6511 6533 6534 6512
6 1314 1349 1350 1351 1329 1315
6 1348 1386 1387 1388 1378 1349
5 3291 3436 3437 3438 3292
4 3292 3438 3439 3293
6 3438 3520 3630 3631 3632 3439
4 3293 3439 3440 3294
5 3439 3632 3633 3634 3440
4 3294 3440 3441 3295
4 3440 3634 3635 3441
5 3634 3929 4263 4264 3635
6 4263 4511 4580 4581 4582 4264
4 652 742 743 653
5 742 839 840 841 743
4 653 743 744 654
5 743 841 842 843 744
5 4582 4657 4722 4723 4583
5 4722 4788 4861 4862 4723
4 4583 4723 4724 4584
4 4723 4862 4863 4724
5 4861 4920 4993 4994 4862
4 654 744 745 655
5 4993 5058 5130 5131 4994
5 744 843 844 845 745
4 4862 4994 4995 4863
4 655 745 746 656
4 4994 5131 5132 4995
6 745 845 846 847 760 746
4 148 222 223 149
4 222 656 657 223
4 149 223 224 150
6 223 657 658 659 355 224
6 656 746 747 748 673 657
4 837 1072 1073 838
6 1072 1227 1228 1229 1155 1073
6 838 1073 1074 1075 930 839
6 6405 6446 6488 6489 6407 6406
6 5275 5328 5717 5718 5277 5276
6 5715 5901 6407 6408 5717 5716
4 6407 6489 6490 6408
4 5717 6408 6409 5718
4 6408 6490 6491 6409
5 6486 6512 6513 6488 6487
4 6512 6534 6535 6513
4 6488 6513 6514 6489
4 6513 6535 6536 6514
5 5130 5208 5277 5278 5131
4 5277 5718 5719 5278
4 5131 5278 5279 5132
4 5278 5719 5720 5279
6 2935 3018 3047 3048 2937 2936
5 3047 3089 3128 3129 3048
5 2937 3048 3049 2939 2938
4 3048 3129 3130 3049
5 3128 3181 3211 3212 3129
5 3211 3241 3280 3281 3212
4 3129 3212 3213 3130
4 3212 3281 3282 3213
5 2939 3049 3050 2941 2940
4 3049 3130 3131 3050
5 2941 3050 3051 2943 2942
4 3050 3131 3132 3051
4 3258 3339 3340 3259
4 3339 3401 3402 3340
5 3259 3340 3341 3311 3260
5 3340 3402 3403 3371 3341
4 3401 3483 3484 3402
4 3483 3569 3570 3484
5 3402 3484 3485 3463 3403
5 3484 3570 3571 3534 3485
4 3569 3903 3904 3570
4 3903 4233 4234 3904
5 3570 3904 3905 3659 3571
5 3904 4234 4235 4072 3905
4 4233 4500 4501 4234
4 4500 4562 4563 4501
5 4234 4501 4502 4471 4235
5 4501 4563 4564 4530 4502
4 4562 4639 4640 4563
4 4639 4704 4705 4640
5 4563 4640 4641 4611 4564
5 4640 4705 4706 4672 4641
4 4704 4777 4778 4705
4 4777 4836 4837 4778
5 4705 4778 4779 4747 4706
5 4778 4837 4838 4811 4779
4 4836 4909 4910 4837
4 4909 4975 4976 4910
5 4837 4910 4911 4879 4838
5 4910 4976 4977 4943 4911
4 4975 5040 5041 4976
4 5040 5110 5111 5041
5 4976 5041 5042 5018 4977
5 5041 5111 5112 5073 5042
4 5110 5192 5193 5111
4 5192 5254 5255 5193
5 5111 5193 5194 5158 5112
4 5193 5255 5256 5194
6 5194 5256 5257 5229 5196 5195
5 5256 5315 5316 5290 5257
4 5315 5690 5691 5316
6 5316 5691 5692 5469 5318 5317
6 5692 5880 5881 5793 5694 5693
4 5880 6333 6334 5881
5 5881 6334 6335 5883 5882
6 5883 6335 6336 6198 5885 5884
4 6335 6410 6411 6336
4 6410 6452 6453 6411
5 6336 6411 6412 6338 6337
4 6411 6453 6454 6412
5 1424 1472 1473 1446 1425
5 1472 1496 1497 1480 1473
5 1496 1527 1528 1521 1497
5 1527 1561 1562 1551 1528
5 1561 1602 1603 1588 1562
5 1602 1634 1635 1610 1603
5 1634 1666 1667 1652 1635
5 1666 1693 1694 1682 1667
5 1693 1734 1735 1720 1694
5 1734 1766 1767 1750 1735
5 1766 1798 1799 1792 1767
5 1798 1832 1833 1814 1799
5 1832 1873 1874 1851 1833
5 1873 1897 1898 1881 1874
5 1897 1932 1933 1924 1898
5 1932 1972 1973 1959 1933
5 3280 3317 3347 3348 3281
5 3347 3377 3416 3417 3348
4 3281 3348 3349 3282
4 3348 3417 3418 3349
5 3416 3469 3498 3499 3417
6 3498 3540 3586 3587 3588 3499
4 3417 3499 3500 3418
5 3499 3588 3589 3590 3500
4 3418 3500 3501 3419
5 3500 3590 3591 3592 3501
4 3419 3501 3502 3420
5 3501 3592 3593 3594 3502
5 6338 6412 6413 6340 6339
4 6412 6454 6455 6413
5 6340 6413 6414 6342 6341
4 6413 6455 6456 6414
5 6342 6414 6415 6344 6343
4 6414 6456 6457 6415
5 6344 6415 6416 6346 6345
4 6415 6457 6458 6416
5 1972 2014 2015 2002 1973
5 2014 2043 2044 2023 2015
5 2043 2072 2073 2057 2044
5 2072 2292 2293 2148 2073
5 2292 2460 2461 2384 2293
5 2460 2625 2626 2548 2461
5 6346 6416 6417 6348 6347
5 2625 2798 2799 2664 2626
4 6416 6458 6459 6417
5 2798 2920 2921 2901 2799
5 6348 6417 6418 6350 6349
4 6417 6459 6460 6418
5 6350 6418 6419 6352 6351
4 6418 6460 6461 6419
5 6352 6419 6420 6354 6353
4 6419 6461 6462 6420
5 2920 3012 3013 2987 2921
5 3012 3034 3035 3019 3013
5 3034 3083 3084 3078 3035
5 3083 3115 3116 3106 3084
5 3115 3175 3176 3162 3116
5 3175 3205 3206 3182 3176
5 3205 3235 3236 3222 3206
5 3235 3260 3261 3250 3236
5 6354 6420 6421 6356 6355
4 6420 6462 6463 6421
5 6356 6421 6422 6358 6357
4 6421 6463 6464 6422
5 6358 6422 6423 6360 6359
4 6422 6464 6465 6423
5 6360 6423 6424 6362 6361
4 6423 6465 6466 6424
5 6362 6424 6425 6364 6363
4 6424 6466 6467 6425
5 6364 6425 6426 6366 6365
4 6425 6467 6468 6426
5 6366 6426 6427 6368 6367
4 6426 6468 6469 6427
5 6368 6427 6428 6370 6369
4 6427 6469 6470 6428
4 82 124 125 83
5 124 182 183 184 125
4 83 125 126 84
5 125 184 185 186 126
4 84 126 127 85
5 126 186 187 188 127
4 85 127 128 86
5 127 188 189 190 128
4 86 128 129 87
5 128 190 191 192 129
4 87 129 130 88
5 129 192 193 194 130
4 88 130 131 89
5 130 194 195 196 131
4 89 131 132 90
5 131 196 197 198 132
4 90 132 133 91
5 132 198 199 200 133
4 91 133 134 92
5 133 200 201 202 134
4 92 134 135 93
5 134 202 203 204 135
4 93 135 136 94
5 135 204 205 206 136
4 94 136 137 95
5 136 206 207 208 137
4 95 137 138 96
5 137 208 209 210 138
4 96 138 139 97
5 138 210 211 212 139
4 97 139 140 98
5 139 212 213 214 140
5 150 224 225 226 151
5 151 226 227 228 152
5 152 228 229 230 153
5 153 230 231 232 154
5 154 232 233 234 155
5 155 234 235 236 156
5 156 236 237 238 157
5 157 238 239 240 158
5 2943 3051 3052 2945 2944
4 3051 3132 3133 3052
5 2945 3052 3053 2947 2946
4 3052 3133 3134 3053
5 2947 3053 3054 2949 2948
4 3053 3134 3135 3054
5 2949 3054 3055 2951 2950
4 3054 3135 3136 3055
5 2951 3055 3056 2953 2952
4 3055 3136 3137 3056
5 2953 3056 3057 2955 2954
4 3056 3137 3138 3057
5 2955 3057 3058 2957 2956
4 3057 3138 3139 3058
5 2957 3058 3059 2959 2958
4 3058 3139 3140 3059
5 158 240 241 242 159
5 159 242 243 244 160
5 160 244 245 246 161
5 161 246 247 248 162
5 162 248 249 250 163
5 163 250 251 252 164
5 164 252 253 254 165
5 165 254 255 256 166
5 2959 3059 3060 2961 2960
4 3059 3140 3141 3060
5 2961 3060 3061 2963 2962
4 3060 3141 3142 3061
5 2963 3061 3062 2965 2964
4 3061 3142 3143 3062
5 2965 3062 3063 2967 2966
4 3062 3143 3144 3063
5 2967 3063 3064 2969 2968
4 3063 3144 3145 3064
5 2969 3064 3065 2971 2970
4 3064 3145 3146 3065
5 2971 3065 3066 2973 2972
4 3065 3146 3147 3066
5 2973 3066 3067 2975 2974
4 3066 3147 3148 3067
4 98 140 141 99
5 140 214 215 216 141
4 99 141 142 100
4 141 216 217 142
6 216 354 667 668 669 217
5 217 669 670 671 218
4 218 671 672 219
6 671 759 858 859 860 672
6 860 1083 1234 1235 1236 861
4 861 1236 1237 862
6 1236 1262 1294 1295 1296 1237
5 1296 1323 1358 1359 1297
5 1358 1394 1440 1441 1359
4 1297 1359 1360 1298
4 1359 1441 1442 1360
5 166 256 257 258 167
5 167 258 259 260 168
5 168 260 261 262 169
5 169 262 263 264 170
5 1440 1479 1510 1511 1441
5 1510 1534 1575 1576 1511
4 1441 1511 1512 1442
4 1511 1576 1577 1512
5 1575 1609 1641 1642 1576
5 1641 1673 1714 1715 1642
4 1576 1642 1643 1577
4 1642 1715 1716 1643
5 170 264 265 266 171
5 171 266 267 268 172
5 1714 1741 1773 1774 1715
5 172 268 269 270 173
5 1773 1805 1846 1847 1774
4 1715 1774 1775 1716
5 173 270 271 272 174
4 1774 1847 1848 1775
5 1846 1880 1911 1912 1847
5 1911 1941 1988 1989 1912
4 1847 1912 1913 1848
4 1912 1989 1990 1913
6 2643 2893 2979 2980 2645 2644
5 2645 2980 2981 2647 2646
5 2975 3067 3068 2977 2976
4 3067 3148 3149 3068
5 2977 3068 3069 2979 2978
4 3068 3149 3150 3069
6 1986 2022 2051 2052 1988 1987
5 2051 2081 2319 2320 2052
6 2317 2480 2647 2648 2319 2318
4 2647 2981 2982 2648
4 2319 2648 2649 2320
4 2648 2982 2983 2649
5 174 272 273 274 175
5 175 274 275 276 176
5 176 276 277 278 177
5 177 278 279 280 178
5 178 280 281 282 179
5 179 282 283 284 180
5 180 284 285 286 181
5 181 286 287 288 182
4 3420 3502 3503 3421
5 3502 3594 3595 3596 3503
4 3421 3503 3504 3422
5 3503 3596 3597 3598 3504
4 3422 3504 3505 3423
5 3504 3598 3599 3600 3505
4 3423 3505 3506 3424
5 3505 3600 3601 3602 3506
4 3424 3506 3507 3425
5 3506 3602 3603 3604 3507
4 3425 3507 3508 3426
5 3507 3604 3605 3606 3508
4 3426 3508 3509 3427
5 3508 3606 3607 3608 3509
4 3427 3509 3510 3428
5 3509 3608 3609 3610 3510
4 3428 3510 3511 3429
5 3510 3610 3611 3612 3511
4 3429 3511 3512 3430
5 3511 3612 3613 3614 3512
4 3430 3512 3513 3431
5 3512 3614 3615 3616 3513
4 3431 3513 3514 3432
5 3513 3616 3617 3618 3514
4 3432 3514 3515 3433
5 3514 3618 3619 3620 3515
4 3433 3515 3516 3434
5 3515 3620 3621 3622 3516
4 3434 3516 3517 3435
5 3516 3622 3623 3624 3517
4 3435 3517 3518 3436
5 3517 3624 3625 3626 3518
5 6370 6428 6429 6372 6371
4 6428 6470 6471 6429
5 6372 6429 6430 6374 6373
4 6429 6471 6472 6430
5 6374 6430 6431 6376 6375
4 6430 6472 6473 6431
5 6376 6431 6432 6378 6377
4 6431 6473 6474 6432
5 6378 6432 6433 6380 6379
4 6432 6474 6475 6433
5 6380 6433 6434 6382 6381
4 6433 6475 6476 6434
5 6382 6434 6435 6384 6383
4 6434 6476 6477 6435
5 6384 6435 6436 6386 6385
4 6435 6477 6478 6436
5 6386 6436 6437 6388 6387
4 6436 6478 6479 6437
5 6388 6437 6438 6390 6389
4 6437 6479 6480 6438
5 6390 6438 6439 6392 6391
4 6438 6480 6481 6439
5 6392 6439 6440 6394 6393
4 6439 6481 6482 6440
5 6394 6440 6441 6396 6395
4 6440 6482 6483 6441
5 6396 6441 6442 6398 6397
4 6441 6483 6484 6442
5 6398 6442 6443 6400 6399
4 6442 6484 6485 6443
5 6400 6443 6444 6402 6401
4 6443 6485 6486 6444
4 1386 1403 1404 1387
4 1403 1427 1428 1404
4 1387 1404 1405 1388
3 1405 1404 1428
3 1428 1429 1411
3 1405 1428 1411
3 1411 1412 1405
4 1349 1378 1379 1350
4 1378 1388 1389 1379
3 1362 1351 1350
3 1361 1362 1350
3 1361 1350 1379
3 1379 1380 1361
4 1379 1389 1390 1380
4 1388 1405 1406 1389
5 1405 1412 1413 1407 1406
4 1389 1406 1407 1390
4 3436 3518 3519 3437
5 3518 3626 3627 3628 3519
4 3437 3519 3520 3438
5 3519 3628 3629 3630 3520
6 3630 3754 3923 3924 3925 3631
5 3631 3925 3926 3927 3632
4 3632 3927 3928 3633
6 3927 4092 4260 4261 4262 3928
4 3633 3928 3929 3634
4 3928 4262 4263 3929
5 4262 4480 4510 4511 4263
6 4510 4538 4578 4579 4580 4511
5 4580 4620 4655 4656 4581
5 4655 4679 4720 4721 4656
4 4581 4656 4657 4582
4 4656 4721 4722 4657
5 4720 4754 4786 4787 4721
5 4786 4818 4859 4860 4787
4 4721 4787 4788 4722
4 4787 4860 4861 4788
5 4859 4886 4918 4919 4860
5 4918 4950 4991 4992 4919
4 4860 4919 4920 4861
4 4919 4992 4993 4920
5 4991 5025 5056 5057 4992
5 5056 5080 5128 5129 5057
4 4992 5057 5058 4993
4 5057 5129 5130 5058
4 746 760 761 747
3 760 847 848
3 760 848 768
3 761 760 768
3 768 769 761
4 747 761 762 748
4 761 769 770 762
4 657 673 674 658
4 673 748 749 674
4 658 674 675 659
3 675 674 749
3 683 684 675
3 683 675 749
3 749 750 683
4 748 762 763 749
4 762 770 771 763
5 749 763 771 772 750
3 1074 1073 1155
3 1155 1156 1084
3 1084 1085 1074
3 1155 1084 1074
4 1155 1229 1230 1156
4 1074 1085 1086 1075
4 1227 1242 1243 1228
4 1242 1255 1256 1243
4 1228 1243 1244 1229
6 5896 6330 6404 6405 5898 5897
3 1244 1243 1256
3 1256 1257 1249
3 1244 1256 1249
3 1249 1250 1244
5 6402 6444 6445 6404 6403
4 1255 1267 1268 1256
4 6444 6486 6487 6445
4 1267 1280 1281 1268
4 6404 6445 6446 6405
4 1256 1268 1269 1257
4 6445 6487 6488 6446
5 1268 1281 1282 1283 1269
4 1229 1244 1245 1230
5 5898 6405 6406 5900 5899
4 1244 1250 1251 1245
6 5713 5810 5900 5901 5715 5714
4 5900 6406 6407 5901
4 839 930 931 840
4 930 1075 1076 931
4 840 931 932 841
3 932 931 1076
3 1005 1006 932
3 1005 932 1076
3 1076 1077 1005
4 1075 1086 1087 1076
6 5325 5480 5715 5716 5327 5326
6 5273 5299 5327 5328 5275 5274
4 1076 1087 1088 1077
4 5327 5716 5717 5328
5 5128 5168 5206 5207 5129
4 841 932 933 842
5 5206 5239 5275 5276 5207
4 932 1006 1007 933
4 5129 5207 5208 5130
4 842 933 934 843
4 5207 5276 5277 5208
5 933 1007 1008 940 934
8 2306 2388 2465 2466 2467 2389 2308 2307
6 2467 2553 2631 2632 2469 2468
6 2631 2668 2803 2804 2805 2632
6 2469 2632 2633 2554 2471 2470
4 2632 2805 2806 2633
6 2805 2906 2932 2933 2934 2806
6 2633 2806 2807 2669 2635 2634
4 2806 2934 2935 2807
5 1280 1301 1302 1282 1281
4 1301 1315 1316 1302
3 1325 1316 1315
3 1324 1325 1315
3 1324 1315 1329
3 1329 1330 1324
4 1329 1351 1352 1330
4 1351 1362 1363 1352
5 2934 2993 3017 3018 2935
5 3017 3023 3046 3047 3018
5 3046 3082 3088 3089 3047
5 3088 3110 3127 3128 3089
5 3127 3166 3180 3181 3128
5 3180 3186 3210 3211 3181
5 3210 3226 3240 3241 3211
5 3240 3254 3279 3280 3241
5 843 934 940 941 844
4 844 941 942 845
3 845 942 943
3 845 943 867
3 846 845 867
3 867 868 846
4 846 868 869 847
5 2807 2935 2936 2809 2808
5 2809 2936 2937 2811 2810
5 2811 2937 2938 2813 2812
5 2813 2938 2939 2815 2814
4 847 869 870 848
5 2815 2939 2940 2817 2816
5 2817 2940 2941 2819 2818
5 2819 2941 2942 2821 2820
5 2821 2942 2943 2823 2822
5 3260 3311 3312 3298 3261
5 3311 3341 3342 3326 3312
5 3341 3371 3372 3366 3342
5 3371 3403 3404 3386 3372
5 3403 3463 3464 3442 3404
5 3463 3485 3486 3470 3464
5 3485 3534 3535 3529 3486
5 3534 3571 3572 3559 3535
5 3571 3659 3660 3646 3572
5 3659 3905 3906 3879 3660
5 3905 4072 4073 3991 3906
5 4072 4235 4236 4157 4073
5 4235 4471 4472 4397 4236
5 4471 4502 4503 4489 4472
5 4502 4530 4531 4524 4503
5 4530 4564 4565 4544 4531
5 4564 4611 4612 4586 4565
5 4611 4641 4642 4621 4612
5 4641 4672 4673 4666 4642
5 4672 4706 4707 4696 4673
5 4706 4747 4748 4733 4707
5 4747 4779 4780 4755 4748
5 4779 4811 4812 4797 4780
5 4811 4838 4839 4827 4812
5 4838 4879 4880 4865 4839
5 4879 4911 4912 4895 4880
5 4911 4943 4944 4937 4912
5 4943 4977 4978 4959 4944
5 4977 5018 5019 4996 4978
5 5018 5042 5043 5026 5019
5 5042 5073 5074 5067 5043
5 5073 5112 5113 5099 5074
4 5112 5158 5159 5113
4 5158 5194 5195 5159
6 5113 5159 5160 5142 5115 5114
4 5159 5195 5196 5160
6 5160 5196 5197 5169 5162 5161
4 5196 5229 5230 5197
4 5229 5257 5258 5230
6 5197 5230 5231 5217 5199 5198
5 5230 5258 5259 5246 5231
4 5257 5290 5291 5258
4 5290 5316 5317 5291
5 5258 5291 5292 5280 5259
5 5291 5317 5318 5304 5292
6 5318 5469 5470 5394 5320 5319
4 5469 5692 5693 5470
6 5470 5693 5694 5613 5472 5471
5 5694 5793 5794 5696 5695
4 5793 5881 5882 5794
5 5696 5794 5795 5698 5697
4 5794 5882 5883 5795
5 5698 5795 5796 5700 5699
4 5795 5883 5884 5796
6 5700 5796 5797 5785 5702 5701
4 5796 5884 5885 5797
6 5797 5885 5886 5870 5799 5798
4 5885 6198 6199 5886
4 6198 6336 6337 6199
6 5886 6199 6200 6069 5888 5887
4 6199 6337 6338 6200
4 1425 1446 1447 1426
4 1446 1473 1474 1447
4 1426 1447 1448 1427
3 1448 1447 1474
3 1474 1475 1454
3 1448 1474 1454
3 1454 1455 1448
4 1473 1480 1481 1474
4 1480 1497 1498 1481
4 1474 1481 1482 1475
4 1481 1498 1499 1482
4 1497 1521 1522 1498
4 1521 1528 1529 1522
4 1498 1522 1523 1499
4 1522 1529 1530 1523
4 1528 1551 1552 1529
4 1551 1562 1563 1552
5 1529 1552 1553 1535 1530
4 1552 1563 1564 1553
4 1427 1448 1449 1428
4 1448 1455 1456 1449
4 1428 1449 1450 1429
4 1449 1456 1457 1450
4 1562 1588 1589 1563
4 1588 1603 1604 1589
5 1563 1589 1590 1580 1564
4 1589 1604 1605 1590
4 1603 1610 1611 1604
4 1610 1635 1636 1611
4 1604 1611 1612 1605
5 1611 1636 1637 1616 1612
4 1635 1652 1653 1636
4 1652 1667 1668 1653
4 1636 1653 1654 1637
5 1653 1668 1669 1658 1654
4 1667 1682 1683 1668
4 1682 1694 1695 1683
4 1668 1683 1684 1669
4 1683 1695 1696 1684
4 1694 1720 1721 1695
4 1720 1735 1736 1721
4 1695 1721 1722 1696
4 1721 1736 1737 1722
4 1735 1750 1751 1736
4 1750 1767 1768 1751
5 1736 1751 1752 1742 1737
4 1751 1768 1769 1752
4 1767 1792 1793 1768
4 1792 1799 1800 1793
5 1768 1793 1794 1776 1769
4 1793 1800 1801 1794
4 1799 1814 1815 1800
4 1814 1833 1834 1815
4 1800 1815 1816 1801
5 1815 1834 1835 1820 1816
4 1833 1851 1852 1834
4 1851 1874 1875 1852
4 1834 1852 1853 1835
5 1852 1875 1876 1857 1853
4 1874 1881 1882 1875
4 1881 1898 1899 1882
4 1875 1882 1883 1876
4 1882 1899 1900 1883
4 1898 1924 1925 1899
4 1924 1933 1934 1925
4 1899 1925 1926 1900
4 1925 1934 1935 1926
4 1933 1959 1960 1934
4 1959 1973 1974 1960
5 1934 1960 1961 1942 1935
4 1960 1974 1975 1961
5 3279 3302 3316 3317 3280
5 3316 3330 3346 3347 3317
5 3346 3370 3376 3377 3347
5 3376 3390 3415 3416 3377
5 3415 3446 3468 3469 3416
5 3468 3474 3497 3498 3469
5 3497 3533 3539 3540 3498
5 3539 3565 3585 3586 3540
6 3664 3883 3911 3912 3666 3665
8 4077 4161 4249 4250 4251 4162 4079 4078
6 3911 3996 4079 4080 4081 3912
6 3583 3651 3666 3667 3585 3584
4 3666 3912 3913 3667
4 3585 3667 3668 3586
6 3667 3913 3914 3915 3884 3668
6 3912 4081 4082 4083 3997 3913
5 3586 3668 3669 3670 3587
5 3587 3670 3671 3672 3588
5 3588 3672 3673 3674 3589
5 3589 3674 3675 3676 3590
5 3590 3676 3677 3678 3591
5 3591 3678 3679 3680 3592
5 3592 3680 3681 3682 3593
5 3593 3682 3683 3684 3594
5 6200 6338 6339 6202 6201
5 6202 6339 6340 6204 6203
5 6204 6340 6341 6206 6205
5 6206 6341 6342 6208 6207
5 6208 6342 6343 6210 6209
5 6210 6343 6344 6212 6211
5 6212 6344 6345 6214 6213
5 6214 6345 6346 6216 6215
4 1973 2002 2003 1974
4 2002 2015 2016 2003
5 1974 2003 2004 1994 1975
4 2003 2016 2017 2004
4 2015 2023 2024 2016
4 2023 2044 2045 2024
4 2016 2024 2025 2017
5 2024 2045 2046 2029 2025
4 2044 2057 2058 2045
4 2057 2073 2074 2058
4 2045 2058 2059 2046
5 2058 2074 2075 2064 2059
4 2073 2148 2149 2074
4 2148 2293 2294 2149
4 2074 2149 2150 2075
4 2149 2294 2295 2150
5 6216 6346 6347 6218 6217
5 6218 6347 6348 6220 6219
4 2293 2384 2385 2294
4 2384 2461 2462 2385
4 2294 2385 2386 2295
4 2385 2462 2463 2386
4 2461 2548 2549 2462
5 6220 6348 6349 6222 6221
4 2548 2626 2627 2549
5 2462 2549 2550 2481 2463
5 6222 6349 6350 6224 6223
4 2549 2627 2628 2550
4 2626 2664 2665 2627
4 2664 2799 2800 2665
5 2627 2665 2666 2650 2628
4 2665 2800 2801 2666
4 2799 2901 2902 2800
4 2901 2921 2922 2902
4 2800 2902 2903 2801
5 2902 2922 2923 2907 2903
5 6224 6350 6351 6226 6225
5 6226 6351 6352 6228 6227
5 6228 6352 6353 6230 6229
5 6230 6353 6354 6232 6231
4 2921 2987 2988 2922
4 2987 3013 3014 2988
4 2922 2988 2989 2923
5 2988 3014 3015 2994 2989
4 3013 3019 3020 3014
4 3019 3035 3036 3020
4 3014 3020 3021 3015
4 3020 3036 3037 3021
4 3035 3078 3079 3036
4 3078 3084 3085 3079
4 3036 3079 3080 3037
4 3079 3085 3086 3080
4 3084 3106 3107 3085
4 3106 3116 3117 3107
5 3085 3107 3108 3090 3086
4 3107 3117 3118 3108
4 3116 3162 3163 3117
4 3162 3176 3177 3163
5 3117 3163 3164 3154 3118
4 3163 3177 3178 3164
4 3176 3182 3183 3177
4 3182 3206 3207 3183
4 3177 3183 3184 3178
5 3183 3207 3208 3187 3184
4 3206 3222 3223 3207
4 3222 3236 3237 3223
4 3207 3223 3224 3208
5 3223 3237 3238 3227 3224
4 3236 3250 3251 3237
4 3250 3261 3262 3251
4 3237 3251 3252 3238
4 3251 3262 3263 3252
5 6232 6354 6355 6234 6233
5 6234 6355 6356 6236 6235
5 6236 6356 6357 6238 6237
5 6238 6357 6358 6240 6239
5 6240 6358 6359 6242 6241
5 6242 6359 6360 6244 6243
5 6244 6360 6361 6246 6245
5 6246 6361 6362 6248 6247
5 6248 6362 6363 6250 6249
5 6250 6363 6364 6252 6251
5 6252 6364 6365 6254 6253
5 6254 6365 6366 6256 6255
5 6256 6366 6367 6258 6257
5 6258 6367 6368 6260 6259
5 6260 6368 6369 6262 6261
5 6262 6369 6370 6264 6263
5 182 288 289 290 183
5 183 290 291 292 184
5 184 292 293 294 185
5 185 294 295 296 186
5 186 296 297 298 187
5 187 298 299 300 188
5 188 300 301 302 189
5 189 302 303 304 190
5 190 304 305 306 191
5 191 306 307 308 192
5 192 308 309 310 193
5 193 310 311 312 194
5 194 312 313 314 195
5 195 314 315 316 196
5 196 316 317 318 197
5 197 318 319 320 198
5 198 320 321 322 199
5 199 322 323 324 200
5 200 324 325 326 201
5 201 326 327 328 202
5 202 328 329 330 203
5 203 330 331 332 204
5 204 332 333 334 205
5 205 334 335 336 206
5 206 336 337 338 207
5 207 338 339 340 208
5 208 340 341 342 209
5 209 342 343 344 210
5 210 344 345 346 211
5 211 346 347 348 212
5 212 348 349 350 213
5 213 350 351 352 214
4 224 355 356 225
4 355 659 660 356
4 225 356 357 226
3 357 356 660
3 484 485 357
3 484 357 660
3 660 661 484
4 226 357 358 227
4 357 485 486 358
4 227 358 359 228
4 358 486 487 359
4 659 675 676 660
4 675 684 685 676
4 660 676 677 661
4 676 685 686 677
4 228 359 360 229
4 359 487 488 360
4 229 360 361 230
4 360 488 489 361
4 230 361 362 231
5 361 489 490 491 362
4 231 362 363 232
4 362 491 492 363
4 232 363 364 233
5 363 492 493 494 364
4 233 364 365 234
4 364 494 495 365
4 234 365 366 235
4 365 495 496 366
4 235 366 367 236
5 366 496 497 498 367
4 236 367 368 237
4 367 498 499 368
4 237 368 369 238
5 368 499 500 501 369
4 238 369 370 239
4 369 501 502 370
4 239 370 371 240
4 370 502 503 371
5 2823 2943 2944 2825 2824
5 2825 2944 2945 2827 2826
5 2827 2945 2946 2829 2828
5 2829 2946 2947 2831 2830
5 2831 2947 2948 2833 2832
5 2833 2948 2949 2835 2834
5 2835 2949 2950 2837 2836
5 2837 2950 2951 2839 2838
5 2839 2951 2952 2841 2840
5 2841 2952 2953 2843 2842
5 2843 2953 2954 2845 2844
5 2845 2954 2955 2847 2846
5 2847 2955 2956 2849 2848
5 2849 2956 2957 2851 2850
5 2851 2957 2958 2853 2852
5 2853 2958 2959 2855 2854
4 240 371 372 241
4 371 503 504 372
4 241 372 373 242
4 372 504 505 373
4 242 373 374 243
5 373 505 506 507 374
4 243 374 375 244
4 374 507 508 375
4 244 375 376 245
5 375 508 509 510 376
4 245 376 377 246
4 376 510 511 377
4 246 377 378 247
4 377 511 512 378
4 247 378 379 248
5 378 512 513 514 379
4 248 379 380 249
4 379 514 515 380
4 249 380 381 250
5 380 515 516 517 381
4 250 381 382 251
4 381 517 518 382
4 251 382 383 252
4 382 518 519 383
4 252 383 384 253
4 383 519 520 384
4 253 384 385 254
4 384 520 521 385
4 254 385 386 255
5 385 521 522 523 386
4 255 386 387 256
4 386 523 524 387
5 2855 2959 2960 2857 2856
5 2857 2960 2961 2859 2858
5 2859 2961 2962 2861 2860
5 2861 2962 2963 2863 2862
5 2863 2963 2964 2865 2864
5 2865 2964 2965 2867 2866
5 2867 2965 2966 2869 2868
5 2869 2966 2967 2871 2870
5 2871 2967 2968 2873 2872
5 2873 2968 2969 2875 2874
5 2875 2969 2970 2877 2876
5 2877 2970 2971 2879 2878
5 2879 2971 2972 2881 2880
5 2881 2972 2973 2883 2882
5 2883 2973 2974 2885 2884
5 2885 2974 2975 2887 2886
4 214 352 353 215
6 352 483 664 665 666 353
4 215 353 354 216
4 353 666 667 354
6 666 682 753 754 755 667
4 667 755 756 668
6 755 767 850 851 852 756
4 668 756 757 669
5 756 852 853 854 757
4 669 757 758 670
5 757 854 855 856 758
4 670 758 759 671
5 758 856 857 858 759
6 858 939 1080 1081 1082 859
4 859 1082 1083 860
6 1082 1158 1232 1233 1234 1083
5 1234 1248 1260 1261 1235
6 1260 1272 1291 1292 1293 1261
4 1235 1261 1262 1236
4 1261 1293 1294 1262
6 1293 1306 1319 1320 1321 1294
4 1294 1321 1322 1295
6 1321 1335 1355 1356 1357 1322
4 1295 1322 1323 1296
4 1322 1357 1358 1323
5 1357 1383 1393 1394 1358
5 1393 1410 1439 1440 1394
4 256 387 388 257
5 387 524 525 526 388
4 257 388 389 258
4 388 526 527 389
4 258 389 390 259
4 389 527 528 390
4 259 390 391 260
5 390 528 529 530 391
4 260 391 392 261
4 391 530 531 392
4 261 392 393 262
5 392 531 532 533 393
4 262 393 394 263
4 393 533 534 394
4 263 394 395 264
4 394 534 535 395
5 1439 1453 1478 1479 1440
5 1478 1485 1509 1510 1479
5 1509 1526 1533 1534 1510
5 1533 1556 1574 1575 1534
5 1574 1593 1608 1609 1575
5 1608 1615 1640 1641 1609
5 1640 1657 1672 1673 1641
5 1672 1687 1713 1714 1673
4 264 395 396 265
4 395 535 536 396
4 265 396 397 266
4 396 536 537 397
5 1713 1725 1740 1741 1714
5 1740 1755 1772 1773 1741
4 266 397 398 267
5 397 537 538 539 398
5 1772 1797 1804 1805 1773
4 267 398 399 268
5 1804 1819 1845 1846 1805
4 398 539 540 399
5 1845 1856 1879 1880 1846
5 1879 1886 1910 1911 1880
6 1938 1966 1986 1987 1940 1939
5 1910 1931 1940 1941 1911
4 1940 1987 1988 1941
4 268 399 400 269
5 399 540 541 542 400
4 269 400 401 270
4 400 542 543 401
4 270 401 402 271
4 401 543 544 402
4 271 402 403 272
5 402 544 545 546 403
5 2887 2975 2976 2889 2888
5 2889 2976 2977 2891 2890
6 2639 2673 2891 2892 2641 2640
4 2891 2977 2978 2892
5 2641 2892 2893 2643 2642
4 2892 2978 2979 2893
6 2077 2155 2316 2317 2079 2078
6 2475 2561 2643 2644 2477 2476
6 2312 2395 2477 2478 2314 2313
4 2477 2644 2645 2478
5 2314 2478 2479 2316 2315
4 2478 2645 2646 2479
4 2316 2479 2480 2317
4 2479 2646 2647 2480
6 2019 2028 2049 2050 2021 2020
6 1984 2008 2021 2022 1986 1985
4 2021 2050 2051 2022
5 2049 2063 2079 2080 2050
4 2079 2317 2318 2080
4 2050 2080 2081 2051
4 2080 2318 2319 2081
4 272 403 404 273
4 403 546 547 404
4 273 404 405 274
5 404 547 548 549 405
4 274 405 406 275
4 405 549 550 406
4 275 406 407 276
4 406 550 551 407
4 276 407 408 277
4 407 551 552 408
4 277 408 409 278
4 408 552 553 409
4 278 409 410 279
5 409 553 554 555 410
4 279 410 411 280
4 410 555 556 411
4 280 411 412 281
5 411 556 557 558 412
4 281 412 413 282
4 412 558 559 413
4 282 413 414 283
4 413 559 560 414
4 283 414 415 284
5 414 560 561 562 415
4 284 415 416 285
4 415 562 563 416
4 285 416 417 286
5 416 563 564 565 417
4 286 417 418 287
4 417 565 566 418
4 287 418 419 288
4 418 566 567 419
5 3594 3684 3685 3686 3595
5 3595 3686 3687 3688 3596
5 3596 3688 3689 3690 3597
5 3597 3690 3691 3692 3598
5 3598 3692 3693 3694 3599
5 3599 3694 3695 3696 3600
5 3600 3696 3697 3698 3601
5 3601 3698 3699 3700 3602
5 3602 3700 3701 3702 3603
5 3603 3702 3703 3704 3604
5 3604 3704 3705 3706 3605
5 3605 3706 3707 3708 3606
5 3606 3708 3709 3710 3607
5 3607 3710 3711 3712 3608
5 3608 3712 3713 3714 3609
5 3609 3714 3715 3716 3610
5 3610 3716 3717 3718 3611
5 3611 3718 3719 3720 3612
5 3612 3720 3721 3722 3613
5 3613 3722 3723 3724 3614
5 3614 3724 3725 3726 3615
5 3615 3726 3727 3728 3616
5 3616 3728 3729 3730 3617
5 3617 3730 3731 3732 3618
5 3618 3732 3733 3734 3619
5 3619 3734 3735 3736 3620
5 3620 3736 3737 3738 3621
5 3621 3738 3739 3740 3622
5 3622 3740 3741 3742 3623
5 3623 3742 3743 3744 3624
5 3624 3744 3745 3746 3625
5 3625 3746 3747 3748 3626
5 6264 6370 6371 6266 6265
5 6266 6371 6372 6268 6267
5 6268 6372 6373 6270 6269
5 6270 6373 6374 6272 6271
5 6272 6374 6375 6274 6273
5 6274 6375 6376 6276 6275
5 6276 6376 6377 6278 6277
5 6278 6377 6378 6280 6279
5 6280 6378 6379 6282 6281
5 6282 6379 6380 6284 6283
5 6284 6380 6381 6286 6285
5 6286 6381 6382 6288 6287
5 6288 6382 6383 6290 6289
5 6290 6383 6384 6292 6291
5 6292 6384 6385 6294 6293
5 6294 6385 6386 6296 6295
5 6296 6386 6387 6298 6297
5 6298 6387 6388 6300 6299
5 6300 6388 6389 6302 6301
5 6302 6389 6390 6304 6303
5 6304 6390 6391 6306 6305
5 6306 6391 6392 6308 6307
5 6308 6392 6393 6310 6309
5 6310 6393 6394 6312 6311
5 6312 6394 6395 6314 6313
5 6314 6395 6396 6316 6315
5 6316 6396 6397 6318 6317
5 6318 6397 6398 6320 6319
5 6320 6398 6399 6322 6321
5 6322 6399 6400 6324 6323
5 6324 6400 6401 6326 6325
5 6326 6401 6402 6328 6327
5 3626 3748 3749 3750 3627
5 3627 3750 3751 3752 3628
4 3628 3752 3753 3629
6 3752 3888 3919 3920 3921 3753
4 3629 3753 3754 3630
5 3753 3921 3922 3923 3754
6 3923 4004 4087 4088 4089 3924
4 3924 4089 4090 3925
6 4089 4168 4255 4256 4257 4090
4 3925 4090 4091 3926
5 4090 4257 4258 4259 4091
4 3926 4091 4092 3927
4 4091 4259 4260 4092
6 4259 4404 4476 4477 4478 4260
4 4260 4478 4479 4261
5 4478 4495 4508 4509 4479
4 4261 4479 4480 4262
4 4479 4509 4510 4480
6 4508 4529 4535 4536 4537 4509
4 4509 4537 4538 4510
6 4537 4550 4576 4577 4578 4538
6 4578 4593 4617 4618 4619 4579
4 4579 4619 4620 4580
5 4619 4628 4654 4655 4620
5 4654 4671 4678 4679 4655
5 4678 4701 4719 4720 4679
5 4719 4738 4753 4754 4720
5 4753 4760 4785 4786 4754
5 4785 4802 4817 4818 4786
5 4817 4832 4858 4859 4818
5 4858 4870 4885 4886 4859
5 4885 4900 4917 4918 4886
5 4917 4942 4949 4950 4918
5 4949 4964 4990 4991 4950
5 4990 5001 5024 5025 4991
5 5024 5031 5055 5056 5025
5 5055 5072 5079 5080 5056
5 5079 5106 5127 5128 5080
4 2082 2151 2152 2083
6 5477 5622 5713 5714 5479 5478
4 2151 2303 2304 2152
6 5323 5397 5479 5480 5325 5324
4 2083 2152 2153 2084
4 5479 5714 5715 5480
6 2152 2304 2305 2306 2156 2153
6 5804 5879 5895 5896 5806 5805
6 5893 6197 6328 6329 5895 5894
4 6328 6402 6403 6329
4 5895 6329 6330 5896
4 6329 6403 6404 6330
6 5705 5792 5806 5807 5707 5706
4 5806 5896 5897 5807
5 5707 5807 5808 5709 5708
4 5807 5897 5898 5808
5 5709 5808 5809 5711 5710
4 5808 5898 5899 5809
5 5711 5809 5810 5713 5712
4 5809 5899 5900 5810
4 2305 2387 2388 2306
3 2388 2387 2458
3 2388 2458 2459
3 2464 2465 2388
3 2459 2464 2388
5 2464 2564 2565 2551 2465
6 5235 5251 5272 5273 5237 5236
5 5127 5149 5167 5168 5128
5 5167 5174 5205 5206 5168
6 5203 5223 5237 5238 5205 5204
4 5237 5273 5274 5238
4 5205 5238 5239 5206
4 5238 5274 5275 5239
6 5270 5285 5297 5298 5272 5271
5 5297 5310 5325 5326 5298
4 5272 5298 5299 5273
4 5298 5326 5327 5299
4 2156 2306 2307 2157
3 2158 2157 2307
3 2223 2158 2307
3 2223 2307 2308
3 2308 2224 2223
5 2224 2308 2309 2310 2225
4 2465 2551 2552 2466
3 2629 2630 2552
3 2566 2629 2552
3 2552 2551 2565
3 2565 2566 2552
4 2466 2552 2553 2467
4 2552 2630 2631 2553
4 2308 2389 2390 2309
4 2389 2467 2468 2390
3 2390 2391 2323
3 2390 2323 2322
3 2310 2309 2390
3 2390 2322 2310
4 2390 2468 2469 2391
4 2629 2661 2662 2630
3 2668 2631 2630
3 2630 2662 2663
3 2668 2630 2663
3 2663 2667 2668
4 2667 2802 2803 2668
4 2802 2898 2899 2803
3 2904 2905 2804
3 2804 2803 2899
3 2900 2904 2804
3 2899 2900 2804
4 2904 2929 2930 2905
4 2804 2905 2906 2805
5 2905 2930 2931 2932 2906
4 2323 2391 2392 2324
3 2391 2469 2470
3 2396 2392 2391
3 2396 2391 2470
3 2470 2397 2396
4 2397 2470 2471 2398
4 2398 2471 2472 2399
3 2554 2555 2490
3 2472 2471 2554
3 2554 2490 2489
3 2554 2489 2472
4 2554 2633 2634 2555
4 2490 2555 2556 2491
5 2555 2634 2635 2567 2556
4 2931 2990 2991 2932
4 2990 3008 3009 2991
4 2932 2991 2992 2933
4 2991 3009 3010 2992
4 2933 2992 2993 2934
3 2993 2992 3010
3 2993 3010 3011
3 3016 3017 2993
3 3011 3016 2993
4 3016 3022 3023 3017
5 3022 3031 3045 3046 3023
5 3045 3077 3081 3082 3046
4 3081 3087 3088 3082
5 3087 3105 3109 3110 3088
4 3109 3126 3127 3110
4 3126 3165 3166 3127
5 3165 3174 3179 3180 3166
4 3179 3185 3186 3180
5 3185 3202 3209 3210 3186
5 3209 3221 3225 3226 3210
4 3225 3239 3240 3226
5 3239 3249 3253 3254 3240
4 3253 3278 3279 3254
4 2567 2635 2636 2568
4 2568 2636 2637 2569
4 2635 2669 2670 2636
4 2669 2807 2808 2670
4 2636 2670 2671 2637
3 2671 2670 2808
3 2674 2671 2808
3 2674 2808 2809
3 2809 2675 2674
4 2675 2809 2810 2676
5 2676 2810 2811 2678 2677
5 2678 2811 2812 2680 2679
4 2680 2812 2813 2681
5 2681 2813 2814 2683 2682
4 2683 2814 2815 2684
4 2684 2815 2816 2685
5 2685 2816 2817 2687 2686
4 2687 2817 2818 2688
5 2688 2818 2819 2690 2689
5 2690 2819 2820 2692 2691
4 2692 2820 2821 2693
5 2693 2821 2822 2695 2694
4 2695 2822 2823 2696
4 3261 3298 3299 3262
4 3298 3312 3313 3299
4 3262 3299 3300 3263
4 3299 3313 3314 3300
4 3312 3326 3327 3313
4 3326 3342 3343 3327
5 3313 3327 3328 3318 3314
4 3327 3343 3344 3328
4 3342 3366 3367 3343
4 3366 3372 3373 3367
5 3343 3367 3368 3350 3344
4 3367 3373 3374 3368
4 3372 3386 3387 3373
4 3386 3404 3405 3387
4 3373 3387 3388 3374
5 3387 3405 3406 3391 3388
4 3404 3442 3443 3405
4 3442 3464 3465 3443
4 3405 3443 3444 3406
5 3443 3465 3466 3447 3444
4 3464 3470 3471 3465
4 3470 3486 3487 3471
4 3465 3471 3472 3466
4 3471 3487 3488 3472
4 3486 3529 3530 3487
4 3529 3535 3536 3530
4 3487 3530 3531 3488
4 3530 3536 3537 3531
4 3535 3559 3560 3536
4 3559 3572 3573 3560
5 3536 3560 3561 3541 3537
4 3560 3573 3574 3561
4 3572 3646 3647 3573
4 3646 3660 3661 3647
5 3573 3647 3648 3638 3574
4 3647 3661 3662 3648
4 3660 3879 3880 3661
4 3879 3906 3907 3880
4 3661 3880 3881 3662
5 3880 3907 3908 3889 3881
4 3906 3991 3992 3907
4 3991 4073 4074 3992
4 3907 3992 3993 3908
5 3992 4074 4075 4064 3993
4 4073 4157 4158 4074
4 4157 4236 4237 4158
4 4074 4158 4159 4075
4 4158 4237 4238 4159
4 4236 4397 4398 4237
4 4397 4472 4473 4398
4 4237 4398 4399 4238
4 4398 4473 4474 4399
4 4472 4489 4490 4473
4 4489 4503 4504 4490
5 4473 4490 4491 4481 4474
4 4490 4504 4505 4491
4 4503 4524 4525 4504
4 4524 4531 4532 4525
5 4504 4525 4526 4512 4505
4 4525 4532 4533 4526
4 4531 4544 4545 4532
4 4544 4565 4566 4545
4 4532 4545 4546 4533
5 4545 4566 4567 4551 4546
4 4565 4586 4587 4566
4 4586 4612 4613 4587
4 4566 4587 4588 4567
5 4587 4613 4614 4594 4588
4 4612 4621 4622 4613
4 4621 4642 4643 4622
4 4613 4622 4623 4614
4 4622 4643 4644 4623
4 4642 4666 4667 4643
4 4666 4673 4674 4667
4 4643 4667 4668 4644
4 4667 4674 4675 4668
4 4673 4696 4697 4674
4 4696 4707 4708 4697
5 4674 4697 4698 4680 4675
4 4697 4708 4709 4698
4 4707 4733 4734 4708
4 4733 4748 4749 4734
5 4708 4734 4735 4725 4709
4 4734 4749 4750 4735
4 4748 4755 4756 4749
4 4755 4780 4781 4756
4 4749 4756 4757 4750
5 4756 4781 4782 4761 4757
4 4780 4797 4798 4781
4 4797 4812 4813 4798
4 4781 4798 4799 4782
5 4798 4813 4814 4803 4799
4 4812 4827 4828 4813
4 4827 4839 4840 4828
4 4813 4828 4829 4814
4 4828 4840 4841 4829
4 4839 4865 4866 4840
4 4865 4880 4881 4866
4 4840 4866 4867 4841
4 4866 4881 4882 4867
4 4880 4895 4896 4881
4 4895 4912 4913 4896
5 4881 4896 4897 4887 4882
4 4896 4913 4914 4897
4 4912 4937 4938 4913
4 4937 4944 4945 4938
5 4913 4938 4939 4921 4914
4 4938 4945 4946 4939
4 4944 4959 4960 4945
4 4959 4978 4979 4960
4 4945 4960 4961 4946
5 4960 4979 4980 4965 4961
4 4978 4996 4997 4979
4 4996 5019 5020 4997
4 4979 4997 4998 4980
5 4997 5020 5021 5002 4998
4 5019 5026 5027 5020
4 5026 5043 5044 5027
4 5020 5027 5028 5021
4 5027 5044 5045 5028
4 5043 5067 5068 5044
4 5067 5074 5075 5068
4 5044 5068 5069 5045
4 5068 5075 5076 5069
4 5074 5099 5100 5075
4 5099 5113 5114 5100
3 5075 5100 5101
3 5081 5076 5075
3 5081 5075 5101
3 5101 5082 5081
4 5100 5114 5115 5101
4 5082 5101 5102 5083
4 5101 5115 5116 5102
4 5083 5102 5103 5084
4 5102 5116 5117 5103
4 5115 5142 5143 5116
4 5142 5160 5161 5143
3 5116 5143 5144
3 5134 5117 5116
3 5134 5116 5144
3 5144 5135 5134
4 5143 5161 5162 5144
5 5135 5144 5145 5146 5136
4 5144 5162 5163 5145
4 5145 5163 5164 5146
4 5162 5169 5170 5163
4 5169 5197 5198 5170
4 5163 5170 5171 5164
3 5198 5199 5176
3 5198 5176 5175
3 5171 5170 5198
3 5198 5175 5171
4 5176 5199 5200 5177
4 5199 5217 5218 5200
3 5231 5232 5225
3 5231 5225 5224
3 5218 5217 5231
3 5231 5224 5218
4 5231 5246 5247 5232
5 5246 5259 5260 5261 5247
4 5259 5280 5281 5260
4 5280 5292 5293 5281
5 5260 5281 5282 5262 5261
4 5281 5293 5294 5282
4 5292 5304 5305 5293
4 5304 5318 5319 5305
3 5293 5305 5306
3 5300 5294 5293
3 5300 5293 5306
3 5306 5301 5300
4 5305 5319 5320 5306
4 5301 5306 5307 5302
4 5306 5320 5321 5307
4 5320 5394 5395 5321
3 5394 5470 5471
3 5398 5395 5394
3 5471 5399 5398
3 5394 5471 5398
4 5399 5471 5472 5400
4 5400 5472 5473 5401
4 5401 5473 5474 5402
4 5472 5613 5614 5473
4 5613 5694 5695 5614
3 5473 5614 5615
3 5615 5482 5481
3 5473 5615 5481
3 5473 5481 5474
4 5614 5695 5696 5615
4 5482 5615 5616 5483
4 5615 5696 5697 5616
5 5483 5616 5617 5548 5484
4 5616 5697 5698 5617
5 5548 5617 5698 5699 5549
4 5549 5699 5700 5550
3 5551 5550 5700
3 5623 5551 5700
3 5623 5700 5701
3 5701 5624 5623
4 5624 5701 5702 5625
4 5625 5702 5703 5626
3 5703 5702 5785
3 5722 5703 5785
3 5722 5785 5786
3 5786 5723 5722
4 5785 5797 5798 5786
4 5723 5786 5787 5724
4 5786 5798 5799 5787
4 5724 5787 5788 5725
4 5787 5799 5800 5788
5 5725 5788 5800 5801 5726
4 5799 5870 5871 5800
4 5870 5886 5887 5871
3 5800 5871 5872
3 5872 5812 5811
3 5800 5872 5811
3 5800 5811 5801
4 5871 5887 5888 5872
4 3278 3301 3302 3279
5 3301 3310 3315 3316 3302
4 3315 3329 3330 3316
5 3329 3338 3345 3346 3330
5 3345 3365 3369 3370 3346
4 3369 3375 3376 3370
5 3375 3385 3389 3390 3376
4 3389 3414 3415 3390
4 3555 3562 3563 3556
4 3562 3582 3583 3563
4 3414 3445 3446 3415
5 3445 3462 3467 3468 3446
4 3467 3473 3474 3468
5 3473 3482 3496 3497 3474
5 3496 3528 3532 3533 3497
4 3532 3538 3539 3533
4 3556 3563 3564 3557
4 3563 3583 3584 3564
3 3557 3564 3565
3 3558 3557 3565
3 3558 3565 3539
3 3538 3558 3539
4 3564 3584 3585 3565
5 3988 4076 4077 3994 3989
3 4094 4160 4161
3 4095 4094 4161
3 4095 4161 4077
3 4076 4095 4077
4 4160 4248 4249 4161
4 4246 4400 4401 4247
4 4400 4405 4406 4401
6 4247 4401 4402 4330 4249 4248
4 4401 4406 4407 4402
4 3656 3663 3664 3657
4 3900 3909 3910 3901
4 3663 3882 3883 3664
3 3910 3911 3883
3 3902 3901 3910
3 3902 3910 3883
3 3882 3902 3883
4 3580 3649 3650 3581
3 3665 3650 3649
3 3657 3664 3665
3 3665 3649 3658
3 3658 3657 3665
5 3581 3650 3651 3583 3582
4 3650 3665 3666 3651
3 3995 3910 3909
3 3995 3909 3990
3 3989 3994 3995
3 3990 3989 3995
4 3994 4077 4078 3995
4 3910 3995 3996 3911
4 3995 4078 4079 3996
4 4079 4162 4163 4080
4 4162 4251 4252 4163
4 4080 4163 4164 4081
3 4170 4164 4163
3 4169 4170 4163
3 4169 4163 4252
3 4252 4253 4169
3 4082 4081 4164
3 4164 4165 4096
3 4082 4164 4096
3 4096 4097 4082
4 4164 4170 4171 4165
4 4082 4097 4098 4083
4 3913 3997 3998 3914
3 4006 3998 3997
3 3997 4083 4084
3 4005 4006 3997
3 3997 4084 4005
5 3914 3998 3999 3930 3915
4 3998 4006 4007 3999
4 4083 4098 4099 4084
4 4249 4330 4331 4250
3 4250 4331 4332
3 4250 4332 4265
3 4251 4250 4265
3 4265 4266 4251
5 4251 4266 4267 4253 4252
4 3668 3884 3885 3669
4 3884 3915 3916 3885
3 3669 3885 3886
3 3669 3886 3755
3 3670 3669 3755
3 3755 3756 3670
4 3885 3916 3917 3886
4 3670 3756 3757 3671
5 3671 3757 3758 3759 3672
4 3915 3930 3931 3916
4 3916 3931 3932 3917
5 3672 3759 3760 3761 3673
4 3673 3761 3762 3674
5 3674 3762 3763 3764 3675
4 3675 3764 3765 3676
4 3676 3765 3766 3677
5 3677 3766 3767 3768 3678
4 3678 3768 3769 3679
5 3679 3769 3770 3771 3680
5 3680 3771 3772 3773 3681
4 3681 3773 3774 3682
5 3682 3774 3775 3776 3683
4 3683 3776 3777 3684
4 5812 5872 5873 5813
4 5872 5888 5889 5873
4 5813 5873 5874 5814
4 5873 5889 5890 5874
4 5888 6069 6070 5889
4 6069 6200 6201 6070
3 5889 6070 6071
3 6071 5903 5902
3 5889 6071 5902
3 5889 5902 5890
4 6070 6201 6202 6071
4 5903 6071 6072 5904
4 6071 6202 6203 6072
4 5904 6072 6073 5905
4 6072 6203 6204 6073
4 5905 6073 6074 5906
4 6073 6204 6205 6074
4 5906 6074 6075 5907
4 6074 6205 6206 6075
5 5907 6075 6076 5909 5908
4 6075 6206 6207 6076
4 5909 6076 6077 5910
4 6076 6207 6208 6077
5 5910 6077 6078 5912 5911
4 6077 6208 6209 6078
4 5912 6078 6079 5913
4 6078 6209 6210 6079
4 5913 6079 6080 5914
4 6079 6210 6211 6080
5 5914 6080 6081 5916 5915
4 6080 6211 6212 6081
4 5916 6081 6082 5917
4 6081 6212 6213 6082
5 5917 6082 6083 5919 5918
4 6082 6213 6214 6083
4 5919 6083 6084 5920
4 6083 6214 6215 6084
4 5920 6084 6085 5921
4 6084 6215 6216 6085
4 5921 6085 6086 5922
4 6085 6216 6217 6086
4 5922 6086 6087 5923
4 6086 6217 6218 6087
5 5923 6087 6088 5925 5924
4 6087 6218 6219 6088
4 5925 6088 6089 5926
4 6088 6219 6220 6089
5 5926 6089 6090 5928 5927
4 6089 6220 6221 6090
4 5928 6090 6091 5929
4 6090 6221 6222 6091
4 5929 6091 6092 5930
4 6091 6222 6223 6092
5 5930 6092 6093 5932 5931
4 6092 6223 6224 6093
4 5932 6093 6094 5933
4 6093 6224 6225 6094
5 5933 6094 6095 5935 5934
4 6094 6225 6226 6095
4 5935 6095 6096 5936
4 6095 6226 6227 6096
4 5936 6096 6097 5937
4 6096 6227 6228 6097
4 5937 6097 6098 5938
4 6097 6228 6229 6098
4 5938 6098 6099 5939
4 6098 6229 6230 6099
5 5939 6099 6100 5941 5940
4 6099 6230 6231 6100
4 5941 6100 6101 5942
4 6100 6231 6232 6101
5 5942 6101 6102 5944 5943
4 6101 6232 6233 6102
4 5944 6102 6103 5945
4 6102 6233 6234 6103
4 5945 6103 6104 5946
4 6103 6234 6235 6104
5 5946 6104 6105 5948 5947
4 6104 6235 6236 6105
4 5948 6105 6106 5949
4 6105 6236 6237 6106
5 5949 6106 6107 5951 5950
4 6106 6237 6238 6107
4 5951 6107 6108 5952
4 6107 6238 6239 6108
4 5952 6108 6109 5953
4 6108 6239 6240 6109
4 5953 6109 6110 5954
4 6109 6240 6241 6110
4 5954 6110 6111 5955
4 6110 6241 6242 6111
5 5955 6111 6112 5957 5956
4 6111 6242 6243 6112
4 5957 6112 6113 5958
4 6112 6243 6244 6113
5 5958 6113 6114 5960 5959
4 6113 6244 6245 6114
4 5960 6114 6115 5961
4 6114 6245 6246 6115
4 5961 6115 6116 5962
4 6115 6246 6247 6116
5 5962 6116 6117 5964 5963
4 6116 6247 6248 6117
4 5964 6117 6118 5965
4 6117 6248 6249 6118
5 5965 6118 6119 5967 5966
4 6118 6249 6250 6119
4 5967 6119 6120 5968
4 6119 6250 6251 6120
4 5968 6120 6121 5969
4 6120 6251 6252 6121
4 5969 6121 6122 5970
4 6121 6252 6253 6122
4 5970 6122 6123 5971
4 6122 6253 6254 6123
5 5971 6123 6124 5973 5972
4 6123 6254 6255 6124
4 5973 6124 6125 5974
4 6124 6255 6256 6125
5 5974 6125 6126 5976 5975
4 6125 6256 6257 6126
4 5976 6126 6127 5977
4 6126 6257 6258 6127
4 5977 6127 6128 5978
4 6127 6258 6259 6128
5 5978 6128 6129 5980 5979
4 6128 6259 6260 6129
4 5980 6129 6130 5981
4 6129 6260 6261 6130
5 5981 6130 6131 5983 5982
4 6130 6261 6262 6131
4 5983 6131 6132 5984
4 6131 6262 6263 6132
4 5984 6132 6133 5985
4 6132 6263 6264 6133
4 288 419 420 289
4 419 567 568 420
4 289 420 421 290
4 420 568 569 421
4 290 421 422 291
5 421 569 570 571 422
4 291 422 423 292
4 422 571 572 423
4 292 423 424 293
5 423 572 573 574 424
4 293 424 425 294
4 424 574 575 425
4 294 425 426 295
4 425 575 576 426
4 295 426 427 296
5 426 576 577 578 427
4 296 427 428 297
4 427 578 579 428
4 297 428 429 298
5 428 579 580 581 429
4 298 429 430 299
4 429 581 582 430
4 299 430 431 300
4 430 582 583 431
4 300 431 432 301
4 431 583 584 432
4 301 432 433 302
4 432 584 585 433
4 302 433 434 303
5 433 585 586 587 434
4 303 434 435 304
4 434 587 588 435
4 304 435 436 305
5 435 588 589 590 436
4 305 436 437 306
4 436 590 591 437
4 306 437 438 307
4 437 591 592 438
4 307 438 439 308
5 438 592 593 594 439
4 308 439 440 309
4 439 594 595 440
4 309 440 441 310
5 440 595 596 597 441
4 310 441 442 311
4 441 597 598 442
4 311 442 443 312
4 442 598 599 443
4 312 443 444 313
4 443 599 600 444
4 313 444 445 314
4 444 600 601 445
4 314 445 446 315
5 445 601 602 603 446
4 315 446 447 316
4 446 603 604 447
4 316 447 448 317
5 447 604 605 606 448
4 317 448 449 318
4 448 606 607 449
4 318 449 450 319
4 449 607 608 450
4 319 450 451 320
5 450 608 609 610 451
4 320 451 452 321
4 451 610 611 452
4 321 452 453 322
5 452 611 612 613 453
4 322 453 454 323
4 453 613 614 454
4 323 454 455 324
4 454 614 615 455
4 324 455 456 325
4 455 615 616 456
4 325 456 457 326
4 456 616 617 457
4 326 457 458 327
5 457 617 618 619 458
4 327 458 459 328
4 458 619 620 459
4 328 459 460 329
5 459 620 621 622 460
4 329 460 461 330
4 460 622 623 461
4 330 461 462 331
4 461 623 624 462
4 331 462 463 332
5 462 624 625 626 463
4 332 463 464 333
4 463 626 627 464
4 333 464 465 334
5 464 627 628 629 465
4 334 465 466 335
4 465 629 630 466
4 335 466 467 336
4 466 630 631 467
4 336 467 468 337
4 467 631 632 468
4 337 468 469 338
4 468 632 633 469
4 338 469 470 339
5 469 633 634 635 470
4 339 470 471 340
4 470 635 636 471
4 340 471 472 341
5 471 636 637 638 472
4 341 472 473 342
4 472 638 639 473
4 342 473 474 343
4 473 639 640 474
4 343 474 475 344
5 474 640 641 642 475
4 344 475 476 345
4 475 642 643 476
4 345 476 477 346
5 476 643 644 645 477
4 346 477 478 347
4 477 645 646 478
4 347 478 479 348
4 478 646 647 479
4 348 479 480 349
4 479 647 648 480
4 349 480 481 350
4 480 648 649 481
4 350 481 482 351
3 663 482 481
3 481 649 650
3 663 481 650
3 650 662 663
4 351 482 483 352
4 482 663 664 483
4 662 678 679 663
4 678 738 739 679
4 663 679 680 664
4 679 739 740 680
4 2696 2823 2824 2697
5 2697 2824 2825 2699 2698
4 2699 2825 2826 2700
5 2700 2826 2827 2702 2701
5 2702 2827 2828 2704 2703
4 2704 2828 2829 2705
5 2705 2829 2830 2707 2706
4 2707 2830 2831 2708
4 2708 2831 2832 2709
5 2709 2832 2833 2711 2710
4 2711 2833 2834 2712
5 2712 2834 2835 2714 2713
5 2714 2835 2836 2716 2715
4 2716 2836 2837 2717
5 2717 2837 2838 2719 2718
4 2719 2838 2839 2720
4 2720 2839 2840 2721
5 2721 2840 2841 2723 2722
4 2723 2841 2842 2724
5 2724 2842 2843 2726 2725
5 2726 2843 2844 2728 2727
4 2728 2844 2845 2729
5 2729 2845 2846 2731 2730
4 2731 2846 2847 2732
4 2732 2847 2848 2733
5 2733 2848 2849 2735 2734
4 2735 2849 2850 2736
5 2736 2850 2851 2738 2737
5 2738 2851 2852 2740 2739
4 2740 2852 2853 2741
5 2741 2853 2854 2743 2742
4 2743 2854 2855 2744
4 2744 2855 2856 2745
5 2745 2856 2857 2747 2746
4 2747 2857 2858 2748
5 2748 2858 2859 2750 2749
5 2750 2859 2860 2752 2751
4 2752 2860 2861 2753
5 2753 2861 2862 2755 2754
4 2755 2862 2863 2756
4 2756 2863 2864 2757
5 2757 2864 2865 2759 2758
4 2759 2865 2866 2760
5 2760 2866 2867 2762 2761
5 2762 2867 2868 2764 2763
4 2764 2868 2869 2765
5 2765 2869 2870 2767 2766
4 2767 2870 2871 2768
4 2768 2871 2872 2769
5 2769 2872 2873 2771 2770
4 2771 2873 2874 2772
5 2772 2874 2875 2774 2773
5 2774 2875 2876 2776 2775
4 2776 2876 2877 2777
5 2777 2877 2878 2779 2778
4 2779 2878 2879 2780
4 2780 2879 2880 2781
5 2781 2880 2881 2783 2782
4 2783 2881 2882 2784
5 2784 2882 2883 2786 2785
5 2786 2883 2884 2788 2787
4 2788 2884 2885 2789
5 2789 2885 2886 2791 2790
4 2791 2886 2887 2792
4 664 680 681 665
3 752 681 680
3 680 740 741
3 752 680 741
3 741 751 752
4 665 681 682 666
4 681 752 753 682
5 751 826 827 764 752
4 752 764 765 753
4 764 827 828 765
4 753 765 766 754
4 765 828 829 766
4 754 766 767 755
3 849 850 767
3 830 849 767
3 767 766 829
3 829 830 767
4 849 926 927 850
4 850 927 928 851
3 1001 1002 852
3 929 1001 852
3 852 851 928
3 928 929 852
4 852 1002 1003 853
5 853 1003 1004 935 854
4 854 935 936 855
5 935 1004 1068 1069 936
4 855 936 937 856
4 936 1069 1070 937
4 856 937 938 857
3 1079 938 937
3 937 1070 1071
3 1079 937 1071
3 1071 1078 1079
4 857 938 939 858
4 938 1079 1080 939
4 1078 1150 1151 1079
4 1079 1151 1152 1080
4 1080 1152 1153 1081
3 1158 1082 1081
3 1081 1153 1154
3 1154 1157 1158
3 1081 1154 1158
4 1157 1231 1232 1158
4 1231 1239 1240 1232
3 1247 1233 1232
3 1241 1246 1247
3 1241 1247 1232
3 1232 1240 1241
4 1246 1258 1259 1247
4 1233 1247 1248 1234
4 1247 1259 1260 1248
3 1259 1258 1265
3 1259 1265 1266
3 1270 1271 1259
3 1266 1270 1259
6 1270 1289 1290 1291 1272 1271
4 1259 1271 1272 1260
4 1290 1303 1304 1291
4 1305 1304 1303 1311
3 1305 1311 1312
3 1317 1318 1305
3 1312 1317 1305
4 1291 1304 1305 1292
4 1292 1305 1306 1293
4 1305 1318 1319 1306
4 1317 1331 1332 1318
5 1331 1341 1342 1333 1332
4 1318 1332 1333 1319
4 1319 1333 1334 1320
3 1354 1334 1333
3 1343 1353 1354
3 1343 1354 1333
3 1333 1342 1343
4 1320 1334 1335 1321
4 1334 1354 1355 1335
4 1353 1374 1375 1354
4 1354 1375 1376 1355
3 1382 1356 1355
3 1377 1381 1382
3 1377 1382 1355
3 1355 1376 1377
4 1381 1391 1392 1382
4 1356 1382 1383 1357
4 1382 1392 1393 1383
5 1391 1402 1408 1409 1392
4 1408 1437 1438 1409
4 1392 1409 1410 1393
4 1409 1438 1439 1410
4 1437 1451 1452 1438
5 1451 1471 1476 1477 1452
4 1438 1452 1453 1439
4 1452 1477 1478 1453
4 1476 1483 1484 1477
5 1483 1493 1507 1508 1484
4 1477 1484 1485 1478
4 1484 1508 1509 1485
5 1507 1520 1524 1525 1508
4 1524 1531 1532 1525
4 1508 1525 1526 1509
4 1525 1532 1533 1526
5 1531 1550 1554 1555 1532
4 1554 1572 1573 1555
4 1532 1555 1556 1533
4 1555 1573 1574 1556
4 1572 1591 1592 1573
5 1591 1601 1606 1607 1592
4 1573 1592 1593 1574
4 1592 1607 1608 1593
4 1606 1613 1614 1607
5 1613 1631 1638 1639 1614
4 1607 1614 1615 1608
4 1614 1639 1640 1615
5 1638 1651 1655 1656 1639
4 1655 1670 1671 1656
4 1639 1656 1657 1640
4 1656 1671 1672 1657
5 1670 1681 1685 1686 1671
4 1685 1711 1712 1686
4 1671 1686 1687 1672
4 1686 1712 1713 1687
4 1711 1723 1724 1712
5 1723 1733 1738 1739 1724
4 1712 1724 1725 1713
4 1724 1739 1740 1725
4 1738 1753 1754 1739
5 1753 1763 1770 1771 1754
4 1739 1754 1755 1740
4 1754 1771 1772 1755
5 1770 1791 1795 1796 1771
4 1795 1802 1803 1796
4 1771 1796 1797 1772
4 1796 1803 1804 1797
5 1802 1813 1817 1818 1803
4 1817 1843 1844 1818
4 1803 1818 1819 1804
4 1818 1844 1845 1819
4 1955 1962 1963 1956
4 1962 1982 1983 1963
4 1956 1963 1964 1957
4 1963 1983 1984 1964
4 1920 1927 1928 1921
4 1927 1936 1937 1928
4 1921 1928 1929 1922
4 1928 1937 1938 1929
3 1964 1965 1937
3 1937 1936 1958
3 1964 1937 1958
3 1958 1957 1964
4 1964 1984 1985 1965
4 1937 1965 1966 1938
4 1965 1985 1986 1966
4 1843 1854 1855 1844
5 1854 1872 1877 1878 1855
4 1844 1855 1856 1845
4 1855 1878 1879 1856
4 1877 1884 1885 1878
5 1884 1894 1908 1909 1885
4 1878 1885 1886 1879
4 1885 1909 1910 1886
3 1929 1930 1909
3 1909 1908 1923
3 1929 1909 1923
3 1923 1922 1929
4 1929 1938 1939 1930
4 1909 1930 1931 1910
4 1930 1939 1940 1931
4 2620 2638 2639 2621
4 2792 2887 2888 2793
5 2793 2888 2889 2795 2794
4 2795 2889 2890 2796
4 2638 2672 2673 2639
3 2890 2891 2673
3 2673 2672 2797
3 2890 2673 2797
3 2797 2796 2890
4 2544 2557 2558 2545
3 2621 2639 2640
3 2640 2558 2557
3 2622 2621 2640
3 2557 2622 2640
4 2545 2558 2559 2546
4 2558 2640 2641 2559
4 2454 2473 2474 2455
4 2455 2474 2475 2456
3 2559 2560 2474
3 2474 2473 2547
3 2547 2546 2559
3 2547 2559 2474
4 2559 2641 2642 2560
4 2474 2560 2561 2475
4 2560 2642 2643 2561
4 2284 2311 2312 2285
4 2285 2312 2313 2286
3 2313 2314 2220
3 2220 2219 2287
3 2313 2220 2287
3 2287 2286 2313
3 2012 2018 2019
3 2013 2012 2019
3 2013 2019 2006
3 2005 2013 2006
4 1980 2005 2006 1981
5 2018 2026 2027 2028 2019
3 2039 2047 2048
3 2040 2039 2048
3 2040 2048 2027
3 2026 2040 2027
4 2027 2048 2049 2028
4 2054 2060 2061 2055
4 2060 2076 2077 2061
4 2220 2314 2315 2221
4 2076 2154 2155 2077
3 2315 2316 2155
3 2222 2221 2315
3 2222 2315 2155
3 2154 2222 2155
3 2061 2062 2048
3 2048 2047 2056
3 2061 2048 2056
3 2056 2055 2061
4 2061 2077 2078 2062
4 2048 2062 2063 2049
4 2062 2078 2079 2063
4 2381 2393 2394 2382
5 2393 2456 2475 2476 2394
3 2382 2394 2395
3 2395 2312 2311
3 2383 2382 2395
3 2311 2383 2395
4 2394 2476 2477 2395
5 1981 2006 2007 1983 1982
4 2006 2019 2020 2007
4 1983 2007 2008 1984
4 2007 2020 2021 2008
4 3684 3777 3778 3685
5 3685 3778 3779 3780 3686
4 3686 3780 3781 3687
5 3687 3781 3782 3783 3688
5 3688 3783 3784 3785 3689
4 3689 3785 3786 3690
5 3690 3786 3787 3788 3691
4 3691 3788 3789 3692
4 3692 3789 3790 3693
5 3693 3790 3791 3792 3694
4 3694 3792 3793 3695
5 3695 3793 3794 3795 3696
5 3696 3795 3796 3797 3697
4 3697 3797 3798 3698
5 3698 3798 3799 3800 3699
4 3699 3800 3801 3700
4 3700 3801 3802 3701
5 3701 3802 3803 3804 3702
4 3702 3804 3805 3703
5 3703 3805 3806 3807 3704
5 3704 3807 3808 3809 3705
4 3705 3809 3810 3706
5 3706 3810 3811 3812 3707
4 3707 3812 3813 3708
4 3708 3813 3814 3709
5 3709 3814 3815 3816 3710
4 3710 3816 3817 3711
5 3711 3817 3818 3819 3712
5 3712 3819 3820 3821 3713
4 3713 3821 3822 3714
5 3714 3822 3823 3824 3715
4 3715 3824 3825 3716
4 3716 3825 3826 3717
5 3717 3826 3827 3828 3718
4 3718 3828 3829 3719
5 3719 3829 3830 3831 3720
5 3720 3831 3832 3833 3721
4 3721 3833 3834 3722
5 3722 3834 3835 3836 3723
4 3723 3836 3837 3724
4 3724 3837 3838 3725
5 3725 3838 3839 3840 3726
4 3726 3840 3841 3727
5 3727 3841 3842 3843 3728
5 3728 3843 3844 3845 3729
4 3729 3845 3846 3730
5 3730 3846 3847 3848 3731
4 3731 3848 3849 3732
4 3732 3849 3850 3733
5 3733 3850 3851 3852 3734
4 3734 3852 3853 3735
5 3735 3853 3854 3855 3736
5 3736 3855 3856 3857 3737
4 3737 3857 3858 3738
5 3738 3858 3859 3860 3739
4 3739 3860 3861 3740
4 3740 3861 3862 3741
5 3741 3862 3863 3864 3742
4 3742 3864 3865 3743
5 3743 3865 3866 3867 3744
5 3744 3867 3868 3869 3745
4 3745 3869 3870 3746
5 3746 3870 3871 3872 3747
4 3747 3872 3873 3748
4 5985 6133 6134 5986
4 6133 6264 6265 6134
4 5986 6134 6135 5987
4 6134 6265 6266 6135
5 5987 6135 6136 5989 5988
4 6135 6266 6267 6136
4 5989 6136 6137 5990
4 6136 6267 6268 6137
5 5990 6137 6138 5992 5991
4 6137 6268 6269 6138
4 5992 6138 6139 5993
4 6138 6269 6270 6139
4 5993 6139 6140 5994
4 6139 6270 6271 6140
5 5994 6140 6141 5996 5995
4 6140 6271 6272 6141
4 5996 6141 6142 5997
4 6141 6272 6273 6142
5 5997 6142 6143 5999 5998
4 6142 6273 6274 6143
4 5999 6143 6144 6000
4 6143 6274 6275 6144
4 6000 6144 6145 6001
4 6144 6275 6276 6145
4 6001 6145 6146 6002
4 6145 6276 6277 6146
4 6002 6146 6147 6003
4 6146 6277 6278 6147
5 6003 6147 6148 6005 6004
4 6147 6278 6279 6148
4 6005 6148 6149 6006
4 6148 6279 6280 6149
5 6006 6149 6150 6008 6007
4 6149 6280 6281 6150
4 6008 6150 6151 6009
4 6150 6281 6282 6151
4 6009 6151 6152 6010
4 6151 6282 6283 6152
5 6010 6152 6153 6012 6011
4 6152 6283 6284 6153
4 6012 6153 6154 6013
4 6153 6284 6285 6154
5 6013 6154 6155 6015 6014
4 6154 6285 6286 6155
4 6015 6155 6156 6016
4 6155 6286 6287 6156
4 6016 6156 6157 6017
4 6156 6287 6288 6157
4 6017 6157 6158 6018
4 6157 6288 6289 6158
4 6018 6158 6159 6019
4 6158 6289 6290 6159
5 6019 6159 6160 6021 6020
4 6159 6290 6291 6160
4 6021 6160 6161 6022
4 6160 6291 6292 6161
5 6022 6161 6162 6024 6023
4 6161 6292 6293 6162
4 6024 6162 6163 6025
4 6162 6293 6294 6163
4 6025 6163 6164 6026
4 6163 6294 6295 6164
5 6026 6164 6165 6028 6027
4 6164 6295 6296 6165
4 6028 6165 6166 6029
4 6165 6296 6297 6166
5 6029 6166 6167 6031 6030
4 6166 6297 6298 6167
4 6031 6167 6168 6032
4 6167 6298 6299 6168
4 6032 6168 6169 6033
4 6168 6299 6300 6169
4 6033 6169 6170 6034
4 6169 6300 6301 6170
4 6034 6170 6171 6035
4 6170 6301 6302 6171
5 6035 6171 6172 6037 6036
4 6171 6302 6303 6172
4 6037 6172 6173 6038
4 6172 6303 6304 6173
5 6038 6173 6174 6040 6039
4 6173 6304 6305 6174
4 6040 6174 6175 6041
4 6174 6305 6306 6175
4 6041 6175 6176 6042
4 6175 6306 6307 6176
5 6042 6176 6177 6044 6043
4 6176 6307 6308 6177
4 6044 6177 6178 6045
4 6177 6308 6309 6178
5 6045 6178 6179 6047 6046
4 6178 6309 6310 6179
4 6047 6179 6180 6048
4 6179 6310 6311 6180
4 6048 6180 6181 6049
4 6180 6311 6312 6181
4 6049 6181 6182 6050
4 6181 6312 6313 6182
4 6050 6182 6183 6051
4 6182 6313 6314 6183
5 6051 6183 6184 6053 6052
4 6183 6314 6315 6184
4 6053 6184 6185 6054
4 6184 6315 6316 6185
5 6054 6185 6186 6056 6055
4 6185 6316 6317 6186
4 6056 6186 6187 6057
4 6186 6317 6318 6187
4 6057 6187 6188 6058
4 6187 6318 6319 6188
5 6058 6188 6189 6060 6059
4 6188 6319 6320 6189
4 6060 6189 6190 6061
4 6189 6320 6321 6190
5 6061 6190 6191 6063 6062
4 6190 6321 6322 6191
4 6063 6191 6192 6064
4 6191 6322 6323 6192
4 6064 6192 6193 6065
4 6192 6323 6324 6193
4 5866 5875 5876 5867
4 5875 5891 5892 5876
4 5867 5876 5877 5868
4 5876 5892 5893 5877
4 6065 6193 6194 6066
4 6193 6324 6325 6194
4 6066 6194 6195 6067
4 6194 6325 6326 6195
3 6195 6196 5892
3 6068 6067 6195
3 6068 6195 5892
3 5891 6068 5892
4 6195 6326 6327 6196
4 5892 6196 6197 5893
4 6196 6327 6328 6197
4 3748 3873 3874 3749
5 3749 3874 3875 3876 3750
4 3750 3876 3877 3751
3 3888 3752 3751
3 3878 3887 3888
3 3878 3888 3751
3 3751 3877 3878
4 3887 3918 3919 3888
4 3918 3983 3984 3919
3 3920 3919 3984
3 4000 4001 3920
3 3920 3984 3985
3 3985 4000 3920
4 4000 4060 4061 4001
4 3920 4001 4002 3921
4 4001 4061 4062 4002
4 3921 4002 4003 3922
3 4086 4003 4002
3 4063 4085 4086
3 4002 4062 4063
3 4002 4063 4086
4 3922 4003 4004 3923
4 4003 4086 4087 4004
4 4085 4154 4155 4086
4 4086 4155 4156 4087
5 4087 4156 4166 4167 4088
4 4166 4228 4229 4167
4 4088 4167 4168 4089
3 4168 4167 4229
3 4254 4255 4168
3 4168 4229 4230
3 4230 4254 4168
4 4254 4326 4327 4255
4 4255 4327 4328 4256
3 4394 4257 4256
3 4329 4393 4394
3 4329 4394 4256
3 4256 4328 4329
4 4257 4394 4395 4258
3 4404 4259 4258
3 4258 4395 4396
3 4404 4258 4396
3 4396 4403 4404
4 4403 4475 4476 4404
4 4475 4492 4493 4476
4 4492 4497 4498 4493
4 4476 4493 4494 4477
3 4507 4494 4493
3 4499 4506 4507
3 4499 4507 4493
3 4493 4498 4499
4 4477 4494 4495 4478
4 4494 4507 4508 4495
3 4507 4506 4522
3 4507 4522 4523
3 4527 4528 4507
3 4523 4527 4507
5 4527 4534 4535 4529 4528
4 4507 4528 4529 4508
3 4535 4534 4542
3 4535 4542 4543
3 4547 4548 4535
3 4543 4547 4535
4 4547 4572 4573 4548
4 4535 4548 4549 4536
5 4548 4573 4574 4575 4549
4 4536 4549 4550 4537
4 4549 4575 4576 4550
4 4574 4589 4590 4575
4 4589 4607 4608 4590
4 4575 4590 4591 4576
4 4590 4608 4609 4591
4 4576 4591 4592 4577
3 4616 4592 4591
3 4610 4615 4616
3 4610 4616 4591
3 4591 4609 4610
4 4577 4592 4593 4578
4 4592 4616 4617 4593
4 4615 4624 4625 4616
4 4624 4635 4636 4625
4 4616 4625 4626 4617
4 4625 4636 4637 4626
4 4617 4626 4627 4618
3 4653 4627 4626
3 4638 4652 4653
3 4638 4653 4626
3 4626 4637 4638
4 4618 4627 4628 4619
4 4627 4653 4654 4628
5 4652 4665 4669 4670 4653
4 4669 4676 4677 4670
4 4653 4670 4671 4654
4 4670 4677 4678 4671
5 4676 4695 4699 4700 4677
4 4699 4717 4718 4700
4 4677 4700 4701 4678
4 4700 4718 4719 4701
4 4717 4736 4737 4718
5 4736 4746 4751 4752 4737
4 4718 4737 4738 4719
4 4737 4752 4753 4738
4 4751 4758 4759 4752
5 4758 4776 4783 4784 4759
4 4752 4759 4760 4753
4 4759 4784 4785 4760
5 4783 4796 4800 4801 4784
4 4800 4815 4816 4801
4 4784 4801 4802 4785
4 4801 4816 4817 4802
5 4815 4826 4830 4831 4816
4 4830 4856 4857 4831
4 4816 4831 4832 4817
4 4831 4857 4858 4832
4 4856 4868 4869 4857
5 4868 4878 4883 4884 4869
4 4857 4869 4870 4858
4 4869 4884 4885 4870
4 4883 4898 4899 4884
5 4898 4908 4915 4916 4899
4 4884 4899 4900 4885
4 4899 4916 4917 4900
5 4915 4936 4940 4941 4916
4 4940 4947 4948 4941
4 4916 4941 4942 4917
4 4941 4948 4949 4942
5 4947 4958 4962 4963 4948
4 4962 4988 4989 4963
4 4948 4963 4964 4949
4 4963 4989 4990 4964
4 4988 4999 5000 4989
5 4999 5017 5022 5023 5000
4 4989 5000 5001 4990
4 5000 5023 5024 5001
4 5022 5029 5030 5023
5 5029 5039 5053 5054 5030
4 5023 5030 5031 5024
4 5030 5054 5055 5031
5 5053 5066 5070 5071 5054
4 5070 5077 5078 5071
4 5054 5071 5072 5055
4 5071 5078 5079 5072
5 5077 5098 5104 5105 5078
4 5104 5125 5126 5105
4 5078 5105 5106 5079
4 5105 5126 5127 5106
4 5682 5704 5705 5683
4 5683 5705 5706 5684
3 5707 5610 5609
3 5707 5609 5685
3 5684 5706 5707
3 5685 5684 5707
4 5610 5707 5708 5611
5 5611 5708 5709 5618 5612
4 5244 5248 5249 5250
3 5245 5244 5250
3 5245 5250 5234
3 5233 5245 5234
4 5248 5269 5270 5249
5 5544 5612 5618 5619 5545
4 5618 5709 5710 5619
4 5545 5619 5620 5546
4 5619 5710 5711 5620
4 5464 5475 5476 5465
4 5465 5476 5477 5466
3 5620 5621 5476
3 5547 5546 5620
3 5547 5620 5476
3 5475 5547 5476
4 5620 5711 5712 5621
4 5476 5621 5622 5477
4 5621 5712 5713 5622
4 5312 5322 5323 5313
6 5268 5283 5284 5285 5270 5269
3 5288 5295 5296
3 5289 5288 5296
3 5289 5296 5284
3 5283 5289 5284
4 5284 5296 5297 5285
4 5295 5308 5309 5296
3 5323 5324 5309
3 5309 5308 5314
3 5323 5309 5314
3 5314 5313 5323
4 5296 5309 5310 5297
4 5309 5324 5325 5310
4 5466 5477 5478 5467
4 5322 5396 5397 5323
3 5478 5479 5397
3 5397 5396 5468
3 5468 5467 5478
3 5468 5478 5397
5 5780 5802 5803 5789 5781
4 5781 5789 5790 5782
4 5789 5803 5804 5790
3 5877 5878 5803
3 5869 5868 5877
3 5869 5877 5803
3 5802 5869 5803
4 5877 5893 5894 5878
4 5803 5878 5879 5804
4 5878 5894 5895 5879
4 5782 5790 5791 5783
4 5790 5804 5805 5791
3 5792 5705 5704
3 5792 5704 5784
3 5783 5791 5792
3 5784 5783 5792
4 5791 5805 5806 5792
4 5188 5201 5202 5189
4 5189 5202 5203 5190
5 5214 5219 5220 5221 5215
4 5219 5233 5234 5220
4 5220 5234 5235 5221
4 5249 5270 5271 5250
4 5234 5250 5251 5235
4 5250 5271 5272 5251
3 5221 5222 5202
3 5202 5201 5216
3 5221 5202 5216
3 5216 5215 5221
4 5221 5235 5236 5222
4 5202 5222 5223 5203
4 5222 5236 5237 5223
4 5125 5147 5148 5126
5 5147 5157 5165 5166 5148
4 5126 5148 5149 5127
4 5148 5166 5167 5149
4 5165 5172 5173 5166
3 5203 5204 5173
3 5173 5172 5191
3 5203 5173 5191
3 5191 5190 5203
4 5166 5173 5174 5167
4 5173 5204 5205 5174
8 1363 1362 1361 1380 1390 1407 1413 1414
4 1414 1413 1458 1459
4 1459 1458 1501 1502
4 1502 1501 1537 1538
4 1538 1537 1582 1583
4 1583 1582 1618 1619
4 1619 1618 1660 1661
4 1661 1660 1698 1699
4 1699 1698 1744 1745
4 1745 1744 1778 1779
4 1779 1778 1822 1823
4 1823 1822 1859 1860
4 1860 1859 1902 1903
4 1903 1902 1944 1945
4 1945 1944 1996 1997
4 1997 1996 2031 2032
4 2032 2031 2066 2067
4 2067 2066 2297 2298
4 2298 2297 2483 2484
4 2484 2483 2652 2653
4 2653 2652 2909 2910
4 2910 2909 2996 2997
4 2997 2996 3039 3040
4 3040 3039 3092 3093
4 3093 3092 3156 3157
4 3157 3156 3189 3190
4 3190 3189 3229 3230
4 3230 3229 3265 3266
4 3266 3265 3320 3321
4 3321 3320 3352 3353
4 3353 3352 3393 3394
4 3394 3393 3449 3450
4 3450 3449 3490 3491
4 3491 3490 3543 3544
4 3544 3543 3640 3641
4 3641 3640 3891 3892
4 3892 3891 4066 4067
4 4067 4066 4240 4241
4 4241 4240 4483 4484
4 4484 4483 4514 4515
4 4515 4514 4553 4554
4 4554 4553 4596 4597
4 4597 4596 4646 4647
4 4647 4646 4682 4683
4 4683 4682 4727 4728
4 4728 4727 4763 4764
4 4764 4763 4805 4806
4 4806 4805 4843 4844
4 4844 4843 4889 4890
4 4890 4889 4923 4924
4 4924 4923 4967 4968
4 4968 4967 5004 5005
4 5005 5004 5047 5048
4 5048 5047 5085 5086
4 5086 5085 5136 5137
8 5137 5136 5146 5164 5171 5175 5176 5177
8 5626 5703 5722 5723 5724 5725 5726 5627
4 5627 5726 5727 5628
4 5628 5727 5728 5629
4 5629 5728 5729 5630
4 5630 5729 5730 5631
4 5631 5730 5731 5632
4 5632 5731 5732 5633
4 5633 5732 5733 5634
4 5634 5733 5734 5635
4 5635 5734 5735 5636
4 5636 5735 5736 5637
4 5637 5736 5737 5638
4 5638 5737 5738 5639
4 5639 5738 5739 5640
4 5640 5739 5740 5641
4 5641 5740 5741 5642
4 5642 5741 5742 5643
4 5643 5742 5743 5644
4 5644 5743 5744 5645
4 5645 5744 5745 5646
4 5646 5745 5746 5647
4 5647 5746 5747 5648
4 5648 5747 5748 5649
4 5649 5748 5749 5650
4 5650 5749 5750 5651
4 5651 5750 5751 5652
4 5652 5751 5752 5653
4 5653 5752 5753 5654
4 5654 5753 5754 5655
4 5655 5754 5755 5656
4 5656 5755 5756 5657
4 5657 5756 5757 5658
4 5658 5757 5758 5659
4 5659 5758 5759 5660
4 5660 5759 5760 5661
4 5661 5760 5761 5662
4 5662 5761 5762 5663
4 5663 5762 5763 5664
4 5664 5763 5764 5665
4 5665 5764 5765 5666
4 5666 5765 5766 5667
4 5667 5766 5767 5668
4 5668 5767 5768 5669
4 5669 5768 5769 5670
4 5670 5769 5770 5671
4 5671 5770 5771 5672
4 5672 5771 5772 5673
4 5673 5772 5773 5674
4 5674 5773 5774 5675
4 5675 5774 5775 5676
4 5676 5775 5776 5677
4 5677 5776 5777 5678
4 5678 5777 5778 5679
4 5679 5778 5779 5680
4 5680 5779 5780 5681
8 5681 5780 5781 5782 5783 5784 5704 5682
6 5244 5245 5233 5219 5214 5213
4 5213 5214 5187 5186
4 5186 5187 5155 5154
4 5154 5155 5123 5122
4 5122 5123 5096 5095
4 5095 5096 5064 5063
4 5063 5064 5037 5036
4 5036 5037 5015 5014
4 5014 5015 4986 4985
4 4985 4986 4956 4955
4 4955 4956 4934 4933
4 4933 4934 4906 4905
4 4905 4906 4876 4875
4 4875 4876 4854 4853
4 4853 4854 4824 4823
4 4823 4824 4794 4793
4 4793 4794 4774 4773
4 4773 4774 4744 4743
4 4743 4744 4715 4714
4 4714 4715 4693 4692
4 4692 4693 4663 4662
4 4662 4663 4634 4633
4 4633 4634 4607 4606
6 4606 4607 4589 4574 4573 4572
7 4154 4085 4063 4062 4061 4060 4153
4 4153 4060 4059 4152
4 4152 4059 4058 4151
4 4151 4058 4057 4150
4 4150 4057 4056 4149
4 4149 4056 4055 4148
4 4148 4055 4054 4147
4 4147 4054 4053 4146
4 4146 4053 4052 4145
4 4145 4052 4051 4144
4 4144 4051 4050 4143
4 4143 4050 4049 4142
4 4142 4049 4048 4141
4 4141 4048 4047 4140
4 4140 4047 4046 4139
4 4139 4046 4045 4138
4 4138 4045 4044 4137
4 4137 4044 4043 4136
4 4136 4043 4042 4135
4 4135 4042 4041 4134
4 4134 4041 4040 4133
4 4133 4040 4039 4132
4 4132 4039 4038 4131
4 4131 4038 4037 4130
4 4130 4037 4036 4129
4 4129 4036 4035 4128
4 4128 4035 4034 4127
4 4127 4034 4033 4126
4 4126 4033 4032 4125
4 4125 4032 4031 4124
4 4124 4031 4030 4123
4 4123 4030 4029 4122
4 4122 4029 4028 4121
4 4121 4028 4027 4120
4 4120 4027 4026 4119
4 4119 4026 4025 4118
4 4118 4025 4024 4117
4 4117 4024 4023 4116
4 4116 4023 4022 4115
4 4115 4022 4021 4114
4 4114 4021 4020 4113
4 4113 4020 4019 4112
4 4112 4019 4018 4111
4 4111 4018 4017 4110
4 4110 4017 4016 4109
4 4109 4016 4015 4108
4 4108 4015 4014 4107
4 4107 4014 4013 4106
4 4106 4013 4012 4105
4 4105 4012 4011 4104
4 4104 4011 4010 4103
4 4103 4010 4009 4102
4 4102 4009 4008 4101
4 4101 4008 4007 4100
6 4100 4007 4006 4005 4084 4099
6 3656 3657 3658 3649 3580 3579
4 3579 3580 3554 3553
4 3553 3554 3526 3525
4 3525 3526 3480 3479
4 3479 3480 3460 3459
4 3459 3460 3412 3411
4 3411 3412 3383 3382
4 3382 3383 3363 3362
4 3362 3363 3336 3335
4 3335 3336 3308 3307
4 3307 3308 3276 3275
4 3275 3276 3247 3246
4 3246 3247 3219 3218
4 3218 3219 3200 3199
4 3199 3200 3172 3171
4 3171 3172 3124 3123
4 3123 3124 3103 3102
4 3102 3103 3075 3074
4 3074 3075 3029 3028
4 3028 3029 3007 3006
4 3006 3007 2929 2928
6 2928 2929 2904 2900 2899 2898
6 2399 2472 2489 2490 2491 2400
4 2400 2491 2492 2401
4 2401 2492 2493 2402
4 2402 2493 2494 2403
4 2403 2494 2495 2404
4 2404 2495 2496 2405
4 2405 2496 2497 2406
4 2406 2497 2498 2407
4 2407 2498 2499 2408
4 2408 2499 2500 2409
4 2409 2500 2501 2410
4 2410 2501 2502 2411
4 2411 2502 2503 2412
4 2412 2503 2504 2413
4 2413 2504 2505 2414
4 2414 2505 2506 2415
4 2415 2506 2507 2416
4 2416 2507 2508 2417
4 2417 2508 2509 2418
4 2418 2509 2510 2419
4 2419 2510 2511 2420
4 2420 2511 2512 2421
4 2421 2512 2513 2422
4 2422 2513 2514 2423
4 2423 2514 2515 2424
4 2424 2515 2516 2425
4 2425 2516 2517 2426
4 2426 2517 2518 2427
4 2427 2518 2519 2428
4 2428 2519 2520 2429
4 2429 2520 2521 2430
4 2430 2521 2522 2431
4 2431 2522 2523 2432
4 2432 2523 2524 2433
4 2433 2524 2525 2434
4 2434 2525 2526 2435
4 2435 2526 2527 2436
4 2436 2527 2528 2437
4 2437 2528 2529 2438
4 2438 2529 2530 2439
4 2439 2530 2531 2440
4 2440 2531 2532 2441
4 2441 2532 2533 2442
4 2442 2533 2534 2443
4 2443 2534 2535 2444
4 2444 2535 2536 2445
4 2445 2536 2537 2446
4 2446 2537 2538 2447
4 2447 2538 2539 2448
4 2448 2539 2540 2449
4 2449 2540 2541 2450
4 2450 2541 2542 2451
4 2451 2542 2543 2452
4 2452 2543 2544 2453
7 2453 2544 2545 2546 2547 2473 2454
6 1980 1981 1982 1962 1955 1954
4 1954 1955 1919 1918
4 1918 1919 1892 1891
4 1891 1892 1870 1869
4 1869 1870 1841 1840
4 1840 1841 1811 1810
4 1810 1811 1789 1788
4 1788 1789 1761 1760
4 1760 1761 1731 1730
4 1730 1731 1709 1708
4 1708 1709 1679 1678
4 1678 1679 1649 1648
4 1648 1649 1629 1628
4 1628 1629 1599 1598
4 1598 1599 1570 1569
4 1569 1570 1548 1547
4 1547 1548 1518 1517
4 1517 1518 1491 1490
4 1490 1491 1469 1468
4 1468 1469 1435 1434
4 1434 1435 1400 1399
4 1399 1400 1373 1372
4 1372 1373 1341 1340
6 1340 1341 1331 1317 1312 1311
8 926 849 830 829 828 827 826 925
4 925 826 825 924
4 924 825 824 923
4 923 824 823 922
4 922 823 822 921
4 921 822 821 920
4 920 821 820 919
4 919 820 819 918
4 918 819 818 917
4 917 818 817 916
4 916 817 816 915
4 915 816 815 914
4 914 815 814 913
4 913 814 813 912
4 912 813 812 911
4 911 812 811 910
4 910 811 810 909
4 909 810 809 908
4 908 809 808 907
4 907 808 807 906
4 906 807 806 905
4 905 806 805 904
4 904 805 804 903
4 903 804 803 902
4 902 803 802 901
4 901 802 801 900
4 900 801 800 899
4 899 800 799 898
4 898 799 798 897
4 897 798 797 896
4 896 797 796 895
4 895 796 795 894
4 894 795 794 893
4 893 794 793 892
4 892 793 792 891
4 891 792 791 890
4 890 791 790 889
4 889 790 789 888
4 888 789 788 887
4 887 788 787 886
4 886 787 786 885
4 885 786 785 884
4 884 785 784 883
4 883 784 783 882
4 882 783 782 881
4 881 782 781 880
4 880 781 780 879
4 879 780 779 878
4 878 779 778 877
4 877 778 777 876
4 876 777 776 875
4 875 776 775 874
4 874 775 774 873
4 873 774 773 872
4 872 773 772 871
8 871 772 771 770 769 768 848 870
7 1413 1412 1411 1429 1450 1457 1458
4 1458 1457 1500 1501
4 1501 1500 1536 1537
4 1537 1536 1581 1582
4 1582 1581 1617 1618
4 1618 1617 1659 1660
4 1660 1659 1697 1698
4 1698 1697 1743 1744
4 1744 1743 1777 1778
4 1778 1777 1821 1822
4 1822 1821 1858 1859
4 1859 1858 1901 1902
4 1902 1901 1943 1944
4 1944 1943 1995 1996
4 1996 1995 2030 2031
4 2031 2030 2065 2066
4 2066 2065 2296 2297
4 2297 2296 2482 2483
4 2483 2482 2651 2652
4 2652 2651 2908 2909
4 2909 2908 2995 2996
4 2996 2995 3038 3039
4 3039 3038 3091 3092
4 3092 3091 3155 3156
4 3156 3155 3188 3189
4 3189 3188 3228 3229
4 3229 3228 3264 3265
4 3265 3264 3319 3320
4 3320 3319 3351 3352
4 3352 3351 3392 3393
4 3393 3392 3448 3449
4 3449 3448 3489 3490
4 3490 3489 3542 3543
4 3543 3542 3639 3640
4 3640 3639 3890 3891
4 3891 3890 4065 4066
4 4066 4065 4239 4240
4 4240 4239 4482 4483
4 4483 4482 4513 4514
4 4514 4513 4552 4553
4 4553 4552 4595 4596
4 4596 4595 4645 4646
4 4646 4645 4681 4682
4 4682 4681 4726 4727
4 4727 4726 4762 4763
4 4763 4762 4804 4805
4 4805 4804 4842 4843
4 4843 4842 4888 4889
4 4889 4888 4922 4923
4 4923 4922 4966 4967
4 4967 4966 5003 5004
4 5004 5003 5046 5047
4 5047 5046 5084 5085
7 5085 5084 5103 5117 5134 5135 5136
7 5726 5801 5811 5812 5813 5814 5727
4 5727 5814 5815 5728
4 5728 5815 5816 5729
4 5729 5816 5817 5730
4 5730 5817 5818 5731
4 5731 5818 5819 5732
4 5732 5819 5820 5733
4 5733 5820 5821 5734
4 5734 5821 5822 5735
4 5735 5822 5823 5736
4 5736 5823 5824 5737
4 5737 5824 5825 5738
4 5738 5825 5826 5739
4 5739 5826 5827 5740
4 5740 5827 5828 5741
4 5741 5828 5829 5742
4 5742 5829 5830 5743
4 5743 5830 5831 5744
4 5744 5831 5832 5745
4 5745 5832 5833 5746
4 5746 5833 5834 5747
4 5747 5834 5835 5748
4 5748 5835 5836 5749
4 5749 5836 5837 5750
4 5750 5837 5838 5751
4 5751 5838 5839 5752
4 5752 5839 5840 5753
4 5753 5840 5841 5754
4 5754 5841 5842 5755
4 5755 5842 5843 5756
4 5756 5843 5844 5757
4 5757 5844 5845 5758
4 5758 5845 5846 5759
4 5759 5846 5847 5760
4 5760 5847 5848 5761
4 5761 5848 5849 5762
4 5762 5849 5850 5763
4 5763 5850 5851 5764
4 5764 5851 5852 5765
4 5765 5852 5853 5766
4 5766 5853 5854 5767
4 5767 5854 5855 5768
4 5768 5855 5856 5769
4 5769 5856 5857 5770
4 5770 5857 5858 5771
4 5771 5858 5859 5772
4 5772 5859 5860 5773
4 5773 5860 5861 5774
4 5774 5861 5862 5775
4 5775 5862 5863 5776
4 5776 5863 5864 5777
4 5777 5864 5865 5778
4 5778 5865 5866 5779
7 5779 5866 5867 5868 5869 5802 5780
6 5214 5215 5216 5201 5188 5187
4 5187 5188 5156 5155
4 5155 5156 5124 5123
4 5123 5124 5097 5096
4 5096 5097 5065 5064
4 5064 5065 5038 5037
4 5037 5038 5016 5015
4 5015 5016 4987 4986
4 4986 4987 4957 4956
4 4956 4957 4935 4934
4 4934 4935 4907 4906
4 4906 4907 4877 4876
4 4876 4877 4855 4854
4 4854 4855 4825 4824
4 4824 4825 4795 4794
4 4794 4795 4775 4774
4 4774 4775 4745 4744
4 4744 4745 4716 4715
4 4715 4716 4694 4693
4 4693 4694 4664 4663
4 4663 4664 4635 4634
8 4634 4635 4624 4615 4610 4609 4608 4607
6 4060 4000 3985 3984 3983 4059
4 4059 3983 3982 4058
4 4058 3982 3981 4057
4 4057 3981 3980 4056
4 4056 3980 3979 4055
4 4055 3979 3978 4054
4 4054 3978 3977 4053
4 4053 3977 3976 4052
4 4052 3976 3975 4051
4 4051 3975 3974 4050
4 4050 3974 3973 4049
4 4049 3973 3972 4048
4 4048 3972 3971 4047
4 4047 3971 3970 4046
4 4046 3970 3969 4045
4 4045 3969 3968 4044
4 4044 3968 3967 4043
4 4043 3967 3966 4042
4 4042 3966 3965 4041
4 4041 3965 3964 4040
4 4040 3964 3963 4039
4 4039 3963 3962 4038
4 4038 3962 3961 4037
4 4037 3961 3960 4036
4 4036 3960 3959 4035
4 4035 3959 3958 4034
4 4034 3958 3957 4033
4 4033 3957 3956 4032
4 4032 3956 3955 4031
4 4031 3955 3954 4030
4 4030 3954 3953 4029
4 4029 3953 3952 4028
4 4028 3952 3951 4027
4 4027 3951 3950 4026
4 4026 3950 3949 4025
4 4025 3949 3948 4024
4 4024 3948 3947 4023
4 4023 3947 3946 4022
4 4022 3946 3945 4021
4 4021 3945 3944 4020
4 4020 3944 3943 4019
4 4019 3943 3942 4018
4 4018 3942 3941 4017
4 4017 3941 3940 4016
4 4016 3940 3939 4015
4 4015 3939 3938 4014
4 4014 3938 3937 4013
4 4013 3937 3936 4012
4 4012 3936 3935 4011
4 4011 3935 3934 4010
4 4010 3934 3933 4009
4 4009 3933 3932 4008
6 4008 3932 3931 3930 3999 4007
6 3580 3581 3582 3562 3555 3554
4 3554 3555 3527 3526
4 3526 3527 3481 3480
4 3480 3481 3461 3460
4 3460 3461 3413 3412
4 3412 3413 3384 3383
4 3383 3384 3364 3363
4 3363 3364 3337 3336
4 3336 3337 3309 3308
4 3308 3309 3277 3276
4 3276 3277 3248 3247
4 3247 3248 3220 3219
4 3219 3220 3201 3200
4 3200 3201 3173 3172
4 3172 3173 3125 3124
4 3124 3125 3104 3103
4 3103 3104 3076 3075
4 3075 3076 3030 3029
4 3029 3030 3008 3007
6 3007 3008 2990 2931 2930 2929
6 2491 2556 2567 2568 2569 2492
4 2492 2569 2570 2493
4 2493 2570 2571 2494
4 2494 2571 2572 2495
4 2495 2572 2573 2496
4 2496 2573 2574 2497
4 2497 2574 2575 2498
4 2498 2575 2576 2499
4 2499 2576 2577 2500
4 2500 2577 2578 2501
4 2501 2578 2579 2502
4 2502 2579 2580 2503
4 2503 2580 2581 2504
4 2504 2581 2582 2505
4 2505 2582 2583 2506
4 2506 2583 2584 2507
4 2507 2584 2585 2508
4 2508 2585 2586 2509
4 2509 2586 2587 2510
4 2510 2587 2588 2511
4 2511 2588 2589 2512
4 2512 2589 2590 2513
4 2513 2590 2591 2514
4 2514 2591 2592 2515
4 2515 2592 2593 2516
4 2516 2593 2594 2517
4 2517 2594 2595 2518
4 2518 2595 2596 2519
4 2519 2596 2597 2520
4 2520 2597 2598 2521
4 2521 2598 2599 2522
4 2522 2599 2600 2523
4 2523 2600 2601 2524
4 2524 2601 2602 2525
4 2525 2602 2603 2526
4 2526 2603 2604 2527
4 2527 2604 2605 2528
4 2528 2605 2606 2529
4 2529 2606 2607 2530
4 2530 2607 2608 2531
4 2531 2608 2609 2532
4 2532 2609 2610 2533
4 2533 2610 2611 2534
4 2534 2611 2612 2535
4 2535 2612 2613 2536
4 2536 2613 2614 2537
4 2537 2614 2615 2538
4 2538 2615 2616 2539
4 2539 2616 2617 2540
4 2540 2617 2618 2541
4 2541 2618 2619 2542
4 2542 2619 2620 2543
6 2543 2620 2621 2622 2557 2544
8 1955 1956 1957 1958 1936 1927 1920 1919
4 1919 1920 1893 1892
4 1892 1893 1871 1870
4 1870 1871 1842 1841
4 1841 1842 1812 1811
4 1811 1812 1790 1789
4 1789 1790 1762 1761
4 1761 1762 1732 1731
4 1731 1732 1710 1709
4 1709 1710 1680 1679
4 1679 1680 1650 1649
4 1649 1650 1630 1629
4 1629 1630 1600 1599
4 1599 1600 1571 1570
4 1570 1571 1549 1548
4 1548 1549 1519 1518
4 1518 1519 1492 1491
4 1491 1492 1470 1469
4 1469 1470 1436 1435
4 1435 1436 1401 1400
4 1400 1401 1374 1373
6 1373 1374 1353 1343 1342 1341
7 826 751 741 740 739 738 825
4 825 738 737 824
4 824 737 736 823
4 823 736 735 822
4 822 735 734 821
4 821 734 733 820
4 820 733 732 819
4 819 732 731 818
4 818 731 730 817
4 817 730 729 816
4 816 729 728 815
4 815 728 727 814
4 814 727 726 813
4 813 726 725 812
4 812 725 724 811
4 811 724 723 810
4 810 723 722 809
4 809 722 721 808
4 808 721 720 807
4 807 720 719 806
4 806 719 718 805
4 805 718 717 804
4 804 717 716 803
4 803 716 715 802
4 802 715 714 801
4 801 714 713 800
4 800 713 712 799
4 799 712 711 798
4 798 711 710 797
4 797 710 709 796
4 796 709 708 795
4 795 708 707 794
4 794 707 706 793
4 793 706 705 792
4 792 705 704 791
4 791 704 703 790
4 790 703 702 789
4 789 702 701 788
4 788 701 700 787
4 787 700 699 786
4 786 699 698 785
4 785 698 697 784
4 784 697 696 783
4 783 696 695 782
4 782 695 694 781
4 781 694 693 780
4 780 693 692 779
4 779 692 691 778
4 778 691 690 777
4 777 690 689 776
4 776 689 688 775
4 775 688 687 774
4 774 687 686 773
7 773 686 685 684 683 750 772
8 1457 1456 1455 1454 1475 1482 1499 1500
6 1500 1499 1523 1530 1535 1536
6 1536 1535 1553 1564 1580 1581
7 1581 1580 1590 1605 1612 1616 1617
6 1617 1616 1637 1654 1658 1659
6 1659 1658 1669 1684 1696 1697
6 1697 1696 1722 1737 1742 1743
6 1743 1742 1752 1769 1776 1777
7 1777 1776 1794 1801 1816 1820 1821
6 1821 1820 1835 1853 1857 1858
6 1858 1857 1876 1883 1900 1901
6 1901 1900 1926 1935 1942 1943
6 1943 1942 1961 1975 1994 1995
7 1995 1994 2004 2017 2025 2029 2030
6 2030 2029 2046 2059 2064 2065
6 2065 2064 2075 2150 2295 2296
6 2296 2295 2386 2463 2481 2482
6 2482 2481 2550 2628 2650 2651
7 2651 2650 2666 2801 2903 2907 2908
6 2908 2907 2923 2989 2994 2995
6 2995 2994 3015 3021 3037 3038
6 3038 3037 3080 3086 3090 3091
6 3091 3090 3108 3118 3154 3155
7 3155 3154 3164 3178 3184 3187 3188
6 3188 3187 3208 3224 3227 3228
6 3228 3227 3238 3252 3263 3264
6 3264 3263 3300 3314 3318 3319
6 3319 3318 3328 3344 3350 3351
7 3351 3350 3368 3374 3388 3391 3392
6 3392 3391 3406 3444 3447 3448
6 3448 3447 3466 3472 3488 3489
6 3489 3488 3531 3537 3541 3542
6 3542 3541 3561 3574 3638 3639
7 3639 3638 3648 3662 3881 3889 3890
6 3890 3889 3908 3993 4064 4065
6 4065 4064 4075 4159 4238 4239
6 4239 4238 4399 4474 4481 4482
6 4482 4481 4491 4505 4512 4513
7 4513 4512 4526 4533 4546 4551 4552
6 4552 4551 4567 4588 4594 4595
6 4595 4594 4614 4623 4644 4645
6 4645 4644 4668 4675 4680 4681
6 4681 4680 4698 4709 4725 4726
7 4726 4725 4735 4750 4757 4761 4762
6 4762 4761 4782 4799 4803 4804
6 4804 4803 4814 4829 4841 4842
6 4842 4841 4867 4882 4887 4888
6 4888 4887 4897 4914 4921 4922
7 4922 4921 4939 4946 4961 4965 4966
6 4966 4965 4980 4998 5002 5003
6 5003 5002 5021 5028 5045 5046
8 5046 5045 5069 5076 5081 5082 5083 5084
8 5814 5874 5890 5902 5903 5904 5905 5815
6 5815 5905 5906 5907 5908 5816
6 5816 5908 5909 5910 5911 5817
7 5817 5911 5912 5913 5914 5915 5818
6 5818 5915 5916 5917 5918 5819
6 5819 5918 5919 5920 5921 5820
6 5820 5921 5922 5923 5924 5821
6 5821 5924 5925 5926 5927 5822
7 5822 5927 5928 5929 5930 5931 5823
6 5823 5931 5932 5933 5934 5824
6 5824 5934 5935 5936 5937 5825
6 5825 5937 5938 5939 5940 5826
6 5826 5940 5941 5942 5943 5827
7 5827 5943 5944 5945 5946 5947 5828
6 5828 5947 5948 5949 5950 5829
6 5829 5950 5951 5952 5953 5830
6 5830 5953 5954 5955 5956 5831
6 5831 5956 5957 5958 5959 5832
7 5832 5959 5960 5961 5962 5963 5833
6 5833 5963 5964 5965 5966 5834
6 5834 5966 5967 5968 5969 5835
6 5835 5969 5970 5971 5972 5836
6 5836 5972 5973 5974 5975 5837
7 5837 5975 5976 5977 5978 5979 5838
6 5838 5979 5980 5981 5982 5839
6 5839 5982 5983 5984 5985 5840
6 5840 5985 5986 5987 5988 5841
6 5841 5988 5989 5990 5991 5842
7 5842 5991 5992 5993 5994 5995 5843
6 5843 5995 5996 5997 5998 5844
6 5844 5998 5999 6000 6001 5845
6 5845 6001 6002 6003 6004 5846
6 5846 6004 6005 6006 6007 5847
7 5847 6007 6008 6009 6010 6011 5848
6 5848 6011 6012 6013 6014 5849
6 5849 6014 6015 6016 6017 5850
6 5850 6017 6018 6019 6020 5851
6 5851 6020 6021 6022 6023 5852
7 5852 6023 6024 6025 6026 6027 5853
6 5853 6027 6028 6029 6030 5854
6 5854 6030 6031 6032 6033 5855
6 5855 6033 6034 6035 6036 5856
6 5856 6036 6037 6038 6039 5857
7 5857 6039 6040 6041 6042 6043 5858
6 5858 6043 6044 6045 6046 5859
6 5859 6046 6047 6048 6049 5860
6 5860 6049 6050 6051 6052 5861
6 5861 6052 6053 6054 6055 5862
7 5862 6055 6056 6057 6058 6059 5863
6 5863 6059 6060 6061 6062 5864
6 5864 6062 6063 6064 6065 5865
8 5865 6065 6066 6067 6068 5891 5875 5866
8 5188 5189 5190 5191 5172 5165 5157 5156
5 5156 5157 5147 5125 5124
5 5124 5125 5104 5098 5097
6 5097 5098 5077 5070 5066 5065
5 5065 5066 5053 5039 5038
6 5038 5039 5029 5022 5017 5016
5 5016 5017 4999 4988 4987
5 4987 4988 4962 4958 4957
6 4957 4958 4947 4940 4936 4935
5 4935 4936 4915 4908 4907
6 4907 4908 4898 4883 4878 4877
5 4877 4878 4868 4856 4855
5 4855 4856 4830 4826 4825
6 4825 4826 4815 4800 4796 4795
5 4795 4796 4783 4776 4775
6 4775 4776 4758 4751 4746 4745
5 4745 4746 4736 4717 4716
5 4716 4717 4699 4695 4694
6 4694 4695 4676 4669 4665 4664
7 4664 4665 4652 4638 4637 4636 4635
8 3983 3918 3887 3878 3877 3876 3875 3982
5 3982 3875 3874 3873 3981
5 3981 3873 3872 3871 3980
6 3980 3871 3870 3869 3868 3979
5 3979 3868 3867 3866 3978
6 3978 3866 3865 3864 3863 3977
5 3977 3863 3862 3861 3976
5 3976 3861 3860 3859 3975
6 3975 3859 3858 3857 3856 3974
5 3974 3856 3855 3854 3973
6 3973 3854 3853 3852 3851 3972
5 3972 3851 3850 3849 3971
5 3971 3849 3848 3847 3970
6 3970 3847 3846 3845 3844 3969
5 3969 3844 3843 3842 3968
6 3968 3842 3841 3840 3839 3967
5 3967 3839 3838 3837 3966
5 3966 3837 3836 3835 3965
6 3965 3835 3834 3833 3832 3964
5 3964 3832 3831 3830 3963
6 3963 3830 3829 3828 3827 3962
5 3962 3827 3826 3825 3961
5 3961 3825 3824 3823 3960
6 3960 3823 3822 3821 3820 3959
5 3959 3820 3819 3818 3958
6 3958 3818 3817 3816 3815 3957
5 3957 3815 3814 3813 3956
5 3956 3813 3812 3811 3955
6 3955 3811 3810 3809 3808 3954
5 3954 3808 3807 3806 3953
6 3953 3806 3805 3804 3803 3952
5 3952 3803 3802 3801 3951
5 3951 3801 3800 3799 3950
6 3950 3799 3798 3797 3796 3949
5 3949 3796 3795 3794 3948
6 3948 3794 3793 3792 3791 3947
5 3947 3791 3790 3789 3946
5 3946 3789 3788 3787 3945
6 3945 3787 3786 3785 3784 3944
5 3944 3784 3783 3782 3943
6 3943 3782 3781 3780 3779 3942
5 3942 3779 3778 3777 3941
5 3941 3777 3776 3775 3940
6 3940 3775 3774 3773 3772 3939
5 3939 3772 3771 3770 3938
6 3938 3770 3769 3768 3767 3937
5 3937 3767 3766 3765 3936
5 3936 3765 3764 3763 3935
6 3935 3763 3762 3761 3760 3934
5 3934 3760 3759 3758 3933
8 3933 3758 3757 3756 3755 3886 3917 3932
8 3555 3556 3557 3558 3538 3532 3528 3527
5 3527 3528 3496 3482 3481
6 3481 3482 3473 3467 3462 3461
5 3461 3462 3445 3414 3413
5 3413 3414 3389 3385 3384
6 3384 3385 3375 3369 3365 3364
5 3364 3365 3345 3338 3337
6 3337 3338 3329 3315 3310 3309
5 3309 3310 3301 3278 3277
5 3277 3278 3253 3249 3248
6 3248 3249 3239 3225 3221 3220
5 3220 3221 3209 3202 3201
6 3201 3202 3185 3179 3174 3173
5 3173 3174 3165 3126 3125
5 3125 3126 3109 3105 3104
6 3104 3105 3087 3081 3077 3076
5 3076 3077 3045 3031 3030
8 3030 3031 3022 3016 3011 3010 3009 3008
8 2569 2637 2671 2674 2675 2676 2677 2570
5 2570 2677 2678 2679 2571
6 2571 2679 2680 2681 2682 2572
5 2572 2682 2683 2684 2573
5 2573 2684 2685 2686 2574
6 2574 2686 2687 2688 2689 2575
5 2575 2689 2690 2691 2576
6 2576 2691 2692 2693 2694 2577
5 2577 2694 2695 2696 2578
5 2578 2696 2697 2698 2579
6 2579 2698 2699 2700 2701 2580
5 2580 2701 2702 2703 2581
6 2581 2703 2704 2705 2706 2582
5 2582 2706 2707 2708 2583
5 2583 2708 2709 2710 2584
6 2584 2710 2711 2712 2713 2585
5 2585 2713 2714 2715 2586
6 2586 2715 2716 2717 2718 2587
5 2587 2718 2719 2720 2588
5 2588 2720 2721 2722 2589
6 2589 2722 2723 2724 2725 2590
5 2590 2725 2726 2727 2591
6 2591 2727 2728 2729 2730 2592
5 2592 2730 2731 2732 2593
5 2593 2732 2733 2734 2594
6 2594 2734 2735 2736 2737 2595
5 2595 2737 2738 2739 2596
6 2596 2739 2740 2741 2742 2597
5 2597 2742 2743 2744 2598
5 2598 2744 2745 2746 2599
6 2599 2746 2747 2748 2749 2600
5 2600 2749 2750 2751 2601
6 2601 2751 2752 2753 2754 2602
5 2602 2754 2755 2756 2603
5 2603 2756 2757 2758 2604
6 2604 2758 2759 2760 2761 2605
5 2605 2761 2762 2763 2606
6 2606 2763 2764 2765 2766 2607
5 2607 2766 2767 2768 2608
5 2608 2768 2769 2770 2609
6 2609 2770 2771 2772 2773 2610
5 2610 2773 2774 2775 2611
6 2611 2775 2776 2777 2778 2612
5 2612 2778 2779 2780 2613
5 2613 2780 2781 2782 2614
6 2614 2782 2783 2784 2785 2615
5 2615 2785 2786 2787 2616
6 2616 2787 2788 2789 2790 2617
5 2617 2790 2791 2792 2618
5 2618 2792 2793 2794 2619
8 2619 2794 2795 2796 2797 2672 2638 2620
7 1920 1921 1922 1923 1908 1894 1893
6 1893 1894 1884 1877 1872 1871
5 1871 1872 1854 1843 1842
5 1842 1843 1817 1813 1812
6 1812 1813 1802 1795 1791 1790
5 1790 1791 1770 1763 1762
6 1762 1763 1753 1738 1733 1732
5 1732 1733 1723 1711 1710
5 1710 1711 1685 1681 1680
6 1680 1681 1670 1655 1651 1650
5 1650 1651 1638 1631 1630
6 1630 1631 1613 1606 1601 1600
5 1600 1601 1591 1572 1571
5 1571 1572 1554 1550 1549
6 1549 1550 1531 1524 1520 1519
5 1519 1520 1507 1493 1492
6 1492 1493 1483 1476 1471 1470
5 1470 1471 1451 1437 1436
5 1436 1437 1408 1402 1401
8 1401 1402 1391 1381 1377 1376 1375 1374
8 738 678 662 650 649 648 647 737
6 737 647 646 645 644 736
6 736 644 643 642 641 735
7 735 641 640 639 638 637 734
6 734 637 636 635 634 733
6 733 634 633 632 631 732
6 732 631 630 629 628 731
6 731 628 627 626 625 730
7 730 625 624 623 622 621 729
6 729 621 620 619 618 728
6 728 618 617 616 615 727
6 727 615 614 613 612 726
6 726 612 611 610 609 725
7 725 609 608 607 606 605 724
6 724 605 604 603 602 723
6 723 602 601 600 599 722
6 722 599 598 597 596 721
6 721 596 595 594 593 720
7 720 593 592 591 590 589 719
6 719 589 588 587 586 718
6 718 586 585 584 583 717
6 717 583 582 581 580 716
6 716 580 579 578 577 715
7 715 577 576 575 574 573 714
6 714 573 572 571 570 713
6 713 570 569 568 567 712
6 712 567 566 565 564 711
6 711 564 563 562 561 710
7 710 561 560 559 558 557 709
6 709 557 556 555 554 708
6 708 554 553 552 551 707
6 707 551 550 549 548 706
6 706 548 547 546 545 705
7 705 545 544 543 542 541 704
6 704 541 540 539 538 703
6 703 538 537 536 535 702
6 702 535 534 533 532 701
6 701 532 531 530 529 700
7 700 529 528 527 526 525 699
6 699 525 524 523 522 698
6 698 522 521 520 519 697
6 697 519 518 517 516 696
6 696 516 515 514 513 695
7 695 513 512 511 510 509 694
6 694 509 508 507 506 693
6 693 506 505 504 503 692
6 692 503 502 501 500 691
6 691 500 499 498 497 690
7 690 497 496 495 494 493 689
6 689 493 492 491 490 688
6 688 490 489 488 487 687
8 687 487 486 485 484 661 677 686
7 1159 1084 1156 1230 1245 1251 1252
4 1252 1251 1284 1285
4 1285 1284 1327 1328
4 1328 1327 1366 1367
4 1367 1366 1417 1418
4 1418 1417 1462 1463
4 1463 1462 1505 1506
4 1506 1505 1541 1542
4 1542 1541 1586 1587
4 1587 1586 1622 1623
4 1623 1622 1664 1665
4 1665 1664 1702 1703
4 1703 1702 1748 1749
4 1749 1748 1782 1783
4 1783 1782 1826 1827
4 1827 1826 1863 1864
4 1864 1863 1906 1907
4 1907 1906 1948 1949
4 1949 1948 2000 2001
4 2001 2000 2035 2036
4 2036 2035 2070 2071
4 2071 2070 2301 2302
4 2302 2301 2487 2488
4 2488 2487 2656 2657
4 2657 2656 2913 2914
4 2914 2913 3000 3001
4 3001 3000 3043 3044
4 3044 3043 3096 3097
4 3097 3096 3160 3161
4 3161 3160 3193 3194
4 3194 3193 3233 3234
4 3234 3233 3269 3270
4 3270 3269 3324 3325
4 3325 3324 3356 3357
4 3357 3356 3397 3398
4 3398 3397 3453 3454
4 3454 3453 3494 3495
4 3495 3494 3547 3548
4 3548 3547 3644 3645
4 3645 3644 3895 3896
4 3896 3895 4070 4071
4 4071 4070 4244 4245
4 4245 4244 4487 4488
4 4488 4487 4518 4519
4 4519 4518 4557 4558
4 4558 4557 4600 4601
4 4601 4600 4650 4651
4 4651 4650 4686 4687
4 4687 4686 4731 4732
4 4732 4731 4767 4768
4 4768 4767 4809 4810
4 4810 4809 4847 4848
4 4848 4847 4893 4894
4 4894 4893 4927 4928
4 4928 4927 4971 4972
4 4972 4971 5008 5009
4 5009 5008 5051 5052
4 5052 5051 5089 5090
4 5090 5089 5140 5141
4 5141 5140 5180 5181
4 5181 5180 5227 5228
4 5228 5227 5263 5264
4 5264 5263 5302 5303
7 5303 5302 5307 5321 5395 5398 5329
7 5329 5398 5399 5400 5401 5402 5330
4 5330 5402 5403 5331
4 5331 5403 5404 5332
4 5332 5404 5405 5333
4 5333 5405 5406 5334
4 5334 5406 5407 5335
4 5335 5407 5408 5336
4 5336 5408 5409 5337
4 5337 5409 5410 5338
4 5338 5410 5411 5339
4 5339 5411 5412 5340
4 5340 5412 5413 5341
4 5341 5413 5414 5342
4 5342 5414 5415 5343
4 5343 5415 5416 5344
4 5344 5416 5417 5345
4 5345 5417 5418 5346
4 5346 5418 5419 5347
4 5347 5419 5420 5348
4 5348 5420 5421 5349
4 5349 5421 5422 5350
4 5350 5422 5423 5351
4 5351 5423 5424 5352
4 5352 5424 5425 5353
4 5353 5425 5426 5354
4 5354 5426 5427 5355
4 5355 5427 5428 5356
4 5356 5428 5429 5357
4 5357 5429 5430 5358
4 5358 5430 5431 5359
4 5359 5431 5432 5360
4 5360 5432 5433 5361
4 5361 5433 5434 5362
4 5362 5434 5435 5363
4 5363 5435 5436 5364
4 5364 5436 5437 5365
4 5365 5437 5438 5366
4 5366 5438 5439 5367
4 5367 5439 5440 5368
4 5368 5440 5441 5369
4 5369 5441 5442 5370
4 5370 5442 5443 5371
4 5371 5443 5444 5372
4 5372 5444 5445 5373
4 5373 5445 5446 5374
4 5374 5446 5447 5375
4 5375 5447 5448 5376
4 5376 5448 5449 5377
4 5377 5449 5450 5378
4 5378 5450 5451 5379
4 5379 5451 5452 5380
4 5380 5452 5453 5381
4 5381 5453 5454 5382
4 5382 5454 5455 5383
4 5383 5455 5456 5384
4 5384 5456 5457 5385
4 5385 5457 5458 5386
4 5386 5458 5459 5387
4 5387 5459 5460 5388
4 5388 5460 5461 5389
4 5389 5461 5462 5390
4 5390 5462 5463 5391
4 5391 5463 5464 5392
7 5392 5464 5465 5466 5467 5468 5393
6 5393 5468 5396 5322 5312 5311
4 5311 5312 5287 5286
4 5286 5287 5266 5265
4 5265 5266 5241 5240
4 5240 5241 5210 5209
4 5209 5210 5183 5182
4 5182 5183 5151 5150
4 5150 5151 5119 5118
4 5118 5119 5092 5091
4 5091 5092 5060 5059
4 5059 5060 5033 5032
4 5032 5033 5011 5010
4 5010 5011 4982 4981
4 4981 4982 4952 4951
4 4951 4952 4930 4929
4 4929 4930 4902 4901
4 4901 4902 4872 4871
4 4871 4872 4850 4849
4 4849 4850 4820 4819
4 4819 4820 4790 4789
4 4789 4790 4770 4769
4 4769 4770 4740 4739
4 4739 4740 4711 4710
4 4710 4711 4689 4688
4 4688 4689 4659 4658
4 4658 4659 4630 4629
4 4629 4630 4603 4602
4 4602 4603 4569 4568
4 4568 4569 4540 4539
4 4539 4540 4521 4520
4 4520 4521 4497 4496
7 4496 4497 4492 4475 4403 4396 4470
6 4470 4396 4395 4394 4393 4469
4 4469 4393 4392 4468
4 4468 4392 4391 4467
4 4467 4391 4390 4466
4 4466 4390 4389 4465
4 4465 4389 4388 4464
4 4464 4388 4387 4463
4 4463 4387 4386 4462
4 4462 4386 4385 4461
4 4461 4385 4384 4460
4 4460 4384 4383 4459
4 4459 4383 4382 4458
4 4458 4382 4381 4457
4 4457 4381 4380 4456
4 4456 4380 4379 4455
4 4455 4379 4378 4454
4 4454 4378 4377 4453
4 4453 4377 4376 4452
4 4452 4376 4375 4451
4 4451 4375 4374 4450
4 4450 4374 4373 4449
4 4449 4373 4372 4448
4 4448 4372 4371 4447
4 4447 4371 4370 4446
4 4446 4370 4369 4445
4 4445 4369 4368 4444
4 4444 4368 4367 4443
4 4443 4367 4366 4442
4 4442 4366 4365 4441
4 4441 4365 4364 4440
4 4440 4364 4363 4439
4 4439 4363 4362 4438
4 4438 4362 4361 4437
4 4437 4361 4360 4436
4 4436 4360 4359 4435
4 4435 4359 4358 4434
4 4434 4358 4357 4433
4 4433 4357 4356 4432
4 4432 4356 4355 4431
4 4431 4355 4354 4430
4 4430 4354 4353 4429
4 4429 4353 4352 4428
4 4428 4352 4351 4427
4 4427 4351 4350 4426
4 4426 4350 4349 4425
4 4425 4349 4348 4424
4 4424 4348 4347 4423
4 4423 4347 4346 4422
4 4422 4346 4345 4421
4 4421 4345 4344 4420
4 4420 4344 4343 4419
4 4419 4343 4342 4418
4 4418 4342 4341 4417
4 4417 4341 4340 4416
4 4416 4340 4339 4415
4 4415 4339 4338 4414
4 4414 4338 4337 4413
4 4413 4337 4336 4412
4 4412 4336 4335 4411
4 4411 4335 4334 4410
4 4410 4334 4333 4409
4 4409 4333 4332 4408
6 4408 4332 4331 4330 4402 4407
6 4246 4247 4248 4160 4094 4093
4 4093 4094 3987 3986
4 3986 3987 3898 3897
4 3897 3898 3653 3652
4 3652 3653 3576 3575
4 3575 3576 3550 3549
4 3549 3550 3522 3521
4 3521 3522 3476 3475
4 3475 3476 3456 3455
4 3455 3456 3408 3407
4 3407 3408 3379 3378
4 3378 3379 3359 3358
4 3358 3359 3332 3331
4 3331 3332 3304 3303
4 3303 3304 3272 3271
4 3271 3272 3243 3242
4 3242 3243 3215 3214
4 3214 3215 3196 3195
4 3195 3196 3168 3167
4 3167 3168 3120 3119
4 3119 3120 3099 3098
4 3098 3099 3071 3070
4 3070 3071 3025 3024
4 3024 3025 3003 3002
4 3002 3003 2925 2924
4 2924 2925 2895 2894
4 2894 2895 2659 2658
4 2658 2659 2563 2562
4 2562 2563 2458 2457
6 2457 2458 2387 2305 2304 2303
6 2084 2153 2156 2157 2158 2085
4 2085 2158 2159 2086
4 2086 2159 2160 2087
4 2087 2160 2161 2088
4 2088 2161 2162 2089
4 2089 2162 2163 2090
4 2090 2163 2164 2091
4 2091 2164 2165 2092
4 2092 2165 2166 2093
4 2093 2166 2167 2094
4 2094 2167 2168 2095
4 2095 2168 2169 2096
4 2096 2169 2170 2097
4 2097 2170 2171 2098
4 2098 2171 2172 2099
4 2099 2172 2173 2100
4 2100 2173 2174 2101
4 2101 2174 2175 2102
4 2102 2175 2176 2103
4 2103 2176 2177 2104
4 2104 2177 2178 2105
4 2105 2178 2179 2106
4 2106 2179 2180 2107
4 2107 2180 2181 2108
4 2108 2181 2182 2109
4 2109 2182 2183 2110
4 2110 2183 2184 2111
4 2111 2184 2185 2112
4 2112 2185 2186 2113
4 2113 2186 2187 2114
4 2114 2187 2188 2115
4 2115 2188 2189 2116
4 2116 2189 2190 2117
4 2117 2190 2191 2118
4 2118 2191 2192 2119
4 2119 2192 2193 2120
4 2120 2193 2194 2121
4 2121 2194 2195 2122
4 2122 2195 2196 2123
4 2123 2196 2197 2124
4 2124 2197 2198 2125
4 2125 2198 2199 2126
4 2126 2199 2200 2127
4 2127 2200 2201 2128
4 2128 2201 2202 2129
4 2129 2202 2203 2130
4 2130 2203 2204 2131
4 2131 2204 2205 2132
4 2132 2205 2206 2133
4 2133 2206 2207 2134
4 2134 2207 2208 2135
4 2135 2208 2209 2136
4 2136 2209 2210 2137
4 2137 2210 2211 2138
4 2138 2211 2212 2139
4 2139 2212 2213 2140
4 2140 2213 2214 2141
4 2141 2214 2215 2142
4 2142 2215 2216 2143
4 2143 2216 2217 2144
4 2144 2217 2218 2145
4 2145 2218 2219 2146
6 2146 2219 2220 2221 2222 2147
7 2147 2222 2154 2076 2060 2054 2053
4 2053 2054 2038 2037
4 2037 2038 2010 2009
4 2009 2010 1977 1976
4 1976 1977 1951 1950
4 1950 1951 1915 1914
4 1914 1915 1888 1887
4 1887 1888 1866 1865
4 1865 1866 1837 1836
4 1836 1837 1807 1806
4 1806 1807 1785 1784
4 1784 1785 1757 1756
4 1756 1757 1727 1726
4 1726 1727 1705 1704
4 1704 1705 1675 1674
4 1674 1675 1645 1644
4 1644 1645 1625 1624
4 1624 1625 1595 1594
4 1594 1595 1566 1565
4 1565 1566 1544 1543
4 1543 1544 1514 1513
4 1513 1514 1487 1486
4 1486 1487 1465 1464
4 1464 1465 1431 1430
4 1430 1431 1396 1395
4 1395 1396 1369 1368
4 1368 1369 1337 1336
4 1336 1337 1308 1307
4 1307 1308 1287 1286
4 1286 1287 1264 1263
4 1263 1264 1239 1238
6 1238 1239 1231 1157 1154 1223
7 1223 1154 1153 1152 1151 1150 1222
4 1222 1150 1149 1221
4 1221 1149 1148 1220
4 1220 1148 1147 1219
4 1219 1147 1146 1218
4 1218 1146 1145 1217
4 1217 1145 1144 1216
4 1216 1144 1143 1215
4 1215 1143 1142 1214
4 1214 1142 1141 1213
4 1213 1141 1140 1212
4 1212 1140 1139 1211
4 1211 1139 1138 1210
4 1210 1138 1137 1209
4 1209 1137 1136 1208
4 1208 1136 1135 1207
4 1207 1135 1134 1206
4 1206 1134 1133 1205
4 1205 1133 1132 1204
4 1204 1132 1131 1203
4 1203 1131 1130 1202
4 1202 1130 1129 1201
4 1201 1129 1128 1200
4 1200 1128 1127 1199
4 1199 1127 1126 1198
4 1198 1126 1125 1197
4 1197 1125 1124 1196
4 1196 1124 1123 1195
4 1195 1123 1122 1194
4 1194 1122 1121 1193
4 1193 1121 1120 1192
4 1192 1120 1119 1191
4 1191 1119 1118 1190
4 1190 1118 1117 1189
4 1189 1117 1116 1188
4 1188 1116 1115 1187
4 1187 1115 1114 1186
4 1186 1114 1113 1185
4 1185 1113 1112 1184
4 1184 1112 1111 1183
4 1183 1111 1110 1182
4 1182 1110 1109 1181
4 1181 1109 1108 1180
4 1180 1108 1107 1179
4 1179 1107 1106 1178
4 1178 1106 1105 1177
4 1177 1105 1104 1176
4 1176 1104 1103 1175
4 1175 1103 1102 1174
4 1174 1102 1101 1173
4 1173 1101 1100 1172
4 1172 1100 1099 1171
4 1171 1099 1098 1170
4 1170 1098 1097 1169
4 1169 1097 1096 1168
4 1168 1096 1095 1167
4 1167 1095 1094 1166
4 1166 1094 1093 1165
4 1165 1093 1092 1164
4 1164 1092 1091 1163
4 1163 1091 1090 1162
4 1162 1090 1089 1161
4 1161 1089 1088 1160
7 1160 1088 1087 1086 1085 1084 1159
7 1251 1250 1249 1257 1269 1283 1284
4 1284 1283 1326 1327
4 1327 1326 1365 1366
4 1366 1365 1416 1417
4 1417 1416 1461 1462
4 1462 1461 1504 1505
4 1505 1504 1540 1541
4 1541 1540 1585 1586
4 1586 1585 1621 1622
4 1622 1621 1663 1664
4 1664 1663 1701 1702
4 1702 1701 1747 1748
4 1748 1747 1781 1782
4 1782 1781 1825 1826
4 1826 1825 1862 1863
4 1863 1862 1905 1906
4 1906 1905 1947 1948
4 1948 1947 1999 2000
4 2000 1999 2034 2035
4 2035 2034 2069 2070
4 2070 2069 2300 2301
4 2301 2300 2486 2487
4 2487 2486 2655 2656
4 2656 2655 2912 2913
4 2913 2912 2999 3000
4 3000 2999 3042 3043
4 3043 3042 3095 3096
4 3096 3095 3159 3160
4 3160 3159 3192 3193
4 3193 3192 3232 3233
4 3233 3232 3268 3269
4 3269 3268 3323 3324
4 3324 3323 3355 3356
4 3356 3355 3396 3397
4 3397 3396 3452 3453
4 3453 3452 3493 3494
4 3494 3493 3546 3547
4 3547 3546 3643 3644
4 3644 3643 3894 3895
4 3895 3894 4069 4070
4 4070 4069 4243 4244
4 4244 4243 4486 4487
4 4487 4486 4517 4518
4 4518 4517 4556 4557
4 4557 4556 4599 4600
4 4600 4599 4649 4650
4 4650 4649 4685 4686
4 4686 4685 4730 4731
4 4731 4730 4766 4767
4 4767 4766 4808 4809
4 4809 4808 4846 4847
4 4847 4846 4892 4893
4 4893 4892 4926 4927
4 4927 4926 4970 4971
4 4971 4970 5007 5008
4 5008 5007 5050 5051
4 5051 5050 5088 5089
4 5089 5088 5139 5140
4 5140 5139 5179 5180
4 5180 5179 5226 5227
4 5227 5226 5262 5263
7 5263 5262 5282 5294 5300 5301 5302
7 5402 5474 5481 5482 5483 5484 5403
4 5403 5484 5485 5404
4 5404 5485 5486 5405
4 5405 5486 5487 5406
4 5406 5487 5488 5407
4 5407 5488 5489 5408
4 5408 5489 5490 5409
4 5409 5490 5491 5410
4 5410 5491 5492 5411
4 5411 5492 5493 5412
4 5412 5493 5494 5413
4 5413 5494 5495 5414
4 5414 5495 5496 5415
4 5415 5496 5497 5416
4 5416 5497 5498 5417
4 5417 5498 5499 5418
4 5418 5499 5500 5419
4 5419 5500 5501 5420
4 5420 5501 5502 5421
4 5421 5502 5503 5422
4 5422 5503 5504 5423
4 5423 5504 5505 5424
4 5424 5505 5506 5425
4 5425 5506 5507 5426
4 5426 5507 5508 5427
4 5427 5508 5509 5428
4 5428 5509 5510 5429
4 5429 5510 5511 5430
4 5430 5511 5512 5431
4 5431 5512 5513 5432
4 5432 5513 5514 5433
4 5433 5514 5515 5434
4 5434 5515 5516 5435
4 5435 5516 5517 5436
4 5436 5517 5518 5437
4 5437 5518 5519 5438
4 5438 5519 5520 5439
4 5439 5520 5521 5440
4 5440 5521 5522 5441
4 5441 5522 5523 5442
4 5442 5523 5524 5443
4 5443 5524 5525 5444
4 5444 5525 5526 5445
4 5445 5526 5527 5446
4 5446 5527 5528 5447
4 5447 5528 5529 5448
4 5448 5529 5530 5449
4 5449 5530 5531 5450
4 5450 5531 5532 5451
4 5451 5532 5533 5452
4 5452 5533 5534 5453
4 5453 5534 5535 5454
4 5454 5535 5536 5455
4 5455 5536 5537 5456
4 5456 5537 5538 5457
4 5457 5538 5539 5458
4 5458 5539 5540 5459
4 5459 5540 5541 5460
4 5460 5541 5542 5461
4 5461 5542 5543 5462
4 5462 5543 5544 5463
7 5463 5544 5545 5546 5547 5475 5464
7 5312 5313 5314 5308 5295 5288 5287
4 5287 5288 5267 5266
4 5266 5267 5242 5241
4 5241 5242 5211 5210
4 5210 5211 5184 5183
4 5183 5184 5152 5151
4 5151 5152 5120 5119
4 5119 5120 5093 5092
4 5092 5093 5061 5060
4 5060 5061 5034 5033
4 5033 5034 5012 5011
4 5011 5012 4983 4982
4 4982 4983 4953 4952
4 4952 4953 4931 4930
4 4930 4931 4903 4902
4 4902 4903 4873 4872
4 4872 4873 4851 4850
4 4850 4851 4821 4820
4 4820 4821 4791 4790
4 4790 4791 4771 4770
4 4770 4771 4741 4740
4 4740 4741 4712 4711
4 4711 4712 4690 4689
4 4689 4690 4660 4659
4 4659 4660 4631 4630
4 4630 4631 4604 4603
4 4603 4604 4570 4569
4 4569 4570 4541 4540
4 4540 4541 4522 4521
6 4521 4522 4506 4499 4498 4497
6 4393 4329 4328 4327 4326 4392
4 4392 4326 4325 4391
4 4391 4325 4324 4390
4 4390 4324 4323 4389
4 4389 4323 4322 4388
4 4388 4322 4321 4387
4 4387 4321 4320 4386
4 4386 4320 4319 4385
4 4385 4319 4318 4384
4 4384 4318 4317 4383
4 4383 4317 4316 4382
4 4382 4316 4315 4381
4 4381 4315 4314 4380
4 4380 4314 4313 4379
4 4379 4313 4312 4378
4 4378 4312 4311 4377
4 4377 4311 4310 4376
4 4376 4310 4309 4375
4 4375 4309 4308 4374
4 4374 4308 4307 4373
4 4373 4307 4306 4372
4 4372 4306 4305 4371
4 4371 4305 4304 4370
4 4370 4304 4303 4369
4 4369 4303 4302 4368
4 4368 4302 4301 4367
4 4367 4301 4300 4366
4 4366 4300 4299 4365
4 4365 4299 4298 4364
4 4364 4298 4297 4363
4 4363 4297 4296 4362
4 4362 4296 4295 4361
4 4361 4295 4294 4360
4 4360 4294 4293 4359
4 4359 4293 4292 4358
4 4358 4292 4291 4357
4 4357 4291 4290 4356
4 4356 4290 4289 4355
4 4355 4289 4288 4354
4 4354 4288 4287 4353
4 4353 4287 4286 4352
4 4352 4286 4285 4351
4 4351 4285 4284 4350
4 4350 4284 4283 4349
4 4349 4283 4282 4348
4 4348 4282 4281 4347
4 4347 4281 4280 4346
4 4346 4280 4279 4345
4 4345 4279 4278 4344
4 4344 4278 4277 4343
4 4343 4277 4276 4342
4 4342 4276 4275 4341
4 4341 4275 4274 4340
4 4340 4274 4273 4339
4 4339 4273 4272 4338
4 4338 4272 4271 4337
4 4337 4271 4270 4336
4 4336 4270 4269 4335
4 4335 4269 4268 4334
4 4334 4268 4267 4333
5 4333 4267 4266 4265 4332
5 4094 4095 4076 3988 3987
4 3987 3988 3899 3898
4 3898 3899 3654 3653
4 3653 3654 3577 3576
4 3576 3577 3551 3550
4 3550 3551 3523 3522
4 3522 3523 3477 3476
4 3476 3477 3457 3456
4 3456 3457 3409 3408
4 3408 3409 3380 3379
4 3379 3380 3360 3359
4 3359 3360 3333 3332
4 3332 3333 3305 3304
4 3304 3305 3273 3272
4 3272 3273 3244 3243
4 3243 3244 3216 3215
4 3215 3216 3197 3196
4 3196 3197 3169 3168
4 3168 3169 3121 3120
4 3120 3121 3100 3099
4 3099 3100 3072 3071
4 3071 3072 3026 3025
4 3025 3026 3004 3003
4 3003 3004 2926 2925
4 2925 2926 2896 2895
4 2895 2896 2660 2659
4 2659 2660 2564 2563
5 2563 2564 2464 2459 2458
5 2158 2223 2224 2225 2159
4 2159 2225 2226 2160
4 2160 2226 2227 2161
4 2161 2227 2228 2162
4 2162 2228 2229 2163
4 2163 2229 2230 2164
4 2164 2230 2231 2165
4 2165 2231 2232 2166
4 2166 2232 2233 2167
4 2167 2233 2234 2168
4 2168 2234 2235 2169
4 2169 2235 2236 2170
4 2170 2236 2237 2171
4 2171 2237 2238 2172
4 2172 2238 2239 2173
4 2173 2239 2240 2174
4 2174 2240 2241 2175
4 2175 2241 2242 2176
4 2176 2242 2243 2177
4 2177 2243 2244 2178
4 2178 2244 2245 2179
4 2179 2245 2246 2180
4 2180 2246 2247 2181
4 2181 2247 2248 2182
4 2182 2248 2249 2183
4 2183 2249 2250 2184
4 2184 2250 2251 2185
4 2185 2251 2252 2186
4 2186 2252 2253 2187
4 2187 2253 2254 2188
4 2188 2254 2255 2189
4 2189 2255 2256 2190
4 2190 2256 2257 2191
4 2191 2257 2258 2192
4 2192 2258 2259 2193
4 2193 2259 2260 2194
4 2194 2260 2261 2195
4 2195 2261 2262 2196
4 2196 2262 2263 2197
4 2197 2263 2264 2198
4 2198 2264 2265 2199
4 2199 2265 2266 2200
4 2200 2266 2267 2201
4 2201 2267 2268 2202
4 2202 2268 2269 2203
4 2203 2269 2270 2204
4 2204 2270 2271 2205
4 2205 2271 2272 2206
4 2206 2272 2273 2207
4 2207 2273 2274 2208
4 2208 2274 2275 2209
4 2209 2275 2276 2210
4 2210 2276 2277 2211
4 2211 2277 2278 2212
4 2212 2278 2279 2213
4 2213 2279 2280 2214
4 2214 2280 2281 2215
4 2215 2281 2282 2216
4 2216 2282 2283 2217
4 2217 2283 2284 2218
6 2218 2284 2285 2286 2287 2219
6 2054 2055 2056 2047 2039 2038
4 2038 2039 2011 2010
4 2010 2011 1978 1977
4 1977 1978 1952 1951
4 1951 1952 1916 1915
4 1915 1916 1889 1888
4 1888 1889 1867 1866
4 1866 1867 1838 1837
4 1837 1838 1808 1807
4 1807 1808 1786 1785
4 1785 1786 1758 1757
4 1757 1758 1728 1727
4 1727 1728 1706 1705
4 1705 1706 1676 1675
4 1675 1676 1646 1645
4 1645 1646 1626 1625
4 1625 1626 1596 1595
4 1595 1596 1567 1566
4 1566 1567 1545 1544
4 1544 1545 1515 1514
4 1514 1515 1488 1487
4 1487 1488 1466 1465
4 1465 1466 1432 1431
4 1431 1432 1397 1396
4 1396 1397 1370 1369
4 1369 1370 1338 1337
4 1337 1338 1309 1308
4 1308 1309 1288 1287
4 1287 1288 1265 1264
7 1264 1265 1258 1246 1241 1240 1239
7 1150 1078 1071 1070 1069 1068 1149
4 1149 1068 1067 1148
4 1148 1067 1066 1147
4 1147 1066 1065 1146
4 1146 1065 1064 1145
4 1145 1064 1063 1144
4 1144 1063 1062 1143
4 1143 1062 1061 1142
4 1142 1061 1060 1141
4 1141 1060 1059 1140
4 1140 1059 1058 1139
4 1139 1058 1057 1138
4 1138 1057 1056 1137
4 1137 1056 1055 1136
4 1136 1055 1054 1135
4 1135 1054 1053 1134
4 1134 1053 1052 1133
4 1133 1052 1051 1132
4 1132 1051 1050 1131
4 1131 1050 1049 1130
4 1130 1049 1048 1129
4 1129 1048 1047 1128
4 1128 1047 1046 1127
4 1127 1046 1045 1126
4 1126 1045 1044 1125
4 1125 1044 1043 1124
4 1124 1043 1042 1123
4 1123 1042 1041 1122
4 1122 1041 1040 1121
4 1121 1040 1039 1120
4 1120 1039 1038 1119
4 1119 1038 1037 1118
4 1118 1037 1036 1117
4 1117 1036 1035 1116
4 1116 1035 1034 1115
4 1115 1034 1033 1114
4 1114 1033 1032 1113
4 1113 1032 1031 1112
4 1112 1031 1030 1111
4 1111 1030 1029 1110
4 1110 1029 1028 1109
4 1109 1028 1027 1108
4 1108 1027 1026 1107
4 1107 1026 1025 1106
4 1106 1025 1024 1105
4 1105 1024 1023 1104
4 1104 1023 1022 1103
4 1103 1022 1021 1102
4 1102 1021 1020 1101
4 1101 1020 1019 1100
4 1100 1019 1018 1099
4 1099 1018 1017 1098
4 1098 1017 1016 1097
4 1097 1016 1015 1096
4 1096 1015 1014 1095
4 1095 1014 1013 1094
4 1094 1013 1012 1093
4 1093 1012 1011 1092
4 1092 1011 1010 1091
4 1091 1010 1009 1090
4 1090 1009 1008 1089
7 1089 1008 1007 1006 1005 1077 1088
6 1283 1282 1302 1316 1325 1326
4 1326 1325 1364 1365
4 1365 1364 1415 1416
4 1416 1415 1460 1461
4 1461 1460 1503 1504
4 1504 1503 1539 1540
4 1540 1539 1584 1585
4 1585 1584 1620 1621
4 1621 1620 1662 1663
4 1663 1662 1700 1701
4 1701 1700 1746 1747
4 1747 1746 1780 1781
4 1781 1780 1824 1825
4 1825 1824 1861 1862
4 1862 1861 1904 1905
4 1905 1904 1946 1947
4 1947 1946 1998 1999
4 1999 1998 2033 2034
4 2034 2033 2068 2069
4 2069 2068 2299 2300
4 2300 2299 2485 2486
4 2486 2485 2654 2655
4 2655 2654 2911 2912
4 2912 2911 2998 2999
4 2999 2998 3041 3042
4 3042 3041 3094 3095
4 3095 3094 3158 3159
4 3159 3158 3191 3192
4 3192 3191 3231 3232
4 3232 3231 3267 3268
4 3268 3267 3322 3323
4 3323 3322 3354 3355
4 3355 3354 3395 3396
4 3396 3395 3451 3452
4 3452 3451 3492 3493
4 3493 3492 3545 3546
4 3546 3545 3642 3643
4 3643 3642 3893 3894
4 3894 3893 4068 4069
4 4069 4068 4242 4243
4 4243 4242 4485 4486
4 4486 4485 4516 4517
4 4517 4516 4555 4556
4 4556 4555 4598 4599
4 4599 4598 4648 4649
4 4649 4648 4684 4685
4 4685 4684 4729 4730
4 4730 4729 4765 4766
4 4766 4765 4807 4808
4 4808 4807 4845 4846
4 4846 4845 4891 4892
4 4892 4891 4925 4926
4 4926 4925 4969 4970
4 4970 4969 5006 5007
4 5007 5006 5049 5050
4 5050 5049 5087 5088
4 5088 5087 5138 5139
4 5139 5138 5178 5179
4 5179 5178 5225 5226
6 5226 5225 5232 5247 5261 5262
6 5484 5548 5549 5550 5551 5485
4 5485 5551 5552 5486
4 5486 5552 5553 5487
4 5487 5553 5554 5488
4 5488 5554 5555 5489
4 5489 5555 5556 5490
4 5490 5556 5557 5491
4 5491 5557 5558 5492
4 5492 5558 5559 5493
4 5493 5559 5560 5494
4 5494 5560 5561 5495
4 5495 5561 5562 5496
4 5496 5562 5563 5497
4 5497 5563 5564 5498
4 5498 5564 5565 5499
4 5499 5565 5566 5500
4 5500 5566 5567 5501
4 5501 5567 5568 5502
4 5502 5568 5569 5503
4 5503 5569 5570 5504
4 5504 5570 5571 5505
4 5505 5571 5572 5506
4 5506 5572 5573 5507
4 5507 5573 5574 5508
4 5508 5574 5575 5509
4 5509 5575 5576 5510
4 5510 5576 5577 5511
4 5511 5577 5578 5512
4 5512 5578 5579 5513
4 5513 5579 5580 5514
4 5514 5580 5581 5515
4 5515 5581 5582 5516
4 5516 5582 5583 5517
4 5517 5583 5584 5518
4 5518 5584 5585 5519
4 5519 5585 5586 5520
4 5520 5586 5587 5521
4 5521 5587 5588 5522
4 5522 5588 5589 5523
4 5523 5589 5590 5524
4 5524 5590 5591 5525
4 5525 5591 5592 5526
4 5526 5592 5593 5527
4 5527 5593 5594 5528
4 5528 5594 5595 5529
4 5529 5595 5596 5530
4 5530 5596 5597 5531
4 5531 5597 5598 5532
4 5532 5598 5599 5533
4 5533 5599 5600 5534
4 5534 5600 5601 5535
4 5535 5601 5602 5536
4 5536 5602 5603 5537
4 5537 5603 5604 5538
4 5538 5604 5605 5539
4 5539 5605 5606 5540
4 5540 5606 5607 5541
4 5541 5607 5608 5542
4 5542 5608 5609 5543
6 5543 5609 5610 5611 5612 5544
5 5288 5289 5283 5268 5267
4 5267 5268 5243 5242
4 5242 5243 5212 5211
4 5211 5212 5185 5184
4 5184 5185 5153 5152
4 5152 5153 5121 5120
4 5120 5121 5094 5093
4 5093 5094 5062 5061
4 5061 5062 5035 5034
4 5034 5035 5013 5012
4 5012 5013 4984 4983
4 4983 4984 4954 4953
4 4953 4954 4932 4931
4 4931 4932 4904 4903
4 4903 4904 4874 4873
4 4873 4874 4852 4851
4 4851 4852 4822 4821
4 4821 4822 4792 4791
4 4791 4792 4772 4771
4 4771 4772 4742 4741
4 4741 4742 4713 4712
4 4712 4713 4691 4690
4 4690 4691 4661 4660
4 4660 4661 4632 4631
4 4631 4632 4605 4604
4 4604 4605 4571 4570
4 4570 4571 4542 4541
6 4541 4542 4534 4527 4523 4522
6 4326 4254 4230 4229 4228 4325
4 4325 4228 4227 4324
4 4324 4227 4226 4323
4 4323 4226 4225 4322
4 4322 4225 4224 4321
4 4321 4224 4223 4320
4 4320 4223 4222 4319
4 4319 4222 4221 4318
4 4318 4221 4220 4317
4 4317 4220 4219 4316
4 4316 4219 4218 4315
4 4315 4218 4217 4314
4 4314 4217 4216 4313
4 4313 4216 4215 4312
4 4312 4215 4214 4311
4 4311 4214 4213 4310
4 4310 4213 4212 4309
4 4309 4212 4211 4308
4 4308 4211 4210 4307
4 4307 4210 4209 4306
4 4306 4209 4208 4305
4 4305 4208 4207 4304
4 4304 4207 4206 4303
4 4303 4206 4205 4302
4 4302 4205 4204 4301
4 4301 4204 4203 4300
4 4300 4203 4202 4299
4 4299 4202 4201 4298
4 4298 4201 4200 4297
4 4297 4200 4199 4296
4 4296 4199 4198 4295
4 4295 4198 4197 4294
4 4294 4197 4196 4293
4 4293 4196 4195 4292
4 4292 4195 4194 4291
4 4291 4194 4193 4290
4 4290 4193 4192 4289
4 4289 4192 4191 4288
4 4288 4191 4190 4287
4 4287 4190 4189 4286
4 4286 4189 4188 4285
4 4285 4188 4187 4284
4 4284 4187 4186 4283
4 4283 4186 4185 4282
4 4282 4185 4184 4281
4 4281 4184 4183 4280
4 4280 4183 4182 4279
4 4279 4182 4181 4278
4 4278 4181 4180 4277
4 4277 4180 4179 4276
4 4276 4179 4178 4275
4 4275 4178 4177 4274
4 4274 4177 4176 4273
4 4273 4176 4175 4272
4 4272 4175 4174 4271
4 4271 4174 4173 4270
4 4270 4173 4172 4269
4 4269 4172 4171 4268
6 4268 4171 4170 4169 4253 4267
6 3988 3989 3990 3909 3900 3899
4 3899 3900 3655 3654
4 3654 3655 3578 3577
4 3577 3578 3552 3551
4 3551 3552 3524 3523
4 3523 3524 3478 3477
4 3477 3478 3458 3457
4 3457 3458 3410 3409
4 3409 3410 3381 3380
4 3380 3381 3361 3360
4 3360 3361 3334 3333
4 3333 3334 3306 3305
4 3305 3306 3274 3273
4 3273 3274 3245 3244
4 3244 3245 3217 3216
4 3216 3217 3198 3197
4 3197 3198 3170 3169
4 3169 3170 3122 3121
4 3121 3122 3101 3100
4 3100 3101 3073 3072
4 3072 3073 3027 3026
4 3026 3027 3005 3004
4 3004 3005 2927 2926
4 2926 2927 2897 2896
4 2896 2897 2661 2660
6 2660 2661 2629 2566 2565 2564
6 2225 2310 2322 2323 2324 2226
4 2226 2324 2325 2227
4 2227 2325 2326 2228
4 2228 2326 2327 2229
4 2229 2327 2328 2230
4 2230 2328 2329 2231
4 2231 2329 2330 2232
4 2232 2330 2331 2233
4 2233 2331 2332 2234
4 2234 2332 2333 2235
4 2235 2333 2334 2236
4 2236 2334 2335 2237
4 2237 2335 2336 2238
4 2238 2336 2337 2239
4 2239 2337 2338 2240
4 2240 2338 2339 2241
4 2241 2339 2340 2242
4 2242 2340 2341 2243
4 2243 2341 2342 2244
4 2244 2342 2343 2245
4 2245 2343 2344 2246
4 2246 2344 2345 2247
4 2247 2345 2346 2248
4 2248 2346 2347 2249
4 2249 2347 2348 2250
4 2250 2348 2349 2251
4 2251 2349 2350 2252
4 2252 2350 2351 2253
4 2253 2351 2352 2254
4 2254 2352 2353 2255
4 2255 2353 2354 2256
4 2256 2354 2355 2257
4 2257 2355 2356 2258
4 2258 2356 2357 2259
4 2259 2357 2358 2260
4 2260 2358 2359 2261
4 2261 2359 2360 2262
4 2262 2360 2361 2263
4 2263 2361 2362 2264
4 2264 2362 2363 2265
4 2265 2363 2364 2266
4 2266 2364 2365 2267
4 2267 2365 2366 2268
4 2268 2366 2367 2269
4 2269 2367 2368 2270
4 2270 2368 2369 2271
4 2271 2369 2370 2272
4 2272 2370 2371 2273
4 2273 2371 2372 2274
4 2274 2372 2373 2275
4 2275 2373 2374 2276
4 2276 2374 2375 2277
4 2277 2375 2376 2278
4 2278 2376 2377 2279
4 2279 2377 2378 2280
4 2280 2378 2379 2281
4 2281 2379 2380 2282
4 2282 2380 2381 2283
6 2283 2381 2382 2383 2311 2284
6 2039 2040 2026 2018 2012 2011
4 2011 2012 1979 1978
4 1978 1979 1953 1952
4 1952 1953 1917 1916
4 1916 1917 1890 1889
4 1889 1890 1868 1867
4 1867 1868 1839 1838
4 1838 1839 1809 1808
4 1808 1809 1787 1786
4 1786 1787 1759 1758
4 1758 1759 1729 1728
4 1728 1729 1707 1706
4 1706 1707 1677 1676
4 1676 1677 1647 1646
4 1646 1647 1627 1626
4 1626 1627 1597 1596
4 1596 1597 1568 1567
4 1567 1568 1546 1545
4 1545 1546 1516 1515
4 1515 1516 1489 1488
4 1488 1489 1467 1466
4 1466 1467 1433 1432
4 1432 1433 1398 1397
4 1397 1398 1371 1370
4 1370 1371 1339 1338
4 1338 1339 1310 1309
4 1309 1310 1289 1288
5 1288 1289 1270 1266 1265
6 1068 1004 1003 1002 1001 1067
4 1067 1001 1000 1066
4 1066 1000 999 1065
4 1065 999 998 1064
4 1064 998 997 1063
4 1063 997 996 1062
4 1062 996 995 1061
4 1061 995 994 1060
4 1060 994 993 1059
4 1059 993 992 1058
4 1058 992 991 1057
4 1057 991 990 1056
4 1056 990 989 1055
4 1055 989 988 1054
4 1054 988 987 1053
4 1053 987 986 1052
4 1052 986 985 1051
4 1051 985 984 1050
4 1050 984 983 1049
4 1049 983 982 1048
4 1048 982 981 1047
4 1047 981 980 1046
4 1046 980 979 1045
4 1045 979 978 1044
4 1044 978 977 1043
4 1043 977 976 1042
4 1042 976 975 1041
4 1041 975 974 1040
4 1040 974 973 1039
4 1039 973 972 1038
4 1038 972 971 1037
4 1037 971 970 1036
4 1036 970 969 1035
4 1035 969 968 1034
4 1034 968 967 1033
4 1033 967 966 1032
4 1032 966 965 1031
4 1031 965 964 1030
4 1030 964 963 1029
4 1029 963 962 1028
4 1028 962 961 1027
4 1027 961 960 1026
4 1026 960 959 1025
4 1025 959 958 1024
4 1024 958 957 1023
4 1023 957 956 1022
4 1022 956 955 1021
4 1021 955 954 1020
4 1020 954 953 1019
4 1019 953 952 1018
4 1018 952 951 1017
4 1017 951 950 1016
4 1016 950 949 1015
4 1015 949 948 1014
4 1014 948 947 1013
4 1013 947 946 1012
4 1012 946 945 1011
4 1011 945 944 1010
4 1010 944 943 1009
6 1009 943 942 941 940 1008
6 1325 1324 1330 1352 1363 1364
4 1364 1363 1414 1415
4 1415 1414 1459 1460
4 1460 1459 1502 1503
4 1503 1502 1538 1539
4 1539 1538 1583 1584
4 1584 1583 1619 1620
4 1620 1619 1661 1662
4 1662 1661 1699 1700
4 1700 1699 1745 1746
4 1746 1745 1779 1780
4 1780 1779 1823 1824
4 1824 1823 1860 1861
4 1861 1860 1903 1904
4 1904 1903 1945 1946
4 1946 1945 1997 1998
4 1998 1997 2032 2033
4 2033 2032 2067 2068
4 2068 2067 2298 2299
4 2299 2298 2484 2485
4 2485 2484 2653 2654
4 2654 2653 2910 2911
4 2911 2910 2997 2998
4 2998 2997 3040 3041
4 3041 3040 3093 3094
4 3094 3093 3157 3158
4 3158 3157 3190 3191
4 3191 3190 3230 3231
4 3231 3230 3266 3267
4 3267 3266 3321 3322
4 3322 3321 3353 3354
4 3354 3353 3394 3395
4 3395 3394 3450 3451
4 3451 3450 3491 3492
4 3492 3491 3544 3545
4 3545 3544 3641 3642
4 3642 3641 3892 3893
4 3893 3892 4067 4068
4 4068 4067 4241 4242
4 4242 4241 4484 4485
4 4485 4484 4515 4516
4 4516 4515 4554 4555
4 4555 4554 4597 4598
4 4598 4597 4647 4648
4 4648 4647 4683 4684
4 4684 4683 4728 4729
4 4729 4728 4764 4765
4 4765 4764 4806 4807
4 4807 4806 4844 4845
4 4845 4844 4890 4891
4 4891 4890 4924 4925
4 4925 4924 4968 4969
4 4969 4968 5005 5006
4 5006 5005 5048 5049
4 5049 5048 5086 5087
4 5087 5086 5137 5138
4 5138 5137 5177 5178
6 5178 5177 5200 5218 5224 5225
6 5551 5623 5624 5625 5626 5552
4 5552 5626 5627 5553
4 5553 5627 5628 5554
4 5554 5628 5629 5555
4 5555 5629 5630 5556
4 5556 5630 5631 5557
4 5557 5631 5632 5558
4 5558 5632 5633 5559
4 5559 5633 5634 5560
4 5560 5634 5635 5561
4 5561 5635 5636 5562
4 5562 5636 5637 5563
4 5563 5637 5638 5564
4 5564 5638 5639 5565
4 5565 5639 5640 5566
4 5566 5640 5641 5567
4 5567 5641 5642 5568
4 5568 5642 5643 5569
4 5569 5643 5644 5570
4 5570 5644 5645 5571
4 5571 5645 5646 5572
4 5572 5646 5647 5573
4 5573 5647 5648 5574
4 5574 5648 5649 5575
4 5575 5649 5650 5576
4 5576 5650 5651 5577
4 5577 5651 5652 5578
4 5578 5652 5653 5579
4 5579 5653 5654 5580
4 5580 5654 5655 5581
4 5581 5655 5656 5582
4 5582 5656 5657 5583
4 5583 5657 5658 5584
4 5584 5658 5659 5585
4 5585 5659 5660 5586
4 5586 5660 5661 5587
4 5587 5661 5662 5588
4 5588 5662 5663 5589
4 5589 5663 5664 5590
4 5590 5664 5665 5591
4 5591 5665 5666 5592
4 5592 5666 5667 5593
4 5593 5667 5668 5594
4 5594 5668 5669 5595
4 5595 5669 5670 5596
4 5596 5670 5671 5597
4 5597 5671 5672 5598
4 5598 5672 5673 5599
4 5599 5673 5674 5600
4 5600 5674 5675 5601
4 5601 5675 5676 5602
4 5602 5676 5677 5603
4 5603 5677 5678 5604
4 5604 5678 5679 5605
4 5605 5679 5680 5606
4 5606 5680 5681 5607
4 5607 5681 5682 5608
6 5608 5682 5683 5684 5685 5609
5 5268 5269 5248 5244 5243
4 5243 5244 5213 5212
4 5212 5213 5186 5185
4 5185 5186 5154 5153
4 5153 5154 5122 5121
4 5121 5122 5095 5094
4 5094 5095 5063 5062
4 5062 5063 5036 5035
4 5035 5036 5014 5013
4 5013 5014 4985 4984
4 4984 4985 4955 4954
4 4954 4955 4933 4932
4 4932 4933 4905 4904
4 4904 4905 4875 4874
4 4874 4875 4853 4852
4 4852 4853 4823 4822
4 4822 4823 4793 4792
4 4792 4793 4773 4772
4 4772 4773 4743 4742
4 4742 4743 4714 4713
4 4713 4714 4692 4691
4 4691 4692 4662 4661
4 4661 4662 4633 4632
4 4632 4633 4606 4605
4 4605 4606 4572 4571
5 4571 4572 4547 4543 4542
6 4228 4166 4156 4155 4154 4227
4 4227 4154 4153 4226
4 4226 4153 4152 4225
4 4225 4152 4151 4224
4 4224 4151 4150 4223
4 4223 4150 4149 4222
4 4222 4149 4148 4221
4 4221 4148 4147 4220
4 4220 4147 4146 4219
4 4219 4146 4145 4218
4 4218 4145 4144 4217
4 4217 4144 4143 4216
4 4216 4143 4142 4215
4 4215 4142 4141 4214
4 4214 4141 4140 4213
4 4213 4140 4139 4212
4 4212 4139 4138 4211
4 4211 4138 4137 4210
4 4210 4137 4136 4209
4 4209 4136 4135 4208
4 4208 4135 4134 4207
4 4207 4134 4133 4206
4 4206 4133 4132 4205
4 4205 4132 4131 4204
4 4204 4131 4130 4203
4 4203 4130 4129 4202
4 4202 4129 4128 4201
4 4201 4128 4127 4200
4 4200 4127 4126 4199
4 4199 4126 4125 4198
4 4198 4125 4124 4197
4 4197 4124 4123 4196
4 4196 4123 4122 4195
4 4195 4122 4121 4194
4 4194 4121 4120 4193
4 4193 4120 4119 4192
4 4192 4119 4118 4191
4 4191 4118 4117 4190
4 4190 4117 4116 4189
4 4189 4116 4115 4188
4 4188 4115 4114 4187
4 4187 4114 4113 4186
4 4186 4113 4112 4185
4 4185 4112 4111 4184
4 4184 4111 4110 4183
4 4183 4110 4109 4182
4 4182 4109 4108 4181
4 4181 4108 4107 4180
4 4180 4107 4106 4179
4 4179 4106 4105 4178
4 4178 4105 4104 4177
4 4177 4104 4103 4176
4 4176 4103 4102 4175
4 4175 4102 4101 4174
4 4174 4101 4100 4173
4 4173 4100 4099 4172
7 4172 4099 4098 4097 4096 4165 4171
7 3900 3901 3902 3882 3663 3656 3655
4 3655 3656 3579 3578
4 3578 3579 3553 3552
4 3552 3553 3525 3524
4 3524 3525 3479 3478
4 3478 3479 3459 3458
4 3458 3459 3411 3410
4 3410 3411 3382 3381
4 3381 3382 3362 3361
4 3361 3362 3335 3334
4 3334 3335 3307 3306
4 3306 3307 3275 3274
4 3274 3275 3246 3245
4 3245 3246 3218 3217
4 3217 3218 3199 3198
4 3198 3199 3171 3170
4 3170 3171 3123 3122
4 3122 3123 3102 3101
4 3101 3102 3074 3073
4 3073 3074 3028 3027
4 3027 3028 3006 3005
4 3005 3006 2928 2927
4 2927 2928 2898 2897
7 2897 2898 2802 2667 2663 2662 2661
7 2324 2392 2396 2397 2398 2399 2325
4 2325 2399 2400 2326
4 2326 2400 2401 2327
4 2327 2401 2402 2328
4 2328 2402 2403 2329
4 2329 2403 2404 2330
4 2330 2404 2405 2331
4 2331 2405 2406 2332
4 2332 2406 2407 2333
4 2333 2407 2408 2334
4 2334 2408 2409 2335
4 2335 2409 2410 2336
4 2336 2410 2411 2337
4 2337 2411 2412 2338
4 2338 2412 2413 2339
4 2339 2413 2414 2340
4 2340 2414 2415 2341
4 2341 2415 2416 2342
4 2342 2416 2417 2343
4 2343 2417 2418 2344
4 2344 2418 2419 2345
4 2345 2419 2420 2346
4 2346 2420 2421 2347
4 2347 2421 2422 2348
4 2348 2422 2423 2349
4 2349 2423 2424 2350
4 2350 2424 2425 2351
4 2351 2425 2426 2352
4 2352 2426 2427 2353
4 2353 2427 2428 2354
4 2354 2428 2429 2355
4 2355 2429 2430 2356
4 2356 2430 2431 2357
4 2357 2431 2432 2358
4 2358 2432 2433 2359
4 2359 2433 2434 2360
4 2360 2434 2435 2361
4 2361 2435 2436 2362
4 2362 2436 2437 2363
4 2363 2437 2438 2364
4 2364 2438 2439 2365
4 2365 2439 2440 2366
4 2366 2440 2441 2367
4 2367 2441 2442 2368
4 2368 2442 2443 2369
4 2369 2443 2444 2370
4 2370 2444 2445 2371
4 2371 2445 2446 2372
4 2372 2446 2447 2373
4 2373 2447 2448 2374
4 2374 2448 2449 2375
4 2375 2449 2450 2376
4 2376 2450 2451 2377
4 2377 2451 2452 2378
4 2378 2452 2453 2379
4 2379 2453 2454 2380
6 2380 2454 2455 2456 2393 2381
5 2012 2013 2005 1980 1979
4 1979 1980 1954 1953
4 1953 1954 1918 1917
4 1917 1918 1891 1890
4 1890 1891 1869 1868
4 1868 1869 1840 1839
4 1839 1840 1810 1809
4 1809 1810 1788 1787
4 1787 1788 1760 1759
4 1759 1760 1730 1729
4 1729 1730 1708 1707
4 1707 1708 1678 1677
4 1677 1678 1648 1647
4 1647 1648 1628 1627
4 1627 1628 1598 1597
4 1597 1598 1569 1568
4 1568 1569 1547 1546
4 1546 1547 1517 1516
4 1516 1517 1490 1489
4 1489 1490 1468 1467
4 1467 1468 1434 1433
4 1433 1434 1399 1398
4 1398 1399 1372 1371
4 1371 1372 1340 1339
4 1339 1340 1311 1310
5 1310 1311 1303 1290 1289
6 1001 929 928 927 926 1000
4 1000 926 925 999
4 999 925 924 998
4 998 924 923 997
4 997 923 922 996
4 996 922 921 995
4 995 921 920 994
4 994 920 919 993
4 993 919 918 992
4 992 918 917 991
4 991 917 916 990
4 990 916 915 989
4 989 915 914 988
4 988 914 913 987
4 987 913 912 986
4 986 912 911 985
4 985 911 910 984
4 984 910 909 983
4 983 909 908 982
4 982 908 907 981
4 981 907 906 980
4 980 906 905 979
4 979 905 904 978
4 978 904 903 977
4 977 903 902 976
4 976 902 901 975
4 975 901 900 974
4 974 900 899 973
4 973 899 898 972
4 972 898 897 971
4 971 897 896 970
4 970 896 895 969
4 969 895 894 968
4 968 894 893 967
4 967 893 892 966
4 966 892 891 965
4 965 891 890 964
4 964 890 889 963
4 963 889 888 962
4 962 888 887 961
4 961 887 886 960
4 960 886 885 959
4 959 885 884 958
4 958 884 883 957
4 957 883 882 956
4 956 882 881 955
4 955 881 880 954
4 954 880 879 953
4 953 879 878 952
4 952 878 877 951
4 951 877 876 950
4 950 876 875 949
4 949 875 874 948
4 948 874 873 947
4 947 873 872 946
4 946 872 871 945
4 945 871 870 944
6 944 870 869 868 867 943
CELL_TYPES 5486
7
7
7
7
7
7
7
7
7
7
7
7
7
7
7
7
7
7
7
7
7
7
7
7
7
7
7
7
7
7
7
7
7
7
7
7
7
7
7
7
7
7
7
7
7
7
7
7
7
7
7
7
7
7
7
7
7
7
7
7
7
7
7
7
7
7
7
7
7
7
7
7
7
7
7
7
7
7
7
7
7
7
7
7
7
7
7
7
7
7
7
7
7
7
7
7
7
7
7
7
7
7
7
7
7
7
7
7
7
7
7
7
7
7
7
7
7
7
7
7
7
7
7
7
7
7
7
7
7
7
7
7
7
7
7
7
7
7
7
7
7
7
7
7
7
7
7
7
7
7
7
7
7
7
7
7
7
7
7
7
7
7
7
7
7
7
7
7
7
7
7
7
7
7
7
7
7
7
7
7
7
7
7
7
7
7
7
7
7
7
7
7
7
7
7
7
7
7
7
7
7
7
7
7
7
7
7
7
7
7
7
7
7
7
7
7
7
7
7
7
7
7
7
7
7
7
7
7
7
7
7
7
7
7
7
7
7
7
7
7
7
7
7
7
7
7
7
7
7
7
7
7
7
7
7
7
7
7
7
7
7
7
7
7
7
7
7
7
7
7
7
7
7
7
7
7
7
7
7
7
7
7
7
7
7
7
7
7
7
7
7
7
7
7
7
7
7
7
7
7
7
7
7
7
7
7
7
7
7
7
7
7
7
7
7
7
7
7
7
7
7
7
7
7
7
7
7
7
7
7
7
7
7
7
7
7
7
7
7
7
7
7
7
7
7
7
7
7
7
7
7
7
7
7
7
7
7
7
7
7
7
7
7
7
7
7
7
7
7
7
7
7
7
7
7
7
7
7
7
7
7
7
7
7
7
7
7
7
7
7
7
7
7
7
7
7
7
7
7
7
7
7
7
7
7
7
7
7
7
7
7
7
7
7
7
7
7
7
7
7
7
7
7
7
7
7
7
7
7
7
7
7
7
7
7
7
7
7
7
7
7
7
7
7
7
7
7
7
7
7
7
7
7
7
7
7
7
7
7
7
7
7
7
7
7
7
7
7
7
7
7
7
7
7
7
7
7
7
7
7
7
7
7
7
7
7
7
7
7
7
7
7
7
7
7
7
7
7
7
7
7
7
7
7
7
7
7
7
7
7
7
7
7
7
7
7
7
7
7
7
7
7
7
7
7
7
7
7
7
7
7
7
7
7
7
7
7
7
7
7
7
7
7
7
7
7
7
7
7
7
7
7
7
7
7
7
7
7
7
7
7
7
7
7
7
7
7
7
7
7
7
7
7
7
7
7
7
7
7
7
7
7
7
7
7
7
7
7
7
7
7
7
7
7
7
7
7
7
7
7
7
7
7
7
7
7
7
7
7
7
7
7
7
7
7
7
7
7
7
7
7
7
7
7
7
7
7
7
7
7
7
7
7
7
7
7
7
7
7
7
7
7
7
7
7
7
7
7
7
7
7
7
7
7
7
7
7
7
7
7
7
7
7
7
7
7
7
7
7
7
7
7
7
7
7
7
7
7
7
7
7
7
7
7
7
7
7
7
7
7
7
7
7
7
7
7
7
7
7
7
7
7
7
7
7
7
7
7
7
7
7
7
7
7
7
7
7
7
7
7
7
7
7
7
7
7
7
7
7
7
7
7
7
7
7
7
7
7
7
7
7
7
7
7
7
7
7
7
7
7
7
7
7
7
7
7
7
7
7
7
7
7
7
7
7
7
7
7
7
7
7
7
7
7
7
7
7
7
7
7
7
7
7
7
7
7
7
7
7
7
7
7
7
7
7
7
7
7
7
7
7
7
7
7
7
7
7
7
7
7
7
7
7
7
7
7
7
7
7
7
7
7
7
7
7
7
7
7
7
7
7
7
7
7
7
7
7
7
7
7
7
7
7
7
7
7
7
7
7
7
7
7
7
7
7
7
7
7
7
7
7
7
7
7
7
7
7
7
7
7
7
7
7
7
7
7
7
7
7
7
7
7
7
7
7
7
7
7
7
7
7
7
7
7
7
7
7
7
7
7
7
7
7
7
7
7
7
7
7
7
7
7
7
7
7
7
7
7
7
7
7
7
7
7
7
7
7
7
7
7
7
7
7
7
7
7
7
7
7
7
7
7
7
7
7
7
7
7
7
7
7
7
7
7
7
7
7
7
7
7
7
7
7
7
7
7
7
7
7
7
7
7
7
7
7
7
7
7
7
7
7
7
7
7
7
7
7
7
7
7
7
7
7
7
7
7
7
7
7
7
7
7
7
7
7
7
7
7
7
7
7
7
7
7
7
7
7
7
7
7
7
7
7
7
7
7
7
7
7
7
7
7
7
7
7
7
7
7
7
7
7
7
7
7
7
7
7
7
7
7
7
7
7
7
7
7
7
7
7
7
7
7
7
7
7
7
7
7
7
7
7
7
7
7
7
7
7
7
7
7
7
7
7
7
7
7
7
7
7
7
7
7
7
7
7
7
7
7
7
7
7
7
7
7
7
7
7
7
7
7
7
7
7
7
7
7
7
7
7
7
7
7
7
7
7
7
7
7
7
7
7
7
7
7
7
7
7
7
7
7
7
7
7
7
7
7
7
7
7
7
7
7
7
7
7
7
7
7
7
7
7
7
7
7
7
7
7
7
7
7
7
7
7
7
7
7
7
7
7
7
7
7
7
7
7
7
7
7
7
7
7
7
7
7
7
7
7
7
7
7
7
7
7
7
7
7
7
7
7
7
7
7
7
7
7
7
7
7
7
7
7
7
7
7
7
7
7
7
7
7
7
7
7
7
7
7
7
7
7
7
7
7
7
7
7
7
7
7
7
7
7
7
7
7
7
7
7
7
7
7
7
7
7
7
7
7
7
7
7
7
7
7
7
7
7
7
7
7
7
7
7
7
7
7
7
7
7
7
7
7
7
7
7
7
7
7
7
7
7
7
7
7
7
7
7
7
7
7
7
7
7
7
7
7
7
7
7
7
7
7
7
7
7
7
7
7
7
7
7
7
7
7
7
7
7
7
7
7
7
7
7
7
7
7
7
7
7
7
7
7
7
7
7
7
7
7
7
7
7
7
7
7
7
7
7
7
7
7
7
7
7
7
7
7
7
7
7
7
7
7
7
7
7
7
7
7
7
7
7
7
7
7
7
7
7
7
7
7
7
7
7
7
7
7
7
7
7
7
7
7
7
7
7
7
7
7
7
7
7
7
7
7
7
7
7
7
7
7
7
7
7
7
7
7
7
7
7
7
7
7
7
7
7
7
7
7
7
7
7
7
7
7
7
7
7
7
7
7
7
7
7
7
7
7
7
7
7
7
7
7
7
7
7
7
7
7
7
7
7
7
7
7
7
7
7
7
7
7
7
7
7
7
7
7
7
7
7
7
7
7
7
7
7
7
7
7
7
7
7
7
7
7
7
7
7
7
7
7
7
7
7
7
7
7
7
7
7
7
7
7
7
7
7
7
7
7
7
7
7
7
7
7
7
7
7
7
7
7
7
7
7
7
7
7
7
7
7
7
7
7
7
7
7
7
7
7
7
7
7
7
7
7
7
7
7
7
7
7
7
7
7
7
7
7
7
7
7
7
7
7
7
7
7
7
7
7
7
7
7
7
7
7
7
7
7
7
7
7
7
7
7
7
7
7
7
7
7
7
7
7
7
7
7
7
7
7
7
7
7
7
7
7
7
7
7
7
7
7
7
7
7
7
7
7
7
7
7
7
7
7
7
7
7
7
7
7
7
7
7
7
7
7
7
7
7
7
7
7
7
7
7
7
7
7
7
7
7
7
7
7
7
7
7
7
7
7
7
7
7
7
7
7
7
7
7
7
7
7
7
7
7
7
7
7
7
7
7
7
7
7
7
7
7
7
7
7
7
7
7
7
7
7
7
7
7
7
7
7
7
7
7
7
7
7
7
7
7
7
7
7
7
7
7
7
7
7
7
7
7
7
7
7
7
7
7
7
7
7
7
7
7
7
7
7
7
7
7
7
7
7
7
7
7
7
7
7
7
7
7
7
7
7
7
7
7
7
7
7
7
7
7
7
7
7
7
7
7
7
7
7
7
7
7
7
7
7
7
7
7
7
7
7
7
7
7
7
7
7
7
7
7
7
7
7
7
7
7
7
7
7
7
7
7
7
7
7
7
7
7
7
7
7
7
7
7
7
7
7
7
7
7
7
7
7
7
7
7
7
7
7
7
7
7
7
7
7
7
7
7
7
7
7
7
7
7
7
7
7
7
7
7
7
7
7
7
7
7
7
7
7
7
7
7
7
7
7
7
7
7
7
7
7
7
7
7
7
7
7
7
7
7
7
7
7
7
7
7
7
7
7
7
7
7
7
7
7
7
7
7
7
7
7
7
7
7
7
7
7
7
7
7
7
7
7
7
7
7
7
7
7
7
7
7
7
7
7
7
7
7
7
7
7
7
7
7
7
7
7
7
7
7
7
7
7
7
7
7
7
7
7
7
7
7
7
7
7
7
7
7
7
7
7
7
7
7
7
7
7
7
7
7
7
7
7
7
7
7
7
7
7
7
7
7
7
7
7
7
7
7
7
7
7
7
7
7
7
7
7
7
7
7
7
7
7
7
7
7
7
7
7
7
7
7
7
7
7
7
7
7
7
7
7
7
7
7
7
7
7
7
7
7
7
7
7
7
7
7
7
7
7
7
7
7
7
7
7
7
7
7
7
7
7
7
7
7
7
7
7
7
7
7
7
7
7
7
7
7
7
7
7
7
7
7
7
7
7
7
7
7
7
7
7
7
7
7
7
7
7
7
7
7
7
7
7
7
7
7
7
7
7
7
7
7
7
7
7
7
7
7
7
7
7
7
7
7
7
7
7
7
7
7
7
7
7
7
7
7
7
7
7
7
7
7
7
7
7
7
7
7
7
7
7
7
7
7
7
7
7
7
7
7
7
7
7
7
7
7
7
7
7
7
7
7
7
7
7
7
7
7
7
7
7
7
7
7
7
7
7
7
7
7
7
7
7
7
7
7
7
7
7
7
7
7
7
7
7
7
7
7
7
7
7
7
7
7
7
7
7
7
7
7
7
7
7
7
7
7
7
7
7
7
7
7
7
7
7
7
7
7
7
7
7
7
7
7
7
7
7
7
7
7
7
7
7
7
7
7
7
7
7
7
7
7
7
7
7
7
7
7
7
7
7
7
7
7
7
7
7
7
7
7
7
7
7
7
7
7
7
7
7
7
7
7
7
7
7
7
7
7
7
7
7
7
7
7
7
7
7
7
7
7
7
7
7
7
7
7
7
7
7
7
7
7
7
7
7
7
7
7
7
7
7
7
7
7
7
7
7
7
7
7
7
7
7
7
7
7
7
7
7
7
7
7
7
7
7
7
7
7
7
7
7
7
7
7
7
7
7
7
7
7
7
7
7
7
7
7
7
7
7
7
7
7
7
7
7
7
7
7
7
7
7
7
7
7
7
7
7
7
7
7
7
7
7
7
7
7
7
7
7
7
7
7
7
7
7
7
7
7
7
7
7
7
7
7
7
7
7
7
7
7
7
7
7
7
7
7
7
7
7
7
7
7
7
7
7
7
7
7
7
7
7
7
7
7
7
7
7
7
7
7
7
7
7
7
7
7
7
7
7
7
7
7
7
7
7
7
7
7
7
7
7
7
7
7
7
7
7
7
7
7
7
7
7
7
7
7
7
7
7
7
7
7
7
7
7
7
7
7
7
7
7
7
7
7
7
7
7
7
7
7
7
7
7
7
7
7
7
7
7
7
7
7
7
7
7
7
7
7
7
7
7
7
7
7
7
7
7
7
7
7
7
7
7
7
7
7
7
7
7
7
7
7
7
7
7
7
7
7
7
7
7
7
7
7
7
7
7
7
7
7
7
7
7
7
7
7
7
7
7
7
7
7
7
7
7
7
7
7
7
7
7
7
7
7
7
7
7
7
7
7
7
7
7
7
7
7
7
7
7
7
7
7
7
7
7
7
7
7
7
7
7
7
7
7
7
7
7
7
7
7
7
7
7
7
7
7
7
7
7
7
7
7
7
7
7
7
7
7
7
7
7
7
7
7
7
7
7
7
7
7
7
7
7
7
7
7
7
7
7
7
7
7
7
7
7
7
7
7
7
7
7
7
7
7
7
7
7
7
7
7
7
7
7
7
7
7
7
7
7
7
7
7
7
7
7
7
7
7
7
7
7
7
7
7
7
7
7
7
7
7
7
7
7
7
7
7
7
7
7
7
7
7
7
7
7
7
7
7
7
7
7
7
7
7
7
7
7
7
7
7
7
7
7
7
7
7
7
7
7
7
7
7
7
7
7
7
7
7
7
7
7
7
7
7
7
7
7
7
7
7
7
7
7
7
7
7
7
7
7
7
7
7
7
7
7
7
7
7
7
7
7
7
7
7
7
7
7
7
7
7
7
7
7
7
7
7
7
7
7
7
7
7
7
7
7
7
7
7
7
7
7
7
7
7
7
7
7
7
7
7
7
7
7
7
7
7
7
7
7
7
7
7
7
7
7
7
7
7
7
7
7
7
7
7
7
7
7
7
7
7
7
7
7
7
7
7
7
7
7
7
7
7
7
7
7
7
7
7
7
7
7
7
7
7
7
7
7
7
7
7
7
7
7
7
7
7
7
7
7
7
7
7
7
7
7
7
7
7
7
7
7
7
7
7
7
7
7
7
7
7
7
7
7
7
7
7
7
7
7
7
7
7
7
7
7
7
7
7
7
7
7
7
7
7
7
7
7
7
7
7
7
7
7
7
7
7
7
7
7
7
7
7
7
7
7
7
7
7
7
7
7
7
7
7
7
7
7
7
7
7
7
7
7
7
7
7
7
7
7
7
7
7
7
7
7
7
7
7
7
7
7
7
7
7
7
7
7
7
7
7
7
7
7
7
7
7
7
7
7
7
7
7
7
7
7
7
7
7
7
7
7
7
7
7
7
7
7
7
7
7
7
7
7
7
7
7
7
7
7
7
7
7
7
7
7
7
7
7
7
7
7
7
7
7
7
7
7
7
7
7
7
7
7
7
7
7
7
7
7
7
7
7
7
7
7
7
7
7
7
7
7
7
7
7
7
7
7
7
7
7
7
7
7
7
7
7
7
7
7
7
7
7
7
7
7
7
7
7
7
7
7
7
7
7
7
7
7
7
7
7
7
7
7
7
7
7
7
7
7
7
7
7
7
7
7
7
7
7
7
7
7
7
7
7
7
7
7
7
7
7
7
7
7
7
7
7
7
7
7
7
7
7
7
7
7
7
7
7
7
7
7
7
7
7
7
7
7
7
7
7
7
7
7
7
7
7
7
7
7
7
7
7
7
7
7
7
7
7
7
7
7
7
7
7
7
7
7
7
7
7
7
7
7
7
7
7
7
7
7
7
7
7
7
7
7
7
7
7
7
7
7
7
7
7
7
7
7
7
7
7
7
7
7
7
7
7
7
7
7
7
7
7
7
7
7
7
7
7
7
7
7
7
7
7
7
7
7
7
7
7
7
7
7
7
7
7
7
7
7
7
7
7
7
7
7
7
7
7
7
7
7
7
7
7
7
7
7
7
7
7
7
7
7
7
7
7
7
7
7
7
7
7
7
7
7
7
7
7
7
7
7
7
7
7
7
7
7
7
7
7
7
7
7
7
7
7
7
7
7
7
7
7
7
7
7
7
7
7
7
7
7
7
7
7
7
7
7
7
7
7
7
7
7
7
7
7
7
7
7
7
7
7
7
7
7
7
7
7
7
7
7
7
7
7
7
7
7
7
7
7
7
7
7
7
7
7
7
7
7
7
7
7
7
7
7
7
7
7
7
7
7
7
7
7
7
7
7
7
7
7
7
7
7
7
7
7
7
7
7
7
7
7
7
7
7
7
7
7
7
7
7
7
7
7
7
7
7
7
7
7
7
7
7
7
7
7
7
7
7
7
7
7
7
7
7
7
7
7
7
7
7
7
7
7
7
7
7
7
7
7
7
7
7
7
7
7
7
7
7
7
7
7
7
7
7
7
7
7
7
7
7
7
7
7
7
7
7
7
7
7
7
7
7
7
7
7
7
7
7
7
7
7
7
7
7
7
7
7
7
7
7
7
7
7
7
7
7
7
7
7
7
7
7
7
7
7
7
7
7
7
7
7
7
7
7
7
7
7
7
7
7
7
7
7
7
7
7
7
7
7
7
7
7
7
7
7
7
7
7
7
7
7
7
7
7
7
7
7
7
7
7
7
7
7
7
7
7
7
7
7
7
7
7
7
7
7
7
7
7
7
7
7
7
7
7
7
7
7
7
7
7
7
7
7
7
7
7
7
7
7
7
7
7
7
7
7
7
7
7
7
7
7
7
7
7
7
7
7
7
7
7
7
7
7
7
7
7
7
7
7
7
7
7
7
7
7
7
7
7
7
7
7
7
7
7
7
7
7
7
7
7
7
7
7
7
7
7
7
7
7
7
7
7
7
7
7
7
7
7
7
7
7
7
7
7
7
7
7
7
7
7
7
7
7
7
7
7
7
7
7
7
7
7
7
7
7
7
7
7
7
7
7
7
7
7
7
7
7
7
7
7
7
7
7
7
7
7
7
7
7
7
7
7
7
7
7
7
7
7
7
7
7
7
7
7
7
7
7
7
7
7
7
7
7
7
7
7
7
7
7
7
7
7
7
7
7
7
7
7
7
7
7
7
7
7
7
7
7
7
7
7
7
7
7
7
7
7
7
7
7
7
7
7
7
7
7
7
7
7
7
7
7
7
7
7
7
7
7
7
7
7
7
7
7
7
7
7
7
7
7
7
7
7
7
7
7
7
7
7
7
7
7
7
7
7
7
7
7
7
7
7
7
7
7
7
7
7
7
7
7
7
7
7
7
7
7
7
7
7
7
7
7
7
7
7
7
7
7
7
7
7
7
7
7
7
7
7
7
7
7
7
7
7
7
7
7
7
7
7
7
7
7
7
7
7
7
7
7
7
7
7
7
7
7
7
7
7
7
7
7
7
7
7
7
7
7
7
7
7
7
7
7
7
7
7
7
7
7
7
7
7
7
7
7
7
7
7
7
7
7
7
7
7
7
7
7
7
7
7
7
7
7
7
7
7
7
7
7
7
7
7
7
7
7
7
7
7
7
7
7
7
7
7
7
7
7
7
7
7
7
7
7
7
7
7
7
7
7
7
7
7
7
7
7
7
7
7
7
7
7
7
7
7
7
7
7
7
7
7
7
7
7
7
7
7
7
7
7
7
7
7
7
7
7
7
7
7
7
7
7
7
7
7
7
7
7
7
7
7
7
7
7
7
7
7
7
7
7
7
7
7
7
7
7
7
7
7
7
7
7
7
7
7
7
7
7
7
7
7
7
7
7
7
7
7
7
7
7
7
7
7
7
7
7
7
7
7
7
7
7
7
7
7
7
7
7
7
7
7
7
7
7
7
7
7
7
7
7
7
7
7
7
7
7
7
7
7
7
7
7
7
7
7
7
7
7
7
7
7
7
7
7
7
7
7
7
7
7
7
7
7
7
7
7
7
7
7
7
7
7
7
7
7
7
7
7
7
7
7
7
7
7
7
7
7
7
7
7
7
7
7
7
7
7
7
7
7
7
7
7
7
7
7
7
7
7
7
7
7
7
7
7
7
7
7
7
7
7
7
7
7
7
7
7
7
7
7
7
7
7
7
7
7
7
7
7
7
7
7
7
7
7
7
7
7
7
7
7
7
7
7
7
7
7
7
7
7
7
7
7
7
7
7
7
7
7
7
7
7
7
7
7
7
7
7
7
7
7
7
7
7
7
7
7
7
7
7
7
7
7
7
7
7
7
7
7
7
7
7
7
7
7
7
7
7
7
7
7
7
7
7
7
7
7
7
7
7
7
7
7
7
7
7
7
7
7
7
7
7
7
7
7
7
7
7
7
7
7
7
7
7
7
7
7
7
7
7
7
7
7
7
7
7
7
7
7
7
7
7
7
7
7
7
7
7
7
7
7
7
7
7
7
7
7
7
7
7
7
7
7
7
7
7
7
7
7
7
7
7
7
7
7
7
7
7
7
7
7
7
7
7
7
7
7
7
7
7
7
7
7
7
7
7
7
7
7
7
7
7
7
7
7
7
7
7
7
7
7
7
7
7
7
7
7
7
7
7
7
7
7
7
7
7
7
7
7
7
7
7
7
7
7
7
7
7
7
7
7
7
7
7
7
7
7
7
7
7
7
7
7
7
7
7
7
7
7
7
7
7
7
7
7
7
7
7
7
7
7
7
7
7
7
7
7
7
7
7
7
7
7
7
7
7
7
7
7
7
7
7
7
7
7
7
7
7
7
7
7
7
7
7
7
7
7
7
7
7
7
7
7
7
7
7
7
7
7
7
7
7
7
7
7
7
7
7
7
7
7
7
7
7
7
7
7
7
7
7
7
7
7
7
7
7
7
7
7
7
7
7
7
7
7
7
7
7
7
7
7
7
7
7
7
7
7
7
7
7
7
7
7
7
7
7
7
7
7
7
7
7
7
7
7
7
7
7
7
7
7
7
7
7
7
7
7
7
7
7
7
7
7
7
7
7
7
7
7
7
7
7
7
7
7
7
7
7
7
7
7
7
7
7
7
7
7
7
7
7
7
7
7
7
7
7
7
7
7
7
7
7
7
7
7
7
7
7
7
7
7
7
7
7
7
7
7
7
7
7
7
7
7
7
7
7
7
7
7
7
7
7
7
7
7
7
7
7
7
7
7
7
7
7
7
7
7
7
7
7
7
7
7
7
7
7
7
7
7
7
7
7
7
7
7
7
7
7
7
7
7
7
7
7
7
7
7
7
7
7
7
7
7
7
7
7
7
7
7
7
7
7
7
7
7
7
7
7
7
7
7
7
7
7
7
7
7
7
7
7
7
7
7
7
7
7
7
7
7
7
7
7
7
7
7
7
7
7
7
7
7
7
7
7
7
7
7
7
7
7
7
7
7
7
7
7
7
7
7
7
7
7
7
7
7
7
7
7
7
7
7
7
7
7
7
7
7
7
7
7
7
7
7
7
7
7
7
7
7
7
7
7
7
7
7
7
7
7
7
7
7
7
7
7
7
7
7
7
7
7
7
7
7
7
7
7
7
7
7
7
7
7
7
7
7
7
7
7
7
7
7
7
7
7
7
7
7
7
7
7
7
7
7
7
7
7
7
7
7
7
7
7
7
7
7
7
7
7
7
7
7
7
7
7
7
7
7
7
7
7
7
7
7
7
7
7
7
7
7
7
7
7
7
7
7
7
7
7
7
7
7
7
7
7
7
7
7
7
7
7
7
7
7
7
7
7
7
7
7
7
7
7
7
7
7
7
7
7
7
7
7
7
7
7
7
7
7
7
7
7
7
7
7
7
7
7
7
7
7
7
7
7
7
7
7
7
7
7
7
7
7
7
7
7
7
7
7
7
7
7
7
7
7
7
7
7
7
7
7
7
7
7
7
7
7
7
7
7
7
7
7
7
7
7
7
7
7
7
7
7
7
7
7
7
7
7
7
7
7
7
7
7
7
7
7
7
7
7
7
7
7
7
7
7
7
7
7
7
7
7
7
7
7
7
7
7
7
7
7
7
7
7
7
7
7
7
7
7
7
7
7
7
7
7
7
7
7
7
7
7
7
7
7
7
7
7
7
7
7
7
7
7
7
7
7
7
7
7
7
7
7
7
7
7
7
7
7
7
7
7
7
7
7
7
7
7
7
7
7
7
7
7
7
7
7
7
7
7
7
7
7
7
7
7
7
7
7
7
7
7
7
7
7
7
7
7
7
7
7
7
7
7
7
7
7
7
7
7
7
7
7
7
7
7
7
7
7
7
7
7
7
7
7
7
7
7
7
7
7
7
7
7
7
7
7
7
7
7
7
7
7
7
7
7
7
7
7
7
7
7
7
7
7
7
7
7
7
7
7
7
7
7
7
7
7
7
7
7
7
7
7
7
7
7
7
7
7
7
7
7
7
7
7
7
7
7
7
7
7
7
7
7
7
7
7
7
7
7
7
7
7
7
7
7
7
7
7
7
7
7
7
7
7
7
7
7
7
7
7
7
7
7
7
7
7
7
7
7
7
7
7
7
7
7
7
7
7
7
7
7
7
7
7
7
7
7
7
7
7
7
7
7
7
7
7
7
7
7
7
7
7
7
7
7
7
7
7
7
7
7
7
7
7
7
7
7
7
7
7
7
7
7
7
7
7
7
7
7
7
7
7
7
7
7
7
7
7
7
7
7
7
7
7
7
7
7
7
7
7
7
7
7
7
7
7
7
7
7
7
7
7
7
7
7
7
7
7
7
7
7
7
7
7
7
7
7
7
7
7
7
7
7
7
7
7
7
7
7
7
7
7
7
7
7
7
7
7
7
7
7
7
7
7
7
7
7
7
7
CELL_DATA 5486
SCALARS hybrid_kind int 1
LOOKUP_TABLE default
2
2
2
2
2
2
2
2
2
2
2
2
2
2
2
2
2
2
2
2
2
2
2
2
2
2
2
2
2
2
2
2
2
2
2
2
2
2
2
2
2
2
2
2
2
2
2
2
2
2
2
2
2
2
2
2
2
2
2
2
2
2
2
2
2
2
2
2
2
2
2
2
2
2
2
2
2
2
2
2
2
2
2
2
2
2
2
2
2
2
2
2
2
2
2
2
2
2
2
2
2
2
2
2
2
2
2
2
2
2
2
2
2
2
2
2
2
2
2
2
2
2
2
2
2
2
2
2
2
2
2
2
2
2
2
2
2
2
2
2
2
2
2
2
2
2
2
2
2
2
2
2
2
2
2
2
2
2
2
2
2
2
2
2
2
2
2
2
2
2
2
2
2
2
2
2
2
2
2
2
2
2
2
2
2
2
2
2
2
2
2
2
2
2
2
2
2
2
2
2
2
2
2
2
2
2
2
2
2
2
2
2
2
2
2
2
2
2
2
2
2
2
2
2
2
2
2
2
2
2
2
2
2
2
2
2
2
2
2
2
2
2
2
2
2
2
2
2
2
2
2
2
2
2
2
2
2
2
2
2
2
2
2
2
2
2
2
2
2
2
2
2
2
2
2
2
2
2
2
2
2
2
2
2
2
2
2
2
2
2
2
2
2
2
2
2
2
2
2
2
2
2
2
2
2
2
2
2
2
2
2
2
2
2
2
2
2
2
2
2
2
2
2
2
2
2
2
2
2
2
2
2
2
2
2
2
2
2
2
2
2
2
2
2
2
2
2
2
2
2
2
2
2
2
2
2
2
2
2
2
2
2
2
2
2
2
2
2
2
2
2
2
2
2
2
2
2
2
2
2
2
2
2
2
2
2
2
2
2
2
2
2
2
2
2
2
2
2
2
2
2
2
2
2
2
2
2
2
2
2
2
2
2
2
2
2
2
2
2
2
2
2
2
2
2
2
2
2
2
2
2
2
2
2
2
2
2
2
2
2
2
2
2
2
2
2
2
2
2
2
2
2
2
2
2
2
2
2
2
2
2
2
2
2
2
2
2
2
2
2
2
2
2
2
2
2
2
2
2
2
2
2
2
2
2
2
2
2
2
2
2
2
2
2
2
2
2
2
2
2
2
2
2
2
2
2
2
2
2
2
2
2
2
2
2
2
2
2
2
2
2
2
2
2
2
2
2
2
2
2
2
2
2
2
2
2
2
2
2
2
2
2
2
2
2
2
2
2
2
2
2
2
2
2
2
2
2
2
2
2
2
2
2
2
2
2
2
2
2
2
2
2
2
2
2
2
2
2
2
2
2
2
2
2
2
2
2
2
2
2
2
2
2
2
2
2
2
2
2
2
2
2
2
2
2
2
2
2
2
2
2
2
2
2
2
2
2
2
2
2
2
2
2
2
2
2
2
2
2
2
2
2
2
2
2
2
2
2
2
2
2
2
2
2
2
2
2
2
2
2
2
2
2
2
2
2
2
2
2
2
2
2
2
2
2
2
2
2
2
2
2
2
2
2
2
2
2
2
2
2
2
2
2
2
2
2
2
2
2
2
2
2
2
2
2
2
2
2
2
2
2
2
2
2
2
2
2
2
2
2
2
2
2
2
2
2
2
2
2
3
3
3
3
2
2
3
3
3
3
3
2
3
3
2
2
2
2
2
2
2
2
2
2
2
2
2
2
2
2
2
2
2
2
2
2
2
2
2
2
2
2
2
3
3
3
3
2
3
2
2
2
3
3
3
3
2
3
3
3
3
3
3
3
3
2
2
2
2
3
3
3
3
2
2
2
2
2
3
2
3
3
2
3
2
2
2
2
2
3
3
3
3
3
2
2
3
2
2
2
2
3
2
2
2
3
2
2
2
2
2
2
2
2
3
3
3
3
3
3
3
3
2
2
2
2
2
2
2
2
3
3
3
3
3
3
3
2
2
2
2
3
2
2
2
2
2
2
2
2
2
2
2
2
2
2
2
2
2
2
2
2
2
2
2
2
2
2
2
2
2
2
2
2
2
2
2
2
2
2
2
2
2
2
2
2
2
2
2
2
2
2
2
2
2
2
2
2
2
2
2
2
2
2
2
2
2
2
2
2
3
3
3
3
2
2
3
3
2
2
3
3
2
2
3
3
2
3
3
3
2
2
3
3
2
2
3
3
2
2
3
3
2
2
3
3
2
2
3
3
2
2
3
3
2
2
3
3
2
2
3
3
2
2
3
3
2
2
3
3
2
2
3
3
2
2
3
3
2
2
2
2
2
2
2
2
2
2
2
2
2
2
2
2
2
2
2
2
2
2
2
2
2
2
2
2
2
2
2
2
2
2
3
3
2
2
3
3
2
2
3
3
2
2
3
3
2
2
2
2
3
3
2
2
2
3
2
3
2
2
3
3
2
2
3
3
2
2
2
2
2
2
3
3
2
2
3
3
2
2
3
3
2
2
3
3
2
2
3
3
2
2
3
3
2
2
3
3
2
2
3
3
2
2
2
2
2
2
2
2
2
2
2
2
2
2
2
2
2
2
2
2
2
2
2
2
2
2
2
2
2
2
2
2
2
2
2
2
2
2
2
2
2
2
2
2
2
2
2
2
2
2
2
3
3
3
3
2
3
2
3
2
3
3
3
2
3
2
3
2
3
2
3
2
3
2
3
2
3
2
3
2
3
2
3
2
3
2
3
2
2
2
2
2
2
2
2
2
2
2
2
2
2
2
2
2
3
2
3
2
3
2
3
2
3
2
3
2
3
2
3
2
3
2
3
2
3
2
3
2
3
2
3
2
3
2
3
2
2
2
2
2
2
2
2
2
2
2
2
2
2
2
2
2
2
2
2
2
2
2
2
2
2
2
2
2
2
2
2
2
2
2
2
2
2
2
2
2
2
2
2
3
2
3
2
3
2
3
2
3
2
3
2
3
2
3
2
2
2
2
2
2
2
2
2
3
2
3
2
2
2
3
2
2
2
3
2
2
2
2
2
2
3
2
3
2
3
2
3
2
2
2
2
2
2
2
2
2
2
2
2
2
2
2
2
2
2
2
2
2
2
3
2
3
2
3
2
3
2
3
2
3
2
3
2
3
2
3
2
3
2
3
2
3
2
3
2
3
2
3
2
3
2
2
2
2
2
2
2
2
2
2
2
2
2
2
2
2
2
2
2
2
2
2
2
2
2
2
2
2
2
2
2
2
2
2
2
2
2
2
2
2
2
2
2
2
2
2
2
2
2
2
2
2
2
2
2
2
2
2
2
2
2
2
2
2
2
2
2
2
2
2
2
2
2
2
2
2
2
2
2
2
2
2
2
2
2
2
2
2
2
2
2
2
2
2
2
2
2
2
2
2
2
2
3
2
3
2
3
2
2
2
2
2
2
2
2
2
2
2
2
2
2
2
3
3
3
3
3
3
2
2
2
2
2
2
2
2
2
2
2
3
3
3
3
3
3
2
3
3
3
3
2
2
2
2
3
3
3
3
2
3
3
3
3
3
3
3
3
3
3
3
3
2
2
3
3
3
3
3
3
3
3
3
3
3
2
3
2
3
3
2
3
2
3
3
3
3
3
3
3
3
3
3
3
3
3
3
3
3
3
3
3
3
2
2
3
3
3
3
3
3
3
3
3
3
3
3
3
3
3
3
3
3
3
2
2
3
3
2
2
3
3
2
2
3
3
2
2
3
3
2
2
3
3
2
2
3
3
2
2
3
3
2
2
3
3
2
2
3
3
2
2
3
3
2
2
3
3
2
2
3
3
2
2
3
3
2
2
3
3
2
2
3
3
2
2
3
3
2
2
3
3
2
2
3
3
2
2
3
3
2
2
3
3
2
2
3
3
2
2
3
3
2
2
3
3
2
2
3
3
2
2
3
3
2
2
3
3
2
2
3
3
2
2
3
3
2
2
3
3
2
2
3
3
2
2
3
3
2
2
3
3
3
3
2
3
2
3
3
2
2
3
3
3
3
2
3
2
3
2
2
3
3
3
3
3
3
3
3
3
3
3
3
3
2
2
3
3
2
2
3
3
3
3
2
3
3
3
3
3
3
3
3
3
3
2
2
3
3
3
3
2
3
2
3
2
3
3
3
3
3
3
3
3
3
3
3
3
2
3
2
3
2
3
2
2
3
3
3
3
2
3
3
3
3
3
3
3
3
3
3
3
3
3
3
3
3
3
2
3
3
3
3
2
3
3
3
3
3
3
3
3
2
3
3
3
3
3
3
3
3
3
3
3
3
3
2
2
3
3
3
3
2
2
2
2
2
2
3
3
3
3
3
3
3
3
3
3
2
3
3
3
3
2
3
3
3
3
3
3
3
3
2
2
3
3
3
3
3
3
3
3
3
3
3
3
3
3
3
3
3
3
3
3
3
3
2
3
3
2
2
3
3
3
3
2
3
2
3
2
3
2
3
2
3
2
3
2
3
2
3
2
3
2
3
2
3
2
3
2
3
2
3
2
3
2
3
2
3
2
3
2
3
2
3
2
3
2
3
2
3
2
3
2
3
2
3
2
3
2
3
2
3
2
3
2
3
2
3
2
3
2
3
2
3
2
3
2
3
2
3
2
3
2
3
2
3
2
3
2
3
2
3
2
3
2
3
2
3
2
3
2
3
2
3
2
3
2
3
2
3
2
3
2
3
2
3
2
3
2
3
2
3
2
3
2
3
2
3
2
2
3
2
3
2
3
2
3
2
3
2
3
2
3
2
3
2
3
2
3
2
3
2
3
2
3
2
3
2
3
2
3
2
3
2
3
2
3
2
3
2
3
2
3
2
3
2
3
2
3
2
3
2
3
2
3
2
3
2
3
2
3
2
3
2
3
2
3
2
3
2
3
2
3
2
3
2
3
2
3
2
3
2
3
2
3
2
3
2
3
2
3
2
3
2
3
2
3
2
3
2
3
2
3
2
3
2
3
2
3
2
3
2
3
2
3
2
3
2
3
2
3
2
3
2
3
3
3
3
2
2
3
3
2
3
3
3
3
3
3
3
3
3
3
3
3
3
3
3
3
3
3
3
3
3
3
3
3
3
3
3
3
3
3
3
3
3
3
3
3
3
3
3
3
3
3
3
3
3
3
3
3
3
3
3
3
3
3
3
3
3
3
3
3
3
3
3
3
3
2
3
3
3
3
2
2
3
2
3
2
3
2
3
3
3
3
3
3
3
3
3
3
3
3
2
3
2
3
2
3
3
3
3
2
2
3
3
3
3
3
3
3
3
3
3
3
3
3
3
2
2
3
3
3
3
3
2
3
3
3
3
3
2
2
2
3
3
2
2
3
3
3
3
2
2
3
3
3
3
3
3
3
2
2
3
3
2
2
3
3
2
2
3
3
2
2
3
3
2
2
3
3
2
2
3
3
2
2
3
3
2
2
3
3
2
2
3
3
2
2
3
3
2
2
3
3
2
2
3
3
2
2
3
3
2
2
3
3
3
2
3
3
3
2
3
3
3
3
2
2
2
3
3
2
2
3
3
2
2
3
3
3
3
2
2
2
3
3
3
3
3
3
3
3
3
3
3
3
3
3
3
2
3
3
3
3
3
3
2
2
2
3
3
3
3
3
3
3
3
3
3
3
3
3
3
3
3
2
3
3
3
3
3
3
3
3
3
3
3
3
2
2
2
3
2
3
3
3
3
2
2
2
2
2
3
3
3
3
3
3
3
3
3
3
3
3
3
3
3
3
3
3
3
3
3
3
3
3
3
3
3
3
3
3
3
3
3
3
3
3
3
3
3
3
3
3
3
3
3
3
3
3
3
3
3
3
3
3
3
3
3
3
3
3
3
3
3
3
3
2
3
2
3
2
3
2
3
2
3
2
3
2
3
2
3
2
3
2
3
2
3
2
3
2
3
2
3
2
3
2
3
2
3
2
3
2
3
2
3
2
3
2
3
2
3
2
3
2
3
2
3
2
3
2
3
2
3
2
3
2
3
2
3
2
3
2
3
2
3
2
3
2
3
2
3
2
3
2
3
2
3
2
3
2
3
2
3
2
3
2
3
2
3
2
3
2
3
2
3
2
3
2
3
2
3
2
3
2
3
2
3
2
3
2
3
2
3
2
3
3
3
2
3
2
3
2
3
3
3
3
2
2
2
3
3
3
3
3
3
3
3
3
3
3
3
3
3
2
3
2
3
3
3
3
2
2
3
3
2
3
2
3
3
3
3
3
3
3
3
3
3
3
3
3
3
3
3
3
3
2
3
3
3
3
2
2
3
3
3
3
3
2
3
3
3
3
3
2
2
2
2
3
3
2
3
2
3
3
3
3
2
2
3
3
2
3
2
3
3
3
3
2
2
3
3
2
2
3
3
2
2
3
3
2
2
3
3
2
2
3
3
2
2
3
3
2
2
3
3
2
2
3
3
2
2
3
3
2
2
3
3
2
2
3
3
2
2
3
3
2
2
3
3
2
2
3
3
2
2
3
3
3
3
3
3
3
3
3
3
3
3
3
3
2
3
2
3
3
3
3
3
3
2
2
2
3
3
3
3
3
3
2
3
3
3
3
3
2
2
3
3
3
3
3
3
3
3
2
3
3
3
3
2
2
2
3
2
3
3
3
3
2
3
3
3
3
2
2
2
2
3
3
3
3
2
2
2
3
3
2
2
3
3
3
3
3
2
2
3
3
3
3
3
3
3
3
3
3
3
3
3
3
3
3
3
3
3
3
3
3
3
3
3
3
3
3
3
3
3
3
3
3
3
3
3
3
3
3
3
3
3
3
3
3
3
3
3
3
3
3
3
3
3
3
3
3
3
3
3
3
3
3
3
3
3
3
3
3
3
3
3
3
3
3
3
3
3
3
3
3
3
3
3
3
3
3
3
3
3
3
3
3
3
3
3
3
3
3
3
3
3
3
3
3
3
3
3
3
3
3
3
3
3
3
3
3
3
3
3
3
3
3
3
3
3
3
3
3
3
3
3
3
3
3
3
3
3
3
3
3
3
3
3
3
3
3
3
3
3
3
3
3
3
3
3
3
3
3
3
3
3
3
3
3
3
3
3
3
3
3
3
3
3
3
3
3
3
3
3
3
3
3
3
3
3
3
3
3
3
3
3
3
3
3
3
3
3
3
3
3
3
3
3
3
3
3
3
3
3
3
3
3
3
3
3
3
3
3
3
3
3
3
3
3
3
3
3
3
3
3
3
3
3
3
3
3
3
3
3
3
3
3
3
3
3
3
3
3
3
3
3
3
3
3
3
3
3
3
3
3
3
3
3
3
3
3
3
3
3
3
3
3
3
3
3
3
3
3
3
3
3
3
3
3
3
3
3
3
3
3
3
3
3
3
3
3
3
3
3
3
3
3
3
3
3
3
3
3
3
3
3
3
3
3
3
3
3
3
3
3
3
3
3
3
3
3
3
3
3
3
3
3
3
3
3
3
3
3
3
3
3
3
3
3
3
3
3
3
3
3
3
3
3
3
3
3
3
3
3
3
3
3
3
3
3
3
3
3
3
3
3
3
3
3
3
3
3
3
3
3
3
3
3
3
3
3
3
3
3
3
3
3
3
3
3
3
3
3
3
3
3
3
3
3
3
3
3
3
3
3
3
3
3
3
3
3
3
3
3
3
3
3
3
3
3
3
3
3
3
3
3
3
3
3
3
3
3
3
3
3
3
3
3
3
3
3
3
3
3
3
3
3
3
3
3
3
3
3
3
3
3
3
3
3
3
3
3
3
3
3
3
3
3
3
3
3
3
3
3
3
3
3
3
3
3
3
3
3
3
3
3
3
3
3
3
3
3
3
3
3
3
3
3
3
3
3
3
3
3
3
3
3
3
3
3
3
3
3
3
3
3
3
3
3
3
3
3
3
3
3
3
3
3
3
3
3
3
3
3
3
3
3
3
3
3
3
3
3
3
3
3
3
3
3
3
3
3
3
3
3
3
3
3
3
3
3
3
3
3
3
3
3
3
3
3
3
3
3
3
3
3
3
3
3
3
3
3
3
3
3
3
3
3
3
3
3
3
3
3
3
3
3
3
3
3
3
3
3
3
3
3
3
3
3
3
3
3
3
3
3
3
3
3
3
3
3
3
3
3
3
3
3
3
3
3
3
3
3
3
3
3
3
3
3
3
3
3
3
3
3
3
3
3
3
3
3
3
3
3
3
3
3
3
3
3
3
3
3
3
3
3
3
3
3
3
3
3
3
3
3
3
3
3
3
3
3
3
3
3
3
3
3
3
3
3
3
3
3
3
3
3
3
3
3
3
3
3
3
3
3
3
3
3
3
3
3
3
3
3
3
3
3
3
3
3
3
3
3
3
3
3
3
3
3
3
3
3
3
3
3
3
3
3
3
3
3
3
3
3
3
3
3
3
3
3
3
3
3
3
3
3
3
3
3
3
3
3
3
3
3
3
3
3
3
3
3
3
3
3
3
3
3
3
3
3
3
3
3
3
3
3
3
3
3
3
3
3
3
3
3
3
3
3
3
3
3
3
3
3
3
3
3
3
3
3
3
3
3
3
3
3
3
3
3
3
3
3
3
3
3
3
3
3
3
3
3
3
3
3
3
3
3
3
3
3
3
3
3
3
3
3
3
3
3
3
3
3
3
3
3
3
3
3
3
3
3
3
3
3
3
3
3
3
3
3
3
3
3
3
3
3
3
3
3
3
3
3
3
3
3
3
3
3
3
3
3
3
3
3
3
3
3
3
3
3
3
3
3
3
3
3
3
3
3
3
3
3
3
3
3
3
3
3
3
3
3
3
3
3
3
3
3
3
3
3
3
3
3
3
3
3
3
3
3
3
3
3
3
3
3
3
3
3
3
3
3
3
3
3
3
3
3
3
3
3
3
3
3
3
3
3
3
3
3
3
3
3
3
3
3
3
3
3
3
3
3
3
3
3
3
3
3
3
3
0
0
0
0
0
0
0
0
0
0
0
0
0
0
0
0
0
0
0
0
0
0
0
0
0
0
0
0
0
0
0
0
0
0
0
0
0
0
0
0
0
0
0
0
0
0
0
0
0
0
0
0
0
0
0
0
0
0
0
0
0
0
0
0
0
0
0
0
0
0
0
0
0
0
0
0
0
0
0
0
0
0
0
0
0
0
0
0
0
0
0
0
0
0
0
0
0
0
0
0
0
0
0
0
0
0
0
0
0
0
0
0
0
0
0
0
0
0
0
0
0
0
0
0
0
0
0
0
0
0
0
0
0
0
0
0
0
0
0
0
0
0
0
0
0
0
0
0
0
0
0
0
0
0
0
0
0
0
0
0
0
0
0
0
0
0
0
0
0
0
0
0
0
0
0
0
0
0
0
0
0
0
0
0
0
0
0
0
0
0
0
0
0
0
0
0
0
0
0
0
0
0
0
0
0
0
0
0
0
0
0
0
0
0
0
0
0
0
0
0
0
0
0
0
0
0
0
0
0
0
0
0
0
0
0
0
0
0
0
0
0
0
0
0
0
0
0
0
0
0
0
0
0
0
0
0
0
0
0
0
0
0
0
0
0
0
0
0
0
0
0
0
0
0
0
0
0
0
0
0
0
0
0
0
0
0
0
0
0
0
0
0
0
0
0
0
0
0
0
0
0
0
0
0
0
0
0
0
0
0
0
0
0
0
0
0
0
0
0
0
0
0
0
0
0
0
0
0
0
0
0
0
0
0
0
0
0
0
0
0
0
0
0
0
0
0
0
0
0
0
0
0
0
0
0
0
0
0
0
0
0
0
0
0
0
0
0
0
0
0
0
0
0
0
0
0
0
0
0
0
0
0
0
0
0
0
0
0
0
0
0
0
0
0
0
0
0
0
0
0
0
0
0
0
0
0
0
0
0
0
0
0
0
0
0
0
0
0
0
0
0
0
0
0
0
0
0
0
0
0
0
0
0
0
0
0
0
0
0
0
0
0
0
0
0
0
0
0
0
0
0
0
0
0
0
0
0
0
0
0
0
0
0
0
0
0
0
0
0
0
0
0
0
0
0
0
0
0
0
0
0
0
0
0
0
0
0
0
0
0
0
0
0
0
0
0
0
0
0
0
0
0
0
0
0
0
0
0
0
0
0
0
0
0
0
0
0
0
0
0
0
0
0
0
0
0
0
0
0
0
0
0
0
0
0
0
0
0
0
0
0
0
0
0
0
0
0
0
0
0
0
0
0
0
0
0
0
0
0
0
0
0
0
0
0
0
0
0
0
0
0
0
0
0
0
0
0
0
0
0
0
0
0
0
0
0
0
0
0
0
0
0
0
0
0
0
0
0
0
0
0
0
0
0
0
0
0
0
0
0
0
0
0
0
0
0
0
0
0
0
0
0
0
0
0
0
0
0
0
0
0
0
0
0
0
0
0
0
0
0
0
0
0
0
0
0
0
0
0
0
0
0
0
0
0
0
0
0
0
0
0
0
0
0
0
0
0
0
0
0
0
0
0
0
0
0
0
0
0
0
0
0
0
0
0
0
0
0
0
0
0
0
0
0
0
0
0
0
0
0
0
0
0
0
0
0
0
0
0
0
0
0
0
0
0
0
0
0
0
0
0
0
0
0
0
0
0
0
0
0
0
0
0
0
0
0
0
0
0
0
0
0
0
0
0
0
0
0
0
0
0
0
0
0
0
0
0
0
0
0
0
0
0
0
0
0
0
0
0
0
0
0
0
0
0
0
0
0
0
0
0
0
0
0
0
0
0
0
0
0
0
0
0
0
0
0
0
0
0
0
0
0
0
0
0
0
0
0
0
0
0
0
0
0
0
0
0
0
0
0
0
0
0
0
0
0
0
0
0
0
0
0
0
0
0
0
0
0
0
0
0
0
0
0
0
0
0
0
0
0
0
0
0
0
0
0
0
0
0
0
0
0
0
0
0
0
0
0
0
0
0
0
0
0
0
0
0
0
0
0
0
0
0
0
0
0
0
0
0
0
0
0
0
0
0
0
0
0
0
0
0
0
0
0
0
0
0
0
0
0
0
0
0
0
0
0
0
0
0
0
0
0
0
0
0
0
0
0
0
0
0
0
0
0
0
0
0
0
0
0
0
0
0
0
0
0
0
0
0
0
0
0
0
0
0
0
0
0
0
0
0
0
0
0
0
0
0
0
0
0
0
0
0
0
0
0
0
0
0
0
0
0
0
0
0
0
0
0
0
0
0
0
0
0
0
0
0
0
0
0
0
0
0
0
0
0
0
0
0
0
0
0
0
0
0
0
0
0
0
0
0
0
0
0
0
0
0
0
0
0
0
0
0
0
0
0
0
0
0
0
0
0
0
0
0
0
0
0
0
0
0
0
0
0
0
0
0
0
0
0
0
0
0
0
0
0
0
0
0
0
0
0
0
0
0
0
0
0
0
0
0
0
0
0
0
0
0
0
0
0
0
0
0
0
0
0
0
0
0
0
0
0
0
0
0
0
0
0
0
0
0
0
0
0
0
0
0
0
0
0
0
0
0
0
0
0
0
0
0
0
0
0
0
0
0
0
0
0
0
0
0
0
0
0
0
0
0
0
0
0
0
0
0
0
0
0
0
0
0
0
0
0
0
0
0
0
0
0
0
0
0
0
0
0
0
0
0
0
0
0
0
0
0
0
0
0
0
0
0
0
0
0
0
0
0
0
0
0
0
0
0
0
0
0
0
0
0
0
0
0
0
0
0
0
0
0
0
0
0
0
0
0
0
0
0
0
0
0
0
0
0
0
0
0
0
0
0
0
0
0
0
0
0
0
0
0
0
0
0
0
0
0
0
0
0
0
0
0
0
0
0
0
0
0
0
0
0
0
0
0
0
0
0
0
0
0
0
0
0
0
0
0
0
0
0
0
0
0
0
0
0
0
0
0
0
0
0
0
0
0
0
0
0
0
0
0
0
0
0
0
0
0
0
0
0
0
0
0
0
0
0
0
0
0
0
0
0
0
0
0
0
0
0
0
0
0
0
0
0
0
0
0
0
0
0
0
0
0
0
0
0
0
0
0
0
0
0
0
0
0
0
0
0
0
0
0
0
0
0
0
0
0
0
0
0
0
0
0
0
0
0
0
0
0
0
0
0
0
0
0
0
0
0
0
0
0
0
0
0
0
0
0
0
0
0
0
0
0
0
0
0
0
0
0
0
0
0
0
0
0
0
0
0
0
0
0
0
0
0
0
0
0
0
0
0
0
0
0
0
0
0
0
0
0
0
0
0
0
0
0
0
0
0
0
0
0
0
0
0
0
0
0
0
0
0
0
0
0
0
0
0
0
0
0
0
0
0
0
0
0
0
0
0
0
0
0
0
0
0
0
0
0
0
0
0
0
0
0
0
0
0
0
0
0
0
0
0
0
0
0
0
0
0
0
0
0
0
0
0
0
0
0
0
0
0
0
0
0
0
0
0
0
0
0
0
0
0
0
0
0
0
0
0
0
0
0
0
0
0
0
0
0
SCALARS layer_index int 1
LOOKUP_TABLE default
-1
-1
-1
-1
-1
-1
-1
-1
-1
-1
-1
-1
-1
-1
-1
-1
-1
-1
-1
-1
-1
-1
-1
-1
-1
-1
-1
-1
-1
-1
-1
-1
-1
-1
-1
-1
-1
-1
-1
-1
-1
-1
-1
-1
-1
-1
-1
-1
-1
-1
-1
-1
-1
-1
-1
-1
-1
-1
-1
-1
-1
-1
-1
-1
-1
-1
-1
-1
-1
-1
-1
-1
-1
-1
-1
-1
-1
-1
-1
-1
-1
-1
-1
-1
-1
-1
-1
-1
-1
-1
-1
-1
-1
-1
-1
-1
-1
-1
-1
-1
-1
-1
-1
-1
-1
-1
-1
-1
-1
-1
-1
-1
-1
-1
-1
-1
-1
-1
-1
-1
-1
-1
-1
-1
-1
-1
-1
-1
-1
-1
-1
-1
-1
-1
-1
-1
-1
-1
-1
-1
-1
-1
-1
-1
-1
-1
-1
-1
-1
-1
-1
-1
-1
-1
-1
-1
-1
-1
-1
-1
-1
-1
-1
-1
-1
-1
-1
-1
-1
-1
-1
-1
-1
-1
-1
-1
-1
-1
-1
-1
-1
-1
-1
-1
-1
-1
-1
-1
-1
-1
-1
-1
-1
-1
-1
-1
-1
-1
-1
-1
-1
-1
-1
-1
-1
-1
-1
-1
-1
-1
-1
-1
-1
-1
-1
-1
-1
-1
-1
-1
-1
-1
-1
-1
-1
-1
-1
-1
-1
-1
-1
-1
-1
-1
-1
-1
-1
-1
-1
-1
-1
-1
-1
-1
-1
-1
-1
-1
-1
-1
-1
-1
-1
-1
-1
-1
-1
-1
-1
-1
-1
-1
-1
-1
-1
-1
-1
-1
-1
-1
-1
-1
-1
-1
-1
-1
-1
-1
-1
-1
-1
-1
-1
-1
-1
-1
-1
-1
-1
-1
-1
-1
-1
-1
-1
-1
-1
-1
-1
-1
-1
-1
-1
-1
-1
-1
-1
-1
-1
-1
-1
-1
-1
-1
-1
-1
-1
-1
-1
-1
-1
-1
-1
-1
-1
-1
-1
-1
-1
-1
-1
-1
-1
-1
-1
-1
-1
-1
-1
-1
-1
-1
-1
-1
-1
-1
-1
-1
-1
-1
-1
-1
-1
-1
-1
-1
-1
-1
-1
-1
-1
-1
-1
-1
-1
-1
-1
-1
-1
-1
-1
-1
-1
-1
-1
-1
-1
-1
-1
-1
-1
-1
-1
-1
-1
-1
-1
-1
-1
-1
-1
-1
-1
-1
-1
-1
-1
-1
-1
-1
-1
-1
-1
-1
-1
-1
-1
-1
-1
-1
-1
-1
-1
-1
-1
-1
-1
-1
-1
-1
-1
-1
-1
-1
-1
-1
-1
-1
-1
-1
-1
-1
-1
-1
-1
-1
-1
-1
-1
-1
-1
-1
-1
-1
-1
-1
-1
-1
-1
-1
-1
-1
-1
-1
-1
-1
-1
-1
-1
-1
-1
-1
-1
-1
-1
-1
-1
-1
-1
-1
-1
-1
-1
-1
-1
-1
-1
-1
-1
-1
-1
-1
-1
-1
-1
-1
-1
-1
-1
-1
-1
-1
-1
-1
-1
-1
-1
-1
-1
-1
-1
-1
-1
-1
-1
-1
-1
-1
-1
-1
-1
-1
-1
-1
-1
-1
-1
-1
-1
-1
-1
-1
-1
-1
-1
-1
-1
-1
-1
-1
-1
-1
-1
-1
-1
-1
-1
-1
-1
-1
-1
-1
-1
-1
-1
-1
-1
-1
-1
-1
-1
-1
-1
-1
-1
-1
-1
-1
-1
-1
-1
-1
-1
-1
-1
-1
-1
-1
-1
-1
-1
-1
-1
-1
-1
-1
-1
-1
-1
-1
-1
-1
-1
-1
-1
-1
-1
-1
-1
-1
-1
-1
-1
-1
-1
-1
-1
-1
-1
-1
-1
-1
-1
-1
-1
-1
-1
-1
-1
-1
-1
-1
-1
-1
-1
-1
-1
-1
-1
-1
-1
-1
-1
-1
-1
-1
-1
-1
-1
-1
-1
-1
-1
-1
-1
-1
-1
-1
-1
-1
-1
-1
-1
-1
-1
-1
-1
-1
-1
-1
-1
-1
-1
-1
-1
-1
-1
-1
-1
-1
-1
-1
-1
-1
-1
-1
-1
-1
-1
-1
-1
-1
-1
-1
-1
-1
-1
-1
-1
-1
-1
-1
-1
-1
-1
-1
-1
-1
-1
-1
-1
-1
-1
-1
-1
-1
-1
-1
-1
-1
-1
-1
-1
-1
-1
-1
-1
-1
-1
-1
-1
-1
-1
-1
-1
-1
-1
-1
-1
-1
-1
-1
-1
-1
-1
-1
-1
-1
-1
-1
-1
-1
-1
-1
-1
-1
-1
-1
-1
-1
-1
-1
-1
-1
-1
-1
-1
-1
-1
-1
-1
-1
-1
-1
-1
-1
-1
-1
-1
-1
-1
-1
-1
-1
-1
-1
-1
-1
-1
-1
-1
-1
-1
-1
-1
-1
-1
-1
-1
-1
-1
-1
-1
-1
-1
-1
-1
-1
-1
-1
-1
-1
-1
-1
-1
-1
-1
-1
-1
-1
-1
-1
-1
-1
-1
-1
-1
-1
-1
-1
-1
-1
-1
-1
-1
-1
-1
-1
-1
-1
-1
-1
-1
-1
-1
-1
-1
-1
-1
-1
-1
-1
-1
-1
-1
-1
-1
-1
-1
-1
-1
-1
-1
-1
-1
-1
-1
-1
-1
-1
-1
-1
-1
-1
-1
-1
-1
-1
-1
-1
-1
-1
-1
-1
-1
-1
-1
-1
-1
-1
-1
-1
-1
-1
-1
-1
-1
-1
-1
-1
-1
-1
-1
-1
-1
-1
-1
-1
-1
-1
-1
-1
-1
-1
-1
-1
-1
-1
-1
-1
-1
-1
-1
-1
-1
-1
-1
-1
-1
-1
-1
-1
-1
-1
-1
-1
-1
-1
-1
-1
-1
-1
-1
-1
-1
-1
-1
-1
-1
-1
-1
-1
-1
-1
-1
-1
-1
-1
-1
-1
-1
-1
-1
-1
-1
-1
-1
-1
-1
-1
-1
-1
-1
-1
-1
-1
-1
-1
-1
-1
-1
-1
-1
-1
-1
-1
-1
-1
-1
-1
-1
-1
-1
-1
-1
-1
-1
-1
-1
-1
-1
-1
-1
-1
-1
-1
-1
-1
-1
-1
-1
-1
-1
-1
-1
-1
-1
-1
-1
-1
-1
-1
-1
-1
-1
-1
-1
-1
-1
-1
-1
-1
-1
-1
-1
-1
-1
-1
-1
-1
-1
-1
-1
-1
-1
-1
-1
-1
-1
-1
-1
-1
-1
-1
-1
-1
-1
-1
-1
-1
-1
-1
-1
-1
-1
-1
-1
-1
-1
-1
-1
-1
-1
-1
-1
-1
-1
-1
-1
-1
-1
-1
-1
-1
-1
-1
-1
-1
-1
-1
-1
-1
-1
-1
-1
-1
-1
-1
-1
-1
-1
-1
-1
-1
-1
-1
-1
-1
-1
-1
-1
-1
-1
-1
-1
-1
-1
-1
-1
-1
-1
-1
-1
-1
-1
-1
-1
-1
-1
-1
-1
-1
-1
-1
-1
-1
-1
-1
-1
-1
-1
-1
-1
-1
-1
-1
-1
-1
-1
-1
-1
-1
-1
-1
-1
-1
-1
-1
-1
-1
-1
-1
-1
-1
-1
-1
-1
-1
-1
-1
-1
-1
-1
-1
-1
-1
-1
-1
-1
-1
-1
-1
-1
-1
-1
-1
-1
-1
-1
-1
-1
-1
-1
-1
-1
-1
-1
-1
-1
-1
-1
-1
-1
-1
-1
-1
-1
-1
-1
-1
-1
-1
-1
-1
-1
-1
-1
-1
-1
-1
-1
-1
-1
-1
-1
-1
-1
-1
-1
-1
-1
-1
-1
-1
-1
-1
-1
-1
-1
-1
-1
-1
-1
-1
-1
-1
-1
-1
-1
-1
-1
-1
-1
-1
-1
-1
-1
-1
-1
-1
-1
-1
-1
-1
-1
-1
-1
-1
-1
-1
-1
-1
-1
-1
-1
-1
-1
-1
-1
-1
-1
-1
-1
-1
-1
-1
-1
-1
-1
-1
-1
-1
-1
-1
-1
-1
-1
-1
-1
-1
-1
-1
-1
-1
-1
-1
-1
-1
-1
-1
-1
-1
-1
-1
-1
-1
-1
-1
-1
-1
-1
-1
-1
-1
-1
-1
-1
-1
-1
-1
-1
-1
-1
-1
-1
-1
-1
-1
-1
-1
-1
-1
-1
-1
-1
-1
-1
-1
-1
-1
-1
-1
-1
-1
-1
-1
-1
-1
-1
-1
-1
-1
-1
-1
-1
-1
-1
-1
-1
-1
-1
-1
-1
-1
-1
-1
-1
-1
-1
-1
-1
-1
-1
-1
-1
-1
-1
-1
-1
-1
-1
-1
-1
-1
-1
-1
-1
-1
-1
-1
-1
-1
-1
-1
-1
-1
-1
-1
-1
-1
-1
-1
-1
-1
-1
-1
-1
-1
-1
-1
-1
-1
-1
-1
-1
-1
-1
-1
-1
-1
-1
-1
-1
-1
-1
-1
-1
-1
-1
-1
-1
-1
-1
-1
-1
-1
-1
-1
-1
-1
-1
-1
-1
-1
-1
-1
-1
-1
-1
-1
-1
-1
-1
-1
-1
-1
-1
-1
-1
-1
-1
-1
-1
-1
-1
-1
-1
-1
-1
-1
-1
-1
-1
-1
-1
-1
-1
-1
-1
-1
-1
-1
-1
-1
-1
-1
-1
-1
-1
-1
-1
-1
-1
-1
-1
-1
-1
-1
-1
-1
-1
-1
-1
-1
-1
-1
-1
-1
-1
-1
-1
-1
-1
-1
-1
-1
-1
-1
-1
-1
-1
-1
-1
-1
-1
-1
-1
-1
-1
-1
-1
-1
-1
-1
-1
-1
-1
-1
-1
-1
-1
-1
-1
-1
-1
-1
-1
-1
-1
-1
-1
-1
-1
-1
-1
-1
-1
-1
-1
-1
-1
-1
-1
-1
-1
-1
-1
-1
-1
-1
-1
-1
-1
-1
-1
-1
-1
-1
-1
-1
-1
-1
-1
-1
-1
-1
-1
-1
-1
-1
-1
-1
-1
-1
-1
-1
-1
-1
-1
-1
-1
-1
-1
-1
-1
-1
-1
-1
-1
-1
-1
-1
-1
-1
-1
-1
-1
-1
-1
-1
-1
-1
-1
-1
-1
-1
-1
-1
-1
-1
-1
-1
-1
-1
-1
-1
-1
-1
-1
-1
-1
-1
-1
-1
-1
-1
-1
-1
-1
-1
-1
-1
-1
-1
-1
-1
-1
-1
-1
-1
-1
-1
-1
-1
-1
-1
-1
-1
-1
-1
-1
-1
-1
-1
-1
-1
-1
-1
-1
-1
-1
-1
-1
-1
-1
-1
-1
-1
-1
-1
-1
-1
-1
-1
-1
-1
-1
-1
-1
-1
-1
-1
-1
-1
-1
-1
-1
-1
-1
-1
-1
-1
-1
-1
-1
-1
-1
-1
-1
-1
-1
-1
-1
-1
-1
-1
-1
-1
-1
-1
-1
-1
-1
-1
-1
-1
-1
-1
-1
-1
-1
-1
-1
-1
-1
-1
-1
-1
-1
-1
-1
-1
-1
-1
-1
-1
-1
-1
-1
-1
-1
-1
-1
-1
-1
-1
-1
-1
-1
-1
-1
-1
-1
-1
-1
-1
-1
-1
-1
-1
-1
-1
-1
-1
-1
-1
-1
-1
-1
-1
-1
-1
-1
-1
-1
-1
-1
-1
-1
-1
-1
-1
-1
-1
-1
-1
-1
-1
-1
-1
-1
-1
-1
-1
-1
-1
-1
-1
-1
-1
-1
-1
-1
-1
-1
-1
-1
-1
-1
-1
-1
-1
-1
-1
-1
-1
-1
-1
-1
-1
-1
-1
-1
-1
-1
-1
-1
-1
-1
-1
-1
-1
-1
-1
-1
-1
-1
-1
-1
-1
-1
-1
-1
-1
-1
-1
-1
-1
-1
-1
-1
-1
-1
-1
-1
-1
-1
-1
-1
-1
-1
-1
-1
-1
-1
-1
-1
-1
-1
-1
-1
-1
-1
-1
-1
-1
-1
-1
-1
-1
-1
-1
-1
-1
-1
-1
-1
-1
-1
-1
-1
-1
-1
-1
-1
-1
-1
-1
-1
-1
-1
-1
-1
-1
-1
-1
-1
-1
-1
-1
-1
-1
-1
-1
-1
-1
-1
-1
-1
-1
-1
-1
-1
-1
-1
-1
-1
-1
-1
-1
-1
-1
-1
-1
-1
-1
-1
-1
-1
-1
-1
-1
-1
-1
-1
-1
-1
-1
-1
-1
-1
-1
-1
-1
-1
-1
-1
-1
-1
-1
-1
-1
-1
-1
-1
-1
-1
-1
-1
-1
-1
-1
-1
-1
-1
-1
-1
-1
-1
-1
-1
-1
-1
-1
-1
-1
-1
-1
-1
-1
-1
-1
-1
-1
-1
-1
-1
-1
-1
-1
-1
-1
-1
-1
-1
-1
-1
-1
-1
-1
-1
-1
-1
-1
-1
-1
-1
-1
-1
-1
-1
-1
-1
-1
-1
-1
-1
-1
-1
-1
-1
-1
-1
-1
-1
-1
-1
-1
-1
-1
-1
-1
-1
-1
-1
-1
-1
-1
-1
-1
-1
-1
-1
-1
-1
-1
-1
-1
-1
-1
-1
-1
-1
-1
-1
-1
-1
-1
-1
-1
-1
-1
-1
-1
-1
-1
-1
-1
-1
-1
-1
-1
-1
-1
-1
-1
-1
-1
-1
-1
-1
-1
-1
-1
-1
-1
-1
-1
-1
-1
-1
-1
-1
-1
-1
-1
-1
-1
-1
-1
-1
-1
-1
-1
-1
-1
-1
-1
-1
-1
-1
-1
-1
-1
-1
-1
-1
-1
-1
-1
-1
-1
-1
-1
-1
-1
-1
-1
-1
-1
-1
-1
-1
-1
-1
-1
-1
-1
-1
-1
-1
-1
-1
-1
-1
-1
-1
-1
-1
-1
-1
-1
-1
-1
-1
-1
-1
-1
-1
-1
-1
-1
-1
-1
-1
-1
-1
-1
-1
-1
-1
-1
-1
-1
-1
-1
-1
-1
-1
-1
-1
-1
-1
-1
-1
-1
-1
-1
-1
-1
-1
-1
-1
-1
-1
-1
-1
-1
-1
-1
-1
-1
-1
-1
-1
-1
-1
-1
-1
-1
-1
-1
-1
-1
-1
-1
-1
-1
-1
-1
-1
-1
-1
-1
-1
-1
-1
-1
-1
-1
-1
-1
-1
-1
-1
-1
-1
-1
-1
-1
-1
-1
-1
-1
-1
-1
-1
-1
-1
-1
-1
-1
-1
-1
-1
-1
-1
-1
-1
-1
-1
-1
-1
-1
-1
-1
-1
-1
-1
-1
-1
-1
-1
-1
-1
-1
-1
-1
-1
-1
-1
-1
-1
-1
-1
-1
-1
-1
-1
-1
-1
-1
-1
-1
-1
-1
-1
-1
-1
-1
-1
-1
-1
-1
-1
-1
-1
-1
-1
-1
-1
-1
-1
-1
-1
-1
-1
-1
-1
-1
-1
-1
-1
-1
-1
-1
-1
-1
-1
-1
-1
-1
-1
-1
-1
-1
-1
-1
-1
-1
-1
-1
-1
-1
-1
-1
-1
-1
-1
-1
-1
-1
-1
-1
-1
-1
-1
-1
-1
-1
-1
-1
-1
-1
-1
-1
-1
-1
-1
-1
-1
-1
-1
-1
-1
-1
-1
-1
-1
-1
-1
-1
-1
-1
-1
-1
-1
-1
-1
-1
-1
-1
-1
-1
-1
-1
-1
-1
-1
-1
-1
-1
-1
-1
-1
-1
-1
-1
-1
-1
-1
-1
-1
-1
-1
-1
-1
-1
-1
-1
-1
-1
-1
-1
-1
-1
-1
-1
-1
-1
-1
-1
-1
-1
-1
-1
-1
-1
-1
-1
-1
-1
-1
-1
-1
-1
-1
-1
-1
-1
-1
-1
-1
-1
-1
-1
-1
-1
-1
-1
-1
-1
-1
-1
-1
-1
-1
-1
-1
-1
-1
-1
-1
-1
-1
-1
-1
-1
-1
-1
-1
-1
-1
-1
-1
-1
-1
-1
-1
-1
-1
-1
-1
-1
-1
-1
-1
-1
-1
-1
-1
-1
-1
-1
-1
-1
-1
-1
-1
-1
-1
-1
-1
-1
-1
-1
-1
-1
-1
-1
-1
-1
-1
-1
-1
-1
-1
-1
-1
-1
-1
-1
-1
-1
-1
-1
-1
-1
-1
-1
-1
-1
-1
-1
-1
-1
-1
-1
-1
-1
-1
-1
-1
-1
-1
-1
-1
-1
-1
-1
-1
-1
-1
-1
-1
-1
-1
-1
-1
-1
-1
-1
-1
-1
-1
-1
-1
-1
-1
-1
-1
-1
-1
-1
-1
-1
-1
-1
-1
-1
-1
-1
-1
-1
-1
-1
-1
-1
-1
-1
-1
-1
-1
-1
-1
-1
-1
-1
-1
-1
-1
-1
-1
-1
-1
-1
-1
-1
-1
-1
-1
-1
-1
-1
-1
-1
-1
-1
-1
-1
-1
-1
-1
-1
-1
-1
-1
-1
-1
-1
-1
-1
-1
-1
-1
-1
-1
-1
-1
-1
-1
-1
-1
-1
-1
-1
-1
-1
-1
-1
-1
-1
-1
-1
-1
-1
-1
-1
-1
-1
-1
-1
-1
-1
-1
-1
-1
-1
-1
-1
-1
-1
-1
-1
-1
-1
-1
-1
-1
-1
-1
-1
-1
-1
-1
-1
-1
-1
-1
-1
-1
-1
-1
-1
-1
-1
-1
-1
-1
-1
-1
-1
-1
-1
-1
-1
-1
-1
-1
-1
-1
-1
-1
-1
-1
-1
-1
-1
-1
-1
-1
-1
-1
-1
-1
-1
-1
-1
-1
-1
-1
-1
-1
-1
-1
-1
-1
-1
-1
-1
-1
-1
-1
-1
-1
-1
-1
-1
-1
-1
-1
-1
-1
-1
-1
-1
-1
-1
-1
-1
-1
-1
-1
-1
-1
-1
-1
-1
-1
-1
-1
-1
-1
-1
-1
-1
-1
-1
-1
-1
-1
-1
-1
-1
-1
-1
-1
-1
-1
-1
-1
-1
-1
-1
-1
-1
-1
-1
-1
-1
-1
-1
-1
-1
-1
-1
-1
-1
-1
-1
-1
-1
-1
-1
-1
-1
-1
-1
-1
-1
-1
-1
-1
-1
-1
-1
-1
-1
-1
-1
-1
-1
-1
-1
-1
-1
-1
-1
-1
-1
-1
-1
-1
-1
-1
-1
-1
-1
-1
-1
-1
-1
-1
-1
-1
-1
-1
-1
-1
-1
-1
-1
-1
-1
-1
-1
-1
-1
-1
-1
-1
-1
-1
-1
-1
-1
-1
-1
-1
-1
-1
-1
-1
-1
-1
-1
-1
-1
-1
-1
-1
-1
-1
-1
-1
-1
-1
-1
-1
-1
-1
-1
-1
-1
-1
-1
-1
-1
-1
-1
-1
-1
-1
-1
-1
-1
-1
-1
-1
-1
-1
-1
-1
-1
-1
-1
-1
-1
-1
-1
-1
-1
-1
-1
-1
-1
-1
-1
-1
-1
-1
-1
-1
-1
-1
-1
-1
-1
-1
-1
-1
-1
-1
-1
-1
-1
-1
-1
-1
-1
-1
-1
-1
-1
-1
-1
-1
-1
-1
-1
-1
-1
-1
-1
-1
-1
-1
-1
-1
-1
-1
-1
-1
-1
-1
-1
-1
-1
-1
-1
-1
-1
-1
-1
-1
-1
-1
-1
-1
-1
-1
-1
-1
-1
-1
-1
-1
-1
-1
-1
-1
-1
-1
-1
-1
-1
-1
-1
-1
-1
-1
-1
-1
-1
-1
-1
-1
-1
-1
-1
-1
-1
-1
-1
-1
-1
-1
-1
-1
-1
-1
-1
-1
-1
-1
-1
-1
-1
-1
-1
-1
-1
-1
-1
-1
-1
-1
-1
-1
-1
-1
-1
-1
-1
-1
-1
-1
-1
-1
-1
-1
-1
-1
-1
-1
-1
-1
-1
-1
-1
-1
-1
-1
-1
-1
-1
-1
-1
-1
-1
-1
-1
-1
-1
-1
-1
-1
-1
-1
-1
-1
-1
-1
-1
-1
-1
-1
-1
-1
-1
-1
-1
-1
-1
-1
-1
-1
-1
-1
-1
-1
-1
-1
-1
-1
-1
-1
-1
-1
-1
-1
-1
-1
-1
-1
-1
-1
-1
-1
-1
-1
-1
-1
-1
-1
-1
-1
-1
-1
-1
-1
-1
-1
-1
-1
-1
-1
-1
-1
-1
-1
-1
-1
-1
-1
-1
-1
-1
-1
-1
-1
-1
-1
-1
-1
-1
-1
-1
-1
-1
-1
-1
-1
-1
-1
-1
-1
-1
-1
-1
-1
-1
-1
-1
-1
-1
-1
-1
-1
-1
-1
-1
-1
-1
-1
-1
-1
-1
-1
-1
-1
-1
-1
-1
-1
-1
-1
-1
-1
-1
-1
-1
-1
-1
-1
-1
-1
-1
-1
-1
-1
-1
-1
-1
-1
-1
-1
-1
-1
-1
-1
-1
-1
-1
-1
-1
-1
-1
-1
-1
-1
-1
-1
-1
-1
-1
-1
-1
-1
-1
-1
-1
-1
-1
-1
-1
-1
-1
-1
-1
-1
-1
-1
-1
-1
-1
-1
-1
-1
-1
-1
-1
-1
-1
-1
-1
-1
-1
-1
-1
-1
-1
-1
-1
-1
-1
-1
-1
-1
-1
-1
-1
-1
-1
-1
-1
-1
-1
-1
-1
-1
-1
-1
-1
-1
-1
-1
-1
-1
-1
-1
-1
-1
-1
-1
-1
-1
-1
-1
-1
-1
-1
-1
-1
-1
-1
-1
-1
-1
-1
-1
-1
-1
-1
-1
-1
-1
-1
-1
-1
-1
-1
-1
-1
-1
-1
-1
-1
-1
-1
-1
-1
-1
-1
-1
-1
-1
-1
-1
-1
-1
-1
-1
-1
-1
-1
-1
-1
-1
-1
-1
-1
-1
-1
-1
-1
-1
-1
-1
-1
-1
-1
-1
-1
-1
-1
-1
-1
-1
-1
-1
-1
-1
-1
-1
-1
-1
-1
-1
-1
-1
-1
-1
-1
-1
-1
-1
-1
-1
-1
-1
-1
-1
-1
-1
-1
-1
-1
-1
-1
-1
-1
-1
-1
-1
-1
-1
-1
-1
-1
-1
-1
-1
-1
-1
-1
-1
-1
-1
-1
-1
-1
-1
-1
-1
-1
-1
-1
-1
-1
-1
-1
-1
-1
-1
-1
-1
-1
-1
-1
-1
-1
-1
-1
-1
-1
-1
-1
-1
-1
-1
-1
-1
-1
-1
-1
-1
-1
-1
-1
-1
-1
-1
-1
-1
-1
-1
-1
-1
-1
-1
-1
-1
-1
-1
-1
-1
-1
-1
-1
-1
-1
-1
-1
-1
-1
-1
-1
-1
-1
-1
-1
-1
-1
-1
-1
-1
-1
-1
-1
-1
-1
-1
-1
-1
-1
-1
-1
-1
-1
-1
-1
-1
-1
-1
-1
-1
-1
-1
-1
-1
-1
-1
-1
-1
-1
-1
-1
-1
-1
-1
-1
-1
-1
-1
-1
-1
-1
-1
-1
-1
-1
-1
-1
-1
-1
-1
-1
-1
-1
-1
-1
-1
-1
-1
-1
-1
-1
-1
-1
-1
-1
-1
-1
-1
-1
-1
-1
-1
-1
-1
-1
-1
-1
-1
-1
-1
-1
-1
-1
-1
-1
-1
-1
-1
-1
-1
-1
-1
-1
-1
-1
-1
-1
-1
-1
-1
-1
-1
-1
-1
-1
-1
-1
-1
-1
-1
-1
-1
-1
-1
-1
-1
-1
-1
-1
-1
-1
-1
-1
-1
-1
-1
-1
-1
-1
-1
-1
-1
-1
-1
-1
-1
-1
-1
-1
-1
-1
-1
-1
-1
-1
-1
-1
-1
-1
-1
-1
-1
-1
-1
-1
-1
-1
-1
-1
-1
-1
-1
-1
-1
-1
-1
-1
-1
-1
-1
-1
-1
-1
-1
-1
-1
-1
-1
-1
-1
-1
-1
-1
-1
-1
-1
-1
-1
-1
-1
-1
-1
-1
-1
-1
-1
-1
-1
-1
-1
-1
-1
-1
-1
-1
-1
-1
-1
-1
-1
-1
-1
-1
-1
-1
-1
-1
-1
-1
-1
-1
-1
-1
-1
-1
-1
-1
-1
-1
-1
-1
-1
-1
-1
-1
-1
-1
-1
-1
-1
-1
-1
-1
-1
-1
-1
-1
-1
-1
-1
-1
-1
-1
-1
-1
-1
-1
-1
-1
-1
-1
-1
-1
-1
-1
-1
-1
-1
-1
-1
-1
-1
-1
-1
-1
-1
-1
-1
-1
-1
-1
-1
-1
-1
-1
-1
-1
-1
-1
-1
-1
-1
-1
-1
-1
-1
-1
-1
-1
-1
-1
-1
-1
-1
-1
-1
-1
-1
-1
-1
-1
-1
-1
-1
-1
-1
-1
-1
-1
-1
-1
-1
-1
-1
-1
-1
-1
-1
-1
-1
-1
-1
-1
-1
-1
-1
-1
-1
-1
-1
-1
-1
-1
-1
-1
-1
-1
-1
-1
-1
-1
-1
-1
-1
-1
-1
-1
-1
-1
-1
-1
-1
-1
-1
-1
-1
-1
-1
-1
-1
-1
-1
-1
-1
-1
-1
-1
0
0
0
0
0
0
0
0
0
0
0
0
0
0
0
0
0
0
0
0
0
0
0
0
0
0
0
0
0
0
0
0
0
0
0
0
0
0
0
0
0
0
0
0
0
0
0
0
0
0
0
0
0
0
0
0
0
0
0
0
0
0
0
0
0
0
0
0
0
0
0
0
0
0
0
0
0
0
0
0
0
0
0
0
0
0
0
0
0
0
0
0
0
0
0
0
0
0
0
0
0
0
0
0
0
0
0
0
0
0
0
0
0
0
0
0
0
0
0
0
0
0
0
0
0
0
0
0
0
0
0
0
0
0
0
0
0
0
0
0
0
0
0
0
0
0
0
0
0
0
0
0
0
0
0
0
0
0
0
0
0
0
0
0
0
0
0
0
0
0
0
0
0
0
0
0
0
0
0
0
0
0
0
0
0
0
0
0
0
0
0
0
0
0
0
0
0
0
0
0
0
0
0
0
0
0
0
0
0
0
0
0
0
0
0
0
0
0
0
0
0
0
0
0
0
0
0
0
0
0
0
0
0
0
0
0
0
0
0
0
0
0
0
0
0
0
0
0
0
0
0
0
0
0
0
0
0
0
0
0
0
0
0
0
0
0
0
0
0
0
0
0
0
0
0
0
0
0
0
0
0
0
0
0
0
0
0
0
0
0
0
0
0
0
0
0
0
0
0
0
0
0
0
0
0
0
0
0
0
0
0
0
0
0
0
0
0
0
0
0
0
0
0
0
0
0
0
0
0
0
0
0
0
0
0
0
0
0
0
0
0
0
0
0
0
0
0
0
0
0
0
0
0
0
0
0
0
0
0
0
0
0
0
0
0
0
0
0
0
0
0
0
0
0
0
0
0
0
0
0
0
0
0
0
0
0
0
0
0
0
0
0
0
0
0
0
0
0
0
0
0
0
0
0
0
0
0
0
0
0
0
0
1
1
1
1
1
1
1
1
1
1
1
1
1
1
1
1
1
1
1
1
1
1
1
1
1
1
1
1
1
1
1
1
1
1
1
1
1
1
1
1
1
1
1
1
1
1
1
1
1
1
1
1
1
1
1
1
1
1
1
1
1
1
1
1
1
1
1
1
1
1
1
1
1
1
1
1
1
1
1
1
1
1
1
1
1
1
1
1
1
1
1
1
1
1
1
1
1
1
1
1
1
1
1
1
1
1
1
1
1
1
1
1
1
1
1
1
1
1
1
1
1
1
1
1
1
1
1
1
1
1
1
1
1
1
1
1
1
1
1
1
1
1
1
1
1
1
1
1
1
1
1
1
1
1
1
1
1
1
1
1
1
1
1
1
1
1
1
1
1
1
1
1
1
1
1
1
1
1
1
1
1
1
1
1
1
1
1
1
1
1
1
1
1
1
1
1
1
1
1
1
1
1
1
1
1
1
1
1
1
1
1
1
1
1
1
1
1
1
1
1
1
1
1
1
1
1
1
1
1
1
1
1
1
1
1
1
1
1
1
1
1
1
1
1
1
1
1
1
1
1
1
1
1
1
1
1
1
1
1
1
1
1
1
1
1
1
1
1
1
1
1
1
1
1
1
1
1
1
1
1
1
1
1
1
1
1
1
1
1
1
1
1
1
1
1
1
1
1
1
1
1
1
1
1
1
1
1
1
1
1
1
1
1
1
1
1
1
1
1
1
1
1
1
1
1
1
1
1
1
1
1
1
1
1
1
1
1
1
1
1
1
1
1
1
1
1
1
1
1
1
1
1
1
1
1
1
1
1
1
1
1
1
1
1
1
1
1
1
1
1
1
1
1
1
1
1
1
1
1
1
1
1
1
1
1
1
1
1
1
1
1
1
1
1
1
1
2
2
2
2
2
2
2
2
2
2
2
2
2
2
2
2
2
2
2
2
2
2
2
2
2
2
2
2
2
2
2
2
2
2
2
2
2
2
2
2
2
2
2
2
2
2
2
2
2
2
2
2
2
2
2
2
2
2
2
2
2
2
2
2
2
2
2
2
2
2
2
2
2
2
2
2
2
2
2
2
2
2
2
2
2
2
2
2
2
2
2
2
2
2
2
2
2
2
2
2
2
2
2
2
2
2
2
2
2
2
2
2
2
2
2
2
2
2
2
2
2
2
2
2
2
2
2
2
2
2
2
2
2
2
2
2
2
2
2
2
2
2
2
2
2
2
2
2
2
2
2
2
2
2
2
2
2
2
2
2
2
2
2
2
2
2
2
2
2
2
2
2
2
2
2
2
2
2
2
2
2
2
2
2
2
2
2
2
2
2
2
2
2
2
2
2
2
2
2
2
2
2
2
2
2
2
2
2
2
2
2
2
2
2
2
2
2
2
2
2
2
2
2
2
2
2
2
2
2
2
2
2
2
2
2
2
2
2
2
2
2
2
2
2
2
2
2
2
2
2
2
2
2
2
2
2
2
2
2
2
2
2
2
2
2
2
2
2
2
2
2
2
2
2
2
2
2
2
2
2
2
2
2
2
2
2
2
2
2
2
2
2
2
2
2
2
2
2
2
2
2
2
2
2
2
2
2
2
2
2
2
2
2
2
2
2
2
2
2
2
2
2
2
2
2
2
2
2
2
2
2
2
2
2
2
2
2
2
2
2
2
2
2
2
2
2
2
2
2
2
2
2
2
2
2
2
2
2
2
2
2
2
2
2
2
2
2
2
2
2
2
2
2
2
2
2
2
2
2
2
3
3
3
3
3
3
3
3
3
3
3
3
3
3
3
3
3
3
3
3
3
3
3
3
3
3
3
3
3
3
3
3
3
3
3
3
3
3
3
3
3
3
3
3
3
3
3
3
3
3
3
3
3
3
3
3
3
3
3
3
3
3
3
3
3
3
3
3
3
3
3
3
3
3
3
3
3
3
3
3
3
3
3
3
3
3
3
3
3
3
3
3
3
3
3
3
3
3
3
3
3
3
3
3
3
3
3
3
3
3
3
3
3
3
3
3
3
3
3
3
3
3
3
3
3
3
3
3
3
3
3
3
3
3
3
3
3
3
3
3
3
3
3
3
3
3
3
3
3
3
3
3
3
3
3
3
3
3
3
3
3
3
3
3
3
3
3
3
3
3
3
3
3
3
3
3
3
3
3
3
3
3
3
3
3
3
3
3
3
3
3
3
3
3
3
3
3
3
3
3
3
3
3
3
3
3
3
3
3
3
3
3
3
3
3
3
3
3
3
3
3
3
3
3
3
3
3
3
3
3
3
3
3
3
3
3
3
3
3
3
3
3
3
3
3
3
3
3
3
3
3
3
3
3
3
3
3
3
3
3
3
3
3
3
3
3
3
3
3
3
3
3
3
3
3
3
3
3
3
3
3
3
3
3
3
3
3
3
3
3
3
3
3
3
3
3
3
3
3
3
3
3
3
3
3
3
3
3
3
3
3
3
3
3
3
3
3
3
3
3
3
3
3
3
3
3
3
3
3
3
3
3
3
3
3
3
3
3
3
3
3
3
3
3
3
3
3
3
3
3
3
3
3
3
3
3
3
3
3
3
3
3
3
3
SCALARS geometry_area double 1
LOOKUP_TABLE default
0.390625
0.09765625
0.09765625
0.09765625
0.09765625
0.09765625
0.09765625
0.09765625
0.09765625
0.09765625
0.390625
0.09765625
0.0244140625
0.0244140625
0.0244140625
0.0244140625
0.09765625
0.09765625
0.09765625
0.390625
0.09765625
0.0244140625
0.0244140625
0.0244140625
0.0244140625
0.0244140625
0.0244140625
0.0244140625
0.0244140625
0.0244140625
0.0244140625
0.390625
0.09765625
0.09765625
0.09765625
0.09765625
0.0244140625
0.0244140625
0.0244140625
0.0244140625
0.0244140625
0.0244140625
0.0244140625
0.0244140625
0.09765625
0.09765625
0.09765625
0.0244140625
0.0244140625
0.0244140625
0.0244140625
0.09765625
0.0244140625
0.09765625
0.0244140625
0.0244140625
0.09765625
0.0244140625
0.09765625
0.09765625
0.09765625
0.09765625
0.09765625
0.09765625
0.0244140625
0.0244140625
0.0244140625
0.0244140625
0.09765625
0.09765625
0.0244140625
0.0244140625
0.0244140625
0.0244140625
0.09765625
0.09765625
0.09765625
0.0244140625
0.0244140625
0.0244140625
0.0244140625
0.09765625
0.0244140625
0.0244140625
0.09765625
0.0244140625
0.09765625
0.0244140625
0.09765625
0.09765625
0.09765625
0.09765625
0.09765625
0.09765625
0.006103515625
0.09765625
0.006103515625
0.006103515625
0.09765625
0.006103515625
0.006103515625
0.006103515625
0.006103515625
0.006103515625
0.09765625
0.09765625
0.006103515625
0.006103515625
0.006103515625
0.09765625
0.006103515625
0.09765625
0.006103515625
0.09765625
0.006103515625
0.09765625
0.006103515625
0.006103515625
0.09765625
0.09765625
0.09765625
0.09765625
0.09765625
0.09765625
0.09765625
0.09765625
0.0244140625
0.0244140625
0.0244140625
0.0244140625
0.0244140625
0.0244140625
0.0244140625
0.0244140625
0.0244140625
0.0244140625
0.0244140625
0.0244140625
0.0244140625
0.0244140625
0.0244140625
0.0244140625
0.0244140625
0.0244140625
0.0244140625
0.0244140625
0.0244140625
0.0244140625
0.0244140625
0.0244140625
0.0244140625
0.0244140625
0.0244140625
0.0244140625
0.0244140625
0.0244140625
0.0244140625
0.006103515625
0.006103515625
0.006103515625
0.006103515625
0.006103515625
0.006103515625
0.006103515625
0.006103515625
0.006103515625
0.006103515625
0.006103515625
0.006103515625
0.006103515625
0.006103515625
0.006103515625
0.006103515625
0.0244140625
0.006103515625
0.006103515625
0.006103515625
0.006103515625
0.006103515625
0.006103515625
0.006103515625
0.006103515625
0.0244140625
0.006103515625
0.0244140625
0.006103515625
0.0244140625
0.006103515625
0.0244140625
0.006103515625
0.006103515625
0.006103515625
0.006103515625
0.006103515625
0.0244140625
0.0244140625
0.0244140625
0.0244140625
0.0244140625
0.0244140625
0.0244140625
0.0244140625
0.0244140625
0.0244140625
0.0244140625
0.0244140625
0.0244140625
0.0244140625
0.0244140625
0.0244140625
0.0244140625
0.0244140625
0.0244140625
0.0244140625
0.0244140625
0.0244140625
0.0244140625
0.0244140625
0.0244140625
0.0244140625
0.0244140625
0.0244140625
0.006103515625
0.006103515625
0.006103515625
0.006103515625
0.006103515625
0.006103515625
0.006103515625
0.006103515625
0.0244140625
0.0244140625
0.0244140625
0.0244140625
0.006103515625
0.006103515625
0.006103515625
0.006103515625
0.006103515625
0.006103515625
0.006103515625
0.006103515625
0.0244140625
0.0244140625
0.0244140625
0.0244140625
0.0244140625
0.0244140625
0.0244140625
0.0244140625
0.0244140625
0.0244140625
0.0244140625
0.0244140625
0.0244140625
0.0244140625
0.0244140625
0.0244140625
0.0244140625
0.0244140625
0.006103515625
0.006103515625
0.006103515625
0.006103515625
0.006103515625
0.006103515625
0.006103515625
0.006103515625
0.0244140625
0.0244140625
0.0244140625
0.0244140625
0.0244140625
0.0244140625
0.0244140625
0.0244140625
0.0244140625
0.0244140625
0.006103515625
0.0244140625
0.006103515625
0.0244140625
0.006103515625
0.0244140625
0.006103515625
0.0244140625
0.0244140625
0.0244140625
0.0244140625
0.006103515625
0.006103515625
0.006103515625
0.006103515625
0.0244140625
0.0244140625
0.0244140625
0.0244140625
0.0244140625
0.0244140625
0.0244140625
0.0244140625
0.0244140625
0.0244140625
0.0244140625
0.0244140625
0.0244140625
0.0244140625
0.0244140625
0.0244140625
0.00152587890625
0.00152587890625
0.00152587890625
0.00152587890625
0.0244140625
0.0244140625
0.0244140625
0.0244140625
0.00152587890625
0.00152587890625
0.00152587890625
0.00152587890625
0.0244140625
0.00152587890625
0.0244140625
0.00152587890625
0.0244140625
0.00152587890625
0.0244140625
0.00152587890625
0.00152587890625
0.0244140625
0.0244140625
0.0244140625
0.0244140625
0.0244140625
0.0244140625
0.0244140625
0.0244140625
0.0244140625
0.00152587890625
0.00152587890625
0.00152587890625
0.00152587890625
0.0244140625
0.0244140625
0.0244140625
0.0244140625
0.0244140625
0.00152587890625
0.0244140625
0.00152587890625
0.0244140625
0.00152587890625
0.0244140625
0.00152587890625
0.00152587890625
0.00152587890625
0.00152587890625
0.00152587890625
0.00152587890625
0.00152587890625
0.00152587890625
0.00152587890625
0.0244140625
0.0244140625
0.0244140625
0.0244140625
0.0244140625
0.0244140625
0.0244140625
0.0244140625
0.0244140625
0.0244140625
0.0244140625
0.0244140625
0.0244140625
0.0244140625
0.006103515625
0.006103515625
0.006103515625
0.006103515625
0.006103515625
0.006103515625
0.006103515625
0.006103515625
0.006103515625
0.006103515625
0.006103515625
0.006103515625
0.006103515625
0.006103515625
0.006103515625
0.006103515625
0.006103515625
0.006103515625
0.006103515625
0.006103515625
0.006103515625
0.006103515625
0.006103515625
0.006103515625
0.006103515625
0.006103515625
0.006103515625
0.006103515625
0.006103515625
0.006103515625
0.006103515625
0.006103515625
0.006103515625
0.006103515625
0.006103515625
0.006103515625
0.006103515625
0.006103515625
0.006103515625
0.006103515625
0.006103515625
0.006103515625
0.006103515625
0.006103515625
0.006103515625
0.006103515625
0.006103515625
0.006103515625
0.006103515625
0.006103515625
0.006103515625
0.006103515625
0.006103515625
0.006103515625
0.006103515625
0.006103515625
0.006103515625
0.006103515625
0.006103515625
0.006103515625
0.00152587890625
0.00152587890625
0.00152587890625
0.00152587890625
0.00152587890625
0.00152587890625
0.00152587890625
0.00152587890625
0.00152587890625
0.00152587890625
0.00152587890625
0.00152587890625
0.00152587890625
0.00152587890625
0.00152587890625
0.00152587890625
0.006103515625
0.006103515625
0.006103515625
0.006103515625
0.006103515625
0.006103515625
0.006103515625
0.006103515625
0.006103515625
0.006103515625
0.006103515625
0.006103515625
0.006103515625
0.006103515625
0.006103515625
0.006103515625
0.006103515625
0.006103515625
0.006103515625
0.006103515625
0.00152587890625
0.00152587890625
0.00152587890625
0.00152587890625
0.00152587890625
0.00152587890625
0.006103515625
0.00152587890625
0.006103515625
0.00152587890625
0.006103515625
0.006103515625
0.006103515625
0.006103515625
0.006103515625
0.006103515625
0.00152587890625
0.00152587890625
0.00152587890625
0.00152587890625
0.00152587890625
0.00152587890625
0.00152587890625
0.00152587890625
0.006103515625
0.006103515625
0.006103515625
0.006103515625
0.006103515625
0.006103515625
0.006103515625
0.006103515625
0.006103515625
0.006103515625
0.006103515625
0.006103515625
0.006103515625
0.006103515625
0.006103515625
0.006103515625
0.006103515625
0.006103515625
0.006103515625
0.006103515625
0.006103515625
0.006103515625
0.006103515625
0.006103515625
0.006103515625
0.006103515625
0.006103515625
0.006103515625
0.006103515625
0.006103515625
0.006103515625
0.006103515625
0.006103515625
0.006103515625
0.006103515625
0.006103515625
0.006103515625
0.006103515625
0.006103515625
0.006103515625
0.006103515625
0.006103515625
0.006103515625
0.006103515625
0.006103515625
0.006103515625
0.006103515625
0.006103515625
0.00152587890625
0.00152587890625
0.00152587890625
0.00152587890625
0.00152587890625
0.00152587890625
0.00152587890625
0.00152587890625
0.006103515625
0.006103515625
0.006103515625
0.006103515625
0.006103515625
0.006103515625
0.006103515625
0.006103515625
0.006103515625
0.006103515625
0.006103515625
0.006103515625
0.006103515625
0.006103515625
0.006103515625
0.006103515625
0.00152587890625
0.00152587890625
0.00152587890625
0.00152587890625
0.00152587890625
0.00152587890625
0.00152587890625
0.00152587890625
0.006103515625
0.006103515625
0.006103515625
0.006103515625
0.006103515625
0.006103515625
0.006103515625
0.006103515625
0.006103515625
0.006103515625
0.006103515625
0.006103515625
0.006103515625
0.006103515625
0.006103515625
0.006103515625
0.006103515625
0.006103515625
0.006103515625
0.006103515625
0.006103515625
0.006103515625
0.006103515625
0.006103515625
0.006103515625
0.006103515625
0.006103515625
0.006103515625
0.006103515625
0.006103515625
0.006103515625
0.00152587890625
0.00152587890625
0.00152587890625
0.00152587890625
0.006103515625
0.006103515625
0.006103515625
0.006103515625
0.006103515625
0.006103515625
0.006103515625
0.006103515625
0.00152587890625
0.00152587890625
0.006103515625
0.00152587890625
0.006103515625
0.006103515625
0.00152587890625
0.006103515625
0.006103515625
0.006103515625
0.006103515625
0.006103515625
0.006103515625
0.006103515625
0.006103515625
0.006103515625
0.006103515625
0.006103515625
0.006103515625
0.006103515625
0.006103515625
0.006103515625
0.006103515625
0.006103515625
0.00152587890625
0.00152587890625
0.00152587890625
0.00152587890625
0.00152587890625
0.00152587890625
0.00152587890625
0.00152587890625
0.006103515625
0.006103515625
0.006103515625
0.006103515625
0.006103515625
0.006103515625
0.006103515625
0.006103515625
0.006103515625
0.006103515625
0.006103515625
0.006103515625
0.006103515625
0.006103515625
0.006103515625
0.006103515625
0.006103515625
0.006103515625
0.006103515625
0.006103515625
0.006103515625
0.006103515625
0.006103515625
0.006103515625
0.006103515625
0.006103515625
0.006103515625
0.006103515625
0.006103515625
0.006103515625
0.006103515625
0.006103515625
0.006103515625
0.006103515625
0.006103515625
0.006103515625
0.006103515625
0.006103515625
0.006103515625
0.006103515625
0.006103515625
0.006103515625
0.006103515625
0.006103515625
0.006103515625
0.006103515625
0.006103515625
0.006103515625
0.006103515625
0.006103515625
0.006103515625
0.006103515625
0.006103515625
0.006103515625
0.006103515625
0.006103515625
0.006103515625
0.006103515625
0.006103515625
0.006103515625
0.006103515625
0.006103515625
0.006103515625
0.006103515625
0.0003814697265625
0.0003814697265625
0.0003814697265625
0.00019073486328125
0.00012859003906250013
8.1496582031251612e-06
5.9994628906249678e-06
0.0003814697265625
0.0003814697265625
0.000152587890625
0.00012242968749999993
3.7697753906250093e-05
7.5395507812500186e-06
7.5395507812500186e-05
0.0003814697265625
9.1373046875000037e-05
7.5395507812500186e-05
0.006103515625
0.006103515625
0.006103515625
0.006103515625
0.006103515625
0.006103515625
0.006103515625
0.006103515625
0.006103515625
0.006103515625
0.006103515625
0.006103515625
0.006103515625
0.006103515625
0.006103515625
0.006103515625
0.006103515625
0.006103515625
0.006103515625
0.006103515625
0.006103515625
0.006103515625
0.006103515625
0.006103515625
0.006103515625
0.006103515625
0.006103515625
0.006103515625
0.0003814697265625
0.000152587890625
0.00012242968749999993
3.7697753906250093e-05
7.5395507812500186e-06
0.0003814697265625
7.5395507812500186e-05
0.0003814697265625
0.0003814697265625
0.0003814697265625
0.00019073486328125
0.00012859003906250013
8.1496582031251612e-06
5.9994628906249678e-06
0.0003814697265625
7.5395507812500186e-05
9.1373046875000037e-05
0.00019073486328125
4.6286132812500002e-05
4.6286132812499981e-05
3.2653808593750029e-05
0.00022338867187500001
0.00022338867187500001
0.0003814697265625
0.0003814697265625
0.0003814697265625
0.006103515625
0.00019073486328125
6.70654296875e-05
9.1369628906249993e-05
1.38427734375e-05
0.006103515625
0.0003814697265625
0.006103515625
0.0003814697265625
0.006103515625
0.00033532714843749999
0.006103515625
0.00033532714843749999
0.00022338867187500001
0.006103515625
0.00013403320312499998
0.006103515625
0.006103515625
0.0003814697265625
0.0003814697265625
0.0003814697265625
0.00019073486328125
6.70654296875e-05
9.1369628906249993e-05
1.38427734375e-05
0.00022338867187500001
0.006103515625
0.006103515625
0.00013403320312499998
0.006103515625
0.006103515625
0.0003814697265625
0.006103515625
0.00033532714843749999
0.006103515625
0.0003814697265625
0.006103515625
0.00033532714843749999
0.00152587890625
0.00152587890625
0.00152587890625
0.00152587890625
0.00152587890625
0.00152587890625
0.00152587890625
0.00152587890625
0.00040683593750000003
0.00040683593750000003
8.1367187500000005e-05
7.1291015624999984e-05
2.5190429687500053e-05
1.5114257812500032e-05
5.0380859375000105e-05
4.0304687500000084e-05
0.00152587890625
0.00152587890625
0.00152587890625
0.00152587890625
0.00152587890625
0.00152587890625
0.00152587890625
0.00152587890625
0.00040683593750000003
0.00040683593750000003
8.1367187500000005e-05
7.1291015624999984e-05
2.5190429687500053e-05
1.5114257812500032e-05
5.0380859375000105e-05
0.00152587890625
0.00152587890625
0.00152587890625
0.00152587890625
4.0304687500000084e-05
0.00152587890625
0.00152587890625
0.00152587890625
0.00152587890625
0.00152587890625
0.00152587890625
0.00152587890625
0.00152587890625
0.00152587890625
0.00152587890625
0.00152587890625
0.00152587890625
0.00152587890625
0.00152587890625
0.00152587890625
0.00152587890625
0.00152587890625
0.00152587890625
0.00152587890625
0.00152587890625
0.00152587890625
0.00152587890625
0.00152587890625
0.00152587890625
0.00152587890625
0.00152587890625
0.00152587890625
0.00152587890625
0.00152587890625
0.00152587890625
0.00152587890625
0.00152587890625
0.00152587890625
0.00152587890625
0.00152587890625
0.00152587890625
0.00152587890625
0.00152587890625
0.00152587890625
0.00152587890625
0.00152587890625
0.00152587890625
0.00152587890625
0.00152587890625
0.00152587890625
0.00152587890625
0.00152587890625
0.00152587890625
0.00152587890625
0.00152587890625
0.00152587890625
0.00152587890625
0.00152587890625
0.00152587890625
0.00152587890625
0.00152587890625
0.00152587890625
0.00152587890625
0.00152587890625
0.00152587890625
0.00152587890625
0.00152587890625
0.00152587890625
0.00152587890625
0.00152587890625
0.0003814697265625
0.0003814697265625
0.0003814697265625
0.00019073486328125
6.6993549804687672e-05
9.118992919921918e-05
1.3950593261718492e-05
0.0003814697265625
0.0003814697265625
0.00033496774902343836
0.00033496774902343836
0.0003814697265625
0.0003814697265625
0.00033496774902343836
0.00033496774902343836
0.0003814697265625
0.0003814697265625
0.00033496774902343836
0.00033496774902343836
0.0003814697265625
0.0002288818359375
0.00032147509765625032
0.00019288505859375019
0.0003814697265625
0.0003814697265625
0.00033496774902343836
0.00033496774902343836
0.0003814697265625
0.0003814697265625
0.00033496774902343836
0.00033496774902343836
0.0003814697265625
0.0003814697265625
0.00033496774902343836
0.00033496774902343836
0.0003814697265625
0.0003814697265625
0.00033496774902343836
0.00033496774902343836
0.0003814697265625
0.0003814697265625
0.00033496774902343836
0.00033496774902343836
0.0003814697265625
0.0003814697265625
0.00033496774902343836
0.00033496774902343836
0.0003814697265625
0.0003814697265625
0.00033496774902343836
0.00033496774902343836
0.0003814697265625
0.0003814697265625
0.00033496774902343836
0.00033496774902343836
0.0003814697265625
0.0003814697265625
0.00033496774902343836
0.00033496774902343836
0.0003814697265625
0.0003814697265625
0.00033496774902343836
0.00033496774902343836
0.0003814697265625
0.0003814697265625
0.00033496774902343836
0.00033496774902343836
0.0003814697265625
0.0003814697265625
0.00033496774902343836
0.00033496774902343836
0.00152587890625
0.00152587890625
0.00152587890625
0.00152587890625
0.00152587890625
0.00152587890625
0.00152587890625
0.00152587890625
0.00152587890625
0.00152587890625
0.00152587890625
0.00152587890625
0.00152587890625
0.00152587890625
0.00152587890625
0.00152587890625
0.00152587890625
0.00152587890625
0.00152587890625
0.00152587890625
0.00152587890625
0.00152587890625
0.00152587890625
0.00152587890625
0.00152587890625
0.00152587890625
0.00152587890625
0.00152587890625
0.00152587890625
0.00152587890625
0.00152587890625
0.00152587890625
0.0003814697265625
0.0003814697265625
0.00033496774902343836
0.00033496774902343836
0.0003814697265625
0.0003814697265625
0.00033496774902343836
0.00033496774902343836
0.0003814697265625
0.0003814697265625
0.00033496774902343836
0.00033496774902343836
0.0003814697265625
0.0003814697265625
0.00033496774902343836
0.00033496774902343836
0.00152587890625
0.00152587890625
0.0003814697265625
0.0003814697265625
0.00033496774902343836
0.00033496774902343836
0.0003814697265625
0.00152587890625
0.0003814697265625
0.00033496774902343836
0.00152587890625
0.00033496774902343836
0.0003814697265625
0.0003814697265625
0.00033496774902343836
0.00033496774902343836
0.0003814697265625
0.0003814697265625
0.00033496774902343836
0.00033496774902343836
0.00152587890625
0.00152587890625
0.00152587890625
0.00152587890625
0.0003814697265625
0.0003814697265625
0.00033496774902343836
0.00033496774902343836
0.0003814697265625
0.0003814697265625
0.00033496774902343836
0.00033496774902343836
0.0003814697265625
0.0003814697265625
0.00033496774902343836
0.00033496774902343836
0.0003814697265625
0.0003814697265625
0.00033496774902343836
0.00033496774902343836
0.0003814697265625
0.0003814697265625
0.00033496774902343836
0.00033496774902343836
0.0003814697265625
0.0003814697265625
0.00033496774902343836
0.00033496774902343836
0.0003814697265625
0.0003814697265625
0.00033496774902343836
0.00033496774902343836
0.0003814697265625
0.0003814697265625
0.00033496774902343836
0.00033496774902343836
0.00152587890625
0.00152587890625
0.00152587890625
0.00152587890625
0.00152587890625
0.00152587890625
0.00152587890625
0.00152587890625
0.00152587890625
0.00152587890625
0.00152587890625
0.00152587890625
0.00152587890625
0.00152587890625
0.00152587890625
0.00152587890625
0.00152587890625
0.00152587890625
0.00152587890625
0.00152587890625
0.00152587890625
0.00152587890625
0.00152587890625
0.00152587890625
0.00152587890625
0.00152587890625
0.00152587890625
0.00152587890625
0.00152587890625
0.00152587890625
0.00152587890625
0.00152587890625
0.00152587890625
0.00152587890625
0.00152587890625
0.00152587890625
0.00152587890625
0.00152587890625
0.00152587890625
0.00152587890625
0.00152587890625
0.00152587890625
0.00152587890625
0.00152587890625
0.00152587890625
0.00152587890625
0.00152587890625
0.00152587890625
0.0003814697265625
0.0003814697265625
0.0003814697265625
0.00019073486328125
6.6993549804687672e-05
9.118992919921918e-05
1.3950593261718492e-05
0.0003814697265625
0.00033496774902343836
0.0003814697265625
0.00033496774902343836
0.0003814697265625
0.00032147509765625032
0.0002288818359375
0.00019288505859375019
0.0003814697265625
0.00033496774902343836
0.0003814697265625
0.00033496774902343836
0.0003814697265625
0.00033496774902343836
0.0003814697265625
0.00033496774902343836
0.0003814697265625
0.00033496774902343836
0.0003814697265625
0.00033496774902343836
0.0003814697265625
0.00033496774902343836
0.0003814697265625
0.00033496774902343836
0.0003814697265625
0.00033496774902343836
0.0003814697265625
0.00033496774902343836
0.0003814697265625
0.00033496774902343836
0.0003814697265625
0.00033496774902343836
0.00152587890625
0.00152587890625
0.00152587890625
0.00152587890625
0.00152587890625
0.00152587890625
0.00152587890625
0.00152587890625
0.00152587890625
0.00152587890625
0.00152587890625
0.00152587890625
0.00152587890625
0.00152587890625
0.00152587890625
0.00152587890625
0.0003814697265625
0.00033496774902343836
0.0003814697265625
0.00033496774902343836
0.0003814697265625
0.00033496774902343836
0.0003814697265625
0.00033496774902343836
0.0003814697265625
0.00033496774902343836
0.0003814697265625
0.00033496774902343836
0.0003814697265625
0.00033496774902343836
0.0003814697265625
0.00033496774902343836
0.0003814697265625
0.00033496774902343836
0.0003814697265625
0.00033496774902343836
0.0003814697265625
0.00033496774902343836
0.0003814697265625
0.00033496774902343836
0.0003814697265625
0.00033496774902343836
0.0003814697265625
0.00033496774902343836
0.0003814697265625
0.00033496774902343836
0.0003814697265625
0.00033496774902343836
0.00152587890625
0.00152587890625
0.00152587890625
0.00152587890625
0.00152587890625
0.00152587890625
0.00152587890625
0.00152587890625
0.00152587890625
0.00152587890625
0.00152587890625
0.00152587890625
0.00152587890625
0.00152587890625
0.00152587890625
0.00152587890625
0.00152587890625
0.00152587890625
0.00152587890625
0.00152587890625
0.00152587890625
0.00152587890625
0.00152587890625
0.00152587890625
0.00152587890625
0.00152587890625
0.00152587890625
0.00152587890625
0.00152587890625
0.00152587890625
0.00152587890625
0.00152587890625
0.00152587890625
0.00152587890625
0.00152587890625
0.00152587890625
0.00152587890625
0.00152587890625
0.00152587890625
0.00152587890625
0.00152587890625
0.00152587890625
0.00152587890625
0.0003814697265625
0.00033496774902343836
0.0003814697265625
0.00033496774902343836
0.0003814697265625
0.00033496774902343836
0.0003814697265625
0.00033496774902343836
0.0003814697265625
0.00033496774902343836
0.0003814697265625
0.00033496774902343836
0.0003814697265625
0.00033496774902343836
0.0003814697265625
0.00033496774902343836
0.00152587890625
0.00152587890625
0.00152587890625
0.00152587890625
0.00152587890625
0.00152587890625
0.00152587890625
0.00152587890625
0.0003814697265625
0.00033496774902343836
0.0003814697265625
0.00033496774902343836
0.00152587890625
0.00152587890625
0.0003814697265625
0.00033496774902343836
0.00152587890625
0.0003814697265625
0.00152587890625
0.00033496774902343836
0.00152587890625
0.00152587890625
0.00152587890625
0.00152587890625
0.00152587890625
0.0003814697265625
0.00033496774902343836
0.0003814697265625
0.00033496774902343836
0.0003814697265625
0.00033496774902343836
0.0003814697265625
0.00033496774902343836
0.00152587890625
0.00152587890625
0.00152587890625
0.00152587890625
0.00152587890625
0.00152587890625
0.00152587890625
0.00152587890625
0.00152587890625
0.00152587890625
0.00152587890625
0.00152587890625
0.00152587890625
0.00152587890625
0.00152587890625
0.00152587890625
0.00152587890625
0.00152587890625
0.00152587890625
0.00152587890625
0.00152587890625
0.0003814697265625
0.00033496774902343836
0.0003814697265625
0.00033496774902343836
0.0003814697265625
0.00033496774902343836
0.0003814697265625
0.00033496774902343836
0.0003814697265625
0.00033496774902343836
0.0003814697265625
0.00033496774902343836
0.0003814697265625
0.00033496774902343836
0.0003814697265625
0.00033496774902343836
0.0003814697265625
0.00033496774902343836
0.0003814697265625
0.00033496774902343836
0.0003814697265625
0.00033496774902343836
0.0003814697265625
0.00033496774902343836
0.0003814697265625
0.00033496774902343836
0.0003814697265625
0.00033496774902343836
0.0003814697265625
0.00033496774902343836
0.0003814697265625
0.00033496774902343836
0.00152587890625
0.00152587890625
0.00152587890625
0.00152587890625
0.00152587890625
0.00152587890625
0.00152587890625
0.00152587890625
0.00152587890625
0.00152587890625
0.00152587890625
0.00152587890625
0.00152587890625
0.00152587890625
0.00152587890625
0.00152587890625
0.00152587890625
0.00152587890625
0.00152587890625
0.00152587890625
0.00152587890625
0.00152587890625
0.00152587890625
0.00152587890625
0.00152587890625
0.00152587890625
0.00152587890625
0.00152587890625
0.00152587890625
0.00152587890625
0.00152587890625
0.00152587890625
0.00152587890625
0.00152587890625
0.00152587890625
0.00152587890625
0.00152587890625
0.00152587890625
0.00152587890625
0.00152587890625
0.00152587890625
0.00152587890625
0.00152587890625
0.00152587890625
0.00152587890625
0.00152587890625
0.00152587890625
0.00152587890625
0.00152587890625
0.00152587890625
0.00152587890625
0.00152587890625
0.00152587890625
0.00152587890625
0.00152587890625
0.00152587890625
0.00152587890625
0.00152587890625
0.00152587890625
0.00152587890625
0.00152587890625
0.00152587890625
0.00152587890625
0.00152587890625
0.00152587890625
0.00152587890625
0.00152587890625
0.00152587890625
0.00152587890625
0.00152587890625
0.00152587890625
0.00152587890625
0.00152587890625
0.00152587890625
0.00152587890625
0.00152587890625
0.00152587890625
0.00152587890625
0.00152587890625
0.00152587890625
0.00152587890625
0.00152587890625
0.00152587890625
0.00152587890625
0.00152587890625
0.00152587890625
0.00152587890625
0.00152587890625
0.00152587890625
0.00152587890625
0.00152587890625
0.00152587890625
0.00152587890625
0.00152587890625
0.00152587890625
0.00152587890625
0.00152587890625
0.00152587890625
0.00152587890625
0.00152587890625
0.00152587890625
0.00152587890625
0.0001373291015625
0.00152587890625
0.0002288818359375
0.00152587890625
0.0002288818359375
0.00152587890625
0.0003814697265625
0.00152587890625
0.00152587890625
0.00152587890625
0.00152587890625
0.00152587890625
0.00152587890625
0.00152587890625
0.00152587890625
0.00152587890625
0.00152587890625
0.00152587890625
0.00152587890625
0.00152587890625
0.00037597656249999979
0.00011279296874999994
8.0859375000000202e-05
5.3222656249999559e-05
2.1289062499999824e-05
0.00012773437499999894
0.00152587890625
0.00152587890625
0.00152587890625
0.00152587890625
0.00152587890625
0.00152587890625
0.00152587890625
0.00152587890625
0.00152587890625
0.00152587890625
0.00152587890625
0.00037597656249999979
0.00011279296874999994
8.0859375000000202e-05
5.3222656249999559e-05
2.1289062499999824e-05
0.00012773437499999894
0.0003814697265625
8.8977050781249064e-05
7.1181640624999251e-05
3.814697265625e-05
2.0351562500000187e-05
0.0003814697265625
0.0003814697265625
0.0003814697265625
0.0003814697265625
8.8977050781249064e-05
7.1181640624999251e-05
3.814697265625e-05
2.0351562500000187e-05
0.0003814697265625
0.0001423632812499985
0.00019073486328125
7.1400390625000337e-05
6.3337402343749578e-05
2.0296874999999916e-05
0.00020296874999999916
8.1187499999999663e-05
0.00011399169921875009
7.62939453125e-05
6.8395019531250056e-05
3.0697265624999963e-05
0.00022798339843750019
0.0003814697265625
0.0003814697265625
0.0001423632812499985
0.00019073486328125
7.1400390625000337e-05
6.3337402343749578e-05
2.0296874999999916e-05
0.00020296874999999916
8.1187499999999663e-05
0.00011399169921875009
7.62939453125e-05
6.8395019531250056e-05
3.0697265624999963e-05
0.0003814697265625
0.00022798339843750019
0.0003814697265625
9.2593261718748425e-05
5.5555957031249055e-05
0.0003814697265625
0.0002288818359375
0.0003814697265625
0.00011444091796875
8.2615144042968817e-05
5.3042956542968638e-05
2.1217182617187455e-05
0.00010608591308593728
0.00010608591308593728
0.00010608591308593728
0.00010608591308593728
0.00010608591308593728
0.00010608591308593728
0.00010608591308593728
0.00010608591308593728
0.00010608591308593728
0.00010608591308593728
0.00010608591308593728
0.00010608591308593728
0.00010608591308593728
0.00010608591308593728
9.2593261718748425e-05
5.5555957031249055e-05
0.0003814697265625
0.0003814697265625
0.0002288818359375
0.00011444091796875
8.2615144042968817e-05
5.3042956542968638e-05
2.1217182617187455e-05
0.00010608591308593728
0.00010608591308593728
0.00010608591308593728
0.00010608591308593728
0.00010608591308593728
0.00010608591308593728
0.00010608591308593728
0.00010608591308593728
0.00010608591308593728
0.00010608591308593728
0.00010608591308593728
0.00010608591308593728
0.00010608591308593728
0.00010608591308593728
0.0003814697265625
0.0003814697265625
0.00033496774902343836
0.00033496774902343836
0.0003814697265625
0.0003814697265625
0.00033496774902343836
0.00033496774902343836
0.0003814697265625
0.0003814697265625
0.00033496774902343836
0.00033496774902343836
0.0003814697265625
0.0003814697265625
0.00033496774902343836
0.00033496774902343836
0.0003814697265625
0.0003814697265625
0.00033496774902343836
0.00033496774902343836
0.0003814697265625
0.0003814697265625
0.00033496774902343836
0.00033496774902343836
0.0003814697265625
0.0003814697265625
0.00033496774902343836
0.00033496774902343836
0.0003814697265625
0.0003814697265625
0.00033496774902343836
0.00033496774902343836
0.0003814697265625
0.0003814697265625
0.00033496774902343836
0.00033496774902343836
0.0003814697265625
0.0003814697265625
0.00033496774902343836
0.00033496774902343836
0.0003814697265625
0.0003814697265625
0.00033496774902343836
0.00033496774902343836
0.0003814697265625
0.0003814697265625
0.00033496774902343836
0.00033496774902343836
0.0003814697265625
0.0003814697265625
0.00033496774902343836
0.00033496774902343836
0.0003814697265625
0.0003814697265625
0.00033496774902343836
0.00033496774902343836
0.0003814697265625
0.0003814697265625
0.00033496774902343836
0.00033496774902343836
0.0003814697265625
0.0003814697265625
0.00033496774902343836
0.00033496774902343836
0.0003814697265625
0.0003814697265625
0.00033496774902343836
0.00033496774902343836
0.0003814697265625
0.0003814697265625
0.00033496774902343836
0.00033496774902343836
0.0003814697265625
0.0003814697265625
0.00033496774902343836
0.00033496774902343836
0.0003814697265625
0.0003814697265625
0.00033496774902343836
0.00033496774902343836
0.0003814697265625
0.0003814697265625
0.00033496774902343836
0.00033496774902343836
0.0003814697265625
0.0003814697265625
0.00033496774902343836
0.00033496774902343836
0.0003814697265625
0.0003814697265625
0.00033496774902343836
0.00033496774902343836
0.0003814697265625
0.0003814697265625
0.00033496774902343836
0.00033496774902343836
0.0003814697265625
0.0003814697265625
0.00033496774902343836
0.00033496774902343836
0.0003814697265625
0.0003814697265625
0.00033496774902343836
0.00033496774902343836
0.0003814697265625
0.0003814697265625
0.00033496774902343836
0.00033496774902343836
0.0003814697265625
0.0003814697265625
0.00033496774902343836
0.00033496774902343836
0.0003814697265625
0.0003814697265625
0.00033496774902343836
0.00033496774902343836
0.0003814697265625
0.0003814697265625
0.00033496774902343836
0.00033496774902343836
0.0003814697265625
0.0003814697265625
0.00033496774902343836
0.00033496774902343836
0.0003814697265625
0.0003814697265625
0.00019073486328125
6.6993549804687672e-05
9.118992919921918e-05
1.3950593261718492e-05
0.0003814697265625
0.0002288818359375
0.0003814697265625
0.00019288505859375019
0.00032147509765625032
0.0003814697265625
0.0003814697265625
0.00019073486328125
0.00012859003906250013
8.1496582031251612e-06
5.9994628906249678e-06
0.0003814697265625
9.1373046875000037e-05
0.0003814697265625
7.5395507812500186e-05
0.0003814697265625
0.0003814697265625
7.5395507812500186e-05
0.000152587890625
0.00012242968749999993
3.7697753906250093e-05
7.5395507812500186e-06
4.0304687500000084e-05
5.0380859375000105e-05
8.1367187500000005e-05
7.1291015624999984e-05
2.5190429687500053e-05
1.5114257812500032e-05
0.00040683593750000003
0.00040683593750000003
0.0003814697265625
0.0003814697265625
0.00033532714843749999
0.00033532714843749999
0.0003814697265625
0.0003814697265625
0.00019073486328125
6.70654296875e-05
9.1369628906250007e-05
1.38427734375e-05
0.0003814697265625
0.00013403320312499998
0.00022338867187500001
0.00022338867187500001
0.00019073486328125
4.6286132812500063e-05
4.6286132812499961e-05
3.2653808593749893e-05
0.00022338867187499979
0.00022338867187499979
0.00013403320312499988
0.0003814697265625
0.0003814697265625
0.00019073486328125
6.7065429687500691e-05
9.1369628906251728e-05
1.3842773437498963e-05
0.0003814697265625
0.00033532714843750346
0.0003814697265625
0.00033532714843750346
0.0003814697265625
0.00040683593750000246
0.00040683593750000246
8.1367187500000493e-05
7.1291015625000662e-05
2.5190429687499578e-05
1.5114257812499747e-05
5.0380859374999157e-05
4.0304687499999325e-05
0.000152587890625
0.00012242968750000166
3.7697753906247924e-05
7.5395507812495849e-06
0.0003814697265625
7.5395507812495849e-05
0.0003814697265625
7.5395507812495849e-05
0.0003814697265625
9.137304687499917e-05
0.0003814697265625
0.0003814697265625
0.00019073486328125
0.0001285900390625011
8.1496582031263809e-06
5.9994628906247238e-06
0.0003814697265625
0.00010608591308593728
0.00010608591308593728
0.00010608591308593728
0.00010608591308593728
0.00010608591308593728
0.00010608591308593728
0.00010608591308593728
0.00010608591308593728
5.5555957031249055e-05
9.2593261718748425e-05
0.00010608591308593728
0.00010608591308593728
0.00010608591308593728
0.00010608591308593728
0.00010608591308593728
0.00010608591308593728
0.0002288818359375
0.0003814697265625
0.00011444091796875
8.2615144042968817e-05
5.3042956542968638e-05
2.1217182617187455e-05
0.0003814697265625
0.00012773437499999894
0.00011279296874999994
8.0859375000000202e-05
5.3222656249999559e-05
2.1289062499999824e-05
0.00037597656249999979
0.0002288818359375
0.0001373291015625
0.0003814697265625
0.0002288818359375
8.1187499999999663e-05
0.0001423632812499985
0.00020296874999999916
0.00019073486328125
7.1400390625000337e-05
6.3337402343749578e-05
2.0296874999999916e-05
0.00022798339843750019
0.00011399169921875009
7.62939453125e-05
6.8395019531250056e-05
3.0697265624999963e-05
0.0003814697265625
0.0003814697265625
8.8977050781249064e-05
7.1181640624999251e-05
3.814697265625e-05
2.0351562500000187e-05
0.0003814697265625
0.0003814697265625
0.0003814697265625
0.0003814697265625
0.0003814697265625
0.0003814697265625
8.8977050781249064e-05
7.1181640624999251e-05
3.814697265625e-05
2.0351562500000187e-05
0.00019073486328125
7.1400390625000337e-05
6.3337402343749578e-05
2.0296874999999916e-05
0.0001423632812499985
0.00020296874999999916
0.0003814697265625
0.00011399169921875009
7.62939453125e-05
6.8395019531250056e-05
3.0697265624999963e-05
0.0003814697265625
0.00022798339843750019
8.1187499999999663e-05
0.00037597656249999979
0.00011279296874999994
8.0859375000000202e-05
5.3222656249999559e-05
2.1289062499999824e-05
0.00012773437499999894
0.0003814697265625
0.0003814697265625
0.00011444091796875
8.2615144042968817e-05
5.3042956542968638e-05
2.1217182617187455e-05
0.0002288818359375
0.00010608591308593728
0.00010608591308593728
9.2593261718748425e-05
5.5555957031249055e-05
0.00010608591308593728
0.00010608591308593728
0.00010608591308593728
0.00010608591308593728
0.00010608591308593728
0.00010608591308593728
0.00010608591308593728
0.00010608591308593728
0.00010608591308593728
0.00010608591308593728
0.00010608591308593728
0.00010608591308593728
0.00032147509765625276
0.0003814697265625
0.00019288505859375166
0.0002288818359375
0.0003814697265625
0.0003814697265625
0.00019073486328125
6.6993549804687455e-05
9.1189929199218638e-05
1.3950593261718817e-05
0.0003814697265625
0.00033496774902343728
0.0003814697265625
0.00033496774902343728
0.0003814697265625
0.00033496774902343728
0.0003814697265625
0.00033496774902343728
0.0003814697265625
0.00033496774902343728
0.0003814697265625
0.00033496774902343728
0.0003814697265625
0.00033496774902343728
0.0003814697265625
0.00033496774902343728
0.0003814697265625
0.00033496774902343728
0.0003814697265625
0.00033496774902343728
0.0003814697265625
0.00033496774902343728
0.0003814697265625
0.00033496774902343728
0.0003814697265625
0.00033496774902343728
0.0003814697265625
0.00033496774902343728
0.0003814697265625
0.00033496774902343728
0.0003814697265625
0.00033496774902343728
0.0003814697265625
0.00033496774902343728
0.0003814697265625
0.00033496774902343728
0.0003814697265625
0.00033496774902343728
0.0003814697265625
0.00033496774902343728
0.0003814697265625
0.00033496774902343728
0.0003814697265625
0.00033496774902343728
0.0003814697265625
0.00033496774902343728
0.0003814697265625
0.00033496774902343728
0.0003814697265625
0.00033496774902343728
0.0003814697265625
0.00033496774902343728
0.0003814697265625
0.00033496774902343728
0.0003814697265625
0.00033496774902343728
0.0003814697265625
0.00033496774902343728
0.0003814697265625
0.00033496774902343728
0.0003814697265625
0.00033496774902343728
0.0003814697265625
0.00033496774902343728
0.0003814697265625
0.00033496774902343728
0.0003814697265625
0.00033496774902343728
0.0003814697265625
0.00033496774902343728
0.0003814697265625
0.00033496774902343728
0.0003814697265625
0.00033496774902343728
0.0003814697265625
0.00033496774902343728
0.0003814697265625
0.00033496774902343728
0.0003814697265625
0.00033496774902343728
0.0003814697265625
0.00033496774902343728
0.0003814697265625
0.00033496774902343728
0.0003814697265625
0.00033496774902343728
0.0003814697265625
0.00033496774902343728
0.0003814697265625
0.00033496774902343728
0.0003814697265625
0.00033496774902343728
0.0003814697265625
0.00033496774902343728
0.0003814697265625
0.00033496774902343728
0.0003814697265625
0.00033496774902343728
0.0003814697265625
0.00033496774902343728
0.0003814697265625
0.00033496774902343728
0.0003814697265625
0.00033496774902343728
0.0003814697265625
0.00033496774902343728
0.0003814697265625
0.00033496774902343728
0.0003814697265625
0.00033496774902343728
0.0003814697265625
0.00033496774902343728
0.0003814697265625
0.00033496774902343728
0.0003814697265625
0.00033496774902343728
0.0003814697265625
0.00033496774902343728
0.0003814697265625
0.00033496774902343728
0.0003814697265625
0.00033496774902343728
0.0003814697265625
0.00033496774902343728
0.0003814697265625
0.0003814697265625
0.00033496774902343836
0.0003814697265625
0.00033496774902343836
0.0003814697265625
0.00033496774902343836
0.0003814697265625
0.00033496774902343836
0.0003814697265625
0.00033496774902343836
0.0003814697265625
0.00033496774902343836
0.0003814697265625
0.00033496774902343836
0.0003814697265625
0.00033496774902343836
0.0003814697265625
0.00033496774902343836
0.0003814697265625
0.00033496774902343836
0.0003814697265625
0.00033496774902343836
0.0003814697265625
0.00033496774902343836
0.0003814697265625
0.00033496774902343836
0.0003814697265625
0.00033496774902343836
0.0003814697265625
0.00033496774902343836
0.0003814697265625
0.00033496774902343836
0.0003814697265625
0.00033496774902343836
0.0003814697265625
0.00033496774902343836
0.0003814697265625
0.00033496774902343836
0.0003814697265625
0.00033496774902343836
0.0003814697265625
0.00033496774902343836
0.0003814697265625
0.00033496774902343836
0.0003814697265625
0.00033496774902343836
0.0003814697265625
0.00033496774902343836
0.0003814697265625
0.00033496774902343836
0.0003814697265625
0.00033496774902343836
0.0003814697265625
0.00033496774902343836
0.0003814697265625
0.00033496774902343836
0.0003814697265625
0.00033496774902343836
0.0003814697265625
0.00033496774902343836
0.0003814697265625
0.00033496774902343836
0.0003814697265625
0.00033496774902343836
0.0003814697265625
0.00033496774902343836
0.0003814697265625
0.00033496774902343836
0.0003814697265625
0.00033496774902343836
0.0003814697265625
0.00033496774902343836
0.0003814697265625
0.00033496774902343836
0.0003814697265625
0.00033496774902343836
0.0003814697265625
0.00033496774902343836
0.0003814697265625
0.00033496774902343836
0.0003814697265625
0.00033496774902343836
0.0003814697265625
0.00033496774902343836
0.0003814697265625
0.00033496774902343836
0.0003814697265625
0.00033496774902343836
0.0003814697265625
0.00033496774902343836
0.0003814697265625
0.00033496774902343836
0.0003814697265625
0.00033496774902343836
0.0003814697265625
0.00033496774902343836
0.0003814697265625
0.00033496774902343836
0.0003814697265625
0.00033496774902343836
0.0003814697265625
0.00033496774902343836
0.0003814697265625
0.00033496774902343836
0.0003814697265625
0.00033496774902343836
0.0003814697265625
0.00033496774902343836
0.0003814697265625
0.00033496774902343836
0.0003814697265625
0.00033496774902343836
0.0003814697265625
0.00033496774902343836
0.0003814697265625
0.00033496774902343836
0.0003814697265625
0.00033496774902343836
0.0003814697265625
0.00033496774902343836
0.0003814697265625
0.00033496774902343836
0.0003814697265625
0.00033496774902343836
0.0003814697265625
0.00019073486328125
6.6993549804687672e-05
9.118992919921918e-05
1.3950593261718492e-05
0.0003814697265625
0.0003814697265625
0.0002288818359375
0.00019288505859375019
0.0003814697265625
0.00032147509765625032
0.00010608591308593728
0.00010608591308593728
0.00010608591308593728
0.00010608591308593728
0.00010608591308593728
0.00010608591308593728
0.00010608591308593728
0.00010608591308593728
0.00010608591308593728
0.00010608591308593728
0.00010608591308593728
0.00010608591308593728
0.00010608591308593728
0.00010608591308593728
0.00010608591308593728
0.00010608591308593728
0.00010608591308593728
0.00010608591308593728
0.00010608591308593728
0.00010608591308593728
0.00010608591308593728
0.00010608591308593728
0.00010608591308593728
0.00010608591308593728
0.00010608591308593728
0.00010608591308593728
0.00010608591308593728
0.00010608591308593728
0.00010608591308593728
0.00010608591308593728
0.00010608591308593728
0.00010608591308593728
0.00010608591308593728
0.00010608591308593728
0.00010608591308593728
0.00010608591308593728
0.00010608591308593728
0.00010608591308593728
0.00010608591308593728
0.00010608591308593728
0.00010608591308593728
0.00010608591308593728
0.00010608591308593728
0.00010608591308593728
0.00010608591308593728
0.00010608591308593728
0.00010608591308593728
0.00010608591308593728
0.00010608591308593728
0.00010608591308593728
0.00010608591308593728
0.00010608591308593728
0.00010608591308593728
0.00010608591308593728
0.00010608591308593728
0.00010608591308593728
0.00010608591308593728
0.00010608591308593728
0.00010608591308593728
0.00010608591308593728
0.00010608591308593728
0.00010608591308593728
0.00010608591308593728
0.00010608591308593728
0.0003814697265625
0.00019073486328125
0.00012859003906250013
8.1496582031251612e-06
5.9994628906249678e-06
0.0003814697265625
0.0003814697265625
9.1373046875000037e-05
0.0003814697265625
7.5395507812500186e-05
0.0003814697265625
7.5395507812500186e-05
0.0003814697265625
0.000152587890625
0.00012242968749999993
3.7697753906250093e-05
7.5395507812500186e-06
4.0304687500000084e-05
5.0380859375000105e-05
8.1367187500000005e-05
7.1291015624999984e-05
2.5190429687500053e-05
1.5114257812500032e-05
0.00040683593750000003
0.00040683593750000003
0.0003814697265625
0.00033532714843749999
0.0003814697265625
0.00033532714843749999
0.0003814697265625
0.00019073486328125
6.70654296875e-05
9.1369628906249993e-05
1.38427734375e-05
0.0003814697265625
0.0003814697265625
0.00013403320312499998
0.00022338867187500001
0.00022338867187500001
0.00019073486328125
4.6286132812500063e-05
4.6286132812499941e-05
3.2653808593749927e-05
0.00022338867187499979
0.00017871093749999983
0.00019073486328125
3.3532714843750346e-05
0.00012951660156250173
1.8457031249998618e-05
0.00033532714843750346
0.0003814697265625
0.0003814697265625
6.7065429687500691e-05
6.1992187500000198e-05
1.2683105468751232e-05
7.6098632812507394e-06
0.00040683593750000246
0.0003814697265625
5.0380859374999157e-05
0.00012955517578124975
0.00010693652343750099
3.7697753906247924e-05
1.507910156249917e-05
0.0003814697265625
0.0003814697265625
0.0003814697265625
7.5395507812495849e-05
9.137304687499917e-05
0.0003814697265625
0.0003814697265625
0.00019073486328125
0.0001285900390625011
8.1496582031263809e-06
5.9994628906247238e-06
0.0003814697265625
0.0003814697265625
0.00025718007812500221
0.00030517578125
0.00019073486328125
3.3496774902343728e-05
0.00012933690185546864
1.860079101562509e-05
0.00033496774902343728
0.0003814697265625
0.0003814697265625
0.00033496774902343728
0.00033496774902343728
0.0003814697265625
0.0003814697265625
0.00033496774902343728
0.00033496774902343728
0.0003814697265625
0.0003814697265625
0.00033496774902343728
0.00033496774902343728
0.0003814697265625
0.0003814697265625
0.00033496774902343728
0.00033496774902343728
0.0003814697265625
0.0003814697265625
0.00033496774902343728
0.00033496774902343728
0.0003814697265625
0.0003814697265625
0.00033496774902343728
0.00033496774902343728
0.0003814697265625
0.0003814697265625
0.00033496774902343728
0.00033496774902343728
0.0003814697265625
0.0003814697265625
0.00033496774902343728
0.00033496774902343728
0.0003814697265625
0.0003814697265625
0.00033496774902343728
0.00033496774902343728
0.0003814697265625
0.0003814697265625
0.00033496774902343728
0.00033496774902343728
0.0003814697265625
0.0003814697265625
0.00033496774902343728
0.00033496774902343728
0.0003814697265625
0.0003814697265625
0.00033496774902343728
0.00033496774902343728
0.0003814697265625
0.0003814697265625
0.00033496774902343728
0.00033496774902343728
0.0003814697265625
0.0003814697265625
4.5237304687497509e-05
7.5395507812495849e-05
0.0002288818359375
0.0003814697265625
6.4295019531250552e-05
0.00032147509765625276
7.62939453125e-05
0.0003814697265625
0.00019073486328125
6.4295019531250552e-05
8.4443603515626381e-05
1.7998388671874171e-05
0.0003814697265625
0.0003814697265625
0.0003814697265625
0.00033496774902343728
0.00033496774902343728
0.0003814697265625
0.0003814697265625
0.00033496774902343728
0.00033496774902343728
0.0003814697265625
0.0003814697265625
0.00019073486328125
0.00013398709960937491
1.4895983886718638e-05
4.6501977539062725e-06
0.0003814697265625
0.0003814697265625
0.0003814697265625
7.407460937499874e-05
0.00010608591308593728
0.00010608591308593728
0.00010608591308593728
0.00030517578125
0.00019073486328125
0.00011015352539062509
1.4895983886718638e-05
1.0608591308593728e-05
4.5596679687500037e-05
4.6296630859374212e-05
3.814697265625e-05
3.703730468749937e-05
2.8887646484375158e-05
0.00022798339843750019
0.0003814697265625
0.00012178124999999949
0.00020296874999999916
0.00019073486328125
4.6045898437499944e-05
4.5596679687500037e-05
3.7697753906250093e-05
0.0003814697265625
0.0003814697265625
0.0003814697265625
4.2578124999999648e-05
0.00010644531249999912
0.0001879882812499999
0.00010781250000000027
1.562499999999958e-05
1.0644531249999912e-05
8.1367187500000493e-05
7.1291015625000662e-05
2.5190429687499578e-05
1.5114257812499747e-05
5.0380859374999157e-05
0.00040683593750000246
0.00013413085937500138
0.0001239843750000004
1.2683105468751232e-05
2.5366210937502465e-06
0.0003814697265625
4.4677734374999958e-05
0.00022338867187499979
0.00037597656249999979
0.00022338867187499979
0.00019073486328125
7.7902343750000064e-05
0.00010894775390624979
1.6083984375000595e-06
0.00019073486328125
0.00013413085937500138
1.5075683593751728e-05
4.6142578124996544e-06
0.0003814697265625
0.0003814697265625
0.0003814697265625
0.00017795410156249813
0.0003814697265625
8.8977050781249064e-05
7.62939453125e-05
5.3386230468749438e-05
4.0703125000000374e-05
0.0003814697265625
0.0003814697265625
0.0003814697265625
0.0003814697265625
0.0003814697265625
0.00010608591308593728
0.00010608591308593728
0.00010608591308593728
0.00010608591308593728
0.00010608591308593728
0.00010608591308593728
0.00010608591308593728
0.00010608591308593728
0.00010608591308593728
0.00010608591308593728
0.00010608591308593728
0.00010608591308593728
0.00010608591308593728
0.00010608591308593728
0.00010608591308593728
0.00010608591308593728
0.00010608591308593728
0.00010608591308593728
0.00010608591308593728
0.00010608591308593728
0.00010608591308593728
0.00010608591308593728
0.00010608591308593728
0.00010608591308593728
0.00010608591308593728
0.00010608591308593728
0.00010608591308593728
0.00010608591308593728
0.00010608591308593728
0.00010608591308593728
0.00010608591308593728
0.00010608591308593728
0.00010608591308593728
0.00010608591308593728
0.00010608591308593728
0.00010608591308593728
0.00010608591308593728
0.00010608591308593728
0.00010608591308593728
0.00010608591308593728
0.00010608591308593728
0.00010608591308593728
0.00010608591308593728
0.00010608591308593728
0.00010608591308593728
0.00010608591308593728
0.00010608591308593728
0.00010608591308593728
0.00010608591308593728
0.00010608591308593728
0.00010608591308593728
0.00010608591308593728
0.00010608591308593728
0.00010608591308593728
0.00010608591308593728
0.00010608591308593728
0.00010608591308593728
0.00010608591308593728
0.00010608591308593728
0.00010608591308593728
0.00010608591308593728
0.00010608591308593728
0.00010608591308593728
0.00010608591308593728
0.00033496774902343728
0.0003814697265625
0.00033496774902343728
0.0003814697265625
0.00033496774902343728
0.0003814697265625
0.00033496774902343728
0.0003814697265625
0.00033496774902343728
0.0003814697265625
0.00033496774902343728
0.0003814697265625
0.00033496774902343728
0.0003814697265625
0.00033496774902343728
0.0003814697265625
0.00033496774902343728
0.0003814697265625
0.00033496774902343728
0.0003814697265625
0.00033496774902343728
0.0003814697265625
0.00033496774902343728
0.0003814697265625
0.00033496774902343728
0.0003814697265625
0.00033496774902343728
0.0003814697265625
0.00033496774902343728
0.0003814697265625
0.00033496774902343728
0.0003814697265625
0.00033496774902343728
0.0003814697265625
0.00033496774902343728
0.0003814697265625
0.00033496774902343728
0.0003814697265625
0.00033496774902343728
0.0003814697265625
0.00033496774902343728
0.0003814697265625
0.00033496774902343728
0.0003814697265625
0.00033496774902343728
0.0003814697265625
0.00033496774902343728
0.0003814697265625
0.00033496774902343728
0.0003814697265625
0.00033496774902343728
0.0003814697265625
0.00033496774902343728
0.0003814697265625
0.00033496774902343728
0.0003814697265625
0.00033496774902343728
0.0003814697265625
0.00033496774902343728
0.0003814697265625
0.00033496774902343728
0.0003814697265625
0.00033496774902343728
0.0003814697265625
0.00033496774902343728
0.0003814697265625
0.00033496774902343728
0.0003814697265625
0.00033496774902343728
0.0003814697265625
0.00033496774902343728
0.0003814697265625
0.00033496774902343728
0.0003814697265625
0.00033496774902343728
0.0003814697265625
0.00033496774902343728
0.0003814697265625
0.00033496774902343728
0.0003814697265625
0.00033496774902343728
0.0003814697265625
0.00033496774902343728
0.0003814697265625
0.00033496774902343728
0.0003814697265625
0.00033496774902343728
0.0003814697265625
0.00033496774902343728
0.0003814697265625
0.00033496774902343728
0.0003814697265625
0.00033496774902343728
0.0003814697265625
0.00033496774902343728
0.0003814697265625
0.00033496774902343728
0.0003814697265625
0.00033496774902343728
0.0003814697265625
0.00033496774902343728
0.0003814697265625
0.00033496774902343728
0.0003814697265625
0.00033496774902343728
0.0003814697265625
0.00033496774902343728
0.0003814697265625
0.00033496774902343728
0.0003814697265625
0.00033496774902343728
0.0003814697265625
0.00033496774902343728
0.0003814697265625
0.00033496774902343728
0.0003814697265625
0.00033496774902343728
0.0003814697265625
0.00033496774902343728
0.0003814697265625
0.00019288505859375166
0.0002288818359375
0.00032147509765625276
0.0003814697265625
0.00033496774902343728
0.0003814697265625
0.00033496774902343728
0.0003814697265625
0.00019073486328125
6.6993549804687455e-05
9.1189929199218638e-05
1.3950593261718817e-05
0.0003814697265625
0.0003814697265625
0.0003814697265625
0.00010608591308593728
0.00010608591308593728
0.00010608591308593728
0.00019073486328125
0.00011015352539062509
1.4895983886718638e-05
1.0608591308593728e-05
0.00030517578125
7.407460937499874e-05
4.6296630859374212e-05
3.814697265625e-05
3.703730468749937e-05
2.8887646484375158e-05
4.5596679687500037e-05
0.0003814697265625
0.00022798339843750019
0.0003814697265625
0.00019073486328125
4.6045898437499944e-05
4.5596679687500037e-05
3.7697753906250093e-05
0.0003814697265625
0.0003814697265625
0.00012178124999999949
0.00020296874999999916
0.0003814697265625
0.00017795410156249813
0.0003814697265625
8.8977050781249064e-05
7.62939453125e-05
5.3386230468749438e-05
4.0703125000000374e-05
4.2578124999999648e-05
0.00010644531249999912
0.0001879882812499999
0.00010781250000000027
1.562499999999958e-05
1.0644531249999912e-05
0.00037597656249999979
0.00019073486328125
7.7902343750000064e-05
0.00010894775390624979
1.6083984375000595e-06
0.00022338867187499979
0.00022338867187499979
4.4677734374999958e-05
0.0003814697265625
0.00019073486328125
0.00013413085937500138
1.5075683593751728e-05
4.6142578124996544e-06
0.0003814697265625
0.0003814697265625
0.00013413085937500138
0.0001239843750000004
1.2683105468751232e-05
2.5366210937502465e-06
0.00040683593750000246
0.0003814697265625
8.1367187500000493e-05
7.1291015625000662e-05
2.5190429687499578e-05
1.5114257812499747e-05
5.0380859374999157e-05
0.0003814697265625
0.0003814697265625
0.0003814697265625
0.0003814697265625
7.5395507812495849e-05
4.5237304687497509e-05
0.0003814697265625
0.0002288818359375
0.0003814697265625
0.00019073486328125
6.4295019531250552e-05
8.4443603515626381e-05
1.7998388671874171e-05
0.0003814697265625
0.0003814697265625
0.00032147509765625276
6.4295019531250552e-05
0.0003814697265625
7.62939453125e-05
0.0003814697265625
0.00019073486328125
0.00013398709960937491
1.4895983886718638e-05
4.6501977539062725e-06
0.0003814697265625
0.0003814697265625
0.00033496774902343728
0.00033496774902343728
0.0003814697265625
0.0003814697265625
0.00033496774902343728
0.00033496774902343728
0.0003814697265625
0.0003814697265625
0.00033496774902343728
0.00033496774902343728
0.0003814697265625
0.0003814697265625
0.00033496774902343728
0.00033496774902343728
0.0003814697265625
0.0003814697265625
0.00033496774902343728
0.00033496774902343728
0.0003814697265625
0.0003814697265625
0.00033496774902343728
0.00033496774902343728
0.0003814697265625
0.0003814697265625
0.00033496774902343728
0.00033496774902343728
0.0003814697265625
0.0003814697265625
0.00033496774902343728
0.00033496774902343728
0.0003814697265625
0.0003814697265625
0.00033496774902343728
0.00033496774902343728
0.0003814697265625
0.0003814697265625
0.00033496774902343728
0.00033496774902343728
0.0003814697265625
0.0003814697265625
0.00033496774902343728
0.00033496774902343728
0.0003814697265625
0.0003814697265625
0.00033496774902343728
0.00033496774902343728
0.0003814697265625
0.0003814697265625
0.00033496774902343728
0.00033496774902343728
0.0003814697265625
0.0003814697265625
0.00033496774902343728
0.00033496774902343728
0.0003814697265625
0.0003814697265625
4.0304687499999325e-05
5.0380859374999157e-05
8.1367187500000493e-05
7.1291015625000662e-05
2.5190429687499578e-05
1.5114257812499747e-05
0.00040683593750000246
0.00040683593750000246
0.00012955517578124975
0.00010693652343750099
3.7697753906247924e-05
1.507910156249917e-05
5.0380859374999157e-05
0.00033532714843750346
0.0003814697265625
0.00033532714843750346
0.0003814697265625
0.00013403320312499988
0.00022338867187499979
0.00019073486328125
6.7065429687500691e-05
9.1369628906251728e-05
1.3842773437498963e-05
0.0003814697265625
0.0003814697265625
0.0003814697265625
0.00017871093749999983
0.00040683593750000246
6.7065429687500691e-05
6.1992187500000198e-05
1.2683105468751232e-05
7.6098632812507394e-06
0.0003814697265625
0.00033532714843750346
0.00019073486328125
3.3532714843750346e-05
0.00012951660156250173
1.8457031249998618e-05
0.0003814697265625
0.0003814697265625
0.00022338867187499979
0.00022338867187499979
0.00019073486328125
4.6286132812500015e-05
4.6286132812500015e-05
3.2653808593749792e-05
9.137304687499917e-05
7.5395507812495849e-05
0.0003814697265625
0.00019073486328125
0.0001285900390625011
8.1496582031263809e-06
5.9994628906247238e-06
0.0003814697265625
0.0003814697265625
0.0003814697265625
7.5395507812495849e-05
0.0003814697265625
0.000152587890625
0.00012242968750000166
3.7697753906247924e-05
7.5395507812495849e-06
0.0003814697265625
0.00025718007812500221
0.00030517578125
9.137304687499917e-05
7.5395507812495849e-05
0.0003814697265625
0.0003814697265625
0.0003814697265625
0.0003814697265625
0.00019073486328125
0.0001285900390625011
8.1496582031263809e-06
5.9994628906247238e-06
0.0003814697265625
0.0003814697265625
0.0003814697265625
0.00033496774902343728
0.00033496774902343728
0.0003814697265625
0.0003814697265625
0.00033496774902343728
0.00019073486328125
3.3496774902343728e-05
0.00012933690185546864
1.860079101562509e-05
0.0003814697265625
0.0003814697265625
0.00085549218749999981
0.00085549218749999981
0.00085549218749999981
0.00085549218749999981
0.00085549218749999981
0.00085549218749999981
0.00085549218749999981
0.00085549218749999981
0.00085549218749999981
0.00085549218749999981
0.00085549218749999981
0.00085549218749999981
0.00085549218749999981
0.00085549218749999981
0.00085549218749999981
0.00085549218749999981
0.00085549218749999981
0.00085549218749999981
0.00085549218749999981
0.00085549218749999981
0.00085549218749999981
0.00085549218749999981
0.00085549218749999981
0.00085549218749999981
0.00085549218749999981
0.00085549218749999981
0.00085549218749999981
0.00085549218749999981
0.00085549218749999981
0.00085549218749999981
0.00085549218749999981
0.00085549218749999981
0.00085549218749999981
0.00085549218749999981
0.00085549218749999981
0.00085549218749999981
0.00085549218749999981
0.00085549218749999981
0.00085549218749999981
0.00085549218749999981
0.00085549218749999981
0.00085549218749999981
0.00085549218749999981
0.00085549218749999981
0.00085549218749999981
0.00085549218749999981
0.00085549218749999981
0.00085549218749999981
0.00085549218749999981
0.00085549218749999981
0.00085549218749999981
0.00085549218749999981
0.00085549218749999981
0.00085549218749999981
0.00085549218749999981
0.00085549218749999981
0.00085549218750000794
0.00085549218750000794
0.00085549218750000794
0.00085549218750000794
0.00085549218750000794
0.00085549218750000794
0.00085549218750000794
0.00085549218750000794
0.00085549218750000794
0.00085549218750000794
0.00085549218750000794
0.00085549218750000794
0.00085549218750000794
0.00085549218750000794
0.00085549218750000794
0.00085549218750000794
0.00085549218750000794
0.00085549218750000794
0.00085549218750000794
0.00085549218750000794
0.00085549218750000794
0.00085549218750000794
0.00085549218750000794
0.00085549218750000794
0.00085549218750000794
0.00085549218750000794
0.00085549218750000794
0.00085549218750000794
0.00085549218750000794
0.00085549218750000794
0.00085549218750000794
0.00085549218750000794
0.00085549218750000794
0.00085549218750000794
0.00085549218750000794
0.00085549218750000794
0.00085549218750000794
0.00085549218750000794
0.00085549218750000794
0.00085549218750000794
0.00085549218750000794
0.00085549218750000794
0.00085549218750000794
0.00085549218750000794
0.00085549218750000794
0.00085549218750000794
0.00085549218750000794
0.00085549218750000794
0.00085549218750000794
0.00085549218750000794
0.00085549218750000794
0.00085549218750000794
0.00085549218750000794
0.00085549218750000794
0.00085549218750000794
0.00085549218750000794
0.00057032812500000529
0.00057032812500000529
0.00057032812500000529
0.00057032812500000529
0.00057032812500000529
0.00057032812500000529
0.00057032812500000529
0.00057032812500000529
0.00057032812500000529
0.00057032812500000529
0.00057032812500000529
0.00057032812500000529
0.00057032812500000529
0.00057032812500000529
0.00057032812500000529
0.00057032812500000529
0.00057032812500000529
0.00057032812500000529
0.00057032812500000529
0.00057032812500000529
0.00057032812500000529
0.00057032812500000529
0.00057032812500000529
0.00057032812500000529
0.00057032812499999835
0.00057032812499999835
0.00057032812499999835
0.00057032812499999835
0.00057032812499999835
0.00057032812499999835
0.00057032812499999835
0.00057032812499999835
0.00057032812499999835
0.00057032812499999835
0.00057032812499999835
0.00057032812499999835
0.00057032812499999835
0.00057032812499999835
0.00057032812499999835
0.00057032812499999835
0.00057032812499999835
0.00057032812499999835
0.00057032812499999835
0.00057032812499999835
0.00057032812499999835
0.00057032812499999835
0.00057032812499999835
0.00057032812499999835
0.00057032812499999835
0.00057032812499999835
0.00057032812499999835
0.00057032812499999835
0.00057032812499999835
0.00057032812499999835
0.00057032812499999835
0.00057032812499999835
0.00057032812499999835
0.00057032812499999835
0.00057032812499999835
0.00057032812499999835
0.00057032812499999835
0.00057032812499999835
0.00057032812499999835
0.00057032812499999835
0.00057032812499999835
0.00057032812499999835
0.00057032812499999835
0.00057032812499999835
0.00057032812499999835
0.00057032812499999835
0.00057032812499999835
0.00057032812499999835
0.00057032812499999835
0.00057032812499999835
0.00057032812499999835
0.00057032812499999835
0.00057032812499999835
0.00057032812499999835
0.00057032812499999835
0.00057032812499999835
0.00057032812499999835
0.00057032812499999835
0.00057032812499999835
0.00057032812499999835
0.00057032812499999835
0.00057032812499999835
0.00057032812499999835
0.00057032812499999835
0.00057032812499999835
0.00057032812499999835
0.00057032812499999835
0.00057032812499999835
0.00057032812499999835
0.00057032812499999835
0.00057032812499999835
0.00057032812499999835
0.00057032812499999835
0.00057032812499999835
0.00057032812499999835
0.00057032812499999835
0.00057032812499999835
0.00057032812499999835
0.00057032812499999835
0.00057032812499999835
0.00057032812499999835
0.00057032812499999835
0.00057032812499999835
0.00057032812499999835
0.00057032812499999835
0.00057032812499999835
0.00057032812499999835
0.00057032812499999835
0.00057032812499999835
0.00057032812499999835
0.00057032812499999835
0.00057032812499999835
0.00057032812499999835
0.00057032812499999835
0.00057032812499999835
0.00057032812499999835
0.00057032812499999835
0.00057032812499999835
0.00057032812499999835
0.00057032812499999835
0.00057032812499999835
0.00057032812499999835
0.00057032812499999835
0.00057032812499999835
0.00057032812499999835
0.00057032812499999835
0.00057032812499999835
0.00057032812499999835
0.00057032812499999835
0.00057032812499999835
0.00057032812499999835
0.00057032812499999835
0.00057032812499999835
0.00057032812499999835
0.00057032812499999835
0.00057032812499999835
0.00057032812499999835
0.00057032812499999835
0.00057032812499999835
0.00057032812499999835
0.00057032812499999835
0.00057032812499999835
0.00057032812499999835
0.00057032812499999835
0.00057032812499999835
0.00057032812499999835
0.00057032812499999835
0.00057032812499999835
0.00057032812499999835
0.00057032812499999835
0.00057032812499999835
0.00057032812499999835
0.00057032812500000529
0.00057032812500000529
0.00057032812500000529
0.00057032812500000529
0.00057032812500000529
0.00057032812500000529
0.00057032812500000529
0.00057032812500000529
0.00057032812500000529
0.00057032812500000529
0.00057032812500000529
0.00057032812500000529
0.00057032812500000529
0.00057032812500000529
0.00057032812500000529
0.00057032812500000529
0.00057032812500000529
0.00057032812500000529
0.00057032812500000529
0.00057032812500000529
0.00057032812500000529
0.00057032812500000529
0.00057032812500000529
0.00057032812500000529
0.00085549218749999981
0.00085549218749999981
0.00085549218749999981
0.00085549218749999981
0.00085549218749999981
0.00085549218749999981
0.00085549218749999981
0.00085549218749999981
0.00085549218749999981
0.00085549218749999981
0.00085549218749999981
0.00085549218749999981
0.00085549218749999981
0.00085549218749999981
0.00085549218749999981
0.00085549218749999981
0.00085549218749999981
0.00085549218749999981
0.00085549218749999981
0.00085549218749999981
0.00085549218749999981
0.00085549218749999981
0.00085549218749999981
0.00085549218749999981
0.00085549218749999981
0.00085549218749999981
0.00085549218749999981
0.00085549218749999981
0.00085549218749999981
0.00085549218749999981
0.00085549218749999981
0.00085549218749999981
0.00085549218749999981
0.00085549218749999981
0.00085549218749999981
0.00085549218749999981
0.00085549218749999981
0.00085549218749999981
0.00085549218749999981
0.00085549218749999981
0.00085549218749999981
0.00085549218749999981
0.00085549218749999981
0.00085549218749999981
0.00085549218749999981
0.00085549218749999981
0.00085549218749999981
0.00085549218749999981
0.00085549218749999981
0.00085549218749999981
0.00085549218749999981
0.00085549218749999981
0.00085549218749999981
0.00085549218749999981
0.00085549218749999981
0.00085549218749999981
0.0012404636718749997
0.0012404636718749997
0.0012404636718749997
0.0012404636718749997
0.0012404636718749997
0.0012404636718749997
0.0012404636718749997
0.0012404636718749997
0.0012404636718749997
0.0012404636718749997
0.0012404636718749997
0.0012404636718749997
0.0012404636718749997
0.0012404636718749997
0.0012404636718749997
0.0012404636718749997
0.0012404636718749997
0.0012404636718749997
0.0012404636718749997
0.0012404636718749997
0.0012404636718749997
0.0012404636718749997
0.0012404636718749997
0.0012404636718749997
0.0012404636718749997
0.0012404636718749997
0.0012404636718749997
0.0012404636718749997
0.0012404636718749997
0.0012404636718749997
0.0012404636718749997
0.0012404636718749997
0.0012404636718749997
0.0012404636718749997
0.0012404636718749997
0.0012404636718749997
0.0012404636718749997
0.0012404636718749997
0.0012404636718749997
0.0012404636718749997
0.0012404636718749997
0.0012404636718749997
0.0012404636718749997
0.0012404636718749997
0.0012404636718749997
0.0012404636718749997
0.0012404636718749997
0.0012404636718749997
0.0012404636718749997
0.0012404636718749997
0.0012404636718749997
0.0012404636718749997
0.0012404636718749997
0.0012404636718749997
0.0012404636718749834
0.0012404636718749834
0.0012404636718749834
0.0012404636718749834
0.0012404636718749834
0.0012404636718749834
0.0012404636718749834
0.0012404636718749834
0.0012404636718749834
0.0012404636718749834
0.0012404636718749834
0.0012404636718749834
0.0012404636718749834
0.0012404636718749834
0.0012404636718749834
0.0012404636718749834
0.0012404636718749834
0.0012404636718749834
0.0012404636718749834
0.0012404636718749834
0.0012404636718749834
0.0012404636718749834
0.0012404636718749834
0.0012404636718749834
0.0012404636718749834
0.0012404636718749834
0.0012404636718749834
0.0012404636718749834
0.0012404636718749834
0.0012404636718749834
0.0012404636718749834
0.0012404636718749834
0.0012404636718749834
0.0012404636718749834
0.0012404636718749834
0.0012404636718749834
0.0012404636718749834
0.0012404636718749834
0.0012404636718749834
0.0012404636718749834
0.0012404636718749834
0.0012404636718749834
0.0012404636718749834
0.0012404636718749834
0.0012404636718749834
0.0012404636718749834
0.0012404636718749834
0.0012404636718749834
0.0012404636718749834
0.0012404636718749834
0.0012404636718749834
0.0012404636718749834
0.0012404636718749834
0.0012404636718749834
0.00082697578124998894
0.00082697578124998894
0.00082697578124998894
0.00082697578124998894
0.00082697578124998894
0.00082697578124998894
0.00082697578124998894
0.00082697578124998894
0.00082697578124998894
0.00082697578124998894
0.00082697578124998894
0.00082697578124998894
0.00082697578124998894
0.00082697578124998894
0.00082697578124998894
0.00082697578124998894
0.00082697578124998894
0.00082697578124998894
0.00082697578124998894
0.00082697578124998894
0.00082697578124998894
0.00082697578124998894
0.00082697578125000282
0.00082697578125000282
0.00082697578125000282
0.00082697578125000282
0.00082697578125000282
0.00082697578125000282
0.00082697578125000282
0.00082697578125000282
0.00082697578125000282
0.00082697578125000282
0.00082697578125000282
0.00082697578125000282
0.00082697578125000282
0.00082697578125000282
0.00082697578125000282
0.00082697578125000282
0.00082697578125000282
0.00082697578125000282
0.00082697578125000282
0.00082697578125000282
0.00082697578125000282
0.00082697578125000282
0.00082697578125000282
0.00082697578125000282
0.00082697578125000282
0.00082697578125000282
0.00082697578125000282
0.00082697578125000282
0.00082697578125000282
0.00082697578125000282
0.00082697578125000282
0.00082697578125000282
0.00082697578125000282
0.00082697578125000282
0.00082697578125000282
0.00082697578125000282
0.00082697578125000282
0.00082697578125000282
0.00082697578125000282
0.00082697578125000282
0.00082697578125000282
0.00082697578125000282
0.00082697578125000282
0.00082697578125000282
0.00082697578125000282
0.00082697578125000282
0.00082697578125000282
0.00082697578125000282
0.00082697578125000282
0.00082697578125000282
0.00082697578125000282
0.00082697578125000282
0.00082697578125000282
0.00082697578125000282
0.00082697578125000282
0.00082697578125000282
0.00082697578125000282
0.00082697578125000282
0.00082697578125000282
0.00082697578125000282
0.00082697578125000282
0.00082697578125000282
0.00082697578125000282
0.00082697578125000282
0.00082697578125000282
0.00082697578125000282
0.00082697578125000282
0.00082697578125000282
0.00082697578125000282
0.00082697578125000282
0.00082697578125000282
0.00082697578125000282
0.00082697578125000282
0.00082697578125000282
0.00082697578125000282
0.00082697578125000282
0.00082697578125000282
0.00082697578125000282
0.00082697578125000282
0.00082697578125000282
0.00082697578125000282
0.00082697578125000282
0.00082697578125000282
0.00082697578125000282
0.00082697578125000282
0.00082697578125000282
0.00082697578125000282
0.00082697578125000282
0.00082697578125000282
0.00082697578125000282
0.00082697578125000282
0.00082697578125000282
0.00082697578125000282
0.00082697578125000282
0.00082697578125000282
0.00082697578125000282
0.00082697578125000282
0.00082697578125000282
0.00082697578125000282
0.00082697578125000282
0.00082697578125000282
0.00082697578125000282
0.00082697578125000282
0.00082697578125000282
0.00082697578125000282
0.00082697578125000282
0.00082697578125000282
0.00082697578125000282
0.00082697578125000282
0.00082697578125000282
0.00082697578125000282
0.00082697578125000282
0.00082697578125000282
0.00082697578125000282
0.00082697578125000282
0.00082697578125000282
0.00082697578125000282
0.00082697578125000282
0.00082697578125000282
0.00082697578125000282
0.00082697578125000282
0.00082697578125000282
0.00082697578125000282
0.00082697578125000282
0.00082697578125000282
0.00082697578125000282
0.00082697578124998894
0.00082697578124998894
0.00082697578124998894
0.00082697578124998894
0.00082697578124998894
0.00082697578124998894
0.00082697578124998894
0.00082697578124998894
0.00082697578124998894
0.00082697578124998894
0.00082697578124998894
0.00082697578124998894
0.00082697578124998894
0.00082697578124998894
0.00082697578124998894
0.00082697578124998894
0.00082697578124998894
0.00082697578124998894
0.00082697578124998894
0.00082697578124998894
0.00082697578124998894
0.00082697578124998894
0.0012404636718749997
0.0012404636718749997
0.0012404636718749997
0.0012404636718749997
0.0012404636718749997
0.0012404636718749997
0.0012404636718749997
0.0012404636718749997
0.0012404636718749997
0.0012404636718749997
0.0012404636718749997
0.0012404636718749997
0.0012404636718749997
0.0012404636718749997
0.0012404636718749997
0.0012404636718749997
0.0012404636718749997
0.0012404636718749997
0.0012404636718749997
0.0012404636718749997
0.0012404636718749997
0.0012404636718749997
0.0012404636718749997
0.0012404636718749997
0.0012404636718749997
0.0012404636718749997
0.0012404636718749997
0.0012404636718749997
0.0012404636718749997
0.0012404636718749997
0.0012404636718749997
0.0012404636718749997
0.0012404636718749997
0.0012404636718749997
0.0012404636718749997
0.0012404636718749997
0.0012404636718749997
0.0012404636718749997
0.0012404636718749997
0.0012404636718749997
0.0012404636718749997
0.0012404636718749997
0.0012404636718749997
0.0012404636718749997
0.0012404636718749997
0.0012404636718749997
0.0012404636718749997
0.0012404636718749997
0.0012404636718749997
0.0012404636718749997
0.0012404636718749997
0.0012404636718749997
0.0012404636718749997
0.0012404636718749997
0.0017986723242187487
0.0017986723242187487
0.0017986723242187487
0.0017986723242187487
0.0017986723242187487
0.0017986723242187487
0.0017986723242187487
0.0017986723242187487
0.0017986723242187487
0.0017986723242187487
0.0017986723242187487
0.0017986723242187487
0.0017986723242187487
0.0017986723242187487
0.0017986723242187487
0.0017986723242187487
0.0017986723242187487
0.0017986723242187487
0.0017986723242187487
0.0017986723242187487
0.0017986723242187487
0.0017986723242187487
0.0017986723242187487
0.0017986723242187487
0.0017986723242187487
0.0017986723242187487
0.0017986723242187487
0.0017986723242187487
0.0017986723242187487
0.0017986723242187487
0.0017986723242187487
0.0017986723242187487
0.0017986723242187487
0.0017986723242187487
0.0017986723242187487
0.0017986723242187487
0.0017986723242187487
0.0017986723242187487
0.0017986723242187487
0.0017986723242187487
0.0017986723242187487
0.0017986723242187487
0.0017986723242187487
0.0017986723242187487
0.0017986723242187487
0.0017986723242187487
0.0017986723242187487
0.0017986723242187487
0.0017986723242187487
0.0017986723242187487
0.0017986723242187487
0.0017986723242187487
0.0017986723242187572
0.0017986723242187572
0.0017986723242187572
0.0017986723242187572
0.0017986723242187572
0.0017986723242187572
0.0017986723242187572
0.0017986723242187572
0.0017986723242187572
0.0017986723242187572
0.0017986723242187572
0.0017986723242187572
0.0017986723242187572
0.0017986723242187572
0.0017986723242187572
0.0017986723242187572
0.0017986723242187572
0.0017986723242187572
0.0017986723242187572
0.0017986723242187572
0.0017986723242187572
0.0017986723242187572
0.0017986723242187572
0.0017986723242187572
0.0017986723242187572
0.0017986723242187572
0.0017986723242187572
0.0017986723242187572
0.0017986723242187572
0.0017986723242187572
0.0017986723242187572
0.0017986723242187572
0.0017986723242187572
0.0017986723242187572
0.0017986723242187572
0.0017986723242187572
0.0017986723242187572
0.0017986723242187572
0.0017986723242187572
0.0017986723242187572
0.0017986723242187572
0.0017986723242187572
0.0017986723242187572
0.0017986723242187572
0.0017986723242187572
0.0017986723242187572
0.0017986723242187572
0.0017986723242187572
0.0017986723242187572
0.0017986723242187572
0.0017986723242187572
0.0017986723242187572
0.0011991148828125048
0.0011991148828125048
0.0011991148828125048
0.0011991148828125048
0.0011991148828125048
0.0011991148828125048
0.0011991148828125048
0.0011991148828125048
0.0011991148828125048
0.0011991148828125048
0.0011991148828125048
0.0011991148828125048
0.0011991148828125048
0.0011991148828125048
0.0011991148828125048
0.0011991148828125048
0.0011991148828125048
0.0011991148828125048
0.0011991148828125048
0.0011991148828125048
0.0011991148828124978
0.0011991148828124978
0.0011991148828124978
0.0011991148828124978
0.0011991148828124978
0.0011991148828124978
0.0011991148828124978
0.0011991148828124978
0.0011991148828124978
0.0011991148828124978
0.0011991148828124978
0.0011991148828124978
0.0011991148828124978
0.0011991148828124978
0.0011991148828124978
0.0011991148828124978
0.0011991148828124978
0.0011991148828124978
0.0011991148828124978
0.0011991148828124978
0.0011991148828124978
0.0011991148828124978
0.0011991148828124978
0.0011991148828124978
0.0011991148828124978
0.0011991148828124978
0.0011991148828124978
0.0011991148828124978
0.0011991148828124978
0.0011991148828124978
0.0011991148828124978
0.0011991148828124978
0.0011991148828124978
0.0011991148828124978
0.0011991148828124978
0.0011991148828124978
0.0011991148828124978
0.0011991148828124978
0.0011991148828124978
0.0011991148828124978
0.0011991148828124978
0.0011991148828124978
0.0011991148828124978
0.0011991148828124978
0.0011991148828124978
0.0011991148828124978
0.0011991148828124978
0.0011991148828124978
0.0011991148828124978
0.0011991148828124978
0.0011991148828124978
0.0011991148828124978
0.0011991148828124978
0.0011991148828124978
0.0011991148828124978
0.0011991148828124978
0.0011991148828124978
0.0011991148828124978
0.0011991148828124978
0.0011991148828124978
0.0011991148828124978
0.0011991148828124978
0.0011991148828124978
0.0011991148828124978
0.0011991148828124978
0.0011991148828124978
0.0011991148828124978
0.0011991148828124978
0.0011991148828124978
0.0011991148828124978
0.0011991148828124978
0.0011991148828124978
0.0011991148828124978
0.0011991148828124978
0.0011991148828124978
0.0011991148828124978
0.0011991148828124978
0.0011991148828124978
0.0011991148828124978
0.0011991148828124978
0.0011991148828124978
0.0011991148828124978
0.0011991148828124978
0.0011991148828124978
0.0011991148828124978
0.0011991148828124978
0.0011991148828124978
0.0011991148828124978
0.0011991148828124978
0.0011991148828124978
0.0011991148828124978
0.0011991148828124978
0.0011991148828124978
0.0011991148828124978
0.0011991148828124978
0.0011991148828124978
0.0011991148828124978
0.0011991148828124978
0.0011991148828124978
0.0011991148828124978
0.0011991148828124978
0.0011991148828124978
0.0011991148828124978
0.0011991148828124978
0.0011991148828124978
0.0011991148828124978
0.0011991148828124978
0.0011991148828124978
0.0011991148828124978
0.0011991148828124978
0.0011991148828124978
0.0011991148828124978
0.0011991148828124978
0.0011991148828124978
0.0011991148828124978
0.0011991148828124978
0.0011991148828124978
0.0011991148828124978
0.0011991148828124978
0.0011991148828124978
0.0011991148828125048
0.0011991148828125048
0.0011991148828125048
0.0011991148828125048
0.0011991148828125048
0.0011991148828125048
0.0011991148828125048
0.0011991148828125048
0.0011991148828125048
0.0011991148828125048
0.0011991148828125048
0.0011991148828125048
0.0011991148828125048
0.0011991148828125048
0.0011991148828125048
0.0011991148828125048
0.0011991148828125048
0.0011991148828125048
0.0011991148828125048
0.0011991148828125048
0.0017986723242187487
0.0017986723242187487
0.0017986723242187487
0.0017986723242187487
0.0017986723242187487
0.0017986723242187487
0.0017986723242187487
0.0017986723242187487
0.0017986723242187487
0.0017986723242187487
0.0017986723242187487
0.0017986723242187487
0.0017986723242187487
0.0017986723242187487
0.0017986723242187487
0.0017986723242187487
0.0017986723242187487
0.0017986723242187487
0.0017986723242187487
0.0017986723242187487
0.0017986723242187487
0.0017986723242187487
0.0017986723242187487
0.0017986723242187487
0.0017986723242187487
0.0017986723242187487
0.0017986723242187487
0.0017986723242187487
0.0017986723242187487
0.0017986723242187487
0.0017986723242187487
0.0017986723242187487
0.0017986723242187487
0.0017986723242187487
0.0017986723242187487
0.0017986723242187487
0.0017986723242187487
0.0017986723242187487
0.0017986723242187487
0.0017986723242187487
0.0017986723242187487
0.0017986723242187487
0.0017986723242187487
0.0017986723242187487
0.0017986723242187487
0.0017986723242187487
0.0017986723242187487
0.0017986723242187487
0.0017986723242187487
0.0017986723242187487
0.0017986723242187487
0.0017986723242187487
0.00063450000000000008
0.00056250000000000007
0.00056250000000000007
0.00056250000000000007
0.00056250000000000007
0.00056250000000000007
0.00056250000000000007
0.00056250000000000007
0.00056250000000000007
0.00056250000000000007
0.00056250000000000007
0.00056250000000000007
0.00056250000000000007
0.00056250000000000007
0.00056250000000000007
0.00056250000000000007
0.00056250000000000007
0.00056250000000000007
0.00056250000000000007
0.00056250000000000007
0.00056250000000000007
0.00056250000000000007
0.00056250000000000007
0.00056250000000000007
0.00056250000000000007
0.00056250000000000007
0.00056250000000000007
0.00056250000000000007
0.00056250000000000007
0.00056250000000000007
0.00056250000000000007
0.00056250000000000007
0.00056250000000000007
0.00056250000000000007
0.00056250000000000007
0.00056250000000000007
0.00056250000000000007
0.00056250000000000007
0.00056250000000000007
0.00056250000000000007
0.00056250000000000007
0.00056250000000000007
0.00056250000000000007
0.00056250000000000007
0.00056250000000000007
0.00056250000000000007
0.00056250000000000007
0.00056250000000000007
0.00056250000000000007
0.00056250000000000007
0.00056250000000000007
0.00056250000000000007
0.00056250000000000007
0.00056250000000000007
0.00056250000000000007
0.00056250000000000007
0.00056250000000000007
0.00056250000000000007
0.00056250000000000007
0.00056250000000000007
0.00056250000000000007
0.00056250000000000007
0.00056250000000000007
0.00063450000000000008
0.00063450000000000051
0.0005625000000000005
0.0005625000000000005
0.0005625000000000005
0.0005625000000000005
0.0005625000000000005
0.0005625000000000005
0.0005625000000000005
0.0005625000000000005
0.0005625000000000005
0.0005625000000000005
0.0005625000000000005
0.0005625000000000005
0.0005625000000000005
0.0005625000000000005
0.0005625000000000005
0.0005625000000000005
0.0005625000000000005
0.0005625000000000005
0.0005625000000000005
0.0005625000000000005
0.0005625000000000005
0.0005625000000000005
0.0005625000000000005
0.0005625000000000005
0.0005625000000000005
0.0005625000000000005
0.0005625000000000005
0.0005625000000000005
0.0005625000000000005
0.0005625000000000005
0.0005625000000000005
0.0005625000000000005
0.0005625000000000005
0.0005625000000000005
0.0005625000000000005
0.0005625000000000005
0.0005625000000000005
0.0005625000000000005
0.0005625000000000005
0.0005625000000000005
0.0005625000000000005
0.0005625000000000005
0.0005625000000000005
0.0005625000000000005
0.0005625000000000005
0.0005625000000000005
0.0005625000000000005
0.0005625000000000005
0.0005625000000000005
0.0005625000000000005
0.0005625000000000005
0.0005625000000000005
0.0005625000000000005
0.0005625000000000005
0.0005625000000000005
0.0005625000000000005
0.0005625000000000005
0.0005625000000000005
0.0005625000000000005
0.0005625000000000005
0.0005625000000000005
0.0005625000000000005
0.00063450000000000062
0.00044700000000000046
0.00037500000000000033
0.00037500000000000033
0.00037500000000000033
0.00037500000000000033
0.00037500000000000033
0.00037500000000000033
0.00037500000000000033
0.00037500000000000033
0.00037500000000000033
0.00037500000000000033
0.00037500000000000033
0.00037500000000000033
0.00037500000000000033
0.00037500000000000033
0.00037500000000000033
0.00037500000000000033
0.00037500000000000033
0.00037500000000000033
0.00037500000000000033
0.00037500000000000033
0.00037500000000000033
0.00037500000000000033
0.00037500000000000033
0.00037500000000000033
0.00037500000000000033
0.00037500000000000033
0.00037500000000000033
0.00037500000000000033
0.00037500000000000033
0.00037500000000000033
0.00044700000000000046
0.00044700000000000046
0.00037500000000000033
0.00037500000000000033
0.00037500000000000033
0.00037500000000000033
0.00037500000000000033
0.00037500000000000033
0.00037500000000000033
0.00037500000000000033
0.00037500000000000033
0.00037500000000000033
0.00037500000000000033
0.00037500000000000033
0.00037500000000000033
0.00037500000000000033
0.00037500000000000033
0.00037500000000000033
0.00037500000000000033
0.00037500000000000033
0.00037500000000000033
0.00037500000000000033
0.00037500000000000033
0.00037500000000000033
0.00037500000000000033
0.00037500000000000033
0.00037500000000000033
0.00037500000000000033
0.00037500000000000033
0.00037500000000000033
0.00037500000000000033
0.00037500000000000033
0.00037500000000000033
0.00037500000000000033
0.00037500000000000033
0.00037500000000000033
0.00037500000000000033
0.00037500000000000033
0.00037500000000000033
0.00037500000000000033
0.00037500000000000033
0.00037500000000000033
0.00037500000000000033
0.00037500000000000033
0.00037500000000000033
0.00037500000000000033
0.00037500000000000033
0.00037500000000000033
0.00037500000000000033
0.00037500000000000033
0.00037500000000000033
0.00037500000000000033
0.00037500000000000033
0.00037500000000000033
0.00037500000000000033
0.00037500000000000033
0.00037500000000000033
0.00037500000000000033
0.00037500000000000033
0.00037500000000000033
0.00037500000000000033
0.00037500000000000033
0.00037500000000000033
0.00037500000000000033
0.00037500000000000033
0.00037500000000000033
0.00037500000000000033
0.00037500000000000033
0.00037500000000000033
0.00037500000000000033
0.00037500000000000033
0.00037500000000000033
0.00037500000000000033
0.00037500000000000033
0.00037500000000000033
0.00037500000000000033
0.00037500000000000033
0.00037500000000000033
0.00037500000000000033
0.00037500000000000033
0.00037500000000000033
0.00037500000000000033
0.00037500000000000033
0.00037500000000000033
0.00037500000000000033
0.00037500000000000033
0.00037500000000000033
0.00037500000000000033
0.00037500000000000033
0.00037500000000000033
0.00037500000000000033
0.00037500000000000033
0.00037500000000000033
0.00037500000000000033
0.00037500000000000033
0.00037500000000000033
0.00037500000000000033
0.00037500000000000033
0.00037500000000000033
0.00037500000000000033
0.00037500000000000033
0.00037500000000000033
0.00037500000000000033
0.00037500000000000033
0.00037500000000000033
0.00037500000000000033
0.00037500000000000033
0.00037500000000000033
0.00037500000000000033
0.00037500000000000033
0.00037500000000000033
0.00037500000000000033
0.00037500000000000033
0.00037500000000000033
0.00037500000000000033
0.00037500000000000033
0.00037500000000000033
0.00037500000000000033
0.00037500000000000033
0.00037500000000000033
0.00037500000000000033
0.00037500000000000033
0.00037500000000000033
0.00037500000000000033
0.00037500000000000033
0.00037500000000000033
0.00037500000000000033
0.00037500000000000033
0.00037500000000000033
0.00037500000000000033
0.00037500000000000033
0.00037500000000000033
0.00037500000000000033
0.00037500000000000033
0.00037500000000000033
0.00037500000000000033
0.00037500000000000033
0.00037500000000000033
0.00037500000000000033
0.00037500000000000033
0.00037500000000000033
0.00037500000000000033
0.00037500000000000033
0.00037500000000000033
0.00037500000000000033
0.00037500000000000033
0.00037500000000000033
0.00037500000000000033
0.00037500000000000033
0.00037500000000000033
0.00037500000000000033
0.00037500000000000033
0.00037500000000000033
0.00037500000000000033
0.00037500000000000033
0.00037500000000000033
0.00044700000000000046
0.00044700000000000046
0.00037500000000000033
0.00037500000000000033
0.00037500000000000033
0.00037500000000000033
0.00037500000000000033
0.00037500000000000033
0.00037500000000000033
0.00037500000000000033
0.00037500000000000033
0.00037500000000000033
0.00037500000000000033
0.00037500000000000033
0.00037500000000000033
0.00037500000000000033
0.00037500000000000033
0.00037500000000000033
0.00037500000000000033
0.00037500000000000033
0.00037500000000000033
0.00037500000000000033
0.00037500000000000033
0.00037500000000000033
0.00037500000000000033
0.00037500000000000033
0.00037500000000000033
0.00037500000000000033
0.00037500000000000033
0.00037500000000000033
0.00037500000000000033
0.00037500000000000033
0.0004470000000000004
0.00063450000000000008
0.00056250000000000007
0.00056250000000000007
0.00056250000000000007
0.00056250000000000007
0.00056250000000000007
0.00056250000000000007
0.00056250000000000007
0.00056250000000000007
0.00056250000000000007
0.00056250000000000007
0.00056250000000000007
0.00056250000000000007
0.00056250000000000007
0.00056250000000000007
0.00056250000000000007
0.00056250000000000007
0.00056250000000000007
0.00056250000000000007
0.00056250000000000007
0.00056250000000000007
0.00056250000000000007
0.00056250000000000007
0.00056250000000000007
0.00056250000000000007
0.00056250000000000007
0.00056250000000000007
0.00056250000000000007
0.00056250000000000007
0.00056250000000000007
0.00056250000000000007
0.00056250000000000007
0.00056250000000000007
0.00056250000000000007
0.00056250000000000007
0.00056250000000000007
0.00056250000000000007
0.00056250000000000007
0.00056250000000000007
0.00056250000000000007
0.00056250000000000007
0.00056250000000000007
0.00056250000000000007
0.00056250000000000007
0.00056250000000000007
0.00056250000000000007
0.00056250000000000007
0.00056250000000000007
0.00056250000000000007
0.00056250000000000007
0.00056250000000000007
0.00056250000000000007
0.00056250000000000007
0.00056250000000000007
0.00056250000000000007
0.00056250000000000007
0.00056250000000000007
0.00056250000000000007
0.00056250000000000007
0.00056250000000000007
0.00056250000000000007
0.00056250000000000007
0.00056250000000000007
0.00063450000000000008
0.00064687499999999999
0.00064687499999999999
0.00064687499999999999
0.00064687499999999999
0.00064687499999999999
0.00064687499999999999
0.00064687499999999999
0.00064687499999999999
0.00064687499999999999
0.00064687499999999999
0.00064687499999999999
0.00064687499999999999
0.00064687499999999999
0.00064687499999999999
0.00064687499999999999
0.00064687499999999999
0.00064687499999999999
0.00064687499999999999
0.00064687499999999999
0.00064687499999999999
0.00064687499999999999
0.00064687499999999999
0.00064687499999999999
0.00064687499999999999
0.00064687499999999999
0.00064687499999999999
0.00064687499999999999
0.00064687499999999999
0.00064687499999999999
0.00064687499999999999
0.00064687499999999999
0.00064687499999999999
0.00064687499999999999
0.00064687499999999999
0.00064687499999999999
0.00064687499999999999
0.00064687499999999999
0.00064687499999999999
0.00064687499999999999
0.00064687499999999999
0.00064687499999999999
0.00064687499999999999
0.00064687499999999999
0.00064687499999999999
0.00064687499999999999
0.00064687499999999999
0.00064687499999999999
0.00064687499999999999
0.00064687499999999999
0.00064687499999999999
0.00064687499999999999
0.00064687499999999999
0.00064687499999999999
0.00064687499999999999
0.00064687499999999999
0.00064687499999999999
0.00064687499999999999
0.00064687499999999999
0.00064687499999999999
0.00064687499999999999
0.00064687499999999999
0.00064687499999999999
0.00064687499999999121
0.00064687499999999121
0.00064687499999999121
0.00064687499999999121
0.00064687499999999121
0.00064687499999999121
0.00064687499999999121
0.00064687499999999121
0.00064687499999999121
0.00064687499999999121
0.00064687499999999121
0.00064687499999999121
0.00064687499999999121
0.00064687499999999121
0.00064687499999999121
0.00064687499999999121
0.00064687499999999121
0.00064687499999999121
0.00064687499999999121
0.00064687499999999121
0.00064687499999999121
0.00064687499999999121
0.00064687499999999121
0.00064687499999999121
0.00064687499999999121
0.00064687499999999121
0.00064687499999999121
0.00064687499999999121
0.00064687499999999121
0.00064687499999999121
0.00064687499999999121
0.00064687499999999121
0.00064687499999999121
0.00064687499999999121
0.00064687499999999121
0.00064687499999999121
0.00064687499999999121
0.00064687499999999121
0.00064687499999999121
0.00064687499999999121
0.00064687499999999121
0.00064687499999999121
0.00064687499999999121
0.00064687499999999121
0.00064687499999999121
0.00064687499999999121
0.00064687499999999121
0.00064687499999999121
0.00064687499999999121
0.00064687499999999121
0.00064687499999999121
0.00064687499999999121
0.00064687499999999121
0.00064687499999999121
0.00064687499999999121
0.00064687499999999121
0.00064687499999999121
0.00064687499999999121
0.00064687499999999121
0.00064687499999999121
0.00064687499999999121
0.00064687499999999121
0.00043124999999999414
0.00043124999999999414
0.00043124999999999414
0.00043124999999999414
0.00043124999999999414
0.00043124999999999414
0.00043124999999999414
0.00043124999999999414
0.00043124999999999414
0.00043124999999999414
0.00043124999999999414
0.00043124999999999414
0.00043124999999999414
0.00043124999999999414
0.00043124999999999414
0.00043124999999999414
0.00043124999999999414
0.00043124999999999414
0.00043124999999999414
0.00043124999999999414
0.00043124999999999414
0.00043124999999999414
0.00043124999999999414
0.00043124999999999414
0.00043124999999999414
0.00043124999999999414
0.00043124999999999414
0.00043124999999999414
0.00043124999999999414
0.00043124999999999414
0.00043125000000000108
0.00043125000000000108
0.00043125000000000108
0.00043125000000000108
0.00043125000000000108
0.00043125000000000108
0.00043125000000000108
0.00043125000000000108
0.00043125000000000108
0.00043125000000000108
0.00043125000000000108
0.00043125000000000108
0.00043125000000000108
0.00043125000000000108
0.00043125000000000108
0.00043125000000000108
0.00043125000000000108
0.00043125000000000108
0.00043125000000000108
0.00043125000000000108
0.00043125000000000108
0.00043125000000000108
0.00043125000000000108
0.00043125000000000108
0.00043125000000000108
0.00043125000000000108
0.00043125000000000108
0.00043125000000000108
0.00043125000000000108
0.00043125000000000108
0.00043125000000000108
0.00043125000000000108
0.00043125000000000108
0.00043125000000000108
0.00043125000000000108
0.00043125000000000108
0.00043125000000000108
0.00043125000000000108
0.00043125000000000108
0.00043125000000000108
0.00043125000000000108
0.00043125000000000108
0.00043125000000000108
0.00043125000000000108
0.00043125000000000108
0.00043125000000000108
0.00043125000000000108
0.00043125000000000108
0.00043125000000000108
0.00043125000000000108
0.00043125000000000108
0.00043125000000000108
0.00043125000000000108
0.00043125000000000108
0.00043125000000000108
0.00043125000000000108
0.00043125000000000108
0.00043125000000000108
0.00043125000000000108
0.00043125000000000108
0.00043125000000000108
0.00043125000000000108
0.00043125000000000108
0.00043125000000000108
0.00043125000000000108
0.00043125000000000108
0.00043125000000000108
0.00043125000000000108
0.00043125000000000108
0.00043125000000000108
0.00043125000000000108
0.00043125000000000108
0.00043125000000000108
0.00043125000000000108
0.00043125000000000108
0.00043125000000000108
0.00043125000000000108
0.00043125000000000108
0.00043125000000000108
0.00043125000000000108
0.00043125000000000108
0.00043125000000000108
0.00043125000000000108
0.00043125000000000108
0.00043125000000000108
0.00043125000000000108
0.00043125000000000108
0.00043125000000000108
0.00043125000000000108
0.00043125000000000108
0.00043125000000000108
0.00043125000000000108
0.00043125000000000108
0.00043125000000000108
0.00043125000000000108
0.00043125000000000108
0.00043125000000000108
0.00043125000000000108
0.00043125000000000108
0.00043125000000000108
0.00043125000000000108
0.00043125000000000108
0.00043125000000000108
0.00043125000000000108
0.00043125000000000108
0.00043125000000000108
0.00043125000000000108
0.00043125000000000108
0.00043125000000000108
0.00043125000000000108
0.00043125000000000108
0.00043125000000000108
0.00043125000000000108
0.00043125000000000108
0.00043125000000000108
0.00043125000000000108
0.00043125000000000108
0.00043125000000000108
0.00043125000000000108
0.00043125000000000108
0.00043125000000000108
0.00043125000000000108
0.00043125000000000108
0.00043125000000000108
0.00043125000000000108
0.00043125000000000108
0.00043125000000000108
0.00043125000000000108
0.00043125000000000108
0.00043125000000000108
0.00043125000000000108
0.00043125000000000108
0.00043125000000000108
0.00043125000000000108
0.00043125000000000108
0.00043125000000000108
0.00043125000000000108
0.00043125000000000108
0.00043125000000000108
0.00043125000000000108
0.00043125000000000108
0.00043125000000000108
0.00043125000000000108
0.00043125000000000108
0.00043125000000000108
0.00043125000000000108
0.00043125000000000108
0.00043125000000000108
0.00043125000000000108
0.00043125000000000108
0.00043124999999999414
0.00043124999999999414
0.00043124999999999414
0.00043124999999999414
0.00043124999999999414
0.00043124999999999414
0.00043124999999999414
0.00043124999999999414
0.00043124999999999414
0.00043124999999999414
0.00043124999999999414
0.00043124999999999414
0.00043124999999999414
0.00043124999999999414
0.00043124999999999414
0.00043124999999999414
0.00043124999999999414
0.00043124999999999414
0.00043124999999999414
0.00043124999999999414
0.00043124999999999414
0.00043124999999999414
0.00043124999999999414
0.00043124999999999414
0.00043124999999999414
0.00043124999999999414
0.00043124999999999414
0.00043124999999999414
0.00043124999999999414
0.00043124999999999414
0.00064687499999999999
0.00064687499999999999
0.00064687499999999999
0.00064687499999999999
0.00064687499999999999
0.00064687499999999999
0.00064687499999999999
0.00064687499999999999
0.00064687499999999999
0.00064687499999999999
0.00064687499999999999
0.00064687499999999999
0.00064687499999999999
0.00064687499999999999
0.00064687499999999999
0.00064687499999999999
0.00064687499999999999
0.00064687499999999999
0.00064687499999999999
0.00064687499999999999
0.00064687499999999999
0.00064687499999999999
0.00064687499999999999
0.00064687499999999999
0.00064687499999999999
0.00064687499999999999
0.00064687499999999999
0.00064687499999999999
0.00064687499999999999
0.00064687499999999999
0.00064687499999999999
0.00064687499999999999
0.00064687499999999999
0.00064687499999999999
0.00064687499999999999
0.00064687499999999999
0.00064687499999999999
0.00064687499999999999
0.00064687499999999999
0.00064687499999999999
0.00064687499999999999
0.00064687499999999999
0.00064687499999999999
0.00064687499999999999
0.00064687499999999999
0.00064687499999999999
0.00064687499999999999
0.00064687499999999999
0.00064687499999999999
0.00064687499999999999
0.00064687499999999999
0.00064687499999999999
0.00064687499999999999
0.00064687499999999999
0.00064687499999999999
0.00064687499999999999
0.00064687499999999999
0.00064687499999999999
0.00064687499999999999
0.00064687499999999999
0.00064687499999999999
0.00064687499999999999
0.00074390624999999999
0.00074390624999999999
0.00074390624999999999
0.00074390624999999999
0.00074390624999999999
0.00074390624999999999
0.00074390624999999999
0.00074390624999999999
0.00074390624999999999
0.00074390624999999999
0.00074390624999999999
0.00074390624999999999
0.00074390624999999999
0.00074390624999999999
0.00074390624999999999
0.00074390624999999999
0.00074390624999999999
0.00074390624999999999
0.00074390624999999999
0.00074390624999999999
0.00074390624999999999
0.00074390624999999999
0.00074390624999999999
0.00074390624999999999
0.00074390624999999999
0.00074390624999999999
0.00074390624999999999
0.00074390624999999999
0.00074390624999999999
0.00074390624999999999
0.00074390624999999999
0.00074390624999999999
0.00074390624999999999
0.00074390624999999999
0.00074390624999999999
0.00074390624999999999
0.00074390624999999999
0.00074390624999999999
0.00074390624999999999
0.00074390624999999999
0.00074390624999999999
0.00074390624999999999
0.00074390624999999999
0.00074390624999999999
0.00074390624999999999
0.00074390624999999999
0.00074390624999999999
0.00074390624999999999
0.00074390624999999999
0.00074390624999999999
0.00074390624999999999
0.00074390624999999999
0.00074390624999999999
0.00074390624999999999
0.00074390624999999999
0.00074390624999999999
0.00074390624999999999
0.00074390624999999999
0.00074390624999999999
0.00074390624999999999
0.00074390625000000238
0.00074390625000000238
0.00074390625000000238
0.00074390625000000238
0.00074390625000000238
0.00074390625000000238
0.00074390625000000238
0.00074390625000000238
0.00074390625000000238
0.00074390625000000238
0.00074390625000000238
0.00074390625000000238
0.00074390625000000238
0.00074390625000000238
0.00074390625000000238
0.00074390625000000238
0.00074390625000000238
0.00074390625000000238
0.00074390625000000238
0.00074390625000000238
0.00074390625000000238
0.00074390625000000238
0.00074390625000000238
0.00074390625000000238
0.00074390625000000238
0.00074390625000000238
0.00074390625000000238
0.00074390625000000238
0.00074390625000000238
0.00074390625000000238
0.00074390625000000238
0.00074390625000000238
0.00074390625000000238
0.00074390625000000238
0.00074390625000000238
0.00074390625000000238
0.00074390625000000238
0.00074390625000000238
0.00074390625000000238
0.00074390625000000238
0.00074390625000000238
0.00074390625000000238
0.00074390625000000238
0.00074390625000000238
0.00074390625000000238
0.00074390625000000238
0.00074390625000000238
0.00074390625000000238
0.00074390625000000238
0.00074390625000000238
0.00074390625000000238
0.00074390625000000238
0.00074390625000000238
0.00074390625000000238
0.00074390625000000238
0.00074390625000000238
0.00074390625000000238
0.00074390625000000238
0.00074390625000000238
0.00074390625000000238
0.00049593750000000159
0.00049593750000000159
0.00049593750000000159
0.00049593750000000159
0.00049593750000000159
0.00049593750000000159
0.00049593750000000159
0.00049593750000000159
0.00049593750000000159
0.00049593750000000159
0.00049593750000000159
0.00049593750000000159
0.00049593750000000159
0.00049593750000000159
0.00049593750000000159
0.00049593750000000159
0.00049593750000000159
0.00049593750000000159
0.00049593750000000159
0.00049593750000000159
0.00049593750000000159
0.00049593750000000159
0.00049593750000000159
0.00049593750000000159
0.00049593750000000159
0.00049593750000000159
0.00049593750000000159
0.00049593750000000159
0.00049593750000000159
0.00049593750000000159
0.00049593750000000159
0.00049593750000000159
0.00049593750000000159
0.00049593750000000159
0.00049593750000000159
0.00049593750000000159
0.00049593750000000159
0.00049593750000000159
0.00049593750000000159
0.00049593750000000159
0.00049593750000000159
0.00049593750000000159
0.00049593750000000159
0.00049593750000000159
0.00049593750000000159
0.00049593750000000159
0.00049593750000000159
0.00049593750000000159
0.00049593750000000159
0.00049593750000000159
0.00049593750000000159
0.00049593750000000159
0.00049593750000000159
0.00049593750000000159
0.00049593750000000159
0.00049593750000000159
0.00049593750000000159
0.00049593750000000159
0.00049593750000000159
0.00049593750000000159
0.00049593750000000159
0.00049593750000000159
0.00049593750000000159
0.00049593750000000159
0.00049593750000000159
0.00049593750000000159
0.00049593750000000159
0.00049593750000000159
0.00049593750000000159
0.00049593750000000159
0.00049593750000000159
0.00049593750000000159
0.00049593750000000159
0.00049593750000000159
0.00049593750000000159
0.00049593750000000159
0.00049593750000000159
0.00049593750000000159
0.00049593750000000159
0.00049593750000000159
0.00049593750000000159
0.00049593750000000159
0.00049593750000000159
0.00049593750000000159
0.00049593750000000159
0.00049593750000000159
0.00049593750000000159
0.00049593750000000159
0.00049593750000000159
0.00049593750000000159
0.00049593750000000159
0.00049593750000000159
0.00049593750000000159
0.00049593750000000159
0.00049593750000000159
0.00049593750000000159
0.00049593750000000159
0.00049593750000000159
0.00049593750000000159
0.00049593750000000159
0.00049593750000000159
0.00049593750000000159
0.00049593750000000159
0.00049593750000000159
0.00049593750000000159
0.00049593750000000159
0.00049593750000000159
0.00049593750000000159
0.00049593750000000159
0.00049593750000000159
0.00049593750000000159
0.00049593750000000159
0.00049593750000000159
0.00049593750000000159
0.00049593750000000159
0.00049593750000000159
0.00049593750000000159
0.00049593750000000159
0.00049593750000000159
0.00049593750000000159
0.00049593750000000159
0.00049593750000000159
0.00049593750000000159
0.00049593750000000159
0.00049593750000000159
0.00049593750000000159
0.00049593750000000159
0.00049593750000000159
0.00049593750000000159
0.00049593750000000159
0.00049593750000000159
0.00049593750000000159
0.00049593750000000159
0.00049593750000000159
0.00049593750000000159
0.00049593750000000159
0.00049593750000000159
0.00049593750000000159
0.00049593750000000159
0.00049593750000000159
0.00049593750000000159
0.00049593750000000159
0.00049593750000000159
0.00049593750000000159
0.00049593750000000159
0.00049593750000000159
0.00049593750000000159
0.00049593750000000159
0.00049593750000000159
0.00049593750000000159
0.00049593750000000159
0.00049593750000000159
0.00049593750000000159
0.00049593750000000159
0.00049593750000000159
0.00049593750000000159
0.00049593750000000159
0.00049593750000000159
0.00049593750000000159
0.00049593750000000159
0.00049593750000000159
0.00049593750000000159
0.00049593750000000159
0.00049593750000000159
0.00049593750000000159
0.00049593750000000159
0.00049593750000000159
0.00049593750000000159
0.00049593750000000159
0.00049593750000000159
0.00049593750000000159
0.00049593750000000159
0.00049593750000000159
0.00049593750000000159
0.00049593750000000159
0.00049593750000000159
0.00049593750000000159
0.00049593750000000159
0.00049593750000000159
0.00049593750000000159
0.00049593750000000159
0.00049593750000000159
0.00049593750000000159
0.00049593750000000159
0.00049593750000000159
0.00049593750000000159
0.00049593750000000159
0.00049593750000000159
0.00049593750000000159
0.00049593750000000159
0.00049593750000000159
0.00049593750000000159
0.00049593750000000159
0.00049593750000000159
0.00049593750000000159
0.00049593750000000159
0.00049593750000000159
0.00049593750000000159
0.00049593750000000159
0.00049593750000000159
0.00074390624999999999
0.00074390624999999999
0.00074390624999999999
0.00074390624999999999
0.00074390624999999999
0.00074390624999999999
0.00074390624999999999
0.00074390624999999999
0.00074390624999999999
0.00074390624999999999
0.00074390624999999999
0.00074390624999999999
0.00074390624999999999
0.00074390624999999999
0.00074390624999999999
0.00074390624999999999
0.00074390624999999999
0.00074390624999999999
0.00074390624999999999
0.00074390624999999999
0.00074390624999999999
0.00074390624999999999
0.00074390624999999999
0.00074390624999999999
0.00074390624999999999
0.00074390624999999999
0.00074390624999999999
0.00074390624999999999
0.00074390624999999999
0.00074390624999999999
0.00074390624999999999
0.00074390624999999999
0.00074390624999999999
0.00074390624999999999
0.00074390624999999999
0.00074390624999999999
0.00074390624999999999
0.00074390624999999999
0.00074390624999999999
0.00074390624999999999
0.00074390624999999999
0.00074390624999999999
0.00074390624999999999
0.00074390624999999999
0.00074390624999999999
0.00074390624999999999
0.00074390624999999999
0.00074390624999999999
0.00074390624999999999
0.00074390624999999999
0.00074390624999999999
0.00074390624999999999
0.00074390624999999999
0.00074390624999999999
0.00074390624999999999
0.00074390624999999999
0.00074390624999999999
0.00074390624999999999
0.00074390624999999999
0.00074390624999999999
0.00085549218749999981
0.00085549218749999981
0.00085549218749999981
0.00085549218749999981
0.00085549218749999981
0.00085549218749999981
0.00085549218749999981
0.00085549218749999981
0.00085549218749999981
0.00085549218749999981
0.00085549218749999981
0.00085549218749999981
0.00085549218749999981
0.00085549218749999981
0.00085549218749999981
0.00085549218749999981
0.00085549218749999981
0.00085549218749999981
0.00085549218749999981
0.00085549218749999981
0.00085549218749999981
0.00085549218749999981
0.00085549218749999981
0.00085549218749999981
0.00085549218749999981
0.00085549218749999981
0.00085549218749999981
0.00085549218749999981
0.00085549218749999981
0.00085549218749999981
0.00085549218749999981
0.00085549218749999981
0.00085549218749999981
0.00085549218749999981
0.00085549218749999981
0.00085549218749999981
0.00085549218749999981
0.00085549218749999981
0.00085549218749999981
0.00085549218749999981
0.00085549218749999981
0.00085549218749999981
0.00085549218749999981
0.00085549218749999981
0.00085549218749999981
0.00085549218749999981
0.00085549218749999981
0.00085549218749999981
0.00085549218749999981
0.00085549218749999981
0.00085549218749999981
0.00085549218749999981
0.00085549218749999981
0.00085549218749999981
0.00085549218749999981
0.00085549218749999981
0.00085549218749999981
0.00085549218749999981
0.00085549218750000794
0.00085549218750000794
0.00085549218750000794
0.00085549218750000794
0.00085549218750000794
0.00085549218750000794
0.00085549218750000794
0.00085549218750000794
0.00085549218750000794
0.00085549218750000794
0.00085549218750000794
0.00085549218750000794
0.00085549218750000794
0.00085549218750000794
0.00085549218750000794
0.00085549218750000794
0.00085549218750000794
0.00085549218750000794
0.00085549218750000794
0.00085549218750000794
0.00085549218750000794
0.00085549218750000794
0.00085549218750000794
0.00085549218750000794
0.00085549218750000794
0.00085549218750000794
0.00085549218750000794
0.00085549218750000794
0.00085549218750000794
0.00085549218750000794
0.00085549218750000794
0.00085549218750000794
0.00085549218750000794
0.00085549218750000794
0.00085549218750000794
0.00085549218750000794
0.00085549218750000794
0.00085549218750000794
0.00085549218750000794
0.00085549218750000794
0.00085549218750000794
0.00085549218750000794
0.00085549218750000794
0.00085549218750000794
0.00085549218750000794
0.00085549218750000794
0.00085549218750000794
0.00085549218750000794
0.00085549218750000794
0.00085549218750000794
0.00085549218750000794
0.00085549218750000794
0.00085549218750000794
0.00085549218750000794
0.00085549218750000794
0.00085549218750000794
0.00085549218750000794
0.00085549218750000794
0.00057032812500000529
0.00057032812500000529
0.00057032812500000529
0.00057032812500000529
0.00057032812500000529
0.00057032812500000529
0.00057032812500000529
0.00057032812500000529
0.00057032812500000529
0.00057032812500000529
0.00057032812500000529
0.00057032812500000529
0.00057032812500000529
0.00057032812500000529
0.00057032812500000529
0.00057032812500000529
0.00057032812500000529
0.00057032812500000529
0.00057032812500000529
0.00057032812500000529
0.00057032812500000529
0.00057032812500000529
0.00057032812500000529
0.00057032812500000529
0.00057032812500000529
0.00057032812500000529
0.00057032812499999835
0.00057032812499999835
0.00057032812499999835
0.00057032812499999835
0.00057032812499999835
0.00057032812499999835
0.00057032812499999835
0.00057032812499999835
0.00057032812499999835
0.00057032812499999835
0.00057032812499999835
0.00057032812499999835
0.00057032812499999835
0.00057032812499999835
0.00057032812499999835
0.00057032812499999835
0.00057032812499999835
0.00057032812499999835
0.00057032812499999835
0.00057032812499999835
0.00057032812499999835
0.00057032812499999835
0.00057032812499999835
0.00057032812499999835
0.00057032812499999835
0.00057032812499999835
0.00057032812499999835
0.00057032812499999835
0.00057032812499999835
0.00057032812499999835
0.00057032812499999835
0.00057032812499999835
0.00057032812499999835
0.00057032812499999835
0.00057032812499999835
0.00057032812499999835
0.00057032812499999835
0.00057032812499999835
0.00057032812499999835
0.00057032812499999835
0.00057032812499999835
0.00057032812499999835
0.00057032812499999835
0.00057032812499999835
0.00057032812499999835
0.00057032812499999835
0.00057032812499999835
0.00057032812499999835
0.00057032812499999835
0.00057032812499999835
0.00057032812499999835
0.00057032812499999835
0.00057032812499999835
0.00057032812499999835
0.00057032812499999835
0.00057032812499999835
0.00057032812499999835
0.00057032812499999835
0.00057032812499999835
0.00057032812499999835
0.00057032812499999835
0.00057032812499999835
0.00057032812499999835
0.00057032812499999835
0.00057032812499999835
0.00057032812499999835
0.00057032812499999835
0.00057032812499999835
0.00057032812499999835
0.00057032812499999835
0.00057032812499999835
0.00057032812499999835
0.00057032812499999835
0.00057032812499999835
0.00057032812499999835
0.00057032812499999835
0.00057032812499999835
0.00057032812499999835
0.00057032812499999835
0.00057032812499999835
0.00057032812499999835
0.00057032812499999835
0.00057032812499999835
0.00057032812499999835
0.00057032812499999835
0.00057032812499999835
0.00057032812499999835
0.00057032812499999835
0.00057032812499999835
0.00057032812499999835
0.00057032812499999835
0.00057032812499999835
0.00057032812499999835
0.00057032812499999835
0.00057032812499999835
0.00057032812499999835
0.00057032812499999835
0.00057032812499999835
0.00057032812499999835
0.00057032812499999835
0.00057032812499999835
0.00057032812499999835
0.00057032812499999835
0.00057032812499999835
0.00057032812499999835
0.00057032812499999835
0.00057032812499999835
0.00057032812499999835
0.00057032812499999835
0.00057032812499999835
0.00057032812499999835
0.00057032812499999835
0.00057032812499999835
0.00057032812499999835
0.00057032812499999835
0.00057032812499999835
0.00057032812499999835
0.00057032812499999835
0.00057032812499999835
0.00057032812499999835
0.00057032812499999835
0.00057032812499999835
0.00057032812499999835
0.00057032812499999835
0.00057032812499999835
0.00057032812499999835
0.00057032812499999835
0.00057032812499999835
0.00057032812499999835
0.00057032812499999835
0.00057032812499999835
0.00057032812499999835
0.00057032812499999835
0.00057032812499999835
0.00057032812499999835
0.00057032812499999835
0.00057032812499999835
0.00057032812499999835
0.00057032812500000529
0.00057032812500000529
0.00057032812500000529
0.00057032812500000529
0.00057032812500000529
0.00057032812500000529
0.00057032812500000529
0.00057032812500000529
0.00057032812500000529
0.00057032812500000529
0.00057032812500000529
0.00057032812500000529
0.00057032812500000529
0.00057032812500000529
0.00057032812500000529
0.00057032812500000529
0.00057032812500000529
0.00057032812500000529
0.00057032812500000529
0.00057032812500000529
0.00057032812500000529
0.00057032812500000529
0.00057032812500000529
0.00057032812500000529
0.00057032812500000529
0.00057032812500000529
0.00085549218749999981
0.00085549218749999981
0.00085549218749999981
0.00085549218749999981
0.00085549218749999981
0.00085549218749999981
0.00085549218749999981
0.00085549218749999981
0.00085549218749999981
0.00085549218749999981
0.00085549218749999981
0.00085549218749999981
0.00085549218749999981
0.00085549218749999981
0.00085549218749999981
0.00085549218749999981
0.00085549218749999981
0.00085549218749999981
0.00085549218749999981
0.00085549218749999981
0.00085549218749999981
0.00085549218749999981
0.00085549218749999981
0.00085549218749999981
0.00085549218749999981
0.00085549218749999981
0.00085549218749999981
0.00085549218749999981
0.00085549218749999981
0.00085549218749999981
0.00085549218749999981
0.00085549218749999981
0.00085549218749999981
0.00085549218749999981
0.00085549218749999981
0.00085549218749999981
0.00085549218749999981
0.00085549218749999981
0.00085549218749999981
0.00085549218749999981
0.00085549218749999981
0.00085549218749999981
0.00085549218749999981
0.00085549218749999981
0.00085549218749999981
0.00085549218749999981
0.00085549218749999981
0.00085549218749999981
0.00085549218749999981
0.00085549218749999981
0.00085549218749999981
0.00085549218749999981
0.00085549218749999981
0.00085549218749999981
0.00085549218749999981
0.00085549218749999981
0.00085549218749999981
0.00085549218749999981
