# vtk DataFile Version 3.0
cartmesh2d H4-2 conformal hybrid mesh
ASCII
DATASET UNSTRUCTURED_GRID
POINTS 3947 double
-1 -1 0
-1 -0.625 0
-1 -0.25 0
-1 -0.0625 0
-1 0.125 0
-1 0.3125 0
-1 0.5 0
-1 0.6875 0
-1 0.875 0
-1 1.0625 0
-1 1.25 0
-1 1.625 0
-1 2 0
-0.745 -0.25 0
-0.745 -0.0625 0
-0.745 0.125 0
-0.745 0.3125 0
-0.745 0.5 0
-0.745 0.6875 0
-0.745 0.875 0
-0.745 1.0625 0
-0.745 1.25 0
-0.48999999999999999 -1 0
-0.48999999999999999 -0.625 0
-0.48999999999999999 -0.4375 0
-0.48999999999999999 -0.25 0
-0.48999999999999999 -0.0625 0
-0.48999999999999999 0.03125 0
-0.48999999999999999 0.125 0
-0.48999999999999999 0.21875 0
-0.48999999999999999 0.3125 0
-0.48999999999999999 0.40625 0
-0.48999999999999999 0.5 0
-0.48999999999999999 0.59375 0
-0.48999999999999999 0.6875 0
-0.48999999999999999 0.78125 0
-0.48999999999999999 0.875 0
-0.48999999999999999 0.96875 0
-0.48999999999999999 1.0625 0
-0.48999999999999999 1.25 0
-0.48999999999999999 1.4375 0
-0.48999999999999999 1.625 0
-0.48999999999999999 2 0
-0.36249999999999999 -0.0625 0
-0.36249999999999999 0.03125 0
-0.36249999999999999 0.125 0
-0.36249999999999999 0.171875 0
-0.36249999999999999 0.21875 0
-0.36249999999999999 0.265625 0
-0.36249999999999999 0.3125 0
-0.36249999999999999 0.359375 0
-0.36249999999999999 0.40625 0
-0.36249999999999999 0.453125 0
-0.36249999999999999 0.5 0
-0.36249999999999999 0.546875 0
-0.36249999999999999 0.59375 0
-0.36249999999999999 0.640625 0
-0.36249999999999999 0.6875 0
-0.36249999999999999 0.734375 0
-0.36249999999999999 0.78125 0
-0.36249999999999999 0.828125 0
-0.36249999999999999 0.875 0
-0.36249999999999999 0.96875 0
-0.36249999999999999 1.0625 0
-0.29874999999999996 0.125 0
-0.29874999999999996 0.171875 0
-0.29874999999999996 0.21875 0
-0.29874999999999996 0.265625 0
-0.29874999999999996 0.3125 0
-0.29874999999999996 0.359375 0
-0.29874999999999996 0.40625 0
-0.29874999999999996 0.453125 0
-0.29874999999999996 0.5 0
-0.29874999999999996 0.546875 0
-0.29874999999999996 0.59375 0
-0.29874999999999996 0.640625 0
-0.29874999999999996 0.6875 0
-0.29874999999999996 0.734375 0
-0.29874999999999996 0.78125 0
-0.29874999999999996 0.828125 0
-0.29874999999999996 0.875 0
-0.23499999999999999 -0.625 0
-0.23499999999999999 -0.4375 0
-0.23499999999999999 -0.25 0
-0.23499999999999999 -0.15625 0
-0.23499999999999999 -0.0625 0
-0.23499999999999999 -0.015625 0
-0.23499999999999999 0.03125 0
-0.23499999999999999 0.078125 0
-0.23499999999999999 0.125 0
-0.23499999999999999 0.171875 0
-0.23499999999999999 0.1953125 0
-0.23499999999999999 0.21875 0
-0.23499999999999999 0.2421875 0
-0.23499999999999999 0.265625 0
-0.23499999999999999 0.2890625 0
-0.23499999999999999 0.3125 0
-0.23499999999999999 0.3359375 0
-0.23499999999999999 0.359375 0
-0.23499999999999999 0.3828125 0
-0.23499999999999999 0.40625 0
-0.23499999999999999 0.4296875 0
-0.23499999999999999 0.453125 0
-0.23499999999999999 0.4765625 0
-0.23499999999999999 0.5 0
-0.23499999999999999 0.5234375 0
-0.23499999999999999 0.546875 0
-0.23499999999999999 0.5703125 0
-0.23499999999999999 0.59375 0
-0.23499999999999999 0.6171875 0
-0.23499999999999999 0.640625 0
-0.23499999999999999 0.6640625 0
-0.23499999999999999 0.6875 0
-0.23499999999999999 0.7109375 0
-0.23499999999999999 0.734375 0
-0.23499999999999999 0.7578125 0
-0.23499999999999999 0.78125 0
-0.23499999999999999 0.8046875 0
-0.23499999999999999 0.828125 0
-0.23499999999999999 0.875 0
-0.23499999999999999 0.921875 0
-0.23499999999999999 0.96875 0
-0.23499999999999999 1.015625 0
-0.23499999999999999 1.0625 0
-0.23499999999999999 1.15625 0
-0.23499999999999999 1.25 0
-0.23499999999999999 1.4375 0
-0.23499999999999999 1.625 0
-0.203125 0.171875 0
-0.203125 0.1953125 0
-0.203125 0.21875 0
-0.203125 0.2421875 0
-0.203125 0.265625 0
-0.203125 0.2890625 0
-0.203125 0.3125 0
-0.203125 0.3359375 0
-0.203125 0.359375 0
-0.203125 0.3828125 0
-0.203125 0.40625 0
-0.203125 0.4296875 0
-0.203125 0.453125 0
-0.203125 0.4765625 0
-0.203125 0.5 0
-0.203125 0.5234375 0
-0.203125 0.546875 0
-0.203125 0.5703125 0
-0.203125 0.59375 0
-0.203125 0.6171875 0
-0.203125 0.640625 0
-0.203125 0.6640625 0
-0.203125 0.6875 0
-0.203125 0.7109375 0
-0.203125 0.734375 0
-0.203125 0.7578125 0
-0.203125 0.78125 0
-0.203125 0.8046875 0
-0.203125 0.828125 0
-0.17124999999999999 -0.0625 0
-0.17124999999999999 -0.015625 0
-0.17124999999999999 0.03125 0
-0.17124999999999999 0.078125 0
-0.17124999999999999 0.1015625 0
-0.17124999999999999 0.125 0
-0.17124999999999999 0.1484375 0
-0.17124999999999999 0.171875 0
-0.17124999999999999 0.18359375 0
-0.17124999999999999 0.1953125 0
-0.17124999999999999 0.20703125 0
-0.17124999999999999 0.21875 0
-0.17124999999999999 0.23046875 0
-0.17124999999999999 0.2421875 0
-0.17124999999999999 0.25390625 0
-0.17124999999999999 0.265625 0
-0.17124999999999999 0.27734375 0
-0.17124999999999999 0.2890625 0
-0.17124999999999999 0.30078125 0
-0.17124999999999999 0.3125 0
-0.17124999999999999 0.32421875 0
-0.17124999999999999 0.3359375 0
-0.17124999999999999 0.34765625 0
-0.17124999999999999 0.359375 0
-0.17124999999999999 0.37109375 0
-0.17124999999999999 0.3828125 0
-0.17124999999999999 0.39453125 0
-0.17124999999999999 0.40625 0
-0.17124999999999999 0.41796875 0
-0.17124999999999999 0.4296875 0
-0.17124999999999999 0.44140625 0
-0.17124999999999999 0.453125 0
-0.17124999999999999 0.46484375 0
-0.17124999999999999 0.4765625 0
-0.17124999999999999 0.48828125 0
-0.17124999999999999 0.5 0
-0.17124999999999999 0.51171875 0
-0.17124999999999999 0.5234375 0
-0.17124999999999999 0.53515625 0
-0.17124999999999999 0.546875 0
-0.17124999999999999 0.55859375 0
-0.17124999999999999 0.5703125 0
-0.17124999999999999 0.58203125 0
-0.17124999999999999 0.59375 0
-0.17124999999999999 0.60546875 0
-0.17124999999999999 0.6171875 0
-0.17124999999999999 0.62890625 0
-0.17124999999999999 0.640625 0
-0.17124999999999999 0.65234375 0
-0.17124999999999999 0.6640625 0
-0.17124999999999999 0.67578125 0
-0.17124999999999999 0.6875 0
-0.17124999999999999 0.69921875 0
-0.17124999999999999 0.7109375 0
-0.17124999999999999 0.72265625 0
-0.17124999999999999 0.734375 0
-0.17124999999999999 0.74609375 0
-0.17124999999999999 0.7578125 0
-0.17124999999999999 0.76953125 0
-0.17124999999999999 0.78125 0
-0.17124999999999999 0.79296875 0
-0.17124999999999999 0.8046875 0
-0.17124999999999999 0.81640625 0
-0.17124999999999999 0.828125 0
-0.17124999999999999 0.8515625 0
-0.17124999999999999 0.875 0
-0.17124999999999999 0.8984375 0
-0.17124999999999999 0.921875 0
-0.17124999999999999 0.96875 0
-0.17124999999999999 1.015625 0
-0.17124999999999999 1.0625 0
-0.15531249999999999 0.171875 0
-0.15531249999999999 0.18359375 0
-0.15531249999999999 0.1953125 0
-0.15531249999999999 0.20703125 0
-0.15531249999999999 0.21875 0
-0.15531249999999999 0.23046875 0
-0.15531249999999999 0.2421875 0
-0.15531249999999999 0.25390625 0
-0.15531249999999999 0.265625 0
-0.15531249999999999 0.27734375 0
-0.15531249999999999 0.2890625 0
-0.15531249999999999 0.30078125 0
-0.15531249999999999 0.3125 0
-0.15531249999999999 0.32421875 0
-0.15531249999999999 0.3359375 0
-0.15531249999999999 0.34765625 0
-0.15531249999999999 0.359375 0
-0.15531249999999999 0.37109375 0
-0.15531249999999999 0.3828125 0
-0.15531249999999999 0.39453125 0
-0.15531249999999999 0.40625 0
-0.15531249999999999 0.41796875 0
-0.15531249999999999 0.4296875 0
-0.15531249999999999 0.44140625 0
-0.15531249999999999 0.453125 0
-0.15531249999999999 0.46484375 0
-0.15531249999999999 0.4765625 0
-0.15531249999999999 0.48828125 0
-0.15531249999999999 0.5 0
-0.15531249999999999 0.51171875 0
-0.15531249999999999 0.5234375 0
-0.15531249999999999 0.53515625 0
-0.15531249999999999 0.546875 0
-0.15531249999999999 0.55859375 0
-0.15531249999999999 0.5703125 0
-0.15531249999999999 0.58203125 0
-0.15531249999999999 0.59375 0
-0.15531249999999999 0.60546875 0
-0.15531249999999999 0.6171875 0
-0.15531249999999999 0.62890625 0
-0.15531249999999999 0.640625 0
-0.15531249999999999 0.65234375 0
-0.15531249999999999 0.6640625 0
-0.15531249999999999 0.67578125 0
-0.15531249999999999 0.6875 0
-0.15531249999999999 0.69921875 0
-0.15531249999999999 0.7109375 0
-0.15531249999999999 0.72265625 0
-0.15531249999999999 0.734375 0
-0.15531249999999999 0.74609375 0
-0.15531249999999999 0.7578125 0
-0.15531249999999999 0.76953125 0
-0.15531249999999999 0.78125 0
-0.15531249999999999 0.79296875 0
-0.15531249999999999 0.8046875 0
-0.15531249999999999 0.81640625 0
-0.15531249999999999 0.828125 0
-0.15030610124999996 0.1875 0
-0.15030610124999996 0.1953125 0
-0.15030610124999996 0.20703125 0
-0.15030610124999996 0.21875 0
-0.15030610124999996 0.23046875 0
-0.15030610124999996 0.2421875 0
-0.15030610124999996 0.25 0
-0.15030610124999996 0.25390625 0
-0.15030610124999996 0.265625 0
-0.15030610124999996 0.27734375 0
-0.15030610124999996 0.28125 0
-0.15030610124999996 0.2890625 0
-0.15030610124999996 0.30078125 0
-0.15030610124999996 0.3125 0
-0.15030610124999996 0.32421875 0
-0.15030610124999996 0.3359375 0
-0.15030610124999996 0.34375 0
-0.15030610124999996 0.34765625 0
-0.15030610124999996 0.359375 0
-0.15030610124999996 0.37109375 0
-0.15030610124999996 0.375 0
-0.15030610124999996 0.3828125 0
-0.15030610124999996 0.39453125 0
-0.15030610124999996 0.40625 0
-0.15030610124999996 0.41796875 0
-0.15030610124999996 0.4296875 0
-0.15030610124999996 0.4375 0
-0.15030610124999996 0.44140625 0
-0.15030610124999996 0.453125 0
-0.15030610124999996 0.46484375 0
-0.15030610124999996 0.46875 0
-0.15030610124999996 0.4765625 0
-0.15030610124999996 0.48828125 0
-0.15030610124999996 0.5 0
-0.15030610124999996 0.51171875 0
-0.15030610124999996 0.5234375 0
-0.15030610124999996 0.53125 0
-0.15030610124999996 0.53515625 0
-0.15030610124999996 0.546875 0
-0.15030610124999996 0.55859375 0
-0.15030610124999996 0.5625 0
-0.15030610124999996 0.5703125 0
-0.15030610124999996 0.58203125 0
-0.15030610124999996 0.59375 0
-0.15030610124999996 0.60546875 0
-0.15030610124999996 0.6171875 0
-0.15030610124999996 0.625 0
-0.15030610124999996 0.62890625 0
-0.15030610124999996 0.640625 0
-0.15030610124999996 0.65234375 0
-0.15030610124999996 0.65625 0
-0.15030610124999996 0.6640625 0
-0.15030610124999996 0.67578125 0
-0.15030610124999996 0.6875 0
-0.15030610124999996 0.69921875 0
-0.15030610124999996 0.7109375 0
-0.15030610124999996 0.71875 0
-0.15030610124999996 0.72265625 0
-0.15030610124999996 0.734375 0
-0.15030610124999996 0.74609375 0
-0.15030610124999996 0.75 0
-0.15030610124999996 0.7578125 0
-0.15030610124999996 0.76953125 0
-0.15030610124999996 0.78125 0
-0.15030610124999996 0.79296875 0
-0.15030610124999996 0.8046875 0
-0.15030610124999996 0.8125 0
-0.13937499999999997 0.078125 0
-0.13937499999999997 0.1015625 0
-0.13937499999999997 0.125 0
-0.13937499999999997 0.1484375 0
-0.13937499999999997 0.171875 0
-0.13937499999999997 0.18359375 0
-0.13937499999999997 0.1875 0
-0.13937499999999997 0.8125 0
-0.13937499999999997 0.81640625 0
-0.13937499999999997 0.828125 0
-0.13937499999999997 0.8515625 0
-0.13937499999999997 0.875 0
-0.13937499999999997 0.8984375 0
-0.13937499999999997 0.921875 0
-0.12343749999999998 0.171875 0
-0.12343749999999998 0.18359375 0
-0.12343749999999998 0.1875 0
-0.12343749999999998 0.8125 0
-0.12343749999999998 0.81640625 0
-0.12343749999999998 0.828125 0
-0.10749999999999998 -0.25 0
-0.10749999999999998 -0.15625 0
-0.10749999999999998 -0.109375 0
-0.10749999999999998 -0.0625 0
-0.10749999999999998 -0.015625 0
-0.10749999999999998 0.0078125 0
-0.10749999999999998 0.03125 0
-0.10749999999999998 0.0546875 0
-0.10749999999999998 0.078125 0
-0.10749999999999998 0.1015625 0
-0.10749999999999998 0.11328125 0
-0.10749999999999998 0.125 0
-0.10749999999999998 0.13671875 0
-0.10749999999999998 0.1484375 0
-0.10749999999999998 0.16015625 0
-0.10749999999999998 0.83984375 0
-0.10749999999999998 0.8515625 0
-0.10749999999999998 0.86328125 0
-0.10749999999999998 0.875 0
-0.10749999999999998 0.88671875 0
-0.10749999999999998 0.8984375 0
-0.10749999999999998 0.921875 0
-0.10749999999999998 0.9453125 0
-0.10749999999999998 0.96875 0
-0.10749999999999998 0.9921875 0
-0.10749999999999998 1.015625 0
-0.10749999999999998 1.0625 0
-0.10749999999999998 1.109375 0
-0.10749999999999998 1.15625 0
-0.10749999999999998 1.25 0
-0.10645927499999999 0.15625 0
-0.10645927499999999 0.16015625 0
-0.10645927499999999 0.171875 0
-0.10645927499999999 0.18359375 0
-0.10645927499999999 0.1875 0
-0.10645927499999999 0.21875 0
-0.10645927499999999 0.25 0
-0.10645927499999999 0.28125 0
-0.10645927499999999 0.3125 0
-0.10645927499999999 0.34375 0
-0.10645927499999999 0.375 0
-0.10645927499999999 0.40625 0
-0.10645927499999999 0.4375 0
-0.10645927499999999 0.46875 0
-0.10645927499999999 0.5 0
-0.10645927499999999 0.53125 0
-0.10645927499999999 0.5625 0
-0.10645927499999999 0.59375 0
-0.10645927499999999 0.625 0
-0.10645927499999999 0.65625 0
-0.10645927499999999 0.6875 0
-0.10645927499999999 0.71875 0
-0.10645927499999999 0.75 0
-0.10645927499999999 0.78125 0
-0.10645927499999999 0.8125 0
-0.10645927499999999 0.81640625 0
-0.10645927499999999 0.828125 0
-0.10645927499999999 0.83984375 0
-0.10645927499999999 0.84375 0
-0.091562499999999991 0.1015625 0
-0.091562499999999991 0.11328125 0
-0.091562499999999991 0.125 0
-0.091562499999999991 0.13671875 0
-0.091562499999999991 0.1484375 0
-0.091562499999999991 0.15625 0
-0.091562499999999991 0.84375 0
-0.091562499999999991 0.8515625 0
-0.091562499999999991 0.86328125 0
-0.091562499999999991 0.875 0
-0.091562499999999991 0.88671875 0
-0.091562499999999991 0.8984375 0
-0.07817099999999999 0.125 0
-0.07817099999999999 0.13671875 0
-0.07817099999999999 0.1484375 0
-0.07817099999999999 0.15625 0
-0.07817099999999999 0.1875 0
-0.07817099999999999 0.21875 0
-0.07817099999999999 0.25 0
-0.07817099999999999 0.28125 0
-0.07817099999999999 0.3125 0
-0.07817099999999999 0.34375 0
-0.07817099999999999 0.375 0
-0.07817099999999999 0.40625 0
-0.07817099999999999 0.4375 0
-0.07817099999999999 0.46875 0
-0.07817099999999999 0.5 0
-0.07817099999999999 0.53125 0
-0.07817099999999999 0.5625 0
-0.07817099999999999 0.59375 0
-0.07817099999999999 0.625 0
-0.07817099999999999 0.65625 0
-0.07817099999999999 0.6875 0
-0.07817099999999999 0.71875 0
-0.07817099999999999 0.75 0
-0.07817099999999999 0.78125 0
-0.07817099999999999 0.8125 0
-0.07817099999999999 0.84375 0
-0.07817099999999999 0.8515625 0
-0.07817099999999999 0.86328125 0
-0.07817099999999999 0.875 0
-0.075624999999999984 -0.015625 0
-0.075624999999999984 0.0078125 0
-0.075624999999999984 0.03125 0
-0.075624999999999984 0.0546875 0
-0.075624999999999984 0.078125 0
-0.075624999999999984 0.08984375 0
-0.075624999999999984 0.1015625 0
-0.075624999999999984 0.11328125 0
-0.075624999999999984 0.125 0
-0.075624999999999984 0.875 0
-0.075624999999999984 0.88671875 0
-0.075624999999999984 0.8984375 0
-0.075624999999999984 0.91015625 0
-0.075624999999999984 0.921875 0
-0.075624999999999984 0.9453125 0
-0.075624999999999984 0.96875 0
-0.075624999999999984 0.9921875 0
-0.075624999999999984 1.015625 0
-0.059920499999999995 0.09375 0
-0.059920499999999995 0.1015625 0
-0.059920499999999995 0.11328125 0
-0.059920499999999995 0.125 0
-0.059920499999999995 0.15625 0
-0.059920499999999995 0.1875 0
-0.059920499999999995 0.21875 0
-0.059920499999999995 0.25 0
-0.059920499999999995 0.28125 0
-0.059920499999999995 0.3125 0
-0.059920499999999995 0.34375 0
-0.059920499999999995 0.375 0
-0.059920499999999995 0.40625 0
-0.059920499999999995 0.4375 0
-0.059920499999999995 0.46875 0
-0.059920499999999995 0.5 0
-0.059920499999999995 0.53125 0
-0.059920499999999995 0.5625 0
-0.059920499999999995 0.59375 0
-0.059920499999999995 0.625 0
-0.059920499999999995 0.65625 0
-0.059920499999999995 0.6875 0
-0.059920499999999995 0.71875 0
-0.059920499999999995 0.75 0
-0.059920499999999995 0.78125 0
-0.059920499999999995 0.8125 0
-0.059920499999999995 0.84375 0
-0.059920499999999995 0.875 0
-0.059920499999999995 0.88671875 0
-0.059920499999999995 0.8984375 0
-0.059920499999999995 0.90625 0
-0.059687499999999984 0.078125 0
-0.059687499999999984 0.08984375 0
-0.059687499999999984 0.09375 0
-0.059687499999999984 0.90625 0
-0.059687499999999984 0.91015625 0
-0.059687499999999984 0.921875 0
-0.043749999999999983 -0.15625 0
-0.043749999999999983 -0.109375 0
-0.043749999999999983 -0.0625 0
-0.043749999999999983 -0.0390625 0
-0.043749999999999983 -0.015625 0
-0.043749999999999983 -0.00390625 0
-0.043749999999999983 0.0078125 0
-0.043749999999999983 0.01953125 0
-0.043749999999999983 0.03125 0
-0.043749999999999983 0.04296875 0
-0.043749999999999983 0.0546875 0
-0.043749999999999983 0.06640625 0
-0.043749999999999983 0.078125 0
-0.043749999999999983 0.08984375 0
-0.043749999999999983 0.91015625 0
-0.043749999999999983 0.921875 0
-0.043749999999999983 0.93359375 0
-0.043749999999999983 0.9453125 0
-0.043749999999999983 0.95703125 0
-0.043749999999999983 0.96875 0
-0.043749999999999983 0.98046875 0
-0.043749999999999983 0.9921875 0
-0.043749999999999983 1.00390625 0
-0.043749999999999983 1.015625 0
-0.043749999999999983 1.0390625 0
-0.043749999999999983 1.0625 0
-0.043749999999999983 1.109375 0
-0.043749999999999983 1.15625 0
-0.041669999999999999 0.0625 0
-0.041669999999999999 0.06640625 0
-0.041669999999999999 0.078125 0
-0.041669999999999999 0.08984375 0
-0.041669999999999999 0.09375 0
-0.041669999999999999 0.125 0
-0.041669999999999999 0.15625 0
-0.041669999999999999 0.1875 0
-0.041669999999999999 0.21875 0
-0.041669999999999999 0.25 0
-0.041669999999999999 0.28125 0
-0.041669999999999999 0.3125 0
-0.041669999999999999 0.34375 0
-0.041669999999999999 0.375 0
-0.041669999999999999 0.40625 0
-0.041669999999999999 0.4375 0
-0.041669999999999999 0.46875 0
-0.041669999999999999 0.5 0
-0.041669999999999999 0.53125 0
-0.041669999999999999 0.5625 0
-0.041669999999999999 0.59375 0
-0.041669999999999999 0.625 0
-0.041669999999999999 0.65625 0
-0.041669999999999999 0.6875 0
-0.041669999999999999 0.71875 0
-0.041669999999999999 0.75 0
-0.041669999999999999 0.78125 0
-0.041669999999999999 0.8125 0
-0.041669999999999999 0.84375 0
-0.041669999999999999 0.875 0
-0.041669999999999999 0.90625 0
-0.041669999999999999 0.91015625 0
-0.041669999999999999 0.921875 0
-0.041669999999999999 0.93359375 0
-0.041669999999999999 0.9375 0
-0.027812499999999983 -0.015625 0
-0.027812499999999983 -0.00390625 0
-0.027812499999999983 0.0078125 0
-0.027812499999999983 0.01953125 0
-0.027812499999999983 0.03125 0
-0.027812499999999983 0.04296875 0
-0.027812499999999983 0.0546875 0
-0.027812499999999983 0.9453125 0
-0.027812499999999983 0.95703125 0
-0.027812499999999983 0.96875 0
-0.027812499999999983 0.98046875 0
-0.027812499999999983 0.9921875 0
-0.027812499999999983 1.00390625 0
-0.027812499999999983 1.015625 0
-0.0258 0.03125 0
-0.0258 0.04296875 0
-0.0258 0.0546875 0
-0.0258 0.0625 0
-0.0258 0.09375 0
-0.0258 0.125 0
-0.0258 0.15625 0
-0.0258 0.1875 0
-0.0258 0.21875 0
-0.0258 0.25 0
-0.0258 0.28125 0
-0.0258 0.3125 0
-0.0258 0.34375 0
-0.0258 0.375 0
-0.0258 0.40625 0
-0.0258 0.4375 0
-0.0258 0.46875 0
-0.0258 0.5 0
-0.0258 0.53125 0
-0.0258 0.5625 0
-0.0258 0.59375 0
-0.0258 0.625 0
-0.0258 0.65625 0
-0.0258 0.6875 0
-0.0258 0.71875 0
-0.0258 0.75 0
-0.0258 0.78125 0
-0.0258 0.8125 0
-0.0258 0.84375 0
-0.0258 0.875 0
-0.0258 0.90625 0
-0.0258 0.9375 0
-0.0258 0.9453125 0
-0.0258 0.95703125 0
-0.0258 0.96875 0
-0.012 -0.012 0
-0.012 -0.00390625 0
-0.012 0.0078125 0
-0.012 0.01953125 0
-0.012 0.03125 0
-0.012 0.0625 0
-0.012 0.09375 0
-0.012 0.125 0
-0.012 0.15625 0
-0.012 0.1875 0
-0.012 0.21875 0
-0.012 0.25 0
-0.012 0.28125 0
-0.012 0.3125 0
-0.012 0.34375 0
-0.012 0.375 0
-0.012 0.40625 0
-0.012 0.4375 0
-0.012 0.46875 0
-0.012 0.5 0
-0.012 0.53125 0
-0.012 0.5625 0
-0.012 0.59375 0
-0.012 0.625 0
-0.012 0.65625 0
-0.012 0.6875 0
-0.012 0.71875 0
-0.012 0.75 0
-0.012 0.78125 0
-0.012 0.8125 0
-0.012 0.84375 0
-0.012 0.875 0
-0.012 0.90625 0
-0.012 0.9375 0
-0.012 0.96875 0
-0.012 0.98046875 0
-0.012 0.9921875 0
-0.012 1.00390625 0
-0.012 1.012 0
-0.011874999999999983 -0.0625 0
-0.011874999999999983 -0.0390625 0
-0.011874999999999983 -0.015625 0
-0.011874999999999983 -0.012 0
-0.011874999999999983 1.012 0
-0.011874999999999983 1.015625 0
-0.011874999999999983 1.0390625 0
-0.011874999999999983 1.0625 0
0 0 0
0 0.03125 0
0 0.0625 0
0 0.09375 0
0 0.125 0
0 0.15625 0
0 0.1875 0
0 0.21875 0
0 0.25 0
0 0.28125 0
0 0.3125 0
0 0.34375 0
0 0.375 0
0 0.40625 0
0 0.4375 0
0 0.46875 0
0 0.5 0
0 0.53125 0
0 0.5625 0
0 0.59375 0
0 0.625 0
0 0.65625 0
0 0.6875 0
0 0.71875 0
0 0.75 0
0 0.78125 0
0 0.8125 0
0 0.84375 0
0 0.875 0
0 0.90625 0
0 0.9375 0
0 0.96875 0
0 1 0
0.0040625000000000175 -0.015625 0
0.0040625000000000175 -0.012 0
0.0040625000000000175 1.012 0
0.0040625000000000175 1.015625 0
0.020000000000000018 -1 0
0.020000000000000018 -0.625 0
0.020000000000000018 -0.4375 0
0.020000000000000018 -0.34375 0
0.020000000000000018 -0.25 0
0.020000000000000018 -0.203125 0
0.020000000000000018 -0.15625 0
0.020000000000000018 -0.109375 0
0.020000000000000018 -0.0859375 0
0.020000000000000018 -0.0625 0
0.020000000000000018 -0.0390625 0
0.020000000000000018 -0.02734375 0
0.020000000000000018 -0.015625 0
0.020000000000000018 -0.012 0
0.020000000000000018 1.012 0
0.020000000000000018 1.015625 0
0.020000000000000018 1.02734375 0
0.020000000000000018 1.0390625 0
0.020000000000000018 1.0625 0
0.020000000000000018 1.0859375 0
0.020000000000000018 1.109375 0
0.020000000000000018 1.15625 0
0.020000000000000018 1.203125 0
0.020000000000000018 1.25 0
0.020000000000000018 1.34375 0
0.020000000000000018 1.4375 0
0.020000000000000018 1.625 0
0.020000000000000018 2 0
0.031249999999999997 -0.012 0
0.03125 -0.0258 0
0.03125 -0.015625 0
0.03125 0 0
0.03125 1 0
0.03125 1.012 0
0.03125 1.015625 0
0.03125 1.0258 0
0.035937500000000018 -0.0390625 0
0.035937500000000018 -0.02734375 0
0.035937500000000018 -0.0258 0
0.035937500000000018 1.0258 0
0.035937500000000018 1.02734375 0
0.035937500000000018 1.0390625 0
0.051875000000000018 -0.109375 0
0.051875000000000018 -0.0859375 0
0.051875000000000018 -0.0625 0
0.051875000000000018 -0.05078125 0
0.051875000000000018 -0.0390625 0
0.051875000000000018 -0.02734375 0
0.051875000000000018 -0.0258 0
0.051875000000000018 1.0258 0
0.051875000000000018 1.02734375 0
0.051875000000000018 1.0390625 0
0.051875000000000018 1.05078125 0
0.051875000000000018 1.0625 0
0.051875000000000018 1.0859375 0
0.051875000000000018 1.109375 0
0.0625 -0.041669999999999999 0
0.0625 -0.0390625 0
0.0625 -0.0258 0
0.0625 -0.012 0
0.0625 0 0
0.0625 1 0
0.0625 1.012 0
0.0625 1.0258 0
0.0625 1.0390625 0
0.0625 1.0416700000000001 0
0.067812500000000026 -0.0625 0
0.067812500000000026 -0.05078125 0
0.067812500000000026 -0.041669999999999999 0
0.067812500000000026 1.0416700000000001 0
0.067812500000000026 1.05078125 0
0.067812500000000026 1.0625 0
0.083750000000000019 -0.25 0
0.083750000000000019 -0.203125 0
0.083750000000000019 -0.15625 0
0.083750000000000019 -0.109375 0
0.083750000000000019 -0.0859375 0
0.083750000000000019 -0.0625 0
0.083750000000000019 -0.05078125 0
0.083750000000000019 -0.041669999999999999 0
0.083750000000000019 1.0416700000000001 0
0.083750000000000019 1.05078125 0
0.083750000000000019 1.0625 0
0.083750000000000019 1.0859375 0
0.083750000000000019 1.109375 0
0.083750000000000019 1.15625 0
0.083750000000000019 1.203125 0
0.083750000000000019 1.25 0
0.09375 -0.059920499999999995 0
0.09375 -0.05078125 0
0.09375 -0.041669999999999999 0
0.09375 -0.0258 0
0.09375 -0.012 0
0.09375 0 0
0.09375 1 0
0.09375 1.012 0
0.09375 1.0258 0
0.09375 1.0416700000000001 0
0.09375 1.05078125 0
0.09375 1.0599205 0
0.099687500000000012 -0.0625 0
0.099687500000000012 -0.059920499999999995 0
0.099687500000000012 1.0599205 0
0.099687500000000012 1.0625 0
0.11562500000000002 -0.109375 0
0.11562500000000002 -0.0859375 0
0.11562500000000002 -0.07421875 0
0.11562500000000002 -0.0625 0
0.11562500000000002 -0.059920499999999995 0
0.11562500000000002 1.0599205 0
0.11562500000000002 1.0625 0
0.11562500000000002 1.07421875 0
0.11562500000000002 1.0859375 0
0.11562500000000002 1.109375 0
0.125 -0.07817099999999999 0
0.125 -0.07421875 0
0.125 -0.0625 0
0.125 -0.059920499999999995 0
0.125 -0.041669999999999999 0
0.125 -0.0258 0
0.125 -0.012 0
0.125 0 0
0.125 1 0
0.125 1.012 0
0.125 1.0258 0
0.125 1.0416700000000001 0
0.125 1.0599205 0
0.125 1.0625 0
0.125 1.07421875 0
0.125 1.078171 0
0.13156250000000003 -0.0859375 0
0.13156250000000003 -0.07817099999999999 0
0.13156250000000003 1.078171 0
0.13156250000000003 1.0859375 0
0.14750000000000002 -0.4375 0
0.14750000000000002 -0.34375 0
0.14750000000000002 -0.25 0
0.14750000000000002 -0.203125 0
0.14750000000000002 -0.1796875 0
0.14750000000000002 -0.15625 0
0.14750000000000002 -0.1328125 0
0.14750000000000002 -0.109375 0
0.14750000000000002 -0.09765625 0
0.14750000000000002 -0.0859375 0
0.14750000000000002 -0.07817099999999999 0
0.14750000000000002 1.078171 0
0.14750000000000002 1.0859375 0
0.14750000000000002 1.09765625 0
0.14750000000000002 1.109375 0
0.14750000000000002 1.1328125 0
0.14750000000000002 1.15625 0
0.14750000000000002 1.1796875 0
0.14750000000000002 1.203125 0
0.14750000000000002 1.25 0
0.14750000000000002 1.34375 0
0.14750000000000002 1.4375 0
0.15625 -0.10645927499999999 0
0.15625 -0.09765625 0
0.15625 -0.0859375 0
0.15625 -0.07817099999999999 0
0.15625 -0.059920499999999995 0
0.15625 -0.041669999999999999 0
0.15625 -0.0258 0
0.15625 -0.012 0
0.15625 0 0
0.15625 1 0
0.15625 1.012 0
0.15625 1.0258 0
0.15625 1.0416700000000001 0
0.15625 1.0599205 0
0.15625 1.078171 0
0.15625 1.0859375 0
0.15625 1.09765625 0
0.15625 1.106459275 0
0.16343750000000001 -0.109375 0
0.16343750000000001 -0.10645927499999999 0
0.16343750000000001 1.106459275 0
0.16343750000000001 1.109375 0
0.17937500000000001 -0.203125 0
0.17937500000000001 -0.1796875 0
0.17937500000000001 -0.15625 0
0.17937500000000001 -0.14453125 0
0.17937500000000001 -0.1328125 0
0.17937500000000001 -0.12109375 0
0.17937500000000001 -0.109375 0
0.17937500000000001 -0.10645927499999999 0
0.17937500000000001 1.106459275 0
0.17937500000000001 1.109375 0
0.17937500000000001 1.12109375 0
0.17937500000000001 1.1328125 0
0.17937500000000001 1.14453125 0
0.17937500000000001 1.15625 0
0.17937500000000001 1.1796875 0
0.17937500000000001 1.203125 0
0.1875 -0.15030610124999996 0
0.1875 -0.14453125 0
0.1875 -0.1328125 0
0.1875 -0.12109375 0
0.1875 -0.109375 0
0.1875 -0.10645927499999999 0
0.1875 -0.07817099999999999 0
0.1875 -0.059920499999999995 0
0.1875 -0.041669999999999999 0
0.1875 -0.0258 0
0.1875 -0.012 0
0.1875 0 0
0.1875 1 0
0.1875 1.012 0
0.1875 1.0258 0
0.1875 1.0416700000000001 0
0.1875 1.0599205 0
0.1875 1.078171 0
0.1875 1.106459275 0
0.1875 1.109375 0
0.1875 1.12109375 0
0.1875 1.1328125 0
0.1875 1.14453125 0
0.1875 1.15030610125 0
0.19531250000000003 -0.15625 0
0.19531250000000003 -0.15030610124999996 0
0.19531250000000003 1.15030610125 0
0.19531250000000003 1.15625 0
0.21125000000000002 -0.25 0
0.21125000000000002 -0.203125 0
0.21125000000000002 -0.1796875 0
0.21125000000000002 -0.15625 0
0.21125000000000002 -0.15030610124999996 0
0.21125000000000002 1.15030610125 0
0.21125000000000002 1.15625 0
0.21125000000000002 1.1796875 0
0.21125000000000002 1.203125 0
0.21125000000000002 1.25 0
0.21875 -0.15030610124999996 0
0.21875 -0.10645927499999999 0
0.21875 -0.07817099999999999 0
0.21875 -0.059920499999999995 0
0.21875 -0.041669999999999999 0
0.21875 -0.0258 0
0.21875 -0.012 0
0.21875 0 0
0.21875 1 0
0.21875 1.012 0
0.21875 1.0258 0
0.21875 1.0416700000000001 0
0.21875 1.0599205 0
0.21875 1.078171 0
0.21875 1.106459275 0
0.21875 1.15030610125 0
0.22718750000000001 -0.15625 0
0.22718750000000001 -0.15030610124999996 0
0.22718750000000001 1.15030610125 0
0.22718750000000001 1.15625 0
0.24312500000000004 -0.203125 0
0.24312500000000004 -0.1796875 0
0.24312500000000004 -0.15625 0
0.24312500000000004 -0.15030610124999996 0
0.24312500000000004 1.15030610125 0
0.24312500000000004 1.15625 0
0.24312500000000004 1.1796875 0
0.24312500000000004 1.203125 0
0.25 -0.15030610124999996 0
0.25 -0.10645927499999999 0
0.25 -0.07817099999999999 0
0.25 -0.059920499999999995 0
0.25 -0.041669999999999999 0
0.25 -0.0258 0
0.25 -0.012 0
0.25 0 0
0.25 1 0
0.25 1.012 0
0.25 1.0258 0
0.25 1.0416700000000001 0
0.25 1.0599205 0
0.25 1.078171 0
0.25 1.106459275 0
0.25 1.15030610125 0
0.25906250000000003 -0.15625 0
0.25906250000000003 -0.15030610124999996 0
0.25906250000000003 1.15030610125 0
0.25906250000000003 1.15625 0
0.27500000000000002 -0.625 0
0.27500000000000002 -0.4375 0
0.27500000000000002 -0.34375 0
0.27500000000000002 -0.25 0
0.27500000000000002 -0.203125 0
0.27500000000000002 -0.1796875 0
0.27500000000000002 -0.15625 0
0.27500000000000002 -0.15030610124999996 0
0.27500000000000002 1.15030610125 0
0.27500000000000002 1.15625 0
0.27500000000000002 1.1796875 0
0.27500000000000002 1.203125 0
0.27500000000000002 1.25 0
0.27500000000000002 1.34375 0
0.27500000000000002 1.4375 0
0.27500000000000002 1.625 0
0.28125 -0.15030610124999996 0
0.28125 -0.10645927499999999 0
0.28125 -0.07817099999999999 0
0.28125 -0.059920499999999995 0
0.28125 -0.041669999999999999 0
0.28125 -0.0258 0
0.28125 -0.012 0
0.28125 0 0
0.28125 1 0
0.28125 1.012 0
0.28125 1.0258 0
0.28125 1.0416700000000001 0
0.28125 1.0599205 0
0.28125 1.078171 0
0.28125 1.106459275 0
0.28125 1.15030610125 0
0.29093750000000002 -0.15625 0
0.29093750000000002 -0.15030610124999996 0
0.29093750000000002 1.15030610125 0
0.29093750000000002 1.15625 0
0.30687500000000001 -0.203125 0
0.30687500000000001 -0.1796875 0
0.30687500000000001 -0.15625 0
0.30687500000000001 -0.15030610124999996 0
0.30687500000000001 1.15030610125 0
0.30687500000000001 1.15625 0
0.30687500000000001 1.1796875 0
0.30687500000000001 1.203125 0
0.3125 -0.15030610124999996 0
0.3125 -0.10645927499999999 0
0.3125 -0.07817099999999999 0
0.3125 -0.059920499999999995 0
0.3125 -0.041669999999999999 0
0.3125 -0.0258 0
0.3125 -0.012 0
0.3125 0 0
0.3125 1 0
0.3125 1.012 0
0.3125 1.0258 0
0.3125 1.0416700000000001 0
0.3125 1.0599205 0
0.3125 1.078171 0
0.3125 1.106459275 0
0.3125 1.15030610125 0
0.3228125 -0.15625 0
0.3228125 -0.15030610124999996 0
0.3228125 1.15030610125 0
0.3228125 1.15625 0
0.33875 -0.25 0
0.33875 -0.203125 0
0.33875 -0.1796875 0
0.33875 -0.15625 0
0.33875 -0.15030610124999996 0
0.33875 1.15030610125 0
0.33875 1.15625 0
0.33875 1.1796875 0
0.33875 1.203125 0
0.33875 1.25 0
0.34375 -0.15030610124999996 0
0.34375 -0.10645927499999999 0
0.34375 -0.07817099999999999 0
0.34375 -0.059920499999999995 0
0.34375 -0.041669999999999999 0
0.34375 -0.0258 0
0.34375 -0.012 0
0.34375 0 0
0.34375 1 0
0.34375 1.012 0
0.34375 1.0258 0
0.34375 1.0416700000000001 0
0.34375 1.0599205 0
0.34375 1.078171 0
0.34375 1.106459275 0
0.34375 1.15030610125 0
0.35468750000000004 -0.15625 0
0.35468750000000004 -0.15030610124999996 0
0.35468750000000004 1.15030610125 0
0.35468750000000004 1.15625 0
0.37062500000000004 -0.203125 0
0.37062500000000004 -0.1796875 0
0.37062500000000004 -0.15625 0
0.37062500000000004 -0.15030610124999996 0
0.37062500000000004 1.15030610125 0
0.37062500000000004 1.15625 0
0.37062500000000004 1.1796875 0
0.37062500000000004 1.203125 0
0.375 -0.15030610124999996 0
0.375 -0.10645927499999999 0
0.375 -0.07817099999999999 0
0.375 -0.059920499999999995 0
0.375 -0.041669999999999999 0
0.375 -0.0258 0
0.375 -0.012 0
0.375 0 0
0.375 1 0
0.375 1.012 0
0.375 1.0258 0
0.375 1.0416700000000001 0
0.375 1.0599205 0
0.375 1.078171 0
0.375 1.106459275 0
0.375 1.15030610125 0
0.38656250000000003 -0.15625 0
0.38656250000000003 -0.15030610124999996 0
0.38656250000000003 1.15030610125 0
0.38656250000000003 1.15625 0
0.40250000000000002 -0.4375 0
0.40250000000000002 -0.34375 0
0.40250000000000002 -0.25 0
0.40250000000000002 -0.203125 0
0.40250000000000002 -0.1796875 0
0.40250000000000002 -0.15625 0
0.40250000000000002 -0.15030610124999996 0
0.40250000000000002 1.15030610125 0
0.40250000000000002 1.15625 0
0.40250000000000002 1.1796875 0
0.40250000000000002 1.203125 0
0.40250000000000002 1.25 0
0.40250000000000002 1.34375 0
0.40250000000000002 1.4375 0
0.40625 -0.15030610124999996 0
0.40625 -0.10645927499999999 0
0.40625 -0.07817099999999999 0
0.40625 -0.059920499999999995 0
0.40625 -0.041669999999999999 0
0.40625 -0.0258 0
0.40625 -0.012 0
0.40625 0 0
0.40625 1 0
0.40625 1.012 0
0.40625 1.0258 0
0.40625 1.0416700000000001 0
0.40625 1.0599205 0
0.40625 1.078171 0
0.40625 1.106459275 0
0.40625 1.15030610125 0
0.41843750000000002 -0.15625 0
0.41843750000000002 -0.15030610124999996 0
0.41843750000000002 1.15030610125 0
0.41843750000000002 1.15625 0
0.43437500000000001 -0.203125 0
0.43437500000000001 -0.1796875 0
0.43437500000000001 -0.15625 0
0.43437500000000001 -0.15030610124999996 0
0.43437500000000001 1.15030610125 0
0.43437500000000001 1.15625 0
0.43437500000000001 1.1796875 0
0.43437500000000001 1.203125 0
0.4375 -0.15030610124999996 0
0.4375 -0.10645927499999999 0
0.4375 -0.07817099999999999 0
0.4375 -0.059920499999999995 0
0.4375 -0.041669999999999999 0
0.4375 -0.0258 0
0.4375 -0.012 0
0.4375 0 0
0.4375 1 0
0.4375 1.012 0
0.4375 1.0258 0
0.4375 1.0416700000000001 0
0.4375 1.0599205 0
0.4375 1.078171 0
0.4375 1.106459275 0
0.4375 1.15030610125 0
0.4503125 -0.15625 0
0.4503125 -0.15030610124999996 0
0.4503125 1.15030610125 0
0.4503125 1.15625 0
0.46625000000000005 -0.25 0
0.46625000000000005 -0.203125 0
0.46625000000000005 -0.1796875 0
0.46625000000000005 -0.15625 0
0.46625000000000005 -0.15030610124999996 0
0.46625000000000005 1.15030610125 0
0.46625000000000005 1.15625 0
0.46625000000000005 1.1796875 0
0.46625000000000005 1.203125 0
0.46625000000000005 1.25 0
0.46875 -0.15030610124999996 0
0.46875 -0.10645927499999999 0
0.46875 -0.07817099999999999 0
0.46875 -0.059920499999999995 0
0.46875 -0.041669999999999999 0
0.46875 -0.0258 0
0.46875 -0.012 0
0.46875 0 0
0.46875 1 0
0.46875 1.012 0
0.46875 1.0258 0
0.46875 1.0416700000000001 0
0.46875 1.0599205 0
0.46875 1.078171 0
0.46875 1.106459275 0
0.46875 1.15030610125 0
0.48218750000000005 -0.15625 0
0.48218750000000005 -0.15030610124999996 0
0.48218750000000005 1.15030610125 0
0.48218750000000005 1.15625 0
0.49812500000000004 -0.203125 0
0.49812500000000004 -0.1796875 0
0.49812500000000004 -0.15625 0
0.49812500000000004 -0.15030610124999996 0
0.49812500000000004 1.15030610125 0
0.49812500000000004 1.15625 0
0.49812500000000004 1.1796875 0
0.49812500000000004 1.203125 0
0.5 -0.15030610124999996 0
0.5 -0.10645927499999999 0
0.5 -0.07817099999999999 0
0.5 -0.059920499999999995 0
0.5 -0.041669999999999999 0
0.5 -0.0258 0
0.5 -0.012 0
0.5 0 0
0.5 1 0
0.5 1.012 0
0.5 1.0258 0
0.5 1.0416700000000001 0
0.5 1.0599205 0
0.5 1.078171 0
0.5 1.106459275 0
0.5 1.15030610125 0
0.51406249999999998 -0.15625 0
0.51406249999999998 -0.15030610124999996 0
0.51406249999999998 1.15030610125 0
0.51406249999999998 1.15625 0
0.53000000000000003 -1 0
0.53000000000000003 -0.625 0
0.53000000000000003 -0.4375 0
0.53000000000000003 -0.34375 0
0.53000000000000003 -0.25 0
0.53000000000000003 -0.203125 0
0.53000000000000003 -0.1796875 0
0.53000000000000003 -0.15625 0
0.53000000000000003 -0.15030610124999996 0
0.53000000000000003 1.15030610125 0
0.53000000000000003 1.15625 0
0.53000000000000003 1.1796875 0
0.53000000000000003 1.203125 0
0.53000000000000003 1.25 0
0.53000000000000003 1.34375 0
0.53000000000000003 1.4375 0
0.53000000000000003 1.625 0
0.53000000000000003 2 0
0.53125 -0.15030610124999996 0
0.53125 -0.10645927499999999 0
0.53125 -0.07817099999999999 0
0.53125 -0.059920499999999995 0
0.53125 -0.041669999999999999 0
0.53125 -0.0258 0
0.53125 -0.012 0
0.53125 0 0
0.53125 1 0
0.53125 1.012 0
0.53125 1.0258 0
0.53125 1.0416700000000001 0
0.53125 1.0599205 0
0.53125 1.078171 0
0.53125 1.106459275 0
0.53125 1.15030610125 0
0.54593750000000008 -0.15625 0
0.54593750000000008 -0.15030610124999996 0
0.54593750000000008 1.15030610125 0
0.54593750000000008 1.15625 0
0.56187500000000001 -0.203125 0
0.56187500000000001 -0.1796875 0
0.56187500000000001 -0.15625 0
0.56187500000000001 -0.15030610124999996 0
0.56187500000000001 1.15030610125 0
0.56187500000000001 1.15625 0
0.56187500000000001 1.1796875 0
0.56187500000000001 1.203125 0
0.5625 -0.15030610124999996 0
0.5625 -0.10645927499999999 0
0.5625 -0.07817099999999999 0
0.5625 -0.059920499999999995 0
0.5625 -0.041669999999999999 0
0.5625 -0.0258 0
0.5625 -0.012 0
0.5625 0 0
0.5625 1 0
0.5625 1.012 0
0.5625 1.0258 0
0.5625 1.0416700000000001 0
0.5625 1.0599205 0
0.5625 1.078171 0
0.5625 1.106459275 0
0.5625 1.15030610125 0
0.57781250000000006 -0.15625 0
0.57781250000000006 -0.15030610124999996 0
0.57781250000000006 1.15030610125 0
0.57781250000000006 1.15625 0
0.59375 -0.25 0
0.59375 -0.203125 0
0.59375 -0.1796875 0
0.59375 -0.15625 0
0.59375 -0.15030610124999996 0
0.59375 -0.10645927499999999 0
0.59375 -0.07817099999999999 0
0.59375 -0.059920499999999995 0
0.59375 -0.041669999999999999 0
0.59375 -0.0258 0
0.59375 -0.012 0
0.59375 0 0
0.59375 1 0
0.59375 1.012 0
0.59375 1.0258 0
0.59375 1.0416700000000001 0
0.59375 1.0599205 0
0.59375 1.078171 0
0.59375 1.106459275 0
0.59375 1.15030610125 0
0.59375 1.15625 0
0.59375 1.1796875 0
0.59375 1.203125 0
0.59375 1.25 0
0.60968750000000005 -0.15625 0
0.60968750000000005 -0.15030610124999996 0
0.60968750000000005 1.15030610125 0
0.60968750000000005 1.15625 0
0.625 -0.15030610124999996 0
0.625 -0.10645927499999999 0
0.625 -0.07817099999999999 0
0.625 -0.059920499999999995 0
0.625 -0.041669999999999999 0
0.625 -0.0258 0
0.625 -0.012 0
0.625 0 0
0.625 1 0
0.625 1.012 0
0.625 1.0258 0
0.625 1.0416700000000001 0
0.625 1.0599205 0
0.625 1.078171 0
0.625 1.106459275 0
0.625 1.15030610125 0
0.62562499999999999 -0.203125 0
0.62562499999999999 -0.1796875 0
0.62562499999999999 -0.15625 0
0.62562499999999999 -0.15030610124999996 0
0.62562499999999999 1.15030610125 0
0.62562499999999999 1.15625 0
0.62562499999999999 1.1796875 0
0.62562499999999999 1.203125 0
0.64156250000000004 -0.15625 0
0.64156250000000004 -0.15030610124999996 0
0.64156250000000004 1.15030610125 0
0.64156250000000004 1.15625 0
0.65625 -0.15030610124999996 0
0.65625 -0.10645927499999999 0
0.65625 -0.07817099999999999 0
0.65625 -0.059920499999999995 0
0.65625 -0.041669999999999999 0
0.65625 -0.0258 0
0.65625 -0.012 0
0.65625 0 0
0.65625 1 0
0.65625 1.012 0
0.65625 1.0258 0
0.65625 1.0416700000000001 0
0.65625 1.0599205 0
0.65625 1.078171 0
0.65625 1.106459275 0
0.65625 1.15030610125 0
0.65749999999999997 -0.4375 0
0.65749999999999997 -0.34375 0
0.65749999999999997 -0.25 0
0.65749999999999997 -0.203125 0
0.65749999999999997 -0.1796875 0
0.65749999999999997 -0.15625 0
0.65749999999999997 -0.15030610124999996 0
0.65749999999999997 1.15030610125 0
0.65749999999999997 1.15625 0
0.65749999999999997 1.1796875 0
0.65749999999999997 1.203125 0
0.65749999999999997 1.25 0
0.65749999999999997 1.34375 0
0.65749999999999997 1.4375 0
0.67343750000000002 -0.15625 0
0.67343750000000002 -0.15030610124999996 0
0.67343750000000002 1.15030610125 0
0.67343750000000002 1.15625 0
0.6875 -0.15030610124999996 0
0.6875 -0.10645927499999999 0
0.6875 -0.07817099999999999 0
0.6875 -0.059920499999999995 0
0.6875 -0.041669999999999999 0
0.6875 -0.0258 0
0.6875 -0.012 0
0.6875 0 0
0.6875 1 0
0.6875 1.012 0
0.6875 1.0258 0
0.6875 1.0416700000000001 0
0.6875 1.0599205 0
0.6875 1.078171 0
0.6875 1.106459275 0
0.6875 1.15030610125 0
0.68937500000000007 -0.203125 0
0.68937500000000007 -0.1796875 0
0.68937500000000007 -0.15625 0
0.68937500000000007 -0.15030610124999996 0
0.68937500000000007 1.15030610125 0
0.68937500000000007 1.15625 0
0.68937500000000007 1.1796875 0
0.68937500000000007 1.203125 0
0.70531250000000001 -0.15625 0
0.70531250000000001 -0.15030610124999996 0
0.70531250000000001 1.15030610125 0
0.70531250000000001 1.15625 0
0.71875 -0.15030610124999996 0
0.71875 -0.10645927499999999 0
0.71875 -0.07817099999999999 0
0.71875 -0.059920499999999995 0
0.71875 -0.041669999999999999 0
0.71875 -0.0258 0
0.71875 -0.012 0
0.71875 0 0
0.71875 1 0
0.71875 1.012 0
0.71875 1.0258 0
0.71875 1.0416700000000001 0
0.71875 1.0599205 0
0.71875 1.078171 0
0.71875 1.106459275 0
0.71875 1.15030610125 0
0.72125000000000006 -0.25 0
0.72125000000000006 -0.203125 0
0.72125000000000006 -0.1796875 0
0.72125000000000006 -0.15625 0
0.72125000000000006 -0.15030610124999996 0
0.72125000000000006 1.15030610125 0
0.72125000000000006 1.15625 0
0.72125000000000006 1.1796875 0
0.72125000000000006 1.203125 0
0.72125000000000006 1.25 0
0.7371875 -0.15625 0
0.7371875 -0.15030610124999996 0
0.7371875 1.15030610125 0
0.7371875 1.15625 0
0.75 -0.15030610124999996 0
0.75 -0.10645927499999999 0
0.75 -0.07817099999999999 0
0.75 -0.059920499999999995 0
0.75 -0.041669999999999999 0
0.75 -0.0258 0
0.75 -0.012 0
0.75 0 0
0.75 1 0
0.75 1.012 0
0.75 1.0258 0
0.75 1.0416700000000001 0
0.75 1.0599205 0
0.75 1.078171 0
0.75 1.106459275 0
0.75 1.15030610125 0
0.75312500000000004 -0.203125 0
0.75312500000000004 -0.1796875 0
0.75312500000000004 -0.15625 0
0.75312500000000004 -0.15030610124999996 0
0.75312500000000004 1.15030610125 0
0.75312500000000004 1.15625 0
0.75312500000000004 1.1796875 0
0.75312500000000004 1.203125 0
0.76906249999999998 -0.15625 0
0.76906249999999998 -0.15030610124999996 0
0.76906249999999998 1.15030610125 0
0.76906249999999998 1.15625 0
0.78125 -0.15030610124999996 0
0.78125 -0.10645927499999999 0
0.78125 -0.07817099999999999 0
0.78125 -0.059920499999999995 0
0.78125 -0.041669999999999999 0
0.78125 -0.0258 0
0.78125 -0.012 0
0.78125 0 0
0.78125 1 0
0.78125 1.012 0
0.78125 1.0258 0
0.78125 1.0416700000000001 0
0.78125 1.0599205 0
0.78125 1.078171 0
0.78125 1.106459275 0
0.78125 1.15030610125 0
0.78500000000000003 -0.625 0
0.78500000000000003 -0.4375 0
0.78500000000000003 -0.34375 0
0.78500000000000003 -0.25 0
0.78500000000000003 -0.203125 0
0.78500000000000003 -0.1796875 0
0.78500000000000003 -0.15625 0
0.78500000000000003 -0.15030610124999996 0
0.78500000000000003 1.15030610125 0
0.78500000000000003 1.15625 0
0.78500000000000003 1.1796875 0
0.78500000000000003 1.203125 0
0.78500000000000003 1.25 0
0.78500000000000003 1.34375 0
0.78500000000000003 1.4375 0
0.78500000000000003 1.625 0
0.80093750000000008 -0.15625 0
0.80093750000000008 -0.15030610124999996 0
0.80093750000000008 1.15030610125 0
0.80093750000000008 1.15625 0
0.8125 -0.15030610124999996 0
0.8125 -0.14453125 0
0.8125 -0.1328125 0
0.8125 -0.12109375 0
0.8125 -0.10645927499999999 0
0.8125 -0.07817099999999999 0
0.8125 -0.059920499999999995 0
0.8125 -0.041669999999999999 0
0.8125 -0.0258 0
0.8125 -0.012 0
0.8125 0 0
0.8125 1 0
0.8125 1.012 0
0.8125 1.0258 0
0.8125 1.0416700000000001 0
0.8125 1.0599205 0
0.8125 1.078171 0
0.8125 1.106459275 0
0.8125 1.12109375 0
0.8125 1.1328125 0
0.8125 1.14453125 0
0.8125 1.15030610125 0
0.81687500000000002 -0.203125 0
0.81687500000000002 -0.1796875 0
0.81687500000000002 -0.15625 0
0.81687500000000002 -0.14453125 0
0.81687500000000002 -0.1328125 0
0.81687500000000002 -0.12109375 0
0.81687500000000002 -0.109375 0
0.81687500000000002 -0.10645927499999999 0
0.81687500000000002 1.106459275 0
0.81687500000000002 1.109375 0
0.81687500000000002 1.12109375 0
0.81687500000000002 1.1328125 0
0.81687500000000002 1.14453125 0
0.81687500000000002 1.15625 0
0.81687500000000002 1.1796875 0
0.81687500000000002 1.203125 0
0.83281250000000007 -0.109375 0
0.83281250000000007 -0.10645927499999999 0
0.83281250000000007 1.106459275 0
0.83281250000000007 1.109375 0
0.84375 -0.10645927499999999 0
0.84375 -0.09765625 0
0.84375 -0.0859375 0
0.84375 -0.07817099999999999 0
0.84375 -0.059920499999999995 0
0.84375 -0.041669999999999999 0
0.84375 -0.0258 0
0.84375 -0.012 0
0.84375 0 0
0.84375 1 0
0.84375 1.012 0
0.84375 1.0258 0
0.84375 1.0416700000000001 0
0.84375 1.0599205 0
0.84375 1.078171 0
0.84375 1.0859375 0
0.84375 1.09765625 0
0.84375 1.106459275 0
0.84875 -0.25 0
0.84875 -0.203125 0
0.84875 -0.1796875 0
0.84875 -0.15625 0
0.84875 -0.1328125 0
0.84875 -0.109375 0
0.84875 -0.09765625 0
0.84875 -0.0859375 0
0.84875 -0.07817099999999999 0
0.84875 1.078171 0
0.84875 1.0859375 0
0.84875 1.09765625 0
0.84875 1.109375 0
0.84875 1.1328125 0
0.84875 1.15625 0
0.84875 1.1796875 0
0.84875 1.203125 0
0.84875 1.25 0
0.86468750000000005 -0.0859375 0
0.86468750000000005 -0.07817099999999999 0
0.86468750000000005 1.078171 0
0.86468750000000005 1.0859375 0
0.875 -0.07817099999999999 0
0.875 -0.07421875 0
0.875 -0.059920499999999995 0
0.875 -0.041669999999999999 0
0.875 -0.0258 0
0.875 -0.012 0
0.875 0 0
0.875 1 0
0.875 1.012 0
0.875 1.0258 0
0.875 1.0416700000000001 0
0.875 1.0599205 0
0.875 1.07421875 0
0.875 1.078171 0
0.88062499999999999 -0.109375 0
0.88062499999999999 -0.0859375 0
0.88062499999999999 -0.07421875 0
0.88062499999999999 -0.0625 0
0.88062499999999999 -0.059920499999999995 0
0.88062499999999999 1.0599205 0
0.88062499999999999 1.0625 0
0.88062499999999999 1.07421875 0
0.88062499999999999 1.0859375 0
0.88062499999999999 1.109375 0
0.89656250000000004 -0.0625 0
0.89656250000000004 -0.059920499999999995 0
0.89656250000000004 1.0599205 0
0.89656250000000004 1.0625 0
0.90625 -0.059920499999999995 0
0.90625 -0.05078125 0
0.90625 -0.041669999999999999 0
0.90625 -0.0258 0
0.90625 -0.012 0
0.90625 0 0
0.90625 1 0
0.90625 1.012 0
0.90625 1.0258 0
0.90625 1.0416700000000001 0
0.90625 1.05078125 0
0.90625 1.0599205 0
0.91250000000000009 -0.4375 0
0.91250000000000009 -0.34375 0
0.91250000000000009 -0.25 0
0.91250000000000009 -0.203125 0
0.91250000000000009 -0.15625 0
0.91250000000000009 -0.109375 0
0.91250000000000009 -0.0859375 0
0.91250000000000009 -0.0625 0
0.91250000000000009 -0.05078125 0
0.91250000000000009 -0.041669999999999999 0
0.91250000000000009 1.0416700000000001 0
0.91250000000000009 1.05078125 0
0.91250000000000009 1.0625 0
0.91250000000000009 1.0859375 0
0.91250000000000009 1.109375 0
0.91250000000000009 1.15625 0
0.91250000000000009 1.203125 0
0.91250000000000009 1.25 0
0.91250000000000009 1.34375 0
0.91250000000000009 1.4375 0
0.92843750000000003 -0.0625 0
0.92843750000000003 -0.05078125 0
0.92843750000000003 -0.041669999999999999 0
0.92843750000000003 1.0416700000000001 0
0.92843750000000003 1.05078125 0
0.92843750000000003 1.0625 0
0.9375 -0.041669999999999999 0
0.9375 -0.0390625 0
0.9375 -0.0258 0
0.9375 -0.012 0
0.9375 0 0
0.9375 1 0
0.9375 1.012 0
0.9375 1.0258 0
0.9375 1.0390625 0
0.9375 1.0416700000000001 0
0.94437500000000008 -0.109375 0
0.94437500000000008 -0.0859375 0
0.94437500000000008 -0.0625 0
0.94437500000000008 -0.05078125 0
0.94437500000000008 -0.0390625 0
0.94437500000000008 -0.02734375 0
0.94437500000000008 -0.0258 0
0.94437500000000008 1.0258 0
0.94437500000000008 1.02734375 0
0.94437500000000008 1.0390625 0
0.94437500000000008 1.05078125 0
0.94437500000000008 1.0625 0
0.94437500000000008 1.0859375 0
0.94437500000000008 1.109375 0
0.96031250000000001 -0.0390625 0
0.96031250000000001 -0.02734375 0
0.96031250000000001 -0.0258 0
0.96031250000000001 1.0258 0
0.96031250000000001 1.02734375 0
0.96031250000000001 1.0390625 0
0.96875 -0.0258 0
0.96875 -0.015625 0
0.96875 -0.012 0
0.96875 0 0
0.96875 1 0
0.96875 1.012 0
0.96875 1.015625 0
0.96875 1.0258 0
0.97625000000000006 -0.15625 0
0.97625000000000006 -0.109375 0
0.97625000000000006 -0.0859375 0
0.97625000000000006 -0.0625 0
0.97625000000000006 -0.0390625 0
0.97625000000000006 -0.02734375 0
0.97625000000000006 -0.015625 0
0.97625000000000006 -0.012 0
0.97625000000000006 1.012 0
0.97625000000000006 1.015625 0
0.97625000000000006 1.02734375 0
0.97625000000000006 1.0390625 0
0.97625000000000006 1.0625 0
0.97625000000000006 1.0859375 0
0.97625000000000006 1.109375 0
0.97625000000000006 1.15625 0
0.9921875 -0.015625 0
0.9921875 -0.012 0
0.9921875 1.012 0
0.9921875 1.015625 0
1 0 0
1 0.03125 0
1 0.0625 0
1 0.09375 0
1 0.125 0
1 0.15625 0
1 0.1875 0
1 0.21875 0
1 0.25 0
1 0.28125 0
1 0.3125 0
1 0.34375 0
1 0.375 0
1 0.40625 0
1 0.4375 0
1 0.46875 0
1 0.5 0
1 0.53125 0
1 0.5625 0
1 0.59375 0
1 0.625 0
1 0.65625 0
1 0.6875 0
1 0.71875 0
1 0.75 0
1 0.78125 0
1 0.8125 0
1 0.84375 0
1 0.875 0
1 0.90625 0
1 0.9375 0
1 0.96875 0
1 1 0
1.0081249999999999 -0.0625 0
1.0081249999999999 -0.0390625 0
1.0081249999999999 -0.015625 0
1.0081249999999999 -0.012 0
1.0081249999999999 1.012 0
1.0081249999999999 1.015625 0
1.0081249999999999 1.0390625 0
1.0081249999999999 1.0625 0
1.012 -0.012 0
1.012 -0.00390625 0
1.012 0.0078125 0
1.012 0.01953125 0
1.012 0.03125 0
1.012 0.0625 0
1.012 0.09375 0
1.012 0.125 0
1.012 0.15625 0
1.012 0.1875 0
1.012 0.21875 0
1.012 0.25 0
1.012 0.28125 0
1.012 0.3125 0
1.012 0.34375 0
1.012 0.375 0
1.012 0.40625 0
1.012 0.4375 0
1.012 0.46875 0
1.012 0.5 0
1.012 0.53125 0
1.012 0.5625 0
1.012 0.59375 0
1.012 0.625 0
1.012 0.65625 0
1.012 0.6875 0
1.012 0.71875 0
1.012 0.75 0
1.012 0.78125 0
1.012 0.8125 0
1.012 0.84375 0
1.012 0.875 0
1.012 0.90625 0
1.012 0.9375 0
1.012 0.96875 0
1.012 0.98046875 0
1.012 0.9921875 0
1.012 1.00390625 0
1.012 1.012 0
1.0240625000000001 -0.015625 0
1.0240625000000001 -0.00390625 0
1.0240625000000001 0.0078125 0
1.0240625000000001 0.01953125 0
1.0240625000000001 0.03125 0
1.0240625000000001 0.96875 0
1.0240625000000001 0.98046875 0
1.0240625000000001 0.9921875 0
1.0240625000000001 1.00390625 0
1.0240625000000001 1.015625 0
1.0258 0.03125 0
1.0258 0.04296875 0
1.0258 0.0546875 0
1.0258 0.0625 0
1.0258 0.06640625 0
1.0258 0.078125 0
1.0258 0.08984375 0
1.0258 0.09375 0
1.0258 0.1015625 0
1.0258 0.11328125 0
1.0258 0.125 0
1.0258 0.13671875 0
1.0258 0.1484375 0
1.0258 0.15625 0
1.0258 0.16015625 0
1.0258 0.171875 0
1.0258 0.18359375 0
1.0258 0.1875 0
1.0258 0.1953125 0
1.0258 0.20703125 0
1.0258 0.21875 0
1.0258 0.23046875 0
1.0258 0.2421875 0
1.0258 0.25 0
1.0258 0.25390625 0
1.0258 0.265625 0
1.0258 0.27734375 0
1.0258 0.28125 0
1.0258 0.2890625 0
1.0258 0.30078125 0
1.0258 0.3125 0
1.0258 0.32421875 0
1.0258 0.3359375 0
1.0258 0.34375 0
1.0258 0.34765625 0
1.0258 0.359375 0
1.0258 0.37109375 0
1.0258 0.375 0
1.0258 0.3828125 0
1.0258 0.39453125 0
1.0258 0.40625 0
1.0258 0.41796875 0
1.0258 0.4296875 0
1.0258 0.4375 0
1.0258 0.44140625 0
1.0258 0.453125 0
1.0258 0.46484375 0
1.0258 0.46875 0
1.0258 0.4765625 0
1.0258 0.48828125 0
1.0258 0.5 0
1.0258 0.51171875 0
1.0258 0.5234375 0
1.0258 0.53125 0
1.0258 0.53515625 0
1.0258 0.546875 0
1.0258 0.55859375 0
1.0258 0.5625 0
1.0258 0.5703125 0
1.0258 0.58203125 0
1.0258 0.59375 0
1.0258 0.60546875 0
1.0258 0.6171875 0
1.0258 0.625 0
1.0258 0.62890625 0
1.0258 0.640625 0
1.0258 0.65234375 0
1.0258 0.65625 0
1.0258 0.6640625 0
1.0258 0.67578125 0
1.0258 0.6875 0
1.0258 0.69921875 0
1.0258 0.7109375 0
1.0258 0.71875 0
1.0258 0.72265625 0
1.0258 0.734375 0
1.0258 0.74609375 0
1.0258 0.75 0
1.0258 0.7578125 0
1.0258 0.76953125 0
1.0258 0.78125 0
1.0258 0.79296875 0
1.0258 0.8046875 0
1.0258 0.8125 0
1.0258 0.81640625 0
1.0258 0.828125 0
1.0258 0.83984375 0
1.0258 0.84375 0
1.0258 0.8515625 0
1.0258 0.86328125 0
1.0258 0.875 0
1.0258 0.88671875 0
1.0258 0.8984375 0
1.0258 0.90625 0
1.0258 0.91015625 0
1.0258 0.921875 0
1.0258 0.93359375 0
1.0258 0.9375 0
1.0258 0.9453125 0
1.0258 0.95703125 0
1.0258 0.96875 0
1.04 -1 0
1.04 -0.625 0
1.04 -0.4375 0
1.04 -0.34375 0
1.04 -0.25 0
1.04 -0.15625 0
1.04 -0.109375 0
1.04 -0.0625 0
1.04 -0.0390625 0
1.04 -0.015625 0
1.04 -0.00390625 0
1.04 0.0078125 0
1.04 0.01953125 0
1.04 0.03125 0
1.04 0.04296875 0
1.04 0.0546875 0
1.04 0.06640625 0
1.04 0.078125 0
1.04 0.08984375 0
1.04 0.1015625 0
1.04 0.11328125 0
1.04 0.125 0
1.04 0.13671875 0
1.04 0.1484375 0
1.04 0.16015625 0
1.04 0.171875 0
1.04 0.18359375 0
1.04 0.1953125 0
1.04 0.20703125 0
1.04 0.21875 0
1.04 0.23046875 0
1.04 0.2421875 0
1.04 0.25390625 0
1.04 0.265625 0
1.04 0.27734375 0
1.04 0.2890625 0
1.04 0.30078125 0
1.04 0.3125 0
1.04 0.32421875 0
1.04 0.3359375 0
1.04 0.34765625 0
1.04 0.359375 0
1.04 0.37109375 0
1.04 0.3828125 0
1.04 0.39453125 0
1.04 0.40625 0
1.04 0.41796875 0
1.04 0.4296875 0
1.04 0.44140625 0
1.04 0.453125 0
1.04 0.46484375 0
1.04 0.4765625 0
1.04 0.48828125 0
1.04 0.5 0
1.04 0.51171875 0
1.04 0.5234375 0
1.04 0.53515625 0
1.04 0.546875 0
1.04 0.55859375 0
1.04 0.5703125 0
1.04 0.58203125 0
1.04 0.59375 0
1.04 0.60546875 0
1.04 0.6171875 0
1.04 0.62890625 0
1.04 0.640625 0
1.04 0.65234375 0
1.04 0.6640625 0
1.04 0.67578125 0
1.04 0.6875 0
1.04 0.69921875 0
1.04 0.7109375 0
1.04 0.72265625 0
1.04 0.734375 0
1.04 0.74609375 0
1.04 0.7578125 0
1.04 0.76953125 0
1.04 0.78125 0
1.04 0.79296875 0
1.04 0.8046875 0
1.04 0.81640625 0
1.04 0.828125 0
1.04 0.83984375 0
1.04 0.8515625 0
1.04 0.86328125 0
1.04 0.875 0
1.04 0.88671875 0
1.04 0.8984375 0
1.04 0.91015625 0
1.04 0.921875 0
1.04 0.93359375 0
1.04 0.9453125 0
1.04 0.95703125 0
1.04 0.96875 0
1.04 0.98046875 0
1.04 0.9921875 0
1.04 1.00390625 0
1.04 1.015625 0
1.04 1.0390625 0
1.04 1.0625 0
1.04 1.109375 0
1.04 1.15625 0
1.04 1.25 0
1.04 1.34375 0
1.04 1.4375 0
1.04 1.625 0
1.04 2 0
1.0542 0.03125 0
1.0542 0.04296875 0
1.0542 0.0546875 0
1.0542 0.0625 0
1.0542 0.06640625 0
1.0542 0.078125 0
1.0542 0.08984375 0
1.0542 0.09375 0
1.0542 0.1015625 0
1.0542 0.11328125 0
1.0542 0.125 0
1.0542 0.13671875 0
1.0542 0.1484375 0
1.0542 0.15625 0
1.0542 0.16015625 0
1.0542 0.171875 0
1.0542 0.18359375 0
1.0542 0.1875 0
1.0542 0.1953125 0
1.0542 0.20703125 0
1.0542 0.21875 0
1.0542 0.23046875 0
1.0542 0.2421875 0
1.0542 0.25 0
1.0542 0.25390625 0
1.0542 0.265625 0
1.0542 0.27734375 0
1.0542 0.28125 0
1.0542 0.2890625 0
1.0542 0.30078125 0
1.0542 0.3125 0
1.0542 0.32421875 0
1.0542 0.3359375 0
1.0542 0.34375 0
1.0542 0.34765625 0
1.0542 0.359375 0
1.0542 0.37109375 0
1.0542 0.375 0
1.0542 0.3828125 0
1.0542 0.39453125 0
1.0542 0.40625 0
1.0542 0.41796875 0
1.0542 0.4296875 0
1.0542 0.4375 0
1.0542 0.44140625 0
1.0542 0.453125 0
1.0542 0.46484375 0
1.0542 0.46875 0
1.0542 0.4765625 0
1.0542 0.48828125 0
1.0542 0.5 0
1.0542 0.51171875 0
1.0542 0.5234375 0
1.0542 0.53125 0
1.0542 0.53515625 0
1.0542 0.546875 0
1.0542 0.55859375 0
1.0542 0.5625 0
1.0542 0.5703125 0
1.0542 0.58203125 0
1.0542 0.59375 0
1.0542 0.60546875 0
1.0542 0.6171875 0
1.0542 0.625 0
1.0542 0.62890625 0
1.0542 0.640625 0
1.0542 0.65234375 0
1.0542 0.65625 0
1.0542 0.6640625 0
1.0542 0.67578125 0
1.0542 0.6875 0
1.0542 0.69921875 0
1.0542 0.7109375 0
1.0542 0.71875 0
1.0542 0.72265625 0
1.0542 0.734375 0
1.0542 0.74609375 0
1.0542 0.75 0
1.0542 0.7578125 0
1.0542 0.76953125 0
1.0542 0.78125 0
1.0542 0.79296875 0
1.0542 0.8046875 0
1.0542 0.8125 0
1.0542 0.81640625 0
1.0542 0.828125 0
1.0542 0.83984375 0
1.0542 0.84375 0
1.0542 0.8515625 0
1.0542 0.86328125 0
1.0542 0.875 0
1.0542 0.88671875 0
1.0542 0.8984375 0
1.0542 0.90625 0
1.0542 0.91015625 0
1.0542 0.921875 0
1.0542 0.93359375 0
1.0542 0.9375 0
1.0542 0.9453125 0
1.0542 0.95703125 0
1.0542 0.96875 0
1.0559375 -0.015625 0
1.0559375 -0.00390625 0
1.0559375 0.0078125 0
1.0559375 0.01953125 0
1.0559375 0.03125 0
1.0559375 0.96875 0
1.0559375 0.98046875 0
1.0559375 0.9921875 0
1.0559375 1.00390625 0
1.0559375 1.015625 0
1.0680000000000001 -0.012 0
1.0680000000000001 -0.00390625 0
1.0680000000000001 0.0078125 0
1.0680000000000001 0.01953125 0
1.0680000000000001 0.03125 0
1.0680000000000001 0.0625 0
1.0680000000000001 0.09375 0
1.0680000000000001 0.125 0
1.0680000000000001 0.15625 0
1.0680000000000001 0.1875 0
1.0680000000000001 0.21875 0
1.0680000000000001 0.25 0
1.0680000000000001 0.28125 0
1.0680000000000001 0.3125 0
1.0680000000000001 0.34375 0
1.0680000000000001 0.375 0
1.0680000000000001 0.40625 0
1.0680000000000001 0.4375 0
1.0680000000000001 0.46875 0
1.0680000000000001 0.5 0
1.0680000000000001 0.53125 0
1.0680000000000001 0.5625 0
1.0680000000000001 0.59375 0
1.0680000000000001 0.625 0
1.0680000000000001 0.65625 0
1.0680000000000001 0.6875 0
1.0680000000000001 0.71875 0
1.0680000000000001 0.75 0
1.0680000000000001 0.78125 0
1.0680000000000001 0.8125 0
1.0680000000000001 0.84375 0
1.0680000000000001 0.875 0
1.0680000000000001 0.90625 0
1.0680000000000001 0.9375 0
1.0680000000000001 0.96875 0
1.0680000000000001 0.98046875 0
1.0680000000000001 0.9921875 0
1.0680000000000001 1.00390625 0
1.0680000000000001 1.012 0
1.0718750000000001 -0.0625 0
1.0718750000000001 -0.0390625 0
1.0718750000000001 -0.015625 0
1.0718750000000001 -0.012 0
1.0718750000000001 1.012 0
1.0718750000000001 1.015625 0
1.0718750000000001 1.0390625 0
1.0718750000000001 1.0625 0
1.0800000000000001 0 0
1.0800000000000001 0.03125 0
1.0800000000000001 0.0625 0
1.0800000000000001 0.09375 0
1.0800000000000001 0.125 0
1.0800000000000001 0.15625 0
1.0800000000000001 0.1875 0
1.0800000000000001 0.21875 0
1.0800000000000001 0.25 0
1.0800000000000001 0.28125 0
1.0800000000000001 0.3125 0
1.0800000000000001 0.34375 0
1.0800000000000001 0.375 0
1.0800000000000001 0.40625 0
1.0800000000000001 0.4375 0
1.0800000000000001 0.46875 0
1.0800000000000001 0.5 0
1.0800000000000001 0.53125 0
1.0800000000000001 0.5625 0
1.0800000000000001 0.59375 0
1.0800000000000001 0.625 0
1.0800000000000001 0.65625 0
1.0800000000000001 0.6875 0
1.0800000000000001 0.71875 0
1.0800000000000001 0.75 0
1.0800000000000001 0.78125 0
1.0800000000000001 0.8125 0
1.0800000000000001 0.84375 0
1.0800000000000001 0.875 0
1.0800000000000001 0.90625 0
1.0800000000000001 0.9375 0
1.0800000000000001 0.96875 0
1.0800000000000001 1 0
1.0878125000000001 -0.015625 0
1.0878125000000001 -0.012 0
1.0878125000000001 1.012 0
1.0878125000000001 1.015625 0
1.10375 -0.15625 0
1.10375 -0.109375 0
1.10375 -0.0859375 0
1.10375 -0.0625 0
1.10375 -0.0390625 0
1.10375 -0.02734375 0
1.10375 -0.015625 0
1.10375 -0.012 0
1.10375 1.012 0
1.10375 1.015625 0
1.10375 1.02734375 0
1.10375 1.0390625 0
1.10375 1.0625 0
1.10375 1.0859375 0
1.10375 1.109375 0
1.10375 1.15625 0
1.1112500000000001 -0.0258 0
1.1112500000000001 -0.015625 0
1.1112500000000001 -0.012 0
1.1112500000000001 0 0
1.1112500000000001 1 0
1.1112500000000001 1.012 0
1.1112500000000001 1.015625 0
1.1112500000000001 1.0258 0
1.1196874999999999 -0.0390625 0
1.1196874999999999 -0.02734375 0
1.1196874999999999 -0.0258 0
1.1196874999999999 1.0258 0
1.1196874999999999 1.02734375 0
1.1196874999999999 1.0390625 0
1.1356250000000001 -0.109375 0
1.1356250000000001 -0.0859375 0
1.1356250000000001 -0.0625 0
1.1356250000000001 -0.05078125 0
1.1356250000000001 -0.0390625 0
1.1356250000000001 -0.02734375 0
1.1356250000000001 -0.0258 0
1.1356250000000001 1.0258 0
1.1356250000000001 1.02734375 0
1.1356250000000001 1.0390625 0
1.1356250000000001 1.05078125 0
1.1356250000000001 1.0625 0
1.1356250000000001 1.0859375 0
1.1356250000000001 1.109375 0
1.1425000000000001 -0.041669999999999999 0
1.1425000000000001 -0.0390625 0
1.1425000000000001 -0.0258 0
1.1425000000000001 -0.012 0
1.1425000000000001 0 0
1.1425000000000001 1 0
1.1425000000000001 1.012 0
1.1425000000000001 1.0258 0
1.1425000000000001 1.0390625 0
1.1425000000000001 1.0416700000000001 0
1.1515625 -0.0625 0
1.1515625 -0.05078125 0
1.1515625 -0.041669999999999999 0
1.1515625 1.0416700000000001 0
1.1515625 1.05078125 0
1.1515625 1.0625 0
1.1675 -0.4375 0
1.1675 -0.34375 0
1.1675 -0.25 0
1.1675 -0.203125 0
1.1675 -0.15625 0
1.1675 -0.109375 0
1.1675 -0.0859375 0
1.1675 -0.0625 0
1.1675 -0.05078125 0
1.1675 -0.041669999999999999 0
1.1675 1.0416700000000001 0
1.1675 1.05078125 0
1.1675 1.0625 0
1.1675 1.0859375 0
1.1675 1.109375 0
1.1675 1.15625 0
1.1675 1.203125 0
1.1675 1.25 0
1.1675 1.34375 0
1.1675 1.4375 0
1.1737500000000001 -0.059920499999999995 0
1.1737500000000001 -0.05078125 0
1.1737500000000001 -0.041669999999999999 0
1.1737500000000001 -0.0258 0
1.1737500000000001 -0.012 0
1.1737500000000001 0 0
1.1737500000000001 1 0
1.1737500000000001 1.012 0
1.1737500000000001 1.0258 0
1.1737500000000001 1.0416700000000001 0
1.1737500000000001 1.05078125 0
1.1737500000000001 1.0599205 0
1.1834375000000001 -0.0625 0
1.1834375000000001 -0.059920499999999995 0
1.1834375000000001 1.0599205 0
1.1834375000000001 1.0625 0
1.1993750000000001 -0.109375 0
1.1993750000000001 -0.0859375 0
1.1993750000000001 -0.07421875 0
1.1993750000000001 -0.0625 0
1.1993750000000001 -0.059920499999999995 0
1.1993750000000001 1.0599205 0
1.1993750000000001 1.0625 0
1.1993750000000001 1.07421875 0
1.1993750000000001 1.0859375 0
1.1993750000000001 1.109375 0
1.2050000000000001 -0.07817099999999999 0
1.2050000000000001 -0.07421875 0
1.2050000000000001 -0.059920499999999995 0
1.2050000000000001 -0.041669999999999999 0
1.2050000000000001 -0.0258 0
1.2050000000000001 -0.012 0
1.2050000000000001 0 0
1.2050000000000001 1 0
1.2050000000000001 1.012 0
1.2050000000000001 1.0258 0
1.2050000000000001 1.0416700000000001 0
1.2050000000000001 1.0599205 0
1.2050000000000001 1.07421875 0
1.2050000000000001 1.078171 0
1.2153125 -0.0859375 0
1.2153125 -0.07817099999999999 0
1.2153125 1.078171 0
1.2153125 1.0859375 0
1.23125 -0.25 0
1.23125 -0.203125 0
1.23125 -0.1796875 0
1.23125 -0.15625 0
1.23125 -0.1328125 0
1.23125 -0.109375 0
1.23125 -0.09765625 0
1.23125 -0.0859375 0
1.23125 -0.07817099999999999 0
1.23125 1.078171 0
1.23125 1.0859375 0
1.23125 1.09765625 0
1.23125 1.109375 0
1.23125 1.1328125 0
1.23125 1.15625 0
1.23125 1.1796875 0
1.23125 1.203125 0
1.23125 1.25 0
1.2362500000000001 -0.10645927499999999 0
1.2362500000000001 -0.09765625 0
1.2362500000000001 -0.0859375 0
1.2362500000000001 -0.07817099999999999 0
1.2362500000000001 -0.059920499999999995 0
1.2362500000000001 -0.041669999999999999 0
1.2362500000000001 -0.0258 0
1.2362500000000001 -0.012 0
1.2362500000000001 0 0
1.2362500000000001 1 0
1.2362500000000001 1.012 0
1.2362500000000001 1.0258 0
1.2362500000000001 1.0416700000000001 0
1.2362500000000001 1.0599205 0
1.2362500000000001 1.078171 0
1.2362500000000001 1.0859375 0
1.2362500000000001 1.09765625 0
1.2362500000000001 1.106459275 0
1.2471875000000001 -0.109375 0
1.2471875000000001 -0.10645927499999999 0
1.2471875000000001 1.106459275 0
1.2471875000000001 1.109375 0
1.2631250000000001 -0.203125 0
1.2631250000000001 -0.1796875 0
1.2631250000000001 -0.15625 0
1.2631250000000001 -0.14453125 0
1.2631250000000001 -0.1328125 0
1.2631250000000001 -0.12109375 0
1.2631250000000001 -0.109375 0
1.2631250000000001 -0.10645927499999999 0
1.2631250000000001 1.106459275 0
1.2631250000000001 1.109375 0
1.2631250000000001 1.12109375 0
1.2631250000000001 1.1328125 0
1.2631250000000001 1.14453125 0
1.2631250000000001 1.15625 0
1.2631250000000001 1.1796875 0
1.2631250000000001 1.203125 0
1.2675000000000001 -0.15030610124999996 0
1.2675000000000001 -0.14453125 0
1.2675000000000001 -0.1328125 0
1.2675000000000001 -0.12109375 0
1.2675000000000001 -0.10645927499999999 0
1.2675000000000001 -0.07817099999999999 0
1.2675000000000001 -0.059920499999999995 0
1.2675000000000001 -0.041669999999999999 0
1.2675000000000001 -0.0258 0
1.2675000000000001 -0.012 0
1.2675000000000001 0 0
1.2675000000000001 1 0
1.2675000000000001 1.012 0
1.2675000000000001 1.0258 0
1.2675000000000001 1.0416700000000001 0
1.2675000000000001 1.0599205 0
1.2675000000000001 1.078171 0
1.2675000000000001 1.106459275 0
1.2675000000000001 1.12109375 0
1.2675000000000001 1.1328125 0
1.2675000000000001 1.14453125 0
1.2675000000000001 1.15030610125 0
1.2790625 -0.15625 0
1.2790625 -0.15030610124999996 0
1.2790625 1.15030610125 0
1.2790625 1.15625 0
1.2949999999999999 -0.625 0
1.2949999999999999 -0.4375 0
1.2949999999999999 -0.34375 0
1.2949999999999999 -0.25 0
1.2949999999999999 -0.203125 0
1.2949999999999999 -0.1796875 0
1.2949999999999999 -0.15625 0
1.2949999999999999 -0.15030610124999996 0
1.2949999999999999 1.15030610125 0
1.2949999999999999 1.15625 0
1.2949999999999999 1.1796875 0
1.2949999999999999 1.203125 0
1.2949999999999999 1.25 0
1.2949999999999999 1.34375 0
1.2949999999999999 1.4375 0
1.2949999999999999 1.625 0
1.2987500000000001 -0.15030610124999996 0
1.2987500000000001 -0.10645927499999999 0
1.2987500000000001 -0.07817099999999999 0
1.2987500000000001 -0.059920499999999995 0
1.2987500000000001 -0.041669999999999999 0
1.2987500000000001 -0.0258 0
1.2987500000000001 -0.012 0
1.2987500000000001 0 0
1.2987500000000001 1 0
1.2987500000000001 1.012 0
1.2987500000000001 1.0258 0
1.2987500000000001 1.0416700000000001 0
1.2987500000000001 1.0599205 0
1.2987500000000001 1.078171 0
1.2987500000000001 1.106459275 0
1.2987500000000001 1.15030610125 0
1.3109375000000001 -0.15625 0
1.3109375000000001 -0.15030610124999996 0
1.3109375000000001 1.15030610125 0
1.3109375000000001 1.15625 0
1.326875 -0.203125 0
1.326875 -0.1796875 0
1.326875 -0.15625 0
1.326875 -0.15030610124999996 0
1.326875 1.15030610125 0
1.326875 1.15625 0
1.326875 1.1796875 0
1.326875 1.203125 0
1.3300000000000001 -0.15030610124999996 0
1.3300000000000001 -0.10645927499999999 0
1.3300000000000001 -0.07817099999999999 0
1.3300000000000001 -0.059920499999999995 0
1.3300000000000001 -0.041669999999999999 0
1.3300000000000001 -0.0258 0
1.3300000000000001 -0.012 0
1.3300000000000001 0 0
1.3300000000000001 1 0
1.3300000000000001 1.012 0
1.3300000000000001 1.0258 0
1.3300000000000001 1.0416700000000001 0
1.3300000000000001 1.0599205 0
1.3300000000000001 1.078171 0
1.3300000000000001 1.106459275 0
1.3300000000000001 1.15030610125 0
1.3428125 -0.15625 0
1.3428125 -0.15030610124999996 0
1.3428125 1.15030610125 0
1.3428125 1.15625 0
1.3587500000000001 -0.25 0
1.3587500000000001 -0.203125 0
1.3587500000000001 -0.1796875 0
1.3587500000000001 -0.15625 0
1.3587500000000001 -0.15030610124999996 0
1.3587500000000001 1.15030610125 0
1.3587500000000001 1.15625 0
1.3587500000000001 1.1796875 0
1.3587500000000001 1.203125 0
1.3587500000000001 1.25 0
1.3612500000000001 -0.15030610124999996 0
1.3612500000000001 -0.10645927499999999 0
1.3612500000000001 -0.07817099999999999 0
1.3612500000000001 -0.059920499999999995 0
1.3612500000000001 -0.041669999999999999 0
1.3612500000000001 -0.0258 0
1.3612500000000001 -0.012 0
1.3612500000000001 0 0
1.3612500000000001 1 0
1.3612500000000001 1.012 0
1.3612500000000001 1.0258 0
1.3612500000000001 1.0416700000000001 0
1.3612500000000001 1.0599205 0
1.3612500000000001 1.078171 0
1.3612500000000001 1.106459275 0
1.3612500000000001 1.15030610125 0
1.3746875000000001 -0.15625 0
1.3746875000000001 -0.15030610124999996 0
1.3746875000000001 1.15030610125 0
1.3746875000000001 1.15625 0
1.390625 -0.203125 0
1.390625 -0.1796875 0
1.390625 -0.15625 0
1.390625 -0.15030610124999996 0
1.390625 1.15030610125 0
1.390625 1.15625 0
1.390625 1.1796875 0
1.390625 1.203125 0
1.3925000000000001 -0.15030610124999996 0
1.3925000000000001 -0.10645927499999999 0
1.3925000000000001 -0.07817099999999999 0
1.3925000000000001 -0.059920499999999995 0
1.3925000000000001 -0.041669999999999999 0
1.3925000000000001 -0.0258 0
1.3925000000000001 -0.012 0
1.3925000000000001 0 0
1.3925000000000001 1 0
1.3925000000000001 1.012 0
1.3925000000000001 1.0258 0
1.3925000000000001 1.0416700000000001 0
1.3925000000000001 1.0599205 0
1.3925000000000001 1.078171 0
1.3925000000000001 1.106459275 0
1.3925000000000001 1.15030610125 0
1.4065624999999999 -0.15625 0
1.4065624999999999 -0.15030610124999996 0
1.4065624999999999 1.15030610125 0
1.4065624999999999 1.15625 0
1.4225000000000001 -0.4375 0
1.4225000000000001 -0.34375 0
1.4225000000000001 -0.25 0
1.4225000000000001 -0.203125 0
1.4225000000000001 -0.1796875 0
1.4225000000000001 -0.15625 0
1.4225000000000001 -0.15030610124999996 0
1.4225000000000001 1.15030610125 0
1.4225000000000001 1.15625 0
1.4225000000000001 1.1796875 0
1.4225000000000001 1.203125 0
1.4225000000000001 1.25 0
1.4225000000000001 1.34375 0
1.4225000000000001 1.4375 0
1.4237500000000001 -0.15030610124999996 0
1.4237500000000001 -0.10645927499999999 0
1.4237500000000001 -0.07817099999999999 0
1.4237500000000001 -0.059920499999999995 0
1.4237500000000001 -0.041669999999999999 0
1.4237500000000001 -0.0258 0
1.4237500000000001 -0.012 0
1.4237500000000001 0 0
1.4237500000000001 1 0
1.4237500000000001 1.012 0
1.4237500000000001 1.0258 0
1.4237500000000001 1.0416700000000001 0
1.4237500000000001 1.0599205 0
1.4237500000000001 1.078171 0
1.4237500000000001 1.106459275 0
1.4237500000000001 1.15030610125 0
1.4384375 -0.15625 0
1.4384375 -0.15030610124999996 0
1.4384375 1.15030610125 0
1.4384375 1.15625 0
1.454375 -0.203125 0
1.454375 -0.1796875 0
1.454375 -0.15625 0
1.454375 -0.15030610124999996 0
1.454375 1.15030610125 0
1.454375 1.15625 0
1.454375 1.1796875 0
1.454375 1.203125 0
1.4550000000000001 -0.15030610124999996 0
1.4550000000000001 -0.10645927499999999 0
1.4550000000000001 -0.07817099999999999 0
1.4550000000000001 -0.059920499999999995 0
1.4550000000000001 -0.041669999999999999 0
1.4550000000000001 -0.0258 0
1.4550000000000001 -0.012 0
1.4550000000000001 0 0
1.4550000000000001 1 0
1.4550000000000001 1.012 0
1.4550000000000001 1.0258 0
1.4550000000000001 1.0416700000000001 0
1.4550000000000001 1.0599205 0
1.4550000000000001 1.078171 0
1.4550000000000001 1.106459275 0
1.4550000000000001 1.15030610125 0
1.4703125000000001 -0.15625 0
1.4703125000000001 -0.15030610124999996 0
1.4703125000000001 1.15030610125 0
1.4703125000000001 1.15625 0
1.4862500000000001 -0.25 0
1.4862500000000001 -0.203125 0
1.4862500000000001 -0.1796875 0
1.4862500000000001 -0.15625 0
1.4862500000000001 -0.15030610124999996 0
1.4862500000000001 -0.10645927499999999 0
1.4862500000000001 -0.07817099999999999 0
1.4862500000000001 -0.059920499999999995 0
1.4862500000000001 -0.041669999999999999 0
1.4862500000000001 -0.0258 0
1.4862500000000001 -0.012 0
1.4862500000000001 0 0
1.4862500000000001 1 0
1.4862500000000001 1.012 0
1.4862500000000001 1.0258 0
1.4862500000000001 1.0416700000000001 0
1.4862500000000001 1.0599205 0
1.4862500000000001 1.078171 0
1.4862500000000001 1.106459275 0
1.4862500000000001 1.15030610125 0
1.4862500000000001 1.15625 0
1.4862500000000001 1.1796875 0
1.4862500000000001 1.203125 0
1.4862500000000001 1.25 0
1.5021875 -0.15625 0
1.5021875 -0.15030610124999996 0
1.5021875 1.15030610125 0
1.5021875 1.15625 0
1.5175000000000001 -0.15030610124999996 0
1.5175000000000001 -0.10645927499999999 0
1.5175000000000001 -0.07817099999999999 0
1.5175000000000001 -0.059920499999999995 0
1.5175000000000001 -0.041669999999999999 0
1.5175000000000001 -0.0258 0
1.5175000000000001 -0.012 0
1.5175000000000001 0 0
1.5175000000000001 1 0
1.5175000000000001 1.012 0
1.5175000000000001 1.0258 0
1.5175000000000001 1.0416700000000001 0
1.5175000000000001 1.0599205 0
1.5175000000000001 1.078171 0
1.5175000000000001 1.106459275 0
1.5175000000000001 1.15030610125 0
1.5181249999999999 -0.203125 0
1.5181249999999999 -0.1796875 0
1.5181249999999999 -0.15625 0
1.5181249999999999 -0.15030610124999996 0
1.5181249999999999 1.15030610125 0
1.5181249999999999 1.15625 0
1.5181249999999999 1.1796875 0
1.5181249999999999 1.203125 0
1.5340625000000001 -0.15625 0
1.5340625000000001 -0.15030610124999996 0
1.5340625000000001 1.15030610125 0
1.5340625000000001 1.15625 0
1.5487500000000001 -0.15030610124999996 0
1.5487500000000001 -0.10645927499999999 0
1.5487500000000001 -0.07817099999999999 0
1.5487500000000001 -0.059920499999999995 0
1.5487500000000001 -0.041669999999999999 0
1.5487500000000001 -0.0258 0
1.5487500000000001 -0.012 0
1.5487500000000001 0 0
1.5487500000000001 1 0
1.5487500000000001 1.012 0
1.5487500000000001 1.0258 0
1.5487500000000001 1.0416700000000001 0
1.5487500000000001 1.0599205 0
1.5487500000000001 1.078171 0
1.5487500000000001 1.106459275 0
1.5487500000000001 1.15030610125 0
1.55 -1 0
1.55 -0.625 0
1.55 -0.4375 0
1.55 -0.34375 0
1.55 -0.25 0
1.55 -0.203125 0
1.55 -0.1796875 0
1.55 -0.15625 0
1.55 -0.15030610124999996 0
1.55 1.15030610125 0
1.55 1.15625 0
1.55 1.1796875 0
1.55 1.203125 0
1.55 1.25 0
1.55 1.34375 0
1.55 1.4375 0
1.55 1.625 0
1.55 2 0
1.5659375 -0.15625 0
1.5659375 -0.15030610124999996 0
1.5659375 1.15030610125 0
1.5659375 1.15625 0
1.5800000000000001 -0.15030610124999996 0
1.5800000000000001 -0.10645927499999999 0
1.5800000000000001 -0.07817099999999999 0
1.5800000000000001 -0.059920499999999995 0
1.5800000000000001 -0.041669999999999999 0
1.5800000000000001 -0.0258 0
1.5800000000000001 -0.012 0
1.5800000000000001 0 0
1.5800000000000001 1 0
1.5800000000000001 1.012 0
1.5800000000000001 1.0258 0
1.5800000000000001 1.0416700000000001 0
1.5800000000000001 1.0599205 0
1.5800000000000001 1.078171 0
1.5800000000000001 1.106459275 0
1.5800000000000001 1.15030610125 0
1.5818750000000001 -0.203125 0
1.5818750000000001 -0.1796875 0
1.5818750000000001 -0.15625 0
1.5818750000000001 -0.15030610124999996 0
1.5818750000000001 1.15030610125 0
1.5818750000000001 1.15625 0
1.5818750000000001 1.1796875 0
1.5818750000000001 1.203125 0
1.5978125000000001 -0.15625 0
1.5978125000000001 -0.15030610124999996 0
1.5978125000000001 1.15030610125 0
1.5978125000000001 1.15625 0
1.6112500000000001 -0.15030610124999996 0
1.6112500000000001 -0.10645927499999999 0
1.6112500000000001 -0.07817099999999999 0
1.6112500000000001 -0.059920499999999995 0
1.6112500000000001 -0.041669999999999999 0
1.6112500000000001 -0.0258 0
1.6112500000000001 -0.012 0
1.6112500000000001 0 0
1.6112500000000001 1 0
1.6112500000000001 1.012 0
1.6112500000000001 1.0258 0
1.6112500000000001 1.0416700000000001 0
1.6112500000000001 1.0599205 0
1.6112500000000001 1.078171 0
1.6112500000000001 1.106459275 0
1.6112500000000001 1.15030610125 0
1.61375 -0.25 0
1.61375 -0.203125 0
1.61375 -0.1796875 0
1.61375 -0.15625 0
1.61375 -0.15030610124999996 0
1.61375 1.15030610125 0
1.61375 1.15625 0
1.61375 1.1796875 0
1.61375 1.203125 0
1.61375 1.25 0
1.6296875 -0.15625 0
1.6296875 -0.15030610124999996 0
1.6296875 1.15030610125 0
1.6296875 1.15625 0
1.6425000000000001 -0.15030610124999996 0
1.6425000000000001 -0.10645927499999999 0
1.6425000000000001 -0.07817099999999999 0
1.6425000000000001 -0.059920499999999995 0
1.6425000000000001 -0.041669999999999999 0
1.6425000000000001 -0.0258 0
1.6425000000000001 -0.012 0
1.6425000000000001 0 0
1.6425000000000001 1 0
1.6425000000000001 1.012 0
1.6425000000000001 1.0258 0
1.6425000000000001 1.0416700000000001 0
1.6425000000000001 1.0599205 0
1.6425000000000001 1.078171 0
1.6425000000000001 1.106459275 0
1.6425000000000001 1.15030610125 0
1.6456250000000001 -0.203125 0
1.6456250000000001 -0.1796875 0
1.6456250000000001 -0.15625 0
1.6456250000000001 -0.15030610124999996 0
1.6456250000000001 1.15030610125 0
1.6456250000000001 1.15625 0
1.6456250000000001 1.1796875 0
1.6456250000000001 1.203125 0
1.6615625000000001 -0.15625 0
1.6615625000000001 -0.15030610124999996 0
1.6615625000000001 1.15030610125 0
1.6615625000000001 1.15625 0
1.6737500000000001 -0.15030610124999996 0
1.6737500000000001 -0.10645927499999999 0
1.6737500000000001 -0.07817099999999999 0
1.6737500000000001 -0.059920499999999995 0
1.6737500000000001 -0.041669999999999999 0
1.6737500000000001 -0.0258 0
1.6737500000000001 -0.012 0
1.6737500000000001 0 0
1.6737500000000001 1 0
1.6737500000000001 1.012 0
1.6737500000000001 1.0258 0
1.6737500000000001 1.0416700000000001 0
1.6737500000000001 1.0599205 0
1.6737500000000001 1.078171 0
1.6737500000000001 1.106459275 0
1.6737500000000001 1.15030610125 0
1.6775 -0.4375 0
1.6775 -0.34375 0
1.6775 -0.25 0
1.6775 -0.203125 0
1.6775 -0.1796875 0
1.6775 -0.15625 0
1.6775 -0.15030610124999996 0
1.6775 1.15030610125 0
1.6775 1.15625 0
1.6775 1.1796875 0
1.6775 1.203125 0
1.6775 1.25 0
1.6775 1.34375 0
1.6775 1.4375 0
1.6934375000000002 -0.15625 0
1.6934375000000002 -0.15030610124999996 0
1.6934375000000002 1.15030610125 0
1.6934375000000002 1.15625 0
1.7050000000000001 -0.15030610124999996 0
1.7050000000000001 -0.10645927499999999 0
1.7050000000000001 -0.07817099999999999 0
1.7050000000000001 -0.059920499999999995 0
1.7050000000000001 -0.041669999999999999 0
1.7050000000000001 -0.0258 0
1.7050000000000001 -0.012 0
1.7050000000000001 0 0
1.7050000000000001 1 0
1.7050000000000001 1.012 0
1.7050000000000001 1.0258 0
1.7050000000000001 1.0416700000000001 0
1.7050000000000001 1.0599205 0
1.7050000000000001 1.078171 0
1.7050000000000001 1.106459275 0
1.7050000000000001 1.15030610125 0
1.7093750000000001 -0.203125 0
1.7093750000000001 -0.1796875 0
1.7093750000000001 -0.15625 0
1.7093750000000001 -0.15030610124999996 0
1.7093750000000001 1.15030610125 0
1.7093750000000001 1.15625 0
1.7093750000000001 1.1796875 0
1.7093750000000001 1.203125 0
1.7253125 -0.15625 0
1.7253125 -0.15030610124999996 0
1.7253125 1.15030610125 0
1.7253125 1.15625 0
1.7362500000000001 -0.15030610124999996 0
1.7362500000000001 -0.10645927499999999 0
1.7362500000000001 -0.07817099999999999 0
1.7362500000000001 -0.059920499999999995 0
1.7362500000000001 -0.041669999999999999 0
1.7362500000000001 -0.0258 0
1.7362500000000001 -0.012 0
1.7362500000000001 0 0
1.7362500000000001 1 0
1.7362500000000001 1.012 0
1.7362500000000001 1.0258 0
1.7362500000000001 1.0416700000000001 0
1.7362500000000001 1.0599205 0
1.7362500000000001 1.078171 0
1.7362500000000001 1.106459275 0
1.7362500000000001 1.15030610125 0
1.74125 -0.25 0
1.74125 -0.203125 0
1.74125 -0.1796875 0
1.74125 -0.15625 0
1.74125 -0.15030610124999996 0
1.74125 1.15030610125 0
1.74125 1.15625 0
1.74125 1.1796875 0
1.74125 1.203125 0
1.74125 1.25 0
1.7571875000000001 -0.15625 0
1.7571875000000001 -0.15030610124999996 0
1.7571875000000001 1.15030610125 0
1.7571875000000001 1.15625 0
1.7675000000000001 -0.15030610124999996 0
1.7675000000000001 -0.10645927499999999 0
1.7675000000000001 -0.07817099999999999 0
1.7675000000000001 -0.059920499999999995 0
1.7675000000000001 -0.041669999999999999 0
1.7675000000000001 -0.0258 0
1.7675000000000001 -0.012 0
1.7675000000000001 0 0
1.7675000000000001 1 0
1.7675000000000001 1.012 0
1.7675000000000001 1.0258 0
1.7675000000000001 1.0416700000000001 0
1.7675000000000001 1.0599205 0
1.7675000000000001 1.078171 0
1.7675000000000001 1.106459275 0
1.7675000000000001 1.15030610125 0
1.7731250000000001 -0.203125 0
1.7731250000000001 -0.1796875 0
1.7731250000000001 -0.15625 0
1.7731250000000001 -0.15030610124999996 0
1.7731250000000001 1.15030610125 0
1.7731250000000001 1.15625 0
1.7731250000000001 1.1796875 0
1.7731250000000001 1.203125 0
1.7890625 -0.15625 0
1.7890625 -0.15030610124999996 0
1.7890625 1.15030610125 0
1.7890625 1.15625 0
1.7987500000000001 -0.15030610124999996 0
1.7987500000000001 -0.10645927499999999 0
1.7987500000000001 -0.07817099999999999 0
1.7987500000000001 -0.059920499999999995 0
1.7987500000000001 -0.041669999999999999 0
1.7987500000000001 -0.0258 0
1.7987500000000001 -0.012 0
1.7987500000000001 0 0
1.7987500000000001 1 0
1.7987500000000001 1.012 0
1.7987500000000001 1.0258 0
1.7987500000000001 1.0416700000000001 0
1.7987500000000001 1.0599205 0
1.7987500000000001 1.078171 0
1.7987500000000001 1.106459275 0
1.7987500000000001 1.15030610125 0
1.8050000000000002 -0.625 0
1.8050000000000002 -0.4375 0
1.8050000000000002 -0.34375 0
1.8050000000000002 -0.25 0
1.8050000000000002 -0.203125 0
1.8050000000000002 -0.1796875 0
1.8050000000000002 -0.15625 0
1.8050000000000002 -0.15030610124999996 0
1.8050000000000002 1.15030610125 0
1.8050000000000002 1.15625 0
1.8050000000000002 1.1796875 0
1.8050000000000002 1.203125 0
1.8050000000000002 1.25 0
1.8050000000000002 1.34375 0
1.8050000000000002 1.4375 0
1.8050000000000002 1.625 0
1.8209375000000001 -0.15625 0
1.8209375000000001 -0.15030610124999996 0
1.8209375000000001 1.15030610125 0
1.8209375000000001 1.15625 0
1.8300000000000001 -0.15030610124999996 0
1.8300000000000001 -0.10645927499999999 0
1.8300000000000001 -0.07817099999999999 0
1.8300000000000001 -0.059920499999999995 0
1.8300000000000001 -0.041669999999999999 0
1.8300000000000001 -0.0258 0
1.8300000000000001 -0.012 0
1.8300000000000001 0 0
1.8300000000000001 1 0
1.8300000000000001 1.012 0
1.8300000000000001 1.0258 0
1.8300000000000001 1.0416700000000001 0
1.8300000000000001 1.0599205 0
1.8300000000000001 1.078171 0
1.8300000000000001 1.106459275 0
1.8300000000000001 1.15030610125 0
1.836875 -0.203125 0
1.836875 -0.1796875 0
1.836875 -0.15625 0
1.836875 -0.15030610124999996 0
1.836875 1.15030610125 0
1.836875 1.15625 0
1.836875 1.1796875 0
1.836875 1.203125 0
1.8528125 -0.15625 0
1.8528125 -0.15030610124999996 0
1.8528125 1.15030610125 0
1.8528125 1.15625 0
1.8612500000000001 -0.15030610124999996 0
1.8612500000000001 -0.10645927499999999 0
1.8612500000000001 -0.07817099999999999 0
1.8612500000000001 -0.059920499999999995 0
1.8612500000000001 -0.041669999999999999 0
1.8612500000000001 -0.0258 0
1.8612500000000001 -0.012 0
1.8612500000000001 0 0
1.8612500000000001 1 0
1.8612500000000001 1.012 0
1.8612500000000001 1.0258 0
1.8612500000000001 1.0416700000000001 0
1.8612500000000001 1.0599205 0
1.8612500000000001 1.078171 0
1.8612500000000001 1.106459275 0
1.8612500000000001 1.15030610125 0
1.8687500000000001 -0.25 0
1.8687500000000001 -0.203125 0
1.8687500000000001 -0.1796875 0
1.8687500000000001 -0.15625 0
1.8687500000000001 -0.15030610124999996 0
1.8687500000000001 1.15030610125 0
1.8687500000000001 1.15625 0
1.8687500000000001 1.1796875 0
1.8687500000000001 1.203125 0
1.8687500000000001 1.25 0
1.8846875000000001 -0.15625 0
1.8846875000000001 -0.15030610124999996 0
1.8846875000000001 1.15030610125 0
1.8846875000000001 1.15625 0
1.8925000000000001 -0.15030610124999996 0
1.8925000000000001 -0.14453125 0
1.8925000000000001 -0.1328125 0
1.8925000000000001 -0.12109375 0
1.8925000000000001 -0.109375 0
1.8925000000000001 -0.10645927499999999 0
1.8925000000000001 -0.07817099999999999 0
1.8925000000000001 -0.059920499999999995 0
1.8925000000000001 -0.041669999999999999 0
1.8925000000000001 -0.0258 0
1.8925000000000001 -0.012 0
1.8925000000000001 0 0
1.8925000000000001 1 0
1.8925000000000001 1.012 0
1.8925000000000001 1.0258 0
1.8925000000000001 1.0416700000000001 0
1.8925000000000001 1.0599205 0
1.8925000000000001 1.078171 0
1.8925000000000001 1.106459275 0
1.8925000000000001 1.109375 0
1.8925000000000001 1.12109375 0
1.8925000000000001 1.1328125 0
1.8925000000000001 1.14453125 0
1.8925000000000001 1.15030610125 0
1.900625 -0.203125 0
1.900625 -0.1796875 0
1.900625 -0.15625 0
1.900625 -0.14453125 0
1.900625 -0.1328125 0
1.900625 -0.12109375 0
1.900625 -0.109375 0
1.900625 -0.10645927499999999 0
1.900625 1.106459275 0
1.900625 1.109375 0
1.900625 1.12109375 0
1.900625 1.1328125 0
1.900625 1.14453125 0
1.900625 1.15625 0
1.900625 1.1796875 0
1.900625 1.203125 0
1.9165624999999999 -0.109375 0
1.9165624999999999 -0.10645927499999999 0
1.9165624999999999 1.106459275 0
1.9165624999999999 1.109375 0
1.9237500000000001 -0.10645927499999999 0
1.9237500000000001 -0.09765625 0
1.9237500000000001 -0.0859375 0
1.9237500000000001 -0.07817099999999999 0
1.9237500000000001 -0.059920499999999995 0
1.9237500000000001 -0.041669999999999999 0
1.9237500000000001 -0.0258 0
1.9237500000000001 -0.012 0
1.9237500000000001 0 0
1.9237500000000001 1 0
1.9237500000000001 1.012 0
1.9237500000000001 1.0258 0
1.9237500000000001 1.0416700000000001 0
1.9237500000000001 1.0599205 0
1.9237500000000001 1.078171 0
1.9237500000000001 1.0859375 0
1.9237500000000001 1.09765625 0
1.9237500000000001 1.106459275 0
1.9325000000000001 -0.4375 0
1.9325000000000001 -0.34375 0
1.9325000000000001 -0.25 0
1.9325000000000001 -0.203125 0
1.9325000000000001 -0.1796875 0
1.9325000000000001 -0.15625 0
1.9325000000000001 -0.1328125 0
1.9325000000000001 -0.109375 0
1.9325000000000001 -0.09765625 0
1.9325000000000001 -0.0859375 0
1.9325000000000001 -0.07817099999999999 0
1.9325000000000001 1.078171 0
1.9325000000000001 1.0859375 0
1.9325000000000001 1.09765625 0
1.9325000000000001 1.109375 0
1.9325000000000001 1.1328125 0
1.9325000000000001 1.15625 0
1.9325000000000001 1.1796875 0
1.9325000000000001 1.203125 0
1.9325000000000001 1.25 0
1.9325000000000001 1.34375 0
1.9325000000000001 1.4375 0
1.9484375 -0.0859375 0
1.9484375 -0.07817099999999999 0
1.9484375 1.078171 0
1.9484375 1.0859375 0
1.9550000000000001 -0.07817099999999999 0
1.9550000000000001 -0.07421875 0
1.9550000000000001 -0.0625 0
1.9550000000000001 -0.059920499999999995 0
1.9550000000000001 -0.041669999999999999 0
1.9550000000000001 -0.0258 0
1.9550000000000001 -0.012 0
1.9550000000000001 0 0
1.9550000000000001 1 0
1.9550000000000001 1.012 0
1.9550000000000001 1.0258 0
1.9550000000000001 1.0416700000000001 0
1.9550000000000001 1.0599205 0
1.9550000000000001 1.0625 0
1.9550000000000001 1.07421875 0
1.9550000000000001 1.078171 0
1.964375 -0.109375 0
1.964375 -0.0859375 0
1.964375 -0.07421875 0
1.964375 -0.0625 0
1.964375 -0.059920499999999995 0
1.964375 1.0599205 0
1.964375 1.0625 0
1.964375 1.07421875 0
1.964375 1.0859375 0
1.964375 1.109375 0
1.9803125000000001 -0.0625 0
1.9803125000000001 -0.059920499999999995 0
1.9803125000000001 1.0599205 0
1.9803125000000001 1.0625 0
1.9862500000000001 -0.059920499999999995 0
1.9862500000000001 -0.05078125 0
1.9862500000000001 -0.041669999999999999 0
1.9862500000000001 -0.0258 0
1.9862500000000001 -0.012 0
1.9862500000000001 0 0
1.9862500000000001 1 0
1.9862500000000001 1.012 0
1.9862500000000001 1.0258 0
1.9862500000000001 1.0416700000000001 0
1.9862500000000001 1.05078125 0
1.9862500000000001 1.0599205 0
1.9962500000000001 -0.25 0
1.9962500000000001 -0.203125 0
1.9962500000000001 -0.15625 0
1.9962500000000001 -0.109375 0
1.9962500000000001 -0.0859375 0
1.9962500000000001 -0.0625 0
1.9962500000000001 -0.05078125 0
1.9962500000000001 -0.041669999999999999 0
1.9962500000000001 1.0416700000000001 0
1.9962500000000001 1.05078125 0
1.9962500000000001 1.0625 0
1.9962500000000001 1.0859375 0
1.9962500000000001 1.109375 0
1.9962500000000001 1.15625 0
1.9962500000000001 1.203125 0
1.9962500000000001 1.25 0
2.0121875 -0.0625 0
2.0121875 -0.05078125 0
2.0121875 -0.041669999999999999 0
2.0121875 1.0416700000000001 0
2.0121875 1.05078125 0
2.0121875 1.0625 0
2.0175000000000001 -0.041669999999999999 0
2.0175000000000001 -0.0390625 0
2.0175000000000001 -0.0258 0
2.0175000000000001 -0.012 0
2.0175000000000001 0 0
2.0175000000000001 1 0
2.0175000000000001 1.012 0
2.0175000000000001 1.0258 0
2.0175000000000001 1.0390625 0
2.0175000000000001 1.0416700000000001 0
2.0281250000000002 -0.109375 0
2.0281250000000002 -0.0859375 0
2.0281250000000002 -0.0625 0
2.0281250000000002 -0.05078125 0
2.0281250000000002 -0.0390625 0
2.0281250000000002 -0.02734375 0
2.0281250000000002 -0.0258 0
2.0281250000000002 1.0258 0
2.0281250000000002 1.02734375 0
2.0281250000000002 1.0390625 0
2.0281250000000002 1.05078125 0
2.0281250000000002 1.0625 0
2.0281250000000002 1.0859375 0
2.0281250000000002 1.109375 0
2.0440624999999999 -0.0390625 0
2.0440624999999999 -0.02734375 0
2.0440624999999999 -0.0258 0
2.0440624999999999 1.0258 0
2.0440624999999999 1.02734375 0
2.0440624999999999 1.0390625 0
2.0487500000000001 -0.0258 0
2.0487500000000001 -0.015625 0
2.0487500000000001 -0.012 0
2.0487500000000001 0 0
2.0487500000000001 1 0
2.0487500000000001 1.012 0
2.0487500000000001 1.015625 0
2.0487500000000001 1.0258 0
2.0600000000000001 -1 0
2.0600000000000001 -0.625 0
2.0600000000000001 -0.4375 0
2.0600000000000001 -0.34375 0
2.0600000000000001 -0.25 0
2.0600000000000001 -0.203125 0
2.0600000000000001 -0.15625 0
2.0600000000000001 -0.109375 0
2.0600000000000001 -0.0859375 0
2.0600000000000001 -0.0625 0
2.0600000000000001 -0.0390625 0
2.0600000000000001 -0.02734375 0
2.0600000000000001 -0.015625 0
2.0600000000000001 -0.012 0
2.0600000000000001 1.012 0
2.0600000000000001 1.015625 0
2.0600000000000001 1.02734375 0
2.0600000000000001 1.0390625 0
2.0600000000000001 1.0625 0
2.0600000000000001 1.0859375 0
2.0600000000000001 1.109375 0
2.0600000000000001 1.15625 0
2.0600000000000001 1.203125 0
2.0600000000000001 1.25 0
2.0600000000000001 1.34375 0
2.0600000000000001 1.4375 0
2.0600000000000001 1.625 0
2.0600000000000001 2 0
2.0759375000000002 -0.015625 0
2.0759375000000002 -0.012 0
2.0759375000000002 1.012 0
2.0759375000000002 1.015625 0
2.0800000000000001 0 0
2.0800000000000001 0.03125 0
2.0800000000000001 0.0625 0
2.0800000000000001 0.09375 0
2.0800000000000001 0.125 0
2.0800000000000001 0.15625 0
2.0800000000000001 0.1875 0
2.0800000000000001 0.21875 0
2.0800000000000001 0.25 0
2.0800000000000001 0.28125 0
2.0800000000000001 0.3125 0
2.0800000000000001 0.34375 0
2.0800000000000001 0.375 0
2.0800000000000001 0.40625 0
2.0800000000000001 0.4375 0
2.0800000000000001 0.46875 0
2.0800000000000001 0.5 0
2.0800000000000001 0.53125 0
2.0800000000000001 0.5625 0
2.0800000000000001 0.59375 0
2.0800000000000001 0.625 0
2.0800000000000001 0.65625 0
2.0800000000000001 0.6875 0
2.0800000000000001 0.71875 0
2.0800000000000001 0.75 0
2.0800000000000001 0.78125 0
2.0800000000000001 0.8125 0
2.0800000000000001 0.84375 0
2.0800000000000001 0.875 0
2.0800000000000001 0.90625 0
2.0800000000000001 0.9375 0
2.0800000000000001 0.96875 0
2.0800000000000001 1 0
2.0918749999999999 -0.0625 0
2.0918749999999999 -0.0390625 0
2.0918749999999999 -0.015625 0
2.0918749999999999 -0.012 0
2.0918749999999999 1.012 0
2.0918749999999999 1.015625 0
2.0918749999999999 1.0390625 0
2.0918749999999999 1.0625 0
2.0920000000000001 -0.012 0
2.0920000000000001 -0.00390625 0
2.0920000000000001 0.0078125 0
2.0920000000000001 0.01953125 0
2.0920000000000001 0.03125 0
2.0920000000000001 0.0625 0
2.0920000000000001 0.09375 0
2.0920000000000001 0.125 0
2.0920000000000001 0.15625 0
2.0920000000000001 0.1875 0
2.0920000000000001 0.21875 0
2.0920000000000001 0.25 0
2.0920000000000001 0.28125 0
2.0920000000000001 0.3125 0
2.0920000000000001 0.34375 0
2.0920000000000001 0.375 0
2.0920000000000001 0.40625 0
2.0920000000000001 0.4375 0
2.0920000000000001 0.46875 0
2.0920000000000001 0.5 0
2.0920000000000001 0.53125 0
2.0920000000000001 0.5625 0
2.0920000000000001 0.59375 0
2.0920000000000001 0.625 0
2.0920000000000001 0.65625 0
2.0920000000000001 0.6875 0
2.0920000000000001 0.71875 0
2.0920000000000001 0.75 0
2.0920000000000001 0.78125 0
2.0920000000000001 0.8125 0
2.0920000000000001 0.84375 0
2.0920000000000001 0.875 0
2.0920000000000001 0.90625 0
2.0920000000000001 0.9375 0
2.0920000000000001 0.96875 0
2.0920000000000001 0.98046875 0
2.0920000000000001 0.9921875 0
2.0920000000000001 1.00390625 0
2.0920000000000001 1.012 0
2.1057999999999999 0.03125 0
2.1057999999999999 0.04296875 0
2.1057999999999999 0.0546875 0
2.1057999999999999 0.0625 0
2.1057999999999999 0.09375 0
2.1057999999999999 0.125 0
2.1057999999999999 0.15625 0
2.1057999999999999 0.1875 0
2.1057999999999999 0.21875 0
2.1057999999999999 0.25 0
2.1057999999999999 0.28125 0
2.1057999999999999 0.3125 0
2.1057999999999999 0.34375 0
2.1057999999999999 0.375 0
2.1057999999999999 0.40625 0
2.1057999999999999 0.4375 0
2.1057999999999999 0.46875 0
2.1057999999999999 0.5 0
2.1057999999999999 0.53125 0
2.1057999999999999 0.5625 0
2.1057999999999999 0.59375 0
2.1057999999999999 0.625 0
2.1057999999999999 0.65625 0
2.1057999999999999 0.6875 0
2.1057999999999999 0.71875 0
2.1057999999999999 0.75 0
2.1057999999999999 0.78125 0
2.1057999999999999 0.8125 0
2.1057999999999999 0.84375 0
2.1057999999999999 0.875 0
2.1057999999999999 0.90625 0
2.1057999999999999 0.9375 0
2.1057999999999999 0.9453125 0
2.1057999999999999 0.95703125 0
2.1057999999999999 0.96875 0
2.1078125000000001 -0.015625 0
2.1078125000000001 -0.00390625 0
2.1078125000000001 0.0078125 0
2.1078125000000001 0.01953125 0
2.1078125000000001 0.03125 0
2.1078125000000001 0.04296875 0
2.1078125000000001 0.0546875 0
2.1078125000000001 0.9453125 0
2.1078125000000001 0.95703125 0
2.1078125000000001 0.96875 0
2.1078125000000001 0.98046875 0
2.1078125000000001 0.9921875 0
2.1078125000000001 1.00390625 0
2.1078125000000001 1.015625 0
2.1216699999999999 0.0625 0
2.1216699999999999 0.06640625 0
2.1216699999999999 0.078125 0
2.1216699999999999 0.08984375 0
2.1216699999999999 0.09375 0
2.1216699999999999 0.125 0
2.1216699999999999 0.15625 0
2.1216699999999999 0.1875 0
2.1216699999999999 0.21875 0
2.1216699999999999 0.25 0
2.1216699999999999 0.28125 0
2.1216699999999999 0.3125 0
2.1216699999999999 0.34375 0
2.1216699999999999 0.375 0
2.1216699999999999 0.40625 0
2.1216699999999999 0.4375 0
2.1216699999999999 0.46875 0
2.1216699999999999 0.5 0
2.1216699999999999 0.53125 0
2.1216699999999999 0.5625 0
2.1216699999999999 0.59375 0
2.1216699999999999 0.625 0
2.1216699999999999 0.65625 0
2.1216699999999999 0.6875 0
2.1216699999999999 0.71875 0
2.1216699999999999 0.75 0
2.1216699999999999 0.78125 0
2.1216699999999999 0.8125 0
2.1216699999999999 0.84375 0
2.1216699999999999 0.875 0
2.1216699999999999 0.90625 0
2.1216699999999999 0.91015625 0
2.1216699999999999 0.921875 0
2.1216699999999999 0.93359375 0
2.1216699999999999 0.9375 0
2.1237500000000002 -0.15625 0
2.1237500000000002 -0.109375 0
2.1237500000000002 -0.0625 0
2.1237500000000002 -0.0390625 0
2.1237500000000002 -0.015625 0
2.1237500000000002 -0.00390625 0
2.1237500000000002 0.0078125 0
2.1237500000000002 0.01953125 0
2.1237500000000002 0.03125 0
2.1237500000000002 0.04296875 0
2.1237500000000002 0.0546875 0
2.1237500000000002 0.06640625 0
2.1237500000000002 0.078125 0
2.1237500000000002 0.08984375 0
2.1237500000000002 0.91015625 0
2.1237500000000002 0.921875 0
2.1237500000000002 0.93359375 0
2.1237500000000002 0.9453125 0
2.1237500000000002 0.95703125 0
2.1237500000000002 0.96875 0
2.1237500000000002 0.98046875 0
2.1237500000000002 0.9921875 0
2.1237500000000002 1.00390625 0
2.1237500000000002 1.015625 0
2.1237500000000002 1.0390625 0
2.1237500000000002 1.0625 0
2.1237500000000002 1.109375 0
2.1237500000000002 1.15625 0
2.1396875 0.078125 0
2.1396875 0.08984375 0
2.1396875 0.09375 0
2.1396875 0.90625 0
2.1396875 0.91015625 0
2.1396875 0.921875 0
2.1399205000000001 0.09375 0
2.1399205000000001 0.1015625 0
2.1399205000000001 0.11328125 0
2.1399205000000001 0.125 0
2.1399205000000001 0.15625 0
2.1399205000000001 0.1875 0
2.1399205000000001 0.21875 0
2.1399205000000001 0.25 0
2.1399205000000001 0.28125 0
2.1399205000000001 0.3125 0
2.1399205000000001 0.34375 0
2.1399205000000001 0.375 0
2.1399205000000001 0.40625 0
2.1399205000000001 0.4375 0
2.1399205000000001 0.46875 0
2.1399205000000001 0.5 0
2.1399205000000001 0.53125 0
2.1399205000000001 0.5625 0
2.1399205000000001 0.59375 0
2.1399205000000001 0.625 0
2.1399205000000001 0.65625 0
2.1399205000000001 0.6875 0
2.1399205000000001 0.71875 0
2.1399205000000001 0.75 0
2.1399205000000001 0.78125 0
2.1399205000000001 0.8125 0
2.1399205000000001 0.84375 0
2.1399205000000001 0.875 0
2.1399205000000001 0.88671875 0
2.1399205000000001 0.8984375 0
2.1399205000000001 0.90625 0
2.1556250000000001 -0.015625 0
2.1556250000000001 0.0078125 0
2.1556250000000001 0.03125 0
2.1556250000000001 0.0546875 0
2.1556250000000001 0.078125 0
2.1556250000000001 0.08984375 0
2.1556250000000001 0.1015625 0
2.1556250000000001 0.11328125 0
2.1556250000000001 0.125 0
2.1556250000000001 0.875 0
2.1556250000000001 0.88671875 0
2.1556250000000001 0.8984375 0
2.1556250000000001 0.91015625 0
2.1556250000000001 0.921875 0
2.1556250000000001 0.9453125 0
2.1556250000000001 0.96875 0
2.1556250000000001 0.9921875 0
2.1556250000000001 1.015625 0
2.1581710000000003 0.125 0
2.1581710000000003 0.13671875 0
2.1581710000000003 0.1484375 0
2.1581710000000003 0.15625 0
2.1581710000000003 0.1875 0
2.1581710000000003 0.21875 0
2.1581710000000003 0.25 0
2.1581710000000003 0.28125 0
2.1581710000000003 0.3125 0
2.1581710000000003 0.34375 0
2.1581710000000003 0.375 0
2.1581710000000003 0.40625 0
2.1581710000000003 0.4375 0
2.1581710000000003 0.46875 0
2.1581710000000003 0.5 0
2.1581710000000003 0.53125 0
2.1581710000000003 0.5625 0
2.1581710000000003 0.59375 0
2.1581710000000003 0.625 0
2.1581710000000003 0.65625 0
2.1581710000000003 0.6875 0
2.1581710000000003 0.71875 0
2.1581710000000003 0.75 0
2.1581710000000003 0.78125 0
2.1581710000000003 0.8125 0
2.1581710000000003 0.84375 0
2.1581710000000003 0.8515625 0
2.1581710000000003 0.86328125 0
2.1581710000000003 0.875 0
2.1715624999999998 0.1015625 0
2.1715624999999998 0.11328125 0
2.1715624999999998 0.125 0
2.1715624999999998 0.13671875 0
2.1715624999999998 0.1484375 0
2.1715624999999998 0.15625 0
2.1715624999999998 0.84375 0
2.1715624999999998 0.8515625 0
2.1715624999999998 0.86328125 0
2.1715624999999998 0.875 0
2.1715624999999998 0.88671875 0
2.1715624999999998 0.8984375 0
2.1864592750000003 0.15625 0
2.1864592750000003 0.16015625 0
2.1864592750000003 0.171875 0
2.1864592750000003 0.18359375 0
2.1864592750000003 0.1875 0
2.1864592750000003 0.21875 0
2.1864592750000003 0.25 0
2.1864592750000003 0.28125 0
2.1864592750000003 0.3125 0
2.1864592750000003 0.34375 0
2.1864592750000003 0.375 0
2.1864592750000003 0.40625 0
2.1864592750000003 0.4375 0
2.1864592750000003 0.46875 0
2.1864592750000003 0.5 0
2.1864592750000003 0.53125 0
2.1864592750000003 0.5625 0
2.1864592750000003 0.59375 0
2.1864592750000003 0.625 0
2.1864592750000003 0.65625 0
2.1864592750000003 0.6875 0
2.1864592750000003 0.71875 0
2.1864592750000003 0.75 0
2.1864592750000003 0.78125 0
2.1864592750000003 0.8125 0
2.1864592750000003 0.81640625 0
2.1864592750000003 0.828125 0
2.1864592750000003 0.83984375 0
2.1864592750000003 0.84375 0
2.1875 -0.25 0
2.1875 -0.15625 0
2.1875 -0.109375 0
2.1875 -0.0625 0
2.1875 -0.015625 0
2.1875 0.0078125 0
2.1875 0.03125 0
2.1875 0.0546875 0
2.1875 0.078125 0
2.1875 0.1015625 0
2.1875 0.11328125 0
2.1875 0.125 0
2.1875 0.13671875 0
2.1875 0.1484375 0
2.1875 0.16015625 0
2.1875 0.83984375 0
2.1875 0.8515625 0
2.1875 0.86328125 0
2.1875 0.875 0
2.1875 0.88671875 0
2.1875 0.8984375 0
2.1875 0.921875 0
2.1875 0.9453125 0
2.1875 0.96875 0
2.1875 0.9921875 0
2.1875 1.015625 0
2.1875 1.0625 0
2.1875 1.109375 0
2.1875 1.15625 0
2.1875 1.25 0
2.2034375000000002 0.171875 0
2.2034375000000002 0.18359375 0
2.2034375000000002 0.1875 0
2.2034375000000002 0.8125 0
2.2034375000000002 0.81640625 0
2.2034375000000002 0.828125 0
2.2193749999999999 0.078125 0
2.2193749999999999 0.1015625 0
2.2193749999999999 0.125 0
2.2193749999999999 0.1484375 0
2.2193749999999999 0.171875 0
2.2193749999999999 0.18359375 0
2.2193749999999999 0.1875 0
2.2193749999999999 0.8125 0
2.2193749999999999 0.81640625 0
2.2193749999999999 0.828125 0
2.2193749999999999 0.8515625 0
2.2193749999999999 0.875 0
2.2193749999999999 0.8984375 0
2.2193749999999999 0.921875 0
2.2303061012500001 0.1875 0
2.2303061012500001 0.1953125 0
2.2303061012500001 0.20703125 0
2.2303061012500001 0.21875 0
2.2303061012500001 0.23046875 0
2.2303061012500001 0.2421875 0
2.2303061012500001 0.25 0
2.2303061012500001 0.25390625 0
2.2303061012500001 0.265625 0
2.2303061012500001 0.27734375 0
2.2303061012500001 0.28125 0
2.2303061012500001 0.2890625 0
2.2303061012500001 0.30078125 0
2.2303061012500001 0.3125 0
2.2303061012500001 0.32421875 0
2.2303061012500001 0.3359375 0
2.2303061012500001 0.34375 0
2.2303061012500001 0.34765625 0
2.2303061012500001 0.359375 0
2.2303061012500001 0.37109375 0
2.2303061012500001 0.375 0
2.2303061012500001 0.3828125 0
2.2303061012500001 0.39453125 0
2.2303061012500001 0.40625 0
2.2303061012500001 0.41796875 0
2.2303061012500001 0.4296875 0
2.2303061012500001 0.4375 0
2.2303061012500001 0.44140625 0
2.2303061012500001 0.453125 0
2.2303061012500001 0.46484375 0
2.2303061012500001 0.46875 0
2.2303061012500001 0.4765625 0
2.2303061012500001 0.48828125 0
2.2303061012500001 0.5 0
2.2303061012500001 0.51171875 0
2.2303061012500001 0.5234375 0
2.2303061012500001 0.53125 0
2.2303061012500001 0.53515625 0
2.2303061012500001 0.546875 0
2.2303061012500001 0.55859375 0
2.2303061012500001 0.5625 0
2.2303061012500001 0.5703125 0
2.2303061012500001 0.58203125 0
2.2303061012500001 0.59375 0
2.2303061012500001 0.60546875 0
2.2303061012500001 0.6171875 0
2.2303061012500001 0.625 0
2.2303061012500001 0.62890625 0
2.2303061012500001 0.640625 0
2.2303061012500001 0.65234375 0
2.2303061012500001 0.65625 0
2.2303061012500001 0.6640625 0
2.2303061012500001 0.67578125 0
2.2303061012500001 0.6875 0
2.2303061012500001 0.69921875 0
2.2303061012500001 0.7109375 0
2.2303061012500001 0.71875 0
2.2303061012500001 0.72265625 0
2.2303061012500001 0.734375 0
2.2303061012500001 0.74609375 0
2.2303061012500001 0.75 0
2.2303061012500001 0.7578125 0
2.2303061012500001 0.76953125 0
2.2303061012500001 0.78125 0
2.2303061012500001 0.79296875 0
2.2303061012500001 0.8046875 0
2.2303061012500001 0.8125 0
2.2353125 0.171875 0
2.2353125 0.18359375 0
2.2353125 0.1953125 0
2.2353125 0.20703125 0
2.2353125 0.21875 0
2.2353125 0.23046875 0
2.2353125 0.2421875 0
2.2353125 0.25390625 0
2.2353125 0.265625 0
2.2353125 0.27734375 0
2.2353125 0.2890625 0
2.2353125 0.30078125 0
2.2353125 0.3125 0
2.2353125 0.32421875 0
2.2353125 0.3359375 0
2.2353125 0.34765625 0
2.2353125 0.359375 0
2.2353125 0.37109375 0
2.2353125 0.3828125 0
2.2353125 0.39453125 0
2.2353125 0.40625 0
2.2353125 0.41796875 0
2.2353125 0.4296875 0
2.2353125 0.44140625 0
2.2353125 0.453125 0
2.2353125 0.46484375 0
2.2353125 0.4765625 0
2.2353125 0.48828125 0
2.2353125 0.5 0
2.2353125 0.51171875 0
2.2353125 0.5234375 0
2.2353125 0.53515625 0
2.2353125 0.546875 0
2.2353125 0.55859375 0
2.2353125 0.5703125 0
2.2353125 0.58203125 0
2.2353125 0.59375 0
2.2353125 0.60546875 0
2.2353125 0.6171875 0
2.2353125 0.62890625 0
2.2353125 0.640625 0
2.2353125 0.65234375 0
2.2353125 0.6640625 0
2.2353125 0.67578125 0
2.2353125 0.6875 0
2.2353125 0.69921875 0
2.2353125 0.7109375 0
2.2353125 0.72265625 0
2.2353125 0.734375 0
2.2353125 0.74609375 0
2.2353125 0.7578125 0
2.2353125 0.76953125 0
2.2353125 0.78125 0
2.2353125 0.79296875 0
2.2353125 0.8046875 0
2.2353125 0.81640625 0
2.2353125 0.828125 0
2.2512500000000002 -0.0625 0
2.2512500000000002 -0.015625 0
2.2512500000000002 0.03125 0
2.2512500000000002 0.078125 0
2.2512500000000002 0.1015625 0
2.2512500000000002 0.125 0
2.2512500000000002 0.1484375 0
2.2512500000000002 0.171875 0
2.2512500000000002 0.18359375 0
2.2512500000000002 0.1953125 0
2.2512500000000002 0.20703125 0
2.2512500000000002 0.21875 0
2.2512500000000002 0.23046875 0
2.2512500000000002 0.2421875 0
2.2512500000000002 0.25390625 0
2.2512500000000002 0.265625 0
2.2512500000000002 0.27734375 0
2.2512500000000002 0.2890625 0
2.2512500000000002 0.30078125 0
2.2512500000000002 0.3125 0
2.2512500000000002 0.32421875 0
2.2512500000000002 0.3359375 0
2.2512500000000002 0.34765625 0
2.2512500000000002 0.359375 0
2.2512500000000002 0.37109375 0
2.2512500000000002 0.3828125 0
2.2512500000000002 0.39453125 0
2.2512500000000002 0.40625 0
2.2512500000000002 0.41796875 0
2.2512500000000002 0.4296875 0
2.2512500000000002 0.44140625 0
2.2512500000000002 0.453125 0
2.2512500000000002 0.46484375 0
2.2512500000000002 0.4765625 0
2.2512500000000002 0.48828125 0
2.2512500000000002 0.5 0
2.2512500000000002 0.51171875 0
2.2512500000000002 0.5234375 0
2.2512500000000002 0.53515625 0
2.2512500000000002 0.546875 0
2.2512500000000002 0.55859375 0
2.2512500000000002 0.5703125 0
2.2512500000000002 0.58203125 0
2.2512500000000002 0.59375 0
2.2512500000000002 0.60546875 0
2.2512500000000002 0.6171875 0
2.2512500000000002 0.62890625 0
2.2512500000000002 0.640625 0
2.2512500000000002 0.65234375 0
2.2512500000000002 0.6640625 0
2.2512500000000002 0.67578125 0
2.2512500000000002 0.6875 0
2.2512500000000002 0.69921875 0
2.2512500000000002 0.7109375 0
2.2512500000000002 0.72265625 0
2.2512500000000002 0.734375 0
2.2512500000000002 0.74609375 0
2.2512500000000002 0.7578125 0
2.2512500000000002 0.76953125 0
2.2512500000000002 0.78125 0
2.2512500000000002 0.79296875 0
2.2512500000000002 0.8046875 0
2.2512500000000002 0.81640625 0
2.2512500000000002 0.828125 0
2.2512500000000002 0.8515625 0
2.2512500000000002 0.875 0
2.2512500000000002 0.8984375 0
2.2512500000000002 0.921875 0
2.2512500000000002 0.96875 0
2.2512500000000002 1.015625 0
2.2512500000000002 1.0625 0
2.2831250000000001 0.171875 0
2.2831250000000001 0.1953125 0
2.2831250000000001 0.21875 0
2.2831250000000001 0.2421875 0
2.2831250000000001 0.265625 0
2.2831250000000001 0.2890625 0
2.2831250000000001 0.3125 0
2.2831250000000001 0.3359375 0
2.2831250000000001 0.359375 0
2.2831250000000001 0.3828125 0
2.2831250000000001 0.40625 0
2.2831250000000001 0.4296875 0
2.2831250000000001 0.453125 0
2.2831250000000001 0.4765625 0
2.2831250000000001 0.5 0
2.2831250000000001 0.5234375 0
2.2831250000000001 0.546875 0
2.2831250000000001 0.5703125 0
2.2831250000000001 0.59375 0
2.2831250000000001 0.6171875 0
2.2831250000000001 0.640625 0
2.2831250000000001 0.6640625 0
2.2831250000000001 0.6875 0
2.2831250000000001 0.7109375 0
2.2831250000000001 0.734375 0
2.2831250000000001 0.7578125 0
2.2831250000000001 0.78125 0
2.2831250000000001 0.8046875 0
2.2831250000000001 0.828125 0
2.3149999999999999 -0.625 0
2.3149999999999999 -0.4375 0
2.3149999999999999 -0.25 0
2.3149999999999999 -0.15625 0
2.3149999999999999 -0.0625 0
2.3149999999999999 -0.015625 0
2.3149999999999999 0.03125 0
2.3149999999999999 0.078125 0
2.3149999999999999 0.125 0
2.3149999999999999 0.171875 0
2.3149999999999999 0.1953125 0
2.3149999999999999 0.21875 0
2.3149999999999999 0.2421875 0
2.3149999999999999 0.265625 0
2.3149999999999999 0.2890625 0
2.3149999999999999 0.3125 0
2.3149999999999999 0.3359375 0
2.3149999999999999 0.359375 0
2.3149999999999999 0.3828125 0
2.3149999999999999 0.40625 0
2.3149999999999999 0.4296875 0
2.3149999999999999 0.453125 0
2.3149999999999999 0.4765625 0
2.3149999999999999 0.5 0
2.3149999999999999 0.5234375 0
2.3149999999999999 0.546875 0
2.3149999999999999 0.5703125 0
2.3149999999999999 0.59375 0
2.3149999999999999 0.6171875 0
2.3149999999999999 0.640625 0
2.3149999999999999 0.6640625 0
2.3149999999999999 0.6875 0
2.3149999999999999 0.7109375 0
2.3149999999999999 0.734375 0
2.3149999999999999 0.7578125 0
2.3149999999999999 0.78125 0
2.3149999999999999 0.8046875 0
2.3149999999999999 0.828125 0
2.3149999999999999 0.875 0
2.3149999999999999 0.921875 0
2.3149999999999999 0.96875 0
2.3149999999999999 1.015625 0
2.3149999999999999 1.0625 0
2.3149999999999999 1.15625 0
2.3149999999999999 1.25 0
2.3149999999999999 1.4375 0
2.3149999999999999 1.625 0
2.3787500000000001 0.125 0
2.3787500000000001 0.171875 0
2.3787500000000001 0.21875 0
2.3787500000000001 0.265625 0
2.3787500000000001 0.3125 0
2.3787500000000001 0.359375 0
2.3787500000000001 0.40625 0
2.3787500000000001 0.453125 0
2.3787500000000001 0.5 0
2.3787500000000001 0.546875 0
2.3787500000000001 0.59375 0
2.3787500000000001 0.640625 0
2.3787500000000001 0.6875 0
2.3787500000000001 0.734375 0
2.3787500000000001 0.78125 0
2.3787500000000001 0.828125 0
2.3787500000000001 0.875 0
2.4424999999999999 -0.0625 0
2.4424999999999999 0.03125 0
2.4424999999999999 0.125 0
2.4424999999999999 0.171875 0
2.4424999999999999 0.21875 0
2.4424999999999999 0.265625 0
2.4424999999999999 0.3125 0
2.4424999999999999 0.359375 0
2.4424999999999999 0.40625 0
2.4424999999999999 0.453125 0
2.4424999999999999 0.5 0
2.4424999999999999 0.546875 0
2.4424999999999999 0.59375 0
2.4424999999999999 0.640625 0
2.4424999999999999 0.6875 0
2.4424999999999999 0.734375 0
2.4424999999999999 0.78125 0
2.4424999999999999 0.828125 0
2.4424999999999999 0.875 0
2.4424999999999999 0.96875 0
2.4424999999999999 1.0625 0
2.5700000000000003 -1 0
2.5700000000000003 -0.625 0
2.5700000000000003 -0.4375 0
2.5700000000000003 -0.25 0
2.5700000000000003 -0.0625 0
2.5700000000000003 0.03125 0
2.5700000000000003 0.125 0
2.5700000000000003 0.21875 0
2.5700000000000003 0.3125 0
2.5700000000000003 0.40625 0
2.5700000000000003 0.5 0
2.5700000000000003 0.59375 0
2.5700000000000003 0.6875 0
2.5700000000000003 0.78125 0
2.5700000000000003 0.875 0
2.5700000000000003 0.96875 0
2.5700000000000003 1.0625 0
2.5700000000000003 1.25 0
2.5700000000000003 1.4375 0
2.5700000000000003 1.625 0
2.5700000000000003 2 0
2.8250000000000002 -0.25 0
2.8250000000000002 -0.0625 0
2.8250000000000002 0.125 0
2.8250000000000002 0.3125 0
2.8250000000000002 0.5 0
2.8250000000000002 0.6875 0
2.8250000000000002 0.875 0
2.8250000000000002 1.0625 0
2.8250000000000002 1.25 0
3.0800000000000001 -1 0
3.0800000000000001 -0.625 0
3.0800000000000001 -0.25 0
3.0800000000000001 -0.0625 0
3.0800000000000001 0.125 0
3.0800000000000001 0.3125 0
3.0800000000000001 0.5 0
3.0800000000000001 0.6875 0
3.0800000000000001 0.875 0
3.0800000000000001 1.0625 0
3.0800000000000001 1.25 0
3.0800000000000001 1.625 0
3.0800000000000001 2 0
CELLS 3244 17332
4 0 22 23 1
5 22 723 724 81 23
6 1 23 24 25 13 2
5 723 1245 1246 1003 724
5 1245 1920 1921 1503 1246
4 23 81 82 24
4 81 724 725 82
4 24 82 83 25
6 82 725 726 727 372 83
5 1920 2684 2685 2428 1921
5 2684 3196 3197 2928 2685
5 3196 3904 3905 3819 3197
4 3904 3934 3935 3905
6 3905 3935 3936 3925 3907 3906
5 724 1003 1004 857 725
5 1003 1246 1247 1125 1004
5 1246 1503 1504 1383 1247
5 1503 1921 1922 1645 1504
4 2 13 14 3
4 13 25 26 14
4 3 14 15 4
5 14 26 27 28 15
6 25 83 84 85 43 26
6 10 21 39 40 41 11
4 4 15 16 5
5 15 28 29 30 16
4 11 41 42 12
4 5 16 17 6
5 41 127 749 750 42
5 16 30 31 32 17
5 749 1018 1261 1262 750
5 1261 1518 2025 2026 1262
5 2025 2443 2700 2701 2026
5 2700 2943 3222 3223 2701
6 3921 3933 3944 3945 3923 3922
5 3222 3865 3923 3924 3223
4 3923 3945 3946 3924
5 1921 2428 2429 2282 1922
5 2428 2685 2686 2550 2429
5 2685 2928 2929 2808 2686
5 2928 3197 3198 3068 2929
4 3197 3819 3820 3198
4 3819 3905 3906 3820
6 3198 3820 3821 3545 3200 3199
4 3820 3906 3907 3821
4 725 857 858 726
4 857 1004 1005 858
5 726 858 859 795 727
5 858 1005 1006 945 859
4 1004 1125 1126 1005
4 1125 1247 1248 1126
5 1005 1126 1127 1067 1006
5 1126 1248 1249 1187 1127
6 3821 3907 3908 3883 3823 3822
4 3907 3925 3926 3908
4 3925 3936 3937 3926
5 3908 3926 3927 3910 3909
4 3926 3937 3938 3927
4 1247 1383 1384 1248
4 1383 1504 1505 1384
5 1248 1384 1385 1311 1249
5 1384 1505 1506 1445 1385
5 3910 3927 3928 3912 3911
4 1504 1645 1646 1505
4 3927 3938 3939 3928
4 1645 1922 1923 1646
5 3912 3928 3929 3914 3913
5 1505 1646 1647 1583 1506
4 3928 3939 3940 3929
4 1646 1923 1924 1647
4 6 17 18 7
5 17 32 33 34 18
4 7 18 19 8
5 18 34 35 36 19
4 8 19 20 9
5 19 36 37 38 20
4 9 20 21 10
4 20 38 39 21
6 38 63 123 124 125 39
4 83 372 373 84
6 372 727 728 729 527 373
6 84 373 374 375 157 85
4 26 43 44 27
5 43 85 86 87 44
4 27 44 45 28
6 44 87 88 89 64 45
4 39 125 126 40
6 125 401 746 747 748 126
4 40 126 127 41
4 126 748 749 127
5 28 45 46 47 29
5 748 878 1017 1018 749
5 29 47 48 49 30
5 1017 1138 1260 1261 1018
5 1260 1396 1517 1518 1261
5 1517 1664 2024 2025 1518
5 30 49 50 51 31
5 31 51 52 53 32
5 3914 3929 3930 3916 3915
4 3929 3940 3941 3930
6 1647 1924 1925 1709 1649 1648
5 3916 3930 3931 3918 3917
4 3930 3941 3942 3931
6 3861 3903 3920 3921 3863 3862
5 3918 3931 3932 3920 3919
4 3931 3942 3943 3932
4 3920 3932 3933 3921
4 3932 3943 3944 3933
5 2024 2301 2442 2443 2025
5 2442 2563 2699 2700 2443
5 2699 2821 2942 2943 2700
5 2942 3089 3221 3222 2943
6 3219 3574 3863 3864 3221 3220
4 3863 3921 3922 3864
4 3221 3864 3865 3222
4 3864 3922 3923 3865
4 1922 2282 2283 1923
4 2282 2429 2430 2283
4 1923 2283 2284 1924
5 2283 2430 2431 2346 2284
4 2429 2550 2551 2430
4 2550 2686 2687 2551
5 2430 2551 2552 2492 2431
5 2551 2687 2688 2612 2552
4 2686 2808 2809 2687
4 2808 2929 2930 2809
5 2687 2809 2810 2750 2688
5 2809 2930 2931 2870 2810
4 2929 3068 3069 2930
4 3068 3198 3199 3069
5 2930 3069 3070 2992 2931
5 3069 3199 3200 3136 3070
6 1924 2284 2285 2286 2222 1925
6 3200 3545 3546 3392 3202 3201
4 3545 3821 3822 3546
6 3546 3822 3823 3719 3548 3547
5 3823 3883 3884 3825 3824
4 3883 3908 3909 3884
6 3825 3884 3885 3866 3827 3826
4 3884 3909 3910 3885
5 3885 3910 3911 3887 3886
5 3887 3911 3912 3889 3888
5 3889 3912 3913 3891 3890
5 3891 3913 3914 3893 3892
5 32 53 54 55 33
5 33 55 56 57 34
5 34 57 58 59 35
5 35 59 60 61 36
4 36 61 62 37
6 61 80 119 120 121 62
4 37 62 63 38
5 62 121 122 123 63
6 123 227 398 399 400 124
4 124 400 401 125
6 400 554 744 745 746 401
4 373 527 528 374
4 527 729 730 528
4 374 528 529 375
6 528 730 731 732 678 529
4 85 157 158 86
4 157 375 376 158
4 86 158 159 87
5 158 376 377 378 159
6 375 529 530 531 472 376
4 87 159 160 88
6 159 378 379 380 352 160
5 88 160 161 162 89
6 1660 1724 2021 2022 1662 1661
5 746 810 876 877 747
5 876 954 1015 1016 877
4 747 877 878 748
4 877 1016 1017 878
5 1015 1076 1136 1137 1016
4 45 64 65 46
5 1136 1196 1258 1259 1137
4 64 89 90 65
4 1016 1137 1138 1017
4 46 65 66 47
4 1137 1259 1260 1138
5 65 90 91 92 66
4 47 66 67 48
5 66 92 93 94 67
4 48 67 68 49
5 67 94 95 96 68
5 1258 1334 1394 1395 1259
6 89 162 163 164 128 90
5 1394 1454 1515 1516 1395
4 1259 1395 1396 1260
4 1395 1516 1517 1396
5 1515 1600 1662 1663 1516
4 1662 2022 2023 1663
4 1516 1663 1664 1517
4 1663 2023 2024 1664
4 49 68 69 50
5 68 96 97 98 69
4 50 69 70 51
5 69 98 99 100 70
4 51 70 71 52
5 70 100 101 102 71
4 52 71 72 53
5 71 102 103 104 72
4 727 795 796 728
4 795 859 860 796
4 728 796 797 729
5 796 860 861 862 797
5 859 945 946 901 860
5 945 1006 1007 975 946
5 729 797 798 765 730
6 797 862 863 864 827 798
5 1006 1067 1068 1039 1007
5 1067 1127 1128 1097 1068
5 1127 1187 1188 1159 1128
5 1187 1249 1250 1217 1188
6 2021 2237 2297 2298 2299 2022
5 1249 1311 1312 1283 1250
5 1311 1385 1386 1355 1312
5 1385 1445 1446 1417 1386
5 3893 3914 3915 3895 3894
5 1445 1506 1507 1475 1446
5 3895 3915 3916 3897 3896
5 3897 3916 3917 3899 3898
5 3899 3917 3918 3901 3900
5 1506 1583 1584 1545 1507
4 1583 1647 1648 1584
5 1584 1648 1649 1586 1585
6 1586 1649 1650 1619 1588 1587
5 1649 1709 1710 1681 1650
4 1709 1925 1926 1710
6 1710 1926 1927 1762 1712 1711
6 3857 3882 3901 3902 3859 3858
4 3901 3918 3919 3902
5 3859 3902 3903 3861 3860
4 3902 3919 3920 3903
6 3571 3789 3861 3862 3573 3572
6 3217 3419 3573 3574 3219 3218
4 3573 3862 3863 3574
4 2022 2299 2300 2023
5 2299 2363 2440 2441 2300
4 2023 2300 2301 2024
4 2300 2441 2442 2301
5 2440 2501 2561 2562 2441
5 2561 2635 2697 2698 2562
4 2441 2562 2563 2442
4 2562 2698 2699 2563
5 2697 2759 2819 2820 2698
5 2819 2879 2940 2941 2820
4 2698 2820 2821 2699
4 2820 2941 2942 2821
5 2940 3001 3087 3088 2941
5 3087 3151 3219 3220 3088
4 2941 3088 3089 2942
4 3088 3220 3221 3089
4 2284 2346 2347 2285
5 2346 2431 2432 2386 2347
5 2285 2347 2348 2349 2286
4 1925 2222 2223 1926
5 2222 2286 2287 2252 2223
6 1926 2223 2224 2225 2177 1927
6 2286 2349 2350 2351 2318 2287
5 2431 2492 2493 2464 2432
5 2492 2552 2553 2522 2493
5 2552 2612 2613 2584 2553
5 2612 2688 2689 2656 2613
5 2688 2750 2751 2722 2689
5 2750 2810 2811 2780 2751
5 2810 2870 2871 2842 2811
5 2870 2931 2932 2900 2871
5 2931 2992 2993 2964 2932
5 2992 3070 3071 3030 2993
4 3070 3136 3137 3071
4 3136 3200 3201 3137
5 3071 3137 3138 3073 3072
4 3137 3201 3202 3138
6 3073 3138 3139 3110 3075 3074
5 3138 3202 3203 3168 3139
4 3202 3392 3393 3203
4 3392 3546 3547 3393
6 3203 3393 3394 3261 3205 3204
4 3393 3547 3548 3394
6 3394 3548 3549 3457 3396 3395
4 3548 3719 3720 3549
4 3719 3823 3824 3720
5 3549 3720 3721 3551 3550
4 3720 3824 3825 3721
6 3551 3721 3722 3581 3553 3552
4 3721 3825 3826 3722
5 3722 3826 3827 3724 3723
6 3724 3827 3828 3790 3726 3725
4 3827 3866 3867 3828
4 3866 3885 3886 3867
5 3828 3867 3868 3830 3829
4 3867 3886 3887 3868
5 3830 3868 3869 3832 3831
4 3868 3887 3888 3869
5 3832 3869 3870 3834 3833
4 3869 3888 3889 3870
5 3834 3870 3871 3836 3835
4 3870 3889 3890 3871
5 3836 3871 3872 3838 3837
4 3871 3890 3891 3872
5 3838 3872 3873 3840 3839
4 3872 3891 3892 3873
5 3840 3873 3874 3842 3841
4 3873 3892 3893 3874
4 53 72 73 54
5 72 104 105 106 73
4 54 73 74 55
5 73 106 107 108 74
4 55 74 75 56
5 74 108 109 110 75
4 56 75 76 57
5 75 110 111 112 76
4 57 76 77 58
5 76 112 113 114 77
4 58 77 78 59
5 77 114 115 116 78
4 59 78 79 60
5 78 116 117 118 79
4 60 79 80 61
4 79 118 119 80
6 118 156 220 221 222 119
5 119 222 223 224 120
4 120 224 225 121
6 224 365 393 394 395 225
4 121 225 226 122
5 225 395 396 397 226
4 122 226 227 123
4 226 397 398 227
6 397 489 550 551 552 398
4 398 552 553 399
6 552 685 741 742 743 553
4 399 553 554 400
4 553 743 744 554
5 743 778 807 808 744
6 807 836 871 872 873 808
4 744 808 809 745
5 808 873 874 875 809
4 745 809 810 746
4 809 875 876 810
5 875 916 953 954 876
5 953 982 1014 1015 954
5 1014 1046 1075 1076 1015
5 1075 1104 1135 1136 1076
5 1135 1166 1195 1196 1136
5 1195 1224 1257 1258 1196
4 529 678 679 530
4 678 732 733 679
5 530 679 680 590 531
6 679 733 734 735 719 680
4 376 472 473 377
5 472 531 532 533 473
4 377 473 474 378
5 473 533 534 535 474
5 1257 1290 1333 1334 1258
5 1333 1362 1393 1394 1334
4 160 352 353 161
4 352 380 381 353
5 1393 1424 1453 1454 1394
4 161 353 354 162
5 1453 1482 1514 1515 1454
5 353 381 382 383 354
4 378 474 475 379
5 474 535 536 537 475
4 379 475 476 380
6 1595 1628 1659 1660 1597 1596
6 475 537 538 539 521 476
6 1721 1769 2019 2020 1723 1722
5 1659 1694 1723 1724 1660
4 1723 2020 2021 1724
6 380 476 477 478 431 381
5 1597 1660 1661 1599 1598
5 1514 1560 1599 1600 1515
4 1599 1661 1662 1600
4 162 354 355 163
5 354 383 384 385 355
5 163 355 356 228 164
4 404 366 356 355
3 355 385 386
3 404 355 386
3 386 403 404
4 90 128 129 91
5 128 164 165 166 129
4 91 129 130 92
5 129 166 167 168 130
4 92 130 131 93
5 130 168 169 170 131
4 93 131 132 94
5 131 170 171 172 132
4 94 132 133 95
5 132 172 173 174 133
4 95 133 134 96
5 133 174 175 176 134
4 96 134 135 97
5 134 176 177 178 135
4 97 135 136 98
5 135 178 179 180 136
4 98 136 137 99
5 136 180 181 182 137
4 99 137 138 100
5 137 182 183 184 138
4 100 138 139 101
5 138 184 185 186 139
4 101 139 140 102
5 139 186 187 188 140
4 102 140 141 103
5 140 188 189 190 141
4 103 141 142 104
5 141 190 191 192 142
4 860 901 902 861
4 901 946 947 902
4 861 902 903 862
5 902 947 948 941 903
4 946 975 976 947
4 975 1007 1008 976
5 947 976 977 971 948
5 976 1008 1009 999 977
4 730 765 766 731
4 765 798 799 766
4 731 766 767 732
5 766 799 800 789 767
4 798 827 828 799
6 827 864 865 866 853 828
6 799 828 829 830 823 800
5 862 903 904 905 863
6 863 905 906 907 897 864
4 1007 1039 1040 1008
4 1039 1068 1069 1040
5 1008 1040 1041 1035 1009
5 1040 1069 1070 1063 1041
4 1068 1097 1098 1069
4 1097 1128 1129 1098
5 1069 1098 1099 1093 1070
5 1098 1129 1130 1121 1099
4 1128 1159 1160 1129
4 1159 1188 1189 1160
5 1129 1160 1161 1155 1130
5 1160 1189 1190 1183 1161
4 1188 1217 1218 1189
4 1217 1250 1251 1218
5 1189 1218 1219 1213 1190
5 1218 1251 1252 1241 1219
6 732 767 768 769 759 733
6 2019 2184 2234 2235 2236 2020
4 2020 2236 2237 2021
5 2236 2265 2296 2297 2237
6 2296 2327 2358 2359 2360 2297
5 2297 2360 2361 2362 2298
4 2298 2362 2363 2299
5 2362 2401 2439 2440 2363
5 2439 2471 2500 2501 2440
5 2500 2529 2560 2561 2501
5 2560 2591 2634 2635 2561
5 2634 2663 2696 2697 2635
5 2696 2729 2758 2759 2697
5 2758 2787 2818 2819 2759
5 2818 2849 2878 2879 2819
5 2878 2907 2939 2940 2879
6 3082 3119 3148 3149 3084 3083
5 3148 3181 3216 3217 3149
5 2939 2971 3000 3001 2940
5 3000 3045 3086 3087 3001
5 3084 3149 3150 3086 3085
4 3149 3217 3218 3150
4 3086 3150 3151 3087
4 3150 3218 3219 3151
4 1250 1283 1284 1251
4 1283 1312 1313 1284
5 1251 1284 1285 1279 1252
5 1284 1313 1314 1307 1285
4 1312 1355 1356 1313
4 1355 1386 1387 1356
5 1313 1356 1357 1335 1314
5 1356 1387 1388 1363 1357
5 3842 3874 3875 3844 3843
4 3874 3893 3894 3875
5 3844 3875 3876 3846 3845
4 3875 3894 3895 3876
5 3846 3876 3877 3848 3847
4 1386 1417 1418 1387
4 3876 3895 3896 3877
4 1417 1446 1447 1418
5 3848 3877 3878 3850 3849
5 1387 1418 1419 1397 1388
4 3877 3896 3897 3878
5 1418 1447 1448 1425 1419
4 1446 1475 1476 1447
4 1475 1507 1508 1476
5 1447 1476 1477 1455 1448
5 1476 1508 1509 1483 1477
6 3782 3818 3856 3857 3784 3783
5 3850 3878 3879 3852 3851
4 3878 3897 3898 3879
5 3852 3879 3880 3854 3853
4 3879 3898 3899 3880
5 3854 3880 3881 3856 3855
4 3880 3899 3900 3881
4 3856 3881 3882 3857
4 3881 3900 3901 3882
4 1507 1545 1546 1508
4 1545 1584 1585 1546
5 1508 1546 1547 1519 1509
4 1546 1585 1586 1547
5 1547 1586 1587 1549 1548
6 1549 1587 1588 1561 1551 1550
6 1588 1619 1620 1601 1590 1589
4 1619 1650 1651 1620
6 1620 1651 1652 1629 1622 1621
4 1650 1681 1682 1651
4 1681 1710 1711 1682
5 1651 1682 1683 1665 1652
4 1682 1711 1712 1683
5 3784 3857 3858 3786 3785
6 3566 3594 3786 3787 3568 3567
4 3786 3858 3859 3787
6 3415 3474 3570 3571 3417 3416
5 3568 3787 3788 3570 3569
4 3787 3859 3860 3788
4 3570 3788 3789 3571
4 3788 3860 3861 3789
6 3214 3268 3417 3418 3216 3215
4 3417 3571 3572 3418
4 3216 3418 3419 3217
4 3418 3572 3573 3419
6 1683 1712 1713 1695 1685 1684
4 1712 1762 1763 1713
4 1762 1927 1928 1763
6 1713 1763 1764 1725 1715 1714
5 1763 1928 1929 1809 1764
4 2347 2386 2387 2348
4 2386 2432 2433 2387
4 2348 2387 2388 2349
5 2387 2433 2434 2424 2388
4 2223 2252 2253 2224
4 2252 2287 2288 2253
4 2224 2253 2254 2225
5 2253 2288 2289 2276 2254
5 2349 2388 2389 2390 2350
6 2350 2390 2391 2392 2382 2351
4 2287 2318 2319 2288
6 2318 2351 2352 2353 2342 2319
6 2288 2319 2320 2321 2314 2289
4 2432 2464 2465 2433
4 2464 2493 2494 2465
5 2433 2465 2466 2460 2434
5 2465 2494 2495 2488 2466
4 2493 2522 2523 2494
4 2522 2553 2554 2523
5 2494 2523 2524 2518 2495
5 2523 2554 2555 2546 2524
4 2553 2584 2585 2554
4 2584 2613 2614 2585
5 2554 2585 2586 2580 2555
5 2585 2614 2615 2608 2586
4 2613 2656 2657 2614
4 2656 2689 2690 2657
5 2614 2657 2658 2636 2615
5 2657 2690 2691 2664 2658
4 1927 2177 2178 1928
4 2177 2225 2226 2178
5 1928 2178 2179 2128 1929
6 2178 2226 2227 2228 2218 2179
6 2225 2254 2255 2256 2246 2226
4 2689 2722 2723 2690
4 2722 2751 2752 2723
5 2690 2723 2724 2702 2691
5 2723 2752 2753 2730 2724
4 2751 2780 2781 2752
4 2780 2811 2812 2781
5 2752 2781 2782 2760 2753
5 2781 2812 2813 2788 2782
4 2811 2842 2843 2812
4 2842 2871 2872 2843
5 2812 2843 2844 2822 2813
5 2843 2872 2873 2850 2844
4 2871 2900 2901 2872
4 2900 2932 2933 2901
5 2872 2901 2902 2880 2873
5 2901 2933 2934 2908 2902
4 2932 2964 2965 2933
4 2964 2993 2994 2965
5 2933 2965 2966 2944 2934
5 2965 2994 2995 2972 2966
4 2993 3030 3031 2994
4 3030 3071 3072 3031
5 2994 3031 3032 3002 2995
4 3031 3072 3073 3032
5 3032 3073 3074 3034 3033
6 3034 3074 3075 3046 3036 3035
6 3075 3110 3111 3090 3077 3076
4 3110 3139 3140 3111
6 3111 3140 3141 3120 3113 3112
4 3139 3168 3169 3140
4 3168 3203 3204 3169
5 3140 3169 3170 3152 3141
4 3169 3204 3205 3170
6 3170 3205 3206 3182 3172 3171
4 3205 3261 3262 3206
4 3261 3394 3395 3262
6 3206 3262 3263 3224 3208 3207
5 3262 3395 3396 3343 3263
5 3396 3457 3458 3398 3397
4 3457 3549 3550 3458
5 3398 3458 3459 3400 3399
4 3458 3550 3551 3459
5 3400 3459 3460 3402 3401
4 3459 3551 3552 3460
6 3402 3460 3461 3420 3404 3403
4 3460 3552 3553 3461
6 3461 3553 3554 3504 3463 3462
4 3553 3581 3582 3554
4 3581 3722 3723 3582
5 3554 3582 3583 3556 3555
4 3582 3723 3724 3583
5 3556 3583 3584 3558 3557
4 3583 3724 3725 3584
4 3584 3585 3575 3518
3 3559 3558 3584
3 3559 3584 3518
3 3517 3559 3518
5 3584 3725 3726 3662 3585
5 3726 3790 3791 3728 3727
4 3790 3828 3829 3791
5 3728 3791 3792 3730 3729
4 3791 3829 3830 3792
5 3730 3792 3793 3732 3731
4 3792 3830 3831 3793
5 3732 3793 3794 3734 3733
4 3793 3831 3832 3794
5 3734 3794 3795 3736 3735
4 3794 3832 3833 3795
5 3736 3795 3796 3738 3737
4 3795 3833 3834 3796
5 3738 3796 3797 3740 3739
4 3796 3834 3835 3797
5 3740 3797 3798 3742 3741
4 3797 3835 3836 3798
5 3742 3798 3799 3744 3743
4 3798 3836 3837 3799
5 3744 3799 3800 3746 3745
4 3799 3837 3838 3800
5 3746 3800 3801 3748 3747
4 3800 3838 3839 3801
5 3748 3801 3802 3750 3749
4 3801 3839 3840 3802
5 3750 3802 3803 3752 3751
4 3802 3840 3841 3803
5 3752 3803 3804 3754 3753
4 3803 3841 3842 3804
4 104 142 143 105
5 142 192 193 194 143
4 105 143 144 106
5 143 194 195 196 144
4 106 144 145 107
5 144 196 197 198 145
4 107 145 146 108
5 145 198 199 200 146
4 108 146 147 109
5 146 200 201 202 147
4 109 147 148 110
5 147 202 203 204 148
4 110 148 149 111
5 148 204 205 206 149
4 111 149 150 112
5 149 206 207 208 150
4 112 150 151 113
5 150 208 209 210 151
4 113 151 152 114
5 151 210 211 212 152
4 114 152 153 115
5 152 212 213 214 153
4 115 153 154 116
5 153 214 215 216 154
4 116 154 155 117
5 154 216 217 218 155
4 117 155 156 118
5 155 218 219 220 156
5 220 284 361 362 221
4 362 361 371 428
3 387 388 362
3 387 362 428
3 428 429 387
4 221 362 363 222
5 362 388 389 390 363
4 222 363 364 223
5 363 390 391 392 364
4 223 364 365 224
4 364 392 393 365
6 392 442 483 484 485 393
4 393 485 486 394
6 485 526 542 543 544 486
4 394 486 487 395
5 486 544 545 546 487
4 395 487 488 396
5 487 546 547 548 488
4 396 488 489 397
5 488 548 549 550 489
5 550 603 683 684 551
6 683 722 738 739 740 684
4 551 684 685 552
4 684 740 741 685
6 740 764 774 775 776 741
4 741 776 777 742
5 776 794 805 806 777
4 742 777 778 743
4 777 806 807 778
6 805 826 833 834 835 806
4 806 835 836 807
6 835 856 869 870 871 836
6 871 900 910 911 912 872
5 872 912 913 914 873
4 873 914 915 874
5 914 944 951 952 915
4 874 915 916 875
4 915 952 953 916
5 951 974 980 981 952
5 980 1002 1012 1013 981
4 952 981 982 953
4 981 1013 1014 982
5 1012 1038 1044 1045 1013
5 1044 1066 1073 1074 1045
4 1013 1045 1046 1014
4 1045 1074 1075 1046
5 1073 1096 1102 1103 1074
5 1102 1124 1133 1134 1103
4 1074 1103 1104 1075
4 1103 1134 1135 1104
5 1133 1158 1164 1165 1134
5 1164 1186 1193 1194 1165
4 1134 1165 1166 1135
4 1165 1194 1195 1166
5 1193 1216 1222 1223 1194
5 1222 1244 1255 1256 1223
4 1194 1223 1224 1195
4 1223 1256 1257 1224
4 531 590 591 532
3 591 590 680
3 639 640 591
3 639 591 680
3 680 681 639
4 532 591 592 533
4 591 640 641 592
4 680 719 720 681
4 719 735 736 720
4 533 592 593 534
4 592 641 642 593
4 534 593 594 535
6 1690 1700 1720 1721 1692 1691
5 593 642 643 604 594
6 1718 1728 1767 1768 1720 1719
5 1767 1818 2017 2018 1768
4 1720 1768 1769 1721
4 1768 2018 2019 1769
5 1255 1282 1288 1289 1256
5 1288 1310 1331 1332 1289
4 1256 1289 1290 1257
4 1289 1332 1333 1290
5 1331 1338 1360 1361 1332
5 1360 1366 1391 1392 1361
4 1332 1361 1362 1333
4 1361 1392 1393 1362
5 1391 1400 1422 1423 1392
5 1422 1428 1451 1452 1423
4 1392 1423 1424 1393
4 1423 1452 1453 1424
5 1451 1458 1480 1481 1452
5 1480 1486 1512 1513 1481
4 1452 1481 1482 1453
4 1481 1513 1514 1482
6 1625 1632 1657 1658 1627 1626
6 1593 1604 1627 1628 1595 1594
4 1627 1658 1659 1628
6 1554 1564 1595 1596 1556 1555
5 1556 1596 1597 1558 1557
5 1657 1670 1692 1693 1658
4 535 594 595 536
4 1692 1721 1722 1693
4 594 604 605 595
4 1658 1693 1694 1659
4 536 595 596 537
4 1693 1722 1723 1694
4 595 605 606 596
4 537 596 606 607
3 537 607 555
3 538 537 555
3 555 556 538
4 538 556 557 539
5 1512 1522 1558 1559 1513
4 1558 1597 1598 1559
4 1513 1559 1560 1514
4 1559 1598 1599 1560
4 476 521 522 477
4 521 539 540 522
3 478 477 522
3 490 491 478
3 490 478 522
3 522 523 490
5 522 540 558 559 523
4 381 431 432 382
4 431 478 479 432
4 382 432 433 383
5 432 479 480 443 433
4 478 491 492 479
4 479 492 493 480
4 539 557 558 540
4 164 228 229 165
4 228 356 357 229
4 165 229 230 166
3 229 357 358
3 286 230 229
3 229 358 285
3 229 285 286
4 356 366 367 357
4 366 404 405 367
4 357 367 368 358
4 367 405 406 368
4 166 230 231 167
4 230 286 287 231
4 167 231 232 168
4 231 287 288 232
4 383 433 434 384
4 433 443 444 434
4 384 434 435 385
4 434 444 445 435
3 385 435 436
3 385 436 402
3 386 385 402
3 402 403 386
4 435 445 446 436
4 168 232 233 169
4 232 288 289 233
4 169 233 234 170
4 233 289 290 234
4 170 234 235 171
5 234 290 291 292 235
4 171 235 236 172
4 235 292 293 236
4 172 236 237 173
4 236 293 294 237
4 173 237 238 174
5 237 294 295 296 238
4 174 238 239 175
4 238 296 297 239
4 175 239 240 176
4 239 297 298 240
4 176 240 241 177
4 240 298 299 241
4 177 241 242 178
4 241 299 300 242
4 178 242 243 179
5 242 300 301 302 243
4 179 243 244 180
4 243 302 303 244
4 180 244 245 181
4 244 303 304 245
4 181 245 246 182
5 245 304 305 306 246
4 182 246 247 183
4 246 306 307 247
4 183 247 248 184
4 247 307 308 248
4 184 248 249 185
4 248 308 309 249
4 185 249 250 186
4 249 309 310 250
4 186 250 251 187
5 250 310 311 312 251
4 187 251 252 188
4 251 312 313 252
4 188 252 253 189
4 252 313 314 253
4 189 253 254 190
5 253 314 315 316 254
4 190 254 255 191
4 254 316 317 255
4 191 255 256 192
4 255 317 318 256
3 829 828 853
3 853 854 837
3 829 853 837
3 837 838 829
4 853 866 867 854
4 829 838 839 830
3 904 903 941
3 917 918 904
3 941 942 917
3 941 917 904
4 941 948 949 942
4 904 918 919 905
4 905 919 920 906
4 906 920 921 907
5 948 971 972 955 949
4 971 977 978 972
5 977 999 1000 983 978
4 999 1009 1010 1000
3 880 865 864
3 879 880 864
3 879 864 897
3 897 898 879
4 897 907 908 898
4 865 880 881 866
4 907 921 922 908
4 866 881 882 867
5 1009 1035 1036 1019 1010
4 1035 1041 1042 1036
5 1041 1063 1064 1047 1042
4 1063 1070 1071 1064
5 1070 1093 1094 1077 1071
4 1093 1099 1100 1094
5 1099 1121 1122 1105 1100
4 1121 1130 1131 1122
5 1130 1155 1156 1139 1131
4 1155 1161 1162 1156
5 1161 1183 1184 1167 1162
4 1183 1190 1191 1184
5 1190 1213 1214 1197 1191
4 1213 1219 1220 1214
5 1219 1241 1242 1225 1220
4 1241 1252 1253 1242
4 767 789 790 768
4 789 800 801 790
3 769 768 790
3 790 791 779
3 769 790 779
3 779 780 769
4 790 801 802 791
4 733 759 760 734
4 759 769 770 760
3 753 735 734
3 752 753 734
3 752 734 760
3 760 761 752
4 760 770 771 761
5 769 780 781 771 770
3 812 801 800
3 811 812 800
3 811 800 823
3 823 824 811
4 823 830 831 824
4 801 812 813 802
4 830 839 840 831
4 735 753 751 736
5 2017 2137 2182 2183 2018
6 2182 2221 2231 2232 2233 2183
4 2018 2183 2184 2019
4 2183 2233 2234 2184
6 2233 2251 2261 2262 2263 2234
4 2234 2263 2264 2235
5 2263 2281 2294 2295 2264
4 2235 2264 2265 2236
4 2264 2295 2296 2265
6 2294 2317 2324 2325 2326 2295
4 2295 2326 2327 2296
6 2326 2345 2356 2357 2358 2327
6 2358 2385 2395 2396 2397 2359
5 2359 2397 2398 2399 2360
4 2360 2399 2400 2361
5 2399 2427 2437 2438 2400
4 2361 2400 2401 2362
4 2400 2438 2439 2401
5 2437 2463 2469 2470 2438
5 2469 2491 2498 2499 2470
4 2438 2470 2471 2439
4 2470 2499 2500 2471
5 2498 2521 2527 2528 2499
5 2527 2549 2558 2559 2528
4 2499 2528 2529 2500
4 2528 2559 2560 2529
5 2558 2583 2589 2590 2559
5 2589 2611 2632 2633 2590
4 2559 2590 2591 2560
4 2590 2633 2634 2591
5 2632 2639 2661 2662 2633
5 2661 2667 2694 2695 2662
4 2633 2662 2663 2634
4 2662 2695 2696 2663
6 3177 3187 3213 3214 3179 3178
5 2694 2705 2727 2728 2695
5 2727 2733 2756 2757 2728
4 2695 2728 2729 2696
4 2728 2757 2758 2729
5 2756 2763 2785 2786 2757
5 2785 2791 2816 2817 2786
4 2757 2786 2787 2758
4 2786 2817 2818 2787
5 2816 2825 2847 2848 2817
5 2847 2853 2876 2877 2848
4 2817 2848 2849 2818
4 2848 2877 2878 2849
5 2876 2883 2905 2906 2877
5 2905 2911 2937 2938 2906
4 2877 2906 2907 2878
4 2906 2938 2939 2907
6 3039 3049 3082 3083 3041 3040
5 3041 3083 3084 3043 3042
6 3116 3123 3146 3147 3118 3117
6 3080 3093 3118 3119 3082 3081
4 3118 3147 3148 3119
5 3146 3157 3179 3180 3147
4 3179 3214 3215 3180
4 3147 3180 3181 3148
4 3180 3215 3216 3181
5 2937 2947 2969 2970 2938
5 2969 2975 2998 2999 2970
4 2938 2970 2971 2939
4 2970 2999 3000 2971
5 2998 3005 3043 3044 2999
4 3043 3084 3085 3044
4 2999 3044 3045 3000
4 3044 3085 3086 3045
5 3754 3804 3805 3756 3755
4 3804 3842 3843 3805
5 3756 3805 3806 3758 3757
4 3805 3843 3844 3806
5 3758 3806 3807 3760 3759
4 3806 3844 3845 3807
5 3760 3807 3808 3762 3761
4 3807 3845 3846 3808
5 3762 3808 3809 3764 3763
4 3808 3846 3847 3809
5 3764 3809 3810 3766 3765
4 3809 3847 3848 3810
5 3766 3810 3811 3768 3767
4 3810 3848 3849 3811
5 3768 3811 3812 3770 3769
4 3811 3849 3850 3812
5 1252 1279 1280 1263 1253
4 1279 1285 1286 1280
5 1285 1307 1308 1291 1286
4 1307 1314 1315 1308
4 1314 1335 1336 1315
5 1335 1357 1358 1339 1336
5 3770 3812 3813 3772 3771
4 1357 1363 1364 1358
4 3812 3850 3851 3813
5 1363 1388 1389 1367 1364
5 3772 3813 3814 3774 3773
4 3813 3851 3852 3814
5 3774 3814 3815 3776 3775
4 3814 3852 3853 3815
5 3776 3815 3816 3778 3777
4 3815 3853 3854 3816
5 3778 3816 3817 3780 3779
4 3816 3854 3855 3817
5 3780 3817 3818 3782 3781
4 3817 3855 3856 3818
4 3542 3580 3590 3591
3 3591 3561 3560
3 3542 3591 3560
3 3542 3560 3543
5 3590 3718 3782 3783 3591
5 3561 3591 3592 3563 3562
4 3591 3783 3784 3592
4 1388 1397 1398 1389
5 1397 1419 1420 1401 1398
4 1419 1425 1426 1420
5 1425 1448 1449 1429 1426
4 1448 1455 1456 1449
5 1455 1477 1478 1459 1456
4 1477 1483 1484 1478
5 1483 1509 1510 1487 1484
4 1509 1519 1520 1510
3 1520 1519 1547
3 1523 1520 1547
3 1523 1547 1548
3 1548 1524 1523
4 1524 1548 1549 1525
4 1525 1549 1550 1526
5 1526 1550 1551 1552 1527
4 1551 1561 1562 1552
3 1588 1589 1566
3 1562 1561 1588
3 1588 1566 1565
3 1588 1565 1562
4 1566 1589 1590 1567
4 1567 1590 1591 1568
4 1590 1601 1602 1591
3 1601 1620 1621
3 1605 1602 1601
3 1621 1606 1605
3 1601 1621 1605
5 1606 1621 1622 1623 1607
6 3468 3515 3565 3566 3470 3469
6 3407 3425 3470 3471 3409 3408
4 3470 3566 3567 3471
5 3409 3471 3472 3411 3410
4 3471 3567 3568 3472
5 3563 3592 3593 3565 3564
4 3592 3784 3785 3593
4 3565 3593 3594 3566
4 3593 3785 3786 3594
5 3411 3472 3473 3413 3412
4 3472 3568 3569 3473
5 3413 3473 3474 3415 3414
4 3473 3569 3570 3474
6 3211 3227 3266 3267 3213 3212
5 3266 3356 3415 3416 3267
4 3213 3267 3268 3214
4 3267 3416 3417 3268
4 1622 1629 1630 1623
3 1652 1653 1634
3 1652 1634 1633
3 1630 1629 1652
3 1652 1633 1630
4 1634 1653 1654 1635
4 1652 1665 1666 1653
4 1665 1683 1684 1666
4 1653 1666 1667 1654
3 1666 1684 1685
3 1671 1667 1666
3 1671 1666 1685
3 1685 1672 1671
5 1672 1685 1686 1687 1673
4 1685 1695 1696 1686
4 1695 1713 1714 1696
4 1686 1696 1697 1687
3 1714 1715 1702
3 1714 1702 1701
3 1697 1696 1714
3 1714 1701 1697
4 1702 1715 1716 1703
4 1715 1725 1726 1716
4 1725 1764 1765 1726
3 1764 1809 1810
3 1810 1771 1770
3 1770 1765 1764
3 1764 1810 1770
4 1809 1929 1930 1810
4 1771 1810 1811 1772
4 1810 1930 1931 1811
4 1772 1811 1812 1773
4 1811 1931 1932 1812
4 1773 1812 1813 1774
5 1812 1932 1933 1819 1813
4 1819 1933 1934 1820
4 1820 1934 1935 1821
5 1821 1935 1936 1823 1822
4 1823 1936 1937 1824
4 1824 1937 1938 1825
5 1825 1938 1939 1827 1826
4 1827 1939 1940 1828
4 1828 1940 1941 1829
4 1829 1941 1942 1830
4 1830 1942 1943 1831
5 1831 1943 1944 1833 1832
4 1833 1944 1945 1834
4 1834 1945 1946 1835
5 1835 1946 1947 1837 1836
4 1837 1947 1948 1838
4 1838 1948 1949 1839
4 1839 1949 1950 1840
4 1840 1950 1951 1841
5 1841 1951 1952 1843 1842
4 1843 1952 1953 1844
4 1844 1953 1954 1845
5 1845 1954 1955 1847 1846
4 1847 1955 1956 1848
4 1848 1956 1957 1849
4 1849 1957 1958 1850
4 1850 1958 1959 1851
5 1851 1959 1960 1853 1852
4 1853 1960 1961 1854
4 1854 1961 1962 1855
5 1855 1962 1963 1857 1856
4 1857 1963 1964 1858
4 1858 1964 1965 1859
4 1859 1965 1966 1860
4 1860 1966 1967 1861
5 1861 1967 1968 1863 1862
4 1863 1968 1969 1864
4 1864 1969 1970 1865
5 1865 1970 1971 1867 1866
4 1867 1971 1972 1868
4 1868 1972 1973 1869
3 2388 2424 2425
3 2388 2425 2402
3 2389 2388 2402
3 2402 2403 2389
4 2424 2434 2435 2425
4 2389 2403 2404 2390
4 2390 2404 2405 2391
5 2391 2405 2406 2393 2392
3 2320 2319 2342
3 2342 2343 2328
3 2328 2329 2320
3 2342 2328 2320
4 2342 2353 2354 2343
5 2320 2329 2330 2322 2321
3 2365 2352 2351
3 2351 2382 2383
3 2364 2365 2351
3 2351 2383 2364
4 2382 2392 2393 2383
4 2352 2365 2366 2353
4 2353 2366 2367 2354
5 2434 2460 2461 2444 2435
4 2460 2466 2467 2461
5 2466 2488 2489 2472 2467
4 2488 2495 2496 2489
5 2495 2518 2519 2502 2496
4 2518 2524 2525 2519
5 2524 2546 2547 2530 2525
4 2546 2555 2556 2547
5 2555 2580 2581 2564 2556
4 2580 2586 2587 2581
5 2586 2608 2609 2592 2587
4 2608 2615 2616 2609
4 2615 2636 2637 2616
5 2636 2658 2659 2640 2637
4 2658 2664 2665 2659
5 2664 2691 2692 2668 2665
4 2254 2276 2277 2255
4 2276 2289 2290 2277
3 2256 2255 2277
3 2277 2278 2266
3 2256 2277 2266
3 2266 2267 2256
4 2277 2290 2291 2278
4 2226 2246 2247 2227
4 2246 2256 2257 2247
3 2239 2228 2227
3 2238 2239 2227
3 2238 2227 2247
3 2247 2248 2238
4 2247 2257 2258 2248
5 2256 2267 2268 2258 2257
4 1929 2128 2129 1930
3 2129 2128 2179
3 2138 2139 2129
3 2179 2180 2138
3 2179 2138 2129
4 1930 2129 2130 1931
4 2129 2139 2140 2130
4 2179 2218 2219 2180
4 2218 2228 2229 2219
4 1931 2130 2131 1932
4 2130 2140 2141 2131
5 1932 2131 2132 2027 1933
4 2131 2141 2142 2132
4 2228 2239 2240 2229
3 2303 2290 2289
3 2302 2303 2289
3 2302 2289 2314
3 2314 2315 2302
4 2314 2321 2322 2315
4 2290 2303 2304 2291
4 1933 2027 2028 1934
4 1934 2028 2029 1935
5 1935 2029 2030 2031 1936
4 1936 2031 2032 1937
4 1937 2032 2033 1938
5 1938 2033 2034 2035 1939
4 1939 2035 2036 1940
4 1940 2036 2037 1941
4 2691 2702 2703 2692
5 2702 2724 2725 2706 2703
4 2724 2730 2731 2725
5 2730 2753 2754 2734 2731
4 2753 2760 2761 2754
5 2760 2782 2783 2764 2761
4 2782 2788 2789 2783
5 2788 2813 2814 2792 2789
4 2813 2822 2823 2814
5 2822 2844 2845 2826 2823
4 2844 2850 2851 2845
5 2850 2873 2874 2854 2851
4 2873 2880 2881 2874
5 2880 2902 2903 2884 2881
4 2902 2908 2909 2903
5 2908 2934 2935 2912 2909
4 2934 2944 2945 2935
5 2944 2966 2967 2948 2945
4 2966 2972 2973 2967
5 2972 2995 2996 2976 2973
4 2995 3002 3003 2996
3 3002 3032 3033
3 3033 3007 3006
3 3006 3003 3002
3 3002 3033 3006
4 3007 3033 3034 3008
4 3008 3034 3035 3009
4 3009 3035 3036 3010
4 3010 3036 3037 3011
4 3036 3046 3047 3037
3 3075 3076 3051
3 3075 3051 3050
3 3047 3046 3075
3 3075 3050 3047
4 3051 3076 3077 3052
4 3052 3077 3078 3053
4 3077 3090 3091 3078
3 3090 3111 3112
3 3094 3091 3090
3 3094 3090 3112
3 3112 3095 3094
4 3095 3112 3113 3096
4 3096 3113 3114 3097
4 3113 3120 3121 3114
3 3141 3142 3125
3 3141 3125 3124
3 3121 3120 3141
3 3141 3124 3121
4 3125 3142 3143 3126
4 3141 3152 3153 3142
4 3152 3170 3171 3153
4 3142 3153 3154 3143
3 3153 3171 3172
3 3158 3154 3153
3 3158 3153 3172
3 3172 3159 3158
5 3159 3172 3173 3174 3160
4 3172 3182 3183 3173
4 3182 3206 3207 3183
4 3173 3183 3184 3174
3 3207 3208 3189
3 3207 3189 3188
3 3184 3183 3207
3 3207 3188 3184
4 3189 3208 3209 3190
4 1941 2037 2038 1942
4 1942 2038 2039 1943
5 1943 2039 2040 2041 1944
4 1944 2041 2042 1945
4 1945 2042 2043 1946
5 1946 2043 2044 2045 1947
4 1947 2045 2046 1948
4 1948 2046 2047 1949
4 1949 2047 2048 1950
4 1950 2048 2049 1951
5 1951 2049 2050 2051 1952
4 1952 2051 2052 1953
4 1953 2052 2053 1954
5 1954 2053 2054 2055 1955
4 1955 2055 2056 1956
4 1956 2056 2057 1957
4 1957 2057 2058 1958
4 1958 2058 2059 1959
5 1959 2059 2060 2061 1960
4 1960 2061 2062 1961
4 1961 2062 2063 1962
5 1962 2063 2064 2065 1963
4 1963 2065 2066 1964
4 1964 2066 2067 1965
4 1965 2067 2068 1966
4 1966 2068 2069 1967
5 1967 2069 2070 2071 1968
4 1968 2071 2072 1969
4 1969 2072 2073 1970
5 1970 2073 2074 2075 1971
4 1971 2075 2076 1972
4 1972 2076 2077 1973
4 3208 3224 3225 3209
4 3224 3263 3264 3225
3 3263 3343 3344
3 3344 3270 3269
3 3263 3344 3269
3 3263 3269 3264
4 3343 3396 3397 3344
4 3270 3344 3345 3271
4 3344 3397 3398 3345
4 3271 3345 3346 3272
4 3345 3398 3399 3346
5 3272 3346 3347 3308 3273
4 3346 3399 3400 3347
4 3308 3347 3348 3309
4 3347 3400 3401 3348
4 3309 3348 3349 3310
4 3348 3401 3402 3349
4 3311 3310 3349 3402
3 3357 3311 3402
3 3357 3402 3403
3 3403 3358 3357
4 3358 3403 3404 3359
4 3359 3404 3405 3360
5 3360 3405 3421 3422 3361
4 3404 3420 3421 3405
4 3420 3461 3462 3421
3 3421 3462 3463
3 3463 3427 3426
3 3421 3463 3426
3 3421 3426 3422
4 3427 3463 3464 3428
4 3428 3464 3465 3429
4 3463 3504 3505 3464
4 3504 3554 3555 3505
5 3464 3505 3506 3475 3465
4 3505 3555 3556 3506
4 3475 3506 3507 3476
4 3506 3556 3557 3507
4 3476 3507 3508 3477
4 3507 3557 3558 3508
4 3477 3508 3509 3478
3 3509 3508 3558
3 3516 3509 3558
3 3516 3558 3559
3 3559 3517 3516
4 3518 3575 3576 3519
4 3519 3576 3577 3520
4 3575 3585 3586 3576
4 3576 3586 3587 3577
4 3585 3662 3663 3586
4 3662 3726 3727 3663
3 3587 3586 3663
3 3663 3664 3596
3 3595 3587 3663
3 3663 3596 3595
4 3663 3727 3728 3664
4 3596 3664 3665 3597
4 3664 3728 3729 3665
4 3597 3665 3666 3598
4 3665 3729 3730 3666
4 3598 3666 3667 3599
4 3666 3730 3731 3667
4 3599 3667 3668 3600
4 3667 3731 3732 3668
5 3600 3668 3669 3602 3601
4 3668 3732 3733 3669
4 3602 3669 3670 3603
4 3669 3733 3734 3670
4 3603 3670 3671 3604
4 3670 3734 3735 3671
5 3604 3671 3672 3606 3605
4 3671 3735 3736 3672
4 3606 3672 3673 3607
4 3672 3736 3737 3673
4 3607 3673 3674 3608
4 3673 3737 3738 3674
4 3608 3674 3675 3609
4 3674 3738 3739 3675
4 3609 3675 3676 3610
4 3675 3739 3740 3676
5 3610 3676 3677 3612 3611
4 3676 3740 3741 3677
4 3612 3677 3678 3613
4 3677 3741 3742 3678
4 3613 3678 3679 3614
4 3678 3742 3743 3679
5 3614 3679 3680 3616 3615
4 3679 3743 3744 3680
4 3616 3680 3681 3617
4 3680 3744 3745 3681
4 3617 3681 3682 3618
4 3681 3745 3746 3682
4 3618 3682 3683 3619
4 3682 3746 3747 3683
4 3619 3683 3684 3620
4 3683 3747 3748 3684
5 3620 3684 3685 3622 3621
4 3684 3748 3749 3685
4 3622 3685 3686 3623
4 3685 3749 3750 3686
4 3623 3686 3687 3624
4 3686 3750 3751 3687
5 3624 3687 3688 3626 3625
4 3687 3751 3752 3688
4 3626 3688 3689 3627
4 3688 3752 3753 3689
4 3627 3689 3690 3628
4 3689 3753 3754 3690
4 192 256 257 193
4 256 318 319 257
4 193 257 258 194
4 257 319 320 258
4 194 258 259 195
5 258 320 321 322 259
4 195 259 260 196
4 259 322 323 260
4 196 260 261 197
4 260 323 324 261
4 197 261 262 198
5 261 324 325 326 262
4 198 262 263 199
4 262 326 327 263
4 199 263 264 200
4 263 327 328 264
4 200 264 265 201
4 264 328 329 265
4 201 265 266 202
4 265 329 330 266
4 202 266 267 203
5 266 330 331 332 267
4 203 267 268 204
4 267 332 333 268
4 204 268 269 205
4 268 333 334 269
4 205 269 270 206
5 269 334 335 336 270
4 206 270 271 207
4 270 336 337 271
4 207 271 272 208
4 271 337 338 272
4 208 272 273 209
4 272 338 339 273
4 209 273 274 210
4 273 339 340 274
4 210 274 275 211
5 274 340 341 342 275
4 211 275 276 212
4 275 342 343 276
4 212 276 277 213
4 276 343 344 277
4 213 277 278 214
5 277 344 345 346 278
4 214 278 279 215
4 278 346 347 279
4 215 279 280 216
4 279 347 348 280
4 216 280 281 217
4 280 348 349 281
4 217 281 282 218
4 281 349 350 282
4 218 282 283 219
3 359 360 283
3 283 282 350
3 351 359 283
3 350 351 283
4 219 283 284 220
4 283 360 361 284
4 359 369 370 360
4 369 426 427 370
4 360 370 371 361
4 370 427 428 371
3 437 438 388
3 430 437 388
3 388 387 429
3 429 430 388
4 437 468 469 438
4 388 438 439 389
4 438 469 470 439
4 389 439 440 390
4 439 470 471 440
4 390 440 441 391
5 440 471 481 482 441
4 391 441 442 392
4 441 482 483 442
4 481 517 518 482
4 482 518 519 483
3 525 484 483
3 483 519 520
3 525 483 520
3 520 524 525
5 524 585 586 541 525
4 484 525 526 485
4 525 541 542 526
4 541 586 587 542
4 542 587 588 543
4 635 636 597 544
3 589 635 544
3 544 543 588
3 588 589 544
4 544 597 598 545
4 597 636 637 598
4 545 598 599 546
4 598 637 638 599
4 546 599 600 547
5 599 638 673 674 600
4 547 600 601 548
4 600 674 675 601
4 548 601 602 549
4 601 675 676 602
4 549 602 603 550
3 683 603 602
3 602 676 677
3 683 602 677
3 677 682 683
4 682 721 722 683
4 721 737 738 722
4 1869 1973 1974 1870
4 1870 1974 1975 1871
5 1871 1975 1976 1873 1872
4 1873 1976 1977 1874
4 1874 1977 1978 1875
5 1875 1978 1979 1877 1876
4 1877 1979 1980 1878
4 1878 1980 1981 1879
4 1879 1981 1982 1880
4 1880 1982 1983 1881
5 1881 1983 1984 1883 1882
4 1883 1984 1985 1884
4 1884 1985 1986 1885
5 1885 1986 1987 1887 1886
4 1887 1987 1988 1888
4 1888 1988 1989 1889
4 1889 1989 1990 1890
4 1890 1990 1991 1891
5 1891 1991 1992 1893 1892
4 1893 1992 1993 1894
4 1894 1993 1994 1895
5 1895 1994 1995 1897 1896
4 1897 1995 1996 1898
4 1898 1996 1997 1899
4 1899 1997 1998 1900
4 1900 1998 1999 1901
5 1901 1999 2000 1903 1902
4 1903 2000 2001 1904
4 1904 2001 2002 1905
5 1905 2002 2003 1907 1906
4 1907 2003 2004 1908
4 1908 2004 2005 1909
4 737 756 757 738
3 739 738 757
3 739 757 758
3 762 763 739
3 758 762 739
4 762 772 773 763
4 739 763 764 740
4 763 773 774 764
5 772 786 787 774 773
3 793 775 774
3 788 792 793
3 788 793 774
3 774 787 788
4 792 803 804 793
4 775 793 794 776
4 793 804 805 794
4 803 820 821 804
3 805 804 821
3 805 821 822
3 825 826 805
3 822 825 805
4 825 832 833 826
4 832 849 850 833
4 833 850 851 834
3 856 835 834
3 852 855 856
3 852 856 834
3 834 851 852
4 855 868 869 856
4 868 893 894 869
4 869 894 895 870
3 871 870 895
3 871 895 896
3 899 900 871
3 896 899 871
4 899 909 910 900
4 909 935 936 910
4 910 936 937 911
4 911 937 938 912
4 912 938 939 913
3 944 914 913
3 913 939 940
3 940 943 944
3 913 940 944
4 943 950 951 944
5 950 970 973 974 951
4 973 979 980 974
5 979 998 1001 1002 980
4 1001 1011 1012 1002
5 1011 1034 1037 1038 1012
4 1037 1043 1044 1038
5 1043 1062 1065 1066 1044
4 1065 1072 1073 1066
5 1072 1092 1095 1096 1073
4 1095 1101 1102 1096
5 1101 1120 1123 1124 1102
4 1123 1132 1133 1124
5 1132 1154 1157 1158 1133
4 1157 1163 1164 1158
5 1163 1182 1185 1186 1164
4 1185 1192 1193 1186
5 1192 1212 1215 1216 1193
4 1215 1221 1222 1216
5 1221 1240 1243 1244 1222
4 1243 1254 1255 1244
4 1909 2005 2006 1910
4 1910 2006 2007 1911
5 1911 2007 2008 1913 1912
4 1913 2008 2009 1914
4 1914 2009 2010 1915
5 1915 2010 2011 1917 1916
4 1917 2011 2012 1918
4 1918 2012 2013 1919
5 1616 1624 1625 1626 1617
4 1642 1655 1656 1643
4 1624 1631 1632 1625
3 1643 1656 1657
3 1644 1643 1657
3 1644 1657 1632
3 1631 1644 1632
4 1706 1717 1718 1707
4 1804 1814 1815 1805
5 1814 1919 2013 2014 1815
4 1805 1815 1816 1806
4 1815 2014 2015 1816
4 1717 1727 1728 1718
4 1727 1766 1767 1728
4 1806 1816 1817 1807
4 1816 2015 2016 1817
3 1817 1818 1767
3 1808 1807 1817
3 1767 1766 1808
3 1808 1817 1767
4 1817 2016 2017 1818
5 1678 1688 1689 1690 1679
4 1688 1698 1699 1689
3 1707 1718 1719
3 1708 1707 1719
3 1708 1719 1699
3 1698 1708 1699
4 1689 1699 1700 1690
4 1699 1719 1720 1700
4 1655 1668 1669 1656
3 1690 1691 1669
3 1669 1668 1680
3 1690 1669 1680
3 1680 1679 1690
4 1656 1669 1670 1657
4 1669 1691 1692 1670
5 1254 1278 1281 1282 1255
4 1281 1287 1288 1282
5 1287 1306 1309 1310 1288
4 1309 1330 1331 1310
4 1330 1337 1338 1331
5 1337 1354 1359 1360 1338
4 1359 1365 1366 1360
5 1365 1382 1390 1391 1366
4 1390 1399 1400 1391
5 1399 1416 1421 1422 1400
4 1421 1427 1428 1422
5 1427 1444 1450 1451 1428
4 1450 1457 1458 1451
5 1457 1474 1479 1480 1458
4 1479 1485 1486 1480
5 1485 1502 1511 1512 1486
4 1579 1592 1593 1580
5 1540 1553 1554 1555 1541
4 1580 1593 1594 1581
4 1553 1563 1564 1554
3 1581 1594 1595
3 1595 1564 1563
3 1582 1581 1595
3 1563 1582 1595
4 1592 1603 1604 1593
3 1626 1627 1604
3 1604 1603 1618
3 1618 1617 1626
3 1618 1626 1604
4 1541 1555 1556 1542
4 1542 1556 1557 1543
4 1511 1521 1522 1512
3 1558 1522 1521
3 1558 1521 1544
3 1543 1557 1558
3 1544 1543 1558
4 1973 2077 2078 1974
4 1974 2078 2079 1975
5 1975 2079 2080 2081 1976
4 1976 2081 2082 1977
4 1977 2082 2083 1978
5 1978 2083 2084 2085 1979
4 1979 2085 2086 1980
4 1980 2086 2087 1981
4 1981 2087 2088 1982
4 1982 2088 2089 1983
5 1983 2089 2090 2091 1984
4 1984 2091 2092 1985
4 1985 2092 2093 1986
5 1986 2093 2094 2095 1987
4 1987 2095 2096 1988
4 1988 2096 2097 1989
4 1989 2097 2098 1990
4 1990 2098 2099 1991
5 1991 2099 2100 2101 1992
4 1992 2101 2102 1993
4 1993 2102 2103 1994
5 1994 2103 2104 2105 1995
4 1995 2105 2106 1996
4 1996 2106 2107 1997
4 1997 2107 2108 1998
4 1998 2108 2109 1999
5 1999 2109 2110 2111 2000
4 2000 2111 2112 2001
4 2001 2112 2113 2002
5 2002 2113 2114 2115 2003
4 2003 2115 2116 2004
4 2004 2116 2117 2005
4 2005 2117 2118 2006
4 2006 2118 2119 2007
5 2007 2119 2120 2121 2008
4 2008 2121 2122 2009
4 2009 2122 2123 2010
5 2010 2123 2124 2125 2011
4 2011 2125 2126 2012
4 2012 2126 2127 2013
5 2013 2127 2133 2134 2014
4 2133 2172 2173 2134
4 2014 2134 2135 2015
4 2134 2173 2174 2135
4 2015 2135 2136 2016
4 2135 2174 2175 2136
4 2016 2136 2137 2017
3 2182 2137 2136
3 2136 2175 2176
3 2176 2181 2182
3 2136 2176 2182
4 2181 2220 2221 2182
4 2220 2230 2231 2221
4 2230 2243 2244 2231
3 2232 2231 2244
3 2232 2244 2245
3 2249 2250 2232
3 2245 2249 2232
4 2249 2259 2260 2250
4 2232 2250 2251 2233
4 2250 2260 2261 2251
5 2259 2273 2274 2261 2260
3 2280 2262 2261
3 2275 2279 2280
3 2275 2280 2261
3 2261 2274 2275
4 2279 2292 2293 2280
4 2262 2280 2281 2263
4 2280 2293 2294 2281
4 2292 2311 2312 2293
3 2294 2293 2312
3 2294 2312 2313
3 2316 2317 2294
3 2313 2316 2294
4 2316 2323 2324 2317
5 2323 2339 2340 2325 2324
3 2345 2326 2325
3 2341 2344 2345
3 2325 2340 2341
3 2325 2341 2345
4 2344 2355 2356 2345
4 2355 2378 2379 2356
4 2356 2379 2380 2357
3 2358 2357 2380
3 2384 2385 2358
3 2358 2380 2381
3 2381 2384 2358
4 2384 2394 2395 2385
5 2394 2419 2420 2396 2395
4 2396 2420 2421 2397
4 2397 2421 2422 2398
3 2426 2427 2399
3 2423 2426 2399
3 2399 2398 2422
3 2422 2423 2399
4 2426 2436 2437 2427
5 2436 2459 2462 2463 2437
4 2462 2468 2469 2463
5 2468 2487 2490 2491 2469
4 2490 2497 2498 2491
5 2497 2517 2520 2521 2498
4 2520 2526 2527 2521
5 2526 2545 2548 2549 2527
4 2548 2557 2558 2549
5 2557 2579 2582 2583 2558
4 2582 2588 2589 2583
5 2588 2607 2610 2611 2589
4 2610 2631 2632 2611
4 2631 2638 2639 2632
5 2638 2655 2660 2661 2639
4 2660 2666 2667 2661
5 2666 2683 2693 2694 2667
4 3193 3210 3211 3194
4 3106 3115 3116 3107
4 3133 3144 3145 3134
4 3115 3122 3123 3116
3 3134 3145 3146
3 3135 3134 3146
3 3135 3146 3123
3 3122 3135 3123
5 3165 3175 3176 3177 3166
4 3175 3185 3186 3176
3 3194 3211 3212
3 3195 3194 3212
3 3195 3212 3186
3 3185 3195 3186
4 3176 3186 3187 3177
4 3186 3212 3213 3187
4 3144 3155 3156 3145
3 3177 3178 3156
3 3156 3155 3167
3 3177 3156 3167
3 3167 3166 3177
4 3145 3156 3157 3146
4 3156 3178 3179 3157
4 2693 2704 2705 2694
5 2704 2721 2726 2727 2705
4 2726 2732 2733 2727
5 2732 2749 2755 2756 2733
4 2755 2762 2763 2756
5 2762 2779 2784 2785 2763
4 2784 2790 2791 2785
5 2790 2807 2815 2816 2791
4 2815 2824 2825 2816
5 2824 2841 2846 2847 2825
4 2846 2852 2853 2847
5 2852 2869 2875 2876 2853
4 2875 2882 2883 2876
5 2882 2899 2904 2905 2883
4 2904 2910 2911 2905
5 2910 2927 2936 2937 2911
4 3064 3079 3080 3065
4 3024 3038 3039 3025
4 3065 3080 3081 3066
4 3038 3048 3049 3039
3 3066 3081 3082
3 3067 3066 3082
3 3067 3082 3049
3 3048 3067 3049
4 2936 2946 2947 2937
5 2946 2963 2968 2969 2947
4 2968 2974 2975 2969
5 2974 2991 2997 2998 2975
4 3025 3039 3040 3026
4 3026 3040 3041 3027
4 3027 3041 3042 3028
4 2997 3004 3005 2998
3 3042 3043 3005
3 3029 3028 3042
3 3005 3004 3029
3 3029 3042 3005
4 3107 3116 3117 3108
4 3079 3092 3093 3080
3 3117 3118 3093
3 3093 3092 3109
3 3117 3093 3109
3 3109 3108 3117
4 3628 3690 3691 3629
4 3690 3754 3755 3691
4 3629 3691 3692 3630
4 3691 3755 3756 3692
5 3630 3692 3693 3632 3631
4 3692 3756 3757 3693
4 3632 3693 3694 3633
4 3693 3757 3758 3694
4 3633 3694 3695 3634
4 3694 3758 3759 3695
5 3634 3695 3696 3636 3635
4 3695 3759 3760 3696
4 3636 3696 3697 3637
4 3696 3760 3761 3697
4 3637 3697 3698 3638
4 3697 3761 3762 3698
4 3638 3698 3699 3639
4 3698 3762 3763 3699
4 3639 3699 3700 3640
4 3699 3763 3764 3700
5 3640 3700 3701 3642 3641
4 3700 3764 3765 3701
4 3642 3701 3702 3643
4 3701 3765 3766 3702
4 3643 3702 3703 3644
4 3702 3766 3767 3703
5 3644 3703 3704 3646 3645
4 3703 3767 3768 3704
4 3646 3704 3705 3647
4 3704 3768 3769 3705
4 3647 3705 3706 3648
4 3705 3769 3770 3706
4 3648 3706 3707 3649
4 3706 3770 3771 3707
4 3649 3707 3708 3650
4 3707 3771 3772 3708
5 3650 3708 3709 3652 3651
4 3708 3772 3773 3709
4 3652 3709 3710 3653
4 3709 3773 3774 3710
4 3653 3710 3711 3654
4 3710 3774 3775 3711
5 3654 3711 3712 3656 3655
4 3711 3775 3776 3712
4 3656 3712 3713 3657
4 3712 3776 3777 3713
4 3657 3713 3714 3658
4 3713 3777 3778 3714
4 3540 3578 3579 3541
4 3541 3579 3580 3542
4 3500 3510 3511 3501
3 3561 3511 3510
3 3561 3510 3544
3 3543 3560 3561
3 3544 3543 3561
4 3501 3511 3512 3502
4 3511 3561 3562 3512
4 3502 3512 3513 3503
4 3512 3562 3563 3513
4 3658 3714 3715 3659
4 3714 3778 3779 3715
4 3659 3715 3716 3660
4 3715 3779 3780 3716
4 3578 3588 3589 3579
4 3579 3589 3590 3580
3 3717 3589 3588
3 3660 3716 3717
3 3717 3588 3661
3 3661 3660 3717
4 3716 3780 3781 3717
4 3589 3717 3718 3590
4 3717 3781 3782 3718
5 3387 3423 3424 3406 3388
4 3388 3406 3407 3389
4 3453 3466 3467 3454
4 3454 3467 3468 3455
5 3466 3503 3513 3514 3467
4 3513 3563 3564 3514
4 3467 3514 3515 3468
4 3514 3564 3565 3515
3 3468 3469 3424
3 3456 3455 3468
3 3456 3468 3424
3 3423 3456 3424
4 3406 3424 3425 3407
4 3424 3469 3470 3425
4 3389 3407 3408 3390
4 3409 3350 3340 3339
3 3409 3339 3391
3 3390 3408 3409
3 3391 3390 3409
4 3340 3350 3351 3341
4 3350 3409 3410 3351
4 3341 3351 3352 3342
4 3351 3410 3411 3352
5 3303 3342 3352 3353 3304
4 3352 3411 3412 3353
4 3304 3353 3354 3305
4 3353 3412 3413 3354
4 3210 3226 3227 3211
4 3226 3265 3266 3227
4 3305 3354 3355 3306
4 3354 3413 3414 3355
3 3355 3356 3266
3 3307 3306 3355
3 3307 3355 3266
3 3265 3307 3266
4 3355 3414 3415 3356
8 840 839 838 837 854 867 882 883
4 883 882 923 924
4 924 923 957 958
4 958 957 985 986
4 986 985 1021 1022
4 1022 1021 1049 1050
4 1050 1049 1079 1080
4 1080 1079 1107 1108
4 1108 1107 1141 1142
4 1142 1141 1169 1170
4 1170 1169 1199 1200
4 1200 1199 1227 1228
4 1228 1227 1265 1266
4 1266 1265 1293 1294
4 1294 1293 1317 1318
4 1318 1317 1341 1342
4 1342 1341 1369 1370
4 1370 1369 1403 1404
4 1404 1403 1431 1432
4 1432 1431 1461 1462
4 1462 1461 1489 1490
4 1490 1489 1528 1529
4 1529 1528 1568 1569
7 1569 1568 1591 1602 1605 1606 1607
7 1616 1617 1618 1603 1592 1579 1578
4 1578 1579 1539 1538
4 1538 1539 1500 1499
4 1499 1500 1472 1471
4 1471 1472 1442 1441
4 1441 1442 1414 1413
4 1413 1414 1380 1379
4 1379 1380 1352 1351
4 1351 1352 1328 1327
4 1327 1328 1304 1303
4 1303 1304 1276 1275
4 1275 1276 1238 1237
4 1237 1238 1210 1209
4 1209 1210 1180 1179
4 1179 1180 1152 1151
4 1151 1152 1118 1117
4 1117 1118 1090 1089
4 1089 1090 1060 1059
4 1059 1060 1032 1031
4 1031 1032 996 995
4 995 996 968 967
4 967 968 934 933
4 933 934 893 892
8 892 893 868 855 852 851 850 849
7 517 481 471 470 469 468 516
4 516 468 467 515
4 515 467 466 514
4 514 466 465 513
4 513 465 464 512
4 512 464 463 511
4 511 463 462 510
4 510 462 461 509
4 509 461 460 508
4 508 460 459 507
4 507 459 458 506
4 506 458 457 505
4 505 457 456 504
4 504 456 455 503
4 503 455 454 502
4 502 454 453 501
4 501 453 452 500
4 500 452 451 499
4 499 451 450 498
4 498 450 449 497
4 497 449 448 496
4 496 448 447 495
4 495 447 446 494
7 494 446 445 444 443 480 493
8 882 881 880 879 898 908 922 923
4 923 922 956 957
4 957 956 984 985
4 985 984 1020 1021
4 1021 1020 1048 1049
4 1049 1048 1078 1079
4 1079 1078 1106 1107
4 1107 1106 1140 1141
4 1141 1140 1168 1169
4 1169 1168 1198 1199
4 1199 1198 1226 1227
4 1227 1226 1264 1265
4 1265 1264 1292 1293
4 1293 1292 1316 1317
4 1317 1316 1340 1341
4 1341 1340 1368 1369
4 1369 1368 1402 1403
4 1403 1402 1430 1431
4 1431 1430 1460 1461
4 1461 1460 1488 1489
4 1489 1488 1527 1528
8 1528 1527 1552 1562 1565 1566 1567 1568
8 1579 1580 1581 1582 1563 1553 1540 1539
4 1539 1540 1501 1500
4 1500 1501 1473 1472
4 1472 1473 1443 1442
4 1442 1443 1415 1414
4 1414 1415 1381 1380
4 1380 1381 1353 1352
4 1352 1353 1329 1328
4 1328 1329 1305 1304
4 1304 1305 1277 1276
4 1276 1277 1239 1238
4 1238 1239 1211 1210
4 1210 1211 1181 1180
4 1180 1181 1153 1152
4 1152 1153 1119 1118
4 1118 1119 1091 1090
4 1090 1091 1061 1060
4 1060 1061 1033 1032
4 1032 1033 997 996
4 996 997 969 968
4 968 969 935 934
8 934 935 909 899 896 895 894 893
8 468 437 430 429 428 427 426 467
4 467 426 425 466
4 466 425 424 465
4 465 424 423 464
4 464 423 422 463
4 463 422 421 462
4 462 421 420 461
4 461 420 419 460
4 460 419 418 459
4 459 418 417 458
4 458 417 416 457
4 457 416 415 456
4 456 415 414 455
4 455 414 413 454
4 454 413 412 453
4 453 412 411 452
4 452 411 410 451
4 451 410 409 450
4 450 409 408 449
4 449 408 407 448
4 448 407 406 447
8 447 406 405 404 403 402 436 446
10 922 921 920 919 918 917 942 949 955 956
6 956 955 972 978 983 984
6 984 983 1000 1010 1019 1020
6 1020 1019 1036 1042 1047 1048
6 1048 1047 1064 1071 1077 1078
6 1078 1077 1094 1100 1105 1106
6 1106 1105 1122 1131 1139 1140
6 1140 1139 1156 1162 1167 1168
6 1168 1167 1184 1191 1197 1198
6 1198 1197 1214 1220 1225 1226
6 1226 1225 1242 1253 1263 1264
6 1264 1263 1280 1286 1291 1292
5 1292 1291 1308 1315 1316
5 1316 1315 1336 1339 1340
6 1340 1339 1358 1364 1367 1368
6 1368 1367 1389 1398 1401 1402
6 1402 1401 1420 1426 1429 1430
6 1430 1429 1449 1456 1459 1460
6 1460 1459 1478 1484 1487 1488
9 1488 1487 1510 1520 1523 1524 1525 1526 1527
9 1540 1541 1542 1543 1544 1521 1511 1502 1501
6 1501 1502 1485 1479 1474 1473
6 1473 1474 1457 1450 1444 1443
6 1443 1444 1427 1421 1416 1415
6 1415 1416 1399 1390 1382 1381
6 1381 1382 1365 1359 1354 1353
5 1353 1354 1337 1330 1329
5 1329 1330 1309 1306 1305
6 1305 1306 1287 1281 1278 1277
6 1277 1278 1254 1243 1240 1239
6 1239 1240 1221 1215 1212 1211
6 1211 1212 1192 1185 1182 1181
6 1181 1182 1163 1157 1154 1153
6 1153 1154 1132 1123 1120 1119
6 1119 1120 1101 1095 1092 1091
6 1091 1092 1072 1065 1062 1061
6 1061 1062 1043 1037 1034 1033
6 1033 1034 1011 1001 998 997
6 997 998 979 973 970 969
10 969 970 950 943 940 939 938 937 936 935
8 426 369 359 351 350 349 348 425
6 425 348 347 346 345 424
7 424 345 344 343 342 341 423
6 423 341 340 339 338 422
6 422 338 337 336 335 421
7 421 335 334 333 332 331 420
6 420 331 330 329 328 419
6 419 328 327 326 325 418
7 418 325 324 323 322 321 417
6 417 321 320 319 318 416
6 416 318 317 316 315 415
7 415 315 314 313 312 311 414
6 414 311 310 309 308 413
6 413 308 307 306 305 412
7 412 305 304 303 302 301 411
6 411 301 300 299 298 410
6 410 298 297 296 295 409
7 409 295 294 293 292 291 408
6 408 291 290 289 288 407
8 407 288 287 286 285 358 368 406
7 2330 2329 2328 2343 2354 2367 2368
4 2368 2367 2407 2408
4 2408 2407 2446 2447
4 2447 2446 2474 2475
4 2475 2474 2504 2505
4 2505 2504 2532 2533
4 2533 2532 2566 2567
4 2567 2566 2594 2595
4 2595 2594 2618 2619
4 2619 2618 2642 2643
4 2643 2642 2670 2671
4 2671 2670 2708 2709
4 2709 2708 2736 2737
4 2737 2736 2766 2767
4 2767 2766 2794 2795
4 2795 2794 2828 2829
4 2829 2828 2856 2857
4 2857 2856 2886 2887
4 2887 2886 2914 2915
4 2915 2914 2950 2951
4 2951 2950 2978 2979
4 2979 2978 3012 3013
4 3013 3012 3053 3054
8 3054 3053 3078 3091 3094 3095 3096 3097
7 3429 3465 3475 3476 3477 3478 3430
4 3430 3478 3479 3431
4 3431 3479 3480 3432
4 3432 3480 3481 3433
4 3433 3481 3482 3434
4 3434 3482 3483 3435
4 3435 3483 3484 3436
4 3436 3484 3485 3437
4 3437 3485 3486 3438
4 3438 3486 3487 3439
4 3439 3487 3488 3440
4 3440 3488 3489 3441
4 3441 3489 3490 3442
4 3442 3490 3491 3443
4 3443 3491 3492 3444
4 3444 3492 3493 3445
4 3445 3493 3494 3446
4 3446 3494 3495 3447
4 3447 3495 3496 3448
4 3448 3496 3497 3449
4 3449 3497 3498 3450
4 3450 3498 3499 3451
4 3451 3499 3500 3452
7 3452 3500 3501 3502 3503 3466 3453
8 3106 3107 3108 3109 3092 3079 3064 3063
4 3063 3064 3023 3022
4 3022 3023 2989 2988
4 2988 2989 2961 2960
4 2960 2961 2925 2924
4 2924 2925 2897 2896
4 2896 2897 2867 2866
4 2866 2867 2839 2838
4 2838 2839 2805 2804
4 2804 2805 2777 2776
4 2776 2777 2747 2746
4 2746 2747 2719 2718
4 2718 2719 2681 2680
4 2680 2681 2653 2652
4 2652 2653 2629 2628
4 2628 2629 2605 2604
4 2604 2605 2577 2576
4 2576 2577 2543 2542
4 2542 2543 2515 2514
4 2514 2515 2485 2484
4 2484 2485 2457 2456
4 2456 2457 2418 2417
4 2417 2418 2378 2377
7 2377 2378 2355 2344 2341 2340 2339
8 2367 2366 2365 2364 2383 2393 2406 2407
4 2407 2406 2445 2446
4 2446 2445 2473 2474
4 2474 2473 2503 2504
4 2504 2503 2531 2532
4 2532 2531 2565 2566
4 2566 2565 2593 2594
4 2594 2593 2617 2618
4 2618 2617 2641 2642
4 2642 2641 2669 2670
4 2670 2669 2707 2708
4 2708 2707 2735 2736
4 2736 2735 2765 2766
4 2766 2765 2793 2794
4 2794 2793 2827 2828
4 2828 2827 2855 2856
4 2856 2855 2885 2886
4 2886 2885 2913 2914
4 2914 2913 2949 2950
4 2950 2949 2977 2978
4 2978 2977 3011 3012
8 3012 3011 3037 3047 3050 3051 3052 3053
8 3478 3509 3516 3517 3518 3519 3520 3479
4 3479 3520 3521 3480
4 3480 3521 3522 3481
4 3481 3522 3523 3482
4 3482 3523 3524 3483
4 3483 3524 3525 3484
4 3484 3525 3526 3485
4 3485 3526 3527 3486
4 3486 3527 3528 3487
4 3487 3528 3529 3488
4 3488 3529 3530 3489
4 3489 3530 3531 3490
4 3490 3531 3532 3491
4 3491 3532 3533 3492
4 3492 3533 3534 3493
4 3493 3534 3535 3494
4 3494 3535 3536 3495
4 3495 3536 3537 3496
4 3496 3537 3538 3497
4 3497 3538 3539 3498
4 3498 3539 3540 3499
8 3499 3540 3541 3542 3543 3544 3510 3500
8 3064 3065 3066 3067 3048 3038 3024 3023
4 3023 3024 2990 2989
4 2989 2990 2962 2961
4 2961 2962 2926 2925
4 2925 2926 2898 2897
4 2897 2898 2868 2867
4 2867 2868 2840 2839
4 2839 2840 2806 2805
4 2805 2806 2778 2777
4 2777 2778 2748 2747
4 2747 2748 2720 2719
4 2719 2720 2682 2681
4 2681 2682 2654 2653
4 2653 2654 2630 2629
4 2629 2630 2606 2605
4 2605 2606 2578 2577
4 2577 2578 2544 2543
4 2543 2544 2516 2515
4 2515 2516 2486 2485
4 2485 2486 2458 2457
4 2457 2458 2419 2418
8 2418 2419 2394 2384 2381 2380 2379 2378
9 2406 2405 2404 2403 2402 2425 2435 2444 2445
6 2445 2444 2461 2467 2472 2473
6 2473 2472 2489 2496 2502 2503
6 2503 2502 2519 2525 2530 2531
6 2531 2530 2547 2556 2564 2565
6 2565 2564 2581 2587 2592 2593
5 2593 2592 2609 2616 2617
5 2617 2616 2637 2640 2641
6 2641 2640 2659 2665 2668 2669
6 2669 2668 2692 2703 2706 2707
6 2707 2706 2725 2731 2734 2735
6 2735 2734 2754 2761 2764 2765
6 2765 2764 2783 2789 2792 2793
6 2793 2792 2814 2823 2826 2827
6 2827 2826 2845 2851 2854 2855
6 2855 2854 2874 2881 2884 2885
6 2885 2884 2903 2909 2912 2913
6 2913 2912 2935 2945 2948 2949
6 2949 2948 2967 2973 2976 2977
10 2977 2976 2996 3003 3006 3007 3008 3009 3010 3011
8 3520 3577 3587 3595 3596 3597 3598 3521
6 3521 3598 3599 3600 3601 3522
7 3522 3601 3602 3603 3604 3605 3523
6 3523 3605 3606 3607 3608 3524
6 3524 3608 3609 3610 3611 3525
7 3525 3611 3612 3613 3614 3615 3526
6 3526 3615 3616 3617 3618 3527
6 3527 3618 3619 3620 3621 3528
7 3528 3621 3622 3623 3624 3625 3529
6 3529 3625 3626 3627 3628 3530
6 3530 3628 3629 3630 3631 3531
7 3531 3631 3632 3633 3634 3635 3532
6 3532 3635 3636 3637 3638 3533
6 3533 3638 3639 3640 3641 3534
7 3534 3641 3642 3643 3644 3645 3535
6 3535 3645 3646 3647 3648 3536
6 3536 3648 3649 3650 3651 3537
7 3537 3651 3652 3653 3654 3655 3538
6 3538 3655 3656 3657 3658 3539
8 3539 3658 3659 3660 3661 3588 3578 3540
10 3024 3025 3026 3027 3028 3029 3004 2997 2991 2990
6 2990 2991 2974 2968 2963 2962
6 2962 2963 2946 2936 2927 2926
6 2926 2927 2910 2904 2899 2898
6 2898 2899 2882 2875 2869 2868
6 2868 2869 2852 2846 2841 2840
6 2840 2841 2824 2815 2807 2806
6 2806 2807 2790 2784 2779 2778
6 2778 2779 2762 2755 2749 2748
6 2748 2749 2732 2726 2721 2720
6 2720 2721 2704 2693 2683 2682
6 2682 2683 2666 2660 2655 2654
5 2654 2655 2638 2631 2630
5 2630 2631 2610 2607 2606
6 2606 2607 2588 2582 2579 2578
6 2578 2579 2557 2548 2545 2544
6 2544 2545 2526 2520 2517 2516
6 2516 2517 2497 2490 2487 2486
6 2486 2487 2468 2462 2459 2458
9 2458 2459 2436 2426 2423 2422 2421 2420 2419
7 686 639 681 720 736 751 754
4 754 751 782 783
4 783 782 815 816
4 816 815 843 844
4 844 843 886 887
4 887 886 927 928
4 928 927 961 962
4 962 961 989 990
4 990 989 1025 1026
4 1026 1025 1053 1054
4 1054 1053 1083 1084
4 1084 1083 1111 1112
4 1112 1111 1145 1146
4 1146 1145 1173 1174
4 1174 1173 1203 1204
4 1204 1203 1231 1232
4 1232 1231 1269 1270
4 1270 1269 1297 1298
4 1298 1297 1321 1322
4 1322 1321 1345 1346
4 1346 1345 1373 1374
4 1374 1373 1407 1408
4 1408 1407 1435 1436
4 1436 1435 1465 1466
4 1466 1465 1493 1494
4 1494 1493 1532 1533
4 1533 1532 1572 1573
4 1573 1572 1610 1611
4 1611 1610 1637 1638
4 1638 1637 1674 1675
4 1675 1674 1703 1704
7 1704 1703 1716 1726 1765 1770 1729
7 1729 1770 1771 1772 1773 1774 1730
4 1730 1774 1775 1731
4 1731 1775 1776 1732
4 1732 1776 1777 1733
4 1733 1777 1778 1734
4 1734 1778 1779 1735
4 1735 1779 1780 1736
4 1736 1780 1781 1737
4 1737 1781 1782 1738
4 1738 1782 1783 1739
4 1739 1783 1784 1740
4 1740 1784 1785 1741
4 1741 1785 1786 1742
4 1742 1786 1787 1743
4 1743 1787 1788 1744
4 1744 1788 1789 1745
4 1745 1789 1790 1746
4 1746 1790 1791 1747
4 1747 1791 1792 1748
4 1748 1792 1793 1749
4 1749 1793 1794 1750
4 1750 1794 1795 1751
4 1751 1795 1796 1752
4 1752 1796 1797 1753
4 1753 1797 1798 1754
4 1754 1798 1799 1755
4 1755 1799 1800 1756
4 1756 1800 1801 1757
4 1757 1801 1802 1758
4 1758 1802 1803 1759
4 1759 1803 1804 1760
7 1760 1804 1805 1806 1807 1808 1761
7 1761 1808 1766 1727 1717 1706 1705
4 1705 1706 1677 1676
4 1676 1677 1640 1639
4 1639 1640 1613 1612
4 1612 1613 1575 1574
4 1574 1575 1535 1534
4 1534 1535 1496 1495
4 1495 1496 1468 1467
4 1467 1468 1438 1437
4 1437 1438 1410 1409
4 1409 1410 1376 1375
4 1375 1376 1348 1347
4 1347 1348 1324 1323
4 1323 1324 1300 1299
4 1299 1300 1272 1271
4 1271 1272 1234 1233
4 1233 1234 1206 1205
4 1205 1206 1176 1175
4 1175 1176 1148 1147
4 1147 1148 1114 1113
4 1113 1114 1086 1085
4 1085 1086 1056 1055
4 1055 1056 1028 1027
4 1027 1028 992 991
4 991 992 964 963
4 963 964 930 929
4 929 930 889 888
4 888 889 846 845
4 845 846 818 817
4 817 818 785 784
4 784 785 756 755
7 755 756 737 721 682 677 718
7 718 677 676 675 674 673 717
4 717 673 672 716
4 716 672 671 715
4 715 671 670 714
4 714 670 669 713
4 713 669 668 712
4 712 668 667 711
4 711 667 666 710
4 710 666 665 709
4 709 665 664 708
4 708 664 663 707
4 707 663 662 706
4 706 662 661 705
4 705 661 660 704
4 704 660 659 703
4 703 659 658 702
4 702 658 657 701
4 701 657 656 700
4 700 656 655 699
4 699 655 654 698
4 698 654 653 697
4 697 653 652 696
4 696 652 651 695
4 695 651 650 694
4 694 650 649 693
4 693 649 648 692
4 692 648 647 691
4 691 647 646 690
4 690 646 645 689
4 689 645 644 688
4 688 644 643 687
7 687 643 642 641 640 639 686
7 751 753 752 761 771 781 782
4 782 781 814 815
4 815 814 842 843
4 843 842 885 886
4 886 885 926 927
4 927 926 960 961
4 961 960 988 989
4 989 988 1024 1025
4 1025 1024 1052 1053
4 1053 1052 1082 1083
4 1083 1082 1110 1111
4 1111 1110 1144 1145
4 1145 1144 1172 1173
4 1173 1172 1202 1203
4 1203 1202 1230 1231
4 1231 1230 1268 1269
4 1269 1268 1296 1297
4 1297 1296 1320 1321
4 1321 1320 1344 1345
4 1345 1344 1372 1373
4 1373 1372 1406 1407
4 1407 1406 1434 1435
4 1435 1434 1464 1465
4 1465 1464 1492 1493
4 1493 1492 1531 1532
4 1532 1531 1571 1572
4 1572 1571 1609 1610
4 1610 1609 1636 1637
4 1637 1636 1673 1674
7 1674 1673 1687 1697 1701 1702 1703
7 1774 1813 1819 1820 1821 1822 1775
7 1775 1822 1823 1824 1825 1826 1776
6 1776 1826 1827 1828 1829 1777
6 1777 1829 1830 1831 1832 1778
7 1778 1832 1833 1834 1835 1836 1779
6 1779 1836 1837 1838 1839 1780
6 1780 1839 1840 1841 1842 1781
7 1781 1842 1843 1844 1845 1846 1782
6 1782 1846 1847 1848 1849 1783
6 1783 1849 1850 1851 1852 1784
7 1784 1852 1853 1854 1855 1856 1785
6 1785 1856 1857 1858 1859 1786
6 1786 1859 1860 1861 1862 1787
7 1787 1862 1863 1864 1865 1866 1788
6 1788 1866 1867 1868 1869 1789
6 1789 1869 1870 1871 1872 1790
7 1790 1872 1873 1874 1875 1876 1791
6 1791 1876 1877 1878 1879 1792
6 1792 1879 1880 1881 1882 1793
7 1793 1882 1883 1884 1885 1886 1794
6 1794 1886 1887 1888 1889 1795
6 1795 1889 1890 1891 1892 1796
7 1796 1892 1893 1894 1895 1896 1797
6 1797 1896 1897 1898 1899 1798
6 1798 1899 1900 1901 1902 1799
7 1799 1902 1903 1904 1905 1906 1800
6 1800 1906 1907 1908 1909 1801
6 1801 1909 1910 1911 1912 1802
7 1802 1912 1913 1914 1915 1916 1803
7 1803 1916 1917 1918 1919 1814 1804
7 1706 1707 1708 1698 1688 1678 1677
4 1677 1678 1641 1640
4 1640 1641 1614 1613
4 1613 1614 1576 1575
4 1575 1576 1536 1535
4 1535 1536 1497 1496
4 1496 1497 1469 1468
4 1468 1469 1439 1438
4 1438 1439 1411 1410
4 1410 1411 1377 1376
4 1376 1377 1349 1348
4 1348 1349 1325 1324
4 1324 1325 1301 1300
4 1300 1301 1273 1272
4 1272 1273 1235 1234
4 1234 1235 1207 1206
4 1206 1207 1177 1176
4 1176 1177 1149 1148
4 1148 1149 1115 1114
4 1114 1115 1087 1086
4 1086 1087 1057 1056
4 1056 1057 1029 1028
4 1028 1029 993 992
4 992 993 965 964
4 964 965 931 930
4 930 931 890 889
4 889 890 847 846
4 846 847 819 818
4 818 819 786 785
7 785 786 772 762 758 757 756
6 673 638 637 636 635 672
4 672 635 634 671
4 671 634 633 670
4 670 633 632 669
4 669 632 631 668
4 668 631 630 667
4 667 630 629 666
4 666 629 628 665
4 665 628 627 664
4 664 627 626 663
4 663 626 625 662
4 662 625 624 661
4 661 624 623 660
4 660 623 622 659
4 659 622 621 658
4 658 621 620 657
4 657 620 619 656
4 656 619 618 655
4 655 618 617 654
4 654 617 616 653
4 653 616 615 652
4 652 615 614 651
4 651 614 613 650
4 650 613 612 649
4 649 612 611 648
4 648 611 610 647
4 647 610 609 646
4 646 609 608 645
4 645 608 607 644
6 644 607 606 605 604 643
7 781 780 779 791 802 813 814
4 814 813 841 842
4 842 841 884 885
4 885 884 925 926
4 926 925 959 960
4 960 959 987 988
4 988 987 1023 1024
4 1024 1023 1051 1052
4 1052 1051 1081 1082
4 1082 1081 1109 1110
4 1110 1109 1143 1144
4 1144 1143 1171 1172
4 1172 1171 1201 1202
4 1202 1201 1229 1230
4 1230 1229 1267 1268
4 1268 1267 1295 1296
4 1296 1295 1319 1320
4 1320 1319 1343 1344
4 1344 1343 1371 1372
4 1372 1371 1405 1406
4 1406 1405 1433 1434
4 1434 1433 1463 1464
4 1464 1463 1491 1492
4 1492 1491 1530 1531
4 1531 1530 1570 1571
4 1571 1570 1608 1609
4 1609 1608 1635 1636
7 1636 1635 1654 1667 1671 1672 1673
7 1678 1679 1680 1668 1655 1642 1641
4 1641 1642 1615 1614
4 1614 1615 1577 1576
4 1576 1577 1537 1536
4 1536 1537 1498 1497
4 1497 1498 1470 1469
4 1469 1470 1440 1439
4 1439 1440 1412 1411
4 1411 1412 1378 1377
4 1377 1378 1350 1349
4 1349 1350 1326 1325
4 1325 1326 1302 1301
4 1301 1302 1274 1273
4 1273 1274 1236 1235
4 1235 1236 1208 1207
4 1207 1208 1178 1177
4 1177 1178 1150 1149
4 1149 1150 1116 1115
4 1115 1116 1088 1087
4 1087 1088 1058 1057
4 1057 1058 1030 1029
4 1029 1030 994 993
4 993 994 966 965
4 965 966 932 931
4 931 932 891 890
4 890 891 848 847
4 847 848 820 819
7 819 820 803 792 788 787 786
7 635 589 588 587 586 585 634
4 634 585 584 633
4 633 584 583 632
4 632 583 582 631
4 631 582 581 630
4 630 581 580 629
4 629 580 579 628
4 628 579 578 627
4 627 578 577 626
4 626 577 576 625
4 625 576 575 624
4 624 575 574 623
4 623 574 573 622
4 622 573 572 621
4 621 572 571 620
4 620 571 570 619
4 619 570 569 618
4 618 569 568 617
4 617 568 567 616
4 616 567 566 615
4 615 566 565 614
4 614 565 564 613
4 613 564 563 612
4 612 563 562 611
4 611 562 561 610
4 610 561 560 609
4 609 560 559 608
7 608 559 558 557 556 555 607
7 813 812 811 824 831 840 841
4 841 840 883 884
4 884 883 924 925
4 925 924 958 959
4 959 958 986 987
4 987 986 1022 1023
4 1023 1022 1050 1051
4 1051 1050 1080 1081
4 1081 1080 1108 1109
4 1109 1108 1142 1143
4 1143 1142 1170 1171
4 1171 1170 1200 1201
4 1201 1200 1228 1229
4 1229 1228 1266 1267
4 1267 1266 1294 1295
4 1295 1294 1318 1319
4 1319 1318 1342 1343
4 1343 1342 1370 1371
4 1371 1370 1404 1405
4 1405 1404 1432 1433
4 1433 1432 1462 1463
4 1463 1462 1490 1491
4 1491 1490 1529 1530
4 1530 1529 1569 1570
4 1570 1569 1607 1608
7 1608 1607 1623 1630 1633 1634 1635
7 1642 1643 1644 1631 1624 1616 1615
4 1615 1616 1578 1577
4 1577 1578 1538 1537
4 1537 1538 1499 1498
4 1498 1499 1471 1470
4 1470 1471 1441 1440
4 1440 1441 1413 1412
4 1412 1413 1379 1378
4 1378 1379 1351 1350
4 1350 1351 1327 1326
4 1326 1327 1303 1302
4 1302 1303 1275 1274
4 1274 1275 1237 1236
4 1236 1237 1209 1208
4 1208 1209 1179 1178
4 1178 1179 1151 1150
4 1150 1151 1117 1116
4 1116 1117 1089 1088
4 1088 1089 1059 1058
4 1058 1059 1031 1030
4 1030 1031 995 994
4 994 995 967 966
4 966 967 933 932
4 932 933 892 891
4 891 892 849 848
7 848 849 832 825 822 821 820
7 585 524 520 519 518 517 584
4 584 517 516 583
4 583 516 515 582
4 582 515 514 581
4 581 514 513 580
4 580 513 512 579
4 579 512 511 578
4 578 511 510 577
4 577 510 509 576
4 576 509 508 575
4 575 508 507 574
4 574 507 506 573
4 573 506 505 572
4 572 505 504 571
4 571 504 503 570
4 570 503 502 569
4 569 502 501 568
4 568 501 500 567
4 567 500 499 566
4 566 499 498 565
4 565 498 497 564
4 564 497 496 563
4 563 496 495 562
4 562 495 494 561
4 561 494 493 560
7 560 493 492 491 490 523 559
7 2185 2138 2180 2219 2229 2240 2241
4 2241 2240 2269 2270
4 2270 2269 2306 2307
4 2307 2306 2333 2334
4 2334 2333 2371 2372
4 2372 2371 2411 2412
4 2412 2411 2450 2451
4 2451 2450 2478 2479
4 2479 2478 2508 2509
4 2509 2508 2536 2537
4 2537 2536 2570 2571
4 2571 2570 2598 2599
4 2599 2598 2622 2623
4 2623 2622 2646 2647
4 2647 2646 2674 2675
4 2675 2674 2712 2713
4 2713 2712 2740 2741
4 2741 2740 2770 2771
4 2771 2770 2798 2799
4 2799 2798 2832 2833
4 2833 2832 2860 2861
4 2861 2860 2890 2891
4 2891 2890 2918 2919
4 2919 2918 2954 2955
4 2955 2954 2982 2983
4 2983 2982 3016 3017
4 3017 3016 3057 3058
4 3058 3057 3100 3101
4 3101 3100 3128 3129
4 3129 3128 3161 3162
4 3162 3161 3190 3191
7 3191 3190 3209 3225 3264 3269 3228
7 3228 3269 3270 3271 3272 3273 3229
4 3229 3273 3274 3230
4 3230 3274 3275 3231
4 3231 3275 3276 3232
4 3232 3276 3277 3233
4 3233 3277 3278 3234
4 3234 3278 3279 3235
4 3235 3279 3280 3236
4 3236 3280 3281 3237
4 3237 3281 3282 3238
4 3238 3282 3283 3239
4 3239 3283 3284 3240
4 3240 3284 3285 3241
4 3241 3285 3286 3242
4 3242 3286 3287 3243
4 3243 3287 3288 3244
4 3244 3288 3289 3245
4 3245 3289 3290 3246
4 3246 3290 3291 3247
4 3247 3291 3292 3248
4 3248 3292 3293 3249
4 3249 3293 3294 3250
4 3250 3294 3295 3251
4 3251 3295 3296 3252
4 3252 3296 3297 3253
4 3253 3297 3298 3254
4 3254 3298 3299 3255
4 3255 3299 3300 3256
4 3256 3300 3301 3257
4 3257 3301 3302 3258
4 3258 3302 3303 3259
7 3259 3303 3304 3305 3306 3307 3260
7 3260 3307 3265 3226 3210 3193 3192
4 3192 3193 3164 3163
4 3163 3164 3131 3130
4 3130 3131 3103 3102
4 3102 3103 3060 3059
4 3059 3060 3019 3018
4 3018 3019 2985 2984
4 2984 2985 2957 2956
4 2956 2957 2921 2920
4 2920 2921 2893 2892
4 2892 2893 2863 2862
4 2862 2863 2835 2834
4 2834 2835 2801 2800
4 2800 2801 2773 2772
4 2772 2773 2743 2742
4 2742 2743 2715 2714
4 2714 2715 2677 2676
4 2676 2677 2649 2648
4 2648 2649 2625 2624
4 2624 2625 2601 2600
4 2600 2601 2573 2572
4 2572 2573 2539 2538
4 2538 2539 2511 2510
4 2510 2511 2481 2480
4 2480 2481 2453 2452
4 2452 2453 2414 2413
4 2413 2414 2374 2373
4 2373 2374 2336 2335
4 2335 2336 2309 2308
4 2308 2309 2272 2271
4 2271 2272 2243 2242
7 2242 2243 2230 2220 2181 2176 2217
7 2217 2176 2175 2174 2173 2172 2216
4 2216 2172 2171 2215
4 2215 2171 2170 2214
4 2214 2170 2169 2213
4 2213 2169 2168 2212
4 2212 2168 2167 2211
4 2211 2167 2166 2210
4 2210 2166 2165 2209
4 2209 2165 2164 2208
4 2208 2164 2163 2207
4 2207 2163 2162 2206
4 2206 2162 2161 2205
4 2205 2161 2160 2204
4 2204 2160 2159 2203
4 2203 2159 2158 2202
4 2202 2158 2157 2201
4 2201 2157 2156 2200
4 2200 2156 2155 2199
4 2199 2155 2154 2198
4 2198 2154 2153 2197
4 2197 2153 2152 2196
4 2196 2152 2151 2195
4 2195 2151 2150 2194
4 2194 2150 2149 2193
4 2193 2149 2148 2192
4 2192 2148 2147 2191
4 2191 2147 2146 2190
4 2190 2146 2145 2189
4 2189 2145 2144 2188
4 2188 2144 2143 2187
4 2187 2143 2142 2186
7 2186 2142 2141 2140 2139 2138 2185
7 2240 2239 2238 2248 2258 2268 2269
4 2269 2268 2305 2306
4 2306 2305 2332 2333
4 2333 2332 2370 2371
4 2371 2370 2410 2411
4 2411 2410 2449 2450
4 2450 2449 2477 2478
4 2478 2477 2507 2508
4 2508 2507 2535 2536
4 2536 2535 2569 2570
4 2570 2569 2597 2598
4 2598 2597 2621 2622
4 2622 2621 2645 2646
4 2646 2645 2673 2674
4 2674 2673 2711 2712
4 2712 2711 2739 2740
4 2740 2739 2769 2770
4 2770 2769 2797 2798
4 2798 2797 2831 2832
4 2832 2831 2859 2860
4 2860 2859 2889 2890
4 2890 2889 2917 2918
4 2918 2917 2953 2954
4 2954 2953 2981 2982
4 2982 2981 3015 3016
4 3016 3015 3056 3057
4 3057 3056 3099 3100
4 3100 3099 3127 3128
4 3128 3127 3160 3161
7 3161 3160 3174 3184 3188 3189 3190
6 3273 3308 3309 3310 3311 3274
4 3274 3311 3312 3275
4 3275 3312 3313 3276
4 3276 3313 3314 3277
4 3277 3314 3315 3278
4 3278 3315 3316 3279
4 3279 3316 3317 3280
4 3280 3317 3318 3281
4 3281 3318 3319 3282
4 3282 3319 3320 3283
4 3283 3320 3321 3284
4 3284 3321 3322 3285
4 3285 3322 3323 3286
4 3286 3323 3324 3287
4 3287 3324 3325 3288
4 3288 3325 3326 3289
4 3289 3326 3327 3290
4 3290 3327 3328 3291
4 3291 3328 3329 3292
4 3292 3329 3330 3293
4 3293 3330 3331 3294
4 3294 3331 3332 3295
4 3295 3332 3333 3296
4 3296 3333 3334 3297
4 3297 3334 3335 3298
4 3298 3335 3336 3299
4 3299 3336 3337 3300
4 3300 3337 3338 3301
4 3301 3338 3339 3302
6 3302 3339 3340 3341 3342 3303
7 3193 3194 3195 3185 3175 3165 3164
4 3164 3165 3132 3131
4 3131 3132 3104 3103
4 3103 3104 3061 3060
4 3060 3061 3020 3019
4 3019 3020 2986 2985
4 2985 2986 2958 2957
4 2957 2958 2922 2921
4 2921 2922 2894 2893
4 2893 2894 2864 2863
4 2863 2864 2836 2835
4 2835 2836 2802 2801
4 2801 2802 2774 2773
4 2773 2774 2744 2743
4 2743 2744 2716 2715
4 2715 2716 2678 2677
4 2677 2678 2650 2649
4 2649 2650 2626 2625
4 2625 2626 2602 2601
4 2601 2602 2574 2573
4 2573 2574 2540 2539
4 2539 2540 2512 2511
4 2511 2512 2482 2481
4 2481 2482 2454 2453
4 2453 2454 2415 2414
4 2414 2415 2375 2374
4 2374 2375 2337 2336
4 2336 2337 2310 2309
4 2309 2310 2273 2272
7 2272 2273 2259 2249 2245 2244 2243
7 2172 2133 2127 2126 2125 2124 2171
7 2171 2124 2123 2122 2121 2120 2170
6 2170 2120 2119 2118 2117 2169
6 2169 2117 2116 2115 2114 2168
7 2168 2114 2113 2112 2111 2110 2167
6 2167 2110 2109 2108 2107 2166
6 2166 2107 2106 2105 2104 2165
7 2165 2104 2103 2102 2101 2100 2164
6 2164 2100 2099 2098 2097 2163
6 2163 2097 2096 2095 2094 2162
7 2162 2094 2093 2092 2091 2090 2161
6 2161 2090 2089 2088 2087 2160
6 2160 2087 2086 2085 2084 2159
7 2159 2084 2083 2082 2081 2080 2158
6 2158 2080 2079 2078 2077 2157
6 2157 2077 2076 2075 2074 2156
7 2156 2074 2073 2072 2071 2070 2155
6 2155 2070 2069 2068 2067 2154
6 2154 2067 2066 2065 2064 2153
7 2153 2064 2063 2062 2061 2060 2152
6 2152 2060 2059 2058 2057 2151
6 2151 2057 2056 2055 2054 2150
7 2150 2054 2053 2052 2051 2050 2149
6 2149 2050 2049 2048 2047 2148
6 2148 2047 2046 2045 2044 2147
7 2147 2044 2043 2042 2041 2040 2146
6 2146 2040 2039 2038 2037 2145
6 2145 2037 2036 2035 2034 2144
7 2144 2034 2033 2032 2031 2030 2143
7 2143 2030 2029 2028 2027 2132 2142
7 2268 2267 2266 2278 2291 2304 2305
4 2305 2304 2331 2332
4 2332 2331 2369 2370
4 2370 2369 2409 2410
4 2410 2409 2448 2449
4 2449 2448 2476 2477
4 2477 2476 2506 2507
4 2507 2506 2534 2535
4 2535 2534 2568 2569
4 2569 2568 2596 2597
4 2597 2596 2620 2621
4 2621 2620 2644 2645
4 2645 2644 2672 2673
4 2673 2672 2710 2711
4 2711 2710 2738 2739
4 2739 2738 2768 2769
4 2769 2768 2796 2797
4 2797 2796 2830 2831
4 2831 2830 2858 2859
4 2859 2858 2888 2889
4 2889 2888 2916 2917
4 2917 2916 2952 2953
4 2953 2952 2980 2981
4 2981 2980 3014 3015
4 3015 3014 3055 3056
4 3056 3055 3098 3099
4 3099 3098 3126 3127
7 3127 3126 3143 3154 3158 3159 3160
7 3311 3357 3358 3359 3360 3361 3312
4 3312 3361 3362 3313
4 3313 3362 3363 3314
4 3314 3363 3364 3315
4 3315 3364 3365 3316
4 3316 3365 3366 3317
4 3317 3366 3367 3318
4 3318 3367 3368 3319
4 3319 3368 3369 3320
4 3320 3369 3370 3321
4 3321 3370 3371 3322
4 3322 3371 3372 3323
4 3323 3372 3373 3324
4 3324 3373 3374 3325
4 3325 3374 3375 3326
4 3326 3375 3376 3327
4 3327 3376 3377 3328
4 3328 3377 3378 3329
4 3329 3378 3379 3330
4 3330 3379 3380 3331
4 3331 3380 3381 3332
4 3332 3381 3382 3333
4 3333 3382 3383 3334
4 3334 3383 3384 3335
4 3335 3384 3385 3336
4 3336 3385 3386 3337
4 3337 3386 3387 3338
7 3338 3387 3388 3389 3390 3391 3339
7 3165 3166 3167 3155 3144 3133 3132
4 3132 3133 3105 3104
4 3104 3105 3062 3061
4 3061 3062 3021 3020
4 3020 3021 2987 2986
4 2986 2987 2959 2958
4 2958 2959 2923 2922
4 2922 2923 2895 2894
4 2894 2895 2865 2864
4 2864 2865 2837 2836
4 2836 2837 2803 2802
4 2802 2803 2775 2774
4 2774 2775 2745 2744
4 2744 2745 2717 2716
4 2716 2717 2679 2678
4 2678 2679 2651 2650
4 2650 2651 2627 2626
4 2626 2627 2603 2602
4 2602 2603 2575 2574
4 2574 2575 2541 2540
4 2540 2541 2513 2512
4 2512 2513 2483 2482
4 2482 2483 2455 2454
4 2454 2455 2416 2415
4 2415 2416 2376 2375
4 2375 2376 2338 2337
4 2337 2338 2311 2310
7 2310 2311 2292 2279 2275 2274 2273
7 2304 2303 2302 2315 2322 2330 2331
4 2331 2330 2368 2369
4 2369 2368 2408 2409
4 2409 2408 2447 2448
4 2448 2447 2475 2476
4 2476 2475 2505 2506
4 2506 2505 2533 2534
4 2534 2533 2567 2568
4 2568 2567 2595 2596
4 2596 2595 2619 2620
4 2620 2619 2643 2644
4 2644 2643 2671 2672
4 2672 2671 2709 2710
4 2710 2709 2737 2738
4 2738 2737 2767 2768
4 2768 2767 2795 2796
4 2796 2795 2829 2830
4 2830 2829 2857 2858
4 2858 2857 2887 2888
4 2888 2887 2915 2916
4 2916 2915 2951 2952
4 2952 2951 2979 2980
4 2980 2979 3013 3014
4 3014 3013 3054 3055
4 3055 3054 3097 3098
7 3098 3097 3114 3121 3124 3125 3126
7 3361 3422 3426 3427 3428 3429 3362
4 3362 3429 3430 3363
4 3363 3430 3431 3364
4 3364 3431 3432 3365
4 3365 3432 3433 3366
4 3366 3433 3434 3367
4 3367 3434 3435 3368
4 3368 3435 3436 3369
4 3369 3436 3437 3370
4 3370 3437 3438 3371
4 3371 3438 3439 3372
4 3372 3439 3440 3373
4 3373 3440 3441 3374
4 3374 3441 3442 3375
4 3375 3442 3443 3376
4 3376 3443 3444 3377
4 3377 3444 3445 3378
4 3378 3445 3446 3379
4 3379 3446 3447 3380
4 3380 3447 3448 3381
4 3381 3448 3449 3382
4 3382 3449 3450 3383
4 3383 3450 3451 3384
4 3384 3451 3452 3385
4 3385 3452 3453 3386
7 3386 3453 3454 3455 3456 3423 3387
7 3133 3134 3135 3122 3115 3106 3105
4 3105 3106 3063 3062
4 3062 3063 3022 3021
4 3021 3022 2988 2987
4 2987 2988 2960 2959
4 2959 2960 2924 2923
4 2923 2924 2896 2895
4 2895 2896 2866 2865
4 2865 2866 2838 2837
4 2837 2838 2804 2803
4 2803 2804 2776 2775
4 2775 2776 2746 2745
4 2745 2746 2718 2717
4 2717 2718 2680 2679
4 2679 2680 2652 2651
4 2651 2652 2628 2627
4 2627 2628 2604 2603
4 2603 2604 2576 2575
4 2575 2576 2542 2541
4 2541 2542 2514 2513
4 2513 2514 2484 2483
4 2483 2484 2456 2455
4 2455 2456 2417 2416
4 2416 2417 2377 2376
4 2376 2377 2339 2338
7 2338 2339 2323 2316 2313 2312 2311
CELL_TYPES 3244
7
7
7
7
7
7
7
7
7
7
7
7
7
7
7
7
7
7
7
7
7
7
7
7
7
7
7
7
7
7
7
7
7
7
7
7
7
7
7
7
7
7
7
7
7
7
7
7
7
7
7
7
7
7
7
7
7
7
7
7
7
7
7
7
7
7
7
7
7
7
7
7
7
7
7
7
7
7
7
7
7
7
7
7
7
7
7
7
7
7
7
7
7
7
7
7
7
7
7
7
7
7
7
7
7
7
7
7
7
7
7
7
7
7
7
7
7
7
7
7
7
7
7
7
7
7
7
7
7
7
7
7
7
7
7
7
7
7
7
7
7
7
7
7
7
7
7
7
7
7
7
7
7
7
7
7
7
7
7
7
7
7
7
7
7
7
7
7
7
7
7
7
7
7
7
7
7
7
7
7
7
7
7
7
7
7
7
7
7
7
7
7
7
7
7
7
7
7
7
7
7
7
7
7
7
7
7
7
7
7
7
7
7
7
7
7
7
7
7
7
7
7
7
7
7
7
7
7
7
7
7
7
7
7
7
7
7
7
7
7
7
7
7
7
7
7
7
7
7
7
7
7
7
7
7
7
7
7
7
7
7
7
7
7
7
7
7
7
7
7
7
7
7
7
7
7
7
7
7
7
7
7
7
7
7
7
7
7
7
7
7
7
7
7
7
7
7
7
7
7
7
7
7
7
7
7
7
7
7
7
7
7
7
7
7
7
7
7
7
7
7
7
7
7
7
7
7
7
7
7
7
7
7
7
7
7
7
7
7
7
7
7
7
7
7
7
7
7
7
7
7
7
7
7
7
7
7
7
7
7
7
7
7
7
7
7
7
7
7
7
7
7
7
7
7
7
7
7
7
7
7
7
7
7
7
7
7
7
7
7
7
7
7
7
7
7
7
7
7
7
7
7
7
7
7
7
7
7
7
7
7
7
7
7
7
7
7
7
7
7
7
7
7
7
7
7
7
7
7
7
7
7
7
7
7
7
7
7
7
7
7
7
7
7
7
7
7
7
7
7
7
7
7
7
7
7
7
7
7
7
7
7
7
7
7
7
7
7
7
7
7
7
7
7
7
7
7
7
7
7
7
7
7
7
7
7
7
7
7
7
7
7
7
7
7
7
7
7
7
7
7
7
7
7
7
7
7
7
7
7
7
7
7
7
7
7
7
7
7
7
7
7
7
7
7
7
7
7
7
7
7
7
7
7
7
7
7
7
7
7
7
7
7
7
7
7
7
7
7
7
7
7
7
7
7
7
7
7
7
7
7
7
7
7
7
7
7
7
7
7
7
7
7
7
7
7
7
7
7
7
7
7
7
7
7
7
7
7
7
7
7
7
7
7
7
7
7
7
7
7
7
7
7
7
7
7
7
7
7
7
7
7
7
7
7
7
7
7
7
7
7
7
7
7
7
7
7
7
7
7
7
7
7
7
7
7
7
7
7
7
7
7
7
7
7
7
7
7
7
7
7
7
7
7
7
7
7
7
7
7
7
7
7
7
7
7
7
7
7
7
7
7
7
7
7
7
7
7
7
7
7
7
7
7
7
7
7
7
7
7
7
7
7
7
7
7
7
7
7
7
7
7
7
7
7
7
7
7
7
7
7
7
7
7
7
7
7
7
7
7
7
7
7
7
7
7
7
7
7
7
7
7
7
7
7
7
7
7
7
7
7
7
7
7
7
7
7
7
7
7
7
7
7
7
7
7
7
7
7
7
7
7
7
7
7
7
7
7
7
7
7
7
7
7
7
7
7
7
7
7
7
7
7
7
7
7
7
7
7
7
7
7
7
7
7
7
7
7
7
7
7
7
7
7
7
7
7
7
7
7
7
7
7
7
7
7
7
7
7
7
7
7
7
7
7
7
7
7
7
7
7
7
7
7
7
7
7
7
7
7
7
7
7
7
7
7
7
7
7
7
7
7
7
7
7
7
7
7
7
7
7
7
7
7
7
7
7
7
7
7
7
7
7
7
7
7
7
7
7
7
7
7
7
7
7
7
7
7
7
7
7
7
7
7
7
7
7
7
7
7
7
7
7
7
7
7
7
7
7
7
7
7
7
7
7
7
7
7
7
7
7
7
7
7
7
7
7
7
7
7
7
7
7
7
7
7
7
7
7
7
7
7
7
7
7
7
7
7
7
7
7
7
7
7
7
7
7
7
7
7
7
7
7
7
7
7
7
7
7
7
7
7
7
7
7
7
7
7
7
7
7
7
7
7
7
7
7
7
7
7
7
7
7
7
7
7
7
7
7
7
7
7
7
7
7
7
7
7
7
7
7
7
7
7
7
7
7
7
7
7
7
7
7
7
7
7
7
7
7
7
7
7
7
7
7
7
7
7
7
7
7
7
7
7
7
7
7
7
7
7
7
7
7
7
7
7
7
7
7
7
7
7
7
7
7
7
7
7
7
7
7
7
7
7
7
7
7
7
7
7
7
7
7
7
7
7
7
7
7
7
7
7
7
7
7
7
7
7
7
7
7
7
7
7
7
7
7
7
7
7
7
7
7
7
7
7
7
7
7
7
7
7
7
7
7
7
7
7
7
7
7
7
7
7
7
7
7
7
7
7
7
7
7
7
7
7
7
7
7
7
7
7
7
7
7
7
7
7
7
7
7
7
7
7
7
7
7
7
7
7
7
7
7
7
7
7
7
7
7
7
7
7
7
7
7
7
7
7
7
7
7
7
7
7
7
7
7
7
7
7
7
7
7
7
7
7
7
7
7
7
7
7
7
7
7
7
7
7
7
7
7
7
7
7
7
7
7
7
7
7
7
7
7
7
7
7
7
7
7
7
7
7
7
7
7
7
7
7
7
7
7
7
7
7
7
7
7
7
7
7
7
7
7
7
7
7
7
7
7
7
7
7
7
7
7
7
7
7
7
7
7
7
7
7
7
7
7
7
7
7
7
7
7
7
7
7
7
7
7
7
7
7
7
7
7
7
7
7
7
7
7
7
7
7
7
7
7
7
7
7
7
7
7
7
7
7
7
7
7
7
7
7
7
7
7
7
7
7
7
7
7
7
7
7
7
7
7
7
7
7
7
7
7
7
7
7
7
7
7
7
7
7
7
7
7
7
7
7
7
7
7
7
7
7
7
7
7
7
7
7
7
7
7
7
7
7
7
7
7
7
7
7
7
7
7
7
7
7
7
7
7
7
7
7
7
7
7
7
7
7
7
7
7
7
7
7
7
7
7
7
7
7
7
7
7
7
7
7
7
7
7
7
7
7
7
7
7
7
7
7
7
7
7
7
7
7
7
7
7
7
7
7
7
7
7
7
7
7
7
7
7
7
7
7
7
7
7
7
7
7
7
7
7
7
7
7
7
7
7
7
7
7
7
7
7
7
7
7
7
7
7
7
7
7
7
7
7
7
7
7
7
7
7
7
7
7
7
7
7
7
7
7
7
7
7
7
7
7
7
7
7
7
7
7
7
7
7
7
7
7
7
7
7
7
7
7
7
7
7
7
7
7
7
7
7
7
7
7
7
7
7
7
7
7
7
7
7
7
7
7
7
7
7
7
7
7
7
7
7
7
7
7
7
7
7
7
7
7
7
7
7
7
7
7
7
7
7
7
7
7
7
7
7
7
7
7
7
7
7
7
7
7
7
7
7
7
7
7
7
7
7
7
7
7
7
7
7
7
7
7
7
7
7
7
7
7
7
7
7
7
7
7
7
7
7
7
7
7
7
7
7
7
7
7
7
7
7
7
7
7
7
7
7
7
7
7
7
7
7
7
7
7
7
7
7
7
7
7
7
7
7
7
7
7
7
7
7
7
7
7
7
7
7
7
7
7
7
7
7
7
7
7
7
7
7
7
7
7
7
7
7
7
7
7
7
7
7
7
7
7
7
7
7
7
7
7
7
7
7
7
7
7
7
7
7
7
7
7
7
7
7
7
7
7
7
7
7
7
7
7
7
7
7
7
7
7
7
7
7
7
7
7
7
7
7
7
7
7
7
7
7
7
7
7
7
7
7
7
7
7
7
7
7
7
7
7
7
7
7
7
7
7
7
7
7
7
7
7
7
7
7
7
7
7
7
7
7
7
7
7
7
7
7
7
7
7
7
7
7
7
7
7
7
7
7
7
7
7
7
7
7
7
7
7
7
7
7
7
7
7
7
7
7
7
7
7
7
7
7
7
7
7
7
7
7
7
7
7
7
7
7
7
7
7
7
7
7
7
7
7
7
7
7
7
7
7
7
7
7
7
7
7
7
7
7
7
7
7
7
7
7
7
7
7
7
7
7
7
7
7
7
7
7
7
7
7
7
7
7
7
7
7
7
7
7
7
7
7
7
7
7
7
7
7
7
7
7
7
7
7
7
7
7
7
7
7
7
7
7
7
7
7
7
7
7
7
7
7
7
7
7
7
7
7
7
7
7
7
7
7
7
7
7
7
7
7
7
7
7
7
7
7
7
7
7
7
7
7
7
7
7
7
7
7
7
7
7
7
7
7
7
7
7
7
7
7
7
7
7
7
7
7
7
7
7
7
7
7
7
7
7
7
7
7
7
7
7
7
7
7
7
7
7
7
7
7
7
7
7
7
7
7
7
7
7
7
7
7
7
7
7
7
7
7
7
7
7
7
7
7
7
7
7
7
7
7
7
7
7
7
7
7
7
7
7
7
7
7
7
7
7
7
7
7
7
7
7
7
7
7
7
7
7
7
7
7
7
7
7
7
7
7
7
7
7
7
7
7
7
7
7
7
7
7
7
7
7
7
7
7
7
7
7
7
7
7
7
7
7
7
7
7
7
7
7
7
7
7
7
7
7
7
7
7
7
7
7
7
7
7
7
7
7
7
7
7
7
7
7
7
7
7
7
7
7
7
7
7
7
7
7
7
7
7
7
7
7
7
7
7
7
7
7
7
7
7
7
7
7
7
7
7
7
7
7
7
7
7
7
7
7
7
7
7
7
7
7
7
7
7
7
7
7
7
7
7
7
7
7
7
7
7
7
7
7
7
7
7
7
7
7
7
7
7
7
7
7
7
7
7
7
7
7
7
7
7
7
7
7
7
7
7
7
7
7
7
7
7
7
7
7
7
7
7
7
7
7
7
7
7
7
7
7
7
7
7
7
7
7
7
7
7
7
7
7
7
7
7
7
7
7
7
7
7
7
7
7
7
7
7
7
7
7
7
7
7
7
7
7
7
7
7
7
7
7
7
7
7
7
7
7
7
7
7
7
7
7
7
7
7
7
7
7
7
7
7
7
7
7
7
7
7
7
7
7
7
7
7
7
7
7
7
7
7
7
7
7
7
7
7
7
7
7
7
7
7
7
7
7
7
7
7
7
7
7
7
7
7
7
7
7
7
7
7
7
7
7
7
7
7
7
7
7
7
7
7
7
7
7
7
7
7
7
7
7
7
7
7
7
7
7
7
7
7
7
7
7
7
7
7
7
7
7
7
7
7
7
7
7
7
7
7
7
7
7
7
7
7
7
7
7
7
7
7
7
7
7
7
7
7
7
7
7
7
7
7
7
7
7
7
7
7
7
7
7
7
7
7
7
7
7
7
7
7
7
7
7
7
7
7
7
7
7
7
7
7
7
7
7
7
7
7
7
7
7
7
7
7
7
7
7
7
7
7
7
7
7
7
7
7
7
7
7
7
7
7
7
7
7
7
7
7
7
7
7
7
7
7
7
7
7
7
7
7
7
7
7
7
7
7
7
7
7
7
7
7
7
7
7
7
7
7
7
7
7
7
7
7
7
7
7
7
7
7
7
7
7
7
7
7
7
7
7
7
7
7
7
7
7
7
7
7
7
7
7
7
7
7
7
7
7
7
7
7
7
7
7
7
7
7
7
7
7
7
7
7
7
7
7
7
7
7
7
7
7
7
7
7
7
7
7
7
7
7
7
7
7
7
7
7
7
7
7
7
7
7
7
7
7
7
7
7
7
7
7
7
7
7
7
7
7
7
7
7
7
7
7
7
7
7
7
7
7
7
7
7
7
7
7
7
7
7
7
7
7
7
7
7
7
7
7
7
7
7
7
7
7
7
7
7
7
7
7
7
7
7
7
7
7
7
7
7
7
7
7
7
7
7
7
7
7
7
7
7
7
7
7
7
7
7
7
7
7
7
7
7
7
7
7
7
7
7
7
7
7
7
7
7
7
7
7
7
7
7
7
7
7
7
7
7
7
7
7
7
7
7
7
7
7
7
7
7
7
7
7
7
7
7
7
7
7
7
7
7
7
7
7
7
7
7
7
7
7
7
7
7
7
7
7
7
7
7
7
7
7
7
7
7
7
7
7
7
7
7
7
7
7
7
7
7
7
7
7
7
7
7
7
7
7
7
7
7
7
7
7
7
7
7
7
7
7
7
7
7
7
7
7
7
7
7
7
7
7
7
7
7
7
7
7
7
7
7
7
7
7
7
7
7
7
7
7
7
7
7
7
7
7
7
7
7
7
7
7
7
7
7
7
7
7
7
7
7
7
7
7
7
7
7
7
7
7
7
7
7
7
7
7
7
7
7
7
7
7
7
7
7
7
7
7
7
7
7
7
7
7
7
7
7
7
7
7
7
7
7
7
7
7
7
7
7
7
7
7
7
7
7
7
7
7
7
7
7
7
7
7
7
7
7
7
7
7
7
7
7
7
7
7
7
7
7
7
7
7
7
7
7
7
7
7
7
7
7
7
7
7
7
7
7
7
7
7
7
7
7
7
7
7
7
7
7
7
7
7
7
7
7
7
7
7
7
7
7
7
7
7
7
7
7
7
7
7
7
7
7
7
7
7
7
7
7
7
7
7
7
7
7
7
7
7
7
7
7
7
7
7
7
7
7
7
7
7
7
7
7
7
7
7
7
7
7
7
7
7
7
7
7
7
7
7
7
7
7
7
7
7
7
7
7
7
7
7
7
7
7
7
7
7
7
7
7
7
7
7
7
7
7
7
7
7
7
7
7
7
7
7
7
7
7
7
7
7
7
7
7
7
7
7
7
7
7
7
7
7
7
7
7
7
7
7
7
7
7
7
7
7
7
7
7
7
7
7
7
7
7
7
7
7
7
7
7
7
7
7
7
7
7
7
7
7
7
7
7
7
7
7
7
7
7
7
7
7
7
7
7
7
7
7
7
7
7
7
7
7
7
7
7
7
7
7
7
7
7
7
7
7
7
7
7
7
7
7
7
7
7
7
7
7
7
7
7
7
7
7
7
7
7
7
7
7
7
7
7
7
7
7
7
7
7
7
7
7
7
7
7
7
7
7
7
7
7
7
7
7
7
7
7
7
7
7
7
7
7
7
7
7
7
7
7
7
7
7
7
7
7
7
7
7
7
7
7
7
7
7
7
CELL_DATA 3244
SCALARS hybrid_kind int 1
LOOKUP_TABLE default
2
2
2
2
2
2
2
2
2
2
2
2
2
2
2
2
2
2
2
2
2
2
2
2
2
2
2
2
2
2
2
2
2
2
2
2
2
2
2
2
2
2
2
2
2
2
2
2
2
2
2
2
2
2
2
2
2
2
2
2
2
2
2
2
2
2
2
2
2
2
2
2
2
2
2
2
2
2
2
2
2
2
2
2
2
2
2
2
2
2
2
2
2
2
2
2
2
2
2
2
2
2
2
2
2
2
2
2
2
2
2
2
2
2
2
2
2
2
2
2
2
2
2
2
2
2
2
2
2
2
2
2
2
2
2
2
2
2
2
2
2
2
2
2
2
2
2
2
2
2
2
2
2
2
2
2
2
2
2
2
2
2
2
2
2
2
2
2
2
2
2
2
2
2
2
2
2
2
2
2
2
2
2
2
2
2
2
2
2
2
2
2
2
2
2
2
2
2
2
2
2
2
2
2
2
2
2
2
2
2
2
2
2
2
2
2
2
2
2
2
2
2
2
2
2
2
2
2
2
2
2
2
2
2
2
2
2
2
2
2
2
2
2
2
2
2
2
2
2
2
2
2
2
2
2
2
2
2
2
2
2
2
2
2
2
2
2
2
2
2
2
2
2
2
2
2
2
2
2
2
2
2
2
2
2
2
2
2
2
2
2
2
2
2
2
2
2
2
2
2
2
2
2
2
2
2
2
2
2
2
2
2
2
2
2
2
2
2
2
2
2
2
2
2
2
2
2
2
2
2
2
2
2
2
2
2
2
2
2
2
2
2
2
2
2
2
2
2
2
2
2
2
2
2
2
2
2
2
2
2
2
2
2
2
2
2
2
2
2
2
2
2
2
2
2
2
3
3
3
3
2
2
2
2
2
2
2
2
2
2
2
2
2
2
2
2
2
2
2
2
2
2
2
2
2
2
2
2
2
2
2
2
2
2
2
2
2
2
2
2
2
2
2
2
2
2
2
2
2
2
2
2
2
2
2
2
2
2
2
2
2
2
2
2
2
2
2
2
2
2
2
2
2
2
2
2
2
2
2
2
2
2
2
2
2
2
2
2
2
2
2
2
2
2
2
2
2
2
2
2
2
2
2
2
2
2
2
2
2
2
2
2
2
2
2
2
2
2
2
2
2
2
2
2
2
2
2
2
2
2
2
2
2
2
2
2
2
2
2
2
2
2
2
2
2
2
2
2
2
2
2
2
2
2
2
2
2
2
2
2
2
2
2
2
2
2
2
2
2
2
2
2
2
2
2
2
2
2
2
2
2
2
2
2
2
2
2
2
2
2
2
2
2
2
2
2
2
2
2
2
2
2
2
2
2
2
2
2
2
2
2
2
2
2
2
2
2
2
2
2
2
2
2
2
2
2
2
2
2
2
2
2
2
2
2
3
3
3
3
2
2
2
2
2
2
2
2
2
2
2
2
2
2
2
2
2
2
2
2
2
2
2
2
2
2
2
2
2
2
2
2
2
2
2
2
2
2
2
2
2
2
2
2
2
2
2
2
2
2
2
2
2
2
2
2
2
2
3
3
3
3
2
2
2
2
2
2
2
2
2
2
2
2
2
2
2
2
2
2
2
2
2
2
2
2
2
2
2
2
2
2
2
2
2
2
2
2
2
2
2
2
2
2
2
2
2
2
2
2
2
2
2
2
2
2
3
3
3
3
2
3
3
3
2
3
2
2
3
2
2
2
2
2
2
2
2
2
2
2
2
2
2
2
2
2
2
2
2
2
2
2
2
2
2
2
2
3
2
2
2
3
3
3
3
3
3
2
2
2
2
2
2
3
3
3
3
3
2
2
2
2
3
3
3
2
2
2
3
3
3
3
2
3
3
3
2
3
2
3
2
3
2
3
3
3
3
3
3
2
3
2
3
2
3
2
3
2
3
2
3
2
3
2
3
2
3
2
3
2
3
2
3
2
3
2
3
2
3
2
3
2
3
2
3
2
3
2
3
2
3
2
3
2
3
2
3
3
3
3
3
3
3
3
3
3
3
3
3
3
3
3
3
3
3
3
3
3
3
3
3
3
3
3
3
3
3
3
3
3
3
3
3
3
3
3
3
3
3
2
2
3
3
3
3
3
2
2
3
3
3
3
3
3
3
3
3
3
3
3
3
3
2
2
2
2
2
2
2
2
2
2
2
2
2
2
2
2
2
2
2
2
2
2
2
2
2
2
2
2
2
2
2
2
2
2
2
2
2
2
2
2
2
2
2
2
2
2
2
2
2
2
2
2
2
2
2
2
2
2
2
2
2
2
2
2
2
2
2
2
2
2
2
2
2
2
2
2
2
2
2
2
2
2
2
2
3
3
3
3
3
3
2
3
2
3
2
2
2
2
2
2
2
2
2
2
3
3
3
3
2
2
2
3
3
3
3
3
3
3
3
3
3
3
3
3
3
3
3
3
3
3
3
3
3
3
3
3
3
3
3
3
2
2
2
2
2
2
2
2
2
2
2
2
2
2
2
2
2
3
3
3
3
3
3
2
2
3
3
3
3
3
3
2
2
3
3
3
3
3
3
3
3
3
3
3
3
2
3
2
3
2
3
2
3
3
3
3
3
3
3
3
3
3
3
3
3
3
3
3
3
3
3
3
3
3
3
3
3
3
3
3
3
3
3
3
3
3
3
3
3
3
3
3
3
3
3
3
3
3
3
3
3
3
3
3
3
3
3
3
3
3
3
3
3
3
3
3
3
3
3
3
3
3
3
3
3
3
3
3
3
2
2
3
3
3
3
3
2
2
3
3
3
3
3
3
2
3
3
3
3
2
3
3
3
2
3
2
3
3
3
3
3
3
3
3
3
3
3
3
3
3
3
3
3
3
3
3
3
3
3
3
3
3
3
3
3
3
3
3
3
3
3
3
3
3
3
3
3
3
3
3
3
3
3
3
3
3
3
3
3
3
3
3
3
3
3
3
3
3
3
3
3
2
2
3
3
3
3
3
3
2
2
3
3
3
3
3
3
3
3
3
3
3
3
3
3
3
3
3
3
3
3
3
3
3
3
3
3
3
3
3
3
3
3
3
3
3
3
3
3
3
3
3
3
3
3
2
3
2
3
2
3
2
3
2
3
2
3
3
3
3
3
3
3
2
2
3
3
3
3
3
3
2
2
2
2
3
2
3
2
3
3
3
3
3
3
3
2
3
2
2
3
3
3
3
2
3
2
3
2
3
2
3
2
3
2
3
2
3
2
3
2
3
2
3
2
3
2
3
2
3
2
3
2
3
2
3
2
3
2
3
2
3
2
3
2
3
2
3
2
3
2
3
2
3
2
3
2
2
3
2
3
2
3
2
3
2
3
2
3
2
3
2
3
2
3
2
3
2
3
2
3
2
3
2
3
2
3
2
3
2
3
2
3
2
3
2
3
2
3
2
3
2
3
2
3
2
3
2
3
2
3
3
3
3
2
2
3
3
2
3
3
3
3
3
3
2
3
2
3
2
2
2
2
3
3
3
3
3
3
3
2
2
3
3
3
3
3
3
2
3
2
3
2
3
2
3
2
3
2
3
3
3
3
3
3
3
3
3
3
3
3
3
3
3
3
3
3
3
3
3
3
3
3
3
3
3
3
3
3
3
3
3
3
3
3
3
3
3
3
3
3
3
3
2
2
3
3
3
3
3
3
2
2
3
3
3
3
3
3
3
3
3
3
3
3
3
3
3
3
3
3
3
3
3
3
3
3
3
3
3
3
3
3
3
3
3
3
3
3
3
3
3
3
3
3
3
3
3
3
3
3
3
3
3
3
3
3
3
3
3
3
3
3
3
3
3
3
3
3
2
3
2
3
3
3
2
3
3
3
3
2
3
3
3
3
3
3
2
2
3
3
3
3
3
2
2
3
3
3
3
3
3
3
3
3
3
3
3
3
3
3
3
3
3
3
3
3
3
3
3
3
3
3
3
3
3
3
3
3
3
3
3
3
3
3
3
3
3
3
3
3
3
3
3
3
3
3
3
3
3
3
3
3
3
3
3
3
3
3
3
3
3
3
3
3
3
3
3
3
3
3
3
2
3
2
3
2
3
2
3
3
3
3
3
3
3
3
3
3
3
3
2
2
3
3
3
3
3
3
2
2
3
3
3
3
3
3
3
3
3
3
3
3
3
3
3
3
3
3
3
3
3
3
3
3
3
3
3
3
3
3
3
3
3
3
3
3
3
3
3
3
3
3
3
3
3
3
3
3
3
3
3
3
3
3
3
3
3
2
2
3
3
3
3
3
2
2
3
3
3
3
3
3
3
3
3
3
3
3
3
3
3
3
3
3
3
3
3
3
3
3
3
3
3
3
3
3
3
3
3
3
3
3
3
3
3
3
3
3
3
2
3
2
3
2
3
2
3
2
3
2
3
2
3
2
3
2
3
2
3
2
3
2
3
2
3
2
3
2
3
2
3
2
3
2
3
2
3
2
3
2
3
2
3
2
3
2
3
3
3
3
3
3
3
3
2
3
2
3
2
3
2
3
2
3
3
3
3
2
2
2
3
3
3
3
2
2
2
2
3
3
3
3
2
2
3
3
3
3
3
3
2
3
2
3
2
3
2
3
3
3
2
3
3
3
3
2
3
3
3
3
3
3
3
3
3
3
3
3
3
3
3
3
3
3
3
3
3
3
3
3
3
3
3
3
3
3
3
3
3
3
3
3
3
3
3
3
3
3
3
3
3
3
3
3
3
3
3
3
3
3
3
3
3
3
3
3
3
3
3
3
3
3
3
3
3
3
3
3
3
3
3
3
3
3
3
3
3
3
3
3
3
3
3
3
3
3
3
3
3
3
3
3
3
3
3
3
3
3
3
3
3
3
3
3
3
3
3
3
3
3
3
3
3
3
3
3
3
3
3
3
3
3
3
3
3
3
3
3
3
3
3
3
3
3
3
3
3
3
3
3
3
3
3
3
3
3
3
3
3
3
3
3
3
3
3
3
3
3
3
3
3
3
3
3
3
3
3
3
3
3
3
3
3
3
3
3
3
3
3
3
3
3
3
3
3
3
3
3
3
3
3
3
3
3
3
3
3
3
3
3
3
3
3
3
3
3
3
3
3
3
3
3
3
3
3
3
3
3
3
3
3
3
3
3
3
3
3
3
3
3
3
3
3
3
3
3
3
3
3
3
3
3
3
3
3
3
3
3
3
3
3
3
3
3
3
3
3
3
3
3
3
3
3
3
3
3
3
3
3
3
3
3
3
3
3
3
3
3
3
3
3
3
3
3
3
3
3
3
3
3
3
3
3
3
3
3
3
3
3
3
3
3
3
3
3
3
3
3
3
3
3
3
3
3
3
3
3
3
3
3
3
3
3
3
3
3
3
3
3
3
3
3
3
3
3
3
3
3
3
3
3
3
3
3
3
3
3
3
3
3
3
3
3
3
3
3
3
3
3
3
3
3
3
3
3
3
3
3
3
3
3
3
3
3
3
3
3
3
3
3
3
3
3
3
3
3
3
3
3
3
3
3
0
0
0
0
0
0
0
0
0
0
0
0
0
0
0
0
0
0
0
0
0
0
0
0
0
0
0
0
0
0
0
0
0
0
0
0
0
0
0
0
0
0
0
0
0
0
0
0
0
0
0
0
0
0
0
0
0
0
0
0
0
0
0
0
0
0
0
0
0
0
0
0
0
0
0
0
0
0
0
0
0
0
0
0
0
0
0
0
0
0
0
0
0
0
0
0
0
0
0
0
0
0
0
0
0
0
0
0
0
0
0
0
0
0
0
0
0
0
0
0
0
0
0
0
0
0
0
0
0
0
0
0
0
0
0
0
0
0
0
0
0
0
0
0
0
0
0
0
0
0
0
0
0
0
0
0
0
0
0
0
0
0
0
0
0
0
0
0
0
0
0
0
0
0
0
0
0
0
0
0
0
0
0
0
0
0
0
0
0
0
0
0
0
0
0
0
0
0
0
0
0
0
0
0
0
0
0
0
0
0
0
0
0
0
0
0
0
0
0
0
0
0
0
0
0
0
0
0
0
0
0
0
0
0
0
0
0
0
0
0
0
0
0
0
0
0
0
0
0
0
0
0
0
0
0
0
0
0
0
0
0
0
0
0
0
0
0
0
0
0
0
0
0
0
0
0
0
0
0
0
0
0
0
0
0
0
0
0
0
0
0
0
0
0
0
0
0
0
0
0
0
0
0
0
0
0
0
0
0
0
0
0
0
0
0
0
0
0
0
0
0
0
0
0
0
0
0
0
0
0
0
0
0
0
0
0
0
0
0
0
0
0
0
0
0
0
0
0
0
0
0
0
0
0
0
0
0
0
0
0
0
0
0
0
0
0
0
0
0
0
0
0
0
0
0
0
0
0
0
0
0
0
0
0
0
0
0
0
0
0
0
0
0
0
0
0
0
0
0
0
0
0
0
0
0
0
0
0
0
0
0
0
0
0
0
0
0
0
0
0
0
0
0
0
0
0
0
0
0
0
0
0
0
0
0
0
0
0
0
0
0
0
0
0
0
0
0
0
0
0
0
0
0
0
0
0
0
0
0
0
0
0
0
0
0
0
0
0
0
0
0
0
0
0
0
0
0
0
0
0
0
0
0
0
0
0
0
0
0
0
0
0
0
0
0
0
0
0
0
0
0
0
0
0
0
0
0
0
0
0
0
0
0
0
0
0
0
0
0
0
0
0
0
0
0
0
0
0
0
0
0
0
0
0
0
0
0
0
0
0
0
0
0
0
0
0
0
0
0
0
0
0
0
0
0
0
0
0
0
0
0
0
0
0
0
0
0
0
0
0
0
0
0
0
0
0
0
0
0
0
0
0
0
0
0
0
0
0
0
0
0
0
0
0
0
0
0
0
0
0
0
0
0
0
0
0
0
0
0
0
0
0
0
0
0
0
0
0
0
0
0
0
0
0
0
0
0
0
0
0
0
0
0
0
0
0
0
0
0
0
0
0
0
0
0
0
0
0
0
0
0
0
0
0
0
0
0
0
0
0
0
0
0
0
0
0
0
0
0
0
0
0
0
0
0
0
0
0
0
0
0
0
0
0
0
0
0
0
0
0
0
0
0
0
0
0
0
0
0
0
0
0
0
0
0
0
0
0
0
0
0
0
0
0
0
0
0
0
0
0
0
0
0
0
0
0
0
0
0
0
0
0
0
0
0
0
0
0
0
0
0
0
0
0
0
0
0
0
0
0
0
0
0
0
0
0
0
0
0
0
0
0
0
0
0
0
0
0
0
0
0
0
0
0
0
0
0
0
0
0
0
0
0
0
0
0
0
0
0
0
0
0
0
0
0
0
0
0
0
0
0
0
0
0
0
0
0
0
0
0
0
0
0
0
0
0
0
0
0
0
SCALARS layer_index int 1
LOOKUP_TABLE default
-1
-1
-1
-1
-1
-1
-1
-1
-1
-1
-1
-1
-1
-1
-1
-1
-1
-1
-1
-1
-1
-1
-1
-1
-1
-1
-1
-1
-1
-1
-1
-1
-1
-1
-1
-1
-1
-1
-1
-1
-1
-1
-1
-1
-1
-1
-1
-1
-1
-1
-1
-1
-1
-1
-1
-1
-1
-1
-1
-1
-1
-1
-1
-1
-1
-1
-1
-1
-1
-1
-1
-1
-1
-1
-1
-1
-1
-1
-1
-1
-1
-1
-1
-1
-1
-1
-1
-1
-1
-1
-1
-1
-1
-1
-1
-1
-1
-1
-1
-1
-1
-1
-1
-1
-1
-1
-1
-1
-1
-1
-1
-1
-1
-1
-1
-1
-1
-1
-1
-1
-1
-1
-1
-1
-1
-1
-1
-1
-1
-1
-1
-1
-1
-1
-1
-1
-1
-1
-1
-1
-1
-1
-1
-1
-1
-1
-1
-1
-1
-1
-1
-1
-1
-1
-1
-1
-1
-1
-1
-1
-1
-1
-1
-1
-1
-1
-1
-1
-1
-1
-1
-1
-1
-1
-1
-1
-1
-1
-1
-1
-1
-1
-1
-1
-1
-1
-1
-1
-1
-1
-1
-1
-1
-1
-1
-1
-1
-1
-1
-1
-1
-1
-1
-1
-1
-1
-1
-1
-1
-1
-1
-1
-1
-1
-1
-1
-1
-1
-1
-1
-1
-1
-1
-1
-1
-1
-1
-1
-1
-1
-1
-1
-1
-1
-1
-1
-1
-1
-1
-1
-1
-1
-1
-1
-1
-1
-1
-1
-1
-1
-1
-1
-1
-1
-1
-1
-1
-1
-1
-1
-1
-1
-1
-1
-1
-1
-1
-1
-1
-1
-1
-1
-1
-1
-1
-1
-1
-1
-1
-1
-1
-1
-1
-1
-1
-1
-1
-1
-1
-1
-1
-1
-1
-1
-1
-1
-1
-1
-1
-1
-1
-1
-1
-1
-1
-1
-1
-1
-1
-1
-1
-1
-1
-1
-1
-1
-1
-1
-1
-1
-1
-1
-1
-1
-1
-1
-1
-1
-1
-1
-1
-1
-1
-1
-1
-1
-1
-1
-1
-1
-1
-1
-1
-1
-1
-1
-1
-1
-1
-1
-1
-1
-1
-1
-1
-1
-1
-1
-1
-1
-1
-1
-1
-1
-1
-1
-1
-1
-1
-1
-1
-1
-1
-1
-1
-1
-1
-1
-1
-1
-1
-1
-1
-1
-1
-1
-1
-1
-1
-1
-1
-1
-1
-1
-1
-1
-1
-1
-1
-1
-1
-1
-1
-1
-1
-1
-1
-1
-1
-1
-1
-1
-1
-1
-1
-1
-1
-1
-1
-1
-1
-1
-1
-1
-1
-1
-1
-1
-1
-1
-1
-1
-1
-1
-1
-1
-1
-1
-1
-1
-1
-1
-1
-1
-1
-1
-1
-1
-1
-1
-1
-1
-1
-1
-1
-1
-1
-1
-1
-1
-1
-1
-1
-1
-1
-1
-1
-1
-1
-1
-1
-1
-1
-1
-1
-1
-1
-1
-1
-1
-1
-1
-1
-1
-1
-1
-1
-1
-1
-1
-1
-1
-1
-1
-1
-1
-1
-1
-1
-1
-1
-1
-1
-1
-1
-1
-1
-1
-1
-1
-1
-1
-1
-1
-1
-1
-1
-1
-1
-1
-1
-1
-1
-1
-1
-1
-1
-1
-1
-1
-1
-1
-1
-1
-1
-1
-1
-1
-1
-1
-1
-1
-1
-1
-1
-1
-1
-1
-1
-1
-1
-1
-1
-1
-1
-1
-1
-1
-1
-1
-1
-1
-1
-1
-1
-1
-1
-1
-1
-1
-1
-1
-1
-1
-1
-1
-1
-1
-1
-1
-1
-1
-1
-1
-1
-1
-1
-1
-1
-1
-1
-1
-1
-1
-1
-1
-1
-1
-1
-1
-1
-1
-1
-1
-1
-1
-1
-1
-1
-1
-1
-1
-1
-1
-1
-1
-1
-1
-1
-1
-1
-1
-1
-1
-1
-1
-1
-1
-1
-1
-1
-1
-1
-1
-1
-1
-1
-1
-1
-1
-1
-1
-1
-1
-1
-1
-1
-1
-1
-1
-1
-1
-1
-1
-1
-1
-1
-1
-1
-1
-1
-1
-1
-1
-1
-1
-1
-1
-1
-1
-1
-1
-1
-1
-1
-1
-1
-1
-1
-1
-1
-1
-1
-1
-1
-1
-1
-1
-1
-1
-1
-1
-1
-1
-1
-1
-1
-1
-1
-1
-1
-1
-1
-1
-1
-1
-1
-1
-1
-1
-1
-1
-1
-1
-1
-1
-1
-1
-1
-1
-1
-1
-1
-1
-1
-1
-1
-1
-1
-1
-1
-1
-1
-1
-1
-1
-1
-1
-1
-1
-1
-1
-1
-1
-1
-1
-1
-1
-1
-1
-1
-1
-1
-1
-1
-1
-1
-1
-1
-1
-1
-1
-1
-1
-1
-1
-1
-1
-1
-1
-1
-1
-1
-1
-1
-1
-1
-1
-1
-1
-1
-1
-1
-1
-1
-1
-1
-1
-1
-1
-1
-1
-1
-1
-1
-1
-1
-1
-1
-1
-1
-1
-1
-1
-1
-1
-1
-1
-1
-1
-1
-1
-1
-1
-1
-1
-1
-1
-1
-1
-1
-1
-1
-1
-1
-1
-1
-1
-1
-1
-1
-1
-1
-1
-1
-1
-1
-1
-1
-1
-1
-1
-1
-1
-1
-1
-1
-1
-1
-1
-1
-1
-1
-1
-1
-1
-1
-1
-1
-1
-1
-1
-1
-1
-1
-1
-1
-1
-1
-1
-1
-1
-1
-1
-1
-1
-1
-1
-1
-1
-1
-1
-1
-1
-1
-1
-1
-1
-1
-1
-1
-1
-1
-1
-1
-1
-1
-1
-1
-1
-1
-1
-1
-1
-1
-1
-1
-1
-1
-1
-1
-1
-1
-1
-1
-1
-1
-1
-1
-1
-1
-1
-1
-1
-1
-1
-1
-1
-1
-1
-1
-1
-1
-1
-1
-1
-1
-1
-1
-1
-1
-1
-1
-1
-1
-1
-1
-1
-1
-1
-1
-1
-1
-1
-1
-1
-1
-1
-1
-1
-1
-1
-1
-1
-1
-1
-1
-1
-1
-1
-1
-1
-1
-1
-1
-1
-1
-1
-1
-1
-1
-1
-1
-1
-1
-1
-1
-1
-1
-1
-1
-1
-1
-1
-1
-1
-1
-1
-1
-1
-1
-1
-1
-1
-1
-1
-1
-1
-1
-1
-1
-1
-1
-1
-1
-1
-1
-1
-1
-1
-1
-1
-1
-1
-1
-1
-1
-1
-1
-1
-1
-1
-1
-1
-1
-1
-1
-1
-1
-1
-1
-1
-1
-1
-1
-1
-1
-1
-1
-1
-1
-1
-1
-1
-1
-1
-1
-1
-1
-1
-1
-1
-1
-1
-1
-1
-1
-1
-1
-1
-1
-1
-1
-1
-1
-1
-1
-1
-1
-1
-1
-1
-1
-1
-1
-1
-1
-1
-1
-1
-1
-1
-1
-1
-1
-1
-1
-1
-1
-1
-1
-1
-1
-1
-1
-1
-1
-1
-1
-1
-1
-1
-1
-1
-1
-1
-1
-1
-1
-1
-1
-1
-1
-1
-1
-1
-1
-1
-1
-1
-1
-1
-1
-1
-1
-1
-1
-1
-1
-1
-1
-1
-1
-1
-1
-1
-1
-1
-1
-1
-1
-1
-1
-1
-1
-1
-1
-1
-1
-1
-1
-1
-1
-1
-1
-1
-1
-1
-1
-1
-1
-1
-1
-1
-1
-1
-1
-1
-1
-1
-1
-1
-1
-1
-1
-1
-1
-1
-1
-1
-1
-1
-1
-1
-1
-1
-1
-1
-1
-1
-1
-1
-1
-1
-1
-1
-1
-1
-1
-1
-1
-1
-1
-1
-1
-1
-1
-1
-1
-1
-1
-1
-1
-1
-1
-1
-1
-1
-1
-1
-1
-1
-1
-1
-1
-1
-1
-1
-1
-1
-1
-1
-1
-1
-1
-1
-1
-1
-1
-1
-1
-1
-1
-1
-1
-1
-1
-1
-1
-1
-1
-1
-1
-1
-1
-1
-1
-1
-1
-1
-1
-1
-1
-1
-1
-1
-1
-1
-1
-1
-1
-1
-1
-1
-1
-1
-1
-1
-1
-1
-1
-1
-1
-1
-1
-1
-1
-1
-1
-1
-1
-1
-1
-1
-1
-1
-1
-1
-1
-1
-1
-1
-1
-1
-1
-1
-1
-1
-1
-1
-1
-1
-1
-1
-1
-1
-1
-1
-1
-1
-1
-1
-1
-1
-1
-1
-1
-1
-1
-1
-1
-1
-1
-1
-1
-1
-1
-1
-1
-1
-1
-1
-1
-1
-1
-1
-1
-1
-1
-1
-1
-1
-1
-1
-1
-1
-1
-1
-1
-1
-1
-1
-1
-1
-1
-1
-1
-1
-1
-1
-1
-1
-1
-1
-1
-1
-1
-1
-1
-1
-1
-1
-1
-1
-1
-1
-1
-1
-1
-1
-1
-1
-1
-1
-1
-1
-1
-1
-1
-1
-1
-1
-1
-1
-1
-1
-1
-1
-1
-1
-1
-1
-1
-1
-1
-1
-1
-1
-1
-1
-1
-1
-1
-1
-1
-1
-1
-1
-1
-1
-1
-1
-1
-1
-1
-1
-1
-1
-1
-1
-1
-1
-1
-1
-1
-1
-1
-1
-1
-1
-1
-1
-1
-1
-1
-1
-1
-1
-1
-1
-1
-1
-1
-1
-1
-1
-1
-1
-1
-1
-1
-1
-1
-1
-1
-1
-1
-1
-1
-1
-1
-1
-1
-1
-1
-1
-1
-1
-1
-1
-1
-1
-1
-1
-1
-1
-1
-1
-1
-1
-1
-1
-1
-1
-1
-1
-1
-1
-1
-1
-1
-1
-1
-1
-1
-1
-1
-1
-1
-1
-1
-1
-1
-1
-1
-1
-1
-1
-1
-1
-1
-1
-1
-1
-1
-1
-1
-1
-1
-1
-1
-1
-1
-1
-1
-1
-1
-1
-1
-1
-1
-1
-1
-1
-1
-1
-1
-1
-1
-1
-1
-1
-1
-1
-1
-1
-1
-1
-1
-1
-1
-1
-1
-1
-1
-1
-1
-1
-1
-1
-1
-1
-1
-1
-1
-1
-1
-1
-1
-1
-1
-1
-1
-1
-1
-1
-1
-1
-1
-1
-1
-1
-1
-1
-1
-1
-1
-1
-1
-1
-1
-1
-1
-1
-1
-1
-1
-1
-1
-1
-1
-1
-1
-1
-1
-1
-1
-1
-1
-1
-1
-1
-1
-1
-1
-1
-1
-1
-1
-1
-1
-1
-1
-1
-1
-1
-1
-1
-1
-1
-1
-1
-1
-1
-1
-1
-1
-1
-1
-1
-1
-1
-1
-1
-1
-1
-1
-1
-1
-1
-1
-1
-1
-1
-1
-1
-1
-1
-1
-1
-1
-1
-1
-1
-1
-1
-1
-1
-1
-1
-1
-1
-1
-1
-1
-1
-1
-1
-1
-1
-1
-1
-1
-1
-1
-1
-1
-1
-1
-1
-1
-1
-1
-1
-1
-1
-1
-1
-1
-1
-1
-1
-1
-1
-1
-1
-1
-1
-1
-1
-1
-1
-1
-1
-1
-1
-1
-1
-1
-1
-1
-1
-1
-1
-1
-1
-1
-1
-1
-1
-1
-1
-1
-1
-1
-1
-1
-1
-1
-1
-1
-1
-1
-1
-1
-1
-1
-1
-1
-1
-1
-1
-1
-1
-1
-1
-1
-1
-1
-1
-1
-1
-1
-1
-1
-1
-1
-1
-1
-1
-1
-1
-1
-1
-1
-1
-1
-1
-1
-1
-1
-1
-1
-1
-1
-1
-1
-1
-1
-1
-1
-1
-1
-1
-1
-1
-1
-1
-1
-1
-1
-1
-1
-1
-1
-1
-1
-1
-1
-1
-1
-1
-1
-1
-1
-1
-1
-1
-1
-1
-1
-1
-1
-1
-1
-1
-1
-1
-1
-1
-1
-1
-1
-1
-1
-1
-1
-1
-1
-1
-1
-1
-1
-1
-1
-1
-1
-1
-1
-1
-1
-1
-1
-1
-1
-1
-1
-1
-1
-1
-1
-1
-1
-1
-1
-1
-1
-1
-1
-1
-1
-1
-1
-1
-1
-1
-1
-1
-1
-1
-1
-1
-1
-1
-1
-1
-1
-1
-1
-1
-1
-1
-1
-1
-1
-1
-1
-1
-1
-1
-1
-1
-1
-1
-1
-1
-1
-1
-1
-1
-1
-1
-1
-1
-1
-1
-1
-1
-1
-1
-1
-1
-1
-1
-1
-1
-1
-1
-1
-1
-1
-1
-1
-1
-1
-1
-1
-1
-1
-1
-1
-1
-1
-1
-1
-1
-1
-1
-1
-1
-1
-1
-1
-1
-1
-1
-1
-1
-1
-1
-1
-1
-1
-1
-1
-1
-1
-1
-1
-1
-1
-1
-1
-1
-1
-1
-1
-1
-1
-1
-1
-1
-1
-1
-1
-1
-1
-1
-1
-1
-1
-1
-1
-1
-1
-1
-1
-1
-1
-1
-1
-1
-1
-1
-1
-1
-1
-1
-1
-1
-1
-1
-1
-1
-1
-1
-1
-1
-1
-1
-1
-1
-1
-1
-1
-1
-1
-1
-1
-1
-1
-1
-1
-1
-1
-1
-1
-1
-1
-1
-1
-1
-1
-1
-1
-1
-1
-1
-1
-1
-1
-1
-1
-1
-1
-1
-1
-1
-1
-1
-1
-1
-1
-1
-1
-1
-1
-1
-1
-1
-1
-1
-1
-1
-1
-1
-1
-1
-1
-1
-1
-1
-1
-1
-1
-1
-1
-1
-1
-1
-1
-1
-1
-1
-1
-1
-1
-1
-1
-1
-1
-1
-1
-1
-1
-1
-1
-1
-1
-1
-1
-1
-1
-1
-1
-1
-1
-1
-1
-1
-1
-1
-1
-1
-1
-1
-1
-1
-1
-1
-1
-1
-1
-1
-1
-1
-1
-1
-1
-1
-1
-1
-1
-1
-1
-1
-1
-1
-1
-1
-1
-1
-1
-1
-1
-1
-1
-1
-1
-1
-1
-1
-1
-1
-1
-1
-1
-1
-1
-1
-1
-1
-1
-1
-1
-1
-1
-1
-1
-1
-1
-1
-1
-1
-1
-1
-1
-1
-1
-1
-1
-1
-1
-1
-1
-1
-1
-1
-1
-1
-1
-1
-1
-1
-1
-1
-1
-1
-1
-1
-1
-1
-1
-1
-1
-1
-1
-1
-1
-1
-1
-1
-1
-1
-1
-1
-1
-1
-1
-1
-1
-1
-1
-1
-1
-1
-1
-1
-1
-1
-1
-1
-1
-1
-1
-1
-1
-1
-1
-1
-1
-1
-1
-1
-1
-1
-1
-1
-1
-1
-1
-1
-1
-1
-1
-1
-1
-1
-1
-1
-1
-1
-1
-1
-1
-1
-1
-1
-1
-1
-1
-1
-1
-1
-1
-1
-1
-1
-1
-1
-1
-1
-1
-1
-1
-1
-1
-1
-1
-1
-1
-1
-1
-1
-1
-1
-1
-1
-1
-1
-1
-1
-1
-1
-1
-1
-1
-1
-1
-1
-1
-1
-1
-1
-1
-1
-1
-1
-1
-1
-1
-1
-1
-1
-1
-1
-1
-1
-1
-1
-1
-1
-1
-1
-1
-1
-1
-1
-1
-1
-1
-1
-1
-1
-1
-1
-1
-1
-1
-1
-1
-1
-1
-1
-1
-1
-1
-1
-1
-1
-1
-1
-1
-1
-1
-1
-1
-1
-1
-1
-1
-1
-1
-1
-1
-1
-1
-1
-1
-1
-1
-1
-1
-1
0
0
0
0
0
0
0
0
0
0
0
0
0
0
0
0
0
0
0
0
0
0
0
0
0
0
0
0
0
0
0
0
0
0
0
0
0
0
0
0
0
0
0
0
0
0
0
0
0
0
0
0
0
0
0
0
0
0
0
0
0
0
0
0
0
0
0
0
0
0
0
0
0
0
0
0
0
0
0
0
0
0
0
0
0
0
0
0
0
0
0
0
0
0
0
0
0
0
0
0
0
0
0
0
0
0
0
0
0
0
0
0
0
0
0
0
0
0
0
0
0
0
0
0
0
0
0
0
1
1
1
1
1
1
1
1
1
1
1
1
1
1
1
1
1
1
1
1
1
1
1
1
1
1
1
1
1
1
1
1
1
1
1
1
1
1
1
1
1
1
1
1
1
1
1
1
1
1
1
1
1
1
1
1
1
1
1
1
1
1
1
1
1
1
1
1
1
1
1
1
1
1
1
1
1
1
1
1
1
1
1
1
1
1
1
1
1
1
1
1
1
1
1
1
1
1
1
1
1
1
1
1
1
1
1
1
1
1
1
1
1
1
1
1
1
1
1
1
2
2
2
2
2
2
2
2
2
2
2
2
2
2
2
2
2
2
2
2
2
2
2
2
2
2
2
2
2
2
2
2
2
2
2
2
2
2
2
2
2
2
2
2
2
2
2
2
2
2
2
2
2
2
2
2
2
2
2
2
2
2
2
2
2
2
2
2
2
2
2
2
2
2
2
2
2
2
2
2
2
2
2
2
3
3
3
3
3
3
3
3
3
3
3
3
3
3
3
3
3
3
3
3
3
3
3
3
3
3
3
3
3
3
3
3
3
3
3
3
3
3
3
3
3
3
3
3
3
3
3
3
3
3
3
3
3
3
3
3
3
3
3
3
3
3
3
3
3
3
3
3
3
3
3
3
3
3
3
3
3
3
0
0
0
0
0
0
0
0
0
0
0
0
0
0
0
0
0
0
0
0
0
0
0
0
0
0
0
0
0
0
0
0
0
0
0
0
0
0
0
0
0
0
0
0
0
0
0
0
0
0
0
0
0
0
0
0
0
0
0
0
0
0
0
0
0
0
0
0
0
0
0
0
0
0
0
0
0
0
0
0
0
0
0
0
0
0
0
0
0
0
0
0
0
0
0
0
0
0
0
0
0
0
0
0
0
0
0
0
0
0
0
0
0
0
0
0
0
0
0
0
0
0
0
0
0
0
0
0
1
1
1
1
1
1
1
1
1
1
1
1
1
1
1
1
1
1
1
1
1
1
1
1
1
1
1
1
1
1
1
1
1
1
1
1
1
1
1
1
1
1
1
1
1
1
1
1
1
1
1
1
1
1
1
1
1
1
1
1
1
1
1
1
1
1
1
1
1
1
1
1
1
1
1
1
1
1
1
1
1
1
1
1
1
1
1
1
1
1
1
1
1
1
1
1
1
1
1
1
1
1
1
1
1
1
1
1
1
1
1
1
1
1
1
1
1
1
1
1
2
2
2
2
2
2
2
2
2
2
2
2
2
2
2
2
2
2
2
2
2
2
2
2
2
2
2
2
2
2
2
2
2
2
2
2
2
2
2
2
2
2
2
2
2
2
2
2
2
2
2
2
2
2
2
2
2
2
2
2
2
2
2
2
2
2
2
2
2
2
2
2
2
2
2
2
2
2
2
2
2
2
2
2
3
3
3
3
3
3
3
3
3
3
3
3
3
3
3
3
3
3
3
3
3
3
3
3
3
3
3
3
3
3
3
3
3
3
3
3
3
3
3
3
3
3
3
3
3
3
3
3
3
3
3
3
3
3
3
3
3
3
3
3
3
3
3
3
3
3
3
3
3
3
3
3
3
3
3
3
3
3
SCALARS geometry_area double 1
LOOKUP_TABLE default
0.19125
0.19125
0.19125
0.19125
0.19125
0.047812500000000001
0.047812500000000001
0.047812500000000001
0.047812500000000001
0.19125
0.19125
0.19125000000000009
0.19124999999999992
0.19124999999999992
0.047812500000000001
0.047812500000000001
0.047812500000000001
0.047812500000000001
0.047812500000000001
0.047812500000000001
0.047812500000000001
0.047812500000000001
0.047812500000000001
0.19125
0.047812500000000001
0.047812500000000001
0.19125
0.047812500000000001
0.19125
0.047812500000000001
0.19125
0.19125
0.19125
0.19125
0.19124999999999992
0.19125000000000009
0.19124999999999992
0.04781249999999998
0.047812500000000022
0.047812500000000022
0.04781249999999998
0.04781249999999998
0.047812500000000063
0.04781249999999998
0.047812500000000063
0.011953125
0.011953125
0.011953125
0.011953125
0.011953125
0.011953125
0.011953125
0.011953125
0.047812500000000063
0.04781249999999998
0.04781249999999998
0.04781249999999998
0.04781249999999998
0.011953124999999995
0.011953125000000005
0.011953124999999995
0.011953125000000005
0.04781249999999998
0.011953125000000005
0.04781249999999998
0.011953124999999995
0.04781249999999998
0.011953125000000005
0.04781249999999998
0.011953124999999995
0.047812500000000001
0.047812500000000001
0.047812500000000001
0.047812500000000001
0.047812500000000001
0.047812500000000001
0.047812500000000001
0.047812500000000001
0.047812500000000001
0.011953125
0.011953125
0.011953125
0.011953125
0.011953125
0.011953125
0.011953125
0.047812500000000001
0.047812500000000001
0.047812500000000001
0.047812500000000001
0.011953125
0.047812500000000001
0.011953125
0.047812500000000001
0.047812500000000001
0.047812500000000001
0.011953125
0.011953125
0.04781249999999998
0.04781249999999998
0.011953124999999995
0.04781249999999998
0.04781249999999998
0.047812500000000063
0.04781249999999998
0.04781249999999998
0.04781249999999998
0.04781249999999998
0.04781249999999998
0.047812500000000022
0.047812500000000022
0.04781249999999998
0.04781249999999998
0.047812500000000063
0.04781249999999998
0.047812500000000063
0.011953124999999995
0.011953124999999995
0.011953124999999995
0.011953124999999995
0.011953125000000016
0.011953124999999995
0.011953125000000016
0.011953124999999995
0.011953124999999995
0.011953125000000016
0.011953124999999995
0.011953125000000016
0.011953124999999995
0.011953124999999995
0.011953124999999995
0.011953124999999995
0.011953124999999995
0.011953124999999995
0.011953124999999995
0.011953124999999995
0.011953124999999995
0.011953125000000037
0.011953124999999995
0.011953125000000037
0.011953125000000037
0.011953125000000037
0.011953125000000037
0.011953125000000037
0.011953125
0.011953125
0.011953125
0.011953125
0.011953125
0.011953125
0.011953125
0.011953125
0.011953125
0.011953125
0.011953125
0.0029882812500000001
0.0029882812500000001
0.0029882812500000001
0.0029882812500000001
0.0029882812500000001
0.0029882812500000001
0.0029882812500000001
0.0029882812500000001
0.0029882812500000001
0.0029882812500000001
0.0029882812500000001
0.0029882812500000001
0.011953124999999995
0.011953125
0.011953125
0.011953125
0.011953125
0.011953125
0.0029882812500000014
0.011953125
0.0029882812499999988
0.011953125
0.0029882812500000014
0.011953125
0.0029882812499999988
0.0029882812500000014
0.0029882812499999988
0.0029882812500000014
0.0029882812499999988
0.011953124999999995
0.0029882812500000001
0.011953125000000005
0.011953124999999995
0.011953125000000005
0.011953125000000005
0.011953124999999995
0.011953125000000005
0.011953124999999995
0.0029882812500000014
0.0029882812499999988
0.0029882812500000014
0.0029882812499999988
0.0029882812500000014
0.0029882812499999988
0.0029882812500000014
0.0029882812499999988
0.0029882812500000001
0.0029882812500000001
0.0029882812500000001
0.0029882812500000001
0.0029882812500000001
0.0029882812500000001
0.0029882812500000001
0.0029882812500000001
0.0029882812499999988
0.0029882812500000014
0.0029882812500000014
0.0029882812499999988
0.011953124999999995
0.0029882812499999988
0.0029882812499999988
0.002988281250000004
0.011953125000000037
0.0029882812499999988
0.011953125000000037
0.011953125000000037
0.011953125000000037
0.0029882812499999988
0.002988281250000004
0.002988281250000004
0.002988281250000004
0.0029882812499999988
0.0029882812499999988
0.0029882812499999988
0.011953124999999995
0.011953125000000037
0.011953124999999995
0.011953125000000037
0.011953124999999995
0.011953124999999995
0.011953124999999995
0.011953124999999995
0.011953124999999995
0.011953124999999995
0.011953124999999995
0.011953125000000016
0.011953124999999995
0.011953125000000016
0.011953124999999995
0.011953124999999995
0.011953125000000016
0.011953124999999995
0.011953125000000016
0.011953124999999995
0.011953124999999995
0.011953124999999995
0.011953124999999995
0.0029882812499999988
0.0029882812499999988
0.0029882812499999988
0.0029882812499999988
0.0029882812499999988
0.0029882812499999988
0.0029882812499999988
0.0029882812500000092
0.0029882812499999988
0.0029882812499999988
0.0029882812499999988
0.0029882812499999988
0.0029882812499999988
0.0029882812499999988
0.0029882812500000092
0.0029882812499999988
0.0029882812499999988
0.0029882812499999988
0.0029882812499999988
0.0029882812499999988
0.0029882812499999988
0.0029882812499999988
0.0029882812499999988
0.0029882812500000092
0.0029882812499999883
0.0029882812500000092
0.0029882812499999883
0.0029882812499999883
0.0029882812500000092
0.0029882812499999883
0.0029882812500000092
0.0029882812499999883
0.0029882812500000092
0.0029882812499999883
0.0029882812499999883
0.0029882812499999883
0.0029882812500000092
0.0029882812499999883
0.0029882812500000092
0.0029882812499999883
0.0029882812500000092
0.0029882812499999883
0.0029882812500000092
0.0029882812499999883
0.0029882812500000092
0.0029882812499999883
0.0029882812500000092
0.0029882812499999883
0.0029882812500000092
0.0029882812499999883
0.0029882812500000092
0.0029882812499999883
0.0029882812500000014
0.0029882812499999988
0.0029882812500000014
0.0029882812499999988
0.0029882812500000014
0.0029882812499999988
0.0029882812500000014
0.0029882812499999988
0.0029882812500000014
0.0029882812499999988
0.0029882812500000014
0.0029882812499999988
0.0029882812500000014
0.0029882812499999988
0.0029882812500000014
0.0029882812499999988
0.0029882812500000001
0.0029882812500000001
0.0029882812500000001
0.0029882812500000001
0.0029882812500000001
0.0029882812500000001
0.0029882812500000001
0.0029882812500000001
0.0029882812500000001
0.0029882812500000001
0.0029882812500000001
0.0029882812500000001
0.0029882812500000001
0.0029882812500000001
0.0029882812500000001
0.0029882812500000001
0.0029882812500000001
0.0029882812500000001
0.0029882812500000001
0.0029882812500000001
0.0029882812500000001
0.0029882812499999988
0.0029882812500000014
0.0029882812500000014
0.0029882812499999988
0.00074707031250000001
0.00074707031250000001
0.00074707031250000001
0.00074707031250000001
0.00074707031250000001
0.00074707031250000001
0.00074707031250000001
0.00074707031250000001
0.0029882812499999988
0.0029882812499999988
0.00074707031250000034
0.00074707031249999969
0.002988281250000004
0.00074707031250000034
0.0029882812499999988
0.00074707031249999969
0.00074707031250000001
0.00074707031250000001
0.00074707031250000001
0.002988281250000004
0.00074707031250000001
0.0029882812499999988
0.0029882812499999988
0.0029882812499999988
0.00074707031250000001
0.002988281250000004
0.0029882812499999988
0.002988281250000004
0.00074707031250000034
0.00074707031249999969
0.00074707031250000034
0.00038573115234374975
0.00018676757812499992
0.00018066958007812497
6.0979980468749552e-06
0.00074707031249999969
0.00074707031250000034
0.00074707031249999969
0.00074707031250000034
0.00074707031249999969
0.00074707031250000034
0.00074707031249999969
0.00074707031250000034
0.00074707031249999969
0.00074707031250000034
0.00074707031249999969
0.00074707031250000034
0.00074707031249999969
0.00074707031250000034
0.00074707031249999969
0.00074707031250000034
0.00074707031249999969
0.00074707031250000034
0.00074707031249999969
0.00074707031250000034
0.00074707031249999969
0.00074707031250000034
0.00074707031249999969
0.00074707031250000034
0.00074707031249999969
0.00074707031250000034
0.00074707031249999969
0.00074707031250000034
0.00074707031249999969
0.00074707031250000034
0.00074707031249999969
0.00074707031250000034
0.00074707031250000034
0.00074707031249999969
0.00074707031250000034
0.00074707031249999969
0.00074707031250000001
0.00074707031250000001
0.00074707031250000001
0.00074707031250000001
0.00074707031250000001
0.00074707031250000001
0.00074707031250000001
0.00074707031249999969
0.00074707031249999969
0.00074707031249999969
0.00074707031249999969
0.00074707031249999969
0.00074707031249999969
0.00074707031250000099
0.00074707031249999969
0.00074707031250000099
0.00074707031249999969
0.00074707031249999969
0.00074707031250000099
0.00074707031249999969
0.00074707031250000099
0.00074707031249999969
0.00074707031249999969
0.00074707031249999969
0.00074707031249999969
0.00074707031250000001
0.0029882812499999988
0.0029882812499999988
0.0029882812499999988
0.0029882812499999988
0.0029882812499999988
0.0029882812499999988
0.0029882812499999988
0.0029882812500000092
0.0029882812499999988
0.0029882812499999988
0.0029882812499999988
0.0029882812499999988
0.0029882812499999988
0.0029882812499999988
0.0029882812500000092
0.0029882812499999988
0.0029882812499999988
0.0029882812499999988
0.0029882812499999988
0.0029882812499999988
0.0029882812499999988
0.0029882812499999988
0.0029882812499999988
0.00074707031249999969
0.00074707031249999969
0.00074707031249999969
0.00074707031249999969
0.00074707031249999969
0.00074707031249999969
0.00074707031249999969
0.00074707031249999969
0.0029882812500000092
0.0029882812499999883
0.0029882812500000092
0.0029882812499999883
0.0029882812500000092
0.00074707031250000229
0.0029882812499999883
0.00074707031249999969
0.0029882812500000092
0.00074707031250000229
0.0029882812499999883
0.00074707031249999969
0.00074707031249999969
0.00074707031249999969
0.00074707031249999969
0.00074707031249999969
0.0029882812499999883
0.0029882812500000092
0.0029882812499999883
0.0029882812500000092
0.0029882812499999883
0.0029882812500000092
0.0029882812499999883
0.0029882812500000092
0.0029882812499999883
0.00074707031249999969
0.00074707031249999969
0.00074707031249999969
0.00074707031249999969
0.00074707031249999969
0.00074707031249999969
0.00074707031249999969
0.00074707031250000229
0.00074707031250000229
0.00074707031249999969
0.00074707031249999969
0.00074707031249999969
0.00074707031249999969
0.0029882812499999883
0.0029882812500000092
0.0029882812499999883
0.0029882812499999883
0.0029882812500000092
0.0029882812499999883
0.0029882812500000092
0.0029882812499999883
0.0029882812500000092
0.0029882812499999883
0.0029882812500000092
0.0029882812499999883
0.00074707031249999969
0.00074707031249999709
0.00074707031250000229
0.00074707031249999709
0.00074707031250000229
0.00074707031250000229
0.00074707031249999709
0.00074707031250000229
0.00074707031249999709
0.00074707031250000229
0.00074707031249999709
0.00074707031250000229
0.00074707031249999709
0.00074707031250000229
0.00074707031250000229
0.00074707031250000229
0.00074707031249999709
0.00074707031250000229
0.00074707031250000229
0.00074707031250000229
0.00074707031250000229
0.00074707031250000229
0.00074707031249999709
0.00074707031250000229
0.00074707031249999709
0.00074707031250000229
0.00074707031249999709
0.00074707031250000229
0.00074707031249999709
0.00074707031250000229
0.00074707031249999709
0.00074707031250000229
0.00074707031249999709
0.00074707031250000229
0.00074707031250000229
0.00074707031249999709
0.00074707031250000229
0.00074707031249999709
0.00074707031250000229
0.00074707031250000229
0.00074707031249999709
0.00074707031250000229
0.00074707031249999709
0.00074707031250000229
0.00074707031249999709
0.00074707031250000229
0.00074707031249999709
0.00074707031250000229
0.00074707031249999709
0.00074707031250000229
0.00074707031249999709
0.00074707031250000229
0.00074707031250000229
0.00074707031250000229
0.00074707031250000229
0.00074707031249999709
0.00074707031250000229
0.00074707031249999709
0.00074707031250000229
0.00074707031249999709
0.00074707031250000229
0.00074707031249999709
0.00074707031250000229
0.00074707031250000229
0.00074707031250000229
0.00074707031249999709
0.00074707031250000229
0.00074707031250000229
0.00074707031250000229
0.00074707031249999709
0.00074707031250000229
0.00074707031249999709
0.00074707031249999709
0.00074707031249999709
0.00074707031250000749
0.00074707031249999709
0.00074707031250000749
0.00074707031249999709
0.00074707031249999709
0.00074707031249999709
0.00074707031249999709
0.00074707031249999709
0.00074707031249999709
0.00074707031249999709
0.00074707031249999709
0.00074707031249999709
0.00074707031249999709
0.00074707031250000749
0.00074707031249999709
0.00074707031250000749
0.00074707031249999709
0.00074707031250000749
0.00038573115234374553
0.00018676757812499927
0.00018066958007812578
6.0979980468734915e-06
0.00074707031250000749
0.00074707031249999709
0.00074707031249999709
0.00074707031249999709
0.00074707031249999709
0.00074707031249999709
0.00074707031249999709
0.00074707031249999709
0.00074707031249999709
0.00074707031249999709
0.00074707031249999709
0.00074707031249999709
0.00074707031249999709
0.00074707031249999709
0.00074707031249999709
0.00074707031249999709
0.00074707031249999709
0.00074707031249999709
0.00074707031249999709
0.00074707031249999709
0.00074707031249999709
0.00074707031249999709
0.00074707031249999709
0.00074707031249999709
0.00074707031249999709
0.00074707031249999709
0.00074707031249999709
0.00074707031249999709
0.00074707031249999709
0.00074707031249999969
0.00074707031250000034
0.00074707031249999969
0.00074707031250000034
0.00074707031249999969
0.00074707031250000034
0.00074707031249999969
0.00074707031250000034
0.00074707031249999969
0.00074707031250000034
0.00074707031249999969
0.00074707031250000034
0.00074707031249999969
0.00074707031250000034
0.00074707031249999969
0.00074707031250000034
0.00074707031249999969
0.00074707031250000034
0.00074707031249999969
0.00074707031250000034
0.00074707031249999969
0.00074707031250000034
0.00074707031249999969
0.00074707031250000034
0.00074707031249999969
0.00074707031250000034
0.00074707031249999969
0.00074707031250000034
0.00074707031250000034
0.00038573115234374975
0.00018676757812499992
0.00018066958007812497
6.0979980468749552e-06
0.00074707031250000034
0.00074707031249999969
0.00074707031250000034
0.00074707031249999969
0.00074707031250000034
0.00074707031249999969
0.00074707031250000001
0.00074707031250000001
0.00074707031250000001
0.00074707031250000001
0.00074707031250000001
0.00074707031250000001
0.00074707031250000001
0.00074707031250000001
0.00074707031250000001
0.00074707031250000001
0.00074707031250000001
0.00074707031250000001
0.00074707031250000001
0.00074707031250000001
0.00074707031250000001
0.00074707031250000001
0.00074707031250000001
0.00074707031250000001
0.00074707031250000001
0.00074707031250000001
0.00074707031250000001
0.00074707031249999969
0.00074707031249999969
0.00074707031249999969
0.00074707031250000034
0.00074707031249999969
0.00074707031250000034
0.00074707031250000034
0.00074707031249999969
0.00074707031250000034
0.00074707031249999969
0.00074707031249999969
0.00074707031249999969
0.00074707031249999969
0.00074707031249999969
0.00074707031250000099
0.00074707031249999969
0.00074707031250000099
0.00074707031249999969
0.00074707031249999969
0.00074707031250000099
0.00074707031249999969
0.00074707031250000099
0.00074707031249999969
0.00074707031249999969
0.00074707031249999969
0.00074707031249999969
0.000186767578125
9.3383789062500002e-05
6.3991210937499907e-05
2.8154296874999923e-05
2.2656250000003163e-07
0.000186767578125
0.00018530273437499981
5.7773437499999997e-05
5.7773437499999997e-05
0.000186767578125
0.00018530273437499981
0.000186767578125
0.00074707031249999969
0.00018530273437499981
0.00074707031249999709
0.00074707031250000229
0.00074707031249999709
0.00074707031250000229
0.00074707031249999969
0.00074707031249999969
0.00074707031249999969
0.00074707031249999969
0.00074707031249999969
0.00074707031249999969
0.00074707031249999969
0.00074707031249999969
0.00074707031250000229
0.00074707031249999969
0.00074707031250000229
0.00074707031249999969
0.00074707031249999969
0.00074707031249999969
0.00074707031249999969
0.00074707031249999969
0.00074707031250000229
0.00074707031249999969
0.00074707031250000229
0.00074707031249999969
0.00074707031249999969
0.00074707031249999969
0.000186767578125
0.00074707031249999969
2.3583984374999801e-05
0.00074707031249999969
0.000186767578125
0.00074707031249999969
2.3583984374999801e-05
7.0117187499999935e-05
6.1992187499999995e-05
1.218749999999991e-05
4.06249999999997e-06
2.437499999999982e-05
0.00074707031249999969
0.00074707031249999969
0.00074707031249999969
0.00074707031249999969
0.000186767578125
0.000186767578125
9.3383789062500002e-05
6.1345703124999958e-05
2.9762695312499936e-05
4.5507812500002144e-07
7.0380859374999941e-05
0.00018676757812499992
0.00018676757812500008
0.00018676757812499992
0.00018676757812500008
0.00018403710937499987
0.00018403710937499987
2.437499999999982e-05
0.00018676757812499992
0.00018676757812500025
0.00018676757812499992
3.1127929687500041e-05
2.9334367675781423e-05
2.1349807128906234e-05
1.9556245117187615e-05
0.00018676757812499992
0.00019896357421874983
6.2255859374999974e-05
6.6321191406249944e-05
0.00018676757812499992
5.8668735351562846e-05
0.00018676757812499992
5.8668735351562846e-05
0.00018676757812499992
0.00015693164062500001
0.00018676757812499992
0.00015693164062500001
6.2255859374999974e-05
5.8190527343750004e-05
6.0979980468749552e-06
2.0326660156249851e-06
0.00010462109375
0.00018676757812499992
5.8668735351562846e-05
0.00018676757812499992
5.8668735351562846e-05
0.00018676757812499992
5.8668735351562846e-05
0.00018676757812499992
5.8668735351562846e-05
0.00018676757812499992
5.8668735351562846e-05
0.00018676757812499992
5.8668735351562846e-05
0.00018676757812499992
5.8668735351562846e-05
0.00018676757812499992
5.8668735351562846e-05
0.00018676757812499992
5.8668735351562846e-05
0.00018676757812499992
5.8668735351562846e-05
0.00018676757812499992
5.8668735351562846e-05
0.00018676757812499992
5.8668735351562846e-05
0.00018676757812499992
5.8668735351562846e-05
0.00018676757812499992
5.8668735351562846e-05
0.00018676757812499992
5.8668735351562846e-05
0.00018676757812499992
5.8668735351562846e-05
0.00018676757812499992
5.8668735351562846e-05
0.00018676757812499992
5.8668735351562846e-05
0.00018676757812499992
5.8668735351562846e-05
0.00018676757812499992
5.8668735351562846e-05
0.00018676757812499992
5.8668735351562846e-05
0.00018676757812499992
5.8668735351562846e-05
0.00018676757812499992
5.8668735351562846e-05
0.00018676757812499992
5.8668735351562846e-05
9.3383789062500042e-05
2.5483828125000133e-05
2.3437148437499948e-05
1.8526171874999918e-05
0.0001237785937500001
0.00010986328124999977
9.3383789062500124e-05
2.346033320312483e-05
2.3218354492187727e-05
1.5890759765626957e-06
9.4730886328125554e-05
9.5214843749999922e-05
9.5214843749999922e-05
9.5214843749999922e-05
9.4730886328125554e-05
9.4730886328125717e-05
9.4730886328125554e-05
9.4730886328125554e-05
5.1269531249999883e-05
3.8513234374999879e-05
2.3234683593750052e-05
1.0478386718750047e-05
4.6469367187500103e-05
0.00010253906249999977
2.3690265625000045e-05
6.795687499999993e-05
9.4730886328125554e-05
9.4730886328125554e-05
9.4730886328125554e-05
9.4730886328125554e-05
9.4730886328125879e-05
9.4730886328125554e-05
9.4730886328125554e-05
9.4730886328125554e-05
9.4730886328125554e-05
9.4730886328125554e-05
9.4730886328125554e-05
9.4730886328125879e-05
9.4730886328125554e-05
9.4730886328125554e-05
9.4730886328125229e-05
9.4730886328125879e-05
0.00018676757812500008
0.00018676757812499992
9.3383789062500042e-05
2.420175781250012e-05
4.1477343749999896e-05
1.3852343749999969e-05
0.00014521054687499996
0.000186767578125
0.000186767578125
6.5917968749999896e-05
5.7234374999999912e-05
1.2301757812500001e-05
3.6181640625000139e-06
2.4603515625000001e-05
0.00014091406249999976
5.8593749999999889e-05
4.5696249999999886e-05
2.0555390625000034e-05
7.6578906250000324e-06
4.1110781250000102e-05
9.1112499999999836e-05
2.4182812499999999e-05
4.0781249999999924e-05
0.00074707031250000229
0.00074707031249999709
0.00074707031250000229
0.00074707031249999709
0.00074707031250000229
0.00074707031250000229
0.00074707031249999709
0.00074707031250000229
0.00074707031249999709
0.00074707031250000229
0.00074707031250000229
0.00074707031249999709
0.00074707031250000229
0.00074707031250000229
0.00074707031250000229
0.00074707031249999709
0.00074707031250000229
0.00074707031249999709
0.00074707031250000229
0.00074707031250000229
0.00074707031250000229
0.00074707031250000229
0.00074707031249999709
0.00074707031250000229
0.00074707031249999709
0.00074707031250000229
0.00074707031249999709
0.00074707031250000229
0.00074707031249999709
0.00074707031250000229
0.00074707031249999709
0.00074707031250000229
0.00074707031249999709
0.00074707031250000229
0.00074707031249999709
0.00074707031250000229
0.00074707031249999709
0.00074707031250000229
0.00074707031249999709
0.00074707031250000229
0.00074707031249999709
0.00074707031250000229
0.00074707031249999709
0.00074707031250000229
0.00074707031249999709
0.00074707031250000229
0.00074707031249999709
0.00074707031250000229
0.00074707031250000229
0.00074707031250000229
0.00074707031250000229
0.00074707031250000229
0.00074707031250000229
0.00074707031250000229
0.00074707031249999709
0.00074707031250000229
0.00074707031250000229
0.00074707031249999709
0.00074707031250000229
0.00074707031249999709
0.00074707031249999709
0.00074707031250000229
0.00074707031249999709
0.00074707031250000229
0.00074707031249999709
0.00074707031250000229
0.00074707031249999709
0.00074707031250000229
0.00074707031249999709
0.00074707031249999709
0.00074707031249999709
0.00074707031249999709
0.00074707031249999709
0.00074707031249999709
0.00074707031249999709
0.00074707031249999709
0.00074707031249999709
0.00074707031249999709
0.00074707031249999709
0.00074707031249999709
0.00074707031249999709
0.00074707031249999709
0.00074707031249999709
0.00074707031249999709
9.4730886328125879e-05
9.4730886328125229e-05
9.4730886328125879e-05
9.4730886328125229e-05
9.4730886328125879e-05
9.4730886328125229e-05
0.00074707031249999709
9.4730886328125879e-05
0.00074707031249999709
9.4730886328125229e-05
0.00074707031249999709
0.00074707031249999709
0.00074707031249999709
0.00074707031249999709
0.00074707031249999709
0.00074707031249999709
0.00074707031249999709
0.00074707031249999709
0.00074707031249999709
0.00074707031249999709
0.00038573115234374553
0.00018676757812499927
0.00018066958007812578
6.0979980468734915e-06
0.00074707031250000749
0.00074707031249999709
0.00074707031250000749
9.4730886328125879e-05
9.4730886328125879e-05
9.4730886328125229e-05
9.4730886328125879e-05
9.4730886328125229e-05
9.4730886328125879e-05
9.4730886328125229e-05
9.4730886328125879e-05
9.4730886328125879e-05
4.7365443164062614e-05
3.4363164648437479e-05
2.5634765625000104e-05
1.263248710937497e-05
5.1269531250000208e-05
5.1269531250000208e-05
6.4025828125000294e-05
4.6469367187500266e-05
2.9296875000000026e-05
2.3234683593749974e-05
2.20075625e-05
1.5945371093749948e-05
5.8593750000000052e-05
3.8832500000000079e-05
0.00012377859375000053
9.3383789062499636e-05
4.0046015624999845e-05
1.1115703124999956e-05
1.4644921875001465e-06
8.0427656249999906e-05
0.00074707031249999709
0.00074707031249999709
0.00074707031249999709
0.00074707031249999709
0.00074707031249999709
0.00074707031249999709
0.00074707031250000749
0.00074707031249999709
0.00074707031250000749
0.00074707031249999709
0.00074707031249999709
0.00074707031249999709
0.00074707031249999709
0.00074707031249999709
0.00074707031250000749
0.00074707031249999709
0.00074707031250000749
4.111078125000021e-05
3.662109375000052e-05
2.856015625000039e-05
2.0555390625000105e-05
1.2494453124999974e-05
5.6945312500000816e-05
0.00018676757812499927
0.00018676757812500057
0.00014521054687499944
9.3383789062500286e-05
4.1285351562499885e-05
1.9504687500000392e-05
8.9632812500000946e-06
9.1179687500000996e-05
0.00018676757812499927
0.00018676757812500057
2.4603515624999903e-05
4.3945312500000364e-05
3.8156250000000314e-05
1.2301757812500038e-05
6.5126953124999903e-06
2.7187500000000224e-05
5.7773437499999774e-05
5.7773437499999774e-05
9.3383789062500937e-05
4.8815429687500356e-05
7.0234375000001318e-06
6.1816406249998608e-06
0.00018676757812499927
0.00014135742187500102
0.00018676757812499927
0.00014135742187500102
0.00018676757812499927
0.00014135742187500102
0.00018676757812499927
0.00016640624999999989
0.00016640624999999989
0.00016640624999999989
0.00016640624999999989
0.00016640624999999989
0.00016640624999999989
0.00016640624999999989
0.00016640624999999989
0.00016640624999999989
0.00016640624999999989
0.00016640624999999989
0.00016640624999999989
0.00016640624999999989
0.00016640624999999989
0.00016640624999999989
0.00016640624999999989
0.00016640624999999989
0.00016640624999999989
0.00016640624999999989
0.00016640624999999989
0.00016640624999999989
0.00016640624999999989
0.00016640624999999989
0.00016640624999999989
0.00016640624999999989
0.00016640624999999989
0.00016640624999999989
0.00016640624999999989
0.00016640624999999989
0.00016640624999999989
0.00016640624999999989
0.00016640624999999989
0.00016640624999999989
0.00016640624999999989
0.00016640624999999989
0.00016640624999999989
0.00016640624999999989
0.00016640624999999989
0.00016640624999999989
0.00016640624999999989
4.7365443164062614e-05
3.4363164648437479e-05
2.5634765625000104e-05
1.263248710937497e-05
9.4730886328125229e-05
5.1269531250000208e-05
5.1269531250000208e-05
6.4025828125000294e-05
9.3383789062499636e-05
4.0046015624999845e-05
1.1115703124999956e-05
1.4644921875001457e-06
0.00012377859374999967
8.0427656249999906e-05
2.9296875000000677e-05
2.3234683593750296e-05
2.2007562500000488e-05
1.5945371093750107e-05
4.6469367187499947e-05
5.8593750000001353e-05
3.8832500000000947e-05
9.4730886328126543e-05
9.4730886328125229e-05
9.4730886328125229e-05
9.4730886328126543e-05
9.4730886328125229e-05
9.4730886328125229e-05
9.4730886328125229e-05
9.4730886328126543e-05
9.4730886328125229e-05
9.4730886328125229e-05
9.4730886328126543e-05
9.4730886328125229e-05
9.4730886328125229e-05
9.4730886328125229e-05
9.4730886328126543e-05
9.4730886328125229e-05
0.00018676757812499927
0.00018676757812499927
9.3383789062499636e-05
4.1285351562499885e-05
1.9504687499999884e-05
8.9632812499999489e-06
0.00014521054687499944
0.00018676757812499927
0.00018676757812500187
4.3945312500000364e-05
3.8156250000000314e-05
1.2301757812499951e-05
6.5126953124999039e-06
2.4603515625000245e-05
9.1179687499999532e-05
0.00018676757812499927
9.3383789062500937e-05
4.8815429687500336e-05
7.0234375000001318e-06
6.181640624999887e-06
0.00018676757812499927
0.00014135742187500102
5.7773437499999774e-05
5.7773437499999774e-05
0.00018676757812499927
0.00014135742187500102
0.00018676757812499927
0.00014135742187500102
2.7187500000000224e-05
3.662109375000052e-05
2.856015625000039e-05
2.0555390625000251e-05
1.2494453125000118e-05
4.1110781249999925e-05
5.6945312500000816e-05
0.00016640624999999989
0.00016640624999999989
0.00016640624999999989
0.00016640624999999989
0.00016640624999999989
0.00016640624999999989
0.00016640624999999989
0.00016640624999999989
9.4730886328125229e-05
9.4730886328126543e-05
9.4730886328125229e-05
9.4730886328125229e-05
9.4730886328125229e-05
9.4730886328126543e-05
9.4730886328125229e-05
9.4730886328125229e-05
9.4730886328126543e-05
9.4730886328125229e-05
9.4730886328125229e-05
9.4730886328125229e-05
9.4730886328126543e-05
9.4730886328125229e-05
9.4730886328125229e-05
9.4730886328126543e-05
9.4730886328125229e-05
9.4730886328125229e-05
9.4730886328125229e-05
9.4730886328126543e-05
9.4730886328125229e-05
9.3383789062499636e-05
2.346033320312467e-05
2.3218354492187646e-05
1.5890759765626125e-06
9.5214843749999271e-05
9.5214843749999271e-05
9.5214843749999271e-05
2.3690265624999882e-05
4.6469367187499947e-05
5.1269531250000208e-05
3.8513234375000123e-05
2.3234683593750296e-05
1.047838671875021e-05
0.00010253906250000042
6.7956875000000364e-05
0.00012377859374999967
9.3383789062499636e-05
2.5483828125000133e-05
2.3437148437499677e-05
1.8526171874999779e-05
0.00010986328124999896
2.4182812499999823e-05
4.1110781250000501e-05
5.8593750000000052e-05
4.5696250000000015e-05
2.0555390624999963e-05
7.6578906249999239e-06
9.1112500000000094e-05
0.00018676757812499927
0.00018676757812500187
0.00014521054687499944
9.3383789062500937e-05
2.4201757812500246e-05
4.1477343750000425e-05
1.3852343750000131e-05
0.00014091406250000142
0.00018676757812499667
0.00018676757812500187
2.4603515624999561e-05
6.5917968749999896e-05
5.7234374999999912e-05
1.2301757812500123e-05
3.6181640625001363e-06
4.0781249999999931e-05
0.00016640624999999989
0.00016640624999999989
0.00016640624999999989
0.00016640624999999989
0.00016640624999999989
0.00016640624999999989
0.00016640624999999989
0.00016640624999999989
0.00016640624999999989
0.00016640624999999989
0.00016640624999999989
0.00016640624999999989
0.00016640624999999989
0.00016640624999999989
0.00016640624999999989
0.00016640624999999989
0.00016640624999999989
0.00016640624999999989
0.00016640624999999989
0.00016640624999999989
0.00016640624999999989
0.00016640624999999989
0.00016640624999999989
0.00016640624999999989
0.00016640624999999989
0.00016640624999999989
0.00016640624999999989
0.00016640624999999989
0.00016640624999999989
0.00016640624999999989
0.00016640624999999989
0.00016640624999999989
5.7773437500000573e-05
5.7773437499998967e-05
9.3383789062500937e-05
6.3991210937500029e-05
2.8154296874999392e-05
2.2656250000027688e-07
0.00018676757812500187
0.00018530273437500008
0.00018676757812500187
0.00018530273437500008
0.00018676757812500187
0.00018530273437500008
0.00018676757812500187
2.3583984375002282e-05
0.00018676757812500187
2.3583984375002282e-05
0.00018676757812500187
7.0117187500001385e-05
6.1992187500000198e-05
1.218750000000178e-05
4.0625000000005934e-06
2.437500000000356e-05
2.437500000000356e-05
7.0380859375000077e-05
0.00018676757812499667
0.00018676757812500187
9.3383789062500937e-05
6.134570312500004e-05
2.9762695312499435e-05
4.5507812500029249e-07
0.00018403710937500012
0.00018403710937500012
0.00018676757812499667
0.00018676757812500187
0.00018676757812499667
0.00018676757812500187
0.0001569316406249948
0.00018676757812500187
0.0001569316406249948
0.00018676757812500187
0.00010462109374999654
6.2255859375000625e-05
5.819052734375163e-05
6.0979980468734915e-06
2.0326660156244972e-06
0.00019896357421874886
6.6321191406249619e-05
0.00018676757812499667
6.225585937499889e-05
0.00018676757812500187
0.00018676757812500187
3.1127929687500312e-05
2.9334367675781098e-05
2.1349807128906613e-05
1.9556245117187399e-05
0.00018676757812500187
5.8668735351562196e-05
0.00018676757812500187
5.8668735351562196e-05
0.00018676757812500187
5.8668735351562196e-05
0.00018676757812500187
5.8668735351562196e-05
0.00018676757812500187
5.8668735351562196e-05
0.00018676757812500187
5.8668735351562196e-05
0.00018676757812500187
5.8668735351562196e-05
0.00018676757812500187
5.8668735351562196e-05
0.00018676757812500187
5.8668735351562196e-05
0.00018676757812500187
5.8668735351562196e-05
0.00018676757812500187
5.8668735351562196e-05
0.00018676757812500187
5.8668735351562196e-05
0.00018676757812500187
5.8668735351562196e-05
0.00018676757812500187
5.8668735351562196e-05
0.00018676757812500187
5.8668735351562196e-05
0.00018676757812500187
5.8668735351562196e-05
0.00018676757812500187
5.8668735351562196e-05
0.00018676757812500187
5.8668735351562196e-05
0.00018676757812500187
5.8668735351562196e-05
0.00018676757812500187
5.8668735351562196e-05
0.00018676757812500187
5.8668735351562196e-05
0.00018676757812500187
5.8668735351562196e-05
0.00018676757812500187
5.8668735351562196e-05
0.00018676757812500187
5.8668735351562196e-05
0.00018676757812500187
5.8668735351562196e-05
0.00018676757812500187
5.8668735351562196e-05
0.00018676757812500187
0.00018676757812499992
5.8668735351562846e-05
0.00018676757812499992
5.8668735351562846e-05
0.00018676757812499992
5.8668735351562846e-05
0.00018676757812499992
5.8668735351562846e-05
0.00018676757812499992
5.8668735351562846e-05
0.00018676757812499992
5.8668735351562846e-05
0.00018676757812499992
5.8668735351562846e-05
0.00018676757812499992
5.8668735351562846e-05
0.00018676757812499992
5.8668735351562846e-05
0.00018676757812499992
5.8668735351562846e-05
0.00018676757812499992
5.8668735351562846e-05
0.00018676757812499992
5.8668735351562846e-05
0.00018676757812499992
5.8668735351562846e-05
0.00018676757812499992
5.8668735351562846e-05
0.00018676757812499992
5.8668735351562846e-05
0.00018676757812499992
5.8668735351562846e-05
0.00018676757812499992
5.8668735351562846e-05
0.00018676757812499992
5.8668735351562846e-05
0.00018676757812499992
5.8668735351562846e-05
0.00018676757812499992
5.8668735351562846e-05
0.00018676757812499992
5.8668735351562846e-05
0.00018676757812499992
5.8668735351562846e-05
0.00018676757812499992
5.8668735351562846e-05
0.00018676757812499992
5.8668735351562846e-05
0.00018676757812499992
5.8668735351562846e-05
0.00018676757812499992
5.8668735351562846e-05
0.00018676757812499992
3.1127929687500041e-05
2.9334367675781423e-05
2.1349807128906234e-05
1.9556245117187615e-05
0.00018676757812499992
0.00018676757812500025
6.2255859374999974e-05
6.6321191406249944e-05
0.00018676757812499992
0.00019896357421874983
6.2255859374999974e-05
5.8190527343750004e-05
6.0979980468749552e-06
2.0326660156249851e-06
0.00010462109375
0.00018676757812499992
0.00015693164062500001
0.00018676757812499992
0.00015693164062500001
0.00018676757812499992
0.00018676757812500008
0.00018676757812499992
0.00018676757812500008
0.00018403710937499987
0.00018403710937499987
9.3383789062500002e-05
6.1345703124999958e-05
2.9762695312499936e-05
4.5507812500002144e-07
7.0380859374999941e-05
0.000186767578125
0.000186767578125
2.437499999999982e-05
2.437499999999982e-05
7.0117187499999935e-05
6.1992187499999995e-05
1.218749999999991e-05
4.06249999999997e-06
0.000186767578125
2.3583984374999801e-05
0.000186767578125
2.3583984374999801e-05
0.000186767578125
0.00018530273437499981
0.000186767578125
0.00018530273437499981
0.000186767578125
0.00018530273437499981
0.000186767578125
9.3383789062500002e-05
6.3991210937500015e-05
2.8154296874999832e-05
2.265625000000247e-07
5.7773437499999828e-05
5.7773437499999828e-05
0.00016640624999999989
0.00016640624999999989
0.00016640624999999989
0.00016640624999999989
0.00016640624999999989
0.00016640624999999989
0.00016640624999999989
0.00016640624999999989
0.00016640624999999989
0.00016640624999999989
0.00016640624999999989
0.00016640624999999989
0.00016640624999999989
0.00016640624999999989
0.00016640624999999989
0.00016640624999999989
0.00016640624999999989
0.00016640624999999989
0.00016640624999999989
0.00016640624999999989
0.00016640624999999989
0.00016640624999999989
0.00016640624999999989
0.00016640624999999989
0.00016640624999999989
0.00016640624999999989
0.00016640624999999989
0.00016640624999999989
0.00016640624999999989
0.00016640624999999989
0.00016640624999999989
0.00016640624999999989
4.0781249999999816e-05
6.5917968749999896e-05
5.7234375000000163e-05
1.2301757812499641e-05
3.6181640624999081e-06
2.4603515624999283e-05
0.000186767578125
0.000186767578125
0.00014091406249999928
9.3383789062500042e-05
2.4201757812499863e-05
4.1477343749999117e-05
1.3852343750000485e-05
0.00014521054687499841
0.00018676757812500008
0.00018676757812499992
9.1112499999998874e-05
5.8593749999999889e-05
4.569625000000013e-05
2.0555390624999648e-05
7.6578906249998884e-06
4.1110781249999329e-05
2.4182812499999545e-05
0.00010986328124999977
9.3383789062500042e-05
2.5483828125000133e-05
2.3437148437499948e-05
1.8526171874999918e-05
0.0001237785937500001
6.795687499999993e-05
0.00010253906249999977
5.1269531249999883e-05
3.8513234374999757e-05
2.3234683593750275e-05
1.0478386718750147e-05
4.6469367187500551e-05
2.3690265625000269e-05
9.5214843749999922e-05
9.5214843749999922e-05
9.5214843749999922e-05
9.3383789062500124e-05
2.3460333203124942e-05
2.3218354492187619e-05
1.5890759765624788e-06
9.4730886328125107e-05
9.4730886328125107e-05
9.4730886328125283e-05
9.4730886328125107e-05
9.4730886328125107e-05
9.4730886328125107e-05
9.4730886328125107e-05
9.4730886328125107e-05
9.4730886328125107e-05
9.4730886328125446e-05
9.4730886328125107e-05
9.4730886328125107e-05
9.4730886328125107e-05
9.4730886328125107e-05
9.4730886328125107e-05
9.4730886328125107e-05
9.4730886328125446e-05
9.4730886328125107e-05
9.4730886328125107e-05
9.4730886328124782e-05
9.4730886328125446e-05
0.00016640624999999989
0.00016640624999999989
0.00016640624999999989
0.00016640624999999989
0.00016640624999999989
0.00016640624999999989
0.00016640624999999989
0.00016640624999999989
8.0427656249999635e-05
5.6945312500000213e-05
4.1110781249999437e-05
3.662109375000052e-05
2.8560156250000542e-05
2.0555390624999719e-05
1.2494453124999739e-05
2.7187500000000146e-05
0.00014135742187500102
0.00018676757812499927
0.00014135742187500102
0.00018676757812499927
5.7773437499999604e-05
5.7773437499999604e-05
0.00014135742187500102
0.00018676757812499927
9.3383789062500937e-05
4.8815429687500417e-05
7.0234375000001114e-06
6.1816406249997786e-06
0.00018676757812499927
9.1179687500000698e-05
2.4603515624999185e-05
4.3945312500000364e-05
3.8156250000000484e-05
1.2301757812499679e-05
6.5126953124997997e-06
0.00018676757812499927
0.00018676757812500057
0.0001452105468749979
9.3383789062500286e-05
4.1285351562499444e-05
1.9504687499999616e-05
8.9632812500004284e-06
0.00018676757812499927
0.00018676757812500057
9.4730886328125446e-05
9.4730886328124782e-05
9.4730886328125446e-05
9.4730886328124782e-05
9.4730886328125446e-05
9.4730886328124782e-05
9.4730886328125446e-05
9.4730886328124782e-05
9.4730886328125446e-05
9.4730886328125446e-05
9.4730886328124782e-05
9.4730886328125446e-05
9.4730886328124782e-05
9.4730886328125446e-05
9.4730886328124782e-05
9.4730886328125446e-05
3.8832500000000079e-05
6.4025828125000416e-05
5.8593750000000052e-05
4.6469367187500713e-05
2.9296875000000026e-05
2.3234683593750194e-05
2.2007562499999929e-05
1.5945371093750097e-05
0.00012377859375000053
9.3383789062499636e-05
4.0046015624999845e-05
1.1115703124999956e-05
1.4644921875001463e-06
5.1269531250000208e-05
5.1269531250000208e-05
9.4730886328125446e-05
4.7365443164062391e-05
3.4363164648437316e-05
2.5634765625000104e-05
1.2632487109375031e-05
0.00016640624999999989
0.00016640624999999989
0.00016640624999999989
0.00016640624999999989
0.00016640624999999989
0.00016640624999999989
0.00016640624999999989
0.00016640624999999989
0.00016640624999999989
0.00016640624999999989
0.00016640624999999989
0.00016640624999999989
0.00016640624999999989
0.00016640624999999989
0.00016640624999999989
0.00016640624999999989
0.00016640624999999989
0.00016640624999999989
0.00016640624999999989
0.00016640624999999989
0.00016640624999999989
0.00016640624999999989
0.00016640624999999989
0.00016640624999999989
0.00016640624999999989
0.00016640624999999989
0.00016640624999999989
0.00016640624999999989
0.00016640624999999989
0.00016640624999999989
0.00016640624999999989
0.00016640624999999989
0.00016640624999999989
0.00016640624999999989
0.00016640624999999989
0.00016640624999999989
0.00016640624999999989
0.00016640624999999989
0.00016640624999999989
0.00016640624999999989
0.00018676757812499927
0.00014135742187500102
0.00018676757812499927
0.00014135742187500102
0.00018676757812499927
0.00014135742187500102
0.00018676757812499927
9.3383789062500937e-05
4.8815429687500417e-05
7.0234375000001114e-06
6.1816406249997718e-06
5.7773437499999604e-05
5.7773437499999604e-05
2.7187500000000146e-05
4.3945312500000364e-05
3.8156250000000484e-05
1.2301757812499592e-05
6.5126953124997133e-06
2.4603515624999527e-05
0.00018676757812499927
0.00018676757812500187
9.117968749999922e-05
9.3383789062499636e-05
4.1285351562499444e-05
1.9504687499999111e-05
8.9632812500002827e-06
0.0001452105468749979
0.00018676757812499927
0.00018676757812499927
5.6945312500000213e-05
3.662109375000052e-05
2.8560156250000542e-05
2.0555390624999861e-05
1.2494453124999883e-05
4.1110781249999153e-05
8.0427656249999635e-05
9.3383789062499636e-05
4.0046015624999845e-05
1.1115703124999956e-05
1.4644921875001457e-06
0.00012377859374999967
3.8832500000000947e-05
5.8593750000001353e-05
2.9296875000000677e-05
2.3234683593750516e-05
2.200756250000042e-05
1.5945371093750259e-05
4.6469367187500388e-05
6.4025828125000416e-05
5.1269531250000208e-05
5.1269531250000208e-05
4.7365443164062391e-05
3.4363164648437316e-05
2.5634765625000104e-05
1.2632487109375031e-05
9.4730886328124782e-05
9.4730886328126096e-05
9.4730886328124782e-05
9.4730886328124782e-05
9.4730886328126096e-05
9.4730886328124782e-05
9.4730886328124782e-05
9.4730886328124782e-05
9.4730886328126096e-05
9.4730886328124782e-05
9.4730886328124782e-05
9.4730886328126096e-05
9.4730886328124782e-05
9.4730886328124782e-05
9.4730886328124782e-05
9.4730886328126096e-05
9.4730886328124782e-05
4.0781249999999816e-05
2.4182812499999366e-05
9.1112499999999118e-05
4.1110781249999722e-05
5.8593750000000052e-05
4.5696250000000259e-05
2.0555390624999576e-05
7.6578906249997799e-06
0.00014091406250000093
2.4603515624998842e-05
6.5917968749999896e-05
5.7234375000000163e-05
1.2301757812499763e-05
3.6181640625000313e-06
0.00018676757812499667
0.00018676757812500187
0.0001452105468749979
9.3383789062500937e-05
2.4201757812499988e-05
4.1477343749999653e-05
1.3852343750000648e-05
0.00018676757812499927
0.00018676757812500187
9.4730886328124782e-05
9.4730886328126096e-05
9.4730886328124782e-05
9.4730886328124782e-05
9.4730886328124782e-05
9.4730886328126096e-05
9.4730886328124782e-05
9.4730886328124782e-05
9.4730886328126096e-05
9.4730886328124782e-05
9.4730886328124782e-05
9.4730886328124782e-05
9.4730886328126096e-05
9.4730886328124782e-05
9.4730886328124782e-05
9.4730886328126096e-05
6.7956875000000364e-05
2.3690265625000109e-05
0.00010253906250000042
4.6469367187500388e-05
5.1269531250000208e-05
3.8513234375000001e-05
2.3234683593750519e-05
1.047838671875031e-05
9.4730886328124782e-05
9.4730886328124782e-05
9.4730886328124782e-05
9.4730886328126096e-05
9.5214843749999271e-05
9.5214843749999271e-05
9.5214843749999271e-05
9.4730886328124782e-05
9.3383789062499636e-05
2.3460333203124782e-05
2.3218354492187537e-05
1.5890759765623914e-06
0.00010986328124999896
0.00012377859374999967
9.3383789062499636e-05
2.5483828125000133e-05
2.3437148437499677e-05
1.8526171874999779e-05
5.8668735351562196e-05
0.00018676757812500187
5.8668735351562196e-05
0.00018676757812500187
5.8668735351562196e-05
0.00018676757812500187
5.8668735351562196e-05
0.00018676757812500187
5.8668735351562196e-05
0.00018676757812500187
5.8668735351562196e-05
0.00018676757812500187
5.8668735351562196e-05
0.00018676757812500187
5.8668735351562196e-05
0.00018676757812500187
5.8668735351562196e-05
0.00018676757812500187
5.8668735351562196e-05
0.00018676757812500187
5.8668735351562196e-05
0.00018676757812500187
5.8668735351562196e-05
0.00018676757812500187
5.8668735351562196e-05
0.00018676757812500187
5.8668735351562196e-05
0.00018676757812500187
5.8668735351562196e-05
0.00018676757812500187
5.8668735351562196e-05
0.00018676757812500187
5.8668735351562196e-05
0.00018676757812500187
5.8668735351562196e-05
0.00018676757812500187
5.8668735351562196e-05
0.00018676757812500187
5.8668735351562196e-05
0.00018676757812500187
5.8668735351562196e-05
0.00018676757812500187
5.8668735351562196e-05
0.00018676757812500187
5.8668735351562196e-05
0.00018676757812500187
5.8668735351562196e-05
0.00018676757812500187
6.6321191406249619e-05
0.00019896357421874886
0.00010462109374999654
6.2255859375000625e-05
5.819052734375163e-05
6.0979980468734915e-06
2.0326660156244972e-06
0.0001569316406249948
0.00018676757812500187
0.0001569316406249948
0.00018676757812500187
5.8668735351562196e-05
0.00018676757812500187
5.8668735351562196e-05
0.00018676757812500187
6.225585937499889e-05
0.00018676757812499667
3.1127929687500312e-05
2.9334367675781098e-05
2.1349807128906613e-05
1.9556245117187399e-05
0.00018676757812500187
0.00018676757812500187
0.00018676757812500187
7.0380859375000077e-05
2.437500000000356e-05
0.00018403710937500012
0.00018403710937500012
0.00018676757812499667
0.00018676757812500187
0.00018676757812499667
0.00018676757812500187
9.3383789062500937e-05
6.134570312500004e-05
2.9762695312499435e-05
4.5507812500029249e-07
0.00018676757812499667
0.00018676757812500187
2.437500000000356e-05
7.0117187500001385e-05
6.1992187500000198e-05
1.218750000000178e-05
4.0625000000005934e-06
2.3583984375002282e-05
0.00018676757812500187
2.3583984375002282e-05
0.00018676757812500187
0.00018530273437500008
0.00018676757812500187
0.00018530273437500008
0.00018676757812500187
5.7773437500000411e-05
5.7773437499998798e-05
0.00018530273437500008
0.00018676757812500187
9.3383789062500937e-05
6.399121093750011e-05
2.815429687499931e-05
2.2656250000027621e-07
0.00018676757812500187
0.00057032812499999987
0.00057032812499999987
0.00057032812499999987
0.00057032812499999987
0.00057032812499999987
0.00057032812499999987
0.00057032812499999987
0.00057032812499999987
0.00057032812499999987
0.00057032812499999987
0.00057032812499999987
0.00057032812499999987
0.00057032812499999987
0.00057032812499999987
0.00057032812499999987
0.00057032812499999987
0.00057032812499999987
0.00057032812499999987
0.00057032812499999987
0.00057032812499999987
0.00057032812499999987
0.00057032812499999987
0.00057032812499999987
0.00057032812499999987
0.00057032812499999835
0.00057032812499999835
0.00057032812499999835
0.00057032812499999835
0.00057032812499999835
0.00057032812499999835
0.00057032812499999835
0.00057032812499999835
0.00057032812499999835
0.00057032812499999835
0.00057032812499999835
0.00057032812499999835
0.00057032812499999835
0.00057032812499999835
0.00057032812499999835
0.00057032812499999835
0.00057032812499999835
0.00057032812499999835
0.00057032812499999835
0.00057032812499999835
0.00057032812499999835
0.00057032812499999835
0.00057032812499999835
0.00057032812499999835
0.00057032812499999987
0.00057032812499999987
0.00057032812499999987
0.00057032812499999987
0.00057032812499999987
0.00057032812499999987
0.00057032812499999987
0.00057032812499999987
0.00057032812499999987
0.00057032812499999987
0.00057032812499999987
0.00057032812499999987
0.00057032812499999987
0.00057032812499999987
0.00057032812499999987
0.00057032812499999987
0.00057032812499999987
0.00057032812499999987
0.00057032812499999987
0.00057032812499999987
0.00057032812499999987
0.00057032812499999987
0.00057032812499999987
0.00057032812499999987
0.00088400859375000005
0.00088400859375000005
0.00088400859375000005
0.00088400859375000005
0.00088400859375000005
0.00088400859375000005
0.00088400859375000005
0.00088400859375000005
0.00088400859375000005
0.00088400859375000005
0.00088400859375000005
0.00088400859375000005
0.00088400859375000005
0.00088400859375000005
0.00088400859375000005
0.00088400859375000005
0.00088400859375000005
0.00088400859375000005
0.00088400859375000005
0.00088400859375000005
0.00088400859375000005
0.00088400859375000005
0.00088400859374999918
0.00088400859374999918
0.00088400859374999918
0.00088400859374999918
0.00088400859374999918
0.00088400859374999918
0.00088400859374999918
0.00088400859374999918
0.00088400859374999918
0.00088400859374999918
0.00088400859374999918
0.00088400859374999918
0.00088400859374999918
0.00088400859374999918
0.00088400859374999918
0.00088400859374999918
0.00088400859374999918
0.00088400859374999918
0.00088400859374999918
0.00088400859374999918
0.00088400859374999918
0.00088400859374999918
0.00088400859375000005
0.00088400859375000005
0.00088400859375000005
0.00088400859375000005
0.00088400859375000005
0.00088400859375000005
0.00088400859375000005
0.00088400859375000005
0.00088400859375000005
0.00088400859375000005
0.00088400859375000005
0.00088400859375000005
0.00088400859375000005
0.00088400859375000005
0.00088400859375000005
0.00088400859375000005
0.00088400859375000005
0.00088400859375000005
0.00088400859375000005
0.00088400859375000005
0.00088400859375000005
0.00088400859375000005
0.0013702133203124991
0.0013702133203124991
0.0013702133203124991
0.0013702133203124991
0.0013702133203124991
0.0013702133203124991
0.0013702133203124991
0.0013702133203124991
0.0013702133203124991
0.0013702133203124991
0.0013702133203124991
0.0013702133203124991
0.0013702133203124991
0.0013702133203124991
0.0013702133203124991
0.0013702133203124991
0.0013702133203124991
0.0013702133203124991
0.0013702133203124991
0.0013702133203124991
0.0013702133203125008
0.0013702133203125008
0.0013702133203125008
0.0013702133203125008
0.0013702133203125008
0.0013702133203125008
0.0013702133203125008
0.0013702133203125008
0.0013702133203125008
0.0013702133203125008
0.0013702133203125008
0.0013702133203125008
0.0013702133203125008
0.0013702133203125008
0.0013702133203125008
0.0013702133203125008
0.0013702133203125008
0.0013702133203125008
0.0013702133203125008
0.0013702133203125008
0.0013702133203124991
0.0013702133203124991
0.0013702133203124991
0.0013702133203124991
0.0013702133203124991
0.0013702133203124991
0.0013702133203124991
0.0013702133203124991
0.0013702133203124991
0.0013702133203124991
0.0013702133203124991
0.0013702133203124991
0.0013702133203124991
0.0013702133203124991
0.0013702133203124991
0.0013702133203124991
0.0013702133203124991
0.0013702133203124991
0.0013702133203124991
0.0013702133203124991
0.00057032812499999987
0.00057032812499999987
0.00057032812499999987
0.00057032812499999987
0.00057032812499999987
0.00057032812499999987
0.00057032812499999987
0.00057032812499999987
0.00057032812499999987
0.00057032812499999987
0.00057032812499999987
0.00057032812499999987
0.00057032812499999987
0.00057032812499999987
0.00057032812499999987
0.00057032812499999987
0.00057032812499999987
0.00057032812499999987
0.00057032812499999987
0.00057032812499999987
0.00057032812499999987
0.00057032812499999987
0.00057032812499999987
0.00057032812499999987
0.00057032812500000529
0.00057032812500000529
0.00057032812500000529
0.00057032812500000529
0.00057032812500000529
0.00057032812500000529
0.00057032812500000529
0.00057032812500000529
0.00057032812500000529
0.00057032812500000529
0.00057032812500000529
0.00057032812500000529
0.00057032812500000529
0.00057032812500000529
0.00057032812500000529
0.00057032812500000529
0.00057032812500000529
0.00057032812500000529
0.00057032812500000529
0.00057032812500000529
0.00057032812500000529
0.00057032812500000529
0.00057032812500000529
0.00057032812500000529
0.00057032812499999835
0.00057032812499999835
0.00057032812499999835
0.00057032812499999835
0.00057032812499999835
0.00057032812499999835
0.00057032812499999835
0.00057032812499999835
0.00057032812499999835
0.00057032812499999835
0.00057032812499999835
0.00057032812499999835
0.00057032812499999835
0.00057032812499999835
0.00057032812499999835
0.00057032812499999835
0.00057032812499999835
0.00057032812499999835
0.00057032812499999835
0.00057032812499999835
0.00057032812499999835
0.00057032812499999835
0.00057032812499999835
0.00057032812499999835
0.00088400859375000005
0.00088400859375000005
0.00088400859375000005
0.00088400859375000005
0.00088400859375000005
0.00088400859375000005
0.00088400859375000005
0.00088400859375000005
0.00088400859375000005
0.00088400859375000005
0.00088400859375000005
0.00088400859375000005
0.00088400859375000005
0.00088400859375000005
0.00088400859375000005
0.00088400859375000005
0.00088400859375000005
0.00088400859375000005
0.00088400859375000005
0.00088400859375000005
0.00088400859375000005
0.00088400859375000005
0.00088400859374999918
0.00088400859374999918
0.00088400859374999918
0.00088400859374999918
0.00088400859374999918
0.00088400859374999918
0.00088400859374999918
0.00088400859374999918
0.00088400859374999918
0.00088400859374999918
0.00088400859374999918
0.00088400859374999918
0.00088400859374999918
0.00088400859374999918
0.00088400859374999918
0.00088400859374999918
0.00088400859374999918
0.00088400859374999918
0.00088400859374999918
0.00088400859374999918
0.00088400859374999918
0.00088400859374999918
0.00088400859374999918
0.00088400859374999918
0.00088400859374999918
0.00088400859374999918
0.00088400859374999918
0.00088400859374999918
0.00088400859374999918
0.00088400859374999918
0.00088400859374999918
0.00088400859374999918
0.00088400859374999918
0.00088400859374999918
0.00088400859374999918
0.00088400859374999918
0.00088400859374999918
0.00088400859374999918
0.00088400859374999918
0.00088400859374999918
0.00088400859374999918
0.00088400859374999918
0.00088400859374999918
0.00088400859374999918
0.0013702133203124991
0.0013702133203124991
0.0013702133203124991
0.0013702133203124991
0.0013702133203124991
0.0013702133203124991
0.0013702133203124991
0.0013702133203124991
0.0013702133203124991
0.0013702133203124991
0.0013702133203124991
0.0013702133203124991
0.0013702133203124991
0.0013702133203124991
0.0013702133203124991
0.0013702133203124991
0.0013702133203124991
0.0013702133203124991
0.0013702133203124991
0.0013702133203124991
0.0013702133203124939
0.0013702133203124939
0.0013702133203124939
0.0013702133203124939
0.0013702133203124939
0.0013702133203124939
0.0013702133203124939
0.0013702133203124939
0.0013702133203124939
0.0013702133203124939
0.0013702133203124939
0.0013702133203124939
0.0013702133203124939
0.0013702133203124939
0.0013702133203124939
0.0013702133203124939
0.0013702133203124939
0.0013702133203124939
0.0013702133203124939
0.0013702133203124939
0.0013702133203125008
0.0013702133203125008
0.0013702133203125008
0.0013702133203125008
0.0013702133203125008
0.0013702133203125008
0.0013702133203125008
0.0013702133203125008
0.0013702133203125008
0.0013702133203125008
0.0013702133203125008
0.0013702133203125008
0.0013702133203125008
0.0013702133203125008
0.0013702133203125008
0.0013702133203125008
0.0013702133203125008
0.0013702133203125008
0.0013702133203125008
0.0013702133203125008
0.00044700000000000002
0.00037500000000000001
0.00037500000000000001
0.00037500000000000001
0.00037500000000000001
0.00037500000000000001
0.00037500000000000001
0.00037500000000000001
0.00037500000000000001
0.00037500000000000001
0.00037500000000000001
0.00037500000000000001
0.00037500000000000001
0.00037500000000000001
0.00037500000000000001
0.00037500000000000001
0.00037500000000000001
0.00037500000000000001
0.00037500000000000001
0.00037500000000000001
0.00037500000000000001
0.00037500000000000001
0.00037500000000000001
0.00037500000000000001
0.00037500000000000001
0.00037500000000000001
0.00037500000000000001
0.00037500000000000001
0.00037500000000000001
0.00037500000000000001
0.00037500000000000001
0.00044700000000000008
0.0004470000000000004
0.00037500000000000033
0.00037500000000000033
0.00037500000000000033
0.00037500000000000033
0.00037500000000000033
0.00037500000000000033
0.00037500000000000033
0.00037500000000000033
0.00037500000000000033
0.00037500000000000033
0.00037500000000000033
0.00037500000000000033
0.00037500000000000033
0.00037500000000000033
0.00037500000000000033
0.00037500000000000033
0.00037500000000000033
0.00037500000000000033
0.00037500000000000033
0.00037500000000000033
0.00037500000000000033
0.00037500000000000033
0.00037500000000000033
0.00037500000000000033
0.00037500000000000033
0.00037500000000000033
0.00037500000000000033
0.00037500000000000033
0.00037500000000000033
0.00037500000000000033
0.00044700000000000046
0.00044700000000000046
0.00037500000000000033
0.00037500000000000033
0.00037500000000000033
0.00037500000000000033
0.00037500000000000033
0.00037500000000000033
0.00037500000000000033
0.00037500000000000033
0.00037500000000000033
0.00037500000000000033
0.00037500000000000033
0.00037500000000000033
0.00037500000000000033
0.00037500000000000033
0.00037500000000000033
0.00037500000000000033
0.00037500000000000033
0.00037500000000000033
0.00037500000000000033
0.00037500000000000033
0.00037500000000000033
0.00037500000000000033
0.00037500000000000033
0.00037500000000000033
0.00037500000000000033
0.00037500000000000033
0.00037500000000000033
0.00037500000000000033
0.00037500000000000033
0.00037500000000000033
0.0004470000000000004
0.00044700000000000008
0.00037500000000000001
0.00037500000000000001
0.00037500000000000001
0.00037500000000000001
0.00037500000000000001
0.00037500000000000001
0.00037500000000000001
0.00037500000000000001
0.00037500000000000001
0.00037500000000000001
0.00037500000000000001
0.00037500000000000001
0.00037500000000000001
0.00037500000000000001
0.00037500000000000001
0.00037500000000000001
0.00037500000000000001
0.00037500000000000001
0.00037500000000000001
0.00037500000000000001
0.00037500000000000001
0.00037500000000000001
0.00037500000000000001
0.00037500000000000001
0.00037500000000000001
0.00037500000000000001
0.00037500000000000001
0.00037500000000000001
0.00037500000000000001
0.00037500000000000001
0.00044699999999999997
0.00043124999999999999
0.00043124999999999999
0.00043124999999999999
0.00043124999999999999
0.00043124999999999999
0.00043124999999999999
0.00043124999999999999
0.00043124999999999999
0.00043124999999999999
0.00043124999999999999
0.00043124999999999999
0.00043124999999999999
0.00043124999999999999
0.00043124999999999999
0.00043124999999999999
0.00043124999999999999
0.00043124999999999999
0.00043124999999999999
0.00043124999999999999
0.00043124999999999999
0.00043124999999999999
0.00043124999999999999
0.00043124999999999999
0.00043124999999999999
0.00043124999999999999
0.00043124999999999999
0.00043124999999999999
0.00043124999999999999
0.00043124999999999999
0.00043124999999999999
0.00043125000000000108
0.00043125000000000108
0.00043125000000000108
0.00043125000000000108
0.00043125000000000108
0.00043125000000000108
0.00043125000000000108
0.00043125000000000108
0.00043125000000000108
0.00043125000000000108
0.00043125000000000108
0.00043125000000000108
0.00043125000000000108
0.00043125000000000108
0.00043125000000000108
0.00043125000000000108
0.00043125000000000108
0.00043125000000000108
0.00043125000000000108
0.00043125000000000108
0.00043125000000000108
0.00043125000000000108
0.00043125000000000108
0.00043125000000000108
0.00043125000000000108
0.00043125000000000108
0.00043125000000000108
0.00043125000000000108
0.00043125000000000108
0.00043125000000000108
0.00043125000000000108
0.00043125000000000108
0.00043125000000000108
0.00043125000000000108
0.00043125000000000108
0.00043125000000000108
0.00043125000000000108
0.00043125000000000108
0.00043125000000000108
0.00043125000000000108
0.00043125000000000108
0.00043125000000000108
0.00043125000000000108
0.00043125000000000108
0.00043125000000000108
0.00043125000000000108
0.00043125000000000108
0.00043125000000000108
0.00043125000000000108
0.00043125000000000108
0.00043125000000000108
0.00043125000000000108
0.00043125000000000108
0.00043125000000000108
0.00043125000000000108
0.00043125000000000108
0.00043125000000000108
0.00043125000000000108
0.00043125000000000108
0.00043125000000000108
0.00043124999999999999
0.00043124999999999999
0.00043124999999999999
0.00043124999999999999
0.00043124999999999999
0.00043124999999999999
0.00043124999999999999
0.00043124999999999999
0.00043124999999999999
0.00043124999999999999
0.00043124999999999999
0.00043124999999999999
0.00043124999999999999
0.00043124999999999999
0.00043124999999999999
0.00043124999999999999
0.00043124999999999999
0.00043124999999999999
0.00043124999999999999
0.00043124999999999999
0.00043124999999999999
0.00043124999999999999
0.00043124999999999999
0.00043124999999999999
0.00043124999999999999
0.00043124999999999999
0.00043124999999999999
0.00043124999999999999
0.00043124999999999999
0.00043124999999999999
0.00049593749999999996
0.00049593749999999996
0.00049593749999999996
0.00049593749999999996
0.00049593749999999996
0.00049593749999999996
0.00049593749999999996
0.00049593749999999996
0.00049593749999999996
0.00049593749999999996
0.00049593749999999996
0.00049593749999999996
0.00049593749999999996
0.00049593749999999996
0.00049593749999999996
0.00049593749999999996
0.00049593749999999996
0.00049593749999999996
0.00049593749999999996
0.00049593749999999996
0.00049593749999999996
0.00049593749999999996
0.00049593749999999996
0.00049593749999999996
0.00049593749999999996
0.00049593749999999996
0.00049593749999999996
0.00049593749999999996
0.00049593750000000159
0.00049593750000000159
0.00049593750000000159
0.00049593750000000159
0.00049593750000000159
0.00049593750000000159
0.00049593750000000159
0.00049593750000000159
0.00049593750000000159
0.00049593750000000159
0.00049593750000000159
0.00049593750000000159
0.00049593750000000159
0.00049593750000000159
0.00049593750000000159
0.00049593750000000159
0.00049593750000000159
0.00049593750000000159
0.00049593750000000159
0.00049593750000000159
0.00049593750000000159
0.00049593750000000159
0.00049593750000000159
0.00049593750000000159
0.00049593750000000159
0.00049593750000000159
0.00049593750000000159
0.00049593750000000159
0.00049593749999999996
0.00049593749999999996
0.00049593749999999996
0.00049593749999999996
0.00049593749999999996
0.00049593749999999996
0.00049593749999999996
0.00049593749999999996
0.00049593749999999996
0.00049593749999999996
0.00049593749999999996
0.00049593749999999996
0.00049593749999999996
0.00049593749999999996
0.00049593749999999996
0.00049593749999999996
0.00049593749999999996
0.00049593749999999996
0.00049593749999999996
0.00049593749999999996
0.00049593749999999996
0.00049593749999999996
0.00049593749999999996
0.00049593749999999996
0.00049593749999999996
0.00049593749999999996
0.00049593749999999996
0.00049593749999999996
0.00057032812499999987
0.00057032812499999987
0.00057032812499999987
0.00057032812499999987
0.00057032812499999987
0.00057032812499999987
0.00057032812499999987
0.00057032812499999987
0.00057032812499999987
0.00057032812499999987
0.00057032812499999987
0.00057032812499999987
0.00057032812499999987
0.00057032812499999987
0.00057032812499999987
0.00057032812499999987
0.00057032812499999987
0.00057032812499999987
0.00057032812499999987
0.00057032812499999987
0.00057032812499999987
0.00057032812499999987
0.00057032812499999987
0.00057032812499999987
0.00057032812499999987
0.00057032812499999987
0.00057032812499999835
0.00057032812499999835
0.00057032812499999835
0.00057032812499999835
0.00057032812499999835
0.00057032812499999835
0.00057032812499999835
0.00057032812499999835
0.00057032812499999835
0.00057032812499999835
0.00057032812499999835
0.00057032812499999835
0.00057032812499999835
0.00057032812499999835
0.00057032812499999835
0.00057032812499999835
0.00057032812499999835
0.00057032812499999835
0.00057032812499999835
0.00057032812499999835
0.00057032812499999835
0.00057032812499999835
0.00057032812499999835
0.00057032812499999835
0.00057032812499999835
0.00057032812499999835
0.00057032812499999987
0.00057032812499999987
0.00057032812499999987
0.00057032812499999987
0.00057032812499999987
0.00057032812499999987
0.00057032812499999987
0.00057032812499999987
0.00057032812499999987
0.00057032812499999987
0.00057032812499999987
0.00057032812499999987
0.00057032812499999987
0.00057032812499999987
0.00057032812499999987
0.00057032812499999987
0.00057032812499999987
0.00057032812499999987
0.00057032812499999987
0.00057032812499999987
0.00057032812499999987
0.00057032812499999987
0.00057032812499999987
0.00057032812499999987
0.00057032812499999987
0.00057032812499999987
0.00044700000000000008
0.00037500000000000001
0.00037500000000000001
0.00037500000000000001
0.00037500000000000001
0.00037500000000000001
0.00037500000000000001
0.00037500000000000001
0.00037500000000000001
0.00037500000000000001
0.00037500000000000001
0.00037500000000000001
0.00037500000000000001
0.00037500000000000001
0.00037500000000000001
0.00037500000000000001
0.00037500000000000001
0.00037500000000000001
0.00037500000000000001
0.00037500000000000001
0.00037500000000000001
0.00037500000000000001
0.00037500000000000001
0.00037500000000000001
0.00037500000000000001
0.00037500000000000001
0.00037500000000000001
0.00037500000000000001
0.00037500000000000001
0.00037500000000000001
0.00037500000000000001
0.00044700000000000008
0.0004470000000000004
0.00037500000000000033
0.00037500000000000033
0.00037500000000000033
0.00037500000000000033
0.00037500000000000033
0.00037500000000000033
0.00037500000000000033
0.00037500000000000033
0.00037500000000000033
0.00037500000000000033
0.00037500000000000033
0.00037500000000000033
0.00037500000000000033
0.00037500000000000033
0.00037500000000000033
0.00037500000000000033
0.00037500000000000033
0.00037500000000000033
0.00037500000000000033
0.00037500000000000033
0.00037500000000000033
0.00037500000000000033
0.00037500000000000033
0.00037500000000000033
0.00037500000000000033
0.00037500000000000033
0.00037500000000000033
0.00037500000000000033
0.00037500000000000033
0.00037500000000000033
0.00044700000000000046
0.00044700000000000046
0.00037500000000000033
0.00037500000000000033
0.00037500000000000033
0.00037500000000000033
0.00037500000000000033
0.00037500000000000033
0.00037500000000000033
0.00037500000000000033
0.00037500000000000033
0.00037500000000000033
0.00037500000000000033
0.00037500000000000033
0.00037500000000000033
0.00037500000000000033
0.00037500000000000033
0.00037500000000000033
0.00037500000000000033
0.00037500000000000033
0.00037500000000000033
0.00037500000000000033
0.00037500000000000033
0.00037500000000000033
0.00037500000000000033
0.00037500000000000033
0.00037500000000000033
0.00037500000000000033
0.00037500000000000033
0.00037500000000000033
0.00037500000000000033
0.00037500000000000033
0.00044700000000000046
0.00044700000000000046
0.00037500000000000033
0.00037500000000000033
0.00037500000000000033
0.00037500000000000033
0.00037500000000000033
0.00037500000000000033
0.00037500000000000033
0.00037500000000000033
0.00037500000000000033
0.00037500000000000033
0.00037500000000000033
0.00037500000000000033
0.00037500000000000033
0.00037500000000000033
0.00037500000000000033
0.00037500000000000033
0.00037500000000000033
0.00037500000000000033
0.00037500000000000033
0.00037500000000000033
0.00037500000000000033
0.00037500000000000033
0.00037500000000000033
0.00037500000000000033
0.00037500000000000033
0.00037500000000000033
0.00037500000000000033
0.00037500000000000033
0.00037500000000000033
0.00037500000000000033
0.0004470000000000004
0.00043124999999999999
0.00043124999999999999
0.00043124999999999999
0.00043124999999999999
0.00043124999999999999
0.00043124999999999999
0.00043124999999999999
0.00043124999999999999
0.00043124999999999999
0.00043124999999999999
0.00043124999999999999
0.00043124999999999999
0.00043124999999999999
0.00043124999999999999
0.00043124999999999999
0.00043124999999999999
0.00043124999999999999
0.00043124999999999999
0.00043124999999999999
0.00043124999999999999
0.00043124999999999999
0.00043124999999999999
0.00043124999999999999
0.00043124999999999999
0.00043124999999999999
0.00043124999999999999
0.00043124999999999999
0.00043124999999999999
0.00043124999999999999
0.00043124999999999999
0.00043124999999999414
0.00043124999999999414
0.00043124999999999414
0.00043124999999999414
0.00043124999999999414
0.00043124999999999414
0.00043124999999999414
0.00043124999999999414
0.00043124999999999414
0.00043124999999999414
0.00043124999999999414
0.00043124999999999414
0.00043124999999999414
0.00043124999999999414
0.00043124999999999414
0.00043124999999999414
0.00043124999999999414
0.00043124999999999414
0.00043124999999999414
0.00043124999999999414
0.00043124999999999414
0.00043124999999999414
0.00043124999999999414
0.00043124999999999414
0.00043124999999999414
0.00043124999999999414
0.00043124999999999414
0.00043124999999999414
0.00043124999999999414
0.00043124999999999414
0.00043125000000000108
0.00043125000000000108
0.00043125000000000108
0.00043125000000000108
0.00043125000000000108
0.00043125000000000108
0.00043125000000000108
0.00043125000000000108
0.00043125000000000108
0.00043125000000000108
0.00043125000000000108
0.00043125000000000108
0.00043125000000000108
0.00043125000000000108
0.00043125000000000108
0.00043125000000000108
0.00043125000000000108
0.00043125000000000108
0.00043125000000000108
0.00043125000000000108
0.00043125000000000108
0.00043125000000000108
0.00043125000000000108
0.00043125000000000108
0.00043125000000000108
0.00043125000000000108
0.00043125000000000108
0.00043125000000000108
0.00043125000000000108
0.00043125000000000108
0.00043125000000000108
0.00043125000000000108
0.00043125000000000108
0.00043125000000000108
0.00043125000000000108
0.00043125000000000108
0.00043125000000000108
0.00043125000000000108
0.00043125000000000108
0.00043125000000000108
0.00043125000000000108
0.00043125000000000108
0.00043125000000000108
0.00043125000000000108
0.00043125000000000108
0.00043125000000000108
0.00043125000000000108
0.00043125000000000108
0.00043125000000000108
0.00043125000000000108
0.00043125000000000108
0.00043125000000000108
0.00043125000000000108
0.00043125000000000108
0.00043125000000000108
0.00043125000000000108
0.00043125000000000108
0.00043125000000000108
0.00043125000000000108
0.00043125000000000108
0.00049593749999999996
0.00049593749999999996
0.00049593749999999996
0.00049593749999999996
0.00049593749999999996
0.00049593749999999996
0.00049593749999999996
0.00049593749999999996
0.00049593749999999996
0.00049593749999999996
0.00049593749999999996
0.00049593749999999996
0.00049593749999999996
0.00049593749999999996
0.00049593749999999996
0.00049593749999999996
0.00049593749999999996
0.00049593749999999996
0.00049593749999999996
0.00049593749999999996
0.00049593749999999996
0.00049593749999999996
0.00049593749999999996
0.00049593749999999996
0.00049593749999999996
0.00049593749999999996
0.00049593749999999996
0.00049593749999999996
0.00049593750000000159
0.00049593750000000159
0.00049593750000000159
0.00049593750000000159
0.00049593750000000159
0.00049593750000000159
0.00049593750000000159
0.00049593750000000159
0.00049593750000000159
0.00049593750000000159
0.00049593750000000159
0.00049593750000000159
0.00049593750000000159
0.00049593750000000159
0.00049593750000000159
0.00049593750000000159
0.00049593750000000159
0.00049593750000000159
0.00049593750000000159
0.00049593750000000159
0.00049593750000000159
0.00049593750000000159
0.00049593750000000159
0.00049593750000000159
0.00049593750000000159
0.00049593750000000159
0.00049593750000000159
0.00049593750000000159
0.00049593750000000159
0.00049593750000000159
0.00049593750000000159
0.00049593750000000159
0.00049593750000000159
0.00049593750000000159
0.00049593750000000159
0.00049593750000000159
0.00049593750000000159
0.00049593750000000159
0.00049593750000000159
0.00049593750000000159
0.00049593750000000159
0.00049593750000000159
0.00049593750000000159
0.00049593750000000159
0.00049593750000000159
0.00049593750000000159
0.00049593750000000159
0.00049593750000000159
0.00049593750000000159
0.00049593750000000159
0.00049593750000000159
0.00049593750000000159
0.00049593750000000159
0.00049593750000000159
0.00049593750000000159
0.00049593750000000159
0.00057032812499999987
0.00057032812499999987
0.00057032812499999987
0.00057032812499999987
0.00057032812499999987
0.00057032812499999987
0.00057032812499999987
0.00057032812499999987
0.00057032812499999987
0.00057032812499999987
0.00057032812499999987
0.00057032812499999987
0.00057032812499999987
0.00057032812499999987
0.00057032812499999987
0.00057032812499999987
0.00057032812499999987
0.00057032812499999987
0.00057032812499999987
0.00057032812499999987
0.00057032812499999987
0.00057032812499999987
0.00057032812499999987
0.00057032812499999987
0.00057032812499999987
0.00057032812499999987
0.00057032812500000529
0.00057032812500000529
0.00057032812500000529
0.00057032812500000529
0.00057032812500000529
0.00057032812500000529
0.00057032812500000529
0.00057032812500000529
0.00057032812500000529
0.00057032812500000529
0.00057032812500000529
0.00057032812500000529
0.00057032812500000529
0.00057032812500000529
0.00057032812500000529
0.00057032812500000529
0.00057032812500000529
0.00057032812500000529
0.00057032812500000529
0.00057032812500000529
0.00057032812500000529
0.00057032812500000529
0.00057032812500000529
0.00057032812500000529
0.00057032812500000529
0.00057032812500000529
0.00057032812499999835
0.00057032812499999835
0.00057032812499999835
0.00057032812499999835
0.00057032812499999835
0.00057032812499999835
0.00057032812499999835
0.00057032812499999835
0.00057032812499999835
0.00057032812499999835
0.00057032812499999835
0.00057032812499999835
0.00057032812499999835
0.00057032812499999835
0.00057032812499999835
0.00057032812499999835
0.00057032812499999835
0.00057032812499999835
0.00057032812499999835
0.00057032812499999835
0.00057032812499999835
0.00057032812499999835
0.00057032812499999835
0.00057032812499999835
0.00057032812499999835
0.00057032812499999835
