# vtk DataFile Version 3.0
cartmesh2d H4-2 conformal hybrid mesh
ASCII
DATASET UNSTRUCTURED_GRID
POINTS 4160 double
-2 -1.5 0
-2 -1.125 0
-2 -0.75 0
-2 -0.5625 0
-2 -0.375 0
-2 -0.1875 0
-2 0 0
-2 0.1875 0
-2 0.375 0
-2 0.5625 0
-2 0.75 0
-2 1.125 0
-2 1.5 0
-1.625 -0.75 0
-1.625 -0.5625 0
-1.625 -0.375 0
-1.625 -0.28125 0
-1.625 -0.1875 0
-1.625 -0.09375 0
-1.625 0 0
-1.625 0.09375 0
-1.625 0.1875 0
-1.625 0.28125 0
-1.625 0.375 0
-1.625 0.5625 0
-1.625 0.75 0
-1.4375 -0.375 0
-1.4375 -0.28125 0
-1.4375 -0.1875 0
-1.4375 -0.09375 0
-1.4375 0 0
-1.4375 0.09375 0
-1.4375 0.1875 0
-1.4375 0.28125 0
-1.4375 0.375 0
-1.25 -1.5 0
-1.25 -1.125 0
-1.25 -0.9375 0
-1.25 -0.75 0
-1.25 -0.5625 0
-1.25 -0.46875 0
-1.25 -0.375 0
-1.25 -0.28125 0
-1.25 -0.234375 0
-1.25 -0.1875 0
-1.25 -0.140625 0
-1.25 -0.09375 0
-1.25 -0.046875 0
-1.25 0 0
-1.25 0.046875 0
-1.25 0.09375 0
-1.25 0.140625 0
-1.25 0.1875 0
-1.25 0.234375 0
-1.25 0.28125 0
-1.25 0.375 0
-1.25 0.46875 0
-1.25 0.5625 0
-1.25 0.75 0
-1.25 0.9375 0
-1.25 1.125 0
-1.25 1.5 0
-1.15625 -0.28125 0
-1.15625 -0.234375 0
-1.15625 -0.1875 0
-1.15625 -0.140625 0
-1.15625 -0.09375 0
-1.15625 -0.046875 0
-1.15625 -0.0234375 0
-1.15625 0 0
-1.15625 0.0234375 0
-1.15625 0.046875 0
-1.15625 0.09375 0
-1.15625 0.140625 0
-1.15625 0.1875 0
-1.15625 0.234375 0
-1.15625 0.28125 0
-1.109375 -0.046875 0
-1.109375 -0.0234375 0
-1.109375 0 0
-1.109375 0.0234375 0
-1.109375 0.046875 0
-1.0625 -0.5625 0
-1.0625 -0.46875 0
-1.0625 -0.421875 0
-1.0625 -0.375 0
-1.0625 -0.328125 0
-1.0625 -0.28125 0
-1.0625 -0.234375 0
-1.0625 -0.2109375 0
-1.0625 -0.1875 0
-1.0625 -0.1640625 0
-1.0625 -0.140625 0
-1.0625 -0.1171875 0
-1.0625 -0.09375 0
-1.0625 -0.0703125 0
-1.0625 -0.046875 0
-1.0625 -0.0234375 0
-1.0625 -0.01171875 0
-1.0625 0 0
-1.0625 0.01171875 0
-1.0625 0.0234375 0
-1.0625 0.046875 0
-1.0625 0.0703125 0
-1.0625 0.09375 0
-1.0625 0.1171875 0
-1.0625 0.140625 0
-1.0625 0.1640625 0
-1.0625 0.1875 0
-1.0625 0.2109375 0
-1.0625 0.234375 0
-1.0625 0.28125 0
-1.0625 0.328125 0
-1.0625 0.375 0
-1.0625 0.421875 0
-1.0625 0.46875 0
-1.0625 0.5625 0
-1.0390625 -0.0234375 0
-1.0390625 -0.01171875 0
-1.0390625 0 0
-1.0390625 0.01171875 0
-1.0390625 0.0234375 0
-1.0169705627484771 0 0
-1.015625 -0.234375 0
-1.015625 -0.2109375 0
-1.015625 -0.1875 0
-1.015625 -0.1640625 0
-1.015625 -0.140625 0
-1.015625 -0.1171875 0
-1.015625 -0.09375 0
-1.015625 -0.0703125 0
-1.015625 -0.05859375 0
-1.015625 -0.046875 0
-1.015625 -0.03515625 0
-1.015625 -0.0234375 0
-1.015625 -0.01171875 0
-1.015625 -0.0013455627484770815 0
-1.015625 0.0013455627484770826 0
-1.015625 0.01171875 0
-1.015625 0.0234375 0
-1.015625 0.03515625 0
-1.015625 0.046875 0
-1.015625 0.05859375 0
-1.015625 0.0703125 0
-1.015625 0.09375 0
-1.015625 0.1171875 0
-1.015625 0.140625 0
-1.015625 0.1640625 0
-1.015625 0.1875 0
-1.015625 0.2109375 0
-1.015625 0.234375 0
-1.0052518127484771 -0.01171875 0
-1.0052518127484771 0.01171875 0
-1 0 0
-0.99353306274847708 -0.0234375 0
-0.99353306274847708 0.0234375 0
-0.9921875 -0.0703125 0
-0.9921875 -0.05859375 0
-0.9921875 -0.046875 0
-0.9921875 -0.03515625 0
-0.9921875 -0.024783062748477098 0
-0.9921875 0.024783062748477098 0
-0.9921875 0.03515625 0
-0.9921875 0.046875 0
-0.9921875 0.05859375 0
-0.9921875 0.0703125 0
-0.98699335495461293 -0.049493354954612927 0
-0.98699335495461293 0.049493354954612927 0
-0.984375 -0.046875 0
-0.984375 0.046875 0
-0.98181431274847708 -0.03515625 0
-0.98181431274847708 0.03515625 0
-0.97789295990922587 -0.05859375 0
-0.97789295990922587 0.05859375 0
-0.97723528137423854 -0.039735281374238568 0
-0.97723528137423854 0.039735281374238568 0
-0.96875 -0.46875 0
-0.96875 -0.421875 0
-0.96875 -0.375 0
-0.96875 -0.3515625 0
-0.96875 -0.328125 0
-0.96875 -0.3046875 0
-0.96875 -0.28125 0
-0.96875 -0.2578125 0
-0.96875 -0.234375 0
-0.96875 -0.2109375 0
-0.96875 -0.19921875 0
-0.96875 -0.1875 0
-0.96875 -0.17578125 0
-0.96875 -0.1640625 0
-0.96875 -0.15234375 0
-0.96875 -0.140625 0
-0.96875 -0.12890625 0
-0.96875 -0.1171875 0
-0.96875 -0.10546875 0
-0.96875 -0.09375 0
-0.96875 -0.08203125 0
-0.96875 -0.0703125 0
-0.96875 -0.03125 0
-0.96875 0.03125 0
-0.96875 0.0703125 0
-0.96875 0.08203125 0
-0.96875 0.09375 0
-0.96875 0.10546875 0
-0.96875 0.1171875 0
-0.96875 0.12890625 0
-0.96875 0.140625 0
-0.96875 0.15234375 0
-0.96875 0.1640625 0
-0.96875 0.17578125 0
-0.96875 0.1875 0
-0.96875 0.19921875 0
-0.96875 0.2109375 0
-0.96875 0.234375 0
-0.96875 0.2578125 0
-0.96875 0.28125 0
-0.96875 0.3046875 0
-0.96875 0.328125 0
-0.96875 0.3515625 0
-0.96875 0.375 0
-0.96875 0.421875 0
-0.96875 0.46875 0
-0.96696513957204344 -0.091965139572043442 0
-0.96696513957204344 0.091965139572043442 0
-0.96617420990922587 -0.0703125 0
-0.96617420990922587 0.0703125 0
-0.96518027914408688 -0.09375 0
-0.96518027914408688 0.09375 0
-0.95703125 -0.08203125 0
-0.95703125 0.08203125 0
-0.95574335495461293 -0.080743354954612934 0
-0.95574335495461293 0.080743354954612934 0
-0.95346152914408688 -0.10546875 0
-0.95346152914408688 0.10546875 0
-0.94862019188208857 -0.13612019188208851 0
-0.94862019188208857 0.13612019188208851 0
-0.94598528137423854 -0.070985281374238568 0
-0.94598528137423854 0.070985281374238568 0
-0.9453125 -0.2109375 0
-0.9453125 -0.19921875 0
-0.9453125 -0.1875 0
-0.9453125 -0.17578125 0
-0.9453125 -0.1640625 0
-0.9453125 -0.15234375 0
-0.9453125 -0.140625 0
-0.9453125 -0.12890625 0
-0.9453125 -0.1171875 0
-0.9453125 0.1171875 0
-0.9453125 0.12890625 0
-0.9453125 0.140625 0
-0.9453125 0.15234375 0
-0.9453125 0.1640625 0
-0.9453125 0.17578125 0
-0.9453125 0.1875 0
-0.9453125 0.19921875 0
-0.9453125 0.2109375 0
-0.94411538376417714 -0.140625 0
-0.94411538376417714 0.140625 0
-0.94174277914408688 -0.1171875 0
-0.94174277914408688 0.1171875 0
-0.94140625 -0.12890625 0
-0.94140625 0.12890625 0
-0.9375 -0.0625 0
-0.9375 0.0625 0
-0.93571513957204344 -0.12321513957204344 0
-0.93571513957204344 0.12321513957204344 0
-0.93239663376417714 -0.15234375 0
-0.93239663376417714 0.15234375 0
-0.9302752441921337 -0.18027524419213359 0
-0.9302752441921337 0.18027524419213359 0
-0.92578125000000011 -0.17578125 0
-0.92578125000000011 0.17578125 0
-0.92449335495461293 -0.11199335495461293 0
-0.92449335495461293 0.11199335495461293 0
-0.92305048838426729 -0.1875 0
-0.92305048838426729 0.1875 0
-0.921875 -0.375 0
-0.921875 -0.3515625 0
-0.921875 -0.328125 0
-0.921875 -0.31640625 0
-0.921875 -0.3046875 0
-0.921875 -0.29296875 0
-0.921875 -0.28125 0
-0.921875 -0.26953125 0
-0.921875 -0.2578125 0
-0.921875 -0.24609375 0
-0.921875 -0.234375 0
-0.921875 -0.22265625 0
-0.921875 -0.2109375 0
-0.921875 -0.19921875 0
-0.921875 -0.18867548838426729 0
-0.921875 0.18867548838426729 0
-0.921875 0.19921875 0
-0.921875 0.2109375 0
-0.921875 0.22265625 0
-0.921875 0.234375 0
-0.921875 0.24609375 0
-0.921875 0.2578125 0
-0.921875 0.26953125 0
-0.921875 0.28125 0
-0.921875 0.29296875 0
-0.921875 0.3046875 0
-0.921875 0.31640625 0
-0.921875 0.328125 0
-0.921875 0.3515625 0
-0.921875 0.375 0
-0.92067788376417714 -0.1640625 0
-0.92067788376417714 0.1640625 0
-0.91773757004169898 -0.23023757004169898 0
-0.91773757004169898 0.23023757004169898 0
-0.91737019188208857 -0.16737019188208851 0
-0.91737019188208857 0.16737019188208851 0
-0.91473528137423854 -0.10223528137423857 0
-0.91473528137423854 0.10223528137423857 0
-0.91362044252356878 -0.28862044252356878 0
-0.91362044252356878 0.28862044252356878 0
-0.91360014008339796 -0.234375 0
-0.91360014008339796 0.234375 0
-0.91133173838426729 -0.19921875 0
-0.91133173838426729 0.19921875 0
-0.91015625 -0.22265625 0
-0.91015625 0.22265625 0
-0.90927213504713755 -0.29296875 0
-0.90927213504713755 0.29296875 0
-0.90625 -0.28125 0
-0.90625 -0.09375 0
-0.90625 0.09375 0
-0.90625 0.28125 0
-0.90446513957204344 -0.15446513957204344 0
-0.90446513957204344 0.15446513957204344 0
-0.90188139008339796 -0.24609375 0
-0.90188139008339796 0.24609375 0
-0.89961298838426729 -0.2109375 0
-0.89961298838426729 0.2109375 0
-0.8990252441921337 -0.21152524419213359 0
-0.8990252441921337 0.21152524419213359 0
-0.8984375 -0.328125 0
-0.8984375 -0.31640625 0
-0.8984375 -0.3046875 0
-0.8984375 -0.26953125 0
-0.8984375 -0.2578125 0
-0.8984375 -0.24953764008339796 0
-0.8984375 0.24953764008339796 0
-0.8984375 0.2578125 0
-0.8984375 0.26953125 0
-0.8984375 0.3046875 0
-0.8984375 0.31640625 0
-0.8984375 0.328125 0
-0.89755338504713755 -0.3046875 0
-0.89755338504713755 0.3046875 0
-0.89453125 -0.26953125 0
-0.89453125 0.26953125 0
-0.89324335495461293 -0.14324335495461293 0
-0.89324335495461293 0.14324335495461293 0
-0.89016264008339796 -0.2578125 0
-0.89016264008339796 0.2578125 0
-0.88648757004169898 -0.26148757004169898 0
-0.88648757004169898 0.26148757004169898 0
-0.88612019188208857 -0.19862019188208851 0
-0.88612019188208857 0.19862019188208851 0
-0.88583463504713755 -0.31640625 0
-0.88583463504713755 0.31640625 0
-0.88348528137423854 -0.13348528137423857 0
-0.88348528137423854 0.13348528137423857 0
-0.88237044252356878 -0.31987044252356878 0
-0.88237044252356878 0.31987044252356878 0
-0.875 -1.125 0
-0.875 -0.9375 0
-0.875 -0.75 0
-0.875 -0.65625 0
-0.875 -0.5625 0
-0.875 -0.515625 0
-0.875 -0.46875 0
-0.875 -0.4453125 0
-0.875 -0.421875 0
-0.875 -0.3984375 0
-0.875 -0.375 0
-0.875 -0.36328125 0
-0.875 -0.3515625 0
-0.875 -0.33984375 0
-0.875 -0.328125 0
-0.875 -0.125 0
-0.875 0.125 0
-0.875 0.328125 0
-0.875 0.33984375 0
-0.875 0.3515625 0
-0.875 0.36328125 0
-0.875 0.375 0
-0.875 0.3984375 0
-0.875 0.421875 0
-0.875 0.4453125 0
-0.875 0.46875 0
-0.875 0.515625 0
-0.875 0.5625 0
-0.875 0.65625 0
-0.875 0.75 0
-0.875 0.9375 0
-0.875 1.125 0
-0.87411588504713755 -0.328125 0
-0.87411588504713755 0.328125 0
-0.87321513957204344 -0.18571513957204344 0
-0.87321513957204344 0.18571513957204344 0
-0.8677752441921337 -0.24277524419213359 0
-0.8677752441921337 0.24277524419213359 0
-0.86239713504713755 -0.33984375 0
-0.86239713504713755 0.33984375 0
-0.86199335495461293 -0.17449335495461293 0
-0.86199335495461293 0.17449335495461293 0
-0.85523757004169898 -0.29273757004169898 0
-0.85523757004169898 0.29273757004169898 0
-0.85487019188208857 -0.22987019188208851 0
-0.85487019188208857 0.22987019188208851 0
-0.85223528137423854 -0.16473528137423857 0
-0.85223528137423854 0.16473528137423857 0
-0.8515625 -0.375 0
-0.8515625 -0.36328125 0
-0.8515625 -0.3515625 0
-0.8515625 0.3515625 0
-0.8515625 0.36328125 0
-0.8515625 0.375 0
-0.85112044252356878 -0.35112044252356878 0
-0.85112044252356878 0.35112044252356878 0
-0.85067838504713755 -0.3515625 0
-0.85067838504713755 0.3515625 0
-0.84375 -0.15625 0
-0.84375 0.15625 0
-0.84196513957204344 -0.21696513957204344 0
-0.84196513957204344 0.21696513957204344 0
-0.83895963504713755 -0.36328125 0
-0.83895963504713755 0.36328125 0
-0.8365252441921337 -0.27402524419213359 0
-0.8365252441921337 0.27402524419213359 0
-0.83074335495461293 -0.20574335495461293 0
-0.83074335495461293 0.20574335495461293 0
-0.828125 -0.46875 0
-0.828125 -0.4453125 0
-0.828125 -0.421875 0
-0.828125 -0.41015625 0
-0.828125 -0.3984375 0
-0.828125 -0.38671875 0
-0.828125 -0.375 0
-0.828125 0.375 0
-0.828125 0.38671875 0
-0.828125 0.3984375 0
-0.828125 0.41015625 0
-0.828125 0.421875 0
-0.828125 0.4453125 0
-0.828125 0.46875 0
-0.82724088504713755 -0.375 0
-0.82724088504713755 0.375 0
-0.82398757004169898 -0.32398757004169898 0
-0.82398757004169898 0.32398757004169898 0
-0.82362019188208857 -0.26112019188208851 0
-0.82362019188208857 0.26112019188208851 0
-0.82098528137423854 -0.19598528137423857 0
-0.82098528137423854 0.19598528137423857 0
-0.81987044252356878 -0.38237044252356878 0
-0.81987044252356878 0.38237044252356878 0
-0.81552213504713755 -0.38671875 0
-0.81552213504713755 0.38671875 0
-0.8125 -0.1875 0
-0.8125 0.1875 0
-0.81071513957204344 -0.24821513957204344 0
-0.81071513957204344 0.24821513957204344 0
-0.8052752441921337 -0.30527524419213359 0
-0.8052752441921337 0.30527524419213359 0
-0.8046875 -0.421875 0
-0.8046875 -0.41015625 0
-0.8046875 -0.3984375 0
-0.8046875 0.3984375 0
-0.8046875 0.41015625 0
-0.8046875 0.421875 0
-0.80380338504713755 -0.3984375 0
-0.80380338504713755 0.3984375 0
-0.79949335495461293 -0.23699335495461293 0
-0.79949335495461293 0.23699335495461293 0
-0.79273757004169898 -0.35523757004169898 0
-0.79273757004169898 0.35523757004169898 0
-0.79237019188208857 -0.29237019188208851 0
-0.79237019188208857 0.29237019188208851 0
-0.79208463504713755 -0.41015625 0
-0.79208463504713755 0.41015625 0
-0.78973528137423854 -0.22723528137423857 0
-0.78973528137423854 0.22723528137423857 0
-0.78862044252356878 -0.41362044252356878 0
-0.78862044252356878 0.41362044252356878 0
-0.78125 -0.5625 0
-0.78125 -0.515625 0
-0.78125 -0.4921875 0
-0.78125 -0.46875 0
-0.78125 -0.4453125 0
-0.78125 -0.43359375 0
-0.78125 -0.421875 0
-0.78125 -0.21875 0
-0.78125 0.21875 0
-0.78125 0.421875 0
-0.78125 0.43359375 0
-0.78125 0.4453125 0
-0.78125 0.46875 0
-0.78125 0.4921875 0
-0.78125 0.515625 0
-0.78125 0.5625 0
-0.78036588504713755 -0.421875 0
-0.78036588504713755 0.421875 0
-0.77946513957204344 -0.27946513957204344 0
-0.77946513957204344 0.27946513957204344 0
-0.7740252441921337 -0.33652524419213359 0
-0.7740252441921337 0.33652524419213359 0
-0.76864713504713755 -0.43359375 0
-0.76864713504713755 0.43359375 0
-0.76824335495461293 -0.26824335495461293 0
-0.76824335495461293 0.26824335495461293 0
-0.76148757004169898 -0.38648757004169898 0
-0.76148757004169898 0.38648757004169898 0
-0.76112019188208857 -0.32362019188208851 0
-0.76112019188208857 0.32362019188208851 0
-0.75848528137423854 -0.2584852813742386 0
-0.75848528137423854 0.2584852813742386 0
-0.7578125 -0.4453125 0
-0.7578125 -0.44442838504713755 0
-0.7578125 0.44442838504713755 0
-0.7578125 0.4453125 0
-0.75737044252356878 -0.44487044252356878 0
-0.75737044252356878 0.44487044252356878 0
-0.75 -0.25 0
-0.75 0.25 0
-0.74821513957204344 -0.31071513957204344 0
-0.74821513957204344 0.31071513957204344 0
-0.74609375 -0.43359375 0
-0.74609375 0.43359375 0
-0.7427752441921337 -0.36777524419213359 0
-0.7427752441921337 0.36777524419213359 0
-0.73699335495461293 -0.29949335495461293 0
-0.73699335495461293 0.29949335495461293 0
-0.734375 -0.515625 0
-0.734375 -0.4921875 0
-0.734375 -0.46875 0
-0.734375 -0.45703125 0
-0.734375 -0.4453125 0
-0.734375 -0.43359375 0
-0.734375 -0.421875 0
-0.734375 0.421875 0
-0.734375 0.43359375 0
-0.734375 0.4453125 0
-0.734375 0.45703125 0
-0.734375 0.46875 0
-0.734375 0.4921875 0
-0.734375 0.515625 0
-0.73023757004169898 -0.41773757004169898 0
-0.73023757004169898 0.41773757004169898 0
-0.72987019188208857 -0.35487019188208851 0
-0.72987019188208857 0.35487019188208851 0
-0.72723528137423854 -0.2897352813742386 0
-0.72723528137423854 0.2897352813742386 0
-0.71875 -0.28125 0
-0.71875 0.28125 0
-0.71696513957204344 -0.34196513957204344 0
-0.71696513957204344 0.34196513957204344 0
-0.71438139008339796 -0.43359375 0
-0.71438139008339796 0.43359375 0
-0.7115252441921337 -0.39902524419213359 0
-0.7115252441921337 0.39902524419213359 0
-0.7109375 -0.46875 0
-0.7109375 -0.45703125 0
-0.7109375 -0.4453125 0
-0.7109375 -0.43703764008339796 0
-0.7109375 0.43703764008339796 0
-0.7109375 0.4453125 0
-0.7109375 0.45703125 0
-0.7109375 0.46875 0
-0.70574335495461293 -0.33074335495461293 0
-0.70574335495461293 0.33074335495461293 0
-0.70266264008339796 -0.4453125 0
-0.70266264008339796 0.4453125 0
-0.69898757004169898 -0.44898757004169898 0
-0.69898757004169898 0.44898757004169898 0
-0.69862019188208857 -0.38612019188208851 0
-0.69862019188208857 0.38612019188208851 0
-0.69598528137423854 -0.3209852813742386 0
-0.69598528137423854 0.3209852813742386 0
-0.6953125 -0.4453125 0
-0.6953125 0.4453125 0
-0.6875 -0.75 0
-0.6875 -0.65625 0
-0.6875 -0.609375 0
-0.6875 -0.5625 0
-0.6875 -0.515625 0
-0.6875 -0.4921875 0
-0.6875 -0.46875 0
-0.6875 -0.45703125 0
-0.6875 -0.4453125 0
-0.6875 -0.43749999999999994 0
-0.6875 -0.3125 0
-0.6875 0.3125 0
-0.6875 0.43749999999999994 0
-0.6875 0.4453125 0
-0.6875 0.45703125 0
-0.6875 0.46875 0
-0.6875 0.4921875 0
-0.6875 0.515625 0
-0.6875 0.5625 0
-0.6875 0.609375 0
-0.6875 0.65625 0
-0.6875 0.75 0
-0.68571513957204344 -0.37321513957204344 0
-0.68571513957204344 0.37321513957204344 0
-0.6802752441921337 -0.43027524419213359 0
-0.6802752441921337 0.43027524419213359 0
-0.67449335495461293 -0.36199335495461293 0
-0.67449335495461293 0.36199335495461293 0
-0.66737019188208857 -0.41737019188208851 0
-0.66737019188208857 0.41737019188208851 0
-0.66523798838426729 -0.4453125 0
-0.66523798838426729 0.4453125 0
-0.66473528137423854 -0.3522352813742386 0
-0.66473528137423854 0.3522352813742386 0
-0.6640625 -0.46875 0
-0.6640625 -0.45703125 0
-0.6640625 -0.44648798838426729 0
-0.6640625 0.44648798838426729 0
-0.6640625 0.45703125 0
-0.6640625 0.46875 0
-0.65625 -0.34375 0
-0.65625 0.34375 0
-0.65446513957204344 -0.40446513957204344 0
-0.65446513957204344 0.40446513957204344 0
-0.65351923838426729 -0.45703125 0
-0.65351923838426729 0.45703125 0
-0.6490252441921337 -0.46152524419213359 0
-0.6490252441921337 0.46152524419213359 0
-0.64324335495461293 -0.39324335495461293 0
-0.64324335495461293 0.39324335495461293 0
-0.640625 -0.515625 0
-0.640625 -0.4921875 0
-0.640625 -0.48046875 0
-0.640625 -0.46875 0
-0.640625 -0.45703125 0
-0.640625 -0.45312499999999994 0
-0.640625 0.45312499999999994 0
-0.640625 0.45703125 0
-0.640625 0.46875 0
-0.640625 0.48046875 0
-0.640625 0.4921875 0
-0.640625 0.515625 0
-0.63612019188208857 -0.44862019188208851 0
-0.63612019188208857 0.44862019188208851 0
-0.63348528137423854 -0.3834852813742386 0
-0.63348528137423854 0.3834852813742386 0
-0.62770913376417714 -0.45703125 0
-0.62770913376417714 0.45703125 0
-0.625 -0.375 0
-0.625 0.375 0
-0.62321513957204344 -0.43571513957204344 0
-0.62321513957204344 0.43571513957204344 0
-0.6171875 -0.4921875 0
-0.6171875 -0.48046875 0
-0.6171875 -0.46875 0
-0.6171875 0.46875 0
-0.6171875 0.48046875 0
-0.6171875 0.4921875 0
-0.61599038376417714 -0.46875 0
-0.61599038376417714 0.46875 0
-0.61199335495461293 -0.42449335495461293 0
-0.61199335495461293 0.42449335495461293 0
-0.60487019188208857 -0.47987019188208851 0
-0.60487019188208857 0.47987019188208851 0
-0.60223528137423854 -0.4147352813742386 0
-0.60223528137423854 0.4147352813742386 0
-0.59375 -0.65625 0
-0.59375 -0.609375 0
-0.59375 -0.5625 0
-0.59375 -0.5390625 0
-0.59375 -0.515625 0
-0.59375 -0.50390625 0
-0.59375 -0.4921875 0
-0.59375 -0.48046875 0
-0.59375 -0.46875 0
-0.59375 -0.40625 0
-0.59375 0.40625 0
-0.59375 0.46875 0
-0.59375 0.48046875 0
-0.59375 0.4921875 0
-0.59375 0.50390625 0
-0.59375 0.515625 0
-0.59375 0.5390625 0
-0.59375 0.5625 0
-0.59375 0.609375 0
-0.59375 0.65625 0
-0.59196513957204344 -0.46696513957204344 0
-0.59196513957204344 0.46696513957204344 0
-0.58074335495461293 -0.45574335495461293 0
-0.58074335495461293 0.45574335495461293 0
-0.57846152914408688 -0.48046875 0
-0.57846152914408688 0.48046875 0
-0.57098528137423854 -0.4459852813742386 0
-0.57098528137423854 0.4459852813742386 0
-0.5703125 -0.515625 0
-0.5703125 -0.50390625 0
-0.5703125 -0.4921875 0
-0.5703125 0.4921875 0
-0.5703125 0.50390625 0
-0.5703125 0.515625 0
-0.56674277914408688 -0.4921875 0
-0.56674277914408688 0.4921875 0
-0.5625 -0.4375 0
-0.5625 0.4375 0
-0.56071513957204344 -0.49821513957204344 0
-0.56071513957204344 0.49821513957204344 0
-0.54949335495461293 -0.48699335495461293 0
-0.54949335495461293 0.48699335495461293 0
-0.546875 -0.5625 0
-0.546875 -0.5390625 0
-0.546875 -0.52734375 0
-0.546875 -0.515625 0
-0.546875 -0.50390625 0
-0.546875 -0.48961170990922587 0
-0.546875 0.48961170990922587 0
-0.546875 0.50390625 0
-0.546875 0.515625 0
-0.546875 0.52734375 0
-0.546875 0.5390625 0
-0.546875 0.5625 0
-0.53973528137423854 -0.4772352813742386 0
-0.53973528137423854 0.4772352813742386 0
-0.53258045990922587 -0.50390625 0
-0.53258045990922587 0.50390625 0
-0.53125 -0.46875 0
-0.53125 0.46875 0
-0.5234375 -0.5390625 0
-0.5234375 -0.52734375 0
-0.5234375 -0.515625 0
-0.5234375 0.515625 0
-0.5234375 0.52734375 0
-0.5234375 0.5390625 0
-0.52086170990922587 -0.515625 0
-0.52086170990922587 0.515625 0
-0.50959820982430359 -0.52688850008492227 0
-0.50959820982430359 0.52688850008492227 0
-0.50446428363921103 -0.51250627910926616 0
-0.50446428363921103 0.51250627910926616 0
-0.5 -1.5 0
-0.5 -1.125 0
-0.5 -0.9375 0
-0.5 -0.84375 0
-0.5 -0.75 0
-0.5 -0.703125 0
-0.5 -0.65625 0
-0.5 -0.609375 0
-0.5 -0.5859375 0
-0.5 -0.5625 0
-0.5 -0.5390625 0
-0.5 -0.52734375 0
-0.5 -0.52592867910249186 0
-0.5 -0.5 0
-0.5 0.5 0
-0.5 0.52592867910249186 0
-0.5 0.52734375 0
-0.5 0.5390625 0
-0.5 0.5625 0
-0.5 0.5859375 0
-0.5 0.609375 0
-0.5 0.65625 0
-0.5 0.703125 0
-0.5 0.75 0
-0.5 0.84375 0
-0.5 0.9375 0
-0.5 1.125 0
-0.5 1.5 0
-0.4765625 -0.5390625 0
-0.4765625 -0.52734375 0
-0.4765625 -0.52358492910249188 0
-0.4765625 0.52358492910249188 0
-0.4765625 0.52734375 0
-0.4765625 0.5390625 0
-0.46875 -0.49687500000000001 0
-0.46875 0.49687500000000001 0
-0.46755595537174804 -0.50881544628251985 0
-0.46755595537174804 0.50881544628251985 0
-0.46618280404925821 -0.5225469595074177 0
-0.46618280404925821 0.5225469595074177 0
-0.465703125 -0.52734375 0
-0.465703125 0.52734375 0
-0.46460368002839497 -0.53833819971605024 0
-0.46460368002839497 0.53833819971605024 0
-0.453125 -0.609375 0
-0.453125 -0.5859375 0
-0.453125 -0.5625 0
-0.453125 -0.55078125 0
-0.453125 -0.5390625 0
-0.453125 -0.53719033171321073 0
-0.453125 0.53719033171321073 0
-0.453125 0.5390625 0
-0.453125 0.55078125 0
-0.453125 0.5625 0
-0.453125 0.5859375 0
-0.453125 0.609375 0
-0.4375 -0.49375000000000002 0
-0.4375 0.49375000000000002 0
-0.43630595537174799 -0.50569044628251991 0
-0.43630595537174799 0.50569044628251991 0
-0.43493280404925821 -0.51942195950741776 0
-0.43493280404925821 0.51942195950741776 0
-0.43335368002839497 -0.5352131997160503 0
-0.43335368002839497 0.5352131997160503 0
-0.43296875000000001 -0.5390625 0
-0.43296875000000001 0.5390625 0
-0.43179687499999997 -0.55078125 0
-0.43179687499999997 0.55078125 0
-0.43153768740440218 -0.55337312595597765 0
-0.43153768740440218 0.55337312595597765 0
-0.4296875 -0.5625 0
-0.4296875 -0.55318810721553746 0
-0.4296875 0.55318810721553746 0
-0.4296875 0.5625 0
-0.40625 -0.75 0
-0.40625 -0.703125 0
-0.40625 -0.65625 0
-0.40625 -0.6328125 0
-0.40625 -0.609375 0
-0.40625 -0.59765625 0
-0.40625 -0.5859375 0
-0.40625 -0.57421875 0
-0.40625 -0.5625 0
-0.40625 -0.55084435721553737 0
-0.40625 -0.49062499999999998 0
-0.40625 0.49062499999999998 0
-0.40625 0.55084435721553737 0
-0.40625 0.5625 0
-0.40625 0.57421875 0
-0.40625 0.5859375 0
-0.40625 0.59765625 0
-0.40625 0.609375 0
-0.40625 0.6328125 0
-0.40625 0.65625 0
-0.40625 0.703125 0
-0.40625 0.75 0
-0.40505595537174799 -0.50256544628251987 0
-0.40505595537174799 0.50256544628251987 0
-0.40368280404925821 -0.51629695950741772 0
-0.40368280404925821 0.51629695950741772 0
-0.40210368002839497 -0.53208819971605026 0
-0.40210368002839497 0.53208819971605026 0
-0.40028768740440218 -0.55024812595597761 0
-0.40028768740440218 0.55024812595597761 0
-0.39906249999999993 -0.5625 0
-0.39906249999999993 0.5625 0
-0.39847169478040945 -0.56840805219590496 0
-0.39847169478040945 0.56840805219590496 0
-0.3828125 -0.609375 0
-0.3828125 -0.59765625 0
-0.3828125 -0.5859375 0
-0.3828125 -0.57421875 0
-0.3828125 -0.5668421327178641 0
-0.3828125 0.5668421327178641 0
-0.3828125 0.57421875 0
-0.3828125 0.5859375 0
-0.3828125 0.59765625 0
-0.3828125 0.609375 0
-0.375 -0.48749999999999999 0
-0.375 0.48749999999999999 0
-0.37380595537174804 -0.49944044628251988 0
-0.37380595537174804 0.49944044628251988 0
-0.37243280404925821 -0.51317195950741767 0
-0.37243280404925821 0.51317195950741767 0
-0.37085368002839497 -0.52896319971605021 0
-0.37085368002839497 0.52896319971605021 0
-0.36903768740440224 -0.54712312595597767 0
-0.36903768740440224 0.54712312595597767 0
-0.3672216947804095 -0.56528305219590513 0
-0.3672216947804095 0.56528305219590513 0
-0.366328125 -0.57421875 0
-0.366328125 0.57421875 0
-0.36515625000000002 -0.5859375 0
-0.36515625000000002 0.5859375 0
-0.36458850547562005 -0.59161494524379976 0
-0.36458850547562005 0.59161494524379976 0
-0.359375 -0.65625 0
-0.359375 -0.6328125 0
-0.359375 -0.62109375 0
-0.359375 -0.609375 0
-0.359375 -0.59765625 0
-0.359375 -0.59109359469623779 0
-0.359375 0.59109359469623779 0
-0.359375 0.59765625 0
-0.359375 0.609375 0
-0.359375 0.62109375 0
-0.359375 0.6328125 0
-0.359375 0.65625 0
-0.34375 -0.484375 0
-0.34375 0.484375 0
-0.34255595537174804 -0.49631544628251989 0
-0.34255595537174804 0.49631544628251989 0
-0.34118280404925821 -0.51004695950741774 0
-0.34118280404925821 0.51004695950741774 0
-0.33960368002839497 -0.52583819971605028 0
-0.33960368002839497 0.52583819971605028 0
-0.33778768740440224 -0.54399812595597763 0
-0.33778768740440224 0.54399812595597763 0
-0.3359716947804095 -0.56215805219590509 0
-0.3359716947804095 0.56215805219590509 0
-0.3359375 -0.6328125 0
-0.3359375 -0.62109375 0
-0.3359375 -0.609375 0
-0.3359375 -0.59765625 0
-0.3359375 -0.5887498446962377 0
-0.3359375 0.5887498446962377 0
-0.3359375 0.59765625 0
-0.3359375 0.609375 0
-0.3359375 0.62109375 0
-0.3359375 0.6328125 0
-0.33333850547562005 -0.58848994524379972 0
-0.33333850547562005 0.58848994524379972 0
-0.33242187500000003 -0.59765625 0
-0.33242187500000003 0.59765625 0
-0.33125000000000004 -0.609375 0
-0.33125000000000004 0.609375 0
-0.330078125 -0.62109375 0
-0.330078125 0.62109375 0
-0.32952038098367531 -0.62667119016324713 0
-0.32952038098367531 0.62667119016324713 0
-0.3125 -0.9375 0
-0.3125 -0.84375 0
-0.3125 -0.75 0
-0.3125 -0.703125 0
-0.3125 -0.65625 0
-0.3125 -0.6328125 0
-0.3125 -0.62496915206487968 0
-0.3125 -0.48125000000000001 0
-0.3125 0.48125000000000001 0
-0.3125 0.62496915206487968 0
-0.3125 0.6328125 0
-0.3125 0.65625 0
-0.3125 0.703125 0
-0.3125 0.75 0
-0.3125 0.84375 0
-0.3125 0.9375 0
-0.31130595537174804 -0.4931904462825199 0
-0.31130595537174804 0.4931904462825199 0
-0.30993280404925821 -0.5069219595074177 0
-0.30993280404925821 0.5069219595074177 0
-0.30835368002839497 -0.52271319971605024 0
-0.30835368002839497 0.52271319971605024 0
-0.30653768740440224 -0.5408731259559777 0
-0.30653768740440224 0.5408731259559777 0
-0.3047216947804095 -0.55903305219590504 0
-0.3047216947804095 0.55903305219590504 0
-0.30208850547562005 -0.58536494524379989 0
-0.30208850547562005 0.58536494524379989 0
-0.29827038098367531 -0.62354619016324719 0
-0.29827038098367531 0.62354619016324719 0
-0.2890625 -0.6328125 0
-0.2890625 -0.62262540206487971 0
-0.2890625 0.62262540206487971 0
-0.2890625 0.6328125 0
-0.28125 -0.47812500000000002 0
-0.28125 0.47812500000000002 0
-0.28005595537174799 -0.49006544628251991 0
-0.28005595537174799 0.49006544628251991 0
-0.27868280404925821 -0.50379695950741776 0
-0.27868280404925821 0.50379695950741776 0
-0.27710368002839497 -0.5195881997160503 0
-0.27710368002839497 0.5195881997160503 0
-0.27528768740440218 -0.53774812595597765 0
-0.27528768740440218 0.53774812595597765 0
-0.27347169478040939 -0.555908052195905 0
-0.27347169478040939 0.555908052195905 0
-0.27083850547561988 -0.58223994524379974 0
-0.27083850547561988 0.58223994524379974 0
-0.26702038098367514 -0.62042119016324715 0
-0.26702038098367514 0.62042119016324715 0
-0.265625 -0.65625 0
-0.265625 -0.6328125 0
-0.265625 -0.62109375 0
-0.265625 -0.62028165206487962 0
-0.265625 0.62028165206487962 0
-0.265625 0.62109375 0
-0.265625 0.6328125 0
-0.265625 0.65625 0
-0.25 -0.47499999999999998 0
-0.25 0.47499999999999998 0
-0.24880595537174802 -0.48694044628251987 0
-0.24880595537174802 0.48694044628251987 0
-0.24743280404925821 -0.50067195950741772 0
-0.24743280404925821 0.50067195950741772 0
-0.24585368002839494 -0.51646319971605026 0
-0.24585368002839494 0.51646319971605026 0
-0.24403768740440221 -0.53462312595597761 0
-0.24403768740440221 0.53462312595597761 0
-0.24222169478040947 -0.55278305219590496 0
-0.24222169478040947 0.55278305219590496 0
-0.2421875 -0.6328125 0
-0.2421875 -0.62109375 0
-0.2421875 -0.61793790206487964 0
-0.2421875 0.61793790206487964 0
-0.2421875 0.62109375 0
-0.2421875 0.6328125 0
-0.23958850547561999 -0.57911494524379969 0
-0.23958850547561999 0.57911494524379969 0
-0.23577038098367528 -0.6172961901632471 0
-0.23577038098367528 0.6172961901632471 0
-0.21875 -0.75 0
-0.21875 -0.703125 0
-0.21875 -0.65625 0
-0.21875 -0.6328125 0
-0.21875 -0.62109375 0
-0.21875 -0.61559415206487966 0
-0.21875 -0.47187499999999999 0
-0.21875 0.47187499999999999 0
-0.21875 0.61559415206487966 0
-0.21875 0.62109375 0
-0.21875 0.6328125 0
-0.21875 0.65625 0
-0.21875 0.703125 0
-0.21875 0.75 0
-0.21755595537174802 -0.48381544628251988 0
-0.21755595537174802 0.48381544628251988 0
-0.21618280404925824 -0.49754695950741773 0
-0.21618280404925824 0.49754695950741773 0
-0.214603680028395 -0.51333819971605021 0
-0.214603680028395 0.51333819971605021 0
-0.21278768740440226 -0.53149812595597767 0
-0.21278768740440226 0.53149812595597767 0
-0.21097169478040953 -0.54965805219590513 0
-0.21097169478040953 0.54965805219590513 0
-0.20833850547562005 -0.57598994524379976 0
-0.20833850547562005 0.57598994524379976 0
-0.20452038098367534 -0.61417119016324717 0
-0.20452038098367534 0.61417119016324717 0
-0.1953125 -0.6328125 0
-0.1953125 -0.62109375 0
-0.1953125 -0.61325040206487957 0
-0.1953125 0.61325040206487957 0
-0.1953125 0.62109375 0
-0.1953125 0.6328125 0
-0.1875 -0.46875 0
-0.1875 0.46875 0
-0.18630595537174802 -0.48069044628251989 0
-0.18630595537174802 0.48069044628251989 0
-0.18493280404925824 -0.49442195950741774 0
-0.18493280404925824 0.49442195950741774 0
-0.183353680028395 -0.51021319971605028 0
-0.183353680028395 0.51021319971605028 0
-0.18153768740440226 -0.52837312595597763 0
-0.18153768740440226 0.52837312595597763 0
-0.17972169478040953 -0.54653305219590509 0
-0.17972169478040953 0.54653305219590509 0
-0.17708850547562008 -0.57286494524379972 0
-0.17708850547562008 0.57286494524379972 0
-0.17327038098367534 -0.61104619016324713 0
-0.17327038098367534 0.61104619016324713 0
-0.171875 -0.65625 0
-0.171875 -0.6328125 0
-0.171875 -0.62109375 0
-0.171875 -0.6109066520648796 0
-0.171875 0.6109066520648796 0
-0.171875 0.62109375 0
-0.171875 0.6328125 0
-0.171875 0.65625 0
-0.15625 -0.46562500000000001 0
-0.15625 0.46562500000000001 0
-0.15505595537174802 -0.4775654462825199 0
-0.15505595537174802 0.4775654462825199 0
-0.15368280404925824 -0.49129695950741775 0
-0.15368280404925824 0.49129695950741775 0
-0.152103680028395 -0.50708819971605024 0
-0.152103680028395 0.50708819971605024 0
-0.15028768740440226 -0.5252481259559777 0
-0.15028768740440226 0.5252481259559777 0
-0.14847169478040953 -0.54340805219590504 0
-0.14847169478040953 0.54340805219590504 0
-0.1484375 -0.6328125 0
-0.1484375 -0.62109375 0
-0.1484375 -0.609375 0
-0.1484375 -0.60856290206487962 0
-0.1484375 0.60856290206487962 0
-0.1484375 0.609375 0
-0.1484375 0.62109375 0
-0.1484375 0.6328125 0
-0.14583850547562008 -0.56973994524379989 0
-0.14583850547562008 0.56973994524379989 0
-0.14202038098367534 -0.60792119016324719 0
-0.14202038098367534 0.60792119016324719 0
-0.125 -1.125 0
-0.125 -0.9375 0
-0.125 -0.84375 0
-0.125 -0.75 0
-0.125 -0.703125 0
-0.125 -0.65625 0
-0.125 -0.6328125 0
-0.125 -0.62109375 0
-0.125 -0.609375 0
-0.125 -0.60621915206487964 0
-0.125 -0.46250000000000002 0
-0.125 0.46250000000000002 0
-0.125 0.60621915206487964 0
-0.125 0.609375 0
-0.125 0.62109375 0
-0.125 0.6328125 0
-0.125 0.65625 0
-0.125 0.703125 0
-0.125 0.75 0
-0.125 0.84375 0
-0.125 0.9375 0
-0.125 1.125 0
-0.12380595537174802 -0.47444044628251991 0
-0.12380595537174802 0.47444044628251991 0
-0.12243280404925824 -0.48817195950741776 0
-0.12243280404925824 0.48817195950741776 0
-0.12085368002839499 -0.5039631997160503 0
-0.12085368002839499 0.5039631997160503 0
-0.11903768740440225 -0.52212312595597765 0
-0.11903768740440225 0.52212312595597765 0
-0.11722169478040952 -0.540283052195905 0
-0.11722169478040952 0.540283052195905 0
-0.11458850547562005 -0.56661494524379985 0
-0.11458850547562005 0.56661494524379985 0
-0.11077038098367534 -0.60479619016324715 0
-0.11077038098367534 0.60479619016324715 0
-0.1015625 -0.609375 0
-0.1015625 -0.60387540206487966 0
-0.1015625 0.60387540206487966 0
-0.1015625 0.609375 0
-0.09375 -0.45937500000000003 0
-0.09375 0.45937500000000003 0
-0.092555955371748003 -0.47131544628251992 0
-0.092555955371748003 0.47131544628251992 0
-0.091182804049258215 -0.48504695950741777 0
-0.091182804049258215 0.48504695950741777 0
-0.089603680028394958 -0.50083819971605026 0
-0.089603680028394958 0.50083819971605026 0
-0.087787687404402209 -0.51899812595597772 0
-0.087787687404402209 0.51899812595597772 0
-0.085971694780409474 -0.53715805219590518 0
-0.085971694780409474 0.53715805219590518 0
-0.083338505475620009 -0.56348994524379981 0
-0.083338505475620009 0.56348994524379981 0
-0.079520380983675296 -0.60167119016324722 0
-0.079520380983675296 0.60167119016324722 0
-0.078125 -0.65625 0
-0.078125 -0.6328125 0
-0.078125 -0.609375 0
-0.078125 -0.60153165206487968 0
-0.078125 0.60153165206487968 0
-0.078125 0.609375 0
-0.078125 0.6328125 0
-0.078125 0.65625 0
-0.0625 -0.45624999999999999 0
-0.0625 0.45624999999999999 0
-0.06130595537174801 -0.46819044628251988 0
-0.06130595537174801 0.46819044628251988 0
-0.059932804049258215 -0.48192195950741773 0
-0.059932804049258215 0.48192195950741773 0
-0.058353680028394951 -0.49771319971605021 0
-0.058353680028394951 0.49771319971605021 0
-0.056537687404402202 -0.51587312595597767 0
-0.056537687404402202 0.51587312595597767 0
-0.054721694780409433 -0.53403305219590502 0
-0.054721694780409433 0.53403305219590502 0
-0.0546875 -0.609375 0
-0.0546875 -0.59918790206487971 0
-0.0546875 0.59918790206487971 0
-0.0546875 0.609375 0
-0.052088505475619926 -0.56036494524379976 0
-0.052088505475619926 0.56036494524379976 0
-0.048270380983675129 -0.59854619016324717 0
-0.048270380983675129 0.59854619016324717 0
-0.03125 -0.75 0
-0.03125 -0.703125 0
-0.03125 -0.65625 0
-0.03125 -0.6328125 0
-0.03125 -0.609375 0
-0.03125 -0.59765625 0
-0.03125 -0.59684415206487962 0
-0.03125 -0.453125 0
-0.03125 0.453125 0
-0.03125 0.59684415206487962 0
-0.03125 0.59765625 0
-0.03125 0.609375 0
-0.03125 0.6328125 0
-0.03125 0.65625 0
-0.03125 0.703125 0
-0.03125 0.75 0
-0.030055955371748017 -0.46506544628251989 0
-0.030055955371748017 0.46506544628251989 0
-0.028682804049258239 -0.47879695950741774 0
-0.028682804049258239 0.47879695950741774 0
-0.027103680028394989 -0.49458819971605023 0
-0.027103680028394989 0.49458819971605023 0
-0.025287687404402258 -0.51274812595597763 0
-0.025287687404402258 0.51274812595597763 0
-0.023471694780409523 -0.53090805219590509 0
-0.023471694780409523 0.53090805219590509 0
-0.020838505475620057 -0.55723994524379972 0
-0.020838505475620057 0.55723994524379972 0
-0.01702038098367533 -0.59542119016324713 0
-0.01702038098367533 0.59542119016324713 0
-0.0078125 -0.609375 0
-0.0078125 -0.59765625 0
-0.0078125 -0.59450040206487964 0
-0.0078125 0.59450040206487964 0
-0.0078125 0.59765625 0
-0.0078125 0.609375 0
0 -0.45000000000000001 0
0 0.45000000000000001 0
0.0011940446282519826 -0.4619404462825199 0
0.0011940446282519826 0.4619404462825199 0
0.0025671959507417622 -0.47567195950741775 0
0.0025671959507417622 0.47567195950741775 0
0.0041463199716050099 -0.49146319971605024 0
0.0041463199716050099 0.49146319971605024 0
0.005962312595597743 -0.5096231259559777 0
0.005962312595597743 0.5096231259559777 0
0.007778305219590477 -0.52778305219590504 0
0.007778305219590477 0.52778305219590504 0
0.010411494524379941 -0.55411494524379989 0
0.010411494524379941 0.55411494524379989 0
0.014229619016324663 -0.59229619016324719 0
0.014229619016324663 0.59229619016324719 0
0.015625 -0.65625 0
0.015625 -0.6328125 0
0.015625 -0.609375 0
0.015625 -0.59765625 0
0.015625 -0.59215665206487966 0
0.015625 0.59215665206487966 0
0.015625 0.59765625 0
0.015625 0.609375 0
0.015625 0.6328125 0
0.015625 0.65625 0
0.03125 -0.44687500000000002 0
0.03125 0.44687500000000002 0
0.032444044628251983 -0.45881544628251991 0
0.032444044628251983 0.45881544628251991 0
0.033817195950741764 -0.47254695950741776 0
0.033817195950741764 0.47254695950741776 0
0.035396319971605007 -0.48833819971605025 0
0.035396319971605007 0.48833819971605025 0
0.037212312595597742 -0.50649812595597765 0
0.037212312595597742 0.50649812595597765 0
0.039028305219590477 -0.524658052195905 0
0.039028305219590477 0.524658052195905 0
0.0390625 -0.609375 0
0.0390625 -0.59765625 0
0.0390625 -0.58981290206487957 0
0.0390625 0.58981290206487957 0
0.0390625 0.59765625 0
0.0390625 0.609375 0
0.041661494524379936 -0.55098994524379985 0
0.041661494524379936 0.55098994524379985 0
0.045479619016324656 -0.58917119016324715 0
0.045479619016324656 0.58917119016324715 0
0.0625 -0.9375 0
0.0625 -0.84375 0
0.0625 -0.75 0
0.0625 -0.703125 0
0.0625 -0.65625 0
0.0625 -0.6328125 0
0.0625 -0.609375 0
0.0625 -0.59765625 0
0.0625 -0.58746915206487971 0
0.0625 -0.44375000000000003 0
0.0625 0.44375000000000003 0
0.0625 0.58746915206487971 0
0.0625 0.59765625 0
0.0625 0.609375 0
0.0625 0.6328125 0
0.0625 0.65625 0
0.0625 0.703125 0
0.0625 0.75 0
0.0625 0.84375 0
0.0625 0.9375 0
0.063694044628251997 -0.45569044628251992 0
0.063694044628251997 0.45569044628251992 0
0.065067195950741785 -0.46942195950741777 0
0.065067195950741785 0.46942195950741777 0
0.066646319971605042 -0.48521319971605026 0
0.066646319971605042 0.48521319971605026 0
0.068462312595597791 -0.50337312595597772 0
0.068462312595597791 0.50337312595597772 0
0.070278305219590526 -0.52153305219590518 0
0.070278305219590526 0.52153305219590518 0
0.072911494524379991 -0.54786494524379981 0
0.072911494524379991 0.54786494524379981 0
0.076729619016324704 -0.58604619016324722 0
0.076729619016324704 0.58604619016324722 0
0.0859375 -0.609375 0
0.0859375 -0.59765625 0
0.0859375 -0.5859375 0
0.0859375 -0.58512540206487973 0
0.0859375 0.58512540206487973 0
0.0859375 0.5859375 0
0.0859375 0.59765625 0
0.0859375 0.609375 0
0.09375 -0.44062499999999999 0
0.09375 0.44062499999999999 0
0.094944044628251997 -0.45256544628251988 0
0.094944044628251997 0.45256544628251988 0
0.096317195950741785 -0.46629695950741773 0
0.096317195950741785 0.46629695950741773 0
0.097896319971605042 -0.48208819971605021 0
0.097896319971605042 0.48208819971605021 0
0.099712312595597791 -0.50024812595597767 0
0.099712312595597791 0.50024812595597767 0
0.10152830521959055 -0.51840805219590502 0
0.10152830521959055 0.51840805219590502 0
0.10416149452438007 -0.54473994524379976 0
0.10416149452438007 0.54473994524379976 0
0.10797961901632486 -0.58292119016324717 0
0.10797961901632486 0.58292119016324717 0
0.109375 -0.65625 0
0.109375 -0.6328125 0
0.109375 -0.609375 0
0.109375 -0.59765625 0
0.109375 -0.5859375 0
0.109375 -0.58278165206487964 0
0.109375 0.58278165206487964 0
0.109375 0.5859375 0
0.109375 0.59765625 0
0.109375 0.609375 0
0.109375 0.6328125 0
0.109375 0.65625 0
0.125 -0.4375 0
0.125 0.4375 0
0.12619404462825198 -0.44944044628251989 0
0.12619404462825198 0.44944044628251989 0
0.12756719595074176 -0.46317195950741774 0
0.12756719595074176 0.46317195950741774 0
0.129146319971605 -0.47896319971605023 0
0.129146319971605 0.47896319971605023 0
0.13096231259559774 -0.49712312595597763 0
0.13096231259559774 0.49712312595597763 0
0.1327783052195905 -0.51528305219590509 0
0.1327783052195905 0.51528305219590509 0
0.1328125 -0.5859375 0
0.1328125 -0.58043790206487966 0
0.1328125 0.58043790206487966 0
0.1328125 0.5859375 0
0.13541149452437998 -0.54161494524379972 0
0.13541149452437998 0.54161494524379972 0
0.13922961901632475 -0.57979619016324713 0
0.13922961901632475 0.57979619016324713 0
0.15625 -0.75 0
0.15625 -0.703125 0
0.15625 -0.65625 0
0.15625 -0.6328125 0
0.15625 -0.609375 0
0.15625 -0.5859375 0
0.15625 -0.57809415206487957 0
0.15625 -0.43437500000000001 0
0.15625 0.43437500000000001 0
0.15625 0.57809415206487957 0
0.15625 0.5859375 0
0.15625 0.609375 0
0.15625 0.6328125 0
0.15625 0.65625 0
0.15625 0.703125 0
0.15625 0.75 0
0.15744404462825198 -0.4463154462825199 0
0.15744404462825198 0.4463154462825199 0
0.15881719595074176 -0.46004695950741775 0
0.15881719595074176 0.46004695950741775 0
0.160396319971605 -0.47583819971605024 0
0.160396319971605 0.47583819971605024 0
0.16221231259559774 -0.49399812595597764 0
0.16221231259559774 0.49399812595597764 0
0.16402830521959047 -0.51215805219590504 0
0.16402830521959047 0.51215805219590504 0
0.16666149452437992 -0.53848994524379978 0
0.16666149452437992 0.53848994524379978 0
0.17047961901632466 -0.57667119016324708 0
0.17047961901632466 0.57667119016324708 0
0.1796875 -0.5859375 0
0.1796875 -0.5757504020648796 0
0.1796875 0.5757504020648796 0
0.1796875 0.5859375 0
0.1875 -0.43125000000000002 0
0.1875 0.43125000000000002 0
0.18869404462825198 -0.44319044628251991 0
0.18869404462825198 0.44319044628251991 0
0.19006719595074176 -0.45692195950741776 0
0.19006719595074176 0.45692195950741776 0
0.191646319971605 -0.47271319971605025 0
0.191646319971605 0.47271319971605025 0
0.19346231259559774 -0.49087312595597765 0
0.19346231259559774 0.49087312595597765 0
0.19527830521959047 -0.509033052195905 0
0.19527830521959047 0.509033052195905 0
0.19791149452437992 -0.53536494524379974 0
0.19791149452437992 0.53536494524379974 0
0.20172961901632466 -0.57354619016324715 0
0.20172961901632466 0.57354619016324715 0
0.203125 -0.609375 0
0.203125 -0.5859375 0
0.203125 -0.57421875 0
0.203125 -0.57340665206487962 0
0.203125 0.57340665206487962 0
0.203125 0.57421875 0
0.203125 0.5859375 0
0.203125 0.609375 0
0.21875 -0.42812500000000003 0
0.21875 0.42812500000000003 0
0.21994404462825198 -0.44006544628251992 0
0.21994404462825198 0.44006544628251992 0
0.22131719595074176 -0.45379695950741777 0
0.22131719595074176 0.45379695950741777 0
0.222896319971605 -0.46958819971605026 0
0.222896319971605 0.46958819971605026 0
0.22471231259559774 -0.48774812595597766 0
0.22471231259559774 0.48774812595597766 0
0.22652830521959047 -0.50590805219590507 0
0.22652830521959047 0.50590805219590507 0
0.2265625 -0.5859375 0
0.2265625 -0.57421875 0
0.2265625 -0.57106290206487964 0
0.2265625 0.57106290206487964 0
0.2265625 0.57421875 0
0.2265625 0.5859375 0
0.22916149452437992 -0.53223994524379981 0
0.22916149452437992 0.53223994524379981 0
0.23297961901632463 -0.57042119016324722 0
0.23297961901632463 0.57042119016324722 0
0.25 -1.5 0
0.25 -1.125 0
0.25 -0.9375 0
0.25 -0.84375 0
0.25 -0.75 0
0.25 -0.703125 0
0.25 -0.65625 0
0.25 -0.609375 0
0.25 -0.5859375 0
0.25 -0.57421875 0
0.25 -0.56871915206487966 0
0.25 -0.42500000000000004 0
0.25 0.42500000000000004 0
0.25 0.56871915206487966 0
0.25 0.57421875 0
0.25 0.5859375 0
0.25 0.609375 0
0.25 0.65625 0
0.25 0.703125 0
0.25 0.75 0
0.25 0.84375 0
0.25 0.9375 0
0.25 1.125 0
0.25 1.5 0
0.25119404462825201 -0.43694044628251993 0
0.25119404462825201 0.43694044628251993 0
0.25256719595074179 -0.45067195950741779 0
0.25256719595074179 0.45067195950741779 0
0.25414631997160503 -0.46646319971605027 0
0.25414631997160503 0.46646319971605027 0
0.25596231259559782 -0.48462312595597767 0
0.25596231259559782 0.48462312595597767 0
0.25777830521959055 -0.50278305219590513 0
0.25777830521959055 0.50278305219590513 0
0.26041149452438006 -0.52911494524379976 0
0.26041149452438006 0.52911494524379976 0
0.2642296190163248 -0.56729619016324717 0
0.2642296190163248 0.56729619016324717 0
0.2734375 -0.5859375 0
0.2734375 -0.57421875 0
0.2734375 -0.56637540206487968 0
0.2734375 0.56637540206487968 0
0.2734375 0.57421875 0
0.2734375 0.5859375 0
0.28125 -0.421875 0
0.28125 0.421875 0
0.28244404462825201 -0.43381544628251989 0
0.28244404462825201 0.43381544628251989 0
0.28381719595074179 -0.44754695950741774 0
0.28381719595074179 0.44754695950741774 0
0.28539631997160503 -0.46333819971605023 0
0.28539631997160503 0.46333819971605023 0
0.28721231259559782 -0.48149812595597763 0
0.28721231259559782 0.48149812595597763 0
0.28902830521959055 -0.49965805219590503 0
0.28902830521959055 0.49965805219590503 0
0.29166149452438006 -0.52598994524379972 0
0.29166149452438006 0.52598994524379972 0
0.2954796190163248 -0.56417119016324713 0
0.2954796190163248 0.56417119016324713 0
0.296875 -0.609375 0
0.296875 -0.5859375 0
0.296875 -0.57421875 0
0.296875 -0.5640316520648796 0
0.296875 0.5640316520648796 0
0.296875 0.57421875 0
0.296875 0.5859375 0
0.296875 0.609375 0
0.3125 -0.41875000000000001 0
0.3125 0.41875000000000001 0
0.31369404462825196 -0.4306904462825199 0
0.31369404462825196 0.4306904462825199 0
0.31506719595074179 -0.44442195950741775 0
0.31506719595074179 0.44442195950741775 0
0.31664631997160503 -0.46021319971605024 0
0.31664631997160503 0.46021319971605024 0
0.31846231259559776 -0.47837312595597764 0
0.31846231259559776 0.47837312595597764 0
0.3202783052195905 -0.49653305219590504 0
0.3202783052195905 0.49653305219590504 0
0.3203125 -0.5859375 0
0.3203125 -0.57421875 0
0.3203125 -0.5625 0
0.3203125 -0.56168790206487962 0
0.3203125 0.56168790206487962 0
0.3203125 0.5625 0
0.3203125 0.57421875 0
0.3203125 0.5859375 0
0.32291149452437995 -0.52286494524379978 0
0.32291149452437995 0.52286494524379978 0
0.32672961901632469 -0.56104619016324708 0
0.32672961901632469 0.56104619016324708 0
0.34375 -0.65625 0
0.34375 -0.609375 0
0.34375 -0.5859375 0
0.34375 -0.57421875 0
0.34375 -0.5625 0
0.34375 -0.55934415206487964 0
0.34375 -0.41562500000000002 0
0.34375 0.41562500000000002 0
0.34375 0.55934415206487964 0
0.34375 0.5625 0
0.34375 0.57421875 0
0.34375 0.5859375 0
0.34375 0.609375 0
0.34375 0.65625 0
0.34494404462825196 -0.42756544628251991 0
0.34494404462825196 0.42756544628251991 0
0.34631719595074179 -0.44129695950741776 0
0.34631719595074179 0.44129695950741776 0
0.34789631997160503 -0.45708819971605025 0
0.34789631997160503 0.45708819971605025 0
0.34971231259559776 -0.47524812595597765 0
0.34971231259559776 0.47524812595597765 0
0.3515283052195905 -0.49340805219590506 0
0.3515283052195905 0.49340805219590506 0
0.35416149452437995 -0.51973994524379974 0
0.35416149452437995 0.51973994524379974 0
0.35797961901632469 -0.55792119016324715 0
0.35797961901632469 0.55792119016324715 0
0.3671875 -0.5625 0
0.3671875 -0.55700040206487955 0
0.3671875 0.55700040206487955 0
0.3671875 0.5625 0
0.375 -0.41250000000000003 0
0.375 0.41250000000000003 0
0.37619404462825196 -0.42444044628251992 0
0.37619404462825196 0.42444044628251992 0
0.37756719595074179 -0.43817195950741777 0
0.37756719595074179 0.43817195950741777 0
0.37914631997160503 -0.45396319971605026 0
0.37914631997160503 0.45396319971605026 0
0.38096231259559776 -0.47212312595597766 0
0.38096231259559776 0.47212312595597766 0
0.3827783052195905 -0.49028305219590507 0
0.3827783052195905 0.49028305219590507 0
0.38541149452437995 -0.51661494524379981 0
0.38541149452437995 0.51661494524379981 0
0.38922961901632469 -0.5547961901632471 0
0.38922961901632469 0.5547961901632471 0
0.390625 -0.609375 0
0.390625 -0.5859375 0
0.390625 -0.5625 0
0.390625 -0.55465665206487957 0
0.390625 0.55465665206487957 0
0.390625 0.5625 0
0.390625 0.5859375 0
0.390625 0.609375 0
0.40625 -0.40937500000000004 0
0.40625 0.40937500000000004 0
0.40744404462825201 -0.42131544628251993 0
0.40744404462825201 0.42131544628251993 0
0.40881719595074179 -0.43504695950741779 0
0.40881719595074179 0.43504695950741779 0
0.41039631997160503 -0.45083819971605027 0
0.41039631997160503 0.45083819971605027 0
0.41221231259559782 -0.46899812595597767 0
0.41221231259559782 0.46899812595597767 0
0.41402830521959055 -0.48715805219590508 0
0.41402830521959055 0.48715805219590508 0
0.4140625 -0.5625 0
0.4140625 -0.5523129020648796 0
0.4140625 0.5523129020648796 0
0.4140625 0.5625 0
0.41666149452438006 -0.51348994524379976 0
0.41666149452438006 0.51348994524379976 0
0.4204796190163248 -0.55167119016324717 0
0.4204796190163248 0.55167119016324717 0
0.4375 -0.75 0
0.4375 -0.65625 0
0.4375 -0.609375 0
0.4375 -0.5859375 0
0.4375 -0.5625 0
0.4375 -0.55078125 0
0.4375 -0.54996915206487962 0
0.4375 -0.40625 0
0.4375 0.40625 0
0.4375 0.54996915206487962 0
0.4375 0.55078125 0
0.4375 0.5625 0
0.4375 0.5859375 0
0.4375 0.609375 0
0.4375 0.65625 0
0.4375 0.75 0
0.43869404462825201 -0.41819044628251989 0
0.43869404462825201 0.41819044628251989 0
0.44006719595074179 -0.43192195950741774 0
0.44006719595074179 0.43192195950741774 0
0.44164631997160503 -0.44771319971605023 0
0.44164631997160503 0.44771319971605023 0
0.44346231259559782 -0.46587312595597763 0
0.44346231259559782 0.46587312595597763 0
0.44527830521959055 -0.48403305219590503 0
0.44527830521959055 0.48403305219590503 0
0.44791149452438006 -0.51036494524379972 0
0.44791149452438006 0.51036494524379972 0
0.4517296190163248 -0.54854619016324713 0
0.4517296190163248 0.54854619016324713 0
0.4609375 -0.5625 0
0.4609375 -0.55078125 0
0.4609375 -0.54762540206487964 0
0.4609375 0.54762540206487964 0
0.4609375 0.55078125 0
0.4609375 0.5625 0
0.46875 -0.40312500000000001 0
0.46875 0.40312500000000001 0
0.46994404462825196 -0.4150654462825199 0
0.46994404462825196 0.4150654462825199 0
0.47131719595074179 -0.42879695950741775 0
0.47131719595074179 0.42879695950741775 0
0.47289631997160503 -0.44458819971605024 0
0.47289631997160503 0.44458819971605024 0
0.47471231259559776 -0.46274812595597764 0
0.47471231259559776 0.46274812595597764 0
0.4765283052195905 -0.48090805219590504 0
0.4765283052195905 0.48090805219590504 0
0.47916149452437995 -0.50723994524379978 0
0.47916149452437995 0.50723994524379978 0
0.48297961901632469 -0.54542119016324708 0
0.48297961901632469 0.54542119016324708 0
0.484375 -0.609375 0
0.484375 -0.5859375 0
0.484375 -0.5625 0
0.484375 -0.55078125 0
0.484375 -0.54528165206487955 0
0.484375 0.54528165206487955 0
0.484375 0.55078125 0
0.484375 0.5625 0
0.484375 0.5859375 0
0.484375 0.609375 0
0.5 -0.40000000000000002 0
0.5 0.40000000000000002 0
0.50148796608697888 -0.41191105413664719 0
0.50148796608697888 0.41191105413664719 0
0.50319912708700454 -0.42560876639379147 0
0.50319912708700454 0.42560876639379147 0
0.50516696223703406 -0.44136113548950739 0
0.50516696223703406 0.44136113548950739 0
0.50742997265956802 -0.45947635994958064 0
0.50742997265956802 0.45947635994958064 0
0.5078125 -0.5625 0
0.5078125 -0.55078125 0
0.5078125 -0.54293790206487957 0
0.5078125 0.54293790206487957 0
0.5078125 0.55078125 0
0.5078125 0.5625 0
0.50969298308210198 -0.47759158440965394 0
0.50969298308210198 0.47759158440965394 0
0.51297434819477616 -0.50385865987676015 0
0.51297434819477616 0.50385865987676015 0
0.5177323276081538 -0.54194591930406422 0
0.5177323276081538 0.54194591930406422 0
0.53125 -0.65625 0
0.53125 -0.609375 0
0.53125 -0.5859375 0
0.53125 -0.5625 0
0.53125 -0.55078125 0
0.53125 -0.53991826844528734 0
0.53125 -0.39531250000000001 0
0.53125 0.39531250000000001 0
0.53125 0.53991826844528734 0
0.53125 0.55078125 0
0.53125 0.5625 0
0.53125 0.5859375 0
0.53125 0.609375 0
0.53125 0.65625 0
0.53303008543516295 -0.40717973623441961 0
0.53303008543516295 0.40717973623441961 0
0.53507718368560031 -0.4208270579040021 0
0.53507718368560031 0.4208270579040021 0
0.53743134667360326 -0.43652147782402195 0
0.53743134667360326 0.43652147782402195 0
0.54013863410980678 -0.45457006073204487 0
0.54013863410980678 0.45457006073204487 0
0.54284592154601019 -0.47261864364006773 0
0.54284592154601019 0.47261864364006773 0
0.5467714883285052 -0.49878908885670087 0
0.5467714883285052 0.49878908885670087 0
0.55246356016312292 -0.53673623442081897 0
0.55246356016312292 0.53673623442081897 0
0.5546875 -0.5625 0
0.5546875 -0.55078125 0
0.5546875 -0.5390625 0
0.5546875 -0.53640264344528743 0
0.5546875 0.53640264344528743 0
0.5546875 0.5390625 0
0.5546875 0.55078125 0
0.5546875 0.5625 0
0.5625 -0.390625 0
0.5625 0.390625 0
0.56428008543516295 -0.4024922362344196 0
0.56428008543516295 0.4024922362344196 0
0.56632718368560031 -0.41613955790400209 0
0.56632718368560031 0.41613955790400209 0
0.56868134667360326 -0.431833977824022 0
0.56868134667360326 0.431833977824022 0
0.57138863410980667 -0.44988256073204486 0
0.57138863410980667 0.44988256073204486 0
0.57409592154601008 -0.46793114364006771 0
0.57409592154601008 0.46793114364006771 0
0.57802148832850508 -0.49410158885670086 0
0.57802148832850508 0.49410158885670086 0
0.578125 -0.609375 0
0.578125 -0.5859375 0
0.578125 -0.5625 0
0.578125 -0.55078125 0
0.578125 -0.5390625 0
0.578125 -0.5328870184452873 0
0.578125 0.5328870184452873 0
0.578125 0.5390625 0
0.578125 0.55078125 0
0.578125 0.5625 0
0.578125 0.5859375 0
0.578125 0.609375 0
0.58371356016312281 -0.5320487344208189 0
0.58371356016312281 0.5320487344208189 0
0.59375 -0.38593750000000004 0
0.59375 0.38593750000000004 0
0.59553008543516295 -0.39780473623441964 0
0.59553008543516295 0.39780473623441964 0
0.59757718368560031 -0.41145205790400213 0
0.59757718368560031 0.41145205790400213 0
0.59993134667360326 -0.42714647782402204 0
0.59993134667360326 0.42714647782402204 0
0.6015625 -0.5390625 0
0.6015625 -0.52937139344528739 0
0.6015625 0.52937139344528739 0
0.6015625 0.5390625 0
0.60263863410980667 -0.4451950607320449 0
0.60263863410980667 0.4451950607320449 0
0.60534592154601008 -0.46324364364006776 0
0.60534592154601008 0.46324364364006776 0
0.60927148832850508 -0.4894140888567009 0
0.60927148832850508 0.4894140888567009 0
0.6149635601631227 -0.52736123442081895 0
0.6149635601631227 0.52736123442081895 0
0.625 -1.125 0
0.625 -0.9375 0
0.625 -0.75 0
0.625 -0.65625 0
0.625 -0.609375 0
0.625 -0.5859375 0
0.625 -0.5625 0
0.625 -0.5390625 0
0.625 -0.52734375 0
0.625 -0.52585576844528736 0
0.625 -0.38125000000000003 0
0.625 0.38125000000000003 0
0.625 0.52585576844528736 0
0.625 0.52734375 0
0.625 0.5390625 0
0.625 0.5625 0
0.625 0.5859375 0
0.625 0.609375 0
0.625 0.65625 0
0.625 0.75 0
0.625 0.9375 0
0.625 1.125 0
0.62678008543516295 -0.39311723623441963 0
0.62678008543516295 0.39311723623441963 0
0.62882718368560031 -0.40676455790400212 0
0.62882718368560031 0.40676455790400212 0
0.63118134667360326 -0.42245897782402198 0
0.63118134667360326 0.42245897782402198 0
0.63388863410980678 -0.44050756073204489 0
0.63388863410980678 0.44050756073204489 0
0.63659592154601019 -0.45855614364006775 0
0.63659592154601019 0.45855614364006775 0
0.6405214883285052 -0.48472658885670089 0
0.6405214883285052 0.48472658885670089 0
0.64621356016312292 -0.52267373442081899 0
0.64621356016312292 0.52267373442081899 0
0.6484375 -0.5390625 0
0.6484375 -0.52734375 0
0.6484375 -0.52234014344528745 0
0.6484375 0.52234014344528745 0
0.6484375 0.52734375 0
0.6484375 0.5390625 0
0.65625 -0.37656250000000002 0
0.65625 0.37656250000000002 0
0.65803008543516295 -0.38842973623441962 0
0.65803008543516295 0.38842973623441962 0
0.66007718368560031 -0.40207705790400211 0
0.66007718368560031 0.40207705790400211 0
0.66243134667360326 -0.41777147782402196 0
0.66243134667360326 0.41777147782402196 0
0.66513863410980678 -0.43582006073204482 0
0.66513863410980678 0.43582006073204482 0
0.66784592154601019 -0.45386864364006768 0
0.66784592154601019 0.45386864364006768 0
0.6717714883285052 -0.48003908885670082 0
0.6717714883285052 0.48003908885670082 0
0.671875 -0.5625 0
0.671875 -0.5390625 0
0.671875 -0.52734375 0
0.671875 -0.51882451844528743 0
0.671875 0.51882451844528743 0
0.671875 0.52734375 0
0.671875 0.5390625 0
0.671875 0.5625 0
0.67746356016312292 -0.51798623442081893 0
0.67746356016312292 0.51798623442081893 0
0.6875 -0.37187500000000001 0
0.6875 0.37187500000000001 0
0.68928008543516295 -0.38374223623441961 0
0.68928008543516295 0.38374223623441961 0
0.69132718368560031 -0.3973895579040021 0
0.69132718368560031 0.3973895579040021 0
0.69368134667360326 -0.41308397782402195 0
0.69368134667360326 0.41308397782402195 0
0.6953125 -0.5390625 0
0.6953125 -0.52734375 0
0.6953125 -0.515625 0
0.6953125 -0.51530889344528741 0
0.6953125 0.51530889344528741 0
0.6953125 0.515625 0
0.6953125 0.52734375 0
0.6953125 0.5390625 0
0.69638863410980678 -0.43113256073204487 0
0.69638863410980678 0.43113256073204487 0
0.69909592154601019 -0.44918114364006773 0
0.69909592154601019 0.44918114364006773 0
0.7030214883285052 -0.47535158885670087 0
0.7030214883285052 0.47535158885670087 0
0.70871356016312292 -0.51329873442081897 0
0.70871356016312292 0.51329873442081897 0
0.71875 -0.65625 0
0.71875 -0.609375 0
0.71875 -0.5625 0
0.71875 -0.5390625 0
0.71875 -0.52734375 0
0.71875 -0.515625 0
0.71875 -0.51179326844528739 0
0.71875 -0.3671875 0
0.71875 0.3671875 0
0.71875 0.51179326844528739 0
0.71875 0.515625 0
0.71875 0.52734375 0
0.71875 0.5390625 0
0.71875 0.5625 0
0.71875 0.609375 0
0.71875 0.65625 0
0.72053008543516295 -0.3790547362344196 0
0.72053008543516295 0.3790547362344196 0
0.72257718368560031 -0.39270205790400209 0
0.72257718368560031 0.39270205790400209 0
0.72493134667360326 -0.408396477824022 0
0.72493134667360326 0.408396477824022 0
0.72763863410980667 -0.42644506073204486 0
0.72763863410980667 0.42644506073204486 0
0.73034592154601008 -0.44449364364006771 0
0.73034592154601008 0.44449364364006771 0
0.73427148832850508 -0.47066408885670086 0
0.73427148832850508 0.47066408885670086 0
0.73996356016312281 -0.5086112344208189 0
0.73996356016312281 0.5086112344208189 0
0.7421875 -0.515625 0
0.7421875 -0.50827764344528736 0
0.7421875 0.50827764344528736 0
0.7421875 0.515625 0
0.75 -0.36250000000000004 0
0.75 0.36250000000000004 0
0.75178008543516295 -0.37436723623441964 0
0.75178008543516295 0.37436723623441964 0
0.75382718368560031 -0.38801455790400213 0
0.75382718368560031 0.38801455790400213 0
0.75618134667360326 -0.40370897782402204 0
0.75618134667360326 0.40370897782402204 0
0.75888863410980667 -0.4217575607320449 0
0.75888863410980667 0.4217575607320449 0
0.76159592154601008 -0.43980614364006776 0
0.76159592154601008 0.43980614364006776 0
0.76552148832850508 -0.4659765888567009 0
0.76552148832850508 0.4659765888567009 0
0.765625 -0.5625 0
0.765625 -0.5390625 0
0.765625 -0.515625 0
0.765625 -0.50476201844528734 0
0.765625 0.50476201844528734 0
0.765625 0.515625 0
0.765625 0.5390625 0
0.765625 0.5625 0
0.7712135601631227 -0.50392373442081895 0
0.7712135601631227 0.50392373442081895 0
0.78125 -0.35781250000000003 0
0.78125 0.35781250000000003 0
0.78303008543516295 -0.36967973623441963 0
0.78303008543516295 0.36967973623441963 0
0.78507718368560031 -0.38332705790400212 0
0.78507718368560031 0.38332705790400212 0
0.78743134667360326 -0.39902147782402198 0
0.78743134667360326 0.39902147782402198 0
0.7890625 -0.515625 0
0.7890625 -0.50390625 0
0.7890625 -0.50124639344528732 0
0.7890625 0.50124639344528732 0
0.7890625 0.50390625 0
0.7890625 0.515625 0
0.79013863410980678 -0.41707006073204489 0
0.79013863410980678 0.41707006073204489 0
0.79284592154601019 -0.43511864364006775 0
0.79284592154601019 0.43511864364006775 0
0.7967714883285052 -0.46128908885670089 0
0.7967714883285052 0.46128908885670089 0
0.80246356016312292 -0.49923623442081894 0
0.80246356016312292 0.49923623442081894 0
0.8125 -0.75 0
0.8125 -0.65625 0
0.8125 -0.609375 0
0.8125 -0.5625 0
0.8125 -0.5390625 0
0.8125 -0.515625 0
0.8125 -0.50390625 0
0.8125 -0.49773076844528735 0
0.8125 -0.35312500000000002 0
0.8125 0.35312500000000002 0
0.8125 0.49773076844528735 0
0.8125 0.50390625 0
0.8125 0.515625 0
0.8125 0.5390625 0
0.8125 0.5625 0
0.8125 0.609375 0
0.8125 0.65625 0
0.8125 0.75 0
0.81428008543516295 -0.36499223623441962 0
0.81428008543516295 0.36499223623441962 0
0.81632718368560031 -0.37863955790400211 0
0.81632718368560031 0.37863955790400211 0
0.81868134667360326 -0.39433397782402196 0
0.81868134667360326 0.39433397782402196 0
0.82138863410980678 -0.41238256073204482 0
0.82138863410980678 0.41238256073204482 0
0.82409592154601019 -0.43043114364006768 0
0.82409592154601019 0.43043114364006768 0
0.8280214883285052 -0.45660158885670082 0
0.8280214883285052 0.45660158885670082 0
0.83371356016312292 -0.49454873442081893 0
0.83371356016312292 0.49454873442081893 0
0.8359375 -0.515625 0
0.8359375 -0.50390625 0
0.8359375 -0.49421514344528739 0
0.8359375 0.49421514344528739 0
0.8359375 0.50390625 0
0.8359375 0.515625 0
0.84375 -0.34843750000000001 0
0.84375 0.34843750000000001 0
0.84553008543516295 -0.36030473623441961 0
0.84553008543516295 0.36030473623441961 0
0.84757718368560031 -0.3739520579040021 0
0.84757718368560031 0.3739520579040021 0
0.84993134667360326 -0.38964647782402195 0
0.84993134667360326 0.38964647782402195 0
0.85263863410980678 -0.40769506073204487 0
0.85263863410980678 0.40769506073204487 0
0.85534592154601019 -0.42574364364006773 0
0.85534592154601019 0.42574364364006773 0
0.8592714883285052 -0.45191408885670087 0
0.8592714883285052 0.45191408885670087 0
0.859375 -0.5625 0
0.859375 -0.5390625 0
0.859375 -0.515625 0
0.859375 -0.50390625 0
0.859375 -0.4921875 0
0.859375 -0.49069951844528742 0
0.859375 0.49069951844528742 0
0.859375 0.4921875 0
0.859375 0.50390625 0
0.859375 0.515625 0
0.859375 0.5390625 0
0.859375 0.5625 0
0.86496356016312292 -0.48986123442081897 0
0.86496356016312292 0.48986123442081897 0
0.875 -0.34375 0
0.875 0.34375 0
0.87678008543516295 -0.3556172362344196 0
0.87678008543516295 0.3556172362344196 0
0.87882718368560031 -0.36926455790400209 0
0.87882718368560031 0.36926455790400209 0
0.88118134667360326 -0.38495897782402194 0
0.88118134667360326 0.38495897782402194 0
0.8828125 -0.4921875 0
0.8828125 -0.4871838934452874 0
0.8828125 0.4871838934452874 0
0.8828125 0.4921875 0
0.88388863410980678 -0.4030075607320448 0
0.88388863410980678 0.4030075607320448 0
0.88659592154601019 -0.42105614364006766 0
0.88659592154601019 0.42105614364006766 0
0.8905214883285052 -0.4472265888567008 0
0.8905214883285052 0.4472265888567008 0
0.89621356016312292 -0.4851737344208189 0
0.89621356016312292 0.4851737344208189 0
0.90625 -0.65625 0
0.90625 -0.609375 0
0.90625 -0.5625 0
0.90625 -0.5390625 0
0.90625 -0.515625 0
0.90625 -0.4921875 0
0.90625 -0.48366826844528732 0
0.90625 -0.33906249999999999 0
0.90625 0.33906249999999999 0
0.90625 0.48366826844528732 0
0.90625 0.4921875 0
0.90625 0.515625 0
0.90625 0.5390625 0
0.90625 0.5625 0
0.90625 0.609375 0
0.90625 0.65625 0
0.90803008543516295 -0.35092973623441959 0
0.90803008543516295 0.35092973623441959 0
0.91007718368560031 -0.36457705790400208 0
0.91007718368560031 0.36457705790400208 0
0.91243134667360326 -0.38027147782402193 0
0.91243134667360326 0.38027147782402193 0
0.91513863410980667 -0.39832006073204484 0
0.91513863410980667 0.39832006073204484 0
0.91784592154601008 -0.4163686436400677 0
0.91784592154601008 0.4163686436400677 0
0.92177148832850497 -0.44253908885670085 0
0.92177148832850497 0.44253908885670085 0
0.9274635601631227 -0.48048623442081895 0
0.9274635601631227 0.48048623442081895 0
0.9296875 -0.4921875 0
0.9296875 -0.48046875 0
0.9296875 -0.48015264344528735 0
0.9296875 0.48015264344528735 0
0.9296875 0.48046875 0
0.9296875 0.4921875 0
0.9375 -0.33437500000000003 0
0.9375 0.33437500000000003 0
0.93928008543516295 -0.34624223623441963 0
0.93928008543516295 0.34624223623441963 0
0.94132718368560031 -0.35988955790400212 0
0.94132718368560031 0.35988955790400212 0
0.94368134667360326 -0.37558397782402198 0
0.94368134667360326 0.37558397782402198 0
0.94638863410980667 -0.39363256073204489 0
0.94638863410980667 0.39363256073204489 0
0.94909592154601008 -0.41168114364006775 0
0.94909592154601008 0.41168114364006775 0
0.95302148832850508 -0.43785158885670089 0
0.95302148832850508 0.43785158885670089 0
0.953125 -0.515625 0
0.953125 -0.4921875 0
0.953125 -0.48046875 0
0.953125 -0.47663701844528733 0
0.953125 0.47663701844528733 0
0.953125 0.48046875 0
0.953125 0.4921875 0
0.953125 0.515625 0
0.95871356016312281 -0.47579873442081894 0
0.95871356016312281 0.47579873442081894 0
0.96875 -0.32968750000000002 0
0.96875 0.32968750000000002 0
0.97053008543516295 -0.34155473623441962 0
0.97053008543516295 0.34155473623441962 0
0.97257718368560031 -0.35520205790400211 0
0.97257718368560031 0.35520205790400211 0
0.97493134667360326 -0.37089647782402196 0
0.97493134667360326 0.37089647782402196 0
0.9765625 -0.4921875 0
0.9765625 -0.48046875 0
0.9765625 -0.47312139344528731 0
0.9765625 0.47312139344528731 0
0.9765625 0.48046875 0
0.9765625 0.4921875 0
0.97763863410980678 -0.38894506073204482 0
0.97763863410980678 0.38894506073204482 0
0.98034592154601019 -0.40699364364006768 0
0.98034592154601019 0.40699364364006768 0
0.9842714883285052 -0.43316408885670082 0
0.9842714883285052 0.43316408885670082 0
0.98996356016312292 -0.47111123442081887 0
0.98996356016312292 0.47111123442081887 0
1 -1.5 0
1 -1.125 0
1 -0.9375 0
1 -0.75 0
1 -0.65625 0
1 -0.609375 0
1 -0.5625 0
1 -0.515625 0
1 -0.4921875 0
1 -0.48046875 0
1 -0.46960576844528734 0
1 -0.32500000000000001 0
1 0.32500000000000001 0
1 0.46960576844528734 0
1 0.48046875 0
1 0.4921875 0
1 0.515625 0
1 0.5625 0
1 0.609375 0
1 0.65625 0
1 0.75 0
1 0.9375 0
1 1.125 0
1 1.5 0
1.0017800854351628 -0.33686723623441961 0
1.0017800854351628 0.33686723623441961 0
1.0038271836856003 -0.3505145579040021 0
1.0038271836856003 0.3505145579040021 0
1.0061813466736034 -0.36620897782402195 0
1.0061813466736034 0.36620897782402195 0
1.0088886341098067 -0.38425756073204487 0
1.0088886341098067 0.38425756073204487 0
1.0115959215460102 -0.40230614364006773 0
1.0115959215460102 0.40230614364006773 0
1.0155214883285051 -0.42847658885670087 0
1.0155214883285051 0.42847658885670087 0
1.0212135601631229 -0.46642373442081897 0
1.0212135601631229 0.46642373442081897 0
1.0234375 -0.4921875 0
1.0234375 -0.48046875 0
1.0234375 -0.46875 0
1.0234375 -0.46609014344528737 0
1.0234375 0.46609014344528737 0
1.0234375 0.46875 0
1.0234375 0.48046875 0
1.0234375 0.4921875 0
1.03125 -0.3203125 0
1.03125 0.3203125 0
1.0330300854351628 -0.3321797362344196 0
1.0330300854351628 0.3321797362344196 0
1.0350771836856003 -0.34582705790400209 0
1.0350771836856003 0.34582705790400209 0
1.0374313466736034 -0.36152147782402194 0
1.0374313466736034 0.36152147782402194 0
1.0401386341098067 -0.3795700607320448 0
1.0401386341098067 0.3795700607320448 0
1.0428459215460102 -0.39761864364006766 0
1.0428459215460102 0.39761864364006766 0
1.0467714883285051 -0.4237890888567008 0
1.0467714883285051 0.4237890888567008 0
1.046875 -0.515625 0
1.046875 -0.4921875 0
1.046875 -0.48046875 0
1.046875 -0.46875 0
1.046875 -0.46257451844528735 0
1.046875 0.46257451844528735 0
1.046875 0.46875 0
1.046875 0.48046875 0
1.046875 0.4921875 0
1.046875 0.515625 0
1.0524635601631227 -0.4617362344208189 0
1.0524635601631227 0.4617362344208189 0
1.0625 -0.31562499999999999 0
1.0625 0.31562499999999999 0
1.0642800854351628 -0.32749223623441959 0
1.0642800854351628 0.32749223623441959 0
1.0663271836856003 -0.34113955790400208 0
1.0663271836856003 0.34113955790400208 0
1.0686813466736034 -0.35683397782402193 0
1.0686813466736034 0.35683397782402193 0
1.0703125 -0.46875 0
1.0703125 -0.45905889344528733 0
1.0703125 0.45905889344528733 0
1.0703125 0.46875 0
1.0713886341098067 -0.37488256073204484 0
1.0713886341098067 0.37488256073204484 0
1.07409592154601 -0.3929311436400677 0
1.07409592154601 0.3929311436400677 0
1.0780214883285051 -0.41910158885670085 0
1.0780214883285051 0.41910158885670085 0
1.0837135601631227 -0.45704873442081895 0
1.0837135601631227 0.45704873442081895 0
1.09375 -0.5625 0
1.09375 -0.515625 0
1.09375 -0.4921875 0
1.09375 -0.46875 0
1.09375 -0.45703125 0
1.09375 -0.45554326844528736 0
1.09375 -0.31093750000000003 0
1.09375 0.31093750000000003 0
1.09375 0.45554326844528736 0
1.09375 0.45703125 0
1.09375 0.46875 0
1.09375 0.4921875 0
1.09375 0.515625 0
1.09375 0.5625 0
1.0955300854351628 -0.32280473623441963 0
1.0955300854351628 0.32280473623441963 0
1.0975771836856003 -0.33645205790400212 0
1.0975771836856003 0.33645205790400212 0
1.0999313466736034 -0.35214647782402198 0
1.0999313466736034 0.35214647782402198 0
1.1026386341098067 -0.37019506073204489 0
1.1026386341098067 0.37019506073204489 0
1.1053459215460102 -0.38824364364006775 0
1.1053459215460102 0.38824364364006775 0
1.1092714883285051 -0.41441408885670089 0
1.1092714883285051 0.41441408885670089 0
1.1149635601631227 -0.45236123442081899 0
1.1149635601631227 0.45236123442081899 0
1.1171875 -0.46875 0
1.1171875 -0.45703125 0
1.1171875 -0.4520276434452874 0
1.1171875 0.4520276434452874 0
1.1171875 0.45703125 0
1.1171875 0.46875 0
1.125 -0.30625000000000002 0
1.125 0.30625000000000002 0
1.1267800854351628 -0.31811723623441962 0
1.1267800854351628 0.31811723623441962 0
1.1288271836856003 -0.33176455790400211 0
1.1288271836856003 0.33176455790400211 0
1.1311813466736034 -0.34745897782402196 0
1.1311813466736034 0.34745897782402196 0
1.1338886341098067 -0.36550756073204482 0
1.1338886341098067 0.36550756073204482 0
1.1365959215460102 -0.38355614364006768 0
1.1365959215460102 0.38355614364006768 0
1.1405214883285051 -0.40972658885670082 0
1.1405214883285051 0.40972658885670082 0
1.140625 -0.515625 0
1.140625 -0.4921875 0
1.140625 -0.46875 0
1.140625 -0.45703125 0
1.140625 -0.44851201844528732 0
1.140625 0.44851201844528732 0
1.140625 0.45703125 0
1.140625 0.46875 0
1.140625 0.4921875 0
1.140625 0.515625 0
1.1462135601631227 -0.44767373442081893 0
1.1462135601631227 0.44767373442081893 0
1.15625 -0.30156250000000001 0
1.15625 0.30156250000000001 0
1.1580300854351628 -0.31342973623441961 0
1.1580300854351628 0.31342973623441961 0
1.1600771836856003 -0.3270770579040021 0
1.1600771836856003 0.3270770579040021 0
1.1624313466736034 -0.34277147782402195 0
1.1624313466736034 0.34277147782402195 0
1.1640625 -0.46875 0
1.1640625 -0.45703125 0
1.1640625 -0.4453125 0
1.1640625 -0.44499639344528735 0
1.1640625 0.44499639344528735 0
1.1640625 0.4453125 0
1.1640625 0.45703125 0
1.1640625 0.46875 0
1.1651386341098067 -0.36082006073204487 0
1.1651386341098067 0.36082006073204487 0
1.1678459215460102 -0.37886864364006773 0
1.1678459215460102 0.37886864364006773 0
1.1717714883285051 -0.40503908885670087 0
1.1717714883285051 0.40503908885670087 0
1.1774635601631227 -0.44298623442081897 0
1.1774635601631227 0.44298623442081897 0
1.1875 -0.75 0
1.1875 -0.65625 0
1.1875 -0.5625 0
1.1875 -0.515625 0
1.1875 -0.4921875 0
1.1875 -0.46875 0
1.1875 -0.45703125 0
1.1875 -0.4453125 0
1.1875 -0.44148076844528733 0
1.1875 -0.296875 0
1.1875 0.296875 0
1.1875 0.44148076844528733 0
1.1875 0.4453125 0
1.1875 0.45703125 0
1.1875 0.46875 0
1.1875 0.4921875 0
1.1875 0.515625 0
1.1875 0.5625 0
1.1875 0.65625 0
1.1875 0.75 0
1.1892800854351628 -0.3087422362344196 0
1.1892800854351628 0.3087422362344196 0
1.1913271836856003 -0.32238955790400209 0
1.1913271836856003 0.32238955790400209 0
1.1936813466736034 -0.33808397782402194 0
1.1936813466736034 0.33808397782402194 0
1.1963886341098067 -0.3561325607320448 0
1.1963886341098067 0.3561325607320448 0
1.1990959215460102 -0.37418114364006766 0
1.1990959215460102 0.37418114364006766 0
1.2030214883285051 -0.4003515888567008 0
1.2030214883285051 0.4003515888567008 0
1.2087135601631227 -0.4382987344208189 0
1.2087135601631227 0.4382987344208189 0
1.2109375 -0.4453125 0
1.2109375 -0.43796514344528731 0
1.2109375 0.43796514344528731 0
1.2109375 0.4453125 0
1.21875 -0.29218749999999999 0
1.21875 0.29218749999999999 0
1.2205300854351628 -0.30405473623441959 0
1.2205300854351628 0.30405473623441959 0
1.2225771836856003 -0.31770205790400208 0
1.2225771836856003 0.31770205790400208 0
1.2249313466736034 -0.33339647782402193 0
1.2249313466736034 0.33339647782402193 0
1.2276386341098067 -0.35144506073204484 0
1.2276386341098067 0.35144506073204484 0
1.2303459215460102 -0.3694936436400677 0
1.2303459215460102 0.3694936436400677 0
1.2342714883285051 -0.39566408885670085 0
1.2342714883285051 0.39566408885670085 0
1.234375 -0.46875 0
1.234375 -0.4453125 0
1.234375 -0.43444951844528734 0
1.234375 0.43444951844528734 0
1.234375 0.4453125 0
1.234375 0.46875 0
1.2399635601631227 -0.43361123442081895 0
1.2399635601631227 0.43361123442081895 0
1.25 -0.28749999999999998 0
1.25 0.28749999999999998 0
1.2517800854351628 -0.29936723623441958 0
1.2517800854351628 0.29936723623441958 0
1.2538271836856003 -0.31301455790400207 0
1.2538271836856003 0.31301455790400207 0
1.2561813466736034 -0.32870897782402198 0
1.2561813466736034 0.32870897782402198 0
1.2578125 -0.4453125 0
1.2578125 -0.43359375 0
1.2578125 -0.43093389344528732 0
1.2578125 0.43093389344528732 0
1.2578125 0.43359375 0
1.2578125 0.4453125 0
1.2588886341098067 -0.34675756073204483 0
1.2588886341098067 0.34675756073204483 0
1.2615959215460102 -0.36480614364006769 0
1.2615959215460102 0.36480614364006769 0
1.2655214883285051 -0.39097658885670084 0
1.2655214883285051 0.39097658885670084 0
1.2712135601631227 -0.42892373442081888 0
1.2712135601631227 0.42892373442081888 0
1.28125 -0.5625 0
1.28125 -0.515625 0
1.28125 -0.46875 0
1.28125 -0.4453125 0
1.28125 -0.43359375 0
1.28125 -0.4274182684452873 0
1.28125 -0.28281250000000002 0
1.28125 0.28281250000000002 0
1.28125 0.4274182684452873 0
1.28125 0.43359375 0
1.28125 0.4453125 0
1.28125 0.46875 0
1.28125 0.515625 0
1.28125 0.5625 0
1.2830300854351628 -0.29467973623441962 0
1.2830300854351628 0.29467973623441962 0
1.2850771836856003 -0.30832705790400211 0
1.2850771836856003 0.30832705790400211 0
1.2874313466736034 -0.32402147782402202 0
1.2874313466736034 0.32402147782402202 0
1.2901386341098067 -0.34207006073204488 0
1.2901386341098067 0.34207006073204488 0
1.2928459215460102 -0.36011864364006774 0
1.2928459215460102 0.36011864364006774 0
1.2967714883285051 -0.38628908885670088 0
1.2967714883285051 0.38628908885670088 0
1.3024635601631227 -0.42423623442081893 0
1.3024635601631227 0.42423623442081893 0
1.3046875 -0.4453125 0
1.3046875 -0.43359375 0
1.3046875 -0.42390264344528733 0
1.3046875 0.42390264344528733 0
1.3046875 0.43359375 0
1.3046875 0.4453125 0
1.3125 -0.27812500000000001 0
1.3125 0.27812500000000001 0
1.3142800854351628 -0.28999223623441961 0
1.3142800854351628 0.28999223623441961 0
1.3163271836856003 -0.3036395579040021 0
1.3163271836856003 0.3036395579040021 0
1.3186813466736034 -0.31933397782402195 0
1.3186813466736034 0.31933397782402195 0
1.3213886341098067 -0.33738256073204487 0
1.3213886341098067 0.33738256073204487 0
1.3240959215460102 -0.35543114364006773 0
1.3240959215460102 0.35543114364006773 0
1.3280214883285051 -0.38160158885670087 0
1.3280214883285051 0.38160158885670087 0
1.328125 -0.46875 0
1.328125 -0.4453125 0
1.328125 -0.43359375 0
1.328125 -0.421875 0
1.328125 -0.42038701844528736 0
1.328125 0.42038701844528736 0
1.328125 0.421875 0
1.328125 0.43359375 0
1.328125 0.4453125 0
1.328125 0.46875 0
1.3337135601631229 -0.41954873442081891 0
1.3337135601631229 0.41954873442081891 0
1.34375 -0.2734375 0
1.34375 0.2734375 0
1.3455300854351628 -0.2853047362344196 0
1.3455300854351628 0.2853047362344196 0
1.3475771836856003 -0.29895205790400209 0
1.3475771836856003 0.29895205790400209 0
1.3499313466736034 -0.31464647782402194 0
1.3499313466736034 0.31464647782402194 0
1.3515625 -0.421875 0
1.3515625 -0.41687139344528734 0
1.3515625 0.41687139344528734 0
1.3515625 0.421875 0
1.3526386341098067 -0.3326950607320448 0
1.3526386341098067 0.3326950607320448 0
1.3553459215460102 -0.35074364364006766 0
1.3553459215460102 0.35074364364006766 0
1.3592714883285051 -0.3769140888567008 0
1.3592714883285051 0.3769140888567008 0
1.3649635601631227 -0.4148612344208189 0
1.3649635601631227 0.4148612344208189 0
1.375 -1.125 0
1.375 -0.9375 0
1.375 -0.75 0
1.375 -0.65625 0
1.375 -0.5625 0
1.375 -0.515625 0
1.375 -0.46875 0
1.375 -0.4453125 0
1.375 -0.421875 0
1.375 -0.41335576844528732 0
1.375 -0.26874999999999999 0
1.375 0.26874999999999999 0
1.375 0.41335576844528732 0
1.375 0.421875 0
1.375 0.4453125 0
1.375 0.46875 0
1.375 0.515625 0
1.375 0.5625 0
1.375 0.65625 0
1.375 0.75 0
1.375 0.9375 0
1.375 1.125 0
1.3767800854351628 -0.28061723623441959 0
1.3767800854351628 0.28061723623441959 0
1.3788271836856003 -0.29426455790400208 0
1.3788271836856003 0.29426455790400208 0
1.3811813466736034 -0.30995897782402193 0
1.3811813466736034 0.30995897782402193 0
1.3838886341098067 -0.32800756073204484 0
1.3838886341098067 0.32800756073204484 0
1.3865959215460102 -0.3460561436400677 0
1.3865959215460102 0.3460561436400677 0
1.3905214883285051 -0.37222658885670085 0
1.3905214883285051 0.37222658885670085 0
1.3962135601631227 -0.41017373442081895 0
1.3962135601631227 0.41017373442081895 0
1.3984375 -0.421875 0
1.3984375 -0.41015625 0
1.3984375 -0.40984014344528735 0
1.3984375 0.40984014344528735 0
1.3984375 0.41015625 0
1.3984375 0.421875 0
1.40625 -0.26406249999999998 0
1.40625 0.26406249999999998 0
1.4080300854351628 -0.27592973623441958 0
1.4080300854351628 0.27592973623441958 0
1.4100771836856003 -0.28957705790400207 0
1.4100771836856003 0.28957705790400207 0
1.4124313466736034 -0.30527147782402198 0
1.4124313466736034 0.30527147782402198 0
1.4151386341098067 -0.32332006073204483 0
1.4151386341098067 0.32332006073204483 0
1.4178459215460102 -0.34136864364006769 0
1.4178459215460102 0.34136864364006769 0
1.4217714883285051 -0.36753908885670084 0
1.4217714883285051 0.36753908885670084 0
1.421875 -0.46875 0
1.421875 -0.4453125 0
1.421875 -0.421875 0
1.421875 -0.41015625 0
1.421875 -0.40632451844528727 0
1.421875 0.40632451844528727 0
1.421875 0.41015625 0
1.421875 0.421875 0
1.421875 0.4453125 0
1.421875 0.46875 0
1.4274635601631227 -0.40548623442081888 0
1.4274635601631227 0.40548623442081888 0
1.4375 -0.25937500000000002 0
1.4375 0.25937500000000002 0
1.4392800854351628 -0.27124223623441962 0
1.4392800854351628 0.27124223623441962 0
1.4413271836856003 -0.28488955790400211 0
1.4413271836856003 0.28488955790400211 0
1.4436813466736034 -0.30058397782402202 0
1.4436813466736034 0.30058397782402202 0
1.4453125 -0.421875 0
1.4453125 -0.41015625 0
1.4453125 -0.40280889344528731 0
1.4453125 0.40280889344528731 0
1.4453125 0.41015625 0
1.4453125 0.421875 0
1.4463886341098067 -0.31863256073204488 0
1.4463886341098067 0.31863256073204488 0
1.4490959215460102 -0.33668114364006774 0
1.4490959215460102 0.33668114364006774 0
1.4530214883285051 -0.36285158885670088 0
1.4530214883285051 0.36285158885670088 0
1.4587135601631227 -0.40079873442081893 0
1.4587135601631227 0.40079873442081893 0
1.46875 -0.5625 0
1.46875 -0.515625 0
1.46875 -0.46875 0
1.46875 -0.4453125 0
1.46875 -0.421875 0
1.46875 -0.41015625 0
1.46875 -0.39929326844528734 0
1.46875 -0.25468750000000001 0
1.46875 0.25468750000000001 0
1.46875 0.39929326844528734 0
1.46875 0.41015625 0
1.46875 0.421875 0
1.46875 0.4453125 0
1.46875 0.46875 0
1.46875 0.515625 0
1.46875 0.5625 0
1.4705300854351628 -0.26655473623441961 0
1.4705300854351628 0.26655473623441961 0
1.4725771836856003 -0.2802020579040021 0
1.4725771836856003 0.2802020579040021 0
1.4749313466736034 -0.29589647782402195 0
1.4749313466736034 0.29589647782402195 0
1.4776386341098067 -0.31394506073204487 0
1.4776386341098067 0.31394506073204487 0
1.4803459215460102 -0.33199364364006773 0
1.4803459215460102 0.33199364364006773 0
1.4842714883285051 -0.35816408885670087 0
1.4842714883285051 0.35816408885670087 0
1.4899635601631229 -0.39611123442081897 0
1.4899635601631229 0.39611123442081897 0
1.4921875 -0.421875 0
1.4921875 -0.41015625 0
1.4921875 -0.3984375 0
1.4921875 -0.39577764344528737 0
1.4921875 0.39577764344528737 0
1.4921875 0.3984375 0
1.4921875 0.41015625 0
1.4921875 0.421875 0
1.5 -0.25 0
1.5 0.25 0
1.5019964372634871 -0.26183478346017092 0
1.5019964372634871 0.26183478346017092 0
1.5042923401164974 -0.27544478443936748 0
1.5042923401164974 0.27544478443936748 0
1.5069326283974593 -0.29109628556544354 0
1.5069326283974593 0.29109628556544354 0
1.5099689599205652 -0.30909551186043105 0
1.5099689599205652 0.30909551186043105 0
1.5130052914436714 -0.32709473815541851 0
1.5130052914436714 0.32709473815541851 0
1.515625 -0.46875 0
1.515625 -0.4453125 0
1.515625 -0.421875 0
1.515625 -0.41015625 0
1.515625 -0.3984375 0
1.515625 -0.39226201844528735 0
1.515625 0.39226201844528735 0
1.515625 0.3984375 0
1.515625 0.41015625 0
1.515625 0.421875 0
1.515625 0.4453125 0
1.515625 0.46875 0
1.5174079721521752 -0.35319361628315032 0
1.5174079721521752 0.35319361628315032 0
1.5237918591795057 -0.39103698956836147 0
1.5237918591795057 0.39103698956836147 0
1.5249999999999999 -0.24531249999999999 0
1.5249999999999999 0.24531249999999999 0
1.5272114624206021 -0.25710696624321183 0
1.5272114624206021 0.25710696624321183 0
1.5297546442042946 -0.27067060242290547 0
1.5297546442042946 0.27067060242290547 0
1.532679303255541 -0.28626878402955319 0
1.532679303255541 0.28626878402955319 0
1.5360426611644746 -0.30420669287719804 0
1.5360426611644746 0.30420669287719804 0
1.5390625 -0.3984375 0
1.5390625 -0.38817374441451874 0
1.5390625 0.38817374441451874 0
1.5390625 0.3984375 0
1.539406019073408 -0.32214460172484288 0
1.539406019073408 0.32214460172484288 0
1.5442828880413615 -0.34815456955392787 0
1.5442828880413615 0.34815456955392787 0
1.55 -0.24062500000000001 0
1.55 0.24062500000000001 0
1.5513543480448939 -0.38586902290610114 0
1.5513543480448939 0.38586902290610114 0
1.5522114624206023 -0.25241946624321188 0
1.5522114624206023 0.25241946624321188 0
1.5547546442042948 -0.26598310242290552 0
1.5547546442042948 0.26598310242290552 0
1.5576793032555412 -0.28158128402955318 0
1.5576793032555412 0.28158128402955318 0
1.5610426611644748 -0.29951919287719803 0
1.5610426611644748 0.29951919287719803 0
1.5625 -0.75 0
1.5625 -0.65625 0
1.5625 -0.5625 0
1.5625 -0.515625 0
1.5625 -0.46875 0
1.5625 -0.4453125 0
1.5625 -0.421875 0
1.5625 -0.3984375 0
1.5625 -0.38671875 0
1.5625 -0.38377921316451874 0
1.5625 0.38377921316451874 0
1.5625 0.38671875 0
1.5625 0.3984375 0
1.5625 0.421875 0
1.5625 0.4453125 0
1.5625 0.46875 0
1.5625 0.515625 0
1.5625 0.5625 0
1.5625 0.65625 0
1.5625 0.75 0
1.5644060190734081 -0.31745710172484287 0
1.5644060190734081 0.31745710172484287 0
1.5692828880413616 -0.34346706955392786 0
1.5692828880413616 0.34346706955392786 0
1.575 -0.23593749999999999 0
1.575 0.23593749999999999 0
1.576354348044894 -0.38118152290610113 0
1.576354348044894 0.38118152290610113 0
1.5772114624206022 -0.24773196624321187 0
1.5772114624206022 0.24773196624321187 0
1.5797546442042947 -0.2612956024229055 0
1.5797546442042947 0.2612956024229055 0
1.5826793032555411 -0.27689378402955317 0
1.5826793032555411 0.27689378402955317 0
1.5859375 -0.3984375 0
1.5859375 -0.38671875 0
1.5859375 -0.37938468191451874 0
1.5859375 0.37938468191451874 0
1.5859375 0.38671875 0
1.5859375 0.3984375 0
1.5860426611644747 -0.29483169287719801 0
1.5860426611644747 0.29483169287719801 0
1.5894060190734081 -0.31276960172484286 0
1.5894060190734081 0.31276960172484286 0
1.5942828880413615 -0.33877956955392785 0
1.5942828880413615 0.33877956955392785 0
1.6000000000000001 -0.23125000000000001 0
1.6000000000000001 0.23125000000000001 0
1.601354348044894 -0.37649402290610112 0
1.601354348044894 0.37649402290610112 0
1.6022114624206023 -0.24304446624321188 0
1.6022114624206023 0.24304446624321188 0
1.6047546442042948 -0.25660810242290549 0
1.6047546442042948 0.25660810242290549 0
1.6076793032555412 -0.27220628402955321 0
1.6076793032555412 0.27220628402955321 0
1.609375 -0.421875 0
1.609375 -0.3984375 0
1.609375 -0.38671875 0
1.609375 -0.375 0
1.609375 -0.37499015066451874 0
1.609375 0.37499015066451874 0
1.609375 0.375 0
1.609375 0.38671875 0
1.609375 0.3984375 0
1.609375 0.421875 0
1.6110426611644748 -0.29014419287719806 0
1.6110426611644748 0.29014419287719806 0
1.6144060190734082 -0.30808210172484291 0
1.6144060190734082 0.30808210172484291 0
1.6192828880413617 -0.3340920695539279 0
1.6192828880413617 0.3340920695539279 0
1.625 -0.2265625 0
1.625 0.2265625 0
1.6263543480448941 -0.37180652290610117 0
1.6263543480448941 0.37180652290610117 0
1.6272114624206022 -0.23835696624321187 0
1.6272114624206022 0.23835696624321187 0
1.6297546442042947 -0.25192060242290548 0
1.6297546442042947 0.25192060242290548 0
1.6326793032555413 -0.2675187840295532 0
1.6326793032555413 0.2675187840295532 0
1.6328125 -0.375 0
1.6328125 -0.3705956194145188 0
1.6328125 0.3705956194145188 0
1.6328125 0.375 0
1.6360426611644747 -0.28545669287719799 0
1.6360426611644747 0.28545669287719799 0
1.6394060190734081 -0.30339460172484284 0
1.6394060190734081 0.30339460172484284 0
1.6442828880413616 -0.32940456955392783 0
1.6442828880413616 0.32940456955392783 0
1.6499999999999999 -0.22187499999999999 0
1.6499999999999999 0.22187499999999999 0
1.6513543480448942 -0.3671190229061011 0
1.6513543480448942 0.3671190229061011 0
1.6522114624206021 -0.23366946624321186 0
1.6522114624206021 0.23366946624321186 0
1.6547546442042946 -0.2472331024229055 0
1.6547546442042946 0.2472331024229055 0
1.65625 -0.46875 0
1.65625 -0.421875 0
1.65625 -0.3984375 0
1.65625 -0.375 0
1.65625 -0.36620108816451874 0
1.65625 0.36620108816451874 0
1.65625 0.375 0
1.65625 0.3984375 0
1.65625 0.421875 0
1.65625 0.46875 0
1.657679303255541 -0.26283128402955319 0
1.657679303255541 0.26283128402955319 0
1.6610426611644746 -0.28076919287719804 0
1.6610426611644746 0.28076919287719804 0
1.664406019073408 -0.29870710172484288 0
1.664406019073408 0.29870710172484288 0
1.6692828880413615 -0.32471706955392787 0
1.6692828880413615 0.32471706955392787 0
1.675 -0.21718750000000001 0
1.675 0.21718750000000001 0
1.6763543480448939 -0.36243152290610114 0
1.6763543480448939 0.36243152290610114 0
1.6772114624206023 -0.22898196624321188 0
1.6772114624206023 0.22898196624321188 0
1.6796875 -0.375 0
1.6796875 -0.36328125 0
1.6796875 -0.36180655691451874 0
1.6796875 0.36180655691451874 0
1.6796875 0.36328125 0
1.6796875 0.375 0
1.6797546442042948 -0.24254560242290552 0
1.6797546442042948 0.24254560242290552 0
1.6826793032555412 -0.25814378402955318 0
1.6826793032555412 0.25814378402955318 0
1.6860426611644748 -0.27608169287719803 0
1.6860426611644748 0.27608169287719803 0
1.6894060190734081 -0.29401960172484287 0
1.6894060190734081 0.29401960172484287 0
1.6942828880413616 -0.32002956955392786 0
1.6942828880413616 0.32002956955392786 0
1.7 -0.21249999999999999 0
1.7 0.21249999999999999 0
1.701354348044894 -0.35774402290610113 0
1.701354348044894 0.35774402290610113 0
1.7022114624206022 -0.22429446624321187 0
1.7022114624206022 0.22429446624321187 0
1.703125 -0.421875 0
1.703125 -0.3984375 0
1.703125 -0.375 0
1.703125 -0.36328125 0
1.703125 -0.35741202566451874 0
1.703125 0.35741202566451874 0
1.703125 0.36328125 0
1.703125 0.375 0
1.703125 0.3984375 0
1.703125 0.421875 0
1.7047546442042947 -0.2378581024229055 0
1.7047546442042947 0.2378581024229055 0
1.7076793032555413 -0.25345628402955317 0
1.7076793032555413 0.25345628402955317 0
1.7110426611644747 -0.27139419287719801 0
1.7110426611644747 0.27139419287719801 0
1.7144060190734081 -0.28933210172484286 0
1.7144060190734081 0.28933210172484286 0
1.7192828880413615 -0.31534206955392785 0
1.7192828880413615 0.31534206955392785 0
1.7249999999999999 -0.20781250000000001 0
1.7249999999999999 0.20781250000000001 0
1.726354348044894 -0.35305652290610112 0
1.726354348044894 0.35305652290610112 0
1.7265625 -0.375 0
1.7265625 -0.36328125 0
1.7265625 -0.35301749441451874 0
1.7265625 0.35301749441451874 0
1.7265625 0.36328125 0
1.7265625 0.375 0
1.7272114624206021 -0.21960696624321188 0
1.7272114624206021 0.21960696624321188 0
1.7297546442042946 -0.23317060242290552 0
1.7297546442042946 0.23317060242290552 0
1.732679303255541 -0.24876878402955321 0
1.732679303255541 0.24876878402955321 0
1.7360426611644746 -0.26670669287719806 0
1.7360426611644746 0.26670669287719806 0
1.739406019073408 -0.28464460172484291 0
1.739406019073408 0.28464460172484291 0
1.7442828880413614 -0.3106545695539279 0
1.7442828880413614 0.3106545695539279 0
1.75 -1.5 0
1.75 -1.125 0
1.75 -0.9375 0
1.75 -0.75 0
1.75 -0.65625 0
1.75 -0.5625 0
1.75 -0.46875 0
1.75 -0.421875 0
1.75 -0.3984375 0
1.75 -0.375 0
1.75 -0.36328125 0
1.75 -0.3515625 0
1.75 -0.34862296316451874 0
1.75 -0.203125 0
1.75 0.203125 0
1.75 0.34862296316451874 0
1.75 0.3515625 0
1.75 0.36328125 0
1.75 0.375 0
1.75 0.3984375 0
1.75 0.421875 0
1.75 0.46875 0
1.75 0.5625 0
1.75 0.65625 0
1.75 0.75 0
1.75 0.9375 0
1.75 1.125 0
1.75 1.5 0
1.7513543480448939 -0.34836902290610117 0
1.7513543480448939 0.34836902290610117 0
1.7522114624206022 -0.21491946624321187 0
1.7522114624206022 0.21491946624321187 0
1.7547546442042947 -0.22848310242290551 0
1.7547546442042947 0.22848310242290551 0
1.7576793032555413 -0.2440812840295532 0
1.7576793032555413 0.2440812840295532 0
1.7610426611644747 -0.26201919287719805 0
1.7610426611644747 0.26201919287719805 0
1.7644060190734081 -0.27995710172484289 0
1.7644060190734081 0.27995710172484289 0
1.7692828880413616 -0.30596706955392788 0
1.7692828880413616 0.30596706955392788 0
1.7734375 -0.3515625 0
1.7734375 -0.3442284319145188 0
1.7734375 0.3442284319145188 0
1.7734375 0.3515625 0
1.7749999999999999 -0.19843749999999999 0
1.7749999999999999 0.19843749999999999 0
1.776354348044894 -0.34368152290610116 0
1.776354348044894 0.34368152290610116 0
1.7772114624206021 -0.21023196624321186 0
1.7772114624206021 0.21023196624321186 0
1.7797546442042946 -0.2237956024229055 0
1.7797546442042946 0.2237956024229055 0
1.7826793032555412 -0.23939378402955319 0
1.7826793032555412 0.23939378402955319 0
1.7860426611644746 -0.25733169287719804 0
1.7860426611644746 0.25733169287719804 0
1.789406019073408 -0.27526960172484288 0
1.789406019073408 0.27526960172484288 0
1.7942828880413615 -0.30127956955392787 0
1.7942828880413615 0.30127956955392787 0
1.796875 -0.375 0
1.796875 -0.3515625 0
1.796875 -0.33984375 0
1.796875 -0.3398339006645188 0
1.796875 0.3398339006645188 0
1.796875 0.33984375 0
1.796875 0.3515625 0
1.796875 0.375 0
1.7999999999999998 -0.19375000000000001 0
1.7999999999999998 0.19375000000000001 0
1.8013543480448941 -0.33899402290610114 0
1.8013543480448941 0.33899402290610114 0
1.802211462420602 -0.20554446624321188 0
1.802211462420602 0.20554446624321188 0
1.8047546442042945 -0.21910810242290552 0
1.8047546442042945 0.21910810242290552 0
1.8076793032555409 -0.23470628402955321 0
1.8076793032555409 0.23470628402955321 0
1.8110426611644745 -0.25264419287719803 0
1.8110426611644745 0.25264419287719803 0
1.8144060190734079 -0.27058210172484287 0
1.8144060190734079 0.27058210172484287 0
1.8192828880413614 -0.29659206955392786 0
1.8192828880413614 0.29659206955392786 0
1.8203125 -0.3515625 0
1.8203125 -0.33984375 0
1.8203125 -0.33543936941451874 0
1.8203125 0.33543936941451874 0
1.8203125 0.33984375 0
1.8203125 0.3515625 0
1.825 -0.18906249999999999 0
1.825 0.18906249999999999 0
1.8263543480448938 -0.33430652290610113 0
1.8263543480448938 0.33430652290610113 0
1.8272114624206022 -0.20085696624321187 0
1.8272114624206022 0.20085696624321187 0
1.8297546442042947 -0.2144206024229055 0
1.8297546442042947 0.2144206024229055 0
1.8326793032555411 -0.2300187840295532 0
1.8326793032555411 0.2300187840295532 0
1.8360426611644747 -0.24795669287719801 0
1.8360426611644747 0.24795669287719801 0
1.8394060190734081 -0.26589460172484286 0
1.8394060190734081 0.26589460172484286 0
1.84375 -0.46875 0
1.84375 -0.421875 0
1.84375 -0.375 0
1.84375 -0.3515625 0
1.84375 -0.33984375 0
1.84375 -0.33104483816451874 0
1.84375 0.33104483816451874 0
1.84375 0.33984375 0
1.84375 0.3515625 0
1.84375 0.375 0
1.84375 0.421875 0
1.84375 0.46875 0
1.8442828880413615 -0.29190456955392785 0
1.8442828880413615 0.29190456955392785 0
1.8499999999999999 -0.18437500000000001 0
1.8499999999999999 0.18437500000000001 0
1.851354348044894 -0.32961902290610112 0
1.851354348044894 0.32961902290610112 0
1.8522114624206021 -0.19616946624321188 0
1.8522114624206021 0.19616946624321188 0
1.8547546442042946 -0.20973310242290552 0
1.8547546442042946 0.20973310242290552 0
1.857679303255541 -0.22533128402955321 0
1.857679303255541 0.22533128402955321 0
1.8610426611644746 -0.24326919287719806 0
1.8610426611644746 0.24326919287719806 0
1.864406019073408 -0.26120710172484291 0
1.864406019073408 0.26120710172484291 0
1.8671875 -0.3515625 0
1.8671875 -0.33984375 0
1.8671875 -0.328125 0
1.8671875 -0.32665030691451874 0
1.8671875 0.32665030691451874 0
1.8671875 0.328125 0
1.8671875 0.33984375 0
1.8671875 0.3515625 0
1.8692828880413614 -0.2872170695539279 0
1.8692828880413614 0.2872170695539279 0
1.875 -0.1796875 0
1.875 0.1796875 0
1.8763543480448939 -0.32493152290610117 0
1.8763543480448939 0.32493152290610117 0
1.8772114624206022 -0.19148196624321187 0
1.8772114624206022 0.19148196624321187 0
1.8797546442042947 -0.20504560242290551 0
1.8797546442042947 0.20504560242290551 0
1.8826793032555413 -0.2206437840295532 0
1.8826793032555413 0.2206437840295532 0
1.8860426611644747 -0.23858169287719802 0
1.8860426611644747 0.23858169287719802 0
1.8894060190734081 -0.25651960172484284 0
1.8894060190734081 0.25651960172484284 0
1.890625 -0.375 0
1.890625 -0.3515625 0
1.890625 -0.33984375 0
1.890625 -0.328125 0
1.890625 -0.32225577566451874 0
1.890625 0.32225577566451874 0
1.890625 0.328125 0
1.890625 0.33984375 0
1.890625 0.3515625 0
1.890625 0.375 0
1.8942828880413616 -0.28252956955392788 0
1.8942828880413616 0.28252956955392788 0
1.8999999999999999 -0.17499999999999999 0
1.8999999999999999 0.17499999999999999 0
1.9013543480448942 -0.3202440229061011 0
1.9013543480448942 0.3202440229061011 0
1.9022114624206021 -0.18679446624321186 0
1.9022114624206021 0.18679446624321186 0
1.9047546442042946 -0.2003581024229055 0
1.9047546442042946 0.2003581024229055 0
1.9076793032555412 -0.21595628402955319 0
1.9076793032555412 0.21595628402955319 0
1.9110426611644746 -0.23389419287719801 0
1.9110426611644746 0.23389419287719801 0
1.9140625 -0.328125 0
1.9140625 -0.31786124441451874 0
1.9140625 0.31786124441451874 0
1.9140625 0.328125 0
1.914406019073408 -0.25183210172484283 0
1.914406019073408 0.25183210172484283 0
1.9192828880413615 -0.27784206955392787 0
1.9192828880413615 0.27784206955392787 0
1.9249999999999998 -0.17031250000000001 0
1.9249999999999998 0.17031250000000001 0
1.9263543480448939 -0.31555652290610109 0
1.9263543480448939 0.31555652290610109 0
1.927211462420602 -0.18210696624321188 0
1.927211462420602 0.18210696624321188 0
1.9297546442042945 -0.19567060242290552 0
1.9297546442042945 0.19567060242290552 0
1.9326793032555409 -0.21126878402955321 0
1.9326793032555409 0.21126878402955321 0
1.9360426611644745 -0.22920669287719803 0
1.9360426611644745 0.22920669287719803 0
1.9375 -0.5625 0
1.9375 -0.46875 0
1.9375 -0.421875 0
1.9375 -0.375 0
1.9375 -0.3515625 0
1.9375 -0.328125 0
1.9375 -0.31640625 0
1.9375 -0.31346671316451868 0
1.9375 0.31346671316451868 0
1.9375 0.31640625 0
1.9375 0.328125 0
1.9375 0.3515625 0
1.9375 0.375 0
1.9375 0.421875 0
1.9375 0.46875 0
1.9375 0.5625 0
1.9394060190734079 -0.24714460172484287 0
1.9394060190734079 0.24714460172484287 0
1.9442828880413614 -0.27315456955392786 0
1.9442828880413614 0.27315456955392786 0
1.95 -0.16562499999999999 0
1.95 0.16562499999999999 0
1.9513543480448938 -0.31086902290610113 0
1.9513543480448938 0.31086902290610113 0
1.9522114624206022 -0.17741946624321187 0
1.9522114624206022 0.17741946624321187 0
1.9547546442042947 -0.1909831024229055 0
1.9547546442042947 0.1909831024229055 0
1.9576793032555411 -0.2065812840295532 0
1.9576793032555411 0.2065812840295532 0
1.9609375 -0.328125 0
1.9609375 -0.31640625 0
1.9609375 -0.30907218191451874 0
1.9609375 0.30907218191451874 0
1.9609375 0.31640625 0
1.9609375 0.328125 0
1.9610426611644747 -0.22451919287719801 0
1.9610426611644747 0.22451919287719801 0
1.9644060190734081 -0.24245710172484286 0
1.9644060190734081 0.24245710172484286 0
1.9692828880413615 -0.26846706955392785 0
1.9692828880413615 0.26846706955392785 0
1.9749999999999999 -0.16093750000000001 0
1.9749999999999999 0.16093750000000001 0
1.976354348044894 -0.30618152290610112 0
1.976354348044894 0.30618152290610112 0
1.9772114624206021 -0.17273196624321188 0
1.9772114624206021 0.17273196624321188 0
1.9797546442042946 -0.18629560242290552 0
1.9797546442042946 0.18629560242290552 0
1.982679303255541 -0.20189378402955321 0
1.982679303255541 0.20189378402955321 0
1.984375 -0.375 0
1.984375 -0.3515625 0
1.984375 -0.328125 0
1.984375 -0.31640625 0
1.984375 -0.3046875 0
1.984375 -0.30467765066451874 0
1.984375 0.30467765066451874 0
1.984375 0.3046875 0
1.984375 0.31640625 0
1.984375 0.328125 0
1.984375 0.3515625 0
1.984375 0.375 0
1.9860426611644746 -0.21983169287719806 0
1.9860426611644746 0.21983169287719806 0
1.989406019073408 -0.23776960172484291 0
1.989406019073408 0.23776960172484291 0
1.9942828880413614 -0.2637795695539279 0
1.9942828880413614 0.2637795695539279 0
2 -0.15625 0
2 0.15625 0
2.0013543480448939 -0.30149402290610117 0
2.0013543480448939 0.30149402290610117 0
2.0022114624206022 -0.16804446624321187 0
2.0022114624206022 0.16804446624321187 0
2.0047546442042949 -0.18160810242290551 0
2.0047546442042949 0.18160810242290551 0
2.0076793032555411 -0.1972062840295532 0
2.0076793032555411 0.1972062840295532 0
2.0078125 -0.3046875 0
2.0078125 -0.30028311941451874 0
2.0078125 0.30028311941451874 0
2.0078125 0.3046875 0
2.0110426611644745 -0.21514419287719805 0
2.0110426611644745 0.21514419287719805 0
2.0144060190734079 -0.23308210172484289 0
2.0144060190734079 0.23308210172484289 0
2.0192828880413614 -0.25909206955392788 0
2.0192828880413614 0.25909206955392788 0
2.0249999999999999 -0.15156250000000002 0
2.0249999999999999 0.15156250000000002 0
2.0263543480448938 -0.29680652290610116 0
2.0263543480448938 0.29680652290610116 0
2.0272114624206021 -0.16335696624321189 0
2.0272114624206021 0.16335696624321189 0
2.0297546442042949 -0.17692060242290553 0
2.0297546442042949 0.17692060242290553 0
2.03125 -0.46875 0
2.03125 -0.421875 0
2.03125 -0.375 0
2.03125 -0.3515625 0
2.03125 -0.328125 0
2.03125 -0.3046875 0
2.03125 -0.29588858816451874 0
2.03125 0.29588858816451874 0
2.03125 0.3046875 0
2.03125 0.328125 0
2.03125 0.3515625 0
2.03125 0.375 0
2.03125 0.421875 0
2.03125 0.46875 0
2.032679303255541 -0.19251878402955319 0
2.032679303255541 0.19251878402955319 0
2.0360426611644744 -0.21045669287719804 0
2.0360426611644744 0.21045669287719804 0
2.0394060190734078 -0.22839460172484288 0
2.0394060190734078 0.22839460172484288 0
2.0442828880413613 -0.25440456955392787 0
2.0442828880413613 0.25440456955392787 0
2.0499999999999998 -0.14687500000000001 0
2.0499999999999998 0.14687500000000001 0
2.0513543480448937 -0.29211902290610114 0
2.0513543480448937 0.29211902290610114 0
2.052211462420602 -0.15866946624321188 0
2.052211462420602 0.15866946624321188 0
2.0546875 -0.3046875 0
2.0546875 -0.29296875 0
2.0546875 -0.29149405691451868 0
2.0546875 0.29149405691451868 0
2.0546875 0.29296875 0
2.0546875 0.3046875 0
2.0547546442042948 -0.17223310242290552 0
2.0547546442042948 0.17223310242290552 0
2.0576793032555409 -0.18783128402955318 0
2.0576793032555409 0.18783128402955318 0
2.0610426611644743 -0.20576919287719803 0
2.0610426611644743 0.20576919287719803 0
2.0644060190734077 -0.22370710172484287 0
2.0644060190734077 0.22370710172484287 0
2.0692828880413612 -0.24971706955392786 0
2.0692828880413612 0.24971706955392786 0
2.0749999999999997 -0.14218749999999999 0
2.0749999999999997 0.14218749999999999 0
2.0763543480448936 -0.28743152290610113 0
2.0763543480448936 0.28743152290610113 0
2.077211462420602 -0.15398196624321187 0
2.077211462420602 0.15398196624321187 0
2.078125 -0.328125 0
2.078125 -0.3046875 0
2.078125 -0.29296875 0
2.078125 -0.28709952566451868 0
2.078125 0.28709952566451868 0
2.078125 0.29296875 0
2.078125 0.3046875 0
2.078125 0.328125 0
2.0797546442042947 -0.1675456024229055 0
2.0797546442042947 0.1675456024229055 0
2.0826793032555408 -0.18314378402955317 0
2.0826793032555408 0.18314378402955317 0
2.0860426611644742 -0.20108169287719801 0
2.0860426611644742 0.20108169287719801 0
2.0894060190734076 -0.21901960172484286 0
2.0894060190734076 0.21901960172484286 0
2.0942828880413611 -0.24502956955392785 0
2.0942828880413611 0.24502956955392785 0
2.0999999999999996 -0.13750000000000001 0
2.0999999999999996 0.13750000000000001 0
2.1013543480448935 -0.28274402290610112 0
2.1013543480448935 0.28274402290610112 0
2.1015625 -0.3046875 0
2.1015625 -0.29296875 0
2.1015625 -0.28270499441451868 0
2.1015625 0.28270499441451868 0
2.1015625 0.29296875 0
2.1015625 0.3046875 0
2.1022114624206019 -0.14929446624321188 0
2.1022114624206019 0.14929446624321188 0
2.1047546442042946 -0.16285810242290552 0
2.1047546442042946 0.16285810242290552 0
2.1076793032555408 -0.17845628402955321 0
2.1076793032555408 0.17845628402955321 0
2.1110426611644741 -0.19639419287719806 0
2.1110426611644741 0.19639419287719806 0
2.1144060190734075 -0.21433210172484291 0
2.1144060190734075 0.21433210172484291 0
2.119282888041361 -0.24034206955392792 0
2.119282888041361 0.24034206955392792 0
2.125 -0.75 0
2.125 -0.5625 0
2.125 -0.46875 0
2.125 -0.421875 0
2.125 -0.375 0
2.125 -0.328125 0
2.125 -0.3046875 0
2.125 -0.29296875 0
2.125 -0.28125 0
2.125 -0.27831046316451868 0
2.125 -0.1328125 0
2.125 0.1328125 0
2.125 0.27831046316451868 0
2.125 0.28125 0
2.125 0.29296875 0
2.125 0.3046875 0
2.125 0.328125 0
2.125 0.375 0
2.125 0.421875 0
2.125 0.46875 0
2.125 0.5625 0
2.125 0.75 0
2.1263543480448934 -0.27805652290610117 0
2.1263543480448934 0.27805652290610117 0
2.1272114624206022 -0.14460696624321187 0
2.1272114624206022 0.14460696624321187 0
2.1297546442042949 -0.15817060242290551 0
2.1297546442042949 0.15817060242290551 0
2.1326793032555411 -0.1737687840295532 0
2.1326793032555411 0.1737687840295532 0
2.1360426611644745 -0.19170669287719805 0
2.1360426611644745 0.19170669287719805 0
2.1394060190734079 -0.20964460172484289 0
2.1394060190734079 0.20964460172484289 0
2.1442828880413614 -0.23565456955392791 0
2.1442828880413614 0.23565456955392791 0
2.1484375 -0.28125 0
2.1484375 -0.27391593191451874 0
2.1484375 0.27391593191451874 0
2.1484375 0.28125 0
2.1499999999999999 -0.12812500000000002 0
2.1499999999999999 0.12812500000000002 0
2.1513543480448938 -0.27336902290610116 0
2.1513543480448938 0.27336902290610116 0
2.1522114624206021 -0.13991946624321189 0
2.1522114624206021 0.13991946624321189 0
2.1547546442042949 -0.15348310242290553 0
2.1547546442042949 0.15348310242290553 0
2.157679303255541 -0.16908128402955319 0
2.157679303255541 0.16908128402955319 0
2.1610426611644744 -0.18701919287719804 0
2.1610426611644744 0.18701919287719804 0
2.1644060190734078 -0.20495710172484288 0
2.1644060190734078 0.20495710172484288 0
2.1692828880413613 -0.23096706955392787 0
2.1692828880413613 0.23096706955392787 0
2.171875 -0.328125 0
2.171875 -0.3046875 0
2.171875 -0.28125 0
2.171875 -0.26953125 0
2.171875 -0.26952140066451874 0
2.171875 0.26952140066451874 0
2.171875 0.26953125 0
2.171875 0.28125 0
2.171875 0.3046875 0
2.171875 0.328125 0
2.1749999999999998 -0.12343750000000001 0
2.1749999999999998 0.12343750000000001 0
2.1763543480448937 -0.26868152290610114 0
2.1763543480448937 0.26868152290610114 0
2.177211462420602 -0.13523196624321188 0
2.177211462420602 0.13523196624321188 0
2.1797546442042948 -0.14879560242290552 0
2.1797546442042948 0.14879560242290552 0
2.1826793032555409 -0.16439378402955318 0
2.1826793032555409 0.16439378402955318 0
2.1860426611644743 -0.18233169287719803 0
2.1860426611644743 0.18233169287719803 0
2.1894060190734077 -0.20026960172484287 0
2.1894060190734077 0.20026960172484287 0
2.1942828880413612 -0.22627956955392786 0
2.1942828880413612 0.22627956955392786 0
2.1953125 -0.28125 0
2.1953125 -0.26953125 0
2.1953125 -0.26512686941451868 0
2.1953125 0.26512686941451868 0
2.1953125 0.26953125 0
2.1953125 0.28125 0
2.1999999999999997 -0.11875000000000001 0
2.1999999999999997 0.11875000000000001 0
2.2013543480448936 -0.26399402290610113 0
2.2013543480448936 0.26399402290610113 0
2.202211462420602 -0.13054446624321187 0
2.202211462420602 0.13054446624321187 0
2.2047546442042947 -0.1441081024229055 0
2.2047546442042947 0.1441081024229055 0
2.2076793032555408 -0.1597062840295532 0
2.2076793032555408 0.1597062840295532 0
2.2110426611644742 -0.17764419287719801 0
2.2110426611644742 0.17764419287719801 0
2.2144060190734076 -0.19558210172484286 0
2.2144060190734076 0.19558210172484286 0
2.21875 -0.375 0
2.21875 -0.328125 0
2.21875 -0.3046875 0
2.21875 -0.28125 0
2.21875 -0.26953125 0
2.21875 -0.26073233816451868 0
2.21875 0.26073233816451868 0
2.21875 0.26953125 0
2.21875 0.28125 0
2.21875 0.3046875 0
2.21875 0.328125 0
2.21875 0.375 0
2.2192828880413611 -0.22159206955392785 0
2.2192828880413611 0.22159206955392785 0
2.2249999999999996 -0.11406250000000001 0
2.2249999999999996 0.11406250000000001 0
2.2263543480448935 -0.25930652290610112 0
2.2263543480448935 0.25930652290610112 0
2.2272114624206019 -0.12585696624321188 0
2.2272114624206019 0.12585696624321188 0
2.2297546442042946 -0.13942060242290552 0
2.2297546442042946 0.13942060242290552 0
2.2326793032555408 -0.15501878402955321 0
2.2326793032555408 0.15501878402955321 0
2.2360426611644741 -0.17295669287719806 0
2.2360426611644741 0.17295669287719806 0
2.2394060190734075 -0.19089460172484291 0
2.2394060190734075 0.19089460172484291 0
2.2421875 -0.28125 0
2.2421875 -0.26953125 0
2.2421875 -0.2578125 0
2.2421875 -0.25633780691451868 0
2.2421875 0.25633780691451868 0
2.2421875 0.2578125 0
2.2421875 0.26953125 0
2.2421875 0.28125 0
2.244282888041361 -0.21690456955392792 0
2.244282888041361 0.21690456955392792 0
2.25 -0.109375 0
2.25 0.109375 0
2.2513543480448934 -0.25461902290610117 0
2.2513543480448934 0.25461902290610117 0
2.2522114624206022 -0.12116946624321187 0
2.2522114624206022 0.12116946624321187 0
2.2547546442042949 -0.13473310242290551 0
2.2547546442042949 0.13473310242290551 0
2.2576793032555411 -0.1503312840295532 0
2.2576793032555411 0.1503312840295532 0
2.2610426611644745 -0.16826919287719805 0
2.2610426611644745 0.16826919287719805 0
2.2644060190734079 -0.18620710172484289 0
2.2644060190734079 0.18620710172484289 0
2.265625 -0.328125 0
2.265625 -0.3046875 0
2.265625 -0.28125 0
2.265625 -0.26953125 0
2.265625 -0.2578125 0
2.265625 -0.25194327566451874 0
2.265625 0.25194327566451874 0
2.265625 0.2578125 0
2.265625 0.26953125 0
2.265625 0.28125 0
2.265625 0.3046875 0
2.265625 0.328125 0
2.2692828880413614 -0.21221706955392791 0
2.2692828880413614 0.21221706955392791 0
2.2749999999999999 -0.1046875 0
2.2749999999999999 0.1046875 0
2.2763543480448938 -0.24993152290610116 0
2.2763543480448938 0.24993152290610116 0
2.2772114624206021 -0.11648196624321186 0
2.2772114624206021 0.11648196624321186 0
2.2797546442042949 -0.1300456024229055 0
2.2797546442042949 0.1300456024229055 0
2.282679303255541 -0.14564378402955319 0
2.282679303255541 0.14564378402955319 0
2.2860426611644744 -0.16358169287719804 0
2.2860426611644744 0.16358169287719804 0
2.2890625 -0.2578125 0
2.2890625 -0.24754874441451871 0
2.2890625 0.24754874441451871 0
2.2890625 0.2578125 0
2.2894060190734078 -0.18151960172484288 0
2.2894060190734078 0.18151960172484288 0
2.2942828880413613 -0.2075295695539279 0
2.2942828880413613 0.2075295695539279 0
2.2999999999999998 -0.10000000000000001 0
2.2999999999999998 0.10000000000000001 0
2.3013543480448937 -0.24524402290610114 0
2.3013543480448937 0.24524402290610114 0
2.3020684118521397 -0.11182128822479852 0
2.3020684118521397 0.11182128822479852 0
2.3044470854821011 -0.1254157696833168 0
2.3044470854821011 0.1254157696833168 0
2.3071825601565563 -0.14104942336061285 0
2.3071825601565563 0.14104942336061285 0
2.3103283560321799 -0.15902812508950329 0
2.3103283560321799 0.15902812508950329 0
2.3125 -0.5625 0
2.3125 -0.46875 0
2.3125 -0.375 0
2.3125 -0.328125 0
2.3125 -0.3046875 0
2.3125 -0.28125 0
2.3125 -0.2578125 0
2.3125 -0.24609375 0
2.3125 -0.24315421316451874 0
2.3125 0.24315421316451874 0
2.3125 0.24609375 0
2.3125 0.2578125 0
2.3125 0.28125 0
2.3125 0.3046875 0
2.3125 0.328125 0
2.3125 0.375 0
2.3125 0.46875 0
2.3125 0.5625 0
2.3134741519078035 -0.17700682681839372 0
2.3134741519078035 0.17700682681839372 0
2.3180355559274575 -0.20307594432528486 0
2.3180355559274575 0.20307594432528486 0
2.3246495917559562 -0.24087616471027701 0
2.3246495917559562 0.24087616471027701 0
2.3249999999999997 -0.095937500000000009 0
2.3249999999999997 0.095937500000000009 0
2.3269247528325163 -0.10778213281548732 0
2.3269247528325163 0.10778213281548732 0
2.3291382185899105 -0.12140346055329773 0
2.3291382185899105 0.12140346055329773 0
2.331683704210914 -0.13706798745177973 0
2.331683704210914 0.13706798745177973 0
2.3346110126750679 -0.15508219338503398 0
2.3346110126750679 0.15508219338503398 0
2.3359375 -0.2578125 0
2.3359375 -0.24609375 0
2.3359375 -0.23904187962061987 0
2.3359375 0.23904187962061987 0
2.3359375 0.24609375 0
2.3359375 0.2578125 0
2.3375383211392218 -0.17309639931828824 0
2.3375383211392218 0.17309639931828824 0
2.3417829184122447 -0.19921699792150693 0
2.3417829184122447 0.19921699792150693 0
2.3479375844581281 -0.23709186589617404 0
2.3479375844581281 0.23709186589617404 0
2.3499999999999996 -0.091875000000000012 0
2.3499999999999996 0.091875000000000012 0
2.3519247528325162 -0.10371963281548732 0
2.3519247528325162 0.10371963281548732 0
2.3541382185899105 -0.11734096055329775 0
2.3541382185899105 0.11734096055329775 0
2.3566837042109139 -0.13300548745177973 0
2.3566837042109139 0.13300548745177973 0
2.359375 -0.28125 0
2.359375 -0.2578125 0
2.359375 -0.24609375 0
2.359375 -0.23523328587061984 0
2.359375 0.23523328587061984 0
2.359375 0.24609375 0
2.359375 0.2578125 0
2.359375 0.28125 0
2.3596110126750678 -0.15101969338503399 0
2.3596110126750678 0.15101969338503399 0
2.3625383211392217 -0.16903389931828827 0
2.3625383211392217 0.16903389931828827 0
2.3667829184122446 -0.19515449792150696 0
2.3667829184122446 0.19515449792150696 0
2.372937584458128 -0.23302936589617404 0
2.372937584458128 0.23302936589617404 0
2.375 -0.087812500000000002 0
2.375 0.087812500000000002 0
2.3769247528325166 -0.099657132815487326 0
2.3769247528325166 0.099657132815487326 0
2.3791382185899108 -0.11327846055329774 0
2.3791382185899108 0.11327846055329774 0
2.3816837042109142 -0.12894298745177971 0
2.3816837042109142 0.12894298745177971 0
2.3828125 -0.2578125 0
2.3828125 -0.24609375 0
2.3828125 -0.234375 0
2.3828125 -0.23142469212061986 0
2.3828125 0.23142469212061986 0
2.3828125 0.234375 0
2.3828125 0.24609375 0
2.3828125 0.2578125 0
2.3846110126750681 -0.14695719338503399 0
2.3846110126750681 0.14695719338503399 0
2.387538321139222 -0.16497139931828825 0
2.387538321139222 0.16497139931828825 0
2.391782918412245 -0.19109199792150694 0
2.391782918412245 0.19109199792150694 0
2.3979375844581283 -0.22896686589617404 0
2.3979375844581283 0.22896686589617404 0
2.3999999999999999 -0.083750000000000005 0
2.3999999999999999 0.083750000000000005 0
2.4019247528325165 -0.095594632815487315 0
2.4019247528325165 0.095594632815487315 0
2.4041382185899107 -0.10921596055329773 0
2.4041382185899107 0.10921596055329773 0
2.40625 -0.375 0
2.40625 -0.328125 0
2.40625 -0.28125 0
2.40625 -0.2578125 0
2.40625 -0.24609375 0
2.40625 -0.234375 0
2.40625 -0.22761609837061988 0
2.40625 0.22761609837061988 0
2.40625 0.234375 0
2.40625 0.24609375 0
2.40625 0.2578125 0
2.40625 0.28125 0
2.40625 0.328125 0
2.40625 0.375 0
2.4066837042109142 -0.12488048745177971 0
2.4066837042109142 0.12488048745177971 0
2.4096110126750681 -0.14289469338503397 0
2.4096110126750681 0.14289469338503397 0
2.412538321139222 -0.16090889931828822 0
2.412538321139222 0.16090889931828822 0
2.4167829184122449 -0.18702949792150692 0
2.4167829184122449 0.18702949792150692 0
2.4229375844581282 -0.22490436589617402 0
2.4229375844581282 0.22490436589617402 0
2.4249999999999998 -0.079687500000000008 0
2.4249999999999998 0.079687500000000008 0
2.4269247528325164 -0.091532132815487333 0
2.4269247528325164 0.091532132815487333 0
2.4291382185899106 -0.10515346055329775 0
2.4291382185899106 0.10515346055329775 0
2.4296875 -0.234375 0
2.4296875 -0.22380750462061985 0
2.4296875 0.22380750462061985 0
2.4296875 0.234375 0
2.4316837042109141 -0.12081798745177971 0
2.4316837042109141 0.12081798745177971 0
2.434611012675068 -0.138832193385034 0
2.434611012675068 0.138832193385034 0
2.4375383211392219 -0.15684639931828825 0
2.4375383211392219 0.15684639931828825 0
2.4417829184122448 -0.18296699792150695 0
2.4417829184122448 0.18296699792150695 0
2.4479375844581281 -0.22084186589617405 0
2.4479375844581281 0.22084186589617405 0
2.4500000000000002 -0.075624999999999998 0
2.4500000000000002 0.075624999999999998 0
2.4519247528325168 -0.087469632815487308 0
2.4519247528325168 0.087469632815487308 0
2.453125 -0.28125 0
2.453125 -0.2578125 0
2.453125 -0.234375 0
2.453125 -0.22265625 0
2.453125 -0.21999891087061987 0
2.453125 0.21999891087061987 0
2.453125 0.22265625 0
2.453125 0.234375 0
2.453125 0.2578125 0
2.453125 0.28125 0
2.454138218589911 -0.10109096055329773 0
2.454138218589911 0.10109096055329773 0
2.4566837042109144 -0.11675548745177972 0
2.4566837042109144 0.11675548745177972 0
2.4596110126750683 -0.13476969338503397 0
2.4596110126750683 0.13476969338503397 0
2.4625383211392222 -0.15278389931828823 0
2.4625383211392222 0.15278389931828823 0
2.4667829184122452 -0.17890449792150692 0
2.4667829184122452 0.17890449792150692 0
2.4729375844581285 -0.21677936589617403 0
2.4729375844581285 0.21677936589617403 0
2.4750000000000001 -0.071562500000000001 0
2.4750000000000001 0.071562500000000001 0
2.4765625 -0.234375 0
2.4765625 -0.22265625 0
2.4765625 -0.2161903171206199 0
2.4765625 0.2161903171206199 0
2.4765625 0.22265625 0
2.4765625 0.234375 0
2.4769247528325167 -0.083407132815487312 0
2.4769247528325167 0.083407132815487312 0
2.4791382185899109 -0.097028460553297724 0
2.4791382185899109 0.097028460553297724 0
2.4816837042109143 -0.11269298745177971 0
2.4816837042109143 0.11269298745177971 0
2.4846110126750682 -0.13070719338503398 0
2.4846110126750682 0.13070719338503398 0
2.4875383211392221 -0.14872139931828823 0
2.4875383211392221 0.14872139931828823 0
2.4917829184122451 -0.17484199792150693 0
2.4917829184122451 0.17484199792150693 0
2.4979375844581284 -0.212716865896174 0
2.4979375844581284 0.212716865896174 0
2.5 -1.5 0
2.5 -1.125 0
2.5 -0.75 0
2.5 -0.5625 0
2.5 -0.46875 0
2.5 -0.375 0
2.5 -0.328125 0
2.5 -0.28125 0
2.5 -0.2578125 0
2.5 -0.234375 0
2.5 -0.22265625 0
2.5 -0.21238172337061986 0
2.5 -0.067500000000000004 0
2.5 0.067500000000000004 0
2.5 0.21238172337061986 0
2.5 0.22265625 0
2.5 0.234375 0
2.5 0.2578125 0
2.5 0.28125 0
2.5 0.328125 0
2.5 0.375 0
2.5 0.46875 0
2.5 0.5625 0
2.5 0.75 0
2.5 1.125 0
2.5 1.5 0
2.5019247528325166 -0.079344632815487315 0
2.5019247528325166 0.079344632815487315 0
2.5041382185899108 -0.092965960553297727 0
2.5041382185899108 0.092965960553297727 0
2.5066837042109142 -0.10863048745177971 0
2.5066837042109142 0.10863048745177971 0
2.5096110126750681 -0.12664469338503398 0
2.5096110126750681 0.12664469338503398 0
2.512538321139222 -0.14465889931828824 0
2.512538321139222 0.14465889931828824 0
2.516782918412245 -0.17077949792150693 0
2.516782918412245 0.17077949792150693 0
2.5229375844581283 -0.20865436589617403 0
2.5229375844581283 0.20865436589617403 0
2.5234375 -0.234375 0
2.5234375 -0.22265625 0
2.5234375 -0.2109375 0
2.5234375 -0.20857312962061988 0
2.5234375 0.20857312962061988 0
2.5234375 0.2109375 0
2.5234375 0.22265625 0
2.5234375 0.234375 0
2.5249999999999999 -0.063437500000000008 0
2.5249999999999999 0.063437500000000008 0
2.5269247528325165 -0.075282132815487318 0
2.5269247528325165 0.075282132815487318 0
2.5291382185899107 -0.088903460553297731 0
2.5291382185899107 0.088903460553297731 0
2.5316837042109142 -0.10456798745177971 0
2.5316837042109142 0.10456798745177971 0
2.5346110126750681 -0.12258219338503398 0
2.5346110126750681 0.12258219338503398 0
2.537538321139222 -0.14059639931828824 0
2.537538321139222 0.14059639931828824 0
2.5417829184122449 -0.16671699792150693 0
2.5417829184122449 0.16671699792150693 0
2.546875 -0.28125 0
2.546875 -0.2578125 0
2.546875 -0.234375 0
2.546875 -0.22265625 0
2.546875 -0.2109375 0
2.546875 -0.20476453587061985 0
2.546875 0.20476453587061985 0
2.546875 0.2109375 0
2.546875 0.22265625 0
2.546875 0.234375 0
2.546875 0.2578125 0
2.546875 0.28125 0
2.5479375844581282 -0.20459186589617401 0
2.5479375844581282 0.20459186589617401 0
2.5499999999999998 -0.059375000000000004 0
2.5499999999999998 0.059375000000000004 0
2.5519247528325164 -0.071219632815487321 0
2.5519247528325164 0.071219632815487321 0
2.5541382185899106 -0.084840960553297734 0
2.5541382185899106 0.084840960553297734 0
2.5566837042109141 -0.10050548745177973 0
2.5566837042109141 0.10050548745177973 0
2.559611012675068 -0.11851969338503399 0
2.559611012675068 0.11851969338503399 0
2.5625383211392219 -0.13653389931828824 0
2.5625383211392219 0.13653389931828824 0
2.5667829184122448 -0.16265449792150694 0
2.5667829184122448 0.16265449792150694 0
2.5703125 -0.2109375 0
2.5703125 -0.20095594212061987 0
2.5703125 0.20095594212061987 0
2.5703125 0.2109375 0
2.5729375844581281 -0.20052936589617404 0
2.5729375844581281 0.20052936589617404 0
2.5750000000000002 -0.055312500000000001 0
2.5750000000000002 0.055312500000000001 0
2.5769247528325168 -0.067157132815487325 0
2.5769247528325168 0.067157132815487325 0
2.579138218589911 -0.080778460553297737 0
2.579138218589911 0.080778460553297737 0
2.5816837042109144 -0.096442987451779719 0
2.5816837042109144 0.096442987451779719 0
2.5846110126750683 -0.11445719338503399 0
2.5846110126750683 0.11445719338503399 0
2.5875383211392222 -0.13247139931828825 0
2.5875383211392222 0.13247139931828825 0
2.5917829184122452 -0.15859199792150694 0
2.5917829184122452 0.15859199792150694 0
2.59375 -0.375 0
2.59375 -0.328125 0
2.59375 -0.28125 0
2.59375 -0.2578125 0
2.59375 -0.234375 0
2.59375 -0.2109375 0
2.59375 -0.19921875 0
2.59375 -0.1971473483706199 0
2.59375 0.1971473483706199 0
2.59375 0.19921875 0
2.59375 0.2109375 0
2.59375 0.234375 0
2.59375 0.2578125 0
2.59375 0.28125 0
2.59375 0.328125 0
2.59375 0.375 0
2.5979375844581285 -0.19646686589617401 0
2.5979375844581285 0.19646686589617401 0
2.6000000000000001 -0.051250000000000004 0
2.6000000000000001 0.051250000000000004 0
2.6019247528325167 -0.063094632815487314 0
2.6019247528325167 0.063094632815487314 0
2.6041382185899109 -0.076715960553297727 0
2.6041382185899109 0.076715960553297727 0
2.6066837042109143 -0.092380487451779708 0
2.6066837042109143 0.092380487451779708 0
2.6096110126750682 -0.11039469338503397 0
2.6096110126750682 0.11039469338503397 0
2.6125383211392221 -0.12840889931828822 0
2.6125383211392221 0.12840889931828822 0
2.6167829184122451 -0.15452949792150691 0
2.6167829184122451 0.15452949792150691 0
2.6171875 -0.2109375 0
2.6171875 -0.19921875 0
2.6171875 -0.19333875462061986 0
2.6171875 0.19333875462061986 0
2.6171875 0.19921875 0
2.6171875 0.2109375 0
2.6229375844581284 -0.19240436589617399 0
2.6229375844581284 0.19240436589617399 0
2.625 -0.047187500000000007 0
2.625 0.047187500000000007 0
2.6269247528325166 -0.059032132815487325 0
2.6269247528325166 0.059032132815487325 0
2.6291382185899108 -0.072653460553297744 0
2.6291382185899108 0.072653460553297744 0
2.6316837042109142 -0.088317987451779725 0
2.6316837042109142 0.088317987451779725 0
2.6346110126750681 -0.106332193385034 0
2.6346110126750681 0.106332193385034 0
2.637538321139222 -0.12434639931828827 0
2.637538321139222 0.12434639931828827 0
2.640625 -0.234375 0
2.640625 -0.2109375 0
2.640625 -0.19921875 0
2.640625 -0.18953016087061991 0
2.640625 0.18953016087061991 0
2.640625 0.19921875 0
2.640625 0.2109375 0
2.640625 0.234375 0
2.641782918412245 -0.15046699792150697 0
2.641782918412245 0.15046699792150697 0
2.6479375844581283 -0.18834186589617408 0
2.6479375844581283 0.18834186589617408 0
2.6500000000000004 -0.043125000000000004 0
2.6500000000000004 0.043125000000000004 0
2.6519247528325169 -0.054969632815487321 0
2.6519247528325169 0.054969632815487321 0
2.6541382185899112 -0.068590960553297747 0
2.6541382185899112 0.068590960553297747 0
2.6566837042109146 -0.084255487451779715 0
2.6566837042109146 0.084255487451779715 0
2.6596110126750685 -0.102269693385034 0
2.6596110126750685 0.102269693385034 0
2.6625383211392224 -0.12028389931828827 0
2.6625383211392224 0.12028389931828827 0
2.6640625 -0.2109375 0
2.6640625 -0.19921875 0
2.6640625 -0.1875 0
2.6640625 -0.18572156712061996 0
2.6640625 0.18572156712061996 0
2.6640625 0.1875 0
2.6640625 0.19921875 0
2.6640625 0.2109375 0
2.6667829184122454 -0.14640449792150695 0
2.6667829184122454 0.14640449792150695 0
2.6729375844581287 -0.18427936589617405 0
2.6729375844581287 0.18427936589617405 0
2.6750000000000003 -0.0390625 0
2.6750000000000003 0.0390625 0
2.6769247528325169 -0.050907132815487317 0
2.6769247528325169 0.050907132815487317 0
2.6791382185899111 -0.064528460553297723 0
2.6791382185899111 0.064528460553297723 0
2.6816837042109145 -0.080192987451779704 0
2.6816837042109145 0.080192987451779704 0
2.6846110126750684 -0.098207193385033975 0
2.6846110126750684 0.098207193385033975 0
2.6875 -0.5625 0
2.6875 -0.46875 0
2.6875 -0.375 0
2.6875 -0.328125 0
2.6875 -0.28125 0
2.6875 -0.234375 0
2.6875 -0.2109375 0
2.6875 -0.19921875 0
2.6875 -0.1875 0
2.6875 -0.18191297337061996 0
2.6875 0.18191297337061996 0
2.6875 0.1875 0
2.6875 0.19921875 0
2.6875 0.2109375 0
2.6875 0.234375 0
2.6875 0.28125 0
2.6875 0.328125 0
2.6875 0.375 0
2.6875 0.46875 0
2.6875 0.5625 0
2.6875383211392223 -0.11622139931828823 0
2.6875383211392223 0.11622139931828823 0
2.6917829184122453 -0.14234199792150692 0
2.6917829184122453 0.14234199792150692 0
2.697937584458129 -0.18021686589617397 0
2.697937584458129 0.18021686589617397 0
2.7000000000000002 -0.035000000000000003 0
2.7000000000000002 0.035000000000000003 0
2.7016584982328755 -0.046887899187929065 0
2.7016584982328755 0.046887899187929065 0
2.7035657712006818 -0.060558983254047481 0
2.7035657712006818 0.060558983254047481 0
2.7057591351136594 -0.076280729930083668 0
2.7057591351136594 0.076280729930083668 0
2.7082815036135832 -0.094360738607525266 0
2.7082815036135832 0.094360738607525266 0
2.7108038721135075 -0.11244074728496686 0
2.7108038721135075 0.11244074728496686 0
2.7109375 -0.1875 0
2.7109375 -0.17810437962061992 0
2.7109375 0.17810437962061992 0
2.7109375 0.1875 0
2.7144613064383973 -0.13865675986725717 0
2.7144613064383973 0.13865675986725717 0
2.7197645862094877 -0.17666997811157814 0
2.7197645862094877 0.17666997811157814 0
2.734375 -0.234375 0
2.734375 -0.2109375 0
2.734375 -0.1875 0
2.734375 -0.17578125 0
2.734375 -0.17496542983601837 0
2.734375 0.17496542983601837 0
2.734375 0.17578125 0
2.734375 0.1875 0
2.734375 0.2109375 0
2.734375 0.234375 0
2.7375000000000003 -0.030625000000000003 0
2.7375000000000003 0.030625000000000003 0
2.7388905683947224 -0.042544157669046921 0
2.7388905683947224 0.042544157669046921 0
2.740489722048653 -0.05625118898845087 0
2.740489722048653 0.05625118898845087 0
2.7423287487506727 -0.072014275005765419 0
2.7423287487506727 0.072014275005765419 0
2.7444436294579959 -0.090141823925677142 0
2.7444436294579959 0.090141823925677142 0
2.7465585101653192 -0.10826937284558887 0
2.7465585101653192 0.10826937284558887 0
2.7496250871909371 -0.13455431877946086 0
2.7496250871909371 0.13455431877946086 0
2.7503333333333333 -0.140625 0
2.7503333333333333 0.140625 0
2.7517005208333334 -0.15234375 0
2.7517005208333334 0.15234375 0
2.7530677083333335 -0.1640625 0
2.7530677083333335 0.1640625 0
2.754071623878084 -0.17266749038357526 0
2.754071623878084 0.17266749038357526 0
2.7578125 -0.1875 0
2.7578125 -0.17578125 0
2.7578125 -0.1640625 0
2.7578125 -0.15234375 0
2.7578125 -0.140625 0
2.7578125 -0.13359912061840354 0
2.7578125 0.13359912061840354 0
2.7578125 0.140625 0
2.7578125 0.15234375 0
2.7578125 0.1640625 0
2.7578125 0.17578125 0
2.7578125 0.1875 0
2.7750000000000004 -0.026250000000000002 0
2.7750000000000004 0.026250000000000002 0
2.7763905683947225 -0.038169157669046924 0
2.7763905683947225 0.038169157669046924 0
2.7779897220486531 -0.051876188988450873 0
2.7779897220486531 0.051876188988450873 0
2.7798287487506732 -0.067639275005765415 0
2.7798287487506732 0.067639275005765415 0
2.78125 -0.28125 0
2.78125 -0.234375 0
2.78125 -0.2109375 0
2.78125 -0.1875 0
2.78125 -0.17578125 0
2.78125 -0.1640625 0
2.78125 -0.15234375 0
2.78125 -0.140625 0
2.78125 -0.13086474561840358 0
2.78125 0.13086474561840358 0
2.78125 0.140625 0
2.78125 0.15234375 0
2.78125 0.1640625 0
2.78125 0.17578125 0
2.78125 0.1875 0
2.78125 0.2109375 0
2.78125 0.234375 0
2.78125 0.28125 0
2.781943629457996 -0.085766823925677138 0
2.781943629457996 0.085766823925677138 0
2.7840585101653192 -0.10389437284558886 0
2.7840585101653192 0.10389437284558886 0
2.7842421875000007 -0.10546875 0
2.7842421875000007 0.10546875 0
2.7856093750000004 -0.1171875 0
2.7856093750000004 0.1171875 0
2.7869765625000005 -0.12890625 0
2.7869765625000005 0.12890625 0
2.7871250871909377 -0.13017931877946087 0
2.7871250871909377 0.13017931877946087 0
2.8046875 -0.140625 0
2.8046875 -0.12890625 0
2.8046875 -0.1171875 0
2.8046875 -0.10546875 0
2.8046875 -0.10148765736487608 0
2.8046875 0.10148765736487608 0
2.8046875 0.10546875 0
2.8046875 0.1171875 0
2.8046875 0.12890625 0
2.8046875 0.140625 0
2.8125 -0.021875000000000002 0
2.8125 0.021875000000000002 0
2.8138905683947222 -0.03379415766904692 0
2.8138905683947222 0.03379415766904692 0
2.8154897220486528 -0.047501188988450876 0
2.8154897220486528 0.047501188988450876 0
2.8173287487506729 -0.063264275005765425 0
2.8173287487506729 0.063264275005765425 0
2.8194436294579956 -0.081391823925677148 0
2.8194436294579956 0.081391823925677148 0
2.8208854166666666 -0.09375 0
2.8208854166666666 0.09375 0
2.8215585101653189 -0.099519372845588872 0
2.8215585101653189 0.099519372845588872 0
2.828125 -0.1875 0
2.828125 -0.1640625 0
2.828125 -0.140625 0
2.828125 -0.12890625 0
2.828125 -0.1171875 0
2.828125 -0.10546875 0
2.828125 -0.09375 0
2.828125 -0.08203125 0
2.828125 -0.080378997362443305 0
2.828125 0.080378997362443305 0
2.828125 0.08203125 0
2.828125 0.09375 0
2.828125 0.10546875 0
2.828125 0.1171875 0
2.828125 0.12890625 0
2.828125 0.140625 0
2.828125 0.1640625 0
2.828125 0.1875 0
2.8500000000000001 -0.017500000000000002 0
2.8500000000000001 0.017500000000000002 0
2.8513905683947223 -0.02941915766904692 0
2.8513905683947223 0.02941915766904692 0
2.8515625 -0.09375 0
2.8515625 -0.08203125 0
2.8515625 -0.077644622362443308 0
2.8515625 0.077644622362443308 0
2.8515625 0.08203125 0
2.8515625 0.09375 0
2.8529897220486529 -0.043126188988450873 0
2.8529897220486529 0.043126188988450873 0
2.8548287487506725 -0.058889275005765421 0
2.8548287487506725 0.058889275005765421 0
2.8561614583333332 -0.0703125 0
2.8561614583333332 0.0703125 0
2.8569436294579957 -0.077016823925677144 0
2.8569436294579957 0.077016823925677144 0
2.875 -0.75 0
2.875 -0.5625 0
2.875 -0.46875 0
2.875 -0.375 0
2.875 -0.28125 0
2.875 -0.234375 0
2.875 -0.1875 0
2.875 -0.1640625 0
2.875 -0.140625 0
2.875 -0.1171875 0
2.875 -0.09375 0
2.875 -0.08203125 0
2.875 -0.0703125 0
2.875 -0.05859375 0
2.875 -0.056535962360010579 0
2.875 0.056535962360010579 0
2.875 0.05859375 0
2.875 0.0703125 0
2.875 0.08203125 0
2.875 0.09375 0
2.875 0.1171875 0
2.875 0.140625 0
2.875 0.1640625 0
2.875 0.1875 0
2.875 0.234375 0
2.875 0.28125 0
2.875 0.375 0
2.875 0.46875 0
2.875 0.5625 0
2.875 0.75 0
2.8875000000000002 -0.013125000000000001 0
2.8875000000000002 0.013125000000000001 0
2.8888905683947224 -0.025044157669046919 0
2.8888905683947224 0.025044157669046919 0
2.890489722048653 -0.038751188988450869 0
2.890489722048653 0.038751188988450869 0
2.8914375000000003 -0.046875 0
2.8914375000000003 0.046875 0
2.892328748750673 -0.054514275005765417 0
2.892328748750673 0.054514275005765417 0
2.8984375 -0.0703125 0
2.8984375 -0.05859375 0
2.8984375 -0.046875 0
2.8984375 -0.037823948227460373 0
2.8984375 0.037823948227460373 0
2.8984375 0.046875 0
2.8984375 0.05859375 0
2.8984375 0.0703125 0
2.921875 -0.09375 0
2.921875 -0.0703125 0
2.921875 -0.05859375 0
2.921875 -0.046875 0
2.921875 -0.03515625 0
2.921875 -0.035089573227460348 0
2.921875 0.035089573227460348 0
2.921875 0.03515625 0
2.921875 0.046875 0
2.921875 0.05859375 0
2.921875 0.0703125 0
2.921875 0.09375 0
2.9249999999999998 -0.0087500000000000008 0
2.9249999999999998 0.0087500000000000008 0
2.926390568394722 -0.020669157669046919 0
2.926390568394722 0.020669157669046919 0
2.9267135416666665 -0.0234375 0
2.9267135416666665 0.0234375 0
2.9279897220486526 -0.034376188988450872 0
2.9279897220486526 0.034376188988450872 0
2.9453125 -0.046875 0
2.9453125 -0.03515625 0
2.9453125 -0.0234375 0
2.9453125 -0.018461598981764492 0
2.9453125 0.018461598981764492 0
2.9453125 0.0234375 0
2.9453125 0.03515625 0
2.9453125 0.046875 0
2.9624999999999999 -0.0043750000000000004 0
2.9624999999999999 0.0043750000000000004 0
2.9633567708333333 -0.01171875 0
2.9633567708333333 0.01171875 0
2.9638905683947221 -0.016294157669046919 0
2.9638905683947221 0.016294157669046919 0
2.96875 -0.1875 0
2.96875 -0.140625 0
2.96875 -0.09375 0
2.96875 -0.0703125 0
2.96875 -0.046875 0
2.96875 -0.03515625 0
2.96875 -0.0234375 0
2.96875 -0.01171875 0
2.96875 -0.0036458333333333252 0
2.96875 0.0036458333333333252 0
2.96875 0.01171875 0
2.96875 0.0234375 0
2.96875 0.03515625 0
2.96875 0.046875 0
2.96875 0.0703125 0
2.96875 0.09375 0
2.96875 0.140625 0
2.96875 0.1875 0
2.9921875 -0.0234375 0
2.9921875 -0.01171875 0
2.9921875 -0.00091145833333333118 0
2.9921875 0.00091145833333333129 0
2.9921875 0.01171875 0
2.9921875 0.0234375 0
3 0 0
3.015625 -0.046875 0
3.015625 -0.0234375 0
3.015625 -0.01171875 0
3.015625 0 0
3.015625 0.01171875 0
3.015625 0.0234375 0
3.015625 0.046875 0
3.0625 -0.375 0
3.0625 -0.28125 0
3.0625 -0.1875 0
3.0625 -0.140625 0
3.0625 -0.09375 0
3.0625 -0.046875 0
3.0625 -0.0234375 0
3.0625 0 0
3.0625 0.0234375 0
3.0625 0.046875 0
3.0625 0.09375 0
3.0625 0.140625 0
3.0625 0.1875 0
3.0625 0.28125 0
3.0625 0.375 0
3.15625 -0.09375 0
3.15625 -0.046875 0
3.15625 0 0
3.15625 0.046875 0
3.15625 0.09375 0
3.25 -1.5 0
3.25 -1.125 0
3.25 -0.75 0
3.25 -0.5625 0
3.25 -0.375 0
3.25 -0.28125 0
3.25 -0.1875 0
3.25 -0.09375 0
3.25 -0.046875 0
3.25 0 0
3.25 0.046875 0
3.25 0.09375 0
3.25 0.1875 0
3.25 0.28125 0
3.25 0.375 0
3.25 0.5625 0
3.25 0.75 0
3.25 1.125 0
3.25 1.5 0
3.4375 -0.1875 0
3.4375 -0.09375 0
3.4375 0 0
3.4375 0.09375 0
3.4375 0.1875 0
3.625 -0.375 0
3.625 -0.1875 0
3.625 -0.09375 0
3.625 0 0
3.625 0.09375 0
3.625 0.1875 0
3.625 0.375 0
4 -1.5 0
4 -1.125 0
4 -0.75 0
4 -0.375 0
4 -0.1875 0
4 0 0
4 0.1875 0
4 0.375 0
4 0.75 0
4 1.125 0
4 1.5 0
CELLS 3412 18242
4 0 35 36 1
5 35 740 741 366 36
6 1 36 37 38 13 2
5 740 1420 1421 1082 741
5 1420 2094 2095 1756 1421
4 36 366 367 37
4 366 741 742 367
4 37 367 368 38
6 367 742 743 744 582 368
5 2094 2806 2807 2432 2095
4 2806 3588 3589 2807
6 2807 3589 3590 3196 2809 2808
4 3588 4118 4119 3589
4 4118 4149 4150 4119
5 3589 4119 4120 3984 3590
4 4119 4150 4151 4120
5 741 1082 1083 920 742
5 1082 1421 1422 1250 1083
4 1421 1756 1757 1422
6 4120 4151 4152 4142 4122 4121
4 1756 2095 2096 1757
6 1422 1757 1758 1588 1424 1423
5 1757 2096 2097 1926 1758
4 2 13 14 3
4 13 38 39 14
4 3 14 15 4
6 14 39 40 41 26 15
6 38 368 369 370 82 39
6 10 25 58 59 60 11
5 4 15 16 17 5
4 11 60 61 12
5 5 17 18 19 6
5 60 397 766 767 61
5 766 1103 1442 1443 767
5 1442 1777 2116 2117 1443
6 4132 4148 4156 4157 4134 4133
6 2830 3217 3611 3612 2832 2831
5 2116 2453 2832 2833 2117
4 2832 3612 3613 2833
5 3611 4013 4134 4135 3612
4 4134 4157 4158 4135
4 3612 4135 4136 3613
4 4135 4158 4159 4136
4 2095 2432 2433 2096
4 2432 2807 2808 2433
5 2096 2433 2434 2270 2097
5 2433 2808 2809 2618 2434
6 2809 3196 3197 3008 2811 2810
5 3196 3590 3591 3396 3197
4 742 920 921 743
4 920 1083 1084 921
5 743 921 922 814 744
5 921 1084 1085 1000 922
4 1083 1250 1251 1084
4 1250 1422 1423 1251
5 1084 1251 1252 1166 1085
5 1251 1423 1424 1340 1252
5 3590 3984 3985 3796 3591
4 3984 4120 4121 3985
6 3985 4121 4122 4098 3987 3986
6 4122 4142 4143 4137 4124 4123
4 4142 4152 4153 4143
5 4143 4153 4154 4145 4144
5 6 19 20 21 7
5 7 21 22 23 8
4 8 23 24 9
6 23 34 55 56 57 24
4 9 24 25 10
4 24 57 58 25
6 57 116 393 394 395 58
4 368 582 583 369
6 582 744 745 746 668 583
6 369 583 584 585 486 370
4 39 82 83 40
6 82 370 371 372 176 83
5 40 83 84 85 41
4 58 395 396 59
4 15 26 27 16
6 395 603 763 764 765 396
4 26 41 42 27
4 59 396 397 60
4 16 27 28 17
4 396 765 766 397
5 27 42 43 44 28
4 17 28 29 18
5 28 44 45 46 29
4 18 29 30 19
5 29 46 47 48 30
6 41 85 86 87 62 42
5 765 935 1102 1103 766
5 1102 1269 1441 1442 1103
6 1439 1603 1775 1776 1441 1440
5 1775 1943 2114 2115 1776
4 1441 1776 1777 1442
4 1776 2115 2116 1777
6 2828 3023 3216 3217 2830 2829
5 3216 3413 3610 3611 3217
6 1424 1588 1589 1512 1426 1425
5 1588 1758 1759 1672 1589
5 1758 1926 1927 1846 1759
5 4145 4154 4155 4147 4146
5 1926 2097 2098 2012 1927
6 4130 4141 4147 4148 4132 4131
4 4147 4155 4156 4148
6 4010 4112 4132 4133 4012 4011
5 3610 3815 4012 4013 3611
4 4012 4133 4134 4013
5 2114 2289 2451 2452 2115
5 2451 2637 2830 2831 2452
4 2115 2452 2453 2116
4 2452 2831 2832 2453
4 2097 2270 2271 2098
4 2270 2434 2435 2271
6 2098 2271 2272 2186 2100 2099
5 2271 2435 2436 2352 2272
4 2434 2618 2619 2435
4 2618 2809 2810 2619
5 2435 2619 2620 2522 2436
4 2619 2810 2811 2620
6 2620 2811 2812 2718 2622 2621
5 2811 3008 3009 2912 2812
5 3008 3197 3198 3106 3009
4 3197 3396 3397 3198
4 3396 3591 3592 3397
6 3198 3397 3398 3298 3200 3199
5 3397 3592 3593 3496 3398
4 3591 3796 3797 3592
4 3796 3985 3986 3797
5 3592 3797 3798 3698 3593
4 3797 3986 3987 3798
6 3798 3987 3988 3894 3800 3799
4 3987 4098 4099 3988
4 4098 4122 4123 4099
6 3988 4099 4100 4066 3990 3989
4 4099 4123 4124 4100
6 4100 4124 4125 4113 4102 4101
4 4124 4137 4138 4125
4 4137 4143 4144 4138
5 4125 4138 4139 4127 4126
4 4138 4144 4145 4139
4 19 30 31 20
5 30 48 49 50 31
4 20 31 32 21
5 31 50 51 52 32
4 21 32 33 22
5 32 52 53 54 33
4 22 33 34 23
4 33 54 55 34
6 54 76 111 112 113 55
5 55 113 114 115 56
4 56 115 116 57
6 115 221 391 392 393 116
6 393 501 600 601 602 394
4 394 602 603 395
6 602 687 761 762 763 603
4 583 668 669 584
4 668 746 747 669
4 584 669 670 585
6 669 747 748 749 710 670
4 83 176 177 84
5 176 372 373 374 177
4 84 177 178 85
6 177 374 375 376 276 178
4 370 486 487 371
5 486 585 586 534 487
6 371 487 488 489 434 372
6 585 670 671 672 632 586
6 1437 1525 1602 1603 1439 1438
5 1602 1685 1774 1775 1603
5 1774 1861 1942 1943 1775
5 1942 2027 2113 2114 1943
5 763 835 933 934 764
5 933 1013 1100 1101 934
4 764 934 935 765
4 934 1101 1102 935
5 1100 1181 1267 1268 1101
5 85 178 179 180 86
5 1267 1355 1439 1440 1268
4 1101 1268 1269 1102
5 86 180 181 182 87
4 1268 1440 1441 1269
4 42 62 63 43
4 62 87 88 63
4 43 63 64 44
5 63 88 89 90 64
6 87 182 183 184 123 88
4 44 64 65 45
5 64 90 91 92 65
4 45 65 66 46
5 65 92 93 94 66
4 46 66 67 47
6 66 94 95 96 77 67
5 47 67 68 69 48
4 744 814 815 745
4 814 922 923 815
4 745 815 816 746
5 815 923 924 876 816
4 922 1000 1001 923
4 1000 1085 1086 1001
5 923 1001 1002 970 924
5 1001 1086 1087 1050 1002
6 746 816 817 818 784 747
4 1085 1166 1167 1086
4 1166 1252 1253 1167
5 1086 1167 1168 1138 1087
5 1167 1253 1254 1218 1168
4 1252 1340 1341 1253
4 1340 1424 1425 1341
5 1253 1341 1342 1308 1254
4 1341 1425 1426 1342
6 1342 1426 1427 1390 1344 1343
6 2633 2727 2827 2828 2635 2634
6 2111 2199 2287 2288 2113 2112
5 2287 2365 2449 2450 2288
4 2113 2288 2289 2114
4 2288 2450 2451 2289
5 2449 2537 2635 2636 2450
4 2635 2828 2829 2636
4 2450 2636 2637 2451
4 2636 2829 2830 2637
5 2827 2923 3022 3023 2828
5 3022 3119 3215 3216 3023
6 3213 3309 3411 3412 3215 3214
5 3411 3509 3608 3609 3412
4 3215 3412 3413 3216
4 3412 3609 3610 3413
6 4108 4117 4129 4130 4110 4109
5 1426 1512 1513 1480 1427
5 1512 1589 1590 1560 1513
6 3811 3911 4009 4010 3813 3812
6 4007 4083 4110 4111 4009 4008
5 1589 1672 1673 1640 1590
4 4110 4130 4131 4111
5 1672 1759 1760 1722 1673
4 4009 4111 4112 4010
4 4111 4131 4132 4112
5 4127 4139 4140 4129 4128
4 4139 4145 4146 4140
4 4129 4140 4141 4130
4 4140 4146 4147 4141
4 1759 1846 1847 1760
4 1846 1927 1928 1847
6 1760 1847 1848 1812 1762 1761
5 1847 1928 1929 1894 1848
4 1927 2012 2013 1928
4 2012 2098 2099 2013
5 1928 2013 2014 1978 1929
4 2013 2099 2100 2014
5 3608 3713 3813 3814 3609
4 3813 4010 4011 3814
4 3609 3814 3815 3610
4 3814 4011 4012 3815
6 2014 2100 2101 2062 2016 2015
5 2100 2186 2187 2154 2101
5 2186 2272 2273 2234 2187
4 2272 2352 2353 2273
4 2352 2436 2437 2353
6 2273 2353 2354 2322 2275 2274
5 2353 2437 2438 2400 2354
4 2436 2522 2523 2437
4 2522 2620 2621 2523
5 2437 2523 2524 2488 2438
5 2523 2621 2622 2572 2524
6 2622 2718 2719 2674 2624 2623
5 2718 2812 2813 2764 2719
4 2812 2912 2913 2813
4 2912 3009 3010 2913
6 2813 2913 2914 2868 2815 2814
5 2913 3010 3011 2964 2914
4 3009 3106 3107 3010
4 3106 3198 3199 3107
5 3010 3107 3108 3060 3011
4 3107 3199 3200 3108
6 3108 3200 3201 3156 3110 3109
5 3200 3298 3299 3252 3201
5 3298 3398 3399 3350 3299
4 3398 3496 3497 3399
4 3496 3593 3594 3497
6 3399 3497 3498 3450 3401 3400
5 3497 3594 3595 3544 3498
4 3593 3698 3699 3594
4 3698 3798 3799 3699
5 3594 3699 3700 3650 3595
4 3699 3799 3800 3700
6 3700 3800 3801 3750 3702 3701
5 3800 3894 3895 3842 3801
4 3894 3988 3989 3895
6 3895 3989 3990 3948 3897 3896
5 3990 4066 4067 3992 3991
4 4066 4100 4101 4067
6 3992 4067 4068 4032 3994 3993
4 4067 4101 4102 4068
6 4068 4102 4103 4091 4070 4069
4 4102 4113 4114 4103
4 4113 4125 4126 4114
5 4103 4114 4115 4105 4104
4 4114 4126 4127 4115
5 48 69 70 71 49
4 49 71 72 50
6 71 81 102 103 104 72
4 50 72 73 51
5 72 104 105 106 73
4 51 73 74 52
5 73 106 107 108 74
4 52 74 75 53
5 74 108 109 110 75
4 53 75 76 54
4 75 110 111 76
6 110 150 213 214 215 111
5 111 215 216 217 112
5 112 217 218 219 113
4 113 219 220 114
6 219 305 387 388 389 220
4 114 220 221 115
5 220 389 390 391 221
6 391 447 498 499 500 392
4 392 500 501 393
5 500 547 599 600 501
6 599 643 683 684 685 600
4 600 685 686 601
6 685 721 758 759 760 686
4 601 686 687 602
4 686 760 761 687
6 760 795 831 832 833 761
4 761 833 834 762
5 833 887 931 932 834
4 762 834 835 763
4 834 932 933 835
5 931 977 1011 1012 932
5 1011 1057 1098 1099 1012
4 932 1012 1013 933
4 1012 1099 1100 1013
6 1351 1397 1436 1437 1353 1352
5 1098 1145 1179 1180 1099
5 1179 1227 1265 1266 1180
4 1099 1180 1181 1100
4 1180 1266 1267 1181
5 1265 1319 1353 1354 1266
4 1353 1437 1438 1354
4 1266 1354 1355 1267
4 1354 1438 1439 1355
4 487 534 535 488
4 534 586 587 535
4 488 535 536 489
5 535 587 588 562 536
4 670 710 711 671
5 710 749 750 728 711
6 671 711 712 713 696 672
4 586 632 633 587
6 632 672 673 674 654 633
6 587 633 634 635 616 588
6 2023 2069 2110 2111 2025 2024
4 372 434 435 373
4 434 489 490 435
5 1436 1487 1524 1525 1437
4 373 435 436 374
5 1524 1567 1601 1602 1525
6 435 490 491 492 466 436
6 489 536 537 538 518 490
5 1601 1649 1684 1685 1602
5 1684 1733 1773 1774 1685
5 374 436 437 438 375
6 375 438 439 440 414 376
6 1771 1819 1859 1860 1773 1772
5 1859 1901 1940 1941 1860
4 1773 1860 1861 1774
4 1860 1941 1942 1861
5 1940 1989 2025 2026 1941
4 2025 2111 2112 2026
4 1941 2026 2027 1942
4 2026 2112 2113 2027
4 178 276 277 179
5 276 376 377 378 277
4 179 277 278 180
6 277 378 379 380 336 278
5 180 278 279 280 181
5 181 280 281 282 182
5 182 282 283 284 183
5 183 284 285 286 184
4 88 123 124 89
4 123 184 185 124
4 89 124 125 90
5 124 185 186 187 125
6 184 286 287 288 238 185
4 90 125 126 91
5 125 187 188 189 126
4 91 126 127 92
5 126 189 190 191 127
4 92 127 128 93
5 127 191 192 193 128
4 93 128 129 94
5 128 193 194 195 129
4 67 77 78 68
4 77 96 97 78
4 68 78 79 69
5 78 97 98 99 79
4 94 129 130 95
6 129 195 196 197 156 130
5 95 130 131 132 96
6 96 132 133 134 117 97
4 816 876 877 817
5 876 924 925 900 877
6 817 877 878 879 848 818
4 747 784 785 748
5 784 818 819 820 785
4 748 785 786 749
6 785 820 821 822 810 786
5 924 970 971 950 925
5 970 1002 1003 990 971
5 1002 1050 1051 1028 1003
5 1050 1087 1088 1070 1051
4 1087 1138 1139 1088
4 1138 1168 1169 1139
6 1088 1139 1140 1118 1090 1089
5 1139 1169 1170 1158 1140
4 1168 1218 1219 1169
4 1218 1254 1255 1219
5 1169 1219 1220 1196 1170
5 1219 1255 1256 1240 1220
6 3115 3163 3212 3213 3117 3116
4 1254 1308 1309 1255
4 1308 1342 1343 1309
5 1255 1309 1310 1284 1256
4 1309 1343 1344 1310
6 1310 1344 1345 1332 1312 1311
5 3212 3261 3308 3309 3213
5 3308 3361 3410 3411 3309
6 3408 3457 3507 3508 3410 3409
5 1344 1390 1391 1370 1345
5 3507 3553 3606 3607 3508
5 1390 1427 1428 1410 1391
4 3410 3508 3509 3411
4 3508 3607 3608 3509
6 749 786 787 788 768 750
5 2110 2163 2198 2199 2111
5 2198 2243 2286 2287 2199
6 2284 2327 2363 2364 2286 2285
5 2363 2409 2447 2448 2364
4 2286 2364 2365 2287
4 2364 2448 2449 2365
6 2631 2683 2726 2727 2633 2632
5 2726 2773 2826 2827 2727
5 2447 2497 2535 2536 2448
5 2535 2583 2633 2634 2536
4 2448 2536 2537 2449
4 2536 2634 2635 2537
6 2824 2875 2921 2922 2826 2825
5 2921 2973 3020 3021 2922
4 2826 2922 2923 2827
4 2922 3021 3022 2923
5 3020 3071 3117 3118 3021
4 3117 3213 3214 3118
4 3021 3118 3119 3022
4 3118 3214 3215 3119
6 4079 4097 4107 4108 4081 4080
5 4105 4115 4116 4107 4106
4 4115 4127 4128 4116
4 4107 4116 4117 4108
4 4116 4128 4129 4117
6 4003 4043 4081 4082 4005 4004
4 4081 4108 4109 4082
5 4005 4082 4083 4007 4006
4 4082 4109 4110 4083
6 3709 3757 3810 3811 3711 3710
6 3908 3965 4007 4008 3910 3909
5 3810 3851 3910 3911 3811
4 3910 4008 4009 3911
5 3606 3661 3711 3712 3607
5 1427 1480 1481 1458 1428
4 3711 3811 3812 3712
5 1480 1513 1514 1500 1481
4 3607 3712 3713 3608
4 3712 3812 3813 3713
4 1513 1560 1561 1514
4 1560 1590 1591 1561
6 1514 1561 1562 1540 1516 1515
5 1561 1591 1592 1580 1562
4 1590 1640 1641 1591
4 1640 1673 1674 1641
5 1591 1641 1642 1618 1592
5 1641 1674 1675 1660 1642
4 1673 1722 1723 1674
4 1722 1760 1761 1723
5 1674 1723 1724 1700 1675
4 1723 1761 1762 1724
6 1724 1762 1763 1744 1726 1725
5 1762 1812 1813 1792 1763
5 1812 1848 1849 1830 1813
4 1848 1894 1895 1849
4 1894 1929 1930 1895
6 1849 1895 1896 1876 1851 1850
5 1895 1930 1931 1912 1896
4 1929 1978 1979 1930
4 1978 2014 2015 1979
5 1930 1979 1980 1958 1931
4 1979 2015 2016 1980
6 1980 2016 2017 2000 1982 1981
5 2016 2062 2063 2042 2017
5 2062 2101 2102 2080 2063
5 2101 2154 2155 2132 2102
4 2154 2187 2188 2155
6 2155 2188 2189 2174 2157 2156
4 2187 2234 2235 2188
4 2234 2273 2274 2235
5 2188 2235 2236 2214 2189
5 2235 2274 2275 2254 2236
6 2275 2322 2323 2304 2277 2276
5 2322 2354 2355 2338 2323
5 2354 2400 2401 2380 2355
4 2400 2438 2439 2401
6 2401 2439 2440 2420 2403 2402
4 2438 2488 2489 2439
4 2488 2524 2525 2489
5 2439 2489 2490 2468 2440
5 2489 2525 2526 2508 2490
4 2524 2572 2573 2525
4 2572 2622 2623 2573
5 2525 2573 2574 2552 2526
4 2573 2623 2624 2574
6 2574 2624 2625 2598 2576 2575
5 2624 2674 2675 2652 2625
4 2674 2719 2720 2675
6 2675 2720 2721 2700 2677 2676
4 2719 2764 2765 2720
4 2764 2813 2814 2765
5 2720 2765 2766 2742 2721
5 2765 2814 2815 2788 2766
6 2815 2868 2869 2848 2817 2816
5 2868 2914 2915 2892 2869
5 2914 2964 2965 2940 2915
4 2964 3011 3012 2965
6 2965 3012 3013 2988 2967 2966
4 3011 3060 3061 3012
4 3060 3108 3109 3061
5 3012 3061 3062 3038 3013
4 3061 3109 3110 3062
6 3062 3110 3111 3088 3064 3063
5 3110 3156 3157 3134 3111
5 3156 3201 3202 3178 3157
4 3201 3252 3253 3202
4 3252 3299 3300 3253
6 3202 3253 3254 3232 3204 3203
5 3253 3300 3301 3278 3254
4 3299 3350 3351 3300
4 3350 3399 3400 3351
5 3300 3351 3352 3326 3301
4 3351 3400 3401 3352
6 3352 3401 3402 3376 3354 3353
5 3401 3450 3451 3430 3402
5 3450 3498 3499 3474 3451
4 3498 3544 3545 3499
4 3544 3595 3596 3545
6 3499 3545 3546 3526 3501 3500
5 3545 3596 3597 3568 3546
4 3595 3650 3651 3596
4 3650 3700 3701 3651
5 3596 3651 3652 3628 3597
4 3651 3701 3702 3652
6 3652 3702 3703 3678 3654 3653
5 3702 3750 3751 3730 3703
5 3750 3801 3802 3774 3751
4 3801 3842 3843 3802
4 3842 3895 3896 3843
6 3802 3843 3844 3834 3804 3803
5 3843 3896 3897 3874 3844
5 3897 3948 3949 3899 3898
4 3948 3990 3991 3949
6 3899 3949 3950 3924 3901 3900
4 3949 3991 3992 3950
5 3950 3992 3993 3952 3951
6 3952 3993 3994 3970 3954 3953
6 3994 4032 4033 4024 3996 3995
4 4032 4068 4069 4033
6 4033 4069 4070 4052 4035 4034
6 4070 4091 4092 4084 4072 4071
4 4091 4103 4104 4092
5 4092 4104 4105 4094 4093
4 69 79 80 70
5 79 99 100 101 80
4 70 80 81 71
4 80 101 102 81
6 101 121 139 140 141 102
5 102 141 142 143 103
4 103 143 144 104
6 143 165 200 201 202 144
4 104 144 145 105
5 144 202 203 204 145
4 105 145 146 106
5 145 204 205 206 146
4 106 146 147 107
5 146 206 207 208 147
4 107 147 148 108
5 147 208 209 210 148
4 108 148 149 109
5 148 210 211 212 149
4 109 149 150 110
4 149 212 213 150
6 212 255 293 294 295 213
5 213 295 296 297 214
5 214 297 298 299 215
5 215 299 300 301 216
5 216 301 302 303 217
4 217 303 304 218
6 303 347 383 384 385 304
4 218 304 305 219
5 304 385 386 387 305
6 387 419 441 442 443 388
5 388 443 444 445 389
4 389 445 446 390
6 445 471 495 496 497 446
4 390 446 447 391
4 446 497 498 447
6 497 521 543 544 545 498
4 498 545 546 499
5 545 569 597 598 546
4 499 546 547 500
4 546 598 599 547
6 597 621 640 641 642 598
4 598 642 643 599
6 642 659 681 682 683 643
6 683 701 718 719 720 684
4 684 720 721 685
5 720 733 757 758 721
6 757 773 791 792 793 758
4 758 793 794 759
6 793 813 827 828 829 794
4 759 794 795 760
5 794 829 830 831 795
6 831 857 884 885 886 832
4 832 886 887 833
5 886 909 930 931 887
5 930 953 976 977 931
5 976 995 1010 1011 977
5 1010 1033 1056 1057 1011
5 1056 1077 1097 1098 1057
6 1095 1121 1143 1144 1097 1096
5 1143 1161 1177 1178 1144
4 1097 1144 1145 1098
4 1144 1178 1179 1145
5 1177 1201 1225 1226 1178
5 1225 1245 1263 1264 1226
4 1178 1226 1227 1179
4 1226 1264 1265 1227
6 1315 1335 1350 1351 1317 1316
5 1350 1373 1396 1397 1351
5 1396 1415 1435 1436 1397
5 1263 1291 1317 1318 1264
4 1317 1351 1352 1318
4 1264 1318 1319 1265
4 1318 1352 1353 1319
6 1729 1747 1770 1771 1731 1730
4 711 728 729 712
4 728 750 751 729
4 712 729 730 713
3 734 730 729
3 736 734 729
3 751 752 736
3 729 751 736
5 1770 1797 1818 1819 1771
5 1818 1837 1858 1859 1819
6 1856 1879 1899 1900 1858 1857
4 633 654 655 634
5 1899 1917 1938 1939 1900
4 654 674 675 655
4 1858 1900 1901 1859
4 634 655 656 635
4 1900 1939 1940 1901
3 675 676 664
3 655 675 664
3 656 655 664
3 664 660 656
4 672 696 697 673
4 696 713 714 697
4 673 697 698 674
6 1985 2003 2022 2023 1987 1986
3 715 708 706
3 714 715 706
3 697 714 706
3 698 697 706
3 706 702 698
5 713 730 734 724 714
5 2022 2047 2068 2069 2023
3 714 724 715
5 2068 2085 2109 2110 2069
5 1938 1963 1987 1988 1939
5 674 698 702 692 675
4 1987 2023 2024 1988
4 1939 1988 1989 1940
4 675 692 688 676
4 1988 2024 2025 1989
5 1435 1463 1486 1487 1436
5 1486 1507 1523 1524 1487
6 1521 1543 1565 1566 1523 1522
5 1565 1583 1599 1600 1566
4 1523 1566 1567 1524
4 1566 1600 1601 1567
5 1599 1623 1647 1648 1600
5 1647 1665 1682 1683 1648
4 1600 1648 1649 1601
4 1648 1683 1684 1649
5 1682 1707 1731 1732 1683
4 536 562 563 537
4 1731 1771 1772 1732
4 562 588 589 563
4 1683 1732 1733 1684
4 537 563 564 538
4 1732 1772 1773 1733
3 564 563 589
3 589 590 580
3 589 580 574
3 564 589 574
3 574 572 564
5 490 518 519 508 491
3 518 538 539
3 539 528 522
3 518 539 522
3 518 522 519
4 491 508 502 492
3 528 539 540
5 538 564 565 558 539
3 564 572 565
3 580 590 591
4 539 558 548 540
4 436 466 467 437
6 466 492 502 484 480 467
4 437 467 468 438
4 467 480 472 468
5 438 468 472 458 439
5 439 458 456 448 440
4 588 616 617 589
3 617 616 635
4 635 636 637 628
3 617 635 628
3 628 626 617
5 589 617 618 612 590
3 617 626 618
5 635 656 660 648 636
4 636 648 644 637
4 590 612 606 591
4 278 336 337 279
6 336 380 398 364 360 337
4 279 337 338 280
4 337 360 348 338
5 280 338 348 322 281
3 324 282 281
3 281 322 314
3 281 314 324
5 282 324 350 339 283
4 283 339 340 284
5 339 350 356 354 340
5 284 340 341 330 285
3 340 354 341
4 285 330 316 286
3 308 320 287
3 308 287 286
3 286 316 308
5 287 320 334 332 288
4 185 238 239 186
4 238 288 289 239
4 186 239 240 187
5 239 289 290 274 240
4 288 332 318 289
3 289 318 290
4 376 414 415 377
5 414 440 448 428 415
4 377 415 416 378
4 415 428 422 416
6 378 416 422 420 404 379
4 379 404 398 380
4 187 240 241 188
3 241 240 274
3 268 270 241
3 274 268 241
4 188 241 242 189
5 241 270 310 306 242
4 189 242 243 190
4 242 306 266 243
4 190 243 244 191
4 243 266 256 244
4 260 245 192 191
3 234 260 191
4 191 244 256 234
4 192 245 246 193
5 245 260 264 258 246
5 193 246 258 232 194
4 194 232 226 195
4 130 156 157 131
5 156 197 224 172 157
4 131 157 158 132
3 158 157 172
3 158 172 166
3 166 168 158
3 222 228 196
3 222 196 195
3 195 226 222
5 196 228 230 224 197
4 132 158 159 133
5 158 168 174 170 159
5 133 159 160 154 134
3 159 170 160
4 97 117 118 98
4 117 134 135 118
4 98 118 119 99
5 118 135 136 122 119
4 134 154 151 135
3 135 151 136
4 877 900 901 878
3 900 925 926
3 900 926 918
3 901 900 918
3 918 916 901
4 878 901 902 879
4 901 916 914 902
4 818 848 849 819
4 848 879 880 849
4 819 849 850 820
3 850 849 880
3 874 872 850
3 874 850 880
3 880 881 874
4 879 902 903 880
4 902 914 912 903
4 880 903 904 881
4 903 912 910 904
4 820 850 851 821
4 850 872 870 851
3 821 851 852
3 844 822 821
3 821 852 846
3 821 846 844
4 851 870 868 852
5 925 950 951 948 926
6 950 971 972 973 968 951
4 971 990 991 972
4 990 1003 1004 991
4 972 991 992 973
5 991 1004 1005 998 992
4 1003 1028 1029 1004
4 1028 1051 1052 1029
5 1004 1029 1030 1026 1005
5 1029 1052 1053 1048 1030
4 1051 1070 1071 1052
4 1070 1088 1089 1071
5 1052 1071 1072 1073 1053
4 1071 1089 1090 1072
5 1072 1090 1091 1080 1073
5 1090 1118 1119 1116 1091
5 1118 1140 1141 1136 1119
4 1140 1158 1159 1141
6 1158 1170 1171 1172 1164 1159
6 2822 2851 2874 2875 2824 2823
5 2874 2897 2920 2921 2875
6 2970 2991 3018 3019 2972 2971
5 2920 2947 2972 2973 2921
4 2972 3019 3020 2973
4 1170 1196 1197 1171
4 1196 1220 1221 1197
5 1171 1197 1198 1194 1172
6 3067 3091 3114 3115 3069 3068
5 1197 1221 1222 1216 1198
4 1220 1240 1241 1221
4 1240 1256 1257 1241
5 3114 3139 3162 3163 3115
4 1221 1241 1242 1222
5 3162 3183 3211 3212 3163
5 1241 1257 1258 1248 1242
5 3018 3043 3069 3070 3019
4 3069 3115 3116 3070
4 3019 3070 3071 3020
4 3070 3116 3117 3071
6 3357 3379 3407 3408 3359 3358
5 3407 3435 3456 3457 3408
5 3456 3481 3506 3507 3457
6 3504 3529 3551 3552 3506 3505
5 3551 3573 3604 3605 3552
4 3506 3552 3553 3507
4 3552 3605 3606 3553
6 3209 3235 3259 3260 3211 3210
4 1256 1284 1285 1257
5 3259 3283 3306 3307 3260
4 1284 1310 1311 1285
4 3211 3260 3261 3212
6 1257 1285 1286 1287 1282 1258
4 3260 3307 3308 3261
4 1285 1311 1312 1286
5 3306 3333 3359 3360 3307
4 3359 3408 3409 3360
4 3307 3360 3361 3308
4 3360 3409 3410 3361
5 1286 1312 1313 1306 1287
4 1312 1332 1333 1313
5 1332 1345 1346 1338 1333
5 1345 1370 1371 1368 1346
6 1370 1391 1392 1393 1388 1371
4 1391 1410 1411 1392
4 1410 1428 1429 1411
4 1392 1411 1412 1393
5 1411 1429 1430 1418 1412
3 787 786 810
3 808 806 787
3 808 787 810
3 810 811 808
4 810 822 823 811
4 787 806 804 788
4 750 768 769 751
3 780 769 768
3 782 780 768
3 788 789 782
3 768 788 782
4 751 769 770 752
4 769 780 778 770
4 788 804 802 789
4 822 844 842 823
6 2282 2307 2326 2327 2284 2283
5 2326 2343 2362 2363 2327
6 2406 2423 2445 2446 2408 2407
5 2362 2385 2408 2409 2363
4 2408 2446 2447 2409
6 2160 2177 2196 2197 2162 2161
5 2109 2139 2162 2163 2110
4 2162 2197 2198 2163
5 2196 2219 2241 2242 2197
5 2241 2261 2284 2285 2242
4 2197 2242 2243 2198
4 2242 2285 2286 2243
6 2579 2601 2630 2631 2581 2580
5 2445 2473 2495 2496 2446
5 2495 2513 2533 2534 2496
4 2446 2496 2497 2447
4 2496 2534 2535 2497
5 2533 2559 2581 2582 2534
4 2581 2631 2632 2582
4 2534 2582 2583 2535
4 2582 2632 2633 2583
6 2680 2703 2724 2725 2682 2681
5 2630 2657 2682 2683 2631
4 2682 2725 2726 2683
5 2724 2747 2771 2772 2725
5 2771 2793 2824 2825 2772
4 2725 2772 2773 2726
4 2772 2825 2826 2773
6 3959 3975 4003 4004 3961 3960
5 3961 4004 4005 3963 3962
6 3904 3933 3963 3964 3906 3905
4 3963 4005 4006 3964
5 3906 3964 3965 3908 3907
4 3964 4006 4007 3965
5 4094 4105 4106 4096 4095
6 4077 4089 4096 4097 4079 4078
4 4096 4106 4107 4097
6 4040 4059 4079 4080 4042 4041
6 4001 4031 4042 4043 4003 4002
4 4042 4080 4081 4043
6 3657 3681 3708 3709 3659 3658
5 3708 3735 3756 3757 3709
5 3756 3781 3809 3810 3757
5 3604 3635 3659 3660 3605
4 3659 3709 3710 3660
4 3605 3660 3661 3606
4 3660 3710 3711 3661
6 3807 3837 3849 3850 3809 3808
5 3849 3885 3908 3909 3850
4 3809 3850 3851 3810
4 3850 3909 3910 3851
4 1428 1458 1459 1429
4 1458 1481 1482 1459
5 1429 1459 1460 1456 1430
5 1459 1482 1483 1478 1460
4 1481 1500 1501 1482
4 1500 1514 1515 1501
5 1482 1501 1502 1503 1483
4 1501 1515 1516 1502
5 1502 1516 1517 1510 1503
5 1516 1540 1541 1538 1517
5 1540 1562 1563 1558 1541
4 1562 1580 1581 1563
6 1580 1592 1593 1594 1586 1581
4 1592 1618 1619 1593
4 1618 1642 1643 1619
5 1593 1619 1620 1616 1594
5 1619 1643 1644 1638 1620
4 1642 1660 1661 1643
4 1660 1675 1676 1661
4 1643 1661 1662 1644
3 1661 1676 1677
3 1661 1677 1670
3 1661 1670 1662
4 1675 1700 1701 1676
4 1700 1724 1725 1701
6 1676 1701 1702 1703 1698 1677
4 1701 1725 1726 1702
4 1702 1726 1727 1703
5 1726 1744 1745 1734 1727
6 1744 1763 1764 1765 1754 1745
4 1763 1792 1793 1764
4 1792 1813 1814 1793
5 1764 1793 1794 1790 1765
4 1793 1814 1815 1794
4 1813 1830 1831 1814
4 1830 1849 1850 1831
6 1814 1831 1832 1833 1820 1815
4 1831 1850 1851 1832
5 1832 1851 1852 1844 1833
5 1851 1876 1877 1874 1852
4 1876 1896 1897 1877
6 1896 1912 1913 1914 1902 1897
4 1912 1931 1932 1913
5 1913 1932 1933 1924 1914
4 1931 1958 1959 1932
4 1958 1980 1981 1959
5 1932 1959 1960 1956 1933
5 1959 1981 1982 1983 1960
5 1982 2000 2001 1990 1983
5 2000 2017 2018 2010 2001
6 2017 2042 2043 2044 2040 2018
4 2042 2063 2064 2043
4 2043 2064 2065 2044
4 2063 2080 2081 2064
4 2080 2102 2103 2081
5 2064 2081 2082 2070 2065
5 2081 2103 2104 2092 2082
4 2102 2132 2133 2103
4 2132 2155 2156 2133
6 2103 2133 2134 2135 2130 2104
4 2133 2156 2157 2134
4 2134 2157 2158 2135
5 2157 2174 2175 2164 2158
6 2174 2189 2190 2191 2184 2175
4 2189 2214 2215 2190
4 2214 2236 2237 2215
5 2190 2215 2216 2212 2191
4 2215 2237 2238 2216
4 2236 2254 2255 2237
4 2254 2275 2276 2255
6 2237 2255 2256 2257 2244 2238
4 2255 2276 2277 2256
5 2256 2277 2278 2268 2257
5 2277 2304 2305 2302 2278
4 2304 2323 2324 2305
6 2323 2338 2339 2340 2328 2324
4 2338 2355 2356 2339
5 2339 2356 2357 2350 2340
4 2355 2380 2381 2356
4 2380 2401 2402 2381
5 2356 2381 2382 2378 2357
5 2381 2402 2403 2404 2382
5 2403 2420 2421 2410 2404
5 2420 2440 2441 2430 2421
6 2440 2468 2469 2470 2466 2441
4 2468 2490 2491 2469
4 2469 2491 2492 2470
4 2490 2508 2509 2491
4 2508 2526 2527 2509
5 2491 2509 2510 2498 2492
5 2509 2527 2528 2520 2510
4 2526 2552 2553 2527
4 2552 2574 2575 2553
6 2527 2553 2554 2555 2550 2528
4 2553 2575 2576 2554
4 2554 2576 2577 2555
3 2576 2598 2599
3 2576 2599 2586
3 2576 2586 2577
6 2598 2625 2626 2627 2608 2599
4 2625 2652 2653 2626
4 2652 2675 2676 2653
5 2626 2653 2654 2644 2627
6 2653 2676 2677 2678 2666 2654
5 2677 2700 2701 2692 2678
5 2700 2721 2722 2712 2701
6 2721 2742 2743 2744 2738 2722
4 2742 2766 2767 2743
5 2743 2767 2768 2760 2744
4 2766 2788 2789 2767
4 2788 2815 2816 2789
5 2767 2789 2790 2786 2768
5 2789 2816 2817 2818 2790
5 2817 2848 2849 2834 2818
6 2848 2869 2870 2871 2854 2849
4 2869 2892 2893 2870
4 2892 2915 2916 2893
5 2870 2893 2894 2878 2871
5 2893 2916 2917 2900 2894
4 2915 2940 2941 2916
4 2940 2965 2966 2941
6 2916 2941 2942 2943 2928 2917
4 2941 2966 2967 2942
5 2942 2967 2968 2952 2943
5 2967 2988 2989 2978 2968
6 2988 3013 3014 3015 2998 2989
4 3013 3038 3039 3014
4 3038 3062 3063 3039
5 3014 3039 3040 3030 3015
6 3039 3063 3064 3065 3052 3040
5 3064 3088 3089 3080 3065
5 3088 3111 3112 3100 3089
6 3111 3134 3135 3136 3130 3112
4 3134 3157 3158 3135
5 3135 3158 3159 3152 3136
4 3157 3178 3179 3158
4 3178 3202 3203 3179
5 3158 3179 3180 3176 3159
5 3179 3203 3204 3205 3180
5 3204 3232 3233 3218 3205
6 3232 3254 3255 3256 3238 3233
4 3254 3278 3279 3255
4 3278 3301 3302 3279
5 3255 3279 3280 3264 3256
5 3279 3302 3303 3286 3280
4 3301 3326 3327 3302
4 3326 3352 3353 3327
6 3302 3327 3328 3329 3314 3303
4 3327 3353 3354 3328
5 3328 3354 3355 3338 3329
5 3354 3376 3377 3366 3355
6 3376 3402 3403 3404 3386 3377
4 3402 3430 3431 3403
4 3430 3451 3452 3431
5 3403 3431 3432 3418 3404
5 3431 3452 3453 3440 3432
4 3451 3474 3475 3452
4 3474 3499 3500 3475
6 3452 3475 3476 3477 3464 3453
4 3475 3500 3501 3476
5 3476 3501 3502 3488 3477
5 3501 3526 3527 3518 3502
6 3526 3546 3547 3548 3538 3527
4 3546 3568 3569 3547
4 3568 3597 3598 3569
5 3547 3569 3570 3564 3548
5 3569 3598 3599 3586 3570
4 3597 3628 3629 3598
4 3628 3652 3653 3629
6 3598 3629 3630 3631 3626 3599
4 3629 3653 3654 3630
4 3630 3654 3655 3631
5 3654 3678 3679 3662 3655
6 3678 3703 3704 3705 3682 3679
4 3703 3730 3731 3704
4 3730 3751 3752 3731
5 3704 3731 3732 3714 3705
5 3731 3752 3753 3736 3732
4 3751 3774 3775 3752
4 3774 3802 3803 3775
6 3752 3775 3776 3777 3760 3753
4 3775 3803 3804 3776
5 3776 3804 3805 3784 3777
5 3804 3834 3835 3820 3805
6 3834 3844 3845 3846 3840 3835
4 3844 3874 3875 3845
4 3874 3897 3898 3875
3 3875 3876 3870
3 3875 3870 3872
3 3845 3875 3872
3 3845 3872 3846
4 3875 3898 3899 3876
4 3868 3870 3876 3877
4 3876 3899 3900 3877
4 3866 3868 3877 3878
4 3877 3900 3901 3878
4 3864 3866 3878 3879
4 3878 3901 3902 3879
3 3901 3924 3925
3 3902 3901 3925
3 3925 3920 3922
3 3925 3922 3902
4 3924 3950 3951 3925
4 3918 3920 3925 3926
4 3925 3951 3952 3926
4 3916 3918 3926 3927
4 3926 3952 3953 3927
4 3914 3916 3927 3928
3 3928 3927 3953
3 3946 3928 3953
3 3953 3954 3944
3 3953 3944 3946
5 3942 3944 3954 3955 3956
4 3954 3970 3971 3955
4 3970 3994 3995 3971
4 3955 3971 3972 3956
3 3971 3995 3996
3 3996 3980 3982
3 3971 3996 3982
3 3971 3982 3972
5 3978 3980 3996 3997 3998
4 3996 4024 4025 3997
4 4024 4033 4034 4025
3 4025 4026 4020
3 3998 3997 4025
3 4022 3998 4025
3 4025 4020 4022
4 4025 4034 4035 4026
4 4018 4020 4026 4027
5 4026 4035 4036 4037 4027
4 4035 4052 4053 4036
4 4052 4070 4071 4053
3 4053 4054 4048
3 4053 4048 4050
3 4036 4053 4050
3 4036 4050 4037
4 4053 4071 4072 4054
4 4046 4048 4054 4055
3 4055 4054 4072
3 4064 4055 4072
3 4072 4073 4062
3 4072 4062 4064
4 4060 4062 4073 4074
4 4072 4084 4085 4073
4 4084 4092 4093 4085
4 4073 4085 4086 4074
5 4085 4093 4094 4090 4086
4 99 119 120 100
5 119 122 137 138 120
4 100 120 121 101
4 120 138 139 121
3 137 152 138
4 138 152 155 139
5 139 155 161 162 140
3 161 171 162
4 140 162 163 141
5 162 171 175 169 163
4 141 163 164 142
3 173 164 163
3 167 173 163
3 163 169 167
4 142 164 165 143
5 164 173 225 200 165
5 200 225 231 229 201
3 201 229 223
3 202 201 223
3 223 227 202
4 202 227 233 203
5 203 233 259 247 204
4 204 247 248 205
5 247 259 265 261 248
4 206 205 248 261
3 206 261 235
4 235 257 249 206
4 206 249 250 207
4 249 257 267 250
4 207 250 251 208
4 250 267 307 251
4 208 251 252 209
5 251 307 311 271 252
4 209 252 253 210
3 275 253 252
3 252 271 269
3 252 269 275
4 210 253 254 211
5 253 275 291 292 254
4 211 254 255 212
4 254 292 293 255
3 291 319 292
4 292 319 333 293
5 293 333 335 321 294
3 294 321 309
3 295 294 309
3 309 317 295
4 295 317 331 296
5 296 331 342 343 297
3 342 355 343
4 297 343 344 298
5 343 355 357 351 344
5 298 344 351 327 299
3 300 299 327
3 315 323 300
3 327 315 300
5 300 323 349 345 301
4 301 345 346 302
4 345 349 361 346
4 302 346 347 303
6 346 361 365 399 383 347
4 383 399 405 384
6 384 405 421 423 417 385
4 385 417 418 386
4 417 423 429 418
4 386 418 419 387
5 418 429 449 441 419
5 441 449 457 459 442
5 442 459 473 469 443
4 443 469 470 444
4 469 473 481 470
4 444 470 471 445
6 470 481 485 503 495 471
4 541 549 559 542
4 495 503 509 496
3 529 541 542
5 496 509 520 521 497
3 542 543 521
3 523 529 542
3 523 542 521
3 520 523 521
5 542 559 566 567 543
3 581 594 595
3 566 573 567
4 543 567 568 544
3 595 596 568
3 568 567 573
3 568 573 575
3 595 568 575
3 575 581 595
4 544 568 569 545
4 568 596 597 569
4 594 607 613 595
5 595 613 619 620 596
3 640 621 620
4 629 638 639 640
3 629 640 620
3 620 627 629
3 619 627 620
4 596 620 621 597
4 638 645 649 639
5 639 649 661 657 640
4 679 689 693 680
4 640 657 658 641
3 665 679 680
3 665 680 658
3 665 658 657
3 657 661 665
4 641 658 659 642
4 658 680 681 659
5 680 693 703 699 681
3 707 709 716
3 707 716 717
3 707 717 700
3 707 700 699
3 699 703 707
3 716 725 717
4 681 699 700 682
4 682 700 701 683
4 700 717 718 701
5 717 725 735 731 718
4 718 731 732 719
3 732 731 735
3 732 735 737
3 737 755 756
3 737 756 732
4 719 732 733 720
4 732 756 757 733
4 755 771 772 756
4 771 779 781 772
4 756 772 773 757
3 773 772 781
3 773 781 783
3 783 790 791
3 783 791 773
4 790 803 805 791
4 791 805 807 792
3 813 793 792
3 792 807 809
3 813 792 809
3 809 812 813
4 812 826 827 813
4 826 843 845 827
3 853 854 828
3 828 827 845
3 847 853 828
3 845 847 828
4 853 869 871 854
4 828 854 855 829
4 854 871 873 855
4 829 855 856 830
3 883 856 855
3 855 873 875
3 883 855 875
3 875 882 883
4 830 856 857 831
4 856 883 884 857
4 882 905 906 883
4 905 911 913 906
4 883 906 907 884
4 906 913 915 907
4 884 907 908 885
4 907 915 917 908
4 885 908 909 886
3 929 930 909
3 919 929 909
3 919 909 908
3 908 917 919
5 1054 1074 1075 1076 1055
5 1074 1081 1094 1095 1075
6 952 969 974 975 976 953
5 929 949 952 953 930
4 974 993 994 975
5 993 999 1008 1009 994
4 975 994 995 976
4 994 1009 1010 995
5 1008 1027 1031 1032 1009
5 1031 1049 1054 1055 1032
4 1009 1032 1033 1010
4 1032 1055 1056 1033
4 1075 1095 1096 1076
4 1055 1076 1077 1056
4 1076 1096 1097 1077
5 1094 1117 1120 1121 1095
5 1120 1137 1142 1143 1121
6 1160 1165 1175 1176 1177 1161
4 1142 1160 1161 1143
5 1175 1195 1199 1200 1176
5 1199 1217 1223 1224 1200
4 1176 1200 1201 1177
4 1200 1224 1225 1201
4 1223 1243 1244 1224
5 1243 1249 1261 1262 1244
4 1224 1244 1245 1225
4 1244 1262 1263 1245
6 1261 1283 1288 1289 1290 1262
5 1288 1307 1314 1315 1289
4 1314 1334 1335 1315
5 1334 1339 1349 1350 1335
4 1289 1315 1316 1290
4 1262 1290 1291 1263
4 1290 1316 1317 1291
6 1372 1389 1394 1395 1396 1373
5 1349 1369 1372 1373 1350
4 1394 1413 1414 1395
5 1413 1419 1433 1434 1414
4 1395 1414 1415 1396
4 1414 1434 1435 1415
5 1484 1504 1505 1506 1485
5 1504 1511 1520 1521 1505
5 1520 1539 1542 1543 1521
5 1542 1559 1564 1565 1543
6 1582 1587 1597 1598 1599 1583
4 1564 1582 1583 1565
5 1597 1617 1621 1622 1598
5 1621 1639 1645 1646 1622
4 1598 1622 1623 1599
4 1622 1646 1647 1623
4 1645 1663 1664 1646
3 1680 1681 1664
3 1671 1680 1664
3 1663 1671 1664
4 1646 1664 1665 1647
4 1664 1681 1682 1665
6 1680 1699 1704 1705 1706 1681
4 1704 1728 1729 1705
6 1746 1755 1768 1769 1770 1747
5 1728 1735 1746 1747 1729
4 1705 1729 1730 1706
4 1681 1706 1707 1682
4 1706 1730 1731 1707
6 1816 1821 1834 1835 1836 1817
5 1834 1845 1855 1856 1835
5 1855 1875 1878 1879 1856
4 1878 1898 1899 1879
6 1898 1903 1915 1916 1917 1899
5 1915 1925 1936 1937 1916
4 1916 1937 1938 1917
5 1768 1791 1795 1796 1769
4 1795 1816 1817 1796
4 1769 1796 1797 1770
4 1796 1817 1818 1797
4 1835 1856 1857 1836
4 1817 1836 1837 1818
4 1836 1857 1858 1837
5 1961 1984 1985 1986 1962
5 1984 1991 2002 2003 1985
5 2002 2011 2021 2022 2003
5 1936 1957 1961 1962 1937
4 1937 1962 1963 1938
4 1962 1986 1987 1963
6 2021 2041 2045 2046 2047 2022
4 2045 2066 2067 2046
4 2046 2067 2068 2047
5 2066 2071 2083 2084 2067
5 2083 2093 2107 2108 2084
4 2067 2084 2085 2068
4 2084 2108 2109 2085
5 1433 1457 1461 1462 1434
5 1461 1479 1484 1485 1462
4 1434 1462 1463 1435
4 1462 1485 1486 1463
4 1505 1521 1522 1506
4 1485 1506 1507 1486
4 1506 1522 1523 1507
6 2655 2667 2679 2680 2681 2656
5 2679 2693 2702 2703 2680
5 2702 2713 2723 2724 2703
5 2791 2821 2822 2823 2792
6 2723 2739 2745 2746 2747 2724
5 2745 2761 2769 2770 2746
4 2746 2770 2771 2747
5 2769 2787 2791 2792 2770
4 2770 2792 2793 2771
4 2792 2823 2824 2793
5 3181 3208 3209 3210 3182
6 2918 2929 2944 2945 2946 2919
5 2944 2953 2969 2970 2945
6 2990 2999 3016 3017 3018 2991
5 2969 2979 2990 2991 2970
6 2850 2855 2872 2873 2874 2851
5 2821 2835 2850 2851 2822
5 2872 2879 2895 2896 2873
5 2895 2901 2918 2919 2896
4 2873 2896 2897 2874
4 2896 2919 2920 2897
4 2945 2970 2971 2946
4 2919 2946 2947 2920
4 2946 2971 2972 2947
6 3041 3053 3066 3067 3068 3042
5 3066 3081 3090 3091 3067
5 3090 3101 3113 3114 3091
5 3016 3031 3041 3042 3017
4 3017 3042 3043 3018
4 3042 3068 3069 3043
6 3113 3131 3137 3138 3139 3114
5 3137 3153 3160 3161 3138
4 3138 3161 3162 3139
5 3160 3177 3181 3182 3161
4 3161 3182 3183 3162
4 3182 3210 3211 3183
6 3234 3239 3257 3258 3259 3235
5 3208 3219 3234 3235 3209
5 3257 3265 3281 3282 3258
5 3281 3287 3304 3305 3282
4 3258 3282 3283 3259
4 3282 3305 3306 3283
6 3304 3315 3330 3331 3332 3305
5 3330 3339 3356 3357 3331
6 3378 3387 3405 3406 3407 3379
5 3356 3367 3378 3379 3357
4 3331 3357 3358 3332
4 3305 3332 3333 3306
4 3332 3358 3359 3333
6 3454 3465 3478 3479 3480 3455
5 3478 3489 3503 3504 3479
6 3528 3539 3549 3550 3551 3529
5 3503 3519 3528 3529 3504
5 3549 3565 3571 3572 3550
5 3571 3587 3602 3603 3572
4 3550 3572 3573 3551
4 3572 3603 3604 3573
5 3405 3419 3433 3434 3406
5 3433 3441 3454 3455 3434
4 3406 3434 3435 3407
4 3434 3455 3456 3435
4 3479 3504 3505 3480
4 3455 3480 3481 3456
4 3480 3505 3506 3481
6 2107 2131 2136 2137 2138 2108
4 2136 2159 2160 2137
6 2176 2185 2194 2195 2196 2177
5 2159 2165 2176 2177 2160
6 2239 2245 2258 2259 2260 2240
5 2258 2269 2281 2282 2259
5 2194 2213 2217 2218 2195
4 2217 2239 2240 2218
4 2195 2218 2219 2196
4 2218 2240 2241 2219
4 2259 2282 2283 2260
4 2240 2260 2261 2241
4 2260 2283 2284 2261
5 2383 2405 2406 2407 2384
5 2405 2411 2422 2423 2406
5 2422 2431 2444 2445 2423
5 2281 2303 2306 2307 2282
4 2306 2325 2326 2307
6 2325 2329 2341 2342 2343 2326
5 2341 2351 2360 2361 2342
4 2342 2361 2362 2343
5 2360 2379 2383 2384 2361
4 2361 2384 2385 2362
4 2384 2407 2408 2385
4 2137 2160 2161 2138
4 2108 2138 2139 2109
4 2138 2161 2162 2139
6 2444 2467 2471 2472 2473 2445
4 2471 2493 2494 2472
4 2472 2494 2495 2473
5 2493 2499 2511 2512 2494
5 2511 2521 2531 2532 2512
4 2494 2512 2513 2495
4 2512 2532 2533 2513
6 2531 2551 2556 2557 2558 2532
4 2556 2578 2579 2557
6 2600 2609 2628 2629 2630 2601
3 2600 2601 2579
3 2587 2600 2579
3 2578 2587 2579
4 2557 2579 2580 2558
4 2532 2558 2559 2533
4 2558 2580 2581 2559
5 2628 2645 2655 2656 2629
4 2629 2656 2657 2630
4 2656 2681 2682 2657
5 3979 3999 4000 4001 3981
5 3943 3957 3958 3959 3945
4 3957 3973 3974 3958
3 4001 4002 3974
3 3983 3981 4001
3 3983 4001 3974
3 3973 3983 3974
4 3958 3974 3975 3959
4 3974 4002 4003 3975
6 3754 3761 3778 3779 3780 3755
5 3778 3785 3806 3807 3779
4 3865 3880 3881 3867
4 3880 3903 3904 3881
4 3915 3929 3930 3917
3 3960 3930 3929
3 3960 3929 3947
3 3945 3959 3960
3 3947 3945 3960
4 3917 3930 3931 3919
4 3930 3960 3961 3931
4 3919 3931 3932 3921
4 3931 3961 3962 3932
3 3932 3933 3904
3 3932 3904 3903
3 3923 3921 3932
3 3903 3923 3932
4 3932 3962 3963 3933
4 3867 3881 3882 3869
4 3881 3904 3905 3882
4 3869 3882 3883 3871
4 3882 3905 3906 3883
6 3836 3841 3847 3848 3849 3837
5 3806 3821 3836 3837 3807
3 3871 3883 3884
3 3873 3871 3884
3 3873 3884 3848
3 3847 3873 3848
4 3883 3906 3907 3884
4 3848 3884 3885 3849
4 3884 3907 3908 3885
4 4061 4075 4076 4063
4 4047 4056 4057 4049
3 4077 4057 4056
3 4077 4056 4065
3 4063 4076 4077
3 4065 4063 4077
5 4028 4038 4039 4040 4029
4 4019 4028 4029 4021
3 4049 4057 4058
3 4051 4049 4058
3 4051 4058 4039
3 4038 4051 4039
4 4057 4077 4078 4058
4 4039 4058 4059 4040
4 4058 4078 4079 4059
4 4075 4087 4088 4076
5 4087 4090 4094 4095 4088
4 4076 4088 4089 4077
4 4088 4095 4096 4089
3 4021 4029 4030
3 4030 4000 3999
3 4030 3999 4023
3 4023 4021 4030
4 4029 4040 4041 4030
4 4000 4030 4031 4001
4 4030 4041 4042 4031
6 3602 3627 3632 3633 3634 3603
4 3632 3656 3657 3633
6 3680 3683 3706 3707 3708 3681
5 3656 3663 3680 3681 3657
4 3633 3657 3658 3634
4 3603 3634 3635 3604
4 3634 3658 3659 3635
5 3706 3715 3733 3734 3707
5 3733 3737 3754 3755 3734
4 3707 3734 3735 3708
4 3734 3755 3756 3735
4 3779 3807 3808 3780
4 3755 3780 3781 3756
4 3780 3808 3809 3781
9 310 270 268 274 290 318 332 334 358
4 358 334 402 410
4 410 402 430 452
4 452 430 464 478
4 478 464 506 514
4 514 506 530 550
4 550 530 560 576
4 576 560 606 610
8 610 606 612 618 626 628 637 644
6 842 844 846 852 868 866
4 866 868 898 896
4 896 898 944 942
4 942 944 964 962
4 962 964 988 986
4 986 988 1022 1020
4 1020 1022 1044 1042
4 1042 1044 1068 1066
4 1066 1068 1112 1110
4 1110 1112 1132 1130
4 1130 1132 1156 1154
4 1154 1156 1190 1188
4 1188 1190 1212 1210
4 1210 1212 1238 1236
4 1236 1238 1278 1276
4 1276 1278 1302 1300
4 1300 1302 1330 1328
4 1328 1330 1364 1362
4 1362 1364 1384 1382
4 1382 1384 1408 1406
4 1406 1408 1452 1450
4 1450 1452 1474 1472
4 1472 1474 1498 1496
4 1496 1498 1534 1532
4 1532 1534 1554 1552
4 1552 1554 1578 1576
4 1576 1578 1612 1610
4 1610 1612 1634 1632
4 1632 1634 1666 1658
4 1658 1666 1694 1692
4 1692 1694 1718 1716
4 1716 1718 1750 1748
4 1748 1750 1786 1784
4 1784 1786 1808 1806
4 1806 1808 1840 1838
4 1838 1840 1870 1868
4 1868 1870 1890 1888
4 1888 1890 1920 1918
4 1918 1920 1952 1950
4 1950 1952 1974 1972
4 1972 1974 2006 2004
4 2004 2006 2036 2034
4 2034 2036 2058 2056
4 2056 2058 2088 2086
4 2086 2088 2126 2124
4 2124 2126 2150 2148
4 2148 2150 2180 2178
4 2178 2180 2208 2206
4 2206 2208 2230 2228
4 2228 2230 2264 2262
4 2262 2264 2298 2296
4 2296 2298 2318 2316
4 2316 2318 2346 2344
4 2344 2346 2374 2372
4 2372 2374 2396 2394
4 2394 2396 2426 2424
4 2424 2426 2462 2460
4 2460 2462 2484 2482
4 2482 2484 2516 2514
4 2514 2516 2546 2544
4 2544 2546 2570 2568
4 2568 2570 2602 2596
4 2596 2602 2638 2616
4 2616 2638 2660 2658
4 2658 2660 2686 2684
4 2684 2686 2706 2704
4 2704 2706 2732 2730
4 2730 2732 2754 2752
4 2752 2754 2780 2778
4 2778 2780 2802 2800
4 2800 2802 2844 2842
4 2842 2844 2864 2862
4 2862 2864 2888 2886
4 2886 2888 2910 2908
4 2908 2910 2938 2936
4 2936 2938 2962 2960
4 2960 2962 2992 2986
4 2986 2992 3024 3006
4 3006 3024 3046 3044
4 3044 3046 3074 3072
4 3072 3074 3094 3092
4 3092 3094 3124 3122
4 3122 3124 3146 3144
4 3144 3146 3170 3168
4 3168 3170 3192 3190
4 3190 3192 3228 3226
4 3226 3228 3248 3246
4 3246 3248 3274 3272
4 3272 3274 3296 3294
4 3294 3296 3324 3322
4 3322 3324 3348 3346
4 3346 3348 3380 3374
4 3374 3380 3414 3394
4 3394 3414 3436 3428
4 3428 3436 3460 3458
4 3458 3460 3484 3482
4 3482 3484 3514 3512
4 3512 3514 3534 3532
4 3532 3534 3560 3558
4 3558 3560 3582 3580
4 3580 3582 3622 3620
4 3620 3622 3646 3644
4 3644 3646 3674 3672
4 3672 3674 3694 3692
4 3692 3694 3726 3724
4 3724 3726 3748 3746
4 3746 3748 3772 3770
4 3770 3772 3816 3794
4 3794 3816 3832 3830
4 3830 3832 3862 3860
4 3860 3862 3914 3912
6 3912 3914 3928 3946 3944 3942
6 3943 3945 3947 3929 3915 3913
4 3913 3915 3863 3861
4 3861 3863 3833 3831
4 3831 3833 3817 3795
4 3795 3817 3773 3771
4 3771 3773 3749 3747
4 3747 3749 3727 3725
4 3725 3727 3695 3693
4 3693 3695 3675 3673
4 3673 3675 3647 3645
4 3645 3647 3623 3621
4 3621 3623 3583 3581
4 3581 3583 3561 3559
4 3559 3561 3535 3533
4 3533 3535 3515 3513
4 3513 3515 3485 3483
4 3483 3485 3461 3459
4 3459 3461 3437 3429
4 3429 3437 3415 3395
4 3395 3415 3381 3375
4 3375 3381 3349 3347
4 3347 3349 3325 3323
4 3323 3325 3297 3295
4 3295 3297 3275 3273
4 3273 3275 3249 3247
4 3247 3249 3229 3227
4 3227 3229 3193 3191
4 3191 3193 3171 3169
4 3169 3171 3147 3145
4 3145 3147 3125 3123
4 3123 3125 3095 3093
4 3093 3095 3075 3073
4 3073 3075 3047 3045
4 3045 3047 3025 3007
4 3007 3025 2993 2987
4 2987 2993 2963 2961
4 2961 2963 2939 2937
4 2937 2939 2911 2909
4 2909 2911 2889 2887
4 2887 2889 2865 2863
4 2863 2865 2845 2843
4 2843 2845 2803 2801
4 2801 2803 2781 2779
4 2779 2781 2755 2753
4 2753 2755 2733 2731
4 2731 2733 2707 2705
4 2705 2707 2687 2685
4 2685 2687 2661 2659
4 2659 2661 2639 2617
4 2617 2639 2603 2597
4 2597 2603 2571 2569
4 2569 2571 2547 2545
4 2545 2547 2517 2515
4 2515 2517 2485 2483
4 2483 2485 2463 2461
4 2461 2463 2427 2425
4 2425 2427 2397 2395
4 2395 2397 2375 2373
4 2373 2375 2347 2345
4 2345 2347 2319 2317
4 2317 2319 2299 2297
4 2297 2299 2265 2263
4 2263 2265 2231 2229
4 2229 2231 2209 2207
4 2207 2209 2181 2179
4 2179 2181 2151 2149
4 2149 2151 2127 2125
4 2125 2127 2089 2087
4 2087 2089 2059 2057
4 2057 2059 2037 2035
4 2035 2037 2007 2005
4 2005 2007 1975 1973
4 1973 1975 1953 1951
4 1951 1953 1921 1919
4 1919 1921 1891 1889
4 1889 1891 1871 1869
4 1869 1871 1841 1839
4 1839 1841 1809 1807
4 1807 1809 1787 1785
4 1785 1787 1751 1749
4 1749 1751 1719 1717
4 1717 1719 1695 1693
4 1693 1695 1667 1659
4 1659 1667 1635 1633
4 1633 1635 1613 1611
4 1611 1613 1579 1577
4 1577 1579 1555 1553
4 1553 1555 1535 1533
4 1533 1535 1499 1497
4 1497 1499 1475 1473
4 1473 1475 1453 1451
4 1451 1453 1409 1407
4 1407 1409 1385 1383
4 1383 1385 1365 1363
4 1363 1365 1331 1329
4 1329 1331 1303 1301
4 1301 1303 1279 1277
4 1277 1279 1239 1237
4 1237 1239 1213 1211
4 1211 1213 1191 1189
4 1189 1191 1157 1155
4 1155 1157 1133 1131
4 1131 1133 1113 1111
4 1111 1113 1069 1067
4 1067 1069 1045 1043
4 1043 1045 1023 1021
4 1021 1023 989 987
4 987 989 965 963
4 963 965 945 943
4 943 945 899 897
4 897 899 869 867
6 867 869 853 847 845 843
8 645 638 629 627 619 613 607 611
4 611 607 561 577
4 577 561 531 551
4 551 531 507 515
4 515 507 465 479
4 479 465 431 453
4 453 431 403 411
4 411 403 335 359
9 359 335 333 319 291 275 269 271 311
9 334 320 308 316 330 341 354 356 402
4 402 356 408 430
4 430 408 450 464
4 464 450 476 506
4 506 476 512 530
4 530 512 548 560
9 560 548 558 565 572 574 580 591 606
8 868 870 872 874 881 904 910 898
4 898 910 946 944
4 944 946 966 964
4 964 966 996 988
4 988 996 1024 1022
4 1022 1024 1046 1044
4 1044 1046 1078 1068
4 1068 1078 1114 1112
4 1112 1114 1134 1132
4 1132 1134 1162 1156
4 1156 1162 1192 1190
4 1190 1192 1214 1212
4 1212 1214 1246 1238
4 1238 1246 1280 1278
4 1278 1280 1304 1302
4 1302 1304 1336 1330
4 1330 1336 1366 1364
4 1364 1366 1386 1384
4 1384 1386 1416 1408
4 1408 1416 1454 1452
4 1452 1454 1476 1474
4 1474 1476 1508 1498
4 1498 1508 1536 1534
4 1534 1536 1556 1554
4 1554 1556 1584 1578
4 1578 1584 1614 1612
4 1612 1614 1636 1634
4 1634 1636 1668 1666
4 1666 1668 1696 1694
4 1694 1696 1720 1718
4 1718 1720 1752 1750
4 1750 1752 1788 1786
4 1786 1788 1810 1808
4 1808 1810 1842 1840
4 1840 1842 1872 1870
4 1870 1872 1892 1890
4 1890 1892 1922 1920
4 1920 1922 1954 1952
4 1952 1954 1976 1974
4 1974 1976 2008 2006
4 2006 2008 2038 2036
4 2036 2038 2060 2058
4 2058 2060 2090 2088
4 2088 2090 2128 2126
4 2126 2128 2152 2150
4 2150 2152 2182 2180
4 2180 2182 2210 2208
4 2208 2210 2232 2230
4 2230 2232 2266 2264
4 2264 2266 2300 2298
4 2298 2300 2320 2318
4 2318 2320 2348 2346
4 2346 2348 2376 2374
4 2374 2376 2398 2396
4 2396 2398 2428 2426
4 2426 2428 2464 2462
4 2462 2464 2486 2484
4 2484 2486 2518 2516
4 2516 2518 2548 2546
4 2546 2548 2584 2570
4 2570 2584 2604 2602
4 2602 2604 2640 2638
4 2638 2640 2662 2660
4 2660 2662 2688 2686
4 2686 2688 2708 2706
4 2706 2708 2734 2732
4 2732 2734 2756 2754
4 2754 2756 2782 2780
4 2780 2782 2804 2802
4 2802 2804 2846 2844
4 2844 2846 2866 2864
4 2864 2866 2890 2888
4 2888 2890 2924 2910
4 2910 2924 2948 2938
4 2938 2948 2974 2962
4 2962 2974 2994 2992
4 2992 2994 3026 3024
4 3024 3026 3048 3046
4 3046 3048 3076 3074
4 3074 3076 3096 3094
4 3094 3096 3126 3124
4 3124 3126 3148 3146
4 3146 3148 3172 3170
4 3170 3172 3194 3192
4 3192 3194 3230 3228
4 3228 3230 3250 3248
4 3248 3250 3276 3274
4 3274 3276 3310 3296
4 3296 3310 3334 3324
4 3324 3334 3362 3348
4 3348 3362 3382 3380
4 3380 3382 3416 3414
4 3414 3416 3438 3436
4 3436 3438 3462 3460
4 3460 3462 3486 3484
4 3484 3486 3516 3514
4 3514 3516 3536 3534
4 3534 3536 3562 3560
4 3560 3562 3584 3582
4 3582 3584 3624 3622
4 3622 3624 3648 3646
4 3646 3648 3676 3674
4 3674 3676 3696 3694
4 3694 3696 3728 3726
4 3726 3728 3758 3748
4 3748 3758 3782 3772
4 3772 3782 3818 3816
4 3816 3818 3838 3832
4 3832 3838 3864 3862
9 3862 3864 3879 3902 3922 3920 3918 3916 3914
9 3915 3917 3919 3921 3923 3903 3880 3865 3863
4 3863 3865 3839 3833
4 3833 3839 3819 3817
4 3817 3819 3783 3773
4 3773 3783 3759 3749
4 3749 3759 3729 3727
4 3727 3729 3697 3695
4 3695 3697 3677 3675
4 3675 3677 3649 3647
4 3647 3649 3625 3623
4 3623 3625 3585 3583
4 3583 3585 3563 3561
4 3561 3563 3537 3535
4 3535 3537 3517 3515
4 3515 3517 3487 3485
4 3485 3487 3463 3461
4 3461 3463 3439 3437
4 3437 3439 3417 3415
4 3415 3417 3383 3381
4 3381 3383 3363 3349
4 3349 3363 3335 3325
4 3325 3335 3311 3297
4 3297 3311 3277 3275
4 3275 3277 3251 3249
4 3249 3251 3231 3229
4 3229 3231 3195 3193
4 3193 3195 3173 3171
4 3171 3173 3149 3147
4 3147 3149 3127 3125
4 3125 3127 3097 3095
4 3095 3097 3077 3075
4 3075 3077 3049 3047
4 3047 3049 3027 3025
4 3025 3027 2995 2993
4 2993 2995 2975 2963
4 2963 2975 2949 2939
4 2939 2949 2925 2911
4 2911 2925 2891 2889
4 2889 2891 2867 2865
4 2865 2867 2847 2845
4 2845 2847 2805 2803
4 2803 2805 2783 2781
4 2781 2783 2757 2755
4 2755 2757 2735 2733
4 2733 2735 2709 2707
4 2707 2709 2689 2687
4 2687 2689 2663 2661
4 2661 2663 2641 2639
4 2639 2641 2605 2603
4 2603 2605 2585 2571
4 2571 2585 2549 2547
4 2547 2549 2519 2517
4 2517 2519 2487 2485
4 2485 2487 2465 2463
4 2463 2465 2429 2427
4 2427 2429 2399 2397
4 2397 2399 2377 2375
4 2375 2377 2349 2347
4 2347 2349 2321 2319
4 2319 2321 2301 2299
4 2299 2301 2267 2265
4 2265 2267 2233 2231
4 2231 2233 2211 2209
4 2209 2211 2183 2181
4 2181 2183 2153 2151
4 2151 2153 2129 2127
4 2127 2129 2091 2089
4 2089 2091 2061 2059
4 2059 2061 2039 2037
4 2037 2039 2009 2007
4 2007 2009 1977 1975
4 1975 1977 1955 1953
4 1953 1955 1923 1921
4 1921 1923 1893 1891
4 1891 1893 1873 1871
4 1871 1873 1843 1841
4 1841 1843 1811 1809
4 1809 1811 1789 1787
4 1787 1789 1753 1751
4 1751 1753 1721 1719
4 1719 1721 1697 1695
4 1695 1697 1669 1667
4 1667 1669 1637 1635
4 1635 1637 1615 1613
4 1613 1615 1585 1579
4 1579 1585 1557 1555
4 1555 1557 1537 1535
4 1535 1537 1509 1499
4 1499 1509 1477 1475
4 1475 1477 1455 1453
4 1453 1455 1417 1409
4 1409 1417 1387 1385
4 1385 1387 1367 1365
4 1365 1367 1337 1331
4 1331 1337 1305 1303
4 1303 1305 1281 1279
4 1279 1281 1247 1239
4 1239 1247 1215 1213
4 1213 1215 1193 1191
4 1191 1193 1163 1157
4 1157 1163 1135 1133
4 1133 1135 1115 1113
4 1113 1115 1079 1069
4 1069 1079 1047 1045
4 1045 1047 1025 1023
4 1023 1025 997 989
4 989 997 967 965
4 965 967 947 945
4 945 947 911 899
8 899 911 905 882 875 873 871 869
9 607 594 581 575 573 566 559 549 561
4 561 549 513 531
4 531 513 477 507
4 507 477 451 465
4 465 451 409 431
4 431 409 357 403
9 403 357 355 342 331 317 309 321 335
9 356 350 324 314 322 348 360 364 408
6 408 364 398 404 420 450
7 450 420 422 428 448 456 476
7 476 456 458 472 480 484 512
9 512 484 502 508 519 522 528 540 548
8 910 912 914 916 918 926 948 946
5 946 948 951 968 966
6 966 968 973 992 998 996
5 996 998 1005 1026 1024
5 1024 1026 1030 1048 1046
6 1046 1048 1053 1073 1080 1078
5 1078 1080 1091 1116 1114
5 1114 1116 1119 1136 1134
6 1134 1136 1141 1159 1164 1162
5 1162 1164 1172 1194 1192
5 1192 1194 1198 1216 1214
6 1214 1216 1222 1242 1248 1246
5 1246 1248 1258 1282 1280
5 1280 1282 1287 1306 1304
6 1304 1306 1313 1333 1338 1336
5 1336 1338 1346 1368 1366
5 1366 1368 1371 1388 1386
6 1386 1388 1393 1412 1418 1416
5 1416 1418 1430 1456 1454
5 1454 1456 1460 1478 1476
6 1476 1478 1483 1503 1510 1508
5 1508 1510 1517 1538 1536
5 1536 1538 1541 1558 1556
6 1556 1558 1563 1581 1586 1584
5 1584 1586 1594 1616 1614
5 1614 1616 1620 1638 1636
6 1636 1638 1644 1662 1670 1668
5 1668 1670 1677 1698 1696
6 1696 1698 1703 1727 1734 1720
5 1720 1734 1745 1754 1752
5 1752 1754 1765 1790 1788
6 1788 1790 1794 1815 1820 1810
5 1810 1820 1833 1844 1842
5 1842 1844 1852 1874 1872
6 1872 1874 1877 1897 1902 1892
5 1892 1902 1914 1924 1922
5 1922 1924 1933 1956 1954
6 1954 1956 1960 1983 1990 1976
5 1976 1990 2001 2010 2008
5 2008 2010 2018 2040 2038
6 2038 2040 2044 2065 2070 2060
5 2060 2070 2082 2092 2090
5 2090 2092 2104 2130 2128
6 2128 2130 2135 2158 2164 2152
5 2152 2164 2175 2184 2182
5 2182 2184 2191 2212 2210
6 2210 2212 2216 2238 2244 2232
5 2232 2244 2257 2268 2266
5 2266 2268 2278 2302 2300
6 2300 2302 2305 2324 2328 2320
5 2320 2328 2340 2350 2348
5 2348 2350 2357 2378 2376
6 2376 2378 2382 2404 2410 2398
5 2398 2410 2421 2430 2428
5 2428 2430 2441 2466 2464
6 2464 2466 2470 2492 2498 2486
5 2486 2498 2510 2520 2518
5 2518 2520 2528 2550 2548
6 2548 2550 2555 2577 2586 2584
5 2584 2586 2599 2608 2604
5 2604 2608 2627 2644 2640
5 2640 2644 2654 2666 2662
5 2662 2666 2678 2692 2688
5 2688 2692 2701 2712 2708
5 2708 2712 2722 2738 2734
5 2734 2738 2744 2760 2756
5 2756 2760 2768 2786 2782
6 2782 2786 2790 2818 2834 2804
5 2804 2834 2849 2854 2846
5 2846 2854 2871 2878 2866
5 2866 2878 2894 2900 2890
5 2890 2900 2917 2928 2924
5 2924 2928 2943 2952 2948
5 2948 2952 2968 2978 2974
5 2974 2978 2989 2998 2994
5 2994 2998 3015 3030 3026
5 3026 3030 3040 3052 3048
5 3048 3052 3065 3080 3076
5 3076 3080 3089 3100 3096
5 3096 3100 3112 3130 3126
5 3126 3130 3136 3152 3148
5 3148 3152 3159 3176 3172
6 3172 3176 3180 3205 3218 3194
5 3194 3218 3233 3238 3230
5 3230 3238 3256 3264 3250
5 3250 3264 3280 3286 3276
5 3276 3286 3303 3314 3310
5 3310 3314 3329 3338 3334
5 3334 3338 3355 3366 3362
5 3362 3366 3377 3386 3382
5 3382 3386 3404 3418 3416
5 3416 3418 3432 3440 3438
5 3438 3440 3453 3464 3462
5 3462 3464 3477 3488 3486
5 3486 3488 3502 3518 3516
5 3516 3518 3527 3538 3536
5 3536 3538 3548 3564 3562
5 3562 3564 3570 3586 3584
5 3584 3586 3599 3626 3624
6 3624 3626 3631 3655 3662 3648
5 3648 3662 3679 3682 3676
5 3676 3682 3705 3714 3696
5 3696 3714 3732 3736 3728
5 3728 3736 3753 3760 3758
5 3758 3760 3777 3784 3782
5 3782 3784 3805 3820 3818
5 3818 3820 3835 3840 3838
8 3838 3840 3846 3872 3870 3868 3866 3864
8 3865 3867 3869 3871 3873 3847 3841 3839
5 3839 3841 3836 3821 3819
5 3819 3821 3806 3785 3783
5 3783 3785 3778 3761 3759
5 3759 3761 3754 3737 3729
5 3729 3737 3733 3715 3697
5 3697 3715 3706 3683 3677
5 3677 3683 3680 3663 3649
6 3649 3663 3656 3632 3627 3625
5 3625 3627 3602 3587 3585
5 3585 3587 3571 3565 3563
5 3563 3565 3549 3539 3537
5 3537 3539 3528 3519 3517
5 3517 3519 3503 3489 3487
5 3487 3489 3478 3465 3463
5 3463 3465 3454 3441 3439
5 3439 3441 3433 3419 3417
5 3417 3419 3405 3387 3383
5 3383 3387 3378 3367 3363
5 3363 3367 3356 3339 3335
5 3335 3339 3330 3315 3311
5 3311 3315 3304 3287 3277
5 3277 3287 3281 3265 3251
5 3251 3265 3257 3239 3231
5 3231 3239 3234 3219 3195
6 3195 3219 3208 3181 3177 3173
5 3173 3177 3160 3153 3149
5 3149 3153 3137 3131 3127
5 3127 3131 3113 3101 3097
5 3097 3101 3090 3081 3077
5 3077 3081 3066 3053 3049
5 3049 3053 3041 3031 3027
5 3027 3031 3016 2999 2995
5 2995 2999 2990 2979 2975
5 2975 2979 2969 2953 2949
5 2949 2953 2944 2929 2925
5 2925 2929 2918 2901 2891
5 2891 2901 2895 2879 2867
5 2867 2879 2872 2855 2847
5 2847 2855 2850 2835 2805
6 2805 2835 2821 2791 2787 2783
5 2783 2787 2769 2761 2757
5 2757 2761 2745 2739 2735
5 2735 2739 2723 2713 2709
5 2709 2713 2702 2693 2689
5 2689 2693 2679 2667 2663
5 2663 2667 2655 2645 2641
5 2641 2645 2628 2609 2605
5 2605 2609 2600 2587 2585
6 2585 2587 2578 2556 2551 2549
5 2549 2551 2531 2521 2519
5 2519 2521 2511 2499 2487
6 2487 2499 2493 2471 2467 2465
5 2465 2467 2444 2431 2429
5 2429 2431 2422 2411 2399
6 2399 2411 2405 2383 2379 2377
5 2377 2379 2360 2351 2349
5 2349 2351 2341 2329 2321
6 2321 2329 2325 2306 2303 2301
5 2301 2303 2281 2269 2267
5 2267 2269 2258 2245 2233
6 2233 2245 2239 2217 2213 2211
5 2211 2213 2194 2185 2183
5 2183 2185 2176 2165 2153
6 2153 2165 2159 2136 2131 2129
5 2129 2131 2107 2093 2091
5 2091 2093 2083 2071 2061
6 2061 2071 2066 2045 2041 2039
5 2039 2041 2021 2011 2009
5 2009 2011 2002 1991 1977
6 1977 1991 1984 1961 1957 1955
5 1955 1957 1936 1925 1923
5 1923 1925 1915 1903 1893
6 1893 1903 1898 1878 1875 1873
5 1873 1875 1855 1845 1843
5 1843 1845 1834 1821 1811
6 1811 1821 1816 1795 1791 1789
5 1789 1791 1768 1755 1753
5 1753 1755 1746 1735 1721
6 1721 1735 1728 1704 1699 1697
5 1697 1699 1680 1671 1669
6 1669 1671 1663 1645 1639 1637
5 1637 1639 1621 1617 1615
5 1615 1617 1597 1587 1585
6 1585 1587 1582 1564 1559 1557
5 1557 1559 1542 1539 1537
5 1537 1539 1520 1511 1509
6 1509 1511 1504 1484 1479 1477
5 1477 1479 1461 1457 1455
5 1455 1457 1433 1419 1417
6 1417 1419 1413 1394 1389 1387
5 1387 1389 1372 1369 1367
5 1367 1369 1349 1339 1337
6 1337 1339 1334 1314 1307 1305
5 1305 1307 1288 1283 1281
5 1281 1283 1261 1249 1247
6 1247 1249 1243 1223 1217 1215
5 1215 1217 1199 1195 1193
5 1193 1195 1175 1165 1163
6 1163 1165 1160 1142 1137 1135
5 1135 1137 1120 1117 1115
5 1115 1117 1094 1081 1079
6 1079 1081 1074 1054 1049 1047
5 1047 1049 1031 1027 1025
5 1025 1027 1008 999 997
6 997 999 993 974 969 967
5 967 969 952 949 947
8 947 949 929 919 917 915 913 911
9 549 541 529 523 520 509 503 485 513
7 513 485 481 473 459 457 477
7 477 457 449 429 423 421 451
6 451 421 405 399 365 409
9 409 365 361 349 323 315 327 351 357
9 153 122 136 151 154 160 170 174 198
4 198 174 236 262
4 262 236 312 325
4 325 312 362 381
4 381 362 412 424
4 424 412 454 460
4 460 454 482 493
4 493 482 516 524
4 524 516 552 554
4 554 552 578 592
4 592 578 614 622
4 622 614 646 650
4 650 646 666 677
4 677 666 694 704
4 704 694 722 726
4 726 722 738 753
4 753 738 776 774
4 774 776 798 796
4 796 798 836 824
4 824 836 860 858
4 858 860 890 888
4 888 890 936 927
4 927 936 956 954
4 954 956 980 978
4 978 980 1014 1006
4 1006 1014 1036 1034
4 1034 1036 1060 1058
4 1058 1060 1104 1092
4 1092 1104 1124 1122
4 1122 1124 1148 1146
4 1146 1148 1182 1173
4 1173 1182 1204 1202
4 1202 1204 1230 1228
4 1228 1230 1270 1259
4 1259 1270 1294 1292
4 1292 1294 1322 1320
4 1320 1322 1356 1347
4 1347 1356 1376 1374
4 1374 1376 1400 1398
4 1398 1400 1444 1431
4 1431 1444 1466 1464
4 1464 1466 1490 1488
4 1488 1490 1526 1518
4 1518 1526 1546 1544
4 1544 1546 1570 1568
4 1568 1570 1604 1595
4 1595 1604 1626 1624
4 1624 1626 1652 1650
4 1650 1652 1686 1678
4 1678 1686 1710 1708
4 1708 1710 1738 1736
4 1736 1738 1778 1766
4 1766 1778 1800 1798
4 1798 1800 1824 1822
4 1822 1824 1862 1853
4 1853 1862 1882 1880
4 1880 1882 1906 1904
4 1904 1906 1944 1934
4 1934 1944 1966 1964
4 1964 1966 1994 1992
4 1992 1994 2028 2019
4 2019 2028 2050 2048
4 2048 2050 2074 2072
4 2072 2074 2118 2105
4 2105 2118 2142 2140
4 2140 2142 2168 2166
4 2166 2168 2200 2192
4 2192 2200 2222 2220
4 2220 2222 2248 2246
4 2246 2248 2290 2279
4 2279 2290 2310 2308
4 2308 2310 2332 2330
4 2330 2332 2366 2358
4 2358 2366 2388 2386
4 2386 2388 2414 2412
4 2412 2414 2454 2442
4 2442 2454 2476 2474
4 2474 2476 2502 2500
4 2500 2502 2538 2529
4 2529 2538 2562 2560
4 2560 2562 2590 2588
4 2588 2590 2610 2606
4 2606 2610 2646 2642
4 2642 2646 2668 2664
4 2664 2668 2694 2690
4 2690 2694 2714 2710
4 2710 2714 2740 2736
4 2736 2740 2762 2758
4 2758 2762 2794 2784
4 2784 2794 2836 2819
4 2819 2836 2856 2852
4 2852 2856 2880 2876
4 2876 2880 2902 2898
4 2898 2902 2930 2926
4 2926 2930 2954 2950
4 2950 2954 2980 2976
4 2976 2980 3000 2996
4 2996 3000 3032 3028
4 3028 3032 3054 3050
4 3050 3054 3082 3078
4 3078 3082 3102 3098
4 3098 3102 3132 3128
4 3128 3132 3154 3150
4 3150 3154 3184 3174
4 3174 3184 3220 3206
4 3206 3220 3240 3236
4 3236 3240 3266 3262
4 3262 3266 3288 3284
4 3284 3288 3316 3312
4 3312 3316 3340 3336
4 3336 3340 3368 3364
4 3364 3368 3388 3384
4 3384 3388 3422 3420
4 3420 3422 3444 3442
4 3442 3444 3468 3466
4 3466 3468 3492 3490
4 3490 3492 3522 3520
4 3520 3522 3542 3540
4 3540 3542 3574 3566
4 3566 3574 3614 3600
4 3600 3614 3638 3636
4 3636 3638 3666 3664
4 3664 3666 3686 3684
4 3684 3686 3718 3716
4 3716 3718 3740 3738
4 3738 3740 3764 3762
4 3762 3764 3788 3786
4 3786 3788 3824 3822
4 3822 3824 3854 3852
4 3852 3854 3888 3886
4 3886 3888 3936 3934
4 3934 3936 3968 3966
4 3966 3968 4016 4014
4 4014 4016 4046 4044
6 4044 4046 4055 4064 4062 4060
6 4061 4063 4065 4056 4047 4045
4 4045 4047 4017 4015
4 4015 4017 3969 3967
4 3967 3969 3937 3935
4 3935 3937 3889 3887
4 3887 3889 3855 3853
4 3853 3855 3825 3823
4 3823 3825 3789 3787
4 3787 3789 3765 3763
4 3763 3765 3741 3739
4 3739 3741 3719 3717
4 3717 3719 3687 3685
4 3685 3687 3667 3665
4 3665 3667 3639 3637
4 3637 3639 3615 3601
4 3601 3615 3575 3567
4 3567 3575 3543 3541
4 3541 3543 3523 3521
4 3521 3523 3493 3491
4 3491 3493 3469 3467
4 3467 3469 3445 3443
4 3443 3445 3423 3421
4 3421 3423 3389 3385
4 3385 3389 3369 3365
4 3365 3369 3341 3337
4 3337 3341 3317 3313
4 3313 3317 3289 3285
4 3285 3289 3267 3263
4 3263 3267 3241 3237
4 3237 3241 3221 3207
4 3207 3221 3185 3175
4 3175 3185 3155 3151
4 3151 3155 3133 3129
4 3129 3133 3103 3099
4 3099 3103 3083 3079
4 3079 3083 3055 3051
4 3051 3055 3033 3029
4 3029 3033 3001 2997
4 2997 3001 2981 2977
4 2977 2981 2955 2951
4 2951 2955 2931 2927
4 2927 2931 2903 2899
4 2899 2903 2881 2877
4 2877 2881 2857 2853
4 2853 2857 2837 2820
4 2820 2837 2795 2785
4 2785 2795 2763 2759
4 2759 2763 2741 2737
4 2737 2741 2715 2711
4 2711 2715 2695 2691
4 2691 2695 2669 2665
4 2665 2669 2647 2643
4 2643 2647 2611 2607
4 2607 2611 2591 2589
4 2589 2591 2563 2561
4 2561 2563 2539 2530
4 2530 2539 2503 2501
4 2501 2503 2477 2475
4 2475 2477 2455 2443
4 2443 2455 2415 2413
4 2413 2415 2389 2387
4 2387 2389 2367 2359
4 2359 2367 2333 2331
4 2331 2333 2311 2309
4 2309 2311 2291 2280
4 2280 2291 2249 2247
4 2247 2249 2223 2221
4 2221 2223 2201 2193
4 2193 2201 2169 2167
4 2167 2169 2143 2141
4 2141 2143 2119 2106
4 2106 2119 2075 2073
4 2073 2075 2051 2049
4 2049 2051 2029 2020
4 2020 2029 1995 1993
4 1993 1995 1967 1965
4 1965 1967 1945 1935
4 1935 1945 1907 1905
4 1905 1907 1883 1881
4 1881 1883 1863 1854
4 1854 1863 1825 1823
4 1823 1825 1801 1799
4 1799 1801 1779 1767
4 1767 1779 1739 1737
4 1737 1739 1711 1709
4 1709 1711 1687 1679
4 1679 1687 1653 1651
4 1651 1653 1627 1625
4 1625 1627 1605 1596
4 1596 1605 1571 1569
4 1569 1571 1547 1545
4 1545 1547 1527 1519
4 1519 1527 1491 1489
4 1489 1491 1467 1465
4 1465 1467 1445 1432
4 1432 1445 1401 1399
4 1399 1401 1377 1375
4 1375 1377 1357 1348
4 1348 1357 1323 1321
4 1321 1323 1295 1293
4 1293 1295 1271 1260
4 1260 1271 1231 1229
4 1229 1231 1205 1203
4 1203 1205 1183 1174
4 1174 1183 1149 1147
4 1147 1149 1125 1123
4 1123 1125 1105 1093
4 1093 1105 1061 1059
4 1059 1061 1037 1035
4 1035 1037 1015 1007
4 1007 1015 981 979
4 979 981 957 955
4 955 957 937 928
4 928 937 891 889
4 889 891 861 859
4 859 861 837 825
4 825 837 799 797
4 797 799 777 775
4 775 777 739 754
4 754 739 723 727
4 727 723 695 705
4 705 695 667 678
4 678 667 647 651
4 651 647 615 623
4 623 615 579 593
4 593 579 553 555
4 555 553 517 525
4 525 517 483 494
4 494 483 455 461
4 461 455 413 425
4 425 413 363 382
4 382 363 313 326
4 326 313 237 263
4 263 237 175 199
9 199 175 171 161 155 152 137 122 153
7 174 168 166 172 224 230 236
4 236 230 272 312
4 312 272 352 362
4 362 352 406 412
4 412 406 432 454
4 454 432 474 482
4 482 474 510 516
4 516 510 532 552
4 552 532 570 578
4 578 570 608 614
4 614 608 630 646
4 646 630 662 666
4 666 662 690 694
4 694 690 708 722
7 722 708 715 724 734 736 738
6 738 736 752 770 778 776
4 776 778 800 798
4 798 800 838 836
4 836 838 862 860
4 860 862 892 890
4 890 892 938 936
4 936 938 958 956
4 956 958 982 980
4 980 982 1016 1014
4 1014 1016 1038 1036
4 1036 1038 1062 1060
4 1060 1062 1106 1104
4 1104 1106 1126 1124
4 1124 1126 1150 1148
4 1148 1150 1184 1182
4 1182 1184 1206 1204
4 1204 1206 1232 1230
4 1230 1232 1272 1270
4 1270 1272 1296 1294
4 1294 1296 1324 1322
4 1322 1324 1358 1356
4 1356 1358 1378 1376
4 1376 1378 1402 1400
4 1400 1402 1446 1444
4 1444 1446 1468 1466
4 1466 1468 1492 1490
4 1490 1492 1528 1526
4 1526 1528 1548 1546
4 1546 1548 1572 1570
4 1570 1572 1606 1604
4 1604 1606 1628 1626
4 1626 1628 1654 1652
4 1652 1654 1688 1686
4 1686 1688 1712 1710
4 1710 1712 1740 1738
4 1738 1740 1780 1778
4 1778 1780 1802 1800
4 1800 1802 1826 1824
4 1824 1826 1864 1862
4 1862 1864 1884 1882
4 1882 1884 1908 1906
4 1906 1908 1946 1944
4 1944 1946 1968 1966
4 1966 1968 1996 1994
4 1994 1996 2030 2028
4 2028 2030 2052 2050
4 2050 2052 2076 2074
4 2074 2076 2120 2118
4 2118 2120 2144 2142
4 2142 2144 2170 2168
4 2168 2170 2202 2200
4 2200 2202 2224 2222
4 2222 2224 2250 2248
4 2248 2250 2292 2290
4 2290 2292 2312 2310
4 2310 2312 2334 2332
4 2332 2334 2368 2366
4 2366 2368 2390 2388
4 2388 2390 2416 2414
4 2414 2416 2456 2454
4 2454 2456 2478 2476
4 2476 2478 2504 2502
4 2502 2504 2540 2538
4 2538 2540 2564 2562
4 2562 2564 2592 2590
4 2590 2592 2612 2610
4 2610 2612 2648 2646
4 2646 2648 2670 2668
4 2668 2670 2696 2694
4 2694 2696 2716 2714
4 2714 2716 2748 2740
4 2740 2748 2774 2762
4 2762 2774 2796 2794
4 2794 2796 2838 2836
4 2836 2838 2858 2856
4 2856 2858 2882 2880
4 2880 2882 2904 2902
4 2902 2904 2932 2930
4 2930 2932 2956 2954
4 2954 2956 2982 2980
4 2980 2982 3002 3000
4 3000 3002 3034 3032
4 3032 3034 3056 3054
4 3054 3056 3084 3082
4 3082 3084 3104 3102
4 3102 3104 3140 3132
4 3132 3140 3164 3154
4 3154 3164 3186 3184
4 3184 3186 3222 3220
4 3220 3222 3242 3240
4 3240 3242 3268 3266
4 3266 3268 3290 3288
4 3288 3290 3318 3316
4 3316 3318 3342 3340
4 3340 3342 3370 3368
4 3368 3370 3390 3388
4 3388 3390 3424 3422
4 3422 3424 3446 3444
4 3444 3446 3470 3468
4 3468 3470 3494 3492
4 3492 3494 3524 3522
4 3522 3524 3554 3542
4 3542 3554 3576 3574
4 3574 3576 3616 3614
4 3614 3616 3640 3638
4 3638 3640 3668 3666
4 3666 3668 3688 3686
4 3686 3688 3720 3718
4 3718 3720 3742 3740
4 3740 3742 3766 3764
4 3764 3766 3790 3788
4 3788 3790 3826 3824
4 3824 3826 3856 3854
4 3854 3856 3890 3888
4 3888 3890 3938 3936
4 3936 3938 3976 3968
4 3968 3976 4018 4016
7 4016 4018 4027 4037 4050 4048 4046
7 4047 4049 4051 4038 4028 4019 4017
4 4017 4019 3977 3969
4 3969 3977 3939 3937
4 3937 3939 3891 3889
4 3889 3891 3857 3855
4 3855 3857 3827 3825
4 3825 3827 3791 3789
4 3789 3791 3767 3765
4 3765 3767 3743 3741
4 3741 3743 3721 3719
4 3719 3721 3689 3687
4 3687 3689 3669 3667
4 3667 3669 3641 3639
4 3639 3641 3617 3615
4 3615 3617 3577 3575
4 3575 3577 3555 3543
4 3543 3555 3525 3523
4 3523 3525 3495 3493
4 3493 3495 3471 3469
4 3469 3471 3447 3445
4 3445 3447 3425 3423
4 3423 3425 3391 3389
4 3389 3391 3371 3369
4 3369 3371 3343 3341
4 3341 3343 3319 3317
4 3317 3319 3291 3289
4 3289 3291 3269 3267
4 3267 3269 3243 3241
4 3241 3243 3223 3221
4 3221 3223 3187 3185
4 3185 3187 3165 3155
4 3155 3165 3141 3133
4 3133 3141 3105 3103
4 3103 3105 3085 3083
4 3083 3085 3057 3055
4 3055 3057 3035 3033
4 3033 3035 3003 3001
4 3001 3003 2983 2981
4 2981 2983 2957 2955
4 2955 2957 2933 2931
4 2931 2933 2905 2903
4 2903 2905 2883 2881
4 2881 2883 2859 2857
4 2857 2859 2839 2837
4 2837 2839 2797 2795
4 2795 2797 2775 2763
4 2763 2775 2749 2741
4 2741 2749 2717 2715
4 2715 2717 2697 2695
4 2695 2697 2671 2669
4 2669 2671 2649 2647
4 2647 2649 2613 2611
4 2611 2613 2593 2591
4 2591 2593 2565 2563
4 2563 2565 2541 2539
4 2539 2541 2505 2503
4 2503 2505 2479 2477
4 2477 2479 2457 2455
4 2455 2457 2417 2415
4 2415 2417 2391 2389
4 2389 2391 2369 2367
4 2367 2369 2335 2333
4 2333 2335 2313 2311
4 2311 2313 2293 2291
4 2291 2293 2251 2249
4 2249 2251 2225 2223
4 2223 2225 2203 2201
4 2201 2203 2171 2169
4 2169 2171 2145 2143
4 2143 2145 2121 2119
4 2119 2121 2077 2075
4 2075 2077 2053 2051
4 2051 2053 2031 2029
4 2029 2031 1997 1995
4 1995 1997 1969 1967
4 1967 1969 1947 1945
4 1945 1947 1909 1907
4 1907 1909 1885 1883
4 1883 1885 1865 1863
4 1863 1865 1827 1825
4 1825 1827 1803 1801
4 1801 1803 1781 1779
4 1779 1781 1741 1739
4 1739 1741 1713 1711
4 1711 1713 1689 1687
4 1687 1689 1655 1653
4 1653 1655 1629 1627
4 1627 1629 1607 1605
4 1605 1607 1573 1571
4 1571 1573 1549 1547
4 1547 1549 1529 1527
4 1527 1529 1493 1491
4 1491 1493 1469 1467
4 1467 1469 1447 1445
4 1445 1447 1403 1401
4 1401 1403 1379 1377
4 1377 1379 1359 1357
4 1357 1359 1325 1323
4 1323 1325 1297 1295
4 1295 1297 1273 1271
4 1271 1273 1233 1231
4 1231 1233 1207 1205
4 1205 1207 1185 1183
4 1183 1185 1151 1149
4 1149 1151 1127 1125
4 1125 1127 1107 1105
4 1105 1107 1063 1061
4 1061 1063 1039 1037
4 1037 1039 1017 1015
4 1015 1017 983 981
4 981 983 959 957
4 957 959 939 937
4 937 939 893 891
4 891 893 863 861
4 861 863 839 837
4 837 839 801 799
4 799 801 779 777
6 777 779 771 755 737 739
7 739 737 735 725 716 709 723
4 723 709 691 695
4 695 691 663 667
4 667 663 631 647
4 647 631 609 615
4 615 609 571 579
4 579 571 533 553
4 553 533 511 517
4 517 511 475 483
4 483 475 433 455
4 455 433 407 413
4 413 407 353 363
4 363 353 273 313
4 313 273 231 237
7 237 231 225 173 167 169 175
8 230 228 222 226 232 258 264 272
4 272 264 328 352
4 352 328 400 406
4 406 400 426 432
4 432 426 462 474
4 474 462 504 510
4 510 504 526 532
4 532 526 556 570
4 570 556 604 608
4 608 604 624 630
4 630 624 652 662
4 662 652 688 690
6 690 688 692 702 706 708
6 778 780 782 789 802 800
4 800 802 840 838
4 838 840 864 862
4 862 864 894 892
4 892 894 940 938
4 938 940 960 958
4 958 960 984 982
4 982 984 1018 1016
4 1016 1018 1040 1038
4 1038 1040 1064 1062
4 1062 1064 1108 1106
4 1106 1108 1128 1126
4 1126 1128 1152 1150
4 1150 1152 1186 1184
4 1184 1186 1208 1206
4 1206 1208 1234 1232
4 1232 1234 1274 1272
4 1272 1274 1298 1296
4 1296 1298 1326 1324
4 1324 1326 1360 1358
4 1358 1360 1380 1378
4 1378 1380 1404 1402
4 1402 1404 1448 1446
4 1446 1448 1470 1468
4 1468 1470 1494 1492
4 1492 1494 1530 1528
4 1528 1530 1550 1548
4 1548 1550 1574 1572
4 1572 1574 1608 1606
4 1606 1608 1630 1628
4 1628 1630 1656 1654
4 1654 1656 1690 1688
4 1688 1690 1714 1712
4 1712 1714 1742 1740
4 1740 1742 1782 1780
4 1780 1782 1804 1802
4 1802 1804 1828 1826
4 1826 1828 1866 1864
4 1864 1866 1886 1884
4 1884 1886 1910 1908
4 1908 1910 1948 1946
4 1946 1948 1970 1968
4 1968 1970 1998 1996
4 1996 1998 2032 2030
4 2030 2032 2054 2052
4 2052 2054 2078 2076
4 2076 2078 2122 2120
4 2120 2122 2146 2144
4 2144 2146 2172 2170
4 2170 2172 2204 2202
4 2202 2204 2226 2224
4 2224 2226 2252 2250
4 2250 2252 2294 2292
4 2292 2294 2314 2312
4 2312 2314 2336 2334
4 2334 2336 2370 2368
4 2368 2370 2392 2390
4 2390 2392 2418 2416
4 2416 2418 2458 2456
4 2456 2458 2480 2478
4 2478 2480 2506 2504
4 2504 2506 2542 2540
4 2540 2542 2566 2564
4 2564 2566 2594 2592
4 2592 2594 2614 2612
4 2612 2614 2650 2648
4 2648 2650 2672 2670
4 2670 2672 2698 2696
4 2696 2698 2728 2716
4 2716 2728 2750 2748
4 2748 2750 2776 2774
4 2774 2776 2798 2796
4 2796 2798 2840 2838
4 2838 2840 2860 2858
4 2858 2860 2884 2882
4 2882 2884 2906 2904
4 2904 2906 2934 2932
4 2932 2934 2958 2956
4 2956 2958 2984 2982
4 2982 2984 3004 3002
4 3002 3004 3036 3034
4 3034 3036 3058 3056
4 3056 3058 3086 3084
4 3084 3086 3120 3104
4 3104 3120 3142 3140
4 3140 3142 3166 3164
4 3164 3166 3188 3186
4 3186 3188 3224 3222
4 3222 3224 3244 3242
4 3242 3244 3270 3268
4 3268 3270 3292 3290
4 3290 3292 3320 3318
4 3318 3320 3344 3342
4 3342 3344 3372 3370
4 3370 3372 3392 3390
4 3390 3392 3426 3424
4 3424 3426 3448 3446
4 3446 3448 3472 3470
4 3470 3472 3510 3494
4 3494 3510 3530 3524
4 3524 3530 3556 3554
4 3554 3556 3578 3576
4 3576 3578 3618 3616
4 3616 3618 3642 3640
4 3640 3642 3670 3668
4 3668 3670 3690 3688
4 3688 3690 3722 3720
4 3720 3722 3744 3742
4 3742 3744 3768 3766
4 3766 3768 3792 3790
4 3790 3792 3828 3826
4 3826 3828 3858 3856
4 3856 3858 3892 3890
4 3890 3892 3940 3938
4 3938 3940 3978 3976
6 3976 3978 3998 4022 4020 4018
6 4019 4021 4023 3999 3979 3977
4 3977 3979 3941 3939
4 3939 3941 3893 3891
4 3891 3893 3859 3857
4 3857 3859 3829 3827
4 3827 3829 3793 3791
4 3791 3793 3769 3767
4 3767 3769 3745 3743
4 3743 3745 3723 3721
4 3721 3723 3691 3689
4 3689 3691 3671 3669
4 3669 3671 3643 3641
4 3641 3643 3619 3617
4 3617 3619 3579 3577
4 3577 3579 3557 3555
4 3555 3557 3531 3525
4 3525 3531 3511 3495
4 3495 3511 3473 3471
4 3471 3473 3449 3447
4 3447 3449 3427 3425
4 3425 3427 3393 3391
4 3391 3393 3373 3371
4 3371 3373 3345 3343
4 3343 3345 3321 3319
4 3319 3321 3293 3291
4 3291 3293 3271 3269
4 3269 3271 3245 3243
4 3243 3245 3225 3223
4 3223 3225 3189 3187
4 3187 3189 3167 3165
4 3165 3167 3143 3141
4 3141 3143 3121 3105
4 3105 3121 3087 3085
4 3085 3087 3059 3057
4 3057 3059 3037 3035
4 3035 3037 3005 3003
4 3003 3005 2985 2983
4 2983 2985 2959 2957
4 2957 2959 2935 2933
4 2933 2935 2907 2905
4 2905 2907 2885 2883
4 2883 2885 2861 2859
4 2859 2861 2841 2839
4 2839 2841 2799 2797
4 2797 2799 2777 2775
4 2775 2777 2751 2749
4 2749 2751 2729 2717
4 2717 2729 2699 2697
4 2697 2699 2673 2671
4 2671 2673 2651 2649
4 2649 2651 2615 2613
4 2613 2615 2595 2593
4 2593 2595 2567 2565
4 2565 2567 2543 2541
4 2541 2543 2507 2505
4 2505 2507 2481 2479
4 2479 2481 2459 2457
4 2457 2459 2419 2417
4 2417 2419 2393 2391
4 2391 2393 2371 2369
4 2369 2371 2337 2335
4 2335 2337 2315 2313
4 2313 2315 2295 2293
4 2293 2295 2253 2251
4 2251 2253 2227 2225
4 2225 2227 2205 2203
4 2203 2205 2173 2171
4 2171 2173 2147 2145
4 2145 2147 2123 2121
4 2121 2123 2079 2077
4 2077 2079 2055 2053
4 2053 2055 2033 2031
4 2031 2033 1999 1997
4 1997 1999 1971 1969
4 1969 1971 1949 1947
4 1947 1949 1911 1909
4 1909 1911 1887 1885
4 1885 1887 1867 1865
4 1865 1867 1829 1827
4 1827 1829 1805 1803
4 1803 1805 1783 1781
4 1781 1783 1743 1741
4 1741 1743 1715 1713
4 1713 1715 1691 1689
4 1689 1691 1657 1655
4 1655 1657 1631 1629
4 1629 1631 1609 1607
4 1607 1609 1575 1573
4 1573 1575 1551 1549
4 1549 1551 1531 1529
4 1529 1531 1495 1493
4 1493 1495 1471 1469
4 1469 1471 1449 1447
4 1447 1449 1405 1403
4 1403 1405 1381 1379
4 1379 1381 1361 1359
4 1359 1361 1327 1325
4 1325 1327 1299 1297
4 1297 1299 1275 1273
4 1273 1275 1235 1233
4 1233 1235 1209 1207
4 1207 1209 1187 1185
4 1185 1187 1153 1151
4 1151 1153 1129 1127
4 1127 1129 1109 1107
4 1107 1109 1065 1063
4 1063 1065 1041 1039
4 1039 1041 1019 1017
4 1017 1019 985 983
4 983 985 961 959
4 959 961 941 939
4 939 941 895 893
4 893 895 865 863
4 863 865 841 839
4 839 841 803 801
6 801 803 790 783 781 779
6 709 707 703 693 689 691
4 691 689 653 663
4 663 653 625 631
4 631 625 605 609
4 609 605 557 571
4 571 557 527 533
4 533 527 505 511
4 511 505 463 475
4 475 463 427 433
4 433 427 401 407
4 407 401 329 353
4 353 329 265 273
8 273 265 259 233 227 223 229 231
8 264 260 234 256 266 306 310 328
4 328 310 358 400
4 400 358 410 426
4 426 410 452 462
4 462 452 478 504
4 504 478 514 526
4 526 514 550 556
4 556 550 576 604
4 604 576 610 624
4 624 610 644 652
7 652 644 648 660 664 676 688
8 802 804 806 808 811 823 842 840
4 840 842 866 864
4 864 866 896 894
4 894 896 942 940
4 940 942 962 960
4 960 962 986 984
4 984 986 1020 1018
4 1018 1020 1042 1040
4 1040 1042 1066 1064
4 1064 1066 1110 1108
4 1108 1110 1130 1128
4 1128 1130 1154 1152
4 1152 1154 1188 1186
4 1186 1188 1210 1208
4 1208 1210 1236 1234
4 1234 1236 1276 1274
4 1274 1276 1300 1298
4 1298 1300 1328 1326
4 1326 1328 1362 1360
4 1360 1362 1382 1380
4 1380 1382 1406 1404
4 1404 1406 1450 1448
4 1448 1450 1472 1470
4 1470 1472 1496 1494
4 1494 1496 1532 1530
4 1530 1532 1552 1550
4 1550 1552 1576 1574
4 1574 1576 1610 1608
4 1608 1610 1632 1630
4 1630 1632 1658 1656
4 1656 1658 1692 1690
4 1690 1692 1716 1714
4 1714 1716 1748 1742
4 1742 1748 1784 1782
4 1782 1784 1806 1804
4 1804 1806 1838 1828
4 1828 1838 1868 1866
4 1866 1868 1888 1886
4 1886 1888 1918 1910
4 1910 1918 1950 1948
4 1948 1950 1972 1970
4 1970 1972 2004 1998
4 1998 2004 2034 2032
4 2032 2034 2056 2054
4 2054 2056 2086 2078
4 2078 2086 2124 2122
4 2122 2124 2148 2146
4 2146 2148 2178 2172
4 2172 2178 2206 2204
4 2204 2206 2228 2226
4 2226 2228 2262 2252
4 2252 2262 2296 2294
4 2294 2296 2316 2314
4 2314 2316 2344 2336
4 2336 2344 2372 2370
4 2370 2372 2394 2392
4 2392 2394 2424 2418
4 2418 2424 2460 2458
4 2458 2460 2482 2480
4 2480 2482 2514 2506
4 2506 2514 2544 2542
4 2542 2544 2568 2566
4 2566 2568 2596 2594
4 2594 2596 2616 2614
4 2614 2616 2658 2650
4 2650 2658 2684 2672
4 2672 2684 2704 2698
4 2698 2704 2730 2728
4 2728 2730 2752 2750
4 2750 2752 2778 2776
4 2776 2778 2800 2798
4 2798 2800 2842 2840
4 2840 2842 2862 2860
4 2860 2862 2886 2884
4 2884 2886 2908 2906
4 2906 2908 2936 2934
4 2934 2936 2960 2958
4 2958 2960 2986 2984
4 2984 2986 3006 3004
4 3004 3006 3044 3036
4 3036 3044 3072 3058
4 3058 3072 3092 3086
4 3086 3092 3122 3120
4 3120 3122 3144 3142
4 3142 3144 3168 3166
4 3166 3168 3190 3188
4 3188 3190 3226 3224
4 3224 3226 3246 3244
4 3244 3246 3272 3270
4 3270 3272 3294 3292
4 3292 3294 3322 3320
4 3320 3322 3346 3344
4 3344 3346 3374 3372
4 3372 3374 3394 3392
4 3392 3394 3428 3426
4 3426 3428 3458 3448
4 3448 3458 3482 3472
4 3472 3482 3512 3510
4 3510 3512 3532 3530
4 3530 3532 3558 3556
4 3556 3558 3580 3578
4 3578 3580 3620 3618
4 3618 3620 3644 3642
4 3642 3644 3672 3670
4 3670 3672 3692 3690
4 3690 3692 3724 3722
4 3722 3724 3746 3744
4 3744 3746 3770 3768
4 3768 3770 3794 3792
4 3792 3794 3830 3828
4 3828 3830 3860 3858
4 3858 3860 3912 3892
4 3892 3912 3942 3940
7 3940 3942 3956 3972 3982 3980 3978
7 3979 3981 3983 3973 3957 3943 3941
4 3941 3943 3913 3893
4 3893 3913 3861 3859
4 3859 3861 3831 3829
4 3829 3831 3795 3793
4 3793 3795 3771 3769
4 3769 3771 3747 3745
4 3745 3747 3725 3723
4 3723 3725 3693 3691
4 3691 3693 3673 3671
4 3671 3673 3645 3643
4 3643 3645 3621 3619
4 3619 3621 3581 3579
4 3579 3581 3559 3557
4 3557 3559 3533 3531
4 3531 3533 3513 3511
4 3511 3513 3483 3473
4 3473 3483 3459 3449
4 3449 3459 3429 3427
4 3427 3429 3395 3393
4 3393 3395 3375 3373
4 3373 3375 3347 3345
4 3345 3347 3323 3321
4 3321 3323 3295 3293
4 3293 3295 3273 3271
4 3271 3273 3247 3245
4 3245 3247 3227 3225
4 3225 3227 3191 3189
4 3189 3191 3169 3167
4 3167 3169 3145 3143
4 3143 3145 3123 3121
4 3121 3123 3093 3087
4 3087 3093 3073 3059
4 3059 3073 3045 3037
4 3037 3045 3007 3005
4 3005 3007 2987 2985
4 2985 2987 2961 2959
4 2959 2961 2937 2935
4 2935 2937 2909 2907
4 2907 2909 2887 2885
4 2885 2887 2863 2861
4 2861 2863 2843 2841
4 2841 2843 2801 2799
4 2799 2801 2779 2777
4 2777 2779 2753 2751
4 2751 2753 2731 2729
4 2729 2731 2705 2699
4 2699 2705 2685 2673
4 2673 2685 2659 2651
4 2651 2659 2617 2615
4 2615 2617 2597 2595
4 2595 2597 2569 2567
4 2567 2569 2545 2543
4 2543 2545 2515 2507
4 2507 2515 2483 2481
4 2481 2483 2461 2459
4 2459 2461 2425 2419
4 2419 2425 2395 2393
4 2393 2395 2373 2371
4 2371 2373 2345 2337
4 2337 2345 2317 2315
4 2315 2317 2297 2295
4 2295 2297 2263 2253
4 2253 2263 2229 2227
4 2227 2229 2207 2205
4 2205 2207 2179 2173
4 2173 2179 2149 2147
4 2147 2149 2125 2123
4 2123 2125 2087 2079
4 2079 2087 2057 2055
4 2055 2057 2035 2033
4 2033 2035 2005 1999
4 1999 2005 1973 1971
4 1971 1973 1951 1949
4 1949 1951 1919 1911
4 1911 1919 1889 1887
4 1887 1889 1869 1867
4 1867 1869 1839 1829
4 1829 1839 1807 1805
4 1805 1807 1785 1783
4 1783 1785 1749 1743
4 1743 1749 1717 1715
4 1715 1717 1693 1691
4 1691 1693 1659 1657
4 1657 1659 1633 1631
4 1631 1633 1611 1609
4 1609 1611 1577 1575
4 1575 1577 1553 1551
4 1551 1553 1533 1531
4 1531 1533 1497 1495
4 1495 1497 1473 1471
4 1471 1473 1451 1449
4 1449 1451 1407 1405
4 1405 1407 1383 1381
4 1381 1383 1363 1361
4 1361 1363 1329 1327
4 1327 1329 1301 1299
4 1299 1301 1277 1275
4 1275 1277 1237 1235
4 1235 1237 1211 1209
4 1209 1211 1189 1187
4 1187 1189 1155 1153
4 1153 1155 1131 1129
4 1129 1131 1111 1109
4 1109 1111 1067 1065
4 1065 1067 1043 1041
4 1041 1043 1021 1019
4 1019 1021 987 985
4 985 987 963 961
4 961 963 943 941
4 941 943 897 895
4 895 897 867 865
4 865 867 843 841
8 841 843 826 812 809 807 805 803
7 689 679 665 661 649 645 653
4 653 645 611 625
4 625 611 577 605
4 605 577 551 557
4 557 551 515 527
4 527 515 479 505
4 505 479 453 463
4 463 453 411 427
4 427 411 359 401
4 401 359 311 329
8 329 311 307 267 257 235 261 265
CELL_TYPES 3412
7
7
7
7
7
7
7
7
7
7
7
7
7
7
7
7
7
7
7
7
7
7
7
7
7
7
7
7
7
7
7
7
7
7
7
7
7
7
7
7
7
7
7
7
7
7
7
7
7
7
7
7
7
7
7
7
7
7
7
7
7
7
7
7
7
7
7
7
7
7
7
7
7
7
7
7
7
7
7
7
7
7
7
7
7
7
7
7
7
7
7
7
7
7
7
7
7
7
7
7
7
7
7
7
7
7
7
7
7
7
7
7
7
7
7
7
7
7
7
7
7
7
7
7
7
7
7
7
7
7
7
7
7
7
7
7
7
7
7
7
7
7
7
7
7
7
7
7
7
7
7
7
7
7
7
7
7
7
7
7
7
7
7
7
7
7
7
7
7
7
7
7
7
7
7
7
7
7
7
7
7
7
7
7
7
7
7
7
7
7
7
7
7
7
7
7
7
7
7
7
7
7
7
7
7
7
7
7
7
7
7
7
7
7
7
7
7
7
7
7
7
7
7
7
7
7
7
7
7
7
7
7
7
7
7
7
7
7
7
7
7
7
7
7
7
7
7
7
7
7
7
7
7
7
7
7
7
7
7
7
7
7
7
7
7
7
7
7
7
7
7
7
7
7
7
7
7
7
7
7
7
7
7
7
7
7
7
7
7
7
7
7
7
7
7
7
7
7
7
7
7
7
7
7
7
7
7
7
7
7
7
7
7
7
7
7
7
7
7
7
7
7
7
7
7
7
7
7
7
7
7
7
7
7
7
7
7
7
7
7
7
7
7
7
7
7
7
7
7
7
7
7
7
7
7
7
7
7
7
7
7
7
7
7
7
7
7
7
7
7
7
7
7
7
7
7
7
7
7
7
7
7
7
7
7
7
7
7
7
7
7
7
7
7
7
7
7
7
7
7
7
7
7
7
7
7
7
7
7
7
7
7
7
7
7
7
7
7
7
7
7
7
7
7
7
7
7
7
7
7
7
7
7
7
7
7
7
7
7
7
7
7
7
7
7
7
7
7
7
7
7
7
7
7
7
7
7
7
7
7
7
7
7
7
7
7
7
7
7
7
7
7
7
7
7
7
7
7
7
7
7
7
7
7
7
7
7
7
7
7
7
7
7
7
7
7
7
7
7
7
7
7
7
7
7
7
7
7
7
7
7
7
7
7
7
7
7
7
7
7
7
7
7
7
7
7
7
7
7
7
7
7
7
7
7
7
7
7
7
7
7
7
7
7
7
7
7
7
7
7
7
7
7
7
7
7
7
7
7
7
7
7
7
7
7
7
7
7
7
7
7
7
7
7
7
7
7
7
7
7
7
7
7
7
7
7
7
7
7
7
7
7
7
7
7
7
7
7
7
7
7
7
7
7
7
7
7
7
7
7
7
7
7
7
7
7
7
7
7
7
7
7
7
7
7
7
7
7
7
7
7
7
7
7
7
7
7
7
7
7
7
7
7
7
7
7
7
7
7
7
7
7
7
7
7
7
7
7
7
7
7
7
7
7
7
7
7
7
7
7
7
7
7
7
7
7
7
7
7
7
7
7
7
7
7
7
7
7
7
7
7
7
7
7
7
7
7
7
7
7
7
7
7
7
7
7
7
7
7
7
7
7
7
7
7
7
7
7
7
7
7
7
7
7
7
7
7
7
7
7
7
7
7
7
7
7
7
7
7
7
7
7
7
7
7
7
7
7
7
7
7
7
7
7
7
7
7
7
7
7
7
7
7
7
7
7
7
7
7
7
7
7
7
7
7
7
7
7
7
7
7
7
7
7
7
7
7
7
7
7
7
7
7
7
7
7
7
7
7
7
7
7
7
7
7
7
7
7
7
7
7
7
7
7
7
7
7
7
7
7
7
7
7
7
7
7
7
7
7
7
7
7
7
7
7
7
7
7
7
7
7
7
7
7
7
7
7
7
7
7
7
7
7
7
7
7
7
7
7
7
7
7
7
7
7
7
7
7
7
7
7
7
7
7
7
7
7
7
7
7
7
7
7
7
7
7
7
7
7
7
7
7
7
7
7
7
7
7
7
7
7
7
7
7
7
7
7
7
7
7
7
7
7
7
7
7
7
7
7
7
7
7
7
7
7
7
7
7
7
7
7
7
7
7
7
7
7
7
7
7
7
7
7
7
7
7
7
7
7
7
7
7
7
7
7
7
7
7
7
7
7
7
7
7
7
7
7
7
7
7
7
7
7
7
7
7
7
7
7
7
7
7
7
7
7
7
7
7
7
7
7
7
7
7
7
7
7
7
7
7
7
7
7
7
7
7
7
7
7
7
7
7
7
7
7
7
7
7
7
7
7
7
7
7
7
7
7
7
7
7
7
7
7
7
7
7
7
7
7
7
7
7
7
7
7
7
7
7
7
7
7
7
7
7
7
7
7
7
7
7
7
7
7
7
7
7
7
7
7
7
7
7
7
7
7
7
7
7
7
7
7
7
7
7
7
7
7
7
7
7
7
7
7
7
7
7
7
7
7
7
7
7
7
7
7
7
7
7
7
7
7
7
7
7
7
7
7
7
7
7
7
7
7
7
7
7
7
7
7
7
7
7
7
7
7
7
7
7
7
7
7
7
7
7
7
7
7
7
7
7
7
7
7
7
7
7
7
7
7
7
7
7
7
7
7
7
7
7
7
7
7
7
7
7
7
7
7
7
7
7
7
7
7
7
7
7
7
7
7
7
7
7
7
7
7
7
7
7
7
7
7
7
7
7
7
7
7
7
7
7
7
7
7
7
7
7
7
7
7
7
7
7
7
7
7
7
7
7
7
7
7
7
7
7
7
7
7
7
7
7
7
7
7
7
7
7
7
7
7
7
7
7
7
7
7
7
7
7
7
7
7
7
7
7
7
7
7
7
7
7
7
7
7
7
7
7
7
7
7
7
7
7
7
7
7
7
7
7
7
7
7
7
7
7
7
7
7
7
7
7
7
7
7
7
7
7
7
7
7
7
7
7
7
7
7
7
7
7
7
7
7
7
7
7
7
7
7
7
7
7
7
7
7
7
7
7
7
7
7
7
7
7
7
7
7
7
7
7
7
7
7
7
7
7
7
7
7
7
7
7
7
7
7
7
7
7
7
7
7
7
7
7
7
7
7
7
7
7
7
7
7
7
7
7
7
7
7
7
7
7
7
7
7
7
7
7
7
7
7
7
7
7
7
7
7
7
7
7
7
7
7
7
7
7
7
7
7
7
7
7
7
7
7
7
7
7
7
7
7
7
7
7
7
7
7
7
7
7
7
7
7
7
7
7
7
7
7
7
7
7
7
7
7
7
7
7
7
7
7
7
7
7
7
7
7
7
7
7
7
7
7
7
7
7
7
7
7
7
7
7
7
7
7
7
7
7
7
7
7
7
7
7
7
7
7
7
7
7
7
7
7
7
7
7
7
7
7
7
7
7
7
7
7
7
7
7
7
7
7
7
7
7
7
7
7
7
7
7
7
7
7
7
7
7
7
7
7
7
7
7
7
7
7
7
7
7
7
7
7
7
7
7
7
7
7
7
7
7
7
7
7
7
7
7
7
7
7
7
7
7
7
7
7
7
7
7
7
7
7
7
7
7
7
7
7
7
7
7
7
7
7
7
7
7
7
7
7
7
7
7
7
7
7
7
7
7
7
7
7
7
7
7
7
7
7
7
7
7
7
7
7
7
7
7
7
7
7
7
7
7
7
7
7
7
7
7
7
7
7
7
7
7
7
7
7
7
7
7
7
7
7
7
7
7
7
7
7
7
7
7
7
7
7
7
7
7
7
7
7
7
7
7
7
7
7
7
7
7
7
7
7
7
7
7
7
7
7
7
7
7
7
7
7
7
7
7
7
7
7
7
7
7
7
7
7
7
7
7
7
7
7
7
7
7
7
7
7
7
7
7
7
7
7
7
7
7
7
7
7
7
7
7
7
7
7
7
7
7
7
7
7
7
7
7
7
7
7
7
7
7
7
7
7
7
7
7
7
7
7
7
7
7
7
7
7
7
7
7
7
7
7
7
7
7
7
7
7
7
7
7
7
7
7
7
7
7
7
7
7
7
7
7
7
7
7
7
7
7
7
7
7
7
7
7
7
7
7
7
7
7
7
7
7
7
7
7
7
7
7
7
7
7
7
7
7
7
7
7
7
7
7
7
7
7
7
7
7
7
7
7
7
7
7
7
7
7
7
7
7
7
7
7
7
7
7
7
7
7
7
7
7
7
7
7
7
7
7
7
7
7
7
7
7
7
7
7
7
7
7
7
7
7
7
7
7
7
7
7
7
7
7
7
7
7
7
7
7
7
7
7
7
7
7
7
7
7
7
7
7
7
7
7
7
7
7
7
7
7
7
7
7
7
7
7
7
7
7
7
7
7
7
7
7
7
7
7
7
7
7
7
7
7
7
7
7
7
7
7
7
7
7
7
7
7
7
7
7
7
7
7
7
7
7
7
7
7
7
7
7
7
7
7
7
7
7
7
7
7
7
7
7
7
7
7
7
7
7
7
7
7
7
7
7
7
7
7
7
7
7
7
7
7
7
7
7
7
7
7
7
7
7
7
7
7
7
7
7
7
7
7
7
7
7
7
7
7
7
7
7
7
7
7
7
7
7
7
7
7
7
7
7
7
7
7
7
7
7
7
7
7
7
7
7
7
7
7
7
7
7
7
7
7
7
7
7
7
7
7
7
7
7
7
7
7
7
7
7
7
7
7
7
7
7
7
7
7
7
7
7
7
7
7
7
7
7
7
7
7
7
7
7
7
7
7
7
7
7
7
7
7
7
7
7
7
7
7
7
7
7
7
7
7
7
7
7
7
7
7
7
7
7
7
7
7
7
7
7
7
7
7
7
7
7
7
7
7
7
7
7
7
7
7
7
7
7
7
7
7
7
7
7
7
7
7
7
7
7
7
7
7
7
7
7
7
7
7
7
7
7
7
7
7
7
7
7
7
7
7
7
7
7
7
7
7
7
7
7
7
7
7
7
7
7
7
7
7
7
7
7
7
7
7
7
7
7
7
7
7
7
7
7
7
7
7
7
7
7
7
7
7
7
7
7
7
7
7
7
7
7
7
7
7
7
7
7
7
7
7
7
7
7
7
7
7
7
7
7
7
7
7
7
7
7
7
7
7
7
7
7
7
7
7
7
7
7
7
7
7
7
7
7
7
7
7
7
7
7
7
7
7
7
7
7
7
7
7
7
7
7
7
7
7
7
7
7
7
7
7
7
7
7
7
7
7
7
7
7
7
7
7
7
7
7
7
7
7
7
7
7
7
7
7
7
7
7
7
7
7
7
7
7
7
7
7
7
7
7
7
7
7
7
7
7
7
7
7
7
7
7
7
7
7
7
7
7
7
7
7
7
7
7
7
7
7
7
7
7
7
7
7
7
7
7
7
7
7
7
7
7
7
7
7
7
7
7
7
7
7
7
7
7
7
7
7
7
7
7
7
7
7
7
7
7
7
7
7
7
7
7
7
7
7
7
7
7
7
7
7
7
7
7
7
7
7
7
7
7
7
7
7
7
7
7
7
7
7
7
7
7
7
7
7
7
7
7
7
7
7
7
7
7
7
7
7
7
7
7
7
7
7
7
7
7
7
7
7
7
7
7
7
7
7
7
7
7
7
7
7
7
7
7
7
7
7
7
7
7
7
7
7
7
7
7
7
7
7
7
7
7
7
7
7
7
7
7
7
7
7
7
7
7
7
7
7
7
7
7
7
7
7
7
7
7
7
7
7
7
7
7
7
7
7
7
7
7
7
7
7
7
7
7
7
7
7
7
7
7
7
7
7
7
7
7
7
7
7
7
7
7
7
7
7
7
7
7
7
7
7
7
7
7
7
7
7
7
7
7
7
7
7
7
7
7
7
7
7
7
7
7
7
7
7
7
7
7
7
7
7
7
7
7
7
7
7
7
7
7
7
7
7
7
7
7
7
7
7
7
7
7
7
7
7
7
7
7
7
7
7
7
7
7
7
7
7
7
7
7
7
7
7
7
7
7
7
7
7
7
7
7
7
7
7
7
7
7
7
7
7
7
7
7
7
7
7
7
7
7
7
7
7
7
7
7
7
7
7
7
7
7
7
7
7
7
7
7
7
7
7
7
7
7
7
7
7
7
7
7
7
7
7
7
7
7
7
7
7
7
7
7
7
7
7
7
7
7
7
7
7
7
7
7
7
7
7
7
7
7
7
7
7
7
7
7
7
7
7
7
7
7
7
7
7
7
7
7
7
7
7
7
7
7
7
7
7
7
7
7
7
7
7
7
7
7
7
7
7
7
7
7
7
7
7
7
7
7
7
7
7
7
7
7
7
7
7
7
7
7
7
7
7
7
7
7
7
7
7
7
7
7
7
7
7
7
7
7
7
7
7
7
7
7
7
7
7
7
7
7
7
7
7
7
7
7
7
7
7
7
7
7
7
7
7
7
7
7
7
7
7
7
7
7
7
7
7
7
7
7
7
7
7
7
7
7
7
7
7
7
7
7
7
7
7
7
7
7
7
7
7
7
7
7
7
7
7
7
7
7
7
7
7
7
7
7
7
7
7
7
7
7
7
7
7
7
7
7
7
7
7
7
7
7
7
7
7
7
7
7
7
7
7
7
7
7
7
7
7
7
7
7
7
7
7
7
7
7
7
7
7
7
7
7
7
7
7
7
7
7
7
7
7
7
7
7
7
7
7
7
7
7
7
7
7
7
7
7
7
7
7
7
7
7
7
7
7
7
7
7
7
7
7
7
7
7
7
7
7
7
7
7
7
7
7
7
7
7
7
7
7
7
7
7
7
7
7
7
7
7
7
7
7
7
7
7
7
7
7
7
7
7
7
7
7
7
7
7
7
7
7
7
7
7
7
7
7
7
7
7
7
7
7
7
7
7
7
7
7
7
7
7
7
7
7
7
7
7
7
7
7
7
7
7
7
7
7
7
7
7
7
7
7
7
7
7
7
7
7
7
7
7
7
7
7
7
7
7
7
7
7
7
7
7
7
7
7
7
7
7
7
7
7
7
7
7
7
7
7
7
7
7
7
7
7
7
7
7
7
7
7
7
7
7
7
7
7
7
7
7
7
7
7
7
7
7
7
7
7
7
7
7
7
7
7
7
7
7
7
7
7
7
7
7
7
7
7
7
7
7
7
7
7
7
7
7
7
7
7
7
7
7
7
7
7
7
7
7
7
7
7
7
7
7
7
7
7
7
7
7
7
7
7
7
7
7
7
7
7
7
7
7
7
7
7
7
7
7
7
7
7
7
7
7
7
7
7
7
7
7
7
7
7
7
7
7
7
7
7
7
7
7
7
7
7
7
7
7
7
7
7
7
7
7
7
7
7
7
7
7
7
7
7
7
7
7
7
7
7
7
7
7
7
7
7
7
7
7
7
7
7
7
7
7
7
7
7
7
7
7
7
7
7
7
7
7
7
7
7
7
7
7
7
7
7
7
7
7
7
7
7
7
7
7
7
7
7
7
7
7
7
7
7
7
7
7
7
7
7
7
7
7
7
7
7
7
7
7
7
7
7
7
7
7
7
7
7
7
7
7
7
7
7
7
7
7
7
7
7
7
7
7
7
7
7
7
7
7
7
7
7
7
7
7
7
7
7
7
7
7
7
7
7
7
7
7
7
7
7
7
7
7
7
7
7
7
7
7
7
7
7
7
7
7
7
7
7
7
7
7
7
7
7
7
7
7
7
7
7
7
7
7
7
7
7
CELL_DATA 3412
SCALARS hybrid_kind int 1
LOOKUP_TABLE default
2
2
2
2
2
2
2
2
2
2
2
2
2
2
2
2
2
2
2
2
2
2
2
2
2
2
2
2
2
2
2
2
2
2
2
2
2
2
2
2
2
2
2
2
2
2
2
2
2
2
2
2
2
2
2
2
2
2
2
2
2
2
2
2
2
2
2
2
2
2
2
2
2
2
2
2
2
2
2
2
2
2
2
2
2
2
2
2
2
2
2
2
2
2
2
2
2
2
2
2
2
2
2
2
2
2
2
2
2
2
2
2
2
2
2
2
2
2
2
2
2
2
2
2
2
2
2
2
2
2
2
2
2
2
2
2
2
2
2
2
2
2
2
2
2
2
2
2
2
2
2
2
2
2
2
2
2
2
2
2
2
2
2
2
2
2
2
2
2
2
2
2
2
2
2
2
2
2
2
2
2
2
2
2
2
2
2
2
2
2
2
2
2
2
2
2
2
2
2
2
2
2
2
2
2
2
2
2
2
2
2
2
2
2
2
2
2
2
2
2
2
2
2
2
2
2
2
2
2
2
2
2
2
2
2
2
2
2
2
2
2
2
2
2
2
2
2
2
2
2
2
2
2
2
2
2
2
2
2
2
2
2
2
2
2
2
2
2
2
2
2
2
2
2
2
2
2
2
2
2
2
2
2
2
2
2
2
2
2
2
2
2
2
2
2
2
2
2
2
2
2
2
2
2
2
2
2
2
2
2
2
2
2
2
2
2
2
2
2
2
2
2
2
2
2
2
2
2
2
2
2
2
2
2
2
2
2
2
2
2
2
2
2
2
2
2
2
2
2
2
2
2
2
2
2
2
2
2
2
2
2
2
2
2
2
2
2
2
2
2
2
2
2
2
2
2
2
2
2
2
2
2
2
2
2
2
2
2
2
2
2
2
2
2
2
2
2
2
2
2
2
2
2
2
2
2
2
2
2
2
2
2
2
2
2
2
2
2
2
2
2
2
2
2
2
2
2
2
2
2
2
2
2
2
2
2
2
2
2
2
2
2
2
2
2
2
2
2
2
2
2
2
2
2
2
2
2
2
2
2
2
2
2
2
2
2
2
2
2
2
2
2
2
2
2
2
2
2
2
2
2
2
2
2
2
2
2
2
2
2
2
2
2
2
2
2
2
2
2
2
2
2
2
2
2
2
2
2
2
2
2
2
2
2
2
2
2
2
2
2
2
2
2
2
2
2
2
2
2
2
2
2
2
2
2
2
2
2
2
2
2
2
2
2
2
2
2
2
2
2
2
2
2
2
2
2
2
2
2
2
2
2
2
2
2
2
2
2
2
2
2
2
2
2
2
2
2
2
2
2
2
2
2
2
2
2
2
2
2
2
2
2
2
2
2
2
2
2
2
2
2
2
2
2
2
2
2
2
2
2
2
2
2
2
2
2
2
2
2
2
2
2
2
2
2
2
2
2
2
2
2
2
2
2
2
2
2
2
2
2
2
2
2
2
2
2
2
2
2
2
2
2
2
2
3
3
3
3
2
2
2
2
2
2
2
2
2
3
3
3
3
2
2
2
2
3
3
3
3
3
3
2
3
2
2
3
2
2
3
2
2
2
2
2
2
2
2
2
2
2
2
2
2
2
2
2
2
3
3
3
3
3
3
3
3
3
3
3
3
3
3
3
3
2
3
2
3
3
3
2
3
3
3
3
3
3
3
3
3
2
3
2
3
3
3
3
3
3
2
3
3
3
3
3
3
3
3
2
2
2
3
3
3
2
3
2
3
3
3
2
3
3
3
2
3
2
3
2
3
3
3
3
2
3
3
3
2
3
2
3
3
3
3
3
3
3
2
3
3
3
2
2
2
3
3
3
2
3
3
3
3
2
3
2
2
2
3
3
3
3
2
3
3
3
2
3
3
3
3
3
3
3
3
2
2
3
3
2
2
3
3
2
2
3
2
3
3
3
3
3
2
2
2
2
2
2
2
3
2
3
2
2
2
3
2
3
2
2
2
2
2
2
2
2
2
2
2
2
2
2
2
2
3
2
2
2
2
2
2
3
3
3
3
3
2
2
3
3
3
3
3
3
3
3
2
3
3
3
3
3
3
3
3
2
2
2
2
2
2
2
2
2
2
2
2
2
2
2
2
2
2
2
2
2
2
2
2
2
2
2
2
2
2
2
2
2
2
2
2
2
2
2
2
2
2
2
2
2
2
2
2
2
2
2
2
2
3
3
2
2
3
2
3
3
3
3
3
2
2
3
3
2
2
3
3
3
3
2
2
3
2
3
3
3
2
2
3
3
2
2
3
2
3
3
3
3
2
3
2
2
3
3
3
3
3
2
3
2
2
3
3
2
2
3
2
3
3
3
2
2
3
3
2
2
3
2
3
3
3
3
2
3
2
2
3
3
3
3
3
2
3
2
2
3
3
2
2
3
2
3
3
3
3
3
2
2
3
3
3
3
3
2
3
2
2
3
3
3
3
2
2
3
3
2
2
3
2
3
3
3
2
2
3
3
3
3
3
2
3
2
2
3
3
3
3
2
2
3
3
2
2
3
2
3
3
3
2
2
3
3
2
2
3
2
3
3
3
2
2
3
3
2
2
3
2
3
3
3
2
2
3
3
2
2
3
2
3
3
3
2
2
3
3
3
3
2
3
2
3
2
3
3
3
3
3
3
2
3
2
3
2
3
3
3
3
3
3
2
2
3
3
3
3
3
3
2
2
3
3
3
3
2
3
3
2
2
3
3
3
3
2
3
3
3
3
3
3
2
2
3
3
2
3
2
2
3
3
3
3
2
3
2
3
3
3
2
3
3
3
3
3
3
3
2
3
3
3
3
2
3
2
3
2
3
2
3
3
3
2
3
2
2
3
3
3
3
3
3
3
3
3
2
3
3
3
3
3
3
2
3
2
3
3
3
2
3
2
3
3
3
2
3
2
3
3
3
3
3
3
3
3
3
3
3
3
2
3
3
3
3
3
2
2
3
3
3
3
3
3
3
2
3
3
3
2
3
3
3
3
2
2
3
3
3
3
3
3
3
2
2
2
3
2
3
3
3
3
2
2
3
3
2
3
3
3
3
3
3
3
3
3
3
3
3
3
3
3
3
3
2
3
2
3
3
3
3
2
2
3
3
2
3
2
3
2
3
3
3
3
3
3
3
3
3
3
2
2
3
3
2
2
2
2
2
3
3
3
3
3
3
2
2
3
3
2
2
3
3
3
3
2
2
2
3
3
3
3
2
2
3
3
3
3
3
3
3
3
2
2
3
3
3
3
2
2
3
3
3
3
2
2
2
3
3
3
3
3
3
2
3
3
2
2
2
2
2
3
3
3
3
2
2
3
3
2
3
3
2
2
3
3
2
2
2
2
2
3
3
3
3
3
3
2
3
2
2
3
3
3
3
3
3
3
3
3
2
2
2
2
2
3
3
3
3
2
2
3
3
2
3
2
2
3
3
3
3
2
2
3
3
3
3
2
2
2
3
3
3
3
3
3
2
2
3
3
2
2
2
2
2
3
3
3
3
3
3
3
3
2
2
2
2
2
3
3
3
3
3
3
3
2
3
2
2
2
2
2
3
3
2
3
3
2
2
3
3
3
3
3
3
2
2
2
3
2
2
3
3
3
3
3
3
3
2
2
3
3
3
3
3
3
3
3
3
3
2
3
2
3
3
3
3
2
3
2
3
2
3
3
3
3
3
3
2
2
2
3
3
3
3
3
3
3
3
3
3
3
3
2
2
2
3
3
2
2
3
3
3
3
2
2
2
3
3
3
3
2
2
2
3
3
2
2
2
2
2
3
3
3
3
3
3
3
3
3
3
3
3
3
3
3
3
3
3
3
3
3
3
3
3
3
3
3
3
3
3
3
3
3
3
3
3
3
3
3
3
3
3
3
3
3
3
3
3
3
3
3
3
3
3
3
3
3
3
3
3
3
3
3
3
3
3
3
3
3
3
3
3
3
3
3
3
3
3
3
3
3
3
3
3
3
3
3
3
3
3
3
3
3
3
3
3
3
3
3
3
3
3
3
3
3
3
3
3
3
3
3
3
3
3
3
3
3
3
3
3
3
3
3
3
3
3
3
3
3
3
3
3
3
3
3
3
3
3
3
3
3
3
3
3
3
3
3
3
3
3
3
3
3
3
3
3
3
3
3
3
3
3
3
3
3
3
3
3
3
3
3
3
3
3
3
3
3
3
3
3
3
3
3
3
3
3
3
3
3
3
3
3
3
3
3
3
3
3
3
3
3
3
3
3
3
3
3
3
3
3
3
3
3
3
3
3
3
3
3
3
3
3
3
3
3
3
3
3
3
3
3
3
3
3
3
3
3
3
3
3
3
3
3
3
3
3
3
3
3
3
3
3
3
3
3
3
3
3
3
3
3
3
3
3
3
3
3
3
3
3
3
3
3
3
3
3
3
3
3
3
3
3
3
3
3
3
3
3
3
3
3
3
3
3
3
3
3
3
3
3
3
3
3
3
3
3
3
3
3
3
3
3
3
3
3
3
3
3
3
3
3
3
3
3
3
3
3
3
3
3
3
3
3
3
3
3
3
3
3
3
3
3
3
3
3
3
3
3
3
3
3
3
3
3
3
3
3
3
3
3
3
3
3
3
3
3
3
3
3
3
3
3
3
3
3
3
3
3
3
3
3
3
3
3
3
3
3
3
3
3
3
3
3
3
3
3
3
3
3
3
3
3
3
3
3
3
3
3
3
3
3
3
3
3
3
3
3
3
3
3
3
3
3
3
3
3
3
3
3
3
3
3
3
3
3
3
3
3
3
3
3
3
3
3
3
3
3
3
3
3
3
3
3
3
3
3
3
3
3
3
3
3
3
3
3
3
3
3
3
3
3
3
3
3
3
3
3
3
3
3
3
3
3
3
3
3
3
3
3
3
3
3
3
3
3
3
3
3
3
3
3
3
3
3
3
3
3
3
3
3
3
3
3
3
3
3
3
3
3
3
3
3
3
3
3
3
3
3
3
3
3
3
3
3
3
3
3
3
3
3
3
3
3
3
3
3
3
3
3
3
3
3
3
3
3
3
3
3
3
3
3
3
3
3
3
3
3
3
3
3
3
3
3
3
3
3
3
3
3
3
3
3
3
3
3
3
3
3
3
3
3
3
3
3
3
3
3
3
3
3
3
3
3
3
3
3
3
3
3
3
3
3
3
3
3
3
3
3
3
3
3
3
3
3
3
3
3
3
3
3
3
3
3
3
3
3
3
3
3
3
3
3
3
3
3
3
3
3
3
3
3
3
3
3
3
3
3
3
3
3
3
3
3
3
3
3
3
3
3
3
3
3
3
3
3
3
3
3
3
3
3
3
3
3
3
3
3
3
3
3
3
3
3
3
3
3
3
3
3
3
3
3
0
0
0
0
0
0
0
0
0
0
0
0
0
0
0
0
0
0
0
0
0
0
0
0
0
0
0
0
0
0
0
0
0
0
0
0
0
0
0
0
0
0
0
0
0
0
0
0
0
0
0
0
0
0
0
0
0
0
0
0
0
0
0
0
0
0
0
0
0
0
0
0
0
0
0
0
0
0
0
0
0
0
0
0
0
0
0
0
0
0
0
0
0
0
0
0
0
0
0
0
0
0
0
0
0
0
0
0
0
0
0
0
0
0
0
0
0
0
0
0
0
0
0
0
0
0
0
0
0
0
0
0
0
0
0
0
0
0
0
0
0
0
0
0
0
0
0
0
0
0
0
0
0
0
0
0
0
0
0
0
0
0
0
0
0
0
0
0
0
0
0
0
0
0
0
0
0
0
0
0
0
0
0
0
0
0
0
0
0
0
0
0
0
0
0
0
0
0
0
0
0
0
0
0
0
0
0
0
0
0
0
0
0
0
0
0
0
0
0
0
0
0
0
0
0
0
0
0
0
0
0
0
0
0
0
0
0
0
0
0
0
0
0
0
0
0
0
0
0
0
0
0
0
0
0
0
0
0
0
0
0
0
0
0
0
0
0
0
0
0
0
0
0
0
0
0
0
0
0
0
0
0
0
0
0
0
0
0
0
0
0
0
0
0
0
0
0
0
0
0
0
0
0
0
0
0
0
0
0
0
0
0
0
0
0
0
0
0
0
0
0
0
0
0
0
0
0
0
0
0
0
0
0
0
0
0
0
0
0
0
0
0
0
0
0
0
0
0
0
0
0
0
0
0
0
0
0
0
0
0
0
0
0
0
0
0
0
0
0
0
0
0
0
0
0
0
0
0
0
0
0
0
0
0
0
0
0
0
0
0
0
0
0
0
0
0
0
0
0
0
0
0
0
0
0
0
0
0
0
0
0
0
0
0
0
0
0
0
0
0
0
0
0
0
0
0
0
0
0
0
0
0
0
0
0
0
0
0
0
0
0
0
0
0
0
0
0
0
0
0
0
0
0
0
0
0
0
0
0
0
0
0
0
0
0
0
0
0
0
0
0
0
0
0
0
0
0
0
0
0
0
0
0
0
0
0
0
0
0
0
0
0
0
0
0
0
0
0
0
0
0
0
0
0
0
0
0
0
0
0
0
0
0
0
0
0
0
0
0
0
0
0
0
0
0
0
0
0
0
0
0
0
0
0
0
0
0
0
0
0
0
0
0
0
0
0
0
0
0
0
0
0
0
0
0
0
0
0
0
0
0
0
0
0
0
0
0
0
0
0
0
0
0
0
0
0
0
0
0
0
0
0
0
0
0
0
0
0
0
0
0
0
0
0
0
0
0
0
0
0
0
0
0
0
0
0
0
0
0
0
0
0
0
0
0
0
0
0
0
0
0
0
0
0
0
0
0
0
0
0
0
0
0
0
0
0
0
0
0
0
0
0
0
0
0
0
0
0
0
0
0
0
0
0
0
0
0
0
0
0
0
0
0
0
0
0
0
0
0
0
0
0
0
0
0
0
0
0
0
0
0
0
0
0
0
0
0
0
0
0
0
0
0
0
0
0
0
0
0
0
0
0
0
0
0
0
0
0
0
0
0
0
0
0
0
0
0
0
0
0
0
0
0
0
0
0
0
0
0
0
0
0
0
0
0
0
0
0
0
0
0
0
0
0
0
0
0
0
0
0
0
0
0
0
0
0
0
0
0
0
0
0
0
0
0
0
0
0
0
0
0
0
0
0
0
0
0
0
0
0
0
0
0
0
0
0
0
0
0
0
0
0
0
0
0
0
0
0
0
0
0
0
0
0
0
0
0
0
0
0
0
0
0
0
0
0
0
0
0
0
0
0
0
0
0
0
0
0
0
0
0
0
0
0
0
0
0
0
0
0
0
0
0
0
0
0
0
0
0
0
0
0
0
0
0
0
0
0
0
0
0
0
0
0
0
0
0
0
0
0
0
0
0
0
0
0
0
0
0
0
0
0
0
0
0
0
0
0
0
0
0
0
0
0
0
0
0
0
0
0
0
0
0
0
0
0
0
0
0
0
0
0
0
0
0
0
0
0
0
0
0
0
0
0
0
0
0
0
0
0
0
0
0
0
0
0
0
0
0
0
0
0
0
0
0
0
0
0
0
0
0
0
0
0
0
0
0
0
0
0
0
0
0
0
0
0
0
0
0
0
0
0
0
0
0
0
0
0
0
0
0
0
0
0
0
0
0
0
0
0
0
0
0
0
0
0
0
0
0
0
0
0
0
0
0
0
0
0
0
0
0
0
0
0
0
0
0
0
0
0
0
0
0
0
0
0
0
0
0
0
0
0
0
0
0
0
0
0
0
0
0
0
0
0
SCALARS layer_index int 1
LOOKUP_TABLE default
-1
-1
-1
-1
-1
-1
-1
-1
-1
-1
-1
-1
-1
-1
-1
-1
-1
-1
-1
-1
-1
-1
-1
-1
-1
-1
-1
-1
-1
-1
-1
-1
-1
-1
-1
-1
-1
-1
-1
-1
-1
-1
-1
-1
-1
-1
-1
-1
-1
-1
-1
-1
-1
-1
-1
-1
-1
-1
-1
-1
-1
-1
-1
-1
-1
-1
-1
-1
-1
-1
-1
-1
-1
-1
-1
-1
-1
-1
-1
-1
-1
-1
-1
-1
-1
-1
-1
-1
-1
-1
-1
-1
-1
-1
-1
-1
-1
-1
-1
-1
-1
-1
-1
-1
-1
-1
-1
-1
-1
-1
-1
-1
-1
-1
-1
-1
-1
-1
-1
-1
-1
-1
-1
-1
-1
-1
-1
-1
-1
-1
-1
-1
-1
-1
-1
-1
-1
-1
-1
-1
-1
-1
-1
-1
-1
-1
-1
-1
-1
-1
-1
-1
-1
-1
-1
-1
-1
-1
-1
-1
-1
-1
-1
-1
-1
-1
-1
-1
-1
-1
-1
-1
-1
-1
-1
-1
-1
-1
-1
-1
-1
-1
-1
-1
-1
-1
-1
-1
-1
-1
-1
-1
-1
-1
-1
-1
-1
-1
-1
-1
-1
-1
-1
-1
-1
-1
-1
-1
-1
-1
-1
-1
-1
-1
-1
-1
-1
-1
-1
-1
-1
-1
-1
-1
-1
-1
-1
-1
-1
-1
-1
-1
-1
-1
-1
-1
-1
-1
-1
-1
-1
-1
-1
-1
-1
-1
-1
-1
-1
-1
-1
-1
-1
-1
-1
-1
-1
-1
-1
-1
-1
-1
-1
-1
-1
-1
-1
-1
-1
-1
-1
-1
-1
-1
-1
-1
-1
-1
-1
-1
-1
-1
-1
-1
-1
-1
-1
-1
-1
-1
-1
-1
-1
-1
-1
-1
-1
-1
-1
-1
-1
-1
-1
-1
-1
-1
-1
-1
-1
-1
-1
-1
-1
-1
-1
-1
-1
-1
-1
-1
-1
-1
-1
-1
-1
-1
-1
-1
-1
-1
-1
-1
-1
-1
-1
-1
-1
-1
-1
-1
-1
-1
-1
-1
-1
-1
-1
-1
-1
-1
-1
-1
-1
-1
-1
-1
-1
-1
-1
-1
-1
-1
-1
-1
-1
-1
-1
-1
-1
-1
-1
-1
-1
-1
-1
-1
-1
-1
-1
-1
-1
-1
-1
-1
-1
-1
-1
-1
-1
-1
-1
-1
-1
-1
-1
-1
-1
-1
-1
-1
-1
-1
-1
-1
-1
-1
-1
-1
-1
-1
-1
-1
-1
-1
-1
-1
-1
-1
-1
-1
-1
-1
-1
-1
-1
-1
-1
-1
-1
-1
-1
-1
-1
-1
-1
-1
-1
-1
-1
-1
-1
-1
-1
-1
-1
-1
-1
-1
-1
-1
-1
-1
-1
-1
-1
-1
-1
-1
-1
-1
-1
-1
-1
-1
-1
-1
-1
-1
-1
-1
-1
-1
-1
-1
-1
-1
-1
-1
-1
-1
-1
-1
-1
-1
-1
-1
-1
-1
-1
-1
-1
-1
-1
-1
-1
-1
-1
-1
-1
-1
-1
-1
-1
-1
-1
-1
-1
-1
-1
-1
-1
-1
-1
-1
-1
-1
-1
-1
-1
-1
-1
-1
-1
-1
-1
-1
-1
-1
-1
-1
-1
-1
-1
-1
-1
-1
-1
-1
-1
-1
-1
-1
-1
-1
-1
-1
-1
-1
-1
-1
-1
-1
-1
-1
-1
-1
-1
-1
-1
-1
-1
-1
-1
-1
-1
-1
-1
-1
-1
-1
-1
-1
-1
-1
-1
-1
-1
-1
-1
-1
-1
-1
-1
-1
-1
-1
-1
-1
-1
-1
-1
-1
-1
-1
-1
-1
-1
-1
-1
-1
-1
-1
-1
-1
-1
-1
-1
-1
-1
-1
-1
-1
-1
-1
-1
-1
-1
-1
-1
-1
-1
-1
-1
-1
-1
-1
-1
-1
-1
-1
-1
-1
-1
-1
-1
-1
-1
-1
-1
-1
-1
-1
-1
-1
-1
-1
-1
-1
-1
-1
-1
-1
-1
-1
-1
-1
-1
-1
-1
-1
-1
-1
-1
-1
-1
-1
-1
-1
-1
-1
-1
-1
-1
-1
-1
-1
-1
-1
-1
-1
-1
-1
-1
-1
-1
-1
-1
-1
-1
-1
-1
-1
-1
-1
-1
-1
-1
-1
-1
-1
-1
-1
-1
-1
-1
-1
-1
-1
-1
-1
-1
-1
-1
-1
-1
-1
-1
-1
-1
-1
-1
-1
-1
-1
-1
-1
-1
-1
-1
-1
-1
-1
-1
-1
-1
-1
-1
-1
-1
-1
-1
-1
-1
-1
-1
-1
-1
-1
-1
-1
-1
-1
-1
-1
-1
-1
-1
-1
-1
-1
-1
-1
-1
-1
-1
-1
-1
-1
-1
-1
-1
-1
-1
-1
-1
-1
-1
-1
-1
-1
-1
-1
-1
-1
-1
-1
-1
-1
-1
-1
-1
-1
-1
-1
-1
-1
-1
-1
-1
-1
-1
-1
-1
-1
-1
-1
-1
-1
-1
-1
-1
-1
-1
-1
-1
-1
-1
-1
-1
-1
-1
-1
-1
-1
-1
-1
-1
-1
-1
-1
-1
-1
-1
-1
-1
-1
-1
-1
-1
-1
-1
-1
-1
-1
-1
-1
-1
-1
-1
-1
-1
-1
-1
-1
-1
-1
-1
-1
-1
-1
-1
-1
-1
-1
-1
-1
-1
-1
-1
-1
-1
-1
-1
-1
-1
-1
-1
-1
-1
-1
-1
-1
-1
-1
-1
-1
-1
-1
-1
-1
-1
-1
-1
-1
-1
-1
-1
-1
-1
-1
-1
-1
-1
-1
-1
-1
-1
-1
-1
-1
-1
-1
-1
-1
-1
-1
-1
-1
-1
-1
-1
-1
-1
-1
-1
-1
-1
-1
-1
-1
-1
-1
-1
-1
-1
-1
-1
-1
-1
-1
-1
-1
-1
-1
-1
-1
-1
-1
-1
-1
-1
-1
-1
-1
-1
-1
-1
-1
-1
-1
-1
-1
-1
-1
-1
-1
-1
-1
-1
-1
-1
-1
-1
-1
-1
-1
-1
-1
-1
-1
-1
-1
-1
-1
-1
-1
-1
-1
-1
-1
-1
-1
-1
-1
-1
-1
-1
-1
-1
-1
-1
-1
-1
-1
-1
-1
-1
-1
-1
-1
-1
-1
-1
-1
-1
-1
-1
-1
-1
-1
-1
-1
-1
-1
-1
-1
-1
-1
-1
-1
-1
-1
-1
-1
-1
-1
-1
-1
-1
-1
-1
-1
-1
-1
-1
-1
-1
-1
-1
-1
-1
-1
-1
-1
-1
-1
-1
-1
-1
-1
-1
-1
-1
-1
-1
-1
-1
-1
-1
-1
-1
-1
-1
-1
-1
-1
-1
-1
-1
-1
-1
-1
-1
-1
-1
-1
-1
-1
-1
-1
-1
-1
-1
-1
-1
-1
-1
-1
-1
-1
-1
-1
-1
-1
-1
-1
-1
-1
-1
-1
-1
-1
-1
-1
-1
-1
-1
-1
-1
-1
-1
-1
-1
-1
-1
-1
-1
-1
-1
-1
-1
-1
-1
-1
-1
-1
-1
-1
-1
-1
-1
-1
-1
-1
-1
-1
-1
-1
-1
-1
-1
-1
-1
-1
-1
-1
-1
-1
-1
-1
-1
-1
-1
-1
-1
-1
-1
-1
-1
-1
-1
-1
-1
-1
-1
-1
-1
-1
-1
-1
-1
-1
-1
-1
-1
-1
-1
-1
-1
-1
-1
-1
-1
-1
-1
-1
-1
-1
-1
-1
-1
-1
-1
-1
-1
-1
-1
-1
-1
-1
-1
-1
-1
-1
-1
-1
-1
-1
-1
-1
-1
-1
-1
-1
-1
-1
-1
-1
-1
-1
-1
-1
-1
-1
-1
-1
-1
-1
-1
-1
-1
-1
-1
-1
-1
-1
-1
-1
-1
-1
-1
-1
-1
-1
-1
-1
-1
-1
-1
-1
-1
-1
-1
-1
-1
-1
-1
-1
-1
-1
-1
-1
-1
-1
-1
-1
-1
-1
-1
-1
-1
-1
-1
-1
-1
-1
-1
-1
-1
-1
-1
-1
-1
-1
-1
-1
-1
-1
-1
-1
-1
-1
-1
-1
-1
-1
-1
-1
-1
-1
-1
-1
-1
-1
-1
-1
-1
-1
-1
-1
-1
-1
-1
-1
-1
-1
-1
-1
-1
-1
-1
-1
-1
-1
-1
-1
-1
-1
-1
-1
-1
-1
-1
-1
-1
-1
-1
-1
-1
-1
-1
-1
-1
-1
-1
-1
-1
-1
-1
-1
-1
-1
-1
-1
-1
-1
-1
-1
-1
-1
-1
-1
-1
-1
-1
-1
-1
-1
-1
-1
-1
-1
-1
-1
-1
-1
-1
-1
-1
-1
-1
-1
-1
-1
-1
-1
-1
-1
-1
-1
-1
-1
-1
-1
-1
-1
-1
-1
-1
-1
-1
-1
-1
-1
-1
-1
-1
-1
-1
-1
-1
-1
-1
-1
-1
-1
-1
-1
-1
-1
-1
-1
-1
-1
-1
-1
-1
-1
-1
-1
-1
-1
-1
-1
-1
-1
-1
-1
-1
-1
-1
-1
-1
-1
-1
-1
-1
-1
-1
-1
-1
-1
-1
-1
-1
-1
-1
-1
-1
-1
-1
-1
-1
-1
-1
-1
-1
-1
-1
-1
-1
-1
-1
-1
-1
-1
-1
-1
-1
-1
-1
-1
-1
-1
-1
-1
-1
-1
-1
-1
-1
-1
-1
-1
-1
-1
-1
-1
-1
-1
-1
-1
-1
-1
-1
-1
-1
-1
-1
-1
-1
-1
-1
-1
-1
-1
-1
-1
-1
-1
-1
-1
-1
-1
-1
-1
-1
-1
-1
-1
-1
-1
-1
-1
-1
-1
-1
-1
-1
-1
-1
-1
-1
-1
-1
-1
-1
-1
-1
-1
-1
-1
-1
-1
-1
-1
-1
-1
-1
-1
-1
-1
-1
-1
-1
-1
-1
-1
-1
-1
-1
-1
-1
-1
-1
-1
-1
-1
-1
-1
-1
-1
-1
-1
-1
-1
-1
-1
-1
-1
-1
-1
-1
-1
-1
-1
-1
-1
-1
-1
-1
-1
-1
-1
-1
-1
-1
-1
-1
-1
-1
-1
-1
-1
-1
-1
-1
-1
-1
-1
-1
-1
-1
-1
-1
-1
-1
-1
-1
-1
-1
-1
-1
-1
-1
-1
-1
-1
-1
-1
-1
-1
-1
-1
-1
-1
-1
-1
-1
-1
-1
-1
-1
-1
-1
-1
-1
-1
-1
-1
-1
-1
-1
-1
-1
-1
-1
-1
-1
-1
-1
-1
-1
-1
-1
-1
-1
-1
-1
-1
-1
-1
-1
-1
-1
-1
-1
-1
-1
-1
-1
-1
-1
-1
-1
-1
-1
-1
-1
-1
-1
-1
-1
-1
-1
-1
-1
-1
-1
-1
-1
-1
-1
-1
-1
-1
-1
-1
-1
-1
-1
-1
-1
-1
-1
-1
-1
-1
-1
-1
-1
-1
-1
-1
-1
-1
-1
-1
-1
-1
-1
-1
-1
-1
-1
-1
-1
-1
-1
-1
-1
-1
-1
-1
-1
-1
-1
-1
-1
-1
-1
-1
-1
-1
-1
-1
-1
-1
-1
-1
-1
-1
-1
-1
-1
-1
-1
-1
-1
-1
-1
-1
-1
-1
-1
-1
-1
-1
-1
-1
-1
-1
-1
-1
-1
-1
-1
-1
-1
-1
-1
-1
-1
-1
-1
-1
-1
-1
-1
-1
-1
-1
-1
-1
-1
-1
-1
-1
-1
-1
-1
-1
-1
-1
-1
-1
-1
-1
-1
-1
-1
-1
-1
-1
-1
-1
-1
-1
-1
-1
-1
-1
-1
-1
-1
-1
-1
-1
-1
-1
-1
-1
-1
-1
-1
-1
-1
-1
-1
-1
-1
-1
-1
-1
-1
-1
-1
-1
-1
-1
-1
-1
-1
-1
-1
-1
-1
-1
-1
-1
-1
-1
-1
-1
-1
-1
-1
-1
-1
-1
-1
-1
-1
-1
-1
-1
-1
-1
-1
-1
-1
-1
-1
-1
-1
-1
-1
-1
-1
-1
-1
-1
-1
-1
-1
-1
-1
-1
-1
-1
-1
-1
-1
-1
-1
-1
-1
-1
-1
-1
-1
-1
-1
-1
-1
-1
-1
-1
-1
-1
-1
-1
-1
-1
-1
-1
-1
-1
-1
-1
-1
-1
-1
-1
-1
-1
-1
-1
-1
-1
-1
-1
-1
-1
-1
-1
-1
-1
-1
-1
-1
-1
-1
-1
-1
-1
-1
-1
-1
-1
-1
-1
-1
-1
-1
-1
-1
-1
-1
-1
-1
-1
-1
-1
-1
-1
-1
-1
-1
-1
-1
-1
-1
-1
-1
-1
-1
-1
-1
-1
-1
-1
-1
-1
-1
-1
-1
-1
-1
-1
-1
-1
-1
-1
-1
-1
-1
-1
-1
-1
-1
-1
-1
-1
-1
-1
-1
-1
-1
-1
-1
-1
-1
-1
-1
-1
-1
-1
-1
-1
-1
-1
-1
-1
-1
-1
-1
-1
-1
-1
-1
-1
-1
-1
-1
-1
-1
-1
-1
-1
-1
-1
-1
-1
-1
-1
-1
-1
-1
-1
-1
-1
-1
-1
-1
-1
-1
-1
-1
-1
-1
-1
-1
-1
-1
-1
-1
-1
-1
-1
-1
-1
-1
-1
-1
-1
-1
-1
-1
-1
-1
-1
-1
-1
-1
-1
-1
-1
-1
-1
-1
-1
-1
-1
-1
-1
-1
-1
-1
-1
-1
-1
-1
-1
-1
-1
-1
-1
-1
-1
-1
-1
-1
-1
-1
-1
-1
-1
-1
-1
-1
-1
-1
-1
-1
-1
-1
-1
-1
-1
-1
-1
-1
-1
-1
-1
-1
-1
-1
-1
-1
-1
-1
-1
-1
-1
-1
-1
-1
-1
-1
-1
-1
-1
-1
-1
-1
-1
-1
-1
-1
-1
-1
-1
-1
-1
-1
-1
-1
-1
-1
-1
-1
-1
-1
-1
-1
-1
-1
-1
-1
-1
-1
-1
-1
-1
-1
-1
-1
-1
-1
-1
-1
-1
-1
-1
-1
-1
-1
-1
-1
-1
-1
-1
-1
-1
-1
-1
-1
-1
-1
-1
-1
-1
-1
-1
-1
-1
-1
-1
-1
-1
-1
-1
-1
-1
-1
-1
-1
-1
-1
-1
-1
-1
-1
-1
-1
-1
-1
-1
-1
-1
-1
-1
-1
-1
-1
-1
-1
-1
-1
-1
-1
-1
-1
-1
-1
-1
-1
-1
-1
-1
-1
-1
-1
-1
-1
-1
-1
-1
-1
-1
-1
-1
-1
-1
-1
-1
-1
-1
-1
-1
-1
-1
-1
-1
-1
-1
-1
-1
-1
-1
-1
-1
-1
-1
-1
-1
-1
-1
-1
-1
-1
-1
-1
-1
-1
-1
-1
-1
-1
-1
-1
-1
-1
-1
-1
-1
-1
-1
-1
-1
-1
-1
-1
-1
-1
-1
0
0
0
0
0
0
0
0
0
0
0
0
0
0
0
0
0
0
0
0
0
0
0
0
0
0
0
0
0
0
0
0
0
0
0
0
0
0
0
0
0
0
0
0
0
0
0
0
0
0
0
0
0
0
0
0
0
0
0
0
0
0
0
0
0
0
0
0
0
0
0
0
0
0
0
0
0
0
0
0
0
0
0
0
0
0
0
0
0
0
0
0
0
0
0
0
0
0
0
0
0
0
0
0
0
0
0
0
0
0
0
0
0
0
0
0
0
0
0
0
0
0
0
0
0
0
0
0
0
0
0
0
0
0
0
0
0
0
0
0
0
0
0
0
0
0
0
0
0
0
0
0
0
0
0
0
0
0
0
0
0
0
0
0
0
0
0
0
0
0
0
0
0
0
0
0
0
0
0
0
0
0
0
0
0
0
0
0
0
0
0
0
0
0
0
0
0
0
0
0
0
0
0
0
0
0
0
0
0
0
0
0
0
0
0
0
0
0
0
0
0
0
0
0
0
0
0
0
0
0
0
0
0
0
0
0
0
0
0
0
0
0
0
0
0
0
0
0
0
0
0
0
0
0
0
0
0
0
0
0
0
0
0
0
0
0
0
0
0
0
1
1
1
1
1
1
1
1
1
1
1
1
1
1
1
1
1
1
1
1
1
1
1
1
1
1
1
1
1
1
1
1
1
1
1
1
1
1
1
1
1
1
1
1
1
1
1
1
1
1
1
1
1
1
1
1
1
1
1
1
1
1
1
1
1
1
1
1
1
1
1
1
1
1
1
1
1
1
1
1
1
1
1
1
1
1
1
1
1
1
1
1
1
1
1
1
1
1
1
1
1
1
1
1
1
1
1
1
1
1
1
1
1
1
1
1
1
1
1
1
1
1
1
1
1
1
1
1
1
1
1
1
1
1
1
1
1
1
1
1
1
1
1
1
1
1
1
1
1
1
1
1
1
1
1
1
1
1
1
1
1
1
1
1
1
1
1
1
1
1
1
1
1
1
1
1
1
1
1
1
1
1
1
1
1
1
1
1
1
1
1
1
1
1
1
1
1
1
1
1
1
1
1
1
1
1
1
1
1
1
1
1
1
1
1
1
1
1
1
1
1
1
1
1
1
1
1
1
1
1
1
1
1
1
1
1
1
1
1
1
1
1
1
1
1
1
1
1
1
1
1
1
1
1
1
1
1
1
1
1
1
1
1
1
1
1
2
2
2
2
2
2
2
2
2
2
2
2
2
2
2
2
2
2
2
2
2
2
2
2
2
2
2
2
2
2
2
2
2
2
2
2
2
2
2
2
2
2
2
2
2
2
2
2
2
2
2
2
2
2
2
2
2
2
2
2
2
2
2
2
2
2
2
2
2
2
2
2
2
2
2
2
2
2
2
2
2
2
2
2
2
2
2
2
2
2
2
2
2
2
2
2
2
2
2
2
2
2
2
2
2
2
2
2
2
2
2
2
2
2
2
2
2
2
2
2
2
2
2
2
2
2
2
2
2
2
2
2
2
2
2
2
2
2
2
2
2
2
2
2
2
2
2
2
2
2
2
2
2
2
2
2
2
2
2
2
2
2
2
2
2
2
2
2
2
2
2
2
2
2
2
2
2
2
2
2
2
2
2
2
2
2
2
2
2
2
2
2
2
2
2
2
2
2
2
2
2
2
2
2
2
2
2
2
2
2
2
2
2
2
2
2
2
2
2
2
2
2
2
2
2
2
2
2
2
2
2
2
2
2
2
2
2
2
2
2
2
2
2
2
2
2
2
2
2
2
2
2
2
2
2
2
2
2
3
3
3
3
3
3
3
3
3
3
3
3
3
3
3
3
3
3
3
3
3
3
3
3
3
3
3
3
3
3
3
3
3
3
3
3
3
3
3
3
3
3
3
3
3
3
3
3
3
3
3
3
3
3
3
3
3
3
3
3
3
3
3
3
3
3
3
3
3
3
3
3
3
3
3
3
3
3
3
3
3
3
3
3
3
3
3
3
3
3
3
3
3
3
3
3
3
3
3
3
3
3
3
3
3
3
3
3
3
3
3
3
3
3
3
3
3
3
3
3
3
3
3
3
3
3
3
3
3
3
3
3
3
3
3
3
3
3
3
3
3
3
3
3
3
3
3
3
3
3
3
3
3
3
3
3
3
3
3
3
3
3
3
3
3
3
3
3
3
3
3
3
3
3
3
3
3
3
3
3
3
3
3
3
3
3
3
3
3
3
3
3
3
3
3
3
3
3
3
3
3
3
3
3
3
3
3
3
3
3
3
3
3
3
3
3
3
3
3
3
3
3
3
3
3
3
3
3
3
3
3
3
3
3
3
3
3
3
3
3
3
3
3
3
3
3
3
3
3
3
SCALARS geometry_area double 1
LOOKUP_TABLE default
0.28125
0.28125
0.28125
0.28125
0.28125
0.0703125
0.0703125
0.0703125
0.0703125
0.28125
0.28125
0.28125
0.28125
0.28125
0.28125
0.28125
0.0703125
0.0703125
0.0703125
0.28125
0.0703125
0.0703125
0.0703125
0.0703125
0.0703125
0.0703125
0.0703125
0.0703125
0.28125
0.0703125
0.28125
0.0703125
0.28125
0.28125
0.28125
0.28125
0.28125
0.28125
0.28125
0.28125
0.28125
0.28125
0.28125
0.0703125
0.0703125
0.0703125
0.0703125
0.0703125
0.0703125
0.017578125
0.017578125
0.017578125
0.017578125
0.017578125
0.017578125
0.017578125
0.017578125
0.0703125
0.0703125
0.0703125
0.0703125
0.0703125
0.0703125
0.0703125
0.0703125
0.0703125
0.0703125
0.0703125
0.0703125
0.0703125
0.017578125
0.017578125
0.017578125
0.017578125
0.017578125
0.017578125
0.0703125
0.017578125
0.0703125
0.017578125
0.0703125
0.017578125
0.0703125
0.017578125
0.017578125
0.017578125
0.017578125
0.017578125
0.017578125
0.0703125
0.0703125
0.0703125
0.0703125
0.0703125
0.0703125
0.0703125
0.0703125
0.017578125
0.017578125
0.017578125
0.0703125
0.017578125
0.0703125
0.0703125
0.0703125
0.0703125
0.0703125
0.0703125
0.0703125
0.0703125
0.0703125
0.017578125
0.017578125
0.017578125
0.017578125
0.017578125
0.017578125
0.017578125
0.017578125
0.017578125
0.017578125
0.017578125
0.017578125
0.017578125
0.017578125
0.017578125
0.017578125
0.017578125
0.017578125
0.017578125
0.017578125
0.017578125
0.017578125
0.017578125
0.017578125
0.017578125
0.017578125
0.017578125
0.017578125
0.017578125
0.017578125
0.017578125
0.017578125
0.017578125
0.017578125
0.017578125
0.017578125
0.017578125
0.017578125
0.017578125
0.017578125
0.017578125
0.017578125
0.017578125
0.017578125
0.00439453125
0.00439453125
0.00439453125
0.00439453125
0.00439453125
0.00439453125
0.00439453125
0.00439453125
0.00439453125
0.00439453125
0.00439453125
0.00439453125
0.017578125
0.017578125
0.017578125
0.017578125
0.017578125
0.017578125
0.017578125
0.017578125
0.017578125
0.00439453125
0.017578125
0.017578125
0.00439453125
0.017578125
0.00439453125
0.00439453125
0.00439453125
0.00439453125
0.00439453125
0.00439453125
0.00439453125
0.00439453125
0.00439453125
0.00439453125
0.00439453125
0.00439453125
0.00439453125
0.00439453125
0.00439453125
0.00439453125
0.00439453125
0.00439453125
0.00439453125
0.00439453125
0.00439453125
0.00439453125
0.00439453125
0.00439453125
0.00439453125
0.00439453125
0.00439453125
0.00439453125
0.00439453125
0.00439453125
0.017578125
0.017578125
0.017578125
0.017578125
0.017578125
0.017578125
0.017578125
0.017578125
0.017578125
0.017578125
0.017578125
0.017578125
0.017578125
0.017578125
0.017578125
0.017578125
0.00439453125
0.00439453125
0.017578125
0.017578125
0.00439453125
0.017578125
0.00439453125
0.017578125
0.017578125
0.017578125
0.017578125
0.017578125
0.017578125
0.00439453125
0.00439453125
0.00439453125
0.00439453125
0.00439453125
0.00439453125
0.00439453125
0.00439453125
0.017578125
0.017578125
0.017578125
0.017578125
0.00439453125
0.00439453125
0.00439453125
0.00439453125
0.00439453125
0.00439453125
0.00439453125
0.00439453125
0.00439453125
0.00439453125
0.00439453125
0.00439453125
0.00439453125
0.00439453125
0.00439453125
0.00439453125
0.00439453125
0.00439453125
0.00439453125
0.00439453125
0.00439453125
0.00439453125
0.00439453125
0.00439453125
0.00439453125
0.00439453125
0.00439453125
0.00439453125
0.00439453125
0.00439453125
0.00439453125
0.00439453125
0.00439453125
0.00439453125
0.00439453125
0.00439453125
0.00439453125
0.00439453125
0.00439453125
0.00439453125
0.00439453125
0.00439453125
0.00439453125
0.00439453125
0.00439453125
0.00439453125
0.00439453125
0.00439453125
0.00439453125
0.00439453125
0.00439453125
0.00439453125
0.00439453125
0.00439453125
0.00439453125
0.00439453125
0.00439453125
0.00439453125
0.00439453125
0.00439453125
0.00439453125
0.00439453125
0.00439453125
0.00439453125
0.00439453125
0.00439453125
0.00439453125
0.00439453125
0.00439453125
0.00439453125
0.00439453125
0.00439453125
0.00439453125
0.00439453125
0.00439453125
0.00439453125
0.00439453125
0.00439453125
0.00439453125
0.00439453125
0.00439453125
0.00439453125
0.00439453125
0.00439453125
0.00439453125
0.00439453125
0.00439453125
0.00439453125
0.00439453125
0.0010986328125
0.0010986328125
0.0010986328125
0.0010986328125
0.0010986328125
0.0010986328125
0.0010986328125
0.0010986328125
0.0010986328125
0.0010986328125
0.00439453125
0.0010986328125
0.0010986328125
0.00439453125
0.0010986328125
0.00439453125
0.0010986328125
0.0010986328125
0.00439453125
0.00439453125
0.0010986328125
0.0010986328125
0.00439453125
0.00439453125
0.00439453125
0.00439453125
0.00439453125
0.00439453125
0.00439453125
0.00439453125
0.0010986328125
0.0010986328125
0.0010986328125
0.0010986328125
0.0010986328125
0.0010986328125
0.0010986328125
0.0010986328125
0.0010986328125
0.0010986328125
0.0010986328125
0.0010986328125
0.0010986328125
0.0010986328125
0.0010986328125
0.0010986328125
0.0010986328125
0.0010986328125
0.0010986328125
0.0010986328125
0.0010986328125
0.0010986328125
0.0010986328125
0.0010986328125
0.0010986328125
0.0010986328125
0.0010986328125
0.0010986328125
0.0010986328125
0.0010986328125
0.0010986328125
0.0010986328125
0.0010986328125
0.0010986328125
0.0010986328125
0.0010986328125
0.0010986328125
0.0010986328125
0.0010986328125
0.0010986328125
0.0010986328125
0.0010986328125
0.0010986328125
0.0010986328125
0.0010986328125
0.0010986328125
0.0010986328125
0.0010986328125
0.00439453125
0.0010986328125
0.0010986328125
0.0010986328125
0.0010986328125
0.0010986328125
0.00439453125
0.00439453125
0.00439453125
0.0010986328125
0.00439453125
0.0010986328125
0.00439453125
0.00439453125
0.0010986328125
0.00439453125
0.00439453125
0.00439453125
0.00439453125
0.00439453125
0.00439453125
0.00439453125
0.00439453125
0.00439453125
0.00439453125
0.00439453125
0.00439453125
0.00439453125
0.00439453125
0.00439453125
0.00439453125
0.00439453125
0.00439453125
0.00439453125
0.00439453125
0.00439453125
0.00439453125
0.00439453125
0.00439453125
0.00439453125
0.00439453125
0.00439453125
0.00439453125
0.00439453125
0.00439453125
0.00439453125
0.00439453125
0.00439453125
0.00439453125
0.0010986328125
0.00439453125
0.0010986328125
0.00439453125
0.00439453125
0.0010986328125
0.0010986328125
0.0010986328125
0.0010986328125
0.0010986328125
0.0010986328125
0.0010986328125
0.0010986328125
0.0010986328125
0.0010986328125
0.0010986328125
0.0010986328125
0.0010986328125
0.0010986328125
0.0010986328125
0.0010986328125
0.0010986328125
0.0010986328125
0.0010986328125
0.0010986328125
0.0010986328125
0.0010986328125
0.0010986328125
0.0010986328125
0.0010986328125
0.0010986328125
0.0010986328125
0.0010986328125
0.0010986328125
0.0010986328125
0.0010986328125
0.0010986328125
0.0010986328125
0.0010986328125
0.0010986328125
0.0010986328125
0.0010986328125
0.0010986328125
0.0010986328125
0.0010986328125
0.0010986328125
0.0010986328125
0.0010986328125
0.0010986328125
0.0010986328125
0.0010986328125
0.0010986328125
0.0010986328125
0.0010986328125
0.0010986328125
0.0010986328125
0.0010986328125
0.0010986328125
0.0010986328125
0.0010986328125
0.0010986328125
0.0010986328125
0.0010986328125
0.0010986328125
0.0010986328125
0.0010986328125
0.0010986328125
0.0010986328125
0.0010986328125
0.0010986328125
0.0010986328125
0.0010986328125
0.0010986328125
0.0010986328125
0.0010986328125
0.0010986328125
0.0010986328125
0.0010986328125
0.0010986328125
0.0010986328125
0.0010986328125
0.0010986328125
0.0010986328125
0.0010986328125
0.0010986328125
0.0010986328125
0.0010986328125
0.0010986328125
0.0010986328125
0.0010986328125
0.0010986328125
0.0010986328125
0.0010986328125
0.0010986328125
0.0010986328125
0.0010986328125
0.0010986328125
0.0010986328125
0.0010986328125
0.0010986328125
0.0010986328125
0.0010986328125
0.0010986328125
0.0010986328125
0.0010986328125
0.0010986328125
0.0010986328125
0.0010986328125
0.0010986328125
0.0010986328125
0.0010986328125
0.0010986328125
0.0010986328125
0.0010986328125
0.0010986328125
0.0010986328125
0.0010986328125
0.0010986328125
0.0010986328125
0.0010986328125
0.0010986328125
0.0010986328125
0.0010986328125
0.0010986328125
0.0010986328125
0.0010986328125
0.0010986328125
0.0010986328125
0.0010986328125
0.0010986328125
0.0010986328125
0.0010986328125
0.0010986328125
0.0010986328125
0.0010986328125
0.0010986328125
0.0010986328125
0.0010986328125
0.0010986328125
0.0010986328125
0.0010986328125
0.0010986328125
0.0010986328125
0.0010986328125
0.0010986328125
0.0010986328125
0.0010986328125
0.0010986328125
0.0010986328125
0.0010986328125
0.0010986328125
0.0010986328125
0.0010986328125
0.0010986328125
0.0010986328125
0.0010986328125
0.0010986328125
0.0010986328125
0.0010986328125
0.0010986328125
0.0010986328125
0.0010986328125
0.0010986328125
0.0010986328125
0.0010986328125
0.0010986328125
0.0010986328125
0.0010986328125
0.0010986328125
0.0010986328125
0.0010986328125
0.0010986328125
0.0010986328125
0.0010986328125
0.0010986328125
0.0010986328125
0.0010986328125
0.0010986328125
0.0010986328125
0.0010986328125
0.0010986328125
0.0010986328125
0.0010986328125
0.000274658203125
0.000274658203125
0.000274658203125
1.5092520063129684e-05
8.0503276763179647e-05
6.7910736952743744e-06
5.33495994231711e-06
0.0010986328125
0.0010986328125
0.0010986328125
0.000274658203125
0.0010986328125
0.000274658203125
0.0010986328125
0.000274658203125
0.0010986328125
6.5157374309112717e-05
7.0143529442752168e-06
7.2171727253387283e-05
6.6560811237568637e-06
0.000274658203125
0.000274658203125
0.000274658203125
0.0010986328125
2.9382615352648374e-05
9.8919214987242262e-05
6.6692700327615918e-05
5.6234533757557959e-05
1.0758495346125343e-05
0.00023617869247000937
0.0010986328125
0.00010216693820337447
0.0010986328125
0.0010986328125
0.00024782631862398184
0.0010986328125
0.0010986328125
0.0001136829438087671
0.0010986328125
0.0010986328125
0.0010986328125
0.0010986328125
0.0010986328125
0.0010986328125
0.0010986328125
0.0010986328125
0.0010986328125
0.0010986328125
0.0010986328125
0.0010986328125
0.000274658203125
0.0010986328125
0.000274658203125
0.0010986328125
0.000274658203125
0.0010986328125
0.0001373291015625
4.57763671875e-05
3.5889355875966603e-05
2.6951893798260115e-05
1.520534488937994e-05
0.00021596354482266933
0.0001373291015625
6.60743702552858e-05
2.5901805259642002e-06
1.9541481246874172e-07
7.9025272885106801e-05
6.866455078125e-05
0.00026872801367173657
3.423665331969356e-05
3.0517578125000217e-05
0.00018275389208877694
0.000274658203125
0.0002163543744476068
0.000274658203125
7.9025272885106801e-05
0.0002163543744476068
7.9025272885106801e-05
0.000274658203125
0.0001373291015625
6.5626907751044754e-05
3.5444926310151123e-05
2.3690678233623901e-05
0.00027396731665422635
5.5580182748891391e-05
0.00022002235823229913
6.3116504131634248e-05
0.00019560148410621106
0.000274658203125
0.0002163543744476068
0.000274658203125
7.9025272885106801e-05
0.0002163543744476068
9.1552734375e-05
2.7400565949492408e-05
1.4395395553845267e-05
0.00025177001953125
0.000274658203125
0.00010093477815735666
0.00026872801367173657
3.423665331969356e-05
0.00016563556542893015
4.4421797119329962e-05
2.4242753661920038e-05
1.711832665984678e-05
0.00020564820910836255
0.000274658203125
0.000274658203125
0.000274658203125
0.00027396731665422635
0.00019221839784061773
5.5580182748891391e-05
0.000274658203125
0.0002163543744476068
0.000274658203125
7.9025272885106801e-05
0.0002163543744476068
7.9025272885106801e-05
0.000274658203125
0.00013044147431093387
4.3886662032554319e-05
3.8086245296059968e-05
0.000274658203125
0.00028660556113191475
0.000274658203125
0.00022002235823229913
0.000274658203125
8.2693256669799133e-05
0.00016021728515625
5.6358920953816204e-05
5.5487109600384445e-05
0.000274658203125
7.8108479158285957e-05
0.00024782631862398184
0.00011049721706148184
0.000274658203125
0.00023617869247000937
0.000274658203125
8.3757070844379684e-05
1.1720353690019058e-05
1.0227949041456745e-05
5.8206384211192041e-05
1.0458166570057959e-05
3.1857267472852684e-06
9.7190917259576816e-05
0.000274658203125
0.00013924975682998915
0.00027375293356995538
5.3801506877578723e-05
0.000274658203125
0.000274658203125
0.000274658203125
0.00027375293356995538
0.00019022533888503421
5.3801506877578805e-05
0.000274658203125
9.1914233614691192e-05
4.6802626056391946e-05
3.7600306736277483e-05
1.6340156728263068e-05
0.000274658203125
6.179809570312474e-05
0.000274658203125
0.000274658203125
0.000274658203125
0.0001373291015625
5.0121196292919727e-05
4.0248656465510313e-05
1.7107219680385625e-05
0.000274658203125
4.8065185546874545e-05
0.00018127805399442785
2.7686494387451536e-05
0.000274658203125
0.00020004272460937488
8.6444733775030078e-05
4.2114257812500403e-05
3.940532453745902e-05
2.4693811912571634e-05
0.00013115339835731107
0.00021129428754188212
0.0002662259281668829
0.000274658203125
0.000274658203125
4.6499365666883685e-05
0.00010143100629188316
0.000274658203125
0.000274658203125
0.00015636264691688394
0.00021129428754188473
0.000274658203125
0.000274658203125
0.0002662259281668842
0.000274658203125
4.6499365666883685e-05
0.00010143100629188316
0.00015636264691688264
0.00021129428754188212
0.0002662259281668829
0.0010986328125
0.0010986328125
0.0010986328125
0.0010986328125
0.0010986328125
0.000274658203125
0.000274658203125
4.6499365666883685e-05
0.0010986328125
0.00010143100629188316
0.000274658203125
0.000274658203125
0.0010986328125
0.00015636264691688394
0.0010986328125
0.00021129428754188342
0.0010986328125
0.0010986328125
0.0010986328125
0.0010986328125
0.0010986328125
0.0010986328125
0.0010986328125
0.0010986328125
0.0010986328125
0.0010986328125
0.0010986328125
0.0010986328125
0.000274658203125
0.0010986328125
0.000274658203125
0.0010986328125
0.0002662259281668816
0.0010986328125
0.000274658203125
0.0010986328125
0.0010986328125
0.0010986328125
0.0010986328125
4.6499365666882383e-05
0.00010143100629188316
0.00015636264691688394
0.00021129428754188473
0.0002662259281668842
0.000274658203125
0.000274658203125
4.6499365666883685e-05
0.00010143100629188316
0.0001373291015625
2.7639927186792964e-05
9.6114613380717862e-05
8.6143733704780737e-06
0.00024571330744834179
0.0002430725097656251
0.000274658203125
6.3629150390625026e-05
6.6138486573114722e-05
1.0745010361681192e-05
8.4878939525362927e-06
6.0631544472846809e-05
4.5552782402407301e-05
5.7301348543581609e-05
7.8777465237501066e-05
0.0010986328125
0.0010986328125
0.0010986328125
0.0010986328125
0.0010986328125
0.0010986328125
0.0010986328125
0.0010986328125
0.0010986328125
0.0010986328125
0.0010986328125
0.0010986328125
0.0010986328125
0.0010986328125
0.0010986328125
0.0010986328125
0.0010986328125
0.0010986328125
0.0010986328125
0.0010986328125
0.0010986328125
0.0010986328125
0.0010986328125
0.0010986328125
0.0010986328125
0.0010986328125
0.0010986328125
0.0010986328125
0.0010986328125
0.0010986328125
0.0010986328125
0.0010986328125
0.0010986328125
0.0010986328125
0.0010986328125
0.0010986328125
0.0010986328125
0.0010986328125
0.0010986328125
0.0010986328125
0.0010986328125
0.0010986328125
0.0010986328125
0.0010986328125
0.0010986328125
0.0010986328125
0.0010986328125
0.0010986328125
0.0010986328125
0.0010986328125
0.0010986328125
0.000274658203125
0.000274658203125
0.00015636264691688264
0.00021129428754188342
0.000274658203125
0.000274658203125
0.0002662259281668842
0.000274658203125
4.6499365666883685e-05
0.00010143100629188447
0.00015636264691688525
0.00021129428754188473
0.0002662259281668842
0.000274658203125
0.000274658203125
4.6499365666883685e-05
0.00010143100629188447
0.000274658203125
0.000274658203125
0.00015636264691688525
0.00012730056509428897
4.9659579426345419e-05
3.8902329693581837e-05
0.000274658203125
0.000274658203125
0.00029579986065732689
0.000274658203125
0.00010353911846982741
0.00018593657940732793
0.00026833404034482715
0.000274658203125
0.000274658203125
7.6073298157326372e-05
0.00015847075909482559
0.000274658203125
0.000274658203125
0.00024086822003232611
0.000274658203125
4.8607477844826632e-05
0.00013100493878232715
0.00021340239971982767
0.00029579986065732819
0.000274658203125
0.00010353911846982806
0.000274658203125
0.000274658203125
0.00018593657940732728
0.0002683340403448265
7.6073298157326372e-05
0.00015847075909482754
0.00024086822003232806
0.000274658203125
4.8607477844827933e-05
0.000274658203125
0.000274658203125
0.00013100493878232845
0.00021340239971982832
0.000274658203125
0.000274658203125
0.00029579986065732754
0.000274658203125
0.00010353911846982741
0.00018593657940732793
0.0002683340403448278
0.000274658203125
0.000274658203125
7.6073298157327022e-05
0.00015847075909482754
0.000274658203125
0.000274658203125
0.00024086822003232806
0.000274658203125
4.8607477844827933e-05
0.00013100493878232845
0.00021340239971982832
0.00029579986065732819
0.000274658203125
0.00010353911846982871
0.000274658203125
0.000274658203125
0.00018593657940732858
0.0002683340403448278
7.6073298157327673e-05
0.00015847075909482819
0.00024086822003232806
0.000274658203125
4.8607477844828583e-05
0.000274658203125
0.000274658203125
0.0001310049387823291
0.00021340239971982832
0.000274658203125
0.000274658203125
0.00029579986065732754
0.000274658203125
0.00010353911846982741
0.00012027838576735852
4.4813408361018963e-05
2.5217144111486432e-05
0.00029205518462065453
0.000274658203125
0.000274658203125
0.00012039380766752953
0.00022339063383940453
5.1729256886278883e-05
0.00015472608305815388
0.00025772290923002953
0.000274658203125
8.6061532276904534e-05
0.000274658203125
0.000274658203125
0.00018905835844877953
0.00029205518462065453
0.00012039380766752888
0.00022339063383940323
0.000274658203125
0.000274658203125
5.1729256886278883e-05
0.00015472608305815453
0.000274658203125
0.000274658203125
0.00025772290923002953
0.000274658203125
8.6061532276904534e-05
0.00018905835844877953
0.00029205518462065518
0.000274658203125
0.000274658203125
0.00012039380766753018
0.00022339063383940453
5.1729256886279534e-05
0.00015472608305815453
0.00025772290923003018
0.000274658203125
8.6061532276905835e-05
0.000274658203125
0.000274658203125
0.00018905835844878083
0.00029205518462065583
0.00012039380766753018
0.00022339063383940453
0.000274658203125
0.000274658203125
5.1729256886280184e-05
0.00015472608305815583
0.000274658203125
0.000274658203125
0.00025772290923003083
0.000274658203125
8.6061532276905184e-05
0.00018905835844877986
0.00029205518462065486
0.000274658203125
0.000274658203125
0.00011880109676095426
0.0002099101700245346
0.000274658203125
0.000274658203125
0.00029917408604015973
0.000274658203125
0.00011377979893078421
0.00020304371494640934
0.00029230763096203447
0.000274658203125
0.000274658203125
0.00010691334385265895
0.00019617725986828408
0.000274658203125
0.000274658203125
0.00028544117588390921
0.000274658203125
0.00010004688877453434
0.00018931080479015947
0.00027857472080578395
0.000274658203125
0.000274658203125
9.318043369640908e-05
0.00018244434971203388
0.000274658203125
0.000274658203125
0.00027170826572765771
0.000274658203125
8.6313978618282193e-05
0.00017557789463390765
0.00025994992293613804
0.000274658203125
0.000274658203125
2.7801513671874174e-05
1.4532125686844026e-05
3.6489370504977402e-05
8.0344514610514834e-06
0.000274658203125
6.3613891601561369e-05
0.000274658203125
7.963562011718741e-05
0.000274658203125
5.1463705736214739e-05
0.00019671250503741655
0.0001373291015625
0.00011437798103433301
1.12736207931161e-05
2.2791795082646748e-06
0.000274658203125
0.00021556091308593244
0.000274658203125
0.00023158264160155588
0.000274658203125
5.7157276207844514e-05
4.6653429317858406e-05
5.6648361368522891e-05
4.2419433593750451e-05
1.6940020529689955e-05
0.00010277333697640731
0.000274658203125
0.000274658203125
7.0768128223985002e-05
0.0001373291015625
6.3149842810349886e-05
2.7232750140527195e-05
1.1802505600857281e-05
0.00024654345105182068
0.000274658203125
0.000274658203125
4.1015624999998085e-05
2.4114698906126027e-05
4.1521091180369032e-05
2.1515301871704848e-05
0.000274658203125
6.4401213397566161e-05
0.0002441774829501478
0.000274658203125
0.000274658203125
0.0001089782714843758
9.4246490933046079e-05
9.1413399790913469e-06
2.038549655906019e-07
0.000274658203125
7.282097120374252e-05
5.8311340057447361e-05
7.162101760448235e-05
3.1600952148437902e-05
9.2103909587845943e-06
4.5031127929688134e-05
0.000274658203125
0.000274658203125
0.00022125244140625011
0.00027109781901041665
0.000274658203125
0.00027375293356995544
0.000274658203125
0.000274658203125
5.3801506877578805e-05
0.00019022533888503421
0.00027375293356995538
5.3801506877578723e-05
0.000274658203125
0.00013924975682998915
0.000274658203125
8.3757070844379684e-05
1.172035369001906e-05
1.0227949041456745e-05
0.000274658203125
0.00023617869247000937
9.7190917259576816e-05
5.8206384211192041e-05
1.0458166570057959e-05
3.1857267472852684e-06
0.00011049721706148184
0.00024782631862398184
0.000274658203125
7.8108479158285957e-05
0.00016021728515625
5.6358920953816197e-05
5.5487109600384452e-05
0.000274658203125
8.2693256669799133e-05
0.000274658203125
0.00022002235823229913
0.000274658203125
0.0002866055611319148
0.000274658203125
0.00013044147431093387
4.3886662032554319e-05
3.8086245296059968e-05
0.000274658203125
0.00027396731665422635
0.000274658203125
0.000274658203125
5.5580182748891391e-05
0.00019221839784061773
0.00020564820910836255
4.4421797119329962e-05
2.4242753661920038e-05
1.711832665984678e-05
0.00016563556542893015
0.00026872801367173657
3.423665331969356e-05
0.000274658203125
0.00010093477815735666
0.00025177001953125
9.1552734375e-05
2.7400565949492411e-05
1.4395395553845267e-05
0.0002163543744476068
0.000274658203125
7.9025272885106801e-05
0.000274658203125
0.0002163543744476068
7.9025272885106801e-05
0.0002163543744476068
0.000274658203125
7.9025272885106801e-05
0.000274658203125
0.0002163543744476068
7.9025272885106801e-05
0.0002163543744476068
0.000274658203125
7.9025272885106801e-05
0.000274658203125
0.0002163543744476068
0.00018275389208877694
7.9025272885106801e-05
6.866455078125e-05
0.0002159635448226693
0.0001373291015625
6.60743702552858e-05
2.5901805259642002e-06
1.9541481246874172e-07
0.00026872801367173657
3.0517578125000217e-05
3.423665331969356e-05
0.000274658203125
0.0001373291015625
4.8485507323840077e-05
3.6738958414959903e-05
2.4242753661920038e-05
1.4355742350386639e-05
0.000274658203125
0.000274658203125
0.00019560148410621106
0.00027396731665422635
0.0001373291015625
6.5626907751044754e-05
3.5444926310151123e-05
2.3690678233623901e-05
5.5580182748891391e-05
0.000274658203125
6.3116504131634248e-05
0.00022002235823229913
0.0001136829438087671
0.000274658203125
6.5157374309112717e-05
7.0143529442752168e-06
7.2171727253387283e-05
6.6560811237568603e-06
0.000274658203125
0.000274658203125
0.00024782631862398184
2.9382615352648381e-05
9.8919214987242262e-05
6.6692700327615918e-05
5.6234533757557959e-05
1.0758495346125343e-05
0.00010216693820337447
0.000274658203125
0.000274658203125
0.000274658203125
0.00023617869247000937
0.000274658203125
1.5092520063129684e-05
8.0503276763179647e-05
6.7910736952743744e-06
5.33495994231711e-06
0.000274658203125
0.000274658203125
6.0631544472846809e-05
4.5552782402407301e-05
0.000274658203125
6.3629150390625026e-05
6.6138486573114722e-05
1.0745010361681192e-05
8.4878939525362927e-06
5.7301348543581609e-05
0.0002430725097656251
0.0001373291015625
2.7639927186792967e-05
9.6114613380717862e-05
8.6143733704780737e-06
0.00024571330744834179
7.8777465237501066e-05
8.6444733775030078e-05
4.2114257812500403e-05
3.940532453745902e-05
2.4693811912571634e-05
0.00013115339835731107
0.000274658203125
0.00020004272460937488
0.000274658203125
0.0001373291015625
5.0121196292919727e-05
4.0248656465510313e-05
1.7107219680385625e-05
0.000274658203125
0.000274658203125
0.00018127805399442785
2.7686494387451536e-05
0.000274658203125
4.8065185546874545e-05
0.000274658203125
6.179809570312474e-05
0.000274658203125
9.1914233614691192e-05
4.6802626056391946e-05
3.7600306736277483e-05
1.6340156728263068e-05
0.0002662259281668842
4.6499365666883685e-05
0.0002662259281668829
0.00021129428754188212
4.6499365666883685e-05
0.00010143100629188316
0.000274658203125
0.000274658203125
0.00015636264691688394
0.00021129428754188473
0.000274658203125
0.000274658203125
0.000274658203125
0.000274658203125
0.000274658203125
0.00010143100629188316
0.00015636264691688264
0.0002662259281668829
0.00021129428754188212
4.6499365666883685e-05
0.00010143100629188316
0.000274658203125
0.000274658203125
0.00015636264691688394
0.00021129428754188342
0.000274658203125
0.000274658203125
0.0002662259281668816
4.6499365666882383e-05
0.00010143100629188316
0.00015636264691688394
0.000274658203125
0.000274658203125
0.000274658203125
0.0002662259281668842
0.00021129428754188473
4.6499365666883685e-05
0.00010143100629188316
0.000274658203125
0.000274658203125
0.0002662259281668842
4.6499365666883685e-05
0.00010143100629188447
0.00015636264691688525
0.0002662259281668842
0.00021129428754188473
4.6499365666883685e-05
0.00010143100629188447
0.000274658203125
0.000274658203125
0.00015636264691688525
0.00012730056509428897
4.9659579426345419e-05
3.8902329693581837e-05
0.000274658203125
0.000274658203125
0.00029579986065732689
0.00010353911846982741
0.00026833404034482715
0.00018593657940732793
0.000274658203125
0.000274658203125
0.000274658203125
0.00024086822003232611
4.8607477844826632e-05
0.00013100493878232715
0.00021340239971982767
0.00029579986065732819
0.00010353911846982806
0.000274658203125
7.6073298157326372e-05
0.00015847075909482559
0.000274658203125
0.000274658203125
0.000274658203125
0.000274658203125
0.000274658203125
0.0002683340403448265
7.6073298157326372e-05
0.00015847075909482754
0.00018593657940732728
0.000274658203125
0.000274658203125
0.00024086822003232806
4.8607477844827933e-05
0.000274658203125
0.00013100493878232845
0.00021340239971982832
0.000274658203125
0.000274658203125
0.00015636264691688264
0.00021129428754188342
0.000274658203125
0.000274658203125
0.000274658203125
0.000274658203125
0.000274658203125
0.00022339063383940453
5.1729256886278883e-05
0.00015472608305815388
0.00029205518462065453
0.00025772290923002953
8.6061532276904534e-05
0.000274658203125
0.00018905835844877953
0.000274658203125
0.000274658203125
0.00029205518462065583
0.00025772290923002953
8.6061532276904534e-05
0.00029205518462065518
0.00018905835844877953
0.00022339063383940323
0.00012039380766752888
5.1729256886278883e-05
0.00015472608305815453
0.000274658203125
0.000274658203125
0.000274658203125
0.000274658203125
0.000274658203125
0.00022339063383940453
5.1729256886279534e-05
0.00015472608305815453
0.00012039380766753018
0.000274658203125
0.000274658203125
0.00025772290923003018
8.6061532276905835e-05
0.000274658203125
0.00018905835844878083
0.000274658203125
0.000274658203125
0.00022339063383940453
0.00012039380766753018
5.1729256886280184e-05
0.00015472608305815583
0.000274658203125
0.000274658203125
0.00025772290923003083
8.6061532276905184e-05
0.00029205518462065486
0.00018905835844877986
0.000274658203125
0.000274658203125
0.000274658203125
0.00029917408604015973
0.00011377979893078421
0.00029230763096203447
0.00020304371494640934
0.00010691334385265895
0.00019617725986828408
0.000274658203125
0.000274658203125
0.00011880109676095426
0.0002099101700245346
0.000274658203125
0.000274658203125
0.000274658203125
0.000274658203125
0.000274658203125
0.00029579986065732754
0.00010353911846982741
0.0002683340403448278
0.00018593657940732793
0.00024086822003232806
4.8607477844827933e-05
7.6073298157327022e-05
0.00015847075909482754
0.000274658203125
0.000274658203125
0.000274658203125
0.000274658203125
0.000274658203125
0.0002683340403448278
7.6073298157327673e-05
0.00015847075909482819
0.00013100493878232845
0.00021340239971982832
0.00029579986065732819
0.00010353911846982871
0.000274658203125
0.00018593657940732858
0.000274658203125
0.000274658203125
0.000274658203125
0.000274658203125
0.000274658203125
0.00024086822003232806
4.8607477844828583e-05
0.000274658203125
0.0001310049387823291
0.00021340239971982832
0.000274658203125
0.000274658203125
0.00029579986065732754
0.00010353911846982741
0.00029205518462065453
0.00012027838576735852
4.4813408361018963e-05
2.5217144111486432e-05
0.000274658203125
0.000274658203125
0.000274658203125
0.00012039380766752953
0.000274658203125
0.000274658203125
0.00024654345105182068
0.00010277333697640731
7.0768128223985002e-05
0.0001373291015625
6.3149842810349886e-05
2.7232750140527195e-05
1.1802505600857281e-05
0.000274658203125
0.000274658203125
0.00027170826572765771
8.6313978618282193e-05
5.1463705736214739e-05
0.00019671250503741655
5.7157276207844514e-05
4.6653429317858406e-05
5.6648361368522891e-05
4.2419433593750451e-05
1.6940020529689955e-05
0.00023158264160155588
0.000274658203125
0.00021556091308593244
0.000274658203125
0.0001373291015625
0.00011437798103433301
1.1273620793116101e-05
2.2791795082646748e-06
0.000274658203125
7.963562011718741e-05
0.000274658203125
6.3613891601561369e-05
0.000274658203125
0.00025994992293613798
0.00017557789463390765
2.7801513671874174e-05
1.4532125686844024e-05
3.6489370504977402e-05
8.0344514610514834e-06
0.000274658203125
0.000274658203125
0.000274658203125
4.5031127929688134e-05
7.282097120374252e-05
5.8311340057447361e-05
7.162101760448235e-05
3.1600952148437902e-05
9.2103909587845943e-06
0.0002441774829501478
6.4401213397566161e-05
0.0001089782714843758
9.4246490933046079e-05
9.1413399790913469e-06
2.038549655906019e-07
0.000274658203125
0.000274658203125
0.000274658203125
0.00022125244140625011
0.00027109781901041665
0.000274658203125
0.000274658203125
4.1015624999998085e-05
2.4114698906126027e-05
4.1521091180369032e-05
2.1515301871704848e-05
0.000274658203125
0.000274658203125
0.000274658203125
0.00028544117588390921
0.00010004688877453434
0.00027857472080578395
0.00018931080479015947
0.000274658203125
0.000274658203125
0.000274658203125
9.318043369640908e-05
0.00018244434971203388
0.000274658203125
0.000274658203125
0.000274658203125
0.000274658203125
0.000274658203125
0.00080656576937781881
0.00080656576937781881
0.00080656576937781881
0.00080656576937781881
0.00080656576937781881
0.00080656576937781881
0.00080656576937781881
0.00080656576937781881
0.00080656576937781881
0.00057317267194770748
0.00057317267194771052
0.00057317267194770868
0.00057317267194770868
0.00057317267194770607
0.00057317267194770748
0.00057317267194771052
0.00057317267194770868
0.00057317267194770727
0.00057317267194770922
0.00057317267194770933
0.00057317267194770738
0.00057317267194770868
0.00057317267194770705
0.00057317267194770933
0.00057317267194770922
0.0005731726719477077
0.00057317267194770933
0.00057317267194770781
0.00057317267194770781
0.00057317267194771106
0.00057317267194770976
0.0005731726719477077
0.00057317267194770868
0.00057317267194770868
0.00057317267194770965
0.00057317267194770879
0.0005731726719477077
0.00060419129061573462
0.00060772724440094367
0.00057670862573291589
0.00057670862573291773
0.0005767086257329199
0.00057670862573291795
0.00057670862573291773
0.00057670862573291589
0.00057670862573291773
0.0005767086257329199
0.00057670862573291795
0.00057670862573291773
0.00057670862573291795
0.00057670862573291578
0.00057670862573291773
0.00057670862573292001
0.00057670862573291697
0.0005767086257329186
0.00057670862573291578
0.00057670862573291968
0.0005767086257329186
0.00057670862573291817
0.0005767086257329186
0.00057670862573291817
0.00057670862573291838
0.00057670862573291817
0.00057670862573291838
0.0005767086257329186
0.00057670862573291817
0.00057670862573291838
0.00057670862573291817
0.00057670862573291838
0.00059968188958085247
0.00048718672523718109
0.00046421346138924885
0.00046421346138924484
0.00046421346138924863
0.000464213461389245
0.00046421346138924462
0.00046421346138924885
0.00046421346138924484
0.00046421346138924462
0.00046421346138924885
0.00046421346138924484
0.00046421346138924484
0.00046421346138924885
0.00046421346138924462
0.00046421346138924863
0.00046421346138924413
0.00046421346138924435
0.00046421346138924885
0.00046421346138924462
0.00046421346138924484
0.00046421346138924484
0.00046421346138924484
0.00046421346138924484
0.00046421346138924462
0.00046421346138925275
0.00046421346138924484
0.00046421346138924484
0.00046421346138924484
0.00046421346138924462
0.00046421346138925275
0.00046421346138924484
0.00044892995458023217
0.00044696383215796188
0.00046224733896698029
0.00046224733896698842
0.00046224733896698008
0.00046224733896697991
0.0004622473389669881
0.00046224733896698002
0.00046224733896698002
0.00046224733896698002
0.00046224733896698002
0.00046224733896698799
0.00046224733896698008
0.00046224733896698008
0.00046224733896698842
0.00046224733896698029
0.00043392120951669065
0.00066070955814094665
0.00068903568759123043
0.00068903568759122241
0.00068903568759122241
0.00068903568759123043
0.00066070955814094665
0.00043392120951669065
0.00046224733896698035
0.00046224733896698842
0.00046224733896698013
0.00046224733896698008
0.00046224733896698799
0.00046224733896698008
0.00046224733896698008
0.00046224733896698008
0.00046224733896698008
0.0004622473389669881
0.00046224733896697997
0.00046224733896698008
0.00046224733896698842
0.00046224733896698035
0.00044696383215796182
0.00044892995458023217
0.00046421346138924484
0.00046421346138925275
0.00046421346138924462
0.00046421346138924484
0.00046421346138924484
0.00046421346138924484
0.00046421346138925275
0.00046421346138924462
0.00046421346138924484
0.00046421346138924484
0.00046421346138924484
0.00046421346138924484
0.00046421346138924462
0.0004642134613892488
0.0004642134613892443
0.00046421346138924408
0.00046421346138924853
0.00046421346138924462
0.0004642134613892488
0.00046421346138924484
0.00046421346138924484
0.0004642134613892488
0.00046421346138924462
0.00046421346138924484
0.0004642134613892488
0.00046421346138924462
0.00046421346138924495
0.00046421346138924858
0.00046421346138924484
0.0004642134613892488
0.00048718672523718104
0.00059968188958085247
0.00057670862573291838
0.00057670862573291817
0.00057670862573291838
0.00057670862573291817
0.00057670862573291849
0.00057670862573291838
0.00057670862573291817
0.00057670862573291838
0.00057670862573291817
0.00057670862573291849
0.00057670862573291817
0.00057670862573291849
0.00057670862573291968
0.00057670862573291567
0.00057670862573291849
0.00057670862573291687
0.00057670862573292001
0.00057670862573291773
0.00057670862573291567
0.00057670862573291795
0.00057670862573291773
0.00057670862573291795
0.00057670862573291979
0.00057670862573291773
0.00057670862573291578
0.00057670862573291773
0.00057670862573291795
0.00057670862573291979
0.00057670862573291773
0.00057670862573291578
0.00060772724440094367
0.00060419129061573462
0.00057317267194770759
0.00057317267194770879
0.00057317267194770965
0.00057317267194770868
0.00057317267194770868
0.00057317267194770759
0.00057317267194770976
0.00057317267194771095
0.00057317267194770781
0.00057317267194770781
0.00057317267194770933
0.0005731726719477077
0.00057317267194770911
0.00057317267194770933
0.00057317267194770705
0.00057317267194770868
0.00057317267194770738
0.00057317267194770933
0.00057317267194770922
0.00057317267194770727
0.00057317267194770868
0.00057317267194771052
0.00057317267194770738
0.00057317267194770607
0.00057317267194770868
0.00057317267194770868
0.00057317267194771052
0.00057317267194770738
0.00080656576937781881
0.00080656576937781881
0.00080656576937781881
0.00080656576937781881
0.00080656576937781881
0.00080656576937781881
0.00080656576937781881
0.00080656576937781881
0.00080656576937781881
0.0011695203655978335
0.0011695203655978335
0.0011695203655978335
0.0011695203655978335
0.0011695203655978335
0.0011695203655978335
0.0011695203655978335
0.00083110037432417429
0.00083110037432417754
0.00083110037432418339
0.00083110037432417537
0.00083110037432417429
0.00083110037432417396
0.00083110037432417754
0.00083110037432418188
0.00083110037432417862
0.00083110037432417786
0.00083110037432417309
0.00083110037432417754
0.00083110037432418122
0.00083110037432417884
0.00083110037432417776
0.00083110037432417407
0.00083110037432417472
0.00083110037432417776
0.00083110037432417743
0.00083110037432417884
0.00083110037432417537
0.0008311003743241745
0.00083110037432417678
0.00083110037432417667
0.00083110037432417906
0.00083110037432417624
0.0008311003743241745
0.00089064082445294303
0.00089576795744149675
0.00083622750731272822
0.00083622750731273082
0.00083622750731273407
0.00083622750731273125
0.00083622750731273082
0.00083622750731272822
0.00083622750731273082
0.00083622750731273407
0.00083622750731273125
0.00083622750731273082
0.00083622750731273125
0.00083622750731272627
0.00083622750731273212
0.00083622750731273429
0.00083622750731272919
0.00083622750731273082
0.000836227507312728
0.00083622750731273386
0.00083622750731273082
0.00083622750731273039
0.00083622750731273082
0.00083622750731273039
0.0008362275073127306
0.00083622750731273039
0.0008362275073127306
0.00083622750731273082
0.00083622750731273039
0.0008362275073127306
0.00083622750731273039
0.0008362275073127306
0.0008803248439824301
0.00071720685568410524
0.00067310951901441009
0.00067310951901440434
0.00067310951901440987
0.00067310951901440466
0.00067310951901440412
0.00067310951901441009
0.00067310951901440434
0.00067310951901440412
0.00067310951901441009
0.00067310951901440434
0.00067310951901440434
0.00067310951901441009
0.00067310951901440412
0.00067310951901441095
0.00067310951901440575
0.00067310951901440499
0.00067310951901441009
0.00067310951901440412
0.00067310951901440434
0.00067310951901440434
0.00067310951901440434
0.00067310951901440434
0.00067310951901440445
0.00067310951901441659
0.00067310951901440477
0.00067310951901440434
0.00067310951901440434
0.00067310951901440445
0.00067310951901441659
0.0006731095190144051
0.00064377272343708197
0.00064092184592479205
0.00067025864150212059
0.00067025864150213241
0.00067025864150212081
0.00067025864150212059
0.00067025864150213241
0.0006702586415021207
0.0006702586415021207
0.0006702586415021207
0.0006702586415021207
0.0006702586415021323
0.00067025864150212081
0.0006702586415021207
0.00067025864150213241
0.0006702586415021207
0.00061588644279378954
0.00094472954829895209
0.00099910174700728791
0.00099910174700728791
0.00094472954829895209
0.00061588644279378965
0.0006702586415021207
0.00067025864150213241
0.0006702586415021207
0.00067025864150212081
0.0006702586415021323
0.0006702586415021207
0.0006702586415021207
0.0006702586415021207
0.0006702586415021207
0.00067025864150213241
0.00067025864150212059
0.00067025864150212081
0.00067025864150213241
0.00067025864150212059
0.00064092184592479205
0.00064377272343708197
0.0006731095190144051
0.0006731095190144167
0.00067310951901440445
0.00067310951901440445
0.00067310951901440445
0.00067310951901440488
0.0006731095190144167
0.00067310951901440445
0.00067310951901440445
0.00067310951901440445
0.00067310951901440445
0.00067310951901440445
0.00067310951901440412
0.00067310951901441019
0.00067310951901440499
0.00067310951901440575
0.00067310951901441106
0.00067310951901440412
0.00067310951901441019
0.00067310951901440445
0.00067310951901440445
0.00067310951901441019
0.00067310951901440412
0.00067310951901440445
0.00067310951901441019
0.00067310951901440412
0.00067310951901440466
0.00067310951901440987
0.00067310951901440445
0.00067310951901441019
0.00071720685568410524
0.0008803248439824301
0.0008362275073127306
0.00083622750731273039
0.0008362275073127306
0.00083622750731273039
0.00083622750731273082
0.0008362275073127306
0.00083622750731273039
0.0008362275073127306
0.00083622750731273039
0.00083622750731273082
0.00083622750731273039
0.00083622750731273082
0.00083622750731273386
0.000836227507312728
0.00083622750731273082
0.00083622750731272909
0.00083622750731273429
0.00083622750731273212
0.00083622750731272627
0.00083622750731273125
0.00083622750731273082
0.00083622750731273125
0.00083622750731273407
0.00083622750731273082
0.00083622750731272811
0.00083622750731273082
0.00083622750731273125
0.00083622750731273407
0.00083622750731273082
0.00083622750731272811
0.00089576795744149675
0.00089064082445294314
0.00083110037432417461
0.00083110037432417613
0.00083110037432417906
0.00083110037432417667
0.00083110037432417689
0.00083110037432417461
0.00083110037432417537
0.00083110037432417884
0.00083110037432417754
0.00083110037432417776
0.00083110037432417472
0.00083110037432417407
0.00083110037432417776
0.00083110037432417884
0.00083110037432418112
0.00083110037432417743
0.00083110037432417298
0.00083110037432417786
0.00083110037432417862
0.00083110037432418177
0.00083110037432417754
0.00083110037432417407
0.00083110037432417418
0.00083110037432417537
0.00083110037432418339
0.00083110037432417754
0.00083110037432417429
0.0011695203655978335
0.0011695203655978335
0.0011695203655978335
0.0011695203655978335
0.0011695203655978335
0.0011695203655978335
0.0011695203655978335
0.0016958045301168623
0.0016958045301168623
0.0016958045301168623
0.0016958045301168623
0.0016958045301168623
0.0012050955427700565
0.0012050955427700639
0.0012050955427700544
0.0012050955427700563
0.0012050955427700585
0.0012050955427700565
0.0012050955427700561
0.0012050955427700587
0.0012050955427700639
0.0012050955427700526
0.0012050955427700565
0.0012050955427700552
0.0012050955427700591
0.0012050955427700635
0.0012050955427700552
0.0012050955427700544
0.001205095542770057
0.0012050955427700578
0.0012050955427700648
0.0012050955427700591
0.0012050955427700529
0.001205095542770057
0.001205095542770057
0.0012050955427700613
0.0012050955427700591
0.0012050955427700529
0.0013220488555156882
0.0013294831983490952
0.0012125298856034564
0.0012125298856034568
0.0012125298856034664
0.0012125298856034616
0.001212529885603461
0.0012125298856034564
0.0012125298856034568
0.0012125298856034655
0.0012125298856034607
0.001212529885603461
0.0012125298856034616
0.0012125298856034525
0.0012125298856034646
0.0012125298856034642
0.0012125298856034581
0.0012125298856034575
0.0012125298856034605
0.0012125298856034605
0.0012125298856034612
0.0012125298856034605
0.0012125298856034612
0.0012125298856034605
0.0012125298856034601
0.0012125298856034588
0.0012125298856034638
0.0012125298856034564
0.0012125298856034605
0.0012125298856034601
0.0012125298856034588
0.0012125298856034644
0.0012991488076241576
0.0010626277245915847
0.00097600880257089505
0.00097600880257088681
0.00097600880257089472
0.0009760088025708919
0.0009760088025708828
0.00097600880257089505
0.00097600880257088681
0.00097600880257088648
0.00097600880257089505
0.00097600880257089147
0.00097600880257088323
0.00097600880257089505
0.00097600880257088648
0.00097600880257089938
0.00097600880257088171
0.00097600880257088583
0.00097600880257089505
0.00097600880257088648
0.00097600880257088681
0.00097600880257088681
0.00097600880257088681
0.00097600880257088681
0.00097600880257088605
0.00097600880257090285
0.00097600880257088648
0.00097600880257088681
0.00097600880257088681
0.00097600880257088605
0.00097600880257090285
0.00097600880257088605
0.00091838351722807921
0.00091424974483525143
0.00097187503017807475
0.00097187503017809177
0.0009718750301780754
0.00097187503017807497
0.0009718750301780922
0.00097187503017807497
0.00097187503017807475
0.00097187503017807497
0.00097187503017807475
0.00097187503017809177
0.00097187503017807464
0.00097187503017807453
0.0009718750301780922
0.00097187503017808418
0.00086507354066210824
0.0013418960436445983
0.0013418960436445983
0.00086507354066210824
0.00097187503017808418
0.0009718750301780922
0.00097187503017807431
0.00097187503017807475
0.00097187503017809188
0.00097187503017807475
0.00097187503017807497
0.00097187503017807475
0.00097187503017807497
0.0009718750301780922
0.00097187503017807507
0.0009718750301780754
0.00097187503017809177
0.00097187503017807475
0.00091424974483525143
0.00091838351722807921
0.00097600880257088605
0.00097600880257090275
0.00097600880257088594
0.00097600880257088681
0.00097600880257088681
0.00097600880257088659
0.00097600880257090275
0.00097600880257088594
0.00097600880257088681
0.00097600880257088681
0.00097600880257088681
0.00097600880257088681
0.00097600880257088637
0.00097600880257089516
0.00097600880257088583
0.00097600880257088171
0.00097600880257089938
0.00097600880257088637
0.00097600880257089516
0.00097600880257088312
0.00097600880257089147
0.00097600880257089516
0.00097600880257088637
0.00097600880257088681
0.00097600880257089516
0.00097600880257088258
0.0009760088025708919
0.00097600880257089472
0.00097600880257088681
0.00097600880257089516
0.0010626277245915847
0.0012991488076241576
0.0012125298856034646
0.0012125298856034588
0.0012125298856034601
0.0012125298856034605
0.0012125298856034564
0.0012125298856034638
0.0012125298856034588
0.0012125298856034601
0.0012125298856034605
0.0012125298856034612
0.0012125298856034605
0.0012125298856034612
0.0012125298856034605
0.0012125298856034605
0.0012125298856034575
0.0012125298856034581
0.0012125298856034642
0.0012125298856034646
0.0012125298856034525
0.0012125298856034616
0.001212529885603461
0.0012125298856034607
0.0012125298856034657
0.0012125298856034568
0.0012125298856034564
0.001212529885603461
0.0012125298856034616
0.0012125298856034664
0.0012125298856034568
0.0012125298856034564
0.0013294831983490952
0.0013220488555156882
0.0012050955427700529
0.0012050955427700591
0.0012050955427700613
0.0012050955427700572
0.0012050955427700572
0.0012050955427700529
0.0012050955427700591
0.0012050955427700648
0.0012050955427700581
0.0012050955427700572
0.0012050955427700544
0.0012050955427700552
0.0012050955427700635
0.0012050955427700589
0.0012050955427700552
0.0012050955427700565
0.0012050955427700526
0.0012050955427700639
0.0012050955427700587
0.0012050955427700561
0.0012050955427700568
0.0012050955427700587
0.0012050955427700563
0.0012050955427700542
0.0012050955427700639
0.0012050955427700568
0.0016958045301168623
0.0016958045301168623
0.0016958045301168623
0.0016958045301168623
0.0016958045301168623
0.000602330085889909
0.00053033008588990963
0.00053033008588990963
0.00053033008588990963
0.00053033008588990963
0.00053033008588990963
0.00053033008588990963
0.00053033008588991017
0.0005303300858899105
0.0005303300858899105
0.0005303300858899105
0.0005303300858899105
0.0005303300858899105
0.0005303300858899105
0.0005303300858899105
0.00056444938307679605
0.00041098963297891782
0.00037687033579203341
0.00037687033579203411
0.00037687033579203368
0.0003768703357920339
0.0003768703357920339
0.00037687033579203433
0.0003768703357920339
0.00037687033579203401
0.00037687033579203401
0.00037687033579203401
0.00037687033579203401
0.00037687033579203411
0.00037687033579203401
0.00037687033579203395
0.00037687033579203401
0.00037687033579203401
0.00037687033579203411
0.00037687033579203411
0.0003768703357920339
0.00037687033579203401
0.00037687033579203401
0.00037687033579203401
0.00037687033579203417
0.00037687033579203411
0.00037687033579203368
0.0003768703357920339
0.0003768703357920339
0.00037687033579203433
0.00037687033579203411
0.00037687033579203368
0.0003786426602535839
0.000380967607264488
0.00037919528280293876
0.00037919528280293865
0.00037919528280293876
0.00037919528280293876
0.00037919528280293876
0.00037919528280293876
0.00037919528280293865
0.00037919528280293876
0.00037919528280293876
0.00037919528280293876
0.00037919528280293876
0.00037919528280293876
0.00037919528280293865
0.00037919528280293876
0.00037919528280293789
0.00037919528280293827
0.00037919528280293827
0.00037919528280293816
0.00037919528280293827
0.00037919528280293827
0.00037919528280293827
0.00037919528280293827
0.00037919528280293827
0.00037919528280293816
0.00037919528280293827
0.00037919528280293827
0.00037919528280293827
0.00037919528280293827
0.00037919528280293816
0.00037919528280293827
0.00038050791628655909
0.00030654051966048983
0.0003052278861768708
0.00030522788617686863
0.00030522788617687118
0.00030522788617686863
0.00030522788617686863
0.00030522788617687118
0.00030522788617686863
0.00030522788617686858
0.00030522788617687123
0.00030522788617686863
0.00030522788617686858
0.00030522788617687123
0.00030522788617686858
0.00030522788617687123
0.00030522788617686863
0.00030522788617686858
0.00030522788617687123
0.00030522788617686858
0.00030522788617687123
0.00030522788617686858
0.00030522788617686863
0.00030522788617686863
0.00030522788617686858
0.00030522788617687389
0.00030522788617686858
0.00030522788617686863
0.00030522788617686847
0.00030522788617686847
0.00030522788617687389
0.00030522788617686847
0.0003043546257243049
0.00030306186831671853
0.00030393512876928031
0.00030393512876928578
0.00030393512876928047
0.00030393512876928047
0.00030393512876928578
0.00030393512876928031
0.00030393512876928031
0.00030393512876928031
0.00030393512876928042
0.00030393512876928589
0.00030393512876928047
0.00030393512876928036
0.00030393512876928578
0.00030393512876928053
0.00030231664624873347
0.00045143366679562062
0.00045305214931617006
0.0004530521493161648
0.00045305214931617001
0.00045305214931617001
0.00045305214931616475
0.00045305214931617001
0.00045305214931617001
0.00045305214931616475
0.00045305214931617001
0.00045305214931617001
0.0004530521493161648
0.00045305214931617012
0.00045143366679562067
0.00030231664624873352
0.00030393512876928053
0.00030393512876928578
0.00030393512876928036
0.00030393512876928053
0.00030393512876928589
0.00030393512876928042
0.00030393512876928031
0.00030393512876928031
0.00030393512876928031
0.00030393512876928578
0.00030393512876928047
0.00030393512876928053
0.00030393512876928578
0.00030393512876928031
0.00030306186831671853
0.0003043546257243049
0.00030522788617686841
0.00030522788617687389
0.00030522788617686841
0.00030522788617686841
0.00030522788617686869
0.00030522788617686858
0.00030522788617687389
0.00030522788617686858
0.00030522788617686869
0.00030522788617686869
0.00030522788617686858
0.00030522788617687123
0.00030522788617686858
0.00030522788617687123
0.00030522788617686858
0.00030522788617686869
0.00030522788617687123
0.00030522788617686858
0.00030522788617687123
0.00030522788617686858
0.00030522788617686869
0.00030522788617687123
0.00030522788617686858
0.00030522788617686869
0.00030522788617687118
0.00030522788617686869
0.00030522788617686869
0.00030522788617687118
0.00030522788617686869
0.00030522788617687085
0.00030654051966048977
0.00038050791628655909
0.00037919528280293827
0.00037919528280293816
0.00037919528280293827
0.00037919528280293827
0.00037919528280293827
0.00037919528280293827
0.00037919528280293816
0.00037919528280293827
0.00037919528280293827
0.00037919528280293827
0.00037919528280293827
0.00037919528280293827
0.00037919528280293816
0.00037919528280293827
0.00037919528280293827
0.00037919528280293789
0.00037919528280293876
0.0003791952828029387
0.00037919528280293876
0.00037919528280293876
0.00037919528280293876
0.00037919528280293876
0.00037919528280293876
0.0003791952828029387
0.00037919528280293876
0.00037919528280293876
0.00037919528280293876
0.00037919528280293876
0.0003791952828029387
0.00037919528280293876
0.000380967607264488
0.0003786426602535839
0.00037687033579203368
0.00037687033579203417
0.00037687033579203433
0.0003768703357920339
0.0003768703357920339
0.00037687033579203368
0.00037687033579203417
0.00037687033579203422
0.00037687033579203401
0.00037687033579203401
0.00037687033579203401
0.00037687033579203395
0.00037687033579203411
0.00037687033579203411
0.00037687033579203401
0.00037687033579203401
0.00037687033579203395
0.00037687033579203406
0.00037687033579203411
0.00037687033579203401
0.00037687033579203401
0.00037687033579203401
0.00037687033579203401
0.00037687033579203395
0.00037687033579203433
0.0003768703357920339
0.0003768703357920339
0.00037687033579203368
0.00037687033579203417
0.00037687033579203346
0.00041098963297891782
0.00056444938307679605
0.0005303300858899105
0.0005303300858899105
0.0005303300858899105
0.0005303300858899105
0.0005303300858899105
0.0005303300858899105
0.0005303300858899105
0.00053033008588991017
0.00053033008588990963
0.00053033008588990963
0.00053033008588990963
0.00053033008588990963
0.00053033008588990963
0.00053033008588990963
0.00060233008588990889
0.00060987959877339872
0.00060987959877339872
0.00060987959877339872
0.00060987959877339872
0.00060987959877339872
0.00060987959877339872
0.0006098795987733984
0.00060987959877339785
0.00060987959877339785
0.00060987959877339785
0.00060987959877339785
0.00060987959877339785
0.00060987959877339785
0.00060987959877339785
0.00073347675283288788
0.0005569980402203306
0.00043340088616083874
0.00043340088616083841
0.00043340088616083722
0.00043340088616083765
0.00043340088616083776
0.00043340088616083798
0.0004334008861608383
0.0004334008861608382
0.00043340088616083836
0.00043340088616083836
0.00043340088616083836
0.00043340088616083868
0.00043340088616083852
0.0004334008861608382
0.00043340088616083841
0.00043340088616083841
0.00043340088616083863
0.00043340088616083852
0.00043340088616083809
0.00043340088616083836
0.00043340088616083836
0.00043340088616083836
0.00043340088616083874
0.00043340088616083841
0.00043340088616083809
0.00043340088616083852
0.00043340088616083852
0.00043340088616083885
0.00043340088616083841
0.00043340088616083809
0.00043982113152280411
0.00044249482058534315
0.00043607457522337799
0.00043607457522337788
0.00043607457522337799
0.00043607457522337799
0.00043607457522337799
0.00043607457522337799
0.00043607457522337788
0.00043607457522337799
0.00043607457522337799
0.00043607457522337799
0.00043607457522337799
0.00043607457522337799
0.00043607457522337788
0.00043607457522337799
0.0004360745752233775
0.00043607457522337853
0.00043607457522337853
0.00043607457522337842
0.00043607457522337853
0.00043607457522337853
0.00043607457522337853
0.00043607457522337853
0.00043607457522337853
0.00043607457522337842
0.00043607457522337853
0.00043607457522337853
0.00043607457522337853
0.00043607457522337853
0.00043607457522337842
0.00043607457522337853
0.0004408295900177971
0.00035576708389781805
0.00035101206910340133
0.0003510120691033984
0.00035101206910340105
0.00035101206910339775
0.00035101206910339802
0.00035101206910340138
0.0003510120691033984
0.00035101206910339834
0.00035101206910340143
0.0003510120691033984
0.00035101206910339834
0.00035101206910340143
0.00035101206910339834
0.00035101206910340143
0.0003510120691033984
0.00035101206910339834
0.00035101206910340143
0.00035101206910339834
0.00035101206910340344
0.00035101206910339937
0.00035101206910339948
0.00035101206910339948
0.00035101206910339937
0.0003510120691034055
0.00035101206910339937
0.00035101206910339948
0.00035101206910339948
0.00035101206910339937
0.0003510120691034055
0.00035101206910339948
0.00034784868311399212
0.00034636201209526675
0.00034952539808467335
0.00034952539808467942
0.00034952539808467319
0.00034952539808467313
0.00034952539808467942
0.00034952539808467335
0.00034952539808467313
0.00034952539808467313
0.00034952539808467313
0.00034952539808467921
0.00034952539808467319
0.00034952539808467324
0.00034952539808467942
0.00034952539808467324
0.00034366244515398518
0.00051514701878290717
0.00052100997171359567
0.0005210099717135897
0.00052100997171359588
0.00052100997171359567
0.0005210099717135896
0.0005210099717135896
0.00052100997171359578
0.00052100997171359588
0.0005210099717135897
0.00052100997171359567
0.00051514701878290739
0.00034366244515398518
0.00034952539808467324
0.00034952539808467942
0.00034952539808467324
0.00034952539808467319
0.00034952539808467921
0.00034952539808467313
0.00034952539808467313
0.00034952539808467313
0.00034952539808467335
0.00034952539808467942
0.00034952539808467313
0.00034952539808467319
0.00034952539808467937
0.0003495253980846733
0.00034636201209526675
0.00034784868311399212
0.00035101206910339948
0.00035101206910340545
0.00035101206910339937
0.00035101206910339948
0.00035101206910339948
0.00035101206910339937
0.00035101206910340545
0.00035101206910339937
0.00035101206910339948
0.00035101206910339948
0.00035101206910339937
0.00035101206910340344
0.00035101206910339834
0.00035101206910340143
0.00035101206910339834
0.0003510120691033984
0.00035101206910340143
0.00035101206910339834
0.00035101206910340143
0.00035101206910339834
0.0003510120691033984
0.00035101206910340143
0.00035101206910339834
0.0003510120691033984
0.00035101206910340138
0.00035101206910339807
0.00035101206910339775
0.00035101206910340105
0.0003510120691033984
0.00035101206910340127
0.00035576708389781805
0.0004408295900177971
0.00043607457522337853
0.00043607457522337842
0.00043607457522337853
0.00043607457522337853
0.00043607457522337853
0.00043607457522337853
0.00043607457522337842
0.00043607457522337853
0.00043607457522337853
0.00043607457522337853
0.00043607457522337853
0.00043607457522337853
0.00043607457522337842
0.00043607457522337853
0.00043607457522337853
0.0004360745752233775
0.00043607457522337799
0.00043607457522337788
0.00043607457522337799
0.00043607457522337799
0.00043607457522337799
0.00043607457522337799
0.00043607457522337799
0.00043607457522337788
0.00043607457522337799
0.00043607457522337799
0.00043607457522337799
0.00043607457522337799
0.00043607457522337788
0.00043607457522337799
0.00044249482058534315
0.00043982113152280417
0.00043340088616083809
0.00043340088616083847
0.00043340088616083885
0.00043340088616083857
0.00043340088616083857
0.00043340088616083809
0.00043340088616083847
0.00043340088616083874
0.00043340088616083841
0.00043340088616083841
0.00043340088616083841
0.00043340088616083814
0.00043340088616083852
0.00043340088616083863
0.00043340088616083841
0.00043340088616083841
0.0004334008861608382
0.00043340088616083847
0.00043340088616083868
0.00043340088616083841
0.00043340088616083841
0.00043340088616083841
0.00043340088616083825
0.0004334008861608383
0.00043340088616083798
0.00043340088616083776
0.00043340088616083765
0.00043340088616083722
0.00043340088616083847
0.00043340088616083879
0.00055699804022033071
0.00073347675283288777
0.00060987959877339785
0.00060987959877339785
0.00060987959877339785
0.00060987959877339785
0.00060987959877339785
0.00060987959877339785
0.00060987959877339785
0.0006098795987733984
0.00060987959877339872
0.00060987959877339872
0.00060987959877339872
0.00060987959877339872
0.00060987959877339872
0.00060987959877339872
0.00070136153858940675
0.00070136153858940675
0.00070136153858940675
0.00070136153858940675
0.00070136153858940675
0.00070136153858940675
0.00070136153858940675
0.00070136153858940675
0.00070136153858940675
0.00070136153858940675
0.00070136153858940675
0.00070136153858940675
0.00070136153858940675
0.00049841101908496444
0.00049841101908496455
0.00049841101908496455
0.00049841101908496444
0.00049841101908496455
0.00049841101908496444
0.00049841101908496487
0.00049841101908496303
0.00049841101908496357
0.00049841101908496368
0.00049841101908496368
0.00049841101908496411
0.00049841101908496303
0.00049841101908496238
0.00049841101908496281
0.0004984110190849627
0.00049841101908496325
0.00049841101908496292
0.00049841101908496227
0.00049841101908496281
0.00049841101908496281
0.00049841101908496281
0.00049841101908496325
0.00049841101908496281
0.00049841101908496281
0.00049841101908496281
0.00049841101908496281
0.00049841101908496281
0.00049841101908496281
0.00049841101908496281
0.0005115895917769623
0.00051466433419888305
0.00050148576150688498
0.00050148576150688584
0.00050148576150688519
0.00050148576150688432
0.00050148576150688432
0.00050148576150688498
0.00050148576150688584
0.00050148576150688519
0.00050148576150688432
0.00050148576150688432
0.00050148576150688432
0.00050148576150688432
0.00050148576150688411
0.00050148576150688432
0.00050148576150688541
0.00050148576150688476
0.00050148576150688476
0.00050148576150688465
0.00050148576150688476
0.00050148576150688476
0.00050148576150688476
0.00050148576150688476
0.00050148576150688563
0.00050148576150688638
0.00050148576150688563
0.00050148576150688476
0.00050148576150688476
0.00050148576150688563
0.00050148576150688638
0.00050148576150688563
0.00051124618413668304
0.00041342430209870512
0.00040366387946891183
0.00040366387946890771
0.00040366387946891183
0.00040366387946891139
0.00040366387946890754
0.0004036638794689115
0.00040366387946890998
0.00040366387946890673
0.0004036638794689141
0.0004036638794689095
0.00040366387946890717
0.00040366387946891194
0.00040366387946890836
0.0004036638794689141
0.0004036638794689095
0.00040366387946890717
0.00040366387946891194
0.00040366387946890836
0.00040366387946891313
0.00040366387946890706
0.00040366387946890673
0.00040366387946890673
0.00040366387946890689
0.00040366387946891432
0.00040366387946890706
0.00040366387946890673
0.00040366387946890706
0.00040366387946890727
0.00040366387946891432
0.00040366387946890744
0.00039717052760089317
0.00039546085592935673
0.00040195420779737473
0.00040195420779738135
0.00040195420779737441
0.00040195420779737441
0.00040195420779738135
0.00040195420779737462
0.00040195420779737457
0.00040195420779737457
0.00040195420779737473
0.00040195420779738167
0.00040195420779737462
0.00040195420779737452
0.00040195420779738135
0.00040195420779737441
0.0003899195662796869
0.00058712682595294578
0.00059916146747063725
0.00059916146747062771
0.00059916146747063031
0.00059916146747063725
0.00059916146747063725
0.00059916146747063031
0.0005991614674706276
0.00059916146747063714
0.00058712682595294578
0.0003899195662796869
0.00040195420779737446
0.00040195420779738135
0.00040195420779737452
0.00040195420779737462
0.00040195420779738173
0.00040195420779737473
0.00040195420779737462
0.00040195420779737462
0.00040195420779737462
0.00040195420779738135
0.00040195420779737435
0.00040195420779737441
0.00040195420779738146
0.00040195420779737473
0.00039546085592935673
0.00039717052760089317
0.00040366387946890738
0.00040366387946891432
0.00040366387946890727
0.00040366387946890695
0.00040366387946890668
0.00040366387946890695
0.00040366387946891432
0.00040366387946890695
0.00040366387946890668
0.00040366387946890668
0.00040366387946890695
0.00040366387946891313
0.0004036638794689083
0.00040366387946891188
0.00040366387946890711
0.0004036638794689095
0.0004036638794689141
0.0004036638794689083
0.00040366387946891188
0.00040366387946890711
0.0004036638794689095
0.0004036638794689141
0.00040366387946890673
0.00040366387946890998
0.0004036638794689115
0.00040366387946890754
0.00040366387946891139
0.00040366387946891183
0.00040366387946890771
0.00040366387946891183
0.00041342430209870512
0.00051124618413668304
0.00050148576150688563
0.00050148576150688638
0.00050148576150688563
0.00050148576150688476
0.00050148576150688476
0.00050148576150688563
0.00050148576150688638
0.00050148576150688563
0.00050148576150688476
0.00050148576150688476
0.00050148576150688476
0.00050148576150688476
0.00050148576150688465
0.00050148576150688476
0.00050148576150688476
0.00050148576150688541
0.00050148576150688422
0.00050148576150688411
0.00050148576150688422
0.00050148576150688422
0.00050148576150688422
0.00050148576150688422
0.00050148576150688519
0.00050148576150688584
0.00050148576150688498
0.00050148576150688422
0.00050148576150688422
0.00050148576150688519
0.00050148576150688584
0.00050148576150688498
0.00051466433419888305
0.0005115895917769623
0.0004984110190849627
0.00049841101908496281
0.0004984110190849627
0.0004984110190849627
0.0004984110190849627
0.0004984110190849627
0.00049841101908496281
0.00049841101908496325
0.0004984110190849627
0.0004984110190849627
0.0004984110190849627
0.00049841101908496216
0.00049841101908496281
0.00049841101908496325
0.00049841101908496281
0.00049841101908496281
0.00049841101908496238
0.00049841101908496303
0.00049841101908496411
0.00049841101908496368
0.00049841101908496368
0.00049841101908496357
0.00049841101908496303
0.00049841101908496476
0.00049841101908496444
0.00049841101908496455
0.00049841101908496444
0.00049841101908496455
0.00049841101908496455
0.00049841101908496444
0.00070136153858940675
0.00070136153858940675
0.00070136153858940675
0.00070136153858940675
0.00070136153858940675
0.00070136153858940675
0.00070136153858940675
0.00070136153858940675
0.00070136153858940675
0.00070136153858940675
0.00070136153858940675
0.00070136153858940675
0.00070136153858940675
0.00080656576937781881
0.00080656576937781881
0.00080656576937781881
0.00080656576937781881
0.00080656576937781881
0.00080656576937781881
0.00080656576937781881
0.00080656576937781881
0.00080656576937781881
0.00080656576937781881
0.00080656576937781881
0.00057317267194770716
0.00057317267194770824
0.00057317267194770868
0.00057317267194770868
0.00057317267194770922
0.00057317267194770716
0.0005731726719477077
0.00057317267194770868
0.00057317267194770868
0.00057317267194770889
0.00057317267194770933
0.00057317267194771063
0.00057317267194770868
0.00057317267194770954
0.00057317267194770954
0.00057317267194771019
0.00057317267194771052
0.00057317267194770868
0.00057317267194770868
0.00057317267194770868
0.00057317267194770868
0.00057317267194770976
0.00057317267194770889
0.00057317267194770824
0.00057317267194770868
0.00057317267194770868
0.00057317267194770922
0.00057317267194770889
0.00057317267194770824
0.00059599230226379586
0.000599528256049006
0.00057670862573291795
0.00057670862573291773
0.00057670862573292012
0.00057670862573291925
0.00057670862573291925
0.00057670862573291795
0.00057670862573291773
0.00057670862573292012
0.00057670862573291925
0.00057670862573291925
0.00057670862573291925
0.00057670862573291795
0.00057670862573291947
0.00057670862573292012
0.0005767086257329186
0.00057670862573291827
0.00057670862573291817
0.00057670862573291893
0.00057670862573291827
0.00057670862573291817
0.00057670862573291827
0.00057670862573291817
0.00057670862573291817
0.00057670862573291719
0.00057670862573291838
0.00057670862573291827
0.00057670862573291817
0.00057670862573291817
0.00057670862573291719
0.00057670862573291838
0.00059360948755963257
0.00048111432321595806
0.00046421346138924983
0.00046421346138924592
0.00046421346138924961
0.00046421346138924679
0.00046421346138924256
0.00046421346138924983
0.00046421346138924739
0.00046421346138924321
0.00046421346138925134
0.00046421346138924484
0.000464213461389243
0.00046421346138924918
0.00046421346138924538
0.00046421346138925102
0.00046421346138924413
0.00046421346138924256
0.00046421346138924918
0.00046421346138924538
0.00046421346138924739
0.00046421346138924484
0.00046421346138924484
0.00046421346138924484
0.00046421346138924462
0.00046421346138925275
0.00046421346138924484
0.00046421346138924484
0.00046421346138924441
0.00046421346138924435
0.00046421346138925275
0.00046421346138924484
0.00045296976356221726
0.00045100364113994762
0.00046224733896698002
0.00046224733896698842
0.00046224733896698046
0.00046224733896698029
0.00046224733896698842
0.00046224733896698018
0.0004622473389669804
0.0004622473389669804
0.00046224733896698018
0.00046224733896698821
0.00046224733896698029
0.00046224733896698008
0.00046224733896698859
0.00046224733896698062
0.00044140850635295535
0.00066819685497720516
0.00068903568759123347
0.00068903568759122046
0.00068903568759122544
0.00068903568759122544
0.00068903568759122046
0.00068903568759123347
0.00066819685497720516
0.00044140850635295535
0.00046224733896698062
0.00046224733896698853
0.00046224733896698018
0.00046224733896698029
0.00046224733896698821
0.00046224733896698018
0.00046224733896698035
0.00046224733896698035
0.00046224733896698018
0.00046224733896698842
0.00046224733896698035
0.0004622473389669804
0.00046224733896698842
0.00046224733896698008
0.00045100364113994762
0.00045296976356221726
0.00046421346138924484
0.00046421346138925275
0.0004642134613892443
0.00046421346138924441
0.00046421346138924484
0.00046421346138924484
0.00046421346138925275
0.00046421346138924462
0.00046421346138924484
0.00046421346138924484
0.00046421346138924484
0.00046421346138924733
0.00046421346138924538
0.00046421346138924918
0.00046421346138924256
0.00046421346138924408
0.00046421346138925102
0.00046421346138924538
0.00046421346138924918
0.000464213461389243
0.00046421346138924484
0.00046421346138925129
0.00046421346138924321
0.00046421346138924733
0.00046421346138924983
0.00046421346138924256
0.00046421346138924674
0.00046421346138924966
0.00046421346138924587
0.00046421346138924983
0.000481114323215958
0.00059360948755963268
0.00057670862573291827
0.00057670862573291719
0.00057670862573291817
0.00057670862573291817
0.00057670862573291817
0.00057670862573291827
0.00057670862573291719
0.00057670862573291817
0.00057670862573291817
0.00057670862573291817
0.00057670862573291817
0.00057670862573291817
0.00057670862573291893
0.00057670862573291817
0.00057670862573291817
0.0005767086257329186
0.00057670862573292012
0.00057670862573291947
0.00057670862573291795
0.00057670862573291925
0.00057670862573291925
0.00057670862573291925
0.00057670862573292001
0.00057670862573291773
0.00057670862573291784
0.00057670862573291925
0.00057670862573291925
0.00057670862573292001
0.00057670862573291773
0.00057670862573291784
0.000599528256049006
0.00059599230226379586
0.00057317267194770824
0.00057317267194770889
0.00057317267194770933
0.00057317267194770868
0.00057317267194770868
0.00057317267194770824
0.00057317267194770889
0.00057317267194770976
0.00057317267194770868
0.00057317267194770868
0.00057317267194770868
0.00057317267194770868
0.00057317267194771052
0.00057317267194771019
0.00057317267194770954
0.00057317267194770954
0.00057317267194770868
0.00057317267194771063
0.00057317267194770933
0.00057317267194770889
0.00057317267194770868
0.00057317267194770868
0.00057317267194770759
0.00057317267194770716
0.00057317267194770933
0.00057317267194770868
0.00057317267194770868
0.00057317267194770824
0.00057317267194770716
0.00080656576937781881
0.00080656576937781881
0.00080656576937781881
0.00080656576937781881
0.00080656576937781881
0.00080656576937781881
0.00080656576937781881
0.00080656576937781881
0.00080656576937781881
0.00080656576937781881
0.00080656576937781881
