solid sphere_lat24_lon48
facet normal 0.065402528307779331 0.004286708182163531 0.99784975493503592
  outer loop
    vertex 0 0 1
    vertex 0.13052619222005157 0 0.99144486137381038
    vertex 0.12940952255126037 0.017037086855465851 0.99144486137381038
  endloop
endfacet
facet normal 0.19507437488030852 0.012785850036173404 0.98070510873753947
  outer loop
    vertex 0.13052619222005157 0 0.99144486137381038
    vertex 0.25881904510252074 0 0.96592582628906831
    vertex 0.25660481229257065 0.033782664431261822 0.96592582628906831
  endloop
endfacet
facet normal 0.19507437488030854 0.012785850036173274 0.98070510873753969
  outer loop
    vertex 0.13052619222005157 0 0.99144486137381038
    vertex 0.25660481229257065 0.033782664431261822 0.96592582628906831
    vertex 0.12940952255126037 0.017037086855465851 0.99144486137381038
  endloop
endfacet
facet normal 0.32136815015129044 0.021063581399443209 0.94672004183230785
  outer loop
    vertex 0.25881904510252074 0 0.96592582628906831
    vertex 0.38268343236508978 0 0.92387953251128674
    vertex 0.37940952255126037 0.049950211252314816 0.92387953251128674
  endloop
endfacet
facet normal 0.3213681501512905 0.021063581399443095 0.94672004183230785
  outer loop
    vertex 0.25881904510252074 0 0.96592582628906831
    vertex 0.37940952255126037 0.049950211252314816 0.92387953251128674
    vertex 0.25660481229257065 0.033782664431261822 0.96592582628906831
  endloop
endfacet
facet normal 0.44210296424222073 0.028976959197316632 0.89649612650803945
  outer loop
    vertex 0.38268343236508978 0 0.92387953251128674
    vertex 0.49999999999999994 0 0.86602540378443871
    vertex 0.49572243068690514 0.065263096110025773 0.86602540378443871
  endloop
endfacet
facet normal 0.44210296424222073 0.028976959197316784 0.89649612650803956
  outer loop
    vertex 0.38268343236508978 0 0.92387953251128674
    vertex 0.49572243068690514 0.065263096110025773 0.86602540378443871
    vertex 0.37940952255126037 0.049950211252314816 0.92387953251128674
  endloop
endfacet
facet normal 0.55520226164250097 0.03638987879090181 0.83091890421907932
  outer loop
    vertex 0.49999999999999994 0 0.86602540378443871
    vertex 0.60876142900872066 0 0.79335334029123517
    vertex 0.60355339059327373 0.079459311298945554 0.79335334029123517
  endloop
endfacet
facet normal 0.55520226164250097 0.036389878790901567 0.83091890421907921
  outer loop
    vertex 0.49999999999999994 0 0.86602540378443871
    vertex 0.60355339059327373 0.079459311298945554 0.79335334029123517
    vertex 0.49572243068690514 0.065263096110025773 0.86602540378443871
  endloop
endfacet
facet normal 0.6587309770547235 0.043175509299832091 0.75113871905609386
  outer loop
    vertex 0.60876142900872066 0 0.79335334029123517
    vertex 0.70710678118654746 0 0.70710678118654757
    vertex 0.7010573846499778 0.092295955641257241 0.70710678118654757
  endloop
endfacet
facet normal 0.65873097705472339 0.043175509299832215 0.75113871905609397
  outer loop
    vertex 0.60876142900872066 0 0.79335334029123517
    vertex 0.7010573846499778 0.092295955641257241 0.70710678118654757
    vertex 0.60355339059327373 0.079459311298945554 0.79335334029123517
  endloop
endfacet
facet normal 0.75092860553668794 0.049218461133892971 0.65854671244364793
  outer loop
    vertex 0.70710678118654746 0 0.70710678118654757
    vertex 0.79335334029123517 0 0.60876142900872066
    vertex 0.78656609248549303 0.10355339059327374 0.60876142900872066
  endloop
endfacet
facet normal 0.75092860553668805 0.049218461133892943 0.65854671244364793
  outer loop
    vertex 0.70710678118654746 0 0.70710678118654757
    vertex 0.78656609248549303 0.10355339059327374 0.60876142900872066
    vertex 0.7010573846499778 0.092295955641257241 0.70710678118654757
  endloop
endfacet
facet normal 0.83023763743378831 0.054416649716953272 0.55474705372984545
  outer loop
    vertex 0.79335334029123517 0 0.60876142900872066
    vertex 0.8660254037844386 0 0.50000000000000011
    vertex 0.85861643640126084 0.11303899832181541 0.50000000000000011
  endloop
endfacet
facet normal 0.8302376374337882 0.054416649716953203 0.55474705372984545
  outer loop
    vertex 0.79335334029123517 0 0.60876142900872066
    vertex 0.85861643640126084 0.11303899832181541 0.50000000000000011
    vertex 0.78656609248549303 0.10355339059327374 0.60876142900872066
  endloop
endfacet
facet normal 0.89532714025081017 0.058682841124502928 0.44152648401637506
  outer loop
    vertex 0.8660254037844386 0 0.50000000000000011
    vertex 0.92387953251128674 0 0.38268343236508984
    vertex 0.9159756150367534 0.1205904774487396 0.38268343236508984
  endloop
endfacet
facet normal 0.89532714025081006 0.058682841124503123 0.44152648401637518
  outer loop
    vertex 0.8660254037844386 0 0.50000000000000011
    vertex 0.9159756150367534 0.1205904774487396 0.38268343236508984
    vertex 0.85861643640126084 0.11303899832181541 0.50000000000000011
  endloop
endfacet
facet normal 0.94511155923875978 0.061945884339217397 0.32082214388460284
  outer loop
    vertex 0.92387953251128674 0 0.38268343236508984
    vertex 0.96592582628906831 0 0.25881904510252074
    vertex 0.95766219694254862 0.12607862007251908 0.25881904510252074
  endloop
endfacet
facet normal 0.94511155923875956 0.061945884339217862 0.32082214388460317
  outer loop
    vertex 0.92387953251128674 0 0.38268343236508984
    vertex 0.95766219694254862 0.12607862007251908 0.25881904510252074
    vertex 0.9159756150367534 0.1205904774487396 0.38268343236508984
  endloop
endfacet
facet normal 0.97876502113507591 0.064151648767622832 0.19468846746237875
  outer loop
    vertex 0.96592582628906831 0 0.25881904510252074
    vertex 0.99144486137381038 0 0.13052619222005171
    vertex 0.9829629131445341 0.12940952255126037 0.13052619222005171
  endloop
endfacet
facet normal 0.97876502113507613 0.064151648767622665 0.19468846746237861
  outer loop
    vertex 0.96592582628906831 0 0.25881904510252074
    vertex 0.9829629131445341 0.12940952255126037 0.13052619222005171
    vertex 0.95766219694254862 0.12607862007251908 0.25881904510252074
  endloop
endfacet
facet normal 0.9957315404769107 0.065263693197208511 0.065263693197208469
  outer loop
    vertex 0.99144486137381038 0 0.13052619222005171
    vertex 1 0 6.123233995736766e-17
    vertex 0.99144486137381038 0.13052619222005157 6.123233995736766e-17
  endloop
endfacet
facet normal 0.99573154047691059 0.065263693197208372 0.065263693197208331
  outer loop
    vertex 0.99144486137381038 0 0.13052619222005171
    vertex 0.99144486137381038 0.13052619222005157 6.123233995736766e-17
    vertex 0.9829629131445341 0.12940952255126037 0.13052619222005171
  endloop
endfacet
facet normal 0.99573154047691059 0.065263693197208386 -0.065263693197208456
  outer loop
    vertex 1 0 6.123233995736766e-17
    vertex 0.99144486137381038 0 -0.1305261922200516
    vertex 0.9829629131445341 0.12940952255126037 -0.1305261922200516
  endloop
endfacet
facet normal 0.9957315404769107 0.065263693197208511 -0.065263693197208344
  outer loop
    vertex 1 0 6.123233995736766e-17
    vertex 0.9829629131445341 0.12940952255126037 -0.1305261922200516
    vertex 0.99144486137381038 0.13052619222005157 6.123233995736766e-17
  endloop
endfacet
facet normal 0.97876502113507613 0.064151648767622638 -0.19468846746237878
  outer loop
    vertex 0.99144486137381038 0 -0.1305261922200516
    vertex 0.96592582628906831 0 -0.25881904510252063
    vertex 0.95766219694254862 0.12607862007251908 -0.25881904510252063
  endloop
endfacet
facet normal 0.97876502113507591 0.064151648767622818 -0.19468846746237861
  outer loop
    vertex 0.99144486137381038 0 -0.1305261922200516
    vertex 0.95766219694254862 0.12607862007251908 -0.25881904510252063
    vertex 0.9829629131445341 0.12940952255126037 -0.1305261922200516
  endloop
endfacet
facet normal 0.94511155923875978 0.061945884339217848 -0.32082214388460256
  outer loop
    vertex 0.96592582628906831 0 -0.25881904510252063
    vertex 0.92387953251128685 0 -0.3826834323650895
    vertex 0.91597561503675351 0.12059047744873962 -0.3826834323650895
  endloop
endfacet
facet normal 0.94511155923875967 0.061945884339217425 -0.32082214388460295
  outer loop
    vertex 0.96592582628906831 0 -0.25881904510252063
    vertex 0.91597561503675351 0.12059047744873962 -0.3826834323650895
    vertex 0.95766219694254862 0.12607862007251908 -0.25881904510252063
  endloop
endfacet
facet normal 0.89532714025081028 0.058682841124503123 -0.44152648401637484
  outer loop
    vertex 0.92387953251128685 0 -0.3826834323650895
    vertex 0.86602540378443871 0 -0.49999999999999983
    vertex 0.85861643640126095 0.11303899832181542 -0.49999999999999983
  endloop
endfacet
facet normal 0.89532714025081028 0.058682841124502942 -0.44152648401637506
  outer loop
    vertex 0.92387953251128685 0 -0.3826834323650895
    vertex 0.85861643640126095 0.11303899832181542 -0.49999999999999983
    vertex 0.91597561503675351 0.12059047744873962 -0.3826834323650895
  endloop
endfacet
facet normal 0.83023763743378853 0.054416649716953265 -0.55474705372984501
  outer loop
    vertex 0.86602540378443871 0 -0.49999999999999983
    vertex 0.79335334029123517 0 -0.60876142900872066
    vertex 0.78656609248549303 0.10355339059327374 -0.60876142900872066
  endloop
endfacet
facet normal 0.83023763743378853 0.054416649716953272 -0.55474705372984501
  outer loop
    vertex 0.86602540378443871 0 -0.49999999999999983
    vertex 0.78656609248549303 0.10355339059327374 -0.60876142900872066
    vertex 0.85861643640126095 0.11303899832181542 -0.49999999999999983
  endloop
endfacet
facet normal 0.75092860553668794 0.049218461133892999 -0.65854671244364793
  outer loop
    vertex 0.79335334029123517 0 -0.60876142900872066
    vertex 0.70710678118654757 0 -0.70710678118654746
    vertex 0.70105738464997791 0.092295955641257255 -0.70710678118654746
  endloop
endfacet
facet normal 0.75092860553668805 0.049218461133893034 -0.65854671244364793
  outer loop
    vertex 0.79335334029123517 0 -0.60876142900872066
    vertex 0.70105738464997791 0.092295955641257255 -0.70710678118654746
    vertex 0.78656609248549303 0.10355339059327374 -0.60876142900872066
  endloop
endfacet
facet normal 0.65873097705472383 0.043175509299832215 -0.75113871905609342
  outer loop
    vertex 0.70710678118654757 0 -0.70710678118654746
    vertex 0.60876142900872088 0 -0.79335334029123505
    vertex 0.60355339059327395 0.079459311298945581 -0.79335334029123505
  endloop
endfacet
facet normal 0.65873097705472394 0.043175509299832132 -0.75113871905609353
  outer loop
    vertex 0.70710678118654757 0 -0.70710678118654746
    vertex 0.60355339059327395 0.079459311298945581 -0.79335334029123505
    vertex 0.70105738464997791 0.092295955641257255 -0.70710678118654746
  endloop
endfacet
facet normal 0.55520226164250075 0.036389878790901664 -0.83091890421907943
  outer loop
    vertex 0.60876142900872088 0 -0.79335334029123505
    vertex 0.49999999999999994 0 -0.86602540378443871
    vertex 0.49572243068690514 0.065263096110025773 -0.86602540378443871
  endloop
endfacet
facet normal 0.55520226164250075 0.03638987879090174 -0.83091890421907943
  outer loop
    vertex 0.60876142900872088 0 -0.79335334029123505
    vertex 0.49572243068690514 0.065263096110025773 -0.86602540378443871
    vertex 0.60355339059327395 0.079459311298945581 -0.79335334029123505
  endloop
endfacet
facet normal 0.44210296424222106 0.028976959197316816 -0.89649612650803945
  outer loop
    vertex 0.49999999999999994 0 -0.86602540378443871
    vertex 0.38268343236508989 0 -0.92387953251128674
    vertex 0.37940952255126048 0.04995021125231483 -0.92387953251128674
  endloop
endfacet
facet normal 0.44210296424222106 0.028976959197316719 -0.89649612650803934
  outer loop
    vertex 0.49999999999999994 0 -0.86602540378443871
    vertex 0.37940952255126048 0.04995021125231483 -0.92387953251128674
    vertex 0.49572243068690514 0.065263096110025773 -0.86602540378443871
  endloop
endfacet
facet normal 0.32136815015129011 0.02106358139944298 -0.94672004183230796
  outer loop
    vertex 0.38268343236508989 0 -0.92387953251128674
    vertex 0.25881904510252102 0 -0.9659258262890682
    vertex 0.25660481229257093 0.033782664431261857 -0.9659258262890682
  endloop
endfacet
facet normal 0.32136815015129006 0.021063581399443112 -0.94672004183230785
  outer loop
    vertex 0.38268343236508989 0 -0.92387953251128674
    vertex 0.25660481229257093 0.033782664431261857 -0.9659258262890682
    vertex 0.37940952255126048 0.04995021125231483 -0.92387953251128674
  endloop
endfacet
facet normal 0.19507437488030954 0.012785850036173498 -0.98070510873753935
  outer loop
    vertex 0.25881904510252102 0 -0.9659258262890682
    vertex 0.13052619222005199 0 -0.99144486137381038
    vertex 0.12940952255126076 0.017037086855465906 -0.99144486137381038
  endloop
endfacet
facet normal 0.19507437488030951 0.012785850036173449 -0.98070510873753947
  outer loop
    vertex 0.25881904510252102 0 -0.9659258262890682
    vertex 0.12940952255126076 0.017037086855465906 -0.99144486137381038
    vertex 0.25660481229257093 0.033782664431261857 -0.9659258262890682
  endloop
endfacet
facet normal 0.065402528307779123 0.0042867081821635041 -0.99784975493503592
  outer loop
    vertex 0 0 -1
    vertex 0.12940952255126076 0.017037086855465906 -0.99144486137381038
    vertex 0.13052619222005199 0 -0.99144486137381038
  endloop
endfacet
facet normal 0.064283472915426632 0.012786777780993651 0.99784975493503569
  outer loop
    vertex 0 0 1
    vertex 0.12940952255126037 0.017037086855465851 0.99144486137381038
    vertex 0.12607862007251908 0.033782664431261822 0.99144486137381038
  endloop
endfacet
facet normal 0.19173659824127187 0.038138780669493728 0.98070510873753947
  outer loop
    vertex 0.12940952255126037 0.017037086855465851 0.99144486137381038
    vertex 0.25660481229257065 0.033782664431261822 0.96592582628906831
    vertex 0.24999999999999997 0.06698729810778066 0.96592582628906831
  endloop
endfacet
facet normal 0.19173659824127187 0.038138780669493784 0.98070510873753947
  outer loop
    vertex 0.12940952255126037 0.017037086855465851 0.99144486137381038
    vertex 0.24999999999999997 0.06698729810778066 0.96592582628906831
    vertex 0.12607862007251908 0.033782664431261822 0.99144486137381038
  endloop
endfacet
facet normal 0.31586945200211763 0.062830340480656388 0.94672004183230785
  outer loop
    vertex 0.25660481229257065 0.033782664431261822 0.96592582628906831
    vertex 0.37940952255126037 0.049950211252314816 0.92387953251128674
    vertex 0.36964381061438611 0.099045760541287622 0.92387953251128674
  endloop
endfacet
facet normal 0.31586945200211763 0.062830340480656457 0.94672004183230785
  outer loop
    vertex 0.25660481229257065 0.033782664431261822 0.96592582628906831
    vertex 0.36964381061438611 0.099045760541287622 0.92387953251128674
    vertex 0.24999999999999997 0.06698729810778066 0.96592582628906831
  endloop
endfacet
facet normal 0.43453845994993762 0.086435073786152672 0.89649612650803956
  outer loop
    vertex 0.37940952255126037 0.049950211252314816 0.92387953251128674
    vertex 0.49572243068690514 0.065263096110025773 0.86602540378443871
    vertex 0.4829629131445341 0.12940952255126034 0.86602540378443871
  endloop
endfacet
facet normal 0.43453845994993756 0.0864350737861527 0.89649612650803945
  outer loop
    vertex 0.37940952255126037 0.049950211252314816 0.92387953251128674
    vertex 0.4829629131445341 0.12940952255126034 0.86602540378443871
    vertex 0.36964381061438611 0.099045760541287622 0.92387953251128674
  endloop
endfacet
facet normal 0.54570259701464985 0.10854699545741103 0.83091890421907921
  outer loop
    vertex 0.49572243068690514 0.065263096110025773 0.86602540378443871
    vertex 0.60355339059327373 0.079459311298945554 0.79335334029123517
    vertex 0.5880183863281625 0.15755905175128304 0.79335334029123517
  endloop
endfacet
facet normal 0.54570259701464974 0.10854699545741127 0.83091890421907943
  outer loop
    vertex 0.49572243068690514 0.065263096110025773 0.86602540378443871
    vertex 0.5880183863281625 0.15755905175128304 0.79335334029123517
    vertex 0.4829629131445341 0.12940952255126034 0.86602540378443871
  endloop
endfacet
facet normal 0.64745990740258663 0.12878778296486204 0.75113871905609397
  outer loop
    vertex 0.60355339059327373 0.079459311298945554 0.79335334029123517
    vertex 0.7010573846499778 0.092295955641257241 0.70710678118654757
    vertex 0.6830127018922193 0.1830127018922193 0.70710678118654757
  endloop
endfacet
facet normal 0.64745990740258652 0.12878778296486212 0.75113871905609397
  outer loop
    vertex 0.60355339059327373 0.079459311298945554 0.79335334029123517
    vertex 0.6830127018922193 0.1830127018922193 0.70710678118654757
    vertex 0.5880183863281625 0.15755905175128304 0.79335334029123517
  endloop
endfacet
facet normal 0.73808000889921288 0.1468132418857411 0.65854671244364793
  outer loop
    vertex 0.7010573846499778 0.092295955641257241 0.70710678118654757
    vertex 0.78656609248549303 0.10355339059327374 0.60876142900872066
    vertex 0.7663204807600037 0.20533495396307269 0.60876142900872066
  endloop
endfacet
facet normal 0.7380800088992131 0.14681324188574091 0.65854671244364793
  outer loop
    vertex 0.7010573846499778 0.092295955641257241 0.70710678118654757
    vertex 0.7663204807600037 0.20533495396307269 0.60876142900872066
    vertex 0.6830127018922193 0.1830127018922193 0.70710678118654757
  endloop
endfacet
facet normal 0.81603204127193596 0.16231886518705521 0.55474705372984534
  outer loop
    vertex 0.78656609248549303 0.10355339059327374 0.60876142900872066
    vertex 0.85861643640126084 0.11303899832181541 0.50000000000000011
    vertex 0.83651630373780783 0.22414386804201336 0.50000000000000011
  endloop
endfacet
facet normal 0.81603204127193596 0.1623188651870551 0.55474705372984534
  outer loop
    vertex 0.78656609248549303 0.10355339059327374 0.60876142900872066
    vertex 0.83651630373780783 0.22414386804201336 0.50000000000000011
    vertex 0.7663204807600037 0.20533495396307269 0.60876142900872066
  endloop
endfacet
facet normal 0.88000784464953918 0.17504444369190938 0.44152648401637523
  outer loop
    vertex 0.85861643640126084 0.11303899832181541 0.50000000000000011
    vertex 0.9159756150367534 0.1205904774487396 0.38268343236508984
    vertex 0.89239910083252283 0.23911761839433449 0.38268343236508984
  endloop
endfacet
facet normal 0.88000784464953896 0.17504444369190972 0.44152648401637556
  outer loop
    vertex 0.85861643640126084 0.11303899832181541 0.50000000000000011
    vertex 0.89239910083252283 0.23911761839433449 0.38268343236508984
    vertex 0.83651630373780783 0.22414386804201336 0.50000000000000011
  endloop
endfacet
facet normal 0.92894043842575602 0.18477774176196418 0.32082214388460312
  outer loop
    vertex 0.9159756150367534 0.1205904774487396 0.38268343236508984
    vertex 0.95766219694254862 0.12607862007251908 0.25881904510252074
    vertex 0.93301270189221941 0.24999999999999997 0.25881904510252074
  endloop
endfacet
facet normal 0.92894043842575635 0.18477774176196379 0.32082214388460284
  outer loop
    vertex 0.9159756150367534 0.1205904774487396 0.38268343236508984
    vertex 0.93301270189221941 0.24999999999999997 0.25881904510252074
    vertex 0.89239910083252283 0.23911761839433449 0.38268343236508984
  endloop
endfacet
facet normal 0.96201808025852431 0.19135729380625635 0.19468846746237867
  outer loop
    vertex 0.95766219694254862 0.12607862007251908 0.25881904510252074
    vertex 0.9829629131445341 0.12940952255126037 0.13052619222005171
    vertex 0.95766219694254862 0.25660481229257065 0.13052619222005171
  endloop
endfacet
facet normal 0.96201808025852431 0.19135729380625652 0.19468846746237883
  outer loop
    vertex 0.95766219694254862 0.12607862007251908 0.25881904510252074
    vertex 0.95766219694254862 0.25660481229257065 0.13052619222005171
    vertex 0.93301270189221941 0.24999999999999997 0.25881904510252074
  endloop
endfacet
facet normal 0.97869429775041206 0.19467439970650596 0.065263693197208331
  outer loop
    vertex 0.9829629131445341 0.12940952255126037 0.13052619222005171
    vertex 0.99144486137381038 0.13052619222005157 6.123233995736766e-17
    vertex 0.96592582628906831 0.25881904510252074 6.123233995736766e-17
  endloop
endfacet
facet normal 0.97869429775041228 0.19467439970650588 0.06526369319720822
  outer loop
    vertex 0.9829629131445341 0.12940952255126037 0.13052619222005171
    vertex 0.96592582628906831 0.25881904510252074 6.123233995736766e-17
    vertex 0.95766219694254862 0.25660481229257065 0.13052619222005171
  endloop
endfacet
facet normal 0.97869429775041206 0.19467439970650582 -0.065263693197208317
  outer loop
    vertex 0.99144486137381038 0.13052619222005157 6.123233995736766e-17
    vertex 0.9829629131445341 0.12940952255126037 -0.1305261922200516
    vertex 0.95766219694254862 0.25660481229257065 -0.1305261922200516
  endloop
endfacet
facet normal 0.97869429775041206 0.19467439970650596 -0.065263693197208206
  outer loop
    vertex 0.99144486137381038 0.13052619222005157 6.123233995736766e-17
    vertex 0.95766219694254862 0.25660481229257065 -0.1305261922200516
    vertex 0.96592582628906831 0.25881904510252074 6.123233995736766e-17
  endloop
endfacet
facet normal 0.96201808025852431 0.19135729380625652 -0.19468846746237869
  outer loop
    vertex 0.9829629131445341 0.12940952255126037 -0.1305261922200516
    vertex 0.95766219694254862 0.12607862007251908 -0.25881904510252063
    vertex 0.93301270189221941 0.24999999999999997 -0.25881904510252063
  endloop
endfacet
facet normal 0.96201808025852431 0.19135729380625635 -0.19468846746237875
  outer loop
    vertex 0.9829629131445341 0.12940952255126037 -0.1305261922200516
    vertex 0.93301270189221941 0.24999999999999997 -0.25881904510252063
    vertex 0.95766219694254862 0.25660481229257065 -0.1305261922200516
  endloop
endfacet
facet normal 0.92894043842575635 0.18477774176196379 -0.32082214388460301
  outer loop
    vertex 0.95766219694254862 0.12607862007251908 -0.25881904510252063
    vertex 0.91597561503675351 0.12059047744873962 -0.3826834323650895
    vertex 0.89239910083252294 0.23911761839433451 -0.3826834323650895
  endloop
endfacet
facet normal 0.92894043842575624 0.18477774176196421 -0.32082214388460251
  outer loop
    vertex 0.95766219694254862 0.12607862007251908 -0.25881904510252063
    vertex 0.89239910083252294 0.23911761839433451 -0.3826834323650895
    vertex 0.93301270189221941 0.24999999999999997 -0.25881904510252063
  endloop
endfacet
facet normal 0.88000784464953918 0.17504444369190975 -0.44152648401637506
  outer loop
    vertex 0.91597561503675351 0.12059047744873962 -0.3826834323650895
    vertex 0.85861643640126095 0.11303899832181542 -0.49999999999999983
    vertex 0.83651630373780794 0.22414386804201339 -0.49999999999999983
  endloop
endfacet
facet normal 0.88000784464953918 0.17504444369190933 -0.4415264840163754
  outer loop
    vertex 0.91597561503675351 0.12059047744873962 -0.3826834323650895
    vertex 0.83651630373780794 0.22414386804201339 -0.49999999999999983
    vertex 0.89239910083252294 0.23911761839433451 -0.3826834323650895
  endloop
endfacet
facet normal 0.81603204127193618 0.16231886518705516 -0.55474705372984501
  outer loop
    vertex 0.85861643640126095 0.11303899832181542 -0.49999999999999983
    vertex 0.78656609248549303 0.10355339059327374 -0.60876142900872066
    vertex 0.7663204807600037 0.20533495396307269 -0.60876142900872066
  endloop
endfacet
facet normal 0.81603204127193629 0.16231886518705529 -0.55474705372984501
  outer loop
    vertex 0.85861643640126095 0.11303899832181542 -0.49999999999999983
    vertex 0.7663204807600037 0.20533495396307269 -0.60876142900872066
    vertex 0.83651630373780794 0.22414386804201339 -0.49999999999999983
  endloop
endfacet
facet normal 0.73808000889921299 0.14681324188574083 -0.65854671244364793
  outer loop
    vertex 0.78656609248549303 0.10355339059327374 -0.60876142900872066
    vertex 0.70105738464997791 0.092295955641257255 -0.70710678118654746
    vertex 0.68301270189221941 0.18301270189221933 -0.70710678118654746
  endloop
endfacet
facet normal 0.73808000889921299 0.1468132418857411 -0.65854671244364771
  outer loop
    vertex 0.78656609248549303 0.10355339059327374 -0.60876142900872066
    vertex 0.68301270189221941 0.18301270189221933 -0.70710678118654746
    vertex 0.7663204807600037 0.20533495396307269 -0.60876142900872066
  endloop
endfacet
facet normal 0.64745990740258708 0.1287877829648621 -0.75113871905609364
  outer loop
    vertex 0.70105738464997791 0.092295955641257255 -0.70710678118654746
    vertex 0.60355339059327395 0.079459311298945581 -0.79335334029123505
    vertex 0.58801838632816272 0.1575590517512831 -0.79335334029123505
  endloop
endfacet
facet normal 0.64745990740258708 0.12878778296486215 -0.75113871905609353
  outer loop
    vertex 0.70105738464997791 0.092295955641257255 -0.70710678118654746
    vertex 0.58801838632816272 0.1575590517512831 -0.79335334029123505
    vertex 0.68301270189221941 0.18301270189221933 -0.70710678118654746
  endloop
endfacet
facet normal 0.54570259701464974 0.10854699545741124 -0.83091890421907932
  outer loop
    vertex 0.60355339059327395 0.079459311298945581 -0.79335334029123505
    vertex 0.49572243068690514 0.065263096110025773 -0.86602540378443871
    vertex 0.4829629131445341 0.12940952255126034 -0.86602540378443871
  endloop
endfacet
facet normal 0.54570259701464963 0.10854699545741098 -0.83091890421907943
  outer loop
    vertex 0.60355339059327395 0.079459311298945581 -0.79335334029123505
    vertex 0.4829629131445341 0.12940952255126034 -0.86602540378443871
    vertex 0.58801838632816272 0.1575590517512831 -0.79335334029123505
  endloop
endfacet
facet normal 0.43453845994993806 0.086435073786152811 -0.89649612650803945
  outer loop
    vertex 0.49572243068690514 0.065263096110025773 -0.86602540378443871
    vertex 0.37940952255126048 0.04995021125231483 -0.92387953251128674
    vertex 0.36964381061438623 0.09904576054128765 -0.92387953251128674
  endloop
endfacet
facet normal 0.43453845994993795 0.0864350737861527 -0.89649612650803934
  outer loop
    vertex 0.49572243068690514 0.065263096110025773 -0.86602540378443871
    vertex 0.36964381061438623 0.09904576054128765 -0.92387953251128674
    vertex 0.4829629131445341 0.12940952255126034 -0.86602540378443871
  endloop
endfacet
facet normal 0.3158694520021173 0.062830340480655986 -0.94672004183230796
  outer loop
    vertex 0.37940952255126048 0.04995021125231483 -0.92387953251128674
    vertex 0.25660481229257093 0.033782664431261857 -0.9659258262890682
    vertex 0.25000000000000028 0.066987298107780743 -0.9659258262890682
  endloop
endfacet
facet normal 0.31586945200211741 0.062830340480656333 -0.94672004183230785
  outer loop
    vertex 0.37940952255126048 0.04995021125231483 -0.92387953251128674
    vertex 0.25000000000000028 0.066987298107780743 -0.9659258262890682
    vertex 0.36964381061438623 0.09904576054128765 -0.92387953251128674
  endloop
endfacet
facet normal 0.1917365982412729 0.038138780669493791 -0.98070510873753935
  outer loop
    vertex 0.25660481229257093 0.033782664431261857 -0.9659258262890682
    vertex 0.12940952255126076 0.017037086855465906 -0.99144486137381038
    vertex 0.12607862007251947 0.033782664431261926 -0.99144486137381038
  endloop
endfacet
facet normal 0.19173659824127293 0.038138780669493742 -0.98070510873753947
  outer loop
    vertex 0.25660481229257093 0.033782664431261857 -0.9659258262890682
    vertex 0.12607862007251947 0.033782664431261926 -0.99144486137381038
    vertex 0.25000000000000028 0.066987298107780743 -0.9659258262890682
  endloop
endfacet
facet normal 0.064283472915426451 0.012786777780993576 -0.99784975493503592
  outer loop
    vertex 0 0 -1
    vertex 0.12607862007251947 0.033782664431261926 -0.99144486137381038
    vertex 0.12940952255126076 0.017037086855465906 -0.99144486137381038
  endloop
endfacet
facet normal 0.0620645094787452 0.021068062066826362 0.99784975493503592
  outer loop
    vertex 0 0 1
    vertex 0.12607862007251908 0.033782664431261822 0.99144486137381038
    vertex 0.1205904774487396 0.049950211252314816 0.99144486137381038
  endloop
endfacet
facet normal 0.18511815524689912 0.062839146191491529 0.98070510873753969
  outer loop
    vertex 0.12607862007251908 0.033782664431261822 0.99144486137381038
    vertex 0.24999999999999997 0.06698729810778066 0.96592582628906831
    vertex 0.23911761839433449 0.099045760541287622 0.96592582628906831
  endloop
endfacet
facet normal 0.18511815524689906 0.062839146191491488 0.98070510873753947
  outer loop
    vertex 0.12607862007251908 0.033782664431261822 0.99144486137381038
    vertex 0.23911761839433449 0.099045760541287622 0.96592582628906831
    vertex 0.1205904774487396 0.049950211252314816 0.99144486137381038
  endloop
endfacet
facet normal 0.30496613995363153 0.10352205501638441 0.94672004183230785
  outer loop
    vertex 0.24999999999999997 0.06698729810778066 0.96592582628906831
    vertex 0.36964381061438611 0.099045760541287622 0.92387953251128674
    vertex 0.35355339059327379 0.14644660940672624 0.92387953251128674
  endloop
endfacet
facet normal 0.30496613995363148 0.10352205501638456 0.94672004183230785
  outer loop
    vertex 0.24999999999999997 0.06698729810778066 0.96592582628906831
    vertex 0.35355339059327379 0.14644660940672624 0.92387953251128674
    vertex 0.23911761839433449 0.099045760541287622 0.96592582628906831
  endloop
endfacet
facet normal 0.41953888213108925 0.14241426029817811 0.89649612650803945
  outer loop
    vertex 0.36964381061438611 0.099045760541287622 0.92387953251128674
    vertex 0.4829629131445341 0.12940952255126034 0.86602540378443871
    vertex 0.46193976625564331 0.19134171618254486 0.86602540378443871
  endloop
endfacet
facet normal 0.41953888213108947 0.14241426029817791 0.89649612650803945
  outer loop
    vertex 0.36964381061438611 0.099045760541287622 0.92387953251128674
    vertex 0.46193976625564331 0.19134171618254486 0.86602540378443871
    vertex 0.35355339059327379 0.14644660940672624 0.92387953251128674
  endloop
endfacet
facet normal 0.52686580965453444 0.17884684293673286 0.83091890421907943
  outer loop
    vertex 0.4829629131445341 0.12940952255126034 0.86602540378443871
    vertex 0.5880183863281625 0.15755905175128304 0.79335334029123517
    vertex 0.56242222444347967 0.23296291314453416 0.79335334029123517
  endloop
endfacet
facet normal 0.52686580965453467 0.17884684293673264 0.83091890421907921
  outer loop
    vertex 0.4829629131445341 0.12940952255126034 0.86602540378443871
    vertex 0.56242222444347967 0.23296291314453416 0.79335334029123517
    vertex 0.46193976625564331 0.19134171618254486 0.86602540378443871
  endloop
endfacet
facet normal 0.62511061922499134 0.21219646195664588 0.75113871905609397
  outer loop
    vertex 0.5880183863281625 0.15755905175128304 0.79335334029123517
    vertex 0.6830127018922193 0.1830127018922193 0.70710678118654757
    vertex 0.65328148243818818 0.27059805007309845 0.70710678118654757
  endloop
endfacet
facet normal 0.62511061922499134 0.21219646195664585 0.75113871905609386
  outer loop
    vertex 0.5880183863281625 0.15755905175128304 0.79335334029123517
    vertex 0.65328148243818818 0.27059805007309845 0.70710678118654757
    vertex 0.56242222444347967 0.23296291314453416 0.79335334029123517
  endloop
endfacet
facet normal 0.71260265867503358 0.24189600736460495 0.65854671244364782
  outer loop
    vertex 0.6830127018922193 0.1830127018922193 0.70710678118654757
    vertex 0.7663204807600037 0.20533495396307269 0.60876142900872066
    vertex 0.7329629131445341 0.30360317934095893 0.60876142900872066
  endloop
endfacet
facet normal 0.71260265867503336 0.24189600736460515 0.65854671244364793
  outer loop
    vertex 0.6830127018922193 0.1830127018922193 0.70710678118654757
    vertex 0.7329629131445341 0.30360317934095893 0.60876142900872066
    vertex 0.65328148243818818 0.27059805007309845 0.70710678118654757
  endloop
endfacet
facet normal 0.78786391063709582 0.26744375987051616 0.55474705372984534
  outer loop
    vertex 0.7663204807600037 0.20533495396307269 0.60876142900872066
    vertex 0.83651630373780783 0.22414386804201336 0.50000000000000011
    vertex 0.80010314519126546 0.3314135740355918 0.50000000000000011
  endloop
endfacet
facet normal 0.78786391063709549 0.26744375987051655 0.55474705372984567
  outer loop
    vertex 0.7663204807600037 0.20533495396307269 0.60876142900872066
    vertex 0.80010314519126546 0.3314135740355918 0.50000000000000011
    vertex 0.7329629131445341 0.30360317934095893 0.60876142900872066
  endloop
endfacet
facet normal 0.84963137084204543 0.28841098729626097 0.44152648401637551
  outer loop
    vertex 0.83651630373780783 0.22414386804201336 0.50000000000000011
    vertex 0.89239910083252283 0.23911761839433449 0.38268343236508984
    vertex 0.85355339059327373 0.35355339059327379 0.38268343236508984
  endloop
endfacet
facet normal 0.84963137084204576 0.28841098729626047 0.44152648401637506
  outer loop
    vertex 0.83651630373780783 0.22414386804201336 0.50000000000000011
    vertex 0.85355339059327373 0.35355339059327379 0.38268343236508984
    vertex 0.80010314519126546 0.3314135740355918 0.50000000000000011
  endloop
endfacet
facet normal 0.89687488916034108 0.3044480007930962 0.32082214388460278
  outer loop
    vertex 0.89239910083252283 0.23911761839433449 0.38268343236508984
    vertex 0.93301270189221941 0.24999999999999997 0.25881904510252074
    vertex 0.89239910083252283 0.36964381061438611 0.25881904510252074
  endloop
endfacet
facet normal 0.89687488916034108 0.30444800079309631 0.3208221438846029
  outer loop
    vertex 0.89239910083252283 0.23911761839433449 0.38268343236508984
    vertex 0.89239910083252283 0.36964381061438611 0.25881904510252074
    vertex 0.85355339059327373 0.35355339059327379 0.38268343236508984
  endloop
endfacet
facet normal 0.92881074330694713 0.31528876249360166 0.19468846746237881
  outer loop
    vertex 0.93301270189221941 0.24999999999999997 0.25881904510252074
    vertex 0.95766219694254862 0.25660481229257065 0.13052619222005171
    vertex 0.9159756150367534 0.37940952255126037 0.13052619222005171
  endloop
endfacet
facet normal 0.92881074330694724 0.31528876249360127 0.19468846746237839
  outer loop
    vertex 0.93301270189221941 0.24999999999999997 0.25881904510252074
    vertex 0.9159756150367534 0.37940952255126037 0.13052619222005171
    vertex 0.89239910083252283 0.36964381061438611 0.25881904510252074
  endloop
endfacet
facet normal 0.9449113242440812 0.3207541732628858 0.065263693197208206
  outer loop
    vertex 0.95766219694254862 0.25660481229257065 0.13052619222005171
    vertex 0.96592582628906831 0.25881904510252074 6.123233995736766e-17
    vertex 0.92387953251128674 0.38268343236508978 6.123233995736766e-17
  endloop
endfacet
facet normal 0.94491132424408097 0.32075417326288619 0.065263693197208608
  outer loop
    vertex 0.95766219694254862 0.25660481229257065 0.13052619222005171
    vertex 0.92387953251128674 0.38268343236508978 6.123233995736766e-17
    vertex 0.9159756150367534 0.37940952255126037 0.13052619222005171
  endloop
endfacet
facet normal 0.94491132424408097 0.32075417326288624 -0.065263693197208192
  outer loop
    vertex 0.96592582628906831 0.25881904510252074 6.123233995736766e-17
    vertex 0.95766219694254862 0.25660481229257065 -0.1305261922200516
    vertex 0.9159756150367534 0.37940952255126037 -0.1305261922200516
  endloop
endfacet
facet normal 0.9449113242440812 0.32075417326288586 -0.065263693197208678
  outer loop
    vertex 0.96592582628906831 0.25881904510252074 6.123233995736766e-17
    vertex 0.9159756150367534 0.37940952255126037 -0.1305261922200516
    vertex 0.92387953251128674 0.38268343236508978 6.123233995736766e-17
  endloop
endfacet
facet normal 0.92881074330694713 0.31528876249360122 -0.19468846746237875
  outer loop
    vertex 0.95766219694254862 0.25660481229257065 -0.1305261922200516
    vertex 0.93301270189221941 0.24999999999999997 -0.25881904510252063
    vertex 0.89239910083252283 0.36964381061438611 -0.25881904510252063
  endloop
endfacet
facet normal 0.92881074330694713 0.31528876249360166 -0.19468846746237842
  outer loop
    vertex 0.95766219694254862 0.25660481229257065 -0.1305261922200516
    vertex 0.89239910083252283 0.36964381061438611 -0.25881904510252063
    vertex 0.9159756150367534 0.37940952255126037 -0.1305261922200516
  endloop
endfacet
facet normal 0.89687488916034119 0.30444800079309642 -0.32082214388460256
  outer loop
    vertex 0.93301270189221941 0.24999999999999997 -0.25881904510252063
    vertex 0.89239910083252294 0.23911761839433451 -0.3826834323650895
    vertex 0.85355339059327384 0.35355339059327379 -0.3826834323650895
  endloop
endfacet
facet normal 0.89687488916034108 0.3044480007930962 -0.32082214388460273
  outer loop
    vertex 0.93301270189221941 0.24999999999999997 -0.25881904510252063
    vertex 0.85355339059327384 0.35355339059327379 -0.3826834323650895
    vertex 0.89239910083252283 0.36964381061438611 -0.25881904510252063
  endloop
endfacet
facet normal 0.84963137084204565 0.28841098729626052 -0.4415264840163754
  outer loop
    vertex 0.89239910083252294 0.23911761839433451 -0.3826834323650895
    vertex 0.83651630373780794 0.22414386804201339 -0.49999999999999983
    vertex 0.80010314519126557 0.3314135740355918 -0.49999999999999983
  endloop
endfacet
facet normal 0.84963137084204565 0.28841098729626108 -0.44152648401637495
  outer loop
    vertex 0.89239910083252294 0.23911761839433451 -0.3826834323650895
    vertex 0.80010314519126557 0.3314135740355918 -0.49999999999999983
    vertex 0.85355339059327384 0.35355339059327379 -0.3826834323650895
  endloop
endfacet
facet normal 0.78786391063709593 0.26744375987051677 -0.55474705372984501
  outer loop
    vertex 0.83651630373780794 0.22414386804201339 -0.49999999999999983
    vertex 0.7663204807600037 0.20533495396307269 -0.60876142900872066
    vertex 0.7329629131445341 0.30360317934095893 -0.60876142900872066
  endloop
endfacet
facet normal 0.78786391063709582 0.26744375987051627 -0.55474705372984534
  outer loop
    vertex 0.83651630373780794 0.22414386804201339 -0.49999999999999983
    vertex 0.7329629131445341 0.30360317934095893 -0.60876142900872066
    vertex 0.80010314519126557 0.3314135740355918 -0.49999999999999983
  endloop
endfacet
facet normal 0.71260265867503358 0.2418960073646052 -0.65854671244364782
  outer loop
    vertex 0.7663204807600037 0.20533495396307269 -0.60876142900872066
    vertex 0.68301270189221941 0.18301270189221933 -0.70710678118654746
    vertex 0.65328148243818829 0.27059805007309851 -0.70710678118654746
  endloop
endfacet
facet normal 0.71260265867503347 0.24189600736460501 -0.65854671244364782
  outer loop
    vertex 0.7663204807600037 0.20533495396307269 -0.60876142900872066
    vertex 0.65328148243818829 0.27059805007309851 -0.70710678118654746
    vertex 0.7329629131445341 0.30360317934095893 -0.60876142900872066
  endloop
endfacet
facet normal 0.62511061922499178 0.21219646195664579 -0.75113871905609353
  outer loop
    vertex 0.68301270189221941 0.18301270189221933 -0.70710678118654746
    vertex 0.58801838632816272 0.1575590517512831 -0.79335334029123505
    vertex 0.56242222444347989 0.23296291314453424 -0.79335334029123505
  endloop
endfacet
facet normal 0.62511061922499178 0.21219646195664593 -0.75113871905609364
  outer loop
    vertex 0.68301270189221941 0.18301270189221933 -0.70710678118654746
    vertex 0.56242222444347989 0.23296291314453424 -0.79335334029123505
    vertex 0.65328148243818829 0.27059805007309851 -0.70710678118654746
  endloop
endfacet
facet normal 0.52686580965453433 0.17884684293673248 -0.83091890421907943
  outer loop
    vertex 0.58801838632816272 0.1575590517512831 -0.79335334029123505
    vertex 0.4829629131445341 0.12940952255126034 -0.86602540378443871
    vertex 0.46193976625564331 0.19134171618254486 -0.86602540378443871
  endloop
endfacet
facet normal 0.52686580965453433 0.17884684293673275 -0.83091890421907943
  outer loop
    vertex 0.58801838632816272 0.1575590517512831 -0.79335334029123505
    vertex 0.46193976625564331 0.19134171618254486 -0.86602540378443871
    vertex 0.56242222444347989 0.23296291314453424 -0.79335334029123505
  endloop
endfacet
facet normal 0.41953888213108947 0.14241426029817839 -0.89649612650803934
  outer loop
    vertex 0.4829629131445341 0.12940952255126034 -0.86602540378443871
    vertex 0.36964381061438623 0.09904576054128765 -0.92387953251128674
    vertex 0.35355339059327384 0.1464466094067263 -0.92387953251128674
  endloop
endfacet
facet normal 0.41953888213108942 0.14241426029817825 -0.89649612650803934
  outer loop
    vertex 0.4829629131445341 0.12940952255126034 -0.86602540378443871
    vertex 0.35355339059327384 0.1464466094067263 -0.92387953251128674
    vertex 0.46193976625564331 0.19134171618254486 -0.86602540378443871
  endloop
endfacet
facet normal 0.3049661399536312 0.10352205501638467 -0.94672004183230796
  outer loop
    vertex 0.36964381061438623 0.09904576054128765 -0.92387953251128674
    vertex 0.25000000000000028 0.066987298107780743 -0.9659258262890682
    vertex 0.23911761839433476 0.09904576054128772 -0.9659258262890682
  endloop
endfacet
facet normal 0.3049661399536312 0.10352205501638456 -0.94672004183230807
  outer loop
    vertex 0.36964381061438623 0.09904576054128765 -0.92387953251128674
    vertex 0.23911761839433476 0.09904576054128772 -0.9659258262890682
    vertex 0.35355339059327384 0.1464466094067263 -0.92387953251128674
  endloop
endfacet
facet normal 0.18511815524690006 0.062839146191491613 -0.98070510873753935
  outer loop
    vertex 0.25000000000000028 0.066987298107780743 -0.9659258262890682
    vertex 0.12607862007251947 0.033782664431261926 -0.99144486137381038
    vertex 0.12059047744873999 0.049950211252314976 -0.99144486137381038
  endloop
endfacet
facet normal 0.18511815524689998 0.062839146191491932 -0.98070510873753947
  outer loop
    vertex 0.25000000000000028 0.066987298107780743 -0.9659258262890682
    vertex 0.12059047744873999 0.049950211252314976 -0.99144486137381038
    vertex 0.23911761839433476 0.09904576054128772 -0.9659258262890682
  endloop
endfacet
facet normal 0.062064509478745054 0.021068062066826335 -0.99784975493503592
  outer loop
    vertex 0 0 -1
    vertex 0.12059047744873999 0.049950211252314976 -0.99144486137381038
    vertex 0.12607862007251947 0.033782664431261926 -0.99144486137381038
  endloop
endfacet
facet normal 0.058783605077349553 0.028988865969525508 0.99784975493503569
  outer loop
    vertex 0 0 1
    vertex 0.1205904774487396 0.049950211252314816 0.99144486137381038
    vertex 0.11303899832181542 0.065263096110025773 0.99144486137381038
  endloop
endfacet
facet normal 0.17533228929180292 0.086464316499849897 0.98070510873753969
  outer loop
    vertex 0.1205904774487396 0.049950211252314816 0.99144486137381038
    vertex 0.23911761839433449 0.099045760541287622 0.96592582628906831
    vertex 0.22414386804201339 0.12940952255126034 0.96592582628906831
  endloop
endfacet
facet normal 0.17533228929180278 0.08646431649984998 0.98070510873753969
  outer loop
    vertex 0.1205904774487396 0.049950211252314816 0.99144486137381038
    vertex 0.22414386804201339 0.12940952255126034 0.96592582628906831
    vertex 0.11303899832181542 0.065263096110025773 0.99144486137381038
  endloop
endfacet
facet normal 0.28884477269795078 0.1424424784890464 0.94672004183230785
  outer loop
    vertex 0.23911761839433449 0.099045760541287622 0.96592582628906831
    vertex 0.35355339059327379 0.14644660940672624 0.92387953251128674
    vertex 0.3314135740355918 0.19134171618254486 0.92387953251128674
  endloop
endfacet
facet normal 0.28884477269795106 0.14244247848904601 0.94672004183230773
  outer loop
    vertex 0.23911761839433449 0.099045760541287622 0.96592582628906831
    vertex 0.3314135740355918 0.19134171618254486 0.92387953251128674
    vertex 0.22414386804201339 0.12940952255126034 0.96592582628906831
  endloop
endfacet
facet normal 0.39736087772082485 0.19595669933180901 0.89649612650803956
  outer loop
    vertex 0.35355339059327379 0.14644660940672624 0.92387953251128674
    vertex 0.46193976625564331 0.19134171618254486 0.86602540378443871
    vertex 0.4330127018922193 0.24999999999999994 0.86602540378443871
  endloop
endfacet
facet normal 0.39736087772082457 0.19595669933180923 0.89649612650803956
  outer loop
    vertex 0.35355339059327379 0.14644660940672624 0.92387953251128674
    vertex 0.4330127018922193 0.24999999999999994 0.86602540378443871
    vertex 0.3314135740355918 0.19134171618254486 0.92387953251128674
  endloop
endfacet
facet normal 0.49901420221643134 0.24608657134769274 0.83091890421907921
  outer loop
    vertex 0.46193976625564331 0.19134171618254486 0.86602540378443871
    vertex 0.56242222444347967 0.23296291314453416 0.79335334029123517
    vertex 0.52720286236566927 0.30438071450436027 0.79335334029123517
  endloop
endfacet
facet normal 0.49901420221643106 0.24608657134769304 0.83091890421907932
  outer loop
    vertex 0.46193976625564331 0.19134171618254486 0.86602540378443871
    vertex 0.52720286236566927 0.30438071450436027 0.79335334029123517
    vertex 0.4330127018922193 0.24999999999999994 0.86602540378443871
  endloop
endfacet
facet normal 0.59206551503905058 0.29197440065237606 0.75113871905609397
  outer loop
    vertex 0.56242222444347967 0.23296291314453416 0.79335334029123517
    vertex 0.65328148243818818 0.27059805007309845 0.70710678118654757
    vertex 0.61237243569579447 0.35355339059327368 0.70710678118654757
  endloop
endfacet
facet normal 0.59206551503905125 0.29197440065237557 0.75113871905609353
  outer loop
    vertex 0.56242222444347967 0.23296291314453416 0.79335334029123517
    vertex 0.61237243569579447 0.35355339059327368 0.70710678118654757
    vertex 0.52720286236566927 0.30438071450436027 0.79335334029123517
  endloop
endfacet
facet normal 0.67493247939014223 0.33283986509121533 0.65854671244364793
  outer loop
    vertex 0.65328148243818818 0.27059805007309845 0.70710678118654757
    vertex 0.7329629131445341 0.30360317934095893 0.60876142900872066
    vertex 0.68706414686945017 0.39667667014561753 0.60876142900872066
  endloop
endfacet
facet normal 0.67493247939014178 0.33283986509121577 0.65854671244364837
  outer loop
    vertex 0.65328148243818818 0.27059805007309845 0.70710678118654757
    vertex 0.68706414686945017 0.39667667014561753 0.60876142900872066
    vertex 0.61237243569579447 0.35355339059327368 0.70710678118654757
  endloop
endfacet
facet normal 0.74621521005411118 0.36799261767317359 0.55474705372984567
  outer loop
    vertex 0.7329629131445341 0.30360317934095893 0.60876142900872066
    vertex 0.80010314519126546 0.3314135740355918 0.50000000000000011
    vertex 0.75 0.43301270189221924 0.50000000000000011
  endloop
endfacet
facet normal 0.74621521005411162 0.36799261767317326 0.55474705372984534
  outer loop
    vertex 0.7329629131445341 0.30360317934095893 0.60876142900872066
    vertex 0.75 0.43301270189221924 0.50000000000000011
    vertex 0.68706414686945017 0.39667667014561753 0.60876142900872066
  endloop
endfacet
facet normal 0.80471746871712602 0.3968427389453395 0.44152648401637506
  outer loop
    vertex 0.80010314519126546 0.3314135740355918 0.50000000000000011
    vertex 0.85355339059327373 0.35355339059327379 0.38268343236508984
    vertex 0.80010314519126557 0.46193976625564331 0.38268343236508984
  endloop
endfacet
facet normal 0.80471746871712591 0.39684273894533961 0.44152648401637518
  outer loop
    vertex 0.80010314519126546 0.3314135740355918 0.50000000000000011
    vertex 0.80010314519126557 0.46193976625564331 0.38268343236508984
    vertex 0.75 0.43301270189221924 0.50000000000000011
  endloop
endfacet
facet normal 0.84946356188069594 0.41890907012172501 0.32082214388460284
  outer loop
    vertex 0.85355339059327373 0.35355339059327379 0.38268343236508984
    vertex 0.89239910083252283 0.36964381061438611 0.25881904510252074
    vertex 0.83651630373780794 0.4829629131445341 0.25881904510252074
  endloop
endfacet
facet normal 0.84946356188069616 0.41890907012172468 0.32082214388460251
  outer loop
    vertex 0.85355339059327373 0.35355339059327379 0.38268343236508984
    vertex 0.83651630373780794 0.4829629131445341 0.25881904510252074
    vertex 0.80010314519126557 0.46193976625564331 0.38268343236508984
  endloop
endfacet
facet normal 0.87971119702240042 0.43382555304011994 0.19468846746237845
  outer loop
    vertex 0.89239910083252283 0.36964381061438611 0.25881904510252074
    vertex 0.9159756150367534 0.37940952255126037 0.13052619222005171
    vertex 0.85861643640126095 0.49572243068690514 0.13052619222005171
  endloop
endfacet
facet normal 0.87971119702240019 0.43382555304012027 0.19468846746237881
  outer loop
    vertex 0.89239910083252283 0.36964381061438611 0.25881904510252074
    vertex 0.85861643640126095 0.49572243068690514 0.13052619222005171
    vertex 0.83651630373780794 0.4829629131445341 0.25881904510252074
  endloop
endfacet
facet normal 0.89496065600102181 0.44134575398487902 0.06526369319720865
  outer loop
    vertex 0.9159756150367534 0.37940952255126037 0.13052619222005171
    vertex 0.92387953251128674 0.38268343236508978 6.123233995736766e-17
    vertex 0.86602540378443871 0.49999999999999994 6.123233995736766e-17
  endloop
endfacet
facet normal 0.89496065600102181 0.44134575398487913 0.065263693197208802
  outer loop
    vertex 0.9159756150367534 0.37940952255126037 0.13052619222005171
    vertex 0.86602540378443871 0.49999999999999994 6.123233995736766e-17
    vertex 0.85861643640126095 0.49572243068690514 0.13052619222005171
  endloop
endfacet
facet normal 0.89496065600102181 0.44134575398487907 -0.06526369319720865
  outer loop
    vertex 0.92387953251128674 0.38268343236508978 6.123233995736766e-17
    vertex 0.9159756150367534 0.37940952255126037 -0.1305261922200516
    vertex 0.85861643640126095 0.49572243068690514 -0.1305261922200516
  endloop
endfacet
facet normal 0.8949606560010217 0.44134575398487891 -0.065263693197208733
  outer loop
    vertex 0.92387953251128674 0.38268343236508978 6.123233995736766e-17
    vertex 0.85861643640126095 0.49572243068690514 -0.1305261922200516
    vertex 0.86602540378443871 0.49999999999999994 6.123233995736766e-17
  endloop
endfacet
facet normal 0.8797111970224003 0.43382555304012033 -0.19468846746237845
  outer loop
    vertex 0.9159756150367534 0.37940952255126037 -0.1305261922200516
    vertex 0.89239910083252283 0.36964381061438611 -0.25881904510252063
    vertex 0.83651630373780794 0.4829629131445341 -0.25881904510252063
  endloop
endfacet
facet normal 0.87971119702240042 0.43382555304011994 -0.19468846746237875
  outer loop
    vertex 0.9159756150367534 0.37940952255126037 -0.1305261922200516
    vertex 0.83651630373780794 0.4829629131445341 -0.25881904510252063
    vertex 0.85861643640126095 0.49572243068690514 -0.1305261922200516
  endloop
endfacet
facet normal 0.84946356188069616 0.41890907012172457 -0.32082214388460267
  outer loop
    vertex 0.89239910083252283 0.36964381061438611 -0.25881904510252063
    vertex 0.85355339059327384 0.35355339059327379 -0.3826834323650895
    vertex 0.80010314519126569 0.46193976625564337 -0.3826834323650895
  endloop
endfacet
facet normal 0.84946356188069616 0.41890907012172512 -0.32082214388460217
  outer loop
    vertex 0.89239910083252283 0.36964381061438611 -0.25881904510252063
    vertex 0.80010314519126569 0.46193976625564337 -0.3826834323650895
    vertex 0.83651630373780794 0.4829629131445341 -0.25881904510252063
  endloop
endfacet
facet normal 0.80471746871712613 0.3968427389453395 -0.4415264840163749
  outer loop
    vertex 0.85355339059327384 0.35355339059327379 -0.3826834323650895
    vertex 0.80010314519126557 0.3314135740355918 -0.49999999999999983
    vertex 0.75000000000000011 0.4330127018922193 -0.49999999999999983
  endloop
endfacet
facet normal 0.80471746871712624 0.39684273894533934 -0.44152648401637501
  outer loop
    vertex 0.85355339059327384 0.35355339059327379 -0.3826834323650895
    vertex 0.75000000000000011 0.4330127018922193 -0.49999999999999983
    vertex 0.80010314519126569 0.46193976625564337 -0.3826834323650895
  endloop
endfacet
facet normal 0.74621521005411162 0.36799261767317321 -0.55474705372984523
  outer loop
    vertex 0.80010314519126557 0.3314135740355918 -0.49999999999999983
    vertex 0.7329629131445341 0.30360317934095893 -0.60876142900872066
    vertex 0.68706414686945017 0.39667667014561753 -0.60876142900872066
  endloop
endfacet
facet normal 0.74621521005411162 0.36799261767317365 -0.55474705372984501
  outer loop
    vertex 0.80010314519126557 0.3314135740355918 -0.49999999999999983
    vertex 0.68706414686945017 0.39667667014561753 -0.60876142900872066
    vertex 0.75000000000000011 0.4330127018922193 -0.49999999999999983
  endloop
endfacet
facet normal 0.67493247939014223 0.33283986509121594 -0.65854671244364793
  outer loop
    vertex 0.7329629131445341 0.30360317934095893 -0.60876142900872066
    vertex 0.65328148243818829 0.27059805007309851 -0.70710678118654746
    vertex 0.61237243569579458 0.35355339059327373 -0.70710678118654746
  endloop
endfacet
facet normal 0.67493247939014211 0.33283986509121533 -0.65854671244364815
  outer loop
    vertex 0.7329629131445341 0.30360317934095893 -0.60876142900872066
    vertex 0.61237243569579458 0.35355339059327373 -0.70710678118654746
    vertex 0.68706414686945017 0.39667667014561753 -0.60876142900872066
  endloop
endfacet
facet normal 0.59206551503905092 0.29197440065237634 -0.75113871905609353
  outer loop
    vertex 0.65328148243818829 0.27059805007309851 -0.70710678118654746
    vertex 0.56242222444347989 0.23296291314453424 -0.79335334029123505
    vertex 0.52720286236566938 0.30438071450436038 -0.79335334029123505
  endloop
endfacet
facet normal 0.59206551503905092 0.29197440065237618 -0.75113871905609364
  outer loop
    vertex 0.65328148243818829 0.27059805007309851 -0.70710678118654746
    vertex 0.52720286236566938 0.30438071450436038 -0.79335334029123505
    vertex 0.61237243569579458 0.35355339059327373 -0.70710678118654746
  endloop
endfacet
facet normal 0.49901420221643106 0.2460865713476931 -0.83091890421907943
  outer loop
    vertex 0.56242222444347989 0.23296291314453424 -0.79335334029123505
    vertex 0.46193976625564331 0.19134171618254486 -0.86602540378443871
    vertex 0.4330127018922193 0.24999999999999994 -0.86602540378443871
  endloop
endfacet
facet normal 0.499014202216431 0.24608657134769321 -0.83091890421907932
  outer loop
    vertex 0.56242222444347989 0.23296291314453424 -0.79335334029123505
    vertex 0.4330127018922193 0.24999999999999994 -0.86602540378443871
    vertex 0.52720286236566938 0.30438071450436038 -0.79335334029123505
  endloop
endfacet
facet normal 0.39736087772082507 0.19595669933180895 -0.89649612650803934
  outer loop
    vertex 0.46193976625564331 0.19134171618254486 -0.86602540378443871
    vertex 0.35355339059327384 0.1464466094067263 -0.92387953251128674
    vertex 0.33141357403559191 0.19134171618254492 -0.92387953251128674
  endloop
endfacet
facet normal 0.39736087772082501 0.19595669933180904 -0.89649612650803923
  outer loop
    vertex 0.46193976625564331 0.19134171618254486 -0.86602540378443871
    vertex 0.33141357403559191 0.19134171618254492 -0.92387953251128674
    vertex 0.4330127018922193 0.24999999999999994 -0.86602540378443871
  endloop
endfacet
facet normal 0.28884477269795061 0.14244247848904623 -0.94672004183230796
  outer loop
    vertex 0.35355339059327384 0.1464466094067263 -0.92387953251128674
    vertex 0.23911761839433476 0.09904576054128772 -0.9659258262890682
    vertex 0.22414386804201361 0.12940952255126048 -0.9659258262890682
  endloop
endfacet
facet normal 0.28884477269795067 0.1424424784890459 -0.94672004183230796
  outer loop
    vertex 0.35355339059327384 0.1464466094067263 -0.92387953251128674
    vertex 0.22414386804201361 0.12940952255126048 -0.9659258262890682
    vertex 0.33141357403559191 0.19134171618254492 -0.92387953251128674
  endloop
endfacet
facet normal 0.17533228929180378 0.086464316499850313 -0.98070510873753935
  outer loop
    vertex 0.23911761839433476 0.09904576054128772 -0.9659258262890682
    vertex 0.12059047744873999 0.049950211252314976 -0.99144486137381038
    vertex 0.11303899832181578 0.065263096110025981 -0.99144486137381038
  endloop
endfacet
facet normal 0.17533228929180372 0.086464316499850452 -0.98070510873753924
  outer loop
    vertex 0.23911761839433476 0.09904576054128772 -0.9659258262890682
    vertex 0.11303899832181578 0.065263096110025981 -0.99144486137381038
    vertex 0.22414386804201361 0.12940952255126048 -0.9659258262890682
  endloop
endfacet
facet normal 0.058783605077349331 0.028988865969525424 -0.9978497549350358
  outer loop
    vertex 0 0 -1
    vertex 0.11303899832181578 0.065263096110025981 -0.99144486137381038
    vertex 0.12059047744873999 0.049950211252314976 -0.99144486137381038
  endloop
endfacet
facet normal 0.054496896895186019 0.03641366233825389 0.99784975493503592
  outer loop
    vertex 0 0 1
    vertex 0.11303899832181542 0.065263096110025773 0.99144486137381038
    vertex 0.10355339059327374 0.079459311298945554 0.99144486137381038
  endloop
endfacet
facet normal 0.16254643925562948 0.10861005838045855 0.98070510873753969
  outer loop
    vertex 0.11303899832181542 0.065263096110025773 0.99144486137381038
    vertex 0.22414386804201339 0.12940952255126034 0.96592582628906831
    vertex 0.20533495396307269 0.15755905175128304 0.96592582628906831
  endloop
endfacet
facet normal 0.16254643925562948 0.10861005838045854 0.98070510873753969
  outer loop
    vertex 0.11303899832181542 0.065263096110025773 0.99144486137381038
    vertex 0.20533495396307269 0.15755905175128304 0.96592582628906831
    vertex 0.10355339059327374 0.079459311298945554 0.99144486137381038
  endloop
endfacet
facet normal 0.26778119129850791 0.17892567166224421 0.94672004183230785
  outer loop
    vertex 0.22414386804201339 0.12940952255126034 0.96592582628906831
    vertex 0.3314135740355918 0.19134171618254486 0.92387953251128674
    vertex 0.30360317934095893 0.23296291314453416 0.92387953251128674
  endloop
endfacet
facet normal 0.26778119129850803 0.1789256716622443 0.94672004183230785
  outer loop
    vertex 0.22414386804201339 0.12940952255126034 0.96592582628906831
    vertex 0.30360317934095893 0.23296291314453416 0.92387953251128674
    vertex 0.20533495396307269 0.15755905175128304 0.96592582628906831
  endloop
endfacet
facet normal 0.36838391852350799 0.24614626491041172 0.89649612650803967
  outer loop
    vertex 0.3314135740355918 0.19134171618254486 0.92387953251128674
    vertex 0.4330127018922193 0.24999999999999994 0.86602540378443871
    vertex 0.39667667014561753 0.30438071450436027 0.86602540378443871
  endloop
endfacet
facet normal 0.36838391852350816 0.24614626491041169 0.89649612650803956
  outer loop
    vertex 0.3314135740355918 0.19134171618254486 0.92387953251128674
    vertex 0.39667667014561753 0.30438071450436027 0.86602540378443871
    vertex 0.30360317934095893 0.23296291314453416 0.92387953251128674
  endloop
endfacet
facet normal 0.46262432342552945 0.30911569029480779 0.83091890421907932
  outer loop
    vertex 0.4330127018922193 0.24999999999999994 0.86602540378443871
    vertex 0.52720286236566927 0.30438071450436027 0.79335334029123517
    vertex 0.48296291314453416 0.37059047744873963 0.79335334029123517
  endloop
endfacet
facet normal 0.46262432342552956 0.30911569029480773 0.83091890421907932
  outer loop
    vertex 0.4330127018922193 0.24999999999999994 0.86602540378443871
    vertex 0.48296291314453416 0.37059047744873963 0.79335334029123517
    vertex 0.39667667014561753 0.30438071450436027 0.86602540378443871
  endloop
endfacet
facet normal 0.54889000573921909 0.36675657640234732 0.75113871905609364
  outer loop
    vertex 0.52720286236566927 0.30438071450436027 0.79335334029123517
    vertex 0.61237243569579447 0.35355339059327368 0.70710678118654757
    vertex 0.56098552679693092 0.4304593345768794 0.70710678118654757
  endloop
endfacet
facet normal 0.54889000573921864 0.3667565764023476 0.75113871905609375
  outer loop
    vertex 0.52720286236566927 0.30438071450436027 0.79335334029123517
    vertex 0.56098552679693092 0.4304593345768794 0.70710678118654757
    vertex 0.48296291314453416 0.37059047744873963 0.79335334029123517
  endloop
endfacet
facet normal 0.62571401825624906 0.41808874044547212 0.65854671244364815
  outer loop
    vertex 0.61237243569579447 0.35355339059327368 0.70710678118654757
    vertex 0.68706414686945017 0.39667667014561753 0.60876142900872066
    vertex 0.62940952255126037 0.48296291314453416 0.60876142900872066
  endloop
endfacet
facet normal 0.62571401825624939 0.41808874044547184 0.65854671244364804
  outer loop
    vertex 0.61237243569579447 0.35355339059327368 0.70710678118654757
    vertex 0.62940952255126037 0.48296291314453416 0.60876142900872066
    vertex 0.56098552679693092 0.4304593345768794 0.70710678118654757
  endloop
endfacet
facet normal 0.69179856033715859 0.4622450197606145 0.55474705372984534
  outer loop
    vertex 0.68706414686945017 0.39667667014561753 0.60876142900872066
    vertex 0.75 0.43301270189221924 0.50000000000000011
    vertex 0.68706414686945005 0.52720286236566916 0.50000000000000011
  endloop
endfacet
facet normal 0.69179856033715825 0.46224501976061472 0.55474705372984556
  outer loop
    vertex 0.68706414686945017 0.39667667014561753 0.60876142900872066
    vertex 0.68706414686945005 0.52720286236566916 0.50000000000000011
    vertex 0.62940952255126037 0.48296291314453416 0.60876142900872066
  endloop
endfacet
facet normal 0.74603462759262318 0.49848440130547095 0.44152648401637523
  outer loop
    vertex 0.75 0.43301270189221924 0.50000000000000011
    vertex 0.80010314519126557 0.46193976625564331 0.38268343236508984
    vertex 0.7329629131445341 0.56242222444347967 0.38268343236508984
  endloop
endfacet
facet normal 0.74603462759262351 0.49848440130547056 0.44152648401637484
  outer loop
    vertex 0.75 0.43301270189221924 0.50000000000000011
    vertex 0.7329629131445341 0.56242222444347967 0.38268343236508984
    vertex 0.68706414686945005 0.52720286236566916 0.50000000000000011
  endloop
endfacet
facet normal 0.78751767754147861 0.52620248911703471 0.32082214388460245
  outer loop
    vertex 0.80010314519126557 0.46193976625564331 0.38268343236508984
    vertex 0.83651630373780794 0.4829629131445341 0.25881904510252074
    vertex 0.7663204807600037 0.5880183863281625 0.25881904510252074
  endloop
endfacet
facet normal 0.78751767754147817 0.52620248911703515 0.32082214388460295
  outer loop
    vertex 0.80010314519126557 0.46193976625564331 0.38268343236508984
    vertex 0.7663204807600037 0.5880183863281625 0.25881904510252074
    vertex 0.7329629131445341 0.56242222444347967 0.38268343236508984
  endloop
endfacet
facet normal 0.8155595482547775 0.54493946809495608 0.19468846746237881
  outer loop
    vertex 0.83651630373780794 0.4829629131445341 0.25881904510252074
    vertex 0.85861643640126095 0.49572243068690514 0.13052619222005171
    vertex 0.78656609248549303 0.60355339059327373 0.13052619222005171
  endloop
endfacet
facet normal 0.8155595482547775 0.54493946809495586 0.19468846746237856
  outer loop
    vertex 0.83651630373780794 0.4829629131445341 0.25881904510252074
    vertex 0.78656609248549303 0.60355339059327373 0.13052619222005171
    vertex 0.7663204807600037 0.5880183863281625 0.25881904510252074
  endloop
endfacet
facet normal 0.82969696280381344 0.5543857864920313 0.065263693197208733
  outer loop
    vertex 0.85861643640126095 0.49572243068690514 0.13052619222005171
    vertex 0.86602540378443871 0.49999999999999994 6.123233995736766e-17
    vertex 0.79335334029123517 0.60876142900872066 6.123233995736766e-17
  endloop
endfacet
facet normal 0.82969696280381333 0.55438578649203141 0.065263693197208816
  outer loop
    vertex 0.85861643640126095 0.49572243068690514 0.13052619222005171
    vertex 0.79335334029123517 0.60876142900872066 6.123233995736766e-17
    vertex 0.78656609248549303 0.60355339059327373 0.13052619222005171
  endloop
endfacet
facet normal 0.82969696280381322 0.55438578649203141 -0.065263693197208733
  outer loop
    vertex 0.86602540378443871 0.49999999999999994 6.123233995736766e-17
    vertex 0.85861643640126095 0.49572243068690514 -0.1305261922200516
    vertex 0.78656609248549303 0.60355339059327373 -0.1305261922200516
  endloop
endfacet
facet normal 0.82969696280381344 0.5543857864920313 -0.065263693197208816
  outer loop
    vertex 0.86602540378443871 0.49999999999999994 6.123233995736766e-17
    vertex 0.78656609248549303 0.60355339059327373 -0.1305261922200516
    vertex 0.79335334029123517 0.60876142900872066 6.123233995736766e-17
  endloop
endfacet
facet normal 0.81555954825477761 0.54493946809495575 -0.19468846746237878
  outer loop
    vertex 0.85861643640126095 0.49572243068690514 -0.1305261922200516
    vertex 0.83651630373780794 0.4829629131445341 -0.25881904510252063
    vertex 0.7663204807600037 0.5880183863281625 -0.25881904510252063
  endloop
endfacet
facet normal 0.81555954825477739 0.54493946809495608 -0.19468846746237858
  outer loop
    vertex 0.85861643640126095 0.49572243068690514 -0.1305261922200516
    vertex 0.7663204807600037 0.5880183863281625 -0.25881904510252063
    vertex 0.78656609248549303 0.60355339059327373 -0.1305261922200516
  endloop
endfacet
facet normal 0.78751767754147861 0.52620248911703504 -0.32082214388460217
  outer loop
    vertex 0.83651630373780794 0.4829629131445341 -0.25881904510252063
    vertex 0.80010314519126569 0.46193976625564337 -0.3826834323650895
    vertex 0.73296291314453421 0.56242222444347978 -0.3826834323650895
  endloop
endfacet
facet normal 0.78751767754147861 0.52620248911703482 -0.32082214388460245
  outer loop
    vertex 0.83651630373780794 0.4829629131445341 -0.25881904510252063
    vertex 0.73296291314453421 0.56242222444347978 -0.3826834323650895
    vertex 0.7663204807600037 0.5880183863281625 -0.25881904510252063
  endloop
endfacet
facet normal 0.74603462759262351 0.49848440130547034 -0.44152648401637506
  outer loop
    vertex 0.80010314519126569 0.46193976625564337 -0.3826834323650895
    vertex 0.75000000000000011 0.4330127018922193 -0.49999999999999983
    vertex 0.68706414686945017 0.52720286236566927 -0.49999999999999983
  endloop
endfacet
facet normal 0.7460346275926234 0.49848440130547084 -0.44152648401637462
  outer loop
    vertex 0.80010314519126569 0.46193976625564337 -0.3826834323650895
    vertex 0.68706414686945017 0.52720286236566927 -0.49999999999999983
    vertex 0.73296291314453421 0.56242222444347978 -0.3826834323650895
  endloop
endfacet
facet normal 0.69179856033715859 0.46224501976061488 -0.55474705372984501
  outer loop
    vertex 0.75000000000000011 0.4330127018922193 -0.49999999999999983
    vertex 0.68706414686945017 0.39667667014561753 -0.60876142900872066
    vertex 0.62940952255126037 0.48296291314453416 -0.60876142900872066
  endloop
endfacet
facet normal 0.6917985603371587 0.46224501976061427 -0.55474705372984534
  outer loop
    vertex 0.75000000000000011 0.4330127018922193 -0.49999999999999983
    vertex 0.62940952255126037 0.48296291314453416 -0.60876142900872066
    vertex 0.68706414686945017 0.52720286236566927 -0.49999999999999983
  endloop
endfacet
facet normal 0.62571401825624928 0.41808874044547178 -0.65854671244364815
  outer loop
    vertex 0.68706414686945017 0.39667667014561753 -0.60876142900872066
    vertex 0.61237243569579458 0.35355339059327373 -0.70710678118654746
    vertex 0.56098552679693103 0.43045933457687946 -0.70710678118654746
  endloop
endfacet
facet normal 0.62571401825624928 0.41808874044547228 -0.65854671244364793
  outer loop
    vertex 0.68706414686945017 0.39667667014561753 -0.60876142900872066
    vertex 0.56098552679693103 0.43045933457687946 -0.70710678118654746
    vertex 0.62940952255126037 0.48296291314453416 -0.60876142900872066
  endloop
endfacet
facet normal 0.54889000573921931 0.36675657640234716 -0.75113871905609353
  outer loop
    vertex 0.61237243569579458 0.35355339059327373 -0.70710678118654746
    vertex 0.52720286236566938 0.30438071450436038 -0.79335334029123505
    vertex 0.48296291314453432 0.3705904774487398 -0.79335334029123505
  endloop
endfacet
facet normal 0.54889000573921931 0.36675657640234749 -0.75113871905609353
  outer loop
    vertex 0.61237243569579458 0.35355339059327373 -0.70710678118654746
    vertex 0.48296291314453432 0.3705904774487398 -0.79335334029123505
    vertex 0.56098552679693103 0.43045933457687946 -0.70710678118654746
  endloop
endfacet
facet normal 0.46262432342552962 0.30911569029480784 -0.83091890421907932
  outer loop
    vertex 0.52720286236566938 0.30438071450436038 -0.79335334029123505
    vertex 0.4330127018922193 0.24999999999999994 -0.86602540378443871
    vertex 0.39667667014561753 0.30438071450436027 -0.86602540378443871
  endloop
endfacet
facet normal 0.46262432342552956 0.30911569029480723 -0.83091890421907955
  outer loop
    vertex 0.52720286236566938 0.30438071450436038 -0.79335334029123505
    vertex 0.39667667014561753 0.30438071450436027 -0.86602540378443871
    vertex 0.48296291314453432 0.3705904774487398 -0.79335334029123505
  endloop
endfacet
facet normal 0.36838391852350838 0.24614626491041181 -0.89649612650803934
  outer loop
    vertex 0.4330127018922193 0.24999999999999994 -0.86602540378443871
    vertex 0.33141357403559191 0.19134171618254492 -0.92387953251128674
    vertex 0.30360317934095904 0.23296291314453421 -0.92387953251128674
  endloop
endfacet
facet normal 0.36838391852350838 0.24614626491041197 -0.89649612650803934
  outer loop
    vertex 0.4330127018922193 0.24999999999999994 -0.86602540378443871
    vertex 0.30360317934095904 0.23296291314453421 -0.92387953251128674
    vertex 0.39667667014561753 0.30438071450436027 -0.86602540378443871
  endloop
endfacet
facet normal 0.26778119129850764 0.17892567166224418 -0.94672004183230807
  outer loop
    vertex 0.33141357403559191 0.19134171618254492 -0.92387953251128674
    vertex 0.22414386804201361 0.12940952255126048 -0.9659258262890682
    vertex 0.20533495396307289 0.15755905175128321 -0.9659258262890682
  endloop
endfacet
facet normal 0.26778119129850758 0.17892567166224402 -0.94672004183230796
  outer loop
    vertex 0.33141357403559191 0.19134171618254492 -0.92387953251128674
    vertex 0.20533495396307289 0.15755905175128321 -0.9659258262890682
    vertex 0.30360317934095904 0.23296291314453421 -0.92387953251128674
  endloop
endfacet
facet normal 0.16254643925563039 0.10861005838045905 -0.98070510873753935
  outer loop
    vertex 0.22414386804201361 0.12940952255126048 -0.9659258262890682
    vertex 0.11303899832181578 0.065263096110025981 -0.99144486137381038
    vertex 0.10355339059327408 0.079459311298945803 -0.99144486137381038
  endloop
endfacet
facet normal 0.16254643925563028 0.10861005838045915 -0.98070510873753935
  outer loop
    vertex 0.22414386804201361 0.12940952255126048 -0.9659258262890682
    vertex 0.10355339059327408 0.079459311298945803 -0.99144486137381038
    vertex 0.20533495396307289 0.15755905175128321 -0.9659258262890682
  endloop
endfacet
facet normal 0.054496896895185873 0.036413662338253716 -0.99784975493503592
  outer loop
    vertex 0 0 -1
    vertex 0.10355339059327408 0.079459311298945803 -0.99144486137381038
    vertex 0.11303899832181578 0.065263096110025981 -0.99144486137381038
  endloop
endfacet
facet normal 0.049277731697751591 0.043215410848600228 0.99784975493503569
  outer loop
    vertex 0 0 1
    vertex 0.10355339059327374 0.079459311298945554 0.99144486137381038
    vertex 0.092295955641257255 0.092295955641257241 0.99144486137381038
  endloop
endfacet
facet normal 0.14697937457740531 0.12889745204978043 0.98070510873753947
  outer loop
    vertex 0.10355339059327374 0.079459311298945554 0.99144486137381038
    vertex 0.20533495396307269 0.15755905175128304 0.96592582628906831
    vertex 0.18301270189221933 0.1830127018922193 0.96592582628906831
  endloop
endfacet
facet normal 0.14697937457740529 0.12889745204978045 0.98070510873753969
  outer loop
    vertex 0.10355339059327374 0.079459311298945554 0.99144486137381038
    vertex 0.18301270189221933 0.1830127018922193 0.96592582628906831
    vertex 0.092295955641257255 0.092295955641257241 0.99144486137381038
  endloop
endfacet
facet normal 0.24213579947297509 0.21234739698573321 0.94672004183230785
  outer loop
    vertex 0.20533495396307269 0.15755905175128304 0.96592582628906831
    vertex 0.30360317934095893 0.23296291314453416 0.92387953251128674
    vertex 0.27059805007309851 0.27059805007309845 0.92387953251128674
  endloop
endfacet
facet normal 0.24213579947297517 0.21234739698573318 0.94672004183230785
  outer loop
    vertex 0.20533495396307269 0.15755905175128304 0.96592582628906831
    vertex 0.27059805007309851 0.27059805007309845 0.92387953251128674
    vertex 0.18301270189221933 0.1830127018922193 0.96592582628906831
  endloop
endfacet
facet normal 0.33310380834493653 0.29212419965175962 0.89649612650803956
  outer loop
    vertex 0.30360317934095893 0.23296291314453416 0.92387953251128674
    vertex 0.39667667014561753 0.30438071450436027 0.86602540378443871
    vertex 0.35355339059327373 0.35355339059327368 0.86602540378443871
  endloop
endfacet
facet normal 0.3331038083449363 0.29212419965175962 0.89649612650803945
  outer loop
    vertex 0.30360317934095893 0.23296291314453416 0.92387953251128674
    vertex 0.35355339059327373 0.35355339059327368 0.86602540378443871
    vertex 0.27059805007309851 0.27059805007309845 0.92387953251128674
  endloop
endfacet
facet normal 0.41831881419712308 0.3668557540779171 0.83091890421907943
  outer loop
    vertex 0.39667667014561753 0.30438071450436027 0.86602540378443871
    vertex 0.48296291314453416 0.37059047744873963 0.79335334029123517
    vertex 0.43045933457687946 0.4304593345768794 0.79335334029123517
  endloop
endfacet
facet normal 0.41831881419712297 0.36685575407791721 0.83091890421907943
  outer loop
    vertex 0.39667667014561753 0.30438071450436027 0.86602540378443871
    vertex 0.43045933457687946 0.4304593345768794 0.79335334029123517
    vertex 0.35355339059327373 0.35355339059327368 0.86602540378443871
  endloop
endfacet
facet normal 0.4963228362601288 0.43526344544594114 0.75113871905609386
  outer loop
    vertex 0.48296291314453416 0.37059047744873963 0.79335334029123517
    vertex 0.56098552679693092 0.4304593345768794 0.70710678118654757
    vertex 0.5 0.49999999999999989 0.70710678118654757
  endloop
endfacet
facet normal 0.49632283626012913 0.43526344544594103 0.75113871905609386
  outer loop
    vertex 0.48296291314453416 0.37059047744873963 0.79335334029123517
    vertex 0.5 0.49999999999999989 0.70710678118654757
    vertex 0.43045933457687946 0.4304593345768794 0.79335334029123517
  endloop
endfacet
facet normal 0.56578941678929184 0.49618400153460823 0.65854671244364804
  outer loop
    vertex 0.56098552679693092 0.4304593345768794 0.70710678118654757
    vertex 0.62940952255126037 0.48296291314453416 0.60876142900872066
    vertex 0.56098552679693103 0.56098552679693092 0.60876142900872066
  endloop
endfacet
facet normal 0.56578941678929207 0.49618400153460818 0.65854671244364782
  outer loop
    vertex 0.56098552679693092 0.4304593345768794 0.70710678118654757
    vertex 0.56098552679693103 0.56098552679693092 0.60876142900872066
    vertex 0.5 0.49999999999999989 0.70710678118654757
  endloop
endfacet
facet normal 0.6255450454500403 0.54858828140141924 0.55474705372984545
  outer loop
    vertex 0.62940952255126037 0.48296291314453416 0.60876142900872066
    vertex 0.68706414686945005 0.52720286236566916 0.50000000000000011
    vertex 0.61237243569579458 0.61237243569579447 0.50000000000000011
  endloop
endfacet
facet normal 0.62554504545003986 0.54858828140141958 0.5547470537298459
  outer loop
    vertex 0.62940952255126037 0.48296291314453416 0.60876142900872066
    vertex 0.61237243569579458 0.61237243569579447 0.50000000000000011
    vertex 0.56098552679693103 0.56098552679693092 0.60876142900872066
  endloop
endfacet
facet normal 0.6745869271501358 0.59159685735327838 0.44152648401637468
  outer loop
    vertex 0.68706414686945005 0.52720286236566916 0.50000000000000011
    vertex 0.7329629131445341 0.56242222444347967 0.38268343236508984
    vertex 0.65328148243818829 0.65328148243818818 0.38268343236508984
  endloop
endfacet
facet normal 0.67458692715013602 0.59159685735327827 0.44152648401637462
  outer loop
    vertex 0.68706414686945005 0.52720286236566916 0.50000000000000011
    vertex 0.65328148243818829 0.65328148243818818 0.38268343236508984
    vertex 0.61237243569579458 0.61237243569579447 0.50000000000000011
  endloop
endfacet
facet normal 0.71209714739837671 0.62449243763265994 0.32082214388460306
  outer loop
    vertex 0.7329629131445341 0.56242222444347967 0.38268343236508984
    vertex 0.7663204807600037 0.5880183863281625 0.25881904510252074
    vertex 0.68301270189221941 0.6830127018922193 0.25881904510252074
  endloop
endfacet
facet normal 0.71209714739837671 0.62449243763266005 0.32082214388460306
  outer loop
    vertex 0.7329629131445341 0.56242222444347967 0.38268343236508984
    vertex 0.68301270189221941 0.6830127018922193 0.25881904510252074
    vertex 0.65328148243818829 0.65328148243818818 0.38268343236508984
  endloop
endfacet
facet normal 0.73745344950069058 0.64672931776492326 0.19468846746237858
  outer loop
    vertex 0.7663204807600037 0.5880183863281625 0.25881904510252074
    vertex 0.78656609248549303 0.60355339059327373 0.13052619222005171
    vertex 0.70105738464997791 0.7010573846499778 0.13052619222005171
  endloop
endfacet
facet normal 0.73745344950069058 0.64672931776492293 0.19468846746237833
  outer loop
    vertex 0.7663204807600037 0.5880183863281625 0.25881904510252074
    vertex 0.70105738464997791 0.7010573846499778 0.13052619222005171
    vertex 0.68301270189221941 0.6830127018922193 0.25881904510252074
  endloop
endfacet
facet normal 0.75023692453757485 0.65794012448752637 0.065263693197208789
  outer loop
    vertex 0.78656609248549303 0.60355339059327373 0.13052619222005171
    vertex 0.79335334029123517 0.60876142900872066 6.123233995736766e-17
    vertex 0.70710678118654757 0.70710678118654746 6.123233995736766e-17
  endloop
endfacet
facet normal 0.75023692453757496 0.65794012448752626 0.065263693197208691
  outer loop
    vertex 0.78656609248549303 0.60355339059327373 0.13052619222005171
    vertex 0.70710678118654757 0.70710678118654746 6.123233995736766e-17
    vertex 0.70105738464997791 0.7010573846499778 0.13052619222005171
  endloop
endfacet
facet normal 0.75023692453757485 0.65794012448752637 -0.065263693197208802
  outer loop
    vertex 0.79335334029123517 0.60876142900872066 6.123233995736766e-17
    vertex 0.78656609248549303 0.60355339059327373 -0.1305261922200516
    vertex 0.70105738464997791 0.7010573846499778 -0.1305261922200516
  endloop
endfacet
facet normal 0.75023692453757485 0.65794012448752637 -0.065263693197208691
  outer loop
    vertex 0.79335334029123517 0.60876142900872066 6.123233995736766e-17
    vertex 0.70105738464997791 0.7010573846499778 -0.1305261922200516
    vertex 0.70710678118654757 0.70710678118654746 6.123233995736766e-17
  endloop
endfacet
facet normal 0.73745344950069058 0.64672931776492293 -0.19468846746237853
  outer loop
    vertex 0.78656609248549303 0.60355339059327373 -0.1305261922200516
    vertex 0.7663204807600037 0.5880183863281625 -0.25881904510252063
    vertex 0.68301270189221941 0.6830127018922193 -0.25881904510252063
  endloop
endfacet
facet normal 0.73745344950069058 0.64672931776492326 -0.19468846746237839
  outer loop
    vertex 0.78656609248549303 0.60355339059327373 -0.1305261922200516
    vertex 0.68301270189221941 0.6830127018922193 -0.25881904510252063
    vertex 0.70105738464997791 0.7010573846499778 -0.1305261922200516
  endloop
endfacet
facet normal 0.71209714739837682 0.62449243763266016 -0.32082214388460251
  outer loop
    vertex 0.7663204807600037 0.5880183863281625 -0.25881904510252063
    vertex 0.73296291314453421 0.56242222444347978 -0.3826834323650895
    vertex 0.6532814824381884 0.65328148243818829 -0.3826834323650895
  endloop
endfacet
facet normal 0.71209714739837682 0.62449243763266005 -0.32082214388460245
  outer loop
    vertex 0.7663204807600037 0.5880183863281625 -0.25881904510252063
    vertex 0.6532814824381884 0.65328148243818829 -0.3826834323650895
    vertex 0.68301270189221941 0.6830127018922193 -0.25881904510252063
  endloop
endfacet
facet normal 0.67458692715013524 0.59159685735327927 -0.44152648401637462
  outer loop
    vertex 0.73296291314453421 0.56242222444347978 -0.3826834323650895
    vertex 0.68706414686945017 0.52720286236566927 -0.49999999999999983
    vertex 0.61237243569579458 0.61237243569579447 -0.49999999999999983
  endloop
endfacet
facet normal 0.67458692715013557 0.59159685735327838 -0.4415264840163754
  outer loop
    vertex 0.73296291314453421 0.56242222444347978 -0.3826834323650895
    vertex 0.61237243569579458 0.61237243569579447 -0.49999999999999983
    vertex 0.6532814824381884 0.65328148243818829 -0.3826834323650895
  endloop
endfacet
facet normal 0.62554504545004019 0.5485882814014198 -0.55474705372984534
  outer loop
    vertex 0.68706414686945017 0.52720286236566927 -0.49999999999999983
    vertex 0.62940952255126037 0.48296291314453416 -0.60876142900872066
    vertex 0.56098552679693103 0.56098552679693092 -0.60876142900872066
  endloop
endfacet
facet normal 0.62554504545003986 0.54858828140142035 -0.5547470537298449
  outer loop
    vertex 0.68706414686945017 0.52720286236566927 -0.49999999999999983
    vertex 0.56098552679693103 0.56098552679693092 -0.60876142900872066
    vertex 0.61237243569579458 0.61237243569579447 -0.49999999999999983
  endloop
endfacet
facet normal 0.56578941678929229 0.4961840015346079 -0.65854671244364782
  outer loop
    vertex 0.62940952255126037 0.48296291314453416 -0.60876142900872066
    vertex 0.56098552679693103 0.43045933457687946 -0.70710678118654746
    vertex 0.50000000000000011 0.5 -0.70710678118654746
  endloop
endfacet
facet normal 0.56578941678929218 0.49618400153460845 -0.65854671244364771
  outer loop
    vertex 0.62940952255126037 0.48296291314453416 -0.60876142900872066
    vertex 0.50000000000000011 0.5 -0.70710678118654746
    vertex 0.56098552679693103 0.56098552679693092 -0.60876142900872066
  endloop
endfacet
facet normal 0.49632283626012924 0.43526344544594159 -0.75113871905609342
  outer loop
    vertex 0.56098552679693103 0.43045933457687946 -0.70710678118654746
    vertex 0.48296291314453432 0.3705904774487398 -0.79335334029123505
    vertex 0.43045933457687963 0.43045933457687952 -0.79335334029123505
  endloop
endfacet
facet normal 0.4963228362601293 0.43526344544594114 -0.75113871905609364
  outer loop
    vertex 0.56098552679693103 0.43045933457687946 -0.70710678118654746
    vertex 0.43045933457687963 0.43045933457687952 -0.79335334029123505
    vertex 0.50000000000000011 0.5 -0.70710678118654746
  endloop
endfacet
facet normal 0.41831881419712286 0.36685575407791715 -0.83091890421907943
  outer loop
    vertex 0.48296291314453432 0.3705904774487398 -0.79335334029123505
    vertex 0.39667667014561753 0.30438071450436027 -0.86602540378443871
    vertex 0.35355339059327373 0.35355339059327368 -0.86602540378443871
  endloop
endfacet
facet normal 0.41831881419712286 0.36685575407791721 -0.83091890421907943
  outer loop
    vertex 0.48296291314453432 0.3705904774487398 -0.79335334029123505
    vertex 0.35355339059327373 0.35355339059327368 -0.86602540378443871
    vertex 0.43045933457687963 0.43045933457687952 -0.79335334029123505
  endloop
endfacet
facet normal 0.33310380834493686 0.29212419965175962 -0.89649612650803923
  outer loop
    vertex 0.39667667014561753 0.30438071450436027 -0.86602540378443871
    vertex 0.30360317934095904 0.23296291314453421 -0.92387953251128674
    vertex 0.27059805007309862 0.27059805007309856 -0.92387953251128674
  endloop
endfacet
facet normal 0.33310380834493675 0.2921241996517599 -0.89649612650803934
  outer loop
    vertex 0.39667667014561753 0.30438071450436027 -0.86602540378443871
    vertex 0.27059805007309862 0.27059805007309856 -0.92387953251128674
    vertex 0.35355339059327373 0.35355339059327368 -0.86602540378443871
  endloop
endfacet
facet normal 0.24213579947297487 0.21234739698573263 -0.94672004183230796
  outer loop
    vertex 0.30360317934095904 0.23296291314453421 -0.92387953251128674
    vertex 0.20533495396307289 0.15755905175128321 -0.9659258262890682
    vertex 0.18301270189221952 0.18301270189221949 -0.9659258262890682
  endloop
endfacet
facet normal 0.24213579947297489 0.21234739698573277 -0.94672004183230796
  outer loop
    vertex 0.30360317934095904 0.23296291314453421 -0.92387953251128674
    vertex 0.18301270189221952 0.18301270189221949 -0.9659258262890682
    vertex 0.27059805007309862 0.27059805007309856 -0.92387953251128674
  endloop
endfacet
facet normal 0.14697937457740604 0.1288974520497812 -0.98070510873753947
  outer loop
    vertex 0.20533495396307289 0.15755905175128321 -0.9659258262890682
    vertex 0.10355339059327408 0.079459311298945803 -0.99144486137381038
    vertex 0.092295955641257546 0.092295955641257532 -0.99144486137381038
  endloop
endfacet
facet normal 0.14697937457740615 0.12889745204978101 -0.98070510873753947
  outer loop
    vertex 0.20533495396307289 0.15755905175128321 -0.9659258262890682
    vertex 0.092295955641257546 0.092295955641257532 -0.99144486137381038
    vertex 0.18301270189221952 0.18301270189221949 -0.9659258262890682
  endloop
endfacet
facet normal 0.049277731697751417 0.043215410848600144 -0.99784975493503592
  outer loop
    vertex 0 0 -1
    vertex 0.092295955641257546 0.092295955641257532 -0.99144486137381038
    vertex 0.10355339059327408 0.079459311298945803 -0.99144486137381038
  endloop
endfacet
facet normal 0.043215410848600234 0.049277731697751591 0.99784975493503592
  outer loop
    vertex 0 0 1
    vertex 0.092295955641257255 0.092295955641257241 0.99144486137381038
    vertex 0.079459311298945554 0.10355339059327374 0.99144486137381038
  endloop
endfacet
facet normal 0.12889745204978045 0.14697937457740526 0.98070510873753958
  outer loop
    vertex 0.092295955641257255 0.092295955641257241 0.99144486137381038
    vertex 0.18301270189221933 0.1830127018922193 0.96592582628906831
    vertex 0.15755905175128304 0.20533495396307269 0.96592582628906831
  endloop
endfacet
facet normal 0.12889745204978048 0.14697937457740526 0.98070510873753969
  outer loop
    vertex 0.092295955641257255 0.092295955641257241 0.99144486137381038
    vertex 0.15755905175128304 0.20533495396307269 0.96592582628906831
    vertex 0.079459311298945554 0.10355339059327374 0.99144486137381038
  endloop
endfacet
facet normal 0.21234739698573324 0.24213579947297501 0.94672004183230785
  outer loop
    vertex 0.18301270189221933 0.1830127018922193 0.96592582628906831
    vertex 0.27059805007309851 0.27059805007309845 0.92387953251128674
    vertex 0.23296291314453416 0.30360317934095893 0.92387953251128674
  endloop
endfacet
facet normal 0.21234739698573316 0.24213579947297509 0.94672004183230785
  outer loop
    vertex 0.18301270189221933 0.1830127018922193 0.96592582628906831
    vertex 0.23296291314453416 0.30360317934095893 0.92387953251128674
    vertex 0.15755905175128304 0.20533495396307269 0.96592582628906831
  endloop
endfacet
facet normal 0.29212419965175962 0.3331038083449363 0.89649612650803945
  outer loop
    vertex 0.27059805007309851 0.27059805007309845 0.92387953251128674
    vertex 0.35355339059327373 0.35355339059327368 0.86602540378443871
    vertex 0.30438071450436027 0.39667667014561753 0.86602540378443871
  endloop
endfacet
facet normal 0.29212419965175968 0.33310380834493636 0.89649612650803956
  outer loop
    vertex 0.27059805007309851 0.27059805007309845 0.92387953251128674
    vertex 0.30438071450436027 0.39667667014561753 0.86602540378443871
    vertex 0.23296291314453416 0.30360317934095893 0.92387953251128674
  endloop
endfacet
facet normal 0.36685575407791704 0.41831881419712308 0.83091890421907943
  outer loop
    vertex 0.35355339059327373 0.35355339059327368 0.86602540378443871
    vertex 0.43045933457687946 0.4304593345768794 0.79335334029123517
    vertex 0.37059047744873963 0.48296291314453416 0.79335334029123517
  endloop
endfacet
facet normal 0.36685575407791737 0.41831881419712308 0.83091890421907943
  outer loop
    vertex 0.35355339059327373 0.35355339059327368 0.86602540378443871
    vertex 0.37059047744873963 0.48296291314453416 0.79335334029123517
    vertex 0.30438071450436027 0.39667667014561753 0.86602540378443871
  endloop
endfacet
facet normal 0.43526344544594125 0.49632283626012896 0.75113871905609375
  outer loop
    vertex 0.43045933457687946 0.4304593345768794 0.79335334029123517
    vertex 0.5 0.49999999999999989 0.70710678118654757
    vertex 0.4304593345768794 0.56098552679693092 0.70710678118654757
  endloop
endfacet
facet normal 0.43526344544594103 0.49632283626012896 0.75113871905609375
  outer loop
    vertex 0.43045933457687946 0.4304593345768794 0.79335334029123517
    vertex 0.4304593345768794 0.56098552679693092 0.70710678118654757
    vertex 0.37059047744873963 0.48296291314453416 0.79335334029123517
  endloop
endfacet
facet normal 0.49618400153460829 0.56578941678929184 0.65854671244364793
  outer loop
    vertex 0.5 0.49999999999999989 0.70710678118654757
    vertex 0.56098552679693103 0.56098552679693092 0.60876142900872066
    vertex 0.48296291314453416 0.62940952255126037 0.60876142900872066
  endloop
endfacet
facet normal 0.49618400153460818 0.56578941678929195 0.65854671244364804
  outer loop
    vertex 0.5 0.49999999999999989 0.70710678118654757
    vertex 0.48296291314453416 0.62940952255126037 0.60876142900872066
    vertex 0.4304593345768794 0.56098552679693092 0.70710678118654757
  endloop
endfacet
facet normal 0.54858828140141913 0.62554504545004008 0.55474705372984601
  outer loop
    vertex 0.56098552679693103 0.56098552679693092 0.60876142900872066
    vertex 0.61237243569579458 0.61237243569579447 0.50000000000000011
    vertex 0.52720286236566916 0.68706414686945005 0.50000000000000011
  endloop
endfacet
facet normal 0.5485882814014198 0.62554504545003997 0.55474705372984556
  outer loop
    vertex 0.56098552679693103 0.56098552679693092 0.60876142900872066
    vertex 0.52720286236566916 0.68706414686945005 0.50000000000000011
    vertex 0.48296291314453416 0.62940952255126037 0.60876142900872066
  endloop
endfacet
facet normal 0.59159685735327849 0.6745869271501358 0.44152648401637457
  outer loop
    vertex 0.61237243569579458 0.61237243569579447 0.50000000000000011
    vertex 0.65328148243818829 0.65328148243818818 0.38268343236508984
    vertex 0.56242222444347967 0.7329629131445341 0.38268343236508984
  endloop
endfacet
facet normal 0.59159685735327827 0.67458692715013591 0.44152648401637479
  outer loop
    vertex 0.61237243569579458 0.61237243569579447 0.50000000000000011
    vertex 0.56242222444347967 0.7329629131445341 0.38268343236508984
    vertex 0.52720286236566916 0.68706414686945005 0.50000000000000011
  endloop
endfacet
facet normal 0.62449243763265994 0.71209714739837648 0.32082214388460301
  outer loop
    vertex 0.65328148243818829 0.65328148243818818 0.38268343236508984
    vertex 0.68301270189221941 0.6830127018922193 0.25881904510252074
    vertex 0.5880183863281625 0.7663204807600037 0.25881904510252074
  endloop
endfacet
facet normal 0.62449243763266005 0.7120971473983766 0.32082214388460306
  outer loop
    vertex 0.65328148243818829 0.65328148243818818 0.38268343236508984
    vertex 0.5880183863281625 0.7663204807600037 0.25881904510252074
    vertex 0.56242222444347967 0.7329629131445341 0.38268343236508984
  endloop
endfacet
facet normal 0.64672931776492315 0.73745344950069047 0.19468846746237842
  outer loop
    vertex 0.68301270189221941 0.6830127018922193 0.25881904510252074
    vertex 0.70105738464997791 0.7010573846499778 0.13052619222005171
    vertex 0.60355339059327373 0.78656609248549303 0.13052619222005171
  endloop
endfacet
facet normal 0.64672931776492304 0.73745344950069047 0.19468846746237856
  outer loop
    vertex 0.68301270189221941 0.6830127018922193 0.25881904510252074
    vertex 0.60355339059327373 0.78656609248549303 0.13052619222005171
    vertex 0.5880183863281625 0.7663204807600037 0.25881904510252074
  endloop
endfacet
facet normal 0.65794012448752648 0.75023692453757496 0.065263693197208678
  outer loop
    vertex 0.70105738464997791 0.7010573846499778 0.13052619222005171
    vertex 0.70710678118654757 0.70710678118654746 6.123233995736766e-17
    vertex 0.60876142900872066 0.79335334029123517 6.123233995736766e-17
  endloop
endfacet
facet normal 0.65794012448752637 0.75023692453757485 0.065263693197208761
  outer loop
    vertex 0.70105738464997791 0.7010573846499778 0.13052619222005171
    vertex 0.60876142900872066 0.79335334029123517 6.123233995736766e-17
    vertex 0.60355339059327373 0.78656609248549303 0.13052619222005171
  endloop
endfacet
facet normal 0.65794012448752637 0.75023692453757485 -0.065263693197208664
  outer loop
    vertex 0.70710678118654757 0.70710678118654746 6.123233995736766e-17
    vertex 0.70105738464997791 0.7010573846499778 -0.1305261922200516
    vertex 0.60355339059327373 0.78656609248549303 -0.1305261922200516
  endloop
endfacet
facet normal 0.65794012448752648 0.75023692453757485 -0.06526369319720883
  outer loop
    vertex 0.70710678118654757 0.70710678118654746 6.123233995736766e-17
    vertex 0.60355339059327373 0.78656609248549303 -0.1305261922200516
    vertex 0.60876142900872066 0.79335334029123517 6.123233995736766e-17
  endloop
endfacet
facet normal 0.64672931776492304 0.73745344950069058 -0.19468846746237839
  outer loop
    vertex 0.70105738464997791 0.7010573846499778 -0.1305261922200516
    vertex 0.68301270189221941 0.6830127018922193 -0.25881904510252063
    vertex 0.5880183863281625 0.7663204807600037 -0.25881904510252063
  endloop
endfacet
facet normal 0.64672931776492326 0.73745344950069047 -0.19468846746237856
  outer loop
    vertex 0.70105738464997791 0.7010573846499778 -0.1305261922200516
    vertex 0.5880183863281625 0.7663204807600037 -0.25881904510252063
    vertex 0.60355339059327373 0.78656609248549303 -0.1305261922200516
  endloop
endfacet
facet normal 0.62449243763266027 0.71209714739837671 -0.32082214388460256
  outer loop
    vertex 0.68301270189221941 0.6830127018922193 -0.25881904510252063
    vertex 0.6532814824381884 0.65328148243818829 -0.3826834323650895
    vertex 0.56242222444347978 0.73296291314453421 -0.3826834323650895
  endloop
endfacet
facet normal 0.62449243763266016 0.71209714739837682 -0.32082214388460245
  outer loop
    vertex 0.68301270189221941 0.6830127018922193 -0.25881904510252063
    vertex 0.56242222444347978 0.73296291314453421 -0.3826834323650895
    vertex 0.5880183863281625 0.7663204807600037 -0.25881904510252063
  endloop
endfacet
facet normal 0.59159685735327905 0.6745869271501348 -0.44152648401637545
  outer loop
    vertex 0.6532814824381884 0.65328148243818829 -0.3826834323650895
    vertex 0.61237243569579458 0.61237243569579447 -0.49999999999999983
    vertex 0.52720286236566927 0.68706414686945017 -0.49999999999999983
  endloop
endfacet
facet normal 0.5915968573532786 0.67458692715013591 -0.44152648401637457
  outer loop
    vertex 0.6532814824381884 0.65328148243818829 -0.3826834323650895
    vertex 0.52720286236566927 0.68706414686945017 -0.49999999999999983
    vertex 0.56242222444347978 0.73296291314453421 -0.3826834323650895
  endloop
endfacet
facet normal 0.54858828140142002 0.62554504545004019 -0.5547470537298449
  outer loop
    vertex 0.61237243569579458 0.61237243569579447 -0.49999999999999983
    vertex 0.56098552679693103 0.56098552679693092 -0.60876142900872066
    vertex 0.48296291314453416 0.62940952255126037 -0.60876142900872066
  endloop
endfacet
facet normal 0.54858828140142035 0.62554504545003964 -0.55474705372984534
  outer loop
    vertex 0.61237243569579458 0.61237243569579447 -0.49999999999999983
    vertex 0.48296291314453416 0.62940952255126037 -0.60876142900872066
    vertex 0.52720286236566927 0.68706414686945017 -0.49999999999999983
  endloop
endfacet
facet normal 0.49618400153460818 0.56578941678929229 -0.6585467124436476
  outer loop
    vertex 0.56098552679693103 0.56098552679693092 -0.60876142900872066
    vertex 0.50000000000000011 0.5 -0.70710678118654746
    vertex 0.43045933457687946 0.56098552679693103 -0.70710678118654746
  endloop
endfacet
facet normal 0.49618400153460834 0.56578941678929195 -0.65854671244364793
  outer loop
    vertex 0.56098552679693103 0.56098552679693092 -0.60876142900872066
    vertex 0.43045933457687946 0.56098552679693103 -0.70710678118654746
    vertex 0.48296291314453416 0.62940952255126037 -0.60876142900872066
  endloop
endfacet
facet normal 0.43526344544594137 0.49632283626012891 -0.75113871905609364
  outer loop
    vertex 0.50000000000000011 0.5 -0.70710678118654746
    vertex 0.43045933457687963 0.43045933457687952 -0.79335334029123505
    vertex 0.3705904774487398 0.48296291314453432 -0.79335334029123505
  endloop
endfacet
facet normal 0.43526344544594125 0.4963228362601293 -0.75113871905609342
  outer loop
    vertex 0.50000000000000011 0.5 -0.70710678118654746
    vertex 0.3705904774487398 0.48296291314453432 -0.79335334029123505
    vertex 0.43045933457687946 0.56098552679693103 -0.70710678118654746
  endloop
endfacet
facet normal 0.36685575407791721 0.4183188141971228 -0.83091890421907932
  outer loop
    vertex 0.43045933457687963 0.43045933457687952 -0.79335334029123505
    vertex 0.35355339059327373 0.35355339059327368 -0.86602540378443871
    vertex 0.30438071450436027 0.39667667014561753 -0.86602540378443871
  endloop
endfacet
facet normal 0.36685575407791721 0.41831881419712275 -0.83091890421907943
  outer loop
    vertex 0.43045933457687963 0.43045933457687952 -0.79335334029123505
    vertex 0.30438071450436027 0.39667667014561753 -0.86602540378443871
    vertex 0.3705904774487398 0.48296291314453432 -0.79335334029123505
  endloop
endfacet
facet normal 0.29212419965175973 0.33310380834493697 -0.89649612650803923
  outer loop
    vertex 0.35355339059327373 0.35355339059327368 -0.86602540378443871
    vertex 0.27059805007309862 0.27059805007309856 -0.92387953251128674
    vertex 0.23296291314453421 0.30360317934095904 -0.92387953251128674
  endloop
endfacet
facet normal 0.29212419965175984 0.33310380834493669 -0.89649612650803923
  outer loop
    vertex 0.35355339059327373 0.35355339059327368 -0.86602540378443871
    vertex 0.23296291314453421 0.30360317934095904 -0.92387953251128674
    vertex 0.30438071450436027 0.39667667014561753 -0.86602540378443871
  endloop
endfacet
facet normal 0.21234739698573277 0.24213579947297478 -0.94672004183230807
  outer loop
    vertex 0.27059805007309862 0.27059805007309856 -0.92387953251128674
    vertex 0.18301270189221952 0.18301270189221949 -0.9659258262890682
    vertex 0.15755905175128321 0.20533495396307289 -0.9659258262890682
  endloop
endfacet
facet normal 0.21234739698573274 0.24213579947297478 -0.94672004183230796
  outer loop
    vertex 0.27059805007309862 0.27059805007309856 -0.92387953251128674
    vertex 0.15755905175128321 0.20533495396307289 -0.9659258262890682
    vertex 0.23296291314453421 0.30360317934095904 -0.92387953251128674
  endloop
endfacet
facet normal 0.12889745204978117 0.14697937457740595 -0.98070510873753935
  outer loop
    vertex 0.18301270189221952 0.18301270189221949 -0.9659258262890682
    vertex 0.092295955641257546 0.092295955641257532 -0.99144486137381038
    vertex 0.079459311298945803 0.10355339059327408 -0.99144486137381038
  endloop
endfacet
facet normal 0.12889745204978104 0.14697937457740612 -0.98070510873753935
  outer loop
    vertex 0.18301270189221952 0.18301270189221949 -0.9659258262890682
    vertex 0.079459311298945803 0.10355339059327408 -0.99144486137381038
    vertex 0.15755905175128321 0.20533495396307289 -0.9659258262890682
  endloop
endfacet
facet normal 0.043215410848600137 0.04927773169775141 -0.99784975493503592
  outer loop
    vertex 0 0 -1
    vertex 0.079459311298945803 0.10355339059327408 -0.99144486137381038
    vertex 0.092295955641257546 0.092295955641257532 -0.99144486137381038
  endloop
endfacet
facet normal 0.036413662338253883 0.054496896895185984 0.99784975493503592
  outer loop
    vertex 0 0 1
    vertex 0.079459311298945554 0.10355339059327374 0.99144486137381038
    vertex 0.065263096110025801 0.11303899832181541 0.99144486137381038
  endloop
endfacet
facet normal 0.10861005838045855 0.16254643925562942 0.98070510873753947
  outer loop
    vertex 0.079459311298945554 0.10355339059327374 0.99144486137381038
    vertex 0.15755905175128304 0.20533495396307269 0.96592582628906831
    vertex 0.1294095225512604 0.22414386804201336 0.96592582628906831
  endloop
endfacet
facet normal 0.10861005838045855 0.16254643925562942 0.98070510873753969
  outer loop
    vertex 0.079459311298945554 0.10355339059327374 0.99144486137381038
    vertex 0.1294095225512604 0.22414386804201336 0.96592582628906831
    vertex 0.065263096110025801 0.11303899832181541 0.99144486137381038
  endloop
endfacet
facet normal 0.17892567166224457 0.2677811912985078 0.94672004183230773
  outer loop
    vertex 0.15755905175128304 0.20533495396307269 0.96592582628906831
    vertex 0.23296291314453416 0.30360317934095893 0.92387953251128674
    vertex 0.19134171618254495 0.3314135740355918 0.92387953251128674
  endloop
endfacet
facet normal 0.17892567166224427 0.2677811912985078 0.94672004183230785
  outer loop
    vertex 0.15755905175128304 0.20533495396307269 0.96592582628906831
    vertex 0.19134171618254495 0.3314135740355918 0.92387953251128674
    vertex 0.1294095225512604 0.22414386804201336 0.96592582628906831
  endloop
endfacet
facet normal 0.24614626491041167 0.36838391852350816 0.89649612650803956
  outer loop
    vertex 0.23296291314453416 0.30360317934095893 0.92387953251128674
    vertex 0.30438071450436027 0.39667667014561753 0.86602540378443871
    vertex 0.25 0.43301270189221924 0.86602540378443871
  endloop
endfacet
facet normal 0.24614626491041211 0.36838391852350805 0.89649612650803945
  outer loop
    vertex 0.23296291314453416 0.30360317934095893 0.92387953251128674
    vertex 0.25 0.43301270189221924 0.86602540378443871
    vertex 0.19134171618254495 0.3314135740355918 0.92387953251128674
  endloop
endfacet
facet normal 0.30911569029480768 0.46262432342552967 0.83091890421907932
  outer loop
    vertex 0.30438071450436027 0.39667667014561753 0.86602540378443871
    vertex 0.37059047744873963 0.48296291314453416 0.79335334029123517
    vertex 0.30438071450436038 0.52720286236566916 0.79335334029123517
  endloop
endfacet
facet normal 0.30911569029480762 0.46262432342552962 0.83091890421907932
  outer loop
    vertex 0.30438071450436027 0.39667667014561753 0.86602540378443871
    vertex 0.30438071450436038 0.52720286236566916 0.79335334029123517
    vertex 0.25 0.43301270189221924 0.86602540378443871
  endloop
endfacet
facet normal 0.36675657640234754 0.54889000573921864 0.75113871905609397
  outer loop
    vertex 0.37059047744873963 0.48296291314453416 0.79335334029123517
    vertex 0.4304593345768794 0.56098552679693092 0.70710678118654757
    vertex 0.35355339059327379 0.61237243569579447 0.70710678118654757
  endloop
endfacet
facet normal 0.36675657640234738 0.54889000573921876 0.75113871905609397
  outer loop
    vertex 0.37059047744873963 0.48296291314453416 0.79335334029123517
    vertex 0.35355339059327379 0.61237243569579447 0.70710678118654757
    vertex 0.30438071450436038 0.52720286236566916 0.79335334029123517
  endloop
endfacet
facet normal 0.41808874044547223 0.62571401825624917 0.65854671244364804
  outer loop
    vertex 0.4304593345768794 0.56098552679693092 0.70710678118654757
    vertex 0.48296291314453416 0.62940952255126037 0.60876142900872066
    vertex 0.39667667014561769 0.68706414686945005 0.60876142900872066
  endloop
endfacet
facet normal 0.41808874044547234 0.62571401825624917 0.65854671244364793
  outer loop
    vertex 0.4304593345768794 0.56098552679693092 0.70710678118654757
    vertex 0.39667667014561769 0.68706414686945005 0.60876142900872066
    vertex 0.35355339059327379 0.61237243569579447 0.70710678118654757
  endloop
endfacet
facet normal 0.46224501976061438 0.69179856033715836 0.55474705372984556
  outer loop
    vertex 0.48296291314453416 0.62940952255126037 0.60876142900872066
    vertex 0.52720286236566916 0.68706414686945005 0.50000000000000011
    vertex 0.43301270189221941 0.74999999999999989 0.50000000000000011
  endloop
endfacet
facet normal 0.46224501976061477 0.69179856033715847 0.55474705372984534
  outer loop
    vertex 0.48296291314453416 0.62940952255126037 0.60876142900872066
    vertex 0.43301270189221941 0.74999999999999989 0.50000000000000011
    vertex 0.39667667014561769 0.68706414686945005 0.60876142900872066
  endloop
endfacet
facet normal 0.49848440130547106 0.74603462759262329 0.4415264840163749
  outer loop
    vertex 0.52720286236566916 0.68706414686945005 0.50000000000000011
    vertex 0.56242222444347967 0.7329629131445341 0.38268343236508984
    vertex 0.46193976625564348 0.80010314519126546 0.38268343236508984
  endloop
endfacet
facet normal 0.49848440130547045 0.7460346275926234 0.44152648401637512
  outer loop
    vertex 0.52720286236566916 0.68706414686945005 0.50000000000000011
    vertex 0.46193976625564348 0.80010314519126546 0.38268343236508984
    vertex 0.43301270189221941 0.74999999999999989 0.50000000000000011
  endloop
endfacet
facet normal 0.52620248911703471 0.7875176775414785 0.32082214388460295
  outer loop
    vertex 0.56242222444347967 0.7329629131445341 0.38268343236508984
    vertex 0.5880183863281625 0.7663204807600037 0.25881904510252074
    vertex 0.48296291314453427 0.83651630373780783 0.25881904510252074
  endloop
endfacet
facet normal 0.52620248911703527 0.78751767754147839 0.32082214388460256
  outer loop
    vertex 0.56242222444347967 0.7329629131445341 0.38268343236508984
    vertex 0.48296291314453427 0.83651630373780783 0.25881904510252074
    vertex 0.46193976625564348 0.80010314519126546 0.38268343236508984
  endloop
endfacet
facet normal 0.54493946809495608 0.81555954825477739 0.19468846746237858
  outer loop
    vertex 0.5880183863281625 0.7663204807600037 0.25881904510252074
    vertex 0.60355339059327373 0.78656609248549303 0.13052619222005171
    vertex 0.4957224306869053 0.85861643640126084 0.13052619222005171
  endloop
endfacet
facet normal 0.54493946809495597 0.81555954825477761 0.19468846746237872
  outer loop
    vertex 0.5880183863281625 0.7663204807600037 0.25881904510252074
    vertex 0.4957224306869053 0.85861643640126084 0.13052619222005171
    vertex 0.48296291314453427 0.83651630373780783 0.25881904510252074
  endloop
endfacet
facet normal 0.5543857864920313 0.82969696280381333 0.065263693197208789
  outer loop
    vertex 0.60355339059327373 0.78656609248549303 0.13052619222005171
    vertex 0.60876142900872066 0.79335334029123517 6.123233995736766e-17
    vertex 0.50000000000000011 0.8660254037844386 6.123233995736766e-17
  endloop
endfacet
facet normal 0.55438578649203141 0.82969696280381333 0.065263693197208719
  outer loop
    vertex 0.60355339059327373 0.78656609248549303 0.13052619222005171
    vertex 0.50000000000000011 0.8660254037844386 6.123233995736766e-17
    vertex 0.4957224306869053 0.85861643640126084 0.13052619222005171
  endloop
endfacet
facet normal 0.55438578649203141 0.82969696280381333 -0.065263693197208802
  outer loop
    vertex 0.60876142900872066 0.79335334029123517 6.123233995736766e-17
    vertex 0.60355339059327373 0.78656609248549303 -0.1305261922200516
    vertex 0.4957224306869053 0.85861643640126084 -0.1305261922200516
  endloop
endfacet
facet normal 0.5543857864920313 0.82969696280381333 -0.065263693197208747
  outer loop
    vertex 0.60876142900872066 0.79335334029123517 6.123233995736766e-17
    vertex 0.4957224306869053 0.85861643640126084 -0.1305261922200516
    vertex 0.50000000000000011 0.8660254037844386 6.123233995736766e-17
  endloop
endfacet
facet normal 0.54493946809495597 0.81555954825477761 -0.19468846746237858
  outer loop
    vertex 0.60355339059327373 0.78656609248549303 -0.1305261922200516
    vertex 0.5880183863281625 0.7663204807600037 -0.25881904510252063
    vertex 0.48296291314453427 0.83651630373780783 -0.25881904510252063
  endloop
endfacet
facet normal 0.54493946809495608 0.81555954825477739 -0.19468846746237883
  outer loop
    vertex 0.60355339059327373 0.78656609248549303 -0.1305261922200516
    vertex 0.48296291314453427 0.83651630373780783 -0.25881904510252063
    vertex 0.4957224306869053 0.85861643640126084 -0.1305261922200516
  endloop
endfacet
facet normal 0.52620248911703515 0.78751767754147861 -0.32082214388460245
  outer loop
    vertex 0.5880183863281625 0.7663204807600037 -0.25881904510252063
    vertex 0.56242222444347978 0.73296291314453421 -0.3826834323650895
    vertex 0.46193976625564354 0.80010314519126557 -0.3826834323650895
  endloop
endfacet
facet normal 0.52620248911703482 0.78751767754147872 -0.32082214388460212
  outer loop
    vertex 0.5880183863281625 0.7663204807600037 -0.25881904510252063
    vertex 0.46193976625564354 0.80010314519126557 -0.3826834323650895
    vertex 0.48296291314453427 0.83651630373780783 -0.25881904510252063
  endloop
endfacet
facet normal 0.49848440130547045 0.74603462759262373 -0.44152648401637457
  outer loop
    vertex 0.56242222444347978 0.73296291314453421 -0.3826834323650895
    vertex 0.52720286236566927 0.68706414686945017 -0.49999999999999983
    vertex 0.43301270189221946 0.75 -0.49999999999999983
  endloop
endfacet
facet normal 0.49848440130547073 0.7460346275926234 -0.44152648401637501
  outer loop
    vertex 0.56242222444347978 0.73296291314453421 -0.3826834323650895
    vertex 0.43301270189221946 0.75 -0.49999999999999983
    vertex 0.46193976625564354 0.80010314519126557 -0.3826834323650895
  endloop
endfacet
facet normal 0.46224501976061472 0.69179856033715847 -0.55474705372984545
  outer loop
    vertex 0.52720286236566927 0.68706414686945017 -0.49999999999999983
    vertex 0.48296291314453416 0.62940952255126037 -0.60876142900872066
    vertex 0.39667667014561769 0.68706414686945005 -0.60876142900872066
  endloop
endfacet
facet normal 0.46224501976061444 0.69179856033715881 -0.5547470537298449
  outer loop
    vertex 0.52720286236566927 0.68706414686945017 -0.49999999999999983
    vertex 0.39667667014561769 0.68706414686945005 -0.60876142900872066
    vertex 0.43301270189221946 0.75 -0.49999999999999983
  endloop
endfacet
facet normal 0.41808874044547228 0.62571401825624928 -0.65854671244364793
  outer loop
    vertex 0.48296291314453416 0.62940952255126037 -0.60876142900872066
    vertex 0.43045933457687946 0.56098552679693103 -0.70710678118654746
    vertex 0.35355339059327384 0.61237243569579458 -0.70710678118654746
  endloop
endfacet
facet normal 0.41808874044547223 0.62571401825624928 -0.65854671244364793
  outer loop
    vertex 0.48296291314453416 0.62940952255126037 -0.60876142900872066
    vertex 0.35355339059327384 0.61237243569579458 -0.70710678118654746
    vertex 0.39667667014561769 0.68706414686945005 -0.60876142900872066
  endloop
endfacet
facet normal 0.36675657640234771 0.54889000573921909 -0.75113871905609342
  outer loop
    vertex 0.43045933457687946 0.56098552679693103 -0.70710678118654746
    vertex 0.3705904774487398 0.48296291314453432 -0.79335334029123505
    vertex 0.30438071450436049 0.52720286236566938 -0.79335334029123505
  endloop
endfacet
facet normal 0.36675657640234777 0.54889000573921887 -0.75113871905609353
  outer loop
    vertex 0.43045933457687946 0.56098552679693103 -0.70710678118654746
    vertex 0.30438071450436049 0.52720286236566938 -0.79335334029123505
    vertex 0.35355339059327384 0.61237243569579458 -0.70710678118654746
  endloop
endfacet
facet normal 0.30911569029480751 0.46262432342552939 -0.83091890421907955
  outer loop
    vertex 0.3705904774487398 0.48296291314453432 -0.79335334029123505
    vertex 0.30438071450436027 0.39667667014561753 -0.86602540378443871
    vertex 0.25 0.43301270189221924 -0.86602540378443871
  endloop
endfacet
facet normal 0.30911569029480757 0.46262432342552928 -0.83091890421907955
  outer loop
    vertex 0.3705904774487398 0.48296291314453432 -0.79335334029123505
    vertex 0.25 0.43301270189221924 -0.86602540378443871
    vertex 0.30438071450436049 0.52720286236566938 -0.79335334029123505
  endloop
endfacet
facet normal 0.24614626491041192 0.36838391852350838 -0.89649612650803934
  outer loop
    vertex 0.30438071450436027 0.39667667014561753 -0.86602540378443871
    vertex 0.23296291314453421 0.30360317934095904 -0.92387953251128674
    vertex 0.191341716182545 0.33141357403559185 -0.92387953251128674
  endloop
endfacet
facet normal 0.24614626491041186 0.36838391852350838 -0.89649612650803923
  outer loop
    vertex 0.30438071450436027 0.39667667014561753 -0.86602540378443871
    vertex 0.191341716182545 0.33141357403559185 -0.92387953251128674
    vertex 0.25 0.43301270189221924 -0.86602540378443871
  endloop
endfacet
facet normal 0.17892567166224418 0.26778119129850747 -0.94672004183230796
  outer loop
    vertex 0.23296291314453421 0.30360317934095904 -0.92387953251128674
    vertex 0.15755905175128321 0.20533495396307289 -0.9659258262890682
    vertex 0.12940952255126054 0.22414386804201358 -0.9659258262890682
  endloop
endfacet
facet normal 0.17892567166224402 0.26778119129850764 -0.94672004183230796
  outer loop
    vertex 0.23296291314453421 0.30360317934095904 -0.92387953251128674
    vertex 0.12940952255126054 0.22414386804201358 -0.9659258262890682
    vertex 0.191341716182545 0.33141357403559185 -0.92387953251128674
  endloop
endfacet
facet normal 0.10861005838045905 0.16254643925563028 -0.98070510873753947
  outer loop
    vertex 0.15755905175128321 0.20533495396307289 -0.9659258262890682
    vertex 0.079459311298945803 0.10355339059327408 -0.99144486137381038
    vertex 0.065263096110026009 0.11303899832181577 -0.99144486137381038
  endloop
endfacet
facet normal 0.10861005838045917 0.16254643925563025 -0.98070510873753924
  outer loop
    vertex 0.15755905175128321 0.20533495396307289 -0.9659258262890682
    vertex 0.065263096110026009 0.11303899832181577 -0.99144486137381038
    vertex 0.12940952255126054 0.22414386804201358 -0.9659258262890682
  endloop
endfacet
facet normal 0.03641366233825373 0.054496896895185873 -0.9978497549350358
  outer loop
    vertex 0 0 -1
    vertex 0.065263096110026009 0.11303899832181577 -0.99144486137381038
    vertex 0.079459311298945803 0.10355339059327408 -0.99144486137381038
  endloop
endfacet
facet normal 0.028988865969525518 0.058783605077349518 0.99784975493503592
  outer loop
    vertex 0 0 1
    vertex 0.065263096110025801 0.11303899832181541 0.99144486137381038
    vertex 0.049950211252314823 0.1205904774487396 0.99144486137381038
  endloop
endfacet
facet normal 0.086464316499849841 0.17533228929180286 0.98070510873753947
  outer loop
    vertex 0.065263096110025801 0.11303899832181541 0.99144486137381038
    vertex 0.1294095225512604 0.22414386804201336 0.96592582628906831
    vertex 0.099045760541287636 0.23911761839433449 0.96592582628906831
  endloop
endfacet
facet normal 0.08646431649985005 0.17533228929180283 0.98070510873753969
  outer loop
    vertex 0.065263096110025801 0.11303899832181541 0.99144486137381038
    vertex 0.099045760541287636 0.23911761839433449 0.96592582628906831
    vertex 0.049950211252314823 0.1205904774487396 0.99144486137381038
  endloop
endfacet
facet normal 0.14244247848904618 0.28884477269795084 0.94672004183230785
  outer loop
    vertex 0.1294095225512604 0.22414386804201336 0.96592582628906831
    vertex 0.19134171618254495 0.3314135740355918 0.92387953251128674
    vertex 0.14644660940672627 0.35355339059327379 0.92387953251128674
  endloop
endfacet
facet normal 0.14244247848904601 0.28884477269795095 0.94672004183230785
  outer loop
    vertex 0.1294095225512604 0.22414386804201336 0.96592582628906831
    vertex 0.14644660940672627 0.35355339059327379 0.92387953251128674
    vertex 0.099045760541287636 0.23911761839433449 0.96592582628906831
  endloop
endfacet
facet normal 0.19595669933180926 0.39736087772082473 0.89649612650803934
  outer loop
    vertex 0.19134171618254495 0.3314135740355918 0.92387953251128674
    vertex 0.25 0.43301270189221924 0.86602540378443871
    vertex 0.19134171618254489 0.46193976625564331 0.86602540378443871
  endloop
endfacet
facet normal 0.19595669933180909 0.39736087772082479 0.89649612650803956
  outer loop
    vertex 0.19134171618254495 0.3314135740355918 0.92387953251128674
    vertex 0.19134171618254489 0.46193976625564331 0.86602540378443871
    vertex 0.14644660940672627 0.35355339059327379 0.92387953251128674
  endloop
endfacet
facet normal 0.24608657134769316 0.49901420221643111 0.83091890421907932
  outer loop
    vertex 0.25 0.43301270189221924 0.86602540378443871
    vertex 0.30438071450436038 0.52720286236566916 0.79335334029123517
    vertex 0.23296291314453418 0.56242222444347967 0.79335334029123517
  endloop
endfacet
facet normal 0.24608657134769343 0.49901420221643117 0.8309189042190791
  outer loop
    vertex 0.25 0.43301270189221924 0.86602540378443871
    vertex 0.23296291314453418 0.56242222444347967 0.79335334029123517
    vertex 0.19134171618254489 0.46193976625564331 0.86602540378443871
  endloop
endfacet
facet normal 0.29197440065237584 0.59206551503905058 0.75113871905609397
  outer loop
    vertex 0.30438071450436038 0.52720286236566916 0.79335334029123517
    vertex 0.35355339059327379 0.61237243569579447 0.70710678118654757
    vertex 0.27059805007309851 0.65328148243818818 0.70710678118654757
  endloop
endfacet
facet normal 0.2919744006523759 0.59206551503905058 0.75113871905609386
  outer loop
    vertex 0.30438071450436038 0.52720286236566916 0.79335334029123517
    vertex 0.27059805007309851 0.65328148243818818 0.70710678118654757
    vertex 0.23296291314453418 0.56242222444347967 0.79335334029123517
  endloop
endfacet
facet normal 0.33283986509121571 0.67493247939014211 0.65854671244364793
  outer loop
    vertex 0.35355339059327379 0.61237243569579447 0.70710678118654757
    vertex 0.39667667014561769 0.68706414686945005 0.60876142900872066
    vertex 0.30360317934095898 0.7329629131445341 0.60876142900872066
  endloop
endfacet
facet normal 0.3328398650912156 0.674932479390142 0.65854671244364793
  outer loop
    vertex 0.35355339059327379 0.61237243569579447 0.70710678118654757
    vertex 0.30360317934095898 0.7329629131445341 0.60876142900872066
    vertex 0.27059805007309851 0.65328148243818818 0.70710678118654757
  endloop
endfacet
facet normal 0.36799261767317409 0.74621521005411118 0.55474705372984534
  outer loop
    vertex 0.39667667014561769 0.68706414686945005 0.60876142900872066
    vertex 0.43301270189221941 0.74999999999999989 0.50000000000000011
    vertex 0.33141357403559185 0.80010314519126546 0.50000000000000011
  endloop
endfacet
facet normal 0.36799261767317348 0.74621521005411118 0.55474705372984578
  outer loop
    vertex 0.39667667014561769 0.68706414686945005 0.60876142900872066
    vertex 0.33141357403559185 0.80010314519126546 0.50000000000000011
    vertex 0.30360317934095898 0.7329629131445341 0.60876142900872066
  endloop
endfacet
facet normal 0.39684273894533995 0.80471746871712591 0.44152648401637529
  outer loop
    vertex 0.43301270189221941 0.74999999999999989 0.50000000000000011
    vertex 0.46193976625564348 0.80010314519126546 0.38268343236508984
    vertex 0.35355339059327384 0.85355339059327373 0.38268343236508984
  endloop
endfacet
facet normal 0.39684273894533995 0.80471746871712591 0.44152648401637512
  outer loop
    vertex 0.43301270189221941 0.74999999999999989 0.50000000000000011
    vertex 0.35355339059327384 0.85355339059327373 0.38268343236508984
    vertex 0.33141357403559185 0.80010314519126546 0.50000000000000011
  endloop
endfacet
facet normal 0.4189090701217254 0.84946356188069572 0.32082214388460245
  outer loop
    vertex 0.46193976625564348 0.80010314519126546 0.38268343236508984
    vertex 0.48296291314453427 0.83651630373780783 0.25881904510252074
    vertex 0.36964381061438617 0.89239910083252283 0.25881904510252074
  endloop
endfacet
facet normal 0.41890907012172501 0.84946356188069594 0.3208221438846029
  outer loop
    vertex 0.46193976625564348 0.80010314519126546 0.38268343236508984
    vertex 0.36964381061438617 0.89239910083252283 0.25881904510252074
    vertex 0.35355339059327384 0.85355339059327373 0.38268343236508984
  endloop
endfacet
facet normal 0.43382555304012027 0.87971119702240019 0.19468846746237881
  outer loop
    vertex 0.48296291314453427 0.83651630373780783 0.25881904510252074
    vertex 0.4957224306869053 0.85861643640126084 0.13052619222005171
    vertex 0.37940952255126043 0.9159756150367534 0.13052619222005171
  endloop
endfacet
facet normal 0.43382555304012055 0.87971119702239997 0.19468846746237836
  outer loop
    vertex 0.48296291314453427 0.83651630373780783 0.25881904510252074
    vertex 0.37940952255126043 0.9159756150367534 0.13052619222005171
    vertex 0.36964381061438617 0.89239910083252283 0.25881904510252074
  endloop
endfacet
facet normal 0.4413457539848793 0.8949606560010217 0.065263693197208747
  outer loop
    vertex 0.4957224306869053 0.85861643640126084 0.13052619222005171
    vertex 0.50000000000000011 0.8660254037844386 6.123233995736766e-17
    vertex 0.38268343236508984 0.92387953251128674 6.123233995736766e-17
  endloop
endfacet
facet normal 0.44134575398487946 0.89496065600102159 0.065263693197208664
  outer loop
    vertex 0.4957224306869053 0.85861643640126084 0.13052619222005171
    vertex 0.38268343236508984 0.92387953251128674 6.123233995736766e-17
    vertex 0.37940952255126043 0.9159756150367534 0.13052619222005171
  endloop
endfacet
facet normal 0.44134575398487946 0.89496065600102159 -0.065263693197208761
  outer loop
    vertex 0.50000000000000011 0.8660254037844386 6.123233995736766e-17
    vertex 0.4957224306869053 0.85861643640126084 -0.1305261922200516
    vertex 0.37940952255126043 0.9159756150367534 -0.1305261922200516
  endloop
endfacet
facet normal 0.4413457539848793 0.8949606560010217 -0.065263693197208622
  outer loop
    vertex 0.50000000000000011 0.8660254037844386 6.123233995736766e-17
    vertex 0.37940952255126043 0.9159756150367534 -0.1305261922200516
    vertex 0.38268343236508984 0.92387953251128674 6.123233995736766e-17
  endloop
endfacet
facet normal 0.43382555304012055 0.87971119702239997 -0.19468846746237878
  outer loop
    vertex 0.4957224306869053 0.85861643640126084 -0.1305261922200516
    vertex 0.48296291314453427 0.83651630373780783 -0.25881904510252063
    vertex 0.36964381061438617 0.89239910083252283 -0.25881904510252063
  endloop
endfacet
facet normal 0.43382555304012033 0.8797111970224003 -0.19468846746237845
  outer loop
    vertex 0.4957224306869053 0.85861643640126084 -0.1305261922200516
    vertex 0.36964381061438617 0.89239910083252283 -0.25881904510252063
    vertex 0.37940952255126043 0.9159756150367534 -0.1305261922200516
  endloop
endfacet
facet normal 0.41890907012172496 0.84946356188069616 -0.32082214388460212
  outer loop
    vertex 0.48296291314453427 0.83651630373780783 -0.25881904510252063
    vertex 0.46193976625564354 0.80010314519126557 -0.3826834323650895
    vertex 0.35355339059327384 0.85355339059327384 -0.3826834323650895
  endloop
endfacet
facet normal 0.41890907012172535 0.84946356188069572 -0.32082214388460262
  outer loop
    vertex 0.48296291314453427 0.83651630373780783 -0.25881904510252063
    vertex 0.35355339059327384 0.85355339059327384 -0.3826834323650895
    vertex 0.36964381061438617 0.89239910083252283 -0.25881904510252063
  endloop
endfacet
facet normal 0.39684273894533983 0.80471746871712602 -0.44152648401637501
  outer loop
    vertex 0.46193976625564354 0.80010314519126557 -0.3826834323650895
    vertex 0.43301270189221946 0.75 -0.49999999999999983
    vertex 0.33141357403559185 0.80010314519126557 -0.49999999999999983
  endloop
endfacet
facet normal 0.39684273894533972 0.80471746871712613 -0.4415264840163749
  outer loop
    vertex 0.46193976625564354 0.80010314519126557 -0.3826834323650895
    vertex 0.33141357403559185 0.80010314519126557 -0.49999999999999983
    vertex 0.35355339059327384 0.85355339059327384 -0.3826834323650895
  endloop
endfacet
facet normal 0.36799261767317359 0.74621521005411162 -0.5547470537298449
  outer loop
    vertex 0.43301270189221946 0.75 -0.49999999999999983
    vertex 0.39667667014561769 0.68706414686945005 -0.60876142900872066
    vertex 0.30360317934095898 0.7329629131445341 -0.60876142900872066
  endloop
endfacet
facet normal 0.36799261767317393 0.74621521005411129 -0.55474705372984523
  outer loop
    vertex 0.43301270189221946 0.75 -0.49999999999999983
    vertex 0.30360317934095898 0.7329629131445341 -0.60876142900872066
    vertex 0.33141357403559185 0.80010314519126557 -0.49999999999999983
  endloop
endfacet
facet normal 0.33283986509121577 0.67493247939014223 -0.65854671244364782
  outer loop
    vertex 0.39667667014561769 0.68706414686945005 -0.60876142900872066
    vertex 0.35355339059327384 0.61237243569579458 -0.70710678118654746
    vertex 0.27059805007309856 0.65328148243818829 -0.70710678118654746
  endloop
endfacet
facet normal 0.33283986509121577 0.67493247939014211 -0.65854671244364793
  outer loop
    vertex 0.39667667014561769 0.68706414686945005 -0.60876142900872066
    vertex 0.27059805007309856 0.65328148243818829 -0.70710678118654746
    vertex 0.30360317934095898 0.7329629131445341 -0.60876142900872066
  endloop
endfacet
facet normal 0.29197440065237601 0.59206551503905103 -0.75113871905609364
  outer loop
    vertex 0.35355339059327384 0.61237243569579458 -0.70710678118654746
    vertex 0.30438071450436049 0.52720286236566938 -0.79335334029123505
    vertex 0.23296291314453427 0.56242222444347989 -0.79335334029123505
  endloop
endfacet
facet normal 0.29197440065237601 0.59206551503905092 -0.75113871905609353
  outer loop
    vertex 0.35355339059327384 0.61237243569579458 -0.70710678118654746
    vertex 0.23296291314453427 0.56242222444347989 -0.79335334029123505
    vertex 0.27059805007309856 0.65328148243818829 -0.70710678118654746
  endloop
endfacet
facet normal 0.24608657134769329 0.49901420221643084 -0.83091890421907943
  outer loop
    vertex 0.30438071450436049 0.52720286236566938 -0.79335334029123505
    vertex 0.25 0.43301270189221924 -0.86602540378443871
    vertex 0.19134171618254489 0.46193976625564331 -0.86602540378443871
  endloop
endfacet
facet normal 0.24608657134769296 0.49901420221643111 -0.83091890421907932
  outer loop
    vertex 0.30438071450436049 0.52720286236566938 -0.79335334029123505
    vertex 0.19134171618254489 0.46193976625564331 -0.86602540378443871
    vertex 0.23296291314453427 0.56242222444347989 -0.79335334029123505
  endloop
endfacet
facet normal 0.19595669933180915 0.39736087772082518 -0.89649612650803934
  outer loop
    vertex 0.25 0.43301270189221924 -0.86602540378443871
    vertex 0.191341716182545 0.33141357403559185 -0.92387953251128674
    vertex 0.1464466094067263 0.35355339059327384 -0.92387953251128674
  endloop
endfacet
facet normal 0.19595669933180926 0.3973608777208249 -0.89649612650803934
  outer loop
    vertex 0.25 0.43301270189221924 -0.86602540378443871
    vertex 0.1464466094067263 0.35355339059327384 -0.92387953251128674
    vertex 0.19134171618254489 0.46193976625564331 -0.86602540378443871
  endloop
endfacet
facet normal 0.14244247848904618 0.28884477269795056 -0.94672004183230785
  outer loop
    vertex 0.191341716182545 0.33141357403559185 -0.92387953251128674
    vertex 0.12940952255126054 0.22414386804201358 -0.9659258262890682
    vertex 0.099045760541287733 0.23911761839433476 -0.9659258262890682
  endloop
endfacet
facet normal 0.14244247848904601 0.28884477269795067 -0.94672004183230796
  outer loop
    vertex 0.191341716182545 0.33141357403559185 -0.92387953251128674
    vertex 0.099045760541287733 0.23911761839433476 -0.9659258262890682
    vertex 0.1464466094067263 0.35355339059327384 -0.92387953251128674
  endloop
endfacet
facet normal 0.086464316499850535 0.17533228929180369 -0.98070510873753935
  outer loop
    vertex 0.12940952255126054 0.22414386804201358 -0.9659258262890682
    vertex 0.065263096110026009 0.11303899832181577 -0.99144486137381038
    vertex 0.049950211252314983 0.12059047744873999 -0.99144486137381038
  endloop
endfacet
facet normal 0.086464316499850466 0.17533228929180369 -0.98070510873753935
  outer loop
    vertex 0.12940952255126054 0.22414386804201358 -0.9659258262890682
    vertex 0.049950211252314983 0.12059047744873999 -0.99144486137381038
    vertex 0.099045760541287733 0.23911761839433476 -0.9659258262890682
  endloop
endfacet
facet normal 0.028988865969525435 0.058783605077349324 -0.99784975493503592
  outer loop
    vertex 0 0 -1
    vertex 0.049950211252314983 0.12059047744873999 -0.99144486137381038
    vertex 0.065263096110026009 0.11303899832181577 -0.99144486137381038
  endloop
endfacet
facet normal 0.021068062066826352 0.062064509478745221 0.99784975493503592
  outer loop
    vertex 0 0 1
    vertex 0.049950211252314823 0.1205904774487396 0.99144486137381038
    vertex 0.033782664431261822 0.12607862007251908 0.99144486137381038
  endloop
endfacet
facet normal 0.062839146191491502 0.18511815524689912 0.98070510873753947
  outer loop
    vertex 0.049950211252314823 0.1205904774487396 0.99144486137381038
    vertex 0.099045760541287636 0.23911761839433449 0.96592582628906831
    vertex 0.06698729810778066 0.24999999999999997 0.96592582628906831
  endloop
endfacet
facet normal 0.06283914619149146 0.18511815524689906 0.98070510873753947
  outer loop
    vertex 0.049950211252314823 0.1205904774487396 0.99144486137381038
    vertex 0.06698729810778066 0.24999999999999997 0.96592582628906831
    vertex 0.033782664431261822 0.12607862007251908 0.99144486137381038
  endloop
endfacet
facet normal 0.10352205501638422 0.30496613995363153 0.94672004183230785
  outer loop
    vertex 0.099045760541287636 0.23911761839433449 0.96592582628906831
    vertex 0.14644660940672627 0.35355339059327379 0.92387953251128674
    vertex 0.099045760541287622 0.36964381061438611 0.92387953251128674
  endloop
endfacet
facet normal 0.10352205501638455 0.30496613995363159 0.94672004183230785
  outer loop
    vertex 0.099045760541287636 0.23911761839433449 0.96592582628906831
    vertex 0.099045760541287622 0.36964381061438611 0.92387953251128674
    vertex 0.06698729810778066 0.24999999999999997 0.96592582628906831
  endloop
endfacet
facet normal 0.14241426029817811 0.41953888213108936 0.89649612650803945
  outer loop
    vertex 0.14644660940672627 0.35355339059327379 0.92387953251128674
    vertex 0.19134171618254489 0.46193976625564331 0.86602540378443871
    vertex 0.12940952255126034 0.4829629131445341 0.86602540378443871
  endloop
endfacet
facet normal 0.14241426029817777 0.41953888213108925 0.89649612650803956
  outer loop
    vertex 0.14644660940672627 0.35355339059327379 0.92387953251128674
    vertex 0.12940952255126034 0.4829629131445341 0.86602540378443871
    vertex 0.099045760541287622 0.36964381061438611 0.92387953251128674
  endloop
endfacet
facet normal 0.17884684293673284 0.52686580965453456 0.83091890421907921
  outer loop
    vertex 0.19134171618254489 0.46193976625564331 0.86602540378443871
    vertex 0.23296291314453418 0.56242222444347967 0.79335334029123517
    vertex 0.15755905175128304 0.5880183863281625 0.79335334029123517
  endloop
endfacet
facet normal 0.1788468429367325 0.52686580965453444 0.83091890421907932
  outer loop
    vertex 0.19134171618254489 0.46193976625564331 0.86602540378443871
    vertex 0.15755905175128304 0.5880183863281625 0.79335334029123517
    vertex 0.12940952255126034 0.4829629131445341 0.86602540378443871
  endloop
endfacet
facet normal 0.21219646195664571 0.62511061922499134 0.75113871905609397
  outer loop
    vertex 0.23296291314453418 0.56242222444347967 0.79335334029123517
    vertex 0.27059805007309851 0.65328148243818818 0.70710678118654757
    vertex 0.1830127018922193 0.6830127018922193 0.70710678118654757
  endloop
endfacet
facet normal 0.21219646195664579 0.62511061922499134 0.75113871905609397
  outer loop
    vertex 0.23296291314453418 0.56242222444347967 0.79335334029123517
    vertex 0.1830127018922193 0.6830127018922193 0.70710678118654757
    vertex 0.15755905175128304 0.5880183863281625 0.79335334029123517
  endloop
endfacet
facet normal 0.24189600736460481 0.71260265867503347 0.65854671244364793
  outer loop
    vertex 0.27059805007309851 0.65328148243818818 0.70710678118654757
    vertex 0.30360317934095898 0.7329629131445341 0.60876142900872066
    vertex 0.20533495396307269 0.7663204807600037 0.60876142900872066
  endloop
endfacet
facet normal 0.24189600736460504 0.71260265867503347 0.65854671244364782
  outer loop
    vertex 0.27059805007309851 0.65328148243818818 0.70710678118654757
    vertex 0.20533495396307269 0.7663204807600037 0.60876142900872066
    vertex 0.1830127018922193 0.6830127018922193 0.70710678118654757
  endloop
endfacet
facet normal 0.26744375987051588 0.78786391063709571 0.55474705372984567
  outer loop
    vertex 0.30360317934095898 0.7329629131445341 0.60876142900872066
    vertex 0.33141357403559185 0.80010314519126546 0.50000000000000011
    vertex 0.22414386804201336 0.83651630373780783 0.50000000000000011
  endloop
endfacet
facet normal 0.2674437598705165 0.78786391063709571 0.55474705372984545
  outer loop
    vertex 0.30360317934095898 0.7329629131445341 0.60876142900872066
    vertex 0.22414386804201336 0.83651630373780783 0.50000000000000011
    vertex 0.20533495396307269 0.7663204807600037 0.60876142900872066
  endloop
endfacet
facet normal 0.28841098729626091 0.84963137084204565 0.44152648401637512
  outer loop
    vertex 0.33141357403559185 0.80010314519126546 0.50000000000000011
    vertex 0.35355339059327384 0.85355339059327373 0.38268343236508984
    vertex 0.23911761839433449 0.89239910083252283 0.38268343236508984
  endloop
endfacet
facet normal 0.2884109872962603 0.84963137084204565 0.44152648401637562
  outer loop
    vertex 0.33141357403559185 0.80010314519126546 0.50000000000000011
    vertex 0.23911761839433449 0.89239910083252283 0.38268343236508984
    vertex 0.22414386804201336 0.83651630373780783 0.50000000000000011
  endloop
endfacet
facet normal 0.30444800079309609 0.89687488916034119 0.32082214388460295
  outer loop
    vertex 0.35355339059327384 0.85355339059327373 0.38268343236508984
    vertex 0.36964381061438617 0.89239910083252283 0.25881904510252074
    vertex 0.24999999999999997 0.93301270189221941 0.25881904510252074
  endloop
endfacet
facet normal 0.30444800079309614 0.89687488916034108 0.32082214388460284
  outer loop
    vertex 0.35355339059327384 0.85355339059327373 0.38268343236508984
    vertex 0.24999999999999997 0.93301270189221941 0.25881904510252074
    vertex 0.23911761839433449 0.89239910083252283 0.38268343236508984
  endloop
endfacet
facet normal 0.31528876249360155 0.92881074330694724 0.19468846746237839
  outer loop
    vertex 0.36964381061438617 0.89239910083252283 0.25881904510252074
    vertex 0.37940952255126043 0.9159756150367534 0.13052619222005171
    vertex 0.25660481229257065 0.95766219694254862 0.13052619222005171
  endloop
endfacet
facet normal 0.31528876249360116 0.92881074330694724 0.19468846746237878
  outer loop
    vertex 0.36964381061438617 0.89239910083252283 0.25881904510252074
    vertex 0.25660481229257065 0.95766219694254862 0.13052619222005171
    vertex 0.24999999999999997 0.93301270189221941 0.25881904510252074
  endloop
endfacet
facet normal 0.32075417326288574 0.94491132424408142 0.065263693197208664
  outer loop
    vertex 0.37940952255126043 0.9159756150367534 0.13052619222005171
    vertex 0.38268343236508984 0.92387953251128674 6.123233995736766e-17
    vertex 0.25881904510252074 0.96592582628906831 6.123233995736766e-17
  endloop
endfacet
facet normal 0.32075417326288613 0.9449113242440812 0.065263693197208192
  outer loop
    vertex 0.37940952255126043 0.9159756150367534 0.13052619222005171
    vertex 0.25881904510252074 0.96592582628906831 6.123233995736766e-17
    vertex 0.25660481229257065 0.95766219694254862 0.13052619222005171
  endloop
endfacet
facet normal 0.32075417326288613 0.9449113242440812 -0.06526369319720865
  outer loop
    vertex 0.38268343236508984 0.92387953251128674 6.123233995736766e-17
    vertex 0.37940952255126043 0.9159756150367534 -0.1305261922200516
    vertex 0.25660481229257065 0.95766219694254862 -0.1305261922200516
  endloop
endfacet
facet normal 0.32075417326288574 0.94491132424408142 -0.065263693197208206
  outer loop
    vertex 0.38268343236508984 0.92387953251128674 6.123233995736766e-17
    vertex 0.25660481229257065 0.95766219694254862 -0.1305261922200516
    vertex 0.25881904510252074 0.96592582628906831 6.123233995736766e-17
  endloop
endfacet
facet normal 0.31528876249360116 0.92881074330694724 -0.19468846746237839
  outer loop
    vertex 0.37940952255126043 0.9159756150367534 -0.1305261922200516
    vertex 0.36964381061438617 0.89239910083252283 -0.25881904510252063
    vertex 0.24999999999999997 0.93301270189221941 -0.25881904510252063
  endloop
endfacet
facet normal 0.31528876249360155 0.92881074330694724 -0.19468846746237881
  outer loop
    vertex 0.37940952255126043 0.9159756150367534 -0.1305261922200516
    vertex 0.24999999999999997 0.93301270189221941 -0.25881904510252063
    vertex 0.25660481229257065 0.95766219694254862 -0.1305261922200516
  endloop
endfacet
facet normal 0.3044480007930962 0.89687488916034108 -0.32082214388460267
  outer loop
    vertex 0.36964381061438617 0.89239910083252283 -0.25881904510252063
    vertex 0.35355339059327384 0.85355339059327384 -0.3826834323650895
    vertex 0.23911761839433451 0.89239910083252294 -0.3826834323650895
  endloop
endfacet
facet normal 0.30444800079309614 0.8968748891603413 -0.32082214388460256
  outer loop
    vertex 0.36964381061438617 0.89239910083252283 -0.25881904510252063
    vertex 0.23911761839433451 0.89239910083252294 -0.3826834323650895
    vertex 0.24999999999999997 0.93301270189221941 -0.25881904510252063
  endloop
endfacet
facet normal 0.28841098729626041 0.84963137084204587 -0.44152648401637495
  outer loop
    vertex 0.35355339059327384 0.85355339059327384 -0.3826834323650895
    vertex 0.33141357403559185 0.80010314519126557 -0.49999999999999983
    vertex 0.22414386804201339 0.83651630373780794 -0.49999999999999983
  endloop
endfacet
facet normal 0.28841098729626086 0.84963137084204554 -0.4415264840163754
  outer loop
    vertex 0.35355339059327384 0.85355339059327384 -0.3826834323650895
    vertex 0.22414386804201339 0.83651630373780794 -0.49999999999999983
    vertex 0.23911761839433451 0.89239910083252294 -0.3826834323650895
  endloop
endfacet
facet normal 0.26744375987051655 0.78786391063709582 -0.55474705372984523
  outer loop
    vertex 0.33141357403559185 0.80010314519126557 -0.49999999999999983
    vertex 0.30360317934095898 0.7329629131445341 -0.60876142900872066
    vertex 0.20533495396307269 0.7663204807600037 -0.60876142900872066
  endloop
endfacet
facet normal 0.26744375987051622 0.78786391063709615 -0.5547470537298449
  outer loop
    vertex 0.33141357403559185 0.80010314519126557 -0.49999999999999983
    vertex 0.20533495396307269 0.7663204807600037 -0.60876142900872066
    vertex 0.22414386804201339 0.83651630373780794 -0.49999999999999983
  endloop
endfacet
facet normal 0.24189600736460509 0.71260265867503358 -0.65854671244364782
  outer loop
    vertex 0.30360317934095898 0.7329629131445341 -0.60876142900872066
    vertex 0.27059805007309856 0.65328148243818829 -0.70710678118654746
    vertex 0.18301270189221933 0.68301270189221941 -0.70710678118654746
  endloop
endfacet
facet normal 0.2418960073646049 0.71260265867503358 -0.65854671244364771
  outer loop
    vertex 0.30360317934095898 0.7329629131445341 -0.60876142900872066
    vertex 0.18301270189221933 0.68301270189221941 -0.70710678118654746
    vertex 0.20533495396307269 0.7663204807600037 -0.60876142900872066
  endloop
endfacet
facet normal 0.21219646195664579 0.62511061922499178 -0.75113871905609364
  outer loop
    vertex 0.27059805007309856 0.65328148243818829 -0.70710678118654746
    vertex 0.23296291314453427 0.56242222444347989 -0.79335334029123505
    vertex 0.1575590517512831 0.58801838632816272 -0.79335334029123505
  endloop
endfacet
facet normal 0.21219646195664582 0.62511061922499189 -0.75113871905609364
  outer loop
    vertex 0.27059805007309856 0.65328148243818829 -0.70710678118654746
    vertex 0.1575590517512831 0.58801838632816272 -0.79335334029123505
    vertex 0.18301270189221933 0.68301270189221941 -0.70710678118654746
  endloop
endfacet
facet normal 0.17884684293673242 0.52686580965453444 -0.83091890421907932
  outer loop
    vertex 0.23296291314453427 0.56242222444347989 -0.79335334029123505
    vertex 0.19134171618254489 0.46193976625564331 -0.86602540378443871
    vertex 0.12940952255126034 0.4829629131445341 -0.86602540378443871
  endloop
endfacet
facet normal 0.17884684293673267 0.52686580965453433 -0.83091890421907955
  outer loop
    vertex 0.23296291314453427 0.56242222444347989 -0.79335334029123505
    vertex 0.12940952255126034 0.4829629131445341 -0.86602540378443871
    vertex 0.1575590517512831 0.58801838632816272 -0.79335334029123505
  endloop
endfacet
facet normal 0.14241426029817839 0.41953888213108947 -0.89649612650803934
  outer loop
    vertex 0.19134171618254489 0.46193976625564331 -0.86602540378443871
    vertex 0.1464466094067263 0.35355339059327384 -0.92387953251128674
    vertex 0.09904576054128765 0.36964381061438623 -0.92387953251128674
  endloop
endfacet
facet normal 0.14241426029817822 0.41953888213108947 -0.89649612650803934
  outer loop
    vertex 0.19134171618254489 0.46193976625564331 -0.86602540378443871
    vertex 0.09904576054128765 0.36964381061438623 -0.92387953251128674
    vertex 0.12940952255126034 0.4829629131445341 -0.86602540378443871
  endloop
endfacet
facet normal 0.10352205501638459 0.3049661399536312 -0.94672004183230785
  outer loop
    vertex 0.1464466094067263 0.35355339059327384 -0.92387953251128674
    vertex 0.099045760541287733 0.23911761839433476 -0.9659258262890682
    vertex 0.066987298107780743 0.25000000000000028 -0.9659258262890682
  endloop
endfacet
facet normal 0.10352205501638456 0.3049661399536312 -0.94672004183230807
  outer loop
    vertex 0.1464466094067263 0.35355339059327384 -0.92387953251128674
    vertex 0.066987298107780743 0.25000000000000028 -0.9659258262890682
    vertex 0.09904576054128765 0.36964381061438623 -0.92387953251128674
  endloop
endfacet
facet normal 0.062839146191491585 0.18511815524690003 -0.98070510873753935
  outer loop
    vertex 0.099045760541287733 0.23911761839433476 -0.9659258262890682
    vertex 0.049950211252314983 0.12059047744873999 -0.99144486137381038
    vertex 0.033782664431261926 0.12607862007251947 -0.99144486137381038
  endloop
endfacet
facet normal 0.06283914619149189 0.18511815524689992 -0.98070510873753935
  outer loop
    vertex 0.099045760541287733 0.23911761839433476 -0.9659258262890682
    vertex 0.033782664431261926 0.12607862007251947 -0.99144486137381038
    vertex 0.066987298107780743 0.25000000000000028 -0.9659258262890682
  endloop
endfacet
facet normal 0.021068062066826328 0.062064509478745054 -0.99784975493503592
  outer loop
    vertex 0 0 -1
    vertex 0.033782664431261926 0.12607862007251947 -0.99144486137381038
    vertex 0.049950211252314983 0.12059047744873999 -0.99144486137381038
  endloop
endfacet
facet normal 0.012786777780993668 0.064283472915426645 0.99784975493503592
  outer loop
    vertex 0 0 1
    vertex 0.033782664431261822 0.12607862007251908 0.99144486137381038
    vertex 0.017037086855465872 0.12940952255126037 0.99144486137381038
  endloop
endfacet
facet normal 0.03813878066949377 0.19173659824127187 0.98070510873753947
  outer loop
    vertex 0.033782664431261822 0.12607862007251908 0.99144486137381038
    vertex 0.06698729810778066 0.24999999999999997 0.96592582628906831
    vertex 0.033782664431261857 0.25660481229257065 0.96592582628906831
  endloop
endfacet
facet normal 0.038138780669493832 0.1917365982412719 0.98070510873753947
  outer loop
    vertex 0.033782664431261822 0.12607862007251908 0.99144486137381038
    vertex 0.033782664431261857 0.25660481229257065 0.96592582628906831
    vertex 0.017037086855465872 0.12940952255126037 0.99144486137381038
  endloop
endfacet
facet normal 0.062830340480656444 0.31586945200211769 0.94672004183230773
  outer loop
    vertex 0.06698729810778066 0.24999999999999997 0.96592582628906831
    vertex 0.099045760541287622 0.36964381061438611 0.92387953251128674
    vertex 0.049950211252314865 0.37940952255126037 0.92387953251128674
  endloop
endfacet
facet normal 0.062830340480656513 0.31586945200211763 0.94672004183230773
  outer loop
    vertex 0.06698729810778066 0.24999999999999997 0.96592582628906831
    vertex 0.049950211252314865 0.37940952255126037 0.92387953251128674
    vertex 0.033782664431261857 0.25660481229257065 0.96592582628906831
  endloop
endfacet
facet normal 0.086435073786152741 0.43453845994993756 0.89649612650803934
  outer loop
    vertex 0.099045760541287622 0.36964381061438611 0.92387953251128674
    vertex 0.12940952255126034 0.4829629131445341 0.86602540378443871
    vertex 0.065263096110025842 0.49572243068690514 0.86602540378443871
  endloop
endfacet
facet normal 0.086435073786152797 0.43453845994993762 0.89649612650803945
  outer loop
    vertex 0.099045760541287622 0.36964381061438611 0.92387953251128674
    vertex 0.065263096110025842 0.49572243068690514 0.86602540378443871
    vertex 0.049950211252314865 0.37940952255126037 0.92387953251128674
  endloop
endfacet
facet normal 0.10854699545741121 0.54570259701464985 0.83091890421907921
  outer loop
    vertex 0.12940952255126034 0.4829629131445341 0.86602540378443871
    vertex 0.15755905175128304 0.5880183863281625 0.79335334029123517
    vertex 0.079459311298945637 0.60355339059327373 0.79335334029123517
  endloop
endfacet
facet normal 0.10854699545741144 0.54570259701464996 0.83091890421907932
  outer loop
    vertex 0.12940952255126034 0.4829629131445341 0.86602540378443871
    vertex 0.079459311298945637 0.60355339059327373 0.79335334029123517
    vertex 0.065263096110025842 0.49572243068690514 0.86602540378443871
  endloop
endfacet
facet normal 0.12878778296486226 0.64745990740258652 0.75113871905609397
  outer loop
    vertex 0.15755905175128304 0.5880183863281625 0.79335334029123517
    vertex 0.1830127018922193 0.6830127018922193 0.70710678118654757
    vertex 0.092295955641257338 0.7010573846499778 0.70710678118654757
  endloop
endfacet
facet normal 0.12878778296486226 0.64745990740258652 0.75113871905609386
  outer loop
    vertex 0.15755905175128304 0.5880183863281625 0.79335334029123517
    vertex 0.092295955641257338 0.7010573846499778 0.70710678118654757
    vertex 0.079459311298945637 0.60355339059327373 0.79335334029123517
  endloop
endfacet
facet normal 0.14681324188574127 0.73808000889921299 0.65854671244364782
  outer loop
    vertex 0.1830127018922193 0.6830127018922193 0.70710678118654757
    vertex 0.20533495396307269 0.7663204807600037 0.60876142900872066
    vertex 0.10355339059327386 0.78656609248549303 0.60876142900872066
  endloop
endfacet
facet normal 0.14681324188574102 0.73808000889921288 0.65854671244364804
  outer loop
    vertex 0.1830127018922193 0.6830127018922193 0.70710678118654757
    vertex 0.10355339059327386 0.78656609248549303 0.60876142900872066
    vertex 0.092295955641257338 0.7010573846499778 0.70710678118654757
  endloop
endfacet
facet normal 0.16231886518705546 0.81603204127193596 0.55474705372984534
  outer loop
    vertex 0.20533495396307269 0.7663204807600037 0.60876142900872066
    vertex 0.22414386804201336 0.83651630373780783 0.50000000000000011
    vertex 0.11303899832181553 0.85861643640126084 0.50000000000000011
  endloop
endfacet
facet normal 0.16231886518705527 0.81603204127193596 0.55474705372984545
  outer loop
    vertex 0.20533495396307269 0.7663204807600037 0.60876142900872066
    vertex 0.11303899832181553 0.85861643640126084 0.50000000000000011
    vertex 0.10355339059327386 0.78656609248549303 0.60876142900872066
  endloop
endfacet
facet normal 0.1750444436919095 0.88000784464953907 0.44152648401637556
  outer loop
    vertex 0.22414386804201336 0.83651630373780783 0.50000000000000011
    vertex 0.23911761839433449 0.89239910083252283 0.38268343236508984
    vertex 0.12059047744873973 0.9159756150367534 0.38268343236508984
  endloop
endfacet
facet normal 0.17504444369190997 0.88000784464953918 0.44152648401637518
  outer loop
    vertex 0.22414386804201336 0.83651630373780783 0.50000000000000011
    vertex 0.12059047744873973 0.9159756150367534 0.38268343236508984
    vertex 0.11303899832181553 0.85861643640126084 0.50000000000000011
  endloop
endfacet
facet normal 0.1847777417619644 0.92894043842575613 0.32082214388460278
  outer loop
    vertex 0.23911761839433449 0.89239910083252283 0.38268343236508984
    vertex 0.24999999999999997 0.93301270189221941 0.25881904510252074
    vertex 0.12607862007251922 0.95766219694254862 0.25881904510252074
  endloop
endfacet
facet normal 0.18477774176196396 0.92894043842575613 0.32082214388460323
  outer loop
    vertex 0.23911761839433449 0.89239910083252283 0.38268343236508984
    vertex 0.12607862007251922 0.95766219694254862 0.25881904510252074
    vertex 0.12059047744873973 0.9159756150367534 0.38268343236508984
  endloop
endfacet
facet normal 0.19135729380625652 0.9620180802585242 0.19468846746237881
  outer loop
    vertex 0.24999999999999997 0.93301270189221941 0.25881904510252074
    vertex 0.25660481229257065 0.95766219694254862 0.13052619222005171
    vertex 0.12940952255126051 0.9829629131445341 0.13052619222005171
  endloop
endfacet
facet normal 0.19135729380625674 0.96201808025852431 0.19468846746237867
  outer loop
    vertex 0.24999999999999997 0.93301270189221941 0.25881904510252074
    vertex 0.12940952255126051 0.9829629131445341 0.13052619222005171
    vertex 0.12607862007251922 0.95766219694254862 0.25881904510252074
  endloop
endfacet
facet normal 0.19467439970650621 0.97869429775041206 0.065263693197208192
  outer loop
    vertex 0.25660481229257065 0.95766219694254862 0.13052619222005171
    vertex 0.25881904510252074 0.96592582628906831 6.123233995736766e-17
    vertex 0.13052619222005171 0.99144486137381038 6.123233995736766e-17
  endloop
endfacet
facet normal 0.19467439970650602 0.97869429775041206 0.065263693197208344
  outer loop
    vertex 0.25660481229257065 0.95766219694254862 0.13052619222005171
    vertex 0.13052619222005171 0.99144486137381038 6.123233995736766e-17
    vertex 0.12940952255126051 0.9829629131445341 0.13052619222005171
  endloop
endfacet
facet normal 0.19467439970650602 0.97869429775041206 -0.065263693197208192
  outer loop
    vertex 0.25881904510252074 0.96592582628906831 6.123233995736766e-17
    vertex 0.25660481229257065 0.95766219694254862 -0.1305261922200516
    vertex 0.12940952255126051 0.9829629131445341 -0.1305261922200516
  endloop
endfacet
facet normal 0.19467439970650616 0.97869429775041206 -0.065263693197208344
  outer loop
    vertex 0.25881904510252074 0.96592582628906831 6.123233995736766e-17
    vertex 0.12940952255126051 0.9829629131445341 -0.1305261922200516
    vertex 0.13052619222005171 0.99144486137381038 6.123233995736766e-17
  endloop
endfacet
facet normal 0.19135729380625668 0.96201808025852409 -0.19468846746237878
  outer loop
    vertex 0.25660481229257065 0.95766219694254862 -0.1305261922200516
    vertex 0.24999999999999997 0.93301270189221941 -0.25881904510252063
    vertex 0.12607862007251922 0.95766219694254862 -0.25881904510252063
  endloop
endfacet
facet normal 0.19135729380625655 0.9620180802585242 -0.19468846746237864
  outer loop
    vertex 0.25660481229257065 0.95766219694254862 -0.1305261922200516
    vertex 0.12607862007251922 0.95766219694254862 -0.25881904510252063
    vertex 0.12940952255126051 0.9829629131445341 -0.1305261922200516
  endloop
endfacet
facet normal 0.18477774176196399 0.92894043842575635 -0.32082214388460256
  outer loop
    vertex 0.24999999999999997 0.93301270189221941 -0.25881904510252063
    vertex 0.23911761839433451 0.89239910083252294 -0.3826834323650895
    vertex 0.12059047744873974 0.91597561503675351 -0.3826834323650895
  endloop
endfacet
facet normal 0.18477774176196438 0.92894043842575602 -0.32082214388460284
  outer loop
    vertex 0.24999999999999997 0.93301270189221941 -0.25881904510252063
    vertex 0.12059047744873974 0.91597561503675351 -0.3826834323650895
    vertex 0.12607862007251922 0.95766219694254862 -0.25881904510252063
  endloop
endfacet
facet normal 0.17504444369190997 0.88000784464953896 -0.44152648401637534
  outer loop
    vertex 0.23911761839433451 0.89239910083252294 -0.3826834323650895
    vertex 0.22414386804201339 0.83651630373780794 -0.49999999999999983
    vertex 0.11303899832181555 0.85861643640126095 -0.49999999999999983
  endloop
endfacet
facet normal 0.17504444369190955 0.88000784464953929 -0.44152648401637512
  outer loop
    vertex 0.23911761839433451 0.89239910083252294 -0.3826834323650895
    vertex 0.11303899832181555 0.85861643640126095 -0.49999999999999983
    vertex 0.12059047744873974 0.91597561503675351 -0.3826834323650895
  endloop
endfacet
facet normal 0.16231886518705535 0.81603204127193629 -0.55474705372984501
  outer loop
    vertex 0.22414386804201339 0.83651630373780794 -0.49999999999999983
    vertex 0.20533495396307269 0.7663204807600037 -0.60876142900872066
    vertex 0.10355339059327386 0.78656609248549303 -0.60876142900872066
  endloop
endfacet
facet normal 0.16231886518705543 0.81603204127193618 -0.55474705372984501
  outer loop
    vertex 0.22414386804201339 0.83651630373780794 -0.49999999999999983
    vertex 0.10355339059327386 0.78656609248549303 -0.60876142900872066
    vertex 0.11303899832181555 0.85861643640126095 -0.49999999999999983
  endloop
endfacet
facet normal 0.14681324188574107 0.7380800088992131 -0.65854671244364782
  outer loop
    vertex 0.20533495396307269 0.7663204807600037 -0.60876142900872066
    vertex 0.18301270189221933 0.68301270189221941 -0.70710678118654746
    vertex 0.092295955641257352 0.70105738464997791 -0.70710678118654746
  endloop
endfacet
facet normal 0.14681324188574124 0.73808000889921288 -0.65854671244364793
  outer loop
    vertex 0.20533495396307269 0.7663204807600037 -0.60876142900872066
    vertex 0.092295955641257352 0.70105738464997791 -0.70710678118654746
    vertex 0.10355339059327386 0.78656609248549303 -0.60876142900872066
  endloop
endfacet
facet normal 0.12878778296486235 0.64745990740258685 -0.75113871905609353
  outer loop
    vertex 0.18301270189221933 0.68301270189221941 -0.70710678118654746
    vertex 0.1575590517512831 0.58801838632816272 -0.79335334029123505
    vertex 0.079459311298945665 0.60355339059327395 -0.79335334029123505
  endloop
endfacet
facet normal 0.12878778296486232 0.64745990740258708 -0.75113871905609353
  outer loop
    vertex 0.18301270189221933 0.68301270189221941 -0.70710678118654746
    vertex 0.079459311298945665 0.60355339059327395 -0.79335334029123505
    vertex 0.092295955641257352 0.70105738464997791 -0.70710678118654746
  endloop
endfacet
facet normal 0.10854699545741132 0.54570259701464952 -0.83091890421907966
  outer loop
    vertex 0.1575590517512831 0.58801838632816272 -0.79335334029123505
    vertex 0.12940952255126034 0.4829629131445341 -0.86602540378443871
    vertex 0.065263096110025842 0.49572243068690514 -0.86602540378443871
  endloop
endfacet
facet normal 0.1085469954574111 0.54570259701464974 -0.83091890421907943
  outer loop
    vertex 0.1575590517512831 0.58801838632816272 -0.79335334029123505
    vertex 0.065263096110025842 0.49572243068690514 -0.86602540378443871
    vertex 0.079459311298945665 0.60355339059327395 -0.79335334029123505
  endloop
endfacet
facet normal 0.086435073786152894 0.43453845994993784 -0.89649612650803945
  outer loop
    vertex 0.12940952255126034 0.4829629131445341 -0.86602540378443871
    vertex 0.09904576054128765 0.36964381061438623 -0.92387953251128674
    vertex 0.049950211252314879 0.37940952255126048 -0.92387953251128674
  endloop
endfacet
facet normal 0.086435073786152811 0.43453845994993801 -0.89649612650803934
  outer loop
    vertex 0.12940952255126034 0.4829629131445341 -0.86602540378443871
    vertex 0.049950211252314879 0.37940952255126048 -0.92387953251128674
    vertex 0.065263096110025842 0.49572243068690514 -0.86602540378443871
  endloop
endfacet
facet normal 0.062830340480656083 0.31586945200211741 -0.94672004183230796
  outer loop
    vertex 0.09904576054128765 0.36964381061438623 -0.92387953251128674
    vertex 0.066987298107780743 0.25000000000000028 -0.9659258262890682
    vertex 0.033782664431261891 0.25660481229257093 -0.9659258262890682
  endloop
endfacet
facet normal 0.062830340480656388 0.3158694520021173 -0.94672004183230796
  outer loop
    vertex 0.09904576054128765 0.36964381061438623 -0.92387953251128674
    vertex 0.033782664431261891 0.25660481229257093 -0.9659258262890682
    vertex 0.049950211252314879 0.37940952255126048 -0.92387953251128674
  endloop
endfacet
facet normal 0.038138780669493826 0.19173659824127287 -0.98070510873753947
  outer loop
    vertex 0.066987298107780743 0.25000000000000028 -0.9659258262890682
    vertex 0.033782664431261926 0.12607862007251947 -0.99144486137381038
    vertex 0.017037086855465924 0.12940952255126076 -0.99144486137381038
  endloop
endfacet
facet normal 0.03813878066949377 0.19173659824127287 -0.98070510873753924
  outer loop
    vertex 0.066987298107780743 0.25000000000000028 -0.9659258262890682
    vertex 0.017037086855465924 0.12940952255126076 -0.99144486137381038
    vertex 0.033782664431261891 0.25660481229257093 -0.9659258262890682
  endloop
endfacet
facet normal 0.012786777780993588 0.064283472915426465 -0.99784975493503592
  outer loop
    vertex 0 0 -1
    vertex 0.017037086855465924 0.12940952255126076 -0.99144486137381038
    vertex 0.033782664431261926 0.12607862007251947 -0.99144486137381038
  endloop
endfacet
facet normal 0.0042867081821635284 0.065402528307779331 0.99784975493503592
  outer loop
    vertex 0 0 1
    vertex 0.017037086855465872 0.12940952255126037 0.99144486137381038
    vertex 7.9924241753589164e-18 0.13052619222005157 0.99144486137381038
  endloop
endfacet
facet normal 0.012785850036173402 0.19507437488030857 0.98070510873753969
  outer loop
    vertex 0.017037086855465872 0.12940952255126037 0.99144486137381038
    vertex 0.033782664431261857 0.25660481229257065 0.96592582628906831
    vertex 1.5848095757158825e-17 0.25881904510252074 0.96592582628906831
  endloop
endfacet
facet normal 0.01278585003617326 0.19507437488030852 0.98070510873753947
  outer loop
    vertex 0.017037086855465872 0.12940952255126037 0.99144486137381038
    vertex 1.5848095757158825e-17 0.25881904510252074 0.96592582628906831
    vertex 7.9924241753589164e-18 0.13052619222005157 0.99144486137381038
  endloop
endfacet
facet normal 0.021063581399443063 0.32136815015129044 0.94672004183230773
  outer loop
    vertex 0.033782664431261857 0.25660481229257065 0.96592582628906831
    vertex 0.049950211252314865 0.37940952255126037 0.92387953251128674
    vertex 2.3432602026631493e-17 0.38268343236508978 0.92387953251128674
  endloop
endfacet
facet normal 0.021063581399443077 0.32136815015129044 0.94672004183230785
  outer loop
    vertex 0.033782664431261857 0.25660481229257065 0.96592582628906831
    vertex 2.3432602026631493e-17 0.38268343236508978 0.92387953251128674
    vertex 1.5848095757158825e-17 0.25881904510252074 0.96592582628906831
  endloop
endfacet
facet normal 0.028976959197316614 0.44210296424222068 0.89649612650803967
  outer loop
    vertex 0.049950211252314865 0.37940952255126037 0.92387953251128674
    vertex 0.065263096110025842 0.49572243068690514 0.86602540378443871
    vertex 3.0616169978683824e-17 0.49999999999999994 0.86602540378443871
  endloop
endfacet
facet normal 0.028976959197316764 0.44210296424222073 0.89649612650803956
  outer loop
    vertex 0.049950211252314865 0.37940952255126037 0.92387953251128674
    vertex 3.0616169978683824e-17 0.49999999999999994 0.86602540378443871
    vertex 2.3432602026631493e-17 0.38268343236508978 0.92387953251128674
  endloop
endfacet
facet normal 0.036389878790901796 0.55520226164250086 0.83091890421907921
  outer loop
    vertex 0.065263096110025842 0.49572243068690514 0.86602540378443871
    vertex 0.079459311298945637 0.60355339059327373 0.79335334029123517
    vertex 3.7275886773994921e-17 0.60876142900872066 0.79335334029123517
  endloop
endfacet
facet normal 0.036389878790901532 0.55520226164250086 0.83091890421907932
  outer loop
    vertex 0.065263096110025842 0.49572243068690514 0.86602540378443871
    vertex 3.7275886773994921e-17 0.60876142900872066 0.79335334029123517
    vertex 3.0616169978683824e-17 0.49999999999999994 0.86602540378443871
  endloop
endfacet
facet normal 0.043175509299832063 0.65873097705472339 0.75113871905609397
  outer loop
    vertex 0.079459311298945637 0.60355339059327373 0.79335334029123517
    vertex 0.092295955641257338 0.7010573846499778 0.70710678118654757
    vertex 4.3297802811774658e-17 0.70710678118654746 0.70710678118654757
  endloop
endfacet
facet normal 0.043175509299832195 0.6587309770547235 0.75113871905609375
  outer loop
    vertex 0.079459311298945637 0.60355339059327373 0.79335334029123517
    vertex 4.3297802811774658e-17 0.70710678118654746 0.70710678118654757
    vertex 3.7275886773994921e-17 0.60876142900872066 0.79335334029123517
  endloop
endfacet
facet normal 0.049218461133892943 0.75092860553668794 0.65854671244364793
  outer loop
    vertex 0.092295955641257338 0.7010573846499778 0.70710678118654757
    vertex 0.10355339059327386 0.78656609248549303 0.60876142900872066
    vertex 4.8578881439026101e-17 0.79335334029123517 0.60876142900872066
  endloop
endfacet
facet normal 0.049218461133892909 0.75092860553668794 0.65854671244364804
  outer loop
    vertex 0.092295955641257338 0.7010573846499778 0.70710678118654757
    vertex 4.8578881439026101e-17 0.79335334029123517 0.60876142900872066
    vertex 4.3297802811774658e-17 0.70710678118654746 0.70710678118654757
  endloop
endfacet
facet normal 0.054416649716953175 0.83023763743378831 0.55474705372984545
  outer loop
    vertex 0.10355339059327386 0.78656609248549303 0.60876142900872066
    vertex 0.11303899832181553 0.85861643640126084 0.50000000000000011
    vertex 5.302876193624534e-17 0.8660254037844386 0.50000000000000011
  endloop
endfacet
facet normal 0.054416649716953168 0.8302376374337882 0.55474705372984545
  outer loop
    vertex 0.10355339059327386 0.78656609248549303 0.60876142900872066
    vertex 5.302876193624534e-17 0.8660254037844386 0.50000000000000011
    vertex 4.8578881439026101e-17 0.79335334029123517 0.60876142900872066
  endloop
endfacet
facet normal 0.058682841124502887 0.89532714025081006 0.44152648401637518
  outer loop
    vertex 0.11303899832181553 0.85861643640126084 0.50000000000000011
    vertex 0.12059047744873973 0.9159756150367534 0.38268343236508984
    vertex 5.6571305614385013e-17 0.92387953251128674 0.38268343236508984
  endloop
endfacet
facet normal 0.058682841124503095 0.89532714025081028 0.44152648401637512
  outer loop
    vertex 0.11303899832181553 0.85861643640126084 0.50000000000000011
    vertex 5.6571305614385013e-17 0.92387953251128674 0.38268343236508984
    vertex 5.302876193624534e-17 0.8660254037844386 0.50000000000000011
  endloop
endfacet
facet normal 0.061945884339217404 0.94511155923875967 0.32082214388460317
  outer loop
    vertex 0.12059047744873973 0.9159756150367534 0.38268343236508984
    vertex 0.12607862007251922 0.95766219694254862 0.25881904510252074
    vertex 5.9145898568933492e-17 0.96592582628906831 0.25881904510252074
  endloop
endfacet
facet normal 0.061945884339217834 0.94511155923875967 0.32082214388460273
  outer loop
    vertex 0.12059047744873973 0.9159756150367534 0.38268343236508984
    vertex 5.9145898568933492e-17 0.96592582628906831 0.25881904510252074
    vertex 5.6571305614385013e-17 0.92387953251128674 0.38268343236508984
  endloop
endfacet
facet normal 0.064151648767622776 0.97876502113507613 0.19468846746237864
  outer loop
    vertex 0.12607862007251922 0.95766219694254862 0.25881904510252074
    vertex 0.12940952255126051 0.9829629131445341 0.13052619222005171
    vertex 6.0708488800626411e-17 0.99144486137381038 0.13052619222005171
  endloop
endfacet
facet normal 0.064151648767622624 0.97876502113507613 0.19468846746237875
  outer loop
    vertex 0.12607862007251922 0.95766219694254862 0.25881904510252074
    vertex 6.0708488800626411e-17 0.99144486137381038 0.13052619222005171
    vertex 5.9145898568933492e-17 0.96592582628906831 0.25881904510252074
  endloop
endfacet
facet normal 0.065263693197208469 0.9957315404769107 0.065263693197208344
  outer loop
    vertex 0.12940952255126051 0.9829629131445341 0.13052619222005171
    vertex 0.13052619222005171 0.99144486137381038 6.123233995736766e-17
    vertex 6.123233995736766e-17 1 6.123233995736766e-17
  endloop
endfacet
facet normal 0.065263693197208331 0.99573154047691059 0.065263693197208456
  outer loop
    vertex 0.12940952255126051 0.9829629131445341 0.13052619222005171
    vertex 6.123233995736766e-17 1 6.123233995736766e-17
    vertex 6.0708488800626411e-17 0.99144486137381038 0.13052619222005171
  endloop
endfacet
facet normal 0.065263693197208331 0.99573154047691059 -0.065263693197208331
  outer loop
    vertex 0.13052619222005171 0.99144486137381038 6.123233995736766e-17
    vertex 0.12940952255126051 0.9829629131445341 -0.1305261922200516
    vertex 6.0708488800626411e-17 0.99144486137381038 -0.1305261922200516
  endloop
endfacet
facet normal 0.065263693197208456 0.9957315404769107 -0.065263693197208456
  outer loop
    vertex 0.13052619222005171 0.99144486137381038 6.123233995736766e-17
    vertex 6.0708488800626411e-17 0.99144486137381038 -0.1305261922200516
    vertex 6.123233995736766e-17 1 6.123233995736766e-17
  endloop
endfacet
facet normal 0.064151648767622624 0.97876502113507613 -0.19468846746237864
  outer loop
    vertex 0.12940952255126051 0.9829629131445341 -0.1305261922200516
    vertex 0.12607862007251922 0.95766219694254862 -0.25881904510252063
    vertex 5.9145898568933492e-17 0.96592582628906831 -0.25881904510252063
  endloop
endfacet
facet normal 0.06415164876762279 0.97876502113507613 -0.19468846746237881
  outer loop
    vertex 0.12940952255126051 0.9829629131445341 -0.1305261922200516
    vertex 5.9145898568933492e-17 0.96592582628906831 -0.25881904510252063
    vertex 6.0708488800626411e-17 0.99144486137381038 -0.1305261922200516
  endloop
endfacet
facet normal 0.061945884339217848 0.94511155923875956 -0.3208221438846029
  outer loop
    vertex 0.12607862007251922 0.95766219694254862 -0.25881904510252063
    vertex 0.12059047744873974 0.91597561503675351 -0.3826834323650895
    vertex 5.6571305614385025e-17 0.92387953251128685 -0.3826834323650895
  endloop
endfacet
facet normal 0.061945884339217383 0.94511155923875978 -0.32082214388460251
  outer loop
    vertex 0.12607862007251922 0.95766219694254862 -0.25881904510252063
    vertex 5.6571305614385025e-17 0.92387953251128685 -0.3826834323650895
    vertex 5.9145898568933492e-17 0.96592582628906831 -0.25881904510252063
  endloop
endfacet
facet normal 0.058682841124503088 0.89532714025081017 -0.44152648401637501
  outer loop
    vertex 0.12059047744873974 0.91597561503675351 -0.3826834323650895
    vertex 0.11303899832181555 0.85861643640126095 -0.49999999999999983
    vertex 5.3028761936245346e-17 0.86602540378443871 -0.49999999999999983
  endloop
endfacet
facet normal 0.058682841124502907 0.89532714025081028 -0.44152648401637484
  outer loop
    vertex 0.12059047744873974 0.91597561503675351 -0.3826834323650895
    vertex 5.3028761936245346e-17 0.86602540378443871 -0.49999999999999983
    vertex 5.6571305614385025e-17 0.92387953251128685 -0.3826834323650895
  endloop
endfacet
facet normal 0.054416649716953237 0.83023763743378842 -0.55474705372984501
  outer loop
    vertex 0.11303899832181555 0.85861643640126095 -0.49999999999999983
    vertex 0.10355339059327386 0.78656609248549303 -0.60876142900872066
    vertex 4.8578881439026101e-17 0.79335334029123517 -0.60876142900872066
  endloop
endfacet
facet normal 0.054416649716953237 0.83023763743378842 -0.55474705372984501
  outer loop
    vertex 0.11303899832181555 0.85861643640126095 -0.49999999999999983
    vertex 4.8578881439026101e-17 0.79335334029123517 -0.60876142900872066
    vertex 5.3028761936245346e-17 0.86602540378443871 -0.49999999999999983
  endloop
endfacet
facet normal 0.049218461133892971 0.75092860553668794 -0.65854671244364782
  outer loop
    vertex 0.10355339059327386 0.78656609248549303 -0.60876142900872066
    vertex 0.092295955641257352 0.70105738464997791 -0.70710678118654746
    vertex 4.329780281177467e-17 0.70710678118654757 -0.70710678118654746
  endloop
endfacet
facet normal 0.049218461133892999 0.75092860553668794 -0.65854671244364793
  outer loop
    vertex 0.10355339059327386 0.78656609248549303 -0.60876142900872066
    vertex 4.329780281177467e-17 0.70710678118654757 -0.70710678118654746
    vertex 4.8578881439026101e-17 0.79335334029123517 -0.60876142900872066
  endloop
endfacet
facet normal 0.043175509299832181 0.65873097705472383 -0.75113871905609353
  outer loop
    vertex 0.092295955641257352 0.70105738464997791 -0.70710678118654746
    vertex 0.079459311298945665 0.60355339059327395 -0.79335334029123505
    vertex 3.7275886773994934e-17 0.60876142900872088 -0.79335334029123505
  endloop
endfacet
facet normal 0.043175509299832104 0.65873097705472394 -0.75113871905609353
  outer loop
    vertex 0.092295955641257352 0.70105738464997791 -0.70710678118654746
    vertex 3.7275886773994934e-17 0.60876142900872088 -0.79335334029123505
    vertex 4.329780281177467e-17 0.70710678118654757 -0.70710678118654746
  endloop
endfacet
facet normal 0.03638987879090165 0.55520226164250086 -0.83091890421907943
  outer loop
    vertex 0.079459311298945665 0.60355339059327395 -0.79335334029123505
    vertex 0.065263096110025842 0.49572243068690514 -0.86602540378443871
    vertex 3.0616169978683824e-17 0.49999999999999994 -0.86602540378443871
  endloop
endfacet
facet normal 0.036389878790901713 0.55520226164250075 -0.83091890421907943
  outer loop
    vertex 0.079459311298945665 0.60355339059327395 -0.79335334029123505
    vertex 3.0616169978683824e-17 0.49999999999999994 -0.86602540378443871
    vertex 3.7275886773994934e-17 0.60876142900872088 -0.79335334029123505
  endloop
endfacet
facet normal 0.028976959197316798 0.44210296424222101 -0.89649612650803934
  outer loop
    vertex 0.065263096110025842 0.49572243068690514 -0.86602540378443871
    vertex 0.049950211252314879 0.37940952255126048 -0.92387953251128674
    vertex 2.3432602026631499e-17 0.38268343236508989 -0.92387953251128674
  endloop
endfacet
facet normal 0.028976959197316701 0.44210296424222106 -0.89649612650803934
  outer loop
    vertex 0.065263096110025842 0.49572243068690514 -0.86602540378443871
    vertex 2.3432602026631499e-17 0.38268343236508989 -0.92387953251128674
    vertex 3.0616169978683824e-17 0.49999999999999994 -0.86602540378443871
  endloop
endfacet
facet normal 0.021063581399442966 0.32136815015129011 -0.94672004183230785
  outer loop
    vertex 0.049950211252314879 0.37940952255126048 -0.92387953251128674
    vertex 0.033782664431261891 0.25660481229257093 -0.9659258262890682
    vertex 1.584809575715884e-17 0.25881904510252102 -0.9659258262890682
  endloop
endfacet
facet normal 0.021063581399443098 0.32136815015129006 -0.94672004183230796
  outer loop
    vertex 0.049950211252314879 0.37940952255126048 -0.92387953251128674
    vertex 1.584809575715884e-17 0.25881904510252102 -0.9659258262890682
    vertex 2.3432602026631499e-17 0.38268343236508989 -0.92387953251128674
  endloop
endfacet
facet normal 0.01278585003617368 0.19507437488030946 -0.98070510873753935
  outer loop
    vertex 0.033782664431261891 0.25660481229257093 -0.9659258262890682
    vertex 0.017037086855465924 0.12940952255126076 -0.99144486137381038
    vertex 7.9924241753589411e-18 0.13052619222005199 -0.99144486137381038
  endloop
endfacet
facet normal 0.012785850036173442 0.19507437488030951 -0.98070510873753935
  outer loop
    vertex 0.033782664431261891 0.25660481229257093 -0.9659258262890682
    vertex 7.9924241753589411e-18 0.13052619222005199 -0.99144486137381038
    vertex 1.584809575715884e-17 0.25881904510252102 -0.9659258262890682
  endloop
endfacet
facet normal 0.0042867081821635015 0.065402528307779109 -0.99784975493503592
  outer loop
    vertex 0 0 -1
    vertex 7.9924241753589411e-18 0.13052619222005199 -0.99144486137381038
    vertex 0.017037086855465924 0.12940952255126076 -0.99144486137381038
  endloop
endfacet
facet normal -0.0042867081821635292 0.065402528307779345 0.99784975493503592
  outer loop
    vertex 0 0 1
    vertex 7.9924241753589164e-18 0.13052619222005157 0.99144486137381038
    vertex -0.017037086855465854 0.12940952255126037 0.99144486137381038
  endloop
endfacet
facet normal -0.012785850036173397 0.19507437488030852 0.98070510873753947
  outer loop
    vertex 7.9924241753589164e-18 0.13052619222005157 0.99144486137381038
    vertex 1.5848095757158825e-17 0.25881904510252074 0.96592582628906831
    vertex -0.033782664431261829 0.25660481229257065 0.96592582628906831
  endloop
endfacet
facet normal -0.012785850036173265 0.19507437488030857 0.98070510873753969
  outer loop
    vertex 7.9924241753589164e-18 0.13052619222005157 0.99144486137381038
    vertex -0.033782664431261829 0.25660481229257065 0.96592582628906831
    vertex -0.017037086855465854 0.12940952255126037 0.99144486137381038
  endloop
endfacet
facet normal -0.021063581399443199 0.32136815015129044 0.94672004183230785
  outer loop
    vertex 1.5848095757158825e-17 0.25881904510252074 0.96592582628906831
    vertex 2.3432602026631493e-17 0.38268343236508978 0.92387953251128674
    vertex -0.049950211252314823 0.37940952255126037 0.92387953251128674
  endloop
endfacet
facet normal -0.021063581399443081 0.3213681501512905 0.94672004183230785
  outer loop
    vertex 1.5848095757158825e-17 0.25881904510252074 0.96592582628906831
    vertex -0.049950211252314823 0.37940952255126037 0.92387953251128674
    vertex -0.033782664431261829 0.25660481229257065 0.96592582628906831
  endloop
endfacet
facet normal -0.028976959197316608 0.44210296424222068 0.89649612650803945
  outer loop
    vertex 2.3432602026631493e-17 0.38268343236508978 0.92387953251128674
    vertex 3.0616169978683824e-17 0.49999999999999994 0.86602540378443871
    vertex -0.065263096110025787 0.49572243068690514 0.86602540378443871
  endloop
endfacet
facet normal -0.02897695919731676 0.44210296424222068 0.89649612650803956
  outer loop
    vertex 2.3432602026631493e-17 0.38268343236508978 0.92387953251128674
    vertex -0.065263096110025787 0.49572243068690514 0.86602540378443871
    vertex -0.049950211252314823 0.37940952255126037 0.92387953251128674
  endloop
endfacet
facet normal -0.036389878790901789 0.55520226164250086 0.83091890421907921
  outer loop
    vertex 3.0616169978683824e-17 0.49999999999999994 0.86602540378443871
    vertex 3.7275886773994921e-17 0.60876142900872066 0.79335334029123517
    vertex -0.079459311298945567 0.60355339059327373 0.79335334029123517
  endloop
endfacet
facet normal -0.036389878790901539 0.55520226164250097 0.83091890421907921
  outer loop
    vertex 3.0616169978683824e-17 0.49999999999999994 0.86602540378443871
    vertex -0.079459311298945567 0.60355339059327373 0.79335334029123517
    vertex -0.065263096110025787 0.49572243068690514 0.86602540378443871
  endloop
endfacet
facet normal -0.043175509299832063 0.65873097705472339 0.75113871905609375
  outer loop
    vertex 3.7275886773994921e-17 0.60876142900872066 0.79335334029123517
    vertex 4.3297802811774658e-17 0.70710678118654746 0.70710678118654757
    vertex -0.092295955641257255 0.7010573846499778 0.70710678118654757
  endloop
endfacet
facet normal -0.043175509299832188 0.65873097705472339 0.75113871905609397
  outer loop
    vertex 3.7275886773994921e-17 0.60876142900872066 0.79335334029123517
    vertex -0.092295955641257255 0.7010573846499778 0.70710678118654757
    vertex -0.079459311298945567 0.60355339059327373 0.79335334029123517
  endloop
endfacet
facet normal -0.049218461133892943 0.75092860553668794 0.65854671244364793
  outer loop
    vertex 4.3297802811774658e-17 0.70710678118654746 0.70710678118654757
    vertex 4.8578881439026101e-17 0.79335334029123517 0.60876142900872066
    vertex -0.10355339059327377 0.78656609248549303 0.60876142900872066
  endloop
endfacet
facet normal -0.049218461133892909 0.75092860553668794 0.65854671244364793
  outer loop
    vertex 4.3297802811774658e-17 0.70710678118654746 0.70710678118654757
    vertex -0.10355339059327377 0.78656609248549303 0.60876142900872066
    vertex -0.092295955641257255 0.7010573846499778 0.70710678118654757
  endloop
endfacet
facet normal -0.054416649716953223 0.8302376374337882 0.55474705372984545
  outer loop
    vertex 4.8578881439026101e-17 0.79335334029123517 0.60876142900872066
    vertex 5.302876193624534e-17 0.8660254037844386 0.50000000000000011
    vertex -0.11303899832181544 0.85861643640126084 0.50000000000000011
  endloop
endfacet
facet normal -0.054416649716953161 0.8302376374337882 0.55474705372984534
  outer loop
    vertex 4.8578881439026101e-17 0.79335334029123517 0.60876142900872066
    vertex -0.11303899832181544 0.85861643640126084 0.50000000000000011
    vertex -0.10355339059327377 0.78656609248549303 0.60876142900872066
  endloop
endfacet
facet normal -0.058682841124502887 0.89532714025081017 0.44152648401637506
  outer loop
    vertex 5.302876193624534e-17 0.8660254037844386 0.50000000000000011
    vertex 5.6571305614385013e-17 0.92387953251128674 0.38268343236508984
    vertex -0.12059047744873963 0.9159756150367534 0.38268343236508984
  endloop
endfacet
facet normal -0.058682841124503081 0.89532714025081017 0.44152648401637518
  outer loop
    vertex 5.302876193624534e-17 0.8660254037844386 0.50000000000000011
    vertex -0.12059047744873963 0.9159756150367534 0.38268343236508984
    vertex -0.11303899832181544 0.85861643640126084 0.50000000000000011
  endloop
endfacet
facet normal -0.061945884339217348 0.94511155923875967 0.32082214388460278
  outer loop
    vertex 5.6571305614385013e-17 0.92387953251128674 0.38268343236508984
    vertex 5.9145898568933492e-17 0.96592582628906831 0.25881904510252074
    vertex -0.1260786200725191 0.95766219694254862 0.25881904510252074
  endloop
endfacet
facet normal -0.06194588433921782 0.94511155923875956 0.32082214388460317
  outer loop
    vertex 5.6571305614385013e-17 0.92387953251128674 0.38268343236508984
    vertex -0.1260786200725191 0.95766219694254862 0.25881904510252074
    vertex -0.12059047744873963 0.9159756150367534 0.38268343236508984
  endloop
endfacet
facet normal -0.064151648767622804 0.97876502113507613 0.19468846746237881
  outer loop
    vertex 5.9145898568933492e-17 0.96592582628906831 0.25881904510252074
    vertex 6.0708488800626411e-17 0.99144486137381038 0.13052619222005171
    vertex -0.1294095225512604 0.9829629131445341 0.13052619222005171
  endloop
endfacet
facet normal -0.064151648767622624 0.97876502113507613 0.19468846746237864
  outer loop
    vertex 5.9145898568933492e-17 0.96592582628906831 0.25881904510252074
    vertex -0.1294095225512604 0.9829629131445341 0.13052619222005171
    vertex -0.1260786200725191 0.95766219694254862 0.25881904510252074
  endloop
endfacet
facet normal -0.065263693197208456 0.9957315404769107 0.065263693197208456
  outer loop
    vertex 6.0708488800626411e-17 0.99144486137381038 0.13052619222005171
    vertex 6.123233995736766e-17 1 6.123233995736766e-17
    vertex -0.1305261922200516 0.99144486137381038 6.123233995736766e-17
  endloop
endfacet
facet normal -0.065263693197208331 0.99573154047691059 0.065263693197208331
  outer loop
    vertex 6.0708488800626411e-17 0.99144486137381038 0.13052619222005171
    vertex -0.1305261922200516 0.99144486137381038 6.123233995736766e-17
    vertex -0.1294095225512604 0.9829629131445341 0.13052619222005171
  endloop
endfacet
facet normal -0.065263693197208344 0.99573154047691059 -0.065263693197208456
  outer loop
    vertex 6.123233995736766e-17 1 6.123233995736766e-17
    vertex 6.0708488800626411e-17 0.99144486137381038 -0.1305261922200516
    vertex -0.1294095225512604 0.9829629131445341 -0.1305261922200516
  endloop
endfacet
facet normal -0.065263693197208456 0.9957315404769107 -0.065263693197208344
  outer loop
    vertex 6.123233995736766e-17 1 6.123233995736766e-17
    vertex -0.1294095225512604 0.9829629131445341 -0.1305261922200516
    vertex -0.1305261922200516 0.99144486137381038 6.123233995736766e-17
  endloop
endfacet
facet normal -0.064151648767622596 0.97876502113507613 -0.19468846746237878
  outer loop
    vertex 6.0708488800626411e-17 0.99144486137381038 -0.1305261922200516
    vertex 5.9145898568933492e-17 0.96592582628906831 -0.25881904510252063
    vertex -0.1260786200725191 0.95766219694254862 -0.25881904510252063
  endloop
endfacet
facet normal -0.06415164876762279 0.97876502113507613 -0.19468846746237864
  outer loop
    vertex 6.0708488800626411e-17 0.99144486137381038 -0.1305261922200516
    vertex -0.1260786200725191 0.95766219694254862 -0.25881904510252063
    vertex -0.1294095225512604 0.9829629131445341 -0.1305261922200516
  endloop
endfacet
facet normal -0.061945884339217806 0.94511155923875978 -0.32082214388460256
  outer loop
    vertex 5.9145898568933492e-17 0.96592582628906831 -0.25881904510252063
    vertex 5.6571305614385025e-17 0.92387953251128685 -0.3826834323650895
    vertex -0.12059047744873964 0.91597561503675351 -0.3826834323650895
  endloop
endfacet
facet normal -0.061945884339217383 0.94511155923875978 -0.32082214388460295
  outer loop
    vertex 5.9145898568933492e-17 0.96592582628906831 -0.25881904510252063
    vertex -0.12059047744873964 0.91597561503675351 -0.3826834323650895
    vertex -0.1260786200725191 0.95766219694254862 -0.25881904510252063
  endloop
endfacet
facet normal -0.058682841124503088 0.89532714025081039 -0.4415264840163749
  outer loop
    vertex 5.6571305614385025e-17 0.92387953251128685 -0.3826834323650895
    vertex 5.3028761936245346e-17 0.86602540378443871 -0.49999999999999983
    vertex -0.11303899832181545 0.85861643640126095 -0.49999999999999983
  endloop
endfacet
facet normal -0.058682841124502907 0.89532714025081039 -0.44152648401637512
  outer loop
    vertex 5.6571305614385025e-17 0.92387953251128685 -0.3826834323650895
    vertex -0.11303899832181545 0.85861643640126095 -0.49999999999999983
    vertex -0.12059047744873964 0.91597561503675351 -0.3826834323650895
  endloop
endfacet
facet normal -0.054416649716953223 0.83023763743378853 -0.55474705372984512
  outer loop
    vertex 5.3028761936245346e-17 0.86602540378443871 -0.49999999999999983
    vertex 4.8578881439026101e-17 0.79335334029123517 -0.60876142900872066
    vertex -0.10355339059327377 0.78656609248549303 -0.60876142900872066
  endloop
endfacet
facet normal -0.054416649716953237 0.83023763743378853 -0.55474705372984501
  outer loop
    vertex 5.3028761936245346e-17 0.86602540378443871 -0.49999999999999983
    vertex -0.10355339059327377 0.78656609248549303 -0.60876142900872066
    vertex -0.11303899832181545 0.85861643640126095 -0.49999999999999983
  endloop
endfacet
facet normal -0.049218461133892957 0.75092860553668805 -0.65854671244364793
  outer loop
    vertex 4.8578881439026101e-17 0.79335334029123517 -0.60876142900872066
    vertex 4.329780281177467e-17 0.70710678118654757 -0.70710678118654746
    vertex -0.092295955641257282 0.70105738464997791 -0.70710678118654746
  endloop
endfacet
facet normal -0.049218461133892999 0.75092860553668817 -0.65854671244364793
  outer loop
    vertex 4.8578881439026101e-17 0.79335334029123517 -0.60876142900872066
    vertex -0.092295955641257282 0.70105738464997791 -0.70710678118654746
    vertex -0.10355339059327377 0.78656609248549303 -0.60876142900872066
  endloop
endfacet
facet normal -0.043175509299832181 0.65873097705472383 -0.75113871905609353
  outer loop
    vertex 4.329780281177467e-17 0.70710678118654757 -0.70710678118654746
    vertex 3.7275886773994934e-17 0.60876142900872088 -0.79335334029123505
    vertex -0.079459311298945595 0.60355339059327395 -0.79335334029123505
  endloop
endfacet
facet normal -0.043175509299832091 0.65873097705472372 -0.75113871905609353
  outer loop
    vertex 4.329780281177467e-17 0.70710678118654757 -0.70710678118654746
    vertex -0.079459311298945595 0.60355339059327395 -0.79335334029123505
    vertex -0.092295955641257282 0.70105738464997791 -0.70710678118654746
  endloop
endfacet
facet normal -0.036389878790901643 0.55520226164250075 -0.83091890421907943
  outer loop
    vertex 3.7275886773994934e-17 0.60876142900872088 -0.79335334029123505
    vertex 3.0616169978683824e-17 0.49999999999999994 -0.86602540378443871
    vertex -0.065263096110025787 0.49572243068690514 -0.86602540378443871
  endloop
endfacet
facet normal -0.036389878790901713 0.55520226164250075 -0.83091890421907921
  outer loop
    vertex 3.7275886773994934e-17 0.60876142900872088 -0.79335334029123505
    vertex -0.065263096110025787 0.49572243068690514 -0.86602540378443871
    vertex -0.079459311298945595 0.60355339059327395 -0.79335334029123505
  endloop
endfacet
facet normal -0.028976959197316798 0.44210296424222106 -0.89649612650803934
  outer loop
    vertex 3.0616169978683824e-17 0.49999999999999994 -0.86602540378443871
    vertex 2.3432602026631499e-17 0.38268343236508989 -0.92387953251128674
    vertex -0.049950211252314837 0.37940952255126048 -0.92387953251128674
  endloop
endfacet
facet normal -0.028976959197316694 0.44210296424222095 -0.89649612650803923
  outer loop
    vertex 3.0616169978683824e-17 0.49999999999999994 -0.86602540378443871
    vertex -0.049950211252314837 0.37940952255126048 -0.92387953251128674
    vertex -0.065263096110025787 0.49572243068690514 -0.86602540378443871
  endloop
endfacet
facet normal -0.021063581399442963 0.32136815015129006 -0.94672004183230785
  outer loop
    vertex 2.3432602026631499e-17 0.38268343236508989 -0.92387953251128674
    vertex 1.584809575715884e-17 0.25881904510252102 -0.9659258262890682
    vertex -0.033782664431261863 0.25660481229257093 -0.9659258262890682
  endloop
endfacet
facet normal -0.021063581399443105 0.32136815015129017 -0.94672004183230807
  outer loop
    vertex 2.3432602026631499e-17 0.38268343236508989 -0.92387953251128674
    vertex -0.033782664431261863 0.25660481229257093 -0.9659258262890682
    vertex -0.049950211252314837 0.37940952255126048 -0.92387953251128674
  endloop
endfacet
facet normal -0.012785850036173487 0.19507437488030954 -0.98070510873753935
  outer loop
    vertex 1.584809575715884e-17 0.25881904510252102 -0.9659258262890682
    vertex 7.9924241753589411e-18 0.13052619222005199 -0.99144486137381038
    vertex -0.01703708685546591 0.12940952255126076 -0.99144486137381038
  endloop
endfacet
facet normal -0.012785850036173439 0.19507437488030949 -0.98070510873753935
  outer loop
    vertex 1.584809575715884e-17 0.25881904510252102 -0.9659258262890682
    vertex -0.01703708685546591 0.12940952255126076 -0.99144486137381038
    vertex -0.033782664431261863 0.25660481229257093 -0.9659258262890682
  endloop
endfacet
facet normal -0.0042867081821635015 0.065402528307779137 -0.99784975493503592
  outer loop
    vertex 0 0 -1
    vertex -0.01703708685546591 0.12940952255126076 -0.99144486137381038
    vertex 7.9924241753589411e-18 0.13052619222005199 -0.99144486137381038
  endloop
endfacet
facet normal -0.012786777780993665 0.064283472915426645 0.99784975493503592
  outer loop
    vertex 0 0 1
    vertex -0.017037086855465854 0.12940952255126037 0.99144486137381038
    vertex -0.033782664431261808 0.12607862007251908 0.99144486137381038
  endloop
endfacet
facet normal -0.038138780669493777 0.19173659824127187 0.98070510873753969
  outer loop
    vertex -0.017037086855465854 0.12940952255126037 0.99144486137381038
    vertex -0.033782664431261829 0.25660481229257065 0.96592582628906831
    vertex -0.066987298107780632 0.24999999999999997 0.96592582628906831
  endloop
endfacet
facet normal -0.038138780669493832 0.19173659824127193 0.98070510873753969
  outer loop
    vertex -0.017037086855465854 0.12940952255126037 0.99144486137381038
    vertex -0.066987298107780632 0.24999999999999997 0.96592582628906831
    vertex -0.033782664431261808 0.12607862007251908 0.99144486137381038
  endloop
endfacet
facet normal -0.062830340480656444 0.31586945200211763 0.94672004183230773
  outer loop
    vertex -0.033782664431261829 0.25660481229257065 0.96592582628906831
    vertex -0.049950211252314823 0.37940952255126037 0.92387953251128674
    vertex -0.099045760541287581 0.36964381061438611 0.92387953251128674
  endloop
endfacet
facet normal -0.062830340480656513 0.31586945200211763 0.94672004183230773
  outer loop
    vertex -0.033782664431261829 0.25660481229257065 0.96592582628906831
    vertex -0.099045760541287581 0.36964381061438611 0.92387953251128674
    vertex -0.066987298107780632 0.24999999999999997 0.96592582628906831
  endloop
endfacet
facet normal -0.086435073786152783 0.43453845994993762 0.89649612650803956
  outer loop
    vertex -0.049950211252314823 0.37940952255126037 0.92387953251128674
    vertex -0.065263096110025787 0.49572243068690514 0.86602540378443871
    vertex -0.12940952255126029 0.4829629131445341 0.86602540378443871
  endloop
endfacet
facet normal -0.086435073786152783 0.43453845994993756 0.89649612650803956
  outer loop
    vertex -0.049950211252314823 0.37940952255126037 0.92387953251128674
    vertex -0.12940952255126029 0.4829629131445341 0.86602540378443871
    vertex -0.099045760541287581 0.36964381061438611 0.92387953251128674
  endloop
endfacet
facet normal -0.10854699545741113 0.54570259701464985 0.83091890421907921
  outer loop
    vertex -0.065263096110025787 0.49572243068690514 0.86602540378443871
    vertex -0.079459311298945567 0.60355339059327373 0.79335334029123517
    vertex -0.15755905175128299 0.5880183863281625 0.79335334029123517
  endloop
endfacet
facet normal -0.10854699545741138 0.54570259701464974 0.83091890421907932
  outer loop
    vertex -0.065263096110025787 0.49572243068690514 0.86602540378443871
    vertex -0.15755905175128299 0.5880183863281625 0.79335334029123517
    vertex -0.12940952255126029 0.4829629131445341 0.86602540378443871
  endloop
endfacet
facet normal -0.12878778296486218 0.64745990740258652 0.75113871905609397
  outer loop
    vertex -0.079459311298945567 0.60355339059327373 0.79335334029123517
    vertex -0.092295955641257255 0.7010573846499778 0.70710678118654757
    vertex -0.18301270189221922 0.6830127018922193 0.70710678118654757
  endloop
endfacet
facet normal -0.12878778296486224 0.64745990740258652 0.75113871905609386
  outer loop
    vertex -0.079459311298945567 0.60355339059327373 0.79335334029123517
    vertex -0.18301270189221922 0.6830127018922193 0.70710678118654757
    vertex -0.15755905175128299 0.5880183863281625 0.79335334029123517
  endloop
endfacet
facet normal -0.1468132418857413 0.73808000889921277 0.65854671244364793
  outer loop
    vertex -0.092295955641257255 0.7010573846499778 0.70710678118654757
    vertex -0.10355339059327377 0.78656609248549303 0.60876142900872066
    vertex -0.20533495396307258 0.7663204807600037 0.60876142900872066
  endloop
endfacet
facet normal -0.14681324188574105 0.73808000889921299 0.65854671244364782
  outer loop
    vertex -0.092295955641257255 0.7010573846499778 0.70710678118654757
    vertex -0.20533495396307258 0.7663204807600037 0.60876142900872066
    vertex -0.18301270189221922 0.6830127018922193 0.70710678118654757
  endloop
endfacet
facet normal -0.16231886518705541 0.81603204127193596 0.55474705372984534
  outer loop
    vertex -0.10355339059327377 0.78656609248549303 0.60876142900872066
    vertex -0.11303899832181544 0.85861643640126084 0.50000000000000011
    vertex -0.22414386804201325 0.83651630373780783 0.50000000000000011
  endloop
endfacet
facet normal -0.16231886518705532 0.81603204127193596 0.55474705372984534
  outer loop
    vertex -0.10355339059327377 0.78656609248549303 0.60876142900872066
    vertex -0.22414386804201325 0.83651630373780783 0.50000000000000011
    vertex -0.20533495396307258 0.7663204807600037 0.60876142900872066
  endloop
endfacet
facet normal -0.17504444369190955 0.88000784464953918 0.44152648401637523
  outer loop
    vertex -0.11303899832181544 0.85861643640126084 0.50000000000000011
    vertex -0.12059047744873963 0.9159756150367534 0.38268343236508984
    vertex -0.2391176183943344 0.89239910083252283 0.38268343236508984
  endloop
endfacet
facet normal -0.17504444369190994 0.88000784464953896 0.44152648401637562
  outer loop
    vertex -0.11303899832181544 0.85861643640126084 0.50000000000000011
    vertex -0.2391176183943344 0.89239910083252283 0.38268343236508984
    vertex -0.22414386804201325 0.83651630373780783 0.50000000000000011
  endloop
endfacet
facet normal -0.18477774176196432 0.92894043842575602 0.32082214388460306
  outer loop
    vertex -0.12059047744873963 0.9159756150367534 0.38268343236508984
    vertex -0.1260786200725191 0.95766219694254862 0.25881904510252074
    vertex -0.24999999999999989 0.93301270189221941 0.25881904510252074
  endloop
endfacet
facet normal -0.18477774176196396 0.92894043842575624 0.32082214388460278
  outer loop
    vertex -0.12059047744873963 0.9159756150367534 0.38268343236508984
    vertex -0.24999999999999989 0.93301270189221941 0.25881904510252074
    vertex -0.2391176183943344 0.89239910083252283 0.38268343236508984
  endloop
endfacet
facet normal -0.19135729380625655 0.9620180802585242 0.19468846746237864
  outer loop
    vertex -0.1260786200725191 0.95766219694254862 0.25881904510252074
    vertex -0.1294095225512604 0.9829629131445341 0.13052619222005171
    vertex -0.25660481229257054 0.95766219694254862 0.13052619222005171
  endloop
endfacet
facet normal -0.19135729380625666 0.96201808025852409 0.19468846746237872
  outer loop
    vertex -0.1260786200725191 0.95766219694254862 0.25881904510252074
    vertex -0.25660481229257054 0.95766219694254862 0.13052619222005171
    vertex -0.24999999999999989 0.93301270189221941 0.25881904510252074
  endloop
endfacet
facet normal -0.19467439970650616 0.97869429775041206 0.065263693197208317
  outer loop
    vertex -0.1294095225512604 0.9829629131445341 0.13052619222005171
    vertex -0.1305261922200516 0.99144486137381038 6.123233995736766e-17
    vertex -0.25881904510252063 0.96592582628906831 6.123233995736766e-17
  endloop
endfacet
facet normal -0.19467439970650602 0.97869429775041206 0.065263693197208192
  outer loop
    vertex -0.1294095225512604 0.9829629131445341 0.13052619222005171
    vertex -0.25881904510252063 0.96592582628906831 6.123233995736766e-17
    vertex -0.25660481229257054 0.95766219694254862 0.13052619222005171
  endloop
endfacet
facet normal -0.19467439970650605 0.97869429775041206 -0.065263693197208331
  outer loop
    vertex -0.1305261922200516 0.99144486137381038 6.123233995736766e-17
    vertex -0.1294095225512604 0.9829629131445341 -0.1305261922200516
    vertex -0.25660481229257054 0.95766219694254862 -0.1305261922200516
  endloop
endfacet
facet normal -0.19467439970650616 0.97869429775041206 -0.065263693197208164
  outer loop
    vertex -0.1305261922200516 0.99144486137381038 6.123233995736766e-17
    vertex -0.25660481229257054 0.95766219694254862 -0.1305261922200516
    vertex -0.25881904510252063 0.96592582628906831 6.123233995736766e-17
  endloop
endfacet
facet normal -0.19135729380625663 0.96201808025852409 -0.19468846746237864
  outer loop
    vertex -0.1294095225512604 0.9829629131445341 -0.1305261922200516
    vertex -0.1260786200725191 0.95766219694254862 -0.25881904510252063
    vertex -0.24999999999999989 0.93301270189221941 -0.25881904510252063
  endloop
endfacet
facet normal -0.19135729380625655 0.9620180802585242 -0.19468846746237872
  outer loop
    vertex -0.1294095225512604 0.9829629131445341 -0.1305261922200516
    vertex -0.24999999999999989 0.93301270189221941 -0.25881904510252063
    vertex -0.25660481229257054 0.95766219694254862 -0.1305261922200516
  endloop
endfacet
facet normal -0.18477774176196396 0.92894043842575624 -0.32082214388460301
  outer loop
    vertex -0.1260786200725191 0.95766219694254862 -0.25881904510252063
    vertex -0.12059047744873964 0.91597561503675351 -0.3826834323650895
    vertex -0.23911761839433443 0.89239910083252294 -0.3826834323650895
  endloop
endfacet
facet normal -0.18477774176196438 0.92894043842575624 -0.32082214388460251
  outer loop
    vertex -0.1260786200725191 0.95766219694254862 -0.25881904510252063
    vertex -0.23911761839433443 0.89239910083252294 -0.3826834323650895
    vertex -0.24999999999999989 0.93301270189221941 -0.25881904510252063
  endloop
endfacet
facet normal -0.17504444369190997 0.88000784464953918 -0.44152648401637506
  outer loop
    vertex -0.12059047744873964 0.91597561503675351 -0.3826834323650895
    vertex -0.11303899832181545 0.85861643640126095 -0.49999999999999983
    vertex -0.22414386804201328 0.83651630373780794 -0.49999999999999983
  endloop
endfacet
facet normal -0.17504444369190947 0.88000784464953907 -0.44152648401637551
  outer loop
    vertex -0.12059047744873964 0.91597561503675351 -0.3826834323650895
    vertex -0.22414386804201328 0.83651630373780794 -0.49999999999999983
    vertex -0.23911761839433443 0.89239910083252294 -0.3826834323650895
  endloop
endfacet
facet normal -0.16231886518705535 0.81603204127193618 -0.55474705372984501
  outer loop
    vertex -0.11303899832181545 0.85861643640126095 -0.49999999999999983
    vertex -0.10355339059327377 0.78656609248549303 -0.60876142900872066
    vertex -0.20533495396307258 0.7663204807600037 -0.60876142900872066
  endloop
endfacet
facet normal -0.16231886518705549 0.81603204127193629 -0.5547470537298449
  outer loop
    vertex -0.11303899832181545 0.85861643640126095 -0.49999999999999983
    vertex -0.20533495396307258 0.7663204807600037 -0.60876142900872066
    vertex -0.22414386804201328 0.83651630373780794 -0.49999999999999983
  endloop
endfacet
facet normal -0.14681324188574099 0.73808000889921288 -0.65854671244364793
  outer loop
    vertex -0.10355339059327377 0.78656609248549303 -0.60876142900872066
    vertex -0.092295955641257282 0.70105738464997791 -0.70710678118654746
    vertex -0.18301270189221924 0.68301270189221941 -0.70710678118654746
  endloop
endfacet
facet normal -0.1468132418857413 0.73808000889921299 -0.65854671244364771
  outer loop
    vertex -0.10355339059327377 0.78656609248549303 -0.60876142900872066
    vertex -0.18301270189221924 0.68301270189221941 -0.70710678118654746
    vertex -0.20533495396307258 0.7663204807600037 -0.60876142900872066
  endloop
endfacet
facet normal -0.12878778296486218 0.64745990740258696 -0.75113871905609353
  outer loop
    vertex -0.092295955641257282 0.70105738464997791 -0.70710678118654746
    vertex -0.079459311298945595 0.60355339059327395 -0.79335334029123505
    vertex -0.15755905175128304 0.58801838632816272 -0.79335334029123505
  endloop
endfacet
facet normal -0.12878778296486232 0.64745990740258696 -0.75113871905609353
  outer loop
    vertex -0.092295955641257282 0.70105738464997791 -0.70710678118654746
    vertex -0.15755905175128304 0.58801838632816272 -0.79335334029123505
    vertex -0.18301270189221924 0.68301270189221941 -0.70710678118654746
  endloop
endfacet
facet normal -0.10854699545741135 0.54570259701464963 -0.83091890421907943
  outer loop
    vertex -0.079459311298945595 0.60355339059327395 -0.79335334029123505
    vertex -0.065263096110025787 0.49572243068690514 -0.86602540378443871
    vertex -0.12940952255126029 0.4829629131445341 -0.86602540378443871
  endloop
endfacet
facet normal -0.10854699545741105 0.54570259701464963 -0.83091890421907955
  outer loop
    vertex -0.079459311298945595 0.60355339059327395 -0.79335334029123505
    vertex -0.12940952255126029 0.4829629131445341 -0.86602540378443871
    vertex -0.15755905175128304 0.58801838632816272 -0.79335334029123505
  endloop
endfacet
facet normal -0.08643507378615288 0.43453845994993801 -0.89649612650803934
  outer loop
    vertex -0.065263096110025787 0.49572243068690514 -0.86602540378443871
    vertex -0.049950211252314837 0.37940952255126048 -0.92387953251128674
    vertex -0.099045760541287609 0.36964381061438623 -0.92387953251128674
  endloop
endfacet
facet normal -0.086435073786152783 0.43453845994993789 -0.89649612650803934
  outer loop
    vertex -0.065263096110025787 0.49572243068690514 -0.86602540378443871
    vertex -0.099045760541287609 0.36964381061438623 -0.92387953251128674
    vertex -0.12940952255126029 0.4829629131445341 -0.86602540378443871
  endloop
endfacet
facet normal -0.062830340480656097 0.31586945200211736 -0.94672004183230796
  outer loop
    vertex -0.049950211252314837 0.37940952255126048 -0.92387953251128674
    vertex -0.033782664431261863 0.25660481229257093 -0.9659258262890682
    vertex -0.066987298107780702 0.25000000000000028 -0.9659258262890682
  endloop
endfacet
facet normal -0.062830340480656388 0.31586945200211736 -0.94672004183230796
  outer loop
    vertex -0.049950211252314837 0.37940952255126048 -0.92387953251128674
    vertex -0.066987298107780702 0.25000000000000028 -0.9659258262890682
    vertex -0.099045760541287609 0.36964381061438623 -0.92387953251128674
  endloop
endfacet
facet normal -0.038138780669493832 0.19173659824127293 -0.98070510873753947
  outer loop
    vertex -0.033782664431261863 0.25660481229257093 -0.9659258262890682
    vertex -0.01703708685546591 0.12940952255126076 -0.99144486137381038
    vertex -0.033782664431261912 0.12607862007251947 -0.99144486137381038
  endloop
endfacet
facet normal -0.038138780669493777 0.19173659824127284 -0.98070510873753924
  outer loop
    vertex -0.033782664431261863 0.25660481229257093 -0.9659258262890682
    vertex -0.033782664431261912 0.12607862007251947 -0.99144486137381038
    vertex -0.066987298107780702 0.25000000000000028 -0.9659258262890682
  endloop
endfacet
facet normal -0.012786777780993594 0.064283472915426465 -0.99784975493503592
  outer loop
    vertex 0 0 -1
    vertex -0.033782664431261912 0.12607862007251947 -0.99144486137381038
    vertex -0.01703708685546591 0.12940952255126076 -0.99144486137381038
  endloop
endfacet
facet normal -0.02106806206682639 0.062064509478745207 0.99784975493503569
  outer loop
    vertex 0 0 1
    vertex -0.033782664431261808 0.12607862007251908 0.99144486137381038
    vertex -0.049950211252314781 0.12059047744873962 0.99144486137381038
  endloop
endfacet
facet normal -0.062839146191491432 0.18511815524689912 0.98070510873753947
  outer loop
    vertex -0.033782664431261808 0.12607862007251908 0.99144486137381038
    vertex -0.066987298107780632 0.24999999999999997 0.96592582628906831
    vertex -0.099045760541287539 0.23911761839433451 0.96592582628906831
  endloop
endfacet
facet normal -0.062839146191491418 0.18511815524689906 0.98070510873753947
  outer loop
    vertex -0.033782664431261808 0.12607862007251908 0.99144486137381038
    vertex -0.099045760541287539 0.23911761839433451 0.96592582628906831
    vertex -0.049950211252314781 0.12059047744873962 0.99144486137381038
  endloop
endfacet
facet normal -0.10352205501638458 0.30496613995363153 0.94672004183230785
  outer loop
    vertex -0.066987298107780632 0.24999999999999997 0.96592582628906831
    vertex -0.099045760541287581 0.36964381061438611 0.92387953251128674
    vertex -0.14644660940672613 0.35355339059327379 0.92387953251128674
  endloop
endfacet
facet normal -0.10352205501638451 0.30496613995363153 0.94672004183230773
  outer loop
    vertex -0.066987298107780632 0.24999999999999997 0.96592582628906831
    vertex -0.14644660940672613 0.35355339059327379 0.92387953251128674
    vertex -0.099045760541287539 0.23911761839433451 0.96592582628906831
  endloop
endfacet
facet normal -0.14241426029817791 0.4195388821310892 0.89649612650803956
  outer loop
    vertex -0.099045760541287581 0.36964381061438611 0.92387953251128674
    vertex -0.12940952255126029 0.4829629131445341 0.86602540378443871
    vertex -0.19134171618254472 0.46193976625564337 0.86602540378443871
  endloop
endfacet
facet normal -0.14241426029817805 0.41953888213108925 0.89649612650803956
  outer loop
    vertex -0.099045760541287581 0.36964381061438611 0.92387953251128674
    vertex -0.19134171618254472 0.46193976625564337 0.86602540378443871
    vertex -0.14644660940672613 0.35355339059327379 0.92387953251128674
  endloop
endfacet
facet normal -0.17884684293673239 0.52686580965453444 0.83091890421907932
  outer loop
    vertex -0.12940952255126029 0.4829629131445341 0.86602540378443871
    vertex -0.15755905175128299 0.5880183863281625 0.79335334029123517
    vertex -0.23296291314453399 0.56242222444347978 0.79335334029123517
  endloop
endfacet
facet normal -0.17884684293673236 0.52686580965453467 0.83091890421907932
  outer loop
    vertex -0.12940952255126029 0.4829629131445341 0.86602540378443871
    vertex -0.23296291314453399 0.56242222444347978 0.79335334029123517
    vertex -0.19134171618254472 0.46193976625564337 0.86602540378443871
  endloop
endfacet
facet normal -0.21219646195664532 0.62511061922499167 0.75113871905609397
  outer loop
    vertex -0.15755905175128299 0.5880183863281625 0.79335334029123517
    vertex -0.18301270189221922 0.6830127018922193 0.70710678118654757
    vertex -0.27059805007309828 0.65328148243818829 0.70710678118654757
  endloop
endfacet
facet normal -0.21219646195664532 0.62511061922499156 0.75113871905609386
  outer loop
    vertex -0.15755905175128299 0.5880183863281625 0.79335334029123517
    vertex -0.27059805007309828 0.65328148243818829 0.70710678118654757
    vertex -0.23296291314453399 0.56242222444347978 0.79335334029123517
  endloop
endfacet
facet normal -0.24189600736460445 0.7126026586750337 0.65854671244364793
  outer loop
    vertex -0.18301270189221922 0.6830127018922193 0.70710678118654757
    vertex -0.20533495396307258 0.7663204807600037 0.60876142900872066
    vertex -0.30360317934095871 0.73296291314453421 0.60876142900872066
  endloop
endfacet
facet normal -0.24189600736460459 0.7126026586750337 0.65854671244364793
  outer loop
    vertex -0.18301270189221922 0.6830127018922193 0.70710678118654757
    vertex -0.30360317934095871 0.73296291314453421 0.60876142900872066
    vertex -0.27059805007309828 0.65328148243818829 0.70710678118654757
  endloop
endfacet
facet normal -0.26744375987051583 0.78786391063709604 0.55474705372984523
  outer loop
    vertex -0.20533495396307258 0.7663204807600037 0.60876142900872066
    vertex -0.22414386804201325 0.83651630373780783 0.50000000000000011
    vertex -0.33141357403559152 0.80010314519126557 0.50000000000000011
  endloop
endfacet
facet normal -0.26744375987051605 0.78786391063709571 0.55474705372984556
  outer loop
    vertex -0.20533495396307258 0.7663204807600037 0.60876142900872066
    vertex -0.33141357403559152 0.80010314519126557 0.50000000000000011
    vertex -0.30360317934095871 0.73296291314453421 0.60876142900872066
  endloop
endfacet
facet normal -0.28841098729626058 0.84963137084204554 0.44152648401637562
  outer loop
    vertex -0.22414386804201325 0.83651630373780783 0.50000000000000011
    vertex -0.2391176183943344 0.89239910083252283 0.38268343236508984
    vertex -0.35355339059327351 0.85355339059327384 0.38268343236508984
  endloop
endfacet
facet normal -0.28841098729626008 0.84963137084204587 0.44152648401637506
  outer loop
    vertex -0.22414386804201325 0.83651630373780783 0.50000000000000011
    vertex -0.35355339059327351 0.85355339059327384 0.38268343236508984
    vertex -0.33141357403559152 0.80010314519126557 0.50000000000000011
  endloop
endfacet
facet normal -0.30444800079309575 0.89687488916034119 0.32082214388460284
  outer loop
    vertex -0.2391176183943344 0.89239910083252283 0.38268343236508984
    vertex -0.24999999999999989 0.93301270189221941 0.25881904510252074
    vertex -0.36964381061438589 0.89239910083252294 0.25881904510252074
  endloop
endfacet
facet normal -0.30444800079309597 0.89687488916034108 0.32082214388460301
  outer loop
    vertex -0.2391176183943344 0.89239910083252283 0.38268343236508984
    vertex -0.36964381061438589 0.89239910083252294 0.25881904510252074
    vertex -0.35355339059327351 0.85355339059327384 0.38268343236508984
  endloop
endfacet
facet normal -0.31528876249360127 0.92881074330694724 0.19468846746237872
  outer loop
    vertex -0.24999999999999989 0.93301270189221941 0.25881904510252074
    vertex -0.25660481229257054 0.95766219694254862 0.13052619222005171
    vertex -0.37940952255126009 0.91597561503675351 0.13052619222005171
  endloop
endfacet
facet normal -0.31528876249360083 0.92881074330694757 0.19468846746237831
  outer loop
    vertex -0.24999999999999989 0.93301270189221941 0.25881904510252074
    vertex -0.37940952255126009 0.91597561503675351 0.13052619222005171
    vertex -0.36964381061438589 0.89239910083252294 0.25881904510252074
  endloop
endfacet
facet normal -0.32075417326288558 0.94491132424408142 0.06526369319720822
  outer loop
    vertex -0.25660481229257054 0.95766219694254862 0.13052619222005171
    vertex -0.25881904510252063 0.96592582628906831 6.123233995736766e-17
    vertex -0.3826834323650895 0.92387953251128685 6.123233995736766e-17
  endloop
endfacet
facet normal -0.3207541732628858 0.9449113242440812 0.065263693197208608
  outer loop
    vertex -0.25660481229257054 0.95766219694254862 0.13052619222005171
    vertex -0.3826834323650895 0.92387953251128685 6.123233995736766e-17
    vertex -0.37940952255126009 0.91597561503675351 0.13052619222005171
  endloop
endfacet
facet normal -0.32075417326288586 0.9449113242440812 -0.065263693197208192
  outer loop
    vertex -0.25881904510252063 0.96592582628906831 6.123233995736766e-17
    vertex -0.25660481229257054 0.95766219694254862 -0.1305261922200516
    vertex -0.37940952255126009 0.91597561503675351 -0.1305261922200516
  endloop
endfacet
facet normal -0.32075417326288547 0.94491132424408142 -0.065263693197208622
  outer loop
    vertex -0.25881904510252063 0.96592582628906831 6.123233995736766e-17
    vertex -0.37940952255126009 0.91597561503675351 -0.1305261922200516
    vertex -0.3826834323650895 0.92387953251128685 6.123233995736766e-17
  endloop
endfacet
facet normal -0.31528876249360083 0.92881074330694735 -0.19468846746237872
  outer loop
    vertex -0.25660481229257054 0.95766219694254862 -0.1305261922200516
    vertex -0.24999999999999989 0.93301270189221941 -0.25881904510252063
    vertex -0.36964381061438589 0.89239910083252294 -0.25881904510252063
  endloop
endfacet
facet normal -0.31528876249360127 0.92881074330694724 -0.19468846746237828
  outer loop
    vertex -0.25660481229257054 0.95766219694254862 -0.1305261922200516
    vertex -0.36964381061438589 0.89239910083252294 -0.25881904510252063
    vertex -0.37940952255126009 0.91597561503675351 -0.1305261922200516
  endloop
endfacet
facet normal -0.30444800079309603 0.89687488916034142 -0.32082214388460256
  outer loop
    vertex -0.24999999999999989 0.93301270189221941 -0.25881904510252063
    vertex -0.23911761839433443 0.89239910083252294 -0.3826834323650895
    vertex -0.35355339059327356 0.85355339059327395 -0.3826834323650895
  endloop
endfacet
facet normal -0.30444800079309581 0.8968748891603413 -0.32082214388460273
  outer loop
    vertex -0.24999999999999989 0.93301270189221941 -0.25881904510252063
    vertex -0.35355339059327356 0.85355339059327395 -0.3826834323650895
    vertex -0.36964381061438589 0.89239910083252294 -0.25881904510252063
  endloop
endfacet
facet normal -0.28841098729626002 0.84963137084204576 -0.44152648401637545
  outer loop
    vertex -0.23911761839433443 0.89239910083252294 -0.3826834323650895
    vertex -0.22414386804201328 0.83651630373780794 -0.49999999999999983
    vertex -0.33141357403559157 0.80010314519126569 -0.49999999999999983
  endloop
endfacet
facet normal -0.28841098729626063 0.84963137084204576 -0.4415264840163749
  outer loop
    vertex -0.23911761839433443 0.89239910083252294 -0.3826834323650895
    vertex -0.33141357403559157 0.80010314519126569 -0.49999999999999983
    vertex -0.35355339059327356 0.85355339059327395 -0.3826834323650895
  endloop
endfacet
facet normal -0.26744375987051622 0.78786391063709604 -0.5547470537298449
  outer loop
    vertex -0.22414386804201328 0.83651630373780794 -0.49999999999999983
    vertex -0.20533495396307258 0.7663204807600037 -0.60876142900872066
    vertex -0.30360317934095871 0.73296291314453421 -0.60876142900872066
  endloop
endfacet
facet normal -0.26744375987051577 0.78786391063709604 -0.55474705372984534
  outer loop
    vertex -0.22414386804201328 0.83651630373780794 -0.49999999999999983
    vertex -0.30360317934095871 0.73296291314453421 -0.60876142900872066
    vertex -0.33141357403559157 0.80010314519126569 -0.49999999999999983
  endloop
endfacet
facet normal -0.24189600736460448 0.71260265867503381 -0.65854671244364771
  outer loop
    vertex -0.20533495396307258 0.7663204807600037 -0.60876142900872066
    vertex -0.18301270189221924 0.68301270189221941 -0.70710678118654746
    vertex -0.27059805007309834 0.6532814824381884 -0.70710678118654746
  endloop
endfacet
facet normal -0.24189600736460456 0.71260265867503381 -0.65854671244364782
  outer loop
    vertex -0.20533495396307258 0.7663204807600037 -0.60876142900872066
    vertex -0.27059805007309834 0.6532814824381884 -0.70710678118654746
    vertex -0.30360317934095871 0.73296291314453421 -0.60876142900872066
  endloop
endfacet
facet normal -0.21219646195664532 0.625110619224992 -0.75113871905609353
  outer loop
    vertex -0.18301270189221924 0.68301270189221941 -0.70710678118654746
    vertex -0.15755905175128304 0.58801838632816272 -0.79335334029123505
    vertex -0.23296291314453407 0.56242222444348 -0.79335334029123505
  endloop
endfacet
facet normal -0.21219646195664538 0.62511061922499189 -0.75113871905609364
  outer loop
    vertex -0.18301270189221924 0.68301270189221941 -0.70710678118654746
    vertex -0.23296291314453407 0.56242222444348 -0.79335334029123505
    vertex -0.27059805007309834 0.6532814824381884 -0.70710678118654746
  endloop
endfacet
facet normal -0.17884684293673236 0.52686580965453433 -0.83091890421907955
  outer loop
    vertex -0.15755905175128304 0.58801838632816272 -0.79335334029123505
    vertex -0.12940952255126029 0.4829629131445341 -0.86602540378443871
    vertex -0.19134171618254472 0.46193976625564337 -0.86602540378443871
  endloop
endfacet
facet normal -0.17884684293673225 0.52686580965453433 -0.83091890421907955
  outer loop
    vertex -0.15755905175128304 0.58801838632816272 -0.79335334029123505
    vertex -0.19134171618254472 0.46193976625564337 -0.86602540378443871
    vertex -0.23296291314453407 0.56242222444348 -0.79335334029123505
  endloop
endfacet
facet normal -0.14241426029817808 0.41953888213108953 -0.89649612650803934
  outer loop
    vertex -0.12940952255126029 0.4829629131445341 -0.86602540378443871
    vertex -0.099045760541287609 0.36964381061438623 -0.92387953251128674
    vertex -0.14644660940672619 0.3535533905932739 -0.92387953251128674
  endloop
endfacet
facet normal -0.14241426029817814 0.41953888213108964 -0.89649612650803934
  outer loop
    vertex -0.12940952255126029 0.4829629131445341 -0.86602540378443871
    vertex -0.14644660940672619 0.3535533905932739 -0.92387953251128674
    vertex -0.19134171618254472 0.46193976625564337 -0.86602540378443871
  endloop
endfacet
facet normal -0.10352205501638458 0.30496613995363125 -0.94672004183230796
  outer loop
    vertex -0.099045760541287609 0.36964381061438623 -0.92387953251128674
    vertex -0.066987298107780702 0.25000000000000028 -0.9659258262890682
    vertex -0.09904576054128765 0.23911761839433479 -0.9659258262890682
  endloop
endfacet
facet normal -0.10352205501638437 0.30496613995363125 -0.94672004183230796
  outer loop
    vertex -0.099045760541287609 0.36964381061438623 -0.92387953251128674
    vertex -0.09904576054128765 0.23911761839433479 -0.9659258262890682
    vertex -0.14644660940672619 0.3535533905932739 -0.92387953251128674
  endloop
endfacet
facet normal -0.062839146191491349 0.18511815524690006 -0.98070510873753935
  outer loop
    vertex -0.066987298107780702 0.25000000000000028 -0.9659258262890682
    vertex -0.033782664431261912 0.12607862007251947 -0.99144486137381038
    vertex -0.049950211252314934 0.12059047744874 -0.99144486137381038
  endloop
endfacet
facet normal -0.062839146191491835 0.18511815524690001 -0.98070510873753924
  outer loop
    vertex -0.066987298107780702 0.25000000000000028 -0.9659258262890682
    vertex -0.049950211252314934 0.12059047744874 -0.99144486137381038
    vertex -0.09904576054128765 0.23911761839433479 -0.9659258262890682
  endloop
endfacet
facet normal -0.021068062066826272 0.062064509478745054 -0.99784975493503592
  outer loop
    vertex 0 0 -1
    vertex -0.049950211252314934 0.12059047744874 -0.99144486137381038
    vertex -0.033782664431261912 0.12607862007251947 -0.99144486137381038
  endloop
endfacet
facet normal -0.028988865969525469 0.058783605077349491 0.99784975493503592
  outer loop
    vertex 0 0 1
    vertex -0.049950211252314781 0.12059047744873962 0.99144486137381038
    vertex -0.065263096110025759 0.11303899832181542 0.99144486137381038
  endloop
endfacet
facet normal -0.0864643164998498 0.17533228929180289 0.98070510873753947
  outer loop
    vertex -0.049950211252314781 0.12059047744873962 0.99144486137381038
    vertex -0.099045760541287539 0.23911761839433451 0.96592582628906831
    vertex -0.12940952255126031 0.22414386804201339 0.96592582628906831
  endloop
endfacet
facet normal -0.086464316499850008 0.17533228929180275 0.98070510873753947
  outer loop
    vertex -0.049950211252314781 0.12059047744873962 0.99144486137381038
    vertex -0.12940952255126031 0.22414386804201339 0.96592582628906831
    vertex -0.065263096110025759 0.11303899832181542 0.99144486137381038
  endloop
endfacet
facet normal -0.14244247848904612 0.288844772697951 0.94672004183230785
  outer loop
    vertex -0.099045760541287539 0.23911761839433451 0.96592582628906831
    vertex -0.14644660940672613 0.35355339059327379 0.92387953251128674
    vertex -0.19134171618254484 0.3314135740355918 0.92387953251128674
  endloop
endfacet
facet normal -0.14244247848904604 0.28884477269795111 0.94672004183230785
  outer loop
    vertex -0.099045760541287539 0.23911761839433451 0.96592582628906831
    vertex -0.19134171618254484 0.3314135740355918 0.92387953251128674
    vertex -0.12940952255126031 0.22414386804201339 0.96592582628906831
  endloop
endfacet
facet normal -0.19595669933180906 0.39736087772082473 0.89649612650803956
  outer loop
    vertex -0.14644660940672613 0.35355339059327379 0.92387953251128674
    vertex -0.19134171618254472 0.46193976625564337 0.86602540378443871
    vertex -0.24999999999999989 0.4330127018922193 0.86602540378443871
  endloop
endfacet
facet normal -0.19595669933180898 0.39736087772082485 0.89649612650803956
  outer loop
    vertex -0.14644660940672613 0.35355339059327379 0.92387953251128674
    vertex -0.24999999999999989 0.4330127018922193 0.86602540378443871
    vertex -0.19134171618254484 0.3314135740355918 0.92387953251128674
  endloop
endfacet
facet normal -0.24608657134769299 0.49901420221643128 0.83091890421907921
  outer loop
    vertex -0.19134171618254472 0.46193976625564337 0.86602540378443871
    vertex -0.23296291314453399 0.56242222444347978 0.79335334029123517
    vertex -0.30438071450436022 0.52720286236566927 0.79335334029123517
  endloop
endfacet
facet normal -0.24608657134769316 0.49901420221643095 0.83091890421907932
  outer loop
    vertex -0.19134171618254472 0.46193976625564337 0.86602540378443871
    vertex -0.30438071450436022 0.52720286236566927 0.79335334029123517
    vertex -0.24999999999999989 0.4330127018922193 0.86602540378443871
  endloop
endfacet
facet normal -0.2919744006523764 0.59206551503905047 0.75113871905609397
  outer loop
    vertex -0.23296291314453399 0.56242222444347978 0.79335334029123517
    vertex -0.27059805007309828 0.65328148243818829 0.70710678118654757
    vertex -0.35355339059327362 0.61237243569579447 0.70710678118654757
  endloop
endfacet
facet normal -0.2919744006523759 0.59206551503905092 0.75113871905609353
  outer loop
    vertex -0.23296291314453399 0.56242222444347978 0.79335334029123517
    vertex -0.35355339059327362 0.61237243569579447 0.70710678118654757
    vertex -0.30438071450436022 0.52720286236566927 0.79335334029123517
  endloop
endfacet
facet normal -0.3328398650912156 0.67493247939014223 0.65854671244364793
  outer loop
    vertex -0.27059805007309828 0.65328148243818829 0.70710678118654757
    vertex -0.30360317934095871 0.73296291314453421 0.60876142900872066
    vertex -0.39667667014561747 0.68706414686945017 0.60876142900872066
  endloop
endfacet
facet normal -0.33283986509121616 0.67493247939014156 0.65854671244364826
  outer loop
    vertex -0.27059805007309828 0.65328148243818829 0.70710678118654757
    vertex -0.39667667014561747 0.68706414686945017 0.60876142900872066
    vertex -0.35355339059327362 0.61237243569579447 0.70710678118654757
  endloop
endfacet
facet normal -0.36799261767317382 0.74621521005411107 0.55474705372984556
  outer loop
    vertex -0.30360317934095871 0.73296291314453421 0.60876142900872066
    vertex -0.33141357403559152 0.80010314519126557 0.50000000000000011
    vertex -0.43301270189221913 0.75 0.50000000000000011
  endloop
endfacet
facet normal -0.36799261767317343 0.74621521005411162 0.55474705372984512
  outer loop
    vertex -0.30360317934095871 0.73296291314453421 0.60876142900872066
    vertex -0.43301270189221913 0.75 0.50000000000000011
    vertex -0.39667667014561747 0.68706414686945017 0.60876142900872066
  endloop
endfacet
facet normal -0.39684273894533967 0.80471746871712613 0.44152648401637512
  outer loop
    vertex -0.33141357403559152 0.80010314519126557 0.50000000000000011
    vertex -0.35355339059327351 0.85355339059327384 0.38268343236508984
    vertex -0.4619397662556432 0.80010314519126557 0.38268343236508984
  endloop
endfacet
facet normal -0.39684273894533978 0.80471746871712579 0.44152648401637518
  outer loop
    vertex -0.33141357403559152 0.80010314519126557 0.50000000000000011
    vertex -0.4619397662556432 0.80010314519126557 0.38268343236508984
    vertex -0.43301270189221913 0.75 0.50000000000000011
  endloop
endfacet
facet normal -0.41890907012172535 0.84946356188069572 0.32082214388460301
  outer loop
    vertex -0.35355339059327351 0.85355339059327384 0.38268343236508984
    vertex -0.36964381061438589 0.89239910083252294 0.25881904510252074
    vertex -0.48296291314453399 0.83651630373780794 0.25881904510252074
  endloop
endfacet
facet normal -0.4189090701217249 0.84946356188069616 0.32082214388460251
  outer loop
    vertex -0.35355339059327351 0.85355339059327384 0.38268343236508984
    vertex -0.48296291314453399 0.83651630373780794 0.25881904510252074
    vertex -0.4619397662556432 0.80010314519126557 0.38268343236508984
  endloop
endfacet
facet normal -0.43382555304012005 0.8797111970224003 0.19468846746237822
  outer loop
    vertex -0.36964381061438589 0.89239910083252294 0.25881904510252074
    vertex -0.37940952255126009 0.91597561503675351 0.13052619222005171
    vertex -0.49572243068690502 0.85861643640126095 0.13052619222005171
  endloop
endfacet
facet normal -0.43382555304012055 0.87971119702239997 0.19468846746237878
  outer loop
    vertex -0.36964381061438589 0.89239910083252294 0.25881904510252074
    vertex -0.49572243068690502 0.85861643640126095 0.13052619222005171
    vertex -0.48296291314453399 0.83651630373780794 0.25881904510252074
  endloop
endfacet
facet normal -0.44134575398487924 0.89496065600102181 0.065263693197208664
  outer loop
    vertex -0.37940952255126009 0.91597561503675351 0.13052619222005171
    vertex -0.3826834323650895 0.92387953251128685 6.123233995736766e-17
    vertex -0.49999999999999983 0.86602540378443871 6.123233995736766e-17
  endloop
endfacet
facet normal -0.44134575398487924 0.8949606560010217 0.065263693197208747
  outer loop
    vertex -0.37940952255126009 0.91597561503675351 0.13052619222005171
    vertex -0.49999999999999983 0.86602540378443871 6.123233995736766e-17
    vertex -0.49572243068690502 0.85861643640126095 0.13052619222005171
  endloop
endfacet
facet normal -0.44134575398487924 0.8949606560010217 -0.06526369319720865
  outer loop
    vertex -0.3826834323650895 0.92387953251128685 6.123233995736766e-17
    vertex -0.37940952255126009 0.91597561503675351 -0.1305261922200516
    vertex -0.49572243068690502 0.85861643640126095 -0.1305261922200516
  endloop
endfacet
facet normal -0.44134575398487913 0.8949606560010217 -0.065263693197208747
  outer loop
    vertex -0.3826834323650895 0.92387953251128685 6.123233995736766e-17
    vertex -0.49572243068690502 0.85861643640126095 -0.1305261922200516
    vertex -0.49999999999999983 0.86602540378443871 6.123233995736766e-17
  endloop
endfacet
facet normal -0.4338255530401206 0.87971119702239997 -0.19468846746237822
  outer loop
    vertex -0.37940952255126009 0.91597561503675351 -0.1305261922200516
    vertex -0.36964381061438589 0.89239910083252294 -0.25881904510252063
    vertex -0.48296291314453399 0.83651630373780794 -0.25881904510252063
  endloop
endfacet
facet normal -0.43382555304012005 0.87971119702240019 -0.19468846746237875
  outer loop
    vertex -0.37940952255126009 0.91597561503675351 -0.1305261922200516
    vertex -0.48296291314453399 0.83651630373780794 -0.25881904510252063
    vertex -0.49572243068690502 0.85861643640126095 -0.1305261922200516
  endloop
endfacet
facet normal -0.4189090701217249 0.84946356188069616 -0.32082214388460278
  outer loop
    vertex -0.36964381061438589 0.89239910083252294 -0.25881904510252063
    vertex -0.35355339059327356 0.85355339059327395 -0.3826834323650895
    vertex -0.46193976625564326 0.80010314519126569 -0.3826834323650895
  endloop
endfacet
facet normal -0.41890907012172546 0.84946356188069594 -0.32082214388460217
  outer loop
    vertex -0.36964381061438589 0.89239910083252294 -0.25881904510252063
    vertex -0.46193976625564326 0.80010314519126569 -0.3826834323650895
    vertex -0.48296291314453399 0.83651630373780794 -0.25881904510252063
  endloop
endfacet
facet normal -0.39684273894533983 0.80471746871712602 -0.4415264840163749
  outer loop
    vertex -0.35355339059327356 0.85355339059327395 -0.3826834323650895
    vertex -0.33141357403559157 0.80010314519126569 -0.49999999999999983
    vertex -0.43301270189221919 0.75000000000000011 -0.49999999999999983
  endloop
endfacet
facet normal -0.39684273894533972 0.80471746871712613 -0.44152648401637501
  outer loop
    vertex -0.35355339059327356 0.85355339059327395 -0.3826834323650895
    vertex -0.43301270189221919 0.75000000000000011 -0.49999999999999983
    vertex -0.46193976625564326 0.80010314519126569 -0.3826834323650895
  endloop
endfacet
facet normal -0.36799261767317348 0.74621521005411162 -0.55474705372984534
  outer loop
    vertex -0.33141357403559157 0.80010314519126569 -0.49999999999999983
    vertex -0.30360317934095871 0.73296291314453421 -0.60876142900872066
    vertex -0.39667667014561747 0.68706414686945017 -0.60876142900872066
  endloop
endfacet
facet normal -0.36799261767317404 0.74621521005411162 -0.55474705372984479
  outer loop
    vertex -0.33141357403559157 0.80010314519126569 -0.49999999999999983
    vertex -0.39667667014561747 0.68706414686945017 -0.60876142900872066
    vertex -0.43301270189221919 0.75000000000000011 -0.49999999999999983
  endloop
endfacet
facet normal -0.33283986509121621 0.674932479390142 -0.65854671244364782
  outer loop
    vertex -0.30360317934095871 0.73296291314453421 -0.60876142900872066
    vertex -0.27059805007309834 0.6532814824381884 -0.70710678118654746
    vertex -0.35355339059327368 0.61237243569579458 -0.70710678118654746
  endloop
endfacet
facet normal -0.33283986509121549 0.674932479390142 -0.65854671244364815
  outer loop
    vertex -0.30360317934095871 0.73296291314453421 -0.60876142900872066
    vertex -0.35355339059327368 0.61237243569579458 -0.70710678118654746
    vertex -0.39667667014561747 0.68706414686945017 -0.60876142900872066
  endloop
endfacet
facet normal -0.29197440065237662 0.5920655150390508 -0.75113871905609353
  outer loop
    vertex -0.27059805007309834 0.6532814824381884 -0.70710678118654746
    vertex -0.23296291314453407 0.56242222444348 -0.79335334029123505
    vertex -0.30438071450436033 0.52720286236566938 -0.79335334029123505
  endloop
endfacet
facet normal -0.29197440065237645 0.59206551503905069 -0.75113871905609353
  outer loop
    vertex -0.27059805007309834 0.6532814824381884 -0.70710678118654746
    vertex -0.30438071450436033 0.52720286236566938 -0.79335334029123505
    vertex -0.35355339059327368 0.61237243569579458 -0.70710678118654746
  endloop
endfacet
facet normal -0.24608657134769316 0.49901420221643095 -0.83091890421907955
  outer loop
    vertex -0.23296291314453407 0.56242222444348 -0.79335334029123505
    vertex -0.19134171618254472 0.46193976625564337 -0.86602540378443871
    vertex -0.24999999999999989 0.4330127018922193 -0.86602540378443871
  endloop
endfacet
facet normal -0.24608657134769354 0.49901420221643095 -0.83091890421907932
  outer loop
    vertex -0.23296291314453407 0.56242222444348 -0.79335334029123505
    vertex -0.24999999999999989 0.4330127018922193 -0.86602540378443871
    vertex -0.30438071450436033 0.52720286236566938 -0.79335334029123505
  endloop
endfacet
facet normal -0.19595669933180912 0.39736087772082512 -0.89649612650803934
  outer loop
    vertex -0.19134171618254472 0.46193976625564337 -0.86602540378443871
    vertex -0.14644660940672619 0.3535533905932739 -0.92387953251128674
    vertex -0.19134171618254489 0.33141357403559191 -0.92387953251128674
  endloop
endfacet
facet normal -0.19595669933180918 0.39736087772082507 -0.89649612650803934
  outer loop
    vertex -0.19134171618254472 0.46193976625564337 -0.86602540378443871
    vertex -0.19134171618254489 0.33141357403559191 -0.92387953251128674
    vertex -0.24999999999999989 0.4330127018922193 -0.86602540378443871
  endloop
endfacet
facet normal -0.1424424784890462 0.2888447726979505 -0.94672004183230785
  outer loop
    vertex -0.14644660940672619 0.3535533905932739 -0.92387953251128674
    vertex -0.09904576054128765 0.23911761839433479 -0.9659258262890682
    vertex -0.12940952255126045 0.22414386804201361 -0.9659258262890682
  endloop
endfacet
facet normal -0.14244247848904595 0.28884477269795061 -0.94672004183230796
  outer loop
    vertex -0.14644660940672619 0.3535533905932739 -0.92387953251128674
    vertex -0.12940952255126045 0.22414386804201361 -0.9659258262890682
    vertex -0.19134171618254489 0.33141357403559191 -0.92387953251128674
  endloop
endfacet
facet normal -0.086464316499850508 0.17533228929180372 -0.98070510873753935
  outer loop
    vertex -0.09904576054128765 0.23911761839433479 -0.9659258262890682
    vertex -0.049950211252314934 0.12059047744874 -0.99144486137381038
    vertex -0.065263096110025967 0.11303899832181578 -0.99144486137381038
  endloop
endfacet
facet normal -0.086464316499850466 0.17533228929180369 -0.98070510873753935
  outer loop
    vertex -0.09904576054128765 0.23911761839433479 -0.9659258262890682
    vertex -0.065263096110025967 0.11303899832181578 -0.99144486137381038
    vertex -0.12940952255126045 0.22414386804201361 -0.9659258262890682
  endloop
endfacet
facet normal -0.028988865969525459 0.058783605077349324 -0.99784975493503592
  outer loop
    vertex 0 0 -1
    vertex -0.065263096110025967 0.11303899832181578 -0.99144486137381038
    vertex -0.049950211252314934 0.12059047744874 -0.99144486137381038
  endloop
endfacet
facet normal -0.036413662338253855 0.05449689689518606 0.99784975493503569
  outer loop
    vertex 0 0 1
    vertex -0.065263096110025759 0.11303899832181542 0.99144486137381038
    vertex -0.079459311298945554 0.10355339059327374 0.99144486137381038
  endloop
endfacet
facet normal -0.10861005838045847 0.1625464392556295 0.98070510873753958
  outer loop
    vertex -0.065263096110025759 0.11303899832181542 0.99144486137381038
    vertex -0.12940952255126031 0.22414386804201339 0.96592582628906831
    vertex -0.15755905175128304 0.20533495396307269 0.96592582628906831
  endloop
endfacet
facet normal -0.10861005838045845 0.16254643925562953 0.98070510873753969
  outer loop
    vertex -0.065263096110025759 0.11303899832181542 0.99144486137381038
    vertex -0.15755905175128304 0.20533495396307269 0.96592582628906831
    vertex -0.079459311298945554 0.10355339059327374 0.99144486137381038
  endloop
endfacet
facet normal -0.17892567166224413 0.26778119129850808 0.94672004183230785
  outer loop
    vertex -0.12940952255126031 0.22414386804201339 0.96592582628906831
    vertex -0.19134171618254484 0.3314135740355918 0.92387953251128674
    vertex -0.23296291314453416 0.30360317934095893 0.92387953251128674
  endloop
endfacet
facet normal -0.17892567166224413 0.26778119129850803 0.94672004183230773
  outer loop
    vertex -0.12940952255126031 0.22414386804201339 0.96592582628906831
    vertex -0.23296291314453416 0.30360317934095893 0.92387953251128674
    vertex -0.15755905175128304 0.20533495396307269 0.96592582628906831
  endloop
endfacet
facet normal -0.24614626491041158 0.3683839185235081 0.89649612650803956
  outer loop
    vertex -0.19134171618254484 0.3314135740355918 0.92387953251128674
    vertex -0.24999999999999989 0.4330127018922193 0.86602540378443871
    vertex -0.30438071450436027 0.39667667014561753 0.86602540378443871
  endloop
endfacet
facet normal -0.24614626491041156 0.36838391852350821 0.89649612650803945
  outer loop
    vertex -0.19134171618254484 0.3314135740355918 0.92387953251128674
    vertex -0.30438071450436027 0.39667667014561753 0.86602540378443871
    vertex -0.23296291314453416 0.30360317934095893 0.92387953251128674
  endloop
endfacet
facet normal -0.30911569029480768 0.46262432342552962 0.83091890421907943
  outer loop
    vertex -0.24999999999999989 0.4330127018922193 0.86602540378443871
    vertex -0.30438071450436022 0.52720286236566927 0.79335334029123517
    vertex -0.37059047744873963 0.48296291314453416 0.79335334029123517
  endloop
endfacet
facet normal -0.30911569029480751 0.46262432342552967 0.83091890421907932
  outer loop
    vertex -0.24999999999999989 0.4330127018922193 0.86602540378443871
    vertex -0.37059047744873963 0.48296291314453416 0.79335334029123517
    vertex -0.30438071450436027 0.39667667014561753 0.86602540378443871
  endloop
endfacet
facet normal -0.3667565764023471 0.5488900057392192 0.75113871905609364
  outer loop
    vertex -0.30438071450436022 0.52720286236566927 0.79335334029123517
    vertex -0.35355339059327362 0.61237243569579447 0.70710678118654757
    vertex -0.4304593345768794 0.56098552679693092 0.70710678118654757
  endloop
endfacet
facet normal -0.36675657640234743 0.54889000573921876 0.75113871905609386
  outer loop
    vertex -0.30438071450436022 0.52720286236566927 0.79335334029123517
    vertex -0.4304593345768794 0.56098552679693092 0.70710678118654757
    vertex -0.37059047744873963 0.48296291314453416 0.79335334029123517
  endloop
endfacet
facet normal -0.41808874044547195 0.62571401825624906 0.65854671244364837
  outer loop
    vertex -0.35355339059327362 0.61237243569579447 0.70710678118654757
    vertex -0.39667667014561747 0.68706414686945017 0.60876142900872066
    vertex -0.48296291314453416 0.62940952255126037 0.60876142900872066
  endloop
endfacet
facet normal -0.41808874044547167 0.62571401825624962 0.65854671244364804
  outer loop
    vertex -0.35355339059327362 0.61237243569579447 0.70710678118654757
    vertex -0.48296291314453416 0.62940952255126037 0.60876142900872066
    vertex -0.4304593345768794 0.56098552679693092 0.70710678118654757
  endloop
endfacet
facet normal -0.46224501976061411 0.69179856033715892 0.55474705372984512
  outer loop
    vertex -0.39667667014561747 0.68706414686945017 0.60876142900872066
    vertex -0.43301270189221913 0.75 0.50000000000000011
    vertex -0.52720286236566916 0.68706414686945005 0.50000000000000011
  endloop
endfacet
facet normal -0.4622450197606145 0.69179856033715847 0.55474705372984556
  outer loop
    vertex -0.39667667014561747 0.68706414686945017 0.60876142900872066
    vertex -0.52720286236566916 0.68706414686945005 0.50000000000000011
    vertex -0.48296291314453416 0.62940952255126037 0.60876142900872066
  endloop
endfacet
facet normal -0.4984844013054705 0.7460346275926234 0.44152648401637523
  outer loop
    vertex -0.43301270189221913 0.75 0.50000000000000011
    vertex -0.4619397662556432 0.80010314519126557 0.38268343236508984
    vertex -0.56242222444347967 0.7329629131445341 0.38268343236508984
  endloop
endfacet
facet normal -0.49848440130547012 0.74603462759262373 0.44152648401637479
  outer loop
    vertex -0.43301270189221913 0.75 0.50000000000000011
    vertex -0.56242222444347967 0.7329629131445341 0.38268343236508984
    vertex -0.52720286236566916 0.68706414686945005 0.50000000000000011
  endloop
endfacet
facet normal -0.52620248911703438 0.78751767754147894 0.32082214388460251
  outer loop
    vertex -0.4619397662556432 0.80010314519126557 0.38268343236508984
    vertex -0.48296291314453399 0.83651630373780794 0.25881904510252074
    vertex -0.5880183863281625 0.7663204807600037 0.25881904510252074
  endloop
endfacet
facet normal -0.52620248911703482 0.7875176775414785 0.32082214388460301
  outer loop
    vertex -0.4619397662556432 0.80010314519126557 0.38268343236508984
    vertex -0.5880183863281625 0.7663204807600037 0.25881904510252074
    vertex -0.56242222444347967 0.7329629131445341 0.38268343236508984
  endloop
endfacet
facet normal -0.54493946809495564 0.81555954825477772 0.19468846746237881
  outer loop
    vertex -0.48296291314453399 0.83651630373780794 0.25881904510252074
    vertex -0.49572243068690502 0.85861643640126095 0.13052619222005171
    vertex -0.60355339059327373 0.78656609248549303 0.13052619222005171
  endloop
endfacet
facet normal -0.54493946809495553 0.81555954825477794 0.19468846746237861
  outer loop
    vertex -0.48296291314453399 0.83651630373780794 0.25881904510252074
    vertex -0.60355339059327373 0.78656609248549303 0.13052619222005171
    vertex -0.5880183863281625 0.7663204807600037 0.25881904510252074
  endloop
endfacet
facet normal -0.55438578649203085 0.82969696280381355 0.065263693197208733
  outer loop
    vertex -0.49572243068690502 0.85861643640126095 0.13052619222005171
    vertex -0.49999999999999983 0.86602540378443871 6.123233995736766e-17
    vertex -0.60876142900872066 0.79335334029123517 6.123233995736766e-17
  endloop
endfacet
facet normal -0.55438578649203107 0.82969696280381366 0.06526369319720883
  outer loop
    vertex -0.49572243068690502 0.85861643640126095 0.13052619222005171
    vertex -0.60876142900872066 0.79335334029123517 6.123233995736766e-17
    vertex -0.60355339059327373 0.78656609248549303 0.13052619222005171
  endloop
endfacet
facet normal -0.55438578649203107 0.82969696280381366 -0.065263693197208747
  outer loop
    vertex -0.49999999999999983 0.86602540378443871 6.123233995736766e-17
    vertex -0.49572243068690502 0.85861643640126095 -0.1305261922200516
    vertex -0.60355339059327373 0.78656609248549303 -0.1305261922200516
  endloop
endfacet
facet normal -0.55438578649203085 0.82969696280381355 -0.065263693197208761
  outer loop
    vertex -0.49999999999999983 0.86602540378443871 6.123233995736766e-17
    vertex -0.60355339059327373 0.78656609248549303 -0.1305261922200516
    vertex -0.60876142900872066 0.79335334029123517 6.123233995736766e-17
  endloop
endfacet
facet normal -0.54493946809495541 0.81555954825477794 -0.19468846746237881
  outer loop
    vertex -0.49572243068690502 0.85861643640126095 -0.1305261922200516
    vertex -0.48296291314453399 0.83651630373780794 -0.25881904510252063
    vertex -0.5880183863281625 0.7663204807600037 -0.25881904510252063
  endloop
endfacet
facet normal -0.54493946809495575 0.81555954825477772 -0.19468846746237861
  outer loop
    vertex -0.49572243068690502 0.85861643640126095 -0.1305261922200516
    vertex -0.5880183863281625 0.7663204807600037 -0.25881904510252063
    vertex -0.60355339059327373 0.78656609248549303 -0.1305261922200516
  endloop
endfacet
facet normal -0.5262024891170346 0.78751767754147872 -0.32082214388460212
  outer loop
    vertex -0.48296291314453399 0.83651630373780794 -0.25881904510252063
    vertex -0.46193976625564326 0.80010314519126569 -0.3826834323650895
    vertex -0.56242222444347978 0.73296291314453421 -0.3826834323650895
  endloop
endfacet
facet normal -0.52620248911703438 0.78751767754147883 -0.3208221438846024
  outer loop
    vertex -0.48296291314453399 0.83651630373780794 -0.25881904510252063
    vertex -0.56242222444347978 0.73296291314453421 -0.3826834323650895
    vertex -0.5880183863281625 0.7663204807600037 -0.25881904510252063
  endloop
endfacet
facet normal -0.49848440130546989 0.74603462759262384 -0.44152648401637501
  outer loop
    vertex -0.46193976625564326 0.80010314519126569 -0.3826834323650895
    vertex -0.43301270189221919 0.75000000000000011 -0.49999999999999983
    vertex -0.52720286236566927 0.68706414686945017 -0.49999999999999983
  endloop
endfacet
facet normal -0.4984844013054705 0.74603462759262373 -0.44152648401637462
  outer loop
    vertex -0.46193976625564326 0.80010314519126569 -0.3826834323650895
    vertex -0.52720286236566927 0.68706414686945017 -0.49999999999999983
    vertex -0.56242222444347978 0.73296291314453421 -0.3826834323650895
  endloop
endfacet
facet normal -0.46224501976061466 0.69179856033715881 -0.5547470537298449
  outer loop
    vertex -0.43301270189221919 0.75000000000000011 -0.49999999999999983
    vertex -0.39667667014561747 0.68706414686945017 -0.60876142900872066
    vertex -0.48296291314453416 0.62940952255126037 -0.60876142900872066
  endloop
endfacet
facet normal -0.46224501976061388 0.69179856033715892 -0.55474705372984534
  outer loop
    vertex -0.43301270189221919 0.75000000000000011 -0.49999999999999983
    vertex -0.48296291314453416 0.62940952255126037 -0.60876142900872066
    vertex -0.52720286236566927 0.68706414686945017 -0.49999999999999983
  endloop
endfacet
facet normal -0.41808874044547156 0.6257140182562495 -0.65854671244364815
  outer loop
    vertex -0.39667667014561747 0.68706414686945017 -0.60876142900872066
    vertex -0.35355339059327368 0.61237243569579458 -0.70710678118654746
    vertex -0.43045933457687946 0.56098552679693103 -0.70710678118654746
  endloop
endfacet
facet normal -0.41808874044547212 0.62571401825624939 -0.65854671244364793
  outer loop
    vertex -0.39667667014561747 0.68706414686945017 -0.60876142900872066
    vertex -0.43045933457687946 0.56098552679693103 -0.70710678118654746
    vertex -0.48296291314453416 0.62940952255126037 -0.60876142900872066
  endloop
endfacet
facet normal -0.36675657640234699 0.54889000573921942 -0.75113871905609364
  outer loop
    vertex -0.35355339059327368 0.61237243569579458 -0.70710678118654746
    vertex -0.30438071450436033 0.52720286236566938 -0.79335334029123505
    vertex -0.3705904774487398 0.48296291314453432 -0.79335334029123505
  endloop
endfacet
facet normal -0.36675657640234727 0.54889000573921942 -0.75113871905609342
  outer loop
    vertex -0.35355339059327368 0.61237243569579458 -0.70710678118654746
    vertex -0.3705904774487398 0.48296291314453432 -0.79335334029123505
    vertex -0.43045933457687946 0.56098552679693103 -0.70710678118654746
  endloop
endfacet
facet normal -0.30911569029480757 0.46262432342552967 -0.83091890421907932
  outer loop
    vertex -0.30438071450436033 0.52720286236566938 -0.79335334029123505
    vertex -0.24999999999999989 0.4330127018922193 -0.86602540378443871
    vertex -0.30438071450436027 0.39667667014561753 -0.86602540378443871
  endloop
endfacet
facet normal -0.30911569029480707 0.46262432342552978 -0.83091890421907943
  outer loop
    vertex -0.30438071450436033 0.52720286236566938 -0.79335334029123505
    vertex -0.30438071450436027 0.39667667014561753 -0.86602540378443871
    vertex -0.3705904774487398 0.48296291314453432 -0.79335334029123505
  endloop
endfacet
facet normal -0.24614626491041175 0.36838391852350855 -0.89649612650803923
  outer loop
    vertex -0.24999999999999989 0.4330127018922193 -0.86602540378443871
    vertex -0.19134171618254489 0.33141357403559191 -0.92387953251128674
    vertex -0.23296291314453421 0.30360317934095904 -0.92387953251128674
  endloop
endfacet
facet normal -0.24614626491041178 0.36838391852350844 -0.89649612650803923
  outer loop
    vertex -0.24999999999999989 0.4330127018922193 -0.86602540378443871
    vertex -0.23296291314453421 0.30360317934095904 -0.92387953251128674
    vertex -0.30438071450436027 0.39667667014561753 -0.86602540378443871
  endloop
endfacet
facet normal -0.17892567166224402 0.26778119129850764 -0.94672004183230796
  outer loop
    vertex -0.19134171618254489 0.33141357403559191 -0.92387953251128674
    vertex -0.12940952255126045 0.22414386804201361 -0.9659258262890682
    vertex -0.15755905175128321 0.20533495396307289 -0.9659258262890682
  endloop
endfacet
facet normal -0.17892567166224393 0.26778119129850764 -0.94672004183230796
  outer loop
    vertex -0.19134171618254489 0.33141357403559191 -0.92387953251128674
    vertex -0.15755905175128321 0.20533495396307289 -0.9659258262890682
    vertex -0.23296291314453421 0.30360317934095904 -0.92387953251128674
  endloop
endfacet
facet normal -0.10861005838045897 0.16254643925563036 -0.98070510873753935
  outer loop
    vertex -0.12940952255126045 0.22414386804201361 -0.9659258262890682
    vertex -0.065263096110025967 0.11303899832181578 -0.99144486137381038
    vertex -0.079459311298945803 0.10355339059327408 -0.99144486137381038
  endloop
endfacet
facet normal -0.10861005838045908 0.16254643925563036 -0.98070510873753935
  outer loop
    vertex -0.12940952255126045 0.22414386804201361 -0.9659258262890682
    vertex -0.079459311298945803 0.10355339059327408 -0.99144486137381038
    vertex -0.15755905175128321 0.20533495396307289 -0.9659258262890682
  endloop
endfacet
facet normal -0.036413662338253688 0.05449689689518588 -0.99784975493503592
  outer loop
    vertex 0 0 -1
    vertex -0.079459311298945803 0.10355339059327408 -0.99144486137381038
    vertex -0.065263096110025967 0.11303899832181578 -0.99144486137381038
  endloop
endfacet
facet normal -0.043215410848600228 0.049277731697751591 0.99784975493503569
  outer loop
    vertex 0 0 1
    vertex -0.079459311298945554 0.10355339059327374 0.99144486137381038
    vertex -0.092295955641257241 0.092295955641257255 0.99144486137381038
  endloop
endfacet
facet normal -0.12889745204978043 0.14697937457740531 0.98070510873753947
  outer loop
    vertex -0.079459311298945554 0.10355339059327374 0.99144486137381038
    vertex -0.15755905175128304 0.20533495396307269 0.96592582628906831
    vertex -0.1830127018922193 0.18301270189221933 0.96592582628906831
  endloop
endfacet
facet normal -0.12889745204978045 0.14697937457740529 0.98070510873753969
  outer loop
    vertex -0.079459311298945554 0.10355339059327374 0.99144486137381038
    vertex -0.1830127018922193 0.18301270189221933 0.96592582628906831
    vertex -0.092295955641257241 0.092295955641257255 0.99144486137381038
  endloop
endfacet
facet normal -0.21234739698573321 0.24213579947297509 0.94672004183230785
  outer loop
    vertex -0.15755905175128304 0.20533495396307269 0.96592582628906831
    vertex -0.23296291314453416 0.30360317934095893 0.92387953251128674
    vertex -0.27059805007309845 0.27059805007309851 0.92387953251128674
  endloop
endfacet
facet normal -0.21234739698573318 0.24213579947297517 0.94672004183230785
  outer loop
    vertex -0.15755905175128304 0.20533495396307269 0.96592582628906831
    vertex -0.27059805007309845 0.27059805007309851 0.92387953251128674
    vertex -0.1830127018922193 0.18301270189221933 0.96592582628906831
  endloop
endfacet
facet normal -0.29212419965175962 0.33310380834493653 0.89649612650803956
  outer loop
    vertex -0.23296291314453416 0.30360317934095893 0.92387953251128674
    vertex -0.30438071450436027 0.39667667014561753 0.86602540378443871
    vertex -0.35355339059327368 0.35355339059327373 0.86602540378443871
  endloop
endfacet
facet normal -0.29212419965175962 0.3331038083449363 0.89649612650803945
  outer loop
    vertex -0.23296291314453416 0.30360317934095893 0.92387953251128674
    vertex -0.35355339059327368 0.35355339059327373 0.86602540378443871
    vertex -0.27059805007309845 0.27059805007309851 0.92387953251128674
  endloop
endfacet
facet normal -0.3668557540779171 0.41831881419712308 0.83091890421907943
  outer loop
    vertex -0.30438071450436027 0.39667667014561753 0.86602540378443871
    vertex -0.37059047744873963 0.48296291314453416 0.79335334029123517
    vertex -0.4304593345768794 0.43045933457687946 0.79335334029123517
  endloop
endfacet
facet normal -0.36685575407791721 0.41831881419712297 0.83091890421907943
  outer loop
    vertex -0.30438071450436027 0.39667667014561753 0.86602540378443871
    vertex -0.4304593345768794 0.43045933457687946 0.79335334029123517
    vertex -0.35355339059327368 0.35355339059327373 0.86602540378443871
  endloop
endfacet
facet normal -0.43526344544594114 0.4963228362601288 0.75113871905609386
  outer loop
    vertex -0.37059047744873963 0.48296291314453416 0.79335334029123517
    vertex -0.4304593345768794 0.56098552679693092 0.70710678118654757
    vertex -0.49999999999999989 0.5 0.70710678118654757
  endloop
endfacet
facet normal -0.43526344544594103 0.49632283626012913 0.75113871905609386
  outer loop
    vertex -0.37059047744873963 0.48296291314453416 0.79335334029123517
    vertex -0.49999999999999989 0.5 0.70710678118654757
    vertex -0.4304593345768794 0.43045933457687946 0.79335334029123517
  endloop
endfacet
facet normal -0.49618400153460823 0.56578941678929184 0.65854671244364804
  outer loop
    vertex -0.4304593345768794 0.56098552679693092 0.70710678118654757
    vertex -0.48296291314453416 0.62940952255126037 0.60876142900872066
    vertex -0.56098552679693092 0.56098552679693103 0.60876142900872066
  endloop
endfacet
facet normal -0.49618400153460818 0.56578941678929207 0.65854671244364782
  outer loop
    vertex -0.4304593345768794 0.56098552679693092 0.70710678118654757
    vertex -0.56098552679693092 0.56098552679693103 0.60876142900872066
    vertex -0.49999999999999989 0.5 0.70710678118654757
  endloop
endfacet
facet normal -0.54858828140141924 0.6255450454500403 0.55474705372984545
  outer loop
    vertex -0.48296291314453416 0.62940952255126037 0.60876142900872066
    vertex -0.52720286236566916 0.68706414686945005 0.50000000000000011
    vertex -0.61237243569579447 0.61237243569579458 0.50000000000000011
  endloop
endfacet
facet normal -0.54858828140141958 0.62554504545003986 0.5547470537298459
  outer loop
    vertex -0.48296291314453416 0.62940952255126037 0.60876142900872066
    vertex -0.61237243569579447 0.61237243569579458 0.50000000000000011
    vertex -0.56098552679693092 0.56098552679693103 0.60876142900872066
  endloop
endfacet
facet normal -0.59159685735327838 0.6745869271501358 0.44152648401637468
  outer loop
    vertex -0.52720286236566916 0.68706414686945005 0.50000000000000011
    vertex -0.56242222444347967 0.7329629131445341 0.38268343236508984
    vertex -0.65328148243818818 0.65328148243818829 0.38268343236508984
  endloop
endfacet
facet normal -0.59159685735327827 0.67458692715013602 0.44152648401637462
  outer loop
    vertex -0.52720286236566916 0.68706414686945005 0.50000000000000011
    vertex -0.65328148243818818 0.65328148243818829 0.38268343236508984
    vertex -0.61237243569579447 0.61237243569579458 0.50000000000000011
  endloop
endfacet
facet normal -0.62449243763265994 0.71209714739837671 0.32082214388460306
  outer loop
    vertex -0.56242222444347967 0.7329629131445341 0.38268343236508984
    vertex -0.5880183863281625 0.7663204807600037 0.25881904510252074
    vertex -0.6830127018922193 0.68301270189221941 0.25881904510252074
  endloop
endfacet
facet normal -0.62449243763266005 0.71209714739837671 0.32082214388460306
  outer loop
    vertex -0.56242222444347967 0.7329629131445341 0.38268343236508984
    vertex -0.6830127018922193 0.68301270189221941 0.25881904510252074
    vertex -0.65328148243818818 0.65328148243818829 0.38268343236508984
  endloop
endfacet
facet normal -0.64672931776492326 0.73745344950069058 0.19468846746237858
  outer loop
    vertex -0.5880183863281625 0.7663204807600037 0.25881904510252074
    vertex -0.60355339059327373 0.78656609248549303 0.13052619222005171
    vertex -0.7010573846499778 0.70105738464997791 0.13052619222005171
  endloop
endfacet
facet normal -0.64672931776492293 0.73745344950069058 0.19468846746237833
  outer loop
    vertex -0.5880183863281625 0.7663204807600037 0.25881904510252074
    vertex -0.7010573846499778 0.70105738464997791 0.13052619222005171
    vertex -0.6830127018922193 0.68301270189221941 0.25881904510252074
  endloop
endfacet
facet normal -0.65794012448752637 0.75023692453757485 0.065263693197208789
  outer loop
    vertex -0.60355339059327373 0.78656609248549303 0.13052619222005171
    vertex -0.60876142900872066 0.79335334029123517 6.123233995736766e-17
    vertex -0.70710678118654746 0.70710678118654757 6.123233995736766e-17
  endloop
endfacet
facet normal -0.65794012448752626 0.75023692453757496 0.065263693197208691
  outer loop
    vertex -0.60355339059327373 0.78656609248549303 0.13052619222005171
    vertex -0.70710678118654746 0.70710678118654757 6.123233995736766e-17
    vertex -0.7010573846499778 0.70105738464997791 0.13052619222005171
  endloop
endfacet
facet normal -0.65794012448752637 0.75023692453757485 -0.065263693197208802
  outer loop
    vertex -0.60876142900872066 0.79335334029123517 6.123233995736766e-17
    vertex -0.60355339059327373 0.78656609248549303 -0.1305261922200516
    vertex -0.7010573846499778 0.70105738464997791 -0.1305261922200516
  endloop
endfacet
facet normal -0.65794012448752637 0.75023692453757485 -0.065263693197208691
  outer loop
    vertex -0.60876142900872066 0.79335334029123517 6.123233995736766e-17
    vertex -0.7010573846499778 0.70105738464997791 -0.1305261922200516
    vertex -0.70710678118654746 0.70710678118654757 6.123233995736766e-17
  endloop
endfacet
facet normal -0.64672931776492293 0.73745344950069058 -0.19468846746237853
  outer loop
    vertex -0.60355339059327373 0.78656609248549303 -0.1305261922200516
    vertex -0.5880183863281625 0.7663204807600037 -0.25881904510252063
    vertex -0.6830127018922193 0.68301270189221941 -0.25881904510252063
  endloop
endfacet
facet normal -0.64672931776492326 0.73745344950069058 -0.19468846746237839
  outer loop
    vertex -0.60355339059327373 0.78656609248549303 -0.1305261922200516
    vertex -0.6830127018922193 0.68301270189221941 -0.25881904510252063
    vertex -0.7010573846499778 0.70105738464997791 -0.1305261922200516
  endloop
endfacet
facet normal -0.62449243763266016 0.71209714739837682 -0.32082214388460251
  outer loop
    vertex -0.5880183863281625 0.7663204807600037 -0.25881904510252063
    vertex -0.56242222444347978 0.73296291314453421 -0.3826834323650895
    vertex -0.65328148243818829 0.6532814824381884 -0.3826834323650895
  endloop
endfacet
facet normal -0.62449243763266005 0.71209714739837682 -0.32082214388460245
  outer loop
    vertex -0.5880183863281625 0.7663204807600037 -0.25881904510252063
    vertex -0.65328148243818829 0.6532814824381884 -0.3826834323650895
    vertex -0.6830127018922193 0.68301270189221941 -0.25881904510252063
  endloop
endfacet
facet normal -0.59159685735327927 0.67458692715013524 -0.44152648401637462
  outer loop
    vertex -0.56242222444347978 0.73296291314453421 -0.3826834323650895
    vertex -0.52720286236566927 0.68706414686945017 -0.49999999999999983
    vertex -0.61237243569579447 0.61237243569579458 -0.49999999999999983
  endloop
endfacet
facet normal -0.59159685735327838 0.67458692715013557 -0.4415264840163754
  outer loop
    vertex -0.56242222444347978 0.73296291314453421 -0.3826834323650895
    vertex -0.61237243569579447 0.61237243569579458 -0.49999999999999983
    vertex -0.65328148243818829 0.6532814824381884 -0.3826834323650895
  endloop
endfacet
facet normal -0.5485882814014198 0.62554504545004019 -0.55474705372984534
  outer loop
    vertex -0.52720286236566927 0.68706414686945017 -0.49999999999999983
    vertex -0.48296291314453416 0.62940952255126037 -0.60876142900872066
    vertex -0.56098552679693092 0.56098552679693103 -0.60876142900872066
  endloop
endfacet
facet normal -0.54858828140142035 0.62554504545003986 -0.5547470537298449
  outer loop
    vertex -0.52720286236566927 0.68706414686945017 -0.49999999999999983
    vertex -0.56098552679693092 0.56098552679693103 -0.60876142900872066
    vertex -0.61237243569579447 0.61237243569579458 -0.49999999999999983
  endloop
endfacet
facet normal -0.4961840015346079 0.56578941678929229 -0.65854671244364782
  outer loop
    vertex -0.48296291314453416 0.62940952255126037 -0.60876142900872066
    vertex -0.43045933457687946 0.56098552679693103 -0.70710678118654746
    vertex -0.5 0.50000000000000011 -0.70710678118654746
  endloop
endfacet
facet normal -0.49618400153460845 0.56578941678929218 -0.65854671244364771
  outer loop
    vertex -0.48296291314453416 0.62940952255126037 -0.60876142900872066
    vertex -0.5 0.50000000000000011 -0.70710678118654746
    vertex -0.56098552679693092 0.56098552679693103 -0.60876142900872066
  endloop
endfacet
facet normal -0.43526344544594159 0.49632283626012924 -0.75113871905609342
  outer loop
    vertex -0.43045933457687946 0.56098552679693103 -0.70710678118654746
    vertex -0.3705904774487398 0.48296291314453432 -0.79335334029123505
    vertex -0.43045933457687952 0.43045933457687963 -0.79335334029123505
  endloop
endfacet
facet normal -0.43526344544594114 0.4963228362601293 -0.75113871905609364
  outer loop
    vertex -0.43045933457687946 0.56098552679693103 -0.70710678118654746
    vertex -0.43045933457687952 0.43045933457687963 -0.79335334029123505
    vertex -0.5 0.50000000000000011 -0.70710678118654746
  endloop
endfacet
facet normal -0.36685575407791715 0.41831881419712286 -0.83091890421907943
  outer loop
    vertex -0.3705904774487398 0.48296291314453432 -0.79335334029123505
    vertex -0.30438071450436027 0.39667667014561753 -0.86602540378443871
    vertex -0.35355339059327368 0.35355339059327373 -0.86602540378443871
  endloop
endfacet
facet normal -0.36685575407791721 0.41831881419712286 -0.83091890421907943
  outer loop
    vertex -0.3705904774487398 0.48296291314453432 -0.79335334029123505
    vertex -0.35355339059327368 0.35355339059327373 -0.86602540378443871
    vertex -0.43045933457687952 0.43045933457687963 -0.79335334029123505
  endloop
endfacet
facet normal -0.29212419965175962 0.33310380834493686 -0.89649612650803923
  outer loop
    vertex -0.30438071450436027 0.39667667014561753 -0.86602540378443871
    vertex -0.23296291314453421 0.30360317934095904 -0.92387953251128674
    vertex -0.27059805007309856 0.27059805007309862 -0.92387953251128674
  endloop
endfacet
facet normal -0.2921241996517599 0.33310380834493675 -0.89649612650803934
  outer loop
    vertex -0.30438071450436027 0.39667667014561753 -0.86602540378443871
    vertex -0.27059805007309856 0.27059805007309862 -0.92387953251128674
    vertex -0.35355339059327368 0.35355339059327373 -0.86602540378443871
  endloop
endfacet
facet normal -0.21234739698573263 0.24213579947297487 -0.94672004183230796
  outer loop
    vertex -0.23296291314453421 0.30360317934095904 -0.92387953251128674
    vertex -0.15755905175128321 0.20533495396307289 -0.9659258262890682
    vertex -0.18301270189221949 0.18301270189221952 -0.9659258262890682
  endloop
endfacet
facet normal -0.21234739698573277 0.24213579947297489 -0.94672004183230796
  outer loop
    vertex -0.23296291314453421 0.30360317934095904 -0.92387953251128674
    vertex -0.18301270189221949 0.18301270189221952 -0.9659258262890682
    vertex -0.27059805007309856 0.27059805007309862 -0.92387953251128674
  endloop
endfacet
facet normal -0.1288974520497812 0.14697937457740604 -0.98070510873753947
  outer loop
    vertex -0.15755905175128321 0.20533495396307289 -0.9659258262890682
    vertex -0.079459311298945803 0.10355339059327408 -0.99144486137381038
    vertex -0.092295955641257532 0.092295955641257546 -0.99144486137381038
  endloop
endfacet
facet normal -0.12889745204978101 0.14697937457740615 -0.98070510873753947
  outer loop
    vertex -0.15755905175128321 0.20533495396307289 -0.9659258262890682
    vertex -0.092295955641257532 0.092295955641257546 -0.99144486137381038
    vertex -0.18301270189221949 0.18301270189221952 -0.9659258262890682
  endloop
endfacet
facet normal -0.043215410848600144 0.049277731697751417 -0.99784975493503592
  outer loop
    vertex 0 0 -1
    vertex -0.092295955641257532 0.092295955641257546 -0.99144486137381038
    vertex -0.079459311298945803 0.10355339059327408 -0.99144486137381038
  endloop
endfacet
facet normal -0.04927773169775157 0.043215410848600248 0.99784975493503592
  outer loop
    vertex 0 0 1
    vertex -0.092295955641257241 0.092295955641257255 0.99144486137381038
    vertex -0.10355339059327373 0.079459311298945581 0.99144486137381038
  endloop
endfacet
facet normal -0.14697937457740526 0.12889745204978045 0.98070510873753947
  outer loop
    vertex -0.092295955641257241 0.092295955641257255 0.99144486137381038
    vertex -0.1830127018922193 0.18301270189221933 0.96592582628906831
    vertex -0.20533495396307264 0.1575590517512831 0.96592582628906831
  endloop
endfacet
facet normal -0.14697937457740523 0.12889745204978054 0.98070510873753969
  outer loop
    vertex -0.092295955641257241 0.092295955641257255 0.99144486137381038
    vertex -0.20533495396307264 0.1575590517512831 0.96592582628906831
    vertex -0.10355339059327373 0.079459311298945581 0.99144486137381038
  endloop
endfacet
facet normal -0.24213579947297476 0.21234739698573349 0.94672004183230773
  outer loop
    vertex -0.1830127018922193 0.18301270189221933 0.96592582628906831
    vertex -0.27059805007309845 0.27059805007309851 0.92387953251128674
    vertex -0.30360317934095893 0.23296291314453424 0.92387953251128674
  endloop
endfacet
facet normal -0.24213579947297498 0.21234739698573302 0.94672004183230773
  outer loop
    vertex -0.1830127018922193 0.18301270189221933 0.96592582628906831
    vertex -0.30360317934095893 0.23296291314453424 0.92387953251128674
    vertex -0.20533495396307264 0.1575590517512831 0.96592582628906831
  endloop
endfacet
facet normal -0.33310380834493619 0.29212419965175979 0.89649612650803956
  outer loop
    vertex -0.27059805007309845 0.27059805007309851 0.92387953251128674
    vertex -0.35355339059327368 0.35355339059327373 0.86602540378443871
    vertex -0.39667667014561747 0.30438071450436038 0.86602540378443871
  endloop
endfacet
facet normal -0.33310380834493619 0.29212419965176017 0.89649612650803945
  outer loop
    vertex -0.27059805007309845 0.27059805007309851 0.92387953251128674
    vertex -0.39667667014561747 0.30438071450436038 0.86602540378443871
    vertex -0.30360317934095893 0.23296291314453424 0.92387953251128674
  endloop
endfacet
facet normal -0.4183188141971228 0.36685575407791754 0.83091890421907943
  outer loop
    vertex -0.35355339059327368 0.35355339059327373 0.86602540378443871
    vertex -0.4304593345768794 0.43045933457687946 0.79335334029123517
    vertex -0.4829629131445341 0.3705904774487398 0.79335334029123517
  endloop
endfacet
facet normal -0.41831881419712269 0.36685575407791737 0.83091890421907943
  outer loop
    vertex -0.35355339059327368 0.35355339059327373 0.86602540378443871
    vertex -0.4829629131445341 0.3705904774487398 0.79335334029123517
    vertex -0.39667667014561747 0.30438071450436038 0.86602540378443871
  endloop
endfacet
facet normal -0.49632283626012852 0.43526344544594159 0.75113871905609375
  outer loop
    vertex -0.4304593345768794 0.43045933457687946 0.79335334029123517
    vertex -0.49999999999999989 0.5 0.70710678118654757
    vertex -0.56098552679693092 0.43045933457687952 0.70710678118654757
  endloop
endfacet
facet normal -0.49632283626012863 0.43526344544594142 0.75113871905609397
  outer loop
    vertex -0.4304593345768794 0.43045933457687946 0.79335334029123517
    vertex -0.56098552679693092 0.43045933457687952 0.70710678118654757
    vertex -0.4829629131445341 0.3705904774487398 0.79335334029123517
  endloop
endfacet
facet normal -0.56578941678929173 0.49618400153460845 0.65854671244364793
  outer loop
    vertex -0.49999999999999989 0.5 0.70710678118654757
    vertex -0.56098552679693092 0.56098552679693103 0.60876142900872066
    vertex -0.62940952255126026 0.48296291314453432 0.60876142900872066
  endloop
endfacet
facet normal -0.56578941678929173 0.49618400153460873 0.65854671244364771
  outer loop
    vertex -0.49999999999999989 0.5 0.70710678118654757
    vertex -0.62940952255126026 0.48296291314453432 0.60876142900872066
    vertex -0.56098552679693092 0.43045933457687952 0.70710678118654757
  endloop
endfacet
facet normal -0.62554504545003975 0.54858828140141958 0.55474705372984601
  outer loop
    vertex -0.56098552679693092 0.56098552679693103 0.60876142900872066
    vertex -0.61237243569579447 0.61237243569579458 0.50000000000000011
    vertex -0.68706414686944994 0.52720286236566938 0.50000000000000011
  endloop
endfacet
facet normal -0.62554504545003975 0.5485882814014198 0.55474705372984567
  outer loop
    vertex -0.56098552679693092 0.56098552679693103 0.60876142900872066
    vertex -0.68706414686944994 0.52720286236566938 0.50000000000000011
    vertex -0.62940952255126026 0.48296291314453432 0.60876142900872066
  endloop
endfacet
facet normal -0.67458692715013546 0.59159685735327894 0.44152648401637462
  outer loop
    vertex -0.61237243569579447 0.61237243569579458 0.50000000000000011
    vertex -0.65328148243818818 0.65328148243818829 0.38268343236508984
    vertex -0.73296291314453399 0.56242222444347989 0.38268343236508984
  endloop
endfacet
facet normal -0.67458692715013557 0.59159685735327872 0.44152648401637479
  outer loop
    vertex -0.61237243569579447 0.61237243569579458 0.50000000000000011
    vertex -0.73296291314453399 0.56242222444347989 0.38268343236508984
    vertex -0.68706414686944994 0.52720286236566938 0.50000000000000011
  endloop
endfacet
facet normal -0.71209714739837637 0.62449243763266049 0.32082214388460312
  outer loop
    vertex -0.65328148243818818 0.65328148243818829 0.38268343236508984
    vertex -0.6830127018922193 0.68301270189221941 0.25881904510252074
    vertex -0.76632048076000359 0.58801838632816272 0.25881904510252074
  endloop
endfacet
facet normal -0.71209714739837626 0.62449243763266049 0.32082214388460301
  outer loop
    vertex -0.65328148243818818 0.65328148243818829 0.38268343236508984
    vertex -0.76632048076000359 0.58801838632816272 0.25881904510252074
    vertex -0.73296291314453399 0.56242222444347989 0.38268343236508984
  endloop
endfacet
facet normal -0.73745344950069014 0.64672931776492359 0.19468846746237842
  outer loop
    vertex -0.6830127018922193 0.68301270189221941 0.25881904510252074
    vertex -0.7010573846499778 0.70105738464997791 0.13052619222005171
    vertex -0.78656609248549292 0.60355339059327395 0.13052619222005171
  endloop
endfacet
facet normal -0.73745344950069025 0.64672931776492348 0.19468846746237858
  outer loop
    vertex -0.6830127018922193 0.68301270189221941 0.25881904510252074
    vertex -0.78656609248549292 0.60355339059327395 0.13052619222005171
    vertex -0.76632048076000359 0.58801838632816272 0.25881904510252074
  endloop
endfacet
facet normal -0.75023692453757462 0.65794012448752692 0.065263693197208664
  outer loop
    vertex -0.7010573846499778 0.70105738464997791 0.13052619222005171
    vertex -0.70710678118654746 0.70710678118654757 6.123233995736766e-17
    vertex -0.79335334029123505 0.60876142900872088 6.123233995736766e-17
  endloop
endfacet
facet normal -0.75023692453757473 0.65794012448752681 0.065263693197208802
  outer loop
    vertex -0.7010573846499778 0.70105738464997791 0.13052619222005171
    vertex -0.79335334029123505 0.60876142900872088 6.123233995736766e-17
    vertex -0.78656609248549292 0.60355339059327395 0.13052619222005171
  endloop
endfacet
facet normal -0.75023692453757451 0.65794012448752681 -0.065263693197208664
  outer loop
    vertex -0.70710678118654746 0.70710678118654757 6.123233995736766e-17
    vertex -0.7010573846499778 0.70105738464997791 -0.1305261922200516
    vertex -0.78656609248549292 0.60355339059327395 -0.1305261922200516
  endloop
endfacet
facet normal -0.75023692453757462 0.65794012448752692 -0.065263693197208844
  outer loop
    vertex -0.70710678118654746 0.70710678118654757 6.123233995736766e-17
    vertex -0.78656609248549292 0.60355339059327395 -0.1305261922200516
    vertex -0.79335334029123505 0.60876142900872088 6.123233995736766e-17
  endloop
endfacet
facet normal -0.73745344950069036 0.64672931776492348 -0.19468846746237839
  outer loop
    vertex -0.7010573846499778 0.70105738464997791 -0.1305261922200516
    vertex -0.6830127018922193 0.68301270189221941 -0.25881904510252063
    vertex -0.76632048076000359 0.58801838632816272 -0.25881904510252063
  endloop
endfacet
facet normal -0.73745344950069003 0.64672931776492359 -0.19468846746237853
  outer loop
    vertex -0.7010573846499778 0.70105738464997791 -0.1305261922200516
    vertex -0.76632048076000359 0.58801838632816272 -0.25881904510252063
    vertex -0.78656609248549292 0.60355339059327395 -0.1305261922200516
  endloop
endfacet
facet normal -0.71209714739837637 0.6244924376326606 -0.32082214388460251
  outer loop
    vertex -0.6830127018922193 0.68301270189221941 -0.25881904510252063
    vertex -0.65328148243818829 0.6532814824381884 -0.3826834323650895
    vertex -0.7329629131445341 0.56242222444348 -0.3826834323650895
  endloop
endfacet
facet normal -0.71209714739837648 0.62449243763266049 -0.32082214388460245
  outer loop
    vertex -0.6830127018922193 0.68301270189221941 -0.25881904510252063
    vertex -0.7329629131445341 0.56242222444348 -0.3826834323650895
    vertex -0.76632048076000359 0.58801838632816272 -0.25881904510252063
  endloop
endfacet
facet normal -0.67458692715013502 0.59159685735327894 -0.4415264840163754
  outer loop
    vertex -0.65328148243818829 0.6532814824381884 -0.3826834323650895
    vertex -0.61237243569579447 0.61237243569579458 -0.49999999999999983
    vertex -0.68706414686945005 0.52720286236566938 -0.49999999999999983
  endloop
endfacet
facet normal -0.67458692715013524 0.59159685735327883 -0.44152648401637501
  outer loop
    vertex -0.65328148243818829 0.6532814824381884 -0.3826834323650895
    vertex -0.68706414686945005 0.52720286236566938 -0.49999999999999983
    vertex -0.7329629131445341 0.56242222444348 -0.3826834323650895
  endloop
endfacet
facet normal -0.62554504545004019 0.54858828140142013 -0.5547470537298449
  outer loop
    vertex -0.61237243569579447 0.61237243569579458 -0.49999999999999983
    vertex -0.56098552679693092 0.56098552679693103 -0.60876142900872066
    vertex -0.62940952255126026 0.48296291314453432 -0.60876142900872066
  endloop
endfacet
facet normal -0.62554504545003975 0.54858828140142035 -0.55474705372984512
  outer loop
    vertex -0.61237243569579447 0.61237243569579458 -0.49999999999999983
    vertex -0.62940952255126026 0.48296291314453432 -0.60876142900872066
    vertex -0.68706414686945005 0.52720286236566938 -0.49999999999999983
  endloop
endfacet
facet normal -0.56578941678929229 0.49618400153460834 -0.6585467124436476
  outer loop
    vertex -0.56098552679693092 0.56098552679693103 -0.60876142900872066
    vertex -0.5 0.50000000000000011 -0.70710678118654746
    vertex -0.56098552679693092 0.43045933457687963 -0.70710678118654746
  endloop
endfacet
facet normal -0.56578941678929184 0.49618400153460851 -0.65854671244364793
  outer loop
    vertex -0.56098552679693092 0.56098552679693103 -0.60876142900872066
    vertex -0.56098552679693092 0.43045933457687963 -0.70710678118654746
    vertex -0.62940952255126026 0.48296291314453432 -0.60876142900872066
  endloop
endfacet
facet normal -0.4963228362601288 0.43526344544594153 -0.75113871905609375
  outer loop
    vertex -0.5 0.50000000000000011 -0.70710678118654746
    vertex -0.43045933457687952 0.43045933457687963 -0.79335334029123505
    vertex -0.48296291314453427 0.37059047744873991 -0.79335334029123505
  endloop
endfacet
facet normal -0.49632283626012913 0.43526344544594137 -0.75113871905609342
  outer loop
    vertex -0.5 0.50000000000000011 -0.70710678118654746
    vertex -0.48296291314453427 0.37059047744873991 -0.79335334029123505
    vertex -0.56098552679693092 0.43045933457687963 -0.70710678118654746
  endloop
endfacet
facet normal -0.41831881419712263 0.36685575407791743 -0.83091890421907966
  outer loop
    vertex -0.43045933457687952 0.43045933457687963 -0.79335334029123505
    vertex -0.35355339059327368 0.35355339059327373 -0.86602540378443871
    vertex -0.39667667014561747 0.30438071450436038 -0.86602540378443871
  endloop
endfacet
facet normal -0.41831881419712258 0.36685575407791732 -0.83091890421907943
  outer loop
    vertex -0.43045933457687952 0.43045933457687963 -0.79335334029123505
    vertex -0.39667667014561747 0.30438071450436038 -0.86602540378443871
    vertex -0.48296291314453427 0.37059047744873991 -0.79335334029123505
  endloop
endfacet
facet normal -0.3331038083449368 0.29212419965175979 -0.89649612650803934
  outer loop
    vertex -0.35355339059327368 0.35355339059327373 -0.86602540378443871
    vertex -0.27059805007309856 0.27059805007309862 -0.92387953251128674
    vertex -0.30360317934095898 0.23296291314453429 -0.92387953251128674
  endloop
endfacet
facet normal -0.33310380834493653 0.29212419965176001 -0.89649612650803934
  outer loop
    vertex -0.35355339059327368 0.35355339059327373 -0.86602540378443871
    vertex -0.30360317934095898 0.23296291314453429 -0.92387953251128674
    vertex -0.39667667014561747 0.30438071450436038 -0.86602540378443871
  endloop
endfacet
facet normal -0.24213579947297476 0.21234739698573282 -0.94672004183230796
  outer loop
    vertex -0.27059805007309856 0.27059805007309862 -0.92387953251128674
    vertex -0.18301270189221949 0.18301270189221952 -0.9659258262890682
    vertex -0.20533495396307286 0.15755905175128326 -0.9659258262890682
  endloop
endfacet
facet normal -0.24213579947297476 0.21234739698573282 -0.94672004183230796
  outer loop
    vertex -0.27059805007309856 0.27059805007309862 -0.92387953251128674
    vertex -0.20533495396307286 0.15755905175128326 -0.9659258262890682
    vertex -0.30360317934095898 0.23296291314453429 -0.92387953251128674
  endloop
endfacet
facet normal -0.14697937457740587 0.12889745204978123 -0.98070510873753935
  outer loop
    vertex -0.18301270189221949 0.18301270189221952 -0.9659258262890682
    vertex -0.092295955641257532 0.092295955641257546 -0.99144486137381038
    vertex -0.10355339059327406 0.079459311298945831 -0.99144486137381038
  endloop
endfacet
facet normal -0.14697937457740604 0.12889745204978106 -0.98070510873753924
  outer loop
    vertex -0.18301270189221949 0.18301270189221952 -0.9659258262890682
    vertex -0.10355339059327406 0.079459311298945831 -0.99144486137381038
    vertex -0.20533495396307286 0.15755905175128326 -0.9659258262890682
  endloop
endfacet
facet normal -0.04927773169775141 0.043215410848600179 -0.99784975493503592
  outer loop
    vertex 0 0 -1
    vertex -0.10355339059327406 0.079459311298945831 -0.99144486137381038
    vertex -0.092295955641257532 0.092295955641257546 -0.99144486137381038
  endloop
endfacet
facet normal -0.054496896895186005 0.036413662338253869 0.99784975493503592
  outer loop
    vertex 0 0 1
    vertex -0.10355339059327373 0.079459311298945581 0.99144486137381038
    vertex -0.11303899832181542 0.065263096110025773 0.99144486137381038
  endloop
endfacet
facet normal -0.16254643925562939 0.10861005838045859 0.98070510873753958
  outer loop
    vertex -0.10355339059327373 0.079459311298945581 0.99144486137381038
    vertex -0.20533495396307264 0.1575590517512831 0.96592582628906831
    vertex -0.22414386804201339 0.12940952255126034 0.96592582628906831
  endloop
endfacet
facet normal -0.1625464392556295 0.10861005838045849 0.98070510873753958
  outer loop
    vertex -0.10355339059327373 0.079459311298945581 0.99144486137381038
    vertex -0.22414386804201339 0.12940952255126034 0.96592582628906831
    vertex -0.11303899832181542 0.065263096110025773 0.99144486137381038
  endloop
endfacet
facet normal -0.26778119129850803 0.17892567166224402 0.94672004183230785
  outer loop
    vertex -0.20533495396307264 0.1575590517512831 0.96592582628906831
    vertex -0.30360317934095893 0.23296291314453424 0.92387953251128674
    vertex -0.3314135740355918 0.19134171618254486 0.92387953251128674
  endloop
endfacet
facet normal -0.26778119129850791 0.17892567166224438 0.94672004183230785
  outer loop
    vertex -0.20533495396307264 0.1575590517512831 0.96592582628906831
    vertex -0.3314135740355918 0.19134171618254486 0.92387953251128674
    vertex -0.22414386804201339 0.12940952255126034 0.96592582628906831
  endloop
endfacet
facet normal -0.36838391852350816 0.24614626491041172 0.89649612650803934
  outer loop
    vertex -0.30360317934095893 0.23296291314453424 0.92387953251128674
    vertex -0.39667667014561747 0.30438071450436038 0.86602540378443871
    vertex -0.4330127018922193 0.24999999999999994 0.86602540378443871
  endloop
endfacet
facet normal -0.36838391852350827 0.24614626491041125 0.89649612650803956
  outer loop
    vertex -0.30360317934095893 0.23296291314453424 0.92387953251128674
    vertex -0.4330127018922193 0.24999999999999994 0.86602540378443871
    vertex -0.3314135740355918 0.19134171618254486 0.92387953251128674
  endloop
endfacet
facet normal -0.4626243234255295 0.30911569029480745 0.83091890421907943
  outer loop
    vertex -0.39667667014561747 0.30438071450436038 0.86602540378443871
    vertex -0.4829629131445341 0.3705904774487398 0.79335334029123517
    vertex -0.52720286236566927 0.30438071450436027 0.79335334029123517
  endloop
endfacet
facet normal -0.46262432342552956 0.30911569029480757 0.83091890421907921
  outer loop
    vertex -0.39667667014561747 0.30438071450436038 0.86602540378443871
    vertex -0.52720286236566927 0.30438071450436027 0.79335334029123517
    vertex -0.4330127018922193 0.24999999999999994 0.86602540378443871
  endloop
endfacet
facet normal -0.54889000573921909 0.36675657640234688 0.75113871905609386
  outer loop
    vertex -0.4829629131445341 0.3705904774487398 0.79335334029123517
    vertex -0.56098552679693092 0.43045933457687952 0.70710678118654757
    vertex -0.61237243569579447 0.35355339059327368 0.70710678118654757
  endloop
endfacet
facet normal -0.54889000573921909 0.36675657640234743 0.75113871905609364
  outer loop
    vertex -0.4829629131445341 0.3705904774487398 0.79335334029123517
    vertex -0.61237243569579447 0.35355339059327368 0.70710678118654757
    vertex -0.52720286236566927 0.30438071450436027 0.79335334029123517
  endloop
endfacet
facet normal -0.62571401825624928 0.41808874044547234 0.65854671244364782
  outer loop
    vertex -0.56098552679693092 0.43045933457687952 0.70710678118654757
    vertex -0.62940952255126026 0.48296291314453432 0.60876142900872066
    vertex -0.68706414686945017 0.39667667014561753 0.60876142900872066
  endloop
endfacet
facet normal -0.6257140182562495 0.41808874044547129 0.65854671244364826
  outer loop
    vertex -0.56098552679693092 0.43045933457687952 0.70710678118654757
    vertex -0.68706414686945017 0.39667667014561753 0.60876142900872066
    vertex -0.61237243569579447 0.35355339059327368 0.70710678118654757
  endloop
endfacet
facet normal -0.69179856033715847 0.46224501976061416 0.55474705372984567
  outer loop
    vertex -0.62940952255126026 0.48296291314453432 0.60876142900872066
    vertex -0.68706414686944994 0.52720286236566938 0.50000000000000011
    vertex -0.75 0.43301270189221924 0.50000000000000011
  endloop
endfacet
facet normal -0.69179856033715847 0.46224501976061477 0.55474705372984523
  outer loop
    vertex -0.62940952255126026 0.48296291314453432 0.60876142900872066
    vertex -0.75 0.43301270189221924 0.50000000000000011
    vertex -0.68706414686945017 0.39667667014561753 0.60876142900872066
  endloop
endfacet
facet normal -0.74603462759262329 0.49848440130547073 0.44152648401637479
  outer loop
    vertex -0.68706414686944994 0.52720286236566938 0.50000000000000011
    vertex -0.73296291314453399 0.56242222444347989 0.38268343236508984
    vertex -0.80010314519126557 0.46193976625564331 0.38268343236508984
  endloop
endfacet
facet normal -0.7460346275926234 0.49848440130547023 0.44152648401637518
  outer loop
    vertex -0.68706414686944994 0.52720286236566938 0.50000000000000011
    vertex -0.80010314519126557 0.46193976625564331 0.38268343236508984
    vertex -0.75 0.43301270189221924 0.50000000000000011
  endloop
endfacet
facet normal -0.78751767754147861 0.52620248911703449 0.32082214388460295
  outer loop
    vertex -0.73296291314453399 0.56242222444347989 0.38268343236508984
    vertex -0.76632048076000359 0.58801838632816272 0.25881904510252074
    vertex -0.83651630373780794 0.4829629131445341 0.25881904510252074
  endloop
endfacet
facet normal -0.78751767754147839 0.52620248911703493 0.32082214388460251
  outer loop
    vertex -0.73296291314453399 0.56242222444347989 0.38268343236508984
    vertex -0.83651630373780794 0.4829629131445341 0.25881904510252074
    vertex -0.80010314519126557 0.46193976625564331 0.38268343236508984
  endloop
endfacet
facet normal -0.8155595482547775 0.54493946809495586 0.19468846746237858
  outer loop
    vertex -0.76632048076000359 0.58801838632816272 0.25881904510252074
    vertex -0.78656609248549292 0.60355339059327395 0.13052619222005171
    vertex -0.85861643640126095 0.49572243068690514 0.13052619222005171
  endloop
endfacet
facet normal -0.81555954825477772 0.54493946809495564 0.19468846746237883
  outer loop
    vertex -0.76632048076000359 0.58801838632816272 0.25881904510252074
    vertex -0.85861643640126095 0.49572243068690514 0.13052619222005171
    vertex -0.83651630373780794 0.4829629131445341 0.25881904510252074
  endloop
endfacet
facet normal -0.82969696280381344 0.55438578649203107 0.065263693197208789
  outer loop
    vertex -0.78656609248549292 0.60355339059327395 0.13052619222005171
    vertex -0.79335334029123505 0.60876142900872088 6.123233995736766e-17
    vertex -0.86602540378443871 0.49999999999999994 6.123233995736766e-17
  endloop
endfacet
facet normal -0.82969696280381344 0.55438578649203119 0.065263693197208802
  outer loop
    vertex -0.78656609248549292 0.60355339059327395 0.13052619222005171
    vertex -0.86602540378443871 0.49999999999999994 6.123233995736766e-17
    vertex -0.85861643640126095 0.49572243068690514 0.13052619222005171
  endloop
endfacet
facet normal -0.82969696280381355 0.55438578649203119 -0.065263693197208802
  outer loop
    vertex -0.79335334029123505 0.60876142900872088 6.123233995736766e-17
    vertex -0.78656609248549292 0.60355339059327395 -0.1305261922200516
    vertex -0.85861643640126095 0.49572243068690514 -0.1305261922200516
  endloop
endfacet
facet normal -0.82969696280381344 0.55438578649203107 -0.065263693197208775
  outer loop
    vertex -0.79335334029123505 0.60876142900872088 6.123233995736766e-17
    vertex -0.85861643640126095 0.49572243068690514 -0.1305261922200516
    vertex -0.86602540378443871 0.49999999999999994 6.123233995736766e-17
  endloop
endfacet
facet normal -0.81555954825477772 0.54493946809495564 -0.19468846746237856
  outer loop
    vertex -0.78656609248549292 0.60355339059327395 -0.1305261922200516
    vertex -0.76632048076000359 0.58801838632816272 -0.25881904510252063
    vertex -0.83651630373780794 0.4829629131445341 -0.25881904510252063
  endloop
endfacet
facet normal -0.8155595482547775 0.54493946809495586 -0.19468846746237878
  outer loop
    vertex -0.78656609248549292 0.60355339059327395 -0.1305261922200516
    vertex -0.83651630373780794 0.4829629131445341 -0.25881904510252063
    vertex -0.85861643640126095 0.49572243068690514 -0.1305261922200516
  endloop
endfacet
facet normal -0.78751767754147861 0.52620248911703493 -0.32082214388460245
  outer loop
    vertex -0.76632048076000359 0.58801838632816272 -0.25881904510252063
    vertex -0.7329629131445341 0.56242222444348 -0.3826834323650895
    vertex -0.80010314519126569 0.46193976625564337 -0.3826834323650895
  endloop
endfacet
facet normal -0.78751767754147883 0.5262024891170346 -0.32082214388460212
  outer loop
    vertex -0.76632048076000359 0.58801838632816272 -0.25881904510252063
    vertex -0.80010314519126569 0.46193976625564337 -0.3826834323650895
    vertex -0.83651630373780794 0.4829629131445341 -0.25881904510252063
  endloop
endfacet
facet normal -0.7460346275926234 0.49848440130547056 -0.44152648401637501
  outer loop
    vertex -0.7329629131445341 0.56242222444348 -0.3826834323650895
    vertex -0.68706414686945005 0.52720286236566938 -0.49999999999999983
    vertex -0.75000000000000011 0.4330127018922193 -0.49999999999999983
  endloop
endfacet
facet normal -0.7460346275926234 0.4984844013054705 -0.44152648401637506
  outer loop
    vertex -0.7329629131445341 0.56242222444348 -0.3826834323650895
    vertex -0.75000000000000011 0.4330127018922193 -0.49999999999999983
    vertex -0.80010314519126569 0.46193976625564337 -0.3826834323650895
  endloop
endfacet
facet normal -0.69179856033715847 0.46224501976061477 -0.55474705372984523
  outer loop
    vertex -0.68706414686945005 0.52720286236566938 -0.49999999999999983
    vertex -0.62940952255126026 0.48296291314453432 -0.60876142900872066
    vertex -0.68706414686945017 0.39667667014561753 -0.60876142900872066
  endloop
endfacet
facet normal -0.6917985603371587 0.46224501976061461 -0.55474705372984501
  outer loop
    vertex -0.68706414686945005 0.52720286236566938 -0.49999999999999983
    vertex -0.68706414686945017 0.39667667014561753 -0.60876142900872066
    vertex -0.75000000000000011 0.4330127018922193 -0.49999999999999983
  endloop
endfacet
facet normal -0.6257140182562495 0.41808874044547201 -0.65854671244364793
  outer loop
    vertex -0.62940952255126026 0.48296291314453432 -0.60876142900872066
    vertex -0.56098552679693092 0.43045933457687963 -0.70710678118654746
    vertex -0.61237243569579458 0.35355339059327373 -0.70710678118654746
  endloop
endfacet
facet normal -0.62571401825624906 0.41808874044547206 -0.65854671244364804
  outer loop
    vertex -0.62940952255126026 0.48296291314453432 -0.60876142900872066
    vertex -0.61237243569579458 0.35355339059327373 -0.70710678118654746
    vertex -0.68706414686945017 0.39667667014561753 -0.60876142900872066
  endloop
endfacet
facet normal -0.54889000573921942 0.36675657640234727 -0.75113871905609353
  outer loop
    vertex -0.56098552679693092 0.43045933457687963 -0.70710678118654746
    vertex -0.48296291314453427 0.37059047744873991 -0.79335334029123505
    vertex -0.52720286236566938 0.30438071450436038 -0.79335334029123505
  endloop
endfacet
facet normal -0.54889000573921909 0.36675657640234738 -0.75113871905609342
  outer loop
    vertex -0.56098552679693092 0.43045933457687963 -0.70710678118654746
    vertex -0.52720286236566938 0.30438071450436038 -0.79335334029123505
    vertex -0.61237243569579458 0.35355339059327373 -0.70710678118654746
  endloop
endfacet
facet normal -0.46262432342552939 0.30911569029480757 -0.83091890421907955
  outer loop
    vertex -0.48296291314453427 0.37059047744873991 -0.79335334029123505
    vertex -0.39667667014561747 0.30438071450436038 -0.86602540378443871
    vertex -0.4330127018922193 0.24999999999999994 -0.86602540378443871
  endloop
endfacet
facet normal -0.46262432342552978 0.30911569029480718 -0.83091890421907932
  outer loop
    vertex -0.48296291314453427 0.37059047744873991 -0.79335334029123505
    vertex -0.4330127018922193 0.24999999999999994 -0.86602540378443871
    vertex -0.52720286236566938 0.30438071450436038 -0.79335334029123505
  endloop
endfacet
facet normal -0.36838391852350838 0.24614626491041192 -0.89649612650803945
  outer loop
    vertex -0.39667667014561747 0.30438071450436038 -0.86602540378443871
    vertex -0.30360317934095898 0.23296291314453429 -0.92387953251128674
    vertex -0.33141357403559191 0.19134171618254492 -0.92387953251128674
  endloop
endfacet
facet normal -0.36838391852350838 0.24614626491041189 -0.89649612650803934
  outer loop
    vertex -0.39667667014561747 0.30438071450436038 -0.86602540378443871
    vertex -0.33141357403559191 0.19134171618254492 -0.92387953251128674
    vertex -0.4330127018922193 0.24999999999999994 -0.86602540378443871
  endloop
endfacet
facet normal -0.26778119129850764 0.17892567166224399 -0.94672004183230796
  outer loop
    vertex -0.30360317934095898 0.23296291314453429 -0.92387953251128674
    vertex -0.20533495396307286 0.15755905175128326 -0.9659258262890682
    vertex -0.22414386804201361 0.12940952255126048 -0.9659258262890682
  endloop
endfacet
facet normal -0.26778119129850758 0.17892567166224402 -0.94672004183230785
  outer loop
    vertex -0.30360317934095898 0.23296291314453429 -0.92387953251128674
    vertex -0.22414386804201361 0.12940952255126048 -0.9659258262890682
    vertex -0.33141357403559191 0.19134171618254492 -0.92387953251128674
  endloop
endfacet
facet normal -0.16254643925563025 0.10861005838045903 -0.98070510873753935
  outer loop
    vertex -0.20533495396307286 0.15755905175128326 -0.9659258262890682
    vertex -0.10355339059327406 0.079459311298945831 -0.99144486137381038
    vertex -0.11303899832181578 0.065263096110025981 -0.99144486137381038
  endloop
endfacet
facet normal -0.16254643925563031 0.10861005838045912 -0.98070510873753935
  outer loop
    vertex -0.20533495396307286 0.15755905175128326 -0.9659258262890682
    vertex -0.11303899832181578 0.065263096110025981 -0.99144486137381038
    vertex -0.22414386804201361 0.12940952255126048 -0.9659258262890682
  endloop
endfacet
facet normal -0.054496896895185866 0.036413662338253695 -0.99784975493503592
  outer loop
    vertex 0 0 -1
    vertex -0.11303899832181578 0.065263096110025981 -0.99144486137381038
    vertex -0.10355339059327406 0.079459311298945831 -0.99144486137381038
  endloop
endfacet
facet normal -0.058783605077349525 0.028988865969525532 0.99784975493503569
  outer loop
    vertex 0 0 1
    vertex -0.11303899832181542 0.065263096110025773 0.99144486137381038
    vertex -0.1205904774487396 0.04995021125231483 0.99144486137381038
  endloop
endfacet
facet normal -0.17533228929180278 0.086464316499849911 0.98070510873753969
  outer loop
    vertex -0.11303899832181542 0.065263096110025773 0.99144486137381038
    vertex -0.22414386804201339 0.12940952255126034 0.96592582628906831
    vertex -0.23911761839433449 0.09904576054128765 0.96592582628906831
  endloop
endfacet
facet normal -0.17533228929180275 0.08646431649985005 0.98070510873753947
  outer loop
    vertex -0.11303899832181542 0.065263096110025773 0.99144486137381038
    vertex -0.23911761839433449 0.09904576054128765 0.96592582628906831
    vertex -0.1205904774487396 0.04995021125231483 0.99144486137381038
  endloop
endfacet
facet normal -0.28884477269795078 0.14244247848904651 0.94672004183230785
  outer loop
    vertex -0.22414386804201339 0.12940952255126034 0.96592582628906831
    vertex -0.3314135740355918 0.19134171618254486 0.92387953251128674
    vertex -0.35355339059327379 0.1464466094067263 0.92387953251128674
  endloop
endfacet
facet normal -0.28884477269795089 0.14244247848904606 0.94672004183230796
  outer loop
    vertex -0.22414386804201339 0.12940952255126034 0.96592582628906831
    vertex -0.35355339059327379 0.1464466094067263 0.92387953251128674
    vertex -0.23911761839433449 0.09904576054128765 0.96592582628906831
  endloop
endfacet
facet normal -0.39736087772082468 0.19595669933180909 0.89649612650803945
  outer loop
    vertex -0.3314135740355918 0.19134171618254486 0.92387953251128674
    vertex -0.4330127018922193 0.24999999999999994 0.86602540378443871
    vertex -0.46193976625564331 0.19134171618254492 0.86602540378443871
  endloop
endfacet
facet normal -0.39736087772082462 0.19595669933180951 0.89649612650803945
  outer loop
    vertex -0.3314135740355918 0.19134171618254486 0.92387953251128674
    vertex -0.46193976625564331 0.19134171618254492 0.86602540378443871
    vertex -0.35355339059327379 0.1464466094067263 0.92387953251128674
  endloop
endfacet
facet normal -0.49901420221643128 0.24608657134769274 0.83091890421907932
  outer loop
    vertex -0.4330127018922193 0.24999999999999994 0.86602540378443871
    vertex -0.52720286236566927 0.30438071450436027 0.79335334029123517
    vertex -0.56242222444347967 0.23296291314453421 0.79335334029123517
  endloop
endfacet
facet normal -0.49901420221643128 0.24608657134769335 0.83091890421907921
  outer loop
    vertex -0.4330127018922193 0.24999999999999994 0.86602540378443871
    vertex -0.56242222444347967 0.23296291314453421 0.79335334029123517
    vertex -0.46193976625564331 0.19134171618254492 0.86602540378443871
  endloop
endfacet
facet normal -0.59206551503905069 0.29197440065237651 0.75113871905609375
  outer loop
    vertex -0.52720286236566927 0.30438071450436027 0.79335334029123517
    vertex -0.61237243569579447 0.35355339059327368 0.70710678118654757
    vertex -0.65328148243818818 0.27059805007309856 0.70710678118654757
  endloop
endfacet
facet normal -0.59206551503905069 0.29197440065237557 0.75113871905609397
  outer loop
    vertex -0.52720286236566927 0.30438071450436027 0.79335334029123517
    vertex -0.65328148243818818 0.27059805007309856 0.70710678118654757
    vertex -0.56242222444347967 0.23296291314453421 0.79335334029123517
  endloop
endfacet
facet normal -0.67493247939014178 0.3328398650912156 0.65854671244364815
  outer loop
    vertex -0.61237243569579447 0.35355339059327368 0.70710678118654757
    vertex -0.68706414686945017 0.39667667014561753 0.60876142900872066
    vertex -0.7329629131445341 0.30360317934095904 0.60876142900872066
  endloop
endfacet
facet normal -0.67493247939014178 0.33283986509121627 0.65854671244364804
  outer loop
    vertex -0.61237243569579447 0.35355339059327368 0.70710678118654757
    vertex -0.7329629131445341 0.30360317934095904 0.60876142900872066
    vertex -0.65328148243818818 0.27059805007309856 0.70710678118654757
  endloop
endfacet
facet normal -0.74621521005411118 0.36799261767317393 0.55474705372984534
  outer loop
    vertex -0.68706414686945017 0.39667667014561753 0.60876142900872066
    vertex -0.75 0.43301270189221924 0.50000000000000011
    vertex -0.80010314519126546 0.33141357403559185 0.50000000000000011
  endloop
endfacet
facet normal -0.74621521005411118 0.36799261767317348 0.55474705372984556
  outer loop
    vertex -0.68706414686945017 0.39667667014561753 0.60876142900872066
    vertex -0.80010314519126546 0.33141357403559185 0.50000000000000011
    vertex -0.7329629131445341 0.30360317934095904 0.60876142900872066
  endloop
endfacet
facet normal -0.80471746871712602 0.39684273894533967 0.44152648401637523
  outer loop
    vertex -0.75 0.43301270189221924 0.50000000000000011
    vertex -0.80010314519126557 0.46193976625564331 0.38268343236508984
    vertex -0.85355339059327373 0.35355339059327384 0.38268343236508984
  endloop
endfacet
facet normal -0.80471746871712591 0.39684273894533978 0.44152648401637506
  outer loop
    vertex -0.75 0.43301270189221924 0.50000000000000011
    vertex -0.85355339059327373 0.35355339059327384 0.38268343236508984
    vertex -0.80010314519126546 0.33141357403559185 0.50000000000000011
  endloop
endfacet
facet normal -0.84946356188069583 0.4189090701217254 0.32082214388460251
  outer loop
    vertex -0.80010314519126557 0.46193976625564331 0.38268343236508984
    vertex -0.83651630373780794 0.4829629131445341 0.25881904510252074
    vertex -0.89239910083252283 0.36964381061438623 0.25881904510252074
  endloop
endfacet
facet normal -0.84946356188069605 0.41890907012172479 0.32082214388460301
  outer loop
    vertex -0.80010314519126557 0.46193976625564331 0.38268343236508984
    vertex -0.89239910083252283 0.36964381061438623 0.25881904510252074
    vertex -0.85355339059327373 0.35355339059327384 0.38268343236508984
  endloop
endfacet
facet normal -0.87971119702240008 0.43382555304012016 0.19468846746237878
  outer loop
    vertex -0.83651630373780794 0.4829629131445341 0.25881904510252074
    vertex -0.85861643640126095 0.49572243068690514 0.13052619222005171
    vertex -0.9159756150367534 0.37940952255126048 0.13052619222005171
  endloop
endfacet
facet normal -0.87971119702240008 0.4338255530401206 0.19468846746237842
  outer loop
    vertex -0.83651630373780794 0.4829629131445341 0.25881904510252074
    vertex -0.9159756150367534 0.37940952255126048 0.13052619222005171
    vertex -0.89239910083252283 0.36964381061438623 0.25881904510252074
  endloop
endfacet
facet normal -0.8949606560010217 0.4413457539848793 0.065263693197208761
  outer loop
    vertex -0.85861643640126095 0.49572243068690514 0.13052619222005171
    vertex -0.86602540378443871 0.49999999999999994 6.123233995736766e-17
    vertex -0.92387953251128674 0.38268343236508989 6.123233995736766e-17
  endloop
endfacet
facet normal -0.89496065600102159 0.44134575398487941 0.065263693197208636
  outer loop
    vertex -0.85861643640126095 0.49572243068690514 0.13052619222005171
    vertex -0.92387953251128674 0.38268343236508989 6.123233995736766e-17
    vertex -0.9159756150367534 0.37940952255126048 0.13052619222005171
  endloop
endfacet
facet normal -0.89496065600102159 0.44134575398487941 -0.065263693197208761
  outer loop
    vertex -0.86602540378443871 0.49999999999999994 6.123233995736766e-17
    vertex -0.85861643640126095 0.49572243068690514 -0.1305261922200516
    vertex -0.9159756150367534 0.37940952255126048 -0.1305261922200516
  endloop
endfacet
facet normal -0.8949606560010217 0.44134575398487935 -0.06526369319720865
  outer loop
    vertex -0.86602540378443871 0.49999999999999994 6.123233995736766e-17
    vertex -0.9159756150367534 0.37940952255126048 -0.1305261922200516
    vertex -0.92387953251128674 0.38268343236508989 6.123233995736766e-17
  endloop
endfacet
facet normal -0.87971119702239986 0.43382555304012055 -0.19468846746237878
  outer loop
    vertex -0.85861643640126095 0.49572243068690514 -0.1305261922200516
    vertex -0.83651630373780794 0.4829629131445341 -0.25881904510252063
    vertex -0.89239910083252283 0.36964381061438623 -0.25881904510252063
  endloop
endfacet
facet normal -0.87971119702240008 0.43382555304012022 -0.19468846746237842
  outer loop
    vertex -0.85861643640126095 0.49572243068690514 -0.1305261922200516
    vertex -0.89239910083252283 0.36964381061438623 -0.25881904510252063
    vertex -0.9159756150367534 0.37940952255126048 -0.1305261922200516
  endloop
endfacet
facet normal -0.84946356188069627 0.41890907012172501 -0.32082214388460217
  outer loop
    vertex -0.83651630373780794 0.4829629131445341 -0.25881904510252063
    vertex -0.80010314519126569 0.46193976625564337 -0.3826834323650895
    vertex -0.85355339059327384 0.3535533905932739 -0.3826834323650895
  endloop
endfacet
facet normal -0.84946356188069583 0.4189090701217254 -0.32082214388460267
  outer loop
    vertex -0.83651630373780794 0.4829629131445341 -0.25881904510252063
    vertex -0.85355339059327384 0.3535533905932739 -0.3826834323650895
    vertex -0.89239910083252283 0.36964381061438623 -0.25881904510252063
  endloop
endfacet
facet normal -0.80471746871712602 0.39684273894533983 -0.44152648401637501
  outer loop
    vertex -0.80010314519126569 0.46193976625564337 -0.3826834323650895
    vertex -0.75000000000000011 0.4330127018922193 -0.49999999999999983
    vertex -0.80010314519126557 0.33141357403559191 -0.49999999999999983
  endloop
endfacet
facet normal -0.80471746871712602 0.39684273894533972 -0.4415264840163749
  outer loop
    vertex -0.80010314519126569 0.46193976625564337 -0.3826834323650895
    vertex -0.80010314519126557 0.33141357403559191 -0.49999999999999983
    vertex -0.85355339059327384 0.3535533905932739 -0.3826834323650895
  endloop
endfacet
facet normal -0.74621521005411162 0.36799261767317359 -0.55474705372984501
  outer loop
    vertex -0.75000000000000011 0.4330127018922193 -0.49999999999999983
    vertex -0.68706414686945017 0.39667667014561753 -0.60876142900872066
    vertex -0.7329629131445341 0.30360317934095904 -0.60876142900872066
  endloop
endfacet
facet normal -0.7462152100541114 0.36799261767317387 -0.55474705372984523
  outer loop
    vertex -0.75000000000000011 0.4330127018922193 -0.49999999999999983
    vertex -0.7329629131445341 0.30360317934095904 -0.60876142900872066
    vertex -0.80010314519126557 0.33141357403559191 -0.49999999999999983
  endloop
endfacet
facet normal -0.67493247939014178 0.33283986509121605 -0.65854671244364804
  outer loop
    vertex -0.68706414686945017 0.39667667014561753 -0.60876142900872066
    vertex -0.61237243569579458 0.35355339059327373 -0.70710678118654746
    vertex -0.65328148243818829 0.27059805007309862 -0.70710678118654746
  endloop
endfacet
facet normal -0.67493247939014211 0.33283986509121577 -0.65854671244364782
  outer loop
    vertex -0.68706414686945017 0.39667667014561753 -0.60876142900872066
    vertex -0.65328148243818829 0.27059805007309862 -0.70710678118654746
    vertex -0.7329629131445341 0.30360317934095904 -0.60876142900872066
  endloop
endfacet
facet normal -0.5920655150390508 0.29197440065237645 -0.75113871905609353
  outer loop
    vertex -0.61237243569579458 0.35355339059327373 -0.70710678118654746
    vertex -0.52720286236566938 0.30438071450436038 -0.79335334029123505
    vertex -0.56242222444347989 0.23296291314453429 -0.79335334029123505
  endloop
endfacet
facet normal -0.5920655150390508 0.29197440065237651 -0.75113871905609353
  outer loop
    vertex -0.61237243569579458 0.35355339059327373 -0.70710678118654746
    vertex -0.56242222444347989 0.23296291314453429 -0.79335334029123505
    vertex -0.65328148243818829 0.27059805007309862 -0.70710678118654746
  endloop
endfacet
facet normal -0.49901420221643106 0.24608657134769329 -0.83091890421907932
  outer loop
    vertex -0.52720286236566938 0.30438071450436038 -0.79335334029123505
    vertex -0.4330127018922193 0.24999999999999994 -0.86602540378443871
    vertex -0.46193976625564331 0.19134171618254492 -0.86602540378443871
  endloop
endfacet
facet normal -0.499014202216431 0.24608657134769338 -0.83091890421907943
  outer loop
    vertex -0.52720286236566938 0.30438071450436038 -0.79335334029123505
    vertex -0.46193976625564331 0.19134171618254492 -0.86602540378443871
    vertex -0.56242222444347989 0.23296291314453429 -0.79335334029123505
  endloop
endfacet
facet normal -0.39736087772082501 0.19595669933180918 -0.89649612650803934
  outer loop
    vertex -0.4330127018922193 0.24999999999999994 -0.86602540378443871
    vertex -0.33141357403559191 0.19134171618254492 -0.92387953251128674
    vertex -0.35355339059327384 0.14644660940672632 -0.92387953251128674
  endloop
endfacet
facet normal -0.39736087772082496 0.1959566993318092 -0.89649612650803934
  outer loop
    vertex -0.4330127018922193 0.24999999999999994 -0.86602540378443871
    vertex -0.35355339059327384 0.14644660940672632 -0.92387953251128674
    vertex -0.46193976625564331 0.19134171618254492 -0.86602540378443871
  endloop
endfacet
facet normal -0.28884477269795045 0.14244247848904612 -0.94672004183230796
  outer loop
    vertex -0.33141357403559191 0.19134171618254492 -0.92387953251128674
    vertex -0.22414386804201361 0.12940952255126048 -0.9659258262890682
    vertex -0.23911761839433476 0.099045760541287747 -0.9659258262890682
  endloop
endfacet
facet normal -0.28884477269795072 0.14244247848904601 -0.94672004183230796
  outer loop
    vertex -0.33141357403559191 0.19134171618254492 -0.92387953251128674
    vertex -0.23911761839433476 0.099045760541287747 -0.9659258262890682
    vertex -0.35355339059327384 0.14644660940672632 -0.92387953251128674
  endloop
endfacet
facet normal -0.17533228929180364 0.086464316499850563 -0.98070510873753947
  outer loop
    vertex -0.22414386804201361 0.12940952255126048 -0.9659258262890682
    vertex -0.11303899832181578 0.065263096110025981 -0.99144486137381038
    vertex -0.12059047744873999 0.04995021125231499 -0.99144486137381038
  endloop
endfacet
facet normal -0.17533228929180369 0.086464316499850521 -0.98070510873753947
  outer loop
    vertex -0.22414386804201361 0.12940952255126048 -0.9659258262890682
    vertex -0.12059047744873999 0.04995021125231499 -0.99144486137381038
    vertex -0.23911761839433476 0.099045760541287747 -0.9659258262890682
  endloop
endfacet
facet normal -0.058783605077349338 0.028988865969525452 -0.99784975493503592
  outer loop
    vertex 0 0 -1
    vertex -0.12059047744873999 0.04995021125231499 -0.99144486137381038
    vertex -0.11303899832181578 0.065263096110025981 -0.99144486137381038
  endloop
endfacet
facet normal -0.062064509478745249 0.021068062066826307 0.99784975493503592
  outer loop
    vertex 0 0 1
    vertex -0.1205904774487396 0.04995021125231483 0.99144486137381038
    vertex -0.12607862007251905 0.033782664431261857 0.99144486137381038
  endloop
endfacet
facet normal -0.18511815524689909 0.062839146191491418 0.98070510873753947
  outer loop
    vertex -0.1205904774487396 0.04995021125231483 0.99144486137381038
    vertex -0.23911761839433449 0.09904576054128765 0.96592582628906831
    vertex -0.24999999999999994 0.066987298107780743 0.96592582628906831
  endloop
endfacet
facet normal -0.18511815524689906 0.062839146191491252 0.98070510873753947
  outer loop
    vertex -0.1205904774487396 0.04995021125231483 0.99144486137381038
    vertex -0.24999999999999994 0.066987298107780743 0.96592582628906831
    vertex -0.12607862007251905 0.033782664431261857 0.99144486137381038
  endloop
endfacet
facet normal -0.30496613995363148 0.10352205501638435 0.94672004183230796
  outer loop
    vertex -0.23911761839433449 0.09904576054128765 0.96592582628906831
    vertex -0.35355339059327379 0.1464466094067263 0.92387953251128674
    vertex -0.36964381061438611 0.09904576054128772 0.92387953251128674
  endloop
endfacet
facet normal -0.30496613995363148 0.10352205501638448 0.94672004183230796
  outer loop
    vertex -0.23911761839433449 0.09904576054128765 0.96592582628906831
    vertex -0.36964381061438611 0.09904576054128772 0.92387953251128674
    vertex -0.24999999999999994 0.066987298107780743 0.96592582628906831
  endloop
endfacet
facet normal -0.41953888213108936 0.14241426029817805 0.89649612650803945
  outer loop
    vertex -0.35355339059327379 0.1464466094067263 0.92387953251128674
    vertex -0.46193976625564331 0.19134171618254492 0.86602540378443871
    vertex -0.48296291314453405 0.12940952255126048 0.86602540378443871
  endloop
endfacet
facet normal -0.41953888213108936 0.14241426029817802 0.89649612650803945
  outer loop
    vertex -0.35355339059327379 0.1464466094067263 0.92387953251128674
    vertex -0.48296291314453405 0.12940952255126048 0.86602540378443871
    vertex -0.36964381061438611 0.09904576054128772 0.92387953251128674
  endloop
endfacet
facet normal -0.52686580965453467 0.17884684293673236 0.83091890421907921
  outer loop
    vertex -0.46193976625564331 0.19134171618254492 0.86602540378443871
    vertex -0.56242222444347967 0.23296291314453421 0.79335334029123517
    vertex -0.58801838632816239 0.15755905175128321 0.79335334029123517
  endloop
endfacet
facet normal -0.52686580965453478 0.17884684293673242 0.83091890421907921
  outer loop
    vertex -0.46193976625564331 0.19134171618254492 0.86602540378443871
    vertex -0.58801838632816239 0.15755905175128321 0.79335334029123517
    vertex -0.48296291314453405 0.12940952255126048 0.86602540378443871
  endloop
endfacet
facet normal -0.62511061922499167 0.21219646195664527 0.75113871905609397
  outer loop
    vertex -0.56242222444347967 0.23296291314453421 0.79335334029123517
    vertex -0.65328148243818818 0.27059805007309856 0.70710678118654757
    vertex -0.68301270189221919 0.18301270189221949 0.70710678118654757
  endloop
endfacet
facet normal -0.62511061922499156 0.21219646195664532 0.75113871905609386
  outer loop
    vertex -0.56242222444347967 0.23296291314453421 0.79335334029123517
    vertex -0.68301270189221919 0.18301270189221949 0.70710678118654757
    vertex -0.58801838632816239 0.15755905175128321 0.79335334029123517
  endloop
endfacet
facet normal -0.71260265867503358 0.2418960073646044 0.65854671244364793
  outer loop
    vertex -0.65328148243818818 0.27059805007309856 0.70710678118654757
    vertex -0.7329629131445341 0.30360317934095904 0.60876142900872066
    vertex -0.76632048076000359 0.20533495396307289 0.60876142900872066
  endloop
endfacet
facet normal -0.7126026586750337 0.24189600736460459 0.65854671244364793
  outer loop
    vertex -0.65328148243818818 0.27059805007309856 0.70710678118654757
    vertex -0.76632048076000359 0.20533495396307289 0.60876142900872066
    vertex -0.68301270189221919 0.18301270189221949 0.70710678118654757
  endloop
endfacet
facet normal -0.7878639106370956 0.26744375987051644 0.55474705372984556
  outer loop
    vertex -0.7329629131445341 0.30360317934095904 0.60876142900872066
    vertex -0.80010314519126546 0.33141357403559185 0.50000000000000011
    vertex -0.83651630373780783 0.22414386804201358 0.50000000000000011
  endloop
endfacet
facet normal -0.7878639106370956 0.26744375987051594 0.5547470537298459
  outer loop
    vertex -0.7329629131445341 0.30360317934095904 0.60876142900872066
    vertex -0.83651630373780783 0.22414386804201358 0.50000000000000011
    vertex -0.76632048076000359 0.20533495396307289 0.60876142900872066
  endloop
endfacet
facet normal -0.84963137084204565 0.2884109872962608 0.44152648401637512
  outer loop
    vertex -0.80010314519126546 0.33141357403559185 0.50000000000000011
    vertex -0.85355339059327373 0.35355339059327384 0.38268343236508984
    vertex -0.89239910083252272 0.23911761839433476 0.38268343236508984
  endloop
endfacet
facet normal -0.84963137084204565 0.28841098729626091 0.44152648401637495
  outer loop
    vertex -0.80010314519126546 0.33141357403559185 0.50000000000000011
    vertex -0.89239910083252272 0.23911761839433476 0.38268343236508984
    vertex -0.83651630373780783 0.22414386804201358 0.50000000000000011
  endloop
endfacet
facet normal -0.89687488916034108 0.30444800079309581 0.32082214388460301
  outer loop
    vertex -0.85355339059327373 0.35355339059327384 0.38268343236508984
    vertex -0.89239910083252283 0.36964381061438623 0.25881904510252074
    vertex -0.9330127018922193 0.25000000000000028 0.25881904510252074
  endloop
endfacet
facet normal -0.89687488916034108 0.30444800079309603 0.3208221438846029
  outer loop
    vertex -0.85355339059327373 0.35355339059327384 0.38268343236508984
    vertex -0.9330127018922193 0.25000000000000028 0.25881904510252074
    vertex -0.89239910083252272 0.23911761839433476 0.38268343236508984
  endloop
endfacet
facet normal -0.92881074330694724 0.31528876249360133 0.19468846746237839
  outer loop
    vertex -0.89239910083252283 0.36964381061438623 0.25881904510252074
    vertex -0.9159756150367534 0.37940952255126048 0.13052619222005171
    vertex -0.9576621969425485 0.25660481229257093 0.13052619222005171
  endloop
endfacet
facet normal -0.92881074330694735 0.31528876249360094 0.19468846746237872
  outer loop
    vertex -0.89239910083252283 0.36964381061438623 0.25881904510252074
    vertex -0.9576621969425485 0.25660481229257093 0.13052619222005171
    vertex -0.9330127018922193 0.25000000000000028 0.25881904510252074
  endloop
endfacet
facet normal -0.94491132424408142 0.32075417326288547 0.06526369319720865
  outer loop
    vertex -0.9159756150367534 0.37940952255126048 0.13052619222005171
    vertex -0.92387953251128674 0.38268343236508989 6.123233995736766e-17
    vertex -0.9659258262890682 0.25881904510252102 6.123233995736766e-17
  endloop
endfacet
facet normal -0.94491132424408131 0.32075417326288586 0.065263693197208206
  outer loop
    vertex -0.9159756150367534 0.37940952255126048 0.13052619222005171
    vertex -0.9659258262890682 0.25881904510252102 6.123233995736766e-17
    vertex -0.9576621969425485 0.25660481229257093 0.13052619222005171
  endloop
endfacet
facet normal -0.94491132424408109 0.32075417326288591 -0.06526369319720865
  outer loop
    vertex -0.92387953251128674 0.38268343236508989 6.123233995736766e-17
    vertex -0.9159756150367534 0.37940952255126048 -0.1305261922200516
    vertex -0.9576621969425485 0.25660481229257093 -0.1305261922200516
  endloop
endfacet
facet normal -0.94491132424408142 0.32075417326288547 -0.06526369319720822
  outer loop
    vertex -0.92387953251128674 0.38268343236508989 6.123233995736766e-17
    vertex -0.9576621969425485 0.25660481229257093 -0.1305261922200516
    vertex -0.9659258262890682 0.25881904510252102 6.123233995736766e-17
  endloop
endfacet
facet normal -0.92881074330694746 0.31528876249360099 -0.19468846746237842
  outer loop
    vertex -0.9159756150367534 0.37940952255126048 -0.1305261922200516
    vertex -0.89239910083252283 0.36964381061438623 -0.25881904510252063
    vertex -0.9330127018922193 0.25000000000000028 -0.25881904510252063
  endloop
endfacet
facet normal -0.92881074330694724 0.31528876249360127 -0.19468846746237872
  outer loop
    vertex -0.9159756150367534 0.37940952255126048 -0.1305261922200516
    vertex -0.9330127018922193 0.25000000000000028 -0.25881904510252063
    vertex -0.9576621969425485 0.25660481229257093 -0.1305261922200516
  endloop
endfacet
facet normal -0.8968748891603413 0.30444800079309603 -0.32082214388460273
  outer loop
    vertex -0.89239910083252283 0.36964381061438623 -0.25881904510252063
    vertex -0.85355339059327384 0.3535533905932739 -0.3826834323650895
    vertex -0.89239910083252283 0.23911761839433479 -0.3826834323650895
  endloop
endfacet
facet normal -0.8968748891603413 0.30444800079309592 -0.32082214388460262
  outer loop
    vertex -0.89239910083252283 0.36964381061438623 -0.25881904510252063
    vertex -0.89239910083252283 0.23911761839433479 -0.3826834323650895
    vertex -0.9330127018922193 0.25000000000000028 -0.25881904510252063
  endloop
endfacet
facet normal -0.84963137084204576 0.28841098729626086 -0.4415264840163749
  outer loop
    vertex -0.85355339059327384 0.3535533905932739 -0.3826834323650895
    vertex -0.80010314519126557 0.33141357403559191 -0.49999999999999983
    vertex -0.83651630373780794 0.22414386804201361 -0.49999999999999983
  endloop
endfacet
facet normal -0.84963137084204576 0.28841098729626069 -0.44152648401637479
  outer loop
    vertex -0.85355339059327384 0.3535533905932739 -0.3826834323650895
    vertex -0.83651630373780794 0.22414386804201361 -0.49999999999999983
    vertex -0.89239910083252283 0.23911761839433479 -0.3826834323650895
  endloop
endfacet
facet normal -0.78786391063709593 0.26744375987051605 -0.55474705372984523
  outer loop
    vertex -0.80010314519126557 0.33141357403559191 -0.49999999999999983
    vertex -0.7329629131445341 0.30360317934095904 -0.60876142900872066
    vertex -0.76632048076000359 0.20533495396307289 -0.60876142900872066
  endloop
endfacet
facet normal -0.7878639106370956 0.26744375987051644 -0.55474705372984556
  outer loop
    vertex -0.80010314519126557 0.33141357403559191 -0.49999999999999983
    vertex -0.76632048076000359 0.20533495396307289 -0.60876142900872066
    vertex -0.83651630373780794 0.22414386804201361 -0.49999999999999983
  endloop
endfacet
facet normal -0.7126026586750337 0.24189600736460459 -0.65854671244364771
  outer loop
    vertex -0.7329629131445341 0.30360317934095904 -0.60876142900872066
    vertex -0.65328148243818829 0.27059805007309862 -0.70710678118654746
    vertex -0.6830127018922193 0.18301270189221952 -0.70710678118654746
  endloop
endfacet
facet normal -0.71260265867503381 0.24189600736460445 -0.65854671244364782
  outer loop
    vertex -0.7329629131445341 0.30360317934095904 -0.60876142900872066
    vertex -0.6830127018922193 0.18301270189221952 -0.70710678118654746
    vertex -0.76632048076000359 0.20533495396307289 -0.60876142900872066
  endloop
endfacet
facet normal -0.625110619224992 0.21219646195664532 -0.75113871905609353
  outer loop
    vertex -0.65328148243818829 0.27059805007309862 -0.70710678118654746
    vertex -0.56242222444347989 0.23296291314453429 -0.79335334029123505
    vertex -0.58801838632816261 0.15755905175128326 -0.79335334029123505
  endloop
endfacet
facet normal -0.62511061922499189 0.21219646195664538 -0.75113871905609364
  outer loop
    vertex -0.65328148243818829 0.27059805007309862 -0.70710678118654746
    vertex -0.58801838632816261 0.15755905175128326 -0.79335334029123505
    vertex -0.6830127018922193 0.18301270189221952 -0.70710678118654746
  endloop
endfacet
facet normal -0.52686580965453456 0.17884684293673239 -0.83091890421907955
  outer loop
    vertex -0.56242222444347989 0.23296291314453429 -0.79335334029123505
    vertex -0.46193976625564331 0.19134171618254492 -0.86602540378443871
    vertex -0.48296291314453405 0.12940952255126048 -0.86602540378443871
  endloop
endfacet
facet normal -0.52686580965453444 0.17884684293673228 -0.83091890421907932
  outer loop
    vertex -0.56242222444347989 0.23296291314453429 -0.79335334029123505
    vertex -0.48296291314453405 0.12940952255126048 -0.86602540378443871
    vertex -0.58801838632816261 0.15755905175128326 -0.79335334029123505
  endloop
endfacet
facet normal -0.41953888213108931 0.14241426029817855 -0.89649612650803934
  outer loop
    vertex -0.46193976625564331 0.19134171618254492 -0.86602540378443871
    vertex -0.35355339059327384 0.14644660940672632 -0.92387953251128674
    vertex -0.36964381061438623 0.099045760541287747 -0.92387953251128674
  endloop
endfacet
facet normal -0.4195388821310897 0.14241426029817816 -0.89649612650803934
  outer loop
    vertex -0.46193976625564331 0.19134171618254492 -0.86602540378443871
    vertex -0.36964381061438623 0.099045760541287747 -0.92387953251128674
    vertex -0.48296291314453405 0.12940952255126048 -0.86602540378443871
  endloop
endfacet
facet normal -0.30496613995363125 0.10352205501638423 -0.94672004183230796
  outer loop
    vertex -0.35355339059327384 0.14644660940672632 -0.92387953251128674
    vertex -0.23911761839433476 0.099045760541287747 -0.9659258262890682
    vertex -0.25000000000000022 0.066987298107780813 -0.9659258262890682
  endloop
endfacet
facet normal -0.30496613995363103 0.10352205501638466 -0.94672004183230785
  outer loop
    vertex -0.35355339059327384 0.14644660940672632 -0.92387953251128674
    vertex -0.25000000000000022 0.066987298107780813 -0.9659258262890682
    vertex -0.36964381061438623 0.099045760541287747 -0.92387953251128674
  endloop
endfacet
facet normal -0.18511815524690012 0.062839146191491696 -0.98070510873753935
  outer loop
    vertex -0.23911761839433476 0.099045760541287747 -0.9659258262890682
    vertex -0.12059047744873999 0.04995021125231499 -0.99144486137381038
    vertex -0.12607862007251947 0.033782664431261961 -0.99144486137381038
  endloop
endfacet
facet normal -0.18511815524690006 0.062839146191491724 -0.98070510873753947
  outer loop
    vertex -0.23911761839433476 0.099045760541287747 -0.9659258262890682
    vertex -0.12607862007251947 0.033782664431261961 -0.99144486137381038
    vertex -0.25000000000000022 0.066987298107780813 -0.9659258262890682
  endloop
endfacet
facet normal -0.062064509478745034 0.021068062066826352 -0.99784975493503592
  outer loop
    vertex 0 0 -1
    vertex -0.12607862007251947 0.033782664431261961 -0.99144486137381038
    vertex -0.12059047744873999 0.04995021125231499 -0.99144486137381038
  endloop
endfacet
facet normal -0.064283472915426645 0.012786777780993764 0.99784975493503592
  outer loop
    vertex 0 0 1
    vertex -0.12607862007251905 0.033782664431261857 0.99144486137381038
    vertex -0.12940952255126037 0.017037086855465906 0.99144486137381038
  endloop
endfacet
facet normal -0.19173659824127184 0.038138780669493944 0.98070510873753947
  outer loop
    vertex -0.12607862007251905 0.033782664431261857 0.99144486137381038
    vertex -0.24999999999999994 0.066987298107780743 0.96592582628906831
    vertex -0.25660481229257065 0.033782664431261926 0.96592582628906831
  endloop
endfacet
facet normal -0.19173659824127187 0.038138780669494152 0.98070510873753969
  outer loop
    vertex -0.12607862007251905 0.033782664431261857 0.99144486137381038
    vertex -0.25660481229257065 0.033782664431261926 0.96592582628906831
    vertex -0.12940952255126037 0.017037086855465906 0.99144486137381038
  endloop
endfacet
facet normal -0.31586945200211758 0.062830340480656582 0.94672004183230785
  outer loop
    vertex -0.24999999999999994 0.066987298107780743 0.96592582628906831
    vertex -0.36964381061438611 0.09904576054128772 0.92387953251128674
    vertex -0.37940952255126037 0.049950211252314976 0.92387953251128674
  endloop
endfacet
facet normal -0.31586945200211758 0.062830340480656749 0.94672004183230785
  outer loop
    vertex -0.24999999999999994 0.066987298107780743 0.96592582628906831
    vertex -0.37940952255126037 0.049950211252314976 0.92387953251128674
    vertex -0.25660481229257065 0.033782664431261926 0.96592582628906831
  endloop
endfacet
facet normal -0.43453845994993762 0.08643507378615306 0.89649612650803945
  outer loop
    vertex -0.36964381061438611 0.09904576054128772 0.92387953251128674
    vertex -0.48296291314453405 0.12940952255126048 0.86602540378443871
    vertex -0.49572243068690514 0.065263096110025981 0.86602540378443871
  endloop
endfacet
facet normal -0.43453845994993756 0.086435073786152811 0.89649612650803945
  outer loop
    vertex -0.36964381061438611 0.09904576054128772 0.92387953251128674
    vertex -0.49572243068690514 0.065263096110025981 0.86602540378443871
    vertex -0.37940952255126037 0.049950211252314976 0.92387953251128674
  endloop
endfacet
facet normal -0.54570259701464985 0.10854699545741198 0.83091890421907921
  outer loop
    vertex -0.48296291314453405 0.12940952255126048 0.86602540378443871
    vertex -0.58801838632816239 0.15755905175128321 0.79335334029123517
    vertex -0.60355339059327373 0.079459311298945803 0.79335334029123517
  endloop
endfacet
facet normal -0.54570259701464974 0.10854699545741185 0.83091890421907921
  outer loop
    vertex -0.48296291314453405 0.12940952255126048 0.86602540378443871
    vertex -0.60355339059327373 0.079459311298945803 0.79335334029123517
    vertex -0.49572243068690514 0.065263096110025981 0.86602540378443871
  endloop
endfacet
facet normal -0.64745990740258641 0.12878778296486293 0.75113871905609397
  outer loop
    vertex -0.58801838632816239 0.15755905175128321 0.79335334029123517
    vertex -0.68301270189221919 0.18301270189221949 0.70710678118654757
    vertex -0.7010573846499778 0.092295955641257532 0.70710678118654757
  endloop
endfacet
facet normal -0.64745990740258641 0.12878778296486315 0.75113871905609386
  outer loop
    vertex -0.58801838632816239 0.15755905175128321 0.79335334029123517
    vertex -0.7010573846499778 0.092295955641257532 0.70710678118654757
    vertex -0.60355339059327373 0.079459311298945803 0.79335334029123517
  endloop
endfacet
facet normal -0.73808000889921277 0.14681324188574205 0.65854671244364793
  outer loop
    vertex -0.68301270189221919 0.18301270189221949 0.70710678118654757
    vertex -0.76632048076000359 0.20533495396307289 0.60876142900872066
    vertex -0.78656609248549303 0.10355339059327408 0.60876142900872066
  endloop
endfacet
facet normal -0.73808000889921266 0.14681324188574188 0.65854671244364793
  outer loop
    vertex -0.68301270189221919 0.18301270189221949 0.70710678118654757
    vertex -0.78656609248549303 0.10355339059327408 0.60876142900872066
    vertex -0.7010573846499778 0.092295955641257532 0.70710678118654757
  endloop
endfacet
facet normal -0.81603204127193563 0.16231886518705541 0.5547470537298459
  outer loop
    vertex -0.76632048076000359 0.20533495396307289 0.60876142900872066
    vertex -0.83651630373780783 0.22414386804201358 0.50000000000000011
    vertex -0.85861643640126084 0.11303899832181577 0.50000000000000011
  endloop
endfacet
facet normal -0.81603204127193585 0.16231886518705618 0.55474705372984545
  outer loop
    vertex -0.76632048076000359 0.20533495396307289 0.60876142900872066
    vertex -0.85861643640126084 0.11303899832181577 0.50000000000000011
    vertex -0.78656609248549303 0.10355339059327408 0.60876142900872066
  endloop
endfacet
facet normal -0.88000784464953918 0.1750444436919103 0.44152648401637495
  outer loop
    vertex -0.83651630373780783 0.22414386804201358 0.50000000000000011
    vertex -0.89239910083252272 0.23911761839433476 0.38268343236508984
    vertex -0.9159756150367534 0.12059047744873999 0.38268343236508984
  endloop
endfacet
facet normal -0.88000784464953907 0.17504444369190997 0.44152648401637523
  outer loop
    vertex -0.83651630373780783 0.22414386804201358 0.50000000000000011
    vertex -0.9159756150367534 0.12059047744873999 0.38268343236508984
    vertex -0.85861643640126084 0.11303899832181577 0.50000000000000011
  endloop
endfacet
facet normal -0.92894043842575602 0.18477774176196513 0.32082214388460278
  outer loop
    vertex -0.89239910083252272 0.23911761839433476 0.38268343236508984
    vertex -0.9330127018922193 0.25000000000000028 0.25881904510252074
    vertex -0.95766219694254862 0.12607862007251947 0.25881904510252074
  endloop
endfacet
facet normal -0.92894043842575591 0.18477774176196476 0.32082214388460306
  outer loop
    vertex -0.89239910083252272 0.23911761839433476 0.38268343236508984
    vertex -0.95766219694254862 0.12607862007251947 0.25881904510252074
    vertex -0.9159756150367534 0.12059047744873999 0.38268343236508984
  endloop
endfacet
facet normal -0.96201808025852409 0.19135729380625732 0.19468846746237875
  outer loop
    vertex -0.9330127018922193 0.25000000000000028 0.25881904510252074
    vertex -0.9576621969425485 0.25660481229257093 0.13052619222005171
    vertex -0.9829629131445341 0.12940952255126076 0.13052619222005171
  endloop
endfacet
facet normal -0.96201808025852409 0.19135729380625746 0.19468846746237864
  outer loop
    vertex -0.9330127018922193 0.25000000000000028 0.25881904510252074
    vertex -0.9829629131445341 0.12940952255126076 0.13052619222005171
    vertex -0.95766219694254862 0.12607862007251947 0.25881904510252074
  endloop
endfacet
facet normal -0.97869429775041183 0.19467439970650696 0.065263693197208192
  outer loop
    vertex -0.9576621969425485 0.25660481229257093 0.13052619222005171
    vertex -0.9659258262890682 0.25881904510252102 6.123233995736766e-17
    vertex -0.99144486137381038 0.13052619222005199 6.123233995736766e-17
  endloop
endfacet
facet normal -0.97869429775041183 0.1946743997065068 0.065263693197208372
  outer loop
    vertex -0.9576621969425485 0.25660481229257093 0.13052619222005171
    vertex -0.99144486137381038 0.13052619222005199 6.123233995736766e-17
    vertex -0.9829629131445341 0.12940952255126076 0.13052619222005171
  endloop
endfacet
facet normal -0.97869429775041183 0.19467439970650682 -0.065263693197208192
  outer loop
    vertex -0.9659258262890682 0.25881904510252102 6.123233995736766e-17
    vertex -0.9576621969425485 0.25660481229257093 -0.1305261922200516
    vertex -0.9829629131445341 0.12940952255126076 -0.1305261922200516
  endloop
endfacet
facet normal -0.97869429775041183 0.19467439970650696 -0.065263693197208358
  outer loop
    vertex -0.9659258262890682 0.25881904510252102 6.123233995736766e-17
    vertex -0.9829629131445341 0.12940952255126076 -0.1305261922200516
    vertex -0.99144486137381038 0.13052619222005199 6.123233995736766e-17
  endloop
endfacet
facet normal -0.96201808025852387 0.19135729380625743 -0.19468846746237872
  outer loop
    vertex -0.9576621969425485 0.25660481229257093 -0.1305261922200516
    vertex -0.9330127018922193 0.25000000000000028 -0.25881904510252063
    vertex -0.95766219694254862 0.12607862007251947 -0.25881904510252063
  endloop
endfacet
facet normal -0.96201808025852409 0.19135729380625732 -0.19468846746237861
  outer loop
    vertex -0.9576621969425485 0.25660481229257093 -0.1305261922200516
    vertex -0.95766219694254862 0.12607862007251947 -0.25881904510252063
    vertex -0.9829629131445341 0.12940952255126076 -0.1305261922200516
  endloop
endfacet
facet normal -0.92894043842575613 0.18477774176196482 -0.32082214388460256
  outer loop
    vertex -0.9330127018922193 0.25000000000000028 -0.25881904510252063
    vertex -0.89239910083252283 0.23911761839433479 -0.3826834323650895
    vertex -0.91597561503675351 0.12059047744874 -0.3826834323650895
  endloop
endfacet
facet normal -0.92894043842575591 0.1847777417619651 -0.3208221438846029
  outer loop
    vertex -0.9330127018922193 0.25000000000000028 -0.25881904510252063
    vertex -0.91597561503675351 0.12059047744874 -0.3826834323650895
    vertex -0.95766219694254862 0.12607862007251947 -0.25881904510252063
  endloop
endfacet
facet normal -0.88000784464953929 0.17504444369191002 -0.44152648401637473
  outer loop
    vertex -0.89239910083252283 0.23911761839433479 -0.3826834323650895
    vertex -0.83651630373780794 0.22414386804201361 -0.49999999999999983
    vertex -0.85861643640126095 0.11303899832181578 -0.49999999999999983
  endloop
endfacet
facet normal -0.88000784464953907 0.17504444369191033 -0.44152648401637512
  outer loop
    vertex -0.89239910083252283 0.23911761839433479 -0.3826834323650895
    vertex -0.85861643640126095 0.11303899832181578 -0.49999999999999983
    vertex -0.91597561503675351 0.12059047744874 -0.3826834323650895
  endloop
endfacet
facet normal -0.81603204127193563 0.16231886518705618 -0.55474705372984567
  outer loop
    vertex -0.83651630373780794 0.22414386804201361 -0.49999999999999983
    vertex -0.76632048076000359 0.20533495396307289 -0.60876142900872066
    vertex -0.78656609248549303 0.10355339059327408 -0.60876142900872066
  endloop
endfacet
facet normal -0.81603204127193618 0.16231886518705546 -0.55474705372984512
  outer loop
    vertex -0.83651630373780794 0.22414386804201361 -0.49999999999999983
    vertex -0.78656609248549303 0.10355339059327408 -0.60876142900872066
    vertex -0.85861643640126095 0.11303899832181578 -0.49999999999999983
  endloop
endfacet
facet normal -0.73808000889921288 0.14681324188574188 -0.65854671244364771
  outer loop
    vertex -0.76632048076000359 0.20533495396307289 -0.60876142900872066
    vertex -0.6830127018922193 0.18301270189221952 -0.70710678118654746
    vertex -0.70105738464997791 0.092295955641257546 -0.70710678118654746
  endloop
endfacet
facet normal -0.73808000889921266 0.14681324188574202 -0.65854671244364793
  outer loop
    vertex -0.76632048076000359 0.20533495396307289 -0.60876142900872066
    vertex -0.70105738464997791 0.092295955641257546 -0.70710678118654746
    vertex -0.78656609248549303 0.10355339059327408 -0.60876142900872066
  endloop
endfacet
facet normal -0.64745990740258674 0.12878778296486326 -0.75113871905609364
  outer loop
    vertex -0.6830127018922193 0.18301270189221952 -0.70710678118654746
    vertex -0.58801838632816261 0.15755905175128326 -0.79335334029123505
    vertex -0.60355339059327395 0.079459311298945831 -0.79335334029123505
  endloop
endfacet
facet normal -0.64745990740258685 0.12878778296486307 -0.75113871905609342
  outer loop
    vertex -0.6830127018922193 0.18301270189221952 -0.70710678118654746
    vertex -0.60355339059327395 0.079459311298945831 -0.79335334029123505
    vertex -0.70105738464997791 0.092295955641257546 -0.70710678118654746
  endloop
endfacet
facet normal -0.54570259701464952 0.10854699545741184 -0.83091890421907943
  outer loop
    vertex -0.58801838632816261 0.15755905175128326 -0.79335334029123505
    vertex -0.48296291314453405 0.12940952255126048 -0.86602540378443871
    vertex -0.49572243068690514 0.065263096110025981 -0.86602540378443871
  endloop
endfacet
facet normal -0.54570259701464952 0.10854699545741187 -0.83091890421907932
  outer loop
    vertex -0.58801838632816261 0.15755905175128326 -0.79335334029123505
    vertex -0.49572243068690514 0.065263096110025981 -0.86602540378443871
    vertex -0.60355339059327395 0.079459311298945831 -0.79335334029123505
  endloop
endfacet
facet normal -0.43453845994993806 0.086435073786152811 -0.89649612650803923
  outer loop
    vertex -0.48296291314453405 0.12940952255126048 -0.86602540378443871
    vertex -0.36964381061438623 0.099045760541287747 -0.92387953251128674
    vertex -0.37940952255126048 0.04995021125231499 -0.92387953251128674
  endloop
endfacet
facet normal -0.43453845994993789 0.086435073786153158 -0.89649612650803934
  outer loop
    vertex -0.48296291314453405 0.12940952255126048 -0.86602540378443871
    vertex -0.37940952255126048 0.04995021125231499 -0.92387953251128674
    vertex -0.49572243068690514 0.065263096110025981 -0.86602540378443871
  endloop
endfacet
facet normal -0.31586945200211713 0.06283034048065661 -0.94672004183230796
  outer loop
    vertex -0.36964381061438623 0.099045760541287747 -0.92387953251128674
    vertex -0.25000000000000022 0.066987298107780813 -0.9659258262890682
    vertex -0.25660481229257093 0.033782664431261961 -0.9659258262890682
  endloop
endfacet
facet normal -0.3158694520021173 0.062830340480656402 -0.94672004183230796
  outer loop
    vertex -0.36964381061438623 0.099045760541287747 -0.92387953251128674
    vertex -0.25660481229257093 0.033782664431261961 -0.9659258262890682
    vertex -0.37940952255126048 0.04995021125231499 -0.92387953251128674
  endloop
endfacet
facet normal -0.1917365982412729 0.038138780669494027 -0.98070510873753935
  outer loop
    vertex -0.25000000000000022 0.066987298107780813 -0.9659258262890682
    vertex -0.12607862007251947 0.033782664431261961 -0.99144486137381038
    vertex -0.12940952255126076 0.017037086855465962 -0.99144486137381038
  endloop
endfacet
facet normal -0.19173659824127287 0.038138780669494089 -0.98070510873753947
  outer loop
    vertex -0.25000000000000022 0.066987298107780813 -0.9659258262890682
    vertex -0.12940952255126076 0.017037086855465962 -0.99144486137381038
    vertex -0.25660481229257093 0.033782664431261961 -0.9659258262890682
  endloop
endfacet
facet normal -0.064283472915426423 0.012786777780993588 -0.9978497549350358
  outer loop
    vertex 0 0 -1
    vertex -0.12940952255126076 0.017037086855465962 -0.99144486137381038
    vertex -0.12607862007251947 0.033782664431261961 -0.99144486137381038
  endloop
endfacet
facet normal -0.065402528307779345 0.0042867081821635223 0.99784975493503592
  outer loop
    vertex 0 0 1
    vertex -0.12940952255126037 0.017037086855465906 0.99144486137381038
    vertex -0.13052619222005157 1.5984848350717833e-17 0.99144486137381038
  endloop
endfacet
facet normal -0.19507437488030854 0.012785850036173378 0.98070510873753958
  outer loop
    vertex -0.12940952255126037 0.017037086855465906 0.99144486137381038
    vertex -0.25660481229257065 0.033782664431261926 0.96592582628906831
    vertex -0.25881904510252074 3.1696191514317649e-17 0.96592582628906831
  endloop
endfacet
facet normal -0.19507437488030857 0.012785850036173246 0.98070510873753969
  outer loop
    vertex -0.12940952255126037 0.017037086855465906 0.99144486137381038
    vertex -0.25881904510252074 3.1696191514317649e-17 0.96592582628906831
    vertex -0.13052619222005157 1.5984848350717833e-17 0.99144486137381038
  endloop
endfacet
facet normal -0.3213681501512905 0.021063581399443032 0.94672004183230785
  outer loop
    vertex -0.25660481229257065 0.033782664431261926 0.96592582628906831
    vertex -0.37940952255126037 0.049950211252314976 0.92387953251128674
    vertex -0.38268343236508978 4.6865204053262986e-17 0.92387953251128674
  endloop
endfacet
facet normal -0.32136815015129044 0.021063581399443049 0.94672004183230796
  outer loop
    vertex -0.25660481229257065 0.033782664431261926 0.96592582628906831
    vertex -0.38268343236508978 4.6865204053262986e-17 0.92387953251128674
    vertex -0.25881904510252074 3.1696191514317649e-17 0.96592582628906831
  endloop
endfacet
facet normal -0.44210296424222062 0.028976959197316559 0.89649612650803945
  outer loop
    vertex -0.37940952255126037 0.049950211252314976 0.92387953251128674
    vertex -0.49572243068690514 0.065263096110025981 0.86602540378443871
    vertex -0.49999999999999994 6.1232339957367648e-17 0.86602540378443871
  endloop
endfacet
facet normal -0.44210296424222068 0.028976959197316715 0.89649612650803945
  outer loop
    vertex -0.37940952255126037 0.049950211252314976 0.92387953251128674
    vertex -0.49999999999999994 6.1232339957367648e-17 0.86602540378443871
    vertex -0.38268343236508978 4.6865204053262986e-17 0.92387953251128674
  endloop
endfacet
facet normal -0.55520226164250086 0.036389878790901733 0.8309189042190791
  outer loop
    vertex -0.49572243068690514 0.065263096110025981 0.86602540378443871
    vertex -0.60355339059327373 0.079459311298945803 0.79335334029123517
    vertex -0.60876142900872066 7.4551773547989843e-17 0.79335334029123517
  endloop
endfacet
facet normal -0.55520226164250086 0.036389878790901477 0.83091890421907932
  outer loop
    vertex -0.49572243068690514 0.065263096110025981 0.86602540378443871
    vertex -0.60876142900872066 7.4551773547989843e-17 0.79335334029123517
    vertex -0.49999999999999994 6.1232339957367648e-17 0.86602540378443871
  endloop
endfacet
facet normal -0.65873097705472339 0.043175509299831993 0.75113871905609397
  outer loop
    vertex -0.60355339059327373 0.079459311298945803 0.79335334029123517
    vertex -0.7010573846499778 0.092295955641257532 0.70710678118654757
    vertex -0.70710678118654746 8.6595605623549316e-17 0.70710678118654757
  endloop
endfacet
facet normal -0.65873097705472339 0.043175509299832111 0.75113871905609386
  outer loop
    vertex -0.60355339059327373 0.079459311298945803 0.79335334029123517
    vertex -0.70710678118654746 8.6595605623549316e-17 0.70710678118654757
    vertex -0.60876142900872066 7.4551773547989843e-17 0.79335334029123517
  endloop
endfacet
facet normal -0.75092860553668794 0.049218461133892867 0.65854671244364793
  outer loop
    vertex -0.7010573846499778 0.092295955641257532 0.70710678118654757
    vertex -0.78656609248549303 0.10355339059327408 0.60876142900872066
    vertex -0.79335334029123517 9.7157762878052202e-17 0.60876142900872066
  endloop
endfacet
facet normal -0.75092860553668805 0.049218461133892832 0.65854671244364804
  outer loop
    vertex -0.7010573846499778 0.092295955641257532 0.70710678118654757
    vertex -0.79335334029123517 9.7157762878052202e-17 0.60876142900872066
    vertex -0.70710678118654746 8.6595605623549316e-17 0.70710678118654757
  endloop
endfacet
facet normal -0.83023763743378831 0.054416649716953099 0.55474705372984545
  outer loop
    vertex -0.78656609248549303 0.10355339059327408 0.60876142900872066
    vertex -0.85861643640126084 0.11303899832181577 0.50000000000000011
    vertex -0.8660254037844386 1.0605752387249068e-16 0.50000000000000011
  endloop
endfacet
facet normal -0.8302376374337882 0.054416649716953078 0.55474705372984545
  outer loop
    vertex -0.78656609248549303 0.10355339059327408 0.60876142900872066
    vertex -0.8660254037844386 1.0605752387249068e-16 0.50000000000000011
    vertex -0.79335334029123517 9.7157762878052202e-17 0.60876142900872066
  endloop
endfacet
facet normal -0.89532714025081028 0.058682841124502796 0.44152648401637529
  outer loop
    vertex -0.85861643640126084 0.11303899832181577 0.50000000000000011
    vertex -0.9159756150367534 0.12059047744873999 0.38268343236508984
    vertex -0.92387953251128674 1.1314261122877003e-16 0.38268343236508984
  endloop
endfacet
facet normal -0.89532714025081017 0.058682841124502998 0.44152648401637501
  outer loop
    vertex -0.85861643640126084 0.11303899832181577 0.50000000000000011
    vertex -0.92387953251128674 1.1314261122877003e-16 0.38268343236508984
    vertex -0.8660254037844386 1.0605752387249068e-16 0.50000000000000011
  endloop
endfacet
facet normal -0.94511155923875956 0.061945884339217307 0.32082214388460317
  outer loop
    vertex -0.9159756150367534 0.12059047744873999 0.38268343236508984
    vertex -0.95766219694254862 0.12607862007251947 0.25881904510252074
    vertex -0.96592582628906831 1.1829179713786698e-16 0.25881904510252074
  endloop
endfacet
facet normal -0.94511155923875967 0.061945884339217723 0.32082214388460273
  outer loop
    vertex -0.9159756150367534 0.12059047744873999 0.38268343236508984
    vertex -0.96592582628906831 1.1829179713786698e-16 0.25881904510252074
    vertex -0.92387953251128674 1.1314261122877003e-16 0.38268343236508984
  endloop
endfacet
facet normal -0.97876502113507613 0.064151648767622679 0.19468846746237864
  outer loop
    vertex -0.95766219694254862 0.12607862007251947 0.25881904510252074
    vertex -0.9829629131445341 0.12940952255126076 0.13052619222005171
    vertex -0.99144486137381038 1.2141697760125282e-16 0.13052619222005171
  endloop
endfacet
facet normal -0.97876502113507613 0.064151648767622541 0.19468846746237881
  outer loop
    vertex -0.95766219694254862 0.12607862007251947 0.25881904510252074
    vertex -0.99144486137381038 1.2141697760125282e-16 0.13052619222005171
    vertex -0.96592582628906831 1.1829179713786698e-16 0.25881904510252074
  endloop
endfacet
facet normal -0.99573154047691048 0.065263693197208344 0.065263693197208344
  outer loop
    vertex -0.9829629131445341 0.12940952255126076 0.13052619222005171
    vertex -0.99144486137381038 0.13052619222005199 6.123233995736766e-17
    vertex -1 1.2246467991473532e-16 6.123233995736766e-17
  endloop
endfacet
facet normal -0.99573154047691059 0.065263693197208233 0.065263693197208442
  outer loop
    vertex -0.9829629131445341 0.12940952255126076 0.13052619222005171
    vertex -1 1.2246467991473532e-16 6.123233995736766e-17
    vertex -0.99144486137381038 1.2141697760125282e-16 0.13052619222005171
  endloop
endfacet
facet normal -0.99573154047691059 0.065263693197208233 -0.065263693197208358
  outer loop
    vertex -0.99144486137381038 0.13052619222005199 6.123233995736766e-17
    vertex -0.9829629131445341 0.12940952255126076 -0.1305261922200516
    vertex -0.99144486137381038 1.2141697760125282e-16 -0.1305261922200516
  endloop
endfacet
facet normal -0.99573154047691048 0.065263693197208344 -0.065263693197208456
  outer loop
    vertex -0.99144486137381038 0.13052619222005199 6.123233995736766e-17
    vertex -0.99144486137381038 1.2141697760125282e-16 -0.1305261922200516
    vertex -1 1.2246467991473532e-16 6.123233995736766e-17
  endloop
endfacet
facet normal -0.97876502113507613 0.064151648767622541 -0.19468846746237864
  outer loop
    vertex -0.9829629131445341 0.12940952255126076 -0.1305261922200516
    vertex -0.95766219694254862 0.12607862007251947 -0.25881904510252063
    vertex -0.96592582628906831 1.1829179713786698e-16 -0.25881904510252063
  endloop
endfacet
facet normal -0.97876502113507591 0.064151648767622679 -0.19468846746237875
  outer loop
    vertex -0.9829629131445341 0.12940952255126076 -0.1305261922200516
    vertex -0.96592582628906831 1.1829179713786698e-16 -0.25881904510252063
    vertex -0.99144486137381038 1.2141697760125282e-16 -0.1305261922200516
  endloop
endfacet
facet normal -0.94511155923875967 0.061945884339217751 -0.32082214388460295
  outer loop
    vertex -0.95766219694254862 0.12607862007251947 -0.25881904510252063
    vertex -0.91597561503675351 0.12059047744874 -0.3826834323650895
    vertex -0.92387953251128685 1.1314261122877005e-16 -0.3826834323650895
  endloop
endfacet
facet normal -0.94511155923875967 0.061945884339217293 -0.32082214388460251
  outer loop
    vertex -0.95766219694254862 0.12607862007251947 -0.25881904510252063
    vertex -0.92387953251128685 1.1314261122877005e-16 -0.3826834323650895
    vertex -0.96592582628906831 1.1829179713786698e-16 -0.25881904510252063
  endloop
endfacet
facet normal -0.89532714025081017 0.058682841124502991 -0.44152648401637506
  outer loop
    vertex -0.91597561503675351 0.12059047744874 -0.3826834323650895
    vertex -0.85861643640126095 0.11303899832181578 -0.49999999999999983
    vertex -0.86602540378443871 1.0605752387249069e-16 -0.49999999999999983
  endloop
endfacet
facet normal -0.89532714025081039 0.058682841124502817 -0.44152648401637495
  outer loop
    vertex -0.91597561503675351 0.12059047744874 -0.3826834323650895
    vertex -0.86602540378443871 1.0605752387249069e-16 -0.49999999999999983
    vertex -0.92387953251128685 1.1314261122877005e-16 -0.3826834323650895
  endloop
endfacet
facet normal -0.83023763743378853 0.054416649716953147 -0.55474705372984501
  outer loop
    vertex -0.85861643640126095 0.11303899832181578 -0.49999999999999983
    vertex -0.78656609248549303 0.10355339059327408 -0.60876142900872066
    vertex -0.79335334029123517 9.7157762878052202e-17 -0.60876142900872066
  endloop
endfacet
facet normal -0.83023763743378842 0.054416649716953154 -0.55474705372984512
  outer loop
    vertex -0.85861643640126095 0.11303899832181578 -0.49999999999999983
    vertex -0.79335334029123517 9.7157762878052202e-17 -0.60876142900872066
    vertex -0.86602540378443871 1.0605752387249069e-16 -0.49999999999999983
  endloop
endfacet
facet normal -0.75092860553668794 0.049218461133892888 -0.65854671244364793
  outer loop
    vertex -0.78656609248549303 0.10355339059327408 -0.60876142900872066
    vertex -0.70105738464997791 0.092295955641257546 -0.70710678118654746
    vertex -0.70710678118654757 8.6595605623549341e-17 -0.70710678118654746
  endloop
endfacet
facet normal -0.75092860553668794 0.049218461133892909 -0.65854671244364782
  outer loop
    vertex -0.78656609248549303 0.10355339059327408 -0.60876142900872066
    vertex -0.70710678118654757 8.6595605623549341e-17 -0.70710678118654746
    vertex -0.79335334029123517 9.7157762878052202e-17 -0.60876142900872066
  endloop
endfacet
facet normal -0.65873097705472372 0.043175509299832104 -0.75113871905609353
  outer loop
    vertex -0.70105738464997791 0.092295955641257546 -0.70710678118654746
    vertex -0.60355339059327395 0.079459311298945831 -0.79335334029123505
    vertex -0.60876142900872088 7.4551773547989867e-17 -0.79335334029123505
  endloop
endfacet
facet normal -0.65873097705472394 0.043175509299832035 -0.75113871905609364
  outer loop
    vertex -0.70105738464997791 0.092295955641257546 -0.70710678118654746
    vertex -0.60876142900872088 7.4551773547989867e-17 -0.79335334029123505
    vertex -0.70710678118654757 8.6595605623549341e-17 -0.70710678118654746
  endloop
endfacet
facet normal -0.55520226164250075 0.036389878790901581 -0.83091890421907932
  outer loop
    vertex -0.60355339059327395 0.079459311298945831 -0.79335334029123505
    vertex -0.49572243068690514 0.065263096110025981 -0.86602540378443871
    vertex -0.49999999999999994 6.1232339957367648e-17 -0.86602540378443871
  endloop
endfacet
facet normal -0.55520226164250064 0.03638987879090165 -0.83091890421907943
  outer loop
    vertex -0.60355339059327395 0.079459311298945831 -0.79335334029123505
    vertex -0.49999999999999994 6.1232339957367648e-17 -0.86602540378443871
    vertex -0.60876142900872088 7.4551773547989867e-17 -0.79335334029123505
  endloop
endfacet
facet normal -0.44210296424222101 0.028976959197316743 -0.89649612650803945
  outer loop
    vertex -0.49572243068690514 0.065263096110025981 -0.86602540378443871
    vertex -0.37940952255126048 0.04995021125231499 -0.92387953251128674
    vertex -0.38268343236508989 4.6865204053262998e-17 -0.92387953251128674
  endloop
endfacet
facet normal -0.44210296424222101 0.028976959197316646 -0.89649612650803934
  outer loop
    vertex -0.49572243068690514 0.065263096110025981 -0.86602540378443871
    vertex -0.38268343236508989 4.6865204053262998e-17 -0.92387953251128674
    vertex -0.49999999999999994 6.1232339957367648e-17 -0.86602540378443871
  endloop
endfacet
facet normal -0.32136815015129017 0.021063581399442938 -0.94672004183230796
  outer loop
    vertex -0.37940952255126048 0.04995021125231499 -0.92387953251128674
    vertex -0.25660481229257093 0.033782664431261961 -0.9659258262890682
    vertex -0.25881904510252102 3.169619151431768e-17 -0.9659258262890682
  endloop
endfacet
facet normal -0.32136815015129006 0.021063581399443063 -0.94672004183230796
  outer loop
    vertex -0.37940952255126048 0.04995021125231499 -0.92387953251128674
    vertex -0.25881904510252102 3.169619151431768e-17 -0.9659258262890682
    vertex -0.38268343236508989 4.6865204053262998e-17 -0.92387953251128674
  endloop
endfacet
facet normal -0.19507437488030949 0.012785850036173657 -0.98070510873753935
  outer loop
    vertex -0.25660481229257093 0.033782664431261961 -0.9659258262890682
    vertex -0.12940952255126076 0.017037086855465962 -0.99144486137381038
    vertex -0.13052619222005199 1.5984848350717882e-17 -0.99144486137381038
  endloop
endfacet
facet normal -0.19507437488030954 0.012785850036173423 -0.98070510873753935
  outer loop
    vertex -0.25660481229257093 0.033782664431261961 -0.9659258262890682
    vertex -0.13052619222005199 1.5984848350717882e-17 -0.99144486137381038
    vertex -0.25881904510252102 3.169619151431768e-17 -0.9659258262890682
  endloop
endfacet
facet normal -0.065402528307779151 0.0042867081821634945 -0.99784975493503592
  outer loop
    vertex 0 0 -1
    vertex -0.13052619222005199 1.5984848350717882e-17 -0.99144486137381038
    vertex -0.12940952255126076 0.017037086855465962 -0.99144486137381038
  endloop
endfacet
facet normal -0.065402528307779331 -0.0042867081821635206 0.99784975493503592
  outer loop
    vertex 0 0 1
    vertex -0.13052619222005157 1.5984848350717833e-17 0.99144486137381038
    vertex -0.12940952255126037 -0.017037086855465879 0.99144486137381038
  endloop
endfacet
facet normal -0.19507437488030854 -0.012785850036173376 0.98070510873753958
  outer loop
    vertex -0.13052619222005157 1.5984848350717833e-17 0.99144486137381038
    vertex -0.25881904510252074 3.1696191514317649e-17 0.96592582628906831
    vertex -0.25660481229257065 -0.03378266443126187 0.96592582628906831
  endloop
endfacet
facet normal -0.19507437488030854 -0.012785850036173239 0.98070510873753958
  outer loop
    vertex -0.13052619222005157 1.5984848350717833e-17 0.99144486137381038
    vertex -0.25660481229257065 -0.03378266443126187 0.96592582628906831
    vertex -0.12940952255126037 -0.017037086855465879 0.99144486137381038
  endloop
endfacet
facet normal -0.32136815015129039 -0.021063581399443157 0.94672004183230785
  outer loop
    vertex -0.25881904510252074 3.1696191514317649e-17 0.96592582628906831
    vertex -0.38268343236508978 4.6865204053262986e-17 0.92387953251128674
    vertex -0.37940952255126037 -0.049950211252314886 0.92387953251128674
  endloop
endfacet
facet normal -0.32136815015129044 -0.021063581399443039 0.94672004183230773
  outer loop
    vertex -0.25881904510252074 3.1696191514317649e-17 0.96592582628906831
    vertex -0.37940952255126037 -0.049950211252314886 0.92387953251128674
    vertex -0.25660481229257065 -0.03378266443126187 0.96592582628906831
  endloop
endfacet
facet normal -0.44210296424222062 -0.028976959197316559 0.89649612650803945
  outer loop
    vertex -0.38268343236508978 4.6865204053262986e-17 0.92387953251128674
    vertex -0.49999999999999994 6.1232339957367648e-17 0.86602540378443871
    vertex -0.49572243068690514 -0.06526309611002587 0.86602540378443871
  endloop
endfacet
facet normal -0.44210296424222068 -0.028976959197316708 0.89649612650803956
  outer loop
    vertex -0.38268343236508978 4.6865204053262986e-17 0.92387953251128674
    vertex -0.49572243068690514 -0.06526309611002587 0.86602540378443871
    vertex -0.37940952255126037 -0.049950211252314886 0.92387953251128674
  endloop
endfacet
facet normal -0.55520226164250086 -0.036389878790901727 0.83091890421907932
  outer loop
    vertex -0.49999999999999994 6.1232339957367648e-17 0.86602540378443871
    vertex -0.60876142900872066 7.4551773547989843e-17 0.79335334029123517
    vertex -0.60355339059327373 -0.079459311298945665 0.79335334029123517
  endloop
endfacet
facet normal -0.55520226164250097 -0.036389878790901484 0.83091890421907932
  outer loop
    vertex -0.49999999999999994 6.1232339957367648e-17 0.86602540378443871
    vertex -0.60355339059327373 -0.079459311298945665 0.79335334029123517
    vertex -0.49572243068690514 -0.06526309611002587 0.86602540378443871
  endloop
endfacet
facet normal -0.6587309770547235 -0.043175509299831986 0.75113871905609386
  outer loop
    vertex -0.60876142900872066 7.4551773547989843e-17 0.79335334029123517
    vertex -0.70710678118654746 8.6595605623549316e-17 0.70710678118654757
    vertex -0.7010573846499778 -0.092295955641257379 0.70710678118654757
  endloop
endfacet
facet normal -0.65873097705472339 -0.043175509299832111 0.75113871905609386
  outer loop
    vertex -0.60876142900872066 7.4551773547989843e-17 0.79335334029123517
    vertex -0.7010573846499778 -0.092295955641257379 0.70710678118654757
    vertex -0.60355339059327373 -0.079459311298945665 0.79335334029123517
  endloop
endfacet
facet normal -0.75092860553668783 -0.049218461133892853 0.65854671244364793
  outer loop
    vertex -0.70710678118654746 8.6595605623549316e-17 0.70710678118654757
    vertex -0.79335334029123517 9.7157762878052202e-17 0.60876142900872066
    vertex -0.78656609248549303 -0.1035533905932739 0.60876142900872066
  endloop
endfacet
facet normal -0.75092860553668805 -0.049218461133892825 0.65854671244364793
  outer loop
    vertex -0.70710678118654746 8.6595605623549316e-17 0.70710678118654757
    vertex -0.78656609248549303 -0.1035533905932739 0.60876142900872066
    vertex -0.7010573846499778 -0.092295955641257379 0.70710678118654757
  endloop
endfacet
facet normal -0.83023763743378831 -0.05441664971695314 0.55474705372984545
  outer loop
    vertex -0.79335334029123517 9.7157762878052202e-17 0.60876142900872066
    vertex -0.8660254037844386 1.0605752387249068e-16 0.50000000000000011
    vertex -0.85861643640126084 -0.11303899832181558 0.50000000000000011
  endloop
endfacet
facet normal -0.83023763743378831 -0.054416649716953071 0.55474705372984545
  outer loop
    vertex -0.79335334029123517 9.7157762878052202e-17 0.60876142900872066
    vertex -0.85861643640126084 -0.11303899832181558 0.50000000000000011
    vertex -0.78656609248549303 -0.1035533905932739 0.60876142900872066
  endloop
endfacet
facet normal -0.89532714025081017 -0.058682841124502783 0.44152648401637506
  outer loop
    vertex -0.8660254037844386 1.0605752387249068e-16 0.50000000000000011
    vertex -0.92387953251128674 1.1314261122877003e-16 0.38268343236508984
    vertex -0.9159756150367534 -0.12059047744873978 0.38268343236508984
  endloop
endfacet
facet normal -0.89532714025081017 -0.058682841124502977 0.44152648401637523
  outer loop
    vertex -0.8660254037844386 1.0605752387249068e-16 0.50000000000000011
    vertex -0.9159756150367534 -0.12059047744873978 0.38268343236508984
    vertex -0.85861643640126084 -0.11303899832181558 0.50000000000000011
  endloop
endfacet
facet normal -0.94511155923875967 -0.061945884339217244 0.32082214388460273
  outer loop
    vertex -0.92387953251128674 1.1314261122877003e-16 0.38268343236508984
    vertex -0.96592582628906831 1.1829179713786698e-16 0.25881904510252074
    vertex -0.95766219694254862 -0.12607862007251927 0.25881904510252074
  endloop
endfacet
facet normal -0.94511155923875956 -0.061945884339217716 0.32082214388460317
  outer loop
    vertex -0.92387953251128674 1.1314261122877003e-16 0.38268343236508984
    vertex -0.95766219694254862 -0.12607862007251927 0.25881904510252074
    vertex -0.9159756150367534 -0.12059047744873978 0.38268343236508984
  endloop
endfacet
facet normal -0.97876502113507591 -0.064151648767622679 0.19468846746237878
  outer loop
    vertex -0.96592582628906831 1.1829179713786698e-16 0.25881904510252074
    vertex -0.99144486137381038 1.2141697760125282e-16 0.13052619222005171
    vertex -0.9829629131445341 -0.12940952255126056 0.13052619222005171
  endloop
endfacet
facet normal -0.97876502113507613 -0.064151648767622527 0.19468846746237864
  outer loop
    vertex -0.96592582628906831 1.1829179713786698e-16 0.25881904510252074
    vertex -0.9829629131445341 -0.12940952255126056 0.13052619222005171
    vertex -0.95766219694254862 -0.12607862007251927 0.25881904510252074
  endloop
endfacet
facet normal -0.99573154047691048 -0.065263693197208344 0.065263693197208456
  outer loop
    vertex -0.99144486137381038 1.2141697760125282e-16 0.13052619222005171
    vertex -1 1.2246467991473532e-16 6.123233995736766e-17
    vertex -0.99144486137381038 -0.13052619222005177 6.123233995736766e-17
  endloop
endfacet
facet normal -0.99573154047691059 -0.06526369319720822 0.065263693197208344
  outer loop
    vertex -0.99144486137381038 1.2141697760125282e-16 0.13052619222005171
    vertex -0.99144486137381038 -0.13052619222005177 6.123233995736766e-17
    vertex -0.9829629131445341 -0.12940952255126056 0.13052619222005171
  endloop
endfacet
facet normal -0.99573154047691059 -0.065263693197208233 -0.065263693197208456
  outer loop
    vertex -1 1.2246467991473532e-16 6.123233995736766e-17
    vertex -0.99144486137381038 1.2141697760125282e-16 -0.1305261922200516
    vertex -0.9829629131445341 -0.12940952255126056 -0.1305261922200516
  endloop
endfacet
facet normal -0.99573154047691048 -0.065263693197208344 -0.065263693197208331
  outer loop
    vertex -1 1.2246467991473532e-16 6.123233995736766e-17
    vertex -0.9829629131445341 -0.12940952255126056 -0.1305261922200516
    vertex -0.99144486137381038 -0.13052619222005177 6.123233995736766e-17
  endloop
endfacet
facet normal -0.97876502113507613 -0.064151648767622499 -0.19468846746237881
  outer loop
    vertex -0.99144486137381038 1.2141697760125282e-16 -0.1305261922200516
    vertex -0.96592582628906831 1.1829179713786698e-16 -0.25881904510252063
    vertex -0.95766219694254862 -0.12607862007251927 -0.25881904510252063
  endloop
endfacet
facet normal -0.97876502113507613 -0.064151648767622679 -0.19468846746237861
  outer loop
    vertex -0.99144486137381038 1.2141697760125282e-16 -0.1305261922200516
    vertex -0.95766219694254862 -0.12607862007251927 -0.25881904510252063
    vertex -0.9829629131445341 -0.12940952255126056 -0.1305261922200516
  endloop
endfacet
facet normal -0.94511155923875967 -0.061945884339217681 -0.32082214388460251
  outer loop
    vertex -0.96592582628906831 1.1829179713786698e-16 -0.25881904510252063
    vertex -0.92387953251128685 1.1314261122877005e-16 -0.3826834323650895
    vertex -0.91597561503675351 -0.1205904774487398 -0.3826834323650895
  endloop
endfacet
facet normal -0.94511155923875967 -0.061945884339217286 -0.32082214388460295
  outer loop
    vertex -0.96592582628906831 1.1829179713786698e-16 -0.25881904510252063
    vertex -0.91597561503675351 -0.1205904774487398 -0.3826834323650895
    vertex -0.95766219694254862 -0.12607862007251927 -0.25881904510252063
  endloop
endfacet
facet normal -0.89532714025081028 -0.058682841124502984 -0.44152648401637484
  outer loop
    vertex -0.92387953251128685 1.1314261122877005e-16 -0.3826834323650895
    vertex -0.86602540378443871 1.0605752387249069e-16 -0.49999999999999983
    vertex -0.85861643640126095 -0.11303899832181559 -0.49999999999999983
  endloop
endfacet
facet normal -0.89532714025081028 -0.058682841124502803 -0.44152648401637501
  outer loop
    vertex -0.92387953251128685 1.1314261122877005e-16 -0.3826834323650895
    vertex -0.85861643640126095 -0.11303899832181559 -0.49999999999999983
    vertex -0.91597561503675351 -0.1205904774487398 -0.3826834323650895
  endloop
endfacet
facet normal -0.83023763743378842 -0.054416649716953133 -0.55474705372984501
  outer loop
    vertex -0.86602540378443871 1.0605752387249069e-16 -0.49999999999999983
    vertex -0.79335334029123517 9.7157762878052202e-17 -0.60876142900872066
    vertex -0.78656609248549303 -0.1035533905932739 -0.60876142900872066
  endloop
endfacet
facet normal -0.83023763743378853 -0.05441664971695314 -0.55474705372984501
  outer loop
    vertex -0.86602540378443871 1.0605752387249069e-16 -0.49999999999999983
    vertex -0.78656609248549303 -0.1035533905932739 -0.60876142900872066
    vertex -0.85861643640126095 -0.11303899832181559 -0.49999999999999983
  endloop
endfacet
facet normal -0.75092860553668794 -0.049218461133892881 -0.65854671244364804
  outer loop
    vertex -0.79335334029123517 9.7157762878052202e-17 -0.60876142900872066
    vertex -0.70710678118654757 8.6595605623549341e-17 -0.70710678118654746
    vertex -0.70105738464997791 -0.092295955641257393 -0.70710678118654746
  endloop
endfacet
facet normal -0.75092860553668794 -0.049218461133892909 -0.65854671244364782
  outer loop
    vertex -0.79335334029123517 9.7157762878052202e-17 -0.60876142900872066
    vertex -0.70105738464997791 -0.092295955641257393 -0.70710678118654746
    vertex -0.78656609248549303 -0.1035533905932739 -0.60876142900872066
  endloop
endfacet
facet normal -0.65873097705472394 -0.043175509299832111 -0.75113871905609353
  outer loop
    vertex -0.70710678118654757 8.6595605623549341e-17 -0.70710678118654746
    vertex -0.60876142900872088 7.4551773547989867e-17 -0.79335334029123505
    vertex -0.60355339059327395 -0.079459311298945706 -0.79335334029123505
  endloop
endfacet
facet normal -0.65873097705472383 -0.043175509299832014 -0.75113871905609353
  outer loop
    vertex -0.70710678118654757 8.6595605623549341e-17 -0.70710678118654746
    vertex -0.60355339059327395 -0.079459311298945706 -0.79335334029123505
    vertex -0.70105738464997791 -0.092295955641257393 -0.70710678118654746
  endloop
endfacet
facet normal -0.55520226164250075 -0.036389878790901581 -0.83091890421907943
  outer loop
    vertex -0.60876142900872088 7.4551773547989867e-17 -0.79335334029123505
    vertex -0.49999999999999994 6.1232339957367648e-17 -0.86602540378443871
    vertex -0.49572243068690514 -0.06526309611002587 -0.86602540378443871
  endloop
endfacet
facet normal -0.55520226164250075 -0.03638987879090165 -0.83091890421907921
  outer loop
    vertex -0.60876142900872088 7.4551773547989867e-17 -0.79335334029123505
    vertex -0.49572243068690514 -0.06526309611002587 -0.86602540378443871
    vertex -0.60355339059327395 -0.079459311298945706 -0.79335334029123505
  endloop
endfacet
facet normal -0.44210296424222112 -0.028976959197316746 -0.89649612650803934
  outer loop
    vertex -0.49999999999999994 6.1232339957367648e-17 -0.86602540378443871
    vertex -0.38268343236508989 4.6865204053262998e-17 -0.92387953251128674
    vertex -0.37940952255126048 -0.049950211252314906 -0.92387953251128674
  endloop
endfacet
facet normal -0.44210296424222101 -0.028976959197316646 -0.89649612650803934
  outer loop
    vertex -0.49999999999999994 6.1232339957367648e-17 -0.86602540378443871
    vertex -0.37940952255126048 -0.049950211252314906 -0.92387953251128674
    vertex -0.49572243068690514 -0.06526309611002587 -0.86602540378443871
  endloop
endfacet
facet normal -0.32136815015129006 -0.021063581399442925 -0.94672004183230796
  outer loop
    vertex -0.38268343236508989 4.6865204053262998e-17 -0.92387953251128674
    vertex -0.25881904510252102 3.169619151431768e-17 -0.9659258262890682
    vertex -0.25660481229257093 -0.033782664431261905 -0.9659258262890682
  endloop
endfacet
facet normal -0.32136815015129006 -0.021063581399443056 -0.94672004183230785
  outer loop
    vertex -0.38268343236508989 4.6865204053262998e-17 -0.92387953251128674
    vertex -0.25660481229257093 -0.033782664431261905 -0.9659258262890682
    vertex -0.37940952255126048 -0.049950211252314906 -0.92387953251128674
  endloop
endfacet
facet normal -0.19507437488030954 -0.012785850036173468 -0.98070510873753935
  outer loop
    vertex -0.25881904510252102 3.169619151431768e-17 -0.9659258262890682
    vertex -0.13052619222005199 1.5984848350717882e-17 -0.99144486137381038
    vertex -0.12940952255126076 -0.017037086855465931 -0.99144486137381038
  endloop
endfacet
facet normal -0.19507437488030951 -0.012785850036173416 -0.98070510873753935
  outer loop
    vertex -0.25881904510252102 3.169619151431768e-17 -0.9659258262890682
    vertex -0.12940952255126076 -0.017037086855465931 -0.99144486137381038
    vertex -0.25660481229257093 -0.033782664431261905 -0.9659258262890682
  endloop
endfacet
facet normal -0.065402528307779137 -0.0042867081821634937 -0.99784975493503592
  outer loop
    vertex 0 0 -1
    vertex -0.12940952255126076 -0.017037086855465931 -0.99144486137381038
    vertex -0.13052619222005199 1.5984848350717882e-17 -0.99144486137381038
  endloop
endfacet
facet normal -0.064283472915426645 -0.012786777780993668 0.99784975493503592
  outer loop
    vertex 0 0 1
    vertex -0.12940952255126037 -0.017037086855465879 0.99144486137381038
    vertex -0.12607862007251908 -0.033782664431261829 0.99144486137381038
  endloop
endfacet
facet normal -0.19173659824127187 -0.03813878066949377 0.98070510873753947
  outer loop
    vertex -0.12940952255126037 -0.017037086855465879 0.99144486137381038
    vertex -0.25660481229257065 -0.03378266443126187 0.96592582628906831
    vertex -0.24999999999999997 -0.066987298107780674 0.96592582628906831
  endloop
endfacet
facet normal -0.1917365982412719 -0.038138780669493832 0.98070510873753947
  outer loop
    vertex -0.12940952255126037 -0.017037086855465879 0.99144486137381038
    vertex -0.24999999999999997 -0.066987298107780674 0.96592582628906831
    vertex -0.12607862007251908 -0.033782664431261829 0.99144486137381038
  endloop
endfacet
facet normal -0.31586945200211769 -0.062830340480656471 0.94672004183230785
  outer loop
    vertex -0.25660481229257065 -0.03378266443126187 0.96592582628906831
    vertex -0.37940952255126037 -0.049950211252314886 0.92387953251128674
    vertex -0.36964381061438611 -0.099045760541287636 0.92387953251128674
  endloop
endfacet
facet normal -0.31586945200211763 -0.062830340480656513 0.94672004183230773
  outer loop
    vertex -0.25660481229257065 -0.03378266443126187 0.96592582628906831
    vertex -0.36964381061438611 -0.099045760541287636 0.92387953251128674
    vertex -0.24999999999999997 -0.066987298107780674 0.96592582628906831
  endloop
endfacet
facet normal -0.43453845994993762 -0.086435073786152755 0.89649612650803945
  outer loop
    vertex -0.37940952255126037 -0.049950211252314886 0.92387953251128674
    vertex -0.49572243068690514 -0.06526309611002587 0.86602540378443871
    vertex -0.4829629131445341 -0.12940952255126037 0.86602540378443871
  endloop
endfacet
facet normal -0.43453845994993756 -0.086435073786152797 0.89649612650803945
  outer loop
    vertex -0.37940952255126037 -0.049950211252314886 0.92387953251128674
    vertex -0.4829629131445341 -0.12940952255126037 0.86602540378443871
    vertex -0.36964381061438611 -0.099045760541287636 0.92387953251128674
  endloop
endfacet
facet normal -0.54570259701464985 -0.10854699545741116 0.83091890421907921
  outer loop
    vertex -0.49572243068690514 -0.06526309611002587 0.86602540378443871
    vertex -0.60355339059327373 -0.079459311298945665 0.79335334029123517
    vertex -0.5880183863281625 -0.15755905175128307 0.79335334029123517
  endloop
endfacet
facet normal -0.54570259701464974 -0.10854699545741138 0.83091890421907932
  outer loop
    vertex -0.49572243068690514 -0.06526309611002587 0.86602540378443871
    vertex -0.5880183863281625 -0.15755905175128307 0.79335334029123517
    vertex -0.4829629131445341 -0.12940952255126037 0.86602540378443871
  endloop
endfacet
facet normal -0.64745990740258663 -0.12878778296486221 0.75113871905609386
  outer loop
    vertex -0.60355339059327373 -0.079459311298945665 0.79335334029123517
    vertex -0.7010573846499778 -0.092295955641257379 0.70710678118654757
    vertex -0.6830127018922193 -0.18301270189221933 0.70710678118654757
  endloop
endfacet
facet normal -0.64745990740258652 -0.12878778296486226 0.75113871905609386
  outer loop
    vertex -0.60355339059327373 -0.079459311298945665 0.79335334029123517
    vertex -0.6830127018922193 -0.18301270189221933 0.70710678118654757
    vertex -0.5880183863281625 -0.15755905175128307 0.79335334029123517
  endloop
endfacet
facet normal -0.73808000889921277 -0.14681324188574127 0.65854671244364793
  outer loop
    vertex -0.7010573846499778 -0.092295955641257379 0.70710678118654757
    vertex -0.78656609248549303 -0.1035533905932739 0.60876142900872066
    vertex -0.7663204807600037 -0.20533495396307272 0.60876142900872066
  endloop
endfacet
facet normal -0.73808000889921299 -0.14681324188574105 0.65854671244364782
  outer loop
    vertex -0.7010573846499778 -0.092295955641257379 0.70710678118654757
    vertex -0.7663204807600037 -0.20533495396307272 0.60876142900872066
    vertex -0.6830127018922193 -0.18301270189221933 0.70710678118654757
  endloop
endfacet
facet normal -0.81603204127193585 -0.16231886518705541 0.55474705372984545
  outer loop
    vertex -0.78656609248549303 -0.1035533905932739 0.60876142900872066
    vertex -0.85861643640126084 -0.11303899832181558 0.50000000000000011
    vertex -0.83651630373780783 -0.22414386804201339 0.50000000000000011
  endloop
endfacet
facet normal -0.81603204127193607 -0.16231886518705532 0.55474705372984534
  outer loop
    vertex -0.78656609248549303 -0.1035533905932739 0.60876142900872066
    vertex -0.83651630373780783 -0.22414386804201339 0.50000000000000011
    vertex -0.7663204807600037 -0.20533495396307272 0.60876142900872066
  endloop
endfacet
facet normal -0.88000784464953907 -0.17504444369190955 0.44152648401637523
  outer loop
    vertex -0.85861643640126084 -0.11303899832181558 0.50000000000000011
    vertex -0.9159756150367534 -0.12059047744873978 0.38268343236508984
    vertex -0.89239910083252283 -0.23911761839433454 0.38268343236508984
  endloop
endfacet
facet normal -0.88000784464953896 -0.17504444369190994 0.44152648401637562
  outer loop
    vertex -0.85861643640126084 -0.11303899832181558 0.50000000000000011
    vertex -0.89239910083252283 -0.23911761839433454 0.38268343236508984
    vertex -0.83651630373780783 -0.22414386804201339 0.50000000000000011
  endloop
endfacet
facet normal -0.92894043842575613 -0.18477774176196438 0.32082214388460317
  outer loop
    vertex -0.9159756150367534 -0.12059047744873978 0.38268343236508984
    vertex -0.95766219694254862 -0.12607862007251927 0.25881904510252074
    vertex -0.93301270189221941 -0.25000000000000006 0.25881904510252074
  endloop
endfacet
facet normal -0.92894043842575613 -0.18477774176196396 0.32082214388460278
  outer loop
    vertex -0.9159756150367534 -0.12059047744873978 0.38268343236508984
    vertex -0.93301270189221941 -0.25000000000000006 0.25881904510252074
    vertex -0.89239910083252283 -0.23911761839433454 0.38268343236508984
  endloop
endfacet
facet normal -0.9620180802585242 -0.19135729380625655 0.19468846746237864
  outer loop
    vertex -0.95766219694254862 -0.12607862007251927 0.25881904510252074
    vertex -0.9829629131445341 -0.12940952255126056 0.13052619222005171
    vertex -0.95766219694254862 -0.25660481229257071 0.13052619222005171
  endloop
endfacet
facet normal -0.96201808025852409 -0.19135729380625666 0.19468846746237872
  outer loop
    vertex -0.95766219694254862 -0.12607862007251927 0.25881904510252074
    vertex -0.95766219694254862 -0.25660481229257071 0.13052619222005171
    vertex -0.93301270189221941 -0.25000000000000006 0.25881904510252074
  endloop
endfacet
facet normal -0.97869429775041206 -0.19467439970650616 0.065263693197208317
  outer loop
    vertex -0.9829629131445341 -0.12940952255126056 0.13052619222005171
    vertex -0.99144486137381038 -0.13052619222005177 6.123233995736766e-17
    vertex -0.96592582628906831 -0.25881904510252079 6.123233995736766e-17
  endloop
endfacet
facet normal -0.97869429775041206 -0.19467439970650602 0.065263693197208192
  outer loop
    vertex -0.9829629131445341 -0.12940952255126056 0.13052619222005171
    vertex -0.96592582628906831 -0.25881904510252079 6.123233995736766e-17
    vertex -0.95766219694254862 -0.25660481229257071 0.13052619222005171
  endloop
endfacet
facet normal -0.97869429775041206 -0.19467439970650605 -0.065263693197208331
  outer loop
    vertex -0.99144486137381038 -0.13052619222005177 6.123233995736766e-17
    vertex -0.9829629131445341 -0.12940952255126056 -0.1305261922200516
    vertex -0.95766219694254862 -0.25660481229257071 -0.1305261922200516
  endloop
endfacet
facet normal -0.97869429775041206 -0.19467439970650616 -0.065263693197208164
  outer loop
    vertex -0.99144486137381038 -0.13052619222005177 6.123233995736766e-17
    vertex -0.95766219694254862 -0.25660481229257071 -0.1305261922200516
    vertex -0.96592582628906831 -0.25881904510252079 6.123233995736766e-17
  endloop
endfacet
facet normal -0.96201808025852409 -0.19135729380625663 -0.19468846746237864
  outer loop
    vertex -0.9829629131445341 -0.12940952255126056 -0.1305261922200516
    vertex -0.95766219694254862 -0.12607862007251927 -0.25881904510252063
    vertex -0.93301270189221941 -0.25000000000000006 -0.25881904510252063
  endloop
endfacet
facet normal -0.9620180802585242 -0.19135729380625655 -0.19468846746237872
  outer loop
    vertex -0.9829629131445341 -0.12940952255126056 -0.1305261922200516
    vertex -0.93301270189221941 -0.25000000000000006 -0.25881904510252063
    vertex -0.95766219694254862 -0.25660481229257071 -0.1305261922200516
  endloop
endfacet
facet normal -0.92894043842575613 -0.18477774176196396 -0.32082214388460295
  outer loop
    vertex -0.95766219694254862 -0.12607862007251927 -0.25881904510252063
    vertex -0.91597561503675351 -0.1205904774487398 -0.3826834323650895
    vertex -0.89239910083252294 -0.23911761839433457 -0.3826834323650895
  endloop
endfacet
facet normal -0.92894043842575624 -0.18477774176196438 -0.32082214388460256
  outer loop
    vertex -0.95766219694254862 -0.12607862007251927 -0.25881904510252063
    vertex -0.89239910083252294 -0.23911761839433457 -0.3826834323650895
    vertex -0.93301270189221941 -0.25000000000000006 -0.25881904510252063
  endloop
endfacet
facet normal -0.88000784464953918 -0.17504444369190997 -0.44152648401637506
  outer loop
    vertex -0.91597561503675351 -0.1205904774487398 -0.3826834323650895
    vertex -0.85861643640126095 -0.11303899832181559 -0.49999999999999983
    vertex -0.83651630373780794 -0.22414386804201342 -0.49999999999999983
  endloop
endfacet
facet normal -0.88000784464953918 -0.17504444369190952 -0.44152648401637545
  outer loop
    vertex -0.91597561503675351 -0.1205904774487398 -0.3826834323650895
    vertex -0.83651630373780794 -0.22414386804201342 -0.49999999999999983
    vertex -0.89239910083252294 -0.23911761839433457 -0.3826834323650895
  endloop
endfacet
facet normal -0.81603204127193618 -0.16231886518705532 -0.55474705372984501
  outer loop
    vertex -0.85861643640126095 -0.11303899832181559 -0.49999999999999983
    vertex -0.78656609248549303 -0.1035533905932739 -0.60876142900872066
    vertex -0.7663204807600037 -0.20533495396307272 -0.60876142900872066
  endloop
endfacet
facet normal -0.81603204127193629 -0.16231886518705549 -0.5547470537298449
  outer loop
    vertex -0.85861643640126095 -0.11303899832181559 -0.49999999999999983
    vertex -0.7663204807600037 -0.20533495396307272 -0.60876142900872066
    vertex -0.83651630373780794 -0.22414386804201342 -0.49999999999999983
  endloop
endfacet
facet normal -0.73808000889921288 -0.14681324188574099 -0.65854671244364793
  outer loop
    vertex -0.78656609248549303 -0.1035533905932739 -0.60876142900872066
    vertex -0.70105738464997791 -0.092295955641257393 -0.70710678118654746
    vertex -0.68301270189221941 -0.18301270189221935 -0.70710678118654746
  endloop
endfacet
facet normal -0.73808000889921299 -0.14681324188574127 -0.65854671244364782
  outer loop
    vertex -0.78656609248549303 -0.1035533905932739 -0.60876142900872066
    vertex -0.68301270189221941 -0.18301270189221935 -0.70710678118654746
    vertex -0.7663204807600037 -0.20533495396307272 -0.60876142900872066
  endloop
endfacet
facet normal -0.64745990740258696 -0.12878778296486218 -0.75113871905609353
  outer loop
    vertex -0.70105738464997791 -0.092295955641257393 -0.70710678118654746
    vertex -0.60355339059327395 -0.079459311298945706 -0.79335334029123505
    vertex -0.58801838632816272 -0.15755905175128315 -0.79335334029123505
  endloop
endfacet
facet normal -0.64745990740258696 -0.12878778296486232 -0.75113871905609353
  outer loop
    vertex -0.70105738464997791 -0.092295955641257393 -0.70710678118654746
    vertex -0.58801838632816272 -0.15755905175128315 -0.79335334029123505
    vertex -0.68301270189221941 -0.18301270189221935 -0.70710678118654746
  endloop
endfacet
facet normal -0.54570259701464963 -0.10854699545741135 -0.83091890421907943
  outer loop
    vertex -0.60355339059327395 -0.079459311298945706 -0.79335334029123505
    vertex -0.49572243068690514 -0.06526309611002587 -0.86602540378443871
    vertex -0.4829629131445341 -0.12940952255126037 -0.86602540378443871
  endloop
endfacet
facet normal -0.54570259701464963 -0.10854699545741105 -0.83091890421907955
  outer loop
    vertex -0.60355339059327395 -0.079459311298945706 -0.79335334029123505
    vertex -0.4829629131445341 -0.12940952255126037 -0.86602540378443871
    vertex -0.58801838632816272 -0.15755905175128315 -0.79335334029123505
  endloop
endfacet
facet normal -0.43453845994993801 -0.086435073786152922 -0.89649612650803945
  outer loop
    vertex -0.49572243068690514 -0.06526309611002587 -0.86602540378443871
    vertex -0.37940952255126048 -0.049950211252314906 -0.92387953251128674
    vertex -0.36964381061438623 -0.099045760541287664 -0.92387953251128674
  endloop
endfacet
facet normal -0.43453845994993789 -0.086435073786152783 -0.89649612650803934
  outer loop
    vertex -0.49572243068690514 -0.06526309611002587 -0.86602540378443871
    vertex -0.36964381061438623 -0.099045760541287664 -0.92387953251128674
    vertex -0.4829629131445341 -0.12940952255126037 -0.86602540378443871
  endloop
endfacet
facet normal -0.31586945200211741 -0.062830340480656069 -0.94672004183230796
  outer loop
    vertex -0.37940952255126048 -0.049950211252314906 -0.92387953251128674
    vertex -0.25660481229257093 -0.033782664431261905 -0.9659258262890682
    vertex -0.25000000000000028 -0.066987298107780757 -0.9659258262890682
  endloop
endfacet
facet normal -0.31586945200211736 -0.062830340480656402 -0.94672004183230796
  outer loop
    vertex -0.37940952255126048 -0.049950211252314906 -0.92387953251128674
    vertex -0.25000000000000028 -0.066987298107780757 -0.9659258262890682
    vertex -0.36964381061438623 -0.099045760541287664 -0.92387953251128674
  endloop
endfacet
facet normal -0.19173659824127293 -0.038138780669493832 -0.98070510873753947
  outer loop
    vertex -0.25660481229257093 -0.033782664431261905 -0.9659258262890682
    vertex -0.12940952255126076 -0.017037086855465931 -0.99144486137381038
    vertex -0.12607862007251947 -0.033782664431261933 -0.99144486137381038
  endloop
endfacet
facet normal -0.19173659824127287 -0.03813878066949377 -0.98070510873753947
  outer loop
    vertex -0.25660481229257093 -0.033782664431261905 -0.9659258262890682
    vertex -0.12607862007251947 -0.033782664431261933 -0.99144486137381038
    vertex -0.25000000000000028 -0.066987298107780757 -0.9659258262890682
  endloop
endfacet
facet normal -0.064283472915426451 -0.012786777780993588 -0.99784975493503592
  outer loop
    vertex 0 0 -1
    vertex -0.12607862007251947 -0.033782664431261933 -0.99144486137381038
    vertex -0.12940952255126076 -0.017037086855465931 -0.99144486137381038
  endloop
endfacet
facet normal -0.062064509478745207 -0.02106806206682639 0.99784975493503569
  outer loop
    vertex 0 0 1
    vertex -0.12607862007251908 -0.033782664431261829 0.99144486137381038
    vertex -0.12059047744873962 -0.049950211252314802 0.99144486137381038
  endloop
endfacet
facet normal -0.18511815524689912 -0.062839146191491418 0.98070510873753947
  outer loop
    vertex -0.12607862007251908 -0.033782664431261829 0.99144486137381038
    vertex -0.24999999999999997 -0.066987298107780674 0.96592582628906831
    vertex -0.23911761839433451 -0.099045760541287595 0.96592582628906831
  endloop
endfacet
facet normal -0.18511815524689906 -0.062839146191491418 0.98070510873753947
  outer loop
    vertex -0.12607862007251908 -0.033782664431261829 0.99144486137381038
    vertex -0.23911761839433451 -0.099045760541287595 0.96592582628906831
    vertex -0.12059047744873962 -0.049950211252314802 0.99144486137381038
  endloop
endfacet
facet normal -0.30496613995363153 -0.10352205501638449 0.94672004183230773
  outer loop
    vertex -0.24999999999999997 -0.066987298107780674 0.96592582628906831
    vertex -0.36964381061438611 -0.099045760541287636 0.92387953251128674
    vertex -0.35355339059327379 -0.14644660940672621 0.92387953251128674
  endloop
endfacet
facet normal -0.30496613995363159 -0.10352205501638446 0.94672004183230785
  outer loop
    vertex -0.24999999999999997 -0.066987298107780674 0.96592582628906831
    vertex -0.35355339059327379 -0.14644660940672621 0.92387953251128674
    vertex -0.23911761839433451 -0.099045760541287595 0.96592582628906831
  endloop
endfacet
facet normal -0.41953888213108931 -0.14241426029817794 0.89649612650803945
  outer loop
    vertex -0.36964381061438611 -0.099045760541287636 0.92387953251128674
    vertex -0.4829629131445341 -0.12940952255126037 0.86602540378443871
    vertex -0.46193976625564337 -0.19134171618254481 0.86602540378443871
  endloop
endfacet
facet normal -0.4195388821310892 -0.14241426029817797 0.89649612650803956
  outer loop
    vertex -0.36964381061438611 -0.099045760541287636 0.92387953251128674
    vertex -0.46193976625564337 -0.19134171618254481 0.86602540378443871
    vertex -0.35355339059327379 -0.14644660940672621 0.92387953251128674
  endloop
endfacet
facet normal -0.52686580965453467 -0.17884684293673236 0.83091890421907932
  outer loop
    vertex -0.4829629131445341 -0.12940952255126037 0.86602540378443871
    vertex -0.5880183863281625 -0.15755905175128307 0.79335334029123517
    vertex -0.56242222444347978 -0.2329629131445341 0.79335334029123517
  endloop
endfacet
facet normal -0.52686580965453467 -0.17884684293673236 0.83091890421907932
  outer loop
    vertex -0.4829629131445341 -0.12940952255126037 0.86602540378443871
    vertex -0.56242222444347978 -0.2329629131445341 0.79335334029123517
    vertex -0.46193976625564337 -0.19134171618254481 0.86602540378443871
  endloop
endfacet
facet normal -0.62511061922499145 -0.21219646195664532 0.75113871905609397
  outer loop
    vertex -0.5880183863281625 -0.15755905175128307 0.79335334029123517
    vertex -0.6830127018922193 -0.18301270189221933 0.70710678118654757
    vertex -0.65328148243818829 -0.2705980500730984 0.70710678118654757
  endloop
endfacet
facet normal -0.62511061922499156 -0.21219646195664524 0.75113871905609386
  outer loop
    vertex -0.5880183863281625 -0.15755905175128307 0.79335334029123517
    vertex -0.65328148243818829 -0.2705980500730984 0.70710678118654757
    vertex -0.56242222444347978 -0.2329629131445341 0.79335334029123517
  endloop
endfacet
facet normal -0.7126026586750337 -0.2418960073646044 0.65854671244364782
  outer loop
    vertex -0.6830127018922193 -0.18301270189221933 0.70710678118654757
    vertex -0.7663204807600037 -0.20533495396307272 0.60876142900872066
    vertex -0.73296291314453421 -0.30360317934095887 0.60876142900872066
  endloop
endfacet
facet normal -0.71260265867503358 -0.24189600736460456 0.65854671244364793
  outer loop
    vertex -0.6830127018922193 -0.18301270189221933 0.70710678118654757
    vertex -0.73296291314453421 -0.30360317934095887 0.60876142900872066
    vertex -0.65328148243818829 -0.2705980500730984 0.70710678118654757
  endloop
endfacet
facet normal -0.78786391063709615 -0.26744375987051572 0.55474705372984523
  outer loop
    vertex -0.7663204807600037 -0.20533495396307272 0.60876142900872066
    vertex -0.83651630373780783 -0.22414386804201339 0.50000000000000011
    vertex -0.80010314519126557 -0.33141357403559168 0.50000000000000011
  endloop
endfacet
facet normal -0.78786391063709582 -0.267443759870516 0.55474705372984556
  outer loop
    vertex -0.7663204807600037 -0.20533495396307272 0.60876142900872066
    vertex -0.80010314519126557 -0.33141357403559168 0.50000000000000011
    vertex -0.73296291314453421 -0.30360317934095887 0.60876142900872066
  endloop
endfacet
facet normal -0.84963137084204554 -0.28841098729626052 0.44152648401637556
  outer loop
    vertex -0.83651630373780783 -0.22414386804201339 0.50000000000000011
    vertex -0.89239910083252283 -0.23911761839433454 0.38268343236508984
    vertex -0.85355339059327384 -0.35355339059327368 0.38268343236508984
  endloop
endfacet
facet normal -0.84963137084204587 -0.28841098729626002 0.44152648401637506
  outer loop
    vertex -0.83651630373780783 -0.22414386804201339 0.50000000000000011
    vertex -0.85355339059327384 -0.35355339059327368 0.38268343236508984
    vertex -0.80010314519126557 -0.33141357403559168 0.50000000000000011
  endloop
endfacet
facet normal -0.89687488916034119 -0.30444800079309586 0.3208221438846029
  outer loop
    vertex -0.89239910083252283 -0.23911761839433454 0.38268343236508984
    vertex -0.93301270189221941 -0.25000000000000006 0.25881904510252074
    vertex -0.89239910083252294 -0.369643810614386 0.25881904510252074
  endloop
endfacet
facet normal -0.89687488916034108 -0.30444800079309592 0.3208221438846029
  outer loop
    vertex -0.89239910083252283 -0.23911761839433454 0.38268343236508984
    vertex -0.89239910083252294 -0.369643810614386 0.25881904510252074
    vertex -0.85355339059327384 -0.35355339059327368 0.38268343236508984
  endloop
endfacet
facet normal -0.92881074330694724 -0.31528876249360127 0.19468846746237872
  outer loop
    vertex -0.93301270189221941 -0.25000000000000006 0.25881904510252074
    vertex -0.95766219694254862 -0.25660481229257071 0.13052619222005171
    vertex -0.91597561503675351 -0.37940952255126026 0.13052619222005171
  endloop
endfacet
facet normal -0.92881074330694746 -0.31528876249360099 0.19468846746237845
  outer loop
    vertex -0.93301270189221941 -0.25000000000000006 0.25881904510252074
    vertex -0.91597561503675351 -0.37940952255126026 0.13052619222005171
    vertex -0.89239910083252294 -0.369643810614386 0.25881904510252074
  endloop
endfacet
facet normal -0.94491132424408142 -0.32075417326288558 0.06526369319720822
  outer loop
    vertex -0.95766219694254862 -0.25660481229257071 0.13052619222005171
    vertex -0.96592582628906831 -0.25881904510252079 6.123233995736766e-17
    vertex -0.92387953251128685 -0.38268343236508967 6.123233995736766e-17
  endloop
endfacet
facet normal -0.9449113242440812 -0.3207541732628858 0.065263693197208608
  outer loop
    vertex -0.95766219694254862 -0.25660481229257071 0.13052619222005171
    vertex -0.92387953251128685 -0.38268343236508967 6.123233995736766e-17
    vertex -0.91597561503675351 -0.37940952255126026 0.13052619222005171
  endloop
endfacet
facet normal -0.9449113242440812 -0.32075417326288586 -0.065263693197208192
  outer loop
    vertex -0.96592582628906831 -0.25881904510252079 6.123233995736766e-17
    vertex -0.95766219694254862 -0.25660481229257071 -0.1305261922200516
    vertex -0.91597561503675351 -0.37940952255126026 -0.1305261922200516
  endloop
endfacet
facet normal -0.94491132424408142 -0.32075417326288547 -0.065263693197208622
  outer loop
    vertex -0.96592582628906831 -0.25881904510252079 6.123233995736766e-17
    vertex -0.91597561503675351 -0.37940952255126026 -0.1305261922200516
    vertex -0.92387953251128685 -0.38268343236508967 6.123233995736766e-17
  endloop
endfacet
facet normal -0.92881074330694735 -0.31528876249360094 -0.19468846746237875
  outer loop
    vertex -0.95766219694254862 -0.25660481229257071 -0.1305261922200516
    vertex -0.93301270189221941 -0.25000000000000006 -0.25881904510252063
    vertex -0.89239910083252294 -0.369643810614386 -0.25881904510252063
  endloop
endfacet
facet normal -0.92881074330694724 -0.31528876249360127 -0.19468846746237842
  outer loop
    vertex -0.95766219694254862 -0.25660481229257071 -0.1305261922200516
    vertex -0.89239910083252294 -0.369643810614386 -0.25881904510252063
    vertex -0.91597561503675351 -0.37940952255126026 -0.1305261922200516
  endloop
endfacet
facet normal -0.8968748891603413 -0.30444800079309586 -0.32082214388460256
  outer loop
    vertex -0.93301270189221941 -0.25000000000000006 -0.25881904510252063
    vertex -0.89239910083252294 -0.23911761839433457 -0.3826834323650895
    vertex -0.85355339059327395 -0.35355339059327373 -0.3826834323650895
  endloop
endfacet
facet normal -0.8968748891603413 -0.30444800079309592 -0.32082214388460256
  outer loop
    vertex -0.93301270189221941 -0.25000000000000006 -0.25881904510252063
    vertex -0.85355339059327395 -0.35355339059327373 -0.3826834323650895
    vertex -0.89239910083252294 -0.369643810614386 -0.25881904510252063
  endloop
endfacet
facet normal -0.84963137084204576 -0.28841098729625997 -0.44152648401637545
  outer loop
    vertex -0.89239910083252294 -0.23911761839433457 -0.3826834323650895
    vertex -0.83651630373780794 -0.22414386804201342 -0.49999999999999983
    vertex -0.80010314519126569 -0.33141357403559174 -0.49999999999999983
  endloop
endfacet
facet normal -0.84963137084204587 -0.28841098729626058 -0.44152648401637495
  outer loop
    vertex -0.89239910083252294 -0.23911761839433457 -0.3826834323650895
    vertex -0.80010314519126569 -0.33141357403559174 -0.49999999999999983
    vertex -0.85355339059327395 -0.35355339059327373 -0.3826834323650895
  endloop
endfacet
facet normal -0.78786391063709615 -0.26744375987051616 -0.55474705372984501
  outer loop
    vertex -0.83651630373780794 -0.22414386804201342 -0.49999999999999983
    vertex -0.7663204807600037 -0.20533495396307272 -0.60876142900872066
    vertex -0.73296291314453421 -0.30360317934095887 -0.60876142900872066
  endloop
endfacet
facet normal -0.78786391063709604 -0.26744375987051572 -0.55474705372984523
  outer loop
    vertex -0.83651630373780794 -0.22414386804201342 -0.49999999999999983
    vertex -0.73296291314453421 -0.30360317934095887 -0.60876142900872066
    vertex -0.80010314519126569 -0.33141357403559174 -0.49999999999999983
  endloop
endfacet
facet normal -0.7126026586750337 -0.24189600736460445 -0.65854671244364771
  outer loop
    vertex -0.7663204807600037 -0.20533495396307272 -0.60876142900872066
    vertex -0.68301270189221941 -0.18301270189221935 -0.70710678118654746
    vertex -0.6532814824381884 -0.27059805007309845 -0.70710678118654746
  endloop
endfacet
facet normal -0.71260265867503381 -0.24189600736460445 -0.65854671244364782
  outer loop
    vertex -0.7663204807600037 -0.20533495396307272 -0.60876142900872066
    vertex -0.6532814824381884 -0.27059805007309845 -0.70710678118654746
    vertex -0.73296291314453421 -0.30360317934095887 -0.60876142900872066
  endloop
endfacet
facet normal -0.625110619224992 -0.21219646195664532 -0.75113871905609353
  outer loop
    vertex -0.68301270189221941 -0.18301270189221935 -0.70710678118654746
    vertex -0.58801838632816272 -0.15755905175128315 -0.79335334029123505
    vertex -0.56242222444348 -0.23296291314453418 -0.79335334029123505
  endloop
endfacet
facet normal -0.62511061922499189 -0.21219646195664538 -0.75113871905609364
  outer loop
    vertex -0.68301270189221941 -0.18301270189221935 -0.70710678118654746
    vertex -0.56242222444348 -0.23296291314453418 -0.79335334029123505
    vertex -0.6532814824381884 -0.27059805007309845 -0.70710678118654746
  endloop
endfacet
facet normal -0.52686580965453422 -0.17884684293673231 -0.83091890421907943
  outer loop
    vertex -0.58801838632816272 -0.15755905175128315 -0.79335334029123505
    vertex -0.4829629131445341 -0.12940952255126037 -0.86602540378443871
    vertex -0.46193976625564337 -0.19134171618254481 -0.86602540378443871
  endloop
endfacet
facet normal -0.52686580965453433 -0.17884684293673223 -0.83091890421907955
  outer loop
    vertex -0.58801838632816272 -0.15755905175128315 -0.79335334029123505
    vertex -0.46193976625564337 -0.19134171618254481 -0.86602540378443871
    vertex -0.56242222444348 -0.23296291314453418 -0.79335334029123505
  endloop
endfacet
facet normal -0.41953888213108953 -0.14241426029817808 -0.89649612650803934
  outer loop
    vertex -0.4829629131445341 -0.12940952255126037 -0.86602540378443871
    vertex -0.36964381061438623 -0.099045760541287664 -0.92387953251128674
    vertex -0.3535533905932739 -0.14644660940672624 -0.92387953251128674
  endloop
endfacet
facet normal -0.41953888213108964 -0.14241426029817814 -0.89649612650803945
  outer loop
    vertex -0.4829629131445341 -0.12940952255126037 -0.86602540378443871
    vertex -0.3535533905932739 -0.14644660940672624 -0.92387953251128674
    vertex -0.46193976625564337 -0.19134171618254481 -0.86602540378443871
  endloop
endfacet
facet normal -0.30496613995363125 -0.10352205501638462 -0.94672004183230796
  outer loop
    vertex -0.36964381061438623 -0.099045760541287664 -0.92387953251128674
    vertex -0.25000000000000028 -0.066987298107780757 -0.9659258262890682
    vertex -0.23911761839433479 -0.099045760541287692 -0.9659258262890682
  endloop
endfacet
facet normal -0.30496613995363125 -0.10352205501638437 -0.94672004183230796
  outer loop
    vertex -0.36964381061438623 -0.099045760541287664 -0.92387953251128674
    vertex -0.23911761839433479 -0.099045760541287692 -0.9659258262890682
    vertex -0.3535533905932739 -0.14644660940672624 -0.92387953251128674
  endloop
endfacet
facet normal -0.18511815524690012 -0.062839146191491335 -0.98070510873753947
  outer loop
    vertex -0.25000000000000028 -0.066987298107780757 -0.9659258262890682
    vertex -0.12607862007251947 -0.033782664431261933 -0.99144486137381038
    vertex -0.12059047744874 -0.049950211252314962 -0.99144486137381038
  endloop
endfacet
facet normal -0.18511815524689998 -0.062839146191491849 -0.98070510873753924
  outer loop
    vertex -0.25000000000000028 -0.066987298107780757 -0.9659258262890682
    vertex -0.12059047744874 -0.049950211252314962 -0.99144486137381038
    vertex -0.23911761839433479 -0.099045760541287692 -0.9659258262890682
  endloop
endfacet
facet normal -0.06206450947874502 -0.021068062066826258 -0.9978497549350358
  outer loop
    vertex 0 0 -1
    vertex -0.12059047744874 -0.049950211252314962 -0.99144486137381038
    vertex -0.12607862007251947 -0.033782664431261933 -0.99144486137381038
  endloop
endfacet
facet normal -0.058783605077349491 -0.028988865969525452 0.99784975493503592
  outer loop
    vertex 0 0 1
    vertex -0.12059047744873962 -0.049950211252314802 0.99144486137381038
    vertex -0.11303899832181544 -0.065263096110025759 0.99144486137381038
  endloop
endfacet
facet normal -0.17533228929180289 -0.086464316499849883 0.98070510873753969
  outer loop
    vertex -0.12059047744873962 -0.049950211252314802 0.99144486137381038
    vertex -0.23911761839433451 -0.099045760541287595 0.96592582628906831
    vertex -0.22414386804201342 -0.12940952255126031 0.96592582628906831
  endloop
endfacet
facet normal -0.17533228929180278 -0.08646431649984998 0.98070510873753969
  outer loop
    vertex -0.12059047744873962 -0.049950211252314802 0.99144486137381038
    vertex -0.22414386804201342 -0.12940952255126031 0.96592582628906831
    vertex -0.11303899832181544 -0.065263096110025759 0.99144486137381038
  endloop
endfacet
facet normal -0.28884477269795095 -0.14244247848904612 0.94672004183230785
  outer loop
    vertex -0.23911761839433451 -0.099045760541287595 0.96592582628906831
    vertex -0.35355339059327379 -0.14644660940672621 0.92387953251128674
    vertex -0.33141357403559185 -0.19134171618254481 0.92387953251128674
  endloop
endfacet
facet normal -0.28884477269795106 -0.14244247848904601 0.94672004183230773
  outer loop
    vertex -0.23911761839433451 -0.099045760541287595 0.96592582628906831
    vertex -0.33141357403559185 -0.19134171618254481 0.92387953251128674
    vertex -0.22414386804201342 -0.12940952255126031 0.96592582628906831
  endloop
endfacet
facet normal -0.39736087772082462 -0.19595669933180901 0.89649612650803956
  outer loop
    vertex -0.35355339059327379 -0.14644660940672621 0.92387953251128674
    vertex -0.46193976625564337 -0.19134171618254481 0.86602540378443871
    vertex -0.43301270189221935 -0.24999999999999986 0.86602540378443871
  endloop
endfacet
facet normal -0.39736087772082479 -0.19595669933180895 0.89649612650803956
  outer loop
    vertex -0.35355339059327379 -0.14644660940672621 0.92387953251128674
    vertex -0.43301270189221935 -0.24999999999999986 0.86602540378443871
    vertex -0.33141357403559185 -0.19134171618254481 0.92387953251128674
  endloop
endfacet
facet normal -0.49901420221643095 -0.24608657134769327 0.83091890421907932
  outer loop
    vertex -0.46193976625564337 -0.19134171618254481 0.86602540378443871
    vertex -0.56242222444347978 -0.2329629131445341 0.79335334029123517
    vertex -0.52720286236566927 -0.30438071450436022 0.79335334029123517
  endloop
endfacet
facet normal -0.49901420221643117 -0.24608657134769318 0.83091890421907932
  outer loop
    vertex -0.46193976625564337 -0.19134171618254481 0.86602540378443871
    vertex -0.52720286236566927 -0.30438071450436022 0.79335334029123517
    vertex -0.43301270189221935 -0.24999999999999986 0.86602540378443871
  endloop
endfacet
facet normal -0.59206551503905047 -0.29197440065237618 0.75113871905609386
  outer loop
    vertex -0.56242222444347978 -0.2329629131445341 0.79335334029123517
    vertex -0.65328148243818829 -0.2705980500730984 0.70710678118654757
    vertex -0.61237243569579458 -0.35355339059327356 0.70710678118654757
  endloop
endfacet
facet normal -0.59206551503905058 -0.29197440065237618 0.75113871905609386
  outer loop
    vertex -0.56242222444347978 -0.2329629131445341 0.79335334029123517
    vertex -0.61237243569579458 -0.35355339059327356 0.70710678118654757
    vertex -0.52720286236566927 -0.30438071450436022 0.79335334029123517
  endloop
endfacet
facet normal -0.67493247939014223 -0.33283986509121555 0.65854671244364804
  outer loop
    vertex -0.65328148243818829 -0.2705980500730984 0.70710678118654757
    vertex -0.73296291314453421 -0.30360317934095887 0.60876142900872066
    vertex -0.68706414686945028 -0.39667667014561742 0.60876142900872066
  endloop
endfacet
facet normal -0.67493247939014167 -0.33283986509121599 0.65854671244364826
  outer loop
    vertex -0.65328148243818829 -0.2705980500730984 0.70710678118654757
    vertex -0.68706414686945028 -0.39667667014561742 0.60876142900872066
    vertex -0.61237243569579458 -0.35355339059327356 0.70710678118654757
  endloop
endfacet
facet normal -0.74621521005411118 -0.36799261767317359 0.55474705372984556
  outer loop
    vertex -0.73296291314453421 -0.30360317934095887 0.60876142900872066
    vertex -0.80010314519126557 -0.33141357403559168 0.50000000000000011
    vertex -0.75000000000000011 -0.43301270189221913 0.50000000000000011
  endloop
endfacet
facet normal -0.74621521005411151 -0.36799261767317337 0.55474705372984534
  outer loop
    vertex -0.73296291314453421 -0.30360317934095887 0.60876142900872066
    vertex -0.75000000000000011 -0.43301270189221913 0.50000000000000011
    vertex -0.68706414686945028 -0.39667667014561742 0.60876142900872066
  endloop
endfacet
facet normal -0.80471746871712602 -0.39684273894533967 0.44152648401637512
  outer loop
    vertex -0.80010314519126557 -0.33141357403559168 0.50000000000000011
    vertex -0.85355339059327384 -0.35355339059327368 0.38268343236508984
    vertex -0.80010314519126569 -0.46193976625564315 0.38268343236508984
  endloop
endfacet
facet normal -0.80471746871712602 -0.39684273894533967 0.44152648401637506
  outer loop
    vertex -0.80010314519126557 -0.33141357403559168 0.50000000000000011
    vertex -0.80010314519126569 -0.46193976625564315 0.38268343236508984
    vertex -0.75000000000000011 -0.43301270189221913 0.50000000000000011
  endloop
endfacet
facet normal -0.84946356188069583 -0.41890907012172518 0.32082214388460284
  outer loop
    vertex -0.85355339059327384 -0.35355339059327368 0.38268343236508984
    vertex -0.89239910083252294 -0.369643810614386 0.25881904510252074
    vertex -0.83651630373780805 -0.48296291314453393 0.25881904510252074
  endloop
endfacet
facet normal -0.84946356188069616 -0.4189090701217249 0.32082214388460245
  outer loop
    vertex -0.85355339059327384 -0.35355339059327368 0.38268343236508984
    vertex -0.83651630373780805 -0.48296291314453393 0.25881904510252074
    vertex -0.80010314519126569 -0.46193976625564315 0.38268343236508984
  endloop
endfacet
facet normal -0.87971119702240019 -0.43382555304012005 0.19468846746237842
  outer loop
    vertex -0.89239910083252294 -0.369643810614386 0.25881904510252074
    vertex -0.91597561503675351 -0.37940952255126026 0.13052619222005171
    vertex -0.85861643640126106 -0.49572243068690497 0.13052619222005171
  endloop
endfacet
facet normal -0.87971119702239997 -0.43382555304012033 0.19468846746237881
  outer loop
    vertex -0.89239910083252294 -0.369643810614386 0.25881904510252074
    vertex -0.85861643640126106 -0.49572243068690497 0.13052619222005171
    vertex -0.83651630373780805 -0.48296291314453393 0.25881904510252074
  endloop
endfacet
facet normal -0.89496065600102181 -0.44134575398487919 0.06526369319720865
  outer loop
    vertex -0.91597561503675351 -0.37940952255126026 0.13052619222005171
    vertex -0.92387953251128685 -0.38268343236508967 6.123233995736766e-17
    vertex -0.86602540378443882 -0.49999999999999978 6.123233995736766e-17
  endloop
endfacet
facet normal -0.89496065600102159 -0.44134575398487919 0.065263693197208761
  outer loop
    vertex -0.91597561503675351 -0.37940952255126026 0.13052619222005171
    vertex -0.86602540378443882 -0.49999999999999978 6.123233995736766e-17
    vertex -0.85861643640126106 -0.49572243068690497 0.13052619222005171
  endloop
endfacet
facet normal -0.89496065600102159 -0.44134575398487913 -0.06526369319720865
  outer loop
    vertex -0.92387953251128685 -0.38268343236508967 6.123233995736766e-17
    vertex -0.91597561503675351 -0.37940952255126026 -0.1305261922200516
    vertex -0.85861643640126106 -0.49572243068690497 -0.1305261922200516
  endloop
endfacet
facet normal -0.89496065600102181 -0.44134575398487919 -0.065263693197208775
  outer loop
    vertex -0.92387953251128685 -0.38268343236508967 6.123233995736766e-17
    vertex -0.85861643640126106 -0.49572243068690497 -0.1305261922200516
    vertex -0.86602540378443882 -0.49999999999999978 6.123233995736766e-17
  endloop
endfacet
facet normal -0.87971119702240008 -0.43382555304012038 -0.19468846746237842
  outer loop
    vertex -0.91597561503675351 -0.37940952255126026 -0.1305261922200516
    vertex -0.89239910083252294 -0.369643810614386 -0.25881904510252063
    vertex -0.83651630373780805 -0.48296291314453393 -0.25881904510252063
  endloop
endfacet
facet normal -0.87971119702240019 -0.43382555304012005 -0.19468846746237881
  outer loop
    vertex -0.91597561503675351 -0.37940952255126026 -0.1305261922200516
    vertex -0.83651630373780805 -0.48296291314453393 -0.25881904510252063
    vertex -0.85861643640126106 -0.49572243068690497 -0.1305261922200516
  endloop
endfacet
facet normal -0.84946356188069616 -0.41890907012172496 -0.32082214388460251
  outer loop
    vertex -0.89239910083252294 -0.369643810614386 -0.25881904510252063
    vertex -0.85355339059327395 -0.35355339059327373 -0.3826834323650895
    vertex -0.8001031451912658 -0.4619397662556432 -0.3826834323650895
  endloop
endfacet
facet normal -0.84946356188069605 -0.41890907012172529 -0.32082214388460217
  outer loop
    vertex -0.89239910083252294 -0.369643810614386 -0.25881904510252063
    vertex -0.8001031451912658 -0.4619397662556432 -0.3826834323650895
    vertex -0.83651630373780805 -0.48296291314453393 -0.25881904510252063
  endloop
endfacet
facet normal -0.80471746871712602 -0.39684273894533967 -0.44152648401637495
  outer loop
    vertex -0.85355339059327395 -0.35355339059327373 -0.3826834323650895
    vertex -0.80010314519126569 -0.33141357403559174 -0.49999999999999983
    vertex -0.75000000000000022 -0.43301270189221919 -0.49999999999999983
  endloop
endfacet
facet normal -0.80471746871712602 -0.39684273894533972 -0.44152648401637479
  outer loop
    vertex -0.85355339059327395 -0.35355339059327373 -0.3826834323650895
    vertex -0.75000000000000022 -0.43301270189221919 -0.49999999999999983
    vertex -0.8001031451912658 -0.4619397662556432 -0.3826834323650895
  endloop
endfacet
facet normal -0.74621521005411151 -0.36799261767317343 -0.55474705372984534
  outer loop
    vertex -0.80010314519126569 -0.33141357403559174 -0.49999999999999983
    vertex -0.73296291314453421 -0.30360317934095887 -0.60876142900872066
    vertex -0.68706414686945028 -0.39667667014561742 -0.60876142900872066
  endloop
endfacet
facet normal -0.74621521005411151 -0.36799261767317382 -0.55474705372984501
  outer loop
    vertex -0.80010314519126569 -0.33141357403559174 -0.49999999999999983
    vertex -0.68706414686945028 -0.39667667014561742 -0.60876142900872066
    vertex -0.75000000000000022 -0.43301270189221919 -0.49999999999999983
  endloop
endfacet
facet normal -0.674932479390142 -0.33283986509121605 -0.65854671244364782
  outer loop
    vertex -0.73296291314453421 -0.30360317934095887 -0.60876142900872066
    vertex -0.6532814824381884 -0.27059805007309845 -0.70710678118654746
    vertex -0.61237243569579469 -0.35355339059327362 -0.70710678118654746
  endloop
endfacet
facet normal -0.674932479390142 -0.33283986509121544 -0.65854671244364815
  outer loop
    vertex -0.73296291314453421 -0.30360317934095887 -0.60876142900872066
    vertex -0.61237243569579469 -0.35355339059327362 -0.70710678118654746
    vertex -0.68706414686945028 -0.39667667014561742 -0.60876142900872066
  endloop
endfacet
facet normal -0.59206551503905092 -0.29197440065237634 -0.75113871905609353
  outer loop
    vertex -0.6532814824381884 -0.27059805007309845 -0.70710678118654746
    vertex -0.56242222444348 -0.23296291314453418 -0.79335334029123505
    vertex -0.52720286236566949 -0.30438071450436033 -0.79335334029123505
  endloop
endfacet
facet normal -0.5920655150390508 -0.29197440065237634 -0.75113871905609353
  outer loop
    vertex -0.6532814824381884 -0.27059805007309845 -0.70710678118654746
    vertex -0.52720286236566949 -0.30438071450436033 -0.79335334029123505
    vertex -0.61237243569579469 -0.35355339059327362 -0.70710678118654746
  endloop
endfacet
facet normal -0.49901420221643084 -0.24608657134769299 -0.83091890421907955
  outer loop
    vertex -0.56242222444348 -0.23296291314453418 -0.79335334029123505
    vertex -0.46193976625564337 -0.19134171618254481 -0.86602540378443871
    vertex -0.43301270189221935 -0.24999999999999986 -0.86602540378443871
  endloop
endfacet
facet normal -0.49901420221643084 -0.24608657134769313 -0.83091890421907955
  outer loop
    vertex -0.56242222444348 -0.23296291314453418 -0.79335334029123505
    vertex -0.43301270189221935 -0.24999999999999986 -0.86602540378443871
    vertex -0.52720286236566949 -0.30438071450436033 -0.79335334029123505
  endloop
endfacet
facet normal -0.39736087772082507 -0.19595669933180895 -0.89649612650803934
  outer loop
    vertex -0.46193976625564337 -0.19134171618254481 -0.86602540378443871
    vertex -0.3535533905932739 -0.14644660940672624 -0.92387953251128674
    vertex -0.33141357403559196 -0.19134171618254486 -0.92387953251128674
  endloop
endfacet
facet normal -0.39736087772082512 -0.19595669933180915 -0.89649612650803934
  outer loop
    vertex -0.46193976625564337 -0.19134171618254481 -0.86602540378443871
    vertex -0.33141357403559196 -0.19134171618254486 -0.92387953251128674
    vertex -0.43301270189221935 -0.24999999999999986 -0.86602540378443871
  endloop
endfacet
facet normal -0.28884477269795061 -0.14244247848904623 -0.94672004183230796
  outer loop
    vertex -0.3535533905932739 -0.14644660940672624 -0.92387953251128674
    vertex -0.23911761839433479 -0.099045760541287692 -0.9659258262890682
    vertex -0.22414386804201364 -0.12940952255126045 -0.9659258262890682
  endloop
endfacet
facet normal -0.28884477269795061 -0.14244247848904587 -0.94672004183230796
  outer loop
    vertex -0.3535533905932739 -0.14644660940672624 -0.92387953251128674
    vertex -0.22414386804201364 -0.12940952255126045 -0.9659258262890682
    vertex -0.33141357403559196 -0.19134171618254486 -0.92387953251128674
  endloop
endfacet
facet normal -0.17533228929180369 -0.086464316499850494 -0.98070510873753947
  outer loop
    vertex -0.23911761839433479 -0.099045760541287692 -0.9659258262890682
    vertex -0.12059047744874 -0.049950211252314962 -0.99144486137381038
    vertex -0.1130389983218158 -0.065263096110025967 -0.99144486137381038
  endloop
endfacet
facet normal -0.17533228929180372 -0.086464316499850452 -0.98070510873753947
  outer loop
    vertex -0.23911761839433479 -0.099045760541287692 -0.9659258262890682
    vertex -0.1130389983218158 -0.065263096110025967 -0.99144486137381038
    vertex -0.22414386804201364 -0.12940952255126045 -0.9659258262890682
  endloop
endfacet
facet normal -0.058783605077349345 -0.028988865969525421 -0.99784975493503592
  outer loop
    vertex 0 0 -1
    vertex -0.1130389983218158 -0.065263096110025967 -0.99144486137381038
    vertex -0.12059047744874 -0.049950211252314962 -0.99144486137381038
  endloop
endfacet
facet normal -0.054496896895186032 -0.036413662338253883 0.99784975493503592
  outer loop
    vertex 0 0 1
    vertex -0.11303899832181544 -0.065263096110025759 0.99144486137381038
    vertex -0.10355339059327374 -0.079459311298945554 0.99144486137381038
  endloop
endfacet
facet normal -0.16254643925562948 -0.10861005838045865 0.98070510873753958
  outer loop
    vertex -0.11303899832181544 -0.065263096110025759 0.99144486137381038
    vertex -0.22414386804201342 -0.12940952255126031 0.96592582628906831
    vertex -0.20533495396307269 -0.15755905175128304 0.96592582628906831
  endloop
endfacet
facet normal -0.16254643925562945 -0.10861005838045855 0.98070510873753958
  outer loop
    vertex -0.11303899832181544 -0.065263096110025759 0.99144486137381038
    vertex -0.20533495396307269 -0.15755905175128304 0.96592582628906831
    vertex -0.10355339059327374 -0.079459311298945554 0.99144486137381038
  endloop
endfacet
facet normal -0.26778119129850791 -0.17892567166224435 0.94672004183230785
  outer loop
    vertex -0.22414386804201342 -0.12940952255126031 0.96592582628906831
    vertex -0.33141357403559185 -0.19134171618254481 0.92387953251128674
    vertex -0.30360317934095893 -0.23296291314453416 0.92387953251128674
  endloop
endfacet
facet normal -0.26778119129850786 -0.1789256716622443 0.94672004183230773
  outer loop
    vertex -0.22414386804201342 -0.12940952255126031 0.96592582628906831
    vertex -0.30360317934095893 -0.23296291314453416 0.92387953251128674
    vertex -0.20533495396307269 -0.15755905175128304 0.96592582628906831
  endloop
endfacet
facet normal -0.36838391852350799 -0.24614626491041172 0.89649612650803945
  outer loop
    vertex -0.33141357403559185 -0.19134171618254481 0.92387953251128674
    vertex -0.43301270189221935 -0.24999999999999986 0.86602540378443871
    vertex -0.39667667014561753 -0.30438071450436027 0.86602540378443871
  endloop
endfacet
facet normal -0.36838391852350805 -0.24614626491041175 0.89649612650803956
  outer loop
    vertex -0.33141357403559185 -0.19134171618254481 0.92387953251128674
    vertex -0.39667667014561753 -0.30438071450436027 0.86602540378443871
    vertex -0.30360317934095893 -0.23296291314453416 0.92387953251128674
  endloop
endfacet
facet normal -0.46262432342552962 -0.30911569029480762 0.83091890421907943
  outer loop
    vertex -0.43301270189221935 -0.24999999999999986 0.86602540378443871
    vertex -0.52720286236566927 -0.30438071450436022 0.79335334029123517
    vertex -0.48296291314453416 -0.37059047744873963 0.79335334029123517
  endloop
endfacet
facet normal -0.4626243234255295 -0.30911569029480779 0.83091890421907943
  outer loop
    vertex -0.43301270189221935 -0.24999999999999986 0.86602540378443871
    vertex -0.48296291314453416 -0.37059047744873963 0.79335334029123517
    vertex -0.39667667014561753 -0.30438071450436027 0.86602540378443871
  endloop
endfacet
facet normal -0.54889000573921876 -0.36675657640234738 0.75113871905609386
  outer loop
    vertex -0.52720286236566927 -0.30438071450436022 0.79335334029123517
    vertex -0.61237243569579458 -0.35355339059327356 0.70710678118654757
    vertex -0.56098552679693092 -0.4304593345768794 0.70710678118654757
  endloop
endfacet
facet normal -0.54889000573921876 -0.36675657640234743 0.75113871905609386
  outer loop
    vertex -0.52720286236566927 -0.30438071450436022 0.79335334029123517
    vertex -0.56098552679693092 -0.4304593345768794 0.70710678118654757
    vertex -0.48296291314453416 -0.37059047744873963 0.79335334029123517
  endloop
endfacet
facet normal -0.62571401825624884 -0.41808874044547223 0.65854671244364826
  outer loop
    vertex -0.61237243569579458 -0.35355339059327356 0.70710678118654757
    vertex -0.68706414686945028 -0.39667667014561742 0.60876142900872066
    vertex -0.62940952255126037 -0.48296291314453416 0.60876142900872066
  endloop
endfacet
facet normal -0.62571401825624939 -0.41808874044547206 0.65854671244364804
  outer loop
    vertex -0.61237243569579458 -0.35355339059327356 0.70710678118654757
    vertex -0.62940952255126037 -0.48296291314453416 0.60876142900872066
    vertex -0.56098552679693092 -0.4304593345768794 0.70710678118654757
  endloop
endfacet
facet normal -0.69179856033715836 -0.46224501976061466 0.55474705372984534
  outer loop
    vertex -0.68706414686945028 -0.39667667014561742 0.60876142900872066
    vertex -0.75000000000000011 -0.43301270189221913 0.50000000000000011
    vertex -0.68706414686945005 -0.52720286236566916 0.50000000000000011
  endloop
endfacet
facet normal -0.69179856033715814 -0.46224501976061488 0.55474705372984556
  outer loop
    vertex -0.68706414686945028 -0.39667667014561742 0.60876142900872066
    vertex -0.68706414686945005 -0.52720286236566916 0.50000000000000011
    vertex -0.62940952255126037 -0.48296291314453416 0.60876142900872066
  endloop
endfacet
facet normal -0.74603462759262318 -0.49848440130547095 0.44152648401637501
  outer loop
    vertex -0.75000000000000011 -0.43301270189221913 0.50000000000000011
    vertex -0.80010314519126569 -0.46193976625564315 0.38268343236508984
    vertex -0.7329629131445341 -0.56242222444347967 0.38268343236508984
  endloop
endfacet
facet normal -0.7460346275926234 -0.49848440130547078 0.44152648401637484
  outer loop
    vertex -0.75000000000000011 -0.43301270189221913 0.50000000000000011
    vertex -0.7329629131445341 -0.56242222444347967 0.38268343236508984
    vertex -0.68706414686945005 -0.52720286236566916 0.50000000000000011
  endloop
endfacet
facet normal -0.78751767754147872 -0.52620248911703482 0.32082214388460251
  outer loop
    vertex -0.80010314519126569 -0.46193976625564315 0.38268343236508984
    vertex -0.83651630373780805 -0.48296291314453393 0.25881904510252074
    vertex -0.7663204807600037 -0.5880183863281625 0.25881904510252074
  endloop
endfacet
facet normal -0.78751767754147817 -0.52620248911703504 0.32082214388460301
  outer loop
    vertex -0.80010314519126569 -0.46193976625564315 0.38268343236508984
    vertex -0.7663204807600037 -0.5880183863281625 0.25881904510252074
    vertex -0.7329629131445341 -0.56242222444347967 0.38268343236508984
  endloop
endfacet
facet normal -0.8155595482547775 -0.54493946809495608 0.19468846746237881
  outer loop
    vertex -0.83651630373780805 -0.48296291314453393 0.25881904510252074
    vertex -0.85861643640126106 -0.49572243068690497 0.13052619222005171
    vertex -0.78656609248549303 -0.60355339059327373 0.13052619222005171
  endloop
endfacet
facet normal -0.81555954825477761 -0.54493946809495597 0.19468846746237853
  outer loop
    vertex -0.83651630373780805 -0.48296291314453393 0.25881904510252074
    vertex -0.78656609248549303 -0.60355339059327373 0.13052619222005171
    vertex -0.7663204807600037 -0.5880183863281625 0.25881904510252074
  endloop
endfacet
facet normal -0.82969696280381333 -0.55438578649203141 0.065263693197208733
  outer loop
    vertex -0.85861643640126106 -0.49572243068690497 0.13052619222005171
    vertex -0.86602540378443882 -0.49999999999999978 6.123233995736766e-17
    vertex -0.79335334029123517 -0.60876142900872066 6.123233995736766e-17
  endloop
endfacet
facet normal -0.82969696280381333 -0.55438578649203141 0.065263693197208775
  outer loop
    vertex -0.85861643640126106 -0.49572243068690497 0.13052619222005171
    vertex -0.79335334029123517 -0.60876142900872066 6.123233995736766e-17
    vertex -0.78656609248549303 -0.60355339059327373 0.13052619222005171
  endloop
endfacet
facet normal -0.82969696280381333 -0.55438578649203141 -0.065263693197208733
  outer loop
    vertex -0.86602540378443882 -0.49999999999999978 6.123233995736766e-17
    vertex -0.85861643640126106 -0.49572243068690497 -0.1305261922200516
    vertex -0.78656609248549303 -0.60355339059327373 -0.1305261922200516
  endloop
endfacet
facet normal -0.82969696280381333 -0.55438578649203141 -0.065263693197208858
  outer loop
    vertex -0.86602540378443882 -0.49999999999999978 6.123233995736766e-17
    vertex -0.78656609248549303 -0.60355339059327373 -0.1305261922200516
    vertex -0.79335334029123517 -0.60876142900872066 6.123233995736766e-17
  endloop
endfacet
facet normal -0.8155595482547775 -0.54493946809495586 -0.19468846746237875
  outer loop
    vertex -0.85861643640126106 -0.49572243068690497 -0.1305261922200516
    vertex -0.83651630373780805 -0.48296291314453393 -0.25881904510252063
    vertex -0.7663204807600037 -0.5880183863281625 -0.25881904510252063
  endloop
endfacet
facet normal -0.8155595482547775 -0.54493946809495608 -0.19468846746237856
  outer loop
    vertex -0.85861643640126106 -0.49572243068690497 -0.1305261922200516
    vertex -0.7663204807600037 -0.5880183863281625 -0.25881904510252063
    vertex -0.78656609248549303 -0.60355339059327373 -0.1305261922200516
  endloop
endfacet
facet normal -0.7875176775414785 -0.52620248911703504 -0.32082214388460212
  outer loop
    vertex -0.83651630373780805 -0.48296291314453393 -0.25881904510252063
    vertex -0.8001031451912658 -0.4619397662556432 -0.3826834323650895
    vertex -0.73296291314453421 -0.56242222444347978 -0.3826834323650895
  endloop
endfacet
facet normal -0.78751767754147861 -0.52620248911703471 -0.3208221438846024
  outer loop
    vertex -0.83651630373780805 -0.48296291314453393 -0.25881904510252063
    vertex -0.73296291314453421 -0.56242222444347978 -0.3826834323650895
    vertex -0.7663204807600037 -0.5880183863281625 -0.25881904510252063
  endloop
endfacet
facet normal -0.74603462759262351 -0.49848440130547061 -0.44152648401637484
  outer loop
    vertex -0.8001031451912658 -0.4619397662556432 -0.3826834323650895
    vertex -0.75000000000000022 -0.43301270189221919 -0.49999999999999983
    vertex -0.68706414686945017 -0.52720286236566927 -0.49999999999999983
  endloop
endfacet
facet normal -0.74603462759262351 -0.49848440130547084 -0.44152648401637462
  outer loop
    vertex -0.8001031451912658 -0.4619397662556432 -0.3826834323650895
    vertex -0.68706414686945017 -0.52720286236566927 -0.49999999999999983
    vertex -0.73296291314453421 -0.56242222444347978 -0.3826834323650895
  endloop
endfacet
facet normal -0.69179856033715847 -0.46224501976061505 -0.55474705372984501
  outer loop
    vertex -0.75000000000000022 -0.43301270189221919 -0.49999999999999983
    vertex -0.68706414686945028 -0.39667667014561742 -0.60876142900872066
    vertex -0.62940952255126037 -0.48296291314453416 -0.60876142900872066
  endloop
endfacet
facet normal -0.69179856033715859 -0.4622450197606145 -0.55474705372984534
  outer loop
    vertex -0.75000000000000022 -0.43301270189221919 -0.49999999999999983
    vertex -0.62940952255126037 -0.48296291314453416 -0.60876142900872066
    vertex -0.68706414686945017 -0.52720286236566927 -0.49999999999999983
  endloop
endfacet
facet normal -0.62571401825624917 -0.41808874044547195 -0.65854671244364815
  outer loop
    vertex -0.68706414686945028 -0.39667667014561742 -0.60876142900872066
    vertex -0.61237243569579469 -0.35355339059327362 -0.70710678118654746
    vertex -0.56098552679693103 -0.43045933457687946 -0.70710678118654746
  endloop
endfacet
facet normal -0.62571401825624928 -0.41808874044547245 -0.65854671244364793
  outer loop
    vertex -0.68706414686945028 -0.39667667014561742 -0.60876142900872066
    vertex -0.56098552679693103 -0.43045933457687946 -0.70710678118654746
    vertex -0.62940952255126037 -0.48296291314453416 -0.60876142900872066
  endloop
endfacet
facet normal -0.54889000573921898 -0.36675657640234777 -0.75113871905609353
  outer loop
    vertex -0.61237243569579469 -0.35355339059327362 -0.70710678118654746
    vertex -0.52720286236566949 -0.30438071450436033 -0.79335334029123505
    vertex -0.48296291314453432 -0.3705904774487398 -0.79335334029123505
  endloop
endfacet
facet normal -0.54889000573921898 -0.3667565764023476 -0.75113871905609342
  outer loop
    vertex -0.61237243569579469 -0.35355339059327362 -0.70710678118654746
    vertex -0.48296291314453432 -0.3705904774487398 -0.79335334029123505
    vertex -0.56098552679693103 -0.43045933457687946 -0.70710678118654746
  endloop
endfacet
facet normal -0.46262432342552928 -0.30911569029480751 -0.83091890421907955
  outer loop
    vertex -0.52720286236566949 -0.30438071450436033 -0.79335334029123505
    vertex -0.43301270189221935 -0.24999999999999986 -0.86602540378443871
    vertex -0.39667667014561753 -0.30438071450436027 -0.86602540378443871
  endloop
endfacet
facet normal -0.46262432342552939 -0.30911569029480762 -0.83091890421907943
  outer loop
    vertex -0.52720286236566949 -0.30438071450436033 -0.79335334029123505
    vertex -0.39667667014561753 -0.30438071450436027 -0.86602540378443871
    vertex -0.48296291314453432 -0.3705904774487398 -0.79335334029123505
  endloop
endfacet
facet normal -0.36838391852350832 -0.24614626491041189 -0.89649612650803934
  outer loop
    vertex -0.43301270189221935 -0.24999999999999986 -0.86602540378443871
    vertex -0.33141357403559196 -0.19134171618254486 -0.92387953251128674
    vertex -0.30360317934095904 -0.23296291314453421 -0.92387953251128674
  endloop
endfacet
facet normal -0.36838391852350844 -0.24614626491041203 -0.89649612650803945
  outer loop
    vertex -0.43301270189221935 -0.24999999999999986 -0.86602540378443871
    vertex -0.30360317934095904 -0.23296291314453421 -0.92387953251128674
    vertex -0.39667667014561753 -0.30438071450436027 -0.86602540378443871
  endloop
endfacet
facet normal -0.26778119129850747 -0.17892567166224396 -0.94672004183230796
  outer loop
    vertex -0.33141357403559196 -0.19134171618254486 -0.92387953251128674
    vertex -0.22414386804201364 -0.12940952255126045 -0.9659258262890682
    vertex -0.20533495396307289 -0.15755905175128321 -0.9659258262890682
  endloop
endfacet
facet normal -0.26778119129850753 -0.1789256716622441 -0.94672004183230785
  outer loop
    vertex -0.33141357403559196 -0.19134171618254486 -0.92387953251128674
    vertex -0.20533495396307289 -0.15755905175128321 -0.9659258262890682
    vertex -0.30360317934095904 -0.23296291314453421 -0.92387953251128674
  endloop
endfacet
facet normal -0.16254643925563031 -0.10861005838045912 -0.98070510873753935
  outer loop
    vertex -0.22414386804201364 -0.12940952255126045 -0.9659258262890682
    vertex -0.1130389983218158 -0.065263096110025967 -0.99144486137381038
    vertex -0.10355339059327408 -0.079459311298945803 -0.99144486137381038
  endloop
endfacet
facet normal -0.16254643925563031 -0.1086100583804592 -0.98070510873753935
  outer loop
    vertex -0.22414386804201364 -0.12940952255126045 -0.9659258262890682
    vertex -0.10355339059327408 -0.079459311298945803 -0.99144486137381038
    vertex -0.20533495396307289 -0.15755905175128321 -0.9659258262890682
  endloop
endfacet
facet normal -0.054496896895185838 -0.036413662338253758 -0.99784975493503592
  outer loop
    vertex 0 0 -1
    vertex -0.10355339059327408 -0.079459311298945803 -0.99144486137381038
    vertex -0.1130389983218158 -0.065263096110025967 -0.99144486137381038
  endloop
endfacet
facet normal -0.049277731697751605 -0.043215410848600221 0.99784975493503592
  outer loop
    vertex 0 0 1
    vertex -0.10355339059327374 -0.079459311298945554 0.99144486137381038
    vertex -0.092295955641257296 -0.092295955641257199 0.99144486137381038
  endloop
endfacet
facet normal -0.14697937457740531 -0.12889745204978037 0.98070510873753958
  outer loop
    vertex -0.10355339059327374 -0.079459311298945554 0.99144486137381038
    vertex -0.20533495396307269 -0.15755905175128304 0.96592582628906831
    vertex -0.18301270189221941 -0.18301270189221922 0.96592582628906831
  endloop
endfacet
facet normal -0.14697937457740529 -0.12889745204978043 0.98070510873753958
  outer loop
    vertex -0.10355339059327374 -0.079459311298945554 0.99144486137381038
    vertex -0.18301270189221941 -0.18301270189221922 0.96592582628906831
    vertex -0.092295955641257296 -0.092295955641257199 0.99144486137381038
  endloop
endfacet
facet normal -0.24213579947297531 -0.21234739698573291 0.94672004183230785
  outer loop
    vertex -0.20533495396307269 -0.15755905175128304 0.96592582628906831
    vertex -0.30360317934095893 -0.23296291314453416 0.92387953251128674
    vertex -0.27059805007309867 -0.27059805007309834 0.92387953251128674
  endloop
endfacet
facet normal -0.24213579947297509 -0.21234739698573302 0.94672004183230785
  outer loop
    vertex -0.20533495396307269 -0.15755905175128304 0.96592582628906831
    vertex -0.27059805007309867 -0.27059805007309834 0.92387953251128674
    vertex -0.18301270189221941 -0.18301270189221922 0.96592582628906831
  endloop
endfacet
facet normal -0.33310380834493653 -0.29212419965175951 0.89649612650803956
  outer loop
    vertex -0.30360317934095893 -0.23296291314453416 0.92387953251128674
    vertex -0.39667667014561753 -0.30438071450436027 0.86602540378443871
    vertex -0.3535533905932739 -0.35355339059327351 0.86602540378443871
  endloop
endfacet
facet normal -0.33310380834493675 -0.2921241996517594 0.89649612650803945
  outer loop
    vertex -0.30360317934095893 -0.23296291314453416 0.92387953251128674
    vertex -0.3535533905932739 -0.35355339059327351 0.86602540378443871
    vertex -0.27059805007309867 -0.27059805007309834 0.92387953251128674
  endloop
endfacet
facet normal -0.41831881419712302 -0.36685575407791721 0.83091890421907932
  outer loop
    vertex -0.39667667014561753 -0.30438071450436027 0.86602540378443871
    vertex -0.48296291314453416 -0.37059047744873963 0.79335334029123517
    vertex -0.43045933457687963 -0.43045933457687918 0.79335334029123517
  endloop
endfacet
facet normal -0.41831881419712308 -0.36685575407791715 0.83091890421907921
  outer loop
    vertex -0.39667667014561753 -0.30438071450436027 0.86602540378443871
    vertex -0.43045933457687963 -0.43045933457687918 0.79335334029123517
    vertex -0.3535533905932739 -0.35355339059327351 0.86602540378443871
  endloop
endfacet
facet normal -0.49632283626012891 -0.43526344544594103 0.75113871905609386
  outer loop
    vertex -0.48296291314453416 -0.37059047744873963 0.79335334029123517
    vertex -0.56098552679693092 -0.4304593345768794 0.70710678118654757
    vertex -0.50000000000000022 -0.49999999999999967 0.70710678118654757
  endloop
endfacet
facet normal -0.49632283626012891 -0.43526344544594109 0.75113871905609386
  outer loop
    vertex -0.48296291314453416 -0.37059047744873963 0.79335334029123517
    vertex -0.50000000000000022 -0.49999999999999967 0.70710678118654757
    vertex -0.43045933457687963 -0.43045933457687918 0.79335334029123517
  endloop
endfacet
facet normal -0.56578941678929195 -0.49618400153460807 0.65854671244364793
  outer loop
    vertex -0.56098552679693092 -0.4304593345768794 0.70710678118654757
    vertex -0.62940952255126037 -0.48296291314453416 0.60876142900872066
    vertex -0.56098552679693126 -0.5609855267969307 0.60876142900872066
  endloop
endfacet
facet normal -0.56578941678929218 -0.49618400153460812 0.65854671244364793
  outer loop
    vertex -0.56098552679693092 -0.4304593345768794 0.70710678118654757
    vertex -0.56098552679693126 -0.5609855267969307 0.60876142900872066
    vertex -0.50000000000000022 -0.49999999999999967 0.70710678118654757
  endloop
endfacet
facet normal -0.62554504545004008 -0.54858828140141958 0.55474705372984556
  outer loop
    vertex -0.62940952255126037 -0.48296291314453416 0.60876142900872066
    vertex -0.68706414686945005 -0.52720286236566916 0.50000000000000011
    vertex -0.6123724356957948 -0.61237243569579414 0.50000000000000011
  endloop
endfacet
facet normal -0.62554504545004008 -0.54858828140141958 0.55474705372984556
  outer loop
    vertex -0.62940952255126037 -0.48296291314453416 0.60876142900872066
    vertex -0.6123724356957948 -0.61237243569579414 0.50000000000000011
    vertex -0.56098552679693126 -0.5609855267969307 0.60876142900872066
  endloop
endfacet
facet normal -0.6745869271501358 -0.59159685735327827 0.44152648401637473
  outer loop
    vertex -0.68706414686945005 -0.52720286236566916 0.50000000000000011
    vertex -0.7329629131445341 -0.56242222444347967 0.38268343236508984
    vertex -0.65328148243818862 -0.65328148243818784 0.38268343236508984
  endloop
endfacet
facet normal -0.67458692715013557 -0.5915968573532786 0.44152648401637518
  outer loop
    vertex -0.68706414686945005 -0.52720286236566916 0.50000000000000011
    vertex -0.65328148243818862 -0.65328148243818784 0.38268343236508984
    vertex -0.6123724356957948 -0.61237243569579414 0.50000000000000011
  endloop
endfacet
facet normal -0.71209714739837693 -0.62449243763265982 0.32082214388460306
  outer loop
    vertex -0.7329629131445341 -0.56242222444347967 0.38268343236508984
    vertex -0.7663204807600037 -0.5880183863281625 0.25881904510252074
    vertex -0.68301270189221974 -0.68301270189221897 0.25881904510252074
  endloop
endfacet
facet normal -0.71209714739837671 -0.62449243763265971 0.32082214388460306
  outer loop
    vertex -0.7329629131445341 -0.56242222444347967 0.38268343236508984
    vertex -0.68301270189221974 -0.68301270189221897 0.25881904510252074
    vertex -0.65328148243818862 -0.65328148243818784 0.38268343236508984
  endloop
endfacet
facet normal -0.73745344950069069 -0.64672931776492293 0.19468846746237856
  outer loop
    vertex -0.7663204807600037 -0.5880183863281625 0.25881904510252074
    vertex -0.78656609248549303 -0.60355339059327373 0.13052619222005171
    vertex -0.70105738464997824 -0.70105738464997747 0.13052619222005171
  endloop
endfacet
facet normal -0.73745344950069069 -0.64672931776492282 0.19468846746237839
  outer loop
    vertex -0.7663204807600037 -0.5880183863281625 0.25881904510252074
    vertex -0.70105738464997824 -0.70105738464997747 0.13052619222005171
    vertex -0.68301270189221974 -0.68301270189221897 0.25881904510252074
  endloop
endfacet
facet normal -0.75023692453757496 -0.65794012448752626 0.065263693197208802
  outer loop
    vertex -0.78656609248549303 -0.60355339059327373 0.13052619222005171
    vertex -0.79335334029123517 -0.60876142900872066 6.123233995736766e-17
    vertex -0.70710678118654791 -0.70710678118654713 6.123233995736766e-17
  endloop
endfacet
facet normal -0.75023692453757518 -0.65794012448752615 0.065263693197208733
  outer loop
    vertex -0.78656609248549303 -0.60355339059327373 0.13052619222005171
    vertex -0.70710678118654791 -0.70710678118654713 6.123233995736766e-17
    vertex -0.70105738464997824 -0.70105738464997747 0.13052619222005171
  endloop
endfacet
facet normal -0.75023692453757507 -0.65794012448752626 -0.065263693197208802
  outer loop
    vertex -0.79335334029123517 -0.60876142900872066 6.123233995736766e-17
    vertex -0.78656609248549303 -0.60355339059327373 -0.1305261922200516
    vertex -0.70105738464997824 -0.70105738464997747 -0.1305261922200516
  endloop
endfacet
facet normal -0.75023692453757496 -0.65794012448752626 -0.065263693197208622
  outer loop
    vertex -0.79335334029123517 -0.60876142900872066 6.123233995736766e-17
    vertex -0.70105738464997824 -0.70105738464997747 -0.1305261922200516
    vertex -0.70710678118654791 -0.70710678118654713 6.123233995736766e-17
  endloop
endfacet
facet normal -0.73745344950069069 -0.64672931776492282 -0.19468846746237856
  outer loop
    vertex -0.78656609248549303 -0.60355339059327373 -0.1305261922200516
    vertex -0.7663204807600037 -0.5880183863281625 -0.25881904510252063
    vertex -0.68301270189221974 -0.68301270189221897 -0.25881904510252063
  endloop
endfacet
facet normal -0.73745344950069069 -0.64672931776492315 -0.19468846746237845
  outer loop
    vertex -0.78656609248549303 -0.60355339059327373 -0.1305261922200516
    vertex -0.68301270189221974 -0.68301270189221897 -0.25881904510252063
    vertex -0.70105738464997824 -0.70105738464997747 -0.1305261922200516
  endloop
endfacet
facet normal -0.71209714739837693 -0.62449243763266005 -0.32082214388460251
  outer loop
    vertex -0.7663204807600037 -0.5880183863281625 -0.25881904510252063
    vertex -0.73296291314453421 -0.56242222444347978 -0.3826834323650895
    vertex -0.65328148243818873 -0.65328148243818795 -0.3826834323650895
  endloop
endfacet
facet normal -0.71209714739837704 -0.62449243763265994 -0.32082214388460251
  outer loop
    vertex -0.7663204807600037 -0.5880183863281625 -0.25881904510252063
    vertex -0.65328148243818873 -0.65328148243818795 -0.3826834323650895
    vertex -0.68301270189221974 -0.68301270189221897 -0.25881904510252063
  endloop
endfacet
facet normal -0.67458692715013568 -0.5915968573532786 -0.44152648401637462
  outer loop
    vertex -0.73296291314453421 -0.56242222444347978 -0.3826834323650895
    vertex -0.68706414686945017 -0.52720286236566927 -0.49999999999999983
    vertex -0.61237243569579491 -0.61237243569579425 -0.49999999999999983
  endloop
endfacet
facet normal -0.67458692715013591 -0.59159685735327827 -0.44152648401637495
  outer loop
    vertex -0.73296291314453421 -0.56242222444347978 -0.3826834323650895
    vertex -0.61237243569579491 -0.61237243569579425 -0.49999999999999983
    vertex -0.65328148243818873 -0.65328148243818795 -0.3826834323650895
  endloop
endfacet
facet normal -0.62554504545004019 -0.54858828140141969 -0.55474705372984534
  outer loop
    vertex -0.68706414686945017 -0.52720286236566927 -0.49999999999999983
    vertex -0.62940952255126037 -0.48296291314453416 -0.60876142900872066
    vertex -0.56098552679693126 -0.5609855267969307 -0.60876142900872066
  endloop
endfacet
facet normal -0.62554504545004019 -0.54858828140141969 -0.55474705372984545
  outer loop
    vertex -0.68706414686945017 -0.52720286236566927 -0.49999999999999983
    vertex -0.56098552679693126 -0.5609855267969307 -0.60876142900872066
    vertex -0.61237243569579491 -0.61237243569579425 -0.49999999999999983
  endloop
endfacet
facet normal -0.5657894167892924 -0.49618400153460779 -0.65854671244364793
  outer loop
    vertex -0.62940952255126037 -0.48296291314453416 -0.60876142900872066
    vertex -0.56098552679693103 -0.43045933457687946 -0.70710678118654746
    vertex -0.50000000000000033 -0.49999999999999978 -0.70710678118654746
  endloop
endfacet
facet normal -0.56578941678929229 -0.4961840015346084 -0.6585467124436476
  outer loop
    vertex -0.62940952255126037 -0.48296291314453416 -0.60876142900872066
    vertex -0.50000000000000033 -0.49999999999999978 -0.70710678118654746
    vertex -0.56098552679693126 -0.5609855267969307 -0.60876142900872066
  endloop
endfacet
facet normal -0.4963228362601293 -0.43526344544594137 -0.75113871905609353
  outer loop
    vertex -0.56098552679693103 -0.43045933457687946 -0.70710678118654746
    vertex -0.48296291314453432 -0.3705904774487398 -0.79335334029123505
    vertex -0.43045933457687979 -0.43045933457687935 -0.79335334029123505
  endloop
endfacet
facet normal -0.49632283626012935 -0.43526344544594098 -0.75113871905609364
  outer loop
    vertex -0.56098552679693103 -0.43045933457687946 -0.70710678118654746
    vertex -0.43045933457687979 -0.43045933457687935 -0.79335334029123505
    vertex -0.50000000000000033 -0.49999999999999978 -0.70710678118654746
  endloop
endfacet
facet normal -0.41831881419712291 -0.36685575407791704 -0.83091890421907943
  outer loop
    vertex -0.48296291314453432 -0.3705904774487398 -0.79335334029123505
    vertex -0.39667667014561753 -0.30438071450436027 -0.86602540378443871
    vertex -0.3535533905932739 -0.35355339059327351 -0.86602540378443871
  endloop
endfacet
facet normal -0.41831881419712291 -0.36685575407791715 -0.83091890421907943
  outer loop
    vertex -0.48296291314453432 -0.3705904774487398 -0.79335334029123505
    vertex -0.3535533905932739 -0.35355339059327351 -0.86602540378443871
    vertex -0.43045933457687979 -0.43045933457687935 -0.79335334029123505
  endloop
endfacet
facet normal -0.33310380834493702 -0.29212419965175956 -0.89649612650803945
  outer loop
    vertex -0.39667667014561753 -0.30438071450436027 -0.86602540378443871
    vertex -0.30360317934095904 -0.23296291314453421 -0.92387953251128674
    vertex -0.27059805007309873 -0.27059805007309845 -0.92387953251128674
  endloop
endfacet
facet normal -0.33310380834493686 -0.29212419965175979 -0.89649612650803934
  outer loop
    vertex -0.39667667014561753 -0.30438071450436027 -0.86602540378443871
    vertex -0.27059805007309873 -0.27059805007309845 -0.92387953251128674
    vertex -0.3535533905932739 -0.35355339059327351 -0.86602540378443871
  endloop
endfacet
facet normal -0.24213579947297484 -0.21234739698573252 -0.94672004183230796
  outer loop
    vertex -0.30360317934095904 -0.23296291314453421 -0.92387953251128674
    vertex -0.20533495396307289 -0.15755905175128321 -0.9659258262890682
    vertex -0.1830127018922196 -0.18301270189221941 -0.9659258262890682
  endloop
endfacet
facet normal -0.24213579947297489 -0.21234739698573268 -0.94672004183230796
  outer loop
    vertex -0.30360317934095904 -0.23296291314453421 -0.92387953251128674
    vertex -0.1830127018922196 -0.18301270189221941 -0.9659258262890682
    vertex -0.27059805007309873 -0.27059805007309845 -0.92387953251128674
  endloop
endfacet
facet normal -0.14697937457740606 -0.12889745204978126 -0.98070510873753947
  outer loop
    vertex -0.20533495396307289 -0.15755905175128321 -0.9659258262890682
    vertex -0.10355339059327408 -0.079459311298945803 -0.99144486137381038
    vertex -0.092295955641257588 -0.092295955641257491 -0.99144486137381038
  endloop
endfacet
facet normal -0.14697937457740612 -0.12889745204978095 -0.98070510873753924
  outer loop
    vertex -0.20533495396307289 -0.15755905175128321 -0.9659258262890682
    vertex -0.092295955641257588 -0.092295955641257491 -0.99144486137381038
    vertex -0.1830127018922196 -0.18301270189221941 -0.9659258262890682
  endloop
endfacet
facet normal -0.049277731697751424 -0.04321541084860013 -0.99784975493503592
  outer loop
    vertex 0 0 -1
    vertex -0.092295955641257588 -0.092295955641257491 -0.99144486137381038
    vertex -0.10355339059327408 -0.079459311298945803 -0.99144486137381038
  endloop
endfacet
facet normal -0.043215410848600228 -0.049277731697751584 0.99784975493503592
  outer loop
    vertex 0 0 1
    vertex -0.092295955641257296 -0.092295955641257199 0.99144486137381038
    vertex -0.079459311298945581 -0.10355339059327372 0.99144486137381038
  endloop
endfacet
facet normal -0.12889745204978031 -0.14697937457740542 0.98070510873753958
  outer loop
    vertex -0.092295955641257296 -0.092295955641257199 0.99144486137381038
    vertex -0.18301270189221941 -0.18301270189221922 0.96592582628906831
    vertex -0.1575590517512831 -0.20533495396307261 0.96592582628906831
  endloop
endfacet
facet normal -0.12889745204978045 -0.14697937457740526 0.98070510873753947
  outer loop
    vertex -0.092295955641257296 -0.092295955641257199 0.99144486137381038
    vertex -0.1575590517512831 -0.20533495396307261 0.96592582628906831
    vertex -0.079459311298945581 -0.10355339059327372 0.99144486137381038
  endloop
endfacet
facet normal -0.21234739698573307 -0.24213579947297503 0.94672004183230785
  outer loop
    vertex -0.18301270189221941 -0.18301270189221922 0.96592582628906831
    vertex -0.27059805007309867 -0.27059805007309834 0.92387953251128674
    vertex -0.23296291314453424 -0.30360317934095887 0.92387953251128674
  endloop
endfacet
facet normal -0.21234739698573293 -0.24213579947297509 0.94672004183230773
  outer loop
    vertex -0.18301270189221941 -0.18301270189221922 0.96592582628906831
    vertex -0.23296291314453424 -0.30360317934095887 0.92387953251128674
    vertex -0.1575590517512831 -0.20533495396307261 0.96592582628906831
  endloop
endfacet
facet normal -0.29212419965175968 -0.33310380834493641 0.89649612650803945
  outer loop
    vertex -0.27059805007309867 -0.27059805007309834 0.92387953251128674
    vertex -0.3535533905932739 -0.35355339059327351 0.86602540378443871
    vertex -0.30438071450436038 -0.39667667014561742 0.86602540378443871
  endloop
endfacet
facet normal -0.29212419965175968 -0.33310380834493647 0.89649612650803945
  outer loop
    vertex -0.27059805007309867 -0.27059805007309834 0.92387953251128674
    vertex -0.30438071450436038 -0.39667667014561742 0.86602540378443871
    vertex -0.23296291314453424 -0.30360317934095887 0.92387953251128674
  endloop
endfacet
facet normal -0.36685575407791754 -0.4183188141971228 0.83091890421907921
  outer loop
    vertex -0.3535533905932739 -0.35355339059327351 0.86602540378443871
    vertex -0.43045933457687963 -0.43045933457687918 0.79335334029123517
    vertex -0.3705904774487398 -0.48296291314453405 0.79335334029123517
  endloop
endfacet
facet normal -0.36685575407791721 -0.41831881419712286 0.83091890421907943
  outer loop
    vertex -0.3535533905932739 -0.35355339059327351 0.86602540378443871
    vertex -0.3705904774487398 -0.48296291314453405 0.79335334029123517
    vertex -0.30438071450436038 -0.39667667014561742 0.86602540378443871
  endloop
endfacet
facet normal -0.43526344544594131 -0.49632283626012874 0.75113871905609386
  outer loop
    vertex -0.43045933457687963 -0.43045933457687918 0.79335334029123517
    vertex -0.50000000000000022 -0.49999999999999967 0.70710678118654757
    vertex -0.43045933457687952 -0.56098552679693081 0.70710678118654757
  endloop
endfacet
facet normal -0.43526344544594164 -0.49632283626012863 0.75113871905609375
  outer loop
    vertex -0.43045933457687963 -0.43045933457687918 0.79335334029123517
    vertex -0.43045933457687952 -0.56098552679693081 0.70710678118654757
    vertex -0.3705904774487398 -0.48296291314453405 0.79335334029123517
  endloop
endfacet
facet normal -0.49618400153460862 -0.56578941678929162 0.65854671244364793
  outer loop
    vertex -0.50000000000000022 -0.49999999999999967 0.70710678118654757
    vertex -0.56098552679693126 -0.5609855267969307 0.60876142900872066
    vertex -0.48296291314453432 -0.62940952255126026 0.60876142900872066
  endloop
endfacet
facet normal -0.49618400153460818 -0.56578941678929184 0.65854671244364815
  outer loop
    vertex -0.50000000000000022 -0.49999999999999967 0.70710678118654757
    vertex -0.48296291314453432 -0.62940952255126026 0.60876142900872066
    vertex -0.43045933457687952 -0.56098552679693081 0.70710678118654757
  endloop
endfacet
facet normal -0.5485882814014198 -0.62554504545003986 0.55474705372984545
  outer loop
    vertex -0.56098552679693126 -0.5609855267969307 0.60876142900872066
    vertex -0.6123724356957948 -0.61237243569579414 0.50000000000000011
    vertex -0.52720286236566938 -0.68706414686944983 0.50000000000000011
  endloop
endfacet
facet normal -0.54858828140142024 -0.62554504545003986 0.55474705372984523
  outer loop
    vertex -0.56098552679693126 -0.5609855267969307 0.60876142900872066
    vertex -0.52720286236566938 -0.68706414686944983 0.50000000000000011
    vertex -0.48296291314453432 -0.62940952255126026 0.60876142900872066
  endloop
endfacet
facet normal -0.59159685735327849 -0.67458692715013557 0.44152648401637506
  outer loop
    vertex -0.6123724356957948 -0.61237243569579414 0.50000000000000011
    vertex -0.65328148243818862 -0.65328148243818784 0.38268343236508984
    vertex -0.56242222444347989 -0.73296291314453388 0.38268343236508984
  endloop
endfacet
facet normal -0.59159685735327894 -0.67458692715013546 0.44152648401637479
  outer loop
    vertex -0.6123724356957948 -0.61237243569579414 0.50000000000000011
    vertex -0.56242222444347989 -0.73296291314453388 0.38268343236508984
    vertex -0.52720286236566938 -0.68706414686944983 0.50000000000000011
  endloop
endfacet
facet normal -0.62449243763266016 -0.7120971473983766 0.32082214388460312
  outer loop
    vertex -0.65328148243818862 -0.65328148243818784 0.38268343236508984
    vertex -0.68301270189221974 -0.68301270189221897 0.25881904510252074
    vertex -0.58801838632816272 -0.76632048076000348 0.25881904510252074
  endloop
endfacet
facet normal -0.62449243763266016 -0.7120971473983766 0.32082214388460301
  outer loop
    vertex -0.65328148243818862 -0.65328148243818784 0.38268343236508984
    vertex -0.58801838632816272 -0.76632048076000348 0.25881904510252074
    vertex -0.56242222444347989 -0.73296291314453388 0.38268343236508984
  endloop
endfacet
facet normal -0.64672931776492337 -0.73745344950069036 0.19468846746237836
  outer loop
    vertex -0.68301270189221974 -0.68301270189221897 0.25881904510252074
    vertex -0.70105738464997824 -0.70105738464997747 0.13052619222005171
    vertex -0.60355339059327395 -0.78656609248549281 0.13052619222005171
  endloop
endfacet
facet normal -0.64672931776492315 -0.73745344950069058 0.19468846746237861
  outer loop
    vertex -0.68301270189221974 -0.68301270189221897 0.25881904510252074
    vertex -0.60355339059327395 -0.78656609248549281 0.13052619222005171
    vertex -0.58801838632816272 -0.76632048076000348 0.25881904510252074
  endloop
endfacet
facet normal -0.65794012448752648 -0.75023692453757485 0.065263693197208664
  outer loop
    vertex -0.70105738464997824 -0.70105738464997747 0.13052619222005171
    vertex -0.70710678118654791 -0.70710678118654713 6.123233995736766e-17
    vertex -0.60876142900872088 -0.79335334029123494 6.123233995736766e-17
  endloop
endfacet
facet normal -0.65794012448752637 -0.75023692453757473 0.065263693197208789
  outer loop
    vertex -0.70105738464997824 -0.70105738464997747 0.13052619222005171
    vertex -0.60876142900872088 -0.79335334029123494 6.123233995736766e-17
    vertex -0.60355339059327395 -0.78656609248549281 0.13052619222005171
  endloop
endfacet
facet normal -0.65794012448752648 -0.75023692453757473 -0.065263693197208664
  outer loop
    vertex -0.70710678118654791 -0.70710678118654713 6.123233995736766e-17
    vertex -0.70105738464997824 -0.70105738464997747 -0.1305261922200516
    vertex -0.60355339059327395 -0.78656609248549281 -0.1305261922200516
  endloop
endfacet
facet normal -0.65794012448752659 -0.75023692453757485 -0.065263693197208844
  outer loop
    vertex -0.70710678118654791 -0.70710678118654713 6.123233995736766e-17
    vertex -0.60355339059327395 -0.78656609248549281 -0.1305261922200516
    vertex -0.60876142900872088 -0.79335334029123494 6.123233995736766e-17
  endloop
endfacet
facet normal -0.64672931776492304 -0.73745344950069058 -0.19468846746237839
  outer loop
    vertex -0.70105738464997824 -0.70105738464997747 -0.1305261922200516
    vertex -0.68301270189221974 -0.68301270189221897 -0.25881904510252063
    vertex -0.58801838632816272 -0.76632048076000348 -0.25881904510252063
  endloop
endfacet
facet normal -0.64672931776492315 -0.73745344950069036 -0.19468846746237853
  outer loop
    vertex -0.70105738464997824 -0.70105738464997747 -0.1305261922200516
    vertex -0.58801838632816272 -0.76632048076000348 -0.25881904510252063
    vertex -0.60355339059327395 -0.78656609248549281 -0.1305261922200516
  endloop
endfacet
facet normal -0.62449243763266027 -0.71209714739837671 -0.32082214388460251
  outer loop
    vertex -0.68301270189221974 -0.68301270189221897 -0.25881904510252063
    vertex -0.65328148243818873 -0.65328148243818795 -0.3826834323650895
    vertex -0.56242222444348 -0.73296291314453399 -0.3826834323650895
  endloop
endfacet
facet normal -0.62449243763266016 -0.71209714739837671 -0.3208221438846024
  outer loop
    vertex -0.68301270189221974 -0.68301270189221897 -0.25881904510252063
    vertex -0.56242222444348 -0.73296291314453399 -0.3826834323650895
    vertex -0.58801838632816272 -0.76632048076000348 -0.25881904510252063
  endloop
endfacet
facet normal -0.59159685735327838 -0.67458692715013591 -0.4415264840163749
  outer loop
    vertex -0.65328148243818873 -0.65328148243818795 -0.3826834323650895
    vertex -0.61237243569579491 -0.61237243569579425 -0.49999999999999983
    vertex -0.52720286236566938 -0.68706414686944994 -0.49999999999999983
  endloop
endfacet
facet normal -0.59159685735327849 -0.67458692715013557 -0.44152648401637501
  outer loop
    vertex -0.65328148243818873 -0.65328148243818795 -0.3826834323650895
    vertex -0.52720286236566938 -0.68706414686944994 -0.49999999999999983
    vertex -0.56242222444348 -0.73296291314453399 -0.3826834323650895
  endloop
endfacet
facet normal -0.54858828140142024 -0.62554504545003975 -0.55474705372984534
  outer loop
    vertex -0.61237243569579491 -0.61237243569579425 -0.49999999999999983
    vertex -0.56098552679693126 -0.5609855267969307 -0.60876142900872066
    vertex -0.48296291314453432 -0.62940952255126026 -0.60876142900872066
  endloop
endfacet
facet normal -0.54858828140141969 -0.62554504545004064 -0.55474705372984479
  outer loop
    vertex -0.61237243569579491 -0.61237243569579425 -0.49999999999999983
    vertex -0.48296291314453432 -0.62940952255126026 -0.60876142900872066
    vertex -0.52720286236566938 -0.68706414686944994 -0.49999999999999983
  endloop
endfacet
facet normal -0.49618400153460845 -0.56578941678929207 -0.65854671244364771
  outer loop
    vertex -0.56098552679693126 -0.5609855267969307 -0.60876142900872066
    vertex -0.50000000000000033 -0.49999999999999978 -0.70710678118654746
    vertex -0.43045933457687963 -0.56098552679693092 -0.70710678118654746
  endloop
endfacet
facet normal -0.49618400153460862 -0.56578941678929173 -0.65854671244364793
  outer loop
    vertex -0.56098552679693126 -0.5609855267969307 -0.60876142900872066
    vertex -0.43045933457687963 -0.56098552679693092 -0.70710678118654746
    vertex -0.48296291314453432 -0.62940952255126026 -0.60876142900872066
  endloop
endfacet
facet normal -0.43526344544594142 -0.49632283626012891 -0.75113871905609353
  outer loop
    vertex -0.50000000000000033 -0.49999999999999978 -0.70710678118654746
    vertex -0.43045933457687979 -0.43045933457687935 -0.79335334029123505
    vertex -0.37059047744873991 -0.48296291314453421 -0.79335334029123505
  endloop
endfacet
facet normal -0.43526344544594148 -0.49632283626012902 -0.75113871905609364
  outer loop
    vertex -0.50000000000000033 -0.49999999999999978 -0.70710678118654746
    vertex -0.37059047744873991 -0.48296291314453421 -0.79335334029123505
    vertex -0.43045933457687963 -0.56098552679693092 -0.70710678118654746
  endloop
endfacet
facet normal -0.36685575407791721 -0.41831881419712269 -0.83091890421907955
  outer loop
    vertex -0.43045933457687979 -0.43045933457687935 -0.79335334029123505
    vertex -0.3535533905932739 -0.35355339059327351 -0.86602540378443871
    vertex -0.30438071450436038 -0.39667667014561742 -0.86602540378443871
  endloop
endfacet
facet normal -0.36685575407791726 -0.41831881419712275 -0.83091890421907943
  outer loop
    vertex -0.43045933457687979 -0.43045933457687935 -0.79335334029123505
    vertex -0.30438071450436038 -0.39667667014561742 -0.86602540378443871
    vertex -0.37059047744873991 -0.48296291314453421 -0.79335334029123505
  endloop
endfacet
facet normal -0.29212419965175962 -0.33310380834493697 -0.89649612650803923
  outer loop
    vertex -0.3535533905932739 -0.35355339059327351 -0.86602540378443871
    vertex -0.27059805007309873 -0.27059805007309845 -0.92387953251128674
    vertex -0.23296291314453429 -0.30360317934095893 -0.92387953251128674
  endloop
endfacet
facet normal -0.29212419965175984 -0.33310380834493664 -0.89649612650803945
  outer loop
    vertex -0.3535533905932739 -0.35355339059327351 -0.86602540378443871
    vertex -0.23296291314453429 -0.30360317934095893 -0.92387953251128674
    vertex -0.30438071450436038 -0.39667667014561742 -0.86602540378443871
  endloop
endfacet
facet normal -0.21234739698573268 -0.24213579947297484 -0.94672004183230796
  outer loop
    vertex -0.27059805007309873 -0.27059805007309845 -0.92387953251128674
    vertex -0.1830127018922196 -0.18301270189221941 -0.9659258262890682
    vertex -0.15755905175128326 -0.20533495396307283 -0.9659258262890682
  endloop
endfacet
facet normal -0.21234739698573271 -0.24213579947297495 -0.94672004183230796
  outer loop
    vertex -0.27059805007309873 -0.27059805007309845 -0.92387953251128674
    vertex -0.15755905175128326 -0.20533495396307283 -0.9659258262890682
    vertex -0.23296291314453429 -0.30360317934095893 -0.92387953251128674
  endloop
endfacet
facet normal -0.12889745204978106 -0.14697937457740604 -0.98070510873753935
  outer loop
    vertex -0.1830127018922196 -0.18301270189221941 -0.9659258262890682
    vertex -0.092295955641257588 -0.092295955641257491 -0.99144486137381038
    vertex -0.079459311298945831 -0.10355339059327405 -0.99144486137381038
  endloop
endfacet
facet normal -0.12889745204978104 -0.14697937457740612 -0.98070510873753935
  outer loop
    vertex -0.1830127018922196 -0.18301270189221941 -0.9659258262890682
    vertex -0.079459311298945831 -0.10355339059327405 -0.99144486137381038
    vertex -0.15755905175128326 -0.20533495396307283 -0.9659258262890682
  endloop
endfacet
facet normal -0.043215410848600089 -0.049277731697751403 -0.99784975493503592
  outer loop
    vertex 0 0 -1
    vertex -0.079459311298945831 -0.10355339059327405 -0.99144486137381038
    vertex -0.092295955641257588 -0.092295955641257491 -0.99144486137381038
  endloop
endfacet
facet normal -0.036413662338253931 -0.054496896895185998 0.99784975493503592
  outer loop
    vertex 0 0 1
    vertex -0.079459311298945581 -0.10355339059327372 0.99144486137381038
    vertex -0.065263096110025842 -0.11303899832181538 0.99144486137381038
  endloop
endfacet
facet normal -0.10861005838045867 -0.16254643925562948 0.98070510873753969
  outer loop
    vertex -0.079459311298945581 -0.10355339059327372 0.99144486137381038
    vertex -0.1575590517512831 -0.20533495396307261 0.96592582628906831
    vertex -0.12940952255126048 -0.22414386804201328 0.96592582628906831
  endloop
endfacet
facet normal -0.10861005838045866 -0.16254643925562945 0.98070510873753969
  outer loop
    vertex -0.079459311298945581 -0.10355339059327372 0.99144486137381038
    vertex -0.12940952255126048 -0.22414386804201328 0.96592582628906831
    vertex -0.065263096110025842 -0.11303899832181538 0.99144486137381038
  endloop
endfacet
facet normal -0.1789256716622443 -0.2677811912985078 0.94672004183230785
  outer loop
    vertex -0.1575590517512831 -0.20533495396307261 0.96592582628906831
    vertex -0.23296291314453424 -0.30360317934095887 0.92387953251128674
    vertex -0.19134171618254506 -0.33141357403559168 0.92387953251128674
  endloop
endfacet
facet normal -0.17892567166224441 -0.2677811912985078 0.94672004183230773
  outer loop
    vertex -0.1575590517512831 -0.20533495396307261 0.96592582628906831
    vertex -0.19134171618254506 -0.33141357403559168 0.92387953251128674
    vertex -0.12940952255126048 -0.22414386804201328 0.96592582628906831
  endloop
endfacet
facet normal -0.24614626491041197 -0.36838391852350805 0.89649612650803956
  outer loop
    vertex -0.23296291314453424 -0.30360317934095887 0.92387953251128674
    vertex -0.30438071450436038 -0.39667667014561742 0.86602540378443871
    vertex -0.25000000000000017 -0.43301270189221913 0.86602540378443871
  endloop
endfacet
facet normal -0.24614626491041183 -0.36838391852350816 0.89649612650803956
  outer loop
    vertex -0.23296291314453424 -0.30360317934095887 0.92387953251128674
    vertex -0.25000000000000017 -0.43301270189221913 0.86602540378443871
    vertex -0.19134171618254506 -0.33141357403559168 0.92387953251128674
  endloop
endfacet
facet normal -0.30911569029480773 -0.46262432342552939 0.83091890421907943
  outer loop
    vertex -0.30438071450436038 -0.39667667014561742 0.86602540378443871
    vertex -0.3705904774487398 -0.48296291314453405 0.79335334029123517
    vertex -0.30438071450436061 -0.52720286236566904 0.79335334029123517
  endloop
endfacet
facet normal -0.30911569029480784 -0.46262432342552939 0.83091890421907943
  outer loop
    vertex -0.30438071450436038 -0.39667667014561742 0.86602540378443871
    vertex -0.30438071450436061 -0.52720286236566904 0.79335334029123517
    vertex -0.25000000000000017 -0.43301270189221913 0.86602540378443871
  endloop
endfacet
facet normal -0.36675657640234766 -0.54889000573921864 0.75113871905609375
  outer loop
    vertex -0.3705904774487398 -0.48296291314453405 0.79335334029123517
    vertex -0.43045933457687952 -0.56098552679693081 0.70710678118654757
    vertex -0.35355339059327406 -0.61237243569579425 0.70710678118654757
  endloop
endfacet
facet normal -0.36675657640234766 -0.54889000573921864 0.75113871905609375
  outer loop
    vertex -0.3705904774487398 -0.48296291314453405 0.79335334029123517
    vertex -0.35355339059327406 -0.61237243569579425 0.70710678118654757
    vertex -0.30438071450436061 -0.52720286236566904 0.79335334029123517
  endloop
endfacet
facet normal -0.41808874044547184 -0.62571401825624939 0.65854671244364815
  outer loop
    vertex -0.43045933457687952 -0.56098552679693081 0.70710678118654757
    vertex -0.48296291314453432 -0.62940952255126026 0.60876142900872066
    vertex -0.39667667014561792 -0.68706414686944983 0.60876142900872066
  endloop
endfacet
facet normal -0.41808874044547234 -0.62571401825624928 0.65854671244364793
  outer loop
    vertex -0.43045933457687952 -0.56098552679693081 0.70710678118654757
    vertex -0.39667667014561792 -0.68706414686944983 0.60876142900872066
    vertex -0.35355339059327406 -0.61237243569579425 0.70710678118654757
  endloop
endfacet
facet normal -0.46224501976061472 -0.69179856033715847 0.55474705372984523
  outer loop
    vertex -0.48296291314453432 -0.62940952255126026 0.60876142900872066
    vertex -0.52720286236566938 -0.68706414686944983 0.50000000000000011
    vertex -0.43301270189221969 -0.74999999999999967 0.50000000000000011
  endloop
endfacet
facet normal -0.46224501976061427 -0.69179856033715859 0.55474705372984556
  outer loop
    vertex -0.48296291314453432 -0.62940952255126026 0.60876142900872066
    vertex -0.43301270189221969 -0.74999999999999967 0.50000000000000011
    vertex -0.39667667014561792 -0.68706414686944983 0.60876142900872066
  endloop
endfacet
facet normal -0.49848440130547117 -0.74603462759262318 0.44152648401637473
  outer loop
    vertex -0.52720286236566938 -0.68706414686944983 0.50000000000000011
    vertex -0.56242222444347989 -0.73296291314453388 0.38268343236508984
    vertex -0.46193976625564376 -0.80010314519126524 0.38268343236508984
  endloop
endfacet
facet normal -0.49848440130547067 -0.74603462759262329 0.44152648401637523
  outer loop
    vertex -0.52720286236566938 -0.68706414686944983 0.50000000000000011
    vertex -0.46193976625564376 -0.80010314519126524 0.38268343236508984
    vertex -0.43301270189221969 -0.74999999999999967 0.50000000000000011
  endloop
endfacet
facet normal -0.52620248911703515 -0.78751767754147828 0.32082214388460306
  outer loop
    vertex -0.56242222444347989 -0.73296291314453388 0.38268343236508984
    vertex -0.58801838632816272 -0.76632048076000348 0.25881904510252074
    vertex -0.4829629131445346 -0.83651630373780761 0.25881904510252074
  endloop
endfacet
facet normal -0.52620248911703538 -0.78751767754147817 0.32082214388460267
  outer loop
    vertex -0.56242222444347989 -0.73296291314453388 0.38268343236508984
    vertex -0.4829629131445346 -0.83651630373780761 0.25881904510252074
    vertex -0.46193976625564376 -0.80010314519126524 0.38268343236508984
  endloop
endfacet
facet normal -0.54493946809495653 -0.81555954825477728 0.19468846746237858
  outer loop
    vertex -0.58801838632816272 -0.76632048076000348 0.25881904510252074
    vertex -0.60355339059327395 -0.78656609248549281 0.13052619222005171
    vertex -0.49572243068690564 -0.85861643640126062 0.13052619222005171
  endloop
endfacet
facet normal -0.5449394680949563 -0.81555954825477728 0.19468846746237869
  outer loop
    vertex -0.58801838632816272 -0.76632048076000348 0.25881904510252074
    vertex -0.49572243068690564 -0.85861643640126062 0.13052619222005171
    vertex -0.4829629131445346 -0.83651630373780761 0.25881904510252074
  endloop
endfacet
facet normal -0.55438578649203174 -0.82969696280381322 0.065263693197208802
  outer loop
    vertex -0.60355339059327395 -0.78656609248549281 0.13052619222005171
    vertex -0.60876142900872088 -0.79335334029123494 6.123233995736766e-17
    vertex -0.50000000000000044 -0.86602540378443837 6.123233995736766e-17
  endloop
endfacet
facet normal -0.55438578649203174 -0.829696962803813 0.065263693197208761
  outer loop
    vertex -0.60355339059327395 -0.78656609248549281 0.13052619222005171
    vertex -0.50000000000000044 -0.86602540378443837 6.123233995736766e-17
    vertex -0.49572243068690564 -0.85861643640126062 0.13052619222005171
  endloop
endfacet
facet normal -0.55438578649203174 -0.829696962803813 -0.065263693197208789
  outer loop
    vertex -0.60876142900872088 -0.79335334029123494 6.123233995736766e-17
    vertex -0.60355339059327395 -0.78656609248549281 -0.1305261922200516
    vertex -0.49572243068690564 -0.85861643640126062 -0.1305261922200516
  endloop
endfacet
facet normal -0.55438578649203174 -0.82969696280381322 -0.065263693197208705
  outer loop
    vertex -0.60876142900872088 -0.79335334029123494 6.123233995736766e-17
    vertex -0.49572243068690564 -0.85861643640126062 -0.1305261922200516
    vertex -0.50000000000000044 -0.86602540378443837 6.123233995736766e-17
  endloop
endfacet
facet normal -0.54493946809495641 -0.81555954825477739 -0.19468846746237858
  outer loop
    vertex -0.60355339059327395 -0.78656609248549281 -0.1305261922200516
    vertex -0.58801838632816272 -0.76632048076000348 -0.25881904510252063
    vertex -0.4829629131445346 -0.83651630373780761 -0.25881904510252063
  endloop
endfacet
facet normal -0.54493946809495641 -0.81555954825477706 -0.19468846746237881
  outer loop
    vertex -0.60355339059327395 -0.78656609248549281 -0.1305261922200516
    vertex -0.4829629131445346 -0.83651630373780761 -0.25881904510252063
    vertex -0.49572243068690564 -0.85861643640126062 -0.1305261922200516
  endloop
endfacet
facet normal -0.52620248911703527 -0.78751767754147828 -0.3208221438846024
  outer loop
    vertex -0.58801838632816272 -0.76632048076000348 -0.25881904510252063
    vertex -0.56242222444348 -0.73296291314453399 -0.3826834323650895
    vertex -0.46193976625564381 -0.80010314519126535 -0.3826834323650895
  endloop
endfacet
facet normal -0.52620248911703515 -0.78751767754147839 -0.32082214388460234
  outer loop
    vertex -0.58801838632816272 -0.76632048076000348 -0.25881904510252063
    vertex -0.46193976625564381 -0.80010314519126535 -0.3826834323650895
    vertex -0.4829629131445346 -0.83651630373780761 -0.25881904510252063
  endloop
endfacet
facet normal -0.49848440130547095 -0.74603462759262318 -0.44152648401637506
  outer loop
    vertex -0.56242222444348 -0.73296291314453399 -0.3826834323650895
    vertex -0.52720286236566938 -0.68706414686944994 -0.49999999999999983
    vertex -0.43301270189221974 -0.74999999999999978 -0.49999999999999983
  endloop
endfacet
facet normal -0.49848440130547095 -0.74603462759262329 -0.44152648401637501
  outer loop
    vertex -0.56242222444348 -0.73296291314453399 -0.3826834323650895
    vertex -0.43301270189221974 -0.74999999999999978 -0.49999999999999983
    vertex -0.46193976625564381 -0.80010314519126535 -0.3826834323650895
  endloop
endfacet
facet normal -0.4622450197606145 -0.69179856033715903 -0.55474705372984467
  outer loop
    vertex -0.52720286236566938 -0.68706414686944994 -0.49999999999999983
    vertex -0.48296291314453432 -0.62940952255126026 -0.60876142900872066
    vertex -0.39667667014561792 -0.68706414686944983 -0.60876142900872066
  endloop
endfacet
facet normal -0.46224501976061494 -0.69179856033715836 -0.55474705372984512
  outer loop
    vertex -0.52720286236566938 -0.68706414686944994 -0.49999999999999983
    vertex -0.39667667014561792 -0.68706414686944983 -0.60876142900872066
    vertex -0.43301270189221974 -0.74999999999999978 -0.49999999999999983
  endloop
endfacet
facet normal -0.41808874044547212 -0.62571401825624928 -0.65854671244364782
  outer loop
    vertex -0.48296291314453432 -0.62940952255126026 -0.60876142900872066
    vertex -0.43045933457687963 -0.56098552679693092 -0.70710678118654746
    vertex -0.35355339059327412 -0.61237243569579436 -0.70710678118654746
  endloop
endfacet
facet normal -0.4180887404454719 -0.62571401825624962 -0.65854671244364771
  outer loop
    vertex -0.48296291314453432 -0.62940952255126026 -0.60876142900872066
    vertex -0.35355339059327412 -0.61237243569579436 -0.70710678118654746
    vertex -0.39667667014561792 -0.68706414686944983 -0.60876142900872066
  endloop
endfacet
facet normal -0.36675657640234804 -0.54889000573921864 -0.75113871905609364
  outer loop
    vertex -0.43045933457687963 -0.56098552679693092 -0.70710678118654746
    vertex -0.37059047744873991 -0.48296291314453421 -0.79335334029123505
    vertex -0.30438071450436072 -0.52720286236566927 -0.79335334029123505
  endloop
endfacet
facet normal -0.36675657640234777 -0.5488900057392192 -0.75113871905609342
  outer loop
    vertex -0.43045933457687963 -0.56098552679693092 -0.70710678118654746
    vertex -0.30438071450436072 -0.52720286236566927 -0.79335334029123505
    vertex -0.35355339059327412 -0.61237243569579436 -0.70710678118654746
  endloop
endfacet
facet normal -0.30911569029480773 -0.46262432342552928 -0.83091890421907943
  outer loop
    vertex -0.37059047744873991 -0.48296291314453421 -0.79335334029123505
    vertex -0.30438071450436038 -0.39667667014561742 -0.86602540378443871
    vertex -0.25000000000000017 -0.43301270189221913 -0.86602540378443871
  endloop
endfacet
facet normal -0.30911569029480784 -0.462624323425529 -0.83091890421907955
  outer loop
    vertex -0.37059047744873991 -0.48296291314453421 -0.79335334029123505
    vertex -0.25000000000000017 -0.43301270189221913 -0.86602540378443871
    vertex -0.30438071450436072 -0.52720286236566927 -0.79335334029123505
  endloop
endfacet
facet normal -0.24614626491041236 -0.36838391852350805 -0.89649612650803945
  outer loop
    vertex -0.30438071450436038 -0.39667667014561742 -0.86602540378443871
    vertex -0.23296291314453429 -0.30360317934095893 -0.92387953251128674
    vertex -0.19134171618254511 -0.3314135740355918 -0.92387953251128674
  endloop
endfacet
facet normal -0.24614626491041211 -0.36838391852350838 -0.89649612650803934
  outer loop
    vertex -0.30438071450436038 -0.39667667014561742 -0.86602540378443871
    vertex -0.19134171618254511 -0.3314135740355918 -0.92387953251128674
    vertex -0.25000000000000017 -0.43301270189221913 -0.86602540378443871
  endloop
endfacet
facet normal -0.17892567166224421 -0.26778119129850736 -0.94672004183230796
  outer loop
    vertex -0.23296291314453429 -0.30360317934095893 -0.92387953251128674
    vertex -0.15755905175128326 -0.20533495396307283 -0.9659258262890682
    vertex -0.12940952255126062 -0.22414386804201353 -0.9659258262890682
  endloop
endfacet
facet normal -0.17892567166224438 -0.26778119129850741 -0.94672004183230796
  outer loop
    vertex -0.23296291314453429 -0.30360317934095893 -0.92387953251128674
    vertex -0.12940952255126062 -0.22414386804201353 -0.9659258262890682
    vertex -0.19134171618254511 -0.3314135740355918 -0.92387953251128674
  endloop
endfacet
facet normal -0.10861005838045913 -0.16254643925563023 -0.98070510873753947
  outer loop
    vertex -0.15755905175128326 -0.20533495396307283 -0.9659258262890682
    vertex -0.079459311298945831 -0.10355339059327405 -0.99144486137381038
    vertex -0.06526309611002605 -0.11303899832181574 -0.99144486137381038
  endloop
endfacet
facet normal -0.10861005838045926 -0.16254643925563023 -0.98070510873753924
  outer loop
    vertex -0.15755905175128326 -0.20533495396307283 -0.9659258262890682
    vertex -0.06526309611002605 -0.11303899832181574 -0.99144486137381038
    vertex -0.12940952255126062 -0.22414386804201353 -0.9659258262890682
  endloop
endfacet
facet normal -0.036413662338253799 -0.054496896895185852 -0.99784975493503592
  outer loop
    vertex 0 0 -1
    vertex -0.06526309611002605 -0.11303899832181574 -0.99144486137381038
    vertex -0.079459311298945831 -0.10355339059327405 -0.99144486137381038
  endloop
endfacet
facet normal -0.028988865969525445 -0.058783605077349491 0.99784975493503592
  outer loop
    vertex 0 0 1
    vertex -0.065263096110025842 -0.11303899832181538 0.99144486137381038
    vertex -0.049950211252314781 -0.12059047744873962 0.99144486137381038
  endloop
endfacet
facet normal -0.086464316499849925 -0.17533228929180286 0.98070510873753958
  outer loop
    vertex -0.065263096110025842 -0.11303899832181538 0.99144486137381038
    vertex -0.12940952255126048 -0.22414386804201328 0.96592582628906831
    vertex -0.099045760541287539 -0.23911761839433451 0.96592582628906831
  endloop
endfacet
facet normal -0.08646431649985005 -0.17533228929180281 0.98070510873753958
  outer loop
    vertex -0.065263096110025842 -0.11303899832181538 0.99144486137381038
    vertex -0.099045760541287539 -0.23911761839433451 0.96592582628906831
    vertex -0.049950211252314781 -0.12059047744873962 0.99144486137381038
  endloop
endfacet
facet normal -0.14244247848904623 -0.28884477269795089 0.94672004183230785
  outer loop
    vertex -0.12940952255126048 -0.22414386804201328 0.96592582628906831
    vertex -0.19134171618254506 -0.33141357403559168 0.92387953251128674
    vertex -0.14644660940672613 -0.35355339059327379 0.92387953251128674
  endloop
endfacet
facet normal -0.14244247848904623 -0.28884477269795095 0.94672004183230773
  outer loop
    vertex -0.12940952255126048 -0.22414386804201328 0.96592582628906831
    vertex -0.14644660940672613 -0.35355339059327379 0.92387953251128674
    vertex -0.099045760541287539 -0.23911761839433451 0.96592582628906831
  endloop
endfacet
facet normal -0.19595669933180926 -0.39736087772082468 0.89649612650803956
  outer loop
    vertex -0.19134171618254506 -0.33141357403559168 0.92387953251128674
    vertex -0.25000000000000017 -0.43301270189221913 0.86602540378443871
    vertex -0.19134171618254472 -0.46193976625564337 0.86602540378443871
  endloop
endfacet
facet normal -0.19595669933180898 -0.39736087772082473 0.89649612650803956
  outer loop
    vertex -0.19134171618254506 -0.33141357403559168 0.92387953251128674
    vertex -0.19134171618254472 -0.46193976625564337 0.86602540378443871
    vertex -0.14644660940672613 -0.35355339059327379 0.92387953251128674
  endloop
endfacet
facet normal -0.24608657134769313 -0.499014202216431 0.83091890421907943
  outer loop
    vertex -0.25000000000000017 -0.43301270189221913 0.86602540378443871
    vertex -0.30438071450436061 -0.52720286236566904 0.79335334029123517
    vertex -0.23296291314453399 -0.56242222444347978 0.79335334029123517
  endloop
endfacet
facet normal -0.24608657134769338 -0.49901420221643095 0.83091890421907932
  outer loop
    vertex -0.25000000000000017 -0.43301270189221913 0.86602540378443871
    vertex -0.23296291314453399 -0.56242222444347978 0.79335334029123517
    vertex -0.19134171618254472 -0.46193976625564337 0.86602540378443871
  endloop
endfacet
facet normal -0.2919744006523764 -0.59206551503905058 0.75113871905609375
  outer loop
    vertex -0.30438071450436061 -0.52720286236566904 0.79335334029123517
    vertex -0.35355339059327406 -0.61237243569579425 0.70710678118654757
    vertex -0.27059805007309828 -0.65328148243818829 0.70710678118654757
  endloop
endfacet
facet normal -0.29197440065237601 -0.59206551503905058 0.75113871905609386
  outer loop
    vertex -0.30438071450436061 -0.52720286236566904 0.79335334029123517
    vertex -0.27059805007309828 -0.65328148243818829 0.70710678118654757
    vertex -0.23296291314453399 -0.56242222444347978 0.79335334029123517
  endloop
endfacet
facet normal -0.33283986509121632 -0.67493247939014189 0.65854671244364793
  outer loop
    vertex -0.35355339059327406 -0.61237243569579425 0.70710678118654757
    vertex -0.39667667014561792 -0.68706414686944983 0.60876142900872066
    vertex -0.30360317934095871 -0.73296291314453421 0.60876142900872066
  endloop
endfacet
facet normal -0.33283986509121632 -0.674932479390142 0.65854671244364782
  outer loop
    vertex -0.35355339059327406 -0.61237243569579425 0.70710678118654757
    vertex -0.30360317934095871 -0.73296291314453421 0.60876142900872066
    vertex -0.27059805007309828 -0.65328148243818829 0.70710678118654757
  endloop
endfacet
facet normal -0.36799261767317415 -0.74621521005411096 0.55474705372984545
  outer loop
    vertex -0.39667667014561792 -0.68706414686944983 0.60876142900872066
    vertex -0.43301270189221969 -0.74999999999999967 0.50000000000000011
    vertex -0.33141357403559152 -0.80010314519126557 0.50000000000000011
  endloop
endfacet
facet normal -0.36799261767317404 -0.74621521005411107 0.55474705372984556
  outer loop
    vertex -0.39667667014561792 -0.68706414686944983 0.60876142900872066
    vertex -0.33141357403559152 -0.80010314519126557 0.50000000000000011
    vertex -0.30360317934095871 -0.73296291314453421 0.60876142900872066
  endloop
endfacet
facet normal -0.39684273894534 -0.80471746871712579 0.44152648401637523
  outer loop
    vertex -0.43301270189221969 -0.74999999999999967 0.50000000000000011
    vertex -0.46193976625564376 -0.80010314519126524 0.38268343236508984
    vertex -0.35355339059327351 -0.85355339059327384 0.38268343236508984
  endloop
endfacet
facet normal -0.39684273894534017 -0.80471746871712579 0.44152648401637501
  outer loop
    vertex -0.43301270189221969 -0.74999999999999967 0.50000000000000011
    vertex -0.35355339059327351 -0.85355339059327384 0.38268343236508984
    vertex -0.33141357403559152 -0.80010314519126557 0.50000000000000011
  endloop
endfacet
facet normal -0.41890907012172562 -0.84946356188069572 0.32082214388460267
  outer loop
    vertex -0.46193976625564376 -0.80010314519126524 0.38268343236508984
    vertex -0.4829629131445346 -0.83651630373780761 0.25881904510252074
    vertex -0.36964381061438589 -0.89239910083252294 0.25881904510252074
  endloop
endfacet
facet normal -0.41890907012172518 -0.84946356188069572 0.32082214388460295
  outer loop
    vertex -0.46193976625564376 -0.80010314519126524 0.38268343236508984
    vertex -0.36964381061438589 -0.89239910083252294 0.25881904510252074
    vertex -0.35355339059327351 -0.85355339059327384 0.38268343236508984
  endloop
endfacet
facet normal -0.43382555304012027 -0.87971119702240019 0.19468846746237878
  outer loop
    vertex -0.4829629131445346 -0.83651630373780761 0.25881904510252074
    vertex -0.49572243068690564 -0.85861643640126062 0.13052619222005171
    vertex -0.37940952255126009 -0.91597561503675351 0.13052619222005171
  endloop
endfacet
facet normal -0.43382555304012088 -0.87971119702240008 0.19468846746237825
  outer loop
    vertex -0.4829629131445346 -0.83651630373780761 0.25881904510252074
    vertex -0.37940952255126009 -0.91597561503675351 0.13052619222005171
    vertex -0.36964381061438589 -0.89239910083252294 0.25881904510252074
  endloop
endfacet
facet normal -0.44134575398487935 -0.89496065600102159 0.065263693197208761
  outer loop
    vertex -0.49572243068690564 -0.85861643640126062 0.13052619222005171
    vertex -0.50000000000000044 -0.86602540378443837 6.123233995736766e-17
    vertex -0.3826834323650895 -0.92387953251128685 6.123233995736766e-17
  endloop
endfacet
facet normal -0.44134575398487946 -0.89496065600102159 0.06526369319720865
  outer loop
    vertex -0.49572243068690564 -0.85861643640126062 0.13052619222005171
    vertex -0.3826834323650895 -0.92387953251128685 6.123233995736766e-17
    vertex -0.37940952255126009 -0.91597561503675351 0.13052619222005171
  endloop
endfacet
facet normal -0.44134575398487946 -0.89496065600102159 -0.065263693197208761
  outer loop
    vertex -0.50000000000000044 -0.86602540378443837 6.123233995736766e-17
    vertex -0.49572243068690564 -0.85861643640126062 -0.1305261922200516
    vertex -0.37940952255126009 -0.91597561503675351 -0.1305261922200516
  endloop
endfacet
facet normal -0.44134575398487935 -0.89496065600102159 -0.06526369319720865
  outer loop
    vertex -0.50000000000000044 -0.86602540378443837 6.123233995736766e-17
    vertex -0.37940952255126009 -0.91597561503675351 -0.1305261922200516
    vertex -0.3826834323650895 -0.92387953251128685 6.123233995736766e-17
  endloop
endfacet
facet normal -0.43382555304012071 -0.87971119702239975 -0.19468846746237878
  outer loop
    vertex -0.49572243068690564 -0.85861643640126062 -0.1305261922200516
    vertex -0.4829629131445346 -0.83651630373780761 -0.25881904510252063
    vertex -0.36964381061438589 -0.89239910083252294 -0.25881904510252063
  endloop
endfacet
facet normal -0.43382555304012033 -0.87971119702240019 -0.19468846746237822
  outer loop
    vertex -0.49572243068690564 -0.85861643640126062 -0.1305261922200516
    vertex -0.36964381061438589 -0.89239910083252294 -0.25881904510252063
    vertex -0.37940952255126009 -0.91597561503675351 -0.1305261922200516
  endloop
endfacet
facet normal -0.41890907012172529 -0.84946356188069583 -0.32082214388460228
  outer loop
    vertex -0.4829629131445346 -0.83651630373780761 -0.25881904510252063
    vertex -0.46193976625564381 -0.80010314519126535 -0.3826834323650895
    vertex -0.35355339059327356 -0.85355339059327395 -0.3826834323650895
  endloop
endfacet
facet normal -0.41890907012172557 -0.84946356188069561 -0.32082214388460262
  outer loop
    vertex -0.4829629131445346 -0.83651630373780761 -0.25881904510252063
    vertex -0.35355339059327356 -0.85355339059327395 -0.3826834323650895
    vertex -0.36964381061438589 -0.89239910083252294 -0.25881904510252063
  endloop
endfacet
facet normal -0.39684273894534022 -0.80471746871712579 -0.44152648401637506
  outer loop
    vertex -0.46193976625564381 -0.80010314519126535 -0.3826834323650895
    vertex -0.43301270189221974 -0.74999999999999978 -0.49999999999999983
    vertex -0.33141357403559157 -0.80010314519126569 -0.49999999999999983
  endloop
endfacet
facet normal -0.39684273894534011 -0.80471746871712602 -0.44152648401637495
  outer loop
    vertex -0.46193976625564381 -0.80010314519126535 -0.3826834323650895
    vertex -0.33141357403559157 -0.80010314519126569 -0.49999999999999983
    vertex -0.35355339059327356 -0.85355339059327395 -0.3826834323650895
  endloop
endfacet
facet normal -0.36799261767317409 -0.74621521005411129 -0.55474705372984512
  outer loop
    vertex -0.43301270189221974 -0.74999999999999978 -0.49999999999999983
    vertex -0.39667667014561792 -0.68706414686944983 -0.60876142900872066
    vertex -0.30360317934095871 -0.73296291314453421 -0.60876142900872066
  endloop
endfacet
facet normal -0.36799261767317432 -0.74621521005411107 -0.55474705372984523
  outer loop
    vertex -0.43301270189221974 -0.74999999999999978 -0.49999999999999983
    vertex -0.30360317934095871 -0.73296291314453421 -0.60876142900872066
    vertex -0.33141357403559157 -0.80010314519126569 -0.49999999999999983
  endloop
endfacet
facet normal -0.33283986509121644 -0.674932479390142 -0.65854671244364782
  outer loop
    vertex -0.39667667014561792 -0.68706414686944983 -0.60876142900872066
    vertex -0.35355339059327412 -0.61237243569579436 -0.70710678118654746
    vertex -0.27059805007309834 -0.6532814824381884 -0.70710678118654746
  endloop
endfacet
facet normal -0.33283986509121632 -0.674932479390142 -0.65854671244364782
  outer loop
    vertex -0.39667667014561792 -0.68706414686944983 -0.60876142900872066
    vertex -0.27059805007309834 -0.6532814824381884 -0.70710678118654746
    vertex -0.30360317934095871 -0.73296291314453421 -0.60876142900872066
  endloop
endfacet
facet normal -0.29197440065237623 -0.59206551503905136 -0.75113871905609331
  outer loop
    vertex -0.35355339059327412 -0.61237243569579436 -0.70710678118654746
    vertex -0.30438071450436072 -0.52720286236566927 -0.79335334029123505
    vertex -0.23296291314453407 -0.56242222444348 -0.79335334029123505
  endloop
endfacet
facet normal -0.29197440065237656 -0.5920655150390508 -0.75113871905609353
  outer loop
    vertex -0.35355339059327412 -0.61237243569579436 -0.70710678118654746
    vertex -0.23296291314453407 -0.56242222444348 -0.79335334029123505
    vertex -0.27059805007309834 -0.6532814824381884 -0.70710678118654746
  endloop
endfacet
facet normal -0.24608657134769318 -0.49901420221643067 -0.83091890421907943
  outer loop
    vertex -0.30438071450436072 -0.52720286236566927 -0.79335334029123505
    vertex -0.25000000000000017 -0.43301270189221913 -0.86602540378443871
    vertex -0.19134171618254472 -0.46193976625564337 -0.86602540378443871
  endloop
endfacet
facet normal -0.24608657134769299 -0.49901420221643095 -0.83091890421907955
  outer loop
    vertex -0.30438071450436072 -0.52720286236566927 -0.79335334029123505
    vertex -0.19134171618254472 -0.46193976625564337 -0.86602540378443871
    vertex -0.23296291314453407 -0.56242222444348 -0.79335334029123505
  endloop
endfacet
facet normal -0.19595669933180912 -0.39736087772082518 -0.89649612650803923
  outer loop
    vertex -0.25000000000000017 -0.43301270189221913 -0.86602540378443871
    vertex -0.19134171618254511 -0.3314135740355918 -0.92387953251128674
    vertex -0.14644660940672619 -0.3535533905932739 -0.92387953251128674
  endloop
endfacet
facet normal -0.19595669933180931 -0.39736087772082501 -0.89649612650803934
  outer loop
    vertex -0.25000000000000017 -0.43301270189221913 -0.86602540378443871
    vertex -0.14644660940672619 -0.3535533905932739 -0.92387953251128674
    vertex -0.19134171618254472 -0.46193976625564337 -0.86602540378443871
  endloop
endfacet
facet normal -0.1424424784890462 -0.28884477269795056 -0.94672004183230796
  outer loop
    vertex -0.19134171618254511 -0.3314135740355918 -0.92387953251128674
    vertex -0.12940952255126062 -0.22414386804201353 -0.9659258262890682
    vertex -0.09904576054128765 -0.23911761839433479 -0.9659258262890682
  endloop
endfacet
facet normal -0.14244247848904601 -0.28884477269795067 -0.94672004183230807
  outer loop
    vertex -0.19134171618254511 -0.3314135740355918 -0.92387953251128674
    vertex -0.09904576054128765 -0.23911761839433479 -0.9659258262890682
    vertex -0.14644660940672619 -0.3535533905932739 -0.92387953251128674
  endloop
endfacet
facet normal -0.086464316499850633 -0.17533228929180356 -0.98070510873753924
  outer loop
    vertex -0.12940952255126062 -0.22414386804201353 -0.9659258262890682
    vertex -0.06526309611002605 -0.11303899832181574 -0.99144486137381038
    vertex -0.049950211252314934 -0.12059047744874 -0.99144486137381038
  endloop
endfacet
facet normal -0.086464316499850508 -0.17533228929180372 -0.98070510873753947
  outer loop
    vertex -0.12940952255126062 -0.22414386804201353 -0.9659258262890682
    vertex -0.049950211252314934 -0.12059047744874 -0.99144486137381038
    vertex -0.09904576054128765 -0.23911761839433479 -0.9659258262890682
  endloop
endfacet
facet normal -0.028988865969525442 -0.058783605077349282 -0.9978497549350358
  outer loop
    vertex 0 0 -1
    vertex -0.049950211252314934 -0.12059047744874 -0.99144486137381038
    vertex -0.06526309611002605 -0.11303899832181574 -0.99144486137381038
  endloop
endfacet
facet normal -0.02106806206682639 -0.062064509478745207 0.99784975493503569
  outer loop
    vertex 0 0 1
    vertex -0.049950211252314781 -0.12059047744873962 0.99144486137381038
    vertex -0.033782664431261808 -0.12607862007251908 0.99144486137381038
  endloop
endfacet
facet normal -0.062839146191491516 -0.18511815524689904 0.98070510873753947
  outer loop
    vertex -0.049950211252314781 -0.12059047744873962 0.99144486137381038
    vertex -0.099045760541287539 -0.23911761839433451 0.96592582628906831
    vertex -0.066987298107780632 -0.24999999999999997 0.96592582628906831
  endloop
endfacet
facet normal -0.062839146191491418 -0.18511815524689906 0.98070510873753947
  outer loop
    vertex -0.049950211252314781 -0.12059047744873962 0.99144486137381038
    vertex -0.066987298107780632 -0.24999999999999997 0.96592582628906831
    vertex -0.033782664431261808 -0.12607862007251908 0.99144486137381038
  endloop
endfacet
facet normal -0.10352205501638458 -0.30496613995363159 0.94672004183230785
  outer loop
    vertex -0.099045760541287539 -0.23911761839433451 0.96592582628906831
    vertex -0.14644660940672613 -0.35355339059327379 0.92387953251128674
    vertex -0.099045760541287581 -0.36964381061438611 0.92387953251128674
  endloop
endfacet
facet normal -0.10352205501638448 -0.30496613995363148 0.94672004183230773
  outer loop
    vertex -0.099045760541287539 -0.23911761839433451 0.96592582628906831
    vertex -0.099045760541287581 -0.36964381061438611 0.92387953251128674
    vertex -0.066987298107780632 -0.24999999999999997 0.96592582628906831
  endloop
endfacet
facet normal -0.14241426029817794 -0.41953888213108931 0.89649612650803956
  outer loop
    vertex -0.14644660940672613 -0.35355339059327379 0.92387953251128674
    vertex -0.19134171618254472 -0.46193976625564337 0.86602540378443871
    vertex -0.12940952255126029 -0.4829629131445341 0.86602540378443871
  endloop
endfacet
facet normal -0.14241426029817805 -0.41953888213108925 0.89649612650803956
  outer loop
    vertex -0.14644660940672613 -0.35355339059327379 0.92387953251128674
    vertex -0.12940952255126029 -0.4829629131445341 0.86602540378443871
    vertex -0.099045760541287581 -0.36964381061438611 0.92387953251128674
  endloop
endfacet
facet normal -0.17884684293673231 -0.52686580965453456 0.83091890421907932
  outer loop
    vertex -0.19134171618254472 -0.46193976625564337 0.86602540378443871
    vertex -0.23296291314453399 -0.56242222444347978 0.79335334029123517
    vertex -0.15755905175128299 -0.5880183863281625 0.79335334029123517
  endloop
endfacet
facet normal -0.17884684293673236 -0.52686580965453467 0.83091890421907932
  outer loop
    vertex -0.19134171618254472 -0.46193976625564337 0.86602540378443871
    vertex -0.15755905175128299 -0.5880183863281625 0.79335334029123517
    vertex -0.12940952255126029 -0.4829629131445341 0.86602540378443871
  endloop
endfacet
facet normal -0.21219646195664527 -0.62511061922499156 0.75113871905609397
  outer loop
    vertex -0.23296291314453399 -0.56242222444347978 0.79335334029123517
    vertex -0.27059805007309828 -0.65328148243818829 0.70710678118654757
    vertex -0.18301270189221922 -0.6830127018922193 0.70710678118654757
  endloop
endfacet
facet normal -0.21219646195664532 -0.62511061922499156 0.75113871905609386
  outer loop
    vertex -0.23296291314453399 -0.56242222444347978 0.79335334029123517
    vertex -0.18301270189221922 -0.6830127018922193 0.70710678118654757
    vertex -0.15755905175128299 -0.5880183863281625 0.79335334029123517
  endloop
endfacet
facet normal -0.24189600736460454 -0.7126026586750337 0.65854671244364793
  outer loop
    vertex -0.27059805007309828 -0.65328148243818829 0.70710678118654757
    vertex -0.30360317934095871 -0.73296291314453421 0.60876142900872066
    vertex -0.20533495396307258 -0.7663204807600037 0.60876142900872066
  endloop
endfacet
facet normal -0.24189600736460459 -0.7126026586750337 0.65854671244364793
  outer loop
    vertex -0.27059805007309828 -0.65328148243818829 0.70710678118654757
    vertex -0.20533495396307258 -0.7663204807600037 0.60876142900872066
    vertex -0.18301270189221922 -0.6830127018922193 0.70710678118654757
  endloop
endfacet
facet normal -0.26744375987051572 -0.78786391063709582 0.55474705372984556
  outer loop
    vertex -0.30360317934095871 -0.73296291314453421 0.60876142900872066
    vertex -0.33141357403559152 -0.80010314519126557 0.50000000000000011
    vertex -0.22414386804201325 -0.83651630373780783 0.50000000000000011
  endloop
endfacet
facet normal -0.26744375987051616 -0.78786391063709593 0.55474705372984534
  outer loop
    vertex -0.30360317934095871 -0.73296291314453421 0.60876142900872066
    vertex -0.22414386804201325 -0.83651630373780783 0.50000000000000011
    vertex -0.20533495396307258 -0.7663204807600037 0.60876142900872066
  endloop
endfacet
facet normal -0.28841098729626075 -0.84963137084204565 0.44152648401637512
  outer loop
    vertex -0.33141357403559152 -0.80010314519126557 0.50000000000000011
    vertex -0.35355339059327351 -0.85355339059327384 0.38268343236508984
    vertex -0.2391176183943344 -0.89239910083252283 0.38268343236508984
  endloop
endfacet
facet normal -0.28841098729626002 -0.84963137084204565 0.44152648401637556
  outer loop
    vertex -0.33141357403559152 -0.80010314519126557 0.50000000000000011
    vertex -0.2391176183943344 -0.89239910083252283 0.38268343236508984
    vertex -0.22414386804201325 -0.83651630373780783 0.50000000000000011
  endloop
endfacet
facet normal -0.3044480007930957 -0.89687488916034108 0.32082214388460301
  outer loop
    vertex -0.35355339059327351 -0.85355339059327384 0.38268343236508984
    vertex -0.36964381061438589 -0.89239910083252294 0.25881904510252074
    vertex -0.24999999999999989 -0.93301270189221941 0.25881904510252074
  endloop
endfacet
facet normal -0.30444800079309597 -0.89687488916034108 0.32082214388460278
  outer loop
    vertex -0.35355339059327351 -0.85355339059327384 0.38268343236508984
    vertex -0.24999999999999989 -0.93301270189221941 0.25881904510252074
    vertex -0.2391176183943344 -0.89239910083252283 0.38268343236508984
  endloop
endfacet
facet normal -0.31528876249360133 -0.92881074330694724 0.19468846746237825
  outer loop
    vertex -0.36964381061438589 -0.89239910083252294 0.25881904510252074
    vertex -0.37940952255126009 -0.91597561503675351 0.13052619222005171
    vertex -0.25660481229257054 -0.95766219694254862 0.13052619222005171
  endloop
endfacet
facet normal -0.31528876249360077 -0.92881074330694735 0.19468846746237872
  outer loop
    vertex -0.36964381061438589 -0.89239910083252294 0.25881904510252074
    vertex -0.25660481229257054 -0.95766219694254862 0.13052619222005171
    vertex -0.24999999999999989 -0.93301270189221941 0.25881904510252074
  endloop
endfacet
facet normal -0.32075417326288547 -0.94491132424408142 0.06526369319720865
  outer loop
    vertex -0.37940952255126009 -0.91597561503675351 0.13052619222005171
    vertex -0.3826834323650895 -0.92387953251128685 6.123233995736766e-17
    vertex -0.25881904510252063 -0.96592582628906831 6.123233995736766e-17
  endloop
endfacet
facet normal -0.32075417326288586 -0.94491132424408131 0.065263693197208206
  outer loop
    vertex -0.37940952255126009 -0.91597561503675351 0.13052619222005171
    vertex -0.25881904510252063 -0.96592582628906831 6.123233995736766e-17
    vertex -0.25660481229257054 -0.95766219694254862 0.13052619222005171
  endloop
endfacet
facet normal -0.32075417326288591 -0.94491132424408109 -0.06526369319720865
  outer loop
    vertex -0.3826834323650895 -0.92387953251128685 6.123233995736766e-17
    vertex -0.37940952255126009 -0.91597561503675351 -0.1305261922200516
    vertex -0.25660481229257054 -0.95766219694254862 -0.1305261922200516
  endloop
endfacet
facet normal -0.32075417326288547 -0.94491132424408142 -0.06526369319720822
  outer loop
    vertex -0.3826834323650895 -0.92387953251128685 6.123233995736766e-17
    vertex -0.25660481229257054 -0.95766219694254862 -0.1305261922200516
    vertex -0.25881904510252063 -0.96592582628906831 6.123233995736766e-17
  endloop
endfacet
facet normal -0.31528876249360077 -0.92881074330694746 -0.19468846746237822
  outer loop
    vertex -0.37940952255126009 -0.91597561503675351 -0.1305261922200516
    vertex -0.36964381061438589 -0.89239910083252294 -0.25881904510252063
    vertex -0.24999999999999989 -0.93301270189221941 -0.25881904510252063
  endloop
endfacet
facet normal -0.31528876249360127 -0.92881074330694724 -0.19468846746237872
  outer loop
    vertex -0.37940952255126009 -0.91597561503675351 -0.1305261922200516
    vertex -0.24999999999999989 -0.93301270189221941 -0.25881904510252063
    vertex -0.25660481229257054 -0.95766219694254862 -0.1305261922200516
  endloop
endfacet
facet normal -0.30444800079309592 -0.8968748891603413 -0.32082214388460273
  outer loop
    vertex -0.36964381061438589 -0.89239910083252294 -0.25881904510252063
    vertex -0.35355339059327356 -0.85355339059327395 -0.3826834323650895
    vertex -0.23911761839433443 -0.89239910083252294 -0.3826834323650895
  endloop
endfacet
facet normal -0.30444800079309581 -0.8968748891603413 -0.32082214388460256
  outer loop
    vertex -0.36964381061438589 -0.89239910083252294 -0.25881904510252063
    vertex -0.23911761839433443 -0.89239910083252294 -0.3826834323650895
    vertex -0.24999999999999989 -0.93301270189221941 -0.25881904510252063
  endloop
endfacet
facet normal -0.28841098729626014 -0.8496313708420461 -0.4415264840163749
  outer loop
    vertex -0.35355339059327356 -0.85355339059327395 -0.3826834323650895
    vertex -0.33141357403559157 -0.80010314519126569 -0.49999999999999983
    vertex -0.22414386804201328 -0.83651630373780794 -0.49999999999999983
  endloop
endfacet
facet normal -0.28841098729626058 -0.84963137084204565 -0.4415264840163754
  outer loop
    vertex -0.35355339059327356 -0.85355339059327395 -0.3826834323650895
    vertex -0.22414386804201328 -0.83651630373780794 -0.49999999999999983
    vertex -0.23911761839433443 -0.89239910083252294 -0.3826834323650895
  endloop
endfacet
facet normal -0.26744375987051616 -0.78786391063709593 -0.55474705372984534
  outer loop
    vertex -0.33141357403559157 -0.80010314519126569 -0.49999999999999983
    vertex -0.30360317934095871 -0.73296291314453421 -0.60876142900872066
    vertex -0.20533495396307258 -0.7663204807600037 -0.60876142900872066
  endloop
endfacet
facet normal -0.26744375987051583 -0.78786391063709627 -0.55474705372984501
  outer loop
    vertex -0.33141357403559157 -0.80010314519126569 -0.49999999999999983
    vertex -0.20533495396307258 -0.7663204807600037 -0.60876142900872066
    vertex -0.22414386804201328 -0.83651630373780794 -0.49999999999999983
  endloop
endfacet
facet normal -0.24189600736460459 -0.7126026586750337 -0.65854671244364771
  outer loop
    vertex -0.30360317934095871 -0.73296291314453421 -0.60876142900872066
    vertex -0.27059805007309834 -0.6532814824381884 -0.70710678118654746
    vertex -0.18301270189221924 -0.68301270189221941 -0.70710678118654746
  endloop
endfacet
facet normal -0.24189600736460456 -0.71260265867503381 -0.65854671244364782
  outer loop
    vertex -0.30360317934095871 -0.73296291314453421 -0.60876142900872066
    vertex -0.18301270189221924 -0.68301270189221941 -0.70710678118654746
    vertex -0.20533495396307258 -0.7663204807600037 -0.60876142900872066
  endloop
endfacet
facet normal -0.21219646195664532 -0.625110619224992 -0.75113871905609353
  outer loop
    vertex -0.27059805007309834 -0.6532814824381884 -0.70710678118654746
    vertex -0.23296291314453407 -0.56242222444348 -0.79335334029123505
    vertex -0.15755905175128304 -0.58801838632816272 -0.79335334029123505
  endloop
endfacet
facet normal -0.21219646195664538 -0.62511061922499189 -0.75113871905609364
  outer loop
    vertex -0.27059805007309834 -0.6532814824381884 -0.70710678118654746
    vertex -0.15755905175128304 -0.58801838632816272 -0.79335334029123505
    vertex -0.18301270189221924 -0.68301270189221941 -0.70710678118654746
  endloop
endfacet
facet normal -0.17884684293673231 -0.52686580965453433 -0.83091890421907955
  outer loop
    vertex -0.23296291314453407 -0.56242222444348 -0.79335334029123505
    vertex -0.19134171618254472 -0.46193976625564337 -0.86602540378443871
    vertex -0.12940952255126029 -0.4829629131445341 -0.86602540378443871
  endloop
endfacet
facet normal -0.17884684293673228 -0.52686580965453444 -0.83091890421907943
  outer loop
    vertex -0.23296291314453407 -0.56242222444348 -0.79335334029123505
    vertex -0.12940952255126029 -0.4829629131445341 -0.86602540378443871
    vertex -0.15755905175128304 -0.58801838632816272 -0.79335334029123505
  endloop
endfacet
facet normal -0.14241426029817814 -0.41953888213108959 -0.89649612650803945
  outer loop
    vertex -0.19134171618254472 -0.46193976625564337 -0.86602540378443871
    vertex -0.14644660940672619 -0.3535533905932739 -0.92387953251128674
    vertex -0.099045760541287609 -0.36964381061438623 -0.92387953251128674
  endloop
endfacet
facet normal -0.14241426029817811 -0.41953888213108953 -0.89649612650803934
  outer loop
    vertex -0.19134171618254472 -0.46193976625564337 -0.86602540378443871
    vertex -0.099045760541287609 -0.36964381061438623 -0.92387953251128674
    vertex -0.12940952255126029 -0.4829629131445341 -0.86602540378443871
  endloop
endfacet
facet normal -0.10352205501638437 -0.30496613995363125 -0.94672004183230796
  outer loop
    vertex -0.14644660940672619 -0.3535533905932739 -0.92387953251128674
    vertex -0.09904576054128765 -0.23911761839433479 -0.9659258262890682
    vertex -0.066987298107780702 -0.25000000000000028 -0.9659258262890682
  endloop
endfacet
facet normal -0.10352205501638438 -0.30496613995363125 -0.94672004183230796
  outer loop
    vertex -0.14644660940672619 -0.3535533905932739 -0.92387953251128674
    vertex -0.066987298107780702 -0.25000000000000028 -0.9659258262890682
    vertex -0.099045760541287609 -0.36964381061438623 -0.92387953251128674
  endloop
endfacet
facet normal -0.062839146191491765 -0.18511815524690001 -0.98070510873753947
  outer loop
    vertex -0.09904576054128765 -0.23911761839433479 -0.9659258262890682
    vertex -0.049950211252314934 -0.12059047744874 -0.99144486137381038
    vertex -0.033782664431261912 -0.12607862007251947 -0.99144486137381038
  endloop
endfacet
facet normal -0.062839146191491821 -0.18511815524689998 -0.98070510873753947
  outer loop
    vertex -0.09904576054128765 -0.23911761839433479 -0.9659258262890682
    vertex -0.033782664431261912 -0.12607862007251947 -0.99144486137381038
    vertex -0.066987298107780702 -0.25000000000000028 -0.9659258262890682
  endloop
endfacet
facet normal -0.021068062066826272 -0.062064509478745054 -0.99784975493503592
  outer loop
    vertex 0 0 -1
    vertex -0.033782664431261912 -0.12607862007251947 -0.99144486137381038
    vertex -0.049950211252314934 -0.12059047744874 -0.99144486137381038
  endloop
endfacet
facet normal -0.012786777780993668 -0.064283472915426645 0.99784975493503592
  outer loop
    vertex 0 0 1
    vertex -0.033782664431261808 -0.12607862007251908 0.99144486137381038
    vertex -0.017037086855465858 -0.12940952255126037 0.99144486137381038
  endloop
endfacet
facet normal -0.038138780669493784 -0.19173659824127187 0.98070510873753969
  outer loop
    vertex -0.033782664431261808 -0.12607862007251908 0.99144486137381038
    vertex -0.066987298107780632 -0.24999999999999997 0.96592582628906831
    vertex -0.033782664431261836 -0.25660481229257065 0.96592582628906831
  endloop
endfacet
facet normal -0.038138780669493832 -0.1917365982412719 0.98070510873753947
  outer loop
    vertex -0.033782664431261808 -0.12607862007251908 0.99144486137381038
    vertex -0.033782664431261836 -0.25660481229257065 0.96592582628906831
    vertex -0.017037086855465858 -0.12940952255126037 0.99144486137381038
  endloop
endfacet
facet normal -0.062830340480656471 -0.31586945200211769 0.94672004183230785
  outer loop
    vertex -0.066987298107780632 -0.24999999999999997 0.96592582628906831
    vertex -0.099045760541287581 -0.36964381061438611 0.92387953251128674
    vertex -0.049950211252314837 -0.37940952255126037 0.92387953251128674
  endloop
endfacet
facet normal -0.062830340480656541 -0.31586945200211769 0.94672004183230773
  outer loop
    vertex -0.066987298107780632 -0.24999999999999997 0.96592582628906831
    vertex -0.049950211252314837 -0.37940952255126037 0.92387953251128674
    vertex -0.033782664431261836 -0.25660481229257065 0.96592582628906831
  endloop
endfacet
facet normal -0.086435073786152783 -0.43453845994993762 0.89649612650803956
  outer loop
    vertex -0.099045760541287581 -0.36964381061438611 0.92387953251128674
    vertex -0.12940952255126029 -0.4829629131445341 0.86602540378443871
    vertex -0.065263096110025801 -0.49572243068690514 0.86602540378443871
  endloop
endfacet
facet normal -0.086435073786152825 -0.43453845994993767 0.89649612650803956
  outer loop
    vertex -0.099045760541287581 -0.36964381061438611 0.92387953251128674
    vertex -0.065263096110025801 -0.49572243068690514 0.86602540378443871
    vertex -0.049950211252314837 -0.37940952255126037 0.92387953251128674
  endloop
endfacet
facet normal -0.10854699545741121 -0.54570259701464985 0.83091890421907921
  outer loop
    vertex -0.12940952255126029 -0.4829629131445341 0.86602540378443871
    vertex -0.15755905175128299 -0.5880183863281625 0.79335334029123517
    vertex -0.079459311298945581 -0.60355339059327373 0.79335334029123517
  endloop
endfacet
facet normal -0.10854699545741144 -0.54570259701464985 0.83091890421907921
  outer loop
    vertex -0.12940952255126029 -0.4829629131445341 0.86602540378443871
    vertex -0.079459311298945581 -0.60355339059327373 0.79335334029123517
    vertex -0.065263096110025801 -0.49572243068690514 0.86602540378443871
  endloop
endfacet
facet normal -0.12878778296486229 -0.64745990740258663 0.75113871905609386
  outer loop
    vertex -0.15755905175128299 -0.5880183863281625 0.79335334029123517
    vertex -0.18301270189221922 -0.6830127018922193 0.70710678118654757
    vertex -0.092295955641257282 -0.7010573846499778 0.70710678118654757
  endloop
endfacet
facet normal -0.12878778296486226 -0.64745990740258652 0.75113871905609386
  outer loop
    vertex -0.15755905175128299 -0.5880183863281625 0.79335334029123517
    vertex -0.092295955641257282 -0.7010573846499778 0.70710678118654757
    vertex -0.079459311298945581 -0.60355339059327373 0.79335334029123517
  endloop
endfacet
facet normal -0.14681324188574132 -0.73808000889921288 0.65854671244364771
  outer loop
    vertex -0.18301270189221922 -0.6830127018922193 0.70710678118654757
    vertex -0.20533495396307258 -0.7663204807600037 0.60876142900872066
    vertex -0.10355339059327379 -0.78656609248549303 0.60876142900872066
  endloop
endfacet
facet normal -0.14681324188574105 -0.73808000889921277 0.65854671244364793
  outer loop
    vertex -0.18301270189221922 -0.6830127018922193 0.70710678118654757
    vertex -0.10355339059327379 -0.78656609248549303 0.60876142900872066
    vertex -0.092295955641257282 -0.7010573846499778 0.70710678118654757
  endloop
endfacet
facet normal -0.16231886518705552 -0.81603204127193596 0.55474705372984545
  outer loop
    vertex -0.20533495396307258 -0.7663204807600037 0.60876142900872066
    vertex -0.22414386804201325 -0.83651630373780783 0.50000000000000011
    vertex -0.11303899832181546 -0.85861643640126084 0.50000000000000011
  endloop
endfacet
facet normal -0.16231886518705535 -0.81603204127193596 0.55474705372984556
  outer loop
    vertex -0.20533495396307258 -0.7663204807600037 0.60876142900872066
    vertex -0.11303899832181546 -0.85861643640126084 0.50000000000000011
    vertex -0.10355339059327379 -0.78656609248549303 0.60876142900872066
  endloop
endfacet
facet normal -0.1750444436919095 -0.88000784464953907 0.44152648401637562
  outer loop
    vertex -0.22414386804201325 -0.83651630373780783 0.50000000000000011
    vertex -0.2391176183943344 -0.89239910083252283 0.38268343236508984
    vertex -0.12059047744873964 -0.9159756150367534 0.38268343236508984
  endloop
endfacet
facet normal -0.17504444369191002 -0.88000784464953907 0.44152648401637518
  outer loop
    vertex -0.22414386804201325 -0.83651630373780783 0.50000000000000011
    vertex -0.12059047744873964 -0.9159756150367534 0.38268343236508984
    vertex -0.11303899832181546 -0.85861643640126084 0.50000000000000011
  endloop
endfacet
facet normal -0.1847777417619644 -0.92894043842575613 0.32082214388460278
  outer loop
    vertex -0.2391176183943344 -0.89239910083252283 0.38268343236508984
    vertex -0.24999999999999989 -0.93301270189221941 0.25881904510252074
    vertex -0.12607862007251913 -0.95766219694254862 0.25881904510252074
  endloop
endfacet
facet normal -0.18477774176196396 -0.92894043842575613 0.32082214388460323
  outer loop
    vertex -0.2391176183943344 -0.89239910083252283 0.38268343236508984
    vertex -0.12607862007251913 -0.95766219694254862 0.25881904510252074
    vertex -0.12059047744873964 -0.9159756150367534 0.38268343236508984
  endloop
endfacet
facet normal -0.19135729380625657 -0.9620180802585242 0.19468846746237878
  outer loop
    vertex -0.24999999999999989 -0.93301270189221941 0.25881904510252074
    vertex -0.25660481229257054 -0.95766219694254862 0.13052619222005171
    vertex -0.12940952255126043 -0.9829629131445341 0.13052619222005171
  endloop
endfacet
facet normal -0.19135729380625674 -0.96201808025852431 0.19468846746237867
  outer loop
    vertex -0.24999999999999989 -0.93301270189221941 0.25881904510252074
    vertex -0.12940952255126043 -0.9829629131445341 0.13052619222005171
    vertex -0.12607862007251913 -0.95766219694254862 0.25881904510252074
  endloop
endfacet
facet normal -0.19467439970650624 -0.97869429775041206 0.065263693197208192
  outer loop
    vertex -0.25660481229257054 -0.95766219694254862 0.13052619222005171
    vertex -0.25881904510252063 -0.96592582628906831 6.123233995736766e-17
    vertex -0.13052619222005163 -0.99144486137381038 6.123233995736766e-17
  endloop
endfacet
facet normal -0.19467439970650607 -0.97869429775041206 0.065263693197208317
  outer loop
    vertex -0.25660481229257054 -0.95766219694254862 0.13052619222005171
    vertex -0.13052619222005163 -0.99144486137381038 6.123233995736766e-17
    vertex -0.12940952255126043 -0.9829629131445341 0.13052619222005171
  endloop
endfacet
facet normal -0.19467439970650607 -0.97869429775041206 -0.065263693197208192
  outer loop
    vertex -0.25881904510252063 -0.96592582628906831 6.123233995736766e-17
    vertex -0.25660481229257054 -0.95766219694254862 -0.1305261922200516
    vertex -0.12940952255126043 -0.9829629131445341 -0.1305261922200516
  endloop
endfacet
facet normal -0.19467439970650618 -0.97869429775041206 -0.065263693197208331
  outer loop
    vertex -0.25881904510252063 -0.96592582628906831 6.123233995736766e-17
    vertex -0.12940952255126043 -0.9829629131445341 -0.1305261922200516
    vertex -0.13052619222005163 -0.99144486137381038 6.123233995736766e-17
  endloop
endfacet
facet normal -0.19135729380625668 -0.96201808025852409 -0.19468846746237872
  outer loop
    vertex -0.25660481229257054 -0.95766219694254862 -0.1305261922200516
    vertex -0.24999999999999989 -0.93301270189221941 -0.25881904510252063
    vertex -0.12607862007251913 -0.95766219694254862 -0.25881904510252063
  endloop
endfacet
facet normal -0.1913572938062566 -0.9620180802585242 -0.19468846746237864
  outer loop
    vertex -0.25660481229257054 -0.95766219694254862 -0.1305261922200516
    vertex -0.12607862007251913 -0.95766219694254862 -0.25881904510252063
    vertex -0.12940952255126043 -0.9829629131445341 -0.1305261922200516
  endloop
endfacet
facet normal -0.18477774176196399 -0.92894043842575613 -0.32082214388460251
  outer loop
    vertex -0.24999999999999989 -0.93301270189221941 -0.25881904510252063
    vertex -0.23911761839433443 -0.89239910083252294 -0.3826834323650895
    vertex -0.12059047744873967 -0.91597561503675351 -0.3826834323650895
  endloop
endfacet
facet normal -0.18477774176196438 -0.92894043842575602 -0.32082214388460284
  outer loop
    vertex -0.24999999999999989 -0.93301270189221941 -0.25881904510252063
    vertex -0.12059047744873967 -0.91597561503675351 -0.3826834323650895
    vertex -0.12607862007251913 -0.95766219694254862 -0.25881904510252063
  endloop
endfacet
facet normal -0.17504444369191 -0.88000784464953896 -0.4415264840163754
  outer loop
    vertex -0.23911761839433443 -0.89239910083252294 -0.3826834323650895
    vertex -0.22414386804201328 -0.83651630373780794 -0.49999999999999983
    vertex -0.11303899832181548 -0.85861643640126095 -0.49999999999999983
  endloop
endfacet
facet normal -0.17504444369190955 -0.88000784464953918 -0.44152648401637512
  outer loop
    vertex -0.23911761839433443 -0.89239910083252294 -0.3826834323650895
    vertex -0.11303899832181548 -0.85861643640126095 -0.49999999999999983
    vertex -0.12059047744873967 -0.91597561503675351 -0.3826834323650895
  endloop
endfacet
facet normal -0.16231886518705541 -0.81603204127193629 -0.5547470537298449
  outer loop
    vertex -0.22414386804201328 -0.83651630373780794 -0.49999999999999983
    vertex -0.20533495396307258 -0.7663204807600037 -0.60876142900872066
    vertex -0.10355339059327379 -0.78656609248549303 -0.60876142900872066
  endloop
endfacet
facet normal -0.16231886518705549 -0.81603204127193618 -0.55474705372984501
  outer loop
    vertex -0.22414386804201328 -0.83651630373780794 -0.49999999999999983
    vertex -0.10355339059327379 -0.78656609248549303 -0.60876142900872066
    vertex -0.11303899832181548 -0.85861643640126095 -0.49999999999999983
  endloop
endfacet
facet normal -0.1468132418857411 -0.7380800088992131 -0.65854671244364782
  outer loop
    vertex -0.20533495396307258 -0.7663204807600037 -0.60876142900872066
    vertex -0.18301270189221924 -0.68301270189221941 -0.70710678118654746
    vertex -0.092295955641257296 -0.70105738464997791 -0.70710678118654746
  endloop
endfacet
facet normal -0.1468132418857413 -0.73808000889921277 -0.65854671244364793
  outer loop
    vertex -0.20533495396307258 -0.7663204807600037 -0.60876142900872066
    vertex -0.092295955641257296 -0.70105738464997791 -0.70710678118654746
    vertex -0.10355339059327379 -0.78656609248549303 -0.60876142900872066
  endloop
endfacet
facet normal -0.12878778296486237 -0.64745990740258696 -0.75113871905609342
  outer loop
    vertex -0.18301270189221924 -0.68301270189221941 -0.70710678118654746
    vertex -0.15755905175128304 -0.58801838632816272 -0.79335334029123505
    vertex -0.079459311298945609 -0.60355339059327395 -0.79335334029123505
  endloop
endfacet
facet normal -0.12878778296486235 -0.64745990740258696 -0.75113871905609364
  outer loop
    vertex -0.18301270189221924 -0.68301270189221941 -0.70710678118654746
    vertex -0.079459311298945609 -0.60355339059327395 -0.79335334029123505
    vertex -0.092295955641257296 -0.70105738464997791 -0.70710678118654746
  endloop
endfacet
facet normal -0.10854699545741132 -0.54570259701464952 -0.83091890421907943
  outer loop
    vertex -0.15755905175128304 -0.58801838632816272 -0.79335334029123505
    vertex -0.12940952255126029 -0.4829629131445341 -0.86602540378443871
    vertex -0.065263096110025801 -0.49572243068690514 -0.86602540378443871
  endloop
endfacet
facet normal -0.1085469954574111 -0.54570259701464974 -0.83091890421907943
  outer loop
    vertex -0.15755905175128304 -0.58801838632816272 -0.79335334029123505
    vertex -0.065263096110025801 -0.49572243068690514 -0.86602540378443871
    vertex -0.079459311298945609 -0.60355339059327395 -0.79335334029123505
  endloop
endfacet
facet normal -0.086435073786152922 -0.43453845994993801 -0.89649612650803934
  outer loop
    vertex -0.12940952255126029 -0.4829629131445341 -0.86602540378443871
    vertex -0.099045760541287609 -0.36964381061438623 -0.92387953251128674
    vertex -0.049950211252314851 -0.37940952255126048 -0.92387953251128674
  endloop
endfacet
facet normal -0.086435073786152825 -0.43453845994993801 -0.89649612650803934
  outer loop
    vertex -0.12940952255126029 -0.4829629131445341 -0.86602540378443871
    vertex -0.049950211252314851 -0.37940952255126048 -0.92387953251128674
    vertex -0.065263096110025801 -0.49572243068690514 -0.86602540378443871
  endloop
endfacet
facet normal -0.062830340480656124 -0.31586945200211736 -0.94672004183230785
  outer loop
    vertex -0.099045760541287609 -0.36964381061438623 -0.92387953251128674
    vertex -0.066987298107780702 -0.25000000000000028 -0.9659258262890682
    vertex -0.03378266443126187 -0.25660481229257093 -0.9659258262890682
  endloop
endfacet
facet normal -0.062830340480656402 -0.3158694520021173 -0.94672004183230796
  outer loop
    vertex -0.099045760541287609 -0.36964381061438623 -0.92387953251128674
    vertex -0.03378266443126187 -0.25660481229257093 -0.9659258262890682
    vertex -0.049950211252314851 -0.37940952255126048 -0.92387953251128674
  endloop
endfacet
facet normal -0.038138780669493826 -0.19173659824127282 -0.98070510873753947
  outer loop
    vertex -0.066987298107780702 -0.25000000000000028 -0.9659258262890682
    vertex -0.033782664431261912 -0.12607862007251947 -0.99144486137381038
    vertex -0.017037086855465913 -0.12940952255126076 -0.99144486137381038
  endloop
endfacet
facet normal -0.038138780669493798 -0.1917365982412729 -0.98070510873753947
  outer loop
    vertex -0.066987298107780702 -0.25000000000000028 -0.9659258262890682
    vertex -0.017037086855465913 -0.12940952255126076 -0.99144486137381038
    vertex -0.03378266443126187 -0.25660481229257093 -0.9659258262890682
  endloop
endfacet
facet normal -0.012786777780993595 -0.064283472915426465 -0.99784975493503592
  outer loop
    vertex 0 0 -1
    vertex -0.017037086855465913 -0.12940952255126076 -0.99144486137381038
    vertex -0.033782664431261912 -0.12607862007251947 -0.99144486137381038
  endloop
endfacet
facet normal -0.0042867081821635344 -0.065402528307779317 0.99784975493503569
  outer loop
    vertex 0 0 1
    vertex -0.017037086855465858 -0.12940952255126037 0.99144486137381038
    vertex -2.3977272526076745e-17 -0.13052619222005157 0.99144486137381038
  endloop
endfacet
facet normal -0.01278585003617342 -0.19507437488030854 0.98070510873753947
  outer loop
    vertex -0.017037086855465858 -0.12940952255126037 0.99144486137381038
    vertex -0.033782664431261836 -0.25660481229257065 0.96592582628906831
    vertex -4.7544287271476465e-17 -0.25881904510252074 0.96592582628906831
  endloop
endfacet
facet normal -0.012785850036173283 -0.19507437488030852 0.98070510873753947
  outer loop
    vertex -0.017037086855465858 -0.12940952255126037 0.99144486137381038
    vertex -4.7544287271476465e-17 -0.25881904510252074 0.96592582628906831
    vertex -2.3977272526076745e-17 -0.13052619222005157 0.99144486137381038
  endloop
endfacet
facet normal -0.021063581399443098 -0.32136815015129044 0.94672004183230785
  outer loop
    vertex -0.033782664431261836 -0.25660481229257065 0.96592582628906831
    vertex -0.049950211252314837 -0.37940952255126037 0.92387953251128674
    vertex -7.0297806079894476e-17 -0.38268343236508978 0.92387953251128674
  endloop
endfacet
facet normal -0.021063581399443115 -0.3213681501512905 0.94672004183230773
  outer loop
    vertex -0.033782664431261836 -0.25660481229257065 0.96592582628906831
    vertex -7.0297806079894476e-17 -0.38268343236508978 0.92387953251128674
    vertex -4.7544287271476465e-17 -0.25881904510252074 0.96592582628906831
  endloop
endfacet
facet normal -0.028976959197316656 -0.44210296424222062 0.89649612650803945
  outer loop
    vertex -0.049950211252314837 -0.37940952255126037 0.92387953251128674
    vertex -0.065263096110025801 -0.49572243068690514 0.86602540378443871
    vertex -9.1848509936051472e-17 -0.49999999999999994 0.86602540378443871
  endloop
endfacet
facet normal -0.028976959197316805 -0.44210296424222068 0.89649612650803945
  outer loop
    vertex -0.049950211252314837 -0.37940952255126037 0.92387953251128674
    vertex -9.1848509936051472e-17 -0.49999999999999994 0.86602540378443871
    vertex -7.0297806079894476e-17 -0.38268343236508978 0.92387953251128674
  endloop
endfacet
facet normal -0.036389878790901851 -0.55520226164250097 0.83091890421907921
  outer loop
    vertex -0.065263096110025801 -0.49572243068690514 0.86602540378443871
    vertex -0.079459311298945581 -0.60355339059327373 0.79335334029123517
    vertex -1.1182766032198476e-16 -0.60876142900872066 0.79335334029123517
  endloop
endfacet
facet normal -0.036389878790901595 -0.55520226164250086 0.83091890421907932
  outer loop
    vertex -0.065263096110025801 -0.49572243068690514 0.86602540378443871
    vertex -1.1182766032198476e-16 -0.60876142900872066 0.79335334029123517
    vertex -9.1848509936051472e-17 -0.49999999999999994 0.86602540378443871
  endloop
endfacet
facet normal -0.043175509299832132 -0.6587309770547235 0.75113871905609397
  outer loop
    vertex -0.079459311298945581 -0.60355339059327373 0.79335334029123517
    vertex -0.092295955641257282 -0.7010573846499778 0.70710678118654757
    vertex -1.2989340843532398e-16 -0.70710678118654746 0.70710678118654757
  endloop
endfacet
facet normal -0.043175509299832264 -0.6587309770547235 0.75113871905609386
  outer loop
    vertex -0.079459311298945581 -0.60355339059327373 0.79335334029123517
    vertex -1.2989340843532398e-16 -0.70710678118654746 0.70710678118654757
    vertex -1.1182766032198476e-16 -0.60876142900872066 0.79335334029123517
  endloop
endfacet
facet normal -0.049218461133893027 -0.75092860553668794 0.65854671244364793
  outer loop
    vertex -0.092295955641257282 -0.7010573846499778 0.70710678118654757
    vertex -0.10355339059327379 -0.78656609248549303 0.60876142900872066
    vertex -1.457366443170783e-16 -0.79335334029123517 0.60876142900872066
  endloop
endfacet
facet normal -0.049218461133892985 -0.75092860553668794 0.65854671244364804
  outer loop
    vertex -0.092295955641257282 -0.7010573846499778 0.70710678118654757
    vertex -1.457366443170783e-16 -0.79335334029123517 0.60876142900872066
    vertex -1.2989340843532398e-16 -0.70710678118654746 0.70710678118654757
  endloop
endfacet
facet normal -0.054416649716953258 -0.8302376374337882 0.55474705372984545
  outer loop
    vertex -0.10355339059327379 -0.78656609248549303 0.60876142900872066
    vertex -0.11303899832181546 -0.85861643640126084 0.50000000000000011
    vertex -1.5908628580873602e-16 -0.8660254037844386 0.50000000000000011
  endloop
endfacet
facet normal -0.054416649716953258 -0.8302376374337882 0.55474705372984545
  outer loop
    vertex -0.10355339059327379 -0.78656609248549303 0.60876142900872066
    vertex -1.5908628580873602e-16 -0.8660254037844386 0.50000000000000011
    vertex -1.457366443170783e-16 -0.79335334029123517 0.60876142900872066
  endloop
endfacet
facet normal -0.058682841124502991 -0.89532714025081028 0.44152648401637523
  outer loop
    vertex -0.11303899832181546 -0.85861643640126084 0.50000000000000011
    vertex -0.12059047744873964 -0.9159756150367534 0.38268343236508984
    vertex -1.6971391684315505e-16 -0.92387953251128674 0.38268343236508984
  endloop
endfacet
facet normal -0.058682841124503185 -0.89532714025081028 0.44152648401637506
  outer loop
    vertex -0.11303899832181546 -0.85861643640126084 0.50000000000000011
    vertex -1.6971391684315505e-16 -0.92387953251128674 0.38268343236508984
    vertex -1.5908628580873602e-16 -0.8660254037844386 0.50000000000000011
  endloop
endfacet
facet normal -0.061945884339217494 -0.94511155923875945 0.32082214388460312
  outer loop
    vertex -0.12059047744873964 -0.9159756150367534 0.38268343236508984
    vertex -0.12607862007251913 -0.95766219694254862 0.25881904510252074
    vertex -1.7743769570680046e-16 -0.96592582628906831 0.25881904510252074
  endloop
endfacet
facet normal -0.061945884339217931 -0.94511155923875956 0.32082214388460273
  outer loop
    vertex -0.12059047744873964 -0.9159756150367534 0.38268343236508984
    vertex -1.7743769570680046e-16 -0.96592582628906831 0.25881904510252074
    vertex -1.6971391684315505e-16 -0.92387953251128674 0.38268343236508984
  endloop
endfacet
facet normal -0.064151648767622874 -0.97876502113507613 0.19468846746237864
  outer loop
    vertex -0.12607862007251913 -0.95766219694254862 0.25881904510252074
    vertex -0.12940952255126043 -0.9829629131445341 0.13052619222005171
    vertex -1.8212546640187921e-16 -0.99144486137381038 0.13052619222005171
  endloop
endfacet
facet normal -0.064151648767622721 -0.97876502113507602 0.19468846746237878
  outer loop
    vertex -0.12607862007251913 -0.95766219694254862 0.25881904510252074
    vertex -1.8212546640187921e-16 -0.99144486137381038 0.13052619222005171
    vertex -1.7743769570680046e-16 -0.96592582628906831 0.25881904510252074
  endloop
endfacet
facet normal -0.065263693197208567 -0.99573154047691048 0.065263693197208317
  outer loop
    vertex -0.12940952255126043 -0.9829629131445341 0.13052619222005171
    vertex -0.13052619222005163 -0.99144486137381038 6.123233995736766e-17
    vertex -1.8369701987210297e-16 -1 6.123233995736766e-17
  endloop
endfacet
facet normal -0.065263693197208442 -0.99573154047691059 0.065263693197208456
  outer loop
    vertex -0.12940952255126043 -0.9829629131445341 0.13052619222005171
    vertex -1.8369701987210297e-16 -1 6.123233995736766e-17
    vertex -1.8212546640187921e-16 -0.99144486137381038 0.13052619222005171
  endloop
endfacet
facet normal -0.065263693197208456 -0.99573154047691059 -0.065263693197208344
  outer loop
    vertex -0.13052619222005163 -0.99144486137381038 6.123233995736766e-17
    vertex -0.12940952255126043 -0.9829629131445341 -0.1305261922200516
    vertex -1.8212546640187921e-16 -0.99144486137381038 -0.1305261922200516
  endloop
endfacet
facet normal -0.065263693197208567 -0.99573154047691048 -0.065263693197208456
  outer loop
    vertex -0.13052619222005163 -0.99144486137381038 6.123233995736766e-17
    vertex -1.8212546640187921e-16 -0.99144486137381038 -0.1305261922200516
    vertex -1.8369701987210297e-16 -1 6.123233995736766e-17
  endloop
endfacet
facet normal -0.064151648767622721 -0.97876502113507602 -0.19468846746237861
  outer loop
    vertex -0.12940952255126043 -0.9829629131445341 -0.1305261922200516
    vertex -0.12607862007251913 -0.95766219694254862 -0.25881904510252063
    vertex -1.7743769570680046e-16 -0.96592582628906831 -0.25881904510252063
  endloop
endfacet
facet normal -0.064151648767622887 -0.97876502113507613 -0.19468846746237878
  outer loop
    vertex -0.12940952255126043 -0.9829629131445341 -0.1305261922200516
    vertex -1.7743769570680046e-16 -0.96592582628906831 -0.25881904510252063
    vertex -1.8212546640187921e-16 -0.99144486137381038 -0.1305261922200516
  endloop
endfacet
facet normal -0.061945884339217945 -0.94511155923875967 -0.3208221438846029
  outer loop
    vertex -0.12607862007251913 -0.95766219694254862 -0.25881904510252063
    vertex -0.12059047744873967 -0.91597561503675351 -0.3826834323650895
    vertex -1.6971391684315505e-16 -0.92387953251128685 -0.3826834323650895
  endloop
endfacet
facet normal -0.061945884339217487 -0.94511155923875989 -0.32082214388460256
  outer loop
    vertex -0.12607862007251913 -0.95766219694254862 -0.25881904510252063
    vertex -1.6971391684315505e-16 -0.92387953251128685 -0.3826834323650895
    vertex -1.7743769570680046e-16 -0.96592582628906831 -0.25881904510252063
  endloop
endfacet
facet normal -0.058682841124503171 -0.89532714025081017 -0.44152648401637501
  outer loop
    vertex -0.12059047744873967 -0.91597561503675351 -0.3826834323650895
    vertex -0.11303899832181548 -0.85861643640126095 -0.49999999999999983
    vertex -1.5908628580873602e-16 -0.86602540378443871 -0.49999999999999983
  endloop
endfacet
facet normal -0.058682841124502998 -0.89532714025081028 -0.4415264840163749
  outer loop
    vertex -0.12059047744873967 -0.91597561503675351 -0.3826834323650895
    vertex -1.5908628580873602e-16 -0.86602540378443871 -0.49999999999999983
    vertex -1.6971391684315505e-16 -0.92387953251128685 -0.3826834323650895
  endloop
endfacet
facet normal -0.054416649716953328 -0.83023763743378842 -0.55474705372984501
  outer loop
    vertex -0.11303899832181548 -0.85861643640126095 -0.49999999999999983
    vertex -0.10355339059327379 -0.78656609248549303 -0.60876142900872066
    vertex -1.457366443170783e-16 -0.79335334029123517 -0.60876142900872066
  endloop
endfacet
facet normal -0.054416649716953321 -0.83023763743378842 -0.55474705372984512
  outer loop
    vertex -0.11303899832181548 -0.85861643640126095 -0.49999999999999983
    vertex -1.457366443170783e-16 -0.79335334029123517 -0.60876142900872066
    vertex -1.5908628580873602e-16 -0.86602540378443871 -0.49999999999999983
  endloop
endfacet
facet normal -0.049218461133893047 -0.75092860553668817 -0.65854671244364782
  outer loop
    vertex -0.10355339059327379 -0.78656609248549303 -0.60876142900872066
    vertex -0.092295955641257296 -0.70105738464997791 -0.70710678118654746
    vertex -1.2989340843532401e-16 -0.70710678118654757 -0.70710678118654746
  endloop
endfacet
facet normal -0.049218461133893075 -0.75092860553668794 -0.65854671244364793
  outer loop
    vertex -0.10355339059327379 -0.78656609248549303 -0.60876142900872066
    vertex -1.2989340843532401e-16 -0.70710678118654757 -0.70710678118654746
    vertex -1.457366443170783e-16 -0.79335334029123517 -0.60876142900872066
  endloop
endfacet
facet normal -0.043175509299832257 -0.65873097705472372 -0.75113871905609353
  outer loop
    vertex -0.092295955641257296 -0.70105738464997791 -0.70710678118654746
    vertex -0.079459311298945609 -0.60355339059327395 -0.79335334029123505
    vertex -1.1182766032198481e-16 -0.60876142900872088 -0.79335334029123505
  endloop
endfacet
facet normal -0.043175509299832167 -0.65873097705472394 -0.75113871905609353
  outer loop
    vertex -0.092295955641257296 -0.70105738464997791 -0.70710678118654746
    vertex -1.1182766032198481e-16 -0.60876142900872088 -0.79335334029123505
    vertex -1.2989340843532401e-16 -0.70710678118654757 -0.70710678118654746
  endloop
endfacet
facet normal -0.036389878790901706 -0.55520226164250075 -0.83091890421907932
  outer loop
    vertex -0.079459311298945609 -0.60355339059327395 -0.79335334029123505
    vertex -0.065263096110025801 -0.49572243068690514 -0.86602540378443871
    vertex -9.1848509936051472e-17 -0.49999999999999994 -0.86602540378443871
  endloop
endfacet
facet normal -0.036389878790901775 -0.55520226164250075 -0.83091890421907943
  outer loop
    vertex -0.079459311298945609 -0.60355339059327395 -0.79335334029123505
    vertex -9.1848509936051472e-17 -0.49999999999999994 -0.86602540378443871
    vertex -1.1182766032198481e-16 -0.60876142900872088 -0.79335334029123505
  endloop
endfacet
facet normal -0.028976959197316837 -0.44210296424222101 -0.89649612650803934
  outer loop
    vertex -0.065263096110025801 -0.49572243068690514 -0.86602540378443871
    vertex -0.049950211252314851 -0.37940952255126048 -0.92387953251128674
    vertex -7.0297806079894488e-17 -0.38268343236508989 -0.92387953251128674
  endloop
endfacet
facet normal -0.028976959197316746 -0.44210296424222101 -0.89649612650803934
  outer loop
    vertex -0.065263096110025801 -0.49572243068690514 -0.86602540378443871
    vertex -7.0297806079894488e-17 -0.38268343236508989 -0.92387953251128674
    vertex -9.1848509936051472e-17 -0.49999999999999994 -0.86602540378443871
  endloop
endfacet
facet normal -0.021063581399443001 -0.32136815015129011 -0.94672004183230796
  outer loop
    vertex -0.049950211252314851 -0.37940952255126048 -0.92387953251128674
    vertex -0.03378266443126187 -0.25660481229257093 -0.9659258262890682
    vertex -4.754428727147652e-17 -0.25881904510252102 -0.9659258262890682
  endloop
endfacet
facet normal -0.021063581399443129 -0.32136815015129006 -0.94672004183230796
  outer loop
    vertex -0.049950211252314851 -0.37940952255126048 -0.92387953251128674
    vertex -4.754428727147652e-17 -0.25881904510252102 -0.9659258262890682
    vertex -7.0297806079894488e-17 -0.38268343236508989 -0.92387953251128674
  endloop
endfacet
facet normal -0.012785850036173697 -0.19507437488030946 -0.98070510873753935
  outer loop
    vertex -0.03378266443126187 -0.25660481229257093 -0.9659258262890682
    vertex -0.017037086855465913 -0.12940952255126076 -0.99144486137381038
    vertex -2.3977272526076822e-17 -0.13052619222005199 -0.99144486137381038
  endloop
endfacet
facet normal -0.012785850036173461 -0.19507437488030951 -0.98070510873753924
  outer loop
    vertex -0.03378266443126187 -0.25660481229257093 -0.9659258262890682
    vertex -2.3977272526076822e-17 -0.13052619222005199 -0.99144486137381038
    vertex -4.754428727147652e-17 -0.25881904510252102 -0.9659258262890682
  endloop
endfacet
facet normal -0.0042867081821635084 -0.065402528307779123 -0.99784975493503592
  outer loop
    vertex 0 0 -1
    vertex -2.3977272526076822e-17 -0.13052619222005199 -0.99144486137381038
    vertex -0.017037086855465913 -0.12940952255126076 -0.99144486137381038
  endloop
endfacet
facet normal 0.0042867081821635344 -0.065402528307779331 0.99784975493503569
  outer loop
    vertex 0 0 1
    vertex -2.3977272526076745e-17 -0.13052619222005157 0.99144486137381038
    vertex 0.017037086855465813 -0.12940952255126037 0.99144486137381038
  endloop
endfacet
facet normal 0.012785850036173127 -0.19507437488030854 0.98070510873753969
  outer loop
    vertex -2.3977272526076745e-17 -0.13052619222005157 0.99144486137381038
    vertex -4.7544287271476465e-17 -0.25881904510252074 0.96592582628906831
    vertex 0.033782664431261739 -0.25660481229257071 0.96592582628906831
  endloop
endfacet
facet normal 0.012785850036173281 -0.19507437488030849 0.98070510873753969
  outer loop
    vertex -2.3977272526076745e-17 -0.13052619222005157 0.99144486137381038
    vertex 0.033782664431261739 -0.25660481229257071 0.96592582628906831
    vertex 0.017037086855465813 -0.12940952255126037 0.99144486137381038
  endloop
endfacet
facet normal 0.021063581399442834 -0.32136815015129044 0.94672004183230785
  outer loop
    vertex -4.7544287271476465e-17 -0.25881904510252074 0.96592582628906831
    vertex -7.0297806079894476e-17 -0.38268343236508978 0.92387953251128674
    vertex 0.049950211252314698 -0.37940952255126043 0.92387953251128674
  endloop
endfacet
facet normal 0.021063581399442588 -0.32136815015129055 0.94672004183230773
  outer loop
    vertex -4.7544287271476465e-17 -0.25881904510252074 0.96592582628906831
    vertex 0.049950211252314698 -0.37940952255126043 0.92387953251128674
    vertex 0.033782664431261739 -0.25660481229257071 0.96592582628906831
  endloop
endfacet
facet normal 0.028976959197316351 -0.44210296424222068 0.89649612650803934
  outer loop
    vertex -7.0297806079894476e-17 -0.38268343236508978 0.92387953251128674
    vertex -9.1848509936051472e-17 -0.49999999999999994 0.86602540378443871
    vertex 0.06526309611002562 -0.49572243068690519 0.86602540378443871
  endloop
endfacet
facet normal 0.02897695919731632 -0.44210296424222073 0.89649612650803945
  outer loop
    vertex -7.0297806079894476e-17 -0.38268343236508978 0.92387953251128674
    vertex 0.06526309611002562 -0.49572243068690519 0.86602540378443871
    vertex 0.049950211252314698 -0.37940952255126043 0.92387953251128674
  endloop
endfacet
facet normal 0.036389878790901005 -0.55520226164250097 0.83091890421907932
  outer loop
    vertex -9.1848509936051472e-17 -0.49999999999999994 0.86602540378443871
    vertex -1.1182766032198476e-16 -0.60876142900872066 0.79335334029123517
    vertex 0.079459311298945373 -0.60355339059327384 0.79335334029123517
  endloop
endfacet
facet normal 0.036389878790901123 -0.55520226164250097 0.83091890421907943
  outer loop
    vertex -9.1848509936051472e-17 -0.49999999999999994 0.86602540378443871
    vertex 0.079459311298945373 -0.60355339059327384 0.79335334029123517
    vertex 0.06526309611002562 -0.49572243068690519 0.86602540378443871
  endloop
endfacet
facet normal 0.043175509299831272 -0.6587309770547235 0.75113871905609397
  outer loop
    vertex -1.1182766032198476e-16 -0.60876142900872066 0.79335334029123517
    vertex -1.2989340843532398e-16 -0.70710678118654746 0.70710678118654757
    vertex 0.092295955641257033 -0.70105738464997791 0.70710678118654757
  endloop
endfacet
facet normal 0.043175509299831334 -0.6587309770547235 0.75113871905609386
  outer loop
    vertex -1.1182766032198476e-16 -0.60876142900872066 0.79335334029123517
    vertex 0.092295955641257033 -0.70105738464997791 0.70710678118654757
    vertex 0.079459311298945373 -0.60355339059327384 0.79335334029123517
  endloop
endfacet
facet normal 0.04921846113389225 -0.75092860553668794 0.65854671244364793
  outer loop
    vertex -1.2989340843532398e-16 -0.70710678118654746 0.70710678118654757
    vertex -1.457366443170783e-16 -0.79335334029123517 0.60876142900872066
    vertex 0.10355339059327351 -0.78656609248549314 0.60876142900872066
  endloop
endfacet
facet normal 0.04921846113389209 -0.75092860553668805 0.65854671244364793
  outer loop
    vertex -1.2989340843532398e-16 -0.70710678118654746 0.70710678118654757
    vertex 0.10355339059327351 -0.78656609248549314 0.60876142900872066
    vertex 0.092295955641257033 -0.70105738464997791 0.70710678118654757
  endloop
endfacet
facet normal 0.054416649716952495 -0.8302376374337882 0.55474705372984545
  outer loop
    vertex -1.457366443170783e-16 -0.79335334029123517 0.60876142900872066
    vertex -1.5908628580873602e-16 -0.8660254037844386 0.50000000000000011
    vertex 0.11303899832181515 -0.85861643640126095 0.50000000000000011
  endloop
endfacet
facet normal 0.054416649716952356 -0.83023763743378831 0.55474705372984534
  outer loop
    vertex -1.457366443170783e-16 -0.79335334029123517 0.60876142900872066
    vertex 0.11303899832181515 -0.85861643640126095 0.50000000000000011
    vertex 0.10355339059327351 -0.78656609248549314 0.60876142900872066
  endloop
endfacet
facet normal 0.058682841124502172 -0.89532714025081028 0.44152648401637506
  outer loop
    vertex -1.5908628580873602e-16 -0.8660254037844386 0.50000000000000011
    vertex -1.6971391684315505e-16 -0.92387953251128674 0.38268343236508984
    vertex 0.12059047744873931 -0.91597561503675351 0.38268343236508984
  endloop
endfacet
facet normal 0.058682841124502297 -0.89532714025081028 0.44152648401637518
  outer loop
    vertex -1.5908628580873602e-16 -0.8660254037844386 0.50000000000000011
    vertex 0.12059047744873931 -0.91597561503675351 0.38268343236508984
    vertex 0.11303899832181515 -0.85861643640126095 0.50000000000000011
  endloop
endfacet
facet normal 0.061945884339216627 -0.94511155923875989 0.32082214388460278
  outer loop
    vertex -1.6971391684315505e-16 -0.92387953251128674 0.38268343236508984
    vertex -1.7743769570680046e-16 -0.96592582628906831 0.25881904510252074
    vertex 0.12607862007251877 -0.95766219694254873 0.25881904510252074
  endloop
endfacet
facet normal 0.06194588433921705 -0.94511155923875956 0.32082214388460312
  outer loop
    vertex -1.6971391684315505e-16 -0.92387953251128674 0.38268343236508984
    vertex 0.12607862007251877 -0.95766219694254873 0.25881904510252074
    vertex 0.12059047744873931 -0.91597561503675351 0.38268343236508984
  endloop
endfacet
facet normal 0.064151648767622055 -0.97876502113507613 0.19468846746237878
  outer loop
    vertex -1.7743769570680046e-16 -0.96592582628906831 0.25881904510252074
    vertex -1.8212546640187921e-16 -0.99144486137381038 0.13052619222005171
    vertex 0.12940952255126006 -0.98296291314453421 0.13052619222005171
  endloop
endfacet
facet normal 0.064151648767621874 -0.97876502113507602 0.19468846746237861
  outer loop
    vertex -1.7743769570680046e-16 -0.96592582628906831 0.25881904510252074
    vertex 0.12940952255126006 -0.98296291314453421 0.13052619222005171
    vertex 0.12607862007251877 -0.95766219694254873 0.25881904510252074
  endloop
endfacet
facet normal 0.065263693197207706 -0.99573154047691048 0.065263693197208442
  outer loop
    vertex -1.8212546640187921e-16 -0.99144486137381038 0.13052619222005171
    vertex -1.8369701987210297e-16 -1 6.123233995736766e-17
    vertex 0.13052619222005127 -0.99144486137381049 6.123233995736766e-17
  endloop
endfacet
facet normal 0.065263693197207567 -0.99573154047691059 0.065263693197208331
  outer loop
    vertex -1.8212546640187921e-16 -0.99144486137381038 0.13052619222005171
    vertex 0.13052619222005127 -0.99144486137381049 6.123233995736766e-17
    vertex 0.12940952255126006 -0.98296291314453421 0.13052619222005171
  endloop
endfacet
facet normal 0.065263693197207567 -0.99573154047691059 -0.065263693197208456
  outer loop
    vertex -1.8369701987210297e-16 -1 6.123233995736766e-17
    vertex -1.8212546640187921e-16 -0.99144486137381038 -0.1305261922200516
    vertex 0.12940952255126006 -0.98296291314453421 -0.1305261922200516
  endloop
endfacet
facet normal 0.065263693197207706 -0.99573154047691048 -0.065263693197208331
  outer loop
    vertex -1.8369701987210297e-16 -1 6.123233995736766e-17
    vertex 0.12940952255126006 -0.98296291314453421 -0.1305261922200516
    vertex 0.13052619222005127 -0.99144486137381049 6.123233995736766e-17
  endloop
endfacet
facet normal 0.064151648767621861 -0.97876502113507602 -0.19468846746237878
  outer loop
    vertex -1.8212546640187921e-16 -0.99144486137381038 -0.1305261922200516
    vertex -1.7743769570680046e-16 -0.96592582628906831 -0.25881904510252063
    vertex 0.12607862007251877 -0.95766219694254873 -0.25881904510252063
  endloop
endfacet
facet normal 0.064151648767622041 -0.97876502113507613 -0.19468846746237861
  outer loop
    vertex -1.8212546640187921e-16 -0.99144486137381038 -0.1305261922200516
    vertex 0.12607862007251877 -0.95766219694254873 -0.25881904510252063
    vertex 0.12940952255126006 -0.98296291314453421 -0.1305261922200516
  endloop
endfacet
facet normal 0.061945884339217022 -0.94511155923875967 -0.32082214388460256
  outer loop
    vertex -1.7743769570680046e-16 -0.96592582628906831 -0.25881904510252063
    vertex -1.6971391684315505e-16 -0.92387953251128685 -0.3826834323650895
    vertex 0.12059047744873934 -0.91597561503675362 -0.3826834323650895
  endloop
endfacet
facet normal 0.061945884339216647 -0.94511155923875967 -0.32082214388460284
  outer loop
    vertex -1.7743769570680046e-16 -0.96592582628906831 -0.25881904510252063
    vertex 0.12059047744873934 -0.91597561503675362 -0.3826834323650895
    vertex 0.12607862007251877 -0.95766219694254873 -0.25881904510252063
  endloop
endfacet
facet normal 0.058682841124502311 -0.89532714025081039 -0.4415264840163749
  outer loop
    vertex -1.6971391684315505e-16 -0.92387953251128685 -0.3826834323650895
    vertex -1.5908628580873602e-16 -0.86602540378443871 -0.49999999999999983
    vertex 0.11303899832181516 -0.85861643640126106 -0.49999999999999983
  endloop
endfacet
facet normal 0.058682841124502172 -0.89532714025081028 -0.44152648401637506
  outer loop
    vertex -1.6971391684315505e-16 -0.92387953251128685 -0.3826834323650895
    vertex 0.11303899832181516 -0.85861643640126106 -0.49999999999999983
    vertex 0.12059047744873934 -0.91597561503675362 -0.3826834323650895
  endloop
endfacet
facet normal 0.054416649716952419 -0.83023763743378842 -0.55474705372984501
  outer loop
    vertex -1.5908628580873602e-16 -0.86602540378443871 -0.49999999999999983
    vertex -1.457366443170783e-16 -0.79335334029123517 -0.60876142900872066
    vertex 0.10355339059327351 -0.78656609248549314 -0.60876142900872066
  endloop
endfacet
facet normal 0.054416649716952509 -0.83023763743378864 -0.55474705372984501
  outer loop
    vertex -1.5908628580873602e-16 -0.86602540378443871 -0.49999999999999983
    vertex 0.10355339059327351 -0.78656609248549314 -0.60876142900872066
    vertex 0.11303899832181516 -0.85861643640126106 -0.49999999999999983
  endloop
endfacet
facet normal 0.04921846113389218 -0.75092860553668805 -0.65854671244364793
  outer loop
    vertex -1.457366443170783e-16 -0.79335334029123517 -0.60876142900872066
    vertex -1.2989340843532401e-16 -0.70710678118654757 -0.70710678118654746
    vertex 0.092295955641257046 -0.70105738464997802 -0.70710678118654746
  endloop
endfacet
facet normal 0.049218461133892263 -0.75092860553668817 -0.65854671244364793
  outer loop
    vertex -1.457366443170783e-16 -0.79335334029123517 -0.60876142900872066
    vertex 0.092295955641257046 -0.70105738464997802 -0.70710678118654746
    vertex 0.10355339059327351 -0.78656609248549314 -0.60876142900872066
  endloop
endfacet
facet normal 0.043175509299831258 -0.65873097705472394 -0.75113871905609353
  outer loop
    vertex -1.2989340843532401e-16 -0.70710678118654757 -0.70710678118654746
    vertex -1.1182766032198481e-16 -0.60876142900872088 -0.79335334029123505
    vertex 0.079459311298945401 -0.60355339059327406 -0.79335334029123505
  endloop
endfacet
facet normal 0.043175509299831376 -0.65873097705472394 -0.75113871905609353
  outer loop
    vertex -1.2989340843532401e-16 -0.70710678118654757 -0.70710678118654746
    vertex 0.079459311298945401 -0.60355339059327406 -0.79335334029123505
    vertex 0.092295955641257046 -0.70105738464997802 -0.70710678118654746
  endloop
endfacet
facet normal 0.036389878790901088 -0.55520226164250075 -0.83091890421907943
  outer loop
    vertex -1.1182766032198481e-16 -0.60876142900872088 -0.79335334029123505
    vertex -9.1848509936051472e-17 -0.49999999999999994 -0.86602540378443871
    vertex 0.06526309611002562 -0.49572243068690519 -0.86602540378443871
  endloop
endfacet
facet normal 0.036389878790900984 -0.55520226164250064 -0.83091890421907955
  outer loop
    vertex -1.1182766032198481e-16 -0.60876142900872088 -0.79335334029123505
    vertex 0.06526309611002562 -0.49572243068690519 -0.86602540378443871
    vertex 0.079459311298945401 -0.60355339059327406 -0.79335334029123505
  endloop
endfacet
facet normal 0.028976959197316313 -0.44210296424222101 -0.89649612650803934
  outer loop
    vertex -9.1848509936051472e-17 -0.49999999999999994 -0.86602540378443871
    vertex -7.0297806079894488e-17 -0.38268343236508989 -0.92387953251128674
    vertex 0.049950211252314712 -0.37940952255126054 -0.92387953251128674
  endloop
endfacet
facet normal 0.028976959197316372 -0.44210296424222112 -0.89649612650803934
  outer loop
    vertex -9.1848509936051472e-17 -0.49999999999999994 -0.86602540378443871
    vertex 0.049950211252314712 -0.37940952255126054 -0.92387953251128674
    vertex 0.06526309611002562 -0.49572243068690519 -0.86602540378443871
  endloop
endfacet
facet normal 0.021063581399442408 -0.32136815015129006 -0.94672004183230796
  outer loop
    vertex -7.0297806079894488e-17 -0.38268343236508989 -0.92387953251128674
    vertex -4.754428727147652e-17 -0.25881904510252102 -0.9659258262890682
    vertex 0.03378266443126178 -0.25660481229257098 -0.9659258262890682
  endloop
endfacet
facet normal 0.021063581399442779 -0.32136815015129017 -0.94672004183230796
  outer loop
    vertex -7.0297806079894488e-17 -0.38268343236508989 -0.92387953251128674
    vertex 0.03378266443126178 -0.25660481229257098 -0.9659258262890682
    vertex 0.049950211252314712 -0.37940952255126054 -0.92387953251128674
  endloop
endfacet
facet normal 0.012785850036173317 -0.19507437488030957 -0.98070510873753947
  outer loop
    vertex -4.754428727147652e-17 -0.25881904510252102 -0.9659258262890682
    vertex -2.3977272526076822e-17 -0.13052619222005199 -0.99144486137381038
    vertex 0.017037086855465865 -0.12940952255126079 -0.99144486137381038
  endloop
endfacet
facet normal 0.012785850036173139 -0.19507437488030951 -0.98070510873753924
  outer loop
    vertex -4.754428727147652e-17 -0.25881904510252102 -0.9659258262890682
    vertex 0.017037086855465865 -0.12940952255126079 -0.99144486137381038
    vertex 0.03378266443126178 -0.25660481229257098 -0.9659258262890682
  endloop
endfacet
facet normal 0.0042867081821634104 -0.065402528307779123 -0.9978497549350358
  outer loop
    vertex 0 0 -1
    vertex 0.017037086855465865 -0.12940952255126079 -0.99144486137381038
    vertex -2.3977272526076822e-17 -0.13052619222005199 -0.99144486137381038
  endloop
endfacet
facet normal 0.012786777780993576 -0.064283472915426659 0.99784975493503592
  outer loop
    vertex 0 0 1
    vertex 0.017037086855465813 -0.12940952255126037 0.99144486137381038
    vertex 0.033782664431261759 -0.1260786200725191 0.99144486137381038
  endloop
endfacet
facet normal 0.03813878066949395 -0.19173659824127182 0.98070510873753947
  outer loop
    vertex 0.017037086855465813 -0.12940952255126037 0.99144486137381038
    vertex 0.033782664431261739 -0.25660481229257071 0.96592582628906831
    vertex 0.066987298107780549 -0.25 0.96592582628906831
  endloop
endfacet
facet normal 0.038138780669493541 -0.19173659824127195 0.98070510873753969
  outer loop
    vertex 0.017037086855465813 -0.12940952255126037 0.99144486137381038
    vertex 0.066987298107780549 -0.25 0.96592582628906831
    vertex 0.033782664431261759 -0.1260786200725191 0.99144486137381038
  endloop
endfacet
facet normal 0.062830340480656471 -0.31586945200211769 0.94672004183230785
  outer loop
    vertex 0.033782664431261739 -0.25660481229257071 0.96592582628906831
    vertex 0.049950211252314698 -0.37940952255126043 0.92387953251128674
    vertex 0.099045760541287442 -0.36964381061438617 0.92387953251128674
  endloop
endfacet
facet normal 0.062830340480656763 -0.31586945200211758 0.94672004183230785
  outer loop
    vertex 0.033782664431261739 -0.25660481229257071 0.96592582628906831
    vertex 0.099045760541287442 -0.36964381061438617 0.92387953251128674
    vertex 0.066987298107780549 -0.25 0.96592582628906831
  endloop
endfacet
facet normal 0.086435073786152741 -0.43453845994993762 0.89649612650803945
  outer loop
    vertex 0.049950211252314698 -0.37940952255126043 0.92387953251128674
    vertex 0.06526309611002562 -0.49572243068690519 0.86602540378443871
    vertex 0.12940952255126012 -0.48296291314453416 0.86602540378443871
  endloop
endfacet
facet normal 0.086435073786152811 -0.43453845994993756 0.89649612650803945
  outer loop
    vertex 0.049950211252314698 -0.37940952255126043 0.92387953251128674
    vertex 0.12940952255126012 -0.48296291314453416 0.86602540378443871
    vertex 0.099045760541287442 -0.36964381061438617 0.92387953251128674
  endloop
endfacet
facet normal 0.10854699545741119 -0.54570259701464974 0.83091890421907932
  outer loop
    vertex 0.06526309611002562 -0.49572243068690519 0.86602540378443871
    vertex 0.079459311298945373 -0.60355339059327384 0.79335334029123517
    vertex 0.15755905175128279 -0.58801838632816261 0.79335334029123517
  endloop
endfacet
facet normal 0.10854699545741137 -0.54570259701464963 0.83091890421907943
  outer loop
    vertex 0.06526309611002562 -0.49572243068690519 0.86602540378443871
    vertex 0.15755905175128279 -0.58801838632816261 0.79335334029123517
    vertex 0.12940952255126012 -0.48296291314453416 0.86602540378443871
  endloop
endfacet
facet normal 0.12878778296486221 -0.64745990740258663 0.75113871905609386
  outer loop
    vertex 0.079459311298945373 -0.60355339059327384 0.79335334029123517
    vertex 0.092295955641257033 -0.70105738464997791 0.70710678118654757
    vertex 0.18301270189221897 -0.68301270189221941 0.70710678118654757
  endloop
endfacet
facet normal 0.12878778296486224 -0.64745990740258652 0.75113871905609386
  outer loop
    vertex 0.079459311298945373 -0.60355339059327384 0.79335334029123517
    vertex 0.18301270189221897 -0.68301270189221941 0.70710678118654757
    vertex 0.15755905175128279 -0.58801838632816261 0.79335334029123517
  endloop
endfacet
facet normal 0.14681324188574127 -0.73808000889921299 0.65854671244364793
  outer loop
    vertex 0.092295955641257033 -0.70105738464997791 0.70710678118654757
    vertex 0.10355339059327351 -0.78656609248549314 0.60876142900872066
    vertex 0.20533495396307233 -0.76632048076000381 0.60876142900872066
  endloop
endfacet
facet normal 0.14681324188574107 -0.73808000889921299 0.65854671244364782
  outer loop
    vertex 0.092295955641257033 -0.70105738464997791 0.70710678118654757
    vertex 0.20533495396307233 -0.76632048076000381 0.60876142900872066
    vertex 0.18301270189221897 -0.68301270189221941 0.70710678118654757
  endloop
endfacet
facet normal 0.16231886518705538 -0.81603204127193596 0.55474705372984534
  outer loop
    vertex 0.10355339059327351 -0.78656609248549314 0.60876142900872066
    vertex 0.11303899832181515 -0.85861643640126095 0.50000000000000011
    vertex 0.22414386804201297 -0.83651630373780794 0.50000000000000011
  endloop
endfacet
facet normal 0.16231886518705532 -0.81603204127193618 0.55474705372984534
  outer loop
    vertex 0.10355339059327351 -0.78656609248549314 0.60876142900872066
    vertex 0.22414386804201297 -0.83651630373780794 0.50000000000000011
    vertex 0.20533495396307233 -0.76632048076000381 0.60876142900872066
  endloop
endfacet
facet normal 0.17504444369190955 -0.88000784464953929 0.44152648401637529
  outer loop
    vertex 0.11303899832181515 -0.85861643640126095 0.50000000000000011
    vertex 0.12059047744873931 -0.91597561503675351 0.38268343236508984
    vertex 0.2391176183943341 -0.89239910083252294 0.38268343236508984
  endloop
endfacet
facet normal 0.17504444369190988 -0.88000784464953885 0.44152648401637556
  outer loop
    vertex 0.11303899832181515 -0.85861643640126095 0.50000000000000011
    vertex 0.2391176183943341 -0.89239910083252294 0.38268343236508984
    vertex 0.22414386804201297 -0.83651630373780794 0.50000000000000011
  endloop
endfacet
facet normal 0.18477774176196429 -0.92894043842575591 0.32082214388460306
  outer loop
    vertex 0.12059047744873931 -0.91597561503675351 0.38268343236508984
    vertex 0.12607862007251877 -0.95766219694254873 0.25881904510252074
    vertex 0.24999999999999956 -0.93301270189221952 0.25881904510252074
  endloop
endfacet
facet normal 0.1847777417619639 -0.92894043842575624 0.32082214388460267
  outer loop
    vertex 0.12059047744873931 -0.91597561503675351 0.38268343236508984
    vertex 0.24999999999999956 -0.93301270189221952 0.25881904510252074
    vertex 0.2391176183943341 -0.89239910083252294 0.38268343236508984
  endloop
endfacet
facet normal 0.19135729380625655 -0.9620180802585242 0.19468846746237864
  outer loop
    vertex 0.12607862007251877 -0.95766219694254873 0.25881904510252074
    vertex 0.12940952255126006 -0.98296291314453421 0.13052619222005171
    vertex 0.25660481229257021 -0.95766219694254873 0.13052619222005171
  endloop
endfacet
facet normal 0.19135729380625666 -0.96201808025852409 0.19468846746237872
  outer loop
    vertex 0.12607862007251877 -0.95766219694254873 0.25881904510252074
    vertex 0.25660481229257021 -0.95766219694254873 0.13052619222005171
    vertex 0.24999999999999956 -0.93301270189221952 0.25881904510252074
  endloop
endfacet
facet normal 0.19467439970650616 -0.97869429775041206 0.065263693197208317
  outer loop
    vertex 0.12940952255126006 -0.98296291314453421 0.13052619222005171
    vertex 0.13052619222005127 -0.99144486137381049 6.123233995736766e-17
    vertex 0.2588190451025203 -0.96592582628906842 6.123233995736766e-17
  endloop
endfacet
facet normal 0.19467439970650602 -0.97869429775041206 0.065263693197208192
  outer loop
    vertex 0.12940952255126006 -0.98296291314453421 0.13052619222005171
    vertex 0.2588190451025203 -0.96592582628906842 6.123233995736766e-17
    vertex 0.25660481229257021 -0.95766219694254873 0.13052619222005171
  endloop
endfacet
facet normal 0.19467439970650605 -0.97869429775041206 -0.065263693197208331
  outer loop
    vertex 0.13052619222005127 -0.99144486137381049 6.123233995736766e-17
    vertex 0.12940952255126006 -0.98296291314453421 -0.1305261922200516
    vertex 0.25660481229257021 -0.95766219694254873 -0.1305261922200516
  endloop
endfacet
facet normal 0.19467439970650616 -0.97869429775041206 -0.065263693197208164
  outer loop
    vertex 0.13052619222005127 -0.99144486137381049 6.123233995736766e-17
    vertex 0.25660481229257021 -0.95766219694254873 -0.1305261922200516
    vertex 0.2588190451025203 -0.96592582628906842 6.123233995736766e-17
  endloop
endfacet
facet normal 0.19135729380625663 -0.96201808025852409 -0.19468846746237864
  outer loop
    vertex 0.12940952255126006 -0.98296291314453421 -0.1305261922200516
    vertex 0.12607862007251877 -0.95766219694254873 -0.25881904510252063
    vertex 0.24999999999999956 -0.93301270189221952 -0.25881904510252063
  endloop
endfacet
facet normal 0.19135729380625655 -0.9620180802585242 -0.19468846746237872
  outer loop
    vertex 0.12940952255126006 -0.98296291314453421 -0.1305261922200516
    vertex 0.24999999999999956 -0.93301270189221952 -0.25881904510252063
    vertex 0.25660481229257021 -0.95766219694254873 -0.1305261922200516
  endloop
endfacet
facet normal 0.18477774176196396 -0.92894043842575624 -0.32082214388460295
  outer loop
    vertex 0.12607862007251877 -0.95766219694254873 -0.25881904510252063
    vertex 0.12059047744873934 -0.91597561503675362 -0.3826834323650895
    vertex 0.23911761839433412 -0.89239910083252305 -0.3826834323650895
  endloop
endfacet
facet normal 0.18477774176196438 -0.92894043842575624 -0.32082214388460245
  outer loop
    vertex 0.12607862007251877 -0.95766219694254873 -0.25881904510252063
    vertex 0.23911761839433412 -0.89239910083252305 -0.3826834323650895
    vertex 0.24999999999999956 -0.93301270189221952 -0.25881904510252063
  endloop
endfacet
facet normal 0.17504444369190994 -0.88000784464953918 -0.44152648401637501
  outer loop
    vertex 0.12059047744873934 -0.91597561503675362 -0.3826834323650895
    vertex 0.11303899832181516 -0.85861643640126106 -0.49999999999999983
    vertex 0.224143868042013 -0.83651630373780805 -0.49999999999999983
  endloop
endfacet
facet normal 0.17504444369190947 -0.88000784464953907 -0.4415264840163754
  outer loop
    vertex 0.12059047744873934 -0.91597561503675362 -0.3826834323650895
    vertex 0.224143868042013 -0.83651630373780805 -0.49999999999999983
    vertex 0.23911761839433412 -0.89239910083252305 -0.3826834323650895
  endloop
endfacet
facet normal 0.16231886518705535 -0.81603204127193618 -0.55474705372984501
  outer loop
    vertex 0.11303899832181516 -0.85861643640126106 -0.49999999999999983
    vertex 0.10355339059327351 -0.78656609248549314 -0.60876142900872066
    vertex 0.20533495396307233 -0.76632048076000381 -0.60876142900872066
  endloop
endfacet
facet normal 0.16231886518705546 -0.81603204127193629 -0.55474705372984501
  outer loop
    vertex 0.11303899832181516 -0.85861643640126106 -0.49999999999999983
    vertex 0.20533495396307233 -0.76632048076000381 -0.60876142900872066
    vertex 0.224143868042013 -0.83651630373780805 -0.49999999999999983
  endloop
endfacet
facet normal 0.14681324188574102 -0.73808000889921299 -0.65854671244364782
  outer loop
    vertex 0.10355339059327351 -0.78656609248549314 -0.60876142900872066
    vertex 0.092295955641257046 -0.70105738464997802 -0.70710678118654746
    vertex 0.18301270189221899 -0.68301270189221952 -0.70710678118654746
  endloop
endfacet
facet normal 0.14681324188574127 -0.73808000889921299 -0.65854671244364782
  outer loop
    vertex 0.10355339059327351 -0.78656609248549314 -0.60876142900872066
    vertex 0.18301270189221899 -0.68301270189221952 -0.70710678118654746
    vertex 0.20533495396307233 -0.76632048076000381 -0.60876142900872066
  endloop
endfacet
facet normal 0.12878778296486221 -0.64745990740258696 -0.75113871905609364
  outer loop
    vertex 0.092295955641257046 -0.70105738464997802 -0.70710678118654746
    vertex 0.079459311298945401 -0.60355339059327406 -0.79335334029123505
    vertex 0.15755905175128285 -0.58801838632816283 -0.79335334029123505
  endloop
endfacet
facet normal 0.12878778296486237 -0.64745990740258708 -0.75113871905609353
  outer loop
    vertex 0.092295955641257046 -0.70105738464997802 -0.70710678118654746
    vertex 0.15755905175128285 -0.58801838632816283 -0.79335334029123505
    vertex 0.18301270189221899 -0.68301270189221952 -0.70710678118654746
  endloop
endfacet
facet normal 0.10854699545741132 -0.54570259701464952 -0.83091890421907966
  outer loop
    vertex 0.079459311298945401 -0.60355339059327406 -0.79335334029123505
    vertex 0.06526309611002562 -0.49572243068690519 -0.86602540378443871
    vertex 0.12940952255126012 -0.48296291314453416 -0.86602540378443871
  endloop
endfacet
facet normal 0.10854699545741102 -0.5457025970146494 -0.83091890421907955
  outer loop
    vertex 0.079459311298945401 -0.60355339059327406 -0.79335334029123505
    vertex 0.12940952255126012 -0.48296291314453416 -0.86602540378443871
    vertex 0.15755905175128285 -0.58801838632816283 -0.79335334029123505
  endloop
endfacet
facet normal 0.086435073786152922 -0.43453845994993801 -0.89649612650803934
  outer loop
    vertex 0.06526309611002562 -0.49572243068690519 -0.86602540378443871
    vertex 0.049950211252314712 -0.37940952255126054 -0.92387953251128674
    vertex 0.09904576054128747 -0.36964381061438628 -0.92387953251128674
  endloop
endfacet
facet normal 0.086435073786152783 -0.43453845994993789 -0.89649612650803934
  outer loop
    vertex 0.06526309611002562 -0.49572243068690519 -0.86602540378443871
    vertex 0.09904576054128747 -0.36964381061438628 -0.92387953251128674
    vertex 0.12940952255126012 -0.48296291314453416 -0.86602540378443871
  endloop
endfacet
facet normal 0.062830340480656652 -0.31586945200211725 -0.94672004183230796
  outer loop
    vertex 0.049950211252314712 -0.37940952255126054 -0.92387953251128674
    vertex 0.03378266443126178 -0.25660481229257098 -0.9659258262890682
    vertex 0.066987298107780618 -0.25000000000000028 -0.9659258262890682
  endloop
endfacet
facet normal 0.062830340480656388 -0.3158694520021173 -0.94672004183230796
  outer loop
    vertex 0.049950211252314712 -0.37940952255126054 -0.92387953251128674
    vertex 0.066987298107780618 -0.25000000000000028 -0.9659258262890682
    vertex 0.09904576054128747 -0.36964381061438628 -0.92387953251128674
  endloop
endfacet
facet normal 0.038138780669494006 -0.19173659824127284 -0.98070510873753935
  outer loop
    vertex 0.03378266443126178 -0.25660481229257098 -0.9659258262890682
    vertex 0.017037086855465865 -0.12940952255126079 -0.99144486137381038
    vertex 0.03378266443126187 -0.12607862007251949 -0.99144486137381038
  endloop
endfacet
facet normal 0.038138780669494096 -0.19173659824127284 -0.98070510873753924
  outer loop
    vertex 0.03378266443126178 -0.25660481229257098 -0.9659258262890682
    vertex 0.03378266443126187 -0.12607862007251949 -0.99144486137381038
    vertex 0.066987298107780618 -0.25000000000000028 -0.9659258262890682
  endloop
endfacet
facet normal 0.012786777780993588 -0.064283472915426465 -0.99784975493503592
  outer loop
    vertex 0 0 -1
    vertex 0.03378266443126187 -0.12607862007251949 -0.99144486137381038
    vertex 0.017037086855465865 -0.12940952255126079 -0.99144486137381038
  endloop
endfacet
facet normal 0.021068062066826387 -0.0620645094787452 0.99784975493503592
  outer loop
    vertex 0 0 1
    vertex 0.033782664431261759 -0.1260786200725191 0.99144486137381038
    vertex 0.049950211252314733 -0.12059047744873963 0.99144486137381038
  endloop
endfacet
facet normal 0.062839146191491266 -0.18511815524689923 0.98070510873753969
  outer loop
    vertex 0.033782664431261759 -0.1260786200725191 0.99144486137381038
    vertex 0.066987298107780549 -0.25 0.96592582628906831
    vertex 0.099045760541287456 -0.23911761839433457 0.96592582628906831
  endloop
endfacet
facet normal 0.062839146191491543 -0.18511815524689901 0.98070510873753969
  outer loop
    vertex 0.033782664431261759 -0.1260786200725191 0.99144486137381038
    vertex 0.099045760541287456 -0.23911761839433457 0.96592582628906831
    vertex 0.049950211252314733 -0.12059047744873963 0.99144486137381038
  endloop
endfacet
facet normal 0.10352205501638438 -0.30496613995363159 0.94672004183230773
  outer loop
    vertex 0.066987298107780549 -0.25 0.96592582628906831
    vertex 0.099045760541287442 -0.36964381061438617 0.92387953251128674
    vertex 0.14644660940672602 -0.35355339059327384 0.92387953251128674
  endloop
endfacet
facet normal 0.10352205501638428 -0.30496613995363164 0.94672004183230773
  outer loop
    vertex 0.066987298107780549 -0.25 0.96592582628906831
    vertex 0.14644660940672602 -0.35355339059327384 0.92387953251128674
    vertex 0.099045760541287456 -0.23911761839433457 0.96592582628906831
  endloop
endfacet
facet normal 0.14241426029817794 -0.41953888213108925 0.89649612650803945
  outer loop
    vertex 0.099045760541287442 -0.36964381061438617 0.92387953251128674
    vertex 0.12940952255126012 -0.48296291314453416 0.86602540378443871
    vertex 0.19134171618254456 -0.46193976625564342 0.86602540378443871
  endloop
endfacet
facet normal 0.14241426029817797 -0.41953888213108925 0.89649612650803956
  outer loop
    vertex 0.099045760541287442 -0.36964381061438617 0.92387953251128674
    vertex 0.19134171618254456 -0.46193976625564342 0.86602540378443871
    vertex 0.14644660940672602 -0.35355339059327384 0.92387953251128674
  endloop
endfacet
facet normal 0.17884684293673236 -0.52686580965453444 0.83091890421907932
  outer loop
    vertex 0.12940952255126012 -0.48296291314453416 0.86602540378443871
    vertex 0.15755905175128279 -0.58801838632816261 0.79335334029123517
    vertex 0.2329629131445338 -0.56242222444347989 0.79335334029123517
  endloop
endfacet
facet normal 0.17884684293673231 -0.52686580965453444 0.83091890421907932
  outer loop
    vertex 0.12940952255126012 -0.48296291314453416 0.86602540378443871
    vertex 0.2329629131445338 -0.56242222444347989 0.79335334029123517
    vertex 0.19134171618254456 -0.46193976625564342 0.86602540378443871
  endloop
endfacet
facet normal 0.21219646195664527 -0.62511061922499167 0.75113871905609386
  outer loop
    vertex 0.15755905175128279 -0.58801838632816261 0.79335334029123517
    vertex 0.18301270189221897 -0.68301270189221941 0.70710678118654757
    vertex 0.27059805007309806 -0.6532814824381884 0.70710678118654757
  endloop
endfacet
facet normal 0.21219646195664532 -0.62511061922499156 0.75113871905609386
  outer loop
    vertex 0.15755905175128279 -0.58801838632816261 0.79335334029123517
    vertex 0.27059805007309806 -0.6532814824381884 0.70710678118654757
    vertex 0.2329629131445338 -0.56242222444347989 0.79335334029123517
  endloop
endfacet
facet normal 0.2418960073646044 -0.7126026586750337 0.65854671244364782
  outer loop
    vertex 0.18301270189221897 -0.68301270189221941 0.70710678118654757
    vertex 0.20533495396307233 -0.76632048076000381 0.60876142900872066
    vertex 0.30360317934095848 -0.73296291314453432 0.60876142900872066
  endloop
endfacet
facet normal 0.24189600736460454 -0.71260265867503358 0.65854671244364782
  outer loop
    vertex 0.18301270189221897 -0.68301270189221941 0.70710678118654757
    vertex 0.30360317934095848 -0.73296291314453432 0.60876142900872066
    vertex 0.27059805007309806 -0.6532814824381884 0.70710678118654757
  endloop
endfacet
facet normal 0.26744375987051583 -0.78786391063709604 0.55474705372984523
  outer loop
    vertex 0.20533495396307233 -0.76632048076000381 0.60876142900872066
    vertex 0.22414386804201297 -0.83651630373780794 0.50000000000000011
    vertex 0.33141357403559124 -0.80010314519126569 0.50000000000000011
  endloop
endfacet
facet normal 0.267443759870516 -0.78786391063709582 0.55474705372984545
  outer loop
    vertex 0.20533495396307233 -0.76632048076000381 0.60876142900872066
    vertex 0.33141357403559124 -0.80010314519126569 0.50000000000000011
    vertex 0.30360317934095848 -0.73296291314453432 0.60876142900872066
  endloop
endfacet
facet normal 0.28841098729626063 -0.84963137084204543 0.44152648401637556
  outer loop
    vertex 0.22414386804201297 -0.83651630373780794 0.50000000000000011
    vertex 0.2391176183943341 -0.89239910083252294 0.38268343236508984
    vertex 0.35355339059327318 -0.85355339059327395 0.38268343236508984
  endloop
endfacet
facet normal 0.28841098729626014 -0.84963137084204599 0.44152648401637501
  outer loop
    vertex 0.22414386804201297 -0.83651630373780794 0.50000000000000011
    vertex 0.35355339059327318 -0.85355339059327395 0.38268343236508984
    vertex 0.33141357403559124 -0.80010314519126569 0.50000000000000011
  endloop
endfacet
facet normal 0.30444800079309575 -0.89687488916034119 0.32082214388460278
  outer loop
    vertex 0.2391176183943341 -0.89239910083252294 0.38268343236508984
    vertex 0.24999999999999956 -0.93301270189221952 0.25881904510252074
    vertex 0.36964381061438556 -0.89239910083252305 0.25881904510252074
  endloop
endfacet
facet normal 0.30444800079309603 -0.89687488916034108 0.32082214388460306
  outer loop
    vertex 0.2391176183943341 -0.89239910083252294 0.38268343236508984
    vertex 0.36964381061438556 -0.89239910083252305 0.25881904510252074
    vertex 0.35355339059327318 -0.85355339059327395 0.38268343236508984
  endloop
endfacet
facet normal 0.31528876249360127 -0.92881074330694724 0.19468846746237872
  outer loop
    vertex 0.24999999999999956 -0.93301270189221952 0.25881904510252074
    vertex 0.25660481229257021 -0.95766219694254873 0.13052619222005171
    vertex 0.37940952255125976 -0.91597561503675362 0.13052619222005171
  endloop
endfacet
facet normal 0.31528876249360083 -0.92881074330694757 0.19468846746237831
  outer loop
    vertex 0.24999999999999956 -0.93301270189221952 0.25881904510252074
    vertex 0.37940952255125976 -0.91597561503675362 0.13052619222005171
    vertex 0.36964381061438556 -0.89239910083252305 0.25881904510252074
  endloop
endfacet
facet normal 0.32075417326288558 -0.94491132424408142 0.06526369319720822
  outer loop
    vertex 0.25660481229257021 -0.95766219694254873 0.13052619222005171
    vertex 0.2588190451025203 -0.96592582628906842 6.123233995736766e-17
    vertex 0.38268343236508917 -0.92387953251128696 6.123233995736766e-17
  endloop
endfacet
facet normal 0.3207541732628858 -0.9449113242440812 0.065263693197208608
  outer loop
    vertex 0.25660481229257021 -0.95766219694254873 0.13052619222005171
    vertex 0.38268343236508917 -0.92387953251128696 6.123233995736766e-17
    vertex 0.37940952255125976 -0.91597561503675362 0.13052619222005171
  endloop
endfacet
facet normal 0.32075417326288586 -0.9449113242440812 -0.065263693197208192
  outer loop
    vertex 0.2588190451025203 -0.96592582628906842 6.123233995736766e-17
    vertex 0.25660481229257021 -0.95766219694254873 -0.1305261922200516
    vertex 0.37940952255125976 -0.91597561503675362 -0.1305261922200516
  endloop
endfacet
facet normal 0.32075417326288547 -0.94491132424408142 -0.065263693197208622
  outer loop
    vertex 0.2588190451025203 -0.96592582628906842 6.123233995736766e-17
    vertex 0.37940952255125976 -0.91597561503675362 -0.1305261922200516
    vertex 0.38268343236508917 -0.92387953251128696 6.123233995736766e-17
  endloop
endfacet
facet normal 0.31528876249360083 -0.92881074330694735 -0.19468846746237872
  outer loop
    vertex 0.25660481229257021 -0.95766219694254873 -0.1305261922200516
    vertex 0.24999999999999956 -0.93301270189221952 -0.25881904510252063
    vertex 0.36964381061438556 -0.89239910083252305 -0.25881904510252063
  endloop
endfacet
facet normal 0.31528876249360127 -0.92881074330694724 -0.19468846746237828
  outer loop
    vertex 0.25660481229257021 -0.95766219694254873 -0.1305261922200516
    vertex 0.36964381061438556 -0.89239910083252305 -0.25881904510252063
    vertex 0.37940952255125976 -0.91597561503675362 -0.1305261922200516
  endloop
endfacet
facet normal 0.30444800079309603 -0.89687488916034119 -0.32082214388460245
  outer loop
    vertex 0.24999999999999956 -0.93301270189221952 -0.25881904510252063
    vertex 0.23911761839433412 -0.89239910083252305 -0.3826834323650895
    vertex 0.35355339059327323 -0.85355339059327406 -0.3826834323650895
  endloop
endfacet
facet normal 0.30444800079309581 -0.8968748891603413 -0.32082214388460273
  outer loop
    vertex 0.24999999999999956 -0.93301270189221952 -0.25881904510252063
    vertex 0.35355339059327323 -0.85355339059327406 -0.3826834323650895
    vertex 0.36964381061438556 -0.89239910083252305 -0.25881904510252063
  endloop
endfacet
facet normal 0.28841098729626002 -0.84963137084204576 -0.4415264840163754
  outer loop
    vertex 0.23911761839433412 -0.89239910083252305 -0.3826834323650895
    vertex 0.224143868042013 -0.83651630373780805 -0.49999999999999983
    vertex 0.3314135740355913 -0.8001031451912658 -0.49999999999999983
  endloop
endfacet
facet normal 0.28841098729626069 -0.84963137084204576 -0.44152648401637479
  outer loop
    vertex 0.23911761839433412 -0.89239910083252305 -0.3826834323650895
    vertex 0.3314135740355913 -0.8001031451912658 -0.49999999999999983
    vertex 0.35355339059327323 -0.85355339059327406 -0.3826834323650895
  endloop
endfacet
facet normal 0.26744375987051616 -0.78786391063709615 -0.55474705372984501
  outer loop
    vertex 0.224143868042013 -0.83651630373780805 -0.49999999999999983
    vertex 0.20533495396307233 -0.76632048076000381 -0.60876142900872066
    vertex 0.30360317934095848 -0.73296291314453432 -0.60876142900872066
  endloop
endfacet
facet normal 0.26744375987051577 -0.78786391063709604 -0.55474705372984523
  outer loop
    vertex 0.224143868042013 -0.83651630373780805 -0.49999999999999983
    vertex 0.30360317934095848 -0.73296291314453432 -0.60876142900872066
    vertex 0.3314135740355913 -0.8001031451912658 -0.49999999999999983
  endloop
endfacet
facet normal 0.24189600736460548 -0.71260265867503358 -0.65854671244364771
  outer loop
    vertex 0.20533495396307233 -0.76632048076000381 -0.60876142900872066
    vertex 0.18301270189221899 -0.68301270189221952 -0.70710678118654746
    vertex 0.27059805007309806 -0.6532814824381884 -0.70710678118654746
  endloop
endfacet
facet normal 0.24189600736460432 -0.71260265867503336 -0.65854671244364826
  outer loop
    vertex 0.20533495396307233 -0.76632048076000381 -0.60876142900872066
    vertex 0.27059805007309806 -0.6532814824381884 -0.70710678118654746
    vertex 0.30360317934095848 -0.73296291314453432 -0.60876142900872066
  endloop
endfacet
facet normal 0.2121964619566461 -0.62511061922499178 -0.75113871905609353
  outer loop
    vertex 0.18301270189221899 -0.68301270189221952 -0.70710678118654746
    vertex 0.15755905175128285 -0.58801838632816283 -0.79335334029123505
    vertex 0.23296291314453388 -0.56242222444348 -0.79335334029123505
  endloop
endfacet
facet normal 0.21219646195664621 -0.62511061922499178 -0.75113871905609342
  outer loop
    vertex 0.18301270189221899 -0.68301270189221952 -0.70710678118654746
    vertex 0.23296291314453388 -0.56242222444348 -0.79335334029123505
    vertex 0.27059805007309806 -0.6532814824381884 -0.70710678118654746
  endloop
endfacet
facet normal 0.17884684293673217 -0.52686580965453422 -0.83091890421907955
  outer loop
    vertex 0.15755905175128285 -0.58801838632816283 -0.79335334029123505
    vertex 0.12940952255126012 -0.48296291314453416 -0.86602540378443871
    vertex 0.19134171618254456 -0.46193976625564342 -0.86602540378443871
  endloop
endfacet
facet normal 0.17884684293673297 -0.52686580965453433 -0.83091890421907932
  outer loop
    vertex 0.15755905175128285 -0.58801838632816283 -0.79335334029123505
    vertex 0.19134171618254456 -0.46193976625564342 -0.86602540378443871
    vertex 0.23296291314453388 -0.56242222444348 -0.79335334029123505
  endloop
endfacet
facet normal 0.14241426029817811 -0.4195388821310897 -0.89649612650803934
  outer loop
    vertex 0.12940952255126012 -0.48296291314453416 -0.86602540378443871
    vertex 0.09904576054128747 -0.36964381061438628 -0.92387953251128674
    vertex 0.14644660940672605 -0.35355339059327395 -0.92387953251128674
  endloop
endfacet
facet normal 0.14241426029817816 -0.4195388821310897 -0.89649612650803934
  outer loop
    vertex 0.12940952255126012 -0.48296291314453416 -0.86602540378443871
    vertex 0.14644660940672605 -0.35355339059327395 -0.92387953251128674
    vertex 0.19134171618254456 -0.46193976625564342 -0.86602540378443871
  endloop
endfacet
facet normal 0.10352205501638419 -0.30496613995363125 -0.94672004183230796
  outer loop
    vertex 0.09904576054128747 -0.36964381061438628 -0.92387953251128674
    vertex 0.066987298107780618 -0.25000000000000028 -0.9659258262890682
    vertex 0.099045760541287567 -0.23911761839433482 -0.9659258262890682
  endloop
endfacet
facet normal 0.10352205501638435 -0.3049661399536312 -0.94672004183230796
  outer loop
    vertex 0.09904576054128747 -0.36964381061438628 -0.92387953251128674
    vertex 0.099045760541287567 -0.23911761839433482 -0.9659258262890682
    vertex 0.14644660940672605 -0.35355339059327395 -0.92387953251128674
  endloop
endfacet
facet normal 0.062839146191491724 -0.18511815524690006 -0.98070510873753935
  outer loop
    vertex 0.066987298107780618 -0.25000000000000028 -0.9659258262890682
    vertex 0.03378266443126187 -0.12607862007251949 -0.99144486137381038
    vertex 0.049950211252314893 -0.12059047744874002 -0.99144486137381038
  endloop
endfacet
facet normal 0.062839146191491696 -0.18511815524690003 -0.98070510873753924
  outer loop
    vertex 0.066987298107780618 -0.25000000000000028 -0.9659258262890682
    vertex 0.049950211252314893 -0.12059047744874002 -0.99144486137381038
    vertex 0.099045760541287567 -0.23911761839433482 -0.9659258262890682
  endloop
endfacet
facet normal 0.021068062066826355 -0.062064509478744992 -0.9978497549350358
  outer loop
    vertex 0 0 -1
    vertex 0.049950211252314893 -0.12059047744874002 -0.99144486137381038
    vertex 0.03378266443126187 -0.12607862007251949 -0.99144486137381038
  endloop
endfacet
facet normal 0.028988865969525469 -0.058783605077349588 0.99784975493503592
  outer loop
    vertex 0 0 1
    vertex 0.049950211252314733 -0.12059047744873963 0.99144486137381038
    vertex 0.065263096110025801 -0.11303899832181541 0.99144486137381038
  endloop
endfacet
facet normal 0.086464316499849841 -0.17533228929180289 0.98070510873753958
  outer loop
    vertex 0.049950211252314733 -0.12059047744873963 0.99144486137381038
    vertex 0.099045760541287456 -0.23911761839433457 0.96592582628906831
    vertex 0.1294095225512604 -0.22414386804201336 0.96592582628906831
  endloop
endfacet
facet normal 0.086464316499849869 -0.17533228929180286 0.98070510873753958
  outer loop
    vertex 0.049950211252314733 -0.12059047744873963 0.99144486137381038
    vertex 0.1294095225512604 -0.22414386804201336 0.96592582628906831
    vertex 0.065263096110025801 -0.11303899832181541 0.99144486137381038
  endloop
endfacet
facet normal 0.14244247848904587 -0.28884477269795117 0.94672004183230785
  outer loop
    vertex 0.099045760541287456 -0.23911761839433457 0.96592582628906831
    vertex 0.14644660940672602 -0.35355339059327384 0.92387953251128674
    vertex 0.19134171618254495 -0.3314135740355918 0.92387953251128674
  endloop
endfacet
facet normal 0.14244247848904598 -0.288844772697951 0.94672004183230773
  outer loop
    vertex 0.099045760541287456 -0.23911761839433457 0.96592582628906831
    vertex 0.19134171618254495 -0.3314135740355918 0.92387953251128674
    vertex 0.1294095225512604 -0.22414386804201336 0.96592582628906831
  endloop
endfacet
facet normal 0.1959566993318089 -0.39736087772082485 0.89649612650803934
  outer loop
    vertex 0.14644660940672602 -0.35355339059327384 0.92387953251128674
    vertex 0.19134171618254456 -0.46193976625564342 0.86602540378443871
    vertex 0.25 -0.43301270189221924 0.86602540378443871
  endloop
endfacet
facet normal 0.19595669933180865 -0.39736087772082507 0.89649612650803945
  outer loop
    vertex 0.14644660940672602 -0.35355339059327384 0.92387953251128674
    vertex 0.25 -0.43301270189221924 0.86602540378443871
    vertex 0.19134171618254495 -0.3314135740355918 0.92387953251128674
  endloop
endfacet
facet normal 0.24608657134769321 -0.499014202216431 0.83091890421907932
  outer loop
    vertex 0.19134171618254456 -0.46193976625564342 0.86602540378443871
    vertex 0.2329629131445338 -0.56242222444347989 0.79335334029123517
    vertex 0.30438071450436038 -0.52720286236566916 0.79335334029123517
  endloop
endfacet
facet normal 0.24608657134769302 -0.49901420221643117 0.83091890421907943
  outer loop
    vertex 0.19134171618254456 -0.46193976625564342 0.86602540378443871
    vertex 0.30438071450436038 -0.52720286236566916 0.79335334029123517
    vertex 0.25 -0.43301270189221924 0.86602540378443871
  endloop
endfacet
facet normal 0.2919744006523759 -0.59206551503905069 0.75113871905609386
  outer loop
    vertex 0.2329629131445338 -0.56242222444347989 0.79335334029123517
    vertex 0.27059805007309806 -0.6532814824381884 0.70710678118654757
    vertex 0.35355339059327379 -0.61237243569579447 0.70710678118654757
  endloop
endfacet
facet normal 0.29197440065237606 -0.59206551503905047 0.75113871905609397
  outer loop
    vertex 0.2329629131445338 -0.56242222444347989 0.79335334029123517
    vertex 0.35355339059327379 -0.61237243569579447 0.70710678118654757
    vertex 0.30438071450436038 -0.52720286236566916 0.79335334029123517
  endloop
endfacet
facet normal 0.33283986509121555 -0.67493247939014223 0.65854671244364782
  outer loop
    vertex 0.27059805007309806 -0.6532814824381884 0.70710678118654757
    vertex 0.30360317934095848 -0.73296291314453432 0.60876142900872066
    vertex 0.39667667014561769 -0.68706414686945005 0.60876142900872066
  endloop
endfacet
facet normal 0.33283986509121571 -0.67493247939014211 0.65854671244364793
  outer loop
    vertex 0.27059805007309806 -0.6532814824381884 0.70710678118654757
    vertex 0.39667667014561769 -0.68706414686945005 0.60876142900872066
    vertex 0.35355339059327379 -0.61237243569579447 0.70710678118654757
  endloop
endfacet
facet normal 0.36799261767317354 -0.7462152100541114 0.55474705372984545
  outer loop
    vertex 0.30360317934095848 -0.73296291314453432 0.60876142900872066
    vertex 0.33141357403559124 -0.80010314519126569 0.50000000000000011
    vertex 0.43301270189221941 -0.74999999999999989 0.50000000000000011
  endloop
endfacet
facet normal 0.36799261767317337 -0.74621521005411151 0.55474705372984534
  outer loop
    vertex 0.30360317934095848 -0.73296291314453432 0.60876142900872066
    vertex 0.43301270189221941 -0.74999999999999989 0.50000000000000011
    vertex 0.39667667014561769 -0.68706414686945005 0.60876142900872066
  endloop
endfacet
facet normal 0.39684273894533917 -0.80471746871712624 0.44152648401637495
  outer loop
    vertex 0.33141357403559124 -0.80010314519126569 0.50000000000000011
    vertex 0.35355339059327318 -0.85355339059327395 0.38268343236508984
    vertex 0.46193976625564348 -0.80010314519126546 0.38268343236508984
  endloop
endfacet
facet normal 0.39684273894533945 -0.80471746871712602 0.44152648401637518
  outer loop
    vertex 0.33141357403559124 -0.80010314519126569 0.50000000000000011
    vertex 0.46193976625564348 -0.80010314519126546 0.38268343236508984
    vertex 0.43301270189221941 -0.74999999999999989 0.50000000000000011
  endloop
endfacet
facet normal 0.41890907012172485 -0.84946356188069583 0.32082214388460301
  outer loop
    vertex 0.35355339059327318 -0.85355339059327395 0.38268343236508984
    vertex 0.36964381061438556 -0.89239910083252305 0.25881904510252074
    vertex 0.48296291314453427 -0.83651630373780783 0.25881904510252074
  endloop
endfacet
facet normal 0.4189090701217244 -0.84946356188069638 0.3208221438846024
  outer loop
    vertex 0.35355339059327318 -0.85355339059327395 0.38268343236508984
    vertex 0.48296291314453427 -0.83651630373780783 0.25881904510252074
    vertex 0.46193976625564348 -0.80010314519126546 0.38268343236508984
  endloop
endfacet
facet normal 0.43382555304011949 -0.87971119702240053 0.19468846746237822
  outer loop
    vertex 0.36964381061438556 -0.89239910083252305 0.25881904510252074
    vertex 0.37940952255125976 -0.91597561503675362 0.13052619222005171
    vertex 0.4957224306869053 -0.85861643640126084 0.13052619222005171
  endloop
endfacet
facet normal 0.4338255530401201 -0.87971119702240019 0.19468846746237881
  outer loop
    vertex 0.36964381061438556 -0.89239910083252305 0.25881904510252074
    vertex 0.4957224306869053 -0.85861643640126084 0.13052619222005171
    vertex 0.48296291314453427 -0.83651630373780783 0.25881904510252074
  endloop
endfacet
facet normal 0.44134575398487869 -0.89496065600102193 0.065263693197208664
  outer loop
    vertex 0.37940952255125976 -0.91597561503675362 0.13052619222005171
    vertex 0.38268343236508917 -0.92387953251128696 6.123233995736766e-17
    vertex 0.50000000000000011 -0.8660254037844386 6.123233995736766e-17
  endloop
endfacet
facet normal 0.4413457539848788 -0.89496065600102193 0.065263693197208733
  outer loop
    vertex 0.37940952255125976 -0.91597561503675362 0.13052619222005171
    vertex 0.50000000000000011 -0.8660254037844386 6.123233995736766e-17
    vertex 0.4957224306869053 -0.85861643640126084 0.13052619222005171
  endloop
endfacet
facet normal 0.44134575398487863 -0.89496065600102181 -0.065263693197208636
  outer loop
    vertex 0.38268343236508917 -0.92387953251128696 6.123233995736766e-17
    vertex 0.37940952255125976 -0.91597561503675362 -0.1305261922200516
    vertex 0.4957224306869053 -0.85861643640126084 -0.1305261922200516
  endloop
endfacet
facet normal 0.44134575398487869 -0.89496065600102204 -0.065263693197208733
  outer loop
    vertex 0.38268343236508917 -0.92387953251128696 6.123233995736766e-17
    vertex 0.4957224306869053 -0.85861643640126084 -0.1305261922200516
    vertex 0.50000000000000011 -0.8660254037844386 6.123233995736766e-17
  endloop
endfacet
facet normal 0.43382555304012022 -0.87971119702240042 -0.19468846746237831
  outer loop
    vertex 0.37940952255125976 -0.91597561503675362 -0.1305261922200516
    vertex 0.36964381061438556 -0.89239910083252305 -0.25881904510252063
    vertex 0.48296291314453427 -0.83651630373780783 -0.25881904510252063
  endloop
endfacet
facet normal 0.43382555304011949 -0.87971119702240042 -0.19468846746237872
  outer loop
    vertex 0.37940952255125976 -0.91597561503675362 -0.1305261922200516
    vertex 0.48296291314453427 -0.83651630373780783 -0.25881904510252063
    vertex 0.4957224306869053 -0.85861643640126084 -0.1305261922200516
  endloop
endfacet
facet normal 0.41890907012172435 -0.84946356188069627 -0.32082214388460267
  outer loop
    vertex 0.36964381061438556 -0.89239910083252305 -0.25881904510252063
    vertex 0.35355339059327323 -0.85355339059327406 -0.3826834323650895
    vertex 0.46193976625564354 -0.80010314519126557 -0.3826834323650895
  endloop
endfacet
facet normal 0.41890907012172501 -0.84946356188069616 -0.32082214388460217
  outer loop
    vertex 0.36964381061438556 -0.89239910083252305 -0.25881904510252063
    vertex 0.46193976625564354 -0.80010314519126557 -0.3826834323650895
    vertex 0.48296291314453427 -0.83651630373780783 -0.25881904510252063
  endloop
endfacet
facet normal 0.3968427389453395 -0.80471746871712624 -0.44152648401637473
  outer loop
    vertex 0.35355339059327323 -0.85355339059327406 -0.3826834323650895
    vertex 0.3314135740355913 -0.8001031451912658 -0.49999999999999983
    vertex 0.43301270189221946 -0.75 -0.49999999999999983
  endloop
endfacet
facet normal 0.39684273894533928 -0.80471746871712635 -0.44152648401637512
  outer loop
    vertex 0.35355339059327323 -0.85355339059327406 -0.3826834323650895
    vertex 0.43301270189221946 -0.75 -0.49999999999999983
    vertex 0.46193976625564354 -0.80010314519126557 -0.3826834323650895
  endloop
endfacet
facet normal 0.36799261767317348 -0.74621521005411162 -0.55474705372984512
  outer loop
    vertex 0.3314135740355913 -0.8001031451912658 -0.49999999999999983
    vertex 0.30360317934095848 -0.73296291314453432 -0.60876142900872066
    vertex 0.39667667014561769 -0.68706414686945005 -0.60876142900872066
  endloop
endfacet
facet normal 0.36799261767317371 -0.74621521005411151 -0.55474705372984512
  outer loop
    vertex 0.3314135740355913 -0.8001031451912658 -0.49999999999999983
    vertex 0.39667667014561769 -0.68706414686945005 -0.60876142900872066
    vertex 0.43301270189221946 -0.75 -0.49999999999999983
  endloop
endfacet
facet normal 0.33283986509121471 -0.67493247939014234 -0.65854671244364826
  outer loop
    vertex 0.30360317934095848 -0.73296291314453432 -0.60876142900872066
    vertex 0.27059805007309806 -0.6532814824381884 -0.70710678118654746
    vertex 0.35355339059327384 -0.61237243569579458 -0.70710678118654746
  endloop
endfacet
facet normal 0.3328398650912156 -0.67493247939014223 -0.65854671244364793
  outer loop
    vertex 0.30360317934095848 -0.73296291314453432 -0.60876142900872066
    vertex 0.35355339059327384 -0.61237243569579458 -0.70710678118654746
    vertex 0.39667667014561769 -0.68706414686945005 -0.60876142900872066
  endloop
endfacet
facet normal 0.29197440065237551 -0.59206551503905147 -0.75113871905609342
  outer loop
    vertex 0.27059805007309806 -0.6532814824381884 -0.70710678118654746
    vertex 0.23296291314453388 -0.56242222444348 -0.79335334029123505
    vertex 0.30438071450436049 -0.52720286236566938 -0.79335334029123505
  endloop
endfacet
facet normal 0.29197440065237529 -0.59206551503905147 -0.75113871905609353
  outer loop
    vertex 0.27059805007309806 -0.6532814824381884 -0.70710678118654746
    vertex 0.30438071450436049 -0.52720286236566938 -0.79335334029123505
    vertex 0.35355339059327384 -0.61237243569579458 -0.70710678118654746
  endloop
endfacet
facet normal 0.24608657134769302 -0.49901420221643117 -0.83091890421907932
  outer loop
    vertex 0.23296291314453388 -0.56242222444348 -0.79335334029123505
    vertex 0.19134171618254456 -0.46193976625564342 -0.86602540378443871
    vertex 0.25 -0.43301270189221924 -0.86602540378443871
  endloop
endfacet
facet normal 0.24608657134769243 -0.49901420221643117 -0.83091890421907943
  outer loop
    vertex 0.23296291314453388 -0.56242222444348 -0.79335334029123505
    vertex 0.25 -0.43301270189221924 -0.86602540378443871
    vertex 0.30438071450436049 -0.52720286236566938 -0.79335334029123505
  endloop
endfacet
facet normal 0.19595669933180898 -0.39736087772082512 -0.89649612650803923
  outer loop
    vertex 0.19134171618254456 -0.46193976625564342 -0.86602540378443871
    vertex 0.14644660940672605 -0.35355339059327395 -0.92387953251128674
    vertex 0.191341716182545 -0.33141357403559185 -0.92387953251128674
  endloop
endfacet
facet normal 0.19595669933180901 -0.39736087772082518 -0.89649612650803923
  outer loop
    vertex 0.19134171618254456 -0.46193976625564342 -0.86602540378443871
    vertex 0.191341716182545 -0.33141357403559185 -0.92387953251128674
    vertex 0.25 -0.43301270189221924 -0.86602540378443871
  endloop
endfacet
facet normal 0.14244247848904587 -0.28884477269795067 -0.94672004183230796
  outer loop
    vertex 0.14644660940672605 -0.35355339059327395 -0.92387953251128674
    vertex 0.099045760541287567 -0.23911761839433482 -0.9659258262890682
    vertex 0.12940952255126054 -0.22414386804201358 -0.9659258262890682
  endloop
endfacet
facet normal 0.14244247848904593 -0.28884477269795067 -0.94672004183230796
  outer loop
    vertex 0.14644660940672605 -0.35355339059327395 -0.92387953251128674
    vertex 0.12940952255126054 -0.22414386804201358 -0.9659258262890682
    vertex 0.191341716182545 -0.33141357403559185 -0.92387953251128674
  endloop
endfacet
facet normal 0.086464316499850494 -0.17533228929180381 -0.98070510873753947
  outer loop
    vertex 0.099045760541287567 -0.23911761839433482 -0.9659258262890682
    vertex 0.049950211252314893 -0.12059047744874002 -0.99144486137381038
    vertex 0.065263096110026009 -0.11303899832181577 -0.99144486137381038
  endloop
endfacet
facet normal 0.086464316499850355 -0.17533228929180375 -0.98070510873753947
  outer loop
    vertex 0.099045760541287567 -0.23911761839433482 -0.9659258262890682
    vertex 0.065263096110026009 -0.11303899832181577 -0.99144486137381038
    vertex 0.12940952255126054 -0.22414386804201358 -0.9659258262890682
  endloop
endfacet
facet normal 0.028988865969525372 -0.058783605077349366 -0.99784975493503592
  outer loop
    vertex 0 0 -1
    vertex 0.065263096110026009 -0.11303899832181577 -0.99144486137381038
    vertex 0.049950211252314893 -0.12059047744874002 -0.99144486137381038
  endloop
endfacet
facet normal 0.036413662338253862 -0.054496896895186046 0.99784975493503592
  outer loop
    vertex 0 0 1
    vertex 0.065263096110025801 -0.11303899832181541 0.99144486137381038
    vertex 0.079459311298945456 -0.10355339059327381 0.99144486137381038
  endloop
endfacet
facet normal 0.10861005838045855 -0.16254643925562948 0.98070510873753969
  outer loop
    vertex 0.065263096110025801 -0.11303899832181541 0.99144486137381038
    vertex 0.1294095225512604 -0.22414386804201336 0.96592582628906831
    vertex 0.15755905175128285 -0.20533495396307283 0.96592582628906831
  endloop
endfacet
facet normal 0.10861005838045852 -0.16254643925562948 0.98070510873753958
  outer loop
    vertex 0.065263096110025801 -0.11303899832181541 0.99144486137381038
    vertex 0.15755905175128285 -0.20533495396307283 0.96592582628906831
    vertex 0.079459311298945456 -0.10355339059327381 0.99144486137381038
  endloop
endfacet
facet normal 0.17892567166224438 -0.2677811912985078 0.94672004183230785
  outer loop
    vertex 0.1294095225512604 -0.22414386804201336 0.96592582628906831
    vertex 0.19134171618254495 -0.3314135740355918 0.92387953251128674
    vertex 0.23296291314453385 -0.30360317934095915 0.92387953251128674
  endloop
endfacet
facet normal 0.17892567166224424 -0.26778119129850791 0.94672004183230785
  outer loop
    vertex 0.1294095225512604 -0.22414386804201336 0.96592582628906831
    vertex 0.23296291314453385 -0.30360317934095915 0.92387953251128674
    vertex 0.15755905175128285 -0.20533495396307283 0.96592582628906831
  endloop
endfacet
facet normal 0.24614626491041164 -0.36838391852350827 0.89649612650803934
  outer loop
    vertex 0.19134171618254495 -0.3314135740355918 0.92387953251128674
    vertex 0.25 -0.43301270189221924 0.86602540378443871
    vertex 0.30438071450435988 -0.3966766701456178 0.86602540378443871
  endloop
endfacet
facet normal 0.24614626491041189 -0.36838391852350799 0.89649612650803956
  outer loop
    vertex 0.19134171618254495 -0.3314135740355918 0.92387953251128674
    vertex 0.30438071450435988 -0.3966766701456178 0.86602540378443871
    vertex 0.23296291314453385 -0.30360317934095915 0.92387953251128674
  endloop
endfacet
facet normal 0.30911569029480745 -0.46262432342552978 0.83091890421907932
  outer loop
    vertex 0.25 -0.43301270189221924 0.86602540378443871
    vertex 0.30438071450436038 -0.52720286236566916 0.79335334029123517
    vertex 0.37059047744873919 -0.48296291314453449 0.79335334029123517
  endloop
endfacet
facet normal 0.30911569029480757 -0.46262432342552967 0.83091890421907955
  outer loop
    vertex 0.25 -0.43301270189221924 0.86602540378443871
    vertex 0.37059047744873919 -0.48296291314453449 0.79335334029123517
    vertex 0.30438071450435988 -0.3966766701456178 0.86602540378443871
  endloop
endfacet
facet normal 0.36675657640234716 -0.54889000573921887 0.75113871905609397
  outer loop
    vertex 0.30438071450436038 -0.52720286236566916 0.79335334029123517
    vertex 0.35355339059327379 -0.61237243569579447 0.70710678118654757
    vertex 0.43045933457687885 -0.56098552679693137 0.70710678118654757
  endloop
endfacet
facet normal 0.3667565764023471 -0.54889000573921876 0.75113871905609397
  outer loop
    vertex 0.30438071450436038 -0.52720286236566916 0.79335334029123517
    vertex 0.43045933457687885 -0.56098552679693137 0.70710678118654757
    vertex 0.37059047744873919 -0.48296291314453449 0.79335334029123517
  endloop
endfacet
facet normal 0.41808874044547201 -0.62571401825624917 0.65854671244364804
  outer loop
    vertex 0.35355339059327379 -0.61237243569579447 0.70710678118654757
    vertex 0.39667667014561769 -0.68706414686945005 0.60876142900872066
    vertex 0.48296291314453355 -0.62940952255126081 0.60876142900872066
  endloop
endfacet
facet normal 0.4180887404454719 -0.6257140182562495 0.65854671244364793
  outer loop
    vertex 0.35355339059327379 -0.61237243569579447 0.70710678118654757
    vertex 0.48296291314453355 -0.62940952255126081 0.60876142900872066
    vertex 0.43045933457687885 -0.56098552679693137 0.70710678118654757
  endloop
endfacet
facet normal 0.46224501976061444 -0.69179856033715847 0.55474705372984534
  outer loop
    vertex 0.39667667014561769 -0.68706414686945005 0.60876142900872066
    vertex 0.43301270189221941 -0.74999999999999989 0.50000000000000011
    vertex 0.52720286236566849 -0.6870641468694505 0.50000000000000011
  endloop
endfacet
facet normal 0.4622450197606145 -0.69179856033715859 0.55474705372984534
  outer loop
    vertex 0.39667667014561769 -0.68706414686945005 0.60876142900872066
    vertex 0.52720286236566849 -0.6870641468694505 0.50000000000000011
    vertex 0.48296291314453355 -0.62940952255126081 0.60876142900872066
  endloop
endfacet
facet normal 0.49848440130547039 -0.74603462759262351 0.44152648401637518
  outer loop
    vertex 0.43301270189221941 -0.74999999999999989 0.50000000000000011
    vertex 0.46193976625564348 -0.80010314519126546 0.38268343236508984
    vertex 0.562422224443479 -0.73296291314453466 0.38268343236508984
  endloop
endfacet
facet normal 0.49848440130547045 -0.7460346275926234 0.4415264840163754
  outer loop
    vertex 0.43301270189221941 -0.74999999999999989 0.50000000000000011
    vertex 0.562422224443479 -0.73296291314453466 0.38268343236508984
    vertex 0.52720286236566849 -0.6870641468694505 0.50000000000000011
  endloop
endfacet
facet normal 0.5262024891170346 -0.78751767754147872 0.32082214388460251
  outer loop
    vertex 0.46193976625564348 -0.80010314519126546 0.38268343236508984
    vertex 0.48296291314453427 -0.83651630373780783 0.25881904510252074
    vertex 0.58801838632816172 -0.76632048076000425 0.25881904510252074
  endloop
endfacet
facet normal 0.5262024891170346 -0.78751767754147883 0.32082214388460251
  outer loop
    vertex 0.46193976625564348 -0.80010314519126546 0.38268343236508984
    vertex 0.58801838632816172 -0.76632048076000425 0.25881904510252074
    vertex 0.562422224443479 -0.73296291314453466 0.38268343236508984
  endloop
endfacet
facet normal 0.54493946809495586 -0.81555954825477739 0.19468846746237878
  outer loop
    vertex 0.48296291314453427 -0.83651630373780783 0.25881904510252074
    vertex 0.4957224306869053 -0.85861643640126084 0.13052619222005171
    vertex 0.60355339059327295 -0.78656609248549358 0.13052619222005171
  endloop
endfacet
facet normal 0.54493946809495564 -0.81555954825477761 0.19468846746237858
  outer loop
    vertex 0.48296291314453427 -0.83651630373780783 0.25881904510252074
    vertex 0.60355339059327295 -0.78656609248549358 0.13052619222005171
    vertex 0.58801838632816172 -0.76632048076000425 0.25881904510252074
  endloop
endfacet
facet normal 0.55438578649203107 -0.82969696280381355 0.065263693197208733
  outer loop
    vertex 0.4957224306869053 -0.85861643640126084 0.13052619222005171
    vertex 0.50000000000000011 -0.8660254037844386 6.123233995736766e-17
    vertex 0.60876142900871988 -0.79335334029123572 6.123233995736766e-17
  endloop
endfacet
facet normal 0.5543857864920313 -0.82969696280381355 0.065263693197208747
  outer loop
    vertex 0.4957224306869053 -0.85861643640126084 0.13052619222005171
    vertex 0.60876142900871988 -0.79335334029123572 6.123233995736766e-17
    vertex 0.60355339059327295 -0.78656609248549358 0.13052619222005171
  endloop
endfacet
facet normal 0.55438578649203119 -0.82969696280381344 -0.065263693197208747
  outer loop
    vertex 0.50000000000000011 -0.8660254037844386 6.123233995736766e-17
    vertex 0.4957224306869053 -0.85861643640126084 -0.1305261922200516
    vertex 0.60355339059327295 -0.78656609248549358 -0.1305261922200516
  endloop
endfacet
facet normal 0.55438578649203107 -0.82969696280381355 -0.065263693197208775
  outer loop
    vertex 0.50000000000000011 -0.8660254037844386 6.123233995736766e-17
    vertex 0.60355339059327295 -0.78656609248549358 -0.1305261922200516
    vertex 0.60876142900871988 -0.79335334029123572 6.123233995736766e-17
  endloop
endfacet
facet normal 0.54493946809495564 -0.81555954825477761 -0.19468846746237875
  outer loop
    vertex 0.4957224306869053 -0.85861643640126084 -0.1305261922200516
    vertex 0.48296291314453427 -0.83651630373780783 -0.25881904510252063
    vertex 0.58801838632816172 -0.76632048076000425 -0.25881904510252063
  endloop
endfacet
facet normal 0.54493946809495586 -0.81555954825477761 -0.19468846746237858
  outer loop
    vertex 0.4957224306869053 -0.85861643640126084 -0.1305261922200516
    vertex 0.58801838632816172 -0.76632048076000425 -0.25881904510252063
    vertex 0.60355339059327295 -0.78656609248549358 -0.1305261922200516
  endloop
endfacet
facet normal 0.52620248911703449 -0.78751767754147906 -0.32082214388460223
  outer loop
    vertex 0.48296291314453427 -0.83651630373780783 -0.25881904510252063
    vertex 0.46193976625564354 -0.80010314519126557 -0.3826834323650895
    vertex 0.56242222444347911 -0.73296291314453477 -0.3826834323650895
  endloop
endfacet
facet normal 0.5262024891170346 -0.78751767754147883 -0.32082214388460201
  outer loop
    vertex 0.48296291314453427 -0.83651630373780783 -0.25881904510252063
    vertex 0.56242222444347911 -0.73296291314453477 -0.3826834323650895
    vertex 0.58801838632816172 -0.76632048076000425 -0.25881904510252063
  endloop
endfacet
facet normal 0.49848440130547034 -0.74603462759262351 -0.44152648401637501
  outer loop
    vertex 0.46193976625564354 -0.80010314519126557 -0.3826834323650895
    vertex 0.43301270189221946 -0.75 -0.49999999999999983
    vertex 0.5272028623656686 -0.68706414686945061 -0.49999999999999983
  endloop
endfacet
facet normal 0.49848440130547017 -0.74603462759262362 -0.44152648401637523
  outer loop
    vertex 0.46193976625564354 -0.80010314519126557 -0.3826834323650895
    vertex 0.5272028623656686 -0.68706414686945061 -0.49999999999999983
    vertex 0.56242222444347911 -0.73296291314453477 -0.3826834323650895
  endloop
endfacet
facet normal 0.46224501976061472 -0.69179856033715859 -0.55474705372984501
  outer loop
    vertex 0.43301270189221946 -0.75 -0.49999999999999983
    vertex 0.39667667014561769 -0.68706414686945005 -0.60876142900872066
    vertex 0.48296291314453355 -0.62940952255126081 -0.60876142900872066
  endloop
endfacet
facet normal 0.46224501976061433 -0.6917985603371587 -0.55474705372984512
  outer loop
    vertex 0.43301270189221946 -0.75 -0.49999999999999983
    vertex 0.48296291314453355 -0.62940952255126081 -0.60876142900872066
    vertex 0.5272028623656686 -0.68706414686945061 -0.49999999999999983
  endloop
endfacet
facet normal 0.41808874044547195 -0.62571401825624962 -0.65854671244364793
  outer loop
    vertex 0.39667667014561769 -0.68706414686945005 -0.60876142900872066
    vertex 0.35355339059327384 -0.61237243569579458 -0.70710678118654746
    vertex 0.4304593345768789 -0.56098552679693148 -0.70710678118654746
  endloop
endfacet
facet normal 0.41808874044547217 -0.62571401825624939 -0.65854671244364782
  outer loop
    vertex 0.39667667014561769 -0.68706414686945005 -0.60876142900872066
    vertex 0.4304593345768789 -0.56098552679693148 -0.70710678118654746
    vertex 0.48296291314453355 -0.62940952255126081 -0.60876142900872066
  endloop
endfacet
facet normal 0.36675657640234771 -0.54889000573921898 -0.75113871905609353
  outer loop
    vertex 0.35355339059327384 -0.61237243569579458 -0.70710678118654746
    vertex 0.30438071450436049 -0.52720286236566938 -0.79335334029123505
    vertex 0.3705904774487393 -0.48296291314453466 -0.79335334029123505
  endloop
endfacet
facet normal 0.36675657640234738 -0.54889000573921909 -0.75113871905609364
  outer loop
    vertex 0.35355339059327384 -0.61237243569579458 -0.70710678118654746
    vertex 0.3705904774487393 -0.48296291314453466 -0.79335334029123505
    vertex 0.4304593345768789 -0.56098552679693148 -0.70710678118654746
  endloop
endfacet
facet normal 0.30911569029480734 -0.46262432342552939 -0.83091890421907955
  outer loop
    vertex 0.30438071450436049 -0.52720286236566938 -0.79335334029123505
    vertex 0.25 -0.43301270189221924 -0.86602540378443871
    vertex 0.30438071450435988 -0.3966766701456178 -0.86602540378443871
  endloop
endfacet
facet normal 0.30911569029480762 -0.46262432342552939 -0.83091890421907955
  outer loop
    vertex 0.30438071450436049 -0.52720286236566938 -0.79335334029123505
    vertex 0.30438071450435988 -0.3966766701456178 -0.86602540378443871
    vertex 0.3705904774487393 -0.48296291314453466 -0.79335334029123505
  endloop
endfacet
facet normal 0.24614626491041156 -0.36838391852350855 -0.89649612650803934
  outer loop
    vertex 0.25 -0.43301270189221924 -0.86602540378443871
    vertex 0.191341716182545 -0.33141357403559185 -0.92387953251128674
    vertex 0.23296291314453393 -0.30360317934095926 -0.92387953251128674
  endloop
endfacet
facet normal 0.24614626491041183 -0.36838391852350849 -0.89649612650803923
  outer loop
    vertex 0.25 -0.43301270189221924 -0.86602540378443871
    vertex 0.23296291314453393 -0.30360317934095926 -0.92387953251128674
    vertex 0.30438071450435988 -0.3966766701456178 -0.86602540378443871
  endloop
endfacet
facet normal 0.17892567166224385 -0.26778119129850764 -0.94672004183230796
  outer loop
    vertex 0.191341716182545 -0.33141357403559185 -0.92387953251128674
    vertex 0.12940952255126054 -0.22414386804201358 -0.9659258262890682
    vertex 0.15755905175128301 -0.20533495396307305 -0.9659258262890682
  endloop
endfacet
facet normal 0.17892567166224385 -0.26778119129850769 -0.94672004183230796
  outer loop
    vertex 0.191341716182545 -0.33141357403559185 -0.92387953251128674
    vertex 0.15755905175128301 -0.20533495396307305 -0.9659258262890682
    vertex 0.23296291314453393 -0.30360317934095926 -0.92387953251128674
  endloop
endfacet
facet normal 0.10861005838045922 -0.16254643925563036 -0.98070510873753935
  outer loop
    vertex 0.12940952255126054 -0.22414386804201358 -0.9659258262890682
    vertex 0.065263096110026009 -0.11303899832181577 -0.99144486137381038
    vertex 0.079459311298945706 -0.10355339059327415 -0.99144486137381038
  endloop
endfacet
facet normal 0.10861005838045903 -0.16254643925563034 -0.98070510873753935
  outer loop
    vertex 0.12940952255126054 -0.22414386804201358 -0.9659258262890682
    vertex 0.079459311298945706 -0.10355339059327415 -0.99144486137381038
    vertex 0.15755905175128301 -0.20533495396307305 -0.9659258262890682
  endloop
endfacet
facet normal 0.036413662338253737 -0.054496896895185852 -0.99784975493503592
  outer loop
    vertex 0 0 -1
    vertex 0.079459311298945706 -0.10355339059327415 -0.99144486137381038
    vertex 0.065263096110026009 -0.11303899832181577 -0.99144486137381038
  endloop
endfacet
facet normal 0.043215410848600228 -0.049277731697751605 0.99784975493503592
  outer loop
    vertex 0 0 1
    vertex 0.079459311298945456 -0.10355339059327381 0.99144486137381038
    vertex 0.092295955641257227 -0.092295955641257268 0.99144486137381038
  endloop
endfacet
facet normal 0.12889745204978026 -0.14697937457740542 0.98070510873753958
  outer loop
    vertex 0.079459311298945456 -0.10355339059327381 0.99144486137381038
    vertex 0.15755905175128285 -0.20533495396307283 0.96592582628906831
    vertex 0.18301270189221927 -0.18301270189221935 0.96592582628906831
  endloop
endfacet
facet normal 0.12889745204978031 -0.14697937457740537 0.98070510873753958
  outer loop
    vertex 0.079459311298945456 -0.10355339059327381 0.99144486137381038
    vertex 0.18301270189221927 -0.18301270189221935 0.96592582628906831
    vertex 0.092295955641257227 -0.092295955641257268 0.99144486137381038
  endloop
endfacet
facet normal 0.21234739698573279 -0.24213579947297531 0.94672004183230785
  outer loop
    vertex 0.15755905175128285 -0.20533495396307283 0.96592582628906831
    vertex 0.23296291314453385 -0.30360317934095915 0.92387953251128674
    vertex 0.27059805007309845 -0.27059805007309856 0.92387953251128674
  endloop
endfacet
facet normal 0.21234739698573291 -0.24213579947297523 0.94672004183230773
  outer loop
    vertex 0.15755905175128285 -0.20533495396307283 0.96592582628906831
    vertex 0.27059805007309845 -0.27059805007309856 0.92387953251128674
    vertex 0.18301270189221927 -0.18301270189221935 0.96592582628906831
  endloop
endfacet
facet normal 0.29212419965175934 -0.33310380834493664 0.89649612650803945
  outer loop
    vertex 0.23296291314453385 -0.30360317934095915 0.92387953251128674
    vertex 0.30438071450435988 -0.3966766701456178 0.86602540378443871
    vertex 0.35355339059327362 -0.35355339059327379 0.86602540378443871
  endloop
endfacet
facet normal 0.29212419965175923 -0.33310380834493691 0.89649612650803945
  outer loop
    vertex 0.23296291314453385 -0.30360317934095915 0.92387953251128674
    vertex 0.35355339059327362 -0.35355339059327379 0.86602540378443871
    vertex 0.27059805007309845 -0.27059805007309856 0.92387953251128674
  endloop
endfacet
facet normal 0.36685575407791704 -0.41831881419712308 0.83091890421907932
  outer loop
    vertex 0.30438071450435988 -0.3966766701456178 0.86602540378443871
    vertex 0.37059047744873919 -0.48296291314453449 0.79335334029123517
    vertex 0.43045933457687929 -0.43045933457687952 0.79335334029123517
  endloop
endfacet
facet normal 0.36685575407791698 -0.41831881419712336 0.83091890421907932
  outer loop
    vertex 0.30438071450435988 -0.3966766701456178 0.86602540378443871
    vertex 0.43045933457687929 -0.43045933457687952 0.79335334029123517
    vertex 0.35355339059327362 -0.35355339059327379 0.86602540378443871
  endloop
endfacet
facet normal 0.4352634454459407 -0.49632283626012919 0.75113871905609375
  outer loop
    vertex 0.37059047744873919 -0.48296291314453449 0.79335334029123517
    vertex 0.43045933457687885 -0.56098552679693137 0.70710678118654757
    vertex 0.49999999999999983 -0.50000000000000011 0.70710678118654757
  endloop
endfacet
facet normal 0.43526344544594076 -0.49632283626012891 0.75113871905609397
  outer loop
    vertex 0.37059047744873919 -0.48296291314453449 0.79335334029123517
    vertex 0.49999999999999983 -0.50000000000000011 0.70710678118654757
    vertex 0.43045933457687929 -0.43045933457687952 0.79335334029123517
  endloop
endfacet
facet normal 0.49618400153460779 -0.5657894167892924 0.65854671244364782
  outer loop
    vertex 0.43045933457687885 -0.56098552679693137 0.70710678118654757
    vertex 0.48296291314453355 -0.62940952255126081 0.60876142900872066
    vertex 0.56098552679693081 -0.56098552679693114 0.60876142900872066
  endloop
endfacet
facet normal 0.49618400153460779 -0.56578941678929251 0.65854671244364771
  outer loop
    vertex 0.43045933457687885 -0.56098552679693137 0.70710678118654757
    vertex 0.56098552679693081 -0.56098552679693114 0.60876142900872066
    vertex 0.49999999999999983 -0.50000000000000011 0.70710678118654757
  endloop
endfacet
facet normal 0.54858828140141924 -0.62554504545004064 0.55474705372984534
  outer loop
    vertex 0.48296291314453355 -0.62940952255126081 0.60876142900872066
    vertex 0.52720286236566849 -0.6870641468694505 0.50000000000000011
    vertex 0.61237243569579436 -0.61237243569579458 0.50000000000000011
  endloop
endfacet
facet normal 0.54858828140141924 -0.62554504545004053 0.55474705372984545
  outer loop
    vertex 0.48296291314453355 -0.62940952255126081 0.60876142900872066
    vertex 0.61237243569579436 -0.61237243569579458 0.50000000000000011
    vertex 0.56098552679693081 -0.56098552679693114 0.60876142900872066
  endloop
endfacet
facet normal 0.59159685735327816 -0.6745869271501358 0.44152648401637534
  outer loop
    vertex 0.52720286236566849 -0.6870641468694505 0.50000000000000011
    vertex 0.562422224443479 -0.73296291314453466 0.38268343236508984
    vertex 0.65328148243818807 -0.6532814824381884 0.38268343236508984
  endloop
endfacet
facet normal 0.59159685735327805 -0.67458692715013602 0.44152648401637518
  outer loop
    vertex 0.52720286236566849 -0.6870641468694505 0.50000000000000011
    vertex 0.65328148243818807 -0.6532814824381884 0.38268343236508984
    vertex 0.61237243569579436 -0.61237243569579458 0.50000000000000011
  endloop
endfacet
facet normal 0.62449243763265949 -0.71209714739837748 0.32082214388460262
  outer loop
    vertex 0.562422224443479 -0.73296291314453466 0.38268343236508984
    vertex 0.58801838632816172 -0.76632048076000425 0.25881904510252074
    vertex 0.68301270189221919 -0.68301270189221952 0.25881904510252074
  endloop
endfacet
facet normal 0.62449243763265982 -0.71209714739837671 0.32082214388460306
  outer loop
    vertex 0.562422224443479 -0.73296291314453466 0.38268343236508984
    vertex 0.68301270189221919 -0.68301270189221952 0.25881904510252074
    vertex 0.65328148243818807 -0.6532814824381884 0.38268343236508984
  endloop
endfacet
facet normal 0.6467293177649226 -0.73745344950069092 0.19468846746237853
  outer loop
    vertex 0.58801838632816172 -0.76632048076000425 0.25881904510252074
    vertex 0.60355339059327295 -0.78656609248549358 0.13052619222005171
    vertex 0.70105738464997769 -0.70105738464997802 0.13052619222005171
  endloop
endfacet
facet normal 0.64672931776492248 -0.73745344950069125 0.19468846746237836
  outer loop
    vertex 0.58801838632816172 -0.76632048076000425 0.25881904510252074
    vertex 0.70105738464997769 -0.70105738464997802 0.13052619222005171
    vertex 0.68301270189221919 -0.68301270189221952 0.25881904510252074
  endloop
endfacet
facet normal 0.65794012448752581 -0.75023692453757551 0.065263693197208816
  outer loop
    vertex 0.60355339059327295 -0.78656609248549358 0.13052619222005171
    vertex 0.60876142900871988 -0.79335334029123572 6.123233995736766e-17
    vertex 0.70710678118654735 -0.70710678118654768 6.123233995736766e-17
  endloop
endfacet
facet normal 0.6579401244875257 -0.75023692453757551 0.06526369319720865
  outer loop
    vertex 0.60355339059327295 -0.78656609248549358 0.13052619222005171
    vertex 0.70710678118654735 -0.70710678118654768 6.123233995736766e-17
    vertex 0.70105738464997769 -0.70105738464997802 0.13052619222005171
  endloop
endfacet
facet normal 0.65794012448752581 -0.75023692453757551 -0.065263693197208816
  outer loop
    vertex 0.60876142900871988 -0.79335334029123572 6.123233995736766e-17
    vertex 0.60355339059327295 -0.78656609248549358 -0.1305261922200516
    vertex 0.70105738464997769 -0.70105738464997802 -0.1305261922200516
  endloop
endfacet
facet normal 0.65794012448752581 -0.75023692453757529 -0.065263693197208691
  outer loop
    vertex 0.60876142900871988 -0.79335334029123572 6.123233995736766e-17
    vertex 0.70105738464997769 -0.70105738464997802 -0.1305261922200516
    vertex 0.70710678118654735 -0.70710678118654768 6.123233995736766e-17
  endloop
endfacet
facet normal 0.64672931776492248 -0.73745344950069125 -0.19468846746237861
  outer loop
    vertex 0.60355339059327295 -0.78656609248549358 -0.1305261922200516
    vertex 0.58801838632816172 -0.76632048076000425 -0.25881904510252063
    vertex 0.68301270189221919 -0.68301270189221952 -0.25881904510252063
  endloop
endfacet
facet normal 0.6467293177649226 -0.73745344950069103 -0.19468846746237842
  outer loop
    vertex 0.60355339059327295 -0.78656609248549358 -0.1305261922200516
    vertex 0.68301270189221919 -0.68301270189221952 -0.25881904510252063
    vertex 0.70105738464997769 -0.70105738464997802 -0.1305261922200516
  endloop
endfacet
facet normal 0.62449243763266016 -0.71209714739837704 -0.32082214388460195
  outer loop
    vertex 0.58801838632816172 -0.76632048076000425 -0.25881904510252063
    vertex 0.56242222444347911 -0.73296291314453477 -0.3826834323650895
    vertex 0.65328148243818818 -0.65328148243818851 -0.3826834323650895
  endloop
endfacet
facet normal 0.62449243763265949 -0.71209714739837737 -0.32082214388460251
  outer loop
    vertex 0.58801838632816172 -0.76632048076000425 -0.25881904510252063
    vertex 0.65328148243818818 -0.65328148243818851 -0.3826834323650895
    vertex 0.68301270189221919 -0.68301270189221952 -0.25881904510252063
  endloop
endfacet
facet normal 0.59159685735327794 -0.67458692715013602 -0.44152648401637518
  outer loop
    vertex 0.56242222444347911 -0.73296291314453477 -0.3826834323650895
    vertex 0.5272028623656686 -0.68706414686945061 -0.49999999999999983
    vertex 0.61237243569579447 -0.61237243569579469 -0.49999999999999983
  endloop
endfacet
facet normal 0.59159685735327827 -0.67458692715013591 -0.4415264840163749
  outer loop
    vertex 0.56242222444347911 -0.73296291314453477 -0.3826834323650895
    vertex 0.61237243569579447 -0.61237243569579469 -0.49999999999999983
    vertex 0.65328148243818818 -0.65328148243818851 -0.3826834323650895
  endloop
endfacet
facet normal 0.54858828140141946 -0.62554504545004064 -0.55474705372984512
  outer loop
    vertex 0.5272028623656686 -0.68706414686945061 -0.49999999999999983
    vertex 0.48296291314453355 -0.62940952255126081 -0.60876142900872066
    vertex 0.56098552679693081 -0.56098552679693114 -0.60876142900872066
  endloop
endfacet
facet normal 0.54858828140141924 -0.62554504545004064 -0.55474705372984523
  outer loop
    vertex 0.5272028623656686 -0.68706414686945061 -0.49999999999999983
    vertex 0.56098552679693081 -0.56098552679693114 -0.60876142900872066
    vertex 0.61237243569579447 -0.61237243569579469 -0.49999999999999983
  endloop
endfacet
facet normal 0.49618400153460834 -0.56578941678929218 -0.65854671244364771
  outer loop
    vertex 0.48296291314453355 -0.62940952255126081 -0.60876142900872066
    vertex 0.4304593345768789 -0.56098552679693148 -0.70710678118654746
    vertex 0.49999999999999989 -0.50000000000000011 -0.70710678118654746
  endloop
endfacet
facet normal 0.49618400153460784 -0.56578941678929229 -0.65854671244364793
  outer loop
    vertex 0.48296291314453355 -0.62940952255126081 -0.60876142900872066
    vertex 0.49999999999999989 -0.50000000000000011 -0.70710678118654746
    vertex 0.56098552679693081 -0.56098552679693114 -0.60876142900872066
  endloop
endfacet
facet normal 0.43526344544594081 -0.49632283626012941 -0.75113871905609364
  outer loop
    vertex 0.4304593345768789 -0.56098552679693148 -0.70710678118654746
    vertex 0.3705904774487393 -0.48296291314453466 -0.79335334029123505
    vertex 0.43045933457687946 -0.43045933457687968 -0.79335334029123505
  endloop
endfacet
facet normal 0.43526344544594153 -0.4963228362601293 -0.75113871905609331
  outer loop
    vertex 0.4304593345768789 -0.56098552679693148 -0.70710678118654746
    vertex 0.43045933457687946 -0.43045933457687968 -0.79335334029123505
    vertex 0.49999999999999989 -0.50000000000000011 -0.70710678118654746
  endloop
endfacet
facet normal 0.36685575407791693 -0.41831881419712319 -0.83091890421907955
  outer loop
    vertex 0.3705904774487393 -0.48296291314453466 -0.79335334029123505
    vertex 0.30438071450435988 -0.3966766701456178 -0.86602540378443871
    vertex 0.35355339059327362 -0.35355339059327379 -0.86602540378443871
  endloop
endfacet
facet normal 0.36685575407791676 -0.41831881419712319 -0.83091890421907943
  outer loop
    vertex 0.3705904774487393 -0.48296291314453466 -0.79335334029123505
    vertex 0.35355339059327362 -0.35355339059327379 -0.86602540378443871
    vertex 0.43045933457687946 -0.43045933457687968 -0.79335334029123505
  endloop
endfacet
facet normal 0.2921241996517599 -0.33310380834493686 -0.89649612650803934
  outer loop
    vertex 0.30438071450435988 -0.3966766701456178 -0.86602540378443871
    vertex 0.23296291314453393 -0.30360317934095926 -0.92387953251128674
    vertex 0.27059805007309851 -0.27059805007309862 -0.92387953251128674
  endloop
endfacet
facet normal 0.29212419965175956 -0.33310380834493697 -0.89649612650803934
  outer loop
    vertex 0.30438071450435988 -0.3966766701456178 -0.86602540378443871
    vertex 0.27059805007309851 -0.27059805007309862 -0.92387953251128674
    vertex 0.35355339059327362 -0.35355339059327379 -0.86602540378443871
  endloop
endfacet
facet normal 0.21234739698573282 -0.24213579947297498 -0.94672004183230796
  outer loop
    vertex 0.23296291314453393 -0.30360317934095926 -0.92387953251128674
    vertex 0.15755905175128301 -0.20533495396307305 -0.9659258262890682
    vertex 0.18301270189221946 -0.18301270189221955 -0.9659258262890682
  endloop
endfacet
facet normal 0.21234739698573291 -0.24213579947297484 -0.94672004183230796
  outer loop
    vertex 0.23296291314453393 -0.30360317934095926 -0.92387953251128674
    vertex 0.18301270189221946 -0.18301270189221955 -0.9659258262890682
    vertex 0.27059805007309851 -0.27059805007309862 -0.92387953251128674
  endloop
endfacet
facet normal 0.12889745204978095 -0.14697937457740595 -0.98070510873753947
  outer loop
    vertex 0.15755905175128301 -0.20533495396307305 -0.9659258262890682
    vertex 0.079459311298945706 -0.10355339059327415 -0.99144486137381038
    vertex 0.092295955641257518 -0.09229595564125756 -0.99144486137381038
  endloop
endfacet
facet normal 0.12889745204978101 -0.14697937457740617 -0.98070510873753947
  outer loop
    vertex 0.15755905175128301 -0.20533495396307305 -0.9659258262890682
    vertex 0.092295955641257518 -0.09229595564125756 -0.99144486137381038
    vertex 0.18301270189221946 -0.18301270189221955 -0.9659258262890682
  endloop
endfacet
facet normal 0.043215410848600075 -0.049277731697751466 -0.9978497549350358
  outer loop
    vertex 0 0 -1
    vertex 0.092295955641257518 -0.09229595564125756 -0.99144486137381038
    vertex 0.079459311298945706 -0.10355339059327415 -0.99144486137381038
  endloop
endfacet
facet normal 0.049277731697751591 -0.043215410848600228 0.99784975493503569
  outer loop
    vertex 0 0 1
    vertex 0.092295955641257227 -0.092295955641257268 0.99144486137381038
    vertex 0.10355339059327372 -0.079459311298945581 0.99144486137381038
  endloop
endfacet
facet normal 0.1469793745774054 -0.1288974520497804 0.98070510873753947
  outer loop
    vertex 0.092295955641257227 -0.092295955641257268 0.99144486137381038
    vertex 0.18301270189221927 -0.18301270189221935 0.96592582628906831
    vertex 0.20533495396307261 -0.1575590517512831 0.96592582628906831
  endloop
endfacet
facet normal 0.14697937457740531 -0.12889745204978048 0.98070510873753969
  outer loop
    vertex 0.092295955641257227 -0.092295955641257268 0.99144486137381038
    vertex 0.20533495396307261 -0.1575590517512831 0.96592582628906831
    vertex 0.10355339059327372 -0.079459311298945581 0.99144486137381038
  endloop
endfacet
facet normal 0.24213579947297503 -0.21234739698573313 0.94672004183230773
  outer loop
    vertex 0.18301270189221927 -0.18301270189221935 0.96592582628906831
    vertex 0.27059805007309845 -0.27059805007309856 0.92387953251128674
    vertex 0.30360317934095887 -0.23296291314453424 0.92387953251128674
  endloop
endfacet
facet normal 0.24213579947297517 -0.21234739698573293 0.94672004183230785
  outer loop
    vertex 0.18301270189221927 -0.18301270189221935 0.96592582628906831
    vertex 0.30360317934095887 -0.23296291314453424 0.92387953251128674
    vertex 0.20533495396307261 -0.1575590517512831 0.96592582628906831
  endloop
endfacet
facet normal 0.33310380834493653 -0.29212419965175962 0.89649612650803945
  outer loop
    vertex 0.27059805007309845 -0.27059805007309856 0.92387953251128674
    vertex 0.35355339059327362 -0.35355339059327379 0.86602540378443871
    vertex 0.39667667014561742 -0.30438071450436038 0.86602540378443871
  endloop
endfacet
facet normal 0.33310380834493653 -0.29212419965175956 0.89649612650803945
  outer loop
    vertex 0.27059805007309845 -0.27059805007309856 0.92387953251128674
    vertex 0.39667667014561742 -0.30438071450436038 0.86602540378443871
    vertex 0.30360317934095887 -0.23296291314453424 0.92387953251128674
  endloop
endfacet
facet normal 0.4183188141971228 -0.36685575407791765 0.83091890421907921
  outer loop
    vertex 0.35355339059327362 -0.35355339059327379 0.86602540378443871
    vertex 0.43045933457687929 -0.43045933457687952 0.79335334029123517
    vertex 0.48296291314453405 -0.3705904774487398 0.79335334029123517
  endloop
endfacet
facet normal 0.41831881419712291 -0.36685575407791715 0.83091890421907943
  outer loop
    vertex 0.35355339059327362 -0.35355339059327379 0.86602540378443871
    vertex 0.48296291314453405 -0.3705904774487398 0.79335334029123517
    vertex 0.39667667014561742 -0.30438071450436038 0.86602540378443871
  endloop
endfacet
facet normal 0.49632283626012885 -0.43526344544594081 0.75113871905609397
  outer loop
    vertex 0.43045933457687929 -0.43045933457687952 0.79335334029123517
    vertex 0.49999999999999983 -0.50000000000000011 0.70710678118654757
    vertex 0.56098552679693081 -0.43045933457687952 0.70710678118654757
  endloop
endfacet
facet normal 0.49632283626012863 -0.43526344544594153 0.75113871905609364
  outer loop
    vertex 0.43045933457687929 -0.43045933457687952 0.79335334029123517
    vertex 0.56098552679693081 -0.43045933457687952 0.70710678118654757
    vertex 0.48296291314453405 -0.3705904774487398 0.79335334029123517
  endloop
endfacet
facet normal 0.56578941678929184 -0.49618400153460862 0.65854671244364771
  outer loop
    vertex 0.49999999999999983 -0.50000000000000011 0.70710678118654757
    vertex 0.56098552679693081 -0.56098552679693114 0.60876142900872066
    vertex 0.62940952255126026 -0.48296291314453432 0.60876142900872066
  endloop
endfacet
facet normal 0.56578941678929207 -0.49618400153460784 0.65854671244364826
  outer loop
    vertex 0.49999999999999983 -0.50000000000000011 0.70710678118654757
    vertex 0.62940952255126026 -0.48296291314453432 0.60876142900872066
    vertex 0.56098552679693081 -0.43045933457687952 0.70710678118654757
  endloop
endfacet
facet normal 0.62554504545003997 -0.54858828140141969 0.55474705372984556
  outer loop
    vertex 0.56098552679693081 -0.56098552679693114 0.60876142900872066
    vertex 0.61237243569579436 -0.61237243569579458 0.50000000000000011
    vertex 0.68706414686944983 -0.52720286236566938 0.50000000000000011
  endloop
endfacet
facet normal 0.62554504545003986 -0.54858828140142013 0.55474705372984523
  outer loop
    vertex 0.56098552679693081 -0.56098552679693114 0.60876142900872066
    vertex 0.68706414686944983 -0.52720286236566938 0.50000000000000011
    vertex 0.62940952255126026 -0.48296291314453432 0.60876142900872066
  endloop
endfacet
facet normal 0.6745869271501358 -0.59159685735327838 0.44152648401637501
  outer loop
    vertex 0.61237243569579436 -0.61237243569579458 0.50000000000000011
    vertex 0.65328148243818807 -0.6532814824381884 0.38268343236508984
    vertex 0.73296291314453388 -0.56242222444347989 0.38268343236508984
  endloop
endfacet
facet normal 0.67458692715013557 -0.59159685735327872 0.44152648401637479
  outer loop
    vertex 0.61237243569579436 -0.61237243569579458 0.50000000000000011
    vertex 0.73296291314453388 -0.56242222444347989 0.38268343236508984
    vertex 0.68706414686944983 -0.52720286236566938 0.50000000000000011
  endloop
endfacet
facet normal 0.7120971473983766 -0.62449243763265994 0.32082214388460306
  outer loop
    vertex 0.65328148243818807 -0.6532814824381884 0.38268343236508984
    vertex 0.68301270189221919 -0.68301270189221952 0.25881904510252074
    vertex 0.76632048076000348 -0.58801838632816272 0.25881904510252074
  endloop
endfacet
facet normal 0.71209714739837671 -0.62449243763266005 0.32082214388460306
  outer loop
    vertex 0.65328148243818807 -0.6532814824381884 0.38268343236508984
    vertex 0.76632048076000348 -0.58801838632816272 0.25881904510252074
    vertex 0.73296291314453388 -0.56242222444347989 0.38268343236508984
  endloop
endfacet
facet normal 0.73745344950069058 -0.64672931776492315 0.19468846746237839
  outer loop
    vertex 0.68301270189221919 -0.68301270189221952 0.25881904510252074
    vertex 0.70105738464997769 -0.70105738464997802 0.13052619222005171
    vertex 0.78656609248549281 -0.60355339059327395 0.13052619222005171
  endloop
endfacet
facet normal 0.73745344950069058 -0.64672931776492293 0.19468846746237853
  outer loop
    vertex 0.68301270189221919 -0.68301270189221952 0.25881904510252074
    vertex 0.78656609248549281 -0.60355339059327395 0.13052619222005171
    vertex 0.76632048076000348 -0.58801838632816272 0.25881904510252074
  endloop
endfacet
facet normal 0.75023692453757485 -0.65794012448752637 0.06526369319720865
  outer loop
    vertex 0.70105738464997769 -0.70105738464997802 0.13052619222005171
    vertex 0.70710678118654735 -0.70710678118654768 6.123233995736766e-17
    vertex 0.79335334029123494 -0.60876142900872088 6.123233995736766e-17
  endloop
endfacet
facet normal 0.75023692453757496 -0.65794012448752626 0.065263693197208747
  outer loop
    vertex 0.70105738464997769 -0.70105738464997802 0.13052619222005171
    vertex 0.79335334029123494 -0.60876142900872088 6.123233995736766e-17
    vertex 0.78656609248549281 -0.60355339059327395 0.13052619222005171
  endloop
endfacet
facet normal 0.75023692453757485 -0.65794012448752637 -0.06526369319720865
  outer loop
    vertex 0.70710678118654735 -0.70710678118654768 6.123233995736766e-17
    vertex 0.70105738464997769 -0.70105738464997802 -0.1305261922200516
    vertex 0.78656609248549281 -0.60355339059327395 -0.1305261922200516
  endloop
endfacet
facet normal 0.75023692453757485 -0.65794012448752637 -0.065263693197208789
  outer loop
    vertex 0.70710678118654735 -0.70710678118654768 6.123233995736766e-17
    vertex 0.78656609248549281 -0.60355339059327395 -0.1305261922200516
    vertex 0.79335334029123494 -0.60876142900872088 6.123233995736766e-17
  endloop
endfacet
facet normal 0.73745344950069058 -0.64672931776492293 -0.19468846746237836
  outer loop
    vertex 0.70105738464997769 -0.70105738464997802 -0.1305261922200516
    vertex 0.68301270189221919 -0.68301270189221952 -0.25881904510252063
    vertex 0.76632048076000348 -0.58801838632816272 -0.25881904510252063
  endloop
endfacet
facet normal 0.73745344950069058 -0.64672931776492326 -0.19468846746237856
  outer loop
    vertex 0.70105738464997769 -0.70105738464997802 -0.1305261922200516
    vertex 0.76632048076000348 -0.58801838632816272 -0.25881904510252063
    vertex 0.78656609248549281 -0.60355339059327395 -0.1305261922200516
  endloop
endfacet
facet normal 0.71209714739837682 -0.62449243763266016 -0.32082214388460256
  outer loop
    vertex 0.68301270189221919 -0.68301270189221952 -0.25881904510252063
    vertex 0.65328148243818818 -0.65328148243818851 -0.3826834323650895
    vertex 0.73296291314453399 -0.56242222444348 -0.3826834323650895
  endloop
endfacet
facet normal 0.71209714739837682 -0.62449243763266005 -0.32082214388460245
  outer loop
    vertex 0.68301270189221919 -0.68301270189221952 -0.25881904510252063
    vertex 0.73296291314453399 -0.56242222444348 -0.3826834323650895
    vertex 0.76632048076000348 -0.58801838632816272 -0.25881904510252063
  endloop
endfacet
facet normal 0.67458692715013591 -0.59159685735327827 -0.4415264840163749
  outer loop
    vertex 0.65328148243818818 -0.65328148243818851 -0.3826834323650895
    vertex 0.61237243569579447 -0.61237243569579469 -0.49999999999999983
    vertex 0.68706414686944994 -0.52720286236566938 -0.49999999999999983
  endloop
endfacet
facet normal 0.67458692715013568 -0.59159685735327849 -0.44152648401637506
  outer loop
    vertex 0.65328148243818818 -0.65328148243818851 -0.3826834323650895
    vertex 0.68706414686944994 -0.52720286236566938 -0.49999999999999983
    vertex 0.73296291314453399 -0.56242222444348 -0.3826834323650895
  endloop
endfacet
facet normal 0.62554504545003975 -0.54858828140142002 -0.55474705372984545
  outer loop
    vertex 0.61237243569579447 -0.61237243569579469 -0.49999999999999983
    vertex 0.56098552679693081 -0.56098552679693114 -0.60876142900872066
    vertex 0.62940952255126026 -0.48296291314453432 -0.60876142900872066
  endloop
endfacet
facet normal 0.62554504545004075 -0.54858828140141958 -0.55474705372984467
  outer loop
    vertex 0.61237243569579447 -0.61237243569579469 -0.49999999999999983
    vertex 0.62940952255126026 -0.48296291314453432 -0.60876142900872066
    vertex 0.68706414686944994 -0.52720286236566938 -0.49999999999999983
  endloop
endfacet
facet normal 0.56578941678929151 -0.49618400153460868 -0.65854671244364804
  outer loop
    vertex 0.56098552679693081 -0.56098552679693114 -0.60876142900872066
    vertex 0.49999999999999989 -0.50000000000000011 -0.70710678118654746
    vertex 0.56098552679693092 -0.43045933457687963 -0.70710678118654746
  endloop
endfacet
facet normal 0.56578941678929184 -0.49618400153460851 -0.65854671244364793
  outer loop
    vertex 0.56098552679693081 -0.56098552679693114 -0.60876142900872066
    vertex 0.56098552679693092 -0.43045933457687963 -0.70710678118654746
    vertex 0.62940952255126026 -0.48296291314453432 -0.60876142900872066
  endloop
endfacet
facet normal 0.49632283626012924 -0.43526344544594159 -0.75113871905609331
  outer loop
    vertex 0.49999999999999989 -0.50000000000000011 -0.70710678118654746
    vertex 0.43045933457687946 -0.43045933457687968 -0.79335334029123505
    vertex 0.48296291314453421 -0.37059047744873991 -0.79335334029123505
  endloop
endfacet
facet normal 0.49632283626012874 -0.43526344544594181 -0.75113871905609353
  outer loop
    vertex 0.49999999999999989 -0.50000000000000011 -0.70710678118654746
    vertex 0.48296291314453421 -0.37059047744873991 -0.79335334029123505
    vertex 0.56098552679693092 -0.43045933457687963 -0.70710678118654746
  endloop
endfacet
facet normal 0.41831881419712291 -0.3668557540779171 -0.83091890421907955
  outer loop
    vertex 0.43045933457687946 -0.43045933457687968 -0.79335334029123505
    vertex 0.35355339059327362 -0.35355339059327379 -0.86602540378443871
    vertex 0.39667667014561742 -0.30438071450436038 -0.86602540378443871
  endloop
endfacet
facet normal 0.41831881419712275 -0.36685575407791721 -0.83091890421907943
  outer loop
    vertex 0.43045933457687946 -0.43045933457687968 -0.79335334029123505
    vertex 0.39667667014561742 -0.30438071450436038 -0.86602540378443871
    vertex 0.48296291314453421 -0.37059047744873991 -0.79335334029123505
  endloop
endfacet
facet normal 0.3331038083449368 -0.29212419965175979 -0.89649612650803945
  outer loop
    vertex 0.35355339059327362 -0.35355339059327379 -0.86602540378443871
    vertex 0.27059805007309851 -0.27059805007309862 -0.92387953251128674
    vertex 0.30360317934095893 -0.23296291314453429 -0.92387953251128674
  endloop
endfacet
facet normal 0.33310380834493664 -0.29212419965175979 -0.89649612650803923
  outer loop
    vertex 0.35355339059327362 -0.35355339059327379 -0.86602540378443871
    vertex 0.30360317934095893 -0.23296291314453429 -0.92387953251128674
    vertex 0.39667667014561742 -0.30438071450436038 -0.86602540378443871
  endloop
endfacet
facet normal 0.24213579947297506 -0.21234739698573282 -0.94672004183230796
  outer loop
    vertex 0.27059805007309851 -0.27059805007309862 -0.92387953251128674
    vertex 0.18301270189221946 -0.18301270189221955 -0.9659258262890682
    vertex 0.20533495396307283 -0.15755905175128326 -0.9659258262890682
  endloop
endfacet
facet normal 0.24213579947297478 -0.21234739698573285 -0.94672004183230796
  outer loop
    vertex 0.27059805007309851 -0.27059805007309862 -0.92387953251128674
    vertex 0.20533495396307283 -0.15755905175128326 -0.9659258262890682
    vertex 0.30360317934095893 -0.23296291314453429 -0.92387953251128674
  endloop
endfacet
facet normal 0.14697937457740615 -0.12889745204978112 -0.98070510873753935
  outer loop
    vertex 0.18301270189221946 -0.18301270189221955 -0.9659258262890682
    vertex 0.092295955641257518 -0.09229595564125756 -0.99144486137381038
    vertex 0.10355339059327405 -0.079459311298945831 -0.99144486137381038
  endloop
endfacet
facet normal 0.14697937457740615 -0.12889745204978101 -0.98070510873753924
  outer loop
    vertex 0.18301270189221946 -0.18301270189221955 -0.9659258262890682
    vertex 0.10355339059327405 -0.079459311298945831 -0.99144486137381038
    vertex 0.20533495396307283 -0.15755905175128326 -0.9659258262890682
  endloop
endfacet
facet normal 0.049277731697751383 -0.043215410848600061 -0.99784975493503592
  outer loop
    vertex 0 0 -1
    vertex 0.10355339059327405 -0.079459311298945831 -0.99144486137381038
    vertex 0.092295955641257518 -0.09229595564125756 -0.99144486137381038
  endloop
endfacet
facet normal 0.054496896895185998 -0.036413662338253931 0.99784975493503592
  outer loop
    vertex 0 0 1
    vertex 0.10355339059327372 -0.079459311298945581 0.99144486137381038
    vertex 0.11303899832181538 -0.065263096110025842 0.99144486137381038
  endloop
endfacet
facet normal 0.16254643925562948 -0.10861005838045867 0.98070510873753969
  outer loop
    vertex 0.10355339059327372 -0.079459311298945581 0.99144486137381038
    vertex 0.20533495396307261 -0.1575590517512831 0.96592582628906831
    vertex 0.22414386804201328 -0.12940952255126048 0.96592582628906831
  endloop
endfacet
facet normal 0.16254643925562945 -0.10861005838045866 0.98070510873753969
  outer loop
    vertex 0.10355339059327372 -0.079459311298945581 0.99144486137381038
    vertex 0.22414386804201328 -0.12940952255126048 0.96592582628906831
    vertex 0.11303899832181538 -0.065263096110025842 0.99144486137381038
  endloop
endfacet
facet normal 0.2677811912985078 -0.1789256716622443 0.94672004183230785
  outer loop
    vertex 0.20533495396307261 -0.1575590517512831 0.96592582628906831
    vertex 0.30360317934095887 -0.23296291314453424 0.92387953251128674
    vertex 0.33141357403559168 -0.19134171618254506 0.92387953251128674
  endloop
endfacet
facet normal 0.2677811912985078 -0.17892567166224441 0.94672004183230773
  outer loop
    vertex 0.20533495396307261 -0.1575590517512831 0.96592582628906831
    vertex 0.33141357403559168 -0.19134171618254506 0.92387953251128674
    vertex 0.22414386804201328 -0.12940952255126048 0.96592582628906831
  endloop
endfacet
facet normal 0.36838391852350805 -0.24614626491041197 0.89649612650803956
  outer loop
    vertex 0.30360317934095887 -0.23296291314453424 0.92387953251128674
    vertex 0.39667667014561742 -0.30438071450436038 0.86602540378443871
    vertex 0.43301270189221913 -0.25000000000000017 0.86602540378443871
  endloop
endfacet
facet normal 0.36838391852350816 -0.24614626491041183 0.89649612650803956
  outer loop
    vertex 0.30360317934095887 -0.23296291314453424 0.92387953251128674
    vertex 0.43301270189221913 -0.25000000000000017 0.86602540378443871
    vertex 0.33141357403559168 -0.19134171618254506 0.92387953251128674
  endloop
endfacet
facet normal 0.46262432342552939 -0.30911569029480773 0.83091890421907943
  outer loop
    vertex 0.39667667014561742 -0.30438071450436038 0.86602540378443871
    vertex 0.48296291314453405 -0.3705904774487398 0.79335334029123517
    vertex 0.52720286236566904 -0.30438071450436061 0.79335334029123517
  endloop
endfacet
facet normal 0.46262432342552939 -0.30911569029480784 0.83091890421907943
  outer loop
    vertex 0.39667667014561742 -0.30438071450436038 0.86602540378443871
    vertex 0.52720286236566904 -0.30438071450436061 0.79335334029123517
    vertex 0.43301270189221913 -0.25000000000000017 0.86602540378443871
  endloop
endfacet
facet normal 0.54889000573921864 -0.36675657640234766 0.75113871905609375
  outer loop
    vertex 0.48296291314453405 -0.3705904774487398 0.79335334029123517
    vertex 0.56098552679693081 -0.43045933457687952 0.70710678118654757
    vertex 0.61237243569579425 -0.35355339059327406 0.70710678118654757
  endloop
endfacet
facet normal 0.54889000573921864 -0.36675657640234766 0.75113871905609375
  outer loop
    vertex 0.48296291314453405 -0.3705904774487398 0.79335334029123517
    vertex 0.61237243569579425 -0.35355339059327406 0.70710678118654757
    vertex 0.52720286236566904 -0.30438071450436061 0.79335334029123517
  endloop
endfacet
facet normal 0.62571401825624939 -0.41808874044547184 0.65854671244364815
  outer loop
    vertex 0.56098552679693081 -0.43045933457687952 0.70710678118654757
    vertex 0.62940952255126026 -0.48296291314453432 0.60876142900872066
    vertex 0.68706414686944983 -0.39667667014561792 0.60876142900872066
  endloop
endfacet
facet normal 0.62571401825624928 -0.41808874044547234 0.65854671244364793
  outer loop
    vertex 0.56098552679693081 -0.43045933457687952 0.70710678118654757
    vertex 0.68706414686944983 -0.39667667014561792 0.60876142900872066
    vertex 0.61237243569579425 -0.35355339059327406 0.70710678118654757
  endloop
endfacet
facet normal 0.69179856033715847 -0.46224501976061472 0.55474705372984523
  outer loop
    vertex 0.62940952255126026 -0.48296291314453432 0.60876142900872066
    vertex 0.68706414686944983 -0.52720286236566938 0.50000000000000011
    vertex 0.74999999999999967 -0.43301270189221969 0.50000000000000011
  endloop
endfacet
facet normal 0.69179856033715859 -0.46224501976061427 0.55474705372984556
  outer loop
    vertex 0.62940952255126026 -0.48296291314453432 0.60876142900872066
    vertex 0.74999999999999967 -0.43301270189221969 0.50000000000000011
    vertex 0.68706414686944983 -0.39667667014561792 0.60876142900872066
  endloop
endfacet
facet normal 0.74603462759262318 -0.49848440130547117 0.44152648401637473
  outer loop
    vertex 0.68706414686944983 -0.52720286236566938 0.50000000000000011
    vertex 0.73296291314453388 -0.56242222444347989 0.38268343236508984
    vertex 0.80010314519126524 -0.46193976625564376 0.38268343236508984
  endloop
endfacet
facet normal 0.74603462759262329 -0.49848440130547067 0.44152648401637523
  outer loop
    vertex 0.68706414686944983 -0.52720286236566938 0.50000000000000011
    vertex 0.80010314519126524 -0.46193976625564376 0.38268343236508984
    vertex 0.74999999999999967 -0.43301270189221969 0.50000000000000011
  endloop
endfacet
facet normal 0.78751767754147828 -0.52620248911703515 0.32082214388460306
  outer loop
    vertex 0.73296291314453388 -0.56242222444347989 0.38268343236508984
    vertex 0.76632048076000348 -0.58801838632816272 0.25881904510252074
    vertex 0.83651630373780761 -0.4829629131445346 0.25881904510252074
  endloop
endfacet
facet normal 0.78751767754147817 -0.52620248911703538 0.32082214388460267
  outer loop
    vertex 0.73296291314453388 -0.56242222444347989 0.38268343236508984
    vertex 0.83651630373780761 -0.4829629131445346 0.25881904510252074
    vertex 0.80010314519126524 -0.46193976625564376 0.38268343236508984
  endloop
endfacet
facet normal 0.81555954825477728 -0.54493946809495653 0.19468846746237858
  outer loop
    vertex 0.76632048076000348 -0.58801838632816272 0.25881904510252074
    vertex 0.78656609248549281 -0.60355339059327395 0.13052619222005171
    vertex 0.85861643640126062 -0.49572243068690564 0.13052619222005171
  endloop
endfacet
facet normal 0.81555954825477728 -0.5449394680949563 0.19468846746237869
  outer loop
    vertex 0.76632048076000348 -0.58801838632816272 0.25881904510252074
    vertex 0.85861643640126062 -0.49572243068690564 0.13052619222005171
    vertex 0.83651630373780761 -0.4829629131445346 0.25881904510252074
  endloop
endfacet
facet normal 0.82969696280381322 -0.55438578649203174 0.065263693197208802
  outer loop
    vertex 0.78656609248549281 -0.60355339059327395 0.13052619222005171
    vertex 0.79335334029123494 -0.60876142900872088 6.123233995736766e-17
    vertex 0.86602540378443837 -0.50000000000000044 6.123233995736766e-17
  endloop
endfacet
facet normal 0.829696962803813 -0.55438578649203174 0.065263693197208761
  outer loop
    vertex 0.78656609248549281 -0.60355339059327395 0.13052619222005171
    vertex 0.86602540378443837 -0.50000000000000044 6.123233995736766e-17
    vertex 0.85861643640126062 -0.49572243068690564 0.13052619222005171
  endloop
endfacet
facet normal 0.829696962803813 -0.55438578649203174 -0.065263693197208789
  outer loop
    vertex 0.79335334029123494 -0.60876142900872088 6.123233995736766e-17
    vertex 0.78656609248549281 -0.60355339059327395 -0.1305261922200516
    vertex 0.85861643640126062 -0.49572243068690564 -0.1305261922200516
  endloop
endfacet
facet normal 0.82969696280381322 -0.55438578649203174 -0.065263693197208705
  outer loop
    vertex 0.79335334029123494 -0.60876142900872088 6.123233995736766e-17
    vertex 0.85861643640126062 -0.49572243068690564 -0.1305261922200516
    vertex 0.86602540378443837 -0.50000000000000044 6.123233995736766e-17
  endloop
endfacet
facet normal 0.81555954825477739 -0.54493946809495641 -0.19468846746237858
  outer loop
    vertex 0.78656609248549281 -0.60355339059327395 -0.1305261922200516
    vertex 0.76632048076000348 -0.58801838632816272 -0.25881904510252063
    vertex 0.83651630373780761 -0.4829629131445346 -0.25881904510252063
  endloop
endfacet
facet normal 0.81555954825477706 -0.54493946809495641 -0.19468846746237881
  outer loop
    vertex 0.78656609248549281 -0.60355339059327395 -0.1305261922200516
    vertex 0.83651630373780761 -0.4829629131445346 -0.25881904510252063
    vertex 0.85861643640126062 -0.49572243068690564 -0.1305261922200516
  endloop
endfacet
facet normal 0.78751767754147828 -0.52620248911703527 -0.3208221438846024
  outer loop
    vertex 0.76632048076000348 -0.58801838632816272 -0.25881904510252063
    vertex 0.73296291314453399 -0.56242222444348 -0.3826834323650895
    vertex 0.80010314519126535 -0.46193976625564381 -0.3826834323650895
  endloop
endfacet
facet normal 0.78751767754147839 -0.52620248911703515 -0.32082214388460234
  outer loop
    vertex 0.76632048076000348 -0.58801838632816272 -0.25881904510252063
    vertex 0.80010314519126535 -0.46193976625564381 -0.3826834323650895
    vertex 0.83651630373780761 -0.4829629131445346 -0.25881904510252063
  endloop
endfacet
facet normal 0.74603462759262318 -0.49848440130547095 -0.44152648401637506
  outer loop
    vertex 0.73296291314453399 -0.56242222444348 -0.3826834323650895
    vertex 0.68706414686944994 -0.52720286236566938 -0.49999999999999983
    vertex 0.74999999999999978 -0.43301270189221974 -0.49999999999999983
  endloop
endfacet
facet normal 0.74603462759262329 -0.49848440130547095 -0.44152648401637501
  outer loop
    vertex 0.73296291314453399 -0.56242222444348 -0.3826834323650895
    vertex 0.74999999999999978 -0.43301270189221974 -0.49999999999999983
    vertex 0.80010314519126535 -0.46193976625564381 -0.3826834323650895
  endloop
endfacet
facet normal 0.69179856033715903 -0.4622450197606145 -0.55474705372984467
  outer loop
    vertex 0.68706414686944994 -0.52720286236566938 -0.49999999999999983
    vertex 0.62940952255126026 -0.48296291314453432 -0.60876142900872066
    vertex 0.68706414686944983 -0.39667667014561792 -0.60876142900872066
  endloop
endfacet
facet normal 0.69179856033715836 -0.46224501976061494 -0.55474705372984512
  outer loop
    vertex 0.68706414686944994 -0.52720286236566938 -0.49999999999999983
    vertex 0.68706414686944983 -0.39667667014561792 -0.60876142900872066
    vertex 0.74999999999999978 -0.43301270189221974 -0.49999999999999983
  endloop
endfacet
facet normal 0.62571401825624928 -0.41808874044547212 -0.65854671244364782
  outer loop
    vertex 0.62940952255126026 -0.48296291314453432 -0.60876142900872066
    vertex 0.56098552679693092 -0.43045933457687963 -0.70710678118654746
    vertex 0.61237243569579436 -0.35355339059327412 -0.70710678118654746
  endloop
endfacet
facet normal 0.62571401825624962 -0.4180887404454719 -0.65854671244364771
  outer loop
    vertex 0.62940952255126026 -0.48296291314453432 -0.60876142900872066
    vertex 0.61237243569579436 -0.35355339059327412 -0.70710678118654746
    vertex 0.68706414686944983 -0.39667667014561792 -0.60876142900872066
  endloop
endfacet
facet normal 0.54889000573921864 -0.36675657640234804 -0.75113871905609364
  outer loop
    vertex 0.56098552679693092 -0.43045933457687963 -0.70710678118654746
    vertex 0.48296291314453421 -0.37059047744873991 -0.79335334029123505
    vertex 0.52720286236566927 -0.30438071450436072 -0.79335334029123505
  endloop
endfacet
facet normal 0.5488900057392192 -0.36675657640234777 -0.75113871905609342
  outer loop
    vertex 0.56098552679693092 -0.43045933457687963 -0.70710678118654746
    vertex 0.52720286236566927 -0.30438071450436072 -0.79335334029123505
    vertex 0.61237243569579436 -0.35355339059327412 -0.70710678118654746
  endloop
endfacet
facet normal 0.46262432342552928 -0.30911569029480773 -0.83091890421907943
  outer loop
    vertex 0.48296291314453421 -0.37059047744873991 -0.79335334029123505
    vertex 0.39667667014561742 -0.30438071450436038 -0.86602540378443871
    vertex 0.43301270189221913 -0.25000000000000017 -0.86602540378443871
  endloop
endfacet
facet normal 0.462624323425529 -0.30911569029480784 -0.83091890421907955
  outer loop
    vertex 0.48296291314453421 -0.37059047744873991 -0.79335334029123505
    vertex 0.43301270189221913 -0.25000000000000017 -0.86602540378443871
    vertex 0.52720286236566927 -0.30438071450436072 -0.79335334029123505
  endloop
endfacet
facet normal 0.36838391852350805 -0.24614626491041236 -0.89649612650803945
  outer loop
    vertex 0.39667667014561742 -0.30438071450436038 -0.86602540378443871
    vertex 0.30360317934095893 -0.23296291314453429 -0.92387953251128674
    vertex 0.3314135740355918 -0.19134171618254511 -0.92387953251128674
  endloop
endfacet
facet normal 0.36838391852350838 -0.24614626491041211 -0.89649612650803934
  outer loop
    vertex 0.39667667014561742 -0.30438071450436038 -0.86602540378443871
    vertex 0.3314135740355918 -0.19134171618254511 -0.92387953251128674
    vertex 0.43301270189221913 -0.25000000000000017 -0.86602540378443871
  endloop
endfacet
facet normal 0.26778119129850736 -0.17892567166224421 -0.94672004183230796
  outer loop
    vertex 0.30360317934095893 -0.23296291314453429 -0.92387953251128674
    vertex 0.20533495396307283 -0.15755905175128326 -0.9659258262890682
    vertex 0.22414386804201353 -0.12940952255126062 -0.9659258262890682
  endloop
endfacet
facet normal 0.26778119129850741 -0.17892567166224438 -0.94672004183230796
  outer loop
    vertex 0.30360317934095893 -0.23296291314453429 -0.92387953251128674
    vertex 0.22414386804201353 -0.12940952255126062 -0.9659258262890682
    vertex 0.3314135740355918 -0.19134171618254511 -0.92387953251128674
  endloop
endfacet
facet normal 0.16254643925563023 -0.10861005838045913 -0.98070510873753947
  outer loop
    vertex 0.20533495396307283 -0.15755905175128326 -0.9659258262890682
    vertex 0.10355339059327405 -0.079459311298945831 -0.99144486137381038
    vertex 0.11303899832181574 -0.06526309611002605 -0.99144486137381038
  endloop
endfacet
facet normal 0.16254643925563023 -0.10861005838045926 -0.98070510873753924
  outer loop
    vertex 0.20533495396307283 -0.15755905175128326 -0.9659258262890682
    vertex 0.11303899832181574 -0.06526309611002605 -0.99144486137381038
    vertex 0.22414386804201353 -0.12940952255126062 -0.9659258262890682
  endloop
endfacet
facet normal 0.054496896895185852 -0.036413662338253799 -0.99784975493503592
  outer loop
    vertex 0 0 -1
    vertex 0.11303899832181574 -0.06526309611002605 -0.99144486137381038
    vertex 0.10355339059327405 -0.079459311298945831 -0.99144486137381038
  endloop
endfacet
facet normal 0.058783605077349491 -0.028988865969525456 0.99784975493503592
  outer loop
    vertex 0 0 1
    vertex 0.11303899832181538 -0.065263096110025842 0.99144486137381038
    vertex 0.12059047744873962 -0.049950211252314788 0.99144486137381038
  endloop
endfacet
facet normal 0.17533228929180283 -0.086464316499849939 0.98070510873753958
  outer loop
    vertex 0.11303899832181538 -0.065263096110025842 0.99144486137381038
    vertex 0.22414386804201328 -0.12940952255126048 0.96592582628906831
    vertex 0.23911761839433451 -0.099045760541287553 0.96592582628906831
  endloop
endfacet
facet normal 0.17533228929180281 -0.086464316499850077 0.98070510873753958
  outer loop
    vertex 0.11303899832181538 -0.065263096110025842 0.99144486137381038
    vertex 0.23911761839433451 -0.099045760541287553 0.96592582628906831
    vertex 0.12059047744873962 -0.049950211252314788 0.99144486137381038
  endloop
endfacet
facet normal 0.28884477269795089 -0.14244247848904631 0.94672004183230785
  outer loop
    vertex 0.22414386804201328 -0.12940952255126048 0.96592582628906831
    vertex 0.33141357403559168 -0.19134171618254506 0.92387953251128674
    vertex 0.35355339059327379 -0.14644660940672616 0.92387953251128674
  endloop
endfacet
facet normal 0.28884477269795084 -0.14244247848904626 0.94672004183230773
  outer loop
    vertex 0.22414386804201328 -0.12940952255126048 0.96592582628906831
    vertex 0.35355339059327379 -0.14644660940672616 0.92387953251128674
    vertex 0.23911761839433451 -0.099045760541287553 0.96592582628906831
  endloop
endfacet
facet normal 0.39736087772082462 -0.19595669933180929 0.89649612650803945
  outer loop
    vertex 0.33141357403559168 -0.19134171618254506 0.92387953251128674
    vertex 0.43301270189221913 -0.25000000000000017 0.86602540378443871
    vertex 0.46193976625564337 -0.19134171618254475 0.86602540378443871
  endloop
endfacet
facet normal 0.39736087772082473 -0.19595669933180906 0.89649612650803956
  outer loop
    vertex 0.33141357403559168 -0.19134171618254506 0.92387953251128674
    vertex 0.46193976625564337 -0.19134171618254475 0.86602540378443871
    vertex 0.35355339059327379 -0.14644660940672616 0.92387953251128674
  endloop
endfacet
facet normal 0.499014202216431 -0.24608657134769321 0.83091890421907932
  outer loop
    vertex 0.43301270189221913 -0.25000000000000017 0.86602540378443871
    vertex 0.52720286236566904 -0.30438071450436061 0.79335334029123517
    vertex 0.56242222444347978 -0.23296291314453402 0.79335334029123517
  endloop
endfacet
facet normal 0.49901420221643095 -0.24608657134769346 0.83091890421907932
  outer loop
    vertex 0.43301270189221913 -0.25000000000000017 0.86602540378443871
    vertex 0.56242222444347978 -0.23296291314453402 0.79335334029123517
    vertex 0.46193976625564337 -0.19134171618254475 0.86602540378443871
  endloop
endfacet
facet normal 0.59206551503905047 -0.29197440065237651 0.75113871905609364
  outer loop
    vertex 0.52720286236566904 -0.30438071450436061 0.79335334029123517
    vertex 0.61237243569579425 -0.35355339059327406 0.70710678118654757
    vertex 0.65328148243818829 -0.27059805007309834 0.70710678118654757
  endloop
endfacet
facet normal 0.59206551503905047 -0.29197440065237612 0.75113871905609397
  outer loop
    vertex 0.52720286236566904 -0.30438071450436061 0.79335334029123517
    vertex 0.65328148243818829 -0.27059805007309834 0.70710678118654757
    vertex 0.56242222444347978 -0.23296291314453402 0.79335334029123517
  endloop
endfacet
facet normal 0.67493247939014178 -0.33283986509121644 0.65854671244364793
  outer loop
    vertex 0.61237243569579425 -0.35355339059327406 0.70710678118654757
    vertex 0.68706414686944983 -0.39667667014561792 0.60876142900872066
    vertex 0.73296291314453421 -0.30360317934095876 0.60876142900872066
  endloop
endfacet
facet normal 0.67493247939014178 -0.33283986509121649 0.65854671244364782
  outer loop
    vertex 0.61237243569579425 -0.35355339059327406 0.70710678118654757
    vertex 0.73296291314453421 -0.30360317934095876 0.60876142900872066
    vertex 0.65328148243818829 -0.27059805007309834 0.70710678118654757
  endloop
endfacet
facet normal 0.74621521005411096 -0.36799261767317426 0.55474705372984545
  outer loop
    vertex 0.68706414686944983 -0.39667667014561792 0.60876142900872066
    vertex 0.74999999999999967 -0.43301270189221969 0.50000000000000011
    vertex 0.80010314519126557 -0.33141357403559157 0.50000000000000011
  endloop
endfacet
facet normal 0.74621521005411096 -0.3679926176731742 0.55474705372984556
  outer loop
    vertex 0.68706414686944983 -0.39667667014561792 0.60876142900872066
    vertex 0.80010314519126557 -0.33141357403559157 0.50000000000000011
    vertex 0.73296291314453421 -0.30360317934095876 0.60876142900872066
  endloop
endfacet
facet normal 0.80471746871712568 -0.39684273894534017 0.44152648401637523
  outer loop
    vertex 0.74999999999999967 -0.43301270189221969 0.50000000000000011
    vertex 0.80010314519126524 -0.46193976625564376 0.38268343236508984
    vertex 0.85355339059327384 -0.35355339059327356 0.38268343236508984
  endloop
endfacet
facet normal 0.80471746871712568 -0.39684273894534039 0.44152648401637506
  outer loop
    vertex 0.74999999999999967 -0.43301270189221969 0.50000000000000011
    vertex 0.85355339059327384 -0.35355339059327356 0.38268343236508984
    vertex 0.80010314519126557 -0.33141357403559157 0.50000000000000011
  endloop
endfacet
facet normal 0.84946356188069572 -0.41890907012172579 0.32082214388460267
  outer loop
    vertex 0.80010314519126524 -0.46193976625564376 0.38268343236508984
    vertex 0.83651630373780761 -0.4829629131445346 0.25881904510252074
    vertex 0.89239910083252294 -0.36964381061438595 0.25881904510252074
  endloop
endfacet
facet normal 0.84946356188069561 -0.41890907012172535 0.32082214388460301
  outer loop
    vertex 0.80010314519126524 -0.46193976625564376 0.38268343236508984
    vertex 0.89239910083252294 -0.36964381061438595 0.25881904510252074
    vertex 0.85355339059327384 -0.35355339059327356 0.38268343236508984
  endloop
endfacet
facet normal 0.87971119702239997 -0.43382555304012033 0.19468846746237878
  outer loop
    vertex 0.83651630373780761 -0.4829629131445346 0.25881904510252074
    vertex 0.85861643640126062 -0.49572243068690564 0.13052619222005171
    vertex 0.91597561503675351 -0.37940952255126015 0.13052619222005171
  endloop
endfacet
facet normal 0.87971119702239975 -0.43382555304012099 0.19468846746237828
  outer loop
    vertex 0.83651630373780761 -0.4829629131445346 0.25881904510252074
    vertex 0.91597561503675351 -0.37940952255126015 0.13052619222005171
    vertex 0.89239910083252294 -0.36964381061438595 0.25881904510252074
  endloop
endfacet
facet normal 0.89496065600102159 -0.44134575398487952 0.065263693197208761
  outer loop
    vertex 0.85861643640126062 -0.49572243068690564 0.13052619222005171
    vertex 0.86602540378443837 -0.50000000000000044 6.123233995736766e-17
    vertex 0.92387953251128685 -0.38268343236508956 6.123233995736766e-17
  endloop
endfacet
facet normal 0.89496065600102148 -0.44134575398487963 0.065263693197208622
  outer loop
    vertex 0.85861643640126062 -0.49572243068690564 0.13052619222005171
    vertex 0.92387953251128685 -0.38268343236508956 6.123233995736766e-17
    vertex 0.91597561503675351 -0.37940952255126015 0.13052619222005171
  endloop
endfacet
facet normal 0.89496065600102148 -0.44134575398487963 -0.065263693197208761
  outer loop
    vertex 0.86602540378443837 -0.50000000000000044 6.123233995736766e-17
    vertex 0.85861643640126062 -0.49572243068690564 -0.1305261922200516
    vertex 0.91597561503675351 -0.37940952255126015 -0.1305261922200516
  endloop
endfacet
facet normal 0.89496065600102159 -0.44134575398487952 -0.065263693197208636
  outer loop
    vertex 0.86602540378443837 -0.50000000000000044 6.123233995736766e-17
    vertex 0.91597561503675351 -0.37940952255126015 -0.1305261922200516
    vertex 0.92387953251128685 -0.38268343236508956 6.123233995736766e-17
  endloop
endfacet
facet normal 0.87971119702239964 -0.43382555304012099 -0.19468846746237883
  outer loop
    vertex 0.85861643640126062 -0.49572243068690564 -0.1305261922200516
    vertex 0.83651630373780761 -0.4829629131445346 -0.25881904510252063
    vertex 0.89239910083252294 -0.36964381061438595 -0.25881904510252063
  endloop
endfacet
facet normal 0.87971119702240008 -0.43382555304012049 -0.19468846746237825
  outer loop
    vertex 0.85861643640126062 -0.49572243068690564 -0.1305261922200516
    vertex 0.89239910083252294 -0.36964381061438595 -0.25881904510252063
    vertex 0.91597561503675351 -0.37940952255126015 -0.1305261922200516
  endloop
endfacet
facet normal 0.84946356188069583 -0.41890907012172546 -0.32082214388460228
  outer loop
    vertex 0.83651630373780761 -0.4829629131445346 -0.25881904510252063
    vertex 0.80010314519126535 -0.46193976625564381 -0.3826834323650895
    vertex 0.85355339059327395 -0.35355339059327362 -0.3826834323650895
  endloop
endfacet
facet normal 0.84946356188069549 -0.41890907012172574 -0.32082214388460267
  outer loop
    vertex 0.83651630373780761 -0.4829629131445346 -0.25881904510252063
    vertex 0.85355339059327395 -0.35355339059327362 -0.3826834323650895
    vertex 0.89239910083252294 -0.36964381061438595 -0.25881904510252063
  endloop
endfacet
facet normal 0.80471746871712568 -0.39684273894534033 -0.44152648401637501
  outer loop
    vertex 0.80010314519126535 -0.46193976625564381 -0.3826834323650895
    vertex 0.74999999999999978 -0.43301270189221974 -0.49999999999999983
    vertex 0.80010314519126569 -0.33141357403559163 -0.49999999999999983
  endloop
endfacet
facet normal 0.80471746871712579 -0.39684273894534022 -0.44152648401637484
  outer loop
    vertex 0.80010314519126535 -0.46193976625564381 -0.3826834323650895
    vertex 0.80010314519126569 -0.33141357403559163 -0.49999999999999983
    vertex 0.85355339059327395 -0.35355339059327362 -0.3826834323650895
  endloop
endfacet
facet normal 0.74621521005411118 -0.36799261767317426 -0.55474705372984512
  outer loop
    vertex 0.74999999999999978 -0.43301270189221974 -0.49999999999999983
    vertex 0.68706414686944983 -0.39667667014561792 -0.60876142900872066
    vertex 0.73296291314453421 -0.30360317934095876 -0.60876142900872066
  endloop
endfacet
facet normal 0.74621521005411107 -0.36799261767317443 -0.55474705372984523
  outer loop
    vertex 0.74999999999999978 -0.43301270189221974 -0.49999999999999983
    vertex 0.73296291314453421 -0.30360317934095876 -0.60876142900872066
    vertex 0.80010314519126569 -0.33141357403559163 -0.49999999999999983
  endloop
endfacet
facet normal 0.674932479390142 -0.33283986509121644 -0.65854671244364782
  outer loop
    vertex 0.68706414686944983 -0.39667667014561792 -0.60876142900872066
    vertex 0.61237243569579436 -0.35355339059327412 -0.70710678118654746
    vertex 0.6532814824381884 -0.27059805007309834 -0.70710678118654746
  endloop
endfacet
facet normal 0.67493247939014178 -0.33283986509121644 -0.65854671244364793
  outer loop
    vertex 0.68706414686944983 -0.39667667014561792 -0.60876142900872066
    vertex 0.6532814824381884 -0.27059805007309834 -0.70710678118654746
    vertex 0.73296291314453421 -0.30360317934095876 -0.60876142900872066
  endloop
endfacet
facet normal 0.59206551503905114 -0.29197440065237629 -0.75113871905609331
  outer loop
    vertex 0.61237243569579436 -0.35355339059327412 -0.70710678118654746
    vertex 0.52720286236566927 -0.30438071450436072 -0.79335334029123505
    vertex 0.56242222444348 -0.2329629131445341 -0.79335334029123505
  endloop
endfacet
facet normal 0.5920655150390508 -0.29197440065237656 -0.75113871905609342
  outer loop
    vertex 0.61237243569579436 -0.35355339059327412 -0.70710678118654746
    vertex 0.56242222444348 -0.2329629131445341 -0.79335334029123505
    vertex 0.6532814824381884 -0.27059805007309834 -0.70710678118654746
  endloop
endfacet
facet normal 0.49901420221643067 -0.24608657134769327 -0.83091890421907966
  outer loop
    vertex 0.52720286236566927 -0.30438071450436072 -0.79335334029123505
    vertex 0.43301270189221913 -0.25000000000000017 -0.86602540378443871
    vertex 0.46193976625564337 -0.19134171618254475 -0.86602540378443871
  endloop
endfacet
facet normal 0.49901420221643095 -0.24608657134769307 -0.83091890421907955
  outer loop
    vertex 0.52720286236566927 -0.30438071450436072 -0.79335334029123505
    vertex 0.46193976625564337 -0.19134171618254475 -0.86602540378443871
    vertex 0.56242222444348 -0.2329629131445341 -0.79335334029123505
  endloop
endfacet
facet normal 0.39736087772082507 -0.19595669933180918 -0.89649612650803934
  outer loop
    vertex 0.43301270189221913 -0.25000000000000017 -0.86602540378443871
    vertex 0.3314135740355918 -0.19134171618254511 -0.92387953251128674
    vertex 0.3535533905932739 -0.14644660940672621 -0.92387953251128674
  endloop
endfacet
facet normal 0.39736087772082496 -0.1959566993318094 -0.89649612650803923
  outer loop
    vertex 0.43301270189221913 -0.25000000000000017 -0.86602540378443871
    vertex 0.3535533905932739 -0.14644660940672621 -0.92387953251128674
    vertex 0.46193976625564337 -0.19134171618254475 -0.86602540378443871
  endloop
endfacet
facet normal 0.28884477269795045 -0.14244247848904626 -0.94672004183230796
  outer loop
    vertex 0.3314135740355918 -0.19134171618254511 -0.92387953251128674
    vertex 0.22414386804201353 -0.12940952255126062 -0.9659258262890682
    vertex 0.23911761839433479 -0.099045760541287664 -0.9659258262890682
  endloop
endfacet
facet normal 0.28884477269795056 -0.14244247848904604 -0.94672004183230796
  outer loop
    vertex 0.3314135740355918 -0.19134171618254511 -0.92387953251128674
    vertex 0.23911761839433479 -0.099045760541287664 -0.9659258262890682
    vertex 0.3535533905932739 -0.14644660940672621 -0.92387953251128674
  endloop
endfacet
facet normal 0.17533228929180356 -0.086464316499850633 -0.98070510873753924
  outer loop
    vertex 0.22414386804201353 -0.12940952255126062 -0.9659258262890682
    vertex 0.11303899832181574 -0.06526309611002605 -0.99144486137381038
    vertex 0.12059047744874 -0.049950211252314948 -0.99144486137381038
  endloop
endfacet
facet normal 0.17533228929180369 -0.086464316499850535 -0.98070510873753947
  outer loop
    vertex 0.22414386804201353 -0.12940952255126062 -0.9659258262890682
    vertex 0.12059047744874 -0.049950211252314948 -0.99144486137381038
    vertex 0.23911761839433479 -0.099045760541287664 -0.9659258262890682
  endloop
endfacet
facet normal 0.058783605077349296 -0.028988865969525469 -0.99784975493503592
  outer loop
    vertex 0 0 -1
    vertex 0.12059047744874 -0.049950211252314948 -0.99144486137381038
    vertex 0.11303899832181574 -0.06526309611002605 -0.99144486137381038
  endloop
endfacet
facet normal 0.062064509478745193 -0.021068062066826435 0.99784975493503592
  outer loop
    vertex 0 0 1
    vertex 0.12059047744873962 -0.049950211252314788 0.99144486137381038
    vertex 0.12607862007251905 -0.033782664431261926 0.99144486137381038
  endloop
endfacet
facet normal 0.18511815524689898 -0.062839146191491557 0.98070510873753958
  outer loop
    vertex 0.12059047744873962 -0.049950211252314788 0.99144486137381038
    vertex 0.23911761839433451 -0.099045760541287553 0.96592582628906831
    vertex 0.24999999999999992 -0.066987298107780882 0.96592582628906831
  endloop
endfacet
facet normal 0.18511815524689904 -0.062839146191491516 0.98070510873753958
  outer loop
    vertex 0.12059047744873962 -0.049950211252314788 0.99144486137381038
    vertex 0.24999999999999992 -0.066987298107780882 0.96592582628906831
    vertex 0.12607862007251905 -0.033782664431261926 0.99144486137381038
  endloop
endfacet
facet normal 0.30496613995363137 -0.10352205501638484 0.94672004183230785
  outer loop
    vertex 0.23911761839433451 -0.099045760541287553 0.96592582628906831
    vertex 0.35355339059327379 -0.14644660940672616 0.92387953251128674
    vertex 0.36964381061438606 -0.099045760541287942 0.92387953251128674
  endloop
endfacet
facet normal 0.30496613995363137 -0.10352205501638469 0.94672004183230785
  outer loop
    vertex 0.23911761839433451 -0.099045760541287553 0.96592582628906831
    vertex 0.36964381061438606 -0.099045760541287942 0.92387953251128674
    vertex 0.24999999999999992 -0.066987298107780882 0.96592582628906831
  endloop
endfacet
facet normal 0.41953888213108914 -0.14241426029817819 0.89649612650803956
  outer loop
    vertex 0.35355339059327379 -0.14644660940672616 0.92387953251128674
    vertex 0.46193976625564337 -0.19134171618254475 0.86602540378443871
    vertex 0.48296291314453399 -0.12940952255126076 0.86602540378443871
  endloop
endfacet
facet normal 0.4195388821310892 -0.14241426029817855 0.89649612650803956
  outer loop
    vertex 0.35355339059327379 -0.14644660940672616 0.92387953251128674
    vertex 0.48296291314453399 -0.12940952255126076 0.86602540378443871
    vertex 0.36964381061438606 -0.099045760541287942 0.92387953251128674
  endloop
endfacet
facet normal 0.52686580965453433 -0.17884684293673292 0.83091890421907921
  outer loop
    vertex 0.46193976625564337 -0.19134171618254475 0.86602540378443871
    vertex 0.56242222444347978 -0.23296291314453402 0.79335334029123517
    vertex 0.58801838632816239 -0.15755905175128357 0.79335334029123517
  endloop
endfacet
facet normal 0.52686580965453444 -0.17884684293673264 0.83091890421907932
  outer loop
    vertex 0.46193976625564337 -0.19134171618254475 0.86602540378443871
    vertex 0.58801838632816239 -0.15755905175128357 0.79335334029123517
    vertex 0.48296291314453399 -0.12940952255126076 0.86602540378443871
  endloop
endfacet
facet normal 0.62511061922499156 -0.21219646195664513 0.75113871905609397
  outer loop
    vertex 0.56242222444347978 -0.23296291314453402 0.79335334029123517
    vertex 0.65328148243818829 -0.27059805007309834 0.70710678118654757
    vertex 0.68301270189221908 -0.18301270189221988 0.70710678118654757
  endloop
endfacet
facet normal 0.62511061922499178 -0.21219646195664604 0.75113871905609364
  outer loop
    vertex 0.56242222444347978 -0.23296291314453402 0.79335334029123517
    vertex 0.68301270189221908 -0.18301270189221988 0.70710678118654757
    vertex 0.58801838632816239 -0.15755905175128357 0.79335334029123517
  endloop
endfacet
facet normal 0.71260265867503336 -0.24189600736460537 0.65854671244364793
  outer loop
    vertex 0.65328148243818829 -0.27059805007309834 0.70710678118654757
    vertex 0.73296291314453421 -0.30360317934095876 0.60876142900872066
    vertex 0.76632048076000359 -0.20533495396307333 0.60876142900872066
  endloop
endfacet
facet normal 0.71260265867503325 -0.24189600736460434 0.6585467124436486
  outer loop
    vertex 0.65328148243818829 -0.27059805007309834 0.70710678118654757
    vertex 0.76632048076000359 -0.20533495396307333 0.60876142900872066
    vertex 0.68301270189221908 -0.18301270189221988 0.70710678118654757
  endloop
endfacet
facet normal 0.78786391063709549 -0.26744375987051666 0.55474705372984556
  outer loop
    vertex 0.73296291314453421 -0.30360317934095876 0.60876142900872066
    vertex 0.80010314519126557 -0.33141357403559157 0.50000000000000011
    vertex 0.83651630373780772 -0.22414386804201408 0.50000000000000011
  endloop
endfacet
facet normal 0.78786391063709549 -0.26744375987051699 0.55474705372984545
  outer loop
    vertex 0.73296291314453421 -0.30360317934095876 0.60876142900872066
    vertex 0.83651630373780772 -0.22414386804201408 0.50000000000000011
    vertex 0.76632048076000359 -0.20533495396307333 0.60876142900872066
  endloop
endfacet
facet normal 0.84963137084204554 -0.28841098729626108 0.44152648401637512
  outer loop
    vertex 0.80010314519126557 -0.33141357403559157 0.50000000000000011
    vertex 0.85355339059327384 -0.35355339059327356 0.38268343236508984
    vertex 0.89239910083252261 -0.23911761839433526 0.38268343236508984
  endloop
endfacet
facet normal 0.84963137084204554 -0.28841098729626119 0.44152648401637501
  outer loop
    vertex 0.80010314519126557 -0.33141357403559157 0.50000000000000011
    vertex 0.89239910083252261 -0.23911761839433526 0.38268343236508984
    vertex 0.83651630373780772 -0.22414386804201408 0.50000000000000011
  endloop
endfacet
facet normal 0.89687488916034108 -0.30444800079309609 0.32082214388460306
  outer loop
    vertex 0.85355339059327384 -0.35355339059327356 0.38268343236508984
    vertex 0.89239910083252294 -0.36964381061438595 0.25881904510252074
    vertex 0.93301270189221919 -0.25000000000000078 0.25881904510252074
  endloop
endfacet
facet normal 0.89687488916034097 -0.30444800079309631 0.32082214388460278
  outer loop
    vertex 0.85355339059327384 -0.35355339059327356 0.38268343236508984
    vertex 0.93301270189221919 -0.25000000000000078 0.25881904510252074
    vertex 0.89239910083252261 -0.23911761839433526 0.38268343236508984
  endloop
endfacet
facet normal 0.92881074330694702 -0.31528876249360177 0.19468846746237825
  outer loop
    vertex 0.89239910083252294 -0.36964381061438595 0.25881904510252074
    vertex 0.91597561503675351 -0.37940952255126015 0.13052619222005171
    vertex 0.95766219694254839 -0.25660481229257148 0.13052619222005171
  endloop
endfacet
facet normal 0.92881074330694724 -0.31528876249360122 0.19468846746237889
  outer loop
    vertex 0.89239910083252294 -0.36964381061438595 0.25881904510252074
    vertex 0.95766219694254839 -0.25660481229257148 0.13052619222005171
    vertex 0.93301270189221919 -0.25000000000000078 0.25881904510252074
  endloop
endfacet
facet normal 0.94491132424408131 -0.32075417326288597 0.06526369319720865
  outer loop
    vertex 0.91597561503675351 -0.37940952255126015 0.13052619222005171
    vertex 0.92387953251128685 -0.38268343236508956 6.123233995736766e-17
    vertex 0.96592582628906809 -0.25881904510252157 6.123233995736766e-17
  endloop
endfacet
facet normal 0.9449113242440812 -0.32075417326288647 0.06526369319720822
  outer loop
    vertex 0.91597561503675351 -0.37940952255126015 0.13052619222005171
    vertex 0.96592582628906809 -0.25881904510252157 6.123233995736766e-17
    vertex 0.95766219694254839 -0.25660481229257148 0.13052619222005171
  endloop
endfacet
facet normal 0.94491132424408097 -0.32075417326288641 -0.06526369319720865
  outer loop
    vertex 0.92387953251128685 -0.38268343236508956 6.123233995736766e-17
    vertex 0.91597561503675351 -0.37940952255126015 -0.1305261922200516
    vertex 0.95766219694254839 -0.25660481229257148 -0.1305261922200516
  endloop
endfacet
facet normal 0.94491132424408109 -0.32075417326288597 -0.06526369319720822
  outer loop
    vertex 0.92387953251128685 -0.38268343236508956 6.123233995736766e-17
    vertex 0.95766219694254839 -0.25660481229257148 -0.1305261922200516
    vertex 0.96592582628906809 -0.25881904510252157 6.123233995736766e-17
  endloop
endfacet
facet normal 0.92881074330694735 -0.31528876249360122 -0.19468846746237828
  outer loop
    vertex 0.91597561503675351 -0.37940952255126015 -0.1305261922200516
    vertex 0.89239910083252294 -0.36964381061438595 -0.25881904510252063
    vertex 0.93301270189221919 -0.25000000000000078 -0.25881904510252063
  endloop
endfacet
facet normal 0.92881074330694702 -0.31528876249360183 -0.19468846746237883
  outer loop
    vertex 0.91597561503675351 -0.37940952255126015 -0.1305261922200516
    vertex 0.93301270189221919 -0.25000000000000078 -0.25881904510252063
    vertex 0.95766219694254839 -0.25660481229257148 -0.1305261922200516
  endloop
endfacet
facet normal 0.89687488916034108 -0.30444800079309625 -0.32082214388460273
  outer loop
    vertex 0.89239910083252294 -0.36964381061438595 -0.25881904510252063
    vertex 0.85355339059327395 -0.35355339059327362 -0.3826834323650895
    vertex 0.89239910083252272 -0.23911761839433529 -0.3826834323650895
  endloop
endfacet
facet normal 0.89687488916034119 -0.30444800079309614 -0.32082214388460262
  outer loop
    vertex 0.89239910083252294 -0.36964381061438595 -0.25881904510252063
    vertex 0.89239910083252272 -0.23911761839433529 -0.3826834323650895
    vertex 0.93301270189221919 -0.25000000000000078 -0.25881904510252063
  endloop
endfacet
facet normal 0.84963137084204565 -0.28841098729626113 -0.44152648401637495
  outer loop
    vertex 0.85355339059327395 -0.35355339059327362 -0.3826834323650895
    vertex 0.80010314519126569 -0.33141357403559163 -0.49999999999999983
    vertex 0.83651630373780783 -0.22414386804201411 -0.49999999999999983
  endloop
endfacet
facet normal 0.84963137084204576 -0.28841098729626102 -0.44152648401637484
  outer loop
    vertex 0.85355339059327395 -0.35355339059327362 -0.3826834323650895
    vertex 0.83651630373780783 -0.22414386804201411 -0.49999999999999983
    vertex 0.89239910083252272 -0.23911761839433529 -0.3826834323650895
  endloop
endfacet
facet normal 0.7878639106370956 -0.26744375987051699 -0.55474705372984523
  outer loop
    vertex 0.80010314519126569 -0.33141357403559163 -0.49999999999999983
    vertex 0.73296291314453421 -0.30360317934095876 -0.60876142900872066
    vertex 0.76632048076000359 -0.20533495396307333 -0.60876142900872066
  endloop
endfacet
facet normal 0.78786391063709582 -0.26744375987051683 -0.55474705372984512
  outer loop
    vertex 0.80010314519126569 -0.33141357403559163 -0.49999999999999983
    vertex 0.76632048076000359 -0.20533495396307333 -0.60876142900872066
    vertex 0.83651630373780783 -0.22414386804201411 -0.49999999999999983
  endloop
endfacet
facet normal 0.7126026586750337 -0.24189600736460465 -0.65854671244364782
  outer loop
    vertex 0.73296291314453421 -0.30360317934095876 -0.60876142900872066
    vertex 0.6532814824381884 -0.27059805007309834 -0.70710678118654746
    vertex 0.68301270189221919 -0.18301270189221991 -0.70710678118654746
  endloop
endfacet
facet normal 0.71260265867503303 -0.24189600736460518 -0.65854671244364826
  outer loop
    vertex 0.73296291314453421 -0.30360317934095876 -0.60876142900872066
    vertex 0.68301270189221919 -0.18301270189221991 -0.70710678118654746
    vertex 0.76632048076000359 -0.20533495396307333 -0.60876142900872066
  endloop
endfacet
facet normal 0.62511061922499178 -0.2121964619566459 -0.75113871905609353
  outer loop
    vertex 0.6532814824381884 -0.27059805007309834 -0.70710678118654746
    vertex 0.56242222444348 -0.2329629131445341 -0.79335334029123505
    vertex 0.58801838632816261 -0.15755905175128362 -0.79335334029123505
  endloop
endfacet
facet normal 0.62511061922499223 -0.21219646195664552 -0.75113871905609331
  outer loop
    vertex 0.6532814824381884 -0.27059805007309834 -0.70710678118654746
    vertex 0.58801838632816261 -0.15755905175128362 -0.79335334029123505
    vertex 0.68301270189221919 -0.18301270189221991 -0.70710678118654746
  endloop
endfacet
facet normal 0.52686580965453411 -0.17884684293673264 -0.83091890421907955
  outer loop
    vertex 0.56242222444348 -0.2329629131445341 -0.79335334029123505
    vertex 0.46193976625564337 -0.19134171618254475 -0.86602540378443871
    vertex 0.48296291314453399 -0.12940952255126076 -0.86602540378443871
  endloop
endfacet
facet normal 0.52686580965453411 -0.1788468429367327 -0.83091890421907955
  outer loop
    vertex 0.56242222444348 -0.2329629131445341 -0.79335334029123505
    vertex 0.48296291314453399 -0.12940952255126076 -0.86602540378443871
    vertex 0.58801838632816261 -0.15755905175128362 -0.79335334029123505
  endloop
endfacet
facet normal 0.41953888213108936 -0.1424142602981785 -0.89649612650803945
  outer loop
    vertex 0.46193976625564337 -0.19134171618254475 -0.86602540378443871
    vertex 0.3535533905932739 -0.14644660940672621 -0.92387953251128674
    vertex 0.36964381061438617 -0.099045760541287969 -0.92387953251128674
  endloop
endfacet
facet normal 0.41953888213108947 -0.14241426029817836 -0.89649612650803923
  outer loop
    vertex 0.46193976625564337 -0.19134171618254475 -0.86602540378443871
    vertex 0.36964381061438617 -0.099045760541287969 -0.92387953251128674
    vertex 0.48296291314453399 -0.12940952255126076 -0.86602540378443871
  endloop
endfacet
facet normal 0.30496613995363098 -0.10352205501638467 -0.94672004183230796
  outer loop
    vertex 0.3535533905932739 -0.14644660940672621 -0.92387953251128674
    vertex 0.23911761839433479 -0.099045760541287664 -0.9659258262890682
    vertex 0.25000000000000022 -0.066987298107780952 -0.9659258262890682
  endloop
endfacet
facet normal 0.30496613995363109 -0.10352205501638467 -0.94672004183230796
  outer loop
    vertex 0.3535533905932739 -0.14644660940672621 -0.92387953251128674
    vertex 0.25000000000000022 -0.066987298107780952 -0.9659258262890682
    vertex 0.36964381061438617 -0.099045760541287969 -0.92387953251128674
  endloop
endfacet
facet normal 0.18511815524689995 -0.062839146191491793 -0.98070510873753935
  outer loop
    vertex 0.23911761839433479 -0.099045760541287664 -0.9659258262890682
    vertex 0.12059047744874 -0.049950211252314948 -0.99144486137381038
    vertex 0.12607862007251944 -0.033782664431262037 -0.99144486137381038
  endloop
endfacet
facet normal 0.1851181552468999 -0.062839146191491946 -0.98070510873753935
  outer loop
    vertex 0.23911761839433479 -0.099045760541287664 -0.9659258262890682
    vertex 0.12607862007251944 -0.033782664431262037 -0.99144486137381038
    vertex 0.25000000000000022 -0.066987298107780952 -0.9659258262890682
  endloop
endfacet
facet normal 0.062064509478745013 -0.02106806206682631 -0.99784975493503569
  outer loop
    vertex 0 0 -1
    vertex 0.12607862007251944 -0.033782664431262037 -0.99144486137381038
    vertex 0.12059047744874 -0.049950211252314948 -0.99144486137381038
  endloop
endfacet
facet normal 0.064283472915426659 -0.012786777780993684 0.99784975493503592
  outer loop
    vertex 0 0 1
    vertex 0.12607862007251905 -0.033782664431261926 0.99144486137381038
    vertex 0.12940952255126037 -0.017037086855465865 0.99144486137381038
  endloop
endfacet
facet normal 0.19173659824127187 -0.038138780669493805 0.98070510873753958
  outer loop
    vertex 0.12607862007251905 -0.033782664431261926 0.99144486137381038
    vertex 0.24999999999999992 -0.066987298107780882 0.96592582628906831
    vertex 0.25660481229257065 -0.03378266443126185 0.96592582628906831
  endloop
endfacet
facet normal 0.1917365982412719 -0.038138780669493902 0.98070510873753958
  outer loop
    vertex 0.12607862007251905 -0.033782664431261926 0.99144486137381038
    vertex 0.25660481229257065 -0.03378266443126185 0.96592582628906831
    vertex 0.12940952255126037 -0.017037086855465865 0.99144486137381038
  endloop
endfacet
facet normal 0.31586945200211763 -0.06283034048065643 0.94672004183230785
  outer loop
    vertex 0.24999999999999992 -0.066987298107780882 0.96592582628906831
    vertex 0.36964381061438606 -0.099045760541287942 0.92387953251128674
    vertex 0.37940952255126037 -0.049950211252314858 0.92387953251128674
  endloop
endfacet
facet normal 0.31586945200211763 -0.06283034048065661 0.94672004183230773
  outer loop
    vertex 0.24999999999999992 -0.066987298107780882 0.96592582628906831
    vertex 0.37940952255126037 -0.049950211252314858 0.92387953251128674
    vertex 0.25660481229257065 -0.03378266443126185 0.96592582628906831
  endloop
endfacet
facet normal 0.43453845994993756 -0.086435073786152894 0.89649612650803934
  outer loop
    vertex 0.36964381061438606 -0.099045760541287942 0.92387953251128674
    vertex 0.48296291314453399 -0.12940952255126076 0.86602540378443871
    vertex 0.49572243068690514 -0.065263096110025828 0.86602540378443871
  endloop
endfacet
facet normal 0.43453845994993762 -0.0864350737861527 0.89649612650803945
  outer loop
    vertex 0.36964381061438606 -0.099045760541287942 0.92387953251128674
    vertex 0.49572243068690514 -0.065263096110025828 0.86602540378443871
    vertex 0.37940952255126037 -0.049950211252314858 0.92387953251128674
  endloop
endfacet
facet normal 0.54570259701464974 -0.10854699545741113 0.83091890421907943
  outer loop
    vertex 0.48296291314453399 -0.12940952255126076 0.86602540378443871
    vertex 0.58801838632816239 -0.15755905175128357 0.79335334029123517
    vertex 0.60355339059327373 -0.079459311298945623 0.79335334029123517
  endloop
endfacet
facet normal 0.54570259701464985 -0.10854699545741162 0.83091890421907932
  outer loop
    vertex 0.48296291314453399 -0.12940952255126076 0.86602540378443871
    vertex 0.60355339059327373 -0.079459311298945623 0.79335334029123517
    vertex 0.49572243068690514 -0.065263096110025828 0.86602540378443871
  endloop
endfacet
facet normal 0.64745990740258685 -0.1287877829648629 0.75113871905609364
  outer loop
    vertex 0.58801838632816239 -0.15755905175128357 0.79335334029123517
    vertex 0.68301270189221908 -0.18301270189221988 0.70710678118654757
    vertex 0.7010573846499778 -0.092295955641257324 0.70710678118654757
  endloop
endfacet
facet normal 0.64745990740258652 -0.12878778296486229 0.75113871905609397
  outer loop
    vertex 0.58801838632816239 -0.15755905175128357 0.79335334029123517
    vertex 0.7010573846499778 -0.092295955641257324 0.70710678118654757
    vertex 0.60355339059327373 -0.079459311298945623 0.79335334029123517
  endloop
endfacet
facet normal 0.73808000889921266 -0.14681324188574102 0.65854671244364837
  outer loop
    vertex 0.68301270189221908 -0.18301270189221988 0.70710678118654757
    vertex 0.76632048076000359 -0.20533495396307333 0.60876142900872066
    vertex 0.78656609248549303 -0.10355339059327384 0.60876142900872066
  endloop
endfacet
facet normal 0.73808000889921266 -0.14681324188574182 0.65854671244364793
  outer loop
    vertex 0.68301270189221908 -0.18301270189221988 0.70710678118654757
    vertex 0.78656609248549303 -0.10355339059327384 0.60876142900872066
    vertex 0.7010573846499778 -0.092295955641257324 0.70710678118654757
  endloop
endfacet
facet normal 0.81603204127193596 -0.16231886518705521 0.55474705372984545
  outer loop
    vertex 0.76632048076000359 -0.20533495396307333 0.60876142900872066
    vertex 0.83651630373780772 -0.22414386804201408 0.50000000000000011
    vertex 0.85861643640126084 -0.11303899832181551 0.50000000000000011
  endloop
endfacet
facet normal 0.81603204127193596 -0.16231886518705513 0.55474705372984534
  outer loop
    vertex 0.76632048076000359 -0.20533495396307333 0.60876142900872066
    vertex 0.85861643640126084 -0.11303899832181551 0.50000000000000011
    vertex 0.78656609248549303 -0.10355339059327384 0.60876142900872066
  endloop
endfacet
facet normal 0.88000784464953918 -0.17504444369191002 0.44152648401637495
  outer loop
    vertex 0.83651630373780772 -0.22414386804201408 0.50000000000000011
    vertex 0.89239910083252261 -0.23911761839433526 0.38268343236508984
    vertex 0.9159756150367534 -0.1205904774487397 0.38268343236508984
  endloop
endfacet
facet normal 0.88000784464953918 -0.17504444369190966 0.44152648401637523
  outer loop
    vertex 0.83651630373780772 -0.22414386804201408 0.50000000000000011
    vertex 0.9159756150367534 -0.1205904774487397 0.38268343236508984
    vertex 0.85861643640126084 -0.11303899832181551 0.50000000000000011
  endloop
endfacet
facet normal 0.92894043842575613 -0.18477774176196485 0.3208221438846029
  outer loop
    vertex 0.89239910083252261 -0.23911761839433526 0.38268343236508984
    vertex 0.93301270189221919 -0.25000000000000078 0.25881904510252074
    vertex 0.95766219694254862 -0.12607862007251919 0.25881904510252074
  endloop
endfacet
facet normal 0.92894043842575591 -0.1847777417619644 0.32082214388460317
  outer loop
    vertex 0.89239910083252261 -0.23911761839433526 0.38268343236508984
    vertex 0.95766219694254862 -0.12607862007251919 0.25881904510252074
    vertex 0.9159756150367534 -0.1205904774487397 0.38268343236508984
  endloop
endfacet
facet normal 0.96201808025852409 -0.19135729380625688 0.19468846746237881
  outer loop
    vertex 0.93301270189221919 -0.25000000000000078 0.25881904510252074
    vertex 0.95766219694254839 -0.25660481229257148 0.13052619222005171
    vertex 0.9829629131445341 -0.12940952255126048 0.13052619222005171
  endloop
endfacet
facet normal 0.96201808025852409 -0.1913572938062571 0.19468846746237864
  outer loop
    vertex 0.93301270189221919 -0.25000000000000078 0.25881904510252074
    vertex 0.9829629131445341 -0.12940952255126048 0.13052619222005171
    vertex 0.95766219694254862 -0.12607862007251919 0.25881904510252074
  endloop
endfacet
facet normal 0.97869429775041195 -0.19467439970650655 0.065263693197208192
  outer loop
    vertex 0.95766219694254839 -0.25660481229257148 0.13052619222005171
    vertex 0.96592582628906809 -0.25881904510252157 6.123233995736766e-17
    vertex 0.99144486137381038 -0.13052619222005168 6.123233995736766e-17
  endloop
endfacet
facet normal 0.97869429775041195 -0.19467439970650643 0.065263693197208344
  outer loop
    vertex 0.95766219694254839 -0.25660481229257148 0.13052619222005171
    vertex 0.99144486137381038 -0.13052619222005168 6.123233995736766e-17
    vertex 0.9829629131445341 -0.12940952255126048 0.13052619222005171
  endloop
endfacet
facet normal 0.97869429775041195 -0.19467439970650641 -0.065263693197208192
  outer loop
    vertex 0.96592582628906809 -0.25881904510252157 6.123233995736766e-17
    vertex 0.95766219694254839 -0.25660481229257148 -0.1305261922200516
    vertex 0.9829629131445341 -0.12940952255126048 -0.1305261922200516
  endloop
endfacet
facet normal 0.97869429775041195 -0.19467439970650655 -0.065263693197208317
  outer loop
    vertex 0.96592582628906809 -0.25881904510252157 6.123233995736766e-17
    vertex 0.9829629131445341 -0.12940952255126048 -0.1305261922200516
    vertex 0.99144486137381038 -0.13052619222005168 6.123233995736766e-17
  endloop
endfacet
facet normal 0.96201808025852409 -0.19135729380625713 -0.19468846746237883
  outer loop
    vertex 0.95766219694254839 -0.25660481229257148 -0.1305261922200516
    vertex 0.93301270189221919 -0.25000000000000078 -0.25881904510252063
    vertex 0.95766219694254862 -0.12607862007251919 -0.25881904510252063
  endloop
endfacet
facet normal 0.96201808025852409 -0.19135729380625691 -0.19468846746237861
  outer loop
    vertex 0.95766219694254839 -0.25660481229257148 -0.1305261922200516
    vertex 0.95766219694254862 -0.12607862007251919 -0.25881904510252063
    vertex 0.9829629131445341 -0.12940952255126048 -0.1305261922200516
  endloop
endfacet
facet normal 0.92894043842575624 -0.18477774176196443 -0.32082214388460256
  outer loop
    vertex 0.93301270189221919 -0.25000000000000078 -0.25881904510252063
    vertex 0.89239910083252272 -0.23911761839433529 -0.3826834323650895
    vertex 0.91597561503675351 -0.12059047744873971 -0.3826834323650895
  endloop
endfacet
facet normal 0.92894043842575602 -0.18477774176196482 -0.3208221438846029
  outer loop
    vertex 0.93301270189221919 -0.25000000000000078 -0.25881904510252063
    vertex 0.91597561503675351 -0.12059047744873971 -0.3826834323650895
    vertex 0.95766219694254862 -0.12607862007251919 -0.25881904510252063
  endloop
endfacet
facet normal 0.88000784464953941 -0.17504444369190975 -0.44152648401637479
  outer loop
    vertex 0.89239910083252272 -0.23911761839433529 -0.3826834323650895
    vertex 0.83651630373780783 -0.22414386804201411 -0.49999999999999983
    vertex 0.85861643640126095 -0.11303899832181552 -0.49999999999999983
  endloop
endfacet
facet normal 0.88000784464953918 -0.17504444369191 -0.44152648401637501
  outer loop
    vertex 0.89239910083252272 -0.23911761839433529 -0.3826834323650895
    vertex 0.85861643640126095 -0.11303899832181552 -0.49999999999999983
    vertex 0.91597561503675351 -0.12059047744873971 -0.3826834323650895
  endloop
endfacet
facet normal 0.81603204127193629 -0.16231886518705518 -0.55474705372984512
  outer loop
    vertex 0.83651630373780783 -0.22414386804201411 -0.49999999999999983
    vertex 0.76632048076000359 -0.20533495396307333 -0.60876142900872066
    vertex 0.78656609248549303 -0.10355339059327384 -0.60876142900872066
  endloop
endfacet
facet normal 0.81603204127193618 -0.16231886518705516 -0.55474705372984501
  outer loop
    vertex 0.83651630373780783 -0.22414386804201411 -0.49999999999999983
    vertex 0.78656609248549303 -0.10355339059327384 -0.60876142900872066
    vertex 0.85861643640126095 -0.11303899832181552 -0.49999999999999983
  endloop
endfacet
facet normal 0.73808000889921244 -0.14681324188574171 -0.65854671244364837
  outer loop
    vertex 0.76632048076000359 -0.20533495396307333 -0.60876142900872066
    vertex 0.68301270189221919 -0.18301270189221991 -0.70710678118654746
    vertex 0.70105738464997791 -0.092295955641257338 -0.70710678118654746
  endloop
endfacet
facet normal 0.73808000889921299 -0.1468132418857411 -0.65854671244364793
  outer loop
    vertex 0.76632048076000359 -0.20533495396307333 -0.60876142900872066
    vertex 0.70105738464997791 -0.092295955641257338 -0.70710678118654746
    vertex 0.78656609248549303 -0.10355339059327384 -0.60876142900872066
  endloop
endfacet
facet normal 0.64745990740258741 -0.1287877829648624 -0.7511387190560932
  outer loop
    vertex 0.68301270189221919 -0.18301270189221991 -0.70710678118654746
    vertex 0.58801838632816261 -0.15755905175128362 -0.79335334029123505
    vertex 0.60355339059327395 -0.079459311298945651 -0.79335334029123505
  endloop
endfacet
facet normal 0.64745990740258674 -0.12878778296486301 -0.75113871905609353
  outer loop
    vertex 0.68301270189221919 -0.18301270189221991 -0.70710678118654746
    vertex 0.60355339059327395 -0.079459311298945651 -0.79335334029123505
    vertex 0.70105738464997791 -0.092295955641257338 -0.70710678118654746
  endloop
endfacet
facet normal 0.54570259701464929 -0.10854699545741157 -0.83091890421907966
  outer loop
    vertex 0.58801838632816261 -0.15755905175128362 -0.79335334029123505
    vertex 0.48296291314453399 -0.12940952255126076 -0.86602540378443871
    vertex 0.49572243068690514 -0.065263096110025828 -0.86602540378443871
  endloop
endfacet
facet normal 0.54570259701464963 -0.10854699545741112 -0.83091890421907932
  outer loop
    vertex 0.58801838632816261 -0.15755905175128362 -0.79335334029123505
    vertex 0.49572243068690514 -0.065263096110025828 -0.86602540378443871
    vertex 0.60355339059327395 -0.079459311298945651 -0.79335334029123505
  endloop
endfacet
facet normal 0.43453845994993795 -0.086435073786152714 -0.89649612650803934
  outer loop
    vertex 0.48296291314453399 -0.12940952255126076 -0.86602540378443871
    vertex 0.36964381061438617 -0.099045760541287969 -0.92387953251128674
    vertex 0.37940952255126048 -0.049950211252314872 -0.92387953251128674
  endloop
endfacet
facet normal 0.43453845994993789 -0.086435073786152963 -0.89649612650803934
  outer loop
    vertex 0.48296291314453399 -0.12940952255126076 -0.86602540378443871
    vertex 0.37940952255126048 -0.049950211252314872 -0.92387953251128674
    vertex 0.49572243068690514 -0.065263096110025828 -0.86602540378443871
  endloop
endfacet
facet normal 0.31586945200211736 -0.062830340480656235 -0.94672004183230796
  outer loop
    vertex 0.36964381061438617 -0.099045760541287969 -0.92387953251128674
    vertex 0.25000000000000022 -0.066987298107780952 -0.9659258262890682
    vertex 0.25660481229257093 -0.033782664431261884 -0.9659258262890682
  endloop
endfacet
facet normal 0.31586945200211736 -0.062830340480656333 -0.94672004183230807
  outer loop
    vertex 0.36964381061438617 -0.099045760541287969 -0.92387953251128674
    vertex 0.25660481229257093 -0.033782664431261884 -0.9659258262890682
    vertex 0.37940952255126048 -0.049950211252314872 -0.92387953251128674
  endloop
endfacet
facet normal 0.19173659824127287 -0.038138780669493957 -0.98070510873753947
  outer loop
    vertex 0.25000000000000022 -0.066987298107780952 -0.9659258262890682
    vertex 0.12607862007251944 -0.033782664431262037 -0.99144486137381038
    vertex 0.12940952255126076 -0.01703708685546592 -0.99144486137381038
  endloop
endfacet
facet normal 0.19173659824127287 -0.038138780669493839 -0.98070510873753947
  outer loop
    vertex 0.25000000000000022 -0.066987298107780952 -0.9659258262890682
    vertex 0.12940952255126076 -0.01703708685546592 -0.99144486137381038
    vertex 0.25660481229257093 -0.033782664431261884 -0.9659258262890682
  endloop
endfacet
facet normal 0.064283472915426451 -0.012786777780993599 -0.9978497549350358
  outer loop
    vertex 0 0 -1
    vertex 0.12940952255126076 -0.01703708685546592 -0.99144486137381038
    vertex 0.12607862007251944 -0.033782664431262037 -0.99144486137381038
  endloop
endfacet
facet normal 0.065402528307779331 -0.0042867081821635284 0.99784975493503592
  outer loop
    vertex 0 0 1
    vertex 0.12940952255126037 -0.017037086855465865 0.99144486137381038
    vertex 0.13052619222005157 0 0.99144486137381038
  endloop
endfacet
facet normal 0.19507437488030849 -0.012785850036173394 0.98070510873753947
  outer loop
    vertex 0.12940952255126037 -0.017037086855465865 0.99144486137381038
    vertex 0.25660481229257065 -0.03378266443126185 0.96592582628906831
    vertex 0.25881904510252074 0 0.96592582628906831
  endloop
endfacet
facet normal 0.19507437488030852 -0.01278585003617326 0.98070510873753947
  outer loop
    vertex 0.12940952255126037 -0.017037086855465865 0.99144486137381038
    vertex 0.25881904510252074 0 0.96592582628906831
    vertex 0.13052619222005157 0 0.99144486137381038
  endloop
endfacet
facet normal 0.3213681501512905 -0.021063581399443063 0.94672004183230785
  outer loop
    vertex 0.25660481229257065 -0.03378266443126185 0.96592582628906831
    vertex 0.37940952255126037 -0.049950211252314858 0.92387953251128674
    vertex 0.38268343236508978 0 0.92387953251128674
  endloop
endfacet
facet normal 0.32136815015129044 -0.021063581399443074 0.94672004183230785
  outer loop
    vertex 0.25660481229257065 -0.03378266443126185 0.96592582628906831
    vertex 0.38268343236508978 0 0.92387953251128674
    vertex 0.25881904510252074 0 0.96592582628906831
  endloop
endfacet
facet normal 0.44210296424222062 -0.028976959197316601 0.89649612650803945
  outer loop
    vertex 0.37940952255126037 -0.049950211252314858 0.92387953251128674
    vertex 0.49572243068690514 -0.065263096110025828 0.86602540378443871
    vertex 0.49999999999999994 0 0.86602540378443871
  endloop
endfacet
facet normal 0.44210296424222073 -0.028976959197316757 0.89649612650803956
  outer loop
    vertex 0.37940952255126037 -0.049950211252314858 0.92387953251128674
    vertex 0.49999999999999994 0 0.86602540378443871
    vertex 0.38268343236508978 0 0.92387953251128674
  endloop
endfacet
facet normal 0.55520226164250086 -0.036389878790901782 0.83091890421907921
  outer loop
    vertex 0.49572243068690514 -0.065263096110025828 0.86602540378443871
    vertex 0.60355339059327373 -0.079459311298945623 0.79335334029123517
    vertex 0.60876142900872066 0 0.79335334029123517
  endloop
endfacet
facet normal 0.55520226164250086 -0.036389878790901525 0.83091890421907932
  outer loop
    vertex 0.49572243068690514 -0.065263096110025828 0.86602540378443871
    vertex 0.60876142900872066 0 0.79335334029123517
    vertex 0.49999999999999994 0 0.86602540378443871
  endloop
endfacet
facet normal 0.65873097705472339 -0.043175509299832049 0.75113871905609397
  outer loop
    vertex 0.60355339059327373 -0.079459311298945623 0.79335334029123517
    vertex 0.7010573846499778 -0.092295955641257324 0.70710678118654757
    vertex 0.70710678118654746 0 0.70710678118654757
  endloop
endfacet
facet normal 0.65873097705472339 -0.043175509299832174 0.75113871905609386
  outer loop
    vertex 0.60355339059327373 -0.079459311298945623 0.79335334029123517
    vertex 0.70710678118654746 0 0.70710678118654757
    vertex 0.60876142900872066 0 0.79335334029123517
  endloop
endfacet
facet normal 0.75092860553668794 -0.04921846113389293 0.65854671244364793
  outer loop
    vertex 0.7010573846499778 -0.092295955641257324 0.70710678118654757
    vertex 0.78656609248549303 -0.10355339059327384 0.60876142900872066
    vertex 0.79335334029123517 0 0.60876142900872066
  endloop
endfacet
facet normal 0.75092860553668794 -0.049218461133892895 0.65854671244364804
  outer loop
    vertex 0.7010573846499778 -0.092295955641257324 0.70710678118654757
    vertex 0.79335334029123517 0 0.60876142900872066
    vertex 0.70710678118654746 0 0.70710678118654757
  endloop
endfacet
facet normal 0.8302376374337882 -0.054416649716953168 0.55474705372984545
  outer loop
    vertex 0.78656609248549303 -0.10355339059327384 0.60876142900872066
    vertex 0.85861643640126084 -0.11303899832181551 0.50000000000000011
    vertex 0.8660254037844386 0 0.50000000000000011
  endloop
endfacet
facet normal 0.8302376374337882 -0.054416649716953147 0.55474705372984545
  outer loop
    vertex 0.78656609248549303 -0.10355339059327384 0.60876142900872066
    vertex 0.8660254037844386 0 0.50000000000000011
    vertex 0.79335334029123517 0 0.60876142900872066
  endloop
endfacet
facet normal 0.89532714025081006 -0.058682841124502873 0.44152648401637518
  outer loop
    vertex 0.85861643640126084 -0.11303899832181551 0.50000000000000011
    vertex 0.9159756150367534 -0.1205904774487397 0.38268343236508984
    vertex 0.92387953251128674 0 0.38268343236508984
  endloop
endfacet
facet normal 0.89532714025081017 -0.058682841124503074 0.44152648401637501
  outer loop
    vertex 0.85861643640126084 -0.11303899832181551 0.50000000000000011
    vertex 0.92387953251128674 0 0.38268343236508984
    vertex 0.8660254037844386 0 0.50000000000000011
  endloop
endfacet
facet normal 0.94511155923875945 -0.061945884339217376 0.32082214388460317
  outer loop
    vertex 0.9159756150367534 -0.1205904774487397 0.38268343236508984
    vertex 0.95766219694254862 -0.12607862007251919 0.25881904510252074
    vertex 0.96592582628906831 0 0.25881904510252074
  endloop
endfacet
facet normal 0.94511155923875967 -0.06194588433921782 0.32082214388460273
  outer loop
    vertex 0.9159756150367534 -0.1205904774487397 0.38268343236508984
    vertex 0.96592582628906831 0 0.25881904510252074
    vertex 0.92387953251128674 0 0.38268343236508984
  endloop
endfacet
facet normal 0.97876502113507613 -0.064151648767622763 0.19468846746237867
  outer loop
    vertex 0.95766219694254862 -0.12607862007251919 0.25881904510252074
    vertex 0.9829629131445341 -0.12940952255126048 0.13052619222005171
    vertex 0.99144486137381038 0 0.13052619222005171
  endloop
endfacet
facet normal 0.97876502113507613 -0.06415164876762261 0.19468846746237883
  outer loop
    vertex 0.95766219694254862 -0.12607862007251919 0.25881904510252074
    vertex 0.99144486137381038 0 0.13052619222005171
    vertex 0.96592582628906831 0 0.25881904510252074
  endloop
endfacet
facet normal 0.9957315404769107 -0.065263693197208456 0.065263693197208344
  outer loop
    vertex 0.9829629131445341 -0.12940952255126048 0.13052619222005171
    vertex 0.99144486137381038 -0.13052619222005168 6.123233995736766e-17
    vertex 1 0 6.123233995736766e-17
  endloop
endfacet
facet normal 0.99573154047691059 -0.065263693197208317 0.065263693197208456
  outer loop
    vertex 0.9829629131445341 -0.12940952255126048 0.13052619222005171
    vertex 1 0 6.123233995736766e-17
    vertex 0.99144486137381038 0 0.13052619222005171
  endloop
endfacet
facet normal 0.99573154047691059 -0.065263693197208317 -0.065263693197208331
  outer loop
    vertex 0.99144486137381038 -0.13052619222005168 6.123233995736766e-17
    vertex 0.9829629131445341 -0.12940952255126048 -0.1305261922200516
    vertex 0.99144486137381038 0 -0.1305261922200516
  endloop
endfacet
facet normal 0.9957315404769107 -0.065263693197208442 -0.065263693197208456
  outer loop
    vertex 0.99144486137381038 -0.13052619222005168 6.123233995736766e-17
    vertex 0.99144486137381038 0 -0.1305261922200516
    vertex 1 0 6.123233995736766e-17
  endloop
endfacet
facet normal 0.97876502113507613 -0.06415164876762261 -0.19468846746237861
  outer loop
    vertex 0.9829629131445341 -0.12940952255126048 -0.1305261922200516
    vertex 0.95766219694254862 -0.12607862007251919 -0.25881904510252063
    vertex 0.96592582628906831 0 -0.25881904510252063
  endloop
endfacet
facet normal 0.97876502113507613 -0.064151648767622776 -0.19468846746237878
  outer loop
    vertex 0.9829629131445341 -0.12940952255126048 -0.1305261922200516
    vertex 0.96592582628906831 0 -0.25881904510252063
    vertex 0.99144486137381038 0 -0.1305261922200516
  endloop
endfacet
facet normal 0.94511155923875945 -0.061945884339217834 -0.3208221438846029
  outer loop
    vertex 0.95766219694254862 -0.12607862007251919 -0.25881904510252063
    vertex 0.91597561503675351 -0.12059047744873971 -0.3826834323650895
    vertex 0.92387953251128685 0 -0.3826834323650895
  endloop
endfacet
facet normal 0.94511155923875989 -0.061945884339217383 -0.32082214388460256
  outer loop
    vertex 0.95766219694254862 -0.12607862007251919 -0.25881904510252063
    vertex 0.92387953251128685 0 -0.3826834323650895
    vertex 0.96592582628906831 0 -0.25881904510252063
  endloop
endfacet
facet normal 0.89532714025081028 -0.058682841124503074 -0.44152648401637501
  outer loop
    vertex 0.91597561503675351 -0.12059047744873971 -0.3826834323650895
    vertex 0.85861643640126095 -0.11303899832181552 -0.49999999999999983
    vertex 0.86602540378443871 0 -0.49999999999999983
  endloop
endfacet
facet normal 0.89532714025081028 -0.058682841124502894 -0.4415264840163749
  outer loop
    vertex 0.91597561503675351 -0.12059047744873971 -0.3826834323650895
    vertex 0.86602540378443871 0 -0.49999999999999983
    vertex 0.92387953251128685 0 -0.3826834323650895
  endloop
endfacet
facet normal 0.83023763743378853 -0.054416649716953217 -0.55474705372984501
  outer loop
    vertex 0.85861643640126095 -0.11303899832181552 -0.49999999999999983
    vertex 0.78656609248549303 -0.10355339059327384 -0.60876142900872066
    vertex 0.79335334029123517 0 -0.60876142900872066
  endloop
endfacet
facet normal 0.83023763743378853 -0.054416649716953223 -0.55474705372984501
  outer loop
    vertex 0.85861643640126095 -0.11303899832181552 -0.49999999999999983
    vertex 0.79335334029123517 0 -0.60876142900872066
    vertex 0.86602540378443871 0 -0.49999999999999983
  endloop
endfacet
facet normal 0.75092860553668817 -0.049218461133892964 -0.65854671244364793
  outer loop
    vertex 0.78656609248549303 -0.10355339059327384 -0.60876142900872066
    vertex 0.70105738464997791 -0.092295955641257338 -0.70710678118654746
    vertex 0.70710678118654757 0 -0.70710678118654746
  endloop
endfacet
facet normal 0.75092860553668794 -0.049218461133892978 -0.65854671244364793
  outer loop
    vertex 0.78656609248549303 -0.10355339059327384 -0.60876142900872066
    vertex 0.70710678118654757 0 -0.70710678118654746
    vertex 0.79335334029123517 0 -0.60876142900872066
  endloop
endfacet
facet normal 0.65873097705472372 -0.043175509299832167 -0.75113871905609353
  outer loop
    vertex 0.70105738464997791 -0.092295955641257338 -0.70710678118654746
    vertex 0.60355339059327395 -0.079459311298945651 -0.79335334029123505
    vertex 0.60876142900872088 0 -0.79335334029123505
  endloop
endfacet
facet normal 0.65873097705472394 -0.043175509299832091 -0.75113871905609342
  outer loop
    vertex 0.70105738464997791 -0.092295955641257338 -0.70710678118654746
    vertex 0.60876142900872088 0 -0.79335334029123505
    vertex 0.70710678118654757 0 -0.70710678118654746
  endloop
endfacet
facet normal 0.55520226164250075 -0.036389878790901629 -0.83091890421907932
  outer loop
    vertex 0.60355339059327395 -0.079459311298945651 -0.79335334029123505
    vertex 0.49572243068690514 -0.065263096110025828 -0.86602540378443871
    vertex 0.49999999999999994 0 -0.86602540378443871
  endloop
endfacet
facet normal 0.55520226164250064 -0.036389878790901699 -0.83091890421907932
  outer loop
    vertex 0.60355339059327395 -0.079459311298945651 -0.79335334029123505
    vertex 0.49999999999999994 0 -0.86602540378443871
    vertex 0.60876142900872088 0 -0.79335334029123505
  endloop
endfacet
facet normal 0.44210296424222101 -0.028976959197316788 -0.89649612650803934
  outer loop
    vertex 0.49572243068690514 -0.065263096110025828 -0.86602540378443871
    vertex 0.37940952255126048 -0.049950211252314872 -0.92387953251128674
    vertex 0.38268343236508989 0 -0.92387953251128674
  endloop
endfacet
facet normal 0.44210296424222106 -0.028976959197316694 -0.89649612650803934
  outer loop
    vertex 0.49572243068690514 -0.065263096110025828 -0.86602540378443871
    vertex 0.38268343236508989 0 -0.92387953251128674
    vertex 0.49999999999999994 0 -0.86602540378443871
  endloop
endfacet
facet normal 0.32136815015129006 -0.021063581399442963 -0.94672004183230785
  outer loop
    vertex 0.37940952255126048 -0.049950211252314872 -0.92387953251128674
    vertex 0.25660481229257093 -0.033782664431261884 -0.9659258262890682
    vertex 0.25881904510252102 0 -0.9659258262890682
  endloop
endfacet
facet normal 0.32136815015129006 -0.021063581399443091 -0.94672004183230796
  outer loop
    vertex 0.37940952255126048 -0.049950211252314872 -0.92387953251128674
    vertex 0.25881904510252102 0 -0.9659258262890682
    vertex 0.38268343236508989 0 -0.92387953251128674
  endloop
endfacet
facet normal 0.19507437488030943 -0.012785850036173678 -0.98070510873753935
  outer loop
    vertex 0.25660481229257093 -0.033782664431261884 -0.9659258262890682
    vertex 0.12940952255126076 -0.01703708685546592 -0.99144486137381038
    vertex 0.13052619222005199 0 -0.99144486137381038
  endloop
endfacet
facet normal 0.19507437488030951 -0.012785850036173439 -0.98070510873753935
  outer loop
    vertex 0.25660481229257093 -0.033782664431261884 -0.9659258262890682
    vertex 0.13052619222005199 0 -0.99144486137381038
    vertex 0.25881904510252102 0 -0.9659258262890682
  endloop
endfacet
facet normal 0.065402528307779123 -0.0042867081821635006 -0.99784975493503592
  outer loop
    vertex 0 0 -1
    vertex 0.13052619222005199 0 -0.99144486137381038
    vertex 0.12940952255126076 -0.01703708685546592 -0.99144486137381038
  endloop
endfacet
endsolid sphere_lat24_lon48
