solid tube_outer96_inner008
facet normal 0.99946458747636546 0.03271908282177656 0
  outer loop
    vertex 1 0 -1
    vertex 0.99785892323860348 0.065403129230143062 -1
    vertex 0.99785892323860348 0.065403129230143062 1
  endloop
endfacet
facet normal 0.99946458747636546 0.03271908282177656 -0
  outer loop
    vertex 1 0 -1
    vertex 0.99785892323860348 0.065403129230143062 1
    vertex 1 0 1
  endloop
endfacet
facet normal -0.9994645874763658 -0.032719082821776151 0
  outer loop
    vertex 0.080000000000000002 0 -1
    vertex 0.079828713859088282 0.0052322503384114446 1
    vertex 0.079828713859088282 0.0052322503384114446 -1
  endloop
endfacet
facet normal -0.9994645874763658 -0.032719082821776151 0
  outer loop
    vertex 0.080000000000000002 0 -1
    vertex 0.080000000000000002 0 1
    vertex 0.079828713859088282 0.0052322503384114446 1
  endloop
endfacet
facet normal 0 0 1
  outer loop
    vertex 1 0 1
    vertex 0.99785892323860348 0.065403129230143062 1
    vertex 0.079828713859088282 0.0052322503384114446 1
  endloop
endfacet
facet normal 0 0 1
  outer loop
    vertex 1 0 1
    vertex 0.079828713859088282 0.0052322503384114446 1
    vertex 0.080000000000000002 0 1
  endloop
endfacet
facet normal 0 0 -1
  outer loop
    vertex 1 0 -1
    vertex 0.079828713859088282 0.0052322503384114446 -1
    vertex 0.99785892323860348 0.065403129230143062 -1
  endloop
endfacet
facet normal 0 0 -1
  outer loop
    vertex 1 0 -1
    vertex 0.080000000000000002 0 -1
    vertex 0.079828713859088282 0.0052322503384114446 -1
  endloop
endfacet
facet normal 0.99518472667219682 0.098017140329560631 0
  outer loop
    vertex 0.99785892323860348 0.065403129230143062 -1
    vertex 0.99144486137381038 0.13052619222005157 -1
    vertex 0.99144486137381038 0.13052619222005157 1
  endloop
endfacet
facet normal 0.99518472667219682 0.098017140329560631 -0
  outer loop
    vertex 0.99785892323860348 0.065403129230143062 -1
    vertex 0.99144486137381038 0.13052619222005157 1
    vertex 0.99785892323860348 0.065403129230143062 1
  endloop
endfacet
facet normal -0.99518472667219704 -0.098017140329559924 0
  outer loop
    vertex 0.079828713859088282 0.0052322503384114446 -1
    vertex 0.079315588909904838 0.010442095377604125 1
    vertex 0.079315588909904838 0.010442095377604125 -1
  endloop
endfacet
facet normal -0.99518472667219704 -0.098017140329559924 0
  outer loop
    vertex 0.079828713859088282 0.0052322503384114446 -1
    vertex 0.079828713859088282 0.0052322503384114446 1
    vertex 0.079315588909904838 0.010442095377604125 1
  endloop
endfacet
facet normal 0 0 1
  outer loop
    vertex 0.99785892323860348 0.065403129230143062 1
    vertex 0.99144486137381038 0.13052619222005157 1
    vertex 0.079315588909904838 0.010442095377604125 1
  endloop
endfacet
facet normal 0 0 1
  outer loop
    vertex 0.99785892323860348 0.065403129230143062 1
    vertex 0.079315588909904838 0.010442095377604125 1
    vertex 0.079828713859088282 0.0052322503384114446 1
  endloop
endfacet
facet normal -0 0 -1
  outer loop
    vertex 0.99785892323860348 0.065403129230143062 -1
    vertex 0.079315588909904838 0.010442095377604125 -1
    vertex 0.99144486137381038 0.13052619222005157 -1
  endloop
endfacet
facet normal 0 0 -1
  outer loop
    vertex 0.99785892323860348 0.065403129230143062 -1
    vertex 0.079828713859088282 0.0052322503384114446 -1
    vertex 0.079315588909904838 0.010442095377604125 -1
  endloop
endfacet
facet normal 0.98664333208487898 0.16289547339458857 0
  outer loop
    vertex 0.99144486137381038 0.13052619222005157 -1
    vertex 0.98078528040323043 0.19509032201612825 -1
    vertex 0.98078528040323043 0.19509032201612825 1
  endloop
endfacet
facet normal 0.98664333208487898 0.16289547339458857 -0
  outer loop
    vertex 0.99144486137381038 0.13052619222005157 -1
    vertex 0.98078528040323043 0.19509032201612825 1
    vertex 0.99144486137381038 0.13052619222005157 1
  endloop
endfacet
facet normal -0.98664333208487898 -0.16289547339458918 0
  outer loop
    vertex 0.079315588909904838 0.010442095377604125 -1
    vertex 0.078462822432258439 0.015607225761290261 1
    vertex 0.078462822432258439 0.015607225761290261 -1
  endloop
endfacet
facet normal -0.98664333208487898 -0.16289547339458918 0
  outer loop
    vertex 0.079315588909904838 0.010442095377604125 -1
    vertex 0.079315588909904838 0.010442095377604125 1
    vertex 0.078462822432258439 0.015607225761290261 1
  endloop
endfacet
facet normal 0 0 1
  outer loop
    vertex 0.99144486137381038 0.13052619222005157 1
    vertex 0.98078528040323043 0.19509032201612825 1
    vertex 0.078462822432258439 0.015607225761290261 1
  endloop
endfacet
facet normal 0 0 1
  outer loop
    vertex 0.99144486137381038 0.13052619222005157 1
    vertex 0.078462822432258439 0.015607225761290261 1
    vertex 0.079315588909904838 0.010442095377604125 1
  endloop
endfacet
facet normal -0 0 -1
  outer loop
    vertex 0.99144486137381038 0.13052619222005157 -1
    vertex 0.078462822432258439 0.015607225761290261 -1
    vertex 0.98078528040323043 0.19509032201612825 -1
  endloop
endfacet
facet normal 0 0 -1
  outer loop
    vertex 0.99144486137381038 0.13052619222005157 -1
    vertex 0.079315588909904838 0.010442095377604125 -1
    vertex 0.078462822432258439 0.015607225761290261 -1
  endloop
endfacet
facet normal 0.97387697927733374 0.22707626303437256 0
  outer loop
    vertex 0.98078528040323043 0.19509032201612825 -1
    vertex 0.96592582628906831 0.25881904510252074 -1
    vertex 0.96592582628906831 0.25881904510252074 1
  endloop
endfacet
facet normal 0.97387697927733374 0.22707626303437256 -0
  outer loop
    vertex 0.98078528040323043 0.19509032201612825 -1
    vertex 0.96592582628906831 0.25881904510252074 1
    vertex 0.98078528040323043 0.19509032201612825 1
  endloop
endfacet
facet normal -0.97387697927733363 -0.2270762630343727 0
  outer loop
    vertex 0.078462822432258439 0.015607225761290261 -1
    vertex 0.077274066103125469 0.020705523608201659 1
    vertex 0.077274066103125469 0.020705523608201659 -1
  endloop
endfacet
facet normal -0.97387697927733363 -0.2270762630343727 0
  outer loop
    vertex 0.078462822432258439 0.015607225761290261 -1
    vertex 0.078462822432258439 0.015607225761290261 1
    vertex 0.077274066103125469 0.020705523608201659 1
  endloop
endfacet
facet normal 0 0 1
  outer loop
    vertex 0.98078528040323043 0.19509032201612825 1
    vertex 0.96592582628906831 0.25881904510252074 1
    vertex 0.077274066103125469 0.020705523608201659 1
  endloop
endfacet
facet normal 0 0 1
  outer loop
    vertex 0.98078528040323043 0.19509032201612825 1
    vertex 0.077274066103125469 0.020705523608201659 1
    vertex 0.078462822432258439 0.015607225761290261 1
  endloop
endfacet
facet normal -0 0 -1
  outer loop
    vertex 0.98078528040323043 0.19509032201612825 -1
    vertex 0.077274066103125469 0.020705523608201659 -1
    vertex 0.96592582628906831 0.25881904510252074 -1
  endloop
endfacet
facet normal 0 0 -1
  outer loop
    vertex 0.98078528040323043 0.19509032201612825 -1
    vertex 0.078462822432258439 0.015607225761290261 -1
    vertex 0.077274066103125469 0.020705523608201659 -1
  endloop
endfacet
facet normal 0.95694033573220882 0.29028467725446228 0
  outer loop
    vertex 0.96592582628906831 0.25881904510252074 -1
    vertex 0.94693012949510569 0.32143946530316159 -1
    vertex 0.94693012949510569 0.32143946530316159 1
  endloop
endfacet
facet normal 0.95694033573220882 0.29028467725446228 -0
  outer loop
    vertex 0.96592582628906831 0.25881904510252074 -1
    vertex 0.94693012949510569 0.32143946530316159 1
    vertex 0.96592582628906831 0.25881904510252074 1
  endloop
endfacet
facet normal -0.95694033573220905 -0.29028467725446161 0
  outer loop
    vertex 0.077274066103125469 0.020705523608201659 -1
    vertex 0.075754410359608462 0.025715157224252928 1
    vertex 0.075754410359608462 0.025715157224252928 -1
  endloop
endfacet
facet normal -0.95694033573220905 -0.29028467725446161 0
  outer loop
    vertex 0.077274066103125469 0.020705523608201659 -1
    vertex 0.077274066103125469 0.020705523608201659 1
    vertex 0.075754410359608462 0.025715157224252928 1
  endloop
endfacet
facet normal 0 0 1
  outer loop
    vertex 0.96592582628906831 0.25881904510252074 1
    vertex 0.94693012949510569 0.32143946530316159 1
    vertex 0.075754410359608462 0.025715157224252928 1
  endloop
endfacet
facet normal 0 0 1
  outer loop
    vertex 0.96592582628906831 0.25881904510252074 1
    vertex 0.075754410359608462 0.025715157224252928 1
    vertex 0.077274066103125469 0.020705523608201659 1
  endloop
endfacet
facet normal -0 0 -1
  outer loop
    vertex 0.96592582628906831 0.25881904510252074 -1
    vertex 0.075754410359608462 0.025715157224252928 -1
    vertex 0.94693012949510569 0.32143946530316159 -1
  endloop
endfacet
facet normal 0 0 -1
  outer loop
    vertex 0.96592582628906831 0.25881904510252074 -1
    vertex 0.077274066103125469 0.020705523608201659 -1
    vertex 0.075754410359608462 0.025715157224252928 -1
  endloop
endfacet
facet normal 0.93590592675732553 0.35225004792123404 0
  outer loop
    vertex 0.94693012949510569 0.32143946530316159 -1
    vertex 0.92387953251128674 0.38268343236508978 -1
    vertex 0.92387953251128674 0.38268343236508978 1
  endloop
endfacet
facet normal 0.93590592675732553 0.35225004792123404 -0
  outer loop
    vertex 0.94693012949510569 0.32143946530316159 -1
    vertex 0.92387953251128674 0.38268343236508978 1
    vertex 0.94693012949510569 0.32143946530316159 1
  endloop
endfacet
facet normal -0.93590592675732565 -0.3522500479212341 0
  outer loop
    vertex 0.075754410359608462 0.025715157224252928 -1
    vertex 0.073910362600902946 0.030614674589207184 1
    vertex 0.073910362600902946 0.030614674589207184 -1
  endloop
endfacet
facet normal -0.93590592675732565 -0.3522500479212341 0
  outer loop
    vertex 0.075754410359608462 0.025715157224252928 -1
    vertex 0.075754410359608462 0.025715157224252928 1
    vertex 0.073910362600902946 0.030614674589207184 1
  endloop
endfacet
facet normal 0 0 1
  outer loop
    vertex 0.94693012949510569 0.32143946530316159 1
    vertex 0.92387953251128674 0.38268343236508978 1
    vertex 0.073910362600902946 0.030614674589207184 1
  endloop
endfacet
facet normal 0 0 1
  outer loop
    vertex 0.94693012949510569 0.32143946530316159 1
    vertex 0.073910362600902946 0.030614674589207184 1
    vertex 0.075754410359608462 0.025715157224252928 1
  endloop
endfacet
facet normal -0 0 -1
  outer loop
    vertex 0.94693012949510569 0.32143946530316159 -1
    vertex 0.073910362600902946 0.030614674589207184 -1
    vertex 0.92387953251128674 0.38268343236508978 -1
  endloop
endfacet
facet normal 0 0 -1
  outer loop
    vertex 0.94693012949510569 0.32143946530316159 -1
    vertex 0.075754410359608462 0.025715157224252928 -1
    vertex 0.073910362600902946 0.030614674589207184 -1
  endloop
endfacet
facet normal 0.91086382492117623 0.412707029804394 0
  outer loop
    vertex 0.92387953251128674 0.38268343236508978 -1
    vertex 0.89687274153268837 0.44228869021900125 -1
    vertex 0.89687274153268837 0.44228869021900125 1
  endloop
endfacet
facet normal 0.91086382492117623 0.412707029804394 -0
  outer loop
    vertex 0.92387953251128674 0.38268343236508978 -1
    vertex 0.89687274153268837 0.44228869021900125 1
    vertex 0.92387953251128674 0.38268343236508978 1
  endloop
endfacet
facet normal -0.91086382492117546 -0.4127070298043955 0
  outer loop
    vertex 0.073910362600902946 0.030614674589207184 -1
    vertex 0.071749819322615066 0.035383095217520102 1
    vertex 0.071749819322615066 0.035383095217520102 -1
  endloop
endfacet
facet normal -0.91086382492117546 -0.4127070298043955 0
  outer loop
    vertex 0.073910362600902946 0.030614674589207184 -1
    vertex 0.073910362600902946 0.030614674589207184 1
    vertex 0.071749819322615066 0.035383095217520102 1
  endloop
endfacet
facet normal 0 0 1
  outer loop
    vertex 0.92387953251128674 0.38268343236508978 1
    vertex 0.89687274153268837 0.44228869021900125 1
    vertex 0.071749819322615066 0.035383095217520102 1
  endloop
endfacet
facet normal 0 0 1
  outer loop
    vertex 0.92387953251128674 0.38268343236508978 1
    vertex 0.071749819322615066 0.035383095217520102 1
    vertex 0.073910362600902946 0.030614674589207184 1
  endloop
endfacet
facet normal -0 0 -1
  outer loop
    vertex 0.92387953251128674 0.38268343236508978 -1
    vertex 0.071749819322615066 0.035383095217520102 -1
    vertex 0.89687274153268837 0.44228869021900125 -1
  endloop
endfacet
facet normal 0 0 -1
  outer loop
    vertex 0.92387953251128674 0.38268343236508978 -1
    vertex 0.073910362600902946 0.030614674589207184 -1
    vertex 0.071749819322615066 0.035383095217520102 -1
  endloop
endfacet
facet normal 0.88192126434835483 0.47139673682599775 0
  outer loop
    vertex 0.89687274153268837 0.44228869021900125 -1
    vertex 0.86602540378443871 0.49999999999999994 -1
    vertex 0.86602540378443871 0.49999999999999994 1
  endloop
endfacet
facet normal 0.88192126434835483 0.47139673682599775 -0
  outer loop
    vertex 0.89687274153268837 0.44228869021900125 -1
    vertex 0.86602540378443871 0.49999999999999994 1
    vertex 0.89687274153268837 0.44228869021900125 1
  endloop
endfacet
facet normal -0.88192126434835472 -0.47139673682599831 0
  outer loop
    vertex 0.071749819322615066 0.035383095217520102 -1
    vertex 0.069282032302755092 0.039999999999999994 1
    vertex 0.069282032302755092 0.039999999999999994 -1
  endloop
endfacet
facet normal -0.88192126434835472 -0.47139673682599831 0
  outer loop
    vertex 0.071749819322615066 0.035383095217520102 -1
    vertex 0.071749819322615066 0.035383095217520102 1
    vertex 0.069282032302755092 0.039999999999999994 1
  endloop
endfacet
facet normal 0 0 1
  outer loop
    vertex 0.89687274153268837 0.44228869021900125 1
    vertex 0.86602540378443871 0.49999999999999994 1
    vertex 0.069282032302755092 0.039999999999999994 1
  endloop
endfacet
facet normal 0 0 1
  outer loop
    vertex 0.89687274153268837 0.44228869021900125 1
    vertex 0.069282032302755092 0.039999999999999994 1
    vertex 0.071749819322615066 0.035383095217520102 1
  endloop
endfacet
facet normal -0 0 -1
  outer loop
    vertex 0.89687274153268837 0.44228869021900125 -1
    vertex 0.069282032302755092 0.039999999999999994 -1
    vertex 0.86602540378443871 0.49999999999999994 -1
  endloop
endfacet
facet normal 0 0 -1
  outer loop
    vertex 0.89687274153268837 0.44228869021900125 -1
    vertex 0.071749819322615066 0.035383095217520102 -1
    vertex 0.069282032302755092 0.039999999999999994 -1
  endloop
endfacet
facet normal 0.84920218152657845 0.52806785065036854 0
  outer loop
    vertex 0.86602540378443871 0.49999999999999994 -1
    vertex 0.83146961230254524 0.55557023301960218 -1
    vertex 0.83146961230254524 0.55557023301960218 1
  endloop
endfacet
facet normal 0.84920218152657845 0.52806785065036854 -0
  outer loop
    vertex 0.86602540378443871 0.49999999999999994 -1
    vertex 0.83146961230254524 0.55557023301960218 1
    vertex 0.86602540378443871 0.49999999999999994 1
  endloop
endfacet
facet normal -0.849202181526579 -0.52806785065036776 0
  outer loop
    vertex 0.069282032302755092 0.039999999999999994 -1
    vertex 0.066517568984203621 0.044445618641568173 1
    vertex 0.066517568984203621 0.044445618641568173 -1
  endloop
endfacet
facet normal -0.849202181526579 -0.52806785065036776 0
  outer loop
    vertex 0.069282032302755092 0.039999999999999994 -1
    vertex 0.069282032302755092 0.039999999999999994 1
    vertex 0.066517568984203621 0.044445618641568173 1
  endloop
endfacet
facet normal 0 0 1
  outer loop
    vertex 0.86602540378443871 0.49999999999999994 1
    vertex 0.83146961230254524 0.55557023301960218 1
    vertex 0.066517568984203621 0.044445618641568173 1
  endloop
endfacet
facet normal 0 0 1
  outer loop
    vertex 0.86602540378443871 0.49999999999999994 1
    vertex 0.066517568984203621 0.044445618641568173 1
    vertex 0.069282032302755092 0.039999999999999994 1
  endloop
endfacet
facet normal -0 0 -1
  outer loop
    vertex 0.86602540378443871 0.49999999999999994 -1
    vertex 0.066517568984203621 0.044445618641568173 -1
    vertex 0.83146961230254524 0.55557023301960218 -1
  endloop
endfacet
facet normal 0 0 -1
  outer loop
    vertex 0.86602540378443871 0.49999999999999994 -1
    vertex 0.069282032302755092 0.039999999999999994 -1
    vertex 0.066517568984203621 0.044445618641568173 -1
  endloop
endfacet
facet normal 0.81284668459161558 0.58247769686780171 0
  outer loop
    vertex 0.83146961230254524 0.55557023301960218 -1
    vertex 0.79335334029123517 0.60876142900872066 -1
    vertex 0.79335334029123517 0.60876142900872066 1
  endloop
endfacet
facet normal 0.81284668459161558 0.58247769686780171 -0
  outer loop
    vertex 0.83146961230254524 0.55557023301960218 -1
    vertex 0.79335334029123517 0.60876142900872066 1
    vertex 0.83146961230254524 0.55557023301960218 1
  endloop
endfacet
facet normal -0.81284668459161613 -0.58247769686780093 0
  outer loop
    vertex 0.066517568984203621 0.044445618641568173 -1
    vertex 0.063468267223298819 0.048700914320697654 1
    vertex 0.063468267223298819 0.048700914320697654 -1
  endloop
endfacet
facet normal -0.81284668459161613 -0.58247769686780093 0
  outer loop
    vertex 0.066517568984203621 0.044445618641568173 -1
    vertex 0.066517568984203621 0.044445618641568173 1
    vertex 0.063468267223298819 0.048700914320697654 1
  endloop
endfacet
facet normal 0 0 1
  outer loop
    vertex 0.83146961230254524 0.55557023301960218 1
    vertex 0.79335334029123517 0.60876142900872066 1
    vertex 0.063468267223298819 0.048700914320697654 1
  endloop
endfacet
facet normal 0 0 1
  outer loop
    vertex 0.83146961230254524 0.55557023301960218 1
    vertex 0.063468267223298819 0.048700914320697654 1
    vertex 0.066517568984203621 0.044445618641568173 1
  endloop
endfacet
facet normal -0 0 -1
  outer loop
    vertex 0.83146961230254524 0.55557023301960218 -1
    vertex 0.063468267223298819 0.048700914320697654 -1
    vertex 0.79335334029123517 0.60876142900872066 -1
  endloop
endfacet
facet normal 0 0 -1
  outer loop
    vertex 0.83146961230254524 0.55557023301960218 -1
    vertex 0.066517568984203621 0.044445618641568173 -1
    vertex 0.063468267223298819 0.048700914320697654 -1
  endloop
endfacet
facet normal 0.77301045336273744 0.63439328416364493 0
  outer loop
    vertex 0.79335334029123517 0.60876142900872066 -1
    vertex 0.7518398074789775 0.65934581510006884 -1
    vertex 0.7518398074789775 0.65934581510006884 1
  endloop
endfacet
facet normal 0.77301045336273744 0.63439328416364493 -0
  outer loop
    vertex 0.79335334029123517 0.60876142900872066 -1
    vertex 0.7518398074789775 0.65934581510006884 1
    vertex 0.79335334029123517 0.60876142900872066 1
  endloop
endfacet
facet normal -0.77301045336273677 -0.6343932841636456 0
  outer loop
    vertex 0.063468267223298819 0.048700914320697654 -1
    vertex 0.0601471845983182 0.052747665208005508 1
    vertex 0.0601471845983182 0.052747665208005508 -1
  endloop
endfacet
facet normal -0.77301045336273677 -0.6343932841636456 0
  outer loop
    vertex 0.063468267223298819 0.048700914320697654 -1
    vertex 0.063468267223298819 0.048700914320697654 1
    vertex 0.0601471845983182 0.052747665208005508 1
  endloop
endfacet
facet normal 0 0 1
  outer loop
    vertex 0.79335334029123517 0.60876142900872066 1
    vertex 0.7518398074789775 0.65934581510006884 1
    vertex 0.0601471845983182 0.052747665208005508 1
  endloop
endfacet
facet normal 0 0 1
  outer loop
    vertex 0.79335334029123517 0.60876142900872066 1
    vertex 0.0601471845983182 0.052747665208005508 1
    vertex 0.063468267223298819 0.048700914320697654 1
  endloop
endfacet
facet normal -0 0 -1
  outer loop
    vertex 0.79335334029123517 0.60876142900872066 -1
    vertex 0.0601471845983182 0.052747665208005508 -1
    vertex 0.7518398074789775 0.65934581510006884 -1
  endloop
endfacet
facet normal 0 0 -1
  outer loop
    vertex 0.79335334029123517 0.60876142900872066 -1
    vertex 0.063468267223298819 0.048700914320697654 -1
    vertex 0.0601471845983182 0.052747665208005508 -1
  endloop
endfacet
facet normal 0.72986407269783493 0.68359230202287191 0
  outer loop
    vertex 0.7518398074789775 0.65934581510006884 -1
    vertex 0.70710678118654757 0.70710678118654746 -1
    vertex 0.70710678118654757 0.70710678118654746 1
  endloop
endfacet
facet normal 0.72986407269783493 0.68359230202287191 -0
  outer loop
    vertex 0.7518398074789775 0.65934581510006884 -1
    vertex 0.70710678118654757 0.70710678118654746 1
    vertex 0.7518398074789775 0.65934581510006884 1
  endloop
endfacet
facet normal -0.72986407269783526 -0.6835923020228718 0
  outer loop
    vertex 0.0601471845983182 0.052747665208005508 -1
    vertex 0.05656854249492381 0.056568542494923796 1
    vertex 0.05656854249492381 0.056568542494923796 -1
  endloop
endfacet
facet normal -0.72986407269783526 -0.6835923020228718 0
  outer loop
    vertex 0.0601471845983182 0.052747665208005508 -1
    vertex 0.0601471845983182 0.052747665208005508 1
    vertex 0.05656854249492381 0.056568542494923796 1
  endloop
endfacet
facet normal 0 0 1
  outer loop
    vertex 0.7518398074789775 0.65934581510006884 1
    vertex 0.70710678118654757 0.70710678118654746 1
    vertex 0.05656854249492381 0.056568542494923796 1
  endloop
endfacet
facet normal 0 0 1
  outer loop
    vertex 0.7518398074789775 0.65934581510006884 1
    vertex 0.05656854249492381 0.056568542494923796 1
    vertex 0.0601471845983182 0.052747665208005508 1
  endloop
endfacet
facet normal -0 0 -1
  outer loop
    vertex 0.7518398074789775 0.65934581510006884 -1
    vertex 0.05656854249492381 0.056568542494923796 -1
    vertex 0.70710678118654757 0.70710678118654746 -1
  endloop
endfacet
facet normal 0 0 -1
  outer loop
    vertex 0.7518398074789775 0.65934581510006884 -1
    vertex 0.0601471845983182 0.052747665208005508 -1
    vertex 0.05656854249492381 0.056568542494923796 -1
  endloop
endfacet
facet normal 0.68359230202287113 0.72986407269783582 0
  outer loop
    vertex 0.70710678118654757 0.70710678118654746 -1
    vertex 0.65934581510006884 0.75183980747897738 -1
    vertex 0.65934581510006884 0.75183980747897738 1
  endloop
endfacet
facet normal 0.68359230202287113 0.72986407269783582 -0
  outer loop
    vertex 0.70710678118654757 0.70710678118654746 -1
    vertex 0.65934581510006884 0.75183980747897738 1
    vertex 0.70710678118654757 0.70710678118654746 1
  endloop
endfacet
facet normal -0.68359230202287113 -0.72986407269783582 0
  outer loop
    vertex 0.05656854249492381 0.056568542494923796 -1
    vertex 0.052747665208005508 0.060147184598318193 1
    vertex 0.052747665208005508 0.060147184598318193 -1
  endloop
endfacet
facet normal -0.68359230202287113 -0.72986407269783582 0
  outer loop
    vertex 0.05656854249492381 0.056568542494923796 -1
    vertex 0.05656854249492381 0.056568542494923796 1
    vertex 0.052747665208005508 0.060147184598318193 1
  endloop
endfacet
facet normal 0 0 1
  outer loop
    vertex 0.70710678118654757 0.70710678118654746 1
    vertex 0.65934581510006884 0.75183980747897738 1
    vertex 0.052747665208005508 0.060147184598318193 1
  endloop
endfacet
facet normal 0 0 1
  outer loop
    vertex 0.70710678118654757 0.70710678118654746 1
    vertex 0.052747665208005508 0.060147184598318193 1
    vertex 0.05656854249492381 0.056568542494923796 1
  endloop
endfacet
facet normal -0 0 -1
  outer loop
    vertex 0.70710678118654757 0.70710678118654746 -1
    vertex 0.052747665208005508 0.060147184598318193 -1
    vertex 0.65934581510006884 0.75183980747897738 -1
  endloop
endfacet
facet normal 0 0 -1
  outer loop
    vertex 0.70710678118654757 0.70710678118654746 -1
    vertex 0.05656854249492381 0.056568542494923796 -1
    vertex 0.052747665208005508 0.060147184598318193 -1
  endloop
endfacet
facet normal 0.63439328416364593 0.77301045336273666 0
  outer loop
    vertex 0.65934581510006884 0.75183980747897738 -1
    vertex 0.60876142900872066 0.79335334029123517 -1
    vertex 0.60876142900872066 0.79335334029123517 1
  endloop
endfacet
facet normal 0.63439328416364593 0.77301045336273666 -0
  outer loop
    vertex 0.65934581510006884 0.75183980747897738 -1
    vertex 0.60876142900872066 0.79335334029123517 1
    vertex 0.65934581510006884 0.75183980747897738 1
  endloop
endfacet
facet normal -0.63439328416364649 -0.77301045336273633 0
  outer loop
    vertex 0.052747665208005508 0.060147184598318193 -1
    vertex 0.048700914320697654 0.063468267223298819 1
    vertex 0.048700914320697654 0.063468267223298819 -1
  endloop
endfacet
facet normal -0.63439328416364649 -0.77301045336273633 0
  outer loop
    vertex 0.052747665208005508 0.060147184598318193 -1
    vertex 0.052747665208005508 0.060147184598318193 1
    vertex 0.048700914320697654 0.063468267223298819 1
  endloop
endfacet
facet normal 0 0 1
  outer loop
    vertex 0.65934581510006884 0.75183980747897738 1
    vertex 0.60876142900872066 0.79335334029123517 1
    vertex 0.048700914320697654 0.063468267223298819 1
  endloop
endfacet
facet normal 0 0 1
  outer loop
    vertex 0.65934581510006884 0.75183980747897738 1
    vertex 0.048700914320697654 0.063468267223298819 1
    vertex 0.052747665208005508 0.060147184598318193 1
  endloop
endfacet
facet normal -0 0 -1
  outer loop
    vertex 0.65934581510006884 0.75183980747897738 -1
    vertex 0.048700914320697654 0.063468267223298819 -1
    vertex 0.60876142900872066 0.79335334029123517 -1
  endloop
endfacet
facet normal 0 0 -1
  outer loop
    vertex 0.65934581510006884 0.75183980747897738 -1
    vertex 0.052747665208005508 0.060147184598318193 -1
    vertex 0.048700914320697654 0.063468267223298819 -1
  endloop
endfacet
facet normal 0.58247769686780215 0.81284668459161513 0
  outer loop
    vertex 0.60876142900872066 0.79335334029123517 -1
    vertex 0.5555702330196024 0.83146961230254512 -1
    vertex 0.5555702330196024 0.83146961230254512 1
  endloop
endfacet
facet normal 0.58247769686780215 0.81284668459161513 -0
  outer loop
    vertex 0.60876142900872066 0.79335334029123517 -1
    vertex 0.5555702330196024 0.83146961230254512 1
    vertex 0.60876142900872066 0.79335334029123517 1
  endloop
endfacet
facet normal -0.58247769686780104 -0.81284668459161602 0
  outer loop
    vertex 0.048700914320697654 0.063468267223298819 -1
    vertex 0.044445618641568194 0.066517568984203607 1
    vertex 0.044445618641568194 0.066517568984203607 -1
  endloop
endfacet
facet normal -0.58247769686780104 -0.81284668459161602 0
  outer loop
    vertex 0.048700914320697654 0.063468267223298819 -1
    vertex 0.048700914320697654 0.063468267223298819 1
    vertex 0.044445618641568194 0.066517568984203607 1
  endloop
endfacet
facet normal 0 0 1
  outer loop
    vertex 0.60876142900872066 0.79335334029123517 1
    vertex 0.5555702330196024 0.83146961230254512 1
    vertex 0.044445618641568194 0.066517568984203607 1
  endloop
endfacet
facet normal 0 0 1
  outer loop
    vertex 0.60876142900872066 0.79335334029123517 1
    vertex 0.044445618641568194 0.066517568984203607 1
    vertex 0.048700914320697654 0.063468267223298819 1
  endloop
endfacet
facet normal -0 0 -1
  outer loop
    vertex 0.60876142900872066 0.79335334029123517 -1
    vertex 0.044445618641568194 0.066517568984203607 -1
    vertex 0.5555702330196024 0.83146961230254512 -1
  endloop
endfacet
facet normal 0 0 -1
  outer loop
    vertex 0.60876142900872066 0.79335334029123517 -1
    vertex 0.048700914320697654 0.063468267223298819 -1
    vertex 0.044445618641568194 0.066517568984203607 -1
  endloop
endfacet
facet normal 0.52806785065036821 0.84920218152657878 0
  outer loop
    vertex 0.5555702330196024 0.83146961230254512 -1
    vertex 0.50000000000000011 0.8660254037844386 -1
    vertex 0.50000000000000011 0.8660254037844386 1
  endloop
endfacet
facet normal 0.52806785065036821 0.84920218152657878 -0
  outer loop
    vertex 0.5555702330196024 0.83146961230254512 -1
    vertex 0.50000000000000011 0.8660254037844386 1
    vertex 0.5555702330196024 0.83146961230254512 1
  endloop
endfacet
facet normal -0.5280678506503691 -0.84920218152657823 0
  outer loop
    vertex 0.044445618641568194 0.066517568984203607 -1
    vertex 0.040000000000000008 0.069282032302755092 1
    vertex 0.040000000000000008 0.069282032302755092 -1
  endloop
endfacet
facet normal -0.5280678506503691 -0.84920218152657823 0
  outer loop
    vertex 0.044445618641568194 0.066517568984203607 -1
    vertex 0.044445618641568194 0.066517568984203607 1
    vertex 0.040000000000000008 0.069282032302755092 1
  endloop
endfacet
facet normal 0 0 1
  outer loop
    vertex 0.5555702330196024 0.83146961230254512 1
    vertex 0.50000000000000011 0.8660254037844386 1
    vertex 0.040000000000000008 0.069282032302755092 1
  endloop
endfacet
facet normal 0 0 1
  outer loop
    vertex 0.5555702330196024 0.83146961230254512 1
    vertex 0.040000000000000008 0.069282032302755092 1
    vertex 0.044445618641568194 0.066517568984203607 1
  endloop
endfacet
facet normal -0 0 -1
  outer loop
    vertex 0.5555702330196024 0.83146961230254512 -1
    vertex 0.040000000000000008 0.069282032302755092 -1
    vertex 0.50000000000000011 0.8660254037844386 -1
  endloop
endfacet
facet normal 0 0 -1
  outer loop
    vertex 0.5555702330196024 0.83146961230254512 -1
    vertex 0.044445618641568194 0.066517568984203607 -1
    vertex 0.040000000000000008 0.069282032302755092 -1
  endloop
endfacet
facet normal 0.47139673682599803 0.88192126434835483 0
  outer loop
    vertex 0.50000000000000011 0.8660254037844386 -1
    vertex 0.44228869021900125 0.89687274153268837 -1
    vertex 0.44228869021900125 0.89687274153268837 1
  endloop
endfacet
facet normal 0.47139673682599803 0.88192126434835483 -0
  outer loop
    vertex 0.50000000000000011 0.8660254037844386 -1
    vertex 0.44228869021900125 0.89687274153268837 1
    vertex 0.50000000000000011 0.8660254037844386 1
  endloop
endfacet
facet normal -0.4713967368259972 -0.88192126434835527 0
  outer loop
    vertex 0.040000000000000008 0.069282032302755092 -1
    vertex 0.035383095217520102 0.071749819322615066 1
    vertex 0.035383095217520102 0.071749819322615066 -1
  endloop
endfacet
facet normal -0.4713967368259972 -0.88192126434835527 0
  outer loop
    vertex 0.040000000000000008 0.069282032302755092 -1
    vertex 0.040000000000000008 0.069282032302755092 1
    vertex 0.035383095217520102 0.071749819322615066 1
  endloop
endfacet
facet normal 0 0 1
  outer loop
    vertex 0.50000000000000011 0.8660254037844386 1
    vertex 0.44228869021900125 0.89687274153268837 1
    vertex 0.035383095217520102 0.071749819322615066 1
  endloop
endfacet
facet normal 0 0 1
  outer loop
    vertex 0.50000000000000011 0.8660254037844386 1
    vertex 0.035383095217520102 0.071749819322615066 1
    vertex 0.040000000000000008 0.069282032302755092 1
  endloop
endfacet
facet normal -0 0 -1
  outer loop
    vertex 0.50000000000000011 0.8660254037844386 -1
    vertex 0.035383095217520102 0.071749819322615066 -1
    vertex 0.44228869021900125 0.89687274153268837 -1
  endloop
endfacet
facet normal 0 0 -1
  outer loop
    vertex 0.50000000000000011 0.8660254037844386 -1
    vertex 0.040000000000000008 0.069282032302755092 -1
    vertex 0.035383095217520102 0.071749819322615066 -1
  endloop
endfacet
facet normal 0.41270702980439428 0.91086382492117601 0
  outer loop
    vertex 0.44228869021900125 0.89687274153268837 -1
    vertex 0.38268343236508984 0.92387953251128674 -1
    vertex 0.38268343236508984 0.92387953251128674 1
  endloop
endfacet
facet normal 0.41270702980439428 0.91086382492117601 -0
  outer loop
    vertex 0.44228869021900125 0.89687274153268837 -1
    vertex 0.38268343236508984 0.92387953251128674 1
    vertex 0.44228869021900125 0.89687274153268837 1
  endloop
endfacet
facet normal -0.41270702980439572 -0.91086382492117524 0
  outer loop
    vertex 0.035383095217520102 0.071749819322615066 -1
    vertex 0.030614674589207188 0.073910362600902946 1
    vertex 0.030614674589207188 0.073910362600902946 -1
  endloop
endfacet
facet normal -0.41270702980439572 -0.91086382492117524 0
  outer loop
    vertex 0.035383095217520102 0.071749819322615066 -1
    vertex 0.035383095217520102 0.071749819322615066 1
    vertex 0.030614674589207188 0.073910362600902946 1
  endloop
endfacet
facet normal 0 0 1
  outer loop
    vertex 0.44228869021900125 0.89687274153268837 1
    vertex 0.38268343236508984 0.92387953251128674 1
    vertex 0.030614674589207188 0.073910362600902946 1
  endloop
endfacet
facet normal 0 0 1
  outer loop
    vertex 0.44228869021900125 0.89687274153268837 1
    vertex 0.030614674589207188 0.073910362600902946 1
    vertex 0.035383095217520102 0.071749819322615066 1
  endloop
endfacet
facet normal -0 0 -1
  outer loop
    vertex 0.44228869021900125 0.89687274153268837 -1
    vertex 0.030614674589207188 0.073910362600902946 -1
    vertex 0.38268343236508984 0.92387953251128674 -1
  endloop
endfacet
facet normal 0 0 -1
  outer loop
    vertex 0.44228869021900125 0.89687274153268837 -1
    vertex 0.035383095217520102 0.071749819322615066 -1
    vertex 0.030614674589207188 0.073910362600902946 -1
  endloop
endfacet
facet normal 0.35225004792123288 0.93590592675732609 0
  outer loop
    vertex 0.38268343236508984 0.92387953251128674 -1
    vertex 0.3214394653031617 0.94693012949510558 -1
    vertex 0.3214394653031617 0.94693012949510558 1
  endloop
endfacet
facet normal 0.35225004792123288 0.93590592675732609 -0
  outer loop
    vertex 0.38268343236508984 0.92387953251128674 -1
    vertex 0.3214394653031617 0.94693012949510558 1
    vertex 0.38268343236508984 0.92387953251128674 1
  endloop
endfacet
facet normal -0.35225004792123221 -0.93590592675732631 0
  outer loop
    vertex 0.030614674589207188 0.073910362600902946 -1
    vertex 0.025715157224252938 0.075754410359608448 1
    vertex 0.025715157224252938 0.075754410359608448 -1
  endloop
endfacet
facet normal -0.35225004792123221 -0.93590592675732631 0
  outer loop
    vertex 0.030614674589207188 0.073910362600902946 -1
    vertex 0.030614674589207188 0.073910362600902946 1
    vertex 0.025715157224252938 0.075754410359608448 1
  endloop
endfacet
facet normal 0 0 1
  outer loop
    vertex 0.38268343236508984 0.92387953251128674 1
    vertex 0.3214394653031617 0.94693012949510558 1
    vertex 0.025715157224252938 0.075754410359608448 1
  endloop
endfacet
facet normal 0 0 1
  outer loop
    vertex 0.38268343236508984 0.92387953251128674 1
    vertex 0.025715157224252938 0.075754410359608448 1
    vertex 0.030614674589207188 0.073910362600902946 1
  endloop
endfacet
facet normal -0 0 -1
  outer loop
    vertex 0.38268343236508984 0.92387953251128674 -1
    vertex 0.025715157224252938 0.075754410359608448 -1
    vertex 0.3214394653031617 0.94693012949510558 -1
  endloop
endfacet
facet normal 0 0 -1
  outer loop
    vertex 0.38268343236508984 0.92387953251128674 -1
    vertex 0.030614674589207188 0.073910362600902946 -1
    vertex 0.025715157224252938 0.075754410359608448 -1
  endloop
endfacet
facet normal 0.29028467725446333 0.95694033573220849 0
  outer loop
    vertex 0.3214394653031617 0.94693012949510558 -1
    vertex 0.25881904510252074 0.96592582628906831 -1
    vertex 0.25881904510252074 0.96592582628906831 1
  endloop
endfacet
facet normal 0.29028467725446333 0.95694033573220849 -0
  outer loop
    vertex 0.3214394653031617 0.94693012949510558 -1
    vertex 0.25881904510252074 0.96592582628906831 1
    vertex 0.3214394653031617 0.94693012949510558 1
  endloop
endfacet
facet normal -0.2902846772544635 -0.95694033573220849 0
  outer loop
    vertex 0.025715157224252938 0.075754410359608448 -1
    vertex 0.020705523608201659 0.077274066103125469 1
    vertex 0.020705523608201659 0.077274066103125469 -1
  endloop
endfacet
facet normal -0.2902846772544635 -0.95694033573220849 0
  outer loop
    vertex 0.025715157224252938 0.075754410359608448 -1
    vertex 0.025715157224252938 0.075754410359608448 1
    vertex 0.020705523608201659 0.077274066103125469 1
  endloop
endfacet
facet normal 0 0 1
  outer loop
    vertex 0.3214394653031617 0.94693012949510558 1
    vertex 0.25881904510252074 0.96592582628906831 1
    vertex 0.020705523608201659 0.077274066103125469 1
  endloop
endfacet
facet normal 0 0 1
  outer loop
    vertex 0.3214394653031617 0.94693012949510558 1
    vertex 0.020705523608201659 0.077274066103125469 1
    vertex 0.025715157224252938 0.075754410359608448 1
  endloop
endfacet
facet normal -0 0 -1
  outer loop
    vertex 0.3214394653031617 0.94693012949510558 -1
    vertex 0.020705523608201659 0.077274066103125469 -1
    vertex 0.25881904510252074 0.96592582628906831 -1
  endloop
endfacet
facet normal 0 0 -1
  outer loop
    vertex 0.3214394653031617 0.94693012949510558 -1
    vertex 0.025715157224252938 0.075754410359608448 -1
    vertex 0.020705523608201659 0.077274066103125469 -1
  endloop
endfacet
facet normal 0.22707626303437287 0.97387697927733374 0
  outer loop
    vertex 0.25881904510252074 0.96592582628906831 -1
    vertex 0.19509032201612833 0.98078528040323043 -1
    vertex 0.19509032201612833 0.98078528040323043 1
  endloop
endfacet
facet normal 0.22707626303437287 0.97387697927733374 -0
  outer loop
    vertex 0.25881904510252074 0.96592582628906831 -1
    vertex 0.19509032201612833 0.98078528040323043 1
    vertex 0.25881904510252074 0.96592582628906831 1
  endloop
endfacet
facet normal -0.227076263034373 -0.97387697927733363 0
  outer loop
    vertex 0.020705523608201659 0.077274066103125469 -1
    vertex 0.015607225761290268 0.078462822432258439 1
    vertex 0.015607225761290268 0.078462822432258439 -1
  endloop
endfacet
facet normal -0.227076263034373 -0.97387697927733363 0
  outer loop
    vertex 0.020705523608201659 0.077274066103125469 -1
    vertex 0.020705523608201659 0.077274066103125469 1
    vertex 0.015607225761290268 0.078462822432258439 1
  endloop
endfacet
facet normal 0 0 1
  outer loop
    vertex 0.25881904510252074 0.96592582628906831 1
    vertex 0.19509032201612833 0.98078528040323043 1
    vertex 0.015607225761290268 0.078462822432258439 1
  endloop
endfacet
facet normal 0 0 1
  outer loop
    vertex 0.25881904510252074 0.96592582628906831 1
    vertex 0.015607225761290268 0.078462822432258439 1
    vertex 0.020705523608201659 0.077274066103125469 1
  endloop
endfacet
facet normal -0 0 -1
  outer loop
    vertex 0.25881904510252074 0.96592582628906831 -1
    vertex 0.015607225761290268 0.078462822432258439 -1
    vertex 0.19509032201612833 0.98078528040323043 -1
  endloop
endfacet
facet normal 0 0 -1
  outer loop
    vertex 0.25881904510252074 0.96592582628906831 -1
    vertex 0.020705523608201659 0.077274066103125469 -1
    vertex 0.015607225761290268 0.078462822432258439 -1
  endloop
endfacet
facet normal 0.16289547339458871 0.98664333208487887 0
  outer loop
    vertex 0.19509032201612833 0.98078528040323043 -1
    vertex 0.13052619222005171 0.99144486137381038 -1
    vertex 0.13052619222005171 0.99144486137381038 1
  endloop
endfacet
facet normal 0.16289547339458871 0.98664333208487887 -0
  outer loop
    vertex 0.19509032201612833 0.98078528040323043 -1
    vertex 0.13052619222005171 0.99144486137381038 1
    vertex 0.19509032201612833 0.98078528040323043 1
  endloop
endfacet
facet normal -0.16289547339458935 -0.98664333208487898 0
  outer loop
    vertex 0.015607225761290268 0.078462822432258439 -1
    vertex 0.010442095377604137 0.079315588909904838 1
    vertex 0.010442095377604137 0.079315588909904838 -1
  endloop
endfacet
facet normal -0.16289547339458935 -0.98664333208487898 0
  outer loop
    vertex 0.015607225761290268 0.078462822432258439 -1
    vertex 0.015607225761290268 0.078462822432258439 1
    vertex 0.010442095377604137 0.079315588909904838 1
  endloop
endfacet
facet normal 0 0 1
  outer loop
    vertex 0.19509032201612833 0.98078528040323043 1
    vertex 0.13052619222005171 0.99144486137381038 1
    vertex 0.010442095377604137 0.079315588909904838 1
  endloop
endfacet
facet normal 0 0 1
  outer loop
    vertex 0.19509032201612833 0.98078528040323043 1
    vertex 0.010442095377604137 0.079315588909904838 1
    vertex 0.015607225761290268 0.078462822432258439 1
  endloop
endfacet
facet normal -0 0 -1
  outer loop
    vertex 0.19509032201612833 0.98078528040323043 -1
    vertex 0.010442095377604137 0.079315588909904838 -1
    vertex 0.13052619222005171 0.99144486137381038 -1
  endloop
endfacet
facet normal 0 0 -1
  outer loop
    vertex 0.19509032201612833 0.98078528040323043 -1
    vertex 0.015607225761290268 0.078462822432258439 -1
    vertex 0.010442095377604137 0.079315588909904838 -1
  endloop
endfacet
facet normal 0.098017140329560742 0.99518472667219682 0
  outer loop
    vertex 0.13052619222005171 0.99144486137381038 -1
    vertex 0.06540312923014327 0.99785892323860348 -1
    vertex 0.06540312923014327 0.99785892323860348 1
  endloop
endfacet
facet normal 0.098017140329560742 0.99518472667219682 -0
  outer loop
    vertex 0.13052619222005171 0.99144486137381038 -1
    vertex 0.06540312923014327 0.99785892323860348 1
    vertex 0.13052619222005171 0.99144486137381038 1
  endloop
endfacet
facet normal -0.098017140329560021 -0.99518472667219704 0
  outer loop
    vertex 0.010442095377604137 0.079315588909904838 -1
    vertex 0.005232250338411462 0.079828713859088282 1
    vertex 0.005232250338411462 0.079828713859088282 -1
  endloop
endfacet
facet normal -0.098017140329560021 -0.99518472667219704 0
  outer loop
    vertex 0.010442095377604137 0.079315588909904838 -1
    vertex 0.010442095377604137 0.079315588909904838 1
    vertex 0.005232250338411462 0.079828713859088282 1
  endloop
endfacet
facet normal 0 0 1
  outer loop
    vertex 0.13052619222005171 0.99144486137381038 1
    vertex 0.06540312923014327 0.99785892323860348 1
    vertex 0.005232250338411462 0.079828713859088282 1
  endloop
endfacet
facet normal 0 0 1
  outer loop
    vertex 0.13052619222005171 0.99144486137381038 1
    vertex 0.005232250338411462 0.079828713859088282 1
    vertex 0.010442095377604137 0.079315588909904838 1
  endloop
endfacet
facet normal -0 0 -1
  outer loop
    vertex 0.13052619222005171 0.99144486137381038 -1
    vertex 0.005232250338411462 0.079828713859088282 -1
    vertex 0.06540312923014327 0.99785892323860348 -1
  endloop
endfacet
facet normal 0 0 -1
  outer loop
    vertex 0.13052619222005171 0.99144486137381038 -1
    vertex 0.010442095377604137 0.079315588909904838 -1
    vertex 0.005232250338411462 0.079828713859088282 -1
  endloop
endfacet
facet normal 0.032719082821776484 0.99946458747636546 0
  outer loop
    vertex 0.06540312923014327 0.99785892323860348 -1
    vertex 6.123233995736766e-17 1 -1
    vertex 6.123233995736766e-17 1 1
  endloop
endfacet
facet normal 0.032719082821776484 0.99946458747636546 -0
  outer loop
    vertex 0.06540312923014327 0.99785892323860348 -1
    vertex 6.123233995736766e-17 1 1
    vertex 0.06540312923014327 0.99785892323860348 1
  endloop
endfacet
facet normal -0.032719082821776067 -0.99946458747636557 0
  outer loop
    vertex 0.005232250338411462 0.079828713859088282 -1
    vertex 4.8985871965894128e-18 0.080000000000000002 1
    vertex 4.8985871965894128e-18 0.080000000000000002 -1
  endloop
endfacet
facet normal -0.032719082821776067 -0.99946458747636557 0
  outer loop
    vertex 0.005232250338411462 0.079828713859088282 -1
    vertex 0.005232250338411462 0.079828713859088282 1
    vertex 4.8985871965894128e-18 0.080000000000000002 1
  endloop
endfacet
facet normal 0 0 1
  outer loop
    vertex 0.06540312923014327 0.99785892323860348 1
    vertex 6.123233995736766e-17 1 1
    vertex 4.8985871965894128e-18 0.080000000000000002 1
  endloop
endfacet
facet normal 0 0 1
  outer loop
    vertex 0.06540312923014327 0.99785892323860348 1
    vertex 4.8985871965894128e-18 0.080000000000000002 1
    vertex 0.005232250338411462 0.079828713859088282 1
  endloop
endfacet
facet normal -0 0 -1
  outer loop
    vertex 0.06540312923014327 0.99785892323860348 -1
    vertex 4.8985871965894128e-18 0.080000000000000002 -1
    vertex 6.123233995736766e-17 1 -1
  endloop
endfacet
facet normal 0 0 -1
  outer loop
    vertex 0.06540312923014327 0.99785892323860348 -1
    vertex 0.005232250338411462 0.079828713859088282 -1
    vertex 4.8985871965894128e-18 0.080000000000000002 -1
  endloop
endfacet
facet normal -0.032719082821776498 0.99946458747636568 0
  outer loop
    vertex 6.123233995736766e-17 1 -1
    vertex -0.065403129230143145 0.99785892323860348 -1
    vertex -0.065403129230143145 0.99785892323860348 1
  endloop
endfacet
facet normal -0.032719082821776498 0.99946458747636568 0
  outer loop
    vertex 6.123233995736766e-17 1 -1
    vertex -0.065403129230143145 0.99785892323860348 1
    vertex 6.123233995736766e-17 1 1
  endloop
endfacet
facet normal 0.032719082821776067 -0.99946458747636557 0
  outer loop
    vertex 4.8985871965894128e-18 0.080000000000000002 -1
    vertex -0.0052322503384114516 0.079828713859088282 1
    vertex -0.0052322503384114516 0.079828713859088282 -1
  endloop
endfacet
facet normal 0.032719082821776067 -0.99946458747636557 0
  outer loop
    vertex 4.8985871965894128e-18 0.080000000000000002 -1
    vertex 4.8985871965894128e-18 0.080000000000000002 1
    vertex -0.0052322503384114516 0.079828713859088282 1
  endloop
endfacet
facet normal 0 0 1
  outer loop
    vertex 6.123233995736766e-17 1 1
    vertex -0.065403129230143145 0.99785892323860348 1
    vertex -0.0052322503384114516 0.079828713859088282 1
  endloop
endfacet
facet normal 0 0 1
  outer loop
    vertex 6.123233995736766e-17 1 1
    vertex -0.0052322503384114516 0.079828713859088282 1
    vertex 4.8985871965894128e-18 0.080000000000000002 1
  endloop
endfacet
facet normal 0 0 -1
  outer loop
    vertex 6.123233995736766e-17 1 -1
    vertex -0.0052322503384114516 0.079828713859088282 -1
    vertex -0.065403129230143145 0.99785892323860348 -1
  endloop
endfacet
facet normal 0 0 -1
  outer loop
    vertex 6.123233995736766e-17 1 -1
    vertex 4.8985871965894128e-18 0.080000000000000002 -1
    vertex -0.0052322503384114516 0.079828713859088282 -1
  endloop
endfacet
facet normal -0.098017140329560715 0.99518472667219682 0
  outer loop
    vertex -0.065403129230143145 0.99785892323860348 -1
    vertex -0.1305261922200516 0.99144486137381038 -1
    vertex -0.1305261922200516 0.99144486137381038 1
  endloop
endfacet
facet normal -0.098017140329560715 0.99518472667219682 0
  outer loop
    vertex -0.065403129230143145 0.99785892323860348 -1
    vertex -0.1305261922200516 0.99144486137381038 1
    vertex -0.065403129230143145 0.99785892323860348 1
  endloop
endfacet
facet normal 0.098017140329559965 -0.99518472667219682 0
  outer loop
    vertex -0.0052322503384114516 0.079828713859088282 -1
    vertex -0.010442095377604129 0.079315588909904838 1
    vertex -0.010442095377604129 0.079315588909904838 -1
  endloop
endfacet
facet normal 0.098017140329559965 -0.99518472667219682 0
  outer loop
    vertex -0.0052322503384114516 0.079828713859088282 -1
    vertex -0.0052322503384114516 0.079828713859088282 1
    vertex -0.010442095377604129 0.079315588909904838 1
  endloop
endfacet
facet normal 0 0 1
  outer loop
    vertex -0.065403129230143145 0.99785892323860348 1
    vertex -0.1305261922200516 0.99144486137381038 1
    vertex -0.010442095377604129 0.079315588909904838 1
  endloop
endfacet
facet normal 0 0 1
  outer loop
    vertex -0.065403129230143145 0.99785892323860348 1
    vertex -0.010442095377604129 0.079315588909904838 1
    vertex -0.0052322503384114516 0.079828713859088282 1
  endloop
endfacet
facet normal 0 -0 -1
  outer loop
    vertex -0.065403129230143145 0.99785892323860348 -1
    vertex -0.010442095377604129 0.079315588909904838 -1
    vertex -0.1305261922200516 0.99144486137381038 -1
  endloop
endfacet
facet normal 0 0 -1
  outer loop
    vertex -0.065403129230143145 0.99785892323860348 -1
    vertex -0.0052322503384114516 0.079828713859088282 -1
    vertex -0.010442095377604129 0.079315588909904838 -1
  endloop
endfacet
facet normal -0.16289547339458879 0.98664333208487887 0
  outer loop
    vertex -0.1305261922200516 0.99144486137381038 -1
    vertex -0.19509032201612819 0.98078528040323043 -1
    vertex -0.19509032201612819 0.98078528040323043 1
  endloop
endfacet
facet normal -0.16289547339458879 0.98664333208487887 0
  outer loop
    vertex -0.1305261922200516 0.99144486137381038 -1
    vertex -0.19509032201612819 0.98078528040323043 1
    vertex -0.1305261922200516 0.99144486137381038 1
  endloop
endfacet
facet normal 0.16289547339458943 -0.98664333208487875 0
  outer loop
    vertex -0.010442095377604129 0.079315588909904838 -1
    vertex -0.015607225761290255 0.078462822432258439 1
    vertex -0.015607225761290255 0.078462822432258439 -1
  endloop
endfacet
facet normal 0.16289547339458943 -0.98664333208487875 0
  outer loop
    vertex -0.010442095377604129 0.079315588909904838 -1
    vertex -0.010442095377604129 0.079315588909904838 1
    vertex -0.015607225761290255 0.078462822432258439 1
  endloop
endfacet
facet normal 0 0 1
  outer loop
    vertex -0.1305261922200516 0.99144486137381038 1
    vertex -0.19509032201612819 0.98078528040323043 1
    vertex -0.015607225761290255 0.078462822432258439 1
  endloop
endfacet
facet normal 0 0 1
  outer loop
    vertex -0.1305261922200516 0.99144486137381038 1
    vertex -0.015607225761290255 0.078462822432258439 1
    vertex -0.010442095377604129 0.079315588909904838 1
  endloop
endfacet
facet normal 0 -0 -1
  outer loop
    vertex -0.1305261922200516 0.99144486137381038 -1
    vertex -0.015607225761290255 0.078462822432258439 -1
    vertex -0.19509032201612819 0.98078528040323043 -1
  endloop
endfacet
facet normal 0 0 -1
  outer loop
    vertex -0.1305261922200516 0.99144486137381038 -1
    vertex -0.010442095377604129 0.079315588909904838 -1
    vertex -0.015607225761290255 0.078462822432258439 -1
  endloop
endfacet
facet normal -0.22707626303437276 0.97387697927733374 0
  outer loop
    vertex -0.19509032201612819 0.98078528040323043 -1
    vertex -0.25881904510252063 0.96592582628906831 -1
    vertex -0.25881904510252063 0.96592582628906831 1
  endloop
endfacet
facet normal -0.22707626303437276 0.97387697927733374 0
  outer loop
    vertex -0.19509032201612819 0.98078528040323043 -1
    vertex -0.25881904510252063 0.96592582628906831 1
    vertex -0.19509032201612819 0.98078528040323043 1
  endloop
endfacet
facet normal 0.22707626303437278 -0.97387697927733363 0
  outer loop
    vertex -0.015607225761290255 0.078462822432258439 -1
    vertex -0.020705523608201652 0.077274066103125469 1
    vertex -0.020705523608201652 0.077274066103125469 -1
  endloop
endfacet
facet normal 0.22707626303437278 -0.97387697927733363 0
  outer loop
    vertex -0.015607225761290255 0.078462822432258439 -1
    vertex -0.015607225761290255 0.078462822432258439 1
    vertex -0.020705523608201652 0.077274066103125469 1
  endloop
endfacet
facet normal 0 0 1
  outer loop
    vertex -0.19509032201612819 0.98078528040323043 1
    vertex -0.25881904510252063 0.96592582628906831 1
    vertex -0.020705523608201652 0.077274066103125469 1
  endloop
endfacet
facet normal 0 0 1
  outer loop
    vertex -0.19509032201612819 0.98078528040323043 1
    vertex -0.020705523608201652 0.077274066103125469 1
    vertex -0.015607225761290255 0.078462822432258439 1
  endloop
endfacet
facet normal 0 -0 -1
  outer loop
    vertex -0.19509032201612819 0.98078528040323043 -1
    vertex -0.020705523608201652 0.077274066103125469 -1
    vertex -0.25881904510252063 0.96592582628906831 -1
  endloop
endfacet
facet normal 0 0 -1
  outer loop
    vertex -0.19509032201612819 0.98078528040323043 -1
    vertex -0.015607225761290255 0.078462822432258439 -1
    vertex -0.020705523608201652 0.077274066103125469 -1
  endloop
endfacet
facet normal -0.29028467725446183 0.95694033573220916 0
  outer loop
    vertex -0.25881904510252063 0.96592582628906831 -1
    vertex -0.32143946530316159 0.94693012949510569 -1
    vertex -0.32143946530316159 0.94693012949510569 1
  endloop
endfacet
facet normal -0.29028467725446183 0.95694033573220916 0
  outer loop
    vertex -0.25881904510252063 0.96592582628906831 -1
    vertex -0.32143946530316159 0.94693012949510569 1
    vertex -0.25881904510252063 0.96592582628906831 1
  endloop
endfacet
facet normal 0.29028467725446128 -0.95694033573220927 0
  outer loop
    vertex -0.020705523608201652 0.077274066103125469 -1
    vertex -0.025715157224252928 0.075754410359608462 1
    vertex -0.025715157224252928 0.075754410359608462 -1
  endloop
endfacet
facet normal 0.29028467725446128 -0.95694033573220927 0
  outer loop
    vertex -0.020705523608201652 0.077274066103125469 -1
    vertex -0.020705523608201652 0.077274066103125469 1
    vertex -0.025715157224252928 0.075754410359608462 1
  endloop
endfacet
facet normal 0 0 1
  outer loop
    vertex -0.25881904510252063 0.96592582628906831 1
    vertex -0.32143946530316159 0.94693012949510569 1
    vertex -0.025715157224252928 0.075754410359608462 1
  endloop
endfacet
facet normal 0 0 1
  outer loop
    vertex -0.25881904510252063 0.96592582628906831 1
    vertex -0.025715157224252928 0.075754410359608462 1
    vertex -0.020705523608201652 0.077274066103125469 1
  endloop
endfacet
facet normal 0 -0 -1
  outer loop
    vertex -0.25881904510252063 0.96592582628906831 -1
    vertex -0.025715157224252928 0.075754410359608462 -1
    vertex -0.32143946530316159 0.94693012949510569 -1
  endloop
endfacet
facet normal 0 0 -1
  outer loop
    vertex -0.25881904510252063 0.96592582628906831 -1
    vertex -0.020705523608201652 0.077274066103125469 -1
    vertex -0.025715157224252928 0.075754410359608462 -1
  endloop
endfacet
facet normal -0.35225004792123393 0.93590592675732542 0
  outer loop
    vertex -0.32143946530316159 0.94693012949510569 -1
    vertex -0.3826834323650895 0.92387953251128685 -1
    vertex -0.3826834323650895 0.92387953251128685 1
  endloop
endfacet
facet normal -0.35225004792123393 0.93590592675732542 0
  outer loop
    vertex -0.32143946530316159 0.94693012949510569 -1
    vertex -0.3826834323650895 0.92387953251128685 1
    vertex -0.32143946530316159 0.94693012949510569 1
  endloop
endfacet
facet normal 0.3522500479212356 -0.93590592675732498 0
  outer loop
    vertex -0.025715157224252928 0.075754410359608462 -1
    vertex -0.03061467458920716 0.073910362600902946 1
    vertex -0.03061467458920716 0.073910362600902946 -1
  endloop
endfacet
facet normal 0.3522500479212356 -0.93590592675732498 0
  outer loop
    vertex -0.025715157224252928 0.075754410359608462 -1
    vertex -0.025715157224252928 0.075754410359608462 1
    vertex -0.03061467458920716 0.073910362600902946 1
  endloop
endfacet
facet normal 0 0 1
  outer loop
    vertex -0.32143946530316159 0.94693012949510569 1
    vertex -0.3826834323650895 0.92387953251128685 1
    vertex -0.03061467458920716 0.073910362600902946 1
  endloop
endfacet
facet normal 0 0 1
  outer loop
    vertex -0.32143946530316159 0.94693012949510569 1
    vertex -0.03061467458920716 0.073910362600902946 1
    vertex -0.025715157224252928 0.075754410359608462 1
  endloop
endfacet
facet normal 0 -0 -1
  outer loop
    vertex -0.32143946530316159 0.94693012949510569 -1
    vertex -0.03061467458920716 0.073910362600902946 -1
    vertex -0.3826834323650895 0.92387953251128685 -1
  endloop
endfacet
facet normal 0 0 -1
  outer loop
    vertex -0.32143946530316159 0.94693012949510569 -1
    vertex -0.025715157224252928 0.075754410359608462 -1
    vertex -0.03061467458920716 0.073910362600902946 -1
  endloop
endfacet
facet normal -0.41270702980439439 0.9108638249211759 0
  outer loop
    vertex -0.3826834323650895 0.92387953251128685 -1
    vertex -0.44228869021900113 0.89687274153268837 -1
    vertex -0.44228869021900113 0.89687274153268837 1
  endloop
endfacet
facet normal -0.41270702980439439 0.9108638249211759 0
  outer loop
    vertex -0.3826834323650895 0.92387953251128685 -1
    vertex -0.44228869021900113 0.89687274153268837 1
    vertex -0.3826834323650895 0.92387953251128685 1
  endloop
endfacet
facet normal 0.41270702980439478 -0.91086382492117579 0
  outer loop
    vertex -0.03061467458920716 0.073910362600902946 -1
    vertex -0.035383095217520089 0.071749819322615066 1
    vertex -0.035383095217520089 0.071749819322615066 -1
  endloop
endfacet
facet normal 0.41270702980439478 -0.91086382492117579 0
  outer loop
    vertex -0.03061467458920716 0.073910362600902946 -1
    vertex -0.03061467458920716 0.073910362600902946 1
    vertex -0.035383095217520089 0.071749819322615066 1
  endloop
endfacet
facet normal 0 0 1
  outer loop
    vertex -0.3826834323650895 0.92387953251128685 1
    vertex -0.44228869021900113 0.89687274153268837 1
    vertex -0.035383095217520089 0.071749819322615066 1
  endloop
endfacet
facet normal 0 0 1
  outer loop
    vertex -0.3826834323650895 0.92387953251128685 1
    vertex -0.035383095217520089 0.071749819322615066 1
    vertex -0.03061467458920716 0.073910362600902946 1
  endloop
endfacet
facet normal 0 -0 -1
  outer loop
    vertex -0.3826834323650895 0.92387953251128685 -1
    vertex -0.035383095217520089 0.071749819322615066 -1
    vertex -0.44228869021900113 0.89687274153268837 -1
  endloop
endfacet
facet normal 0 0 -1
  outer loop
    vertex -0.3826834323650895 0.92387953251128685 -1
    vertex -0.03061467458920716 0.073910362600902946 -1
    vertex -0.035383095217520089 0.071749819322615066 -1
  endloop
endfacet
facet normal -0.47139673682599775 0.88192126434835483 0
  outer loop
    vertex -0.44228869021900113 0.89687274153268837 -1
    vertex -0.49999999999999983 0.86602540378443871 -1
    vertex -0.49999999999999983 0.86602540378443871 1
  endloop
endfacet
facet normal -0.47139673682599775 0.88192126434835483 0
  outer loop
    vertex -0.44228869021900113 0.89687274153268837 -1
    vertex -0.49999999999999983 0.86602540378443871 1
    vertex -0.44228869021900113 0.89687274153268837 1
  endloop
endfacet
facet normal 0.47139673682599775 -0.88192126434835494 0
  outer loop
    vertex -0.035383095217520089 0.071749819322615066 -1
    vertex -0.039999999999999987 0.069282032302755092 1
    vertex -0.039999999999999987 0.069282032302755092 -1
  endloop
endfacet
facet normal 0.47139673682599775 -0.88192126434835494 0
  outer loop
    vertex -0.035383095217520089 0.071749819322615066 -1
    vertex -0.035383095217520089 0.071749819322615066 1
    vertex -0.039999999999999987 0.069282032302755092 1
  endloop
endfacet
facet normal 0 0 1
  outer loop
    vertex -0.44228869021900113 0.89687274153268837 1
    vertex -0.49999999999999983 0.86602540378443871 1
    vertex -0.039999999999999987 0.069282032302755092 1
  endloop
endfacet
facet normal 0 0 1
  outer loop
    vertex -0.44228869021900113 0.89687274153268837 1
    vertex -0.039999999999999987 0.069282032302755092 1
    vertex -0.035383095217520089 0.071749819322615066 1
  endloop
endfacet
facet normal 0 -0 -1
  outer loop
    vertex -0.44228869021900113 0.89687274153268837 -1
    vertex -0.039999999999999987 0.069282032302755092 -1
    vertex -0.49999999999999983 0.86602540378443871 -1
  endloop
endfacet
facet normal 0 0 -1
  outer loop
    vertex -0.44228869021900113 0.89687274153268837 -1
    vertex -0.035383095217520089 0.071749819322615066 -1
    vertex -0.039999999999999987 0.069282032302755092 -1
  endloop
endfacet
facet normal -0.52806785065036754 0.84920218152657923 0
  outer loop
    vertex -0.49999999999999983 0.86602540378443871 -1
    vertex -0.5555702330196024 0.83146961230254512 -1
    vertex -0.5555702330196024 0.83146961230254512 1
  endloop
endfacet
facet normal -0.52806785065036754 0.84920218152657923 0
  outer loop
    vertex -0.49999999999999983 0.86602540378443871 -1
    vertex -0.5555702330196024 0.83146961230254512 1
    vertex -0.49999999999999983 0.86602540378443871 1
  endloop
endfacet
facet normal 0.52806785065036732 -0.84920218152657934 0
  outer loop
    vertex -0.039999999999999987 0.069282032302755092 -1
    vertex -0.044445618641568194 0.066517568984203607 1
    vertex -0.044445618641568194 0.066517568984203607 -1
  endloop
endfacet
facet normal 0.52806785065036732 -0.84920218152657934 0
  outer loop
    vertex -0.039999999999999987 0.069282032302755092 -1
    vertex -0.039999999999999987 0.069282032302755092 1
    vertex -0.044445618641568194 0.066517568984203607 1
  endloop
endfacet
facet normal 0 0 1
  outer loop
    vertex -0.49999999999999983 0.86602540378443871 1
    vertex -0.5555702330196024 0.83146961230254512 1
    vertex -0.044445618641568194 0.066517568984203607 1
  endloop
endfacet
facet normal 0 0 1
  outer loop
    vertex -0.49999999999999983 0.86602540378443871 1
    vertex -0.044445618641568194 0.066517568984203607 1
    vertex -0.039999999999999987 0.069282032302755092 1
  endloop
endfacet
facet normal 0 -0 -1
  outer loop
    vertex -0.49999999999999983 0.86602540378443871 -1
    vertex -0.044445618641568194 0.066517568984203607 -1
    vertex -0.5555702330196024 0.83146961230254512 -1
  endloop
endfacet
facet normal 0 0 -1
  outer loop
    vertex -0.49999999999999983 0.86602540378443871 -1
    vertex -0.039999999999999987 0.069282032302755092 -1
    vertex -0.044445618641568194 0.066517568984203607 -1
  endloop
endfacet
facet normal -0.58247769686780215 0.81284668459161513 0
  outer loop
    vertex -0.5555702330196024 0.83146961230254512 -1
    vertex -0.60876142900872066 0.79335334029123517 -1
    vertex -0.60876142900872066 0.79335334029123517 1
  endloop
endfacet
facet normal -0.58247769686780215 0.81284668459161513 0
  outer loop
    vertex -0.5555702330196024 0.83146961230254512 -1
    vertex -0.60876142900872066 0.79335334029123517 1
    vertex -0.5555702330196024 0.83146961230254512 1
  endloop
endfacet
facet normal 0.58247769686780104 -0.81284668459161602 0
  outer loop
    vertex -0.044445618641568194 0.066517568984203607 -1
    vertex -0.048700914320697654 0.063468267223298819 1
    vertex -0.048700914320697654 0.063468267223298819 -1
  endloop
endfacet
facet normal 0.58247769686780104 -0.81284668459161602 0
  outer loop
    vertex -0.044445618641568194 0.066517568984203607 -1
    vertex -0.044445618641568194 0.066517568984203607 1
    vertex -0.048700914320697654 0.063468267223298819 1
  endloop
endfacet
facet normal 0 0 1
  outer loop
    vertex -0.5555702330196024 0.83146961230254512 1
    vertex -0.60876142900872066 0.79335334029123517 1
    vertex -0.048700914320697654 0.063468267223298819 1
  endloop
endfacet
facet normal 0 0 1
  outer loop
    vertex -0.5555702330196024 0.83146961230254512 1
    vertex -0.048700914320697654 0.063468267223298819 1
    vertex -0.044445618641568194 0.066517568984203607 1
  endloop
endfacet
facet normal 0 -0 -1
  outer loop
    vertex -0.5555702330196024 0.83146961230254512 -1
    vertex -0.048700914320697654 0.063468267223298819 -1
    vertex -0.60876142900872066 0.79335334029123517 -1
  endloop
endfacet
facet normal 0 0 -1
  outer loop
    vertex -0.5555702330196024 0.83146961230254512 -1
    vertex -0.044445618641568194 0.066517568984203607 -1
    vertex -0.048700914320697654 0.063468267223298819 -1
  endloop
endfacet
facet normal -0.63439328416364593 0.77301045336273666 0
  outer loop
    vertex -0.60876142900872066 0.79335334029123517 -1
    vertex -0.65934581510006884 0.75183980747897738 -1
    vertex -0.65934581510006884 0.75183980747897738 1
  endloop
endfacet
facet normal -0.63439328416364593 0.77301045336273666 0
  outer loop
    vertex -0.60876142900872066 0.79335334029123517 -1
    vertex -0.65934581510006884 0.75183980747897738 1
    vertex -0.60876142900872066 0.79335334029123517 1
  endloop
endfacet
facet normal 0.63439328416364649 -0.77301045336273633 0
  outer loop
    vertex -0.048700914320697654 0.063468267223298819 -1
    vertex -0.052747665208005508 0.060147184598318193 1
    vertex -0.052747665208005508 0.060147184598318193 -1
  endloop
endfacet
facet normal 0.63439328416364649 -0.77301045336273633 0
  outer loop
    vertex -0.048700914320697654 0.063468267223298819 -1
    vertex -0.048700914320697654 0.063468267223298819 1
    vertex -0.052747665208005508 0.060147184598318193 1
  endloop
endfacet
facet normal 0 0 1
  outer loop
    vertex -0.60876142900872066 0.79335334029123517 1
    vertex -0.65934581510006884 0.75183980747897738 1
    vertex -0.052747665208005508 0.060147184598318193 1
  endloop
endfacet
facet normal 0 0 1
  outer loop
    vertex -0.60876142900872066 0.79335334029123517 1
    vertex -0.052747665208005508 0.060147184598318193 1
    vertex -0.048700914320697654 0.063468267223298819 1
  endloop
endfacet
facet normal 0 -0 -1
  outer loop
    vertex -0.60876142900872066 0.79335334029123517 -1
    vertex -0.052747665208005508 0.060147184598318193 -1
    vertex -0.65934581510006884 0.75183980747897738 -1
  endloop
endfacet
facet normal 0 0 -1
  outer loop
    vertex -0.60876142900872066 0.79335334029123517 -1
    vertex -0.048700914320697654 0.063468267223298819 -1
    vertex -0.052747665208005508 0.060147184598318193 -1
  endloop
endfacet
facet normal -0.68359230202287102 0.72986407269783582 0
  outer loop
    vertex -0.65934581510006884 0.75183980747897738 -1
    vertex -0.70710678118654746 0.70710678118654757 -1
    vertex -0.70710678118654746 0.70710678118654757 1
  endloop
endfacet
facet normal -0.68359230202287102 0.72986407269783582 0
  outer loop
    vertex -0.65934581510006884 0.75183980747897738 -1
    vertex -0.70710678118654746 0.70710678118654757 1
    vertex -0.65934581510006884 0.75183980747897738 1
  endloop
endfacet
facet normal 0.68359230202287102 -0.72986407269783582 0
  outer loop
    vertex -0.052747665208005508 0.060147184598318193 -1
    vertex -0.056568542494923796 0.05656854249492381 1
    vertex -0.056568542494923796 0.05656854249492381 -1
  endloop
endfacet
facet normal 0.68359230202287102 -0.72986407269783582 0
  outer loop
    vertex -0.052747665208005508 0.060147184598318193 -1
    vertex -0.052747665208005508 0.060147184598318193 1
    vertex -0.056568542494923796 0.05656854249492381 1
  endloop
endfacet
facet normal 0 0 1
  outer loop
    vertex -0.65934581510006884 0.75183980747897738 1
    vertex -0.70710678118654746 0.70710678118654757 1
    vertex -0.056568542494923796 0.05656854249492381 1
  endloop
endfacet
facet normal 0 0 1
  outer loop
    vertex -0.65934581510006884 0.75183980747897738 1
    vertex -0.056568542494923796 0.05656854249492381 1
    vertex -0.052747665208005508 0.060147184598318193 1
  endloop
endfacet
facet normal 0 -0 -1
  outer loop
    vertex -0.65934581510006884 0.75183980747897738 -1
    vertex -0.056568542494923796 0.05656854249492381 -1
    vertex -0.70710678118654746 0.70710678118654757 -1
  endloop
endfacet
facet normal 0 0 -1
  outer loop
    vertex -0.65934581510006884 0.75183980747897738 -1
    vertex -0.052747665208005508 0.060147184598318193 -1
    vertex -0.056568542494923796 0.05656854249492381 -1
  endloop
endfacet
facet normal -0.72986407269783582 0.68359230202287102 0
  outer loop
    vertex -0.70710678118654746 0.70710678118654757 -1
    vertex -0.75183980747897727 0.65934581510006895 -1
    vertex -0.75183980747897727 0.65934581510006895 1
  endloop
endfacet
facet normal -0.72986407269783582 0.68359230202287102 0
  outer loop
    vertex -0.70710678118654746 0.70710678118654757 -1
    vertex -0.75183980747897727 0.65934581510006895 1
    vertex -0.70710678118654746 0.70710678118654757 1
  endloop
endfacet
facet normal 0.72986407269783582 -0.68359230202287102 0
  outer loop
    vertex -0.056568542494923796 0.05656854249492381 -1
    vertex -0.060147184598318186 0.052747665208005515 1
    vertex -0.060147184598318186 0.052747665208005515 -1
  endloop
endfacet
facet normal 0.72986407269783582 -0.68359230202287102 0
  outer loop
    vertex -0.056568542494923796 0.05656854249492381 -1
    vertex -0.056568542494923796 0.05656854249492381 1
    vertex -0.060147184598318186 0.052747665208005515 1
  endloop
endfacet
facet normal 0 0 1
  outer loop
    vertex -0.70710678118654746 0.70710678118654757 1
    vertex -0.75183980747897727 0.65934581510006895 1
    vertex -0.060147184598318186 0.052747665208005515 1
  endloop
endfacet
facet normal 0 0 1
  outer loop
    vertex -0.70710678118654746 0.70710678118654757 1
    vertex -0.060147184598318186 0.052747665208005515 1
    vertex -0.056568542494923796 0.05656854249492381 1
  endloop
endfacet
facet normal 0 -0 -1
  outer loop
    vertex -0.70710678118654746 0.70710678118654757 -1
    vertex -0.060147184598318186 0.052747665208005515 -1
    vertex -0.75183980747897727 0.65934581510006895 -1
  endloop
endfacet
facet normal 0 0 -1
  outer loop
    vertex -0.70710678118654746 0.70710678118654757 -1
    vertex -0.056568542494923796 0.05656854249492381 -1
    vertex -0.060147184598318186 0.052747665208005515 -1
  endloop
endfacet
facet normal -0.77301045336273588 0.63439328416364671 0
  outer loop
    vertex -0.75183980747897727 0.65934581510006895 -1
    vertex -0.79335334029123505 0.60876142900872088 -1
    vertex -0.79335334029123505 0.60876142900872088 1
  endloop
endfacet
facet normal -0.77301045336273588 0.63439328416364671 0
  outer loop
    vertex -0.75183980747897727 0.65934581510006895 -1
    vertex -0.79335334029123505 0.60876142900872088 1
    vertex -0.75183980747897727 0.65934581510006895 1
  endloop
endfacet
facet normal 0.77301045336273588 -0.63439328416364693 0
  outer loop
    vertex -0.060147184598318186 0.052747665208005515 -1
    vertex -0.063468267223298805 0.048700914320697675 1
    vertex -0.063468267223298805 0.048700914320697675 -1
  endloop
endfacet
facet normal 0.77301045336273588 -0.63439328416364693 0
  outer loop
    vertex -0.060147184598318186 0.052747665208005515 -1
    vertex -0.060147184598318186 0.052747665208005515 1
    vertex -0.063468267223298805 0.048700914320697675 1
  endloop
endfacet
facet normal 0 0 1
  outer loop
    vertex -0.75183980747897727 0.65934581510006895 1
    vertex -0.79335334029123505 0.60876142900872088 1
    vertex -0.063468267223298805 0.048700914320697675 1
  endloop
endfacet
facet normal 0 0 1
  outer loop
    vertex -0.75183980747897727 0.65934581510006895 1
    vertex -0.063468267223298805 0.048700914320697675 1
    vertex -0.060147184598318186 0.052747665208005515 1
  endloop
endfacet
facet normal 0 -0 -1
  outer loop
    vertex -0.75183980747897727 0.65934581510006895 -1
    vertex -0.063468267223298805 0.048700914320697675 -1
    vertex -0.79335334029123505 0.60876142900872088 -1
  endloop
endfacet
facet normal 0 0 -1
  outer loop
    vertex -0.75183980747897727 0.65934581510006895 -1
    vertex -0.060147184598318186 0.052747665208005515 -1
    vertex -0.063468267223298805 0.048700914320697675 -1
  endloop
endfacet
facet normal -0.8128466845916158 0.58247769686780138 0
  outer loop
    vertex -0.79335334029123505 0.60876142900872088 -1
    vertex -0.83146961230254501 0.55557023301960251 -1
    vertex -0.83146961230254501 0.55557023301960251 1
  endloop
endfacet
facet normal -0.8128466845916158 0.58247769686780138 0
  outer loop
    vertex -0.79335334029123505 0.60876142900872088 -1
    vertex -0.83146961230254501 0.55557023301960251 1
    vertex -0.79335334029123505 0.60876142900872088 1
  endloop
endfacet
facet normal 0.81284668459161558 -0.58247769686780149 0
  outer loop
    vertex -0.063468267223298805 0.048700914320697675 -1
    vertex -0.066517568984203607 0.044445618641568201 1
    vertex -0.066517568984203607 0.044445618641568201 -1
  endloop
endfacet
facet normal 0.81284668459161558 -0.58247769686780149 0
  outer loop
    vertex -0.063468267223298805 0.048700914320697675 -1
    vertex -0.063468267223298805 0.048700914320697675 1
    vertex -0.066517568984203607 0.044445618641568201 1
  endloop
endfacet
facet normal 0 0 1
  outer loop
    vertex -0.79335334029123505 0.60876142900872088 1
    vertex -0.83146961230254501 0.55557023301960251 1
    vertex -0.066517568984203607 0.044445618641568201 1
  endloop
endfacet
facet normal 0 0 1
  outer loop
    vertex -0.79335334029123505 0.60876142900872088 1
    vertex -0.066517568984203607 0.044445618641568201 1
    vertex -0.063468267223298805 0.048700914320697675 1
  endloop
endfacet
facet normal 0 -0 -1
  outer loop
    vertex -0.79335334029123505 0.60876142900872088 -1
    vertex -0.066517568984203607 0.044445618641568201 -1
    vertex -0.83146961230254501 0.55557023301960251 -1
  endloop
endfacet
facet normal 0 0 -1
  outer loop
    vertex -0.79335334029123505 0.60876142900872088 -1
    vertex -0.063468267223298805 0.048700914320697675 -1
    vertex -0.066517568984203607 0.044445618641568201 -1
  endloop
endfacet
facet normal -0.84920218152657834 0.52806785065036876 0
  outer loop
    vertex -0.83146961230254501 0.55557023301960251 -1
    vertex -0.86602540378443871 0.49999999999999994 -1
    vertex -0.86602540378443871 0.49999999999999994 1
  endloop
endfacet
facet normal -0.84920218152657834 0.52806785065036876 0
  outer loop
    vertex -0.83146961230254501 0.55557023301960251 -1
    vertex -0.86602540378443871 0.49999999999999994 1
    vertex -0.83146961230254501 0.55557023301960251 1
  endloop
endfacet
facet normal 0.84920218152657934 -0.52806785065036732 0
  outer loop
    vertex -0.066517568984203607 0.044445618641568201 -1
    vertex -0.069282032302755092 0.039999999999999994 1
    vertex -0.069282032302755092 0.039999999999999994 -1
  endloop
endfacet
facet normal 0.84920218152657934 -0.52806785065036732 0
  outer loop
    vertex -0.066517568984203607 0.044445618641568201 -1
    vertex -0.066517568984203607 0.044445618641568201 1
    vertex -0.069282032302755092 0.039999999999999994 1
  endloop
endfacet
facet normal 0 0 1
  outer loop
    vertex -0.83146961230254501 0.55557023301960251 1
    vertex -0.86602540378443871 0.49999999999999994 1
    vertex -0.069282032302755092 0.039999999999999994 1
  endloop
endfacet
facet normal 0 0 1
  outer loop
    vertex -0.83146961230254501 0.55557023301960251 1
    vertex -0.069282032302755092 0.039999999999999994 1
    vertex -0.066517568984203607 0.044445618641568201 1
  endloop
endfacet
facet normal 0 -0 -1
  outer loop
    vertex -0.83146961230254501 0.55557023301960251 -1
    vertex -0.069282032302755092 0.039999999999999994 -1
    vertex -0.86602540378443871 0.49999999999999994 -1
  endloop
endfacet
facet normal 0 0 -1
  outer loop
    vertex -0.83146961230254501 0.55557023301960251 -1
    vertex -0.066517568984203607 0.044445618641568201 -1
    vertex -0.069282032302755092 0.039999999999999994 -1
  endloop
endfacet
facet normal -0.88192126434835483 0.47139673682599798 0
  outer loop
    vertex -0.86602540378443871 0.49999999999999994 -1
    vertex -0.89687274153268814 0.44228869021900169 -1
    vertex -0.89687274153268814 0.44228869021900169 1
  endloop
endfacet
facet normal -0.88192126434835483 0.47139673682599798 0
  outer loop
    vertex -0.86602540378443871 0.49999999999999994 -1
    vertex -0.89687274153268814 0.44228869021900169 1
    vertex -0.86602540378443871 0.49999999999999994 1
  endloop
endfacet
facet normal 0.88192126434835438 -0.47139673682599903 0
  outer loop
    vertex -0.069282032302755092 0.039999999999999994 -1
    vertex -0.071749819322615052 0.035383095217520137 1
    vertex -0.071749819322615052 0.035383095217520137 -1
  endloop
endfacet
facet normal 0.88192126434835438 -0.47139673682599903 0
  outer loop
    vertex -0.069282032302755092 0.039999999999999994 -1
    vertex -0.069282032302755092 0.039999999999999994 1
    vertex -0.071749819322615052 0.035383095217520137 1
  endloop
endfacet
facet normal 0 0 1
  outer loop
    vertex -0.86602540378443871 0.49999999999999994 1
    vertex -0.89687274153268814 0.44228869021900169 1
    vertex -0.071749819322615052 0.035383095217520137 1
  endloop
endfacet
facet normal 0 0 1
  outer loop
    vertex -0.86602540378443871 0.49999999999999994 1
    vertex -0.071749819322615052 0.035383095217520137 1
    vertex -0.069282032302755092 0.039999999999999994 1
  endloop
endfacet
facet normal 0 -0 -1
  outer loop
    vertex -0.86602540378443871 0.49999999999999994 -1
    vertex -0.071749819322615052 0.035383095217520137 -1
    vertex -0.89687274153268814 0.44228869021900169 -1
  endloop
endfacet
facet normal 0 0 -1
  outer loop
    vertex -0.86602540378443871 0.49999999999999994 -1
    vertex -0.069282032302755092 0.039999999999999994 -1
    vertex -0.071749819322615052 0.035383095217520137 -1
  endloop
endfacet
facet normal -0.91086382492117568 0.41270702980439489 0
  outer loop
    vertex -0.89687274153268814 0.44228869021900169 -1
    vertex -0.92387953251128674 0.38268343236508989 -1
    vertex -0.92387953251128674 0.38268343236508989 1
  endloop
endfacet
facet normal -0.91086382492117568 0.41270702980439489 0
  outer loop
    vertex -0.89687274153268814 0.44228869021900169 -1
    vertex -0.92387953251128674 0.38268343236508989 1
    vertex -0.89687274153268814 0.44228869021900169 1
  endloop
endfacet
facet normal 0.91086382492117535 -0.41270702980439572 0
  outer loop
    vertex -0.071749819322615052 0.035383095217520137 -1
    vertex -0.073910362600902946 0.030614674589207191 1
    vertex -0.073910362600902946 0.030614674589207191 -1
  endloop
endfacet
facet normal 0.91086382492117535 -0.41270702980439572 0
  outer loop
    vertex -0.071749819322615052 0.035383095217520137 -1
    vertex -0.071749819322615052 0.035383095217520137 1
    vertex -0.073910362600902946 0.030614674589207191 1
  endloop
endfacet
facet normal 0 0 1
  outer loop
    vertex -0.89687274153268814 0.44228869021900169 1
    vertex -0.92387953251128674 0.38268343236508989 1
    vertex -0.073910362600902946 0.030614674589207191 1
  endloop
endfacet
facet normal 0 0 1
  outer loop
    vertex -0.89687274153268814 0.44228869021900169 1
    vertex -0.073910362600902946 0.030614674589207191 1
    vertex -0.071749819322615052 0.035383095217520137 1
  endloop
endfacet
facet normal 0 -0 -1
  outer loop
    vertex -0.89687274153268814 0.44228869021900169 -1
    vertex -0.073910362600902946 0.030614674589207191 -1
    vertex -0.92387953251128674 0.38268343236508989 -1
  endloop
endfacet
facet normal 0 0 -1
  outer loop
    vertex -0.89687274153268814 0.44228869021900169 -1
    vertex -0.071749819322615052 0.035383095217520137 -1
    vertex -0.073910362600902946 0.030614674589207191 -1
  endloop
endfacet
facet normal -0.93590592675732609 0.35225004792123288 0
  outer loop
    vertex -0.92387953251128674 0.38268343236508989 -1
    vertex -0.94693012949510558 0.32143946530316175 -1
    vertex -0.94693012949510558 0.32143946530316175 1
  endloop
endfacet
facet normal -0.93590592675732609 0.35225004792123288 0
  outer loop
    vertex -0.92387953251128674 0.38268343236508989 -1
    vertex -0.94693012949510558 0.32143946530316175 1
    vertex -0.92387953251128674 0.38268343236508989 1
  endloop
endfacet
facet normal 0.93590592675732631 -0.35225004792123221 0
  outer loop
    vertex -0.073910362600902946 0.030614674589207191 -1
    vertex -0.075754410359608448 0.025715157224252942 1
    vertex -0.075754410359608448 0.025715157224252942 -1
  endloop
endfacet
facet normal 0.93590592675732631 -0.35225004792123221 0
  outer loop
    vertex -0.073910362600902946 0.030614674589207191 -1
    vertex -0.073910362600902946 0.030614674589207191 1
    vertex -0.075754410359608448 0.025715157224252942 1
  endloop
endfacet
facet normal 0 0 1
  outer loop
    vertex -0.92387953251128674 0.38268343236508989 1
    vertex -0.94693012949510558 0.32143946530316175 1
    vertex -0.075754410359608448 0.025715157224252942 1
  endloop
endfacet
facet normal 0 0 1
  outer loop
    vertex -0.92387953251128674 0.38268343236508989 1
    vertex -0.075754410359608448 0.025715157224252942 1
    vertex -0.073910362600902946 0.030614674589207191 1
  endloop
endfacet
facet normal 0 -0 -1
  outer loop
    vertex -0.92387953251128674 0.38268343236508989 -1
    vertex -0.075754410359608448 0.025715157224252942 -1
    vertex -0.94693012949510558 0.32143946530316175 -1
  endloop
endfacet
facet normal 0 0 -1
  outer loop
    vertex -0.92387953251128674 0.38268343236508989 -1
    vertex -0.073910362600902946 0.030614674589207191 -1
    vertex -0.075754410359608448 0.025715157224252942 -1
  endloop
endfacet
facet normal -0.95694033573220882 0.29028467725446278 0
  outer loop
    vertex -0.94693012949510558 0.32143946530316175 -1
    vertex -0.9659258262890682 0.25881904510252102 -1
    vertex -0.9659258262890682 0.25881904510252102 1
  endloop
endfacet
facet normal -0.95694033573220882 0.29028467725446278 0
  outer loop
    vertex -0.94693012949510558 0.32143946530316175 -1
    vertex -0.9659258262890682 0.25881904510252102 1
    vertex -0.94693012949510558 0.32143946530316175 1
  endloop
endfacet
facet normal 0.95694033573220894 -0.29028467725446222 0
  outer loop
    vertex -0.075754410359608448 0.025715157224252942 -1
    vertex -0.077274066103125455 0.020705523608201683 1
    vertex -0.077274066103125455 0.020705523608201683 -1
  endloop
endfacet
facet normal 0.95694033573220894 -0.29028467725446222 0
  outer loop
    vertex -0.075754410359608448 0.025715157224252942 -1
    vertex -0.075754410359608448 0.025715157224252942 1
    vertex -0.077274066103125455 0.020705523608201683 1
  endloop
endfacet
facet normal 0 0 1
  outer loop
    vertex -0.94693012949510558 0.32143946530316175 1
    vertex -0.9659258262890682 0.25881904510252102 1
    vertex -0.077274066103125455 0.020705523608201683 1
  endloop
endfacet
facet normal 0 0 1
  outer loop
    vertex -0.94693012949510558 0.32143946530316175 1
    vertex -0.077274066103125455 0.020705523608201683 1
    vertex -0.075754410359608448 0.025715157224252942 1
  endloop
endfacet
facet normal 0 -0 -1
  outer loop
    vertex -0.94693012949510558 0.32143946530316175 -1
    vertex -0.077274066103125455 0.020705523608201683 -1
    vertex -0.9659258262890682 0.25881904510252102 -1
  endloop
endfacet
facet normal 0 0 -1
  outer loop
    vertex -0.94693012949510558 0.32143946530316175 -1
    vertex -0.075754410359608448 0.025715157224252942 -1
    vertex -0.077274066103125455 0.020705523608201683 -1
  endloop
endfacet
facet normal -0.97387697927733374 0.22707626303437298 0
  outer loop
    vertex -0.9659258262890682 0.25881904510252102 -1
    vertex -0.98078528040323043 0.19509032201612816 -1
    vertex -0.98078528040323043 0.19509032201612816 1
  endloop
endfacet
facet normal -0.97387697927733374 0.22707626303437298 0
  outer loop
    vertex -0.9659258262890682 0.25881904510252102 -1
    vertex -0.98078528040323043 0.19509032201612816 1
    vertex -0.9659258262890682 0.25881904510252102 1
  endloop
endfacet
facet normal 0.97387697927733352 -0.22707626303437392 0
  outer loop
    vertex -0.077274066103125455 0.020705523608201683 -1
    vertex -0.078462822432258439 0.015607225761290254 1
    vertex -0.078462822432258439 0.015607225761290254 -1
  endloop
endfacet
facet normal 0.97387697927733352 -0.22707626303437392 0
  outer loop
    vertex -0.077274066103125455 0.020705523608201683 -1
    vertex -0.077274066103125455 0.020705523608201683 1
    vertex -0.078462822432258439 0.015607225761290254 1
  endloop
endfacet
facet normal 0 0 1
  outer loop
    vertex -0.9659258262890682 0.25881904510252102 1
    vertex -0.98078528040323043 0.19509032201612816 1
    vertex -0.078462822432258439 0.015607225761290254 1
  endloop
endfacet
facet normal 0 0 1
  outer loop
    vertex -0.9659258262890682 0.25881904510252102 1
    vertex -0.078462822432258439 0.015607225761290254 1
    vertex -0.077274066103125455 0.020705523608201683 1
  endloop
endfacet
facet normal 0 -0 -1
  outer loop
    vertex -0.9659258262890682 0.25881904510252102 -1
    vertex -0.078462822432258439 0.015607225761290254 -1
    vertex -0.98078528040323043 0.19509032201612816 -1
  endloop
endfacet
facet normal 0 0 -1
  outer loop
    vertex -0.9659258262890682 0.25881904510252102 -1
    vertex -0.077274066103125455 0.020705523608201683 -1
    vertex -0.078462822432258439 0.015607225761290254 -1
  endloop
endfacet
facet normal -0.98664333208487887 0.16289547339458982 0
  outer loop
    vertex -0.98078528040323043 0.19509032201612816 -1
    vertex -0.99144486137381038 0.13052619222005199 -1
    vertex -0.99144486137381038 0.13052619222005199 1
  endloop
endfacet
facet normal -0.98664333208487887 0.16289547339458982 0
  outer loop
    vertex -0.98078528040323043 0.19509032201612816 -1
    vertex -0.99144486137381038 0.13052619222005199 1
    vertex -0.98078528040323043 0.19509032201612816 1
  endloop
endfacet
facet normal 0.98664333208487875 -0.16289547339459043 0
  outer loop
    vertex -0.078462822432258439 0.015607225761290254 -1
    vertex -0.079315588909904838 0.01044209537760416 1
    vertex -0.079315588909904838 0.01044209537760416 -1
  endloop
endfacet
facet normal 0.98664333208487875 -0.16289547339459043 0
  outer loop
    vertex -0.078462822432258439 0.015607225761290254 -1
    vertex -0.078462822432258439 0.015607225761290254 1
    vertex -0.079315588909904838 0.01044209537760416 1
  endloop
endfacet
facet normal 0 0 1
  outer loop
    vertex -0.98078528040323043 0.19509032201612816 1
    vertex -0.99144486137381038 0.13052619222005199 1
    vertex -0.079315588909904838 0.01044209537760416 1
  endloop
endfacet
facet normal 0 0 1
  outer loop
    vertex -0.98078528040323043 0.19509032201612816 1
    vertex -0.079315588909904838 0.01044209537760416 1
    vertex -0.078462822432258439 0.015607225761290254 1
  endloop
endfacet
facet normal 0 -0 -1
  outer loop
    vertex -0.98078528040323043 0.19509032201612816 -1
    vertex -0.079315588909904838 0.01044209537760416 -1
    vertex -0.99144486137381038 0.13052619222005199 -1
  endloop
endfacet
facet normal 0 0 -1
  outer loop
    vertex -0.98078528040323043 0.19509032201612816 -1
    vertex -0.078462822432258439 0.015607225761290254 -1
    vertex -0.079315588909904838 0.01044209537760416 -1
  endloop
endfacet
facet normal -0.99518472667219693 0.098017140329560104 0
  outer loop
    vertex -0.99144486137381038 0.13052619222005199 -1
    vertex -0.99785892323860348 0.065403129230143117 -1
    vertex -0.99785892323860348 0.065403129230143117 1
  endloop
endfacet
facet normal -0.99518472667219693 0.098017140329560104 0
  outer loop
    vertex -0.99144486137381038 0.13052619222005199 -1
    vertex -0.99785892323860348 0.065403129230143117 1
    vertex -0.99144486137381038 0.13052619222005199 1
  endloop
endfacet
facet normal 0.99518472667219704 -0.098017140329559369 0
  outer loop
    vertex -0.079315588909904838 0.01044209537760416 -1
    vertex -0.079828713859088282 0.0052322503384114498 1
    vertex -0.079828713859088282 0.0052322503384114498 -1
  endloop
endfacet
facet normal 0.99518472667219704 -0.098017140329559369 0
  outer loop
    vertex -0.079315588909904838 0.01044209537760416 -1
    vertex -0.079315588909904838 0.01044209537760416 1
    vertex -0.079828713859088282 0.0052322503384114498 1
  endloop
endfacet
facet normal 0 0 1
  outer loop
    vertex -0.99144486137381038 0.13052619222005199 1
    vertex -0.99785892323860348 0.065403129230143117 1
    vertex -0.079828713859088282 0.0052322503384114498 1
  endloop
endfacet
facet normal 0 0 1
  outer loop
    vertex -0.99144486137381038 0.13052619222005199 1
    vertex -0.079828713859088282 0.0052322503384114498 1
    vertex -0.079315588909904838 0.01044209537760416 1
  endloop
endfacet
facet normal 0 -0 -1
  outer loop
    vertex -0.99144486137381038 0.13052619222005199 -1
    vertex -0.079828713859088282 0.0052322503384114498 -1
    vertex -0.99785892323860348 0.065403129230143117 -1
  endloop
endfacet
facet normal 0 0 -1
  outer loop
    vertex -0.99144486137381038 0.13052619222005199 -1
    vertex -0.079315588909904838 0.01044209537760416 -1
    vertex -0.079828713859088282 0.0052322503384114498 -1
  endloop
endfacet
facet normal -0.99946458747636568 0.032719082821776602 0
  outer loop
    vertex -0.99785892323860348 0.065403129230143117 -1
    vertex -1 1.2246467991473532e-16 -1
    vertex -1 1.2246467991473532e-16 1
  endloop
endfacet
facet normal -0.99946458747636568 0.032719082821776602 0
  outer loop
    vertex -0.99785892323860348 0.065403129230143117 -1
    vertex -1 1.2246467991473532e-16 1
    vertex -0.99785892323860348 0.065403129230143117 1
  endloop
endfacet
facet normal 0.99946458747636557 -0.032719082821776171 0
  outer loop
    vertex -0.079828713859088282 0.0052322503384114498 -1
    vertex -0.080000000000000002 9.7971743931788255e-18 1
    vertex -0.080000000000000002 9.7971743931788255e-18 -1
  endloop
endfacet
facet normal 0.99946458747636557 -0.032719082821776171 0
  outer loop
    vertex -0.079828713859088282 0.0052322503384114498 -1
    vertex -0.079828713859088282 0.0052322503384114498 1
    vertex -0.080000000000000002 9.7971743931788255e-18 1
  endloop
endfacet
facet normal 0 0 1
  outer loop
    vertex -0.99785892323860348 0.065403129230143117 1
    vertex -1 1.2246467991473532e-16 1
    vertex -0.080000000000000002 9.7971743931788255e-18 1
  endloop
endfacet
facet normal 0 0 1
  outer loop
    vertex -0.99785892323860348 0.065403129230143117 1
    vertex -0.080000000000000002 9.7971743931788255e-18 1
    vertex -0.079828713859088282 0.0052322503384114498 1
  endloop
endfacet
facet normal 0 -0 -1
  outer loop
    vertex -0.99785892323860348 0.065403129230143117 -1
    vertex -0.080000000000000002 9.7971743931788255e-18 -1
    vertex -1 1.2246467991473532e-16 -1
  endloop
endfacet
facet normal 0 0 -1
  outer loop
    vertex -0.99785892323860348 0.065403129230143117 -1
    vertex -0.079828713859088282 0.0052322503384114498 -1
    vertex -0.080000000000000002 9.7971743931788255e-18 -1
  endloop
endfacet
facet normal -0.99946458747636568 -0.032719082821776602 0
  outer loop
    vertex -1 1.2246467991473532e-16 -1
    vertex -0.99785892323860348 -0.065403129230142867 -1
    vertex -0.99785892323860348 -0.065403129230142867 1
  endloop
endfacet
facet normal -0.99946458747636568 -0.032719082821776602 0
  outer loop
    vertex -1 1.2246467991473532e-16 -1
    vertex -0.99785892323860348 -0.065403129230142867 1
    vertex -1 1.2246467991473532e-16 1
  endloop
endfacet
facet normal 0.9994645874763658 0.032719082821776178 0
  outer loop
    vertex -0.080000000000000002 9.7971743931788255e-18 -1
    vertex -0.079828713859088282 -0.0052322503384114299 1
    vertex -0.079828713859088282 -0.0052322503384114299 -1
  endloop
endfacet
facet normal 0.9994645874763658 0.032719082821776178 -0
  outer loop
    vertex -0.080000000000000002 9.7971743931788255e-18 -1
    vertex -0.080000000000000002 9.7971743931788255e-18 1
    vertex -0.079828713859088282 -0.0052322503384114299 1
  endloop
endfacet
facet normal 0 0 1
  outer loop
    vertex -1 1.2246467991473532e-16 1
    vertex -0.99785892323860348 -0.065403129230142867 1
    vertex -0.079828713859088282 -0.0052322503384114299 1
  endloop
endfacet
facet normal 0 0 1
  outer loop
    vertex -1 1.2246467991473532e-16 1
    vertex -0.079828713859088282 -0.0052322503384114299 1
    vertex -0.080000000000000002 9.7971743931788255e-18 1
  endloop
endfacet
facet normal 0 0 -1
  outer loop
    vertex -1 1.2246467991473532e-16 -1
    vertex -0.079828713859088282 -0.0052322503384114299 -1
    vertex -0.99785892323860348 -0.065403129230142867 -1
  endloop
endfacet
facet normal 0 0 -1
  outer loop
    vertex -1 1.2246467991473532e-16 -1
    vertex -0.080000000000000002 9.7971743931788255e-18 -1
    vertex -0.079828713859088282 -0.0052322503384114299 -1
  endloop
endfacet
facet normal -0.99518472667219693 -0.098017140329560062 0
  outer loop
    vertex -0.99785892323860348 -0.065403129230142867 -1
    vertex -0.99144486137381038 -0.13052619222005177 -1
    vertex -0.99144486137381038 -0.13052619222005177 1
  endloop
endfacet
facet normal -0.99518472667219693 -0.098017140329560062 0
  outer loop
    vertex -0.99785892323860348 -0.065403129230142867 -1
    vertex -0.99144486137381038 -0.13052619222005177 1
    vertex -0.99785892323860348 -0.065403129230142867 1
  endloop
endfacet
facet normal 0.99518472667219704 0.098017140329559355 0
  outer loop
    vertex -0.079828713859088282 -0.0052322503384114299 -1
    vertex -0.079315588909904838 -0.010442095377604141 1
    vertex -0.079315588909904838 -0.010442095377604141 -1
  endloop
endfacet
facet normal 0.99518472667219704 0.098017140329559355 -0
  outer loop
    vertex -0.079828713859088282 -0.0052322503384114299 -1
    vertex -0.079828713859088282 -0.0052322503384114299 1
    vertex -0.079315588909904838 -0.010442095377604141 1
  endloop
endfacet
facet normal -0 0 1
  outer loop
    vertex -0.99785892323860348 -0.065403129230142867 1
    vertex -0.99144486137381038 -0.13052619222005177 1
    vertex -0.079315588909904838 -0.010442095377604141 1
  endloop
endfacet
facet normal 0 0 1
  outer loop
    vertex -0.99785892323860348 -0.065403129230142867 1
    vertex -0.079315588909904838 -0.010442095377604141 1
    vertex -0.079828713859088282 -0.0052322503384114299 1
  endloop
endfacet
facet normal 0 0 -1
  outer loop
    vertex -0.99785892323860348 -0.065403129230142867 -1
    vertex -0.079315588909904838 -0.010442095377604141 -1
    vertex -0.99144486137381038 -0.13052619222005177 -1
  endloop
endfacet
facet normal 0 0 -1
  outer loop
    vertex -0.99785892323860348 -0.065403129230142867 -1
    vertex -0.079828713859088282 -0.0052322503384114299 -1
    vertex -0.079315588909904838 -0.010442095377604141 -1
  endloop
endfacet
facet normal -0.98664333208487909 -0.16289547339458824 0
  outer loop
    vertex -0.99144486137381038 -0.13052619222005177 -1
    vertex -0.98078528040323054 -0.19509032201612792 -1
    vertex -0.98078528040323054 -0.19509032201612792 1
  endloop
endfacet
facet normal -0.98664333208487909 -0.16289547339458824 0
  outer loop
    vertex -0.99144486137381038 -0.13052619222005177 -1
    vertex -0.98078528040323054 -0.19509032201612792 1
    vertex -0.99144486137381038 -0.13052619222005177 1
  endloop
endfacet
facet normal 0.98664333208487875 0.16289547339459048 0
  outer loop
    vertex -0.079315588909904838 -0.010442095377604141 -1
    vertex -0.078462822432258439 -0.015607225761290233 1
    vertex -0.078462822432258439 -0.015607225761290233 -1
  endloop
endfacet
facet normal 0.98664333208487875 0.16289547339459048 -0
  outer loop
    vertex -0.079315588909904838 -0.010442095377604141 -1
    vertex -0.079315588909904838 -0.010442095377604141 1
    vertex -0.078462822432258439 -0.015607225761290233 1
  endloop
endfacet
facet normal -0 0 1
  outer loop
    vertex -0.99144486137381038 -0.13052619222005177 1
    vertex -0.98078528040323054 -0.19509032201612792 1
    vertex -0.078462822432258439 -0.015607225761290233 1
  endloop
endfacet
facet normal 0 0 1
  outer loop
    vertex -0.99144486137381038 -0.13052619222005177 1
    vertex -0.078462822432258439 -0.015607225761290233 1
    vertex -0.079315588909904838 -0.010442095377604141 1
  endloop
endfacet
facet normal 0 0 -1
  outer loop
    vertex -0.99144486137381038 -0.13052619222005177 -1
    vertex -0.078462822432258439 -0.015607225761290233 -1
    vertex -0.98078528040323054 -0.19509032201612792 -1
  endloop
endfacet
facet normal 0 0 -1
  outer loop
    vertex -0.99144486137381038 -0.13052619222005177 -1
    vertex -0.079315588909904838 -0.010442095377604141 -1
    vertex -0.078462822432258439 -0.015607225761290233 -1
  endloop
endfacet
facet normal -0.97387697927733374 -0.22707626303437287 0
  outer loop
    vertex -0.98078528040323054 -0.19509032201612792 -1
    vertex -0.96592582628906831 -0.25881904510252079 -1
    vertex -0.96592582628906831 -0.25881904510252079 1
  endloop
endfacet
facet normal -0.97387697927733374 -0.22707626303437287 0
  outer loop
    vertex -0.98078528040323054 -0.19509032201612792 -1
    vertex -0.96592582628906831 -0.25881904510252079 1
    vertex -0.98078528040323054 -0.19509032201612792 1
  endloop
endfacet
facet normal 0.97387697927733397 0.22707626303437137 0
  outer loop
    vertex -0.078462822432258439 -0.015607225761290233 -1
    vertex -0.077274066103125469 -0.020705523608201663 1
    vertex -0.077274066103125469 -0.020705523608201663 -1
  endloop
endfacet
facet normal 0.97387697927733397 0.22707626303437137 -0
  outer loop
    vertex -0.078462822432258439 -0.015607225761290233 -1
    vertex -0.078462822432258439 -0.015607225761290233 1
    vertex -0.077274066103125469 -0.020705523608201663 1
  endloop
endfacet
facet normal -0 0 1
  outer loop
    vertex -0.98078528040323054 -0.19509032201612792 1
    vertex -0.96592582628906831 -0.25881904510252079 1
    vertex -0.077274066103125469 -0.020705523608201663 1
  endloop
endfacet
facet normal 0 0 1
  outer loop
    vertex -0.98078528040323054 -0.19509032201612792 1
    vertex -0.077274066103125469 -0.020705523608201663 1
    vertex -0.078462822432258439 -0.015607225761290233 1
  endloop
endfacet
facet normal 0 0 -1
  outer loop
    vertex -0.98078528040323054 -0.19509032201612792 -1
    vertex -0.077274066103125469 -0.020705523608201663 -1
    vertex -0.96592582628906831 -0.25881904510252079 -1
  endloop
endfacet
facet normal 0 0 -1
  outer loop
    vertex -0.98078528040323054 -0.19509032201612792 -1
    vertex -0.078462822432258439 -0.015607225761290233 -1
    vertex -0.077274066103125469 -0.020705523608201663 -1
  endloop
endfacet
facet normal -0.95694033573220882 -0.29028467725446278 0
  outer loop
    vertex -0.96592582628906831 -0.25881904510252079 -1
    vertex -0.94693012949510569 -0.32143946530316153 -1
    vertex -0.94693012949510569 -0.32143946530316153 1
  endloop
endfacet
facet normal -0.95694033573220882 -0.29028467725446278 0
  outer loop
    vertex -0.96592582628906831 -0.25881904510252079 -1
    vertex -0.94693012949510569 -0.32143946530316153 1
    vertex -0.96592582628906831 -0.25881904510252079 1
  endloop
endfacet
facet normal 0.95694033573220894 0.290284677254462 0
  outer loop
    vertex -0.077274066103125469 -0.020705523608201663 -1
    vertex -0.075754410359608462 -0.025715157224252924 1
    vertex -0.075754410359608462 -0.025715157224252924 -1
  endloop
endfacet
facet normal 0.95694033573220894 0.290284677254462 -0
  outer loop
    vertex -0.077274066103125469 -0.020705523608201663 -1
    vertex -0.077274066103125469 -0.020705523608201663 1
    vertex -0.075754410359608462 -0.025715157224252924 1
  endloop
endfacet
facet normal -0 0 1
  outer loop
    vertex -0.96592582628906831 -0.25881904510252079 1
    vertex -0.94693012949510569 -0.32143946530316153 1
    vertex -0.075754410359608462 -0.025715157224252924 1
  endloop
endfacet
facet normal 0 0 1
  outer loop
    vertex -0.96592582628906831 -0.25881904510252079 1
    vertex -0.075754410359608462 -0.025715157224252924 1
    vertex -0.077274066103125469 -0.020705523608201663 1
  endloop
endfacet
facet normal 0 0 -1
  outer loop
    vertex -0.96592582628906831 -0.25881904510252079 -1
    vertex -0.075754410359608462 -0.025715157224252924 -1
    vertex -0.94693012949510569 -0.32143946530316153 -1
  endloop
endfacet
facet normal 0 0 -1
  outer loop
    vertex -0.96592582628906831 -0.25881904510252079 -1
    vertex -0.077274066103125469 -0.020705523608201663 -1
    vertex -0.075754410359608462 -0.025715157224252924 -1
  endloop
endfacet
facet normal -0.93590592675732609 -0.35225004792123288 0
  outer loop
    vertex -0.94693012949510569 -0.32143946530316153 -1
    vertex -0.92387953251128685 -0.38268343236508967 -1
    vertex -0.92387953251128685 -0.38268343236508967 1
  endloop
endfacet
facet normal -0.93590592675732609 -0.35225004792123288 0
  outer loop
    vertex -0.94693012949510569 -0.32143946530316153 -1
    vertex -0.92387953251128685 -0.38268343236508967 1
    vertex -0.94693012949510569 -0.32143946530316153 1
  endloop
endfacet
facet normal 0.93590592675732531 0.35225004792123449 0
  outer loop
    vertex -0.075754410359608462 -0.025715157224252924 -1
    vertex -0.073910362600902946 -0.030614674589207174 1
    vertex -0.073910362600902946 -0.030614674589207174 -1
  endloop
endfacet
facet normal 0.93590592675732531 0.35225004792123449 -0
  outer loop
    vertex -0.075754410359608462 -0.025715157224252924 -1
    vertex -0.075754410359608462 -0.025715157224252924 1
    vertex -0.073910362600902946 -0.030614674589207174 1
  endloop
endfacet
facet normal -0 0 1
  outer loop
    vertex -0.94693012949510569 -0.32143946530316153 1
    vertex -0.92387953251128685 -0.38268343236508967 1
    vertex -0.073910362600902946 -0.030614674589207174 1
  endloop
endfacet
facet normal 0 0 1
  outer loop
    vertex -0.94693012949510569 -0.32143946530316153 1
    vertex -0.073910362600902946 -0.030614674589207174 1
    vertex -0.075754410359608462 -0.025715157224252924 1
  endloop
endfacet
facet normal 0 0 -1
  outer loop
    vertex -0.94693012949510569 -0.32143946530316153 -1
    vertex -0.073910362600902946 -0.030614674589207174 -1
    vertex -0.92387953251128685 -0.38268343236508967 -1
  endloop
endfacet
facet normal 0 0 -1
  outer loop
    vertex -0.94693012949510569 -0.32143946530316153 -1
    vertex -0.075754410359608462 -0.025715157224252924 -1
    vertex -0.073910362600902946 -0.030614674589207174 -1
  endloop
endfacet
facet normal -0.91086382492117512 -0.41270702980439627 0
  outer loop
    vertex -0.92387953251128685 -0.38268343236508967 -1
    vertex -0.89687274153268814 -0.44228869021900147 -1
    vertex -0.89687274153268814 -0.44228869021900147 1
  endloop
endfacet
facet normal -0.91086382492117512 -0.41270702980439627 0
  outer loop
    vertex -0.92387953251128685 -0.38268343236508967 -1
    vertex -0.89687274153268814 -0.44228869021900147 1
    vertex -0.92387953251128685 -0.38268343236508967 1
  endloop
endfacet
facet normal 0.91086382492117535 0.412707029804396 0
  outer loop
    vertex -0.073910362600902946 -0.030614674589207174 -1
    vertex -0.071749819322615052 -0.035383095217520116 1
    vertex -0.071749819322615052 -0.035383095217520116 -1
  endloop
endfacet
facet normal 0.91086382492117535 0.412707029804396 -0
  outer loop
    vertex -0.073910362600902946 -0.030614674589207174 -1
    vertex -0.073910362600902946 -0.030614674589207174 1
    vertex -0.071749819322615052 -0.035383095217520116 1
  endloop
endfacet
facet normal -0 0 1
  outer loop
    vertex -0.92387953251128685 -0.38268343236508967 1
    vertex -0.89687274153268814 -0.44228869021900147 1
    vertex -0.071749819322615052 -0.035383095217520116 1
  endloop
endfacet
facet normal 0 0 1
  outer loop
    vertex -0.92387953251128685 -0.38268343236508967 1
    vertex -0.071749819322615052 -0.035383095217520116 1
    vertex -0.073910362600902946 -0.030614674589207174 1
  endloop
endfacet
facet normal 0 0 -1
  outer loop
    vertex -0.92387953251128685 -0.38268343236508967 -1
    vertex -0.071749819322615052 -0.035383095217520116 -1
    vertex -0.89687274153268814 -0.44228869021900147 -1
  endloop
endfacet
facet normal 0 0 -1
  outer loop
    vertex -0.92387953251128685 -0.38268343236508967 -1
    vertex -0.073910362600902946 -0.030614674589207174 -1
    vertex -0.071749819322615052 -0.035383095217520116 -1
  endloop
endfacet
facet normal -0.88192126434835583 -0.47139673682599637 0
  outer loop
    vertex -0.89687274153268814 -0.44228869021900147 -1
    vertex -0.86602540378443882 -0.49999999999999978 -1
    vertex -0.86602540378443882 -0.49999999999999978 1
  endloop
endfacet
facet normal -0.88192126434835583 -0.47139673682599637 0
  outer loop
    vertex -0.89687274153268814 -0.44228869021900147 -1
    vertex -0.86602540378443882 -0.49999999999999978 1
    vertex -0.89687274153268814 -0.44228869021900147 1
  endloop
endfacet
facet normal 0.8819212643483556 0.47139673682599637 0
  outer loop
    vertex -0.071749819322615052 -0.035383095217520116 -1
    vertex -0.069282032302755106 -0.03999999999999998 1
    vertex -0.069282032302755106 -0.03999999999999998 -1
  endloop
endfacet
facet normal 0.8819212643483556 0.47139673682599637 -0
  outer loop
    vertex -0.071749819322615052 -0.035383095217520116 -1
    vertex -0.071749819322615052 -0.035383095217520116 1
    vertex -0.069282032302755106 -0.03999999999999998 1
  endloop
endfacet
facet normal -0 0 1
  outer loop
    vertex -0.89687274153268814 -0.44228869021900147 1
    vertex -0.86602540378443882 -0.49999999999999978 1
    vertex -0.069282032302755106 -0.03999999999999998 1
  endloop
endfacet
facet normal 0 0 1
  outer loop
    vertex -0.89687274153268814 -0.44228869021900147 1
    vertex -0.069282032302755106 -0.03999999999999998 1
    vertex -0.071749819322615052 -0.035383095217520116 1
  endloop
endfacet
facet normal 0 0 -1
  outer loop
    vertex -0.89687274153268814 -0.44228869021900147 -1
    vertex -0.069282032302755106 -0.03999999999999998 -1
    vertex -0.86602540378443882 -0.49999999999999978 -1
  endloop
endfacet
facet normal 0 0 -1
  outer loop
    vertex -0.89687274153268814 -0.44228869021900147 -1
    vertex -0.071749819322615052 -0.035383095217520116 -1
    vertex -0.069282032302755106 -0.03999999999999998 -1
  endloop
endfacet
facet normal -0.849202181526579 -0.52806785065036776 0
  outer loop
    vertex -0.86602540378443882 -0.49999999999999978 -1
    vertex -0.83146961230254546 -0.55557023301960196 -1
    vertex -0.83146961230254546 -0.55557023301960196 1
  endloop
endfacet
facet normal -0.849202181526579 -0.52806785065036776 0
  outer loop
    vertex -0.86602540378443882 -0.49999999999999978 -1
    vertex -0.83146961230254546 -0.55557023301960196 1
    vertex -0.86602540378443882 -0.49999999999999978 1
  endloop
endfacet
facet normal 0.849202181526579 0.52806785065036776 0
  outer loop
    vertex -0.069282032302755106 -0.03999999999999998 -1
    vertex -0.066517568984203634 -0.044445618641568159 1
    vertex -0.066517568984203634 -0.044445618641568159 -1
  endloop
endfacet
facet normal 0.849202181526579 0.52806785065036776 -0
  outer loop
    vertex -0.069282032302755106 -0.03999999999999998 -1
    vertex -0.069282032302755106 -0.03999999999999998 1
    vertex -0.066517568984203634 -0.044445618641568159 1
  endloop
endfacet
facet normal -0 0 1
  outer loop
    vertex -0.86602540378443882 -0.49999999999999978 1
    vertex -0.83146961230254546 -0.55557023301960196 1
    vertex -0.066517568984203634 -0.044445618641568159 1
  endloop
endfacet
facet normal 0 0 1
  outer loop
    vertex -0.86602540378443882 -0.49999999999999978 1
    vertex -0.066517568984203634 -0.044445618641568159 1
    vertex -0.069282032302755106 -0.03999999999999998 1
  endloop
endfacet
facet normal 0 0 -1
  outer loop
    vertex -0.86602540378443882 -0.49999999999999978 -1
    vertex -0.066517568984203634 -0.044445618641568159 -1
    vertex -0.83146961230254546 -0.55557023301960196 -1
  endloop
endfacet
facet normal 0 0 -1
  outer loop
    vertex -0.86602540378443882 -0.49999999999999978 -1
    vertex -0.069282032302755106 -0.03999999999999998 -1
    vertex -0.066517568984203634 -0.044445618641568159 -1
  endloop
endfacet
facet normal -0.81284668459161502 -0.58247769686780226 0
  outer loop
    vertex -0.83146961230254546 -0.55557023301960196 -1
    vertex -0.79335334029123517 -0.60876142900872066 -1
    vertex -0.79335334029123517 -0.60876142900872066 1
  endloop
endfacet
facet normal -0.81284668459161502 -0.58247769686780226 0
  outer loop
    vertex -0.83146961230254546 -0.55557023301960196 -1
    vertex -0.79335334029123517 -0.60876142900872066 1
    vertex -0.83146961230254546 -0.55557023301960196 1
  endloop
endfacet
facet normal 0.81284668459161569 0.58247769686780138 0
  outer loop
    vertex -0.066517568984203634 -0.044445618641568159 -1
    vertex -0.063468267223298819 -0.048700914320697654 1
    vertex -0.063468267223298819 -0.048700914320697654 -1
  endloop
endfacet
facet normal 0.81284668459161569 0.58247769686780138 -0
  outer loop
    vertex -0.066517568984203634 -0.044445618641568159 -1
    vertex -0.066517568984203634 -0.044445618641568159 1
    vertex -0.063468267223298819 -0.048700914320697654 1
  endloop
endfacet
facet normal -0 0 1
  outer loop
    vertex -0.83146961230254546 -0.55557023301960196 1
    vertex -0.79335334029123517 -0.60876142900872066 1
    vertex -0.063468267223298819 -0.048700914320697654 1
  endloop
endfacet
facet normal 0 0 1
  outer loop
    vertex -0.83146961230254546 -0.55557023301960196 1
    vertex -0.063468267223298819 -0.048700914320697654 1
    vertex -0.066517568984203634 -0.044445618641568159 1
  endloop
endfacet
facet normal 0 0 -1
  outer loop
    vertex -0.83146961230254546 -0.55557023301960196 -1
    vertex -0.063468267223298819 -0.048700914320697654 -1
    vertex -0.79335334029123517 -0.60876142900872066 -1
  endloop
endfacet
facet normal 0 0 -1
  outer loop
    vertex -0.83146961230254546 -0.55557023301960196 -1
    vertex -0.066517568984203634 -0.044445618641568159 -1
    vertex -0.063468267223298819 -0.048700914320697654 -1
  endloop
endfacet
facet normal -0.77301045336273744 -0.63439328416364493 0
  outer loop
    vertex -0.79335334029123517 -0.60876142900872066 -1
    vertex -0.7518398074789775 -0.65934581510006884 -1
    vertex -0.7518398074789775 -0.65934581510006884 1
  endloop
endfacet
facet normal -0.77301045336273744 -0.63439328416364493 0
  outer loop
    vertex -0.79335334029123517 -0.60876142900872066 -1
    vertex -0.7518398074789775 -0.65934581510006884 1
    vertex -0.79335334029123517 -0.60876142900872066 1
  endloop
endfacet
facet normal 0.77301045336273677 0.6343932841636456 0
  outer loop
    vertex -0.063468267223298819 -0.048700914320697654 -1
    vertex -0.0601471845983182 -0.052747665208005508 1
    vertex -0.0601471845983182 -0.052747665208005508 -1
  endloop
endfacet
facet normal 0.77301045336273677 0.6343932841636456 -0
  outer loop
    vertex -0.063468267223298819 -0.048700914320697654 -1
    vertex -0.063468267223298819 -0.048700914320697654 1
    vertex -0.0601471845983182 -0.052747665208005508 1
  endloop
endfacet
facet normal -0 0 1
  outer loop
    vertex -0.79335334029123517 -0.60876142900872066 1
    vertex -0.7518398074789775 -0.65934581510006884 1
    vertex -0.0601471845983182 -0.052747665208005508 1
  endloop
endfacet
facet normal 0 0 1
  outer loop
    vertex -0.79335334029123517 -0.60876142900872066 1
    vertex -0.0601471845983182 -0.052747665208005508 1
    vertex -0.063468267223298819 -0.048700914320697654 1
  endloop
endfacet
facet normal 0 0 -1
  outer loop
    vertex -0.79335334029123517 -0.60876142900872066 -1
    vertex -0.0601471845983182 -0.052747665208005508 -1
    vertex -0.7518398074789775 -0.65934581510006884 -1
  endloop
endfacet
facet normal 0 0 -1
  outer loop
    vertex -0.79335334029123517 -0.60876142900872066 -1
    vertex -0.063468267223298819 -0.048700914320697654 -1
    vertex -0.0601471845983182 -0.052747665208005508 -1
  endloop
endfacet
facet normal -0.72986407269783526 -0.68359230202287191 0
  outer loop
    vertex -0.7518398074789775 -0.65934581510006884 -1
    vertex -0.70710678118654791 -0.70710678118654713 -1
    vertex -0.70710678118654791 -0.70710678118654713 1
  endloop
endfacet
facet normal -0.72986407269783526 -0.68359230202287191 0
  outer loop
    vertex -0.7518398074789775 -0.65934581510006884 -1
    vertex -0.70710678118654791 -0.70710678118654713 1
    vertex -0.7518398074789775 -0.65934581510006884 1
  endloop
endfacet
facet normal 0.72986407269783471 0.68359230202287236 0
  outer loop
    vertex -0.0601471845983182 -0.052747665208005508 -1
    vertex -0.056568542494923831 -0.056568542494923768 1
    vertex -0.056568542494923831 -0.056568542494923768 -1
  endloop
endfacet
facet normal 0.72986407269783471 0.68359230202287236 -0
  outer loop
    vertex -0.0601471845983182 -0.052747665208005508 -1
    vertex -0.0601471845983182 -0.052747665208005508 1
    vertex -0.056568542494923831 -0.056568542494923768 1
  endloop
endfacet
facet normal -0 0 1
  outer loop
    vertex -0.7518398074789775 -0.65934581510006884 1
    vertex -0.70710678118654791 -0.70710678118654713 1
    vertex -0.056568542494923831 -0.056568542494923768 1
  endloop
endfacet
facet normal 0 0 1
  outer loop
    vertex -0.7518398074789775 -0.65934581510006884 1
    vertex -0.056568542494923831 -0.056568542494923768 1
    vertex -0.0601471845983182 -0.052747665208005508 1
  endloop
endfacet
facet normal 0 0 -1
  outer loop
    vertex -0.7518398074789775 -0.65934581510006884 -1
    vertex -0.056568542494923831 -0.056568542494923768 -1
    vertex -0.70710678118654791 -0.70710678118654713 -1
  endloop
endfacet
facet normal 0 0 -1
  outer loop
    vertex -0.7518398074789775 -0.65934581510006884 -1
    vertex -0.0601471845983182 -0.052747665208005508 -1
    vertex -0.056568542494923831 -0.056568542494923768 -1
  endloop
endfacet
facet normal -0.68359230202287213 -0.72986407269783482 0
  outer loop
    vertex -0.70710678118654791 -0.70710678118654713 -1
    vertex -0.65934581510006907 -0.75183980747897727 -1
    vertex -0.65934581510006907 -0.75183980747897727 1
  endloop
endfacet
facet normal -0.68359230202287213 -0.72986407269783482 0
  outer loop
    vertex -0.70710678118654791 -0.70710678118654713 -1
    vertex -0.65934581510006907 -0.75183980747897727 1
    vertex -0.70710678118654791 -0.70710678118654713 1
  endloop
endfacet
facet normal 0.68359230202287324 0.72986407269783371 0
  outer loop
    vertex -0.056568542494923831 -0.056568542494923768 -1
    vertex -0.052747665208005529 -0.060147184598318186 1
    vertex -0.052747665208005529 -0.060147184598318186 -1
  endloop
endfacet
facet normal 0.68359230202287324 0.72986407269783371 -0
  outer loop
    vertex -0.056568542494923831 -0.056568542494923768 -1
    vertex -0.056568542494923831 -0.056568542494923768 1
    vertex -0.052747665208005529 -0.060147184598318186 1
  endloop
endfacet
facet normal -0 0 1
  outer loop
    vertex -0.70710678118654791 -0.70710678118654713 1
    vertex -0.65934581510006907 -0.75183980747897727 1
    vertex -0.052747665208005529 -0.060147184598318186 1
  endloop
endfacet
facet normal 0 0 1
  outer loop
    vertex -0.70710678118654791 -0.70710678118654713 1
    vertex -0.052747665208005529 -0.060147184598318186 1
    vertex -0.056568542494923831 -0.056568542494923768 1
  endloop
endfacet
facet normal 0 0 -1
  outer loop
    vertex -0.70710678118654791 -0.70710678118654713 -1
    vertex -0.052747665208005529 -0.060147184598318186 -1
    vertex -0.65934581510006907 -0.75183980747897727 -1
  endloop
endfacet
facet normal 0 0 -1
  outer loop
    vertex -0.70710678118654791 -0.70710678118654713 -1
    vertex -0.056568542494923831 -0.056568542494923768 -1
    vertex -0.052747665208005529 -0.060147184598318186 -1
  endloop
endfacet
facet normal -0.63439328416364493 -0.77301045336273744 0
  outer loop
    vertex -0.65934581510006907 -0.75183980747897727 -1
    vertex -0.60876142900872088 -0.79335334029123494 -1
    vertex -0.60876142900872088 -0.79335334029123494 1
  endloop
endfacet
facet normal -0.63439328416364493 -0.77301045336273744 0
  outer loop
    vertex -0.65934581510006907 -0.75183980747897727 -1
    vertex -0.60876142900872088 -0.79335334029123494 1
    vertex -0.65934581510006907 -0.75183980747897727 1
  endloop
endfacet
facet normal 0.63439328416364404 0.77301045336273821 0
  outer loop
    vertex -0.052747665208005529 -0.060147184598318186 -1
    vertex -0.048700914320697675 -0.063468267223298791 1
    vertex -0.048700914320697675 -0.063468267223298791 -1
  endloop
endfacet
facet normal 0.63439328416364404 0.77301045336273821 -0
  outer loop
    vertex -0.052747665208005529 -0.060147184598318186 -1
    vertex -0.052747665208005529 -0.060147184598318186 1
    vertex -0.048700914320697675 -0.063468267223298791 1
  endloop
endfacet
facet normal -0 0 1
  outer loop
    vertex -0.65934581510006907 -0.75183980747897727 1
    vertex -0.60876142900872088 -0.79335334029123494 1
    vertex -0.048700914320697675 -0.063468267223298791 1
  endloop
endfacet
facet normal 0 0 1
  outer loop
    vertex -0.65934581510006907 -0.75183980747897727 1
    vertex -0.048700914320697675 -0.063468267223298791 1
    vertex -0.052747665208005529 -0.060147184598318186 1
  endloop
endfacet
facet normal 0 0 -1
  outer loop
    vertex -0.65934581510006907 -0.75183980747897727 -1
    vertex -0.048700914320697675 -0.063468267223298791 -1
    vertex -0.60876142900872088 -0.79335334029123494 -1
  endloop
endfacet
facet normal 0 0 -1
  outer loop
    vertex -0.65934581510006907 -0.75183980747897727 -1
    vertex -0.052747665208005529 -0.060147184598318186 -1
    vertex -0.048700914320697675 -0.063468267223298791 -1
  endloop
endfacet
facet normal -0.58247769686780226 -0.81284668459161502 0
  outer loop
    vertex -0.60876142900872088 -0.79335334029123494 -1
    vertex -0.55557023301960218 -0.83146961230254524 -1
    vertex -0.55557023301960218 -0.83146961230254524 1
  endloop
endfacet
facet normal -0.58247769686780226 -0.81284668459161502 0
  outer loop
    vertex -0.60876142900872088 -0.79335334029123494 -1
    vertex -0.55557023301960218 -0.83146961230254524 1
    vertex -0.60876142900872088 -0.79335334029123494 1
  endloop
endfacet
facet normal 0.5824776968678026 0.81284668459161491 0
  outer loop
    vertex -0.048700914320697675 -0.063468267223298791 -1
    vertex -0.044445618641568173 -0.066517568984203621 1
    vertex -0.044445618641568173 -0.066517568984203621 -1
  endloop
endfacet
facet normal 0.5824776968678026 0.81284668459161491 -0
  outer loop
    vertex -0.048700914320697675 -0.063468267223298791 -1
    vertex -0.048700914320697675 -0.063468267223298791 1
    vertex -0.044445618641568173 -0.066517568984203621 1
  endloop
endfacet
facet normal -0 0 1
  outer loop
    vertex -0.60876142900872088 -0.79335334029123494 1
    vertex -0.55557023301960218 -0.83146961230254524 1
    vertex -0.044445618641568173 -0.066517568984203621 1
  endloop
endfacet
facet normal 0 0 1
  outer loop
    vertex -0.60876142900872088 -0.79335334029123494 1
    vertex -0.044445618641568173 -0.066517568984203621 1
    vertex -0.048700914320697675 -0.063468267223298791 1
  endloop
endfacet
facet normal 0 0 -1
  outer loop
    vertex -0.60876142900872088 -0.79335334029123494 -1
    vertex -0.044445618641568173 -0.066517568984203621 -1
    vertex -0.55557023301960218 -0.83146961230254524 -1
  endloop
endfacet
facet normal 0 0 -1
  outer loop
    vertex -0.60876142900872088 -0.79335334029123494 -1
    vertex -0.048700914320697675 -0.063468267223298791 -1
    vertex -0.044445618641568173 -0.066517568984203621 -1
  endloop
endfacet
facet normal -0.52806785065036832 -0.84920218152657856 0
  outer loop
    vertex -0.55557023301960218 -0.83146961230254524 -1
    vertex -0.50000000000000044 -0.86602540378443837 -1
    vertex -0.50000000000000044 -0.86602540378443837 1
  endloop
endfacet
facet normal -0.52806785065036832 -0.84920218152657856 0
  outer loop
    vertex -0.55557023301960218 -0.83146961230254524 -1
    vertex -0.50000000000000044 -0.86602540378443837 1
    vertex -0.55557023301960218 -0.83146961230254524 1
  endloop
endfacet
facet normal 0.52806785065036932 0.84920218152657789 0
  outer loop
    vertex -0.044445618641568173 -0.066517568984203621 -1
    vertex -0.040000000000000036 -0.069282032302755078 1
    vertex -0.040000000000000036 -0.069282032302755078 -1
  endloop
endfacet
facet normal 0.52806785065036932 0.84920218152657789 -0
  outer loop
    vertex -0.044445618641568173 -0.066517568984203621 -1
    vertex -0.044445618641568173 -0.066517568984203621 1
    vertex -0.040000000000000036 -0.069282032302755078 1
  endloop
endfacet
facet normal -0 0 1
  outer loop
    vertex -0.55557023301960218 -0.83146961230254524 1
    vertex -0.50000000000000044 -0.86602540378443837 1
    vertex -0.040000000000000036 -0.069282032302755078 1
  endloop
endfacet
facet normal 0 0 1
  outer loop
    vertex -0.55557023301960218 -0.83146961230254524 1
    vertex -0.040000000000000036 -0.069282032302755078 1
    vertex -0.044445618641568173 -0.066517568984203621 1
  endloop
endfacet
facet normal 0 0 -1
  outer loop
    vertex -0.55557023301960218 -0.83146961230254524 -1
    vertex -0.040000000000000036 -0.069282032302755078 -1
    vertex -0.50000000000000044 -0.86602540378443837 -1
  endloop
endfacet
facet normal 0 0 -1
  outer loop
    vertex -0.55557023301960218 -0.83146961230254524 -1
    vertex -0.044445618641568173 -0.066517568984203621 -1
    vertex -0.040000000000000036 -0.069282032302755078 -1
  endloop
endfacet
facet normal -0.47139673682599798 -0.88192126434835483 0
  outer loop
    vertex -0.50000000000000044 -0.86602540378443837 -1
    vertex -0.44228869021900136 -0.89687274153268826 -1
    vertex -0.44228869021900136 -0.89687274153268826 1
  endloop
endfacet
facet normal -0.47139673682599798 -0.88192126434835483 0
  outer loop
    vertex -0.50000000000000044 -0.86602540378443837 -1
    vertex -0.44228869021900136 -0.89687274153268826 1
    vertex -0.50000000000000044 -0.86602540378443837 1
  endloop
endfacet
facet normal 0.47139673682599759 0.88192126434835505 0
  outer loop
    vertex -0.040000000000000036 -0.069282032302755078 -1
    vertex -0.035383095217520109 -0.071749819322615066 1
    vertex -0.035383095217520109 -0.071749819322615066 -1
  endloop
endfacet
facet normal 0.47139673682599759 0.88192126434835505 -0
  outer loop
    vertex -0.040000000000000036 -0.069282032302755078 -1
    vertex -0.040000000000000036 -0.069282032302755078 1
    vertex -0.035383095217520109 -0.071749819322615066 1
  endloop
endfacet
facet normal -0 0 1
  outer loop
    vertex -0.50000000000000044 -0.86602540378443837 1
    vertex -0.44228869021900136 -0.89687274153268826 1
    vertex -0.035383095217520109 -0.071749819322615066 1
  endloop
endfacet
facet normal 0 0 1
  outer loop
    vertex -0.50000000000000044 -0.86602540378443837 1
    vertex -0.035383095217520109 -0.071749819322615066 1
    vertex -0.040000000000000036 -0.069282032302755078 1
  endloop
endfacet
facet normal 0 0 -1
  outer loop
    vertex -0.50000000000000044 -0.86602540378443837 -1
    vertex -0.035383095217520109 -0.071749819322615066 -1
    vertex -0.44228869021900136 -0.89687274153268826 -1
  endloop
endfacet
facet normal 0 0 -1
  outer loop
    vertex -0.50000000000000044 -0.86602540378443837 -1
    vertex -0.040000000000000036 -0.069282032302755078 -1
    vertex -0.035383095217520109 -0.071749819322615066 -1
  endloop
endfacet
facet normal -0.41270702980439461 -0.91086382492117601 0
  outer loop
    vertex -0.44228869021900136 -0.89687274153268826 -1
    vertex -0.3826834323650895 -0.92387953251128685 -1
    vertex -0.3826834323650895 -0.92387953251128685 1
  endloop
endfacet
facet normal -0.41270702980439461 -0.91086382492117601 0
  outer loop
    vertex -0.44228869021900136 -0.89687274153268826 -1
    vertex -0.3826834323650895 -0.92387953251128685 1
    vertex -0.44228869021900136 -0.89687274153268826 1
  endloop
endfacet
facet normal 0.41270702980439328 0.91086382492117646 0
  outer loop
    vertex -0.035383095217520109 -0.071749819322615066 -1
    vertex -0.03061467458920716 -0.073910362600902946 1
    vertex -0.03061467458920716 -0.073910362600902946 -1
  endloop
endfacet
facet normal 0.41270702980439328 0.91086382492117646 -0
  outer loop
    vertex -0.035383095217520109 -0.071749819322615066 -1
    vertex -0.035383095217520109 -0.071749819322615066 1
    vertex -0.03061467458920716 -0.073910362600902946 1
  endloop
endfacet
facet normal -0 0 1
  outer loop
    vertex -0.44228869021900136 -0.89687274153268826 1
    vertex -0.3826834323650895 -0.92387953251128685 1
    vertex -0.03061467458920716 -0.073910362600902946 1
  endloop
endfacet
facet normal 0 0 1
  outer loop
    vertex -0.44228869021900136 -0.89687274153268826 1
    vertex -0.03061467458920716 -0.073910362600902946 1
    vertex -0.035383095217520109 -0.071749819322615066 1
  endloop
endfacet
facet normal 0 0 -1
  outer loop
    vertex -0.44228869021900136 -0.89687274153268826 -1
    vertex -0.03061467458920716 -0.073910362600902946 -1
    vertex -0.3826834323650895 -0.92387953251128685 -1
  endloop
endfacet
facet normal 0 0 -1
  outer loop
    vertex -0.44228869021900136 -0.89687274153268826 -1
    vertex -0.035383095217520109 -0.071749819322615066 -1
    vertex -0.03061467458920716 -0.073910362600902946 -1
  endloop
endfacet
facet normal -0.35225004792123366 -0.93590592675732587 0
  outer loop
    vertex -0.3826834323650895 -0.92387953251128685 -1
    vertex -0.32143946530316181 -0.94693012949510558 -1
    vertex -0.32143946530316181 -0.94693012949510558 1
  endloop
endfacet
facet normal -0.35225004792123366 -0.93590592675732587 0
  outer loop
    vertex -0.3826834323650895 -0.92387953251128685 -1
    vertex -0.32143946530316181 -0.94693012949510558 1
    vertex -0.3826834323650895 -0.92387953251128685 1
  endloop
endfacet
facet normal 0.35225004792123438 0.93590592675732542 0
  outer loop
    vertex -0.03061467458920716 -0.073910362600902946 -1
    vertex -0.025715157224252945 -0.075754410359608448 1
    vertex -0.025715157224252945 -0.075754410359608448 -1
  endloop
endfacet
facet normal 0.35225004792123438 0.93590592675732542 -0
  outer loop
    vertex -0.03061467458920716 -0.073910362600902946 -1
    vertex -0.03061467458920716 -0.073910362600902946 1
    vertex -0.025715157224252945 -0.075754410359608448 1
  endloop
endfacet
facet normal -0 0 1
  outer loop
    vertex -0.3826834323650895 -0.92387953251128685 1
    vertex -0.32143946530316181 -0.94693012949510558 1
    vertex -0.025715157224252945 -0.075754410359608448 1
  endloop
endfacet
facet normal 0 0 1
  outer loop
    vertex -0.3826834323650895 -0.92387953251128685 1
    vertex -0.025715157224252945 -0.075754410359608448 1
    vertex -0.03061467458920716 -0.073910362600902946 1
  endloop
endfacet
facet normal 0 0 -1
  outer loop
    vertex -0.3826834323650895 -0.92387953251128685 -1
    vertex -0.025715157224252945 -0.075754410359608448 -1
    vertex -0.32143946530316181 -0.94693012949510558 -1
  endloop
endfacet
facet normal 0 0 -1
  outer loop
    vertex -0.3826834323650895 -0.92387953251128685 -1
    vertex -0.03061467458920716 -0.073910362600902946 -1
    vertex -0.025715157224252945 -0.075754410359608448 -1
  endloop
endfacet
facet normal -0.29028467725446239 -0.95694033573220882 0
  outer loop
    vertex -0.32143946530316181 -0.94693012949510558 -1
    vertex -0.25881904510252063 -0.96592582628906831 -1
    vertex -0.25881904510252063 -0.96592582628906831 1
  endloop
endfacet
facet normal -0.29028467725446239 -0.95694033573220882 0
  outer loop
    vertex -0.32143946530316181 -0.94693012949510558 -1
    vertex -0.25881904510252063 -0.96592582628906831 1
    vertex -0.32143946530316181 -0.94693012949510558 1
  endloop
endfacet
facet normal 0.29028467725446278 0.95694033573220871 0
  outer loop
    vertex -0.025715157224252945 -0.075754410359608448 -1
    vertex -0.020705523608201652 -0.077274066103125469 1
    vertex -0.020705523608201652 -0.077274066103125469 -1
  endloop
endfacet
facet normal 0.29028467725446278 0.95694033573220871 -0
  outer loop
    vertex -0.025715157224252945 -0.075754410359608448 -1
    vertex -0.025715157224252945 -0.075754410359608448 1
    vertex -0.020705523608201652 -0.077274066103125469 1
  endloop
endfacet
facet normal -0 0 1
  outer loop
    vertex -0.32143946530316181 -0.94693012949510558 1
    vertex -0.25881904510252063 -0.96592582628906831 1
    vertex -0.020705523608201652 -0.077274066103125469 1
  endloop
endfacet
facet normal 0 0 1
  outer loop
    vertex -0.32143946530316181 -0.94693012949510558 1
    vertex -0.020705523608201652 -0.077274066103125469 1
    vertex -0.025715157224252945 -0.075754410359608448 1
  endloop
endfacet
facet normal 0 0 -1
  outer loop
    vertex -0.32143946530316181 -0.94693012949510558 -1
    vertex -0.020705523608201652 -0.077274066103125469 -1
    vertex -0.25881904510252063 -0.96592582628906831 -1
  endloop
endfacet
facet normal 0 0 -1
  outer loop
    vertex -0.32143946530316181 -0.94693012949510558 -1
    vertex -0.025715157224252945 -0.075754410359608448 -1
    vertex -0.020705523608201652 -0.077274066103125469 -1
  endloop
endfacet
facet normal -0.22707626303437276 -0.97387697927733374 0
  outer loop
    vertex -0.25881904510252063 -0.96592582628906831 -1
    vertex -0.19509032201612866 -0.98078528040323032 -1
    vertex -0.19509032201612866 -0.98078528040323032 1
  endloop
endfacet
facet normal -0.22707626303437276 -0.97387697927733374 0
  outer loop
    vertex -0.25881904510252063 -0.96592582628906831 -1
    vertex -0.19509032201612866 -0.98078528040323032 1
    vertex -0.25881904510252063 -0.96592582628906831 1
  endloop
endfacet
facet normal 0.22707626303437189 0.97387697927733397 0
  outer loop
    vertex -0.020705523608201652 -0.077274066103125469 -1
    vertex -0.015607225761290294 -0.078462822432258425 1
    vertex -0.015607225761290294 -0.078462822432258425 -1
  endloop
endfacet
facet normal 0.22707626303437189 0.97387697927733397 -0
  outer loop
    vertex -0.020705523608201652 -0.077274066103125469 -1
    vertex -0.020705523608201652 -0.077274066103125469 1
    vertex -0.015607225761290294 -0.078462822432258425 1
  endloop
endfacet
facet normal -0 0 1
  outer loop
    vertex -0.25881904510252063 -0.96592582628906831 1
    vertex -0.19509032201612866 -0.98078528040323032 1
    vertex -0.015607225761290294 -0.078462822432258425 1
  endloop
endfacet
facet normal 0 0 1
  outer loop
    vertex -0.25881904510252063 -0.96592582628906831 1
    vertex -0.015607225761290294 -0.078462822432258425 1
    vertex -0.020705523608201652 -0.077274066103125469 1
  endloop
endfacet
facet normal 0 0 -1
  outer loop
    vertex -0.25881904510252063 -0.96592582628906831 -1
    vertex -0.015607225761290294 -0.078462822432258425 -1
    vertex -0.19509032201612866 -0.98078528040323032 -1
  endloop
endfacet
facet normal 0 0 -1
  outer loop
    vertex -0.25881904510252063 -0.96592582628906831 -1
    vertex -0.020705523608201652 -0.077274066103125469 -1
    vertex -0.015607225761290294 -0.078462822432258425 -1
  endloop
endfacet
facet normal -0.16289547339458937 -0.98664333208487898 0
  outer loop
    vertex -0.19509032201612866 -0.98078528040323032 -1
    vertex -0.13052619222005163 -0.99144486137381038 -1
    vertex -0.13052619222005163 -0.99144486137381038 1
  endloop
endfacet
facet normal -0.16289547339458937 -0.98664333208487898 0
  outer loop
    vertex -0.19509032201612866 -0.98078528040323032 -1
    vertex -0.13052619222005163 -0.99144486137381038 1
    vertex -0.19509032201612866 -0.98078528040323032 1
  endloop
endfacet
facet normal 0.16289547339459087 0.98664333208487853 0
  outer loop
    vertex -0.015607225761290294 -0.078462822432258425 -1
    vertex -0.01044209537760413 -0.079315588909904838 1
    vertex -0.01044209537760413 -0.079315588909904838 -1
  endloop
endfacet
facet normal 0.16289547339459087 0.98664333208487853 -0
  outer loop
    vertex -0.015607225761290294 -0.078462822432258425 -1
    vertex -0.015607225761290294 -0.078462822432258425 1
    vertex -0.01044209537760413 -0.079315588909904838 1
  endloop
endfacet
facet normal -0 0 1
  outer loop
    vertex -0.19509032201612866 -0.98078528040323032 1
    vertex -0.13052619222005163 -0.99144486137381038 1
    vertex -0.01044209537760413 -0.079315588909904838 1
  endloop
endfacet
facet normal 0 0 1
  outer loop
    vertex -0.19509032201612866 -0.98078528040323032 1
    vertex -0.01044209537760413 -0.079315588909904838 1
    vertex -0.015607225761290294 -0.078462822432258425 1
  endloop
endfacet
facet normal 0 0 -1
  outer loop
    vertex -0.19509032201612866 -0.98078528040323032 -1
    vertex -0.01044209537760413 -0.079315588909904838 -1
    vertex -0.13052619222005163 -0.99144486137381038 -1
  endloop
endfacet
facet normal 0 0 -1
  outer loop
    vertex -0.19509032201612866 -0.98078528040323032 -1
    vertex -0.015607225761290294 -0.078462822432258425 -1
    vertex -0.01044209537760413 -0.079315588909904838 -1
  endloop
endfacet
facet normal -0.098017140329560062 -0.99518472667219693 0
  outer loop
    vertex -0.13052619222005163 -0.99144486137381038 -1
    vertex -0.065403129230142729 -0.99785892323860348 -1
    vertex -0.065403129230142729 -0.99785892323860348 1
  endloop
endfacet
facet normal -0.098017140329560062 -0.99518472667219693 0
  outer loop
    vertex -0.13052619222005163 -0.99144486137381038 -1
    vertex -0.065403129230142729 -0.99785892323860348 1
    vertex -0.13052619222005163 -0.99144486137381038 1
  endloop
endfacet
facet normal 0.098017140329559341 0.99518472667219704 0
  outer loop
    vertex -0.01044209537760413 -0.079315588909904838 -1
    vertex -0.0052322503384114186 -0.079828713859088282 1
    vertex -0.0052322503384114186 -0.079828713859088282 -1
  endloop
endfacet
facet normal 0.098017140329559341 0.99518472667219704 -0
  outer loop
    vertex -0.01044209537760413 -0.079315588909904838 -1
    vertex -0.01044209537760413 -0.079315588909904838 1
    vertex -0.0052322503384114186 -0.079828713859088282 1
  endloop
endfacet
facet normal -0 0 1
  outer loop
    vertex -0.13052619222005163 -0.99144486137381038 1
    vertex -0.065403129230142729 -0.99785892323860348 1
    vertex -0.0052322503384114186 -0.079828713859088282 1
  endloop
endfacet
facet normal 0 0 1
  outer loop
    vertex -0.13052619222005163 -0.99144486137381038 1
    vertex -0.0052322503384114186 -0.079828713859088282 1
    vertex -0.01044209537760413 -0.079315588909904838 1
  endloop
endfacet
facet normal 0 0 -1
  outer loop
    vertex -0.13052619222005163 -0.99144486137381038 -1
    vertex -0.0052322503384114186 -0.079828713859088282 -1
    vertex -0.065403129230142729 -0.99785892323860348 -1
  endloop
endfacet
facet normal 0 0 -1
  outer loop
    vertex -0.13052619222005163 -0.99144486137381038 -1
    vertex -0.01044209537760413 -0.079315588909904838 -1
    vertex -0.0052322503384114186 -0.079828713859088282 -1
  endloop
endfacet
facet normal -0.032719082821776824 -0.99946458747636568 0
  outer loop
    vertex -0.065403129230142729 -0.99785892323860348 -1
    vertex -1.8369701987210297e-16 -1 -1
    vertex -1.8369701987210297e-16 -1 1
  endloop
endfacet
facet normal -0.032719082821776824 -0.99946458747636568 0
  outer loop
    vertex -0.065403129230142729 -0.99785892323860348 -1
    vertex -1.8369701987210297e-16 -1 1
    vertex -0.065403129230142729 -0.99785892323860348 1
  endloop
endfacet
facet normal 0.0327190828217764 0.99946458747636568 0
  outer loop
    vertex -0.0052322503384114186 -0.079828713859088282 -1
    vertex -1.4695761589768237e-17 -0.080000000000000002 1
    vertex -1.4695761589768237e-17 -0.080000000000000002 -1
  endloop
endfacet
facet normal 0.0327190828217764 0.99946458747636568 -0
  outer loop
    vertex -0.0052322503384114186 -0.079828713859088282 -1
    vertex -0.0052322503384114186 -0.079828713859088282 1
    vertex -1.4695761589768237e-17 -0.080000000000000002 1
  endloop
endfacet
facet normal -0 0 1
  outer loop
    vertex -0.065403129230142729 -0.99785892323860348 1
    vertex -1.8369701987210297e-16 -1 1
    vertex -1.4695761589768237e-17 -0.080000000000000002 1
  endloop
endfacet
facet normal 0 0 1
  outer loop
    vertex -0.065403129230142729 -0.99785892323860348 1
    vertex -1.4695761589768237e-17 -0.080000000000000002 1
    vertex -0.0052322503384114186 -0.079828713859088282 1
  endloop
endfacet
facet normal 0 0 -1
  outer loop
    vertex -0.065403129230142729 -0.99785892323860348 -1
    vertex -1.4695761589768237e-17 -0.080000000000000002 -1
    vertex -1.8369701987210297e-16 -1 -1
  endloop
endfacet
facet normal 0 0 -1
  outer loop
    vertex -0.065403129230142729 -0.99785892323860348 -1
    vertex -0.0052322503384114186 -0.079828713859088282 -1
    vertex -1.4695761589768237e-17 -0.080000000000000002 -1
  endloop
endfacet
facet normal 0.032719082821775131 -0.99946458747636568 0
  outer loop
    vertex -1.8369701987210297e-16 -1 -1
    vertex 0.065403129230142368 -0.99785892323860359 -1
    vertex 0.065403129230142368 -0.99785892323860359 1
  endloop
endfacet
facet normal 0.032719082821775131 -0.99946458747636568 0
  outer loop
    vertex -1.8369701987210297e-16 -1 -1
    vertex 0.065403129230142368 -0.99785892323860359 1
    vertex -1.8369701987210297e-16 -1 1
  endloop
endfacet
facet normal -0.0327190828217764 0.99946458747636568 0
  outer loop
    vertex -1.4695761589768237e-17 -0.080000000000000002 -1
    vertex 0.0052322503384113891 -0.079828713859088282 1
    vertex 0.0052322503384113891 -0.079828713859088282 -1
  endloop
endfacet
facet normal -0.0327190828217764 0.99946458747636568 0
  outer loop
    vertex -1.4695761589768237e-17 -0.080000000000000002 -1
    vertex -1.4695761589768237e-17 -0.080000000000000002 1
    vertex 0.0052322503384113891 -0.079828713859088282 1
  endloop
endfacet
facet normal 0 0 1
  outer loop
    vertex -1.8369701987210297e-16 -1 1
    vertex 0.065403129230142368 -0.99785892323860359 1
    vertex 0.0052322503384113891 -0.079828713859088282 1
  endloop
endfacet
facet normal 0 0 1
  outer loop
    vertex -1.8369701987210297e-16 -1 1
    vertex 0.0052322503384113891 -0.079828713859088282 1
    vertex -1.4695761589768237e-17 -0.080000000000000002 1
  endloop
endfacet
facet normal 0 0 -1
  outer loop
    vertex -1.8369701987210297e-16 -1 -1
    vertex 0.0052322503384113891 -0.079828713859088282 -1
    vertex 0.065403129230142368 -0.99785892323860359 -1
  endloop
endfacet
facet normal 0 0 -1
  outer loop
    vertex -1.8369701987210297e-16 -1 -1
    vertex -1.4695761589768237e-17 -0.080000000000000002 -1
    vertex 0.0052322503384113891 -0.079828713859088282 -1
  endloop
endfacet
facet normal 0.098017140329560062 -0.99518472667219693 0
  outer loop
    vertex 0.065403129230142368 -0.99785892323860359 -1
    vertex 0.13052619222005127 -0.99144486137381049 -1
    vertex 0.13052619222005127 -0.99144486137381049 1
  endloop
endfacet
facet normal 0.098017140329560062 -0.99518472667219693 0
  outer loop
    vertex 0.065403129230142368 -0.99785892323860359 -1
    vertex 0.13052619222005127 -0.99144486137381049 1
    vertex 0.065403129230142368 -0.99785892323860359 1
  endloop
endfacet
facet normal -0.098017140329559341 0.99518472667219704 0
  outer loop
    vertex 0.0052322503384113891 -0.079828713859088282 -1
    vertex 0.010442095377604101 -0.079315588909904838 1
    vertex 0.010442095377604101 -0.079315588909904838 -1
  endloop
endfacet
facet normal -0.098017140329559341 0.99518472667219704 0
  outer loop
    vertex 0.0052322503384113891 -0.079828713859088282 -1
    vertex 0.0052322503384113891 -0.079828713859088282 1
    vertex 0.010442095377604101 -0.079315588909904838 1
  endloop
endfacet
facet normal 0 -0 1
  outer loop
    vertex 0.065403129230142368 -0.99785892323860359 1
    vertex 0.13052619222005127 -0.99144486137381049 1
    vertex 0.010442095377604101 -0.079315588909904838 1
  endloop
endfacet
facet normal 0 0 1
  outer loop
    vertex 0.065403129230142368 -0.99785892323860359 1
    vertex 0.010442095377604101 -0.079315588909904838 1
    vertex 0.0052322503384113891 -0.079828713859088282 1
  endloop
endfacet
facet normal 0 0 -1
  outer loop
    vertex 0.065403129230142368 -0.99785892323860359 -1
    vertex 0.010442095377604101 -0.079315588909904838 -1
    vertex 0.13052619222005127 -0.99144486137381049 -1
  endloop
endfacet
facet normal 0 0 -1
  outer loop
    vertex 0.065403129230142368 -0.99785892323860359 -1
    vertex 0.0052322503384113891 -0.079828713859088282 -1
    vertex 0.010442095377604101 -0.079315588909904838 -1
  endloop
endfacet
facet normal 0.16289547339458937 -0.98664333208487898 0
  outer loop
    vertex 0.13052619222005127 -0.99144486137381049 -1
    vertex 0.1950903220161283 -0.98078528040323043 -1
    vertex 0.1950903220161283 -0.98078528040323043 1
  endloop
endfacet
facet normal 0.16289547339458937 -0.98664333208487898 0
  outer loop
    vertex 0.13052619222005127 -0.99144486137381049 -1
    vertex 0.1950903220161283 -0.98078528040323043 1
    vertex 0.13052619222005127 -0.99144486137381049 1
  endloop
endfacet
facet normal -0.16289547339458832 0.98664333208487909 0
  outer loop
    vertex 0.010442095377604101 -0.079315588909904838 -1
    vertex 0.015607225761290264 -0.078462822432258439 1
    vertex 0.015607225761290264 -0.078462822432258439 -1
  endloop
endfacet
facet normal -0.16289547339458832 0.98664333208487909 0
  outer loop
    vertex 0.010442095377604101 -0.079315588909904838 -1
    vertex 0.010442095377604101 -0.079315588909904838 1
    vertex 0.015607225761290264 -0.078462822432258439 1
  endloop
endfacet
facet normal 0 -0 1
  outer loop
    vertex 0.13052619222005127 -0.99144486137381049 1
    vertex 0.1950903220161283 -0.98078528040323043 1
    vertex 0.015607225761290264 -0.078462822432258439 1
  endloop
endfacet
facet normal 0 0 1
  outer loop
    vertex 0.13052619222005127 -0.99144486137381049 1
    vertex 0.015607225761290264 -0.078462822432258439 1
    vertex 0.010442095377604101 -0.079315588909904838 1
  endloop
endfacet
facet normal 0 0 -1
  outer loop
    vertex 0.13052619222005127 -0.99144486137381049 -1
    vertex 0.015607225761290264 -0.078462822432258439 -1
    vertex 0.1950903220161283 -0.98078528040323043 -1
  endloop
endfacet
facet normal 0 0 -1
  outer loop
    vertex 0.13052619222005127 -0.99144486137381049 -1
    vertex 0.010442095377604101 -0.079315588909904838 -1
    vertex 0.015607225761290264 -0.078462822432258439 -1
  endloop
endfacet
facet normal 0.22707626303437264 -0.97387697927733374 0
  outer loop
    vertex 0.1950903220161283 -0.98078528040323043 -1
    vertex 0.2588190451025203 -0.96592582628906842 -1
    vertex 0.2588190451025203 -0.96592582628906842 1
  endloop
endfacet
facet normal 0.22707626303437264 -0.97387697927733374 0
  outer loop
    vertex 0.1950903220161283 -0.98078528040323043 -1
    vertex 0.2588190451025203 -0.96592582628906842 1
    vertex 0.1950903220161283 -0.98078528040323043 1
  endloop
endfacet
facet normal -0.22707626303437431 0.9738769792773333 0
  outer loop
    vertex 0.015607225761290264 -0.078462822432258439 -1
    vertex 0.020705523608201624 -0.077274066103125469 1
    vertex 0.020705523608201624 -0.077274066103125469 -1
  endloop
endfacet
facet normal -0.22707626303437431 0.9738769792773333 0
  outer loop
    vertex 0.015607225761290264 -0.078462822432258439 -1
    vertex 0.015607225761290264 -0.078462822432258439 1
    vertex 0.020705523608201624 -0.077274066103125469 1
  endloop
endfacet
facet normal 0 -0 1
  outer loop
    vertex 0.1950903220161283 -0.98078528040323043 1
    vertex 0.2588190451025203 -0.96592582628906842 1
    vertex 0.020705523608201624 -0.077274066103125469 1
  endloop
endfacet
facet normal 0 0 1
  outer loop
    vertex 0.1950903220161283 -0.98078528040323043 1
    vertex 0.020705523608201624 -0.077274066103125469 1
    vertex 0.015607225761290264 -0.078462822432258439 1
  endloop
endfacet
facet normal 0 0 -1
  outer loop
    vertex 0.1950903220161283 -0.98078528040323043 -1
    vertex 0.020705523608201624 -0.077274066103125469 -1
    vertex 0.2588190451025203 -0.96592582628906842 -1
  endloop
endfacet
facet normal 0 0 -1
  outer loop
    vertex 0.1950903220161283 -0.98078528040323043 -1
    vertex 0.015607225761290264 -0.078462822432258439 -1
    vertex 0.020705523608201624 -0.077274066103125469 -1
  endloop
endfacet
facet normal 0.29028467725446239 -0.95694033573220882 0
  outer loop
    vertex 0.2588190451025203 -0.96592582628906842 -1
    vertex 0.32143946530316148 -0.94693012949510569 -1
    vertex 0.32143946530316148 -0.94693012949510569 1
  endloop
endfacet
facet normal 0.29028467725446239 -0.95694033573220882 0
  outer loop
    vertex 0.2588190451025203 -0.96592582628906842 -1
    vertex 0.32143946530316148 -0.94693012949510569 1
    vertex 0.2588190451025203 -0.96592582628906842 1
  endloop
endfacet
facet normal -0.29028467725446033 0.95694033573220938 0
  outer loop
    vertex 0.020705523608201624 -0.077274066103125469 -1
    vertex 0.025715157224252917 -0.075754410359608462 1
    vertex 0.025715157224252917 -0.075754410359608462 -1
  endloop
endfacet
facet normal -0.29028467725446033 0.95694033573220938 0
  outer loop
    vertex 0.020705523608201624 -0.077274066103125469 -1
    vertex 0.020705523608201624 -0.077274066103125469 1
    vertex 0.025715157224252917 -0.075754410359608462 1
  endloop
endfacet
facet normal 0 -0 1
  outer loop
    vertex 0.2588190451025203 -0.96592582628906842 1
    vertex 0.32143946530316148 -0.94693012949510569 1
    vertex 0.025715157224252917 -0.075754410359608462 1
  endloop
endfacet
facet normal 0 0 1
  outer loop
    vertex 0.2588190451025203 -0.96592582628906842 1
    vertex 0.025715157224252917 -0.075754410359608462 1
    vertex 0.020705523608201624 -0.077274066103125469 1
  endloop
endfacet
facet normal 0 0 -1
  outer loop
    vertex 0.2588190451025203 -0.96592582628906842 -1
    vertex 0.025715157224252917 -0.075754410359608462 -1
    vertex 0.32143946530316148 -0.94693012949510569 -1
  endloop
endfacet
facet normal 0 0 -1
  outer loop
    vertex 0.2588190451025203 -0.96592582628906842 -1
    vertex 0.020705523608201624 -0.077274066103125469 -1
    vertex 0.025715157224252917 -0.075754410359608462 -1
  endloop
endfacet
facet normal 0.35225004792123366 -0.93590592675732587 0
  outer loop
    vertex 0.32143946530316148 -0.94693012949510569 -1
    vertex 0.38268343236508917 -0.92387953251128696 -1
    vertex 0.38268343236508917 -0.92387953251128696 1
  endloop
endfacet
facet normal 0.35225004792123366 -0.93590592675732587 0
  outer loop
    vertex 0.32143946530316148 -0.94693012949510569 -1
    vertex 0.38268343236508917 -0.92387953251128696 1
    vertex 0.32143946530316148 -0.94693012949510569 1
  endloop
endfacet
facet normal -0.35225004792123416 0.93590592675732542 0
  outer loop
    vertex 0.025715157224252917 -0.075754410359608462 -1
    vertex 0.030614674589207136 -0.07391036260090296 1
    vertex 0.030614674589207136 -0.07391036260090296 -1
  endloop
endfacet
facet normal -0.35225004792123416 0.93590592675732542 0
  outer loop
    vertex 0.025715157224252917 -0.075754410359608462 -1
    vertex 0.025715157224252917 -0.075754410359608462 1
    vertex 0.030614674589207136 -0.07391036260090296 1
  endloop
endfacet
facet normal 0 -0 1
  outer loop
    vertex 0.32143946530316148 -0.94693012949510569 1
    vertex 0.38268343236508917 -0.92387953251128696 1
    vertex 0.030614674589207136 -0.07391036260090296 1
  endloop
endfacet
facet normal 0 0 1
  outer loop
    vertex 0.32143946530316148 -0.94693012949510569 1
    vertex 0.030614674589207136 -0.07391036260090296 1
    vertex 0.025715157224252917 -0.075754410359608462 1
  endloop
endfacet
facet normal 0 0 -1
  outer loop
    vertex 0.32143946530316148 -0.94693012949510569 -1
    vertex 0.030614674589207136 -0.07391036260090296 -1
    vertex 0.38268343236508917 -0.92387953251128696 -1
  endloop
endfacet
facet normal 0 0 -1
  outer loop
    vertex 0.32143946530316148 -0.94693012949510569 -1
    vertex 0.025715157224252917 -0.075754410359608462 -1
    vertex 0.030614674589207136 -0.07391036260090296 -1
  endloop
endfacet
facet normal 0.41270702980439317 -0.91086382492117657 0
  outer loop
    vertex 0.38268343236508917 -0.92387953251128696 -1
    vertex 0.44228869021900102 -0.89687274153268848 -1
    vertex 0.44228869021900102 -0.89687274153268848 1
  endloop
endfacet
facet normal 0.41270702980439317 -0.91086382492117657 0
  outer loop
    vertex 0.38268343236508917 -0.92387953251128696 -1
    vertex 0.44228869021900102 -0.89687274153268848 1
    vertex 0.38268343236508917 -0.92387953251128696 1
  endloop
endfacet
facet normal -0.41270702980439355 0.91086382492117646 0
  outer loop
    vertex 0.030614674589207136 -0.07391036260090296 -1
    vertex 0.035383095217520082 -0.07174981932261508 1
    vertex 0.035383095217520082 -0.07174981932261508 -1
  endloop
endfacet
facet normal -0.41270702980439355 0.91086382492117646 0
  outer loop
    vertex 0.030614674589207136 -0.07391036260090296 -1
    vertex 0.030614674589207136 -0.07391036260090296 1
    vertex 0.035383095217520082 -0.07174981932261508 1
  endloop
endfacet
facet normal 0 -0 1
  outer loop
    vertex 0.38268343236508917 -0.92387953251128696 1
    vertex 0.44228869021900102 -0.89687274153268848 1
    vertex 0.035383095217520082 -0.07174981932261508 1
  endloop
endfacet
facet normal 0 0 1
  outer loop
    vertex 0.38268343236508917 -0.92387953251128696 1
    vertex 0.035383095217520082 -0.07174981932261508 1
    vertex 0.030614674589207136 -0.07391036260090296 1
  endloop
endfacet
facet normal 0 0 -1
  outer loop
    vertex 0.38268343236508917 -0.92387953251128696 -1
    vertex 0.035383095217520082 -0.07174981932261508 -1
    vertex 0.44228869021900102 -0.89687274153268848 -1
  endloop
endfacet
facet normal 0 0 -1
  outer loop
    vertex 0.38268343236508917 -0.92387953251128696 -1
    vertex 0.030614674589207136 -0.07391036260090296 -1
    vertex 0.035383095217520082 -0.07174981932261508 -1
  endloop
endfacet
facet normal 0.47139673682599798 -0.88192126434835483 0
  outer loop
    vertex 0.44228869021900102 -0.89687274153268848 -1
    vertex 0.50000000000000011 -0.8660254037844386 -1
    vertex 0.50000000000000011 -0.8660254037844386 1
  endloop
endfacet
facet normal 0.47139673682599798 -0.88192126434835483 0
  outer loop
    vertex 0.44228869021900102 -0.89687274153268848 -1
    vertex 0.50000000000000011 -0.8660254037844386 1
    vertex 0.44228869021900102 -0.89687274153268848 1
  endloop
endfacet
facet normal -0.47139673682599759 0.88192126434835505 0
  outer loop
    vertex 0.035383095217520082 -0.07174981932261508 -1
    vertex 0.040000000000000008 -0.069282032302755092 1
    vertex 0.040000000000000008 -0.069282032302755092 -1
  endloop
endfacet
facet normal -0.47139673682599759 0.88192126434835505 0
  outer loop
    vertex 0.035383095217520082 -0.07174981932261508 -1
    vertex 0.035383095217520082 -0.07174981932261508 1
    vertex 0.040000000000000008 -0.069282032302755092 1
  endloop
endfacet
facet normal 0 -0 1
  outer loop
    vertex 0.44228869021900102 -0.89687274153268848 1
    vertex 0.50000000000000011 -0.8660254037844386 1
    vertex 0.040000000000000008 -0.069282032302755092 1
  endloop
endfacet
facet normal 0 0 1
  outer loop
    vertex 0.44228869021900102 -0.89687274153268848 1
    vertex 0.040000000000000008 -0.069282032302755092 1
    vertex 0.035383095217520082 -0.07174981932261508 1
  endloop
endfacet
facet normal 0 0 -1
  outer loop
    vertex 0.44228869021900102 -0.89687274153268848 -1
    vertex 0.040000000000000008 -0.069282032302755092 -1
    vertex 0.50000000000000011 -0.8660254037844386 -1
  endloop
endfacet
facet normal 0 0 -1
  outer loop
    vertex 0.44228869021900102 -0.89687274153268848 -1
    vertex 0.035383095217520082 -0.07174981932261508 -1
    vertex 0.040000000000000008 -0.069282032302755092 -1
  endloop
endfacet
facet normal 0.52806785065036832 -0.84920218152657856 0
  outer loop
    vertex 0.50000000000000011 -0.8660254037844386 -1
    vertex 0.55557023301960184 -0.83146961230254546 -1
    vertex 0.55557023301960184 -0.83146961230254546 1
  endloop
endfacet
facet normal 0.52806785065036832 -0.84920218152657856 0
  outer loop
    vertex 0.50000000000000011 -0.8660254037844386 -1
    vertex 0.55557023301960184 -0.83146961230254546 1
    vertex 0.50000000000000011 -0.8660254037844386 1
  endloop
endfacet
facet normal -0.52806785065036932 0.84920218152657789 0
  outer loop
    vertex 0.040000000000000008 -0.069282032302755092 -1
    vertex 0.044445618641568145 -0.066517568984203634 1
    vertex 0.044445618641568145 -0.066517568984203634 -1
  endloop
endfacet
facet normal -0.52806785065036932 0.84920218152657789 0
  outer loop
    vertex 0.040000000000000008 -0.069282032302755092 -1
    vertex 0.040000000000000008 -0.069282032302755092 1
    vertex 0.044445618641568145 -0.066517568984203634 1
  endloop
endfacet
facet normal 0 -0 1
  outer loop
    vertex 0.50000000000000011 -0.8660254037844386 1
    vertex 0.55557023301960184 -0.83146961230254546 1
    vertex 0.044445618641568145 -0.066517568984203634 1
  endloop
endfacet
facet normal 0 0 1
  outer loop
    vertex 0.50000000000000011 -0.8660254037844386 1
    vertex 0.044445618641568145 -0.066517568984203634 1
    vertex 0.040000000000000008 -0.069282032302755092 1
  endloop
endfacet
facet normal 0 0 -1
  outer loop
    vertex 0.50000000000000011 -0.8660254037844386 -1
    vertex 0.044445618641568145 -0.066517568984203634 -1
    vertex 0.55557023301960184 -0.83146961230254546 -1
  endloop
endfacet
facet normal 0 0 -1
  outer loop
    vertex 0.50000000000000011 -0.8660254037844386 -1
    vertex 0.040000000000000008 -0.069282032302755092 -1
    vertex 0.044445618641568145 -0.066517568984203634 -1
  endloop
endfacet
facet normal 0.5824776968678016 -0.81284668459161569 0
  outer loop
    vertex 0.55557023301960184 -0.83146961230254546 -1
    vertex 0.60876142900871988 -0.79335334029123572 -1
    vertex 0.60876142900871988 -0.79335334029123572 1
  endloop
endfacet
facet normal 0.5824776968678016 -0.81284668459161569 0
  outer loop
    vertex 0.55557023301960184 -0.83146961230254546 -1
    vertex 0.60876142900871988 -0.79335334029123572 1
    vertex 0.55557023301960184 -0.83146961230254546 1
  endloop
endfacet
facet normal -0.5824776968678006 0.81284668459161635 0
  outer loop
    vertex 0.044445618641568145 -0.066517568984203634 -1
    vertex 0.048700914320697591 -0.06346826722329886 1
    vertex 0.048700914320697591 -0.06346826722329886 -1
  endloop
endfacet
facet normal -0.5824776968678006 0.81284668459161635 0
  outer loop
    vertex 0.044445618641568145 -0.066517568984203634 -1
    vertex 0.044445618641568145 -0.066517568984203634 1
    vertex 0.048700914320697591 -0.06346826722329886 1
  endloop
endfacet
facet normal 0 -0 1
  outer loop
    vertex 0.55557023301960184 -0.83146961230254546 1
    vertex 0.60876142900871988 -0.79335334029123572 1
    vertex 0.048700914320697591 -0.06346826722329886 1
  endloop
endfacet
facet normal 0 0 1
  outer loop
    vertex 0.55557023301960184 -0.83146961230254546 1
    vertex 0.048700914320697591 -0.06346826722329886 1
    vertex 0.044445618641568145 -0.066517568984203634 1
  endloop
endfacet
facet normal 0 0 -1
  outer loop
    vertex 0.55557023301960184 -0.83146961230254546 -1
    vertex 0.048700914320697591 -0.06346826722329886 -1
    vertex 0.60876142900871988 -0.79335334029123572 -1
  endloop
endfacet
facet normal 0 0 -1
  outer loop
    vertex 0.55557023301960184 -0.83146961230254546 -1
    vertex 0.044445618641568145 -0.066517568984203634 -1
    vertex 0.048700914320697591 -0.06346826722329886 -1
  endloop
endfacet
facet normal 0.6343932841636456 -0.77301045336273699 0
  outer loop
    vertex 0.60876142900871988 -0.79335334029123572 -1
    vertex 0.65934581510006907 -0.75183980747897716 -1
    vertex 0.65934581510006907 -0.75183980747897716 1
  endloop
endfacet
facet normal 0.6343932841636456 -0.77301045336273699 0
  outer loop
    vertex 0.60876142900871988 -0.79335334029123572 -1
    vertex 0.65934581510006907 -0.75183980747897716 1
    vertex 0.60876142900871988 -0.79335334029123572 1
  endloop
endfacet
facet normal -0.63439328416364571 0.77301045336273666 0
  outer loop
    vertex 0.048700914320697591 -0.06346826722329886 -1
    vertex 0.052747665208005529 -0.060147184598318172 1
    vertex 0.052747665208005529 -0.060147184598318172 -1
  endloop
endfacet
facet normal -0.63439328416364571 0.77301045336273666 0
  outer loop
    vertex 0.048700914320697591 -0.06346826722329886 -1
    vertex 0.048700914320697591 -0.06346826722329886 1
    vertex 0.052747665208005529 -0.060147184598318172 1
  endloop
endfacet
facet normal 0 -0 1
  outer loop
    vertex 0.60876142900871988 -0.79335334029123572 1
    vertex 0.65934581510006907 -0.75183980747897716 1
    vertex 0.052747665208005529 -0.060147184598318172 1
  endloop
endfacet
facet normal 0 0 1
  outer loop
    vertex 0.60876142900871988 -0.79335334029123572 1
    vertex 0.052747665208005529 -0.060147184598318172 1
    vertex 0.048700914320697591 -0.06346826722329886 1
  endloop
endfacet
facet normal 0 0 -1
  outer loop
    vertex 0.60876142900871988 -0.79335334029123572 -1
    vertex 0.052747665208005529 -0.060147184598318172 -1
    vertex 0.65934581510006907 -0.75183980747897716 -1
  endloop
endfacet
facet normal 0 0 -1
  outer loop
    vertex 0.60876142900871988 -0.79335334029123572 -1
    vertex 0.048700914320697591 -0.06346826722329886 -1
    vertex 0.052747665208005529 -0.060147184598318172 -1
  endloop
endfacet
facet normal 0.68359230202287091 -0.72986407269783593 0
  outer loop
    vertex 0.65934581510006907 -0.75183980747897716 -1
    vertex 0.70710678118654735 -0.70710678118654768 -1
    vertex 0.70710678118654735 -0.70710678118654768 1
  endloop
endfacet
facet normal 0.68359230202287091 -0.72986407269783593 0
  outer loop
    vertex 0.65934581510006907 -0.75183980747897716 -1
    vertex 0.70710678118654735 -0.70710678118654768 1
    vertex 0.65934581510006907 -0.75183980747897716 1
  endloop
endfacet
facet normal -0.68359230202287091 0.72986407269783604 0
  outer loop
    vertex 0.052747665208005529 -0.060147184598318172 -1
    vertex 0.056568542494923789 -0.056568542494923817 1
    vertex 0.056568542494923789 -0.056568542494923817 -1
  endloop
endfacet
facet normal -0.68359230202287091 0.72986407269783604 0
  outer loop
    vertex 0.052747665208005529 -0.060147184598318172 -1
    vertex 0.052747665208005529 -0.060147184598318172 1
    vertex 0.056568542494923789 -0.056568542494923817 1
  endloop
endfacet
facet normal 0 -0 1
  outer loop
    vertex 0.65934581510006907 -0.75183980747897716 1
    vertex 0.70710678118654735 -0.70710678118654768 1
    vertex 0.056568542494923789 -0.056568542494923817 1
  endloop
endfacet
facet normal 0 0 1
  outer loop
    vertex 0.65934581510006907 -0.75183980747897716 1
    vertex 0.056568542494923789 -0.056568542494923817 1
    vertex 0.052747665208005529 -0.060147184598318172 1
  endloop
endfacet
facet normal 0 0 -1
  outer loop
    vertex 0.65934581510006907 -0.75183980747897716 -1
    vertex 0.056568542494923789 -0.056568542494923817 -1
    vertex 0.70710678118654735 -0.70710678118654768 -1
  endloop
endfacet
facet normal 0 0 -1
  outer loop
    vertex 0.65934581510006907 -0.75183980747897716 -1
    vertex 0.052747665208005529 -0.060147184598318172 -1
    vertex 0.056568542494923789 -0.056568542494923817 -1
  endloop
endfacet
facet normal 0.7298640726978356 -0.68359230202287125 0
  outer loop
    vertex 0.70710678118654735 -0.70710678118654768 -1
    vertex 0.7518398074789775 -0.65934581510006873 -1
    vertex 0.7518398074789775 -0.65934581510006873 1
  endloop
endfacet
facet normal 0.7298640726978356 -0.68359230202287125 0
  outer loop
    vertex 0.70710678118654735 -0.70710678118654768 -1
    vertex 0.7518398074789775 -0.65934581510006873 1
    vertex 0.70710678118654735 -0.70710678118654768 1
  endloop
endfacet
facet normal -0.72986407269783571 0.68359230202287125 0
  outer loop
    vertex 0.056568542494923789 -0.056568542494923817 -1
    vertex 0.0601471845983182 -0.052747665208005501 1
    vertex 0.0601471845983182 -0.052747665208005501 -1
  endloop
endfacet
facet normal -0.72986407269783571 0.68359230202287125 0
  outer loop
    vertex 0.056568542494923789 -0.056568542494923817 -1
    vertex 0.056568542494923789 -0.056568542494923817 1
    vertex 0.0601471845983182 -0.052747665208005501 1
  endloop
endfacet
facet normal 0 -0 1
  outer loop
    vertex 0.70710678118654735 -0.70710678118654768 1
    vertex 0.7518398074789775 -0.65934581510006873 1
    vertex 0.0601471845983182 -0.052747665208005501 1
  endloop
endfacet
facet normal 0 0 1
  outer loop
    vertex 0.70710678118654735 -0.70710678118654768 1
    vertex 0.0601471845983182 -0.052747665208005501 1
    vertex 0.056568542494923789 -0.056568542494923817 1
  endloop
endfacet
facet normal 0 0 -1
  outer loop
    vertex 0.70710678118654735 -0.70710678118654768 -1
    vertex 0.0601471845983182 -0.052747665208005501 -1
    vertex 0.7518398074789775 -0.65934581510006873 -1
  endloop
endfacet
facet normal 0 0 -1
  outer loop
    vertex 0.70710678118654735 -0.70710678118654768 -1
    vertex 0.056568542494923789 -0.056568542494923817 -1
    vertex 0.0601471845983182 -0.052747665208005501 -1
  endloop
endfacet
facet normal 0.7730104533627371 -0.63439328416364538 0
  outer loop
    vertex 0.7518398074789775 -0.65934581510006873 -1
    vertex 0.79335334029123494 -0.60876142900872088 -1
    vertex 0.79335334029123494 -0.60876142900872088 1
  endloop
endfacet
facet normal 0.7730104533627371 -0.63439328416364538 0
  outer loop
    vertex 0.7518398074789775 -0.65934581510006873 -1
    vertex 0.79335334029123494 -0.60876142900872088 1
    vertex 0.7518398074789775 -0.65934581510006873 1
  endloop
endfacet
facet normal -0.77301045336273744 0.63439328416364515 0
  outer loop
    vertex 0.0601471845983182 -0.052747665208005501 -1
    vertex 0.063468267223298791 -0.048700914320697675 1
    vertex 0.063468267223298791 -0.048700914320697675 -1
  endloop
endfacet
facet normal -0.77301045336273744 0.63439328416364515 0
  outer loop
    vertex 0.0601471845983182 -0.052747665208005501 -1
    vertex 0.0601471845983182 -0.052747665208005501 1
    vertex 0.063468267223298791 -0.048700914320697675 1
  endloop
endfacet
facet normal 0 -0 1
  outer loop
    vertex 0.7518398074789775 -0.65934581510006873 1
    vertex 0.79335334029123494 -0.60876142900872088 1
    vertex 0.063468267223298791 -0.048700914320697675 1
  endloop
endfacet
facet normal 0 0 1
  outer loop
    vertex 0.7518398074789775 -0.65934581510006873 1
    vertex 0.063468267223298791 -0.048700914320697675 1
    vertex 0.0601471845983182 -0.052747665208005501 1
  endloop
endfacet
facet normal 0 0 -1
  outer loop
    vertex 0.7518398074789775 -0.65934581510006873 -1
    vertex 0.063468267223298791 -0.048700914320697675 -1
    vertex 0.79335334029123494 -0.60876142900872088 -1
  endloop
endfacet
facet normal 0 0 -1
  outer loop
    vertex 0.7518398074789775 -0.65934581510006873 -1
    vertex 0.0601471845983182 -0.052747665208005501 -1
    vertex 0.063468267223298791 -0.048700914320697675 -1
  endloop
endfacet
facet normal 0.81284668459161435 -0.58247769686780348 0
  outer loop
    vertex 0.79335334029123494 -0.60876142900872088 -1
    vertex 0.83146961230254479 -0.55557023301960295 -1
    vertex 0.83146961230254479 -0.55557023301960295 1
  endloop
endfacet
facet normal 0.81284668459161435 -0.58247769686780348 0
  outer loop
    vertex 0.79335334029123494 -0.60876142900872088 -1
    vertex 0.83146961230254479 -0.55557023301960295 1
    vertex 0.79335334029123494 -0.60876142900872088 1
  endloop
endfacet
facet normal -0.81284668459161458 0.58247769686780293 0
  outer loop
    vertex 0.063468267223298791 -0.048700914320697675 -1
    vertex 0.066517568984203579 -0.044445618641568235 1
    vertex 0.066517568984203579 -0.044445618641568235 -1
  endloop
endfacet
facet normal -0.81284668459161458 0.58247769686780293 0
  outer loop
    vertex 0.063468267223298791 -0.048700914320697675 -1
    vertex 0.063468267223298791 -0.048700914320697675 1
    vertex 0.066517568984203579 -0.044445618641568235 1
  endloop
endfacet
facet normal 0 -0 1
  outer loop
    vertex 0.79335334029123494 -0.60876142900872088 1
    vertex 0.83146961230254479 -0.55557023301960295 1
    vertex 0.066517568984203579 -0.044445618641568235 1
  endloop
endfacet
facet normal 0 0 1
  outer loop
    vertex 0.79335334029123494 -0.60876142900872088 1
    vertex 0.066517568984203579 -0.044445618641568235 1
    vertex 0.063468267223298791 -0.048700914320697675 1
  endloop
endfacet
facet normal 0 0 -1
  outer loop
    vertex 0.79335334029123494 -0.60876142900872088 -1
    vertex 0.066517568984203579 -0.044445618641568235 -1
    vertex 0.83146961230254479 -0.55557023301960295 -1
  endloop
endfacet
facet normal 0 0 -1
  outer loop
    vertex 0.79335334029123494 -0.60876142900872088 -1
    vertex 0.063468267223298791 -0.048700914320697675 -1
    vertex 0.066517568984203579 -0.044445618641568235 -1
  endloop
endfacet
facet normal 0.84920218152657889 -0.52806785065036788 0
  outer loop
    vertex 0.83146961230254479 -0.55557023301960295 -1
    vertex 0.86602540378443837 -0.50000000000000044 -1
    vertex 0.86602540378443837 -0.50000000000000044 1
  endloop
endfacet
facet normal 0.84920218152657889 -0.52806785065036788 0
  outer loop
    vertex 0.83146961230254479 -0.55557023301960295 -1
    vertex 0.86602540378443837 -0.50000000000000044 1
    vertex 0.83146961230254479 -0.55557023301960295 1
  endloop
endfacet
facet normal -0.84920218152657778 0.52806785065036976 0
  outer loop
    vertex 0.066517568984203579 -0.044445618641568235 -1
    vertex 0.069282032302755078 -0.040000000000000036 1
    vertex 0.069282032302755078 -0.040000000000000036 -1
  endloop
endfacet
facet normal -0.84920218152657778 0.52806785065036976 0
  outer loop
    vertex 0.066517568984203579 -0.044445618641568235 -1
    vertex 0.066517568984203579 -0.044445618641568235 1
    vertex 0.069282032302755078 -0.040000000000000036 1
  endloop
endfacet
facet normal 0 -0 1
  outer loop
    vertex 0.83146961230254479 -0.55557023301960295 1
    vertex 0.86602540378443837 -0.50000000000000044 1
    vertex 0.069282032302755078 -0.040000000000000036 1
  endloop
endfacet
facet normal 0 0 1
  outer loop
    vertex 0.83146961230254479 -0.55557023301960295 1
    vertex 0.069282032302755078 -0.040000000000000036 1
    vertex 0.066517568984203579 -0.044445618641568235 1
  endloop
endfacet
facet normal 0 0 -1
  outer loop
    vertex 0.83146961230254479 -0.55557023301960295 -1
    vertex 0.069282032302755078 -0.040000000000000036 -1
    vertex 0.86602540378443837 -0.50000000000000044 -1
  endloop
endfacet
facet normal 0 0 -1
  outer loop
    vertex 0.83146961230254479 -0.55557023301960295 -1
    vertex 0.066517568984203579 -0.044445618641568235 -1
    vertex 0.069282032302755078 -0.040000000000000036 -1
  endloop
endfacet
facet normal 0.88192126434835472 -0.47139673682599836 0
  outer loop
    vertex 0.86602540378443837 -0.50000000000000044 -1
    vertex 0.89687274153268826 -0.44228869021900141 -1
    vertex 0.89687274153268826 -0.44228869021900141 1
  endloop
endfacet
facet normal 0.88192126434835472 -0.47139673682599836 0
  outer loop
    vertex 0.86602540378443837 -0.50000000000000044 -1
    vertex 0.89687274153268826 -0.44228869021900141 1
    vertex 0.86602540378443837 -0.50000000000000044 1
  endloop
endfacet
facet normal -0.88192126434835472 0.47139673682599814 0
  outer loop
    vertex 0.069282032302755078 -0.040000000000000036 -1
    vertex 0.071749819322615066 -0.035383095217520116 1
    vertex 0.071749819322615066 -0.035383095217520116 -1
  endloop
endfacet
facet normal -0.88192126434835472 0.47139673682599814 0
  outer loop
    vertex 0.069282032302755078 -0.040000000000000036 -1
    vertex 0.069282032302755078 -0.040000000000000036 1
    vertex 0.071749819322615066 -0.035383095217520116 1
  endloop
endfacet
facet normal 0 -0 1
  outer loop
    vertex 0.86602540378443837 -0.50000000000000044 1
    vertex 0.89687274153268826 -0.44228869021900141 1
    vertex 0.071749819322615066 -0.035383095217520116 1
  endloop
endfacet
facet normal 0 0 1
  outer loop
    vertex 0.86602540378443837 -0.50000000000000044 1
    vertex 0.071749819322615066 -0.035383095217520116 1
    vertex 0.069282032302755078 -0.040000000000000036 1
  endloop
endfacet
facet normal 0 0 -1
  outer loop
    vertex 0.86602540378443837 -0.50000000000000044 -1
    vertex 0.071749819322615066 -0.035383095217520116 -1
    vertex 0.89687274153268826 -0.44228869021900141 -1
  endloop
endfacet
facet normal 0 0 -1
  outer loop
    vertex 0.86602540378443837 -0.50000000000000044 -1
    vertex 0.069282032302755078 -0.040000000000000036 -1
    vertex 0.071749819322615066 -0.035383095217520116 -1
  endloop
endfacet
facet normal 0.91086382492117601 -0.41270702980439461 0
  outer loop
    vertex 0.89687274153268826 -0.44228869021900141 -1
    vertex 0.92387953251128685 -0.38268343236508956 -1
    vertex 0.92387953251128685 -0.38268343236508956 1
  endloop
endfacet
facet normal 0.91086382492117601 -0.41270702980439461 0
  outer loop
    vertex 0.89687274153268826 -0.44228869021900141 -1
    vertex 0.92387953251128685 -0.38268343236508956 1
    vertex 0.89687274153268826 -0.44228869021900141 1
  endloop
endfacet
facet normal -0.91086382492117646 0.41270702980439328 0
  outer loop
    vertex 0.071749819322615066 -0.035383095217520116 -1
    vertex 0.073910362600902946 -0.030614674589207167 1
    vertex 0.073910362600902946 -0.030614674589207167 -1
  endloop
endfacet
facet normal -0.91086382492117646 0.41270702980439328 0
  outer loop
    vertex 0.071749819322615066 -0.035383095217520116 -1
    vertex 0.071749819322615066 -0.035383095217520116 1
    vertex 0.073910362600902946 -0.030614674589207167 1
  endloop
endfacet
facet normal 0 -0 1
  outer loop
    vertex 0.89687274153268826 -0.44228869021900141 1
    vertex 0.92387953251128685 -0.38268343236508956 1
    vertex 0.073910362600902946 -0.030614674589207167 1
  endloop
endfacet
facet normal 0 0 1
  outer loop
    vertex 0.89687274153268826 -0.44228869021900141 1
    vertex 0.073910362600902946 -0.030614674589207167 1
    vertex 0.071749819322615066 -0.035383095217520116 1
  endloop
endfacet
facet normal 0 0 -1
  outer loop
    vertex 0.89687274153268826 -0.44228869021900141 -1
    vertex 0.073910362600902946 -0.030614674589207167 -1
    vertex 0.92387953251128685 -0.38268343236508956 -1
  endloop
endfacet
facet normal 0 0 -1
  outer loop
    vertex 0.89687274153268826 -0.44228869021900141 -1
    vertex 0.071749819322615066 -0.035383095217520116 -1
    vertex 0.073910362600902946 -0.030614674589207167 -1
  endloop
endfacet
facet normal 0.93590592675732587 -0.35225004792123366 0
  outer loop
    vertex 0.92387953251128685 -0.38268343236508956 -1
    vertex 0.94693012949510558 -0.32143946530316186 -1
    vertex 0.94693012949510558 -0.32143946530316186 1
  endloop
endfacet
facet normal 0.93590592675732587 -0.35225004792123366 0
  outer loop
    vertex 0.92387953251128685 -0.38268343236508956 -1
    vertex 0.94693012949510558 -0.32143946530316186 1
    vertex 0.92387953251128685 -0.38268343236508956 1
  endloop
endfacet
facet normal -0.93590592675732542 0.35225004792123416 0
  outer loop
    vertex 0.073910362600902946 -0.030614674589207167 -1
    vertex 0.075754410359608448 -0.025715157224252948 1
    vertex 0.075754410359608448 -0.025715157224252948 -1
  endloop
endfacet
facet normal -0.93590592675732542 0.35225004792123416 0
  outer loop
    vertex 0.073910362600902946 -0.030614674589207167 -1
    vertex 0.073910362600902946 -0.030614674589207167 1
    vertex 0.075754410359608448 -0.025715157224252948 1
  endloop
endfacet
facet normal 0 -0 1
  outer loop
    vertex 0.92387953251128685 -0.38268343236508956 1
    vertex 0.94693012949510558 -0.32143946530316186 1
    vertex 0.075754410359608448 -0.025715157224252948 1
  endloop
endfacet
facet normal 0 0 1
  outer loop
    vertex 0.92387953251128685 -0.38268343236508956 1
    vertex 0.075754410359608448 -0.025715157224252948 1
    vertex 0.073910362600902946 -0.030614674589207167 1
  endloop
endfacet
facet normal 0 0 -1
  outer loop
    vertex 0.92387953251128685 -0.38268343236508956 -1
    vertex 0.075754410359608448 -0.025715157224252948 -1
    vertex 0.94693012949510558 -0.32143946530316186 -1
  endloop
endfacet
facet normal 0 0 -1
  outer loop
    vertex 0.92387953251128685 -0.38268343236508956 -1
    vertex 0.073910362600902946 -0.030614674589207167 -1
    vertex 0.075754410359608448 -0.025715157224252948 -1
  endloop
endfacet
facet normal 0.95694033573220871 -0.29028467725446311 0
  outer loop
    vertex 0.94693012949510558 -0.32143946530316186 -1
    vertex 0.96592582628906809 -0.25881904510252157 -1
    vertex 0.96592582628906809 -0.25881904510252157 1
  endloop
endfacet
facet normal 0.95694033573220871 -0.29028467725446311 0
  outer loop
    vertex 0.94693012949510558 -0.32143946530316186 -1
    vertex 0.96592582628906809 -0.25881904510252157 1
    vertex 0.94693012949510558 -0.32143946530316186 1
  endloop
endfacet
facet normal -0.95694033573220838 0.29028467725446405 0
  outer loop
    vertex 0.075754410359608448 -0.025715157224252948 -1
    vertex 0.077274066103125455 -0.020705523608201725 1
    vertex 0.077274066103125455 -0.020705523608201725 -1
  endloop
endfacet
facet normal -0.95694033573220838 0.29028467725446405 0
  outer loop
    vertex 0.075754410359608448 -0.025715157224252948 -1
    vertex 0.075754410359608448 -0.025715157224252948 1
    vertex 0.077274066103125455 -0.020705523608201725 1
  endloop
endfacet
facet normal 0 -0 1
  outer loop
    vertex 0.94693012949510558 -0.32143946530316186 1
    vertex 0.96592582628906809 -0.25881904510252157 1
    vertex 0.077274066103125455 -0.020705523608201725 1
  endloop
endfacet
facet normal 0 0 1
  outer loop
    vertex 0.94693012949510558 -0.32143946530316186 1
    vertex 0.077274066103125455 -0.020705523608201725 1
    vertex 0.075754410359608448 -0.025715157224252948 1
  endloop
endfacet
facet normal 0 0 -1
  outer loop
    vertex 0.94693012949510558 -0.32143946530316186 -1
    vertex 0.077274066103125455 -0.020705523608201725 -1
    vertex 0.96592582628906809 -0.25881904510252157 -1
  endloop
endfacet
facet normal 0 0 -1
  outer loop
    vertex 0.94693012949510558 -0.32143946530316186 -1
    vertex 0.075754410359608448 -0.025715157224252948 -1
    vertex 0.077274066103125455 -0.020705523608201725 -1
  endloop
endfacet
facet normal 0.97387697927733374 -0.22707626303437298 0
  outer loop
    vertex 0.96592582628906809 -0.25881904510252157 -1
    vertex 0.98078528040323032 -0.19509032201612872 -1
    vertex 0.98078528040323032 -0.19509032201612872 1
  endloop
endfacet
facet normal 0.97387697927733374 -0.22707626303437298 0
  outer loop
    vertex 0.96592582628906809 -0.25881904510252157 -1
    vertex 0.98078528040323032 -0.19509032201612872 1
    vertex 0.96592582628906809 -0.25881904510252157 1
  endloop
endfacet
facet normal -0.97387697927733397 0.22707626303437153 0
  outer loop
    vertex 0.077274066103125455 -0.020705523608201725 -1
    vertex 0.078462822432258425 -0.015607225761290299 1
    vertex 0.078462822432258425 -0.015607225761290299 -1
  endloop
endfacet
facet normal -0.97387697927733397 0.22707626303437153 0
  outer loop
    vertex 0.077274066103125455 -0.020705523608201725 -1
    vertex 0.077274066103125455 -0.020705523608201725 1
    vertex 0.078462822432258425 -0.015607225761290299 1
  endloop
endfacet
facet normal 0 -0 1
  outer loop
    vertex 0.96592582628906809 -0.25881904510252157 1
    vertex 0.98078528040323032 -0.19509032201612872 1
    vertex 0.078462822432258425 -0.015607225761290299 1
  endloop
endfacet
facet normal 0 0 1
  outer loop
    vertex 0.96592582628906809 -0.25881904510252157 1
    vertex 0.078462822432258425 -0.015607225761290299 1
    vertex 0.077274066103125455 -0.020705523608201725 1
  endloop
endfacet
facet normal 0 0 -1
  outer loop
    vertex 0.96592582628906809 -0.25881904510252157 -1
    vertex 0.078462822432258425 -0.015607225761290299 -1
    vertex 0.98078528040323032 -0.19509032201612872 -1
  endloop
endfacet
facet normal 0 0 -1
  outer loop
    vertex 0.96592582628906809 -0.25881904510252157 -1
    vertex 0.077274066103125455 -0.020705523608201725 -1
    vertex 0.078462822432258425 -0.015607225761290299 -1
  endloop
endfacet
facet normal 0.98664333208487898 -0.16289547339458937 0
  outer loop
    vertex 0.98078528040323032 -0.19509032201612872 -1
    vertex 0.99144486137381038 -0.13052619222005168 -1
    vertex 0.99144486137381038 -0.13052619222005168 1
  endloop
endfacet
facet normal 0.98664333208487898 -0.16289547339458937 0
  outer loop
    vertex 0.98078528040323032 -0.19509032201612872 -1
    vertex 0.99144486137381038 -0.13052619222005168 1
    vertex 0.98078528040323032 -0.19509032201612872 1
  endloop
endfacet
facet normal -0.98664333208487853 0.16289547339459087 0
  outer loop
    vertex 0.078462822432258425 -0.015607225761290299 -1
    vertex 0.079315588909904838 -0.010442095377604136 1
    vertex 0.079315588909904838 -0.010442095377604136 -1
  endloop
endfacet
facet normal -0.98664333208487853 0.16289547339459087 0
  outer loop
    vertex 0.078462822432258425 -0.015607225761290299 -1
    vertex 0.078462822432258425 -0.015607225761290299 1
    vertex 0.079315588909904838 -0.010442095377604136 1
  endloop
endfacet
facet normal 0 -0 1
  outer loop
    vertex 0.98078528040323032 -0.19509032201612872 1
    vertex 0.99144486137381038 -0.13052619222005168 1
    vertex 0.079315588909904838 -0.010442095377604136 1
  endloop
endfacet
facet normal 0 0 1
  outer loop
    vertex 0.98078528040323032 -0.19509032201612872 1
    vertex 0.079315588909904838 -0.010442095377604136 1
    vertex 0.078462822432258425 -0.015607225761290299 1
  endloop
endfacet
facet normal 0 0 -1
  outer loop
    vertex 0.98078528040323032 -0.19509032201612872 -1
    vertex 0.079315588909904838 -0.010442095377604136 -1
    vertex 0.99144486137381038 -0.13052619222005168 -1
  endloop
endfacet
facet normal 0 0 -1
  outer loop
    vertex 0.98078528040323032 -0.19509032201612872 -1
    vertex 0.078462822432258425 -0.015607225761290299 -1
    vertex 0.079315588909904838 -0.010442095377604136 -1
  endloop
endfacet
facet normal 0.99518472667219693 -0.098017140329560076 0
  outer loop
    vertex 0.99144486137381038 -0.13052619222005168 -1
    vertex 0.99785892323860348 -0.065403129230142798 -1
    vertex 0.99785892323860348 -0.065403129230142798 1
  endloop
endfacet
facet normal 0.99518472667219693 -0.098017140329560076 0
  outer loop
    vertex 0.99144486137381038 -0.13052619222005168 -1
    vertex 0.99785892323860348 -0.065403129230142798 1
    vertex 0.99144486137381038 -0.13052619222005168 1
  endloop
endfacet
facet normal -0.99518472667219704 0.098017140329559341 0
  outer loop
    vertex 0.079315588909904838 -0.010442095377604136 -1
    vertex 0.079828713859088282 -0.0052322503384114238 1
    vertex 0.079828713859088282 -0.0052322503384114238 -1
  endloop
endfacet
facet normal -0.99518472667219704 0.098017140329559341 0
  outer loop
    vertex 0.079315588909904838 -0.010442095377604136 -1
    vertex 0.079315588909904838 -0.010442095377604136 1
    vertex 0.079828713859088282 -0.0052322503384114238 1
  endloop
endfacet
facet normal 0 -0 1
  outer loop
    vertex 0.99144486137381038 -0.13052619222005168 1
    vertex 0.99785892323860348 -0.065403129230142798 1
    vertex 0.079828713859088282 -0.0052322503384114238 1
  endloop
endfacet
facet normal 0 0 1
  outer loop
    vertex 0.99144486137381038 -0.13052619222005168 1
    vertex 0.079828713859088282 -0.0052322503384114238 1
    vertex 0.079315588909904838 -0.010442095377604136 1
  endloop
endfacet
facet normal 0 0 -1
  outer loop
    vertex 0.99144486137381038 -0.13052619222005168 -1
    vertex 0.079828713859088282 -0.0052322503384114238 -1
    vertex 0.99785892323860348 -0.065403129230142798 -1
  endloop
endfacet
facet normal 0 0 -1
  outer loop
    vertex 0.99144486137381038 -0.13052619222005168 -1
    vertex 0.079315588909904838 -0.010442095377604136 -1
    vertex 0.079828713859088282 -0.0052322503384114238 -1
  endloop
endfacet
facet normal 0.99946458747636546 -0.032719082821776692 0
  outer loop
    vertex 0.99785892323860348 -0.065403129230142798 -1
    vertex 1 0 -1
    vertex 1 0 1
  endloop
endfacet
facet normal 0.99946458747636546 -0.032719082821776692 0
  outer loop
    vertex 0.99785892323860348 -0.065403129230142798 -1
    vertex 1 0 1
    vertex 0.99785892323860348 -0.065403129230142798 1
  endloop
endfacet
facet normal -0.99946458747636557 0.032719082821776276 0
  outer loop
    vertex 0.079828713859088282 -0.0052322503384114238 -1
    vertex 0.080000000000000002 0 1
    vertex 0.080000000000000002 0 -1
  endloop
endfacet
facet normal -0.99946458747636557 0.032719082821776276 0
  outer loop
    vertex 0.079828713859088282 -0.0052322503384114238 -1
    vertex 0.079828713859088282 -0.0052322503384114238 1
    vertex 0.080000000000000002 0 1
  endloop
endfacet
facet normal 0 -0 1
  outer loop
    vertex 0.99785892323860348 -0.065403129230142798 1
    vertex 1 0 1
    vertex 0.080000000000000002 0 1
  endloop
endfacet
facet normal 0 0 1
  outer loop
    vertex 0.99785892323860348 -0.065403129230142798 1
    vertex 0.080000000000000002 0 1
    vertex 0.079828713859088282 -0.0052322503384114238 1
  endloop
endfacet
facet normal 0 0 -1
  outer loop
    vertex 0.99785892323860348 -0.065403129230142798 -1
    vertex 0.080000000000000002 0 -1
    vertex 1 0 -1
  endloop
endfacet
facet normal 0 0 -1
  outer loop
    vertex 0.99785892323860348 -0.065403129230142798 -1
    vertex 0.079828713859088282 -0.0052322503384114238 -1
    vertex 0.080000000000000002 0 -1
  endloop
endfacet
endsolid tube_outer96_inner008
