solid tube_outer96_inner05
facet normal 0.99946458747636546 0.03271908282177656 0
  outer loop
    vertex 1 0 -1
    vertex 0.99785892323860348 0.065403129230143062 -1
    vertex 0.99785892323860348 0.065403129230143062 1
  endloop
endfacet
facet normal 0.99946458747636546 0.03271908282177656 -0
  outer loop
    vertex 1 0 -1
    vertex 0.99785892323860348 0.065403129230143062 1
    vertex 1 0 1
  endloop
endfacet
facet normal -0.99946458747636546 -0.03271908282177656 0
  outer loop
    vertex 0.5 0 -1
    vertex 0.49892946161930174 0.032701564615071531 1
    vertex 0.49892946161930174 0.032701564615071531 -1
  endloop
endfacet
facet normal -0.99946458747636546 -0.03271908282177656 0
  outer loop
    vertex 0.5 0 -1
    vertex 0.5 0 1
    vertex 0.49892946161930174 0.032701564615071531 1
  endloop
endfacet
facet normal 0 0 1
  outer loop
    vertex 1 0 1
    vertex 0.99785892323860348 0.065403129230143062 1
    vertex 0.49892946161930174 0.032701564615071531 1
  endloop
endfacet
facet normal 0 0 1
  outer loop
    vertex 1 0 1
    vertex 0.49892946161930174 0.032701564615071531 1
    vertex 0.5 0 1
  endloop
endfacet
facet normal 0 0 -1
  outer loop
    vertex 1 0 -1
    vertex 0.49892946161930174 0.032701564615071531 -1
    vertex 0.99785892323860348 0.065403129230143062 -1
  endloop
endfacet
facet normal 0 0 -1
  outer loop
    vertex 1 0 -1
    vertex 0.5 0 -1
    vertex 0.49892946161930174 0.032701564615071531 -1
  endloop
endfacet
facet normal 0.99518472667219682 0.098017140329560631 0
  outer loop
    vertex 0.99785892323860348 0.065403129230143062 -1
    vertex 0.99144486137381038 0.13052619222005157 -1
    vertex 0.99144486137381038 0.13052619222005157 1
  endloop
endfacet
facet normal 0.99518472667219682 0.098017140329560631 -0
  outer loop
    vertex 0.99785892323860348 0.065403129230143062 -1
    vertex 0.99144486137381038 0.13052619222005157 1
    vertex 0.99785892323860348 0.065403129230143062 1
  endloop
endfacet
facet normal -0.99518472667219682 -0.098017140329560631 0
  outer loop
    vertex 0.49892946161930174 0.032701564615071531 -1
    vertex 0.49572243068690519 0.065263096110025787 1
    vertex 0.49572243068690519 0.065263096110025787 -1
  endloop
endfacet
facet normal -0.99518472667219682 -0.098017140329560631 0
  outer loop
    vertex 0.49892946161930174 0.032701564615071531 -1
    vertex 0.49892946161930174 0.032701564615071531 1
    vertex 0.49572243068690519 0.065263096110025787 1
  endloop
endfacet
facet normal 0 0 1
  outer loop
    vertex 0.99785892323860348 0.065403129230143062 1
    vertex 0.99144486137381038 0.13052619222005157 1
    vertex 0.49572243068690519 0.065263096110025787 1
  endloop
endfacet
facet normal 0 0 1
  outer loop
    vertex 0.99785892323860348 0.065403129230143062 1
    vertex 0.49572243068690519 0.065263096110025787 1
    vertex 0.49892946161930174 0.032701564615071531 1
  endloop
endfacet
facet normal -0 0 -1
  outer loop
    vertex 0.99785892323860348 0.065403129230143062 -1
    vertex 0.49572243068690519 0.065263096110025787 -1
    vertex 0.99144486137381038 0.13052619222005157 -1
  endloop
endfacet
facet normal 0 0 -1
  outer loop
    vertex 0.99785892323860348 0.065403129230143062 -1
    vertex 0.49892946161930174 0.032701564615071531 -1
    vertex 0.49572243068690519 0.065263096110025787 -1
  endloop
endfacet
facet normal 0.98664333208487898 0.16289547339458857 0
  outer loop
    vertex 0.99144486137381038 0.13052619222005157 -1
    vertex 0.98078528040323043 0.19509032201612825 -1
    vertex 0.98078528040323043 0.19509032201612825 1
  endloop
endfacet
facet normal 0.98664333208487898 0.16289547339458857 -0
  outer loop
    vertex 0.99144486137381038 0.13052619222005157 -1
    vertex 0.98078528040323043 0.19509032201612825 1
    vertex 0.99144486137381038 0.13052619222005157 1
  endloop
endfacet
facet normal -0.98664333208487898 -0.16289547339458857 0
  outer loop
    vertex 0.49572243068690519 0.065263096110025787 -1
    vertex 0.49039264020161522 0.097545161008064124 1
    vertex 0.49039264020161522 0.097545161008064124 -1
  endloop
endfacet
facet normal -0.98664333208487898 -0.16289547339458857 0
  outer loop
    vertex 0.49572243068690519 0.065263096110025787 -1
    vertex 0.49572243068690519 0.065263096110025787 1
    vertex 0.49039264020161522 0.097545161008064124 1
  endloop
endfacet
facet normal 0 0 1
  outer loop
    vertex 0.99144486137381038 0.13052619222005157 1
    vertex 0.98078528040323043 0.19509032201612825 1
    vertex 0.49039264020161522 0.097545161008064124 1
  endloop
endfacet
facet normal 0 0 1
  outer loop
    vertex 0.99144486137381038 0.13052619222005157 1
    vertex 0.49039264020161522 0.097545161008064124 1
    vertex 0.49572243068690519 0.065263096110025787 1
  endloop
endfacet
facet normal -0 0 -1
  outer loop
    vertex 0.99144486137381038 0.13052619222005157 -1
    vertex 0.49039264020161522 0.097545161008064124 -1
    vertex 0.98078528040323043 0.19509032201612825 -1
  endloop
endfacet
facet normal 0 0 -1
  outer loop
    vertex 0.99144486137381038 0.13052619222005157 -1
    vertex 0.49572243068690519 0.065263096110025787 -1
    vertex 0.49039264020161522 0.097545161008064124 -1
  endloop
endfacet
facet normal 0.97387697927733374 0.22707626303437256 0
  outer loop
    vertex 0.98078528040323043 0.19509032201612825 -1
    vertex 0.96592582628906831 0.25881904510252074 -1
    vertex 0.96592582628906831 0.25881904510252074 1
  endloop
endfacet
facet normal 0.97387697927733374 0.22707626303437256 -0
  outer loop
    vertex 0.98078528040323043 0.19509032201612825 -1
    vertex 0.96592582628906831 0.25881904510252074 1
    vertex 0.98078528040323043 0.19509032201612825 1
  endloop
endfacet
facet normal -0.97387697927733374 -0.22707626303437256 0
  outer loop
    vertex 0.49039264020161522 0.097545161008064124 -1
    vertex 0.48296291314453416 0.12940952255126037 1
    vertex 0.48296291314453416 0.12940952255126037 -1
  endloop
endfacet
facet normal -0.97387697927733374 -0.22707626303437256 0
  outer loop
    vertex 0.49039264020161522 0.097545161008064124 -1
    vertex 0.49039264020161522 0.097545161008064124 1
    vertex 0.48296291314453416 0.12940952255126037 1
  endloop
endfacet
facet normal 0 0 1
  outer loop
    vertex 0.98078528040323043 0.19509032201612825 1
    vertex 0.96592582628906831 0.25881904510252074 1
    vertex 0.48296291314453416 0.12940952255126037 1
  endloop
endfacet
facet normal 0 0 1
  outer loop
    vertex 0.98078528040323043 0.19509032201612825 1
    vertex 0.48296291314453416 0.12940952255126037 1
    vertex 0.49039264020161522 0.097545161008064124 1
  endloop
endfacet
facet normal -0 0 -1
  outer loop
    vertex 0.98078528040323043 0.19509032201612825 -1
    vertex 0.48296291314453416 0.12940952255126037 -1
    vertex 0.96592582628906831 0.25881904510252074 -1
  endloop
endfacet
facet normal 0 0 -1
  outer loop
    vertex 0.98078528040323043 0.19509032201612825 -1
    vertex 0.49039264020161522 0.097545161008064124 -1
    vertex 0.48296291314453416 0.12940952255126037 -1
  endloop
endfacet
facet normal 0.95694033573220882 0.29028467725446228 0
  outer loop
    vertex 0.96592582628906831 0.25881904510252074 -1
    vertex 0.94693012949510569 0.32143946530316159 -1
    vertex 0.94693012949510569 0.32143946530316159 1
  endloop
endfacet
facet normal 0.95694033573220882 0.29028467725446228 -0
  outer loop
    vertex 0.96592582628906831 0.25881904510252074 -1
    vertex 0.94693012949510569 0.32143946530316159 1
    vertex 0.96592582628906831 0.25881904510252074 1
  endloop
endfacet
facet normal -0.95694033573220882 -0.29028467725446228 0
  outer loop
    vertex 0.48296291314453416 0.12940952255126037 -1
    vertex 0.47346506474755284 0.16071973265158079 1
    vertex 0.47346506474755284 0.16071973265158079 -1
  endloop
endfacet
facet normal -0.95694033573220882 -0.29028467725446228 0
  outer loop
    vertex 0.48296291314453416 0.12940952255126037 -1
    vertex 0.48296291314453416 0.12940952255126037 1
    vertex 0.47346506474755284 0.16071973265158079 1
  endloop
endfacet
facet normal 0 0 1
  outer loop
    vertex 0.96592582628906831 0.25881904510252074 1
    vertex 0.94693012949510569 0.32143946530316159 1
    vertex 0.47346506474755284 0.16071973265158079 1
  endloop
endfacet
facet normal 0 0 1
  outer loop
    vertex 0.96592582628906831 0.25881904510252074 1
    vertex 0.47346506474755284 0.16071973265158079 1
    vertex 0.48296291314453416 0.12940952255126037 1
  endloop
endfacet
facet normal -0 0 -1
  outer loop
    vertex 0.96592582628906831 0.25881904510252074 -1
    vertex 0.47346506474755284 0.16071973265158079 -1
    vertex 0.94693012949510569 0.32143946530316159 -1
  endloop
endfacet
facet normal 0 0 -1
  outer loop
    vertex 0.96592582628906831 0.25881904510252074 -1
    vertex 0.48296291314453416 0.12940952255126037 -1
    vertex 0.47346506474755284 0.16071973265158079 -1
  endloop
endfacet
facet normal 0.93590592675732553 0.35225004792123404 0
  outer loop
    vertex 0.94693012949510569 0.32143946530316159 -1
    vertex 0.92387953251128674 0.38268343236508978 -1
    vertex 0.92387953251128674 0.38268343236508978 1
  endloop
endfacet
facet normal 0.93590592675732553 0.35225004792123404 -0
  outer loop
    vertex 0.94693012949510569 0.32143946530316159 -1
    vertex 0.92387953251128674 0.38268343236508978 1
    vertex 0.94693012949510569 0.32143946530316159 1
  endloop
endfacet
facet normal -0.93590592675732553 -0.35225004792123404 0
  outer loop
    vertex 0.47346506474755284 0.16071973265158079 -1
    vertex 0.46193976625564337 0.19134171618254489 1
    vertex 0.46193976625564337 0.19134171618254489 -1
  endloop
endfacet
facet normal -0.93590592675732553 -0.35225004792123404 0
  outer loop
    vertex 0.47346506474755284 0.16071973265158079 -1
    vertex 0.47346506474755284 0.16071973265158079 1
    vertex 0.46193976625564337 0.19134171618254489 1
  endloop
endfacet
facet normal 0 0 1
  outer loop
    vertex 0.94693012949510569 0.32143946530316159 1
    vertex 0.92387953251128674 0.38268343236508978 1
    vertex 0.46193976625564337 0.19134171618254489 1
  endloop
endfacet
facet normal 0 0 1
  outer loop
    vertex 0.94693012949510569 0.32143946530316159 1
    vertex 0.46193976625564337 0.19134171618254489 1
    vertex 0.47346506474755284 0.16071973265158079 1
  endloop
endfacet
facet normal -0 0 -1
  outer loop
    vertex 0.94693012949510569 0.32143946530316159 -1
    vertex 0.46193976625564337 0.19134171618254489 -1
    vertex 0.92387953251128674 0.38268343236508978 -1
  endloop
endfacet
facet normal 0 0 -1
  outer loop
    vertex 0.94693012949510569 0.32143946530316159 -1
    vertex 0.47346506474755284 0.16071973265158079 -1
    vertex 0.46193976625564337 0.19134171618254489 -1
  endloop
endfacet
facet normal 0.91086382492117623 0.412707029804394 0
  outer loop
    vertex 0.92387953251128674 0.38268343236508978 -1
    vertex 0.89687274153268837 0.44228869021900125 -1
    vertex 0.89687274153268837 0.44228869021900125 1
  endloop
endfacet
facet normal 0.91086382492117623 0.412707029804394 -0
  outer loop
    vertex 0.92387953251128674 0.38268343236508978 -1
    vertex 0.89687274153268837 0.44228869021900125 1
    vertex 0.92387953251128674 0.38268343236508978 1
  endloop
endfacet
facet normal -0.91086382492117623 -0.412707029804394 0
  outer loop
    vertex 0.46193976625564337 0.19134171618254489 -1
    vertex 0.44843637076634418 0.22114434510950062 1
    vertex 0.44843637076634418 0.22114434510950062 -1
  endloop
endfacet
facet normal -0.91086382492117623 -0.412707029804394 0
  outer loop
    vertex 0.46193976625564337 0.19134171618254489 -1
    vertex 0.46193976625564337 0.19134171618254489 1
    vertex 0.44843637076634418 0.22114434510950062 1
  endloop
endfacet
facet normal 0 0 1
  outer loop
    vertex 0.92387953251128674 0.38268343236508978 1
    vertex 0.89687274153268837 0.44228869021900125 1
    vertex 0.44843637076634418 0.22114434510950062 1
  endloop
endfacet
facet normal 0 0 1
  outer loop
    vertex 0.92387953251128674 0.38268343236508978 1
    vertex 0.44843637076634418 0.22114434510950062 1
    vertex 0.46193976625564337 0.19134171618254489 1
  endloop
endfacet
facet normal -0 0 -1
  outer loop
    vertex 0.92387953251128674 0.38268343236508978 -1
    vertex 0.44843637076634418 0.22114434510950062 -1
    vertex 0.89687274153268837 0.44228869021900125 -1
  endloop
endfacet
facet normal 0 0 -1
  outer loop
    vertex 0.92387953251128674 0.38268343236508978 -1
    vertex 0.46193976625564337 0.19134171618254489 -1
    vertex 0.44843637076634418 0.22114434510950062 -1
  endloop
endfacet
facet normal 0.88192126434835483 0.47139673682599775 0
  outer loop
    vertex 0.89687274153268837 0.44228869021900125 -1
    vertex 0.86602540378443871 0.49999999999999994 -1
    vertex 0.86602540378443871 0.49999999999999994 1
  endloop
endfacet
facet normal 0.88192126434835483 0.47139673682599775 -0
  outer loop
    vertex 0.89687274153268837 0.44228869021900125 -1
    vertex 0.86602540378443871 0.49999999999999994 1
    vertex 0.89687274153268837 0.44228869021900125 1
  endloop
endfacet
facet normal -0.88192126434835483 -0.47139673682599775 0
  outer loop
    vertex 0.44843637076634418 0.22114434510950062 -1
    vertex 0.43301270189221935 0.24999999999999997 1
    vertex 0.43301270189221935 0.24999999999999997 -1
  endloop
endfacet
facet normal -0.88192126434835483 -0.47139673682599775 0
  outer loop
    vertex 0.44843637076634418 0.22114434510950062 -1
    vertex 0.44843637076634418 0.22114434510950062 1
    vertex 0.43301270189221935 0.24999999999999997 1
  endloop
endfacet
facet normal 0 0 1
  outer loop
    vertex 0.89687274153268837 0.44228869021900125 1
    vertex 0.86602540378443871 0.49999999999999994 1
    vertex 0.43301270189221935 0.24999999999999997 1
  endloop
endfacet
facet normal 0 0 1
  outer loop
    vertex 0.89687274153268837 0.44228869021900125 1
    vertex 0.43301270189221935 0.24999999999999997 1
    vertex 0.44843637076634418 0.22114434510950062 1
  endloop
endfacet
facet normal -0 0 -1
  outer loop
    vertex 0.89687274153268837 0.44228869021900125 -1
    vertex 0.43301270189221935 0.24999999999999997 -1
    vertex 0.86602540378443871 0.49999999999999994 -1
  endloop
endfacet
facet normal 0 0 -1
  outer loop
    vertex 0.89687274153268837 0.44228869021900125 -1
    vertex 0.44843637076634418 0.22114434510950062 -1
    vertex 0.43301270189221935 0.24999999999999997 -1
  endloop
endfacet
facet normal 0.84920218152657845 0.52806785065036854 0
  outer loop
    vertex 0.86602540378443871 0.49999999999999994 -1
    vertex 0.83146961230254524 0.55557023301960218 -1
    vertex 0.83146961230254524 0.55557023301960218 1
  endloop
endfacet
facet normal 0.84920218152657845 0.52806785065036854 -0
  outer loop
    vertex 0.86602540378443871 0.49999999999999994 -1
    vertex 0.83146961230254524 0.55557023301960218 1
    vertex 0.86602540378443871 0.49999999999999994 1
  endloop
endfacet
facet normal -0.84920218152657845 -0.52806785065036854 0
  outer loop
    vertex 0.43301270189221935 0.24999999999999997 -1
    vertex 0.41573480615127262 0.27778511650980109 1
    vertex 0.41573480615127262 0.27778511650980109 -1
  endloop
endfacet
facet normal -0.84920218152657845 -0.52806785065036854 0
  outer loop
    vertex 0.43301270189221935 0.24999999999999997 -1
    vertex 0.43301270189221935 0.24999999999999997 1
    vertex 0.41573480615127262 0.27778511650980109 1
  endloop
endfacet
facet normal 0 0 1
  outer loop
    vertex 0.86602540378443871 0.49999999999999994 1
    vertex 0.83146961230254524 0.55557023301960218 1
    vertex 0.41573480615127262 0.27778511650980109 1
  endloop
endfacet
facet normal 0 0 1
  outer loop
    vertex 0.86602540378443871 0.49999999999999994 1
    vertex 0.41573480615127262 0.27778511650980109 1
    vertex 0.43301270189221935 0.24999999999999997 1
  endloop
endfacet
facet normal -0 0 -1
  outer loop
    vertex 0.86602540378443871 0.49999999999999994 -1
    vertex 0.41573480615127262 0.27778511650980109 -1
    vertex 0.83146961230254524 0.55557023301960218 -1
  endloop
endfacet
facet normal 0 0 -1
  outer loop
    vertex 0.86602540378443871 0.49999999999999994 -1
    vertex 0.43301270189221935 0.24999999999999997 -1
    vertex 0.41573480615127262 0.27778511650980109 -1
  endloop
endfacet
facet normal 0.81284668459161558 0.58247769686780171 0
  outer loop
    vertex 0.83146961230254524 0.55557023301960218 -1
    vertex 0.79335334029123517 0.60876142900872066 -1
    vertex 0.79335334029123517 0.60876142900872066 1
  endloop
endfacet
facet normal 0.81284668459161558 0.58247769686780171 -0
  outer loop
    vertex 0.83146961230254524 0.55557023301960218 -1
    vertex 0.79335334029123517 0.60876142900872066 1
    vertex 0.83146961230254524 0.55557023301960218 1
  endloop
endfacet
facet normal -0.81284668459161558 -0.58247769686780171 0
  outer loop
    vertex 0.41573480615127262 0.27778511650980109 -1
    vertex 0.39667667014561758 0.30438071450436033 1
    vertex 0.39667667014561758 0.30438071450436033 -1
  endloop
endfacet
facet normal -0.81284668459161558 -0.58247769686780171 0
  outer loop
    vertex 0.41573480615127262 0.27778511650980109 -1
    vertex 0.41573480615127262 0.27778511650980109 1
    vertex 0.39667667014561758 0.30438071450436033 1
  endloop
endfacet
facet normal 0 0 1
  outer loop
    vertex 0.83146961230254524 0.55557023301960218 1
    vertex 0.79335334029123517 0.60876142900872066 1
    vertex 0.39667667014561758 0.30438071450436033 1
  endloop
endfacet
facet normal 0 0 1
  outer loop
    vertex 0.83146961230254524 0.55557023301960218 1
    vertex 0.39667667014561758 0.30438071450436033 1
    vertex 0.41573480615127262 0.27778511650980109 1
  endloop
endfacet
facet normal -0 0 -1
  outer loop
    vertex 0.83146961230254524 0.55557023301960218 -1
    vertex 0.39667667014561758 0.30438071450436033 -1
    vertex 0.79335334029123517 0.60876142900872066 -1
  endloop
endfacet
facet normal 0 0 -1
  outer loop
    vertex 0.83146961230254524 0.55557023301960218 -1
    vertex 0.41573480615127262 0.27778511650980109 -1
    vertex 0.39667667014561758 0.30438071450436033 -1
  endloop
endfacet
facet normal 0.77301045336273744 0.63439328416364493 0
  outer loop
    vertex 0.79335334029123517 0.60876142900872066 -1
    vertex 0.7518398074789775 0.65934581510006884 -1
    vertex 0.7518398074789775 0.65934581510006884 1
  endloop
endfacet
facet normal 0.77301045336273744 0.63439328416364493 -0
  outer loop
    vertex 0.79335334029123517 0.60876142900872066 -1
    vertex 0.7518398074789775 0.65934581510006884 1
    vertex 0.79335334029123517 0.60876142900872066 1
  endloop
endfacet
facet normal -0.77301045336273744 -0.63439328416364493 0
  outer loop
    vertex 0.39667667014561758 0.30438071450436033 -1
    vertex 0.37591990373948875 0.32967290755003442 1
    vertex 0.37591990373948875 0.32967290755003442 -1
  endloop
endfacet
facet normal -0.77301045336273744 -0.63439328416364493 0
  outer loop
    vertex 0.39667667014561758 0.30438071450436033 -1
    vertex 0.39667667014561758 0.30438071450436033 1
    vertex 0.37591990373948875 0.32967290755003442 1
  endloop
endfacet
facet normal 0 0 1
  outer loop
    vertex 0.79335334029123517 0.60876142900872066 1
    vertex 0.7518398074789775 0.65934581510006884 1
    vertex 0.37591990373948875 0.32967290755003442 1
  endloop
endfacet
facet normal 0 0 1
  outer loop
    vertex 0.79335334029123517 0.60876142900872066 1
    vertex 0.37591990373948875 0.32967290755003442 1
    vertex 0.39667667014561758 0.30438071450436033 1
  endloop
endfacet
facet normal -0 0 -1
  outer loop
    vertex 0.79335334029123517 0.60876142900872066 -1
    vertex 0.37591990373948875 0.32967290755003442 -1
    vertex 0.7518398074789775 0.65934581510006884 -1
  endloop
endfacet
facet normal 0 0 -1
  outer loop
    vertex 0.79335334029123517 0.60876142900872066 -1
    vertex 0.39667667014561758 0.30438071450436033 -1
    vertex 0.37591990373948875 0.32967290755003442 -1
  endloop
endfacet
facet normal 0.72986407269783493 0.68359230202287191 0
  outer loop
    vertex 0.7518398074789775 0.65934581510006884 -1
    vertex 0.70710678118654757 0.70710678118654746 -1
    vertex 0.70710678118654757 0.70710678118654746 1
  endloop
endfacet
facet normal 0.72986407269783493 0.68359230202287191 -0
  outer loop
    vertex 0.7518398074789775 0.65934581510006884 -1
    vertex 0.70710678118654757 0.70710678118654746 1
    vertex 0.7518398074789775 0.65934581510006884 1
  endloop
endfacet
facet normal -0.72986407269783493 -0.68359230202287191 0
  outer loop
    vertex 0.37591990373948875 0.32967290755003442 -1
    vertex 0.35355339059327379 0.35355339059327373 1
    vertex 0.35355339059327379 0.35355339059327373 -1
  endloop
endfacet
facet normal -0.72986407269783493 -0.68359230202287191 0
  outer loop
    vertex 0.37591990373948875 0.32967290755003442 -1
    vertex 0.37591990373948875 0.32967290755003442 1
    vertex 0.35355339059327379 0.35355339059327373 1
  endloop
endfacet
facet normal 0 0 1
  outer loop
    vertex 0.7518398074789775 0.65934581510006884 1
    vertex 0.70710678118654757 0.70710678118654746 1
    vertex 0.35355339059327379 0.35355339059327373 1
  endloop
endfacet
facet normal 0 0 1
  outer loop
    vertex 0.7518398074789775 0.65934581510006884 1
    vertex 0.35355339059327379 0.35355339059327373 1
    vertex 0.37591990373948875 0.32967290755003442 1
  endloop
endfacet
facet normal -0 0 -1
  outer loop
    vertex 0.7518398074789775 0.65934581510006884 -1
    vertex 0.35355339059327379 0.35355339059327373 -1
    vertex 0.70710678118654757 0.70710678118654746 -1
  endloop
endfacet
facet normal 0 0 -1
  outer loop
    vertex 0.7518398074789775 0.65934581510006884 -1
    vertex 0.37591990373948875 0.32967290755003442 -1
    vertex 0.35355339059327379 0.35355339059327373 -1
  endloop
endfacet
facet normal 0.68359230202287113 0.72986407269783582 0
  outer loop
    vertex 0.70710678118654757 0.70710678118654746 -1
    vertex 0.65934581510006884 0.75183980747897738 -1
    vertex 0.65934581510006884 0.75183980747897738 1
  endloop
endfacet
facet normal 0.68359230202287113 0.72986407269783582 -0
  outer loop
    vertex 0.70710678118654757 0.70710678118654746 -1
    vertex 0.65934581510006884 0.75183980747897738 1
    vertex 0.70710678118654757 0.70710678118654746 1
  endloop
endfacet
facet normal -0.68359230202287113 -0.72986407269783582 0
  outer loop
    vertex 0.35355339059327379 0.35355339059327373 -1
    vertex 0.32967290755003442 0.37591990373948869 1
    vertex 0.32967290755003442 0.37591990373948869 -1
  endloop
endfacet
facet normal -0.68359230202287113 -0.72986407269783582 0
  outer loop
    vertex 0.35355339059327379 0.35355339059327373 -1
    vertex 0.35355339059327379 0.35355339059327373 1
    vertex 0.32967290755003442 0.37591990373948869 1
  endloop
endfacet
facet normal 0 0 1
  outer loop
    vertex 0.70710678118654757 0.70710678118654746 1
    vertex 0.65934581510006884 0.75183980747897738 1
    vertex 0.32967290755003442 0.37591990373948869 1
  endloop
endfacet
facet normal 0 0 1
  outer loop
    vertex 0.70710678118654757 0.70710678118654746 1
    vertex 0.32967290755003442 0.37591990373948869 1
    vertex 0.35355339059327379 0.35355339059327373 1
  endloop
endfacet
facet normal -0 0 -1
  outer loop
    vertex 0.70710678118654757 0.70710678118654746 -1
    vertex 0.32967290755003442 0.37591990373948869 -1
    vertex 0.65934581510006884 0.75183980747897738 -1
  endloop
endfacet
facet normal 0 0 -1
  outer loop
    vertex 0.70710678118654757 0.70710678118654746 -1
    vertex 0.35355339059327379 0.35355339059327373 -1
    vertex 0.32967290755003442 0.37591990373948869 -1
  endloop
endfacet
facet normal 0.63439328416364593 0.77301045336273666 0
  outer loop
    vertex 0.65934581510006884 0.75183980747897738 -1
    vertex 0.60876142900872066 0.79335334029123517 -1
    vertex 0.60876142900872066 0.79335334029123517 1
  endloop
endfacet
facet normal 0.63439328416364593 0.77301045336273666 -0
  outer loop
    vertex 0.65934581510006884 0.75183980747897738 -1
    vertex 0.60876142900872066 0.79335334029123517 1
    vertex 0.65934581510006884 0.75183980747897738 1
  endloop
endfacet
facet normal -0.63439328416364593 -0.77301045336273666 0
  outer loop
    vertex 0.32967290755003442 0.37591990373948869 -1
    vertex 0.30438071450436033 0.39667667014561758 1
    vertex 0.30438071450436033 0.39667667014561758 -1
  endloop
endfacet
facet normal -0.63439328416364593 -0.77301045336273666 0
  outer loop
    vertex 0.32967290755003442 0.37591990373948869 -1
    vertex 0.32967290755003442 0.37591990373948869 1
    vertex 0.30438071450436033 0.39667667014561758 1
  endloop
endfacet
facet normal 0 0 1
  outer loop
    vertex 0.65934581510006884 0.75183980747897738 1
    vertex 0.60876142900872066 0.79335334029123517 1
    vertex 0.30438071450436033 0.39667667014561758 1
  endloop
endfacet
facet normal 0 0 1
  outer loop
    vertex 0.65934581510006884 0.75183980747897738 1
    vertex 0.30438071450436033 0.39667667014561758 1
    vertex 0.32967290755003442 0.37591990373948869 1
  endloop
endfacet
facet normal -0 0 -1
  outer loop
    vertex 0.65934581510006884 0.75183980747897738 -1
    vertex 0.30438071450436033 0.39667667014561758 -1
    vertex 0.60876142900872066 0.79335334029123517 -1
  endloop
endfacet
facet normal 0 0 -1
  outer loop
    vertex 0.65934581510006884 0.75183980747897738 -1
    vertex 0.32967290755003442 0.37591990373948869 -1
    vertex 0.30438071450436033 0.39667667014561758 -1
  endloop
endfacet
facet normal 0.58247769686780215 0.81284668459161513 0
  outer loop
    vertex 0.60876142900872066 0.79335334029123517 -1
    vertex 0.5555702330196024 0.83146961230254512 -1
    vertex 0.5555702330196024 0.83146961230254512 1
  endloop
endfacet
facet normal 0.58247769686780215 0.81284668459161513 -0
  outer loop
    vertex 0.60876142900872066 0.79335334029123517 -1
    vertex 0.5555702330196024 0.83146961230254512 1
    vertex 0.60876142900872066 0.79335334029123517 1
  endloop
endfacet
facet normal -0.58247769686780215 -0.81284668459161513 0
  outer loop
    vertex 0.30438071450436033 0.39667667014561758 -1
    vertex 0.2777851165098012 0.41573480615127256 1
    vertex 0.2777851165098012 0.41573480615127256 -1
  endloop
endfacet
facet normal -0.58247769686780215 -0.81284668459161513 0
  outer loop
    vertex 0.30438071450436033 0.39667667014561758 -1
    vertex 0.30438071450436033 0.39667667014561758 1
    vertex 0.2777851165098012 0.41573480615127256 1
  endloop
endfacet
facet normal 0 0 1
  outer loop
    vertex 0.60876142900872066 0.79335334029123517 1
    vertex 0.5555702330196024 0.83146961230254512 1
    vertex 0.2777851165098012 0.41573480615127256 1
  endloop
endfacet
facet normal 0 0 1
  outer loop
    vertex 0.60876142900872066 0.79335334029123517 1
    vertex 0.2777851165098012 0.41573480615127256 1
    vertex 0.30438071450436033 0.39667667014561758 1
  endloop
endfacet
facet normal -0 0 -1
  outer loop
    vertex 0.60876142900872066 0.79335334029123517 -1
    vertex 0.2777851165098012 0.41573480615127256 -1
    vertex 0.5555702330196024 0.83146961230254512 -1
  endloop
endfacet
facet normal 0 0 -1
  outer loop
    vertex 0.60876142900872066 0.79335334029123517 -1
    vertex 0.30438071450436033 0.39667667014561758 -1
    vertex 0.2777851165098012 0.41573480615127256 -1
  endloop
endfacet
facet normal 0.52806785065036821 0.84920218152657878 0
  outer loop
    vertex 0.5555702330196024 0.83146961230254512 -1
    vertex 0.50000000000000011 0.8660254037844386 -1
    vertex 0.50000000000000011 0.8660254037844386 1
  endloop
endfacet
facet normal 0.52806785065036821 0.84920218152657878 -0
  outer loop
    vertex 0.5555702330196024 0.83146961230254512 -1
    vertex 0.50000000000000011 0.8660254037844386 1
    vertex 0.5555702330196024 0.83146961230254512 1
  endloop
endfacet
facet normal -0.52806785065036821 -0.84920218152657878 0
  outer loop
    vertex 0.2777851165098012 0.41573480615127256 -1
    vertex 0.25000000000000006 0.4330127018922193 1
    vertex 0.25000000000000006 0.4330127018922193 -1
  endloop
endfacet
facet normal -0.52806785065036821 -0.84920218152657878 0
  outer loop
    vertex 0.2777851165098012 0.41573480615127256 -1
    vertex 0.2777851165098012 0.41573480615127256 1
    vertex 0.25000000000000006 0.4330127018922193 1
  endloop
endfacet
facet normal 0 0 1
  outer loop
    vertex 0.5555702330196024 0.83146961230254512 1
    vertex 0.50000000000000011 0.8660254037844386 1
    vertex 0.25000000000000006 0.4330127018922193 1
  endloop
endfacet
facet normal 0 0 1
  outer loop
    vertex 0.5555702330196024 0.83146961230254512 1
    vertex 0.25000000000000006 0.4330127018922193 1
    vertex 0.2777851165098012 0.41573480615127256 1
  endloop
endfacet
facet normal -0 0 -1
  outer loop
    vertex 0.5555702330196024 0.83146961230254512 -1
    vertex 0.25000000000000006 0.4330127018922193 -1
    vertex 0.50000000000000011 0.8660254037844386 -1
  endloop
endfacet
facet normal 0 0 -1
  outer loop
    vertex 0.5555702330196024 0.83146961230254512 -1
    vertex 0.2777851165098012 0.41573480615127256 -1
    vertex 0.25000000000000006 0.4330127018922193 -1
  endloop
endfacet
facet normal 0.47139673682599803 0.88192126434835483 0
  outer loop
    vertex 0.50000000000000011 0.8660254037844386 -1
    vertex 0.44228869021900125 0.89687274153268837 -1
    vertex 0.44228869021900125 0.89687274153268837 1
  endloop
endfacet
facet normal 0.47139673682599803 0.88192126434835483 -0
  outer loop
    vertex 0.50000000000000011 0.8660254037844386 -1
    vertex 0.44228869021900125 0.89687274153268837 1
    vertex 0.50000000000000011 0.8660254037844386 1
  endloop
endfacet
facet normal -0.47139673682599803 -0.88192126434835483 0
  outer loop
    vertex 0.25000000000000006 0.4330127018922193 -1
    vertex 0.22114434510950062 0.44843637076634418 1
    vertex 0.22114434510950062 0.44843637076634418 -1
  endloop
endfacet
facet normal -0.47139673682599803 -0.88192126434835483 0
  outer loop
    vertex 0.25000000000000006 0.4330127018922193 -1
    vertex 0.25000000000000006 0.4330127018922193 1
    vertex 0.22114434510950062 0.44843637076634418 1
  endloop
endfacet
facet normal 0 0 1
  outer loop
    vertex 0.50000000000000011 0.8660254037844386 1
    vertex 0.44228869021900125 0.89687274153268837 1
    vertex 0.22114434510950062 0.44843637076634418 1
  endloop
endfacet
facet normal 0 0 1
  outer loop
    vertex 0.50000000000000011 0.8660254037844386 1
    vertex 0.22114434510950062 0.44843637076634418 1
    vertex 0.25000000000000006 0.4330127018922193 1
  endloop
endfacet
facet normal -0 0 -1
  outer loop
    vertex 0.50000000000000011 0.8660254037844386 -1
    vertex 0.22114434510950062 0.44843637076634418 -1
    vertex 0.44228869021900125 0.89687274153268837 -1
  endloop
endfacet
facet normal 0 0 -1
  outer loop
    vertex 0.50000000000000011 0.8660254037844386 -1
    vertex 0.25000000000000006 0.4330127018922193 -1
    vertex 0.22114434510950062 0.44843637076634418 -1
  endloop
endfacet
facet normal 0.41270702980439428 0.91086382492117601 0
  outer loop
    vertex 0.44228869021900125 0.89687274153268837 -1
    vertex 0.38268343236508984 0.92387953251128674 -1
    vertex 0.38268343236508984 0.92387953251128674 1
  endloop
endfacet
facet normal 0.41270702980439428 0.91086382492117601 -0
  outer loop
    vertex 0.44228869021900125 0.89687274153268837 -1
    vertex 0.38268343236508984 0.92387953251128674 1
    vertex 0.44228869021900125 0.89687274153268837 1
  endloop
endfacet
facet normal -0.41270702980439428 -0.91086382492117601 0
  outer loop
    vertex 0.22114434510950062 0.44843637076634418 -1
    vertex 0.19134171618254492 0.46193976625564337 1
    vertex 0.19134171618254492 0.46193976625564337 -1
  endloop
endfacet
facet normal -0.41270702980439428 -0.91086382492117601 0
  outer loop
    vertex 0.22114434510950062 0.44843637076634418 -1
    vertex 0.22114434510950062 0.44843637076634418 1
    vertex 0.19134171618254492 0.46193976625564337 1
  endloop
endfacet
facet normal 0 0 1
  outer loop
    vertex 0.44228869021900125 0.89687274153268837 1
    vertex 0.38268343236508984 0.92387953251128674 1
    vertex 0.19134171618254492 0.46193976625564337 1
  endloop
endfacet
facet normal 0 0 1
  outer loop
    vertex 0.44228869021900125 0.89687274153268837 1
    vertex 0.19134171618254492 0.46193976625564337 1
    vertex 0.22114434510950062 0.44843637076634418 1
  endloop
endfacet
facet normal -0 0 -1
  outer loop
    vertex 0.44228869021900125 0.89687274153268837 -1
    vertex 0.19134171618254492 0.46193976625564337 -1
    vertex 0.38268343236508984 0.92387953251128674 -1
  endloop
endfacet
facet normal 0 0 -1
  outer loop
    vertex 0.44228869021900125 0.89687274153268837 -1
    vertex 0.22114434510950062 0.44843637076634418 -1
    vertex 0.19134171618254492 0.46193976625564337 -1
  endloop
endfacet
facet normal 0.35225004792123288 0.93590592675732609 0
  outer loop
    vertex 0.38268343236508984 0.92387953251128674 -1
    vertex 0.3214394653031617 0.94693012949510558 -1
    vertex 0.3214394653031617 0.94693012949510558 1
  endloop
endfacet
facet normal 0.35225004792123288 0.93590592675732609 -0
  outer loop
    vertex 0.38268343236508984 0.92387953251128674 -1
    vertex 0.3214394653031617 0.94693012949510558 1
    vertex 0.38268343236508984 0.92387953251128674 1
  endloop
endfacet
facet normal -0.35225004792123288 -0.93590592675732609 0
  outer loop
    vertex 0.19134171618254492 0.46193976625564337 -1
    vertex 0.16071973265158085 0.47346506474755279 1
    vertex 0.16071973265158085 0.47346506474755279 -1
  endloop
endfacet
facet normal -0.35225004792123288 -0.93590592675732609 0
  outer loop
    vertex 0.19134171618254492 0.46193976625564337 -1
    vertex 0.19134171618254492 0.46193976625564337 1
    vertex 0.16071973265158085 0.47346506474755279 1
  endloop
endfacet
facet normal 0 0 1
  outer loop
    vertex 0.38268343236508984 0.92387953251128674 1
    vertex 0.3214394653031617 0.94693012949510558 1
    vertex 0.16071973265158085 0.47346506474755279 1
  endloop
endfacet
facet normal 0 0 1
  outer loop
    vertex 0.38268343236508984 0.92387953251128674 1
    vertex 0.16071973265158085 0.47346506474755279 1
    vertex 0.19134171618254492 0.46193976625564337 1
  endloop
endfacet
facet normal -0 0 -1
  outer loop
    vertex 0.38268343236508984 0.92387953251128674 -1
    vertex 0.16071973265158085 0.47346506474755279 -1
    vertex 0.3214394653031617 0.94693012949510558 -1
  endloop
endfacet
facet normal 0 0 -1
  outer loop
    vertex 0.38268343236508984 0.92387953251128674 -1
    vertex 0.19134171618254492 0.46193976625564337 -1
    vertex 0.16071973265158085 0.47346506474755279 -1
  endloop
endfacet
facet normal 0.29028467725446333 0.95694033573220849 0
  outer loop
    vertex 0.3214394653031617 0.94693012949510558 -1
    vertex 0.25881904510252074 0.96592582628906831 -1
    vertex 0.25881904510252074 0.96592582628906831 1
  endloop
endfacet
facet normal 0.29028467725446333 0.95694033573220849 -0
  outer loop
    vertex 0.3214394653031617 0.94693012949510558 -1
    vertex 0.25881904510252074 0.96592582628906831 1
    vertex 0.3214394653031617 0.94693012949510558 1
  endloop
endfacet
facet normal -0.29028467725446333 -0.95694033573220849 0
  outer loop
    vertex 0.16071973265158085 0.47346506474755279 -1
    vertex 0.12940952255126037 0.48296291314453416 1
    vertex 0.12940952255126037 0.48296291314453416 -1
  endloop
endfacet
facet normal -0.29028467725446333 -0.95694033573220849 0
  outer loop
    vertex 0.16071973265158085 0.47346506474755279 -1
    vertex 0.16071973265158085 0.47346506474755279 1
    vertex 0.12940952255126037 0.48296291314453416 1
  endloop
endfacet
facet normal 0 0 1
  outer loop
    vertex 0.3214394653031617 0.94693012949510558 1
    vertex 0.25881904510252074 0.96592582628906831 1
    vertex 0.12940952255126037 0.48296291314453416 1
  endloop
endfacet
facet normal 0 0 1
  outer loop
    vertex 0.3214394653031617 0.94693012949510558 1
    vertex 0.12940952255126037 0.48296291314453416 1
    vertex 0.16071973265158085 0.47346506474755279 1
  endloop
endfacet
facet normal -0 0 -1
  outer loop
    vertex 0.3214394653031617 0.94693012949510558 -1
    vertex 0.12940952255126037 0.48296291314453416 -1
    vertex 0.25881904510252074 0.96592582628906831 -1
  endloop
endfacet
facet normal 0 0 -1
  outer loop
    vertex 0.3214394653031617 0.94693012949510558 -1
    vertex 0.16071973265158085 0.47346506474755279 -1
    vertex 0.12940952255126037 0.48296291314453416 -1
  endloop
endfacet
facet normal 0.22707626303437287 0.97387697927733374 0
  outer loop
    vertex 0.25881904510252074 0.96592582628906831 -1
    vertex 0.19509032201612833 0.98078528040323043 -1
    vertex 0.19509032201612833 0.98078528040323043 1
  endloop
endfacet
facet normal 0.22707626303437287 0.97387697927733374 -0
  outer loop
    vertex 0.25881904510252074 0.96592582628906831 -1
    vertex 0.19509032201612833 0.98078528040323043 1
    vertex 0.25881904510252074 0.96592582628906831 1
  endloop
endfacet
facet normal -0.22707626303437287 -0.97387697927733374 0
  outer loop
    vertex 0.12940952255126037 0.48296291314453416 -1
    vertex 0.097545161008064166 0.49039264020161522 1
    vertex 0.097545161008064166 0.49039264020161522 -1
  endloop
endfacet
facet normal -0.22707626303437287 -0.97387697927733374 0
  outer loop
    vertex 0.12940952255126037 0.48296291314453416 -1
    vertex 0.12940952255126037 0.48296291314453416 1
    vertex 0.097545161008064166 0.49039264020161522 1
  endloop
endfacet
facet normal 0 0 1
  outer loop
    vertex 0.25881904510252074 0.96592582628906831 1
    vertex 0.19509032201612833 0.98078528040323043 1
    vertex 0.097545161008064166 0.49039264020161522 1
  endloop
endfacet
facet normal 0 0 1
  outer loop
    vertex 0.25881904510252074 0.96592582628906831 1
    vertex 0.097545161008064166 0.49039264020161522 1
    vertex 0.12940952255126037 0.48296291314453416 1
  endloop
endfacet
facet normal -0 0 -1
  outer loop
    vertex 0.25881904510252074 0.96592582628906831 -1
    vertex 0.097545161008064166 0.49039264020161522 -1
    vertex 0.19509032201612833 0.98078528040323043 -1
  endloop
endfacet
facet normal 0 0 -1
  outer loop
    vertex 0.25881904510252074 0.96592582628906831 -1
    vertex 0.12940952255126037 0.48296291314453416 -1
    vertex 0.097545161008064166 0.49039264020161522 -1
  endloop
endfacet
facet normal 0.16289547339458871 0.98664333208487887 0
  outer loop
    vertex 0.19509032201612833 0.98078528040323043 -1
    vertex 0.13052619222005171 0.99144486137381038 -1
    vertex 0.13052619222005171 0.99144486137381038 1
  endloop
endfacet
facet normal 0.16289547339458871 0.98664333208487887 -0
  outer loop
    vertex 0.19509032201612833 0.98078528040323043 -1
    vertex 0.13052619222005171 0.99144486137381038 1
    vertex 0.19509032201612833 0.98078528040323043 1
  endloop
endfacet
facet normal -0.16289547339458871 -0.98664333208487887 0
  outer loop
    vertex 0.097545161008064166 0.49039264020161522 -1
    vertex 0.065263096110025856 0.49572243068690519 1
    vertex 0.065263096110025856 0.49572243068690519 -1
  endloop
endfacet
facet normal -0.16289547339458871 -0.98664333208487887 0
  outer loop
    vertex 0.097545161008064166 0.49039264020161522 -1
    vertex 0.097545161008064166 0.49039264020161522 1
    vertex 0.065263096110025856 0.49572243068690519 1
  endloop
endfacet
facet normal 0 0 1
  outer loop
    vertex 0.19509032201612833 0.98078528040323043 1
    vertex 0.13052619222005171 0.99144486137381038 1
    vertex 0.065263096110025856 0.49572243068690519 1
  endloop
endfacet
facet normal 0 0 1
  outer loop
    vertex 0.19509032201612833 0.98078528040323043 1
    vertex 0.065263096110025856 0.49572243068690519 1
    vertex 0.097545161008064166 0.49039264020161522 1
  endloop
endfacet
facet normal -0 0 -1
  outer loop
    vertex 0.19509032201612833 0.98078528040323043 -1
    vertex 0.065263096110025856 0.49572243068690519 -1
    vertex 0.13052619222005171 0.99144486137381038 -1
  endloop
endfacet
facet normal 0 0 -1
  outer loop
    vertex 0.19509032201612833 0.98078528040323043 -1
    vertex 0.097545161008064166 0.49039264020161522 -1
    vertex 0.065263096110025856 0.49572243068690519 -1
  endloop
endfacet
facet normal 0.098017140329560742 0.99518472667219682 0
  outer loop
    vertex 0.13052619222005171 0.99144486137381038 -1
    vertex 0.06540312923014327 0.99785892323860348 -1
    vertex 0.06540312923014327 0.99785892323860348 1
  endloop
endfacet
facet normal 0.098017140329560742 0.99518472667219682 -0
  outer loop
    vertex 0.13052619222005171 0.99144486137381038 -1
    vertex 0.06540312923014327 0.99785892323860348 1
    vertex 0.13052619222005171 0.99144486137381038 1
  endloop
endfacet
facet normal -0.098017140329560742 -0.99518472667219682 0
  outer loop
    vertex 0.065263096110025856 0.49572243068690519 -1
    vertex 0.032701564615071635 0.49892946161930174 1
    vertex 0.032701564615071635 0.49892946161930174 -1
  endloop
endfacet
facet normal -0.098017140329560742 -0.99518472667219682 0
  outer loop
    vertex 0.065263096110025856 0.49572243068690519 -1
    vertex 0.065263096110025856 0.49572243068690519 1
    vertex 0.032701564615071635 0.49892946161930174 1
  endloop
endfacet
facet normal 0 0 1
  outer loop
    vertex 0.13052619222005171 0.99144486137381038 1
    vertex 0.06540312923014327 0.99785892323860348 1
    vertex 0.032701564615071635 0.49892946161930174 1
  endloop
endfacet
facet normal 0 0 1
  outer loop
    vertex 0.13052619222005171 0.99144486137381038 1
    vertex 0.032701564615071635 0.49892946161930174 1
    vertex 0.065263096110025856 0.49572243068690519 1
  endloop
endfacet
facet normal -0 0 -1
  outer loop
    vertex 0.13052619222005171 0.99144486137381038 -1
    vertex 0.032701564615071635 0.49892946161930174 -1
    vertex 0.06540312923014327 0.99785892323860348 -1
  endloop
endfacet
facet normal 0 0 -1
  outer loop
    vertex 0.13052619222005171 0.99144486137381038 -1
    vertex 0.065263096110025856 0.49572243068690519 -1
    vertex 0.032701564615071635 0.49892946161930174 -1
  endloop
endfacet
facet normal 0.032719082821776484 0.99946458747636546 0
  outer loop
    vertex 0.06540312923014327 0.99785892323860348 -1
    vertex 6.123233995736766e-17 1 -1
    vertex 6.123233995736766e-17 1 1
  endloop
endfacet
facet normal 0.032719082821776484 0.99946458747636546 -0
  outer loop
    vertex 0.06540312923014327 0.99785892323860348 -1
    vertex 6.123233995736766e-17 1 1
    vertex 0.06540312923014327 0.99785892323860348 1
  endloop
endfacet
facet normal -0.032719082821776484 -0.99946458747636546 0
  outer loop
    vertex 0.032701564615071635 0.49892946161930174 -1
    vertex 3.061616997868383e-17 0.5 1
    vertex 3.061616997868383e-17 0.5 -1
  endloop
endfacet
facet normal -0.032719082821776484 -0.99946458747636546 0
  outer loop
    vertex 0.032701564615071635 0.49892946161930174 -1
    vertex 0.032701564615071635 0.49892946161930174 1
    vertex 3.061616997868383e-17 0.5 1
  endloop
endfacet
facet normal 0 0 1
  outer loop
    vertex 0.06540312923014327 0.99785892323860348 1
    vertex 6.123233995736766e-17 1 1
    vertex 3.061616997868383e-17 0.5 1
  endloop
endfacet
facet normal 0 0 1
  outer loop
    vertex 0.06540312923014327 0.99785892323860348 1
    vertex 3.061616997868383e-17 0.5 1
    vertex 0.032701564615071635 0.49892946161930174 1
  endloop
endfacet
facet normal -0 0 -1
  outer loop
    vertex 0.06540312923014327 0.99785892323860348 -1
    vertex 3.061616997868383e-17 0.5 -1
    vertex 6.123233995736766e-17 1 -1
  endloop
endfacet
facet normal 0 0 -1
  outer loop
    vertex 0.06540312923014327 0.99785892323860348 -1
    vertex 0.032701564615071635 0.49892946161930174 -1
    vertex 3.061616997868383e-17 0.5 -1
  endloop
endfacet
facet normal -0.032719082821776498 0.99946458747636568 0
  outer loop
    vertex 6.123233995736766e-17 1 -1
    vertex -0.065403129230143145 0.99785892323860348 -1
    vertex -0.065403129230143145 0.99785892323860348 1
  endloop
endfacet
facet normal -0.032719082821776498 0.99946458747636568 0
  outer loop
    vertex 6.123233995736766e-17 1 -1
    vertex -0.065403129230143145 0.99785892323860348 1
    vertex 6.123233995736766e-17 1 1
  endloop
endfacet
facet normal 0.032719082821776498 -0.99946458747636568 0
  outer loop
    vertex 3.061616997868383e-17 0.5 -1
    vertex -0.032701564615071572 0.49892946161930174 1
    vertex -0.032701564615071572 0.49892946161930174 -1
  endloop
endfacet
facet normal 0.032719082821776498 -0.99946458747636568 0
  outer loop
    vertex 3.061616997868383e-17 0.5 -1
    vertex 3.061616997868383e-17 0.5 1
    vertex -0.032701564615071572 0.49892946161930174 1
  endloop
endfacet
facet normal 0 0 1
  outer loop
    vertex 6.123233995736766e-17 1 1
    vertex -0.065403129230143145 0.99785892323860348 1
    vertex -0.032701564615071572 0.49892946161930174 1
  endloop
endfacet
facet normal 0 0 1
  outer loop
    vertex 6.123233995736766e-17 1 1
    vertex -0.032701564615071572 0.49892946161930174 1
    vertex 3.061616997868383e-17 0.5 1
  endloop
endfacet
facet normal 0 0 -1
  outer loop
    vertex 6.123233995736766e-17 1 -1
    vertex -0.032701564615071572 0.49892946161930174 -1
    vertex -0.065403129230143145 0.99785892323860348 -1
  endloop
endfacet
facet normal 0 0 -1
  outer loop
    vertex 6.123233995736766e-17 1 -1
    vertex 3.061616997868383e-17 0.5 -1
    vertex -0.032701564615071572 0.49892946161930174 -1
  endloop
endfacet
facet normal -0.098017140329560715 0.99518472667219682 0
  outer loop
    vertex -0.065403129230143145 0.99785892323860348 -1
    vertex -0.1305261922200516 0.99144486137381038 -1
    vertex -0.1305261922200516 0.99144486137381038 1
  endloop
endfacet
facet normal -0.098017140329560715 0.99518472667219682 0
  outer loop
    vertex -0.065403129230143145 0.99785892323860348 -1
    vertex -0.1305261922200516 0.99144486137381038 1
    vertex -0.065403129230143145 0.99785892323860348 1
  endloop
endfacet
facet normal 0.098017140329560715 -0.99518472667219682 0
  outer loop
    vertex -0.032701564615071572 0.49892946161930174 -1
    vertex -0.065263096110025801 0.49572243068690519 1
    vertex -0.065263096110025801 0.49572243068690519 -1
  endloop
endfacet
facet normal 0.098017140329560715 -0.99518472667219682 0
  outer loop
    vertex -0.032701564615071572 0.49892946161930174 -1
    vertex -0.032701564615071572 0.49892946161930174 1
    vertex -0.065263096110025801 0.49572243068690519 1
  endloop
endfacet
facet normal 0 0 1
  outer loop
    vertex -0.065403129230143145 0.99785892323860348 1
    vertex -0.1305261922200516 0.99144486137381038 1
    vertex -0.065263096110025801 0.49572243068690519 1
  endloop
endfacet
facet normal 0 0 1
  outer loop
    vertex -0.065403129230143145 0.99785892323860348 1
    vertex -0.065263096110025801 0.49572243068690519 1
    vertex -0.032701564615071572 0.49892946161930174 1
  endloop
endfacet
facet normal 0 -0 -1
  outer loop
    vertex -0.065403129230143145 0.99785892323860348 -1
    vertex -0.065263096110025801 0.49572243068690519 -1
    vertex -0.1305261922200516 0.99144486137381038 -1
  endloop
endfacet
facet normal 0 0 -1
  outer loop
    vertex -0.065403129230143145 0.99785892323860348 -1
    vertex -0.032701564615071572 0.49892946161930174 -1
    vertex -0.065263096110025801 0.49572243068690519 -1
  endloop
endfacet
facet normal -0.16289547339458879 0.98664333208487887 0
  outer loop
    vertex -0.1305261922200516 0.99144486137381038 -1
    vertex -0.19509032201612819 0.98078528040323043 -1
    vertex -0.19509032201612819 0.98078528040323043 1
  endloop
endfacet
facet normal -0.16289547339458879 0.98664333208487887 0
  outer loop
    vertex -0.1305261922200516 0.99144486137381038 -1
    vertex -0.19509032201612819 0.98078528040323043 1
    vertex -0.1305261922200516 0.99144486137381038 1
  endloop
endfacet
facet normal 0.16289547339458879 -0.98664333208487887 0
  outer loop
    vertex -0.065263096110025801 0.49572243068690519 -1
    vertex -0.097545161008064096 0.49039264020161522 1
    vertex -0.097545161008064096 0.49039264020161522 -1
  endloop
endfacet
facet normal 0.16289547339458879 -0.98664333208487887 0
  outer loop
    vertex -0.065263096110025801 0.49572243068690519 -1
    vertex -0.065263096110025801 0.49572243068690519 1
    vertex -0.097545161008064096 0.49039264020161522 1
  endloop
endfacet
facet normal 0 0 1
  outer loop
    vertex -0.1305261922200516 0.99144486137381038 1
    vertex -0.19509032201612819 0.98078528040323043 1
    vertex -0.097545161008064096 0.49039264020161522 1
  endloop
endfacet
facet normal 0 0 1
  outer loop
    vertex -0.1305261922200516 0.99144486137381038 1
    vertex -0.097545161008064096 0.49039264020161522 1
    vertex -0.065263096110025801 0.49572243068690519 1
  endloop
endfacet
facet normal 0 -0 -1
  outer loop
    vertex -0.1305261922200516 0.99144486137381038 -1
    vertex -0.097545161008064096 0.49039264020161522 -1
    vertex -0.19509032201612819 0.98078528040323043 -1
  endloop
endfacet
facet normal 0 0 -1
  outer loop
    vertex -0.1305261922200516 0.99144486137381038 -1
    vertex -0.065263096110025801 0.49572243068690519 -1
    vertex -0.097545161008064096 0.49039264020161522 -1
  endloop
endfacet
facet normal -0.22707626303437276 0.97387697927733374 0
  outer loop
    vertex -0.19509032201612819 0.98078528040323043 -1
    vertex -0.25881904510252063 0.96592582628906831 -1
    vertex -0.25881904510252063 0.96592582628906831 1
  endloop
endfacet
facet normal -0.22707626303437276 0.97387697927733374 0
  outer loop
    vertex -0.19509032201612819 0.98078528040323043 -1
    vertex -0.25881904510252063 0.96592582628906831 1
    vertex -0.19509032201612819 0.98078528040323043 1
  endloop
endfacet
facet normal 0.22707626303437276 -0.97387697927733374 0
  outer loop
    vertex -0.097545161008064096 0.49039264020161522 -1
    vertex -0.12940952255126031 0.48296291314453416 1
    vertex -0.12940952255126031 0.48296291314453416 -1
  endloop
endfacet
facet normal 0.22707626303437276 -0.97387697927733374 0
  outer loop
    vertex -0.097545161008064096 0.49039264020161522 -1
    vertex -0.097545161008064096 0.49039264020161522 1
    vertex -0.12940952255126031 0.48296291314453416 1
  endloop
endfacet
facet normal 0 0 1
  outer loop
    vertex -0.19509032201612819 0.98078528040323043 1
    vertex -0.25881904510252063 0.96592582628906831 1
    vertex -0.12940952255126031 0.48296291314453416 1
  endloop
endfacet
facet normal 0 0 1
  outer loop
    vertex -0.19509032201612819 0.98078528040323043 1
    vertex -0.12940952255126031 0.48296291314453416 1
    vertex -0.097545161008064096 0.49039264020161522 1
  endloop
endfacet
facet normal 0 -0 -1
  outer loop
    vertex -0.19509032201612819 0.98078528040323043 -1
    vertex -0.12940952255126031 0.48296291314453416 -1
    vertex -0.25881904510252063 0.96592582628906831 -1
  endloop
endfacet
facet normal 0 0 -1
  outer loop
    vertex -0.19509032201612819 0.98078528040323043 -1
    vertex -0.097545161008064096 0.49039264020161522 -1
    vertex -0.12940952255126031 0.48296291314453416 -1
  endloop
endfacet
facet normal -0.29028467725446183 0.95694033573220916 0
  outer loop
    vertex -0.25881904510252063 0.96592582628906831 -1
    vertex -0.32143946530316159 0.94693012949510569 -1
    vertex -0.32143946530316159 0.94693012949510569 1
  endloop
endfacet
facet normal -0.29028467725446183 0.95694033573220916 0
  outer loop
    vertex -0.25881904510252063 0.96592582628906831 -1
    vertex -0.32143946530316159 0.94693012949510569 1
    vertex -0.25881904510252063 0.96592582628906831 1
  endloop
endfacet
facet normal 0.29028467725446183 -0.95694033573220916 0
  outer loop
    vertex -0.12940952255126031 0.48296291314453416 -1
    vertex -0.16071973265158079 0.47346506474755284 1
    vertex -0.16071973265158079 0.47346506474755284 -1
  endloop
endfacet
facet normal 0.29028467725446183 -0.95694033573220916 0
  outer loop
    vertex -0.12940952255126031 0.48296291314453416 -1
    vertex -0.12940952255126031 0.48296291314453416 1
    vertex -0.16071973265158079 0.47346506474755284 1
  endloop
endfacet
facet normal 0 0 1
  outer loop
    vertex -0.25881904510252063 0.96592582628906831 1
    vertex -0.32143946530316159 0.94693012949510569 1
    vertex -0.16071973265158079 0.47346506474755284 1
  endloop
endfacet
facet normal 0 0 1
  outer loop
    vertex -0.25881904510252063 0.96592582628906831 1
    vertex -0.16071973265158079 0.47346506474755284 1
    vertex -0.12940952255126031 0.48296291314453416 1
  endloop
endfacet
facet normal 0 -0 -1
  outer loop
    vertex -0.25881904510252063 0.96592582628906831 -1
    vertex -0.16071973265158079 0.47346506474755284 -1
    vertex -0.32143946530316159 0.94693012949510569 -1
  endloop
endfacet
facet normal 0 0 -1
  outer loop
    vertex -0.25881904510252063 0.96592582628906831 -1
    vertex -0.12940952255126031 0.48296291314453416 -1
    vertex -0.16071973265158079 0.47346506474755284 -1
  endloop
endfacet
facet normal -0.35225004792123393 0.93590592675732542 0
  outer loop
    vertex -0.32143946530316159 0.94693012949510569 -1
    vertex -0.3826834323650895 0.92387953251128685 -1
    vertex -0.3826834323650895 0.92387953251128685 1
  endloop
endfacet
facet normal -0.35225004792123393 0.93590592675732542 0
  outer loop
    vertex -0.32143946530316159 0.94693012949510569 -1
    vertex -0.3826834323650895 0.92387953251128685 1
    vertex -0.32143946530316159 0.94693012949510569 1
  endloop
endfacet
facet normal 0.35225004792123393 -0.93590592675732542 0
  outer loop
    vertex -0.16071973265158079 0.47346506474755284 -1
    vertex -0.19134171618254475 0.46193976625564342 1
    vertex -0.19134171618254475 0.46193976625564342 -1
  endloop
endfacet
facet normal 0.35225004792123393 -0.93590592675732542 0
  outer loop
    vertex -0.16071973265158079 0.47346506474755284 -1
    vertex -0.16071973265158079 0.47346506474755284 1
    vertex -0.19134171618254475 0.46193976625564342 1
  endloop
endfacet
facet normal 0 0 1
  outer loop
    vertex -0.32143946530316159 0.94693012949510569 1
    vertex -0.3826834323650895 0.92387953251128685 1
    vertex -0.19134171618254475 0.46193976625564342 1
  endloop
endfacet
facet normal 0 0 1
  outer loop
    vertex -0.32143946530316159 0.94693012949510569 1
    vertex -0.19134171618254475 0.46193976625564342 1
    vertex -0.16071973265158079 0.47346506474755284 1
  endloop
endfacet
facet normal 0 -0 -1
  outer loop
    vertex -0.32143946530316159 0.94693012949510569 -1
    vertex -0.19134171618254475 0.46193976625564342 -1
    vertex -0.3826834323650895 0.92387953251128685 -1
  endloop
endfacet
facet normal 0 0 -1
  outer loop
    vertex -0.32143946530316159 0.94693012949510569 -1
    vertex -0.16071973265158079 0.47346506474755284 -1
    vertex -0.19134171618254475 0.46193976625564342 -1
  endloop
endfacet
facet normal -0.41270702980439439 0.9108638249211759 0
  outer loop
    vertex -0.3826834323650895 0.92387953251128685 -1
    vertex -0.44228869021900113 0.89687274153268837 -1
    vertex -0.44228869021900113 0.89687274153268837 1
  endloop
endfacet
facet normal -0.41270702980439439 0.9108638249211759 0
  outer loop
    vertex -0.3826834323650895 0.92387953251128685 -1
    vertex -0.44228869021900113 0.89687274153268837 1
    vertex -0.3826834323650895 0.92387953251128685 1
  endloop
endfacet
facet normal 0.41270702980439439 -0.9108638249211759 0
  outer loop
    vertex -0.19134171618254475 0.46193976625564342 -1
    vertex -0.22114434510950057 0.44843637076634418 1
    vertex -0.22114434510950057 0.44843637076634418 -1
  endloop
endfacet
facet normal 0.41270702980439439 -0.9108638249211759 0
  outer loop
    vertex -0.19134171618254475 0.46193976625564342 -1
    vertex -0.19134171618254475 0.46193976625564342 1
    vertex -0.22114434510950057 0.44843637076634418 1
  endloop
endfacet
facet normal 0 0 1
  outer loop
    vertex -0.3826834323650895 0.92387953251128685 1
    vertex -0.44228869021900113 0.89687274153268837 1
    vertex -0.22114434510950057 0.44843637076634418 1
  endloop
endfacet
facet normal 0 0 1
  outer loop
    vertex -0.3826834323650895 0.92387953251128685 1
    vertex -0.22114434510950057 0.44843637076634418 1
    vertex -0.19134171618254475 0.46193976625564342 1
  endloop
endfacet
facet normal 0 -0 -1
  outer loop
    vertex -0.3826834323650895 0.92387953251128685 -1
    vertex -0.22114434510950057 0.44843637076634418 -1
    vertex -0.44228869021900113 0.89687274153268837 -1
  endloop
endfacet
facet normal 0 0 -1
  outer loop
    vertex -0.3826834323650895 0.92387953251128685 -1
    vertex -0.19134171618254475 0.46193976625564342 -1
    vertex -0.22114434510950057 0.44843637076634418 -1
  endloop
endfacet
facet normal -0.47139673682599775 0.88192126434835483 0
  outer loop
    vertex -0.44228869021900113 0.89687274153268837 -1
    vertex -0.49999999999999983 0.86602540378443871 -1
    vertex -0.49999999999999983 0.86602540378443871 1
  endloop
endfacet
facet normal -0.47139673682599775 0.88192126434835483 0
  outer loop
    vertex -0.44228869021900113 0.89687274153268837 -1
    vertex -0.49999999999999983 0.86602540378443871 1
    vertex -0.44228869021900113 0.89687274153268837 1
  endloop
endfacet
facet normal 0.47139673682599775 -0.88192126434835483 0
  outer loop
    vertex -0.22114434510950057 0.44843637076634418 -1
    vertex -0.24999999999999992 0.43301270189221935 1
    vertex -0.24999999999999992 0.43301270189221935 -1
  endloop
endfacet
facet normal 0.47139673682599775 -0.88192126434835483 0
  outer loop
    vertex -0.22114434510950057 0.44843637076634418 -1
    vertex -0.22114434510950057 0.44843637076634418 1
    vertex -0.24999999999999992 0.43301270189221935 1
  endloop
endfacet
facet normal 0 0 1
  outer loop
    vertex -0.44228869021900113 0.89687274153268837 1
    vertex -0.49999999999999983 0.86602540378443871 1
    vertex -0.24999999999999992 0.43301270189221935 1
  endloop
endfacet
facet normal 0 0 1
  outer loop
    vertex -0.44228869021900113 0.89687274153268837 1
    vertex -0.24999999999999992 0.43301270189221935 1
    vertex -0.22114434510950057 0.44843637076634418 1
  endloop
endfacet
facet normal 0 -0 -1
  outer loop
    vertex -0.44228869021900113 0.89687274153268837 -1
    vertex -0.24999999999999992 0.43301270189221935 -1
    vertex -0.49999999999999983 0.86602540378443871 -1
  endloop
endfacet
facet normal 0 0 -1
  outer loop
    vertex -0.44228869021900113 0.89687274153268837 -1
    vertex -0.22114434510950057 0.44843637076634418 -1
    vertex -0.24999999999999992 0.43301270189221935 -1
  endloop
endfacet
facet normal -0.52806785065036754 0.84920218152657923 0
  outer loop
    vertex -0.49999999999999983 0.86602540378443871 -1
    vertex -0.5555702330196024 0.83146961230254512 -1
    vertex -0.5555702330196024 0.83146961230254512 1
  endloop
endfacet
facet normal -0.52806785065036754 0.84920218152657923 0
  outer loop
    vertex -0.49999999999999983 0.86602540378443871 -1
    vertex -0.5555702330196024 0.83146961230254512 1
    vertex -0.49999999999999983 0.86602540378443871 1
  endloop
endfacet
facet normal 0.52806785065036754 -0.84920218152657923 0
  outer loop
    vertex -0.24999999999999992 0.43301270189221935 -1
    vertex -0.2777851165098012 0.41573480615127256 1
    vertex -0.2777851165098012 0.41573480615127256 -1
  endloop
endfacet
facet normal 0.52806785065036754 -0.84920218152657923 0
  outer loop
    vertex -0.24999999999999992 0.43301270189221935 -1
    vertex -0.24999999999999992 0.43301270189221935 1
    vertex -0.2777851165098012 0.41573480615127256 1
  endloop
endfacet
facet normal 0 0 1
  outer loop
    vertex -0.49999999999999983 0.86602540378443871 1
    vertex -0.5555702330196024 0.83146961230254512 1
    vertex -0.2777851165098012 0.41573480615127256 1
  endloop
endfacet
facet normal 0 0 1
  outer loop
    vertex -0.49999999999999983 0.86602540378443871 1
    vertex -0.2777851165098012 0.41573480615127256 1
    vertex -0.24999999999999992 0.43301270189221935 1
  endloop
endfacet
facet normal 0 -0 -1
  outer loop
    vertex -0.49999999999999983 0.86602540378443871 -1
    vertex -0.2777851165098012 0.41573480615127256 -1
    vertex -0.5555702330196024 0.83146961230254512 -1
  endloop
endfacet
facet normal 0 0 -1
  outer loop
    vertex -0.49999999999999983 0.86602540378443871 -1
    vertex -0.24999999999999992 0.43301270189221935 -1
    vertex -0.2777851165098012 0.41573480615127256 -1
  endloop
endfacet
facet normal -0.58247769686780215 0.81284668459161513 0
  outer loop
    vertex -0.5555702330196024 0.83146961230254512 -1
    vertex -0.60876142900872066 0.79335334029123517 -1
    vertex -0.60876142900872066 0.79335334029123517 1
  endloop
endfacet
facet normal -0.58247769686780215 0.81284668459161513 0
  outer loop
    vertex -0.5555702330196024 0.83146961230254512 -1
    vertex -0.60876142900872066 0.79335334029123517 1
    vertex -0.5555702330196024 0.83146961230254512 1
  endloop
endfacet
facet normal 0.58247769686780215 -0.81284668459161513 0
  outer loop
    vertex -0.2777851165098012 0.41573480615127256 -1
    vertex -0.30438071450436033 0.39667667014561758 1
    vertex -0.30438071450436033 0.39667667014561758 -1
  endloop
endfacet
facet normal 0.58247769686780215 -0.81284668459161513 0
  outer loop
    vertex -0.2777851165098012 0.41573480615127256 -1
    vertex -0.2777851165098012 0.41573480615127256 1
    vertex -0.30438071450436033 0.39667667014561758 1
  endloop
endfacet
facet normal 0 0 1
  outer loop
    vertex -0.5555702330196024 0.83146961230254512 1
    vertex -0.60876142900872066 0.79335334029123517 1
    vertex -0.30438071450436033 0.39667667014561758 1
  endloop
endfacet
facet normal 0 0 1
  outer loop
    vertex -0.5555702330196024 0.83146961230254512 1
    vertex -0.30438071450436033 0.39667667014561758 1
    vertex -0.2777851165098012 0.41573480615127256 1
  endloop
endfacet
facet normal 0 -0 -1
  outer loop
    vertex -0.5555702330196024 0.83146961230254512 -1
    vertex -0.30438071450436033 0.39667667014561758 -1
    vertex -0.60876142900872066 0.79335334029123517 -1
  endloop
endfacet
facet normal 0 0 -1
  outer loop
    vertex -0.5555702330196024 0.83146961230254512 -1
    vertex -0.2777851165098012 0.41573480615127256 -1
    vertex -0.30438071450436033 0.39667667014561758 -1
  endloop
endfacet
facet normal -0.63439328416364593 0.77301045336273666 0
  outer loop
    vertex -0.60876142900872066 0.79335334029123517 -1
    vertex -0.65934581510006884 0.75183980747897738 -1
    vertex -0.65934581510006884 0.75183980747897738 1
  endloop
endfacet
facet normal -0.63439328416364593 0.77301045336273666 0
  outer loop
    vertex -0.60876142900872066 0.79335334029123517 -1
    vertex -0.65934581510006884 0.75183980747897738 1
    vertex -0.60876142900872066 0.79335334029123517 1
  endloop
endfacet
facet normal 0.63439328416364593 -0.77301045336273666 0
  outer loop
    vertex -0.30438071450436033 0.39667667014561758 -1
    vertex -0.32967290755003442 0.37591990373948869 1
    vertex -0.32967290755003442 0.37591990373948869 -1
  endloop
endfacet
facet normal 0.63439328416364593 -0.77301045336273666 0
  outer loop
    vertex -0.30438071450436033 0.39667667014561758 -1
    vertex -0.30438071450436033 0.39667667014561758 1
    vertex -0.32967290755003442 0.37591990373948869 1
  endloop
endfacet
facet normal 0 0 1
  outer loop
    vertex -0.60876142900872066 0.79335334029123517 1
    vertex -0.65934581510006884 0.75183980747897738 1
    vertex -0.32967290755003442 0.37591990373948869 1
  endloop
endfacet
facet normal 0 0 1
  outer loop
    vertex -0.60876142900872066 0.79335334029123517 1
    vertex -0.32967290755003442 0.37591990373948869 1
    vertex -0.30438071450436033 0.39667667014561758 1
  endloop
endfacet
facet normal 0 -0 -1
  outer loop
    vertex -0.60876142900872066 0.79335334029123517 -1
    vertex -0.32967290755003442 0.37591990373948869 -1
    vertex -0.65934581510006884 0.75183980747897738 -1
  endloop
endfacet
facet normal 0 0 -1
  outer loop
    vertex -0.60876142900872066 0.79335334029123517 -1
    vertex -0.30438071450436033 0.39667667014561758 -1
    vertex -0.32967290755003442 0.37591990373948869 -1
  endloop
endfacet
facet normal -0.68359230202287102 0.72986407269783582 0
  outer loop
    vertex -0.65934581510006884 0.75183980747897738 -1
    vertex -0.70710678118654746 0.70710678118654757 -1
    vertex -0.70710678118654746 0.70710678118654757 1
  endloop
endfacet
facet normal -0.68359230202287102 0.72986407269783582 0
  outer loop
    vertex -0.65934581510006884 0.75183980747897738 -1
    vertex -0.70710678118654746 0.70710678118654757 1
    vertex -0.65934581510006884 0.75183980747897738 1
  endloop
endfacet
facet normal 0.68359230202287102 -0.72986407269783582 0
  outer loop
    vertex -0.32967290755003442 0.37591990373948869 -1
    vertex -0.35355339059327373 0.35355339059327379 1
    vertex -0.35355339059327373 0.35355339059327379 -1
  endloop
endfacet
facet normal 0.68359230202287102 -0.72986407269783582 0
  outer loop
    vertex -0.32967290755003442 0.37591990373948869 -1
    vertex -0.32967290755003442 0.37591990373948869 1
    vertex -0.35355339059327373 0.35355339059327379 1
  endloop
endfacet
facet normal 0 0 1
  outer loop
    vertex -0.65934581510006884 0.75183980747897738 1
    vertex -0.70710678118654746 0.70710678118654757 1
    vertex -0.35355339059327373 0.35355339059327379 1
  endloop
endfacet
facet normal 0 0 1
  outer loop
    vertex -0.65934581510006884 0.75183980747897738 1
    vertex -0.35355339059327373 0.35355339059327379 1
    vertex -0.32967290755003442 0.37591990373948869 1
  endloop
endfacet
facet normal 0 -0 -1
  outer loop
    vertex -0.65934581510006884 0.75183980747897738 -1
    vertex -0.35355339059327373 0.35355339059327379 -1
    vertex -0.70710678118654746 0.70710678118654757 -1
  endloop
endfacet
facet normal 0 0 -1
  outer loop
    vertex -0.65934581510006884 0.75183980747897738 -1
    vertex -0.32967290755003442 0.37591990373948869 -1
    vertex -0.35355339059327373 0.35355339059327379 -1
  endloop
endfacet
facet normal -0.72986407269783582 0.68359230202287102 0
  outer loop
    vertex -0.70710678118654746 0.70710678118654757 -1
    vertex -0.75183980747897727 0.65934581510006895 -1
    vertex -0.75183980747897727 0.65934581510006895 1
  endloop
endfacet
facet normal -0.72986407269783582 0.68359230202287102 0
  outer loop
    vertex -0.70710678118654746 0.70710678118654757 -1
    vertex -0.75183980747897727 0.65934581510006895 1
    vertex -0.70710678118654746 0.70710678118654757 1
  endloop
endfacet
facet normal 0.72986407269783582 -0.68359230202287102 0
  outer loop
    vertex -0.35355339059327373 0.35355339059327379 -1
    vertex -0.37591990373948864 0.32967290755003448 1
    vertex -0.37591990373948864 0.32967290755003448 -1
  endloop
endfacet
facet normal 0.72986407269783582 -0.68359230202287102 0
  outer loop
    vertex -0.35355339059327373 0.35355339059327379 -1
    vertex -0.35355339059327373 0.35355339059327379 1
    vertex -0.37591990373948864 0.32967290755003448 1
  endloop
endfacet
facet normal 0 0 1
  outer loop
    vertex -0.70710678118654746 0.70710678118654757 1
    vertex -0.75183980747897727 0.65934581510006895 1
    vertex -0.37591990373948864 0.32967290755003448 1
  endloop
endfacet
facet normal 0 0 1
  outer loop
    vertex -0.70710678118654746 0.70710678118654757 1
    vertex -0.37591990373948864 0.32967290755003448 1
    vertex -0.35355339059327373 0.35355339059327379 1
  endloop
endfacet
facet normal 0 -0 -1
  outer loop
    vertex -0.70710678118654746 0.70710678118654757 -1
    vertex -0.37591990373948864 0.32967290755003448 -1
    vertex -0.75183980747897727 0.65934581510006895 -1
  endloop
endfacet
facet normal 0 0 -1
  outer loop
    vertex -0.70710678118654746 0.70710678118654757 -1
    vertex -0.35355339059327373 0.35355339059327379 -1
    vertex -0.37591990373948864 0.32967290755003448 -1
  endloop
endfacet
facet normal -0.77301045336273588 0.63439328416364671 0
  outer loop
    vertex -0.75183980747897727 0.65934581510006895 -1
    vertex -0.79335334029123505 0.60876142900872088 -1
    vertex -0.79335334029123505 0.60876142900872088 1
  endloop
endfacet
facet normal -0.77301045336273588 0.63439328416364671 0
  outer loop
    vertex -0.75183980747897727 0.65934581510006895 -1
    vertex -0.79335334029123505 0.60876142900872088 1
    vertex -0.75183980747897727 0.65934581510006895 1
  endloop
endfacet
facet normal 0.77301045336273588 -0.63439328416364671 0
  outer loop
    vertex -0.37591990373948864 0.32967290755003448 -1
    vertex -0.39667667014561753 0.30438071450436044 1
    vertex -0.39667667014561753 0.30438071450436044 -1
  endloop
endfacet
facet normal 0.77301045336273588 -0.63439328416364671 0
  outer loop
    vertex -0.37591990373948864 0.32967290755003448 -1
    vertex -0.37591990373948864 0.32967290755003448 1
    vertex -0.39667667014561753 0.30438071450436044 1
  endloop
endfacet
facet normal 0 0 1
  outer loop
    vertex -0.75183980747897727 0.65934581510006895 1
    vertex -0.79335334029123505 0.60876142900872088 1
    vertex -0.39667667014561753 0.30438071450436044 1
  endloop
endfacet
facet normal 0 0 1
  outer loop
    vertex -0.75183980747897727 0.65934581510006895 1
    vertex -0.39667667014561753 0.30438071450436044 1
    vertex -0.37591990373948864 0.32967290755003448 1
  endloop
endfacet
facet normal 0 -0 -1
  outer loop
    vertex -0.75183980747897727 0.65934581510006895 -1
    vertex -0.39667667014561753 0.30438071450436044 -1
    vertex -0.79335334029123505 0.60876142900872088 -1
  endloop
endfacet
facet normal 0 0 -1
  outer loop
    vertex -0.75183980747897727 0.65934581510006895 -1
    vertex -0.37591990373948864 0.32967290755003448 -1
    vertex -0.39667667014561753 0.30438071450436044 -1
  endloop
endfacet
facet normal -0.8128466845916158 0.58247769686780138 0
  outer loop
    vertex -0.79335334029123505 0.60876142900872088 -1
    vertex -0.83146961230254501 0.55557023301960251 -1
    vertex -0.83146961230254501 0.55557023301960251 1
  endloop
endfacet
facet normal -0.8128466845916158 0.58247769686780138 0
  outer loop
    vertex -0.79335334029123505 0.60876142900872088 -1
    vertex -0.83146961230254501 0.55557023301960251 1
    vertex -0.79335334029123505 0.60876142900872088 1
  endloop
endfacet
facet normal 0.8128466845916158 -0.58247769686780138 0
  outer loop
    vertex -0.39667667014561753 0.30438071450436044 -1
    vertex -0.41573480615127251 0.27778511650980126 1
    vertex -0.41573480615127251 0.27778511650980126 -1
  endloop
endfacet
facet normal 0.8128466845916158 -0.58247769686780138 0
  outer loop
    vertex -0.39667667014561753 0.30438071450436044 -1
    vertex -0.39667667014561753 0.30438071450436044 1
    vertex -0.41573480615127251 0.27778511650980126 1
  endloop
endfacet
facet normal 0 0 1
  outer loop
    vertex -0.79335334029123505 0.60876142900872088 1
    vertex -0.83146961230254501 0.55557023301960251 1
    vertex -0.41573480615127251 0.27778511650980126 1
  endloop
endfacet
facet normal 0 0 1
  outer loop
    vertex -0.79335334029123505 0.60876142900872088 1
    vertex -0.41573480615127251 0.27778511650980126 1
    vertex -0.39667667014561753 0.30438071450436044 1
  endloop
endfacet
facet normal 0 -0 -1
  outer loop
    vertex -0.79335334029123505 0.60876142900872088 -1
    vertex -0.41573480615127251 0.27778511650980126 -1
    vertex -0.83146961230254501 0.55557023301960251 -1
  endloop
endfacet
facet normal 0 0 -1
  outer loop
    vertex -0.79335334029123505 0.60876142900872088 -1
    vertex -0.39667667014561753 0.30438071450436044 -1
    vertex -0.41573480615127251 0.27778511650980126 -1
  endloop
endfacet
facet normal -0.84920218152657834 0.52806785065036876 0
  outer loop
    vertex -0.83146961230254501 0.55557023301960251 -1
    vertex -0.86602540378443871 0.49999999999999994 -1
    vertex -0.86602540378443871 0.49999999999999994 1
  endloop
endfacet
facet normal -0.84920218152657834 0.52806785065036876 0
  outer loop
    vertex -0.83146961230254501 0.55557023301960251 -1
    vertex -0.86602540378443871 0.49999999999999994 1
    vertex -0.83146961230254501 0.55557023301960251 1
  endloop
endfacet
facet normal 0.84920218152657834 -0.52806785065036876 0
  outer loop
    vertex -0.41573480615127251 0.27778511650980126 -1
    vertex -0.43301270189221935 0.24999999999999997 1
    vertex -0.43301270189221935 0.24999999999999997 -1
  endloop
endfacet
facet normal 0.84920218152657834 -0.52806785065036876 0
  outer loop
    vertex -0.41573480615127251 0.27778511650980126 -1
    vertex -0.41573480615127251 0.27778511650980126 1
    vertex -0.43301270189221935 0.24999999999999997 1
  endloop
endfacet
facet normal 0 0 1
  outer loop
    vertex -0.83146961230254501 0.55557023301960251 1
    vertex -0.86602540378443871 0.49999999999999994 1
    vertex -0.43301270189221935 0.24999999999999997 1
  endloop
endfacet
facet normal 0 0 1
  outer loop
    vertex -0.83146961230254501 0.55557023301960251 1
    vertex -0.43301270189221935 0.24999999999999997 1
    vertex -0.41573480615127251 0.27778511650980126 1
  endloop
endfacet
facet normal 0 -0 -1
  outer loop
    vertex -0.83146961230254501 0.55557023301960251 -1
    vertex -0.43301270189221935 0.24999999999999997 -1
    vertex -0.86602540378443871 0.49999999999999994 -1
  endloop
endfacet
facet normal 0 0 -1
  outer loop
    vertex -0.83146961230254501 0.55557023301960251 -1
    vertex -0.41573480615127251 0.27778511650980126 -1
    vertex -0.43301270189221935 0.24999999999999997 -1
  endloop
endfacet
facet normal -0.88192126434835483 0.47139673682599798 0
  outer loop
    vertex -0.86602540378443871 0.49999999999999994 -1
    vertex -0.89687274153268814 0.44228869021900169 -1
    vertex -0.89687274153268814 0.44228869021900169 1
  endloop
endfacet
facet normal -0.88192126434835483 0.47139673682599798 0
  outer loop
    vertex -0.86602540378443871 0.49999999999999994 -1
    vertex -0.89687274153268814 0.44228869021900169 1
    vertex -0.86602540378443871 0.49999999999999994 1
  endloop
endfacet
facet normal 0.88192126434835483 -0.47139673682599798 0
  outer loop
    vertex -0.43301270189221935 0.24999999999999997 -1
    vertex -0.44843637076634407 0.22114434510950085 1
    vertex -0.44843637076634407 0.22114434510950085 -1
  endloop
endfacet
facet normal 0.88192126434835483 -0.47139673682599798 0
  outer loop
    vertex -0.43301270189221935 0.24999999999999997 -1
    vertex -0.43301270189221935 0.24999999999999997 1
    vertex -0.44843637076634407 0.22114434510950085 1
  endloop
endfacet
facet normal 0 0 1
  outer loop
    vertex -0.86602540378443871 0.49999999999999994 1
    vertex -0.89687274153268814 0.44228869021900169 1
    vertex -0.44843637076634407 0.22114434510950085 1
  endloop
endfacet
facet normal 0 0 1
  outer loop
    vertex -0.86602540378443871 0.49999999999999994 1
    vertex -0.44843637076634407 0.22114434510950085 1
    vertex -0.43301270189221935 0.24999999999999997 1
  endloop
endfacet
facet normal 0 -0 -1
  outer loop
    vertex -0.86602540378443871 0.49999999999999994 -1
    vertex -0.44843637076634407 0.22114434510950085 -1
    vertex -0.89687274153268814 0.44228869021900169 -1
  endloop
endfacet
facet normal 0 0 -1
  outer loop
    vertex -0.86602540378443871 0.49999999999999994 -1
    vertex -0.43301270189221935 0.24999999999999997 -1
    vertex -0.44843637076634407 0.22114434510950085 -1
  endloop
endfacet
facet normal -0.91086382492117568 0.41270702980439489 0
  outer loop
    vertex -0.89687274153268814 0.44228869021900169 -1
    vertex -0.92387953251128674 0.38268343236508989 -1
    vertex -0.92387953251128674 0.38268343236508989 1
  endloop
endfacet
facet normal -0.91086382492117568 0.41270702980439489 0
  outer loop
    vertex -0.89687274153268814 0.44228869021900169 -1
    vertex -0.92387953251128674 0.38268343236508989 1
    vertex -0.89687274153268814 0.44228869021900169 1
  endloop
endfacet
facet normal 0.91086382492117568 -0.41270702980439489 0
  outer loop
    vertex -0.44843637076634407 0.22114434510950085 -1
    vertex -0.46193976625564337 0.19134171618254495 1
    vertex -0.46193976625564337 0.19134171618254495 -1
  endloop
endfacet
facet normal 0.91086382492117568 -0.41270702980439489 0
  outer loop
    vertex -0.44843637076634407 0.22114434510950085 -1
    vertex -0.44843637076634407 0.22114434510950085 1
    vertex -0.46193976625564337 0.19134171618254495 1
  endloop
endfacet
facet normal 0 0 1
  outer loop
    vertex -0.89687274153268814 0.44228869021900169 1
    vertex -0.92387953251128674 0.38268343236508989 1
    vertex -0.46193976625564337 0.19134171618254495 1
  endloop
endfacet
facet normal 0 0 1
  outer loop
    vertex -0.89687274153268814 0.44228869021900169 1
    vertex -0.46193976625564337 0.19134171618254495 1
    vertex -0.44843637076634407 0.22114434510950085 1
  endloop
endfacet
facet normal 0 -0 -1
  outer loop
    vertex -0.89687274153268814 0.44228869021900169 -1
    vertex -0.46193976625564337 0.19134171618254495 -1
    vertex -0.92387953251128674 0.38268343236508989 -1
  endloop
endfacet
facet normal 0 0 -1
  outer loop
    vertex -0.89687274153268814 0.44228869021900169 -1
    vertex -0.44843637076634407 0.22114434510950085 -1
    vertex -0.46193976625564337 0.19134171618254495 -1
  endloop
endfacet
facet normal -0.93590592675732609 0.35225004792123288 0
  outer loop
    vertex -0.92387953251128674 0.38268343236508989 -1
    vertex -0.94693012949510558 0.32143946530316175 -1
    vertex -0.94693012949510558 0.32143946530316175 1
  endloop
endfacet
facet normal -0.93590592675732609 0.35225004792123288 0
  outer loop
    vertex -0.92387953251128674 0.38268343236508989 -1
    vertex -0.94693012949510558 0.32143946530316175 1
    vertex -0.92387953251128674 0.38268343236508989 1
  endloop
endfacet
facet normal 0.93590592675732609 -0.35225004792123288 0
  outer loop
    vertex -0.46193976625564337 0.19134171618254495 -1
    vertex -0.47346506474755279 0.16071973265158088 1
    vertex -0.47346506474755279 0.16071973265158088 -1
  endloop
endfacet
facet normal 0.93590592675732609 -0.35225004792123288 0
  outer loop
    vertex -0.46193976625564337 0.19134171618254495 -1
    vertex -0.46193976625564337 0.19134171618254495 1
    vertex -0.47346506474755279 0.16071973265158088 1
  endloop
endfacet
facet normal 0 0 1
  outer loop
    vertex -0.92387953251128674 0.38268343236508989 1
    vertex -0.94693012949510558 0.32143946530316175 1
    vertex -0.47346506474755279 0.16071973265158088 1
  endloop
endfacet
facet normal 0 0 1
  outer loop
    vertex -0.92387953251128674 0.38268343236508989 1
    vertex -0.47346506474755279 0.16071973265158088 1
    vertex -0.46193976625564337 0.19134171618254495 1
  endloop
endfacet
facet normal 0 -0 -1
  outer loop
    vertex -0.92387953251128674 0.38268343236508989 -1
    vertex -0.47346506474755279 0.16071973265158088 -1
    vertex -0.94693012949510558 0.32143946530316175 -1
  endloop
endfacet
facet normal 0 0 -1
  outer loop
    vertex -0.92387953251128674 0.38268343236508989 -1
    vertex -0.46193976625564337 0.19134171618254495 -1
    vertex -0.47346506474755279 0.16071973265158088 -1
  endloop
endfacet
facet normal -0.95694033573220882 0.29028467725446278 0
  outer loop
    vertex -0.94693012949510558 0.32143946530316175 -1
    vertex -0.9659258262890682 0.25881904510252102 -1
    vertex -0.9659258262890682 0.25881904510252102 1
  endloop
endfacet
facet normal -0.95694033573220882 0.29028467725446278 0
  outer loop
    vertex -0.94693012949510558 0.32143946530316175 -1
    vertex -0.9659258262890682 0.25881904510252102 1
    vertex -0.94693012949510558 0.32143946530316175 1
  endloop
endfacet
facet normal 0.95694033573220882 -0.29028467725446278 0
  outer loop
    vertex -0.47346506474755279 0.16071973265158088 -1
    vertex -0.4829629131445341 0.12940952255126051 1
    vertex -0.4829629131445341 0.12940952255126051 -1
  endloop
endfacet
facet normal 0.95694033573220882 -0.29028467725446278 0
  outer loop
    vertex -0.47346506474755279 0.16071973265158088 -1
    vertex -0.47346506474755279 0.16071973265158088 1
    vertex -0.4829629131445341 0.12940952255126051 1
  endloop
endfacet
facet normal 0 0 1
  outer loop
    vertex -0.94693012949510558 0.32143946530316175 1
    vertex -0.9659258262890682 0.25881904510252102 1
    vertex -0.4829629131445341 0.12940952255126051 1
  endloop
endfacet
facet normal 0 0 1
  outer loop
    vertex -0.94693012949510558 0.32143946530316175 1
    vertex -0.4829629131445341 0.12940952255126051 1
    vertex -0.47346506474755279 0.16071973265158088 1
  endloop
endfacet
facet normal 0 -0 -1
  outer loop
    vertex -0.94693012949510558 0.32143946530316175 -1
    vertex -0.4829629131445341 0.12940952255126051 -1
    vertex -0.9659258262890682 0.25881904510252102 -1
  endloop
endfacet
facet normal 0 0 -1
  outer loop
    vertex -0.94693012949510558 0.32143946530316175 -1
    vertex -0.47346506474755279 0.16071973265158088 -1
    vertex -0.4829629131445341 0.12940952255126051 -1
  endloop
endfacet
facet normal -0.97387697927733374 0.22707626303437298 0
  outer loop
    vertex -0.9659258262890682 0.25881904510252102 -1
    vertex -0.98078528040323043 0.19509032201612816 -1
    vertex -0.98078528040323043 0.19509032201612816 1
  endloop
endfacet
facet normal -0.97387697927733374 0.22707626303437298 0
  outer loop
    vertex -0.9659258262890682 0.25881904510252102 -1
    vertex -0.98078528040323043 0.19509032201612816 1
    vertex -0.9659258262890682 0.25881904510252102 1
  endloop
endfacet
facet normal 0.97387697927733374 -0.22707626303437298 0
  outer loop
    vertex -0.4829629131445341 0.12940952255126051 -1
    vertex -0.49039264020161522 0.097545161008064082 1
    vertex -0.49039264020161522 0.097545161008064082 -1
  endloop
endfacet
facet normal 0.97387697927733374 -0.22707626303437298 0
  outer loop
    vertex -0.4829629131445341 0.12940952255126051 -1
    vertex -0.4829629131445341 0.12940952255126051 1
    vertex -0.49039264020161522 0.097545161008064082 1
  endloop
endfacet
facet normal 0 0 1
  outer loop
    vertex -0.9659258262890682 0.25881904510252102 1
    vertex -0.98078528040323043 0.19509032201612816 1
    vertex -0.49039264020161522 0.097545161008064082 1
  endloop
endfacet
facet normal 0 0 1
  outer loop
    vertex -0.9659258262890682 0.25881904510252102 1
    vertex -0.49039264020161522 0.097545161008064082 1
    vertex -0.4829629131445341 0.12940952255126051 1
  endloop
endfacet
facet normal 0 -0 -1
  outer loop
    vertex -0.9659258262890682 0.25881904510252102 -1
    vertex -0.49039264020161522 0.097545161008064082 -1
    vertex -0.98078528040323043 0.19509032201612816 -1
  endloop
endfacet
facet normal 0 0 -1
  outer loop
    vertex -0.9659258262890682 0.25881904510252102 -1
    vertex -0.4829629131445341 0.12940952255126051 -1
    vertex -0.49039264020161522 0.097545161008064082 -1
  endloop
endfacet
facet normal -0.98664333208487887 0.16289547339458982 0
  outer loop
    vertex -0.98078528040323043 0.19509032201612816 -1
    vertex -0.99144486137381038 0.13052619222005199 -1
    vertex -0.99144486137381038 0.13052619222005199 1
  endloop
endfacet
facet normal -0.98664333208487887 0.16289547339458982 0
  outer loop
    vertex -0.98078528040323043 0.19509032201612816 -1
    vertex -0.99144486137381038 0.13052619222005199 1
    vertex -0.98078528040323043 0.19509032201612816 1
  endloop
endfacet
facet normal 0.98664333208487887 -0.16289547339458982 0
  outer loop
    vertex -0.49039264020161522 0.097545161008064082 -1
    vertex -0.49572243068690519 0.065263096110025995 1
    vertex -0.49572243068690519 0.065263096110025995 -1
  endloop
endfacet
facet normal 0.98664333208487887 -0.16289547339458982 0
  outer loop
    vertex -0.49039264020161522 0.097545161008064082 -1
    vertex -0.49039264020161522 0.097545161008064082 1
    vertex -0.49572243068690519 0.065263096110025995 1
  endloop
endfacet
facet normal 0 0 1
  outer loop
    vertex -0.98078528040323043 0.19509032201612816 1
    vertex -0.99144486137381038 0.13052619222005199 1
    vertex -0.49572243068690519 0.065263096110025995 1
  endloop
endfacet
facet normal 0 0 1
  outer loop
    vertex -0.98078528040323043 0.19509032201612816 1
    vertex -0.49572243068690519 0.065263096110025995 1
    vertex -0.49039264020161522 0.097545161008064082 1
  endloop
endfacet
facet normal 0 -0 -1
  outer loop
    vertex -0.98078528040323043 0.19509032201612816 -1
    vertex -0.49572243068690519 0.065263096110025995 -1
    vertex -0.99144486137381038 0.13052619222005199 -1
  endloop
endfacet
facet normal 0 0 -1
  outer loop
    vertex -0.98078528040323043 0.19509032201612816 -1
    vertex -0.49039264020161522 0.097545161008064082 -1
    vertex -0.49572243068690519 0.065263096110025995 -1
  endloop
endfacet
facet normal -0.99518472667219693 0.098017140329560104 0
  outer loop
    vertex -0.99144486137381038 0.13052619222005199 -1
    vertex -0.99785892323860348 0.065403129230143117 -1
    vertex -0.99785892323860348 0.065403129230143117 1
  endloop
endfacet
facet normal -0.99518472667219693 0.098017140329560104 0
  outer loop
    vertex -0.99144486137381038 0.13052619222005199 -1
    vertex -0.99785892323860348 0.065403129230143117 1
    vertex -0.99144486137381038 0.13052619222005199 1
  endloop
endfacet
facet normal 0.99518472667219693 -0.098017140329560104 0
  outer loop
    vertex -0.49572243068690519 0.065263096110025995 -1
    vertex -0.49892946161930174 0.032701564615071559 1
    vertex -0.49892946161930174 0.032701564615071559 -1
  endloop
endfacet
facet normal 0.99518472667219693 -0.098017140329560104 0
  outer loop
    vertex -0.49572243068690519 0.065263096110025995 -1
    vertex -0.49572243068690519 0.065263096110025995 1
    vertex -0.49892946161930174 0.032701564615071559 1
  endloop
endfacet
facet normal 0 0 1
  outer loop
    vertex -0.99144486137381038 0.13052619222005199 1
    vertex -0.99785892323860348 0.065403129230143117 1
    vertex -0.49892946161930174 0.032701564615071559 1
  endloop
endfacet
facet normal 0 0 1
  outer loop
    vertex -0.99144486137381038 0.13052619222005199 1
    vertex -0.49892946161930174 0.032701564615071559 1
    vertex -0.49572243068690519 0.065263096110025995 1
  endloop
endfacet
facet normal 0 -0 -1
  outer loop
    vertex -0.99144486137381038 0.13052619222005199 -1
    vertex -0.49892946161930174 0.032701564615071559 -1
    vertex -0.99785892323860348 0.065403129230143117 -1
  endloop
endfacet
facet normal 0 0 -1
  outer loop
    vertex -0.99144486137381038 0.13052619222005199 -1
    vertex -0.49572243068690519 0.065263096110025995 -1
    vertex -0.49892946161930174 0.032701564615071559 -1
  endloop
endfacet
facet normal -0.99946458747636568 0.032719082821776602 0
  outer loop
    vertex -0.99785892323860348 0.065403129230143117 -1
    vertex -1 1.2246467991473532e-16 -1
    vertex -1 1.2246467991473532e-16 1
  endloop
endfacet
facet normal -0.99946458747636568 0.032719082821776602 0
  outer loop
    vertex -0.99785892323860348 0.065403129230143117 -1
    vertex -1 1.2246467991473532e-16 1
    vertex -0.99785892323860348 0.065403129230143117 1
  endloop
endfacet
facet normal 0.99946458747636568 -0.032719082821776602 0
  outer loop
    vertex -0.49892946161930174 0.032701564615071559 -1
    vertex -0.5 6.123233995736766e-17 1
    vertex -0.5 6.123233995736766e-17 -1
  endloop
endfacet
facet normal 0.99946458747636568 -0.032719082821776602 0
  outer loop
    vertex -0.49892946161930174 0.032701564615071559 -1
    vertex -0.49892946161930174 0.032701564615071559 1
    vertex -0.5 6.123233995736766e-17 1
  endloop
endfacet
facet normal 0 0 1
  outer loop
    vertex -0.99785892323860348 0.065403129230143117 1
    vertex -1 1.2246467991473532e-16 1
    vertex -0.5 6.123233995736766e-17 1
  endloop
endfacet
facet normal 0 0 1
  outer loop
    vertex -0.99785892323860348 0.065403129230143117 1
    vertex -0.5 6.123233995736766e-17 1
    vertex -0.49892946161930174 0.032701564615071559 1
  endloop
endfacet
facet normal 0 -0 -1
  outer loop
    vertex -0.99785892323860348 0.065403129230143117 -1
    vertex -0.5 6.123233995736766e-17 -1
    vertex -1 1.2246467991473532e-16 -1
  endloop
endfacet
facet normal 0 0 -1
  outer loop
    vertex -0.99785892323860348 0.065403129230143117 -1
    vertex -0.49892946161930174 0.032701564615071559 -1
    vertex -0.5 6.123233995736766e-17 -1
  endloop
endfacet
facet normal -0.99946458747636568 -0.032719082821776602 0
  outer loop
    vertex -1 1.2246467991473532e-16 -1
    vertex -0.99785892323860348 -0.065403129230142867 -1
    vertex -0.99785892323860348 -0.065403129230142867 1
  endloop
endfacet
facet normal -0.99946458747636568 -0.032719082821776602 0
  outer loop
    vertex -1 1.2246467991473532e-16 -1
    vertex -0.99785892323860348 -0.065403129230142867 1
    vertex -1 1.2246467991473532e-16 1
  endloop
endfacet
facet normal 0.99946458747636568 0.032719082821776602 0
  outer loop
    vertex -0.5 6.123233995736766e-17 -1
    vertex -0.49892946161930174 -0.032701564615071434 1
    vertex -0.49892946161930174 -0.032701564615071434 -1
  endloop
endfacet
facet normal 0.99946458747636568 0.032719082821776602 -0
  outer loop
    vertex -0.5 6.123233995736766e-17 -1
    vertex -0.5 6.123233995736766e-17 1
    vertex -0.49892946161930174 -0.032701564615071434 1
  endloop
endfacet
facet normal 0 0 1
  outer loop
    vertex -1 1.2246467991473532e-16 1
    vertex -0.99785892323860348 -0.065403129230142867 1
    vertex -0.49892946161930174 -0.032701564615071434 1
  endloop
endfacet
facet normal 0 0 1
  outer loop
    vertex -1 1.2246467991473532e-16 1
    vertex -0.49892946161930174 -0.032701564615071434 1
    vertex -0.5 6.123233995736766e-17 1
  endloop
endfacet
facet normal 0 0 -1
  outer loop
    vertex -1 1.2246467991473532e-16 -1
    vertex -0.49892946161930174 -0.032701564615071434 -1
    vertex -0.99785892323860348 -0.065403129230142867 -1
  endloop
endfacet
facet normal 0 0 -1
  outer loop
    vertex -1 1.2246467991473532e-16 -1
    vertex -0.5 6.123233995736766e-17 -1
    vertex -0.49892946161930174 -0.032701564615071434 -1
  endloop
endfacet
facet normal -0.99518472667219693 -0.098017140329560062 0
  outer loop
    vertex -0.99785892323860348 -0.065403129230142867 -1
    vertex -0.99144486137381038 -0.13052619222005177 -1
    vertex -0.99144486137381038 -0.13052619222005177 1
  endloop
endfacet
facet normal -0.99518472667219693 -0.098017140329560062 0
  outer loop
    vertex -0.99785892323860348 -0.065403129230142867 -1
    vertex -0.99144486137381038 -0.13052619222005177 1
    vertex -0.99785892323860348 -0.065403129230142867 1
  endloop
endfacet
facet normal 0.99518472667219693 0.098017140329560062 0
  outer loop
    vertex -0.49892946161930174 -0.032701564615071434 -1
    vertex -0.49572243068690519 -0.065263096110025884 1
    vertex -0.49572243068690519 -0.065263096110025884 -1
  endloop
endfacet
facet normal 0.99518472667219693 0.098017140329560062 -0
  outer loop
    vertex -0.49892946161930174 -0.032701564615071434 -1
    vertex -0.49892946161930174 -0.032701564615071434 1
    vertex -0.49572243068690519 -0.065263096110025884 1
  endloop
endfacet
facet normal -0 0 1
  outer loop
    vertex -0.99785892323860348 -0.065403129230142867 1
    vertex -0.99144486137381038 -0.13052619222005177 1
    vertex -0.49572243068690519 -0.065263096110025884 1
  endloop
endfacet
facet normal 0 0 1
  outer loop
    vertex -0.99785892323860348 -0.065403129230142867 1
    vertex -0.49572243068690519 -0.065263096110025884 1
    vertex -0.49892946161930174 -0.032701564615071434 1
  endloop
endfacet
facet normal 0 0 -1
  outer loop
    vertex -0.99785892323860348 -0.065403129230142867 -1
    vertex -0.49572243068690519 -0.065263096110025884 -1
    vertex -0.99144486137381038 -0.13052619222005177 -1
  endloop
endfacet
facet normal 0 0 -1
  outer loop
    vertex -0.99785892323860348 -0.065403129230142867 -1
    vertex -0.49892946161930174 -0.032701564615071434 -1
    vertex -0.49572243068690519 -0.065263096110025884 -1
  endloop
endfacet
facet normal -0.98664333208487909 -0.16289547339458824 0
  outer loop
    vertex -0.99144486137381038 -0.13052619222005177 -1
    vertex -0.98078528040323054 -0.19509032201612792 -1
    vertex -0.98078528040323054 -0.19509032201612792 1
  endloop
endfacet
facet normal -0.98664333208487909 -0.16289547339458824 0
  outer loop
    vertex -0.99144486137381038 -0.13052619222005177 -1
    vertex -0.98078528040323054 -0.19509032201612792 1
    vertex -0.99144486137381038 -0.13052619222005177 1
  endloop
endfacet
facet normal 0.98664333208487909 0.16289547339458824 0
  outer loop
    vertex -0.49572243068690519 -0.065263096110025884 -1
    vertex -0.49039264020161527 -0.097545161008063958 1
    vertex -0.49039264020161527 -0.097545161008063958 -1
  endloop
endfacet
facet normal 0.98664333208487909 0.16289547339458824 -0
  outer loop
    vertex -0.49572243068690519 -0.065263096110025884 -1
    vertex -0.49572243068690519 -0.065263096110025884 1
    vertex -0.49039264020161527 -0.097545161008063958 1
  endloop
endfacet
facet normal -0 0 1
  outer loop
    vertex -0.99144486137381038 -0.13052619222005177 1
    vertex -0.98078528040323054 -0.19509032201612792 1
    vertex -0.49039264020161527 -0.097545161008063958 1
  endloop
endfacet
facet normal 0 0 1
  outer loop
    vertex -0.99144486137381038 -0.13052619222005177 1
    vertex -0.49039264020161527 -0.097545161008063958 1
    vertex -0.49572243068690519 -0.065263096110025884 1
  endloop
endfacet
facet normal 0 0 -1
  outer loop
    vertex -0.99144486137381038 -0.13052619222005177 -1
    vertex -0.49039264020161527 -0.097545161008063958 -1
    vertex -0.98078528040323054 -0.19509032201612792 -1
  endloop
endfacet
facet normal 0 0 -1
  outer loop
    vertex -0.99144486137381038 -0.13052619222005177 -1
    vertex -0.49572243068690519 -0.065263096110025884 -1
    vertex -0.49039264020161527 -0.097545161008063958 -1
  endloop
endfacet
facet normal -0.97387697927733374 -0.22707626303437287 0
  outer loop
    vertex -0.98078528040323054 -0.19509032201612792 -1
    vertex -0.96592582628906831 -0.25881904510252079 -1
    vertex -0.96592582628906831 -0.25881904510252079 1
  endloop
endfacet
facet normal -0.97387697927733374 -0.22707626303437287 0
  outer loop
    vertex -0.98078528040323054 -0.19509032201612792 -1
    vertex -0.96592582628906831 -0.25881904510252079 1
    vertex -0.98078528040323054 -0.19509032201612792 1
  endloop
endfacet
facet normal 0.97387697927733374 0.22707626303437287 0
  outer loop
    vertex -0.49039264020161527 -0.097545161008063958 -1
    vertex -0.48296291314453416 -0.1294095225512604 1
    vertex -0.48296291314453416 -0.1294095225512604 -1
  endloop
endfacet
facet normal 0.97387697927733374 0.22707626303437287 -0
  outer loop
    vertex -0.49039264020161527 -0.097545161008063958 -1
    vertex -0.49039264020161527 -0.097545161008063958 1
    vertex -0.48296291314453416 -0.1294095225512604 1
  endloop
endfacet
facet normal -0 0 1
  outer loop
    vertex -0.98078528040323054 -0.19509032201612792 1
    vertex -0.96592582628906831 -0.25881904510252079 1
    vertex -0.48296291314453416 -0.1294095225512604 1
  endloop
endfacet
facet normal 0 0 1
  outer loop
    vertex -0.98078528040323054 -0.19509032201612792 1
    vertex -0.48296291314453416 -0.1294095225512604 1
    vertex -0.49039264020161527 -0.097545161008063958 1
  endloop
endfacet
facet normal 0 0 -1
  outer loop
    vertex -0.98078528040323054 -0.19509032201612792 -1
    vertex -0.48296291314453416 -0.1294095225512604 -1
    vertex -0.96592582628906831 -0.25881904510252079 -1
  endloop
endfacet
facet normal 0 0 -1
  outer loop
    vertex -0.98078528040323054 -0.19509032201612792 -1
    vertex -0.49039264020161527 -0.097545161008063958 -1
    vertex -0.48296291314453416 -0.1294095225512604 -1
  endloop
endfacet
facet normal -0.95694033573220882 -0.29028467725446278 0
  outer loop
    vertex -0.96592582628906831 -0.25881904510252079 -1
    vertex -0.94693012949510569 -0.32143946530316153 -1
    vertex -0.94693012949510569 -0.32143946530316153 1
  endloop
endfacet
facet normal -0.95694033573220882 -0.29028467725446278 0
  outer loop
    vertex -0.96592582628906831 -0.25881904510252079 -1
    vertex -0.94693012949510569 -0.32143946530316153 1
    vertex -0.96592582628906831 -0.25881904510252079 1
  endloop
endfacet
facet normal 0.95694033573220882 0.29028467725446278 0
  outer loop
    vertex -0.48296291314453416 -0.1294095225512604 -1
    vertex -0.47346506474755284 -0.16071973265158077 1
    vertex -0.47346506474755284 -0.16071973265158077 -1
  endloop
endfacet
facet normal 0.95694033573220882 0.29028467725446278 -0
  outer loop
    vertex -0.48296291314453416 -0.1294095225512604 -1
    vertex -0.48296291314453416 -0.1294095225512604 1
    vertex -0.47346506474755284 -0.16071973265158077 1
  endloop
endfacet
facet normal -0 0 1
  outer loop
    vertex -0.96592582628906831 -0.25881904510252079 1
    vertex -0.94693012949510569 -0.32143946530316153 1
    vertex -0.47346506474755284 -0.16071973265158077 1
  endloop
endfacet
facet normal 0 0 1
  outer loop
    vertex -0.96592582628906831 -0.25881904510252079 1
    vertex -0.47346506474755284 -0.16071973265158077 1
    vertex -0.48296291314453416 -0.1294095225512604 1
  endloop
endfacet
facet normal 0 0 -1
  outer loop
    vertex -0.96592582628906831 -0.25881904510252079 -1
    vertex -0.47346506474755284 -0.16071973265158077 -1
    vertex -0.94693012949510569 -0.32143946530316153 -1
  endloop
endfacet
facet normal 0 0 -1
  outer loop
    vertex -0.96592582628906831 -0.25881904510252079 -1
    vertex -0.48296291314453416 -0.1294095225512604 -1
    vertex -0.47346506474755284 -0.16071973265158077 -1
  endloop
endfacet
facet normal -0.93590592675732609 -0.35225004792123288 0
  outer loop
    vertex -0.94693012949510569 -0.32143946530316153 -1
    vertex -0.92387953251128685 -0.38268343236508967 -1
    vertex -0.92387953251128685 -0.38268343236508967 1
  endloop
endfacet
facet normal -0.93590592675732609 -0.35225004792123288 0
  outer loop
    vertex -0.94693012949510569 -0.32143946530316153 -1
    vertex -0.92387953251128685 -0.38268343236508967 1
    vertex -0.94693012949510569 -0.32143946530316153 1
  endloop
endfacet
facet normal 0.93590592675732609 0.35225004792123288 0
  outer loop
    vertex -0.47346506474755284 -0.16071973265158077 -1
    vertex -0.46193976625564342 -0.19134171618254484 1
    vertex -0.46193976625564342 -0.19134171618254484 -1
  endloop
endfacet
facet normal 0.93590592675732609 0.35225004792123288 -0
  outer loop
    vertex -0.47346506474755284 -0.16071973265158077 -1
    vertex -0.47346506474755284 -0.16071973265158077 1
    vertex -0.46193976625564342 -0.19134171618254484 1
  endloop
endfacet
facet normal -0 0 1
  outer loop
    vertex -0.94693012949510569 -0.32143946530316153 1
    vertex -0.92387953251128685 -0.38268343236508967 1
    vertex -0.46193976625564342 -0.19134171618254484 1
  endloop
endfacet
facet normal 0 0 1
  outer loop
    vertex -0.94693012949510569 -0.32143946530316153 1
    vertex -0.46193976625564342 -0.19134171618254484 1
    vertex -0.47346506474755284 -0.16071973265158077 1
  endloop
endfacet
facet normal 0 0 -1
  outer loop
    vertex -0.94693012949510569 -0.32143946530316153 -1
    vertex -0.46193976625564342 -0.19134171618254484 -1
    vertex -0.92387953251128685 -0.38268343236508967 -1
  endloop
endfacet
facet normal 0 0 -1
  outer loop
    vertex -0.94693012949510569 -0.32143946530316153 -1
    vertex -0.47346506474755284 -0.16071973265158077 -1
    vertex -0.46193976625564342 -0.19134171618254484 -1
  endloop
endfacet
facet normal -0.91086382492117512 -0.41270702980439627 0
  outer loop
    vertex -0.92387953251128685 -0.38268343236508967 -1
    vertex -0.89687274153268814 -0.44228869021900147 -1
    vertex -0.89687274153268814 -0.44228869021900147 1
  endloop
endfacet
facet normal -0.91086382492117512 -0.41270702980439627 0
  outer loop
    vertex -0.92387953251128685 -0.38268343236508967 -1
    vertex -0.89687274153268814 -0.44228869021900147 1
    vertex -0.92387953251128685 -0.38268343236508967 1
  endloop
endfacet
facet normal 0.91086382492117512 0.41270702980439627 0
  outer loop
    vertex -0.46193976625564342 -0.19134171618254484 -1
    vertex -0.44843637076634407 -0.22114434510950073 1
    vertex -0.44843637076634407 -0.22114434510950073 -1
  endloop
endfacet
facet normal 0.91086382492117512 0.41270702980439627 -0
  outer loop
    vertex -0.46193976625564342 -0.19134171618254484 -1
    vertex -0.46193976625564342 -0.19134171618254484 1
    vertex -0.44843637076634407 -0.22114434510950073 1
  endloop
endfacet
facet normal -0 0 1
  outer loop
    vertex -0.92387953251128685 -0.38268343236508967 1
    vertex -0.89687274153268814 -0.44228869021900147 1
    vertex -0.44843637076634407 -0.22114434510950073 1
  endloop
endfacet
facet normal 0 0 1
  outer loop
    vertex -0.92387953251128685 -0.38268343236508967 1
    vertex -0.44843637076634407 -0.22114434510950073 1
    vertex -0.46193976625564342 -0.19134171618254484 1
  endloop
endfacet
facet normal 0 0 -1
  outer loop
    vertex -0.92387953251128685 -0.38268343236508967 -1
    vertex -0.44843637076634407 -0.22114434510950073 -1
    vertex -0.89687274153268814 -0.44228869021900147 -1
  endloop
endfacet
facet normal 0 0 -1
  outer loop
    vertex -0.92387953251128685 -0.38268343236508967 -1
    vertex -0.46193976625564342 -0.19134171618254484 -1
    vertex -0.44843637076634407 -0.22114434510950073 -1
  endloop
endfacet
facet normal -0.88192126434835583 -0.47139673682599637 0
  outer loop
    vertex -0.89687274153268814 -0.44228869021900147 -1
    vertex -0.86602540378443882 -0.49999999999999978 -1
    vertex -0.86602540378443882 -0.49999999999999978 1
  endloop
endfacet
facet normal -0.88192126434835583 -0.47139673682599637 0
  outer loop
    vertex -0.89687274153268814 -0.44228869021900147 -1
    vertex -0.86602540378443882 -0.49999999999999978 1
    vertex -0.89687274153268814 -0.44228869021900147 1
  endloop
endfacet
facet normal 0.88192126434835583 0.47139673682599637 0
  outer loop
    vertex -0.44843637076634407 -0.22114434510950073 -1
    vertex -0.43301270189221941 -0.24999999999999989 1
    vertex -0.43301270189221941 -0.24999999999999989 -1
  endloop
endfacet
facet normal 0.88192126434835583 0.47139673682599637 -0
  outer loop
    vertex -0.44843637076634407 -0.22114434510950073 -1
    vertex -0.44843637076634407 -0.22114434510950073 1
    vertex -0.43301270189221941 -0.24999999999999989 1
  endloop
endfacet
facet normal -0 0 1
  outer loop
    vertex -0.89687274153268814 -0.44228869021900147 1
    vertex -0.86602540378443882 -0.49999999999999978 1
    vertex -0.43301270189221941 -0.24999999999999989 1
  endloop
endfacet
facet normal 0 0 1
  outer loop
    vertex -0.89687274153268814 -0.44228869021900147 1
    vertex -0.43301270189221941 -0.24999999999999989 1
    vertex -0.44843637076634407 -0.22114434510950073 1
  endloop
endfacet
facet normal 0 0 -1
  outer loop
    vertex -0.89687274153268814 -0.44228869021900147 -1
    vertex -0.43301270189221941 -0.24999999999999989 -1
    vertex -0.86602540378443882 -0.49999999999999978 -1
  endloop
endfacet
facet normal 0 0 -1
  outer loop
    vertex -0.89687274153268814 -0.44228869021900147 -1
    vertex -0.44843637076634407 -0.22114434510950073 -1
    vertex -0.43301270189221941 -0.24999999999999989 -1
  endloop
endfacet
facet normal -0.849202181526579 -0.52806785065036776 0
  outer loop
    vertex -0.86602540378443882 -0.49999999999999978 -1
    vertex -0.83146961230254546 -0.55557023301960196 -1
    vertex -0.83146961230254546 -0.55557023301960196 1
  endloop
endfacet
facet normal -0.849202181526579 -0.52806785065036776 0
  outer loop
    vertex -0.86602540378443882 -0.49999999999999978 -1
    vertex -0.83146961230254546 -0.55557023301960196 1
    vertex -0.86602540378443882 -0.49999999999999978 1
  endloop
endfacet
facet normal 0.849202181526579 0.52806785065036776 0
  outer loop
    vertex -0.43301270189221941 -0.24999999999999989 -1
    vertex -0.41573480615127273 -0.27778511650980098 1
    vertex -0.41573480615127273 -0.27778511650980098 -1
  endloop
endfacet
facet normal 0.849202181526579 0.52806785065036776 -0
  outer loop
    vertex -0.43301270189221941 -0.24999999999999989 -1
    vertex -0.43301270189221941 -0.24999999999999989 1
    vertex -0.41573480615127273 -0.27778511650980098 1
  endloop
endfacet
facet normal -0 0 1
  outer loop
    vertex -0.86602540378443882 -0.49999999999999978 1
    vertex -0.83146961230254546 -0.55557023301960196 1
    vertex -0.41573480615127273 -0.27778511650980098 1
  endloop
endfacet
facet normal 0 0 1
  outer loop
    vertex -0.86602540378443882 -0.49999999999999978 1
    vertex -0.41573480615127273 -0.27778511650980098 1
    vertex -0.43301270189221941 -0.24999999999999989 1
  endloop
endfacet
facet normal 0 0 -1
  outer loop
    vertex -0.86602540378443882 -0.49999999999999978 -1
    vertex -0.41573480615127273 -0.27778511650980098 -1
    vertex -0.83146961230254546 -0.55557023301960196 -1
  endloop
endfacet
facet normal 0 0 -1
  outer loop
    vertex -0.86602540378443882 -0.49999999999999978 -1
    vertex -0.43301270189221941 -0.24999999999999989 -1
    vertex -0.41573480615127273 -0.27778511650980098 -1
  endloop
endfacet
facet normal -0.81284668459161502 -0.58247769686780226 0
  outer loop
    vertex -0.83146961230254546 -0.55557023301960196 -1
    vertex -0.79335334029123517 -0.60876142900872066 -1
    vertex -0.79335334029123517 -0.60876142900872066 1
  endloop
endfacet
facet normal -0.81284668459161502 -0.58247769686780226 0
  outer loop
    vertex -0.83146961230254546 -0.55557023301960196 -1
    vertex -0.79335334029123517 -0.60876142900872066 1
    vertex -0.83146961230254546 -0.55557023301960196 1
  endloop
endfacet
facet normal 0.81284668459161502 0.58247769686780226 0
  outer loop
    vertex -0.41573480615127273 -0.27778511650980098 -1
    vertex -0.39667667014561758 -0.30438071450436033 1
    vertex -0.39667667014561758 -0.30438071450436033 -1
  endloop
endfacet
facet normal 0.81284668459161502 0.58247769686780226 -0
  outer loop
    vertex -0.41573480615127273 -0.27778511650980098 -1
    vertex -0.41573480615127273 -0.27778511650980098 1
    vertex -0.39667667014561758 -0.30438071450436033 1
  endloop
endfacet
facet normal -0 0 1
  outer loop
    vertex -0.83146961230254546 -0.55557023301960196 1
    vertex -0.79335334029123517 -0.60876142900872066 1
    vertex -0.39667667014561758 -0.30438071450436033 1
  endloop
endfacet
facet normal 0 0 1
  outer loop
    vertex -0.83146961230254546 -0.55557023301960196 1
    vertex -0.39667667014561758 -0.30438071450436033 1
    vertex -0.41573480615127273 -0.27778511650980098 1
  endloop
endfacet
facet normal 0 0 -1
  outer loop
    vertex -0.83146961230254546 -0.55557023301960196 -1
    vertex -0.39667667014561758 -0.30438071450436033 -1
    vertex -0.79335334029123517 -0.60876142900872066 -1
  endloop
endfacet
facet normal 0 0 -1
  outer loop
    vertex -0.83146961230254546 -0.55557023301960196 -1
    vertex -0.41573480615127273 -0.27778511650980098 -1
    vertex -0.39667667014561758 -0.30438071450436033 -1
  endloop
endfacet
facet normal -0.77301045336273744 -0.63439328416364493 0
  outer loop
    vertex -0.79335334029123517 -0.60876142900872066 -1
    vertex -0.7518398074789775 -0.65934581510006884 -1
    vertex -0.7518398074789775 -0.65934581510006884 1
  endloop
endfacet
facet normal -0.77301045336273744 -0.63439328416364493 0
  outer loop
    vertex -0.79335334029123517 -0.60876142900872066 -1
    vertex -0.7518398074789775 -0.65934581510006884 1
    vertex -0.79335334029123517 -0.60876142900872066 1
  endloop
endfacet
facet normal 0.77301045336273744 0.63439328416364493 0
  outer loop
    vertex -0.39667667014561758 -0.30438071450436033 -1
    vertex -0.37591990373948875 -0.32967290755003442 1
    vertex -0.37591990373948875 -0.32967290755003442 -1
  endloop
endfacet
facet normal 0.77301045336273744 0.63439328416364493 -0
  outer loop
    vertex -0.39667667014561758 -0.30438071450436033 -1
    vertex -0.39667667014561758 -0.30438071450436033 1
    vertex -0.37591990373948875 -0.32967290755003442 1
  endloop
endfacet
facet normal -0 0 1
  outer loop
    vertex -0.79335334029123517 -0.60876142900872066 1
    vertex -0.7518398074789775 -0.65934581510006884 1
    vertex -0.37591990373948875 -0.32967290755003442 1
  endloop
endfacet
facet normal 0 0 1
  outer loop
    vertex -0.79335334029123517 -0.60876142900872066 1
    vertex -0.37591990373948875 -0.32967290755003442 1
    vertex -0.39667667014561758 -0.30438071450436033 1
  endloop
endfacet
facet normal 0 0 -1
  outer loop
    vertex -0.79335334029123517 -0.60876142900872066 -1
    vertex -0.37591990373948875 -0.32967290755003442 -1
    vertex -0.7518398074789775 -0.65934581510006884 -1
  endloop
endfacet
facet normal 0 0 -1
  outer loop
    vertex -0.79335334029123517 -0.60876142900872066 -1
    vertex -0.39667667014561758 -0.30438071450436033 -1
    vertex -0.37591990373948875 -0.32967290755003442 -1
  endloop
endfacet
facet normal -0.72986407269783526 -0.68359230202287191 0
  outer loop
    vertex -0.7518398074789775 -0.65934581510006884 -1
    vertex -0.70710678118654791 -0.70710678118654713 -1
    vertex -0.70710678118654791 -0.70710678118654713 1
  endloop
endfacet
facet normal -0.72986407269783526 -0.68359230202287191 0
  outer loop
    vertex -0.7518398074789775 -0.65934581510006884 -1
    vertex -0.70710678118654791 -0.70710678118654713 1
    vertex -0.7518398074789775 -0.65934581510006884 1
  endloop
endfacet
facet normal 0.72986407269783526 0.68359230202287191 0
  outer loop
    vertex -0.37591990373948875 -0.32967290755003442 -1
    vertex -0.35355339059327395 -0.35355339059327356 1
    vertex -0.35355339059327395 -0.35355339059327356 -1
  endloop
endfacet
facet normal 0.72986407269783526 0.68359230202287191 -0
  outer loop
    vertex -0.37591990373948875 -0.32967290755003442 -1
    vertex -0.37591990373948875 -0.32967290755003442 1
    vertex -0.35355339059327395 -0.35355339059327356 1
  endloop
endfacet
facet normal -0 0 1
  outer loop
    vertex -0.7518398074789775 -0.65934581510006884 1
    vertex -0.70710678118654791 -0.70710678118654713 1
    vertex -0.35355339059327395 -0.35355339059327356 1
  endloop
endfacet
facet normal 0 0 1
  outer loop
    vertex -0.7518398074789775 -0.65934581510006884 1
    vertex -0.35355339059327395 -0.35355339059327356 1
    vertex -0.37591990373948875 -0.32967290755003442 1
  endloop
endfacet
facet normal 0 0 -1
  outer loop
    vertex -0.7518398074789775 -0.65934581510006884 -1
    vertex -0.35355339059327395 -0.35355339059327356 -1
    vertex -0.70710678118654791 -0.70710678118654713 -1
  endloop
endfacet
facet normal 0 0 -1
  outer loop
    vertex -0.7518398074789775 -0.65934581510006884 -1
    vertex -0.37591990373948875 -0.32967290755003442 -1
    vertex -0.35355339059327395 -0.35355339059327356 -1
  endloop
endfacet
facet normal -0.68359230202287213 -0.72986407269783482 0
  outer loop
    vertex -0.70710678118654791 -0.70710678118654713 -1
    vertex -0.65934581510006907 -0.75183980747897727 -1
    vertex -0.65934581510006907 -0.75183980747897727 1
  endloop
endfacet
facet normal -0.68359230202287213 -0.72986407269783482 0
  outer loop
    vertex -0.70710678118654791 -0.70710678118654713 -1
    vertex -0.65934581510006907 -0.75183980747897727 1
    vertex -0.70710678118654791 -0.70710678118654713 1
  endloop
endfacet
facet normal 0.68359230202287213 0.72986407269783482 0
  outer loop
    vertex -0.35355339059327395 -0.35355339059327356 -1
    vertex -0.32967290755003453 -0.37591990373948864 1
    vertex -0.32967290755003453 -0.37591990373948864 -1
  endloop
endfacet
facet normal 0.68359230202287213 0.72986407269783482 -0
  outer loop
    vertex -0.35355339059327395 -0.35355339059327356 -1
    vertex -0.35355339059327395 -0.35355339059327356 1
    vertex -0.32967290755003453 -0.37591990373948864 1
  endloop
endfacet
facet normal -0 0 1
  outer loop
    vertex -0.70710678118654791 -0.70710678118654713 1
    vertex -0.65934581510006907 -0.75183980747897727 1
    vertex -0.32967290755003453 -0.37591990373948864 1
  endloop
endfacet
facet normal 0 0 1
  outer loop
    vertex -0.70710678118654791 -0.70710678118654713 1
    vertex -0.32967290755003453 -0.37591990373948864 1
    vertex -0.35355339059327395 -0.35355339059327356 1
  endloop
endfacet
facet normal 0 0 -1
  outer loop
    vertex -0.70710678118654791 -0.70710678118654713 -1
    vertex -0.32967290755003453 -0.37591990373948864 -1
    vertex -0.65934581510006907 -0.75183980747897727 -1
  endloop
endfacet
facet normal 0 0 -1
  outer loop
    vertex -0.70710678118654791 -0.70710678118654713 -1
    vertex -0.35355339059327395 -0.35355339059327356 -1
    vertex -0.32967290755003453 -0.37591990373948864 -1
  endloop
endfacet
facet normal -0.63439328416364493 -0.77301045336273744 0
  outer loop
    vertex -0.65934581510006907 -0.75183980747897727 -1
    vertex -0.60876142900872088 -0.79335334029123494 -1
    vertex -0.60876142900872088 -0.79335334029123494 1
  endloop
endfacet
facet normal -0.63439328416364493 -0.77301045336273744 0
  outer loop
    vertex -0.65934581510006907 -0.75183980747897727 -1
    vertex -0.60876142900872088 -0.79335334029123494 1
    vertex -0.65934581510006907 -0.75183980747897727 1
  endloop
endfacet
facet normal 0.63439328416364493 0.77301045336273744 0
  outer loop
    vertex -0.32967290755003453 -0.37591990373948864 -1
    vertex -0.30438071450436044 -0.39667667014561747 1
    vertex -0.30438071450436044 -0.39667667014561747 -1
  endloop
endfacet
facet normal 0.63439328416364493 0.77301045336273744 -0
  outer loop
    vertex -0.32967290755003453 -0.37591990373948864 -1
    vertex -0.32967290755003453 -0.37591990373948864 1
    vertex -0.30438071450436044 -0.39667667014561747 1
  endloop
endfacet
facet normal -0 0 1
  outer loop
    vertex -0.65934581510006907 -0.75183980747897727 1
    vertex -0.60876142900872088 -0.79335334029123494 1
    vertex -0.30438071450436044 -0.39667667014561747 1
  endloop
endfacet
facet normal 0 0 1
  outer loop
    vertex -0.65934581510006907 -0.75183980747897727 1
    vertex -0.30438071450436044 -0.39667667014561747 1
    vertex -0.32967290755003453 -0.37591990373948864 1
  endloop
endfacet
facet normal 0 0 -1
  outer loop
    vertex -0.65934581510006907 -0.75183980747897727 -1
    vertex -0.30438071450436044 -0.39667667014561747 -1
    vertex -0.60876142900872088 -0.79335334029123494 -1
  endloop
endfacet
facet normal 0 0 -1
  outer loop
    vertex -0.65934581510006907 -0.75183980747897727 -1
    vertex -0.32967290755003453 -0.37591990373948864 -1
    vertex -0.30438071450436044 -0.39667667014561747 -1
  endloop
endfacet
facet normal -0.58247769686780226 -0.81284668459161502 0
  outer loop
    vertex -0.60876142900872088 -0.79335334029123494 -1
    vertex -0.55557023301960218 -0.83146961230254524 -1
    vertex -0.55557023301960218 -0.83146961230254524 1
  endloop
endfacet
facet normal -0.58247769686780226 -0.81284668459161502 0
  outer loop
    vertex -0.60876142900872088 -0.79335334029123494 -1
    vertex -0.55557023301960218 -0.83146961230254524 1
    vertex -0.60876142900872088 -0.79335334029123494 1
  endloop
endfacet
facet normal 0.58247769686780226 0.81284668459161502 0
  outer loop
    vertex -0.30438071450436044 -0.39667667014561747 -1
    vertex -0.27778511650980109 -0.41573480615127262 1
    vertex -0.27778511650980109 -0.41573480615127262 -1
  endloop
endfacet
facet normal 0.58247769686780226 0.81284668459161502 -0
  outer loop
    vertex -0.30438071450436044 -0.39667667014561747 -1
    vertex -0.30438071450436044 -0.39667667014561747 1
    vertex -0.27778511650980109 -0.41573480615127262 1
  endloop
endfacet
facet normal -0 0 1
  outer loop
    vertex -0.60876142900872088 -0.79335334029123494 1
    vertex -0.55557023301960218 -0.83146961230254524 1
    vertex -0.27778511650980109 -0.41573480615127262 1
  endloop
endfacet
facet normal 0 0 1
  outer loop
    vertex -0.60876142900872088 -0.79335334029123494 1
    vertex -0.27778511650980109 -0.41573480615127262 1
    vertex -0.30438071450436044 -0.39667667014561747 1
  endloop
endfacet
facet normal 0 0 -1
  outer loop
    vertex -0.60876142900872088 -0.79335334029123494 -1
    vertex -0.27778511650980109 -0.41573480615127262 -1
    vertex -0.55557023301960218 -0.83146961230254524 -1
  endloop
endfacet
facet normal 0 0 -1
  outer loop
    vertex -0.60876142900872088 -0.79335334029123494 -1
    vertex -0.30438071450436044 -0.39667667014561747 -1
    vertex -0.27778511650980109 -0.41573480615127262 -1
  endloop
endfacet
facet normal -0.52806785065036832 -0.84920218152657856 0
  outer loop
    vertex -0.55557023301960218 -0.83146961230254524 -1
    vertex -0.50000000000000044 -0.86602540378443837 -1
    vertex -0.50000000000000044 -0.86602540378443837 1
  endloop
endfacet
facet normal -0.52806785065036832 -0.84920218152657856 0
  outer loop
    vertex -0.55557023301960218 -0.83146961230254524 -1
    vertex -0.50000000000000044 -0.86602540378443837 1
    vertex -0.55557023301960218 -0.83146961230254524 1
  endloop
endfacet
facet normal 0.52806785065036832 0.84920218152657856 0
  outer loop
    vertex -0.27778511650980109 -0.41573480615127262 -1
    vertex -0.25000000000000022 -0.43301270189221919 1
    vertex -0.25000000000000022 -0.43301270189221919 -1
  endloop
endfacet
facet normal 0.52806785065036832 0.84920218152657856 -0
  outer loop
    vertex -0.27778511650980109 -0.41573480615127262 -1
    vertex -0.27778511650980109 -0.41573480615127262 1
    vertex -0.25000000000000022 -0.43301270189221919 1
  endloop
endfacet
facet normal -0 0 1
  outer loop
    vertex -0.55557023301960218 -0.83146961230254524 1
    vertex -0.50000000000000044 -0.86602540378443837 1
    vertex -0.25000000000000022 -0.43301270189221919 1
  endloop
endfacet
facet normal 0 0 1
  outer loop
    vertex -0.55557023301960218 -0.83146961230254524 1
    vertex -0.25000000000000022 -0.43301270189221919 1
    vertex -0.27778511650980109 -0.41573480615127262 1
  endloop
endfacet
facet normal 0 0 -1
  outer loop
    vertex -0.55557023301960218 -0.83146961230254524 -1
    vertex -0.25000000000000022 -0.43301270189221919 -1
    vertex -0.50000000000000044 -0.86602540378443837 -1
  endloop
endfacet
facet normal 0 0 -1
  outer loop
    vertex -0.55557023301960218 -0.83146961230254524 -1
    vertex -0.27778511650980109 -0.41573480615127262 -1
    vertex -0.25000000000000022 -0.43301270189221919 -1
  endloop
endfacet
facet normal -0.47139673682599798 -0.88192126434835483 0
  outer loop
    vertex -0.50000000000000044 -0.86602540378443837 -1
    vertex -0.44228869021900136 -0.89687274153268826 -1
    vertex -0.44228869021900136 -0.89687274153268826 1
  endloop
endfacet
facet normal -0.47139673682599798 -0.88192126434835483 0
  outer loop
    vertex -0.50000000000000044 -0.86602540378443837 -1
    vertex -0.44228869021900136 -0.89687274153268826 1
    vertex -0.50000000000000044 -0.86602540378443837 1
  endloop
endfacet
facet normal 0.47139673682599798 0.88192126434835483 0
  outer loop
    vertex -0.25000000000000022 -0.43301270189221919 -1
    vertex -0.22114434510950068 -0.44843637076634413 1
    vertex -0.22114434510950068 -0.44843637076634413 -1
  endloop
endfacet
facet normal 0.47139673682599798 0.88192126434835483 -0
  outer loop
    vertex -0.25000000000000022 -0.43301270189221919 -1
    vertex -0.25000000000000022 -0.43301270189221919 1
    vertex -0.22114434510950068 -0.44843637076634413 1
  endloop
endfacet
facet normal -0 0 1
  outer loop
    vertex -0.50000000000000044 -0.86602540378443837 1
    vertex -0.44228869021900136 -0.89687274153268826 1
    vertex -0.22114434510950068 -0.44843637076634413 1
  endloop
endfacet
facet normal 0 0 1
  outer loop
    vertex -0.50000000000000044 -0.86602540378443837 1
    vertex -0.22114434510950068 -0.44843637076634413 1
    vertex -0.25000000000000022 -0.43301270189221919 1
  endloop
endfacet
facet normal 0 0 -1
  outer loop
    vertex -0.50000000000000044 -0.86602540378443837 -1
    vertex -0.22114434510950068 -0.44843637076634413 -1
    vertex -0.44228869021900136 -0.89687274153268826 -1
  endloop
endfacet
facet normal 0 0 -1
  outer loop
    vertex -0.50000000000000044 -0.86602540378443837 -1
    vertex -0.25000000000000022 -0.43301270189221919 -1
    vertex -0.22114434510950068 -0.44843637076634413 -1
  endloop
endfacet
facet normal -0.41270702980439461 -0.91086382492117601 0
  outer loop
    vertex -0.44228869021900136 -0.89687274153268826 -1
    vertex -0.3826834323650895 -0.92387953251128685 -1
    vertex -0.3826834323650895 -0.92387953251128685 1
  endloop
endfacet
facet normal -0.41270702980439461 -0.91086382492117601 0
  outer loop
    vertex -0.44228869021900136 -0.89687274153268826 -1
    vertex -0.3826834323650895 -0.92387953251128685 1
    vertex -0.44228869021900136 -0.89687274153268826 1
  endloop
endfacet
facet normal 0.41270702980439461 0.91086382492117601 0
  outer loop
    vertex -0.22114434510950068 -0.44843637076634413 -1
    vertex -0.19134171618254475 -0.46193976625564342 1
    vertex -0.19134171618254475 -0.46193976625564342 -1
  endloop
endfacet
facet normal 0.41270702980439461 0.91086382492117601 -0
  outer loop
    vertex -0.22114434510950068 -0.44843637076634413 -1
    vertex -0.22114434510950068 -0.44843637076634413 1
    vertex -0.19134171618254475 -0.46193976625564342 1
  endloop
endfacet
facet normal -0 0 1
  outer loop
    vertex -0.44228869021900136 -0.89687274153268826 1
    vertex -0.3826834323650895 -0.92387953251128685 1
    vertex -0.19134171618254475 -0.46193976625564342 1
  endloop
endfacet
facet normal 0 0 1
  outer loop
    vertex -0.44228869021900136 -0.89687274153268826 1
    vertex -0.19134171618254475 -0.46193976625564342 1
    vertex -0.22114434510950068 -0.44843637076634413 1
  endloop
endfacet
facet normal 0 0 -1
  outer loop
    vertex -0.44228869021900136 -0.89687274153268826 -1
    vertex -0.19134171618254475 -0.46193976625564342 -1
    vertex -0.3826834323650895 -0.92387953251128685 -1
  endloop
endfacet
facet normal 0 0 -1
  outer loop
    vertex -0.44228869021900136 -0.89687274153268826 -1
    vertex -0.22114434510950068 -0.44843637076634413 -1
    vertex -0.19134171618254475 -0.46193976625564342 -1
  endloop
endfacet
facet normal -0.35225004792123366 -0.93590592675732587 0
  outer loop
    vertex -0.3826834323650895 -0.92387953251128685 -1
    vertex -0.32143946530316181 -0.94693012949510558 -1
    vertex -0.32143946530316181 -0.94693012949510558 1
  endloop
endfacet
facet normal -0.35225004792123366 -0.93590592675732587 0
  outer loop
    vertex -0.3826834323650895 -0.92387953251128685 -1
    vertex -0.32143946530316181 -0.94693012949510558 1
    vertex -0.3826834323650895 -0.92387953251128685 1
  endloop
endfacet
facet normal 0.35225004792123366 0.93590592675732587 0
  outer loop
    vertex -0.19134171618254475 -0.46193976625564342 -1
    vertex -0.1607197326515809 -0.47346506474755279 1
    vertex -0.1607197326515809 -0.47346506474755279 -1
  endloop
endfacet
facet normal 0.35225004792123366 0.93590592675732587 -0
  outer loop
    vertex -0.19134171618254475 -0.46193976625564342 -1
    vertex -0.19134171618254475 -0.46193976625564342 1
    vertex -0.1607197326515809 -0.47346506474755279 1
  endloop
endfacet
facet normal -0 0 1
  outer loop
    vertex -0.3826834323650895 -0.92387953251128685 1
    vertex -0.32143946530316181 -0.94693012949510558 1
    vertex -0.1607197326515809 -0.47346506474755279 1
  endloop
endfacet
facet normal 0 0 1
  outer loop
    vertex -0.3826834323650895 -0.92387953251128685 1
    vertex -0.1607197326515809 -0.47346506474755279 1
    vertex -0.19134171618254475 -0.46193976625564342 1
  endloop
endfacet
facet normal 0 0 -1
  outer loop
    vertex -0.3826834323650895 -0.92387953251128685 -1
    vertex -0.1607197326515809 -0.47346506474755279 -1
    vertex -0.32143946530316181 -0.94693012949510558 -1
  endloop
endfacet
facet normal 0 0 -1
  outer loop
    vertex -0.3826834323650895 -0.92387953251128685 -1
    vertex -0.19134171618254475 -0.46193976625564342 -1
    vertex -0.1607197326515809 -0.47346506474755279 -1
  endloop
endfacet
facet normal -0.29028467725446239 -0.95694033573220882 0
  outer loop
    vertex -0.32143946530316181 -0.94693012949510558 -1
    vertex -0.25881904510252063 -0.96592582628906831 -1
    vertex -0.25881904510252063 -0.96592582628906831 1
  endloop
endfacet
facet normal -0.29028467725446239 -0.95694033573220882 0
  outer loop
    vertex -0.32143946530316181 -0.94693012949510558 -1
    vertex -0.25881904510252063 -0.96592582628906831 1
    vertex -0.32143946530316181 -0.94693012949510558 1
  endloop
endfacet
facet normal 0.29028467725446239 0.95694033573220882 0
  outer loop
    vertex -0.1607197326515809 -0.47346506474755279 -1
    vertex -0.12940952255126031 -0.48296291314453416 1
    vertex -0.12940952255126031 -0.48296291314453416 -1
  endloop
endfacet
facet normal 0.29028467725446239 0.95694033573220882 -0
  outer loop
    vertex -0.1607197326515809 -0.47346506474755279 -1
    vertex -0.1607197326515809 -0.47346506474755279 1
    vertex -0.12940952255126031 -0.48296291314453416 1
  endloop
endfacet
facet normal -0 0 1
  outer loop
    vertex -0.32143946530316181 -0.94693012949510558 1
    vertex -0.25881904510252063 -0.96592582628906831 1
    vertex -0.12940952255126031 -0.48296291314453416 1
  endloop
endfacet
facet normal 0 0 1
  outer loop
    vertex -0.32143946530316181 -0.94693012949510558 1
    vertex -0.12940952255126031 -0.48296291314453416 1
    vertex -0.1607197326515809 -0.47346506474755279 1
  endloop
endfacet
facet normal 0 0 -1
  outer loop
    vertex -0.32143946530316181 -0.94693012949510558 -1
    vertex -0.12940952255126031 -0.48296291314453416 -1
    vertex -0.25881904510252063 -0.96592582628906831 -1
  endloop
endfacet
facet normal 0 0 -1
  outer loop
    vertex -0.32143946530316181 -0.94693012949510558 -1
    vertex -0.1607197326515809 -0.47346506474755279 -1
    vertex -0.12940952255126031 -0.48296291314453416 -1
  endloop
endfacet
facet normal -0.22707626303437276 -0.97387697927733374 0
  outer loop
    vertex -0.25881904510252063 -0.96592582628906831 -1
    vertex -0.19509032201612866 -0.98078528040323032 -1
    vertex -0.19509032201612866 -0.98078528040323032 1
  endloop
endfacet
facet normal -0.22707626303437276 -0.97387697927733374 0
  outer loop
    vertex -0.25881904510252063 -0.96592582628906831 -1
    vertex -0.19509032201612866 -0.98078528040323032 1
    vertex -0.25881904510252063 -0.96592582628906831 1
  endloop
endfacet
facet normal 0.22707626303437276 0.97387697927733374 0
  outer loop
    vertex -0.12940952255126031 -0.48296291314453416 -1
    vertex -0.097545161008064332 -0.49039264020161516 1
    vertex -0.097545161008064332 -0.49039264020161516 -1
  endloop
endfacet
facet normal 0.22707626303437276 0.97387697927733374 -0
  outer loop
    vertex -0.12940952255126031 -0.48296291314453416 -1
    vertex -0.12940952255126031 -0.48296291314453416 1
    vertex -0.097545161008064332 -0.49039264020161516 1
  endloop
endfacet
facet normal -0 0 1
  outer loop
    vertex -0.25881904510252063 -0.96592582628906831 1
    vertex -0.19509032201612866 -0.98078528040323032 1
    vertex -0.097545161008064332 -0.49039264020161516 1
  endloop
endfacet
facet normal 0 0 1
  outer loop
    vertex -0.25881904510252063 -0.96592582628906831 1
    vertex -0.097545161008064332 -0.49039264020161516 1
    vertex -0.12940952255126031 -0.48296291314453416 1
  endloop
endfacet
facet normal 0 0 -1
  outer loop
    vertex -0.25881904510252063 -0.96592582628906831 -1
    vertex -0.097545161008064332 -0.49039264020161516 -1
    vertex -0.19509032201612866 -0.98078528040323032 -1
  endloop
endfacet
facet normal 0 0 -1
  outer loop
    vertex -0.25881904510252063 -0.96592582628906831 -1
    vertex -0.12940952255126031 -0.48296291314453416 -1
    vertex -0.097545161008064332 -0.49039264020161516 -1
  endloop
endfacet
facet normal -0.16289547339458937 -0.98664333208487898 0
  outer loop
    vertex -0.19509032201612866 -0.98078528040323032 -1
    vertex -0.13052619222005163 -0.99144486137381038 -1
    vertex -0.13052619222005163 -0.99144486137381038 1
  endloop
endfacet
facet normal -0.16289547339458937 -0.98664333208487898 0
  outer loop
    vertex -0.19509032201612866 -0.98078528040323032 -1
    vertex -0.13052619222005163 -0.99144486137381038 1
    vertex -0.19509032201612866 -0.98078528040323032 1
  endloop
endfacet
facet normal 0.16289547339458937 0.98664333208487898 0
  outer loop
    vertex -0.097545161008064332 -0.49039264020161516 -1
    vertex -0.065263096110025814 -0.49572243068690519 1
    vertex -0.065263096110025814 -0.49572243068690519 -1
  endloop
endfacet
facet normal 0.16289547339458937 0.98664333208487898 -0
  outer loop
    vertex -0.097545161008064332 -0.49039264020161516 -1
    vertex -0.097545161008064332 -0.49039264020161516 1
    vertex -0.065263096110025814 -0.49572243068690519 1
  endloop
endfacet
facet normal -0 0 1
  outer loop
    vertex -0.19509032201612866 -0.98078528040323032 1
    vertex -0.13052619222005163 -0.99144486137381038 1
    vertex -0.065263096110025814 -0.49572243068690519 1
  endloop
endfacet
facet normal 0 0 1
  outer loop
    vertex -0.19509032201612866 -0.98078528040323032 1
    vertex -0.065263096110025814 -0.49572243068690519 1
    vertex -0.097545161008064332 -0.49039264020161516 1
  endloop
endfacet
facet normal 0 0 -1
  outer loop
    vertex -0.19509032201612866 -0.98078528040323032 -1
    vertex -0.065263096110025814 -0.49572243068690519 -1
    vertex -0.13052619222005163 -0.99144486137381038 -1
  endloop
endfacet
facet normal 0 0 -1
  outer loop
    vertex -0.19509032201612866 -0.98078528040323032 -1
    vertex -0.097545161008064332 -0.49039264020161516 -1
    vertex -0.065263096110025814 -0.49572243068690519 -1
  endloop
endfacet
facet normal -0.098017140329560062 -0.99518472667219693 0
  outer loop
    vertex -0.13052619222005163 -0.99144486137381038 -1
    vertex -0.065403129230142729 -0.99785892323860348 -1
    vertex -0.065403129230142729 -0.99785892323860348 1
  endloop
endfacet
facet normal -0.098017140329560062 -0.99518472667219693 0
  outer loop
    vertex -0.13052619222005163 -0.99144486137381038 -1
    vertex -0.065403129230142729 -0.99785892323860348 1
    vertex -0.13052619222005163 -0.99144486137381038 1
  endloop
endfacet
facet normal 0.098017140329560062 0.99518472667219693 0
  outer loop
    vertex -0.065263096110025814 -0.49572243068690519 -1
    vertex -0.032701564615071364 -0.49892946161930174 1
    vertex -0.032701564615071364 -0.49892946161930174 -1
  endloop
endfacet
facet normal 0.098017140329560062 0.99518472667219693 -0
  outer loop
    vertex -0.065263096110025814 -0.49572243068690519 -1
    vertex -0.065263096110025814 -0.49572243068690519 1
    vertex -0.032701564615071364 -0.49892946161930174 1
  endloop
endfacet
facet normal -0 0 1
  outer loop
    vertex -0.13052619222005163 -0.99144486137381038 1
    vertex -0.065403129230142729 -0.99785892323860348 1
    vertex -0.032701564615071364 -0.49892946161930174 1
  endloop
endfacet
facet normal 0 0 1
  outer loop
    vertex -0.13052619222005163 -0.99144486137381038 1
    vertex -0.032701564615071364 -0.49892946161930174 1
    vertex -0.065263096110025814 -0.49572243068690519 1
  endloop
endfacet
facet normal 0 0 -1
  outer loop
    vertex -0.13052619222005163 -0.99144486137381038 -1
    vertex -0.032701564615071364 -0.49892946161930174 -1
    vertex -0.065403129230142729 -0.99785892323860348 -1
  endloop
endfacet
facet normal 0 0 -1
  outer loop
    vertex -0.13052619222005163 -0.99144486137381038 -1
    vertex -0.065263096110025814 -0.49572243068690519 -1
    vertex -0.032701564615071364 -0.49892946161930174 -1
  endloop
endfacet
facet normal -0.032719082821776824 -0.99946458747636568 0
  outer loop
    vertex -0.065403129230142729 -0.99785892323860348 -1
    vertex -1.8369701987210297e-16 -1 -1
    vertex -1.8369701987210297e-16 -1 1
  endloop
endfacet
facet normal -0.032719082821776824 -0.99946458747636568 0
  outer loop
    vertex -0.065403129230142729 -0.99785892323860348 -1
    vertex -1.8369701987210297e-16 -1 1
    vertex -0.065403129230142729 -0.99785892323860348 1
  endloop
endfacet
facet normal 0.032719082821776824 0.99946458747636568 0
  outer loop
    vertex -0.032701564615071364 -0.49892946161930174 -1
    vertex -9.1848509936051484e-17 -0.5 1
    vertex -9.1848509936051484e-17 -0.5 -1
  endloop
endfacet
facet normal 0.032719082821776824 0.99946458747636568 -0
  outer loop
    vertex -0.032701564615071364 -0.49892946161930174 -1
    vertex -0.032701564615071364 -0.49892946161930174 1
    vertex -9.1848509936051484e-17 -0.5 1
  endloop
endfacet
facet normal -0 0 1
  outer loop
    vertex -0.065403129230142729 -0.99785892323860348 1
    vertex -1.8369701987210297e-16 -1 1
    vertex -9.1848509936051484e-17 -0.5 1
  endloop
endfacet
facet normal 0 0 1
  outer loop
    vertex -0.065403129230142729 -0.99785892323860348 1
    vertex -9.1848509936051484e-17 -0.5 1
    vertex -0.032701564615071364 -0.49892946161930174 1
  endloop
endfacet
facet normal 0 0 -1
  outer loop
    vertex -0.065403129230142729 -0.99785892323860348 -1
    vertex -9.1848509936051484e-17 -0.5 -1
    vertex -1.8369701987210297e-16 -1 -1
  endloop
endfacet
facet normal 0 0 -1
  outer loop
    vertex -0.065403129230142729 -0.99785892323860348 -1
    vertex -0.032701564615071364 -0.49892946161930174 -1
    vertex -9.1848509936051484e-17 -0.5 -1
  endloop
endfacet
facet normal 0.032719082821775131 -0.99946458747636568 0
  outer loop
    vertex -1.8369701987210297e-16 -1 -1
    vertex 0.065403129230142368 -0.99785892323860359 -1
    vertex 0.065403129230142368 -0.99785892323860359 1
  endloop
endfacet
facet normal 0.032719082821775131 -0.99946458747636568 0
  outer loop
    vertex -1.8369701987210297e-16 -1 -1
    vertex 0.065403129230142368 -0.99785892323860359 1
    vertex -1.8369701987210297e-16 -1 1
  endloop
endfacet
facet normal -0.032719082821775131 0.99946458747636568 0
  outer loop
    vertex -9.1848509936051484e-17 -0.5 -1
    vertex 0.032701564615071184 -0.4989294616193018 1
    vertex 0.032701564615071184 -0.4989294616193018 -1
  endloop
endfacet
facet normal -0.032719082821775131 0.99946458747636568 0
  outer loop
    vertex -9.1848509936051484e-17 -0.5 -1
    vertex -9.1848509936051484e-17 -0.5 1
    vertex 0.032701564615071184 -0.4989294616193018 1
  endloop
endfacet
facet normal 0 0 1
  outer loop
    vertex -1.8369701987210297e-16 -1 1
    vertex 0.065403129230142368 -0.99785892323860359 1
    vertex 0.032701564615071184 -0.4989294616193018 1
  endloop
endfacet
facet normal 0 0 1
  outer loop
    vertex -1.8369701987210297e-16 -1 1
    vertex 0.032701564615071184 -0.4989294616193018 1
    vertex -9.1848509936051484e-17 -0.5 1
  endloop
endfacet
facet normal 0 0 -1
  outer loop
    vertex -1.8369701987210297e-16 -1 -1
    vertex 0.032701564615071184 -0.4989294616193018 -1
    vertex 0.065403129230142368 -0.99785892323860359 -1
  endloop
endfacet
facet normal 0 0 -1
  outer loop
    vertex -1.8369701987210297e-16 -1 -1
    vertex -9.1848509936051484e-17 -0.5 -1
    vertex 0.032701564615071184 -0.4989294616193018 -1
  endloop
endfacet
facet normal 0.098017140329560062 -0.99518472667219693 0
  outer loop
    vertex 0.065403129230142368 -0.99785892323860359 -1
    vertex 0.13052619222005127 -0.99144486137381049 -1
    vertex 0.13052619222005127 -0.99144486137381049 1
  endloop
endfacet
facet normal 0.098017140329560062 -0.99518472667219693 0
  outer loop
    vertex 0.065403129230142368 -0.99785892323860359 -1
    vertex 0.13052619222005127 -0.99144486137381049 1
    vertex 0.065403129230142368 -0.99785892323860359 1
  endloop
endfacet
facet normal -0.098017140329560062 0.99518472667219693 0
  outer loop
    vertex 0.032701564615071184 -0.4989294616193018 -1
    vertex 0.065263096110025634 -0.49572243068690525 1
    vertex 0.065263096110025634 -0.49572243068690525 -1
  endloop
endfacet
facet normal -0.098017140329560062 0.99518472667219693 0
  outer loop
    vertex 0.032701564615071184 -0.4989294616193018 -1
    vertex 0.032701564615071184 -0.4989294616193018 1
    vertex 0.065263096110025634 -0.49572243068690525 1
  endloop
endfacet
facet normal 0 -0 1
  outer loop
    vertex 0.065403129230142368 -0.99785892323860359 1
    vertex 0.13052619222005127 -0.99144486137381049 1
    vertex 0.065263096110025634 -0.49572243068690525 1
  endloop
endfacet
facet normal 0 0 1
  outer loop
    vertex 0.065403129230142368 -0.99785892323860359 1
    vertex 0.065263096110025634 -0.49572243068690525 1
    vertex 0.032701564615071184 -0.4989294616193018 1
  endloop
endfacet
facet normal 0 0 -1
  outer loop
    vertex 0.065403129230142368 -0.99785892323860359 -1
    vertex 0.065263096110025634 -0.49572243068690525 -1
    vertex 0.13052619222005127 -0.99144486137381049 -1
  endloop
endfacet
facet normal 0 0 -1
  outer loop
    vertex 0.065403129230142368 -0.99785892323860359 -1
    vertex 0.032701564615071184 -0.4989294616193018 -1
    vertex 0.065263096110025634 -0.49572243068690525 -1
  endloop
endfacet
facet normal 0.16289547339458937 -0.98664333208487898 0
  outer loop
    vertex 0.13052619222005127 -0.99144486137381049 -1
    vertex 0.1950903220161283 -0.98078528040323043 -1
    vertex 0.1950903220161283 -0.98078528040323043 1
  endloop
endfacet
facet normal 0.16289547339458937 -0.98664333208487898 0
  outer loop
    vertex 0.13052619222005127 -0.99144486137381049 -1
    vertex 0.1950903220161283 -0.98078528040323043 1
    vertex 0.13052619222005127 -0.99144486137381049 1
  endloop
endfacet
facet normal -0.16289547339458937 0.98664333208487898 0
  outer loop
    vertex 0.065263096110025634 -0.49572243068690525 -1
    vertex 0.097545161008064152 -0.49039264020161522 1
    vertex 0.097545161008064152 -0.49039264020161522 -1
  endloop
endfacet
facet normal -0.16289547339458937 0.98664333208487898 0
  outer loop
    vertex 0.065263096110025634 -0.49572243068690525 -1
    vertex 0.065263096110025634 -0.49572243068690525 1
    vertex 0.097545161008064152 -0.49039264020161522 1
  endloop
endfacet
facet normal 0 -0 1
  outer loop
    vertex 0.13052619222005127 -0.99144486137381049 1
    vertex 0.1950903220161283 -0.98078528040323043 1
    vertex 0.097545161008064152 -0.49039264020161522 1
  endloop
endfacet
facet normal 0 0 1
  outer loop
    vertex 0.13052619222005127 -0.99144486137381049 1
    vertex 0.097545161008064152 -0.49039264020161522 1
    vertex 0.065263096110025634 -0.49572243068690525 1
  endloop
endfacet
facet normal 0 0 -1
  outer loop
    vertex 0.13052619222005127 -0.99144486137381049 -1
    vertex 0.097545161008064152 -0.49039264020161522 -1
    vertex 0.1950903220161283 -0.98078528040323043 -1
  endloop
endfacet
facet normal 0 0 -1
  outer loop
    vertex 0.13052619222005127 -0.99144486137381049 -1
    vertex 0.065263096110025634 -0.49572243068690525 -1
    vertex 0.097545161008064152 -0.49039264020161522 -1
  endloop
endfacet
facet normal 0.22707626303437264 -0.97387697927733374 0
  outer loop
    vertex 0.1950903220161283 -0.98078528040323043 -1
    vertex 0.2588190451025203 -0.96592582628906842 -1
    vertex 0.2588190451025203 -0.96592582628906842 1
  endloop
endfacet
facet normal 0.22707626303437264 -0.97387697927733374 0
  outer loop
    vertex 0.1950903220161283 -0.98078528040323043 -1
    vertex 0.2588190451025203 -0.96592582628906842 1
    vertex 0.1950903220161283 -0.98078528040323043 1
  endloop
endfacet
facet normal -0.22707626303437264 0.97387697927733374 0
  outer loop
    vertex 0.097545161008064152 -0.49039264020161522 -1
    vertex 0.12940952255126015 -0.48296291314453421 1
    vertex 0.12940952255126015 -0.48296291314453421 -1
  endloop
endfacet
facet normal -0.22707626303437264 0.97387697927733374 0
  outer loop
    vertex 0.097545161008064152 -0.49039264020161522 -1
    vertex 0.097545161008064152 -0.49039264020161522 1
    vertex 0.12940952255126015 -0.48296291314453421 1
  endloop
endfacet
facet normal 0 -0 1
  outer loop
    vertex 0.1950903220161283 -0.98078528040323043 1
    vertex 0.2588190451025203 -0.96592582628906842 1
    vertex 0.12940952255126015 -0.48296291314453421 1
  endloop
endfacet
facet normal 0 0 1
  outer loop
    vertex 0.1950903220161283 -0.98078528040323043 1
    vertex 0.12940952255126015 -0.48296291314453421 1
    vertex 0.097545161008064152 -0.49039264020161522 1
  endloop
endfacet
facet normal 0 0 -1
  outer loop
    vertex 0.1950903220161283 -0.98078528040323043 -1
    vertex 0.12940952255126015 -0.48296291314453421 -1
    vertex 0.2588190451025203 -0.96592582628906842 -1
  endloop
endfacet
facet normal 0 0 -1
  outer loop
    vertex 0.1950903220161283 -0.98078528040323043 -1
    vertex 0.097545161008064152 -0.49039264020161522 -1
    vertex 0.12940952255126015 -0.48296291314453421 -1
  endloop
endfacet
facet normal 0.29028467725446239 -0.95694033573220882 0
  outer loop
    vertex 0.2588190451025203 -0.96592582628906842 -1
    vertex 0.32143946530316148 -0.94693012949510569 -1
    vertex 0.32143946530316148 -0.94693012949510569 1
  endloop
endfacet
facet normal 0.29028467725446239 -0.95694033573220882 0
  outer loop
    vertex 0.2588190451025203 -0.96592582628906842 -1
    vertex 0.32143946530316148 -0.94693012949510569 1
    vertex 0.2588190451025203 -0.96592582628906842 1
  endloop
endfacet
facet normal -0.29028467725446239 0.95694033573220882 0
  outer loop
    vertex 0.12940952255126015 -0.48296291314453421 -1
    vertex 0.16071973265158074 -0.47346506474755284 1
    vertex 0.16071973265158074 -0.47346506474755284 -1
  endloop
endfacet
facet normal -0.29028467725446239 0.95694033573220882 0
  outer loop
    vertex 0.12940952255126015 -0.48296291314453421 -1
    vertex 0.12940952255126015 -0.48296291314453421 1
    vertex 0.16071973265158074 -0.47346506474755284 1
  endloop
endfacet
facet normal 0 -0 1
  outer loop
    vertex 0.2588190451025203 -0.96592582628906842 1
    vertex 0.32143946530316148 -0.94693012949510569 1
    vertex 0.16071973265158074 -0.47346506474755284 1
  endloop
endfacet
facet normal 0 0 1
  outer loop
    vertex 0.2588190451025203 -0.96592582628906842 1
    vertex 0.16071973265158074 -0.47346506474755284 1
    vertex 0.12940952255126015 -0.48296291314453421 1
  endloop
endfacet
facet normal 0 0 -1
  outer loop
    vertex 0.2588190451025203 -0.96592582628906842 -1
    vertex 0.16071973265158074 -0.47346506474755284 -1
    vertex 0.32143946530316148 -0.94693012949510569 -1
  endloop
endfacet
facet normal 0 0 -1
  outer loop
    vertex 0.2588190451025203 -0.96592582628906842 -1
    vertex 0.12940952255126015 -0.48296291314453421 -1
    vertex 0.16071973265158074 -0.47346506474755284 -1
  endloop
endfacet
facet normal 0.35225004792123366 -0.93590592675732587 0
  outer loop
    vertex 0.32143946530316148 -0.94693012949510569 -1
    vertex 0.38268343236508917 -0.92387953251128696 -1
    vertex 0.38268343236508917 -0.92387953251128696 1
  endloop
endfacet
facet normal 0.35225004792123366 -0.93590592675732587 0
  outer loop
    vertex 0.32143946530316148 -0.94693012949510569 -1
    vertex 0.38268343236508917 -0.92387953251128696 1
    vertex 0.32143946530316148 -0.94693012949510569 1
  endloop
endfacet
facet normal -0.35225004792123366 0.93590592675732587 0
  outer loop
    vertex 0.16071973265158074 -0.47346506474755284 -1
    vertex 0.19134171618254459 -0.46193976625564348 1
    vertex 0.19134171618254459 -0.46193976625564348 -1
  endloop
endfacet
facet normal -0.35225004792123366 0.93590592675732587 0
  outer loop
    vertex 0.16071973265158074 -0.47346506474755284 -1
    vertex 0.16071973265158074 -0.47346506474755284 1
    vertex 0.19134171618254459 -0.46193976625564348 1
  endloop
endfacet
facet normal 0 -0 1
  outer loop
    vertex 0.32143946530316148 -0.94693012949510569 1
    vertex 0.38268343236508917 -0.92387953251128696 1
    vertex 0.19134171618254459 -0.46193976625564348 1
  endloop
endfacet
facet normal 0 0 1
  outer loop
    vertex 0.32143946530316148 -0.94693012949510569 1
    vertex 0.19134171618254459 -0.46193976625564348 1
    vertex 0.16071973265158074 -0.47346506474755284 1
  endloop
endfacet
facet normal 0 0 -1
  outer loop
    vertex 0.32143946530316148 -0.94693012949510569 -1
    vertex 0.19134171618254459 -0.46193976625564348 -1
    vertex 0.38268343236508917 -0.92387953251128696 -1
  endloop
endfacet
facet normal 0 0 -1
  outer loop
    vertex 0.32143946530316148 -0.94693012949510569 -1
    vertex 0.16071973265158074 -0.47346506474755284 -1
    vertex 0.19134171618254459 -0.46193976625564348 -1
  endloop
endfacet
facet normal 0.41270702980439317 -0.91086382492117657 0
  outer loop
    vertex 0.38268343236508917 -0.92387953251128696 -1
    vertex 0.44228869021900102 -0.89687274153268848 -1
    vertex 0.44228869021900102 -0.89687274153268848 1
  endloop
endfacet
facet normal 0.41270702980439317 -0.91086382492117657 0
  outer loop
    vertex 0.38268343236508917 -0.92387953251128696 -1
    vertex 0.44228869021900102 -0.89687274153268848 1
    vertex 0.38268343236508917 -0.92387953251128696 1
  endloop
endfacet
facet normal -0.41270702980439317 0.91086382492117657 0
  outer loop
    vertex 0.19134171618254459 -0.46193976625564348 -1
    vertex 0.22114434510950051 -0.44843637076634424 1
    vertex 0.22114434510950051 -0.44843637076634424 -1
  endloop
endfacet
facet normal -0.41270702980439317 0.91086382492117657 0
  outer loop
    vertex 0.19134171618254459 -0.46193976625564348 -1
    vertex 0.19134171618254459 -0.46193976625564348 1
    vertex 0.22114434510950051 -0.44843637076634424 1
  endloop
endfacet
facet normal 0 -0 1
  outer loop
    vertex 0.38268343236508917 -0.92387953251128696 1
    vertex 0.44228869021900102 -0.89687274153268848 1
    vertex 0.22114434510950051 -0.44843637076634424 1
  endloop
endfacet
facet normal 0 0 1
  outer loop
    vertex 0.38268343236508917 -0.92387953251128696 1
    vertex 0.22114434510950051 -0.44843637076634424 1
    vertex 0.19134171618254459 -0.46193976625564348 1
  endloop
endfacet
facet normal 0 0 -1
  outer loop
    vertex 0.38268343236508917 -0.92387953251128696 -1
    vertex 0.22114434510950051 -0.44843637076634424 -1
    vertex 0.44228869021900102 -0.89687274153268848 -1
  endloop
endfacet
facet normal 0 0 -1
  outer loop
    vertex 0.38268343236508917 -0.92387953251128696 -1
    vertex 0.19134171618254459 -0.46193976625564348 -1
    vertex 0.22114434510950051 -0.44843637076634424 -1
  endloop
endfacet
facet normal 0.47139673682599798 -0.88192126434835483 0
  outer loop
    vertex 0.44228869021900102 -0.89687274153268848 -1
    vertex 0.50000000000000011 -0.8660254037844386 -1
    vertex 0.50000000000000011 -0.8660254037844386 1
  endloop
endfacet
facet normal 0.47139673682599798 -0.88192126434835483 0
  outer loop
    vertex 0.44228869021900102 -0.89687274153268848 -1
    vertex 0.50000000000000011 -0.8660254037844386 1
    vertex 0.44228869021900102 -0.89687274153268848 1
  endloop
endfacet
facet normal -0.47139673682599798 0.88192126434835483 0
  outer loop
    vertex 0.22114434510950051 -0.44843637076634424 -1
    vertex 0.25000000000000006 -0.4330127018922193 1
    vertex 0.25000000000000006 -0.4330127018922193 -1
  endloop
endfacet
facet normal -0.47139673682599798 0.88192126434835483 0
  outer loop
    vertex 0.22114434510950051 -0.44843637076634424 -1
    vertex 0.22114434510950051 -0.44843637076634424 1
    vertex 0.25000000000000006 -0.4330127018922193 1
  endloop
endfacet
facet normal 0 -0 1
  outer loop
    vertex 0.44228869021900102 -0.89687274153268848 1
    vertex 0.50000000000000011 -0.8660254037844386 1
    vertex 0.25000000000000006 -0.4330127018922193 1
  endloop
endfacet
facet normal 0 0 1
  outer loop
    vertex 0.44228869021900102 -0.89687274153268848 1
    vertex 0.25000000000000006 -0.4330127018922193 1
    vertex 0.22114434510950051 -0.44843637076634424 1
  endloop
endfacet
facet normal 0 0 -1
  outer loop
    vertex 0.44228869021900102 -0.89687274153268848 -1
    vertex 0.25000000000000006 -0.4330127018922193 -1
    vertex 0.50000000000000011 -0.8660254037844386 -1
  endloop
endfacet
facet normal 0 0 -1
  outer loop
    vertex 0.44228869021900102 -0.89687274153268848 -1
    vertex 0.22114434510950051 -0.44843637076634424 -1
    vertex 0.25000000000000006 -0.4330127018922193 -1
  endloop
endfacet
facet normal 0.52806785065036832 -0.84920218152657856 0
  outer loop
    vertex 0.50000000000000011 -0.8660254037844386 -1
    vertex 0.55557023301960184 -0.83146961230254546 -1
    vertex 0.55557023301960184 -0.83146961230254546 1
  endloop
endfacet
facet normal 0.52806785065036832 -0.84920218152657856 0
  outer loop
    vertex 0.50000000000000011 -0.8660254037844386 -1
    vertex 0.55557023301960184 -0.83146961230254546 1
    vertex 0.50000000000000011 -0.8660254037844386 1
  endloop
endfacet
facet normal -0.52806785065036832 0.84920218152657856 0
  outer loop
    vertex 0.25000000000000006 -0.4330127018922193 -1
    vertex 0.27778511650980092 -0.41573480615127273 1
    vertex 0.27778511650980092 -0.41573480615127273 -1
  endloop
endfacet
facet normal -0.52806785065036832 0.84920218152657856 0
  outer loop
    vertex 0.25000000000000006 -0.4330127018922193 -1
    vertex 0.25000000000000006 -0.4330127018922193 1
    vertex 0.27778511650980092 -0.41573480615127273 1
  endloop
endfacet
facet normal 0 -0 1
  outer loop
    vertex 0.50000000000000011 -0.8660254037844386 1
    vertex 0.55557023301960184 -0.83146961230254546 1
    vertex 0.27778511650980092 -0.41573480615127273 1
  endloop
endfacet
facet normal 0 0 1
  outer loop
    vertex 0.50000000000000011 -0.8660254037844386 1
    vertex 0.27778511650980092 -0.41573480615127273 1
    vertex 0.25000000000000006 -0.4330127018922193 1
  endloop
endfacet
facet normal 0 0 -1
  outer loop
    vertex 0.50000000000000011 -0.8660254037844386 -1
    vertex 0.27778511650980092 -0.41573480615127273 -1
    vertex 0.55557023301960184 -0.83146961230254546 -1
  endloop
endfacet
facet normal 0 0 -1
  outer loop
    vertex 0.50000000000000011 -0.8660254037844386 -1
    vertex 0.25000000000000006 -0.4330127018922193 -1
    vertex 0.27778511650980092 -0.41573480615127273 -1
  endloop
endfacet
facet normal 0.5824776968678016 -0.81284668459161569 0
  outer loop
    vertex 0.55557023301960184 -0.83146961230254546 -1
    vertex 0.60876142900871988 -0.79335334029123572 -1
    vertex 0.60876142900871988 -0.79335334029123572 1
  endloop
endfacet
facet normal 0.5824776968678016 -0.81284668459161569 0
  outer loop
    vertex 0.55557023301960184 -0.83146961230254546 -1
    vertex 0.60876142900871988 -0.79335334029123572 1
    vertex 0.55557023301960184 -0.83146961230254546 1
  endloop
endfacet
facet normal -0.5824776968678016 0.81284668459161569 0
  outer loop
    vertex 0.27778511650980092 -0.41573480615127273 -1
    vertex 0.30438071450435994 -0.39667667014561786 1
    vertex 0.30438071450435994 -0.39667667014561786 -1
  endloop
endfacet
facet normal -0.5824776968678016 0.81284668459161569 0
  outer loop
    vertex 0.27778511650980092 -0.41573480615127273 -1
    vertex 0.27778511650980092 -0.41573480615127273 1
    vertex 0.30438071450435994 -0.39667667014561786 1
  endloop
endfacet
facet normal 0 -0 1
  outer loop
    vertex 0.55557023301960184 -0.83146961230254546 1
    vertex 0.60876142900871988 -0.79335334029123572 1
    vertex 0.30438071450435994 -0.39667667014561786 1
  endloop
endfacet
facet normal 0 0 1
  outer loop
    vertex 0.55557023301960184 -0.83146961230254546 1
    vertex 0.30438071450435994 -0.39667667014561786 1
    vertex 0.27778511650980092 -0.41573480615127273 1
  endloop
endfacet
facet normal 0 0 -1
  outer loop
    vertex 0.55557023301960184 -0.83146961230254546 -1
    vertex 0.30438071450435994 -0.39667667014561786 -1
    vertex 0.60876142900871988 -0.79335334029123572 -1
  endloop
endfacet
facet normal 0 0 -1
  outer loop
    vertex 0.55557023301960184 -0.83146961230254546 -1
    vertex 0.27778511650980092 -0.41573480615127273 -1
    vertex 0.30438071450435994 -0.39667667014561786 -1
  endloop
endfacet
facet normal 0.6343932841636456 -0.77301045336273699 0
  outer loop
    vertex 0.60876142900871988 -0.79335334029123572 -1
    vertex 0.65934581510006907 -0.75183980747897716 -1
    vertex 0.65934581510006907 -0.75183980747897716 1
  endloop
endfacet
facet normal 0.6343932841636456 -0.77301045336273699 0
  outer loop
    vertex 0.60876142900871988 -0.79335334029123572 -1
    vertex 0.65934581510006907 -0.75183980747897716 1
    vertex 0.60876142900871988 -0.79335334029123572 1
  endloop
endfacet
facet normal -0.6343932841636456 0.77301045336273699 0
  outer loop
    vertex 0.30438071450435994 -0.39667667014561786 -1
    vertex 0.32967290755003453 -0.37591990373948858 1
    vertex 0.32967290755003453 -0.37591990373948858 -1
  endloop
endfacet
facet normal -0.6343932841636456 0.77301045336273699 0
  outer loop
    vertex 0.30438071450435994 -0.39667667014561786 -1
    vertex 0.30438071450435994 -0.39667667014561786 1
    vertex 0.32967290755003453 -0.37591990373948858 1
  endloop
endfacet
facet normal 0 -0 1
  outer loop
    vertex 0.60876142900871988 -0.79335334029123572 1
    vertex 0.65934581510006907 -0.75183980747897716 1
    vertex 0.32967290755003453 -0.37591990373948858 1
  endloop
endfacet
facet normal 0 0 1
  outer loop
    vertex 0.60876142900871988 -0.79335334029123572 1
    vertex 0.32967290755003453 -0.37591990373948858 1
    vertex 0.30438071450435994 -0.39667667014561786 1
  endloop
endfacet
facet normal 0 0 -1
  outer loop
    vertex 0.60876142900871988 -0.79335334029123572 -1
    vertex 0.32967290755003453 -0.37591990373948858 -1
    vertex 0.65934581510006907 -0.75183980747897716 -1
  endloop
endfacet
facet normal 0 0 -1
  outer loop
    vertex 0.60876142900871988 -0.79335334029123572 -1
    vertex 0.30438071450435994 -0.39667667014561786 -1
    vertex 0.32967290755003453 -0.37591990373948858 -1
  endloop
endfacet
facet normal 0.68359230202287091 -0.72986407269783593 0
  outer loop
    vertex 0.65934581510006907 -0.75183980747897716 -1
    vertex 0.70710678118654735 -0.70710678118654768 -1
    vertex 0.70710678118654735 -0.70710678118654768 1
  endloop
endfacet
facet normal 0.68359230202287091 -0.72986407269783593 0
  outer loop
    vertex 0.65934581510006907 -0.75183980747897716 -1
    vertex 0.70710678118654735 -0.70710678118654768 1
    vertex 0.65934581510006907 -0.75183980747897716 1
  endloop
endfacet
facet normal -0.68359230202287091 0.72986407269783593 0
  outer loop
    vertex 0.32967290755003453 -0.37591990373948858 -1
    vertex 0.35355339059327368 -0.35355339059327384 1
    vertex 0.35355339059327368 -0.35355339059327384 -1
  endloop
endfacet
facet normal -0.68359230202287091 0.72986407269783593 0
  outer loop
    vertex 0.32967290755003453 -0.37591990373948858 -1
    vertex 0.32967290755003453 -0.37591990373948858 1
    vertex 0.35355339059327368 -0.35355339059327384 1
  endloop
endfacet
facet normal 0 -0 1
  outer loop
    vertex 0.65934581510006907 -0.75183980747897716 1
    vertex 0.70710678118654735 -0.70710678118654768 1
    vertex 0.35355339059327368 -0.35355339059327384 1
  endloop
endfacet
facet normal 0 0 1
  outer loop
    vertex 0.65934581510006907 -0.75183980747897716 1
    vertex 0.35355339059327368 -0.35355339059327384 1
    vertex 0.32967290755003453 -0.37591990373948858 1
  endloop
endfacet
facet normal 0 0 -1
  outer loop
    vertex 0.65934581510006907 -0.75183980747897716 -1
    vertex 0.35355339059327368 -0.35355339059327384 -1
    vertex 0.70710678118654735 -0.70710678118654768 -1
  endloop
endfacet
facet normal 0 0 -1
  outer loop
    vertex 0.65934581510006907 -0.75183980747897716 -1
    vertex 0.32967290755003453 -0.37591990373948858 -1
    vertex 0.35355339059327368 -0.35355339059327384 -1
  endloop
endfacet
facet normal 0.7298640726978356 -0.68359230202287125 0
  outer loop
    vertex 0.70710678118654735 -0.70710678118654768 -1
    vertex 0.7518398074789775 -0.65934581510006873 -1
    vertex 0.7518398074789775 -0.65934581510006873 1
  endloop
endfacet
facet normal 0.7298640726978356 -0.68359230202287125 0
  outer loop
    vertex 0.70710678118654735 -0.70710678118654768 -1
    vertex 0.7518398074789775 -0.65934581510006873 1
    vertex 0.70710678118654735 -0.70710678118654768 1
  endloop
endfacet
facet normal -0.7298640726978356 0.68359230202287125 0
  outer loop
    vertex 0.35355339059327368 -0.35355339059327384 -1
    vertex 0.37591990373948875 -0.32967290755003437 1
    vertex 0.37591990373948875 -0.32967290755003437 -1
  endloop
endfacet
facet normal -0.7298640726978356 0.68359230202287125 0
  outer loop
    vertex 0.35355339059327368 -0.35355339059327384 -1
    vertex 0.35355339059327368 -0.35355339059327384 1
    vertex 0.37591990373948875 -0.32967290755003437 1
  endloop
endfacet
facet normal 0 -0 1
  outer loop
    vertex 0.70710678118654735 -0.70710678118654768 1
    vertex 0.7518398074789775 -0.65934581510006873 1
    vertex 0.37591990373948875 -0.32967290755003437 1
  endloop
endfacet
facet normal 0 0 1
  outer loop
    vertex 0.70710678118654735 -0.70710678118654768 1
    vertex 0.37591990373948875 -0.32967290755003437 1
    vertex 0.35355339059327368 -0.35355339059327384 1
  endloop
endfacet
facet normal 0 0 -1
  outer loop
    vertex 0.70710678118654735 -0.70710678118654768 -1
    vertex 0.37591990373948875 -0.32967290755003437 -1
    vertex 0.7518398074789775 -0.65934581510006873 -1
  endloop
endfacet
facet normal 0 0 -1
  outer loop
    vertex 0.70710678118654735 -0.70710678118654768 -1
    vertex 0.35355339059327368 -0.35355339059327384 -1
    vertex 0.37591990373948875 -0.32967290755003437 -1
  endloop
endfacet
facet normal 0.7730104533627371 -0.63439328416364538 0
  outer loop
    vertex 0.7518398074789775 -0.65934581510006873 -1
    vertex 0.79335334029123494 -0.60876142900872088 -1
    vertex 0.79335334029123494 -0.60876142900872088 1
  endloop
endfacet
facet normal 0.7730104533627371 -0.63439328416364538 0
  outer loop
    vertex 0.7518398074789775 -0.65934581510006873 -1
    vertex 0.79335334029123494 -0.60876142900872088 1
    vertex 0.7518398074789775 -0.65934581510006873 1
  endloop
endfacet
facet normal -0.7730104533627371 0.63439328416364538 0
  outer loop
    vertex 0.37591990373948875 -0.32967290755003437 -1
    vertex 0.39667667014561747 -0.30438071450436044 1
    vertex 0.39667667014561747 -0.30438071450436044 -1
  endloop
endfacet
facet normal -0.7730104533627371 0.63439328416364538 0
  outer loop
    vertex 0.37591990373948875 -0.32967290755003437 -1
    vertex 0.37591990373948875 -0.32967290755003437 1
    vertex 0.39667667014561747 -0.30438071450436044 1
  endloop
endfacet
facet normal 0 -0 1
  outer loop
    vertex 0.7518398074789775 -0.65934581510006873 1
    vertex 0.79335334029123494 -0.60876142900872088 1
    vertex 0.39667667014561747 -0.30438071450436044 1
  endloop
endfacet
facet normal 0 0 1
  outer loop
    vertex 0.7518398074789775 -0.65934581510006873 1
    vertex 0.39667667014561747 -0.30438071450436044 1
    vertex 0.37591990373948875 -0.32967290755003437 1
  endloop
endfacet
facet normal 0 0 -1
  outer loop
    vertex 0.7518398074789775 -0.65934581510006873 -1
    vertex 0.39667667014561747 -0.30438071450436044 -1
    vertex 0.79335334029123494 -0.60876142900872088 -1
  endloop
endfacet
facet normal 0 0 -1
  outer loop
    vertex 0.7518398074789775 -0.65934581510006873 -1
    vertex 0.37591990373948875 -0.32967290755003437 -1
    vertex 0.39667667014561747 -0.30438071450436044 -1
  endloop
endfacet
facet normal 0.81284668459161435 -0.58247769686780348 0
  outer loop
    vertex 0.79335334029123494 -0.60876142900872088 -1
    vertex 0.83146961230254479 -0.55557023301960295 -1
    vertex 0.83146961230254479 -0.55557023301960295 1
  endloop
endfacet
facet normal 0.81284668459161435 -0.58247769686780348 0
  outer loop
    vertex 0.79335334029123494 -0.60876142900872088 -1
    vertex 0.83146961230254479 -0.55557023301960295 1
    vertex 0.79335334029123494 -0.60876142900872088 1
  endloop
endfacet
facet normal -0.81284668459161435 0.58247769686780348 0
  outer loop
    vertex 0.39667667014561747 -0.30438071450436044 -1
    vertex 0.4157348061512724 -0.27778511650980148 1
    vertex 0.4157348061512724 -0.27778511650980148 -1
  endloop
endfacet
facet normal -0.81284668459161435 0.58247769686780348 0
  outer loop
    vertex 0.39667667014561747 -0.30438071450436044 -1
    vertex 0.39667667014561747 -0.30438071450436044 1
    vertex 0.4157348061512724 -0.27778511650980148 1
  endloop
endfacet
facet normal 0 -0 1
  outer loop
    vertex 0.79335334029123494 -0.60876142900872088 1
    vertex 0.83146961230254479 -0.55557023301960295 1
    vertex 0.4157348061512724 -0.27778511650980148 1
  endloop
endfacet
facet normal 0 0 1
  outer loop
    vertex 0.79335334029123494 -0.60876142900872088 1
    vertex 0.4157348061512724 -0.27778511650980148 1
    vertex 0.39667667014561747 -0.30438071450436044 1
  endloop
endfacet
facet normal 0 0 -1
  outer loop
    vertex 0.79335334029123494 -0.60876142900872088 -1
    vertex 0.4157348061512724 -0.27778511650980148 -1
    vertex 0.83146961230254479 -0.55557023301960295 -1
  endloop
endfacet
facet normal 0 0 -1
  outer loop
    vertex 0.79335334029123494 -0.60876142900872088 -1
    vertex 0.39667667014561747 -0.30438071450436044 -1
    vertex 0.4157348061512724 -0.27778511650980148 -1
  endloop
endfacet
facet normal 0.84920218152657889 -0.52806785065036788 0
  outer loop
    vertex 0.83146961230254479 -0.55557023301960295 -1
    vertex 0.86602540378443837 -0.50000000000000044 -1
    vertex 0.86602540378443837 -0.50000000000000044 1
  endloop
endfacet
facet normal 0.84920218152657889 -0.52806785065036788 0
  outer loop
    vertex 0.83146961230254479 -0.55557023301960295 -1
    vertex 0.86602540378443837 -0.50000000000000044 1
    vertex 0.83146961230254479 -0.55557023301960295 1
  endloop
endfacet
facet normal -0.84920218152657889 0.52806785065036788 0
  outer loop
    vertex 0.4157348061512724 -0.27778511650980148 -1
    vertex 0.43301270189221919 -0.25000000000000022 1
    vertex 0.43301270189221919 -0.25000000000000022 -1
  endloop
endfacet
facet normal -0.84920218152657889 0.52806785065036788 0
  outer loop
    vertex 0.4157348061512724 -0.27778511650980148 -1
    vertex 0.4157348061512724 -0.27778511650980148 1
    vertex 0.43301270189221919 -0.25000000000000022 1
  endloop
endfacet
facet normal 0 -0 1
  outer loop
    vertex 0.83146961230254479 -0.55557023301960295 1
    vertex 0.86602540378443837 -0.50000000000000044 1
    vertex 0.43301270189221919 -0.25000000000000022 1
  endloop
endfacet
facet normal 0 0 1
  outer loop
    vertex 0.83146961230254479 -0.55557023301960295 1
    vertex 0.43301270189221919 -0.25000000000000022 1
    vertex 0.4157348061512724 -0.27778511650980148 1
  endloop
endfacet
facet normal 0 0 -1
  outer loop
    vertex 0.83146961230254479 -0.55557023301960295 -1
    vertex 0.43301270189221919 -0.25000000000000022 -1
    vertex 0.86602540378443837 -0.50000000000000044 -1
  endloop
endfacet
facet normal 0 0 -1
  outer loop
    vertex 0.83146961230254479 -0.55557023301960295 -1
    vertex 0.4157348061512724 -0.27778511650980148 -1
    vertex 0.43301270189221919 -0.25000000000000022 -1
  endloop
endfacet
facet normal 0.88192126434835472 -0.47139673682599836 0
  outer loop
    vertex 0.86602540378443837 -0.50000000000000044 -1
    vertex 0.89687274153268826 -0.44228869021900141 -1
    vertex 0.89687274153268826 -0.44228869021900141 1
  endloop
endfacet
facet normal 0.88192126434835472 -0.47139673682599836 0
  outer loop
    vertex 0.86602540378443837 -0.50000000000000044 -1
    vertex 0.89687274153268826 -0.44228869021900141 1
    vertex 0.86602540378443837 -0.50000000000000044 1
  endloop
endfacet
facet normal -0.88192126434835472 0.47139673682599836 0
  outer loop
    vertex 0.43301270189221919 -0.25000000000000022 -1
    vertex 0.44843637076634413 -0.22114434510950071 1
    vertex 0.44843637076634413 -0.22114434510950071 -1
  endloop
endfacet
facet normal -0.88192126434835472 0.47139673682599836 0
  outer loop
    vertex 0.43301270189221919 -0.25000000000000022 -1
    vertex 0.43301270189221919 -0.25000000000000022 1
    vertex 0.44843637076634413 -0.22114434510950071 1
  endloop
endfacet
facet normal 0 -0 1
  outer loop
    vertex 0.86602540378443837 -0.50000000000000044 1
    vertex 0.89687274153268826 -0.44228869021900141 1
    vertex 0.44843637076634413 -0.22114434510950071 1
  endloop
endfacet
facet normal 0 0 1
  outer loop
    vertex 0.86602540378443837 -0.50000000000000044 1
    vertex 0.44843637076634413 -0.22114434510950071 1
    vertex 0.43301270189221919 -0.25000000000000022 1
  endloop
endfacet
facet normal 0 0 -1
  outer loop
    vertex 0.86602540378443837 -0.50000000000000044 -1
    vertex 0.44843637076634413 -0.22114434510950071 -1
    vertex 0.89687274153268826 -0.44228869021900141 -1
  endloop
endfacet
facet normal 0 0 -1
  outer loop
    vertex 0.86602540378443837 -0.50000000000000044 -1
    vertex 0.43301270189221919 -0.25000000000000022 -1
    vertex 0.44843637076634413 -0.22114434510950071 -1
  endloop
endfacet
facet normal 0.91086382492117601 -0.41270702980439461 0
  outer loop
    vertex 0.89687274153268826 -0.44228869021900141 -1
    vertex 0.92387953251128685 -0.38268343236508956 -1
    vertex 0.92387953251128685 -0.38268343236508956 1
  endloop
endfacet
facet normal 0.91086382492117601 -0.41270702980439461 0
  outer loop
    vertex 0.89687274153268826 -0.44228869021900141 -1
    vertex 0.92387953251128685 -0.38268343236508956 1
    vertex 0.89687274153268826 -0.44228869021900141 1
  endloop
endfacet
facet normal -0.91086382492117601 0.41270702980439461 0
  outer loop
    vertex 0.44843637076634413 -0.22114434510950071 -1
    vertex 0.46193976625564342 -0.19134171618254478 1
    vertex 0.46193976625564342 -0.19134171618254478 -1
  endloop
endfacet
facet normal -0.91086382492117601 0.41270702980439461 0
  outer loop
    vertex 0.44843637076634413 -0.22114434510950071 -1
    vertex 0.44843637076634413 -0.22114434510950071 1
    vertex 0.46193976625564342 -0.19134171618254478 1
  endloop
endfacet
facet normal 0 -0 1
  outer loop
    vertex 0.89687274153268826 -0.44228869021900141 1
    vertex 0.92387953251128685 -0.38268343236508956 1
    vertex 0.46193976625564342 -0.19134171618254478 1
  endloop
endfacet
facet normal 0 0 1
  outer loop
    vertex 0.89687274153268826 -0.44228869021900141 1
    vertex 0.46193976625564342 -0.19134171618254478 1
    vertex 0.44843637076634413 -0.22114434510950071 1
  endloop
endfacet
facet normal 0 0 -1
  outer loop
    vertex 0.89687274153268826 -0.44228869021900141 -1
    vertex 0.46193976625564342 -0.19134171618254478 -1
    vertex 0.92387953251128685 -0.38268343236508956 -1
  endloop
endfacet
facet normal 0 0 -1
  outer loop
    vertex 0.89687274153268826 -0.44228869021900141 -1
    vertex 0.44843637076634413 -0.22114434510950071 -1
    vertex 0.46193976625564342 -0.19134171618254478 -1
  endloop
endfacet
facet normal 0.93590592675732587 -0.35225004792123366 0
  outer loop
    vertex 0.92387953251128685 -0.38268343236508956 -1
    vertex 0.94693012949510558 -0.32143946530316186 -1
    vertex 0.94693012949510558 -0.32143946530316186 1
  endloop
endfacet
facet normal 0.93590592675732587 -0.35225004792123366 0
  outer loop
    vertex 0.92387953251128685 -0.38268343236508956 -1
    vertex 0.94693012949510558 -0.32143946530316186 1
    vertex 0.92387953251128685 -0.38268343236508956 1
  endloop
endfacet
facet normal -0.93590592675732587 0.35225004792123366 0
  outer loop
    vertex 0.46193976625564342 -0.19134171618254478 -1
    vertex 0.47346506474755279 -0.16071973265158093 1
    vertex 0.47346506474755279 -0.16071973265158093 -1
  endloop
endfacet
facet normal -0.93590592675732587 0.35225004792123366 0
  outer loop
    vertex 0.46193976625564342 -0.19134171618254478 -1
    vertex 0.46193976625564342 -0.19134171618254478 1
    vertex 0.47346506474755279 -0.16071973265158093 1
  endloop
endfacet
facet normal 0 -0 1
  outer loop
    vertex 0.92387953251128685 -0.38268343236508956 1
    vertex 0.94693012949510558 -0.32143946530316186 1
    vertex 0.47346506474755279 -0.16071973265158093 1
  endloop
endfacet
facet normal 0 0 1
  outer loop
    vertex 0.92387953251128685 -0.38268343236508956 1
    vertex 0.47346506474755279 -0.16071973265158093 1
    vertex 0.46193976625564342 -0.19134171618254478 1
  endloop
endfacet
facet normal 0 0 -1
  outer loop
    vertex 0.92387953251128685 -0.38268343236508956 -1
    vertex 0.47346506474755279 -0.16071973265158093 -1
    vertex 0.94693012949510558 -0.32143946530316186 -1
  endloop
endfacet
facet normal 0 0 -1
  outer loop
    vertex 0.92387953251128685 -0.38268343236508956 -1
    vertex 0.46193976625564342 -0.19134171618254478 -1
    vertex 0.47346506474755279 -0.16071973265158093 -1
  endloop
endfacet
facet normal 0.95694033573220871 -0.29028467725446311 0
  outer loop
    vertex 0.94693012949510558 -0.32143946530316186 -1
    vertex 0.96592582628906809 -0.25881904510252157 -1
    vertex 0.96592582628906809 -0.25881904510252157 1
  endloop
endfacet
facet normal 0.95694033573220871 -0.29028467725446311 0
  outer loop
    vertex 0.94693012949510558 -0.32143946530316186 -1
    vertex 0.96592582628906809 -0.25881904510252157 1
    vertex 0.94693012949510558 -0.32143946530316186 1
  endloop
endfacet
facet normal -0.95694033573220871 0.29028467725446311 0
  outer loop
    vertex 0.47346506474755279 -0.16071973265158093 -1
    vertex 0.48296291314453405 -0.12940952255126079 1
    vertex 0.48296291314453405 -0.12940952255126079 -1
  endloop
endfacet
facet normal -0.95694033573220871 0.29028467725446311 0
  outer loop
    vertex 0.47346506474755279 -0.16071973265158093 -1
    vertex 0.47346506474755279 -0.16071973265158093 1
    vertex 0.48296291314453405 -0.12940952255126079 1
  endloop
endfacet
facet normal 0 -0 1
  outer loop
    vertex 0.94693012949510558 -0.32143946530316186 1
    vertex 0.96592582628906809 -0.25881904510252157 1
    vertex 0.48296291314453405 -0.12940952255126079 1
  endloop
endfacet
facet normal 0 0 1
  outer loop
    vertex 0.94693012949510558 -0.32143946530316186 1
    vertex 0.48296291314453405 -0.12940952255126079 1
    vertex 0.47346506474755279 -0.16071973265158093 1
  endloop
endfacet
facet normal 0 0 -1
  outer loop
    vertex 0.94693012949510558 -0.32143946530316186 -1
    vertex 0.48296291314453405 -0.12940952255126079 -1
    vertex 0.96592582628906809 -0.25881904510252157 -1
  endloop
endfacet
facet normal 0 0 -1
  outer loop
    vertex 0.94693012949510558 -0.32143946530316186 -1
    vertex 0.47346506474755279 -0.16071973265158093 -1
    vertex 0.48296291314453405 -0.12940952255126079 -1
  endloop
endfacet
facet normal 0.97387697927733374 -0.22707626303437298 0
  outer loop
    vertex 0.96592582628906809 -0.25881904510252157 -1
    vertex 0.98078528040323032 -0.19509032201612872 -1
    vertex 0.98078528040323032 -0.19509032201612872 1
  endloop
endfacet
facet normal 0.97387697927733374 -0.22707626303437298 0
  outer loop
    vertex 0.96592582628906809 -0.25881904510252157 -1
    vertex 0.98078528040323032 -0.19509032201612872 1
    vertex 0.96592582628906809 -0.25881904510252157 1
  endloop
endfacet
facet normal -0.97387697927733374 0.22707626303437298 0
  outer loop
    vertex 0.48296291314453405 -0.12940952255126079 -1
    vertex 0.49039264020161516 -0.09754516100806436 1
    vertex 0.49039264020161516 -0.09754516100806436 -1
  endloop
endfacet
facet normal -0.97387697927733374 0.22707626303437298 0
  outer loop
    vertex 0.48296291314453405 -0.12940952255126079 -1
    vertex 0.48296291314453405 -0.12940952255126079 1
    vertex 0.49039264020161516 -0.09754516100806436 1
  endloop
endfacet
facet normal 0 -0 1
  outer loop
    vertex 0.96592582628906809 -0.25881904510252157 1
    vertex 0.98078528040323032 -0.19509032201612872 1
    vertex 0.49039264020161516 -0.09754516100806436 1
  endloop
endfacet
facet normal 0 0 1
  outer loop
    vertex 0.96592582628906809 -0.25881904510252157 1
    vertex 0.49039264020161516 -0.09754516100806436 1
    vertex 0.48296291314453405 -0.12940952255126079 1
  endloop
endfacet
facet normal 0 0 -1
  outer loop
    vertex 0.96592582628906809 -0.25881904510252157 -1
    vertex 0.49039264020161516 -0.09754516100806436 -1
    vertex 0.98078528040323032 -0.19509032201612872 -1
  endloop
endfacet
facet normal 0 0 -1
  outer loop
    vertex 0.96592582628906809 -0.25881904510252157 -1
    vertex 0.48296291314453405 -0.12940952255126079 -1
    vertex 0.49039264020161516 -0.09754516100806436 -1
  endloop
endfacet
facet normal 0.98664333208487898 -0.16289547339458937 0
  outer loop
    vertex 0.98078528040323032 -0.19509032201612872 -1
    vertex 0.99144486137381038 -0.13052619222005168 -1
    vertex 0.99144486137381038 -0.13052619222005168 1
  endloop
endfacet
facet normal 0.98664333208487898 -0.16289547339458937 0
  outer loop
    vertex 0.98078528040323032 -0.19509032201612872 -1
    vertex 0.99144486137381038 -0.13052619222005168 1
    vertex 0.98078528040323032 -0.19509032201612872 1
  endloop
endfacet
facet normal -0.98664333208487898 0.16289547339458937 0
  outer loop
    vertex 0.49039264020161516 -0.09754516100806436 -1
    vertex 0.49572243068690519 -0.065263096110025842 1
    vertex 0.49572243068690519 -0.065263096110025842 -1
  endloop
endfacet
facet normal -0.98664333208487898 0.16289547339458937 0
  outer loop
    vertex 0.49039264020161516 -0.09754516100806436 -1
    vertex 0.49039264020161516 -0.09754516100806436 1
    vertex 0.49572243068690519 -0.065263096110025842 1
  endloop
endfacet
facet normal 0 -0 1
  outer loop
    vertex 0.98078528040323032 -0.19509032201612872 1
    vertex 0.99144486137381038 -0.13052619222005168 1
    vertex 0.49572243068690519 -0.065263096110025842 1
  endloop
endfacet
facet normal 0 0 1
  outer loop
    vertex 0.98078528040323032 -0.19509032201612872 1
    vertex 0.49572243068690519 -0.065263096110025842 1
    vertex 0.49039264020161516 -0.09754516100806436 1
  endloop
endfacet
facet normal 0 0 -1
  outer loop
    vertex 0.98078528040323032 -0.19509032201612872 -1
    vertex 0.49572243068690519 -0.065263096110025842 -1
    vertex 0.99144486137381038 -0.13052619222005168 -1
  endloop
endfacet
facet normal 0 0 -1
  outer loop
    vertex 0.98078528040323032 -0.19509032201612872 -1
    vertex 0.49039264020161516 -0.09754516100806436 -1
    vertex 0.49572243068690519 -0.065263096110025842 -1
  endloop
endfacet
facet normal 0.99518472667219693 -0.098017140329560076 0
  outer loop
    vertex 0.99144486137381038 -0.13052619222005168 -1
    vertex 0.99785892323860348 -0.065403129230142798 -1
    vertex 0.99785892323860348 -0.065403129230142798 1
  endloop
endfacet
facet normal 0.99518472667219693 -0.098017140329560076 0
  outer loop
    vertex 0.99144486137381038 -0.13052619222005168 -1
    vertex 0.99785892323860348 -0.065403129230142798 1
    vertex 0.99144486137381038 -0.13052619222005168 1
  endloop
endfacet
facet normal -0.99518472667219693 0.098017140329560076 0
  outer loop
    vertex 0.49572243068690519 -0.065263096110025842 -1
    vertex 0.49892946161930174 -0.032701564615071399 1
    vertex 0.49892946161930174 -0.032701564615071399 -1
  endloop
endfacet
facet normal -0.99518472667219693 0.098017140329560076 0
  outer loop
    vertex 0.49572243068690519 -0.065263096110025842 -1
    vertex 0.49572243068690519 -0.065263096110025842 1
    vertex 0.49892946161930174 -0.032701564615071399 1
  endloop
endfacet
facet normal 0 -0 1
  outer loop
    vertex 0.99144486137381038 -0.13052619222005168 1
    vertex 0.99785892323860348 -0.065403129230142798 1
    vertex 0.49892946161930174 -0.032701564615071399 1
  endloop
endfacet
facet normal 0 0 1
  outer loop
    vertex 0.99144486137381038 -0.13052619222005168 1
    vertex 0.49892946161930174 -0.032701564615071399 1
    vertex 0.49572243068690519 -0.065263096110025842 1
  endloop
endfacet
facet normal 0 0 -1
  outer loop
    vertex 0.99144486137381038 -0.13052619222005168 -1
    vertex 0.49892946161930174 -0.032701564615071399 -1
    vertex 0.99785892323860348 -0.065403129230142798 -1
  endloop
endfacet
facet normal 0 0 -1
  outer loop
    vertex 0.99144486137381038 -0.13052619222005168 -1
    vertex 0.49572243068690519 -0.065263096110025842 -1
    vertex 0.49892946161930174 -0.032701564615071399 -1
  endloop
endfacet
facet normal 0.99946458747636546 -0.032719082821776692 0
  outer loop
    vertex 0.99785892323860348 -0.065403129230142798 -1
    vertex 1 0 -1
    vertex 1 0 1
  endloop
endfacet
facet normal 0.99946458747636546 -0.032719082821776692 0
  outer loop
    vertex 0.99785892323860348 -0.065403129230142798 -1
    vertex 1 0 1
    vertex 0.99785892323860348 -0.065403129230142798 1
  endloop
endfacet
facet normal -0.99946458747636546 0.032719082821776692 0
  outer loop
    vertex 0.49892946161930174 -0.032701564615071399 -1
    vertex 0.5 0 1
    vertex 0.5 0 -1
  endloop
endfacet
facet normal -0.99946458747636546 0.032719082821776692 0
  outer loop
    vertex 0.49892946161930174 -0.032701564615071399 -1
    vertex 0.49892946161930174 -0.032701564615071399 1
    vertex 0.5 0 1
  endloop
endfacet
facet normal 0 -0 1
  outer loop
    vertex 0.99785892323860348 -0.065403129230142798 1
    vertex 1 0 1
    vertex 0.5 0 1
  endloop
endfacet
facet normal 0 0 1
  outer loop
    vertex 0.99785892323860348 -0.065403129230142798 1
    vertex 0.5 0 1
    vertex 0.49892946161930174 -0.032701564615071399 1
  endloop
endfacet
facet normal 0 0 -1
  outer loop
    vertex 0.99785892323860348 -0.065403129230142798 -1
    vertex 0.5 0 -1
    vertex 1 0 -1
  endloop
endfacet
facet normal 0 0 -1
  outer loop
    vertex 0.99785892323860348 -0.065403129230142798 -1
    vertex 0.49892946161930174 -0.032701564615071399 -1
    vertex 0.5 0 -1
  endloop
endfacet
endsolid tube_outer96_inner05
