FoamFile
{
    version 2.0;
    format ascii;
    arch "LSB;label=32;scalar=64";
    class faceList;
    location "constant/polyMesh";
    object faces;
}

22909
(
4(59 60 6613 6612)
4(60 61 6614 6613)
4(15 1 6554 6568)
4(61 15 6568 6614)
4(831 832 7385 7384)
4(832 60 6613 7385)
4(1419 1420 7973 7972)
4(1273 832 7385 7826)
4(1420 1273 7826 7973)
4(832 833 7386 7385)
4(833 834 7387 7386)
4(143 61 6614 6696)
4(834 143 6696 7387)
4(15 16 6569 6568)
4(16 2 6555 6569)
4(38 16 6569 6591)
4(63 38 6591 6616)
4(61 62 6615 6614)
4(62 63 6616 6615)
4(18 3 6556 6571)
4(16 17 6570 6569)
4(17 18 6571 6570)
4(1688 1689 8242 8241)
4(1557 1420 7973 8110)
4(1689 1557 8110 8242)
4(1967 1968 8521 8520)
4(1828 1689 8242 8381)
4(1968 1828 8381 8521)
4(2915 2916 9469 9468)
4(2288 1968 8521 8841)
4(2916 2288 8841 9469)
4(6448 6447 13000 13001)
4(6449 6448 13001 13002)
4(6515 6449 13002 13068)
4(6539 6515 13068 13092)
4(3255 3256 9809 9808)
4(3111 2916 9469 9664)
4(3256 3111 9664 9809)
4(1273 1274 7827 7826)
4(1274 833 7386 7827)
4(1421 1274 7827 7974)
4(1420 1421 7974 7973)
4(1274 1275 7828 7827)
4(1275 834 7387 7828)
4(1421 1422 7975 7974)
4(1344 1275 7828 7897)
4(1422 1344 7897 7975)
4(20 4 6557 6573)
4(18 19 6572 6571)
4(19 20 6573 6572)
4(22 5 6558 6575)
4(20 21 6574 6573)
4(21 22 6575 6574)
4(24 6 6559 6577)
4(22 23 6576 6575)
4(23 24 6577 6576)
4(13 37 6590 6566)
4(37 103 6656 6590)
4(103 104 6657 6656)
4(104 105 6658 6657)
4(26 7 6560 6579)
4(24 25 6578 6577)
4(25 26 6579 6578)
4(38 39 6592 6591)
4(39 17 6570 6592)
4(64 39 6592 6617)
4(63 64 6617 6616)
4(39 40 6593 6592)
4(40 18 6571 6593)
4(66 40 6593 6619)
4(64 65 6618 6617)
4(65 66 6619 6618)
4(143 144 6697 6696)
4(144 62 6615 6697)
4(835 144 6697 7388)
4(834 835 7388 7387)
4(144 145 6698 6697)
4(145 63 6616 6698)
4(835 836 7389 7388)
4(836 837 7390 7389)
4(651 145 6698 7204)
4(837 651 7204 7390)
4(1275 1276 7829 7828)
4(1276 1277 7830 7829)
4(1224 835 7388 7777)
4(1277 1224 7777 7830)
4(145 146 6699 6698)
4(146 147 6700 6699)
4(106 64 6617 6659)
4(147 106 6659 6700)
4(6491 6537 13090 13044)
4(6537 6551 13104 13090)
4(6492 6491 13044 13045)
4(6493 6492 13045 13046)
4(3566 3567 10120 10119)
4(3399 3256 9809 9952)
4(3567 3399 9952 10120)
4(4559 4560 11113 11112)
4(4231 3567 10120 10784)
4(4560 4231 10784 11113)
4(4833 4834 11387 11386)
4(4702 4560 11113 11255)
4(4834 4702 11255 11387)
4(5107 5108 11661 11660)
4(4973 4834 11387 11526)
4(5108 4973 11526 11661)
4(1557 1558 8111 8110)
4(1558 1421 7974 8111)
4(1690 1558 8111 8243)
4(1689 1690 8243 8242)
4(1558 1559 8112 8111)
4(1494 1422 7975 8047)
4(1559 1494 8047 8112)
4(1690 1691 8244 8243)
4(1632 1559 8112 8185)
4(1691 1632 8185 8244)
4(1828 1829 8382 8381)
4(1829 1690 8243 8382)
4(1969 1829 8382 8522)
4(1968 1969 8522 8521)
4(1829 1830 8383 8382)
4(1764 1691 8244 8317)
4(1830 1764 8317 8383)
4(1969 1970 8523 8522)
4(1895 1830 8383 8448)
4(1970 1895 8448 8523)
4(5686 5687 12240 12239)
4(5252 5108 11661 11805)
4(5687 5252 11805 12240)
4(6448 5687 12240 13001)
4(5688 5687 12240 12241)
4(5689 5688 12241 12242)
4(6331 5689 12242 12884)
4(6449 6331 12884 13002)
4(2288 2289 8842 8841)
4(2289 1969 8522 8842)
4(2917 2289 8842 9470)
4(2916 2917 9470 9469)
4(2289 2290 8843 8842)
4(2041 1970 8523 8594)
4(2290 2041 8594 8843)
4(2917 2918 9471 9470)
4(2623 2290 8843 9176)
4(2918 2623 9176 9471)
4(6515 6516 13069 13068)
4(6450 6449 13002 13003)
4(6451 6450 13003 13004)
4(6494 6451 13004 13047)
4(6516 6494 13047 13069)
4(3111 3112 9665 9664)
4(3112 2917 9470 9665)
4(6540 6516 13069 13093)
4(3257 3112 9665 9810)
4(3256 3257 9810 9809)
4(3112 3113 9666 9665)
4(3032 2918 9471 9585)
4(3113 3032 9585 9666)
4(6541 6518 13071 13094)
4(6517 6516 13069 13070)
4(6518 6517 13070 13071)
4(3257 3258 9811 9810)
4(3203 3113 9666 9756)
4(3258 3203 9756 9811)
4(6542 6520 13073 13095)
4(6519 6518 13071 13072)
4(6520 6519 13072 13073)
4(6543 6522 13075 13096)
4(6521 6520 13073 13074)
4(6522 6521 13074 13075)
4(6544 6524 13077 13097)
4(6523 6522 13075 13076)
4(6524 6523 13076 13077)
4(6545 6526 13079 13098)
4(6525 6524 13077 13078)
4(6526 6525 13078 13079)
4(28 8 6561 6581)
4(26 27 6580 6579)
4(27 28 6581 6580)
4(30 9 6562 6583)
4(28 29 6582 6581)
4(29 30 6583 6582)
4(40 41 6594 6593)
4(41 19 6572 6594)
4(68 41 6594 6621)
4(66 67 6620 6619)
4(67 68 6621 6620)
4(41 42 6595 6594)
4(42 20 6573 6595)
4(70 42 6595 6623)
4(68 69 6622 6621)
4(69 70 6623 6622)
4(32 10 6563 6585)
4(30 31 6584 6583)
4(31 32 6585 6584)
4(34 11 6564 6587)
4(32 33 6586 6585)
4(33 34 6587 6586)
4(42 43 6596 6595)
4(43 21 6574 6596)
4(72 43 6596 6625)
4(70 71 6624 6623)
4(71 72 6625 6624)
4(43 44 6597 6596)
4(44 22 6575 6597)
4(74 44 6597 6627)
4(72 73 6626 6625)
4(73 74 6627 6626)
4(36 12 6565 6589)
4(34 35 6588 6587)
4(35 36 6589 6588)
4(36 37 6590 6589)
4(36 58 6611 6589)
4(58 101 6654 6611)
4(101 102 6655 6654)
4(102 103 6656 6655)
4(44 45 6598 6597)
4(45 23 6576 6598)
4(76 45 6598 6629)
4(74 75 6628 6627)
4(75 76 6629 6628)
4(45 46 6599 6598)
4(46 24 6577 6599)
4(78 46 6599 6631)
4(76 77 6630 6629)
4(77 78 6631 6630)
4(865 104 6657 7418)
4(103 221 6774 6656)
4(221 863 7416 6774)
4(863 864 7417 7416)
4(864 865 7418 7417)
4(46 47 6600 6599)
4(47 25 6578 6600)
4(80 47 6600 6633)
4(78 79 6632 6631)
4(79 80 6633 6632)
4(865 866 7419 7418)
4(47 48 6601 6600)
4(48 26 6579 6601)
4(1444 1445 7998 7997)
4(865 1300 7853 7418)
4(1300 1444 7997 7853)
4(82 48 6601 6635)
4(80 81 6634 6633)
4(81 82 6635 6634)
4(1718 1719 8272 8271)
4(1444 1579 8132 7997)
4(1579 1718 8271 8132)
4(1992 1993 8546 8545)
4(1718 1850 8403 8271)
4(1850 1992 8545 8403)
4(2984 2985 9538 9537)
4(2985 1992 8545 9538)
4(1990 2321 8874 8543)
4(2321 2984 9537 8874)
4(1991 1990 8543 8544)
4(1992 1991 8544 8545)
4(3296 2985 9538 9849)
4(3295 3296 9849 9848)
4(2984 3153 9706 9537)
4(3153 3295 9848 9706)
4(2985 2986 9539 9538)
4(3296 3297 9850 9849)
4(1344 1345 7898 7897)
4(1345 1276 7829 7898)
4(6546 6528 13081 13099)
4(6527 6526 13079 13080)
4(6528 6527 13080 13081)
4(1423 1345 7898 7976)
4(1422 1423 7976 7975)
4(1345 1346 7899 7898)
4(1346 1277 7830 7899)
4(6547 6530 13083 13100)
4(6529 6528 13081 13082)
4(6530 6529 13082 13083)
4(1423 1424 7977 7976)
4(1384 1346 7899 7937)
4(1424 1384 7937 7977)
4(1224 1225 7778 7777)
4(1225 836 7389 7778)
4(1277 1278 7831 7830)
4(1253 1225 7778 7806)
4(1278 1253 7806 7831)
4(1225 1226 7779 7778)
4(1226 1227 7780 7779)
4(1072 837 7390 7625)
4(1227 1072 7625 7780)
4(1346 1347 7900 7899)
4(1347 1348 7901 7900)
4(1313 1278 7831 7866)
4(1348 1313 7866 7901)
4(6548 6532 13085 13101)
4(6531 6530 13083 13084)
4(6532 6531 13084 13085)
4(6549 6534 13087 13102)
4(6533 6532 13085 13086)
4(6534 6533 13086 13087)
4(651 652 7205 7204)
4(652 146 6699 7205)
4(742 652 7205 7295)
4(839 742 7295 7392)
4(837 838 7391 7390)
4(838 839 7392 7391)
4(654 147 6700 7207)
4(652 653 7206 7205)
4(653 654 7207 7206)
4(3635 3636 10189 10188)
4(3636 3296 9849 10189)
4(3295 3441 9994 9848)
4(3441 3635 10188 9994)
4(106 107 6660 6659)
4(107 65 6618 6660)
4(4584 3636 10189 11137)
4(3635 4264 10817 10188)
4(4264 4582 11135 10817)
4(4582 4583 11136 11135)
4(4583 4584 11137 11136)
4(148 107 6660 6701)
4(147 148 6701 6700)
4(3636 3637 10190 10189)
4(107 108 6661 6660)
4(108 66 6619 6661)
4(4584 4585 11138 11137)
4(150 108 6661 6703)
4(148 149 6702 6701)
4(149 150 6703 6702)
4(654 655 7208 7207)
4(655 656 7209 7208)
4(222 148 6701 6775)
4(656 222 6775 7209)
4(4863 4864 11417 11416)
4(4584 4724 11277 11137)
4(4724 4863 11416 11277)
4(5132 5133 11686 11685)
4(4863 4995 11548 11416)
4(4995 5132 11685 11548)
4(6550 6536 13089 13103)
4(6535 6534 13087 13088)
4(6536 6535 13088 13089)
4(6536 6537 13090 13089)
4(6490 6489 13042 13043)
4(6491 6490 13043 13044)
4(6489 6514 13067 13042)
4(6514 6536 13089 13067)
4(6492 5720 12273 13045)
4(5718 6409 12962 12271)
4(6409 6491 13044 12962)
4(5719 5718 12271 12272)
4(5720 5719 12272 12273)
4(5720 5721 12274 12273)
4(5132 5279 11832 11685)
4(5279 5720 12273 11832)
4(3282 3283 9836 9835)
4(3283 3132 9685 9836)
4(3130 3213 9766 9683)
4(3213 3282 9835 9766)
4(3131 3130 9683 9684)
4(3132 3131 9684 9685)
4(3399 3400 9953 9952)
4(3400 3257 9810 9953)
4(3568 3400 9953 10121)
4(3567 3568 10121 10120)
4(3400 3401 9954 9953)
4(3339 3258 9811 9892)
4(3401 3339 9892 9954)
4(3568 3569 10122 10121)
4(3483 3401 9954 10036)
4(3569 3483 10036 10122)
4(4231 4232 10785 10784)
4(4232 3568 10121 10785)
4(4561 4232 10785 11114)
4(4560 4561 11114 11113)
4(4232 4233 10786 10785)
4(3903 3569 10122 10456)
4(4233 3903 10456 10786)
4(4561 4562 11115 11114)
4(4500 4233 10786 11053)
4(4562 4500 11053 11115)
4(4702 4703 11256 11255)
4(4703 4561 11114 11256)
4(4835 4703 11256 11388)
4(4834 4835 11388 11387)
4(4703 4704 11257 11256)
4(4639 4562 11115 11192)
4(4704 4639 11192 11257)
4(4835 4836 11389 11388)
4(4777 4704 11257 11330)
4(4836 4777 11330 11389)
4(4973 4974 11527 11526)
4(4974 4835 11388 11527)
4(5109 4974 11527 11662)
4(5108 5109 11662 11661)
4(4974 4975 11528 11527)
4(4909 4836 11389 11462)
4(4975 4909 11462 11528)
4(5109 5110 11663 11662)
4(5040 4975 11528 11593)
4(5110 5040 11593 11663)
4(5252 5253 11806 11805)
4(5253 5109 11662 11806)
4(5688 5253 11806 12241)
4(5253 5254 11807 11806)
4(5192 5110 11663 11745)
4(5254 5192 11745 11807)
4(5689 5254 11807 12242)
4(5689 5690 12243 12242)
4(5255 5254 11807 11808)
4(5256 5255 11808 11809)
4(5315 5256 11809 11868)
4(5690 5315 11868 12243)
4(6331 6332 12885 12884)
4(6332 5690 12243 12885)
4(6450 6332 12885 13003)
4(6332 6333 12886 12885)
4(5691 5690 12243 12244)
4(5692 5691 12244 12245)
4(5880 5692 12245 12433)
4(6333 5880 12433 12886)
4(6451 6333 12886 13004)
4(6451 6452 13005 13004)
4(6334 6333 12886 12887)
4(6335 6334 12887 12888)
4(6410 6335 12888 12963)
4(6452 6410 12963 13005)
4(6494 6495 13048 13047)
4(6495 6452 13005 13048)
4(6517 6495 13048 13070)
4(6495 6496 13049 13048)
4(6496 6454 13007 13049)
4(6453 6452 13005 13006)
4(6454 6453 13006 13007)
4(6518 6496 13049 13071)
4(1494 1495 8048 8047)
4(1495 1423 7976 8048)
4(1560 1495 8048 8113)
4(1559 1560 8113 8112)
4(1495 1496 8049 8048)
4(1472 1424 7977 8025)
4(1496 1472 8025 8049)
4(1560 1561 8114 8113)
4(1527 1496 8049 8080)
4(1561 1527 8080 8114)
4(1632 1633 8186 8185)
4(1633 1560 8113 8186)
4(1692 1633 8186 8245)
4(1691 1692 8245 8244)
4(1633 1634 8187 8186)
4(1602 1561 8114 8155)
4(1634 1602 8155 8187)
4(1692 1693 8246 8245)
4(1666 1634 8187 8219)
4(1693 1666 8219 8246)
4(1764 1765 8318 8317)
4(1765 1692 8245 8318)
4(1831 1765 8318 8384)
4(1830 1831 8384 8383)
4(1765 1766 8319 8318)
4(1734 1693 8246 8287)
4(1766 1734 8287 8319)
4(1831 1832 8385 8384)
4(1798 1766 8319 8351)
4(1832 1798 8351 8385)
4(1895 1896 8449 8448)
4(1896 1831 8384 8449)
4(1971 1896 8449 8524)
4(1970 1971 8524 8523)
4(1896 1897 8450 8449)
4(1873 1832 8385 8426)
4(1897 1873 8426 8450)
4(1971 1972 8525 8524)
4(1932 1897 8450 8485)
4(1972 1932 8485 8525)
4(3420 3283 9836 9973)
4(3282 3349 9902 9835)
4(3349 3418 9971 9902)
4(3418 3419 9972 9971)
4(3419 3420 9973 9972)
4(2041 2042 8595 8594)
4(2042 1971 8524 8595)
4(2291 2042 8595 8844)
4(2290 2291 8844 8843)
4(2042 2043 8596 8595)
4(2014 1972 8525 8567)
4(2043 2014 8567 8596)
4(2291 2292 8845 8844)
4(2072 2043 8596 8625)
4(2292 2072 8625 8845)
4(2623 2624 9177 9176)
4(2624 2291 8844 9177)
4(2919 2624 9177 9472)
4(2918 2919 9472 9471)
4(2624 2625 9178 9177)
4(2460 2292 8845 9013)
4(2625 2460 9013 9178)
4(2919 2920 9473 9472)
4(2798 2625 9178 9351)
4(2920 2798 9351 9473)
4(6496 6497 13050 13049)
4(6497 6456 13009 13050)
4(6455 6454 13007 13008)
4(6456 6455 13008 13009)
4(3032 3033 9586 9585)
4(3033 2919 9472 9586)
4(6519 6497 13050 13072)
4(3114 3033 9586 9667)
4(3113 3114 9667 9666)
4(6497 6498 13051 13050)
4(6498 6458 13011 13051)
4(6457 6456 13009 13010)
4(6458 6457 13010 13011)
4(3033 3034 9587 9586)
4(3012 2920 9473 9565)
4(3034 3012 9565 9587)
4(6520 6498 13051 13073)
4(3114 3115 9668 9667)
4(3083 3034 9587 9636)
4(3115 3083 9636 9668)
4(3203 3204 9757 9756)
4(3204 3114 9667 9757)
4(3259 3204 9757 9812)
4(3258 3259 9812 9811)
4(3204 3205 9758 9757)
4(3175 3115 9668 9728)
4(3205 3175 9728 9758)
4(3259 3260 9813 9812)
4(3235 3205 9758 9788)
4(3260 3235 9788 9813)
4(6498 6499 13052 13051)
4(6499 6460 13013 13052)
4(6459 6458 13011 13012)
4(6460 6459 13012 13013)
4(6521 6499 13052 13074)
4(6499 6500 13053 13052)
4(6500 6462 13015 13053)
4(6461 6460 13013 13014)
4(6462 6461 13014 13015)
4(6522 6500 13053 13075)
4(6500 6501 13054 13053)
4(6501 6464 13017 13054)
4(6463 6462 13015 13016)
4(6464 6463 13016 13017)
4(6523 6501 13054 13076)
4(6501 6502 13055 13054)
4(6502 6466 13019 13055)
4(6465 6464 13017 13018)
4(6466 6465 13018 13019)
4(6524 6502 13055 13077)
4(6502 6503 13056 13055)
4(6503 6468 13021 13056)
4(6467 6466 13019 13020)
4(6468 6467 13020 13021)
4(6525 6503 13056 13078)
4(6503 6504 13057 13056)
4(6504 6470 13023 13057)
4(6469 6468 13021 13022)
4(6470 6469 13022 13023)
4(6526 6504 13057 13079)
4(48 49 6602 6601)
4(49 27 6580 6602)
4(84 49 6602 6637)
4(82 83 6636 6635)
4(83 84 6637 6636)
4(49 50 6603 6602)
4(50 28 6581 6603)
4(86 50 6603 6639)
4(84 85 6638 6637)
4(85 86 6639 6638)
4(50 51 6604 6603)
4(51 29 6582 6604)
4(88 51 6604 6641)
4(86 87 6640 6639)
4(87 88 6641 6640)
4(51 52 6605 6604)
4(52 30 6583 6605)
4(90 52 6605 6643)
4(88 89 6642 6641)
4(89 90 6643 6642)
4(52 53 6606 6605)
4(53 31 6584 6606)
4(92 53 6606 6645)
4(90 91 6644 6643)
4(91 92 6645 6644)
4(53 54 6607 6606)
4(54 32 6585 6607)
4(94 54 6607 6647)
4(92 93 6646 6645)
4(93 94 6647 6646)
4(54 55 6608 6607)
4(55 33 6586 6608)
4(96 55 6608 6649)
4(94 95 6648 6647)
4(95 96 6649 6648)
4(55 56 6609 6608)
4(56 34 6587 6609)
4(98 56 6609 6651)
4(96 97 6650 6649)
4(97 98 6651 6650)
4(108 109 6662 6661)
4(109 67 6620 6662)
4(152 109 6662 6705)
4(150 151 6704 6703)
4(151 152 6705 6704)
4(109 110 6663 6662)
4(110 68 6621 6663)
4(154 110 6663 6707)
4(152 153 6706 6705)
4(153 154 6707 6706)
4(110 111 6664 6663)
4(111 69 6622 6664)
4(156 111 6664 6709)
4(154 155 6708 6707)
4(155 156 6709 6708)
4(111 112 6665 6664)
4(112 70 6623 6665)
4(158 112 6665 6711)
4(156 157 6710 6709)
4(157 158 6711 6710)
4(3284 3134 9687 9837)
4(3283 3284 9837 9836)
4(3133 3132 9685 9686)
4(3134 3133 9686 9687)
4(3285 3136 9689 9838)
4(3284 3285 9838 9837)
4(3135 3134 9687 9688)
4(3136 3135 9688 9689)
4(3286 3138 9691 9839)
4(3285 3286 9839 9838)
4(3137 3136 9689 9690)
4(3138 3137 9690 9691)
4(3287 3140 9693 9840)
4(3286 3287 9840 9839)
4(3139 3138 9691 9692)
4(3140 3139 9692 9693)
4(112 113 6666 6665)
4(113 71 6624 6666)
4(160 113 6666 6713)
4(158 159 6712 6711)
4(159 160 6713 6712)
4(113 114 6667 6666)
4(114 72 6625 6667)
4(162 114 6667 6715)
4(160 161 6714 6713)
4(161 162 6715 6714)
4(114 115 6668 6667)
4(115 73 6626 6668)
4(164 115 6668 6717)
4(162 163 6716 6715)
4(163 164 6717 6716)
4(115 116 6669 6668)
4(116 74 6627 6669)
4(166 116 6669 6719)
4(164 165 6718 6717)
4(165 166 6719 6718)
4(3288 3142 9695 9841)
4(3287 3288 9841 9840)
4(3141 3140 9693 9694)
4(3142 3141 9694 9695)
4(3289 3144 9697 9842)
4(3288 3289 9842 9841)
4(3143 3142 9695 9696)
4(3144 3143 9696 9697)
4(3290 3146 9699 9843)
4(3289 3290 9843 9842)
4(3145 3144 9697 9698)
4(3146 3145 9698 9699)
4(3291 3148 9701 9844)
4(3290 3291 9844 9843)
4(3147 3146 9699 9700)
4(3148 3147 9700 9701)
4(56 57 6610 6609)
4(57 35 6588 6610)
4(100 57 6610 6653)
4(98 99 6652 6651)
4(99 100 6653 6652)
4(57 58 6611 6610)
4(100 101 6654 6653)
4(219 101 6654 6772)
4(100 142 6695 6653)
4(142 217 6770 6695)
4(217 218 6771 6770)
4(218 219 6772 6771)
4(219 220 6773 6772)
4(220 102 6655 6773)
4(862 220 6773 7415)
4(219 672 7225 6772)
4(672 860 7413 7225)
4(860 861 7414 7413)
4(861 862 7415 7414)
4(220 221 6774 6773)
4(862 863 7416 7415)
4(1298 863 7416 7851)
4(862 1237 7790 7415)
4(1237 1296 7849 7790)
4(1296 1297 7850 7849)
4(1297 1298 7851 7850)
4(1298 1299 7852 7851)
4(1299 864 7417 7852)
4(1443 1299 7852 7996)
4(1442 1443 7996 7995)
4(1298 1360 7913 7851)
4(1360 1442 7995 7913)
4(1299 1300 7853 7852)
4(1443 1444 7997 7996)
4(116 117 6670 6669)
4(117 75 6628 6670)
4(168 117 6670 6721)
4(166 167 6720 6719)
4(167 168 6721 6720)
4(117 118 6671 6670)
4(118 76 6629 6671)
4(170 118 6671 6723)
4(168 169 6722 6721)
4(169 170 6723 6722)
4(118 119 6672 6671)
4(119 77 6630 6672)
4(172 119 6672 6725)
4(170 171 6724 6723)
4(171 172 6725 6724)
4(119 120 6673 6672)
4(120 78 6631 6673)
4(174 120 6673 6727)
4(172 173 6726 6725)
4(173 174 6727 6726)
4(3292 3150 9703 9845)
4(3291 3292 9845 9844)
4(3149 3148 9701 9702)
4(3150 3149 9702 9703)
4(3150 3151 9704 9703)
4(3151 2981 9534 9704)
4(2980 2979 9532 9533)
4(2981 2980 9533 9534)
4(2979 3069 9622 9532)
4(3069 3150 9703 9622)
4(3293 3151 9704 9846)
4(3292 3293 9846 9845)
4(2320 2321 8874 8873)
4(1989 1988 8541 8542)
4(1990 1989 8542 8543)
4(1988 2052 8605 8541)
4(2052 2320 8873 8605)
4(2983 2984 9537 9536)
4(2320 2649 9202 8873)
4(2649 2983 9536 9202)
4(3151 3152 9705 9704)
4(3152 2983 9536 9705)
4(2982 2981 9534 9535)
4(2983 2982 9535 9536)
4(3294 3152 9705 9847)
4(3293 3294 9847 9846)
4(3152 3153 9706 9705)
4(3294 3295 9848 9847)
4(1577 1578 8131 8130)
4(1578 1443 7996 8131)
4(1442 1512 8065 7995)
4(1512 1577 8130 8065)
4(120 121 6674 6673)
4(121 79 6632 6674)
4(1717 1578 8131 8270)
4(1716 1717 8270 8269)
4(1577 1643 8196 8130)
4(1643 1716 8269 8196)
4(176 121 6674 6729)
4(174 175 6728 6727)
4(175 176 6729 6728)
4(1578 1579 8132 8131)
4(121 122 6675 6674)
4(122 80 6633 6675)
4(1717 1718 8271 8270)
4(178 122 6675 6731)
4(176 177 6730 6729)
4(177 178 6731 6730)
4(1848 1849 8402 8401)
4(1849 1717 8270 8402)
4(1716 1775 8328 8269)
4(1775 1848 8401 8328)
4(1991 1849 8402 8544)
4(1848 1913 8466 8401)
4(1913 1990 8543 8466)
4(1849 1850 8403 8402)
4(122 123 6676 6675)
4(123 81 6634 6676)
4(180 123 6676 6733)
4(178 179 6732 6731)
4(179 180 6733 6732)
4(123 124 6677 6676)
4(124 82 6635 6677)
4(182 124 6677 6735)
4(180 181 6734 6733)
4(181 182 6735 6734)
4(3422 3284 9837 9975)
4(3420 3421 9974 9973)
4(3421 3422 9975 9974)
4(3424 3285 9838 9977)
4(3422 3423 9976 9975)
4(3423 3424 9977 9976)
4(3426 3286 9839 9979)
4(3424 3425 9978 9977)
4(3425 3426 9979 9978)
4(3428 3287 9840 9981)
4(3426 3427 9980 9979)
4(3427 3428 9981 9980)
4(3430 3288 9841 9983)
4(3428 3429 9982 9981)
4(3429 3430 9983 9982)
4(3432 3289 9842 9985)
4(3430 3431 9984 9983)
4(3431 3432 9985 9984)
4(3434 3290 9843 9987)
4(3432 3433 9986 9985)
4(3433 3434 9987 9986)
4(3436 3291 9844 9989)
4(3434 3435 9988 9987)
4(3435 3436 9989 9988)
4(6504 6505 13058 13057)
4(6505 6472 13025 13058)
4(6471 6470 13023 13024)
4(6472 6471 13024 13025)
4(6527 6505 13058 13080)
4(6505 6506 13059 13058)
4(6506 6474 13027 13059)
4(6473 6472 13025 13026)
4(6474 6473 13026 13027)
4(6528 6506 13059 13081)
4(6506 6507 13060 13059)
4(6507 6476 13029 13060)
4(6475 6474 13027 13028)
4(6476 6475 13028 13029)
4(6529 6507 13060 13082)
4(6507 6508 13061 13060)
4(6508 6478 13031 13061)
4(6477 6476 13029 13030)
4(6478 6477 13030 13031)
4(6530 6508 13061 13083)
4(1253 1254 7807 7806)
4(1254 1226 7779 7807)
4(1279 1254 7807 7832)
4(1278 1279 7832 7831)
4(1254 1255 7808 7807)
4(1242 1227 7780 7795)
4(1255 1242 7795 7808)
4(1279 1280 7833 7832)
4(1267 1255 7808 7820)
4(1280 1267 7820 7833)
4(6508 6509 13062 13061)
4(6509 6480 13033 13062)
4(6479 6478 13031 13032)
4(6480 6479 13032 13033)
4(6531 6509 13062 13084)
4(6509 6510 13063 13062)
4(6510 6482 13035 13063)
4(6481 6480 13033 13034)
4(6482 6481 13034 13035)
4(6532 6510 13063 13085)
4(1384 1385 7938 7937)
4(1385 1347 7900 7938)
4(1425 1385 7938 7978)
4(1424 1425 7978 7977)
4(1385 1386 7939 7938)
4(1386 1348 7901 7939)
4(1403 1386 7939 7956)
4(1427 1403 7956 7980)
4(1425 1426 7979 7978)
4(1426 1427 7980 7979)
4(6510 6511 13064 13063)
4(6511 6484 13037 13064)
4(6483 6482 13035 13036)
4(6484 6483 13036 13037)
4(1314 1279 7832 7867)
4(1313 1314 7867 7866)
4(6533 6511 13064 13086)
4(1314 1315 7868 7867)
4(1301 1280 7833 7854)
4(1315 1301 7854 7868)
4(1349 1314 7867 7902)
4(1348 1349 7902 7901)
4(1349 1350 7903 7902)
4(1350 1351 7904 7903)
4(1329 1315 7868 7882)
4(1351 1329 7882 7904)
4(6511 6512 13065 13064)
4(6512 6486 13039 13065)
4(6485 6484 13037 13038)
4(6486 6485 13038 13039)
4(6534 6512 13065 13087)
4(1386 1387 7940 7939)
4(1387 1388 7941 7940)
4(1378 1349 7902 7931)
4(1388 1378 7931 7941)
4(3438 3292 9845 9991)
4(3436 3437 9990 9989)
4(3437 3438 9991 9990)
4(3438 3439 9992 9991)
4(3439 3293 9846 9992)
4(3632 3439 9992 10185)
4(3438 3520 10073 9991)
4(3520 3630 10183 10073)
4(3630 3631 10184 10183)
4(3631 3632 10185 10184)
4(3439 3440 9993 9992)
4(3440 3294 9847 9993)
4(3634 3440 9993 10187)
4(3632 3633 10186 10185)
4(3633 3634 10187 10186)
4(3440 3441 9994 9993)
4(3634 3635 10188 10187)
4(4263 4264 10817 10816)
4(3634 3929 10482 10187)
4(3929 4263 10816 10482)
4(4263 4511 11064 10816)
4(4511 4580 11133 11064)
4(4580 4581 11134 11133)
4(4581 4582 11135 11134)
4(742 743 7296 7295)
4(743 653 7206 7296)
4(841 743 7296 7394)
4(839 840 7393 7392)
4(840 841 7394 7393)
4(743 744 7297 7296)
4(744 654 7207 7297)
4(843 744 7297 7396)
4(841 842 7395 7394)
4(842 843 7396 7395)
4(4722 4723 11276 11275)
4(4723 4583 11136 11276)
4(4582 4657 11210 11135)
4(4657 4722 11275 11210)
4(4862 4723 11276 11415)
4(4861 4862 11415 11414)
4(4722 4788 11341 11275)
4(4788 4861 11414 11341)
4(4723 4724 11277 11276)
4(4862 4863 11416 11415)
4(4993 4994 11547 11546)
4(4994 4862 11415 11547)
4(4861 4920 11473 11414)
4(4920 4993 11546 11473)
4(745 655 7208 7298)
4(744 745 7298 7297)
4(5131 4994 11547 11684)
4(5130 5131 11684 11683)
4(4993 5058 11611 11546)
4(5058 5130 11683 11611)
4(745 746 7299 7298)
4(746 656 7209 7299)
4(845 745 7298 7398)
4(843 844 7397 7396)
4(844 845 7398 7397)
4(760 746 7299 7313)
4(847 760 7313 7400)
4(845 846 7399 7398)
4(846 847 7400 7399)
4(4994 4995 11548 11547)
4(5131 5132 11685 11684)
4(222 223 6776 6775)
4(223 149 6702 6776)
4(657 223 6776 7210)
4(656 657 7210 7209)
4(223 224 6777 6776)
4(224 150 6703 6777)
4(657 658 7211 7210)
4(658 659 7212 7211)
4(355 224 6777 6908)
4(659 355 6908 7212)
4(746 747 7300 7299)
4(747 748 7301 7300)
4(673 657 7210 7226)
4(748 673 7226 7301)
4(1072 1073 7626 7625)
4(1073 838 7391 7626)
4(1155 1073 7626 7708)
4(1229 1155 7708 7782)
4(1227 1228 7781 7780)
4(1228 1229 7782 7781)
4(1073 1074 7627 7626)
4(1074 1075 7628 7627)
4(930 839 7392 7483)
4(1075 930 7483 7628)
4(6489 6407 12960 13042)
4(6488 6489 13042 13041)
4(6405 6446 12999 12958)
4(6446 6488 13041 12999)
4(6406 6405 12958 12959)
4(6407 6406 12959 12960)
4(5717 5718 12271 12270)
4(5718 5277 11830 12271)
4(5275 5328 11881 11828)
4(5328 5717 12270 11881)
4(5276 5275 11828 11829)
4(5277 5276 11829 11830)
4(6407 6408 12961 12960)
4(6408 5717 12270 12961)
4(5715 5901 12454 12268)
4(5901 6407 12960 12454)
4(5716 5715 12268 12269)
4(5717 5716 12269 12270)
4(6490 6408 12961 13043)
4(6408 6409 12962 12961)
4(6512 6513 13066 13065)
4(6513 6488 13041 13066)
4(6487 6486 13039 13040)
4(6488 6487 13040 13041)
4(6535 6513 13066 13088)
4(6513 6514 13067 13066)
4(5277 5278 11831 11830)
4(5278 5131 11684 11831)
4(5130 5208 11761 11683)
4(5208 5277 11830 11761)
4(5719 5278 11831 12272)
4(5278 5279 11832 11831)
4(3047 3048 9601 9600)
4(3048 2937 9490 9601)
4(2935 3018 9571 9488)
4(3018 3047 9600 9571)
4(2936 2935 9488 9489)
4(2937 2936 9489 9490)
4(3129 3048 9601 9682)
4(3128 3129 9682 9681)
4(3047 3089 9642 9600)
4(3089 3128 9681 9642)
4(3048 3049 9602 9601)
4(3049 2939 9492 9602)
4(2938 2937 9490 9491)
4(2939 2938 9491 9492)
4(3129 3130 9683 9682)
4(3130 3049 9602 9683)
4(3211 3212 9765 9764)
4(3212 3129 9682 9765)
4(3128 3181 9734 9681)
4(3181 3211 9764 9734)
4(3281 3212 9765 9834)
4(3280 3281 9834 9833)
4(3211 3241 9794 9764)
4(3241 3280 9833 9794)
4(3212 3213 9766 9765)
4(3281 3282 9835 9834)
4(3049 3050 9603 9602)
4(3050 2941 9494 9603)
4(2940 2939 9492 9493)
4(2941 2940 9493 9494)
4(3131 3050 9603 9684)
4(3050 3051 9604 9603)
4(3051 2943 9496 9604)
4(2942 2941 9494 9495)
4(2943 2942 9495 9496)
4(3132 3051 9604 9685)
4(3339 3340 9893 9892)
4(3340 3259 9812 9893)
4(3402 3340 9893 9955)
4(3401 3402 9955 9954)
4(3340 3341 9894 9893)
4(3311 3260 9813 9864)
4(3341 3311 9864 9894)
4(3402 3403 9956 9955)
4(3371 3341 9894 9924)
4(3403 3371 9924 9956)
4(3483 3484 10037 10036)
4(3484 3402 9955 10037)
4(3570 3484 10037 10123)
4(3569 3570 10123 10122)
4(3484 3485 10038 10037)
4(3463 3403 9956 10016)
4(3485 3463 10016 10038)
4(3570 3571 10124 10123)
4(3534 3485 10038 10087)
4(3571 3534 10087 10124)
4(3903 3904 10457 10456)
4(3904 3570 10123 10457)
4(4234 3904 10457 10787)
4(4233 4234 10787 10786)
4(3904 3905 10458 10457)
4(3659 3571 10124 10212)
4(3905 3659 10212 10458)
4(4234 4235 10788 10787)
4(4072 3905 10458 10625)
4(4235 4072 10625 10788)
4(4500 4501 11054 11053)
4(4501 4234 10787 11054)
4(4563 4501 11054 11116)
4(4562 4563 11116 11115)
4(4501 4502 11055 11054)
4(4471 4235 10788 11024)
4(4502 4471 11024 11055)
4(4563 4564 11117 11116)
4(4530 4502 11055 11083)
4(4564 4530 11083 11117)
4(4639 4640 11193 11192)
4(4640 4563 11116 11193)
4(4705 4640 11193 11258)
4(4704 4705 11258 11257)
4(4640 4641 11194 11193)
4(4611 4564 11117 11164)
4(4641 4611 11164 11194)
4(4705 4706 11259 11258)
4(4672 4641 11194 11225)
4(4706 4672 11225 11259)
4(4777 4778 11331 11330)
4(4778 4705 11258 11331)
4(4837 4778 11331 11390)
4(4836 4837 11390 11389)
4(4778 4779 11332 11331)
4(4747 4706 11259 11300)
4(4779 4747 11300 11332)
4(4837 4838 11391 11390)
4(4811 4779 11332 11364)
4(4838 4811 11364 11391)
4(4909 4910 11463 11462)
4(4910 4837 11390 11463)
4(4976 4910 11463 11529)
4(4975 4976 11529 11528)
4(4910 4911 11464 11463)
4(4879 4838 11391 11432)
4(4911 4879 11432 11464)
4(4976 4977 11530 11529)
4(4943 4911 11464 11496)
4(4977 4943 11496 11530)
4(5040 5041 11594 11593)
4(5041 4976 11529 11594)
4(5111 5041 11594 11664)
4(5110 5111 11664 11663)
4(5041 5042 11595 11594)
4(5018 4977 11530 11571)
4(5042 5018 11571 11595)
4(5111 5112 11665 11664)
4(5073 5042 11595 11626)
4(5112 5073 11626 11665)
4(5192 5193 11746 11745)
4(5193 5111 11664 11746)
4(5255 5193 11746 11808)
4(5193 5194 11747 11746)
4(5158 5112 11665 11711)
4(5194 5158 11711 11747)
4(5256 5194 11747 11809)
4(5256 5257 11810 11809)
4(5195 5194 11747 11748)
4(5196 5195 11748 11749)
4(5229 5196 11749 11782)
4(5257 5229 11782 11810)
4(5315 5316 11869 11868)
4(5290 5257 11810 11843)
4(5316 5290 11843 11869)
4(5691 5316 11869 12244)
4(5317 5316 11869 11870)
4(5318 5317 11870 11871)
4(5469 5318 11871 12022)
4(5692 5469 12022 12245)
4(5880 5881 12434 12433)
4(5693 5692 12245 12246)
4(5694 5693 12246 12247)
4(5793 5694 12247 12346)
4(5881 5793 12346 12434)
4(6334 5881 12434 12887)
4(6335 5883 12436 12888)
4(5882 5881 12434 12435)
4(5883 5882 12435 12436)
4(6335 6336 12889 12888)
4(5885 5884 12437 12438)
4(5884 5883 12436 12437)
4(6198 5885 12438 12751)
4(6336 6198 12751 12889)
4(6410 6411 12964 12963)
4(6411 6336 12889 12964)
4(6453 6411 12964 13006)
4(6411 6412 12965 12964)
4(6412 6338 12891 12965)
4(6337 6336 12889 12890)
4(6338 6337 12890 12891)
4(6454 6412 12965 13007)
4(1472 1473 8026 8025)
4(1446 1425 7978 7999)
4(1473 1446 7999 8026)
4(1496 1497 8050 8049)
4(1480 1473 8026 8033)
4(1497 1480 8033 8050)
4(1527 1528 8081 8080)
4(1521 1497 8050 8074)
4(1528 1521 8074 8081)
4(1561 1562 8115 8114)
4(1551 1528 8081 8104)
4(1562 1551 8104 8115)
4(1602 1603 8156 8155)
4(1588 1562 8115 8141)
4(1603 1588 8141 8156)
4(1634 1635 8188 8187)
4(1610 1603 8156 8163)
4(1635 1610 8163 8188)
4(1666 1667 8220 8219)
4(1652 1635 8188 8205)
4(1667 1652 8205 8220)
4(1693 1694 8247 8246)
4(1682 1667 8220 8235)
4(1694 1682 8235 8247)
4(1734 1735 8288 8287)
4(1720 1694 8247 8273)
4(1735 1720 8273 8288)
4(1766 1767 8320 8319)
4(1750 1735 8288 8303)
4(1767 1750 8303 8320)
4(1798 1799 8352 8351)
4(1792 1767 8320 8345)
4(1799 1792 8345 8352)
4(1832 1833 8386 8385)
4(1814 1799 8352 8367)
4(1833 1814 8367 8386)
4(1873 1874 8427 8426)
4(1851 1833 8386 8404)
4(1874 1851 8404 8427)
4(1897 1898 8451 8450)
4(1881 1874 8427 8434)
4(1898 1881 8434 8451)
4(1932 1933 8486 8485)
4(1924 1898 8451 8477)
4(1933 1924 8477 8486)
4(1972 1973 8526 8525)
4(1959 1933 8486 8512)
4(1973 1959 8512 8526)
4(3347 3348 9901 9900)
4(3348 3281 9834 9901)
4(3280 3317 9870 9833)
4(3317 3347 9900 9870)
4(3417 3348 9901 9970)
4(3416 3417 9970 9969)
4(3347 3377 9930 9900)
4(3377 3416 9969 9930)
4(3348 3349 9902 9901)
4(3417 3418 9971 9970)
4(3498 3499 10052 10051)
4(3499 3417 9970 10052)
4(3416 3469 10022 9969)
4(3469 3498 10051 10022)
4(3588 3499 10052 10141)
4(3498 3540 10093 10051)
4(3540 3586 10139 10093)
4(3586 3587 10140 10139)
4(3587 3588 10141 10140)
4(3499 3500 10053 10052)
4(3500 3418 9971 10053)
4(3590 3500 10053 10143)
4(3588 3589 10142 10141)
4(3589 3590 10143 10142)
4(3500 3501 10054 10053)
4(3501 3419 9972 10054)
4(3592 3501 10054 10145)
4(3590 3591 10144 10143)
4(3591 3592 10145 10144)
4(3501 3502 10055 10054)
4(3502 3420 9973 10055)
4(3594 3502 10055 10147)
4(3592 3593 10146 10145)
4(3593 3594 10147 10146)
4(6412 6413 12966 12965)
4(6413 6340 12893 12966)
4(6339 6338 12891 12892)
4(6340 6339 12892 12893)
4(6455 6413 12966 13008)
4(6413 6414 12967 12966)
4(6414 6342 12895 12967)
4(6341 6340 12893 12894)
4(6342 6341 12894 12895)
4(6456 6414 12967 13009)
4(6414 6415 12968 12967)
4(6415 6344 12897 12968)
4(6343 6342 12895 12896)
4(6344 6343 12896 12897)
4(6457 6415 12968 13010)
4(6415 6416 12969 12968)
4(6416 6346 12899 12969)
4(6345 6344 12897 12898)
4(6346 6345 12898 12899)
4(6458 6416 12969 13011)
4(2014 2015 8568 8567)
4(2002 1973 8526 8555)
4(2015 2002 8555 8568)
4(2043 2044 8597 8596)
4(2023 2015 8568 8576)
4(2044 2023 8576 8597)
4(2072 2073 8626 8625)
4(2057 2044 8597 8610)
4(2073 2057 8610 8626)
4(2292 2293 8846 8845)
4(2148 2073 8626 8701)
4(2293 2148 8701 8846)
4(2460 2461 9014 9013)
4(2384 2293 8846 8937)
4(2461 2384 8937 9014)
4(2625 2626 9179 9178)
4(2548 2461 9014 9101)
4(2626 2548 9101 9179)
4(6416 6417 12970 12969)
4(6417 6348 12901 12970)
4(6347 6346 12899 12900)
4(6348 6347 12900 12901)
4(2798 2799 9352 9351)
4(2664 2626 9179 9217)
4(2799 2664 9217 9352)
4(6459 6417 12970 13012)
4(2920 2921 9474 9473)
4(2901 2799 9352 9454)
4(2921 2901 9454 9474)
4(6417 6418 12971 12970)
4(6418 6350 12903 12971)
4(6349 6348 12901 12902)
4(6350 6349 12902 12903)
4(6460 6418 12971 13013)
4(6418 6419 12972 12971)
4(6419 6352 12905 12972)
4(6351 6350 12903 12904)
4(6352 6351 12904 12905)
4(6461 6419 12972 13014)
4(6419 6420 12973 12972)
4(6420 6354 12907 12973)
4(6353 6352 12905 12906)
4(6354 6353 12906 12907)
4(6462 6420 12973 13015)
4(3012 3013 9566 9565)
4(2987 2921 9474 9540)
4(3013 2987 9540 9566)
4(3034 3035 9588 9587)
4(3019 3013 9566 9572)
4(3035 3019 9572 9588)
4(3083 3084 9637 9636)
4(3078 3035 9588 9631)
4(3084 3078 9631 9637)
4(3115 3116 9669 9668)
4(3106 3084 9637 9659)
4(3116 3106 9659 9669)
4(3175 3176 9729 9728)
4(3162 3116 9669 9715)
4(3176 3162 9715 9729)
4(3205 3206 9759 9758)
4(3182 3176 9729 9735)
4(3206 3182 9735 9759)
4(3235 3236 9789 9788)
4(3222 3206 9759 9775)
4(3236 3222 9775 9789)
4(3260 3261 9814 9813)
4(3250 3236 9789 9803)
4(3261 3250 9803 9814)
4(6420 6421 12974 12973)
4(6421 6356 12909 12974)
4(6355 6354 12907 12908)
4(6356 6355 12908 12909)
4(6463 6421 12974 13016)
4(6421 6422 12975 12974)
4(6422 6358 12911 12975)
4(6357 6356 12909 12910)
4(6358 6357 12910 12911)
4(6464 6422 12975 13017)
4(6422 6423 12976 12975)
4(6423 6360 12913 12976)
4(6359 6358 12911 12912)
4(6360 6359 12912 12913)
4(6465 6423 12976 13018)
4(6423 6424 12977 12976)
4(6424 6362 12915 12977)
4(6361 6360 12913 12914)
4(6362 6361 12914 12915)
4(6466 6424 12977 13019)
4(6424 6425 12978 12977)
4(6425 6364 12917 12978)
4(6363 6362 12915 12916)
4(6364 6363 12916 12917)
4(6467 6425 12978 13020)
4(6425 6426 12979 12978)
4(6426 6366 12919 12979)
4(6365 6364 12917 12918)
4(6366 6365 12918 12919)
4(6468 6426 12979 13021)
4(6426 6427 12980 12979)
4(6427 6368 12921 12980)
4(6367 6366 12919 12920)
4(6368 6367 12920 12921)
4(6469 6427 12980 13022)
4(6427 6428 12981 12980)
4(6428 6370 12923 12981)
4(6369 6368 12921 12922)
4(6370 6369 12922 12923)
4(6470 6428 12981 13023)
4(124 125 6678 6677)
4(125 83 6636 6678)
4(184 125 6678 6737)
4(182 183 6736 6735)
4(183 184 6737 6736)
4(125 126 6679 6678)
4(126 84 6637 6679)
4(186 126 6679 6739)
4(184 185 6738 6737)
4(185 186 6739 6738)
4(126 127 6680 6679)
4(127 85 6638 6680)
4(188 127 6680 6741)
4(186 187 6740 6739)
4(187 188 6741 6740)
4(127 128 6681 6680)
4(128 86 6639 6681)
4(190 128 6681 6743)
4(188 189 6742 6741)
4(189 190 6743 6742)
4(128 129 6682 6681)
4(129 87 6640 6682)
4(192 129 6682 6745)
4(190 191 6744 6743)
4(191 192 6745 6744)
4(129 130 6683 6682)
4(130 88 6641 6683)
4(194 130 6683 6747)
4(192 193 6746 6745)
4(193 194 6747 6746)
4(130 131 6684 6683)
4(131 89 6642 6684)
4(196 131 6684 6749)
4(194 195 6748 6747)
4(195 196 6749 6748)
4(131 132 6685 6684)
4(132 90 6643 6685)
4(198 132 6685 6751)
4(196 197 6750 6749)
4(197 198 6751 6750)
4(132 133 6686 6685)
4(133 91 6644 6686)
4(200 133 6686 6753)
4(198 199 6752 6751)
4(199 200 6753 6752)
4(133 134 6687 6686)
4(134 92 6645 6687)
4(202 134 6687 6755)
4(200 201 6754 6753)
4(201 202 6755 6754)
4(134 135 6688 6687)
4(135 93 6646 6688)
4(204 135 6688 6757)
4(202 203 6756 6755)
4(203 204 6757 6756)
4(135 136 6689 6688)
4(136 94 6647 6689)
4(206 136 6689 6759)
4(204 205 6758 6757)
4(205 206 6759 6758)
4(136 137 6690 6689)
4(137 95 6648 6690)
4(208 137 6690 6761)
4(206 207 6760 6759)
4(207 208 6761 6760)
4(137 138 6691 6690)
4(138 96 6649 6691)
4(210 138 6691 6763)
4(208 209 6762 6761)
4(209 210 6763 6762)
4(138 139 6692 6691)
4(139 97 6650 6692)
4(212 139 6692 6765)
4(210 211 6764 6763)
4(211 212 6765 6764)
4(139 140 6693 6692)
4(140 98 6651 6693)
4(214 140 6693 6767)
4(212 213 6766 6765)
4(213 214 6767 6766)
4(226 151 6704 6779)
4(224 225 6778 6777)
4(225 226 6779 6778)
4(228 152 6705 6781)
4(226 227 6780 6779)
4(227 228 6781 6780)
4(230 153 6706 6783)
4(228 229 6782 6781)
4(229 230 6783 6782)
4(232 154 6707 6785)
4(230 231 6784 6783)
4(231 232 6785 6784)
4(234 155 6708 6787)
4(232 233 6786 6785)
4(233 234 6787 6786)
4(236 156 6709 6789)
4(234 235 6788 6787)
4(235 236 6789 6788)
4(238 157 6710 6791)
4(236 237 6790 6789)
4(237 238 6791 6790)
4(240 158 6711 6793)
4(238 239 6792 6791)
4(239 240 6793 6792)
4(3051 3052 9605 9604)
4(3052 2945 9498 9605)
4(2944 2943 9496 9497)
4(2945 2944 9497 9498)
4(3133 3052 9605 9686)
4(3052 3053 9606 9605)
4(3053 2947 9500 9606)
4(2946 2945 9498 9499)
4(2947 2946 9499 9500)
4(3134 3053 9606 9687)
4(3053 3054 9607 9606)
4(3054 2949 9502 9607)
4(2948 2947 9500 9501)
4(2949 2948 9501 9502)
4(3135 3054 9607 9688)
4(3054 3055 9608 9607)
4(3055 2951 9504 9608)
4(2950 2949 9502 9503)
4(2951 2950 9503 9504)
4(3136 3055 9608 9689)
4(3055 3056 9609 9608)
4(3056 2953 9506 9609)
4(2952 2951 9504 9505)
4(2953 2952 9505 9506)
4(3137 3056 9609 9690)
4(3056 3057 9610 9609)
4(3057 2955 9508 9610)
4(2954 2953 9506 9507)
4(2955 2954 9507 9508)
4(3138 3057 9610 9691)
4(3057 3058 9611 9610)
4(3058 2957 9510 9611)
4(2956 2955 9508 9509)
4(2957 2956 9509 9510)
4(3139 3058 9611 9692)
4(3058 3059 9612 9611)
4(3059 2959 9512 9612)
4(2958 2957 9510 9511)
4(2959 2958 9511 9512)
4(3140 3059 9612 9693)
4(242 159 6712 6795)
4(240 241 6794 6793)
4(241 242 6795 6794)
4(244 160 6713 6797)
4(242 243 6796 6795)
4(243 244 6797 6796)
4(246 161 6714 6799)
4(244 245 6798 6797)
4(245 246 6799 6798)
4(248 162 6715 6801)
4(246 247 6800 6799)
4(247 248 6801 6800)
4(250 163 6716 6803)
4(248 249 6802 6801)
4(249 250 6803 6802)
4(252 164 6717 6805)
4(250 251 6804 6803)
4(251 252 6805 6804)
4(254 165 6718 6807)
4(252 253 6806 6805)
4(253 254 6807 6806)
4(256 166 6719 6809)
4(254 255 6808 6807)
4(255 256 6809 6808)
4(3059 3060 9613 9612)
4(3060 2961 9514 9613)
4(2960 2959 9512 9513)
4(2961 2960 9513 9514)
4(3141 3060 9613 9694)
4(3060 3061 9614 9613)
4(3061 2963 9516 9614)
4(2962 2961 9514 9515)
4(2963 2962 9515 9516)
4(3142 3061 9614 9695)
4(3061 3062 9615 9614)
4(3062 2965 9518 9615)
4(2964 2963 9516 9517)
4(2965 2964 9517 9518)
4(3143 3062 9615 9696)
4(3062 3063 9616 9615)
4(3063 2967 9520 9616)
4(2966 2965 9518 9519)
4(2967 2966 9519 9520)
4(3144 3063 9616 9697)
4(3063 3064 9617 9616)
4(3064 2969 9522 9617)
4(2968 2967 9520 9521)
4(2969 2968 9521 9522)
4(3145 3064 9617 9698)
4(3064 3065 9618 9617)
4(3065 2971 9524 9618)
4(2970 2969 9522 9523)
4(2971 2970 9523 9524)
4(3146 3065 9618 9699)
4(3065 3066 9619 9618)
4(3066 2973 9526 9619)
4(2972 2971 9524 9525)
4(2973 2972 9525 9526)
4(3147 3066 9619 9700)
4(3066 3067 9620 9619)
4(3067 2975 9528 9620)
4(2974 2973 9526 9527)
4(2975 2974 9527 9528)
4(3148 3067 9620 9701)
4(140 141 6694 6693)
4(141 99 6652 6694)
4(216 141 6694 6769)
4(214 215 6768 6767)
4(215 216 6769 6768)
4(141 142 6695 6694)
4(216 217 6770 6769)
4(669 217 6770 7222)
4(216 354 6907 6769)
4(354 667 7220 6907)
4(667 668 7221 7220)
4(668 669 7222 7221)
4(671 218 6771 7224)
4(669 670 7223 7222)
4(670 671 7224 7223)
4(671 672 7225 7224)
4(671 759 7312 7224)
4(759 858 7411 7312)
4(858 859 7412 7411)
4(859 860 7413 7412)
4(1236 861 7414 7789)
4(860 1083 7636 7413)
4(1083 1234 7787 7636)
4(1234 1235 7788 7787)
4(1235 1236 7789 7788)
4(1236 1237 7790 7789)
4(1236 1262 7815 7789)
4(1262 1294 7847 7815)
4(1294 1295 7848 7847)
4(1295 1296 7849 7848)
4(1358 1359 7912 7911)
4(1359 1297 7850 7912)
4(1296 1323 7876 7849)
4(1323 1358 7911 7876)
4(1441 1359 7912 7994)
4(1440 1441 7994 7993)
4(1358 1394 7947 7911)
4(1394 1440 7993 7947)
4(1359 1360 7913 7912)
4(1441 1442 7995 7994)
4(258 167 6720 6811)
4(256 257 6810 6809)
4(257 258 6811 6810)
4(260 168 6721 6813)
4(258 259 6812 6811)
4(259 260 6813 6812)
4(262 169 6722 6815)
4(260 261 6814 6813)
4(261 262 6815 6814)
4(264 170 6723 6817)
4(262 263 6816 6815)
4(263 264 6817 6816)
4(1510 1511 8064 8063)
4(1511 1441 7994 8064)
4(1440 1479 8032 7993)
4(1479 1510 8063 8032)
4(1576 1511 8064 8129)
4(1575 1576 8129 8128)
4(1510 1534 8087 8063)
4(1534 1575 8128 8087)
4(1511 1512 8065 8064)
4(1576 1577 8130 8129)
4(1641 1642 8195 8194)
4(1642 1576 8129 8195)
4(1575 1609 8162 8128)
4(1609 1641 8194 8162)
4(1715 1642 8195 8268)
4(1714 1715 8268 8267)
4(1641 1673 8226 8194)
4(1673 1714 8267 8226)
4(1642 1643 8196 8195)
4(1715 1716 8269 8268)
4(266 171 6724 6819)
4(264 265 6818 6817)
4(265 266 6819 6818)
4(268 172 6725 6821)
4(266 267 6820 6819)
4(267 268 6821 6820)
4(1773 1774 8327 8326)
4(1774 1715 8268 8327)
4(1714 1741 8294 8267)
4(1741 1773 8326 8294)
4(270 173 6726 6823)
4(268 269 6822 6821)
4(269 270 6823 6822)
4(1847 1774 8327 8400)
4(1846 1847 8400 8399)
4(1773 1805 8358 8326)
4(1805 1846 8399 8358)
4(1774 1775 8328 8327)
4(272 174 6727 6825)
4(270 271 6824 6823)
4(271 272 6825 6824)
4(1847 1848 8401 8400)
4(1911 1912 8465 8464)
4(1912 1847 8400 8465)
4(1846 1880 8433 8399)
4(1880 1911 8464 8433)
4(1989 1912 8465 8542)
4(1911 1941 8494 8464)
4(1941 1988 8541 8494)
4(1912 1913 8466 8465)
4(2980 2645 9198 9533)
4(2643 2893 9446 9196)
4(2893 2979 9532 9446)
4(2644 2643 9196 9197)
4(2645 2644 9197 9198)
4(2981 2647 9200 9534)
4(2646 2645 9198 9199)
4(2647 2646 9199 9200)
4(3067 3068 9621 9620)
4(3068 2977 9530 9621)
4(2976 2975 9528 9529)
4(2977 2976 9529 9530)
4(3149 3068 9621 9702)
4(3068 3069 9622 9621)
4(2978 2977 9530 9531)
4(2979 2978 9531 9532)
4(2051 2052 8605 8604)
4(1987 1986 8539 8540)
4(1988 1987 8540 8541)
4(1986 2022 8575 8539)
4(2022 2051 8604 8575)
4(2319 2320 8873 8872)
4(2051 2081 8634 8604)
4(2081 2319 8872 8634)
4(2647 2648 9201 9200)
4(2648 2319 8872 9201)
4(2317 2480 9033 8870)
4(2480 2647 9200 9033)
4(2318 2317 8870 8871)
4(2319 2318 8871 8872)
4(2982 2648 9201 9535)
4(2648 2649 9202 9201)
4(274 175 6728 6827)
4(272 273 6826 6825)
4(273 274 6827 6826)
4(276 176 6729 6829)
4(274 275 6828 6827)
4(275 276 6829 6828)
4(278 177 6730 6831)
4(276 277 6830 6829)
4(277 278 6831 6830)
4(280 178 6731 6833)
4(278 279 6832 6831)
4(279 280 6833 6832)
4(282 179 6732 6835)
4(280 281 6834 6833)
4(281 282 6835 6834)
4(284 180 6733 6837)
4(282 283 6836 6835)
4(283 284 6837 6836)
4(286 181 6734 6839)
4(284 285 6838 6837)
4(285 286 6839 6838)
4(288 182 6735 6841)
4(286 287 6840 6839)
4(287 288 6841 6840)
4(3502 3503 10056 10055)
4(3503 3421 9974 10056)
4(3596 3503 10056 10149)
4(3594 3595 10148 10147)
4(3595 3596 10149 10148)
4(3503 3504 10057 10056)
4(3504 3422 9975 10057)
4(3598 3504 10057 10151)
4(3596 3597 10150 10149)
4(3597 3598 10151 10150)
4(3504 3505 10058 10057)
4(3505 3423 9976 10058)
4(3600 3505 10058 10153)
4(3598 3599 10152 10151)
4(3599 3600 10153 10152)
4(3505 3506 10059 10058)
4(3506 3424 9977 10059)
4(3602 3506 10059 10155)
4(3600 3601 10154 10153)
4(3601 3602 10155 10154)
4(3506 3507 10060 10059)
4(3507 3425 9978 10060)
4(3604 3507 10060 10157)
4(3602 3603 10156 10155)
4(3603 3604 10157 10156)
4(3507 3508 10061 10060)
4(3508 3426 9979 10061)
4(3606 3508 10061 10159)
4(3604 3605 10158 10157)
4(3605 3606 10159 10158)
4(3508 3509 10062 10061)
4(3509 3427 9980 10062)
4(3608 3509 10062 10161)
4(3606 3607 10160 10159)
4(3607 3608 10161 10160)
4(3509 3510 10063 10062)
4(3510 3428 9981 10063)
4(3610 3510 10063 10163)
4(3608 3609 10162 10161)
4(3609 3610 10163 10162)
4(3510 3511 10064 10063)
4(3511 3429 9982 10064)
4(3612 3511 10064 10165)
4(3610 3611 10164 10163)
4(3611 3612 10165 10164)
4(3511 3512 10065 10064)
4(3512 3430 9983 10065)
4(3614 3512 10065 10167)
4(3612 3613 10166 10165)
4(3613 3614 10167 10166)
4(3512 3513 10066 10065)
4(3513 3431 9984 10066)
4(3616 3513 10066 10169)
4(3614 3615 10168 10167)
4(3615 3616 10169 10168)
4(3513 3514 10067 10066)
4(3514 3432 9985 10067)
4(3618 3514 10067 10171)
4(3616 3617 10170 10169)
4(3617 3618 10171 10170)
4(3514 3515 10068 10067)
4(3515 3433 9986 10068)
4(3620 3515 10068 10173)
4(3618 3619 10172 10171)
4(3619 3620 10173 10172)
4(3515 3516 10069 10068)
4(3516 3434 9987 10069)
4(3622 3516 10069 10175)
4(3620 3621 10174 10173)
4(3621 3622 10175 10174)
4(3516 3517 10070 10069)
4(3517 3435 9988 10070)
4(3624 3517 10070 10177)
4(3622 3623 10176 10175)
4(3623 3624 10177 10176)
4(3517 3518 10071 10070)
4(3518 3436 9989 10071)
4(3626 3518 10071 10179)
4(3624 3625 10178 10177)
4(3625 3626 10179 10178)
4(6428 6429 12982 12981)
4(6429 6372 12925 12982)
4(6371 6370 12923 12924)
4(6372 6371 12924 12925)
4(6471 6429 12982 13024)
4(6429 6430 12983 12982)
4(6430 6374 12927 12983)
4(6373 6372 12925 12926)
4(6374 6373 12926 12927)
4(6472 6430 12983 13025)
4(6430 6431 12984 12983)
4(6431 6376 12929 12984)
4(6375 6374 12927 12928)
4(6376 6375 12928 12929)
4(6473 6431 12984 13026)
4(6431 6432 12985 12984)
4(6432 6378 12931 12985)
4(6377 6376 12929 12930)
4(6378 6377 12930 12931)
4(6474 6432 12985 13027)
4(6432 6433 12986 12985)
4(6433 6380 12933 12986)
4(6379 6378 12931 12932)
4(6380 6379 12932 12933)
4(6475 6433 12986 13028)
4(6433 6434 12987 12986)
4(6434 6382 12935 12987)
4(6381 6380 12933 12934)
4(6382 6381 12934 12935)
4(6476 6434 12987 13029)
4(6434 6435 12988 12987)
4(6435 6384 12937 12988)
4(6383 6382 12935 12936)
4(6384 6383 12936 12937)
4(6477 6435 12988 13030)
4(6435 6436 12989 12988)
4(6436 6386 12939 12989)
4(6385 6384 12937 12938)
4(6386 6385 12938 12939)
4(6478 6436 12989 13031)
4(6436 6437 12990 12989)
4(6437 6388 12941 12990)
4(6387 6386 12939 12940)
4(6388 6387 12940 12941)
4(6479 6437 12990 13032)
4(6437 6438 12991 12990)
4(6438 6390 12943 12991)
4(6389 6388 12941 12942)
4(6390 6389 12942 12943)
4(6480 6438 12991 13033)
4(6438 6439 12992 12991)
4(6439 6392 12945 12992)
4(6391 6390 12943 12944)
4(6392 6391 12944 12945)
4(6481 6439 12992 13034)
4(6439 6440 12993 12992)
4(6440 6394 12947 12993)
4(6393 6392 12945 12946)
4(6394 6393 12946 12947)
4(6482 6440 12993 13035)
4(6440 6441 12994 12993)
4(6441 6396 12949 12994)
4(6395 6394 12947 12948)
4(6396 6395 12948 12949)
4(6483 6441 12994 13036)
4(6441 6442 12995 12994)
4(6442 6398 12951 12995)
4(6397 6396 12949 12950)
4(6398 6397 12950 12951)
4(6484 6442 12995 13037)
4(6442 6443 12996 12995)
4(6443 6400 12953 12996)
4(6399 6398 12951 12952)
4(6400 6399 12952 12953)
4(6485 6443 12996 13038)
4(6443 6444 12997 12996)
4(6444 6402 12955 12997)
4(6401 6400 12953 12954)
4(6402 6401 12954 12955)
4(6486 6444 12997 13039)
4(1403 1404 7957 7956)
4(1404 1387 7940 7957)
4(1428 1404 7957 7981)
4(1427 1428 7981 7980)
4(1404 1405 7958 7957)
4(1405 1388 7941 7958)
4(1411 1404 7957 7964)
4(1428 1411 7964 7981)
4(1412 1405 7958 7965)
4(1411 1412 7965 7964)
4(1428 1429 7982 7981)
4(1429 1411 7964 7982)
4(1378 1379 7932 7931)
4(1379 1350 7903 7932)
4(1389 1379 7932 7942)
4(1388 1389 7942 7941)
4(1350 1362 7915 7903)
4(1362 1351 7904 7915)
4(1350 1361 7914 7903)
4(1361 1362 7915 7914)
4(1380 1379 7932 7933)
4(1389 1380 7933 7942)
4(1380 1361 7914 7933)
4(1390 1389 7942 7943)
4(1389 1406 7959 7942)
4(1406 1407 7960 7959)
4(1407 1390 7943 7960)
4(1390 1380 7933 7943)
4(1405 1406 7959 7958)
4(1413 1407 7960 7966)
4(1412 1413 7966 7965)
4(3518 3519 10072 10071)
4(3519 3437 9990 10072)
4(3628 3519 10072 10181)
4(3626 3627 10180 10179)
4(3627 3628 10181 10180)
4(3519 3520 10073 10072)
4(3628 3629 10182 10181)
4(3629 3630 10183 10182)
4(3925 3631 10184 10478)
4(3630 3754 10307 10183)
4(3754 3923 10476 10307)
4(3923 3924 10477 10476)
4(3924 3925 10478 10477)
4(3927 3632 10185 10480)
4(3925 3926 10479 10478)
4(3926 3927 10480 10479)
4(3927 3928 10481 10480)
4(3928 3633 10186 10481)
4(4262 3928 10481 10815)
4(3927 4092 10645 10480)
4(4092 4260 10813 10645)
4(4260 4261 10814 10813)
4(4261 4262 10815 10814)
4(3928 3929 10482 10481)
4(4262 4263 10816 10815)
4(4510 4511 11064 11063)
4(4262 4480 11033 10815)
4(4480 4510 11063 11033)
4(4510 4538 11091 11063)
4(4538 4578 11131 11091)
4(4578 4579 11132 11131)
4(4579 4580 11133 11132)
4(4655 4656 11209 11208)
4(4656 4581 11134 11209)
4(4580 4620 11173 11133)
4(4620 4655 11208 11173)
4(4721 4656 11209 11274)
4(4720 4721 11274 11273)
4(4655 4679 11232 11208)
4(4679 4720 11273 11232)
4(4656 4657 11210 11209)
4(4721 4722 11275 11274)
4(4786 4787 11340 11339)
4(4787 4721 11274 11340)
4(4720 4754 11307 11273)
4(4754 4786 11339 11307)
4(4860 4787 11340 11413)
4(4859 4860 11413 11412)
4(4786 4818 11371 11339)
4(4818 4859 11412 11371)
4(4787 4788 11341 11340)
4(4860 4861 11414 11413)
4(4918 4919 11472 11471)
4(4919 4860 11413 11472)
4(4859 4886 11439 11412)
4(4886 4918 11471 11439)
4(4992 4919 11472 11545)
4(4991 4992 11545 11544)
4(4918 4950 11503 11471)
4(4950 4991 11544 11503)
4(4919 4920 11473 11472)
4(4992 4993 11546 11545)
4(5056 5057 11610 11609)
4(5057 4992 11545 11610)
4(4991 5025 11578 11544)
4(5025 5056 11609 11578)
4(5129 5057 11610 11682)
4(5128 5129 11682 11681)
4(5056 5080 11633 11609)
4(5080 5128 11681 11633)
4(5057 5058 11611 11610)
4(5129 5130 11683 11682)
4(760 761 7314 7313)
4(761 747 7300 7314)
4(848 760 7313 7401)
4(847 848 7401 7400)
4(768 760 7313 7321)
4(848 768 7321 7401)
4(761 769 7322 7314)
4(769 762 7315 7322)
4(762 761 7314 7315)
4(768 769 7322 7321)
4(762 770 7323 7315)
4(763 762 7315 7316)
4(771 763 7316 7324)
4(770 771 7324 7323)
4(769 770 7323 7322)
4(762 748 7301 7315)
4(673 674 7227 7226)
4(674 658 7211 7227)
4(749 674 7227 7302)
4(748 749 7302 7301)
4(674 675 7228 7227)
4(675 659 7212 7228)
4(683 674 7227 7236)
4(749 750 7303 7302)
4(750 683 7236 7303)
4(683 675 7228 7236)
4(684 675 7228 7237)
4(683 684 7237 7236)
4(763 749 7302 7316)
4(771 772 7325 7324)
4(772 750 7303 7325)
4(1155 1074 7627 7708)
4(1156 1229 7782 7709)
4(1229 1230 7783 7782)
4(1230 1156 7709 7783)
4(1084 1155 7708 7637)
4(1156 1084 7637 7709)
4(1075 1085 7638 7628)
4(1086 1075 7628 7639)
4(1085 1086 7639 7638)
4(1074 1084 7637 7627)
4(1084 1085 7638 7637)
4(1242 1243 7796 7795)
4(1243 1228 7781 7796)
4(1256 1243 7796 7809)
4(1255 1256 7809 7808)
4(1243 1244 7797 7796)
4(1244 1229 7782 7797)
4(6404 6405 12958 12957)
4(6405 5898 12451 12958)
4(5896 6330 12883 12449)
4(6330 6404 12957 12883)
4(5897 5896 12449 12450)
4(5898 5897 12450 12451)
4(1256 1244 7797 7809)
4(1249 1256 7809 7802)
4(1256 1257 7810 7809)
4(1257 1249 7802 7810)
4(1249 1244 7797 7802)
4(1250 1244 7797 7803)
4(1249 1250 7803 7802)
4(6444 6445 12998 12997)
4(6445 6404 12957 12998)
4(6403 6402 12955 12956)
4(6404 6403 12956 12957)
4(1267 1268 7821 7820)
4(1268 1256 7809 7821)
4(6487 6445 12998 13040)
4(1281 1268 7821 7834)
4(1280 1281 7834 7833)
4(6445 6446 12999 12998)
4(1268 1269 7822 7821)
4(1269 1257 7810 7822)
4(1281 1282 7835 7834)
4(1283 1269 7822 7836)
4(1282 1283 7836 7835)
4(1244 1245 7798 7797)
4(1245 1230 7783 7798)
4(6406 5900 12453 12959)
4(5899 5898 12451 12452)
4(5900 5899 12452 12453)
4(1251 1245 7798 7804)
4(1250 1251 7804 7803)
4(5900 5901 12454 12453)
4(5714 5713 12266 12267)
4(5715 5714 12267 12268)
4(5713 5810 12363 12266)
4(5810 5900 12453 12363)
4(930 931 7484 7483)
4(931 840 7393 7484)
4(1076 931 7484 7629)
4(1075 1076 7629 7628)
4(931 932 7485 7484)
4(932 841 7394 7485)
4(1076 932 7485 7629)
4(932 1005 7558 7485)
4(1006 932 7485 7559)
4(1005 1006 7559 7558)
4(1076 1005 7558 7629)
4(1076 1077 7630 7629)
4(1077 1005 7558 7630)
4(1087 1076 7629 7640)
4(1086 1087 7640 7639)
4(5716 5327 11880 12269)
4(5325 5480 12033 11878)
4(5480 5715 12268 12033)
4(5326 5325 11878 11879)
4(5327 5326 11879 11880)
4(5327 5328 11881 11880)
4(5274 5273 11826 11827)
4(5275 5274 11827 11828)
4(5273 5299 11852 11826)
4(5299 5327 11880 11852)
4(1087 1088 7641 7640)
4(1088 1077 7630 7641)
4(5206 5207 11760 11759)
4(5207 5129 11682 11760)
4(5128 5168 11721 11681)
4(5168 5206 11759 11721)
4(932 933 7486 7485)
4(933 842 7395 7486)
4(5276 5207 11760 11829)
4(5206 5239 11792 11759)
4(5239 5275 11828 11792)
4(1007 933 7486 7560)
4(1006 1007 7560 7559)
4(5207 5208 11761 11760)
4(933 934 7487 7486)
4(934 843 7396 7487)
4(940 934 7487 7493)
4(1007 1008 7561 7560)
4(1008 940 7493 7561)
4(2306 2388 8941 8859)
4(2388 2465 9018 8941)
4(2307 2306 8859 8860)
4(2308 2307 8860 8861)
4(2465 2466 9019 9018)
4(2466 2467 9020 9019)
4(2389 2308 8861 8942)
4(2467 2389 8942 9020)
4(2631 2632 9185 9184)
4(2632 2469 9022 9185)
4(2467 2553 9106 9020)
4(2553 2631 9184 9106)
4(2468 2467 9020 9021)
4(2469 2468 9021 9022)
4(2805 2632 9185 9358)
4(2631 2668 9221 9184)
4(2668 2803 9356 9221)
4(2803 2804 9357 9356)
4(2804 2805 9358 9357)
4(2632 2633 9186 9185)
4(2470 2469 9022 9023)
4(2471 2470 9023 9024)
4(2554 2471 9024 9107)
4(2633 2554 9107 9186)
4(2805 2806 9359 9358)
4(2806 2633 9186 9359)
4(2934 2806 9359 9487)
4(2805 2906 9459 9358)
4(2906 2932 9485 9459)
4(2932 2933 9486 9485)
4(2933 2934 9487 9486)
4(2806 2807 9360 9359)
4(2634 2633 9186 9187)
4(2635 2634 9187 9188)
4(2669 2635 9188 9222)
4(2807 2669 9222 9360)
4(2934 2935 9488 9487)
4(2935 2807 9360 9488)
4(1301 1302 7855 7854)
4(1302 1282 7835 7855)
4(1315 1316 7869 7868)
4(1316 1302 7855 7869)
4(1315 1325 7878 7868)
4(1325 1316 7869 7878)
4(1315 1324 7877 7868)
4(1324 1325 7878 7877)
4(1329 1330 7883 7882)
4(1330 1324 7877 7883)
4(1351 1352 7905 7904)
4(1352 1330 7883 7905)
4(1362 1363 7916 7915)
4(1363 1352 7905 7916)
4(3017 3018 9571 9570)
4(2934 2993 9546 9487)
4(2993 3017 9570 9546)
4(3046 3047 9600 9599)
4(3017 3023 9576 9570)
4(3023 3046 9599 9576)
4(3088 3089 9642 9641)
4(3046 3082 9635 9599)
4(3082 3088 9641 9635)
4(3127 3128 9681 9680)
4(3088 3110 9663 9641)
4(3110 3127 9680 9663)
4(3180 3181 9734 9733)
4(3127 3166 9719 9680)
4(3166 3180 9733 9719)
4(3210 3211 9764 9763)
4(3180 3186 9739 9733)
4(3186 3210 9763 9739)
4(3240 3241 9794 9793)
4(3210 3226 9779 9763)
4(3226 3240 9793 9779)
4(3279 3280 9833 9832)
4(3240 3254 9807 9793)
4(3254 3279 9832 9807)
4(941 844 7397 7494)
4(940 941 7494 7493)
4(942 845 7398 7495)
4(941 942 7495 7494)
4(943 845 7398 7496)
4(942 943 7496 7495)
4(867 845 7398 7420)
4(943 867 7420 7496)
4(868 846 7399 7421)
4(867 868 7421 7420)
4(869 847 7400 7422)
4(868 869 7422 7421)
4(2936 2809 9362 9489)
4(2808 2807 9360 9361)
4(2809 2808 9361 9362)
4(2937 2811 9364 9490)
4(2810 2809 9362 9363)
4(2811 2810 9363 9364)
4(2938 2813 9366 9491)
4(2812 2811 9364 9365)
4(2813 2812 9365 9366)
4(2939 2815 9368 9492)
4(2814 2813 9366 9367)
4(2815 2814 9367 9368)
4(870 848 7401 7423)
4(869 870 7423 7422)
4(2940 2817 9370 9493)
4(2816 2815 9368 9369)
4(2817 2816 9369 9370)
4(2941 2819 9372 9494)
4(2818 2817 9370 9371)
4(2819 2818 9371 9372)
4(2942 2821 9374 9495)
4(2820 2819 9372 9373)
4(2821 2820 9373 9374)
4(2943 2823 9376 9496)
4(2822 2821 9374 9375)
4(2823 2822 9375 9376)
4(3311 3312 9865 9864)
4(3298 3261 9814 9851)
4(3312 3298 9851 9865)
4(3341 3342 9895 9894)
4(3326 3312 9865 9879)
4(3342 3326 9879 9895)
4(3371 3372 9925 9924)
4(3366 3342 9895 9919)
4(3372 3366 9919 9925)
4(3403 3404 9957 9956)
4(3386 3372 9925 9939)
4(3404 3386 9939 9957)
4(3463 3464 10017 10016)
4(3442 3404 9957 9995)
4(3464 3442 9995 10017)
4(3485 3486 10039 10038)
4(3470 3464 10017 10023)
4(3486 3470 10023 10039)
4(3534 3535 10088 10087)
4(3529 3486 10039 10082)
4(3535 3529 10082 10088)
4(3571 3572 10125 10124)
4(3559 3535 10088 10112)
4(3572 3559 10112 10125)
4(3659 3660 10213 10212)
4(3646 3572 10125 10199)
4(3660 3646 10199 10213)
4(3905 3906 10459 10458)
4(3879 3660 10213 10432)
4(3906 3879 10432 10459)
4(4072 4073 10626 10625)
4(3991 3906 10459 10544)
4(4073 3991 10544 10626)
4(4235 4236 10789 10788)
4(4157 4073 10626 10710)
4(4236 4157 10710 10789)
4(4471 4472 11025 11024)
4(4397 4236 10789 10950)
4(4472 4397 10950 11025)
4(4502 4503 11056 11055)
4(4489 4472 11025 11042)
4(4503 4489 11042 11056)
4(4530 4531 11084 11083)
4(4524 4503 11056 11077)
4(4531 4524 11077 11084)
4(4564 4565 11118 11117)
4(4544 4531 11084 11097)
4(4565 4544 11097 11118)
4(4611 4612 11165 11164)
4(4586 4565 11118 11139)
4(4612 4586 11139 11165)
4(4641 4642 11195 11194)
4(4621 4612 11165 11174)
4(4642 4621 11174 11195)
4(4672 4673 11226 11225)
4(4666 4642 11195 11219)
4(4673 4666 11219 11226)
4(4706 4707 11260 11259)
4(4696 4673 11226 11249)
4(4707 4696 11249 11260)
4(4747 4748 11301 11300)
4(4733 4707 11260 11286)
4(4748 4733 11286 11301)
4(4779 4780 11333 11332)
4(4755 4748 11301 11308)
4(4780 4755 11308 11333)
4(4811 4812 11365 11364)
4(4797 4780 11333 11350)
4(4812 4797 11350 11365)
4(4838 4839 11392 11391)
4(4827 4812 11365 11380)
4(4839 4827 11380 11392)
4(4879 4880 11433 11432)
4(4865 4839 11392 11418)
4(4880 4865 11418 11433)
4(4911 4912 11465 11464)
4(4895 4880 11433 11448)
4(4912 4895 11448 11465)
4(4943 4944 11497 11496)
4(4937 4912 11465 11490)
4(4944 4937 11490 11497)
4(4977 4978 11531 11530)
4(4959 4944 11497 11512)
4(4978 4959 11512 11531)
4(5018 5019 11572 11571)
4(4996 4978 11531 11549)
4(5019 4996 11549 11572)
4(5042 5043 11596 11595)
4(5026 5019 11572 11579)
4(5043 5026 11579 11596)
4(5073 5074 11627 11626)
4(5067 5043 11596 11620)
4(5074 5067 11620 11627)
4(5112 5113 11666 11665)
4(5099 5074 11627 11652)
4(5113 5099 11652 11666)
4(5158 5159 11712 11711)
4(5159 5113 11666 11712)
4(5195 5159 11712 11748)
4(5159 5160 11713 11712)
4(5114 5113 11666 11667)
4(5115 5114 11667 11668)
4(5142 5115 11668 11695)
4(5160 5142 11695 11713)
4(5196 5160 11713 11749)
4(5196 5197 11750 11749)
4(5161 5160 11713 11714)
4(5162 5161 11714 11715)
4(5169 5162 11715 11722)
4(5197 5169 11722 11750)
4(5230 5197 11750 11783)
4(5229 5230 11783 11782)
4(5231 5230 11783 11784)
4(5230 5258 11811 11783)
4(5258 5259 11812 11811)
4(5246 5231 11784 11799)
4(5259 5246 11799 11812)
4(5198 5197 11750 11751)
4(5199 5198 11751 11752)
4(5217 5199 11752 11770)
4(5231 5217 11770 11784)
4(5257 5258 11811 11810)
4(5290 5291 11844 11843)
4(5291 5258 11811 11844)
4(5317 5291 11844 11870)
4(5291 5292 11845 11844)
4(5280 5259 11812 11833)
4(5292 5280 11833 11845)
4(5304 5292 11845 11857)
4(5318 5304 11857 11871)
4(5469 5470 12023 12022)
4(5319 5318 11871 11872)
4(5320 5319 11872 11873)
4(5394 5320 11873 11947)
4(5470 5394 11947 12023)
4(5693 5470 12023 12246)
4(5471 5470 12023 12024)
4(5472 5471 12024 12025)
4(5613 5472 12025 12166)
4(5694 5613 12166 12247)
4(5793 5794 12347 12346)
4(5794 5696 12249 12347)
4(5695 5694 12247 12248)
4(5696 5695 12248 12249)
4(5882 5794 12347 12435)
4(5794 5795 12348 12347)
4(5795 5698 12251 12348)
4(5697 5696 12249 12250)
4(5698 5697 12250 12251)
4(5883 5795 12348 12436)
4(5796 5700 12253 12349)
4(5795 5796 12349 12348)
4(5699 5698 12251 12252)
4(5700 5699 12252 12253)
4(5797 5796 12349 12350)
4(5796 5884 12437 12349)
4(5885 5797 12350 12438)
4(5701 5700 12253 12254)
4(5702 5701 12254 12255)
4(5785 5702 12255 12338)
4(5797 5785 12338 12350)
4(5885 5886 12439 12438)
4(5798 5797 12350 12351)
4(5799 5798 12351 12352)
4(5870 5799 12352 12423)
4(5886 5870 12423 12439)
4(6198 6199 12752 12751)
4(6199 5886 12439 12752)
4(6337 6199 12752 12890)
4(6199 6200 12753 12752)
4(5887 5886 12439 12440)
4(5888 5887 12440 12441)
4(6069 5888 12441 12622)
4(6200 6069 12622 12753)
4(6338 6200 12753 12891)
4(1446 1447 8000 7999)
4(1447 1426 7979 8000)
4(1474 1447 8000 8027)
4(1473 1474 8027 8026)
4(1447 1448 8001 8000)
4(1448 1427 7980 8001)
4(1474 1448 8001 8027)
4(1454 1474 8027 8007)
4(1474 1475 8028 8027)
4(1475 1454 8007 8028)
4(1454 1448 8001 8007)
4(1455 1449 8002 8008)
4(1449 1448 8001 8002)
4(1454 1455 8008 8007)
4(1456 1449 8002 8009)
4(1455 1456 8009 8008)
4(1480 1481 8034 8033)
4(1481 1474 8027 8034)
4(1498 1481 8034 8051)
4(1497 1498 8051 8050)
4(1481 1482 8035 8034)
4(1482 1475 8028 8035)
4(1498 1499 8052 8051)
4(1499 1482 8035 8052)
4(1521 1522 8075 8074)
4(1522 1498 8051 8075)
4(1529 1522 8075 8082)
4(1528 1529 8082 8081)
4(1522 1523 8076 8075)
4(1523 1499 8052 8076)
4(1529 1530 8083 8082)
4(1530 1523 8076 8083)
4(1551 1552 8105 8104)
4(1552 1529 8082 8105)
4(1563 1552 8105 8116)
4(1562 1563 8116 8115)
4(1552 1553 8106 8105)
4(1535 1530 8083 8088)
4(1553 1535 8088 8106)
4(1563 1564 8117 8116)
4(1564 1553 8106 8117)
4(1449 1428 7981 8002)
4(1449 1450 8003 8002)
4(1450 1429 7982 8003)
4(1457 1450 8003 8010)
4(1456 1457 8010 8009)
4(1588 1589 8142 8141)
4(1589 1563 8116 8142)
4(1604 1589 8142 8157)
4(1603 1604 8157 8156)
4(1589 1590 8143 8142)
4(1580 1564 8117 8133)
4(1590 1580 8133 8143)
4(1604 1605 8158 8157)
4(1605 1590 8143 8158)
4(1610 1611 8164 8163)
4(1611 1604 8157 8164)
4(1636 1611 8164 8189)
4(1635 1636 8189 8188)
4(1611 1612 8165 8164)
4(1612 1605 8158 8165)
4(1636 1637 8190 8189)
4(1616 1612 8165 8169)
4(1637 1616 8169 8190)
4(1652 1653 8206 8205)
4(1653 1636 8189 8206)
4(1668 1653 8206 8221)
4(1667 1668 8221 8220)
4(1653 1654 8207 8206)
4(1654 1637 8190 8207)
4(1668 1669 8222 8221)
4(1658 1654 8207 8211)
4(1669 1658 8211 8222)
4(1682 1683 8236 8235)
4(1683 1668 8221 8236)
4(1695 1683 8236 8248)
4(1694 1695 8248 8247)
4(1683 1684 8237 8236)
4(1684 1669 8222 8237)
4(1695 1696 8249 8248)
4(1696 1684 8237 8249)
4(1720 1721 8274 8273)
4(1721 1695 8248 8274)
4(1736 1721 8274 8289)
4(1735 1736 8289 8288)
4(1721 1722 8275 8274)
4(1722 1696 8249 8275)
4(1736 1737 8290 8289)
4(1737 1722 8275 8290)
4(1750 1751 8304 8303)
4(1751 1736 8289 8304)
4(1768 1751 8304 8321)
4(1767 1768 8321 8320)
4(1751 1752 8305 8304)
4(1742 1737 8290 8295)
4(1752 1742 8295 8305)
4(1768 1769 8322 8321)
4(1769 1752 8305 8322)
4(1792 1793 8346 8345)
4(1793 1768 8321 8346)
4(1800 1793 8346 8353)
4(1799 1800 8353 8352)
4(1793 1794 8347 8346)
4(1776 1769 8322 8329)
4(1794 1776 8329 8347)
4(1800 1801 8354 8353)
4(1801 1794 8347 8354)
4(1814 1815 8368 8367)
4(1815 1800 8353 8368)
4(1834 1815 8368 8387)
4(1833 1834 8387 8386)
4(1815 1816 8369 8368)
4(1816 1801 8354 8369)
4(1834 1835 8388 8387)
4(1820 1816 8369 8373)
4(1835 1820 8373 8388)
4(1851 1852 8405 8404)
4(1852 1834 8387 8405)
4(1875 1852 8405 8428)
4(1874 1875 8428 8427)
4(1852 1853 8406 8405)
4(1853 1835 8388 8406)
4(1875 1876 8429 8428)
4(1857 1853 8406 8410)
4(1876 1857 8410 8429)
4(1881 1882 8435 8434)
4(1882 1875 8428 8435)
4(1899 1882 8435 8452)
4(1898 1899 8452 8451)
4(1882 1883 8436 8435)
4(1883 1876 8429 8436)
4(1899 1900 8453 8452)
4(1900 1883 8436 8453)
4(1924 1925 8478 8477)
4(1925 1899 8452 8478)
4(1934 1925 8478 8487)
4(1933 1934 8487 8486)
4(1925 1926 8479 8478)
4(1926 1900 8453 8479)
4(1934 1935 8488 8487)
4(1935 1926 8479 8488)
4(1959 1960 8513 8512)
4(1960 1934 8487 8513)
4(1974 1960 8513 8527)
4(1973 1974 8527 8526)
4(1960 1961 8514 8513)
4(1942 1935 8488 8495)
4(1961 1942 8495 8514)
4(1974 1975 8528 8527)
4(1975 1961 8514 8528)
4(3316 3317 9870 9869)
4(3279 3302 9855 9832)
4(3302 3316 9869 9855)
4(3346 3347 9900 9899)
4(3316 3330 9883 9869)
4(3330 3346 9899 9883)
4(3376 3377 9930 9929)
4(3346 3370 9923 9899)
4(3370 3376 9929 9923)
4(3415 3416 9969 9968)
4(3376 3390 9943 9929)
4(3390 3415 9968 9943)
4(3468 3469 10022 10021)
4(3415 3446 9999 9968)
4(3446 3468 10021 9999)
4(3497 3498 10051 10050)
4(3468 3474 10027 10021)
4(3474 3497 10050 10027)
4(3539 3540 10093 10092)
4(3497 3533 10086 10050)
4(3533 3539 10092 10086)
4(3585 3586 10139 10138)
4(3539 3565 10118 10092)
4(3565 3585 10138 10118)
4(3911 3912 10465 10464)
4(3912 3666 10219 10465)
4(3664 3883 10436 10217)
4(3883 3911 10464 10436)
4(3665 3664 10217 10218)
4(3666 3665 10218 10219)
4(4077 4161 10714 10630)
4(4161 4249 10802 10714)
4(4078 4077 10630 10631)
4(4079 4078 10631 10632)
4(4162 4079 10632 10715)
4(4251 4162 10715 10804)
4(4249 4250 10803 10802)
4(4250 4251 10804 10803)
4(4081 3912 10465 10634)
4(3911 3996 10549 10464)
4(3996 4079 10632 10549)
4(4079 4080 10633 10632)
4(4080 4081 10634 10633)
4(3666 3667 10220 10219)
4(3667 3585 10138 10220)
4(3584 3583 10136 10137)
4(3585 3584 10137 10138)
4(3583 3651 10204 10136)
4(3651 3666 10219 10204)
4(3913 3667 10220 10466)
4(3912 3913 10466 10465)
4(3667 3668 10221 10220)
4(3668 3586 10139 10221)
4(3913 3914 10467 10466)
4(3914 3915 10468 10467)
4(3884 3668 10221 10437)
4(3915 3884 10437 10468)
4(4081 4082 10635 10634)
4(4082 4083 10636 10635)
4(3997 3913 10466 10550)
4(4083 3997 10550 10636)
4(3670 3587 10140 10223)
4(3668 3669 10222 10221)
4(3669 3670 10223 10222)
4(3672 3588 10141 10225)
4(3670 3671 10224 10223)
4(3671 3672 10225 10224)
4(3674 3589 10142 10227)
4(3672 3673 10226 10225)
4(3673 3674 10227 10226)
4(3676 3590 10143 10229)
4(3674 3675 10228 10227)
4(3675 3676 10229 10228)
4(3678 3591 10144 10231)
4(3676 3677 10230 10229)
4(3677 3678 10231 10230)
4(3680 3592 10145 10233)
4(3678 3679 10232 10231)
4(3679 3680 10233 10232)
4(3682 3593 10146 10235)
4(3680 3681 10234 10233)
4(3681 3682 10235 10234)
4(3684 3594 10147 10237)
4(3682 3683 10236 10235)
4(3683 3684 10237 10236)
4(6339 6202 12755 12892)
4(6201 6200 12753 12754)
4(6202 6201 12754 12755)
4(6340 6204 12757 12893)
4(6203 6202 12755 12756)
4(6204 6203 12756 12757)
4(6341 6206 12759 12894)
4(6205 6204 12757 12758)
4(6206 6205 12758 12759)
4(6342 6208 12761 12895)
4(6207 6206 12759 12760)
4(6208 6207 12760 12761)
4(6343 6210 12763 12896)
4(6209 6208 12761 12762)
4(6210 6209 12762 12763)
4(6344 6212 12765 12897)
4(6211 6210 12763 12764)
4(6212 6211 12764 12765)
4(6345 6214 12767 12898)
4(6213 6212 12765 12766)
4(6214 6213 12766 12767)
4(6346 6216 12769 12899)
4(6215 6214 12767 12768)
4(6216 6215 12768 12769)
4(2002 2003 8556 8555)
4(2003 1974 8527 8556)
4(2016 2003 8556 8569)
4(2015 2016 8569 8568)
4(2003 2004 8557 8556)
4(1994 1975 8528 8547)
4(2004 1994 8547 8557)
4(2016 2017 8570 8569)
4(2017 2004 8557 8570)
4(2023 2024 8577 8576)
4(2024 2016 8569 8577)
4(2045 2024 8577 8598)
4(2044 2045 8598 8597)
4(2024 2025 8578 8577)
4(2025 2017 8570 8578)
4(2045 2046 8599 8598)
4(2029 2025 8578 8582)
4(2046 2029 8582 8599)
4(2057 2058 8611 8610)
4(2058 2045 8598 8611)
4(2074 2058 8611 8627)
4(2073 2074 8627 8626)
4(2058 2059 8612 8611)
4(2059 2046 8599 8612)
4(2074 2075 8628 8627)
4(2064 2059 8612 8617)
4(2075 2064 8617 8628)
4(2148 2149 8702 8701)
4(2149 2074 8627 8702)
4(2294 2149 8702 8847)
4(2293 2294 8847 8846)
4(2149 2150 8703 8702)
4(2150 2075 8628 8703)
4(2294 2295 8848 8847)
4(2295 2150 8703 8848)
4(6347 6218 12771 12900)
4(6217 6216 12769 12770)
4(6218 6217 12770 12771)
4(6348 6220 12773 12901)
4(6219 6218 12771 12772)
4(6220 6219 12772 12773)
4(2384 2385 8938 8937)
4(2385 2294 8847 8938)
4(2462 2385 8938 9015)
4(2461 2462 9015 9014)
4(2385 2386 8939 8938)
4(2386 2295 8848 8939)
4(2462 2463 9016 9015)
4(2463 2386 8939 9016)
4(2548 2549 9102 9101)
4(2549 2462 9015 9102)
4(6349 6222 12775 12902)
4(6221 6220 12773 12774)
4(6222 6221 12774 12775)
4(2627 2549 9102 9180)
4(2626 2627 9180 9179)
4(2549 2550 9103 9102)
4(2481 2463 9016 9034)
4(2550 2481 9034 9103)
4(6350 6224 12777 12903)
4(6223 6222 12775 12776)
4(6224 6223 12776 12777)
4(2627 2628 9181 9180)
4(2628 2550 9103 9181)
4(2664 2665 9218 9217)
4(2665 2627 9180 9218)
4(2800 2665 9218 9353)
4(2799 2800 9353 9352)
4(2665 2666 9219 9218)
4(2650 2628 9181 9203)
4(2666 2650 9203 9219)
4(2800 2801 9354 9353)
4(2801 2666 9219 9354)
4(2901 2902 9455 9454)
4(2902 2800 9353 9455)
4(2922 2902 9455 9475)
4(2921 2922 9475 9474)
4(2902 2903 9456 9455)
4(2903 2801 9354 9456)
4(2922 2923 9476 9475)
4(2907 2903 9456 9460)
4(2923 2907 9460 9476)
4(6351 6226 12779 12904)
4(6225 6224 12777 12778)
4(6226 6225 12778 12779)
4(6352 6228 12781 12905)
4(6227 6226 12779 12780)
4(6228 6227 12780 12781)
4(6353 6230 12783 12906)
4(6229 6228 12781 12782)
4(6230 6229 12782 12783)
4(6354 6232 12785 12907)
4(6231 6230 12783 12784)
4(6232 6231 12784 12785)
4(2987 2988 9541 9540)
4(2988 2922 9475 9541)
4(3014 2988 9541 9567)
4(3013 3014 9567 9566)
4(2988 2989 9542 9541)
4(2989 2923 9476 9542)
4(3014 3015 9568 9567)
4(2994 2989 9542 9547)
4(3015 2994 9547 9568)
4(3019 3020 9573 9572)
4(3020 3014 9567 9573)
4(3036 3020 9573 9589)
4(3035 3036 9589 9588)
4(3020 3021 9574 9573)
4(3021 3015 9568 9574)
4(3036 3037 9590 9589)
4(3037 3021 9574 9590)
4(3078 3079 9632 9631)
4(3079 3036 9589 9632)
4(3085 3079 9632 9638)
4(3084 3085 9638 9637)
4(3079 3080 9633 9632)
4(3080 3037 9590 9633)
4(3085 3086 9639 9638)
4(3086 3080 9633 9639)
4(3106 3107 9660 9659)
4(3107 3085 9638 9660)
4(3117 3107 9660 9670)
4(3116 3117 9670 9669)
4(3107 3108 9661 9660)
4(3090 3086 9639 9643)
4(3108 3090 9643 9661)
4(3117 3118 9671 9670)
4(3118 3108 9661 9671)
4(3162 3163 9716 9715)
4(3163 3117 9670 9716)
4(3177 3163 9716 9730)
4(3176 3177 9730 9729)
4(3163 3164 9717 9716)
4(3154 3118 9671 9707)
4(3164 3154 9707 9717)
4(3177 3178 9731 9730)
4(3178 3164 9717 9731)
4(3182 3183 9736 9735)
4(3183 3177 9730 9736)
4(3207 3183 9736 9760)
4(3206 3207 9760 9759)
4(3183 3184 9737 9736)
4(3184 3178 9731 9737)
4(3207 3208 9761 9760)
4(3187 3184 9737 9740)
4(3208 3187 9740 9761)
4(3222 3223 9776 9775)
4(3223 3207 9760 9776)
4(3237 3223 9776 9790)
4(3236 3237 9790 9789)
4(3223 3224 9777 9776)
4(3224 3208 9761 9777)
4(3237 3238 9791 9790)
4(3227 3224 9777 9780)
4(3238 3227 9780 9791)
4(3250 3251 9804 9803)
4(3251 3237 9790 9804)
4(3262 3251 9804 9815)
4(3261 3262 9815 9814)
4(3251 3252 9805 9804)
4(3252 3238 9791 9805)
4(3262 3263 9816 9815)
4(3263 3252 9805 9816)
4(6355 6234 12787 12908)
4(6233 6232 12785 12786)
4(6234 6233 12786 12787)
4(6356 6236 12789 12909)
4(6235 6234 12787 12788)
4(6236 6235 12788 12789)
4(6357 6238 12791 12910)
4(6237 6236 12789 12790)
4(6238 6237 12790 12791)
4(6358 6240 12793 12911)
4(6239 6238 12791 12792)
4(6240 6239 12792 12793)
4(6359 6242 12795 12912)
4(6241 6240 12793 12794)
4(6242 6241 12794 12795)
4(6360 6244 12797 12913)
4(6243 6242 12795 12796)
4(6244 6243 12796 12797)
4(6361 6246 12799 12914)
4(6245 6244 12797 12798)
4(6246 6245 12798 12799)
4(6362 6248 12801 12915)
4(6247 6246 12799 12800)
4(6248 6247 12800 12801)
4(6363 6250 12803 12916)
4(6249 6248 12801 12802)
4(6250 6249 12802 12803)
4(6364 6252 12805 12917)
4(6251 6250 12803 12804)
4(6252 6251 12804 12805)
4(6365 6254 12807 12918)
4(6253 6252 12805 12806)
4(6254 6253 12806 12807)
4(6366 6256 12809 12919)
4(6255 6254 12807 12808)
4(6256 6255 12808 12809)
4(6367 6258 12811 12920)
4(6257 6256 12809 12810)
4(6258 6257 12810 12811)
4(6368 6260 12813 12921)
4(6259 6258 12811 12812)
4(6260 6259 12812 12813)
4(6369 6262 12815 12922)
4(6261 6260 12813 12814)
4(6262 6261 12814 12815)
4(6370 6264 12817 12923)
4(6263 6262 12815 12816)
4(6264 6263 12816 12817)
4(290 183 6736 6843)
4(288 289 6842 6841)
4(289 290 6843 6842)
4(292 184 6737 6845)
4(290 291 6844 6843)
4(291 292 6845 6844)
4(294 185 6738 6847)
4(292 293 6846 6845)
4(293 294 6847 6846)
4(296 186 6739 6849)
4(294 295 6848 6847)
4(295 296 6849 6848)
4(298 187 6740 6851)
4(296 297 6850 6849)
4(297 298 6851 6850)
4(300 188 6741 6853)
4(298 299 6852 6851)
4(299 300 6853 6852)
4(302 189 6742 6855)
4(300 301 6854 6853)
4(301 302 6855 6854)
4(304 190 6743 6857)
4(302 303 6856 6855)
4(303 304 6857 6856)
4(306 191 6744 6859)
4(304 305 6858 6857)
4(305 306 6859 6858)
4(308 192 6745 6861)
4(306 307 6860 6859)
4(307 308 6861 6860)
4(310 193 6746 6863)
4(308 309 6862 6861)
4(309 310 6863 6862)
4(312 194 6747 6865)
4(310 311 6864 6863)
4(311 312 6865 6864)
4(314 195 6748 6867)
4(312 313 6866 6865)
4(313 314 6867 6866)
4(316 196 6749 6869)
4(314 315 6868 6867)
4(315 316 6869 6868)
4(318 197 6750 6871)
4(316 317 6870 6869)
4(317 318 6871 6870)
4(320 198 6751 6873)
4(318 319 6872 6871)
4(319 320 6873 6872)
4(322 199 6752 6875)
4(320 321 6874 6873)
4(321 322 6875 6874)
4(324 200 6753 6877)
4(322 323 6876 6875)
4(323 324 6877 6876)
4(326 201 6754 6879)
4(324 325 6878 6877)
4(325 326 6879 6878)
4(328 202 6755 6881)
4(326 327 6880 6879)
4(327 328 6881 6880)
4(330 203 6756 6883)
4(328 329 6882 6881)
4(329 330 6883 6882)
4(332 204 6757 6885)
4(330 331 6884 6883)
4(331 332 6885 6884)
4(334 205 6758 6887)
4(332 333 6886 6885)
4(333 334 6887 6886)
4(336 206 6759 6889)
4(334 335 6888 6887)
4(335 336 6889 6888)
4(338 207 6760 6891)
4(336 337 6890 6889)
4(337 338 6891 6890)
4(340 208 6761 6893)
4(338 339 6892 6891)
4(339 340 6893 6892)
4(342 209 6762 6895)
4(340 341 6894 6893)
4(341 342 6895 6894)
4(344 210 6763 6897)
4(342 343 6896 6895)
4(343 344 6897 6896)
4(346 211 6764 6899)
4(344 345 6898 6897)
4(345 346 6899 6898)
4(348 212 6765 6901)
4(346 347 6900 6899)
4(347 348 6901 6900)
4(350 213 6766 6903)
4(348 349 6902 6901)
4(349 350 6903 6902)
4(352 214 6767 6905)
4(350 351 6904 6903)
4(351 352 6905 6904)
4(355 356 6909 6908)
4(356 225 6778 6909)
4(660 356 6909 7213)
4(659 660 7213 7212)
4(356 357 6910 6909)
4(357 226 6779 6910)
4(660 357 6910 7213)
4(357 484 7037 6910)
4(485 357 6910 7038)
4(484 485 7038 7037)
4(484 660 7213 7037)
4(676 661 7214 7229)
4(660 676 7229 7213)
4(661 484 7037 7214)
4(676 677 7230 7229)
4(677 661 7214 7230)
4(357 358 6911 6910)
4(358 227 6780 6911)
4(486 358 6911 7039)
4(485 486 7039 7038)
4(358 359 6912 6911)
4(359 228 6781 6912)
4(487 359 6912 7040)
4(486 487 7040 7039)
4(675 676 7229 7228)
4(685 676 7229 7238)
4(684 685 7238 7237)
4(685 686 7239 7238)
4(686 677 7230 7239)
4(359 360 6913 6912)
4(360 229 6782 6913)
4(488 360 6913 7041)
4(487 488 7041 7040)
4(360 361 6914 6913)
4(361 230 6783 6914)
4(489 361 6914 7042)
4(488 489 7042 7041)
4(361 362 6915 6914)
4(362 231 6784 6915)
4(491 362 6915 7044)
4(490 491 7044 7043)
4(489 490 7043 7042)
4(362 363 6916 6915)
4(363 232 6785 6916)
4(492 363 6916 7045)
4(491 492 7045 7044)
4(363 364 6917 6916)
4(364 233 6786 6917)
4(494 364 6917 7047)
4(493 494 7047 7046)
4(492 493 7046 7045)
4(364 365 6918 6917)
4(365 234 6787 6918)
4(495 365 6918 7048)
4(494 495 7048 7047)
4(365 366 6919 6918)
4(366 235 6788 6919)
4(496 366 6919 7049)
4(495 496 7049 7048)
4(366 367 6920 6919)
4(367 236 6789 6920)
4(498 367 6920 7051)
4(497 498 7051 7050)
4(496 497 7050 7049)
4(367 368 6921 6920)
4(368 237 6790 6921)
4(499 368 6921 7052)
4(498 499 7052 7051)
4(368 369 6922 6921)
4(369 238 6791 6922)
4(501 369 6922 7054)
4(500 501 7054 7053)
4(499 500 7053 7052)
4(369 370 6923 6922)
4(370 239 6792 6923)
4(502 370 6923 7055)
4(501 502 7055 7054)
4(370 371 6924 6923)
4(371 240 6793 6924)
4(503 371 6924 7056)
4(502 503 7056 7055)
4(2944 2825 9378 9497)
4(2824 2823 9376 9377)
4(2825 2824 9377 9378)
4(2945 2827 9380 9498)
4(2826 2825 9378 9379)
4(2827 2826 9379 9380)
4(2946 2829 9382 9499)
4(2828 2827 9380 9381)
4(2829 2828 9381 9382)
4(2947 2831 9384 9500)
4(2830 2829 9382 9383)
4(2831 2830 9383 9384)
4(2948 2833 9386 9501)
4(2832 2831 9384 9385)
4(2833 2832 9385 9386)
4(2949 2835 9388 9502)
4(2834 2833 9386 9387)
4(2835 2834 9387 9388)
4(2950 2837 9390 9503)
4(2836 2835 9388 9389)
4(2837 2836 9389 9390)
4(2951 2839 9392 9504)
4(2838 2837 9390 9391)
4(2839 2838 9391 9392)
4(2952 2841 9394 9505)
4(2840 2839 9392 9393)
4(2841 2840 9393 9394)
4(2953 2843 9396 9506)
4(2842 2841 9394 9395)
4(2843 2842 9395 9396)
4(2954 2845 9398 9507)
4(2844 2843 9396 9397)
4(2845 2844 9397 9398)
4(2955 2847 9400 9508)
4(2846 2845 9398 9399)
4(2847 2846 9399 9400)
4(2956 2849 9402 9509)
4(2848 2847 9400 9401)
4(2849 2848 9401 9402)
4(2957 2851 9404 9510)
4(2850 2849 9402 9403)
4(2851 2850 9403 9404)
4(2958 2853 9406 9511)
4(2852 2851 9404 9405)
4(2853 2852 9405 9406)
4(2959 2855 9408 9512)
4(2854 2853 9406 9407)
4(2855 2854 9407 9408)
4(371 372 6925 6924)
4(372 241 6794 6925)
4(504 372 6925 7057)
4(503 504 7057 7056)
4(372 373 6926 6925)
4(373 242 6795 6926)
4(505 373 6926 7058)
4(504 505 7058 7057)
4(373 374 6927 6926)
4(374 243 6796 6927)
4(507 374 6927 7060)
4(506 507 7060 7059)
4(505 506 7059 7058)
4(374 375 6928 6927)
4(375 244 6797 6928)
4(508 375 6928 7061)
4(507 508 7061 7060)
4(375 376 6929 6928)
4(376 245 6798 6929)
4(510 376 6929 7063)
4(509 510 7063 7062)
4(508 509 7062 7061)
4(376 377 6930 6929)
4(377 246 6799 6930)
4(511 377 6930 7064)
4(510 511 7064 7063)
4(377 378 6931 6930)
4(378 247 6800 6931)
4(512 378 6931 7065)
4(511 512 7065 7064)
4(378 379 6932 6931)
4(379 248 6801 6932)
4(514 379 6932 7067)
4(513 514 7067 7066)
4(512 513 7066 7065)
4(379 380 6933 6932)
4(380 249 6802 6933)
4(515 380 6933 7068)
4(514 515 7068 7067)
4(380 381 6934 6933)
4(381 250 6803 6934)
4(517 381 6934 7070)
4(516 517 7070 7069)
4(515 516 7069 7068)
4(381 382 6935 6934)
4(382 251 6804 6935)
4(518 382 6935 7071)
4(517 518 7071 7070)
4(382 383 6936 6935)
4(383 252 6805 6936)
4(519 383 6936 7072)
4(518 519 7072 7071)
4(383 384 6937 6936)
4(384 253 6806 6937)
4(520 384 6937 7073)
4(519 520 7073 7072)
4(384 385 6938 6937)
4(385 254 6807 6938)
4(521 385 6938 7074)
4(520 521 7074 7073)
4(385 386 6939 6938)
4(386 255 6808 6939)
4(523 386 6939 7076)
4(522 523 7076 7075)
4(521 522 7075 7074)
4(386 387 6940 6939)
4(387 256 6809 6940)
4(524 387 6940 7077)
4(523 524 7077 7076)
4(2960 2857 9410 9513)
4(2856 2855 9408 9409)
4(2857 2856 9409 9410)
4(2961 2859 9412 9514)
4(2858 2857 9410 9411)
4(2859 2858 9411 9412)
4(2962 2861 9414 9515)
4(2860 2859 9412 9413)
4(2861 2860 9413 9414)
4(2963 2863 9416 9516)
4(2862 2861 9414 9415)
4(2863 2862 9415 9416)
4(2964 2865 9418 9517)
4(2864 2863 9416 9417)
4(2865 2864 9417 9418)
4(2965 2867 9420 9518)
4(2866 2865 9418 9419)
4(2867 2866 9419 9420)
4(2966 2869 9422 9519)
4(2868 2867 9420 9421)
4(2869 2868 9421 9422)
4(2967 2871 9424 9520)
4(2870 2869 9422 9423)
4(2871 2870 9423 9424)
4(2968 2873 9426 9521)
4(2872 2871 9424 9425)
4(2873 2872 9425 9426)
4(2969 2875 9428 9522)
4(2874 2873 9426 9427)
4(2875 2874 9427 9428)
4(2970 2877 9430 9523)
4(2876 2875 9428 9429)
4(2877 2876 9429 9430)
4(2971 2879 9432 9524)
4(2878 2877 9430 9431)
4(2879 2878 9431 9432)
4(2972 2881 9434 9525)
4(2880 2879 9432 9433)
4(2881 2880 9433 9434)
4(2973 2883 9436 9526)
4(2882 2881 9434 9435)
4(2883 2882 9435 9436)
4(2974 2885 9438 9527)
4(2884 2883 9436 9437)
4(2885 2884 9437 9438)
4(2975 2887 9440 9528)
4(2886 2885 9438 9439)
4(2887 2886 9439 9440)
4(352 353 6906 6905)
4(353 215 6768 6906)
4(666 353 6906 7219)
4(352 483 7036 6905)
4(483 664 7217 7036)
4(664 665 7218 7217)
4(665 666 7219 7218)
4(353 354 6907 6906)
4(666 667 7220 7219)
4(755 667 7220 7308)
4(666 682 7235 7219)
4(682 753 7306 7235)
4(753 754 7307 7306)
4(754 755 7308 7307)
4(755 756 7309 7308)
4(756 668 7221 7309)
4(852 756 7309 7405)
4(755 767 7320 7308)
4(767 850 7403 7320)
4(850 851 7404 7403)
4(851 852 7405 7404)
4(757 756 7309 7310)
4(854 757 7310 7407)
4(852 853 7406 7405)
4(853 854 7407 7406)
4(757 669 7222 7310)
4(757 758 7311 7310)
4(758 670 7223 7311)
4(856 758 7311 7409)
4(854 855 7408 7407)
4(855 856 7409 7408)
4(758 759 7312 7311)
4(856 857 7410 7409)
4(857 858 7411 7410)
4(1082 859 7412 7635)
4(858 939 7492 7411)
4(939 1080 7633 7492)
4(1080 1081 7634 7633)
4(1081 1082 7635 7634)
4(1082 1083 7636 7635)
4(1082 1158 7711 7635)
4(1158 1232 7785 7711)
4(1232 1233 7786 7785)
4(1233 1234 7787 7786)
4(1260 1261 7814 7813)
4(1261 1235 7788 7814)
4(1234 1248 7801 7787)
4(1248 1260 7813 7801)
4(1293 1261 7814 7846)
4(1272 1291 7844 7825)
4(1260 1272 7825 7813)
4(1291 1292 7845 7844)
4(1292 1293 7846 7845)
4(1261 1262 7815 7814)
4(1293 1294 7847 7846)
4(1321 1294 7847 7874)
4(1293 1306 7859 7846)
4(1306 1319 7872 7859)
4(1319 1320 7873 7872)
4(1320 1321 7874 7873)
4(1321 1322 7875 7874)
4(1322 1295 7848 7875)
4(1357 1322 7875 7910)
4(1321 1335 7888 7874)
4(1335 1355 7908 7888)
4(1355 1356 7909 7908)
4(1356 1357 7910 7909)
4(1322 1323 7876 7875)
4(1357 1358 7911 7910)
4(1393 1394 7947 7946)
4(1357 1383 7936 7910)
4(1383 1393 7946 7936)
4(1439 1440 7993 7992)
4(1393 1410 7963 7946)
4(1410 1439 7992 7963)
4(387 388 6941 6940)
4(388 257 6810 6941)
4(526 388 6941 7079)
4(525 526 7079 7078)
4(524 525 7078 7077)
4(388 389 6942 6941)
4(389 258 6811 6942)
4(527 389 6942 7080)
4(526 527 7080 7079)
4(389 390 6943 6942)
4(390 259 6812 6943)
4(528 390 6943 7081)
4(527 528 7081 7080)
4(390 391 6944 6943)
4(391 260 6813 6944)
4(530 391 6944 7083)
4(529 530 7083 7082)
4(528 529 7082 7081)
4(391 392 6945 6944)
4(392 261 6814 6945)
4(531 392 6945 7084)
4(530 531 7084 7083)
4(392 393 6946 6945)
4(393 262 6815 6946)
4(533 393 6946 7086)
4(532 533 7086 7085)
4(531 532 7085 7084)
4(393 394 6947 6946)
4(394 263 6816 6947)
4(534 394 6947 7087)
4(533 534 7087 7086)
4(394 395 6948 6947)
4(395 264 6817 6948)
4(535 395 6948 7088)
4(534 535 7088 7087)
4(1478 1479 8032 8031)
4(1439 1453 8006 7992)
4(1453 1478 8031 8006)
4(1509 1510 8063 8062)
4(1478 1485 8038 8031)
4(1485 1509 8062 8038)
4(1533 1534 8087 8086)
4(1509 1526 8079 8062)
4(1526 1533 8086 8079)
4(1574 1575 8128 8127)
4(1533 1556 8109 8086)
4(1556 1574 8127 8109)
4(1608 1609 8162 8161)
4(1574 1593 8146 8127)
4(1593 1608 8161 8146)
4(1640 1641 8194 8193)
4(1608 1615 8168 8161)
4(1615 1640 8193 8168)
4(1672 1673 8226 8225)
4(1640 1657 8210 8193)
4(1657 1672 8225 8210)
4(1713 1714 8267 8266)
4(1672 1687 8240 8225)
4(1687 1713 8266 8240)
4(395 396 6949 6948)
4(396 265 6818 6949)
4(536 396 6949 7089)
4(535 536 7089 7088)
4(396 397 6950 6949)
4(397 266 6819 6950)
4(537 397 6950 7090)
4(536 537 7090 7089)
4(1740 1741 8294 8293)
4(1713 1725 8278 8266)
4(1725 1740 8293 8278)
4(1772 1773 8326 8325)
4(1740 1755 8308 8293)
4(1755 1772 8325 8308)
4(397 398 6951 6950)
4(398 267 6820 6951)
4(539 398 6951 7092)
4(538 539 7092 7091)
4(537 538 7091 7090)
4(1804 1805 8358 8357)
4(1772 1797 8350 8325)
4(1797 1804 8357 8350)
4(398 399 6952 6951)
4(399 268 6821 6952)
4(1845 1846 8399 8398)
4(1804 1819 8372 8357)
4(1819 1845 8398 8372)
4(540 399 6952 7093)
4(539 540 7093 7092)
4(1879 1880 8433 8432)
4(1845 1856 8409 8398)
4(1856 1879 8432 8409)
4(1910 1911 8464 8463)
4(1879 1886 8439 8432)
4(1886 1910 8463 8439)
4(1987 1940 8493 8540)
4(1938 1966 8519 8491)
4(1966 1986 8539 8519)
4(1939 1938 8491 8492)
4(1940 1939 8492 8493)
4(1940 1941 8494 8493)
4(1910 1931 8484 8463)
4(1931 1940 8493 8484)
4(399 400 6953 6952)
4(400 269 6822 6953)
4(542 400 6953 7095)
4(541 542 7095 7094)
4(540 541 7094 7093)
4(400 401 6954 6953)
4(401 270 6823 6954)
4(543 401 6954 7096)
4(542 543 7096 7095)
4(401 402 6955 6954)
4(402 271 6824 6955)
4(544 402 6955 7097)
4(543 544 7097 7096)
4(402 403 6956 6955)
4(403 272 6825 6956)
4(546 403 6956 7099)
4(545 546 7099 7098)
4(544 545 7098 7097)
4(2976 2889 9442 9529)
4(2888 2887 9440 9441)
4(2889 2888 9441 9442)
4(2977 2891 9444 9530)
4(2890 2889 9442 9443)
4(2891 2890 9443 9444)
4(2891 2892 9445 9444)
4(2892 2641 9194 9445)
4(2639 2673 9226 9192)
4(2673 2891 9444 9226)
4(2640 2639 9192 9193)
4(2641 2640 9193 9194)
4(2978 2892 9445 9531)
4(2892 2893 9446 9445)
4(2642 2641 9194 9195)
4(2643 2642 9195 9196)
4(2316 2317 8870 8869)
4(2317 2079 8632 8870)
4(2077 2155 8708 8630)
4(2155 2316 8869 8708)
4(2078 2077 8630 8631)
4(2079 2078 8631 8632)
4(2644 2477 9030 9197)
4(2475 2561 9114 9028)
4(2561 2643 9196 9114)
4(2476 2475 9028 9029)
4(2477 2476 9029 9030)
4(2477 2478 9031 9030)
4(2478 2314 8867 9031)
4(2313 2312 8865 8866)
4(2314 2313 8866 8867)
4(2312 2395 8948 8865)
4(2395 2477 9030 8948)
4(2645 2478 9031 9198)
4(2478 2479 9032 9031)
4(2479 2316 8869 9032)
4(2315 2314 8867 8868)
4(2316 2315 8868 8869)
4(2646 2479 9032 9199)
4(2479 2480 9033 9032)
4(2050 2021 8574 8603)
4(2049 2050 8603 8602)
4(2020 2019 8572 8573)
4(2019 2028 8581 8572)
4(2028 2049 8602 8581)
4(2021 2020 8573 8574)
4(2021 2022 8575 8574)
4(1985 1984 8537 8538)
4(1986 1985 8538 8539)
4(1984 2008 8561 8537)
4(2008 2021 8574 8561)
4(2050 2051 8604 8603)
4(2079 2080 8633 8632)
4(2080 2050 8603 8633)
4(2049 2063 8616 8602)
4(2063 2079 8632 8616)
4(2318 2080 8633 8871)
4(2080 2081 8634 8633)
4(403 404 6957 6956)
4(404 273 6826 6957)
4(547 404 6957 7100)
4(546 547 7100 7099)
4(404 405 6958 6957)
4(405 274 6827 6958)
4(549 405 6958 7102)
4(548 549 7102 7101)
4(547 548 7101 7100)
4(405 406 6959 6958)
4(406 275 6828 6959)
4(550 406 6959 7103)
4(549 550 7103 7102)
4(406 407 6960 6959)
4(407 276 6829 6960)
4(551 407 6960 7104)
4(550 551 7104 7103)
4(407 408 6961 6960)
4(408 277 6830 6961)
4(552 408 6961 7105)
4(551 552 7105 7104)
4(408 409 6962 6961)
4(409 278 6831 6962)
4(553 409 6962 7106)
4(552 553 7106 7105)
4(409 410 6963 6962)
4(410 279 6832 6963)
4(555 410 6963 7108)
4(554 555 7108 7107)
4(553 554 7107 7106)
4(410 411 6964 6963)
4(411 280 6833 6964)
4(556 411 6964 7109)
4(555 556 7109 7108)
4(411 412 6965 6964)
4(412 281 6834 6965)
4(558 412 6965 7111)
4(557 558 7111 7110)
4(556 557 7110 7109)
4(412 413 6966 6965)
4(413 282 6835 6966)
4(559 413 6966 7112)
4(558 559 7112 7111)
4(413 414 6967 6966)
4(414 283 6836 6967)
4(560 414 6967 7113)
4(559 560 7113 7112)
4(414 415 6968 6967)
4(415 284 6837 6968)
4(562 415 6968 7115)
4(561 562 7115 7114)
4(560 561 7114 7113)
4(415 416 6969 6968)
4(416 285 6838 6969)
4(563 416 6969 7116)
4(562 563 7116 7115)
4(416 417 6970 6969)
4(417 286 6839 6970)
4(565 417 6970 7118)
4(564 565 7118 7117)
4(563 564 7117 7116)
4(417 418 6971 6970)
4(418 287 6840 6971)
4(566 418 6971 7119)
4(565 566 7119 7118)
4(418 419 6972 6971)
4(419 288 6841 6972)
4(567 419 6972 7120)
4(566 567 7120 7119)
4(3686 3595 10148 10239)
4(3684 3685 10238 10237)
4(3685 3686 10239 10238)
4(3688 3596 10149 10241)
4(3686 3687 10240 10239)
4(3687 3688 10241 10240)
4(3690 3597 10150 10243)
4(3688 3689 10242 10241)
4(3689 3690 10243 10242)
4(3692 3598 10151 10245)
4(3690 3691 10244 10243)
4(3691 3692 10245 10244)
4(3694 3599 10152 10247)
4(3692 3693 10246 10245)
4(3693 3694 10247 10246)
4(3696 3600 10153 10249)
4(3694 3695 10248 10247)
4(3695 3696 10249 10248)
4(3698 3601 10154 10251)
4(3696 3697 10250 10249)
4(3697 3698 10251 10250)
4(3700 3602 10155 10253)
4(3698 3699 10252 10251)
4(3699 3700 10253 10252)
4(3702 3603 10156 10255)
4(3700 3701 10254 10253)
4(3701 3702 10255 10254)
4(3704 3604 10157 10257)
4(3702 3703 10256 10255)
4(3703 3704 10257 10256)
4(3706 3605 10158 10259)
4(3704 3705 10258 10257)
4(3705 3706 10259 10258)
4(3708 3606 10159 10261)
4(3706 3707 10260 10259)
4(3707 3708 10261 10260)
4(3710 3607 10160 10263)
4(3708 3709 10262 10261)
4(3709 3710 10263 10262)
4(3712 3608 10161 10265)
4(3710 3711 10264 10263)
4(3711 3712 10265 10264)
4(3714 3609 10162 10267)
4(3712 3713 10266 10265)
4(3713 3714 10267 10266)
4(3716 3610 10163 10269)
4(3714 3715 10268 10267)
4(3715 3716 10269 10268)
4(3718 3611 10164 10271)
4(3716 3717 10270 10269)
4(3717 3718 10271 10270)
4(3720 3612 10165 10273)
4(3718 3719 10272 10271)
4(3719 3720 10273 10272)
4(3722 3613 10166 10275)
4(3720 3721 10274 10273)
4(3721 3722 10275 10274)
4(3724 3614 10167 10277)
4(3722 3723 10276 10275)
4(3723 3724 10277 10276)
4(3726 3615 10168 10279)
4(3724 3725 10278 10277)
4(3725 3726 10279 10278)
4(3728 3616 10169 10281)
4(3726 3727 10280 10279)
4(3727 3728 10281 10280)
4(3730 3617 10170 10283)
4(3728 3729 10282 10281)
4(3729 3730 10283 10282)
4(3732 3618 10171 10285)
4(3730 3731 10284 10283)
4(3731 3732 10285 10284)
4(3734 3619 10172 10287)
4(3732 3733 10286 10285)
4(3733 3734 10287 10286)
4(3736 3620 10173 10289)
4(3734 3735 10288 10287)
4(3735 3736 10289 10288)
4(3738 3621 10174 10291)
4(3736 3737 10290 10289)
4(3737 3738 10291 10290)
4(3740 3622 10175 10293)
4(3738 3739 10292 10291)
4(3739 3740 10293 10292)
4(3742 3623 10176 10295)
4(3740 3741 10294 10293)
4(3741 3742 10295 10294)
4(3744 3624 10177 10297)
4(3742 3743 10296 10295)
4(3743 3744 10297 10296)
4(3746 3625 10178 10299)
4(3744 3745 10298 10297)
4(3745 3746 10299 10298)
4(3748 3626 10179 10301)
4(3746 3747 10300 10299)
4(3747 3748 10301 10300)
4(6371 6266 12819 12924)
4(6265 6264 12817 12818)
4(6266 6265 12818 12819)
4(6372 6268 12821 12925)
4(6267 6266 12819 12820)
4(6268 6267 12820 12821)
4(6373 6270 12823 12926)
4(6269 6268 12821 12822)
4(6270 6269 12822 12823)
4(6374 6272 12825 12927)
4(6271 6270 12823 12824)
4(6272 6271 12824 12825)
4(6375 6274 12827 12928)
4(6273 6272 12825 12826)
4(6274 6273 12826 12827)
4(6376 6276 12829 12929)
4(6275 6274 12827 12828)
4(6276 6275 12828 12829)
4(6377 6278 12831 12930)
4(6277 6276 12829 12830)
4(6278 6277 12830 12831)
4(6378 6280 12833 12931)
4(6279 6278 12831 12832)
4(6280 6279 12832 12833)
4(6379 6282 12835 12932)
4(6281 6280 12833 12834)
4(6282 6281 12834 12835)
4(6380 6284 12837 12933)
4(6283 6282 12835 12836)
4(6284 6283 12836 12837)
4(6381 6286 12839 12934)
4(6285 6284 12837 12838)
4(6286 6285 12838 12839)
4(6382 6288 12841 12935)
4(6287 6286 12839 12840)
4(6288 6287 12840 12841)
4(6383 6290 12843 12936)
4(6289 6288 12841 12842)
4(6290 6289 12842 12843)
4(6384 6292 12845 12937)
4(6291 6290 12843 12844)
4(6292 6291 12844 12845)
4(6385 6294 12847 12938)
4(6293 6292 12845 12846)
4(6294 6293 12846 12847)
4(6386 6296 12849 12939)
4(6295 6294 12847 12848)
4(6296 6295 12848 12849)
4(6387 6298 12851 12940)
4(6297 6296 12849 12850)
4(6298 6297 12850 12851)
4(6388 6300 12853 12941)
4(6299 6298 12851 12852)
4(6300 6299 12852 12853)
4(6389 6302 12855 12942)
4(6301 6300 12853 12854)
4(6302 6301 12854 12855)
4(6390 6304 12857 12943)
4(6303 6302 12855 12856)
4(6304 6303 12856 12857)
4(6391 6306 12859 12944)
4(6305 6304 12857 12858)
4(6306 6305 12858 12859)
4(6392 6308 12861 12945)
4(6307 6306 12859 12860)
4(6308 6307 12860 12861)
4(6393 6310 12863 12946)
4(6309 6308 12861 12862)
4(6310 6309 12862 12863)
4(6394 6312 12865 12947)
4(6311 6310 12863 12864)
4(6312 6311 12864 12865)
4(6395 6314 12867 12948)
4(6313 6312 12865 12866)
4(6314 6313 12866 12867)
4(6396 6316 12869 12949)
4(6315 6314 12867 12868)
4(6316 6315 12868 12869)
4(6397 6318 12871 12950)
4(6317 6316 12869 12870)
4(6318 6317 12870 12871)
4(6398 6320 12873 12951)
4(6319 6318 12871 12872)
4(6320 6319 12872 12873)
4(6399 6322 12875 12952)
4(6321 6320 12873 12874)
4(6322 6321 12874 12875)
4(6400 6324 12877 12953)
4(6323 6322 12875 12876)
4(6324 6323 12876 12877)
4(6401 6326 12879 12954)
4(6325 6324 12877 12878)
4(6326 6325 12878 12879)
4(6402 6328 12881 12955)
4(6327 6326 12879 12880)
4(6328 6327 12880 12881)
4(3750 3627 10180 10303)
4(3748 3749 10302 10301)
4(3749 3750 10303 10302)
4(3752 3628 10181 10305)
4(3750 3751 10304 10303)
4(3751 3752 10305 10304)
4(3752 3753 10306 10305)
4(3753 3629 10182 10306)
4(3921 3753 10306 10474)
4(3752 3888 10441 10305)
4(3888 3919 10472 10441)
4(3919 3920 10473 10472)
4(3920 3921 10474 10473)
4(3753 3754 10307 10306)
4(3921 3922 10475 10474)
4(3922 3923 10476 10475)
4(4089 3924 10477 10642)
4(3923 4004 10557 10476)
4(4004 4087 10640 10557)
4(4087 4088 10641 10640)
4(4088 4089 10642 10641)
4(4089 4090 10643 10642)
4(4090 3925 10478 10643)
4(4257 4090 10643 10810)
4(4089 4168 10721 10642)
4(4168 4255 10808 10721)
4(4255 4256 10809 10808)
4(4256 4257 10810 10809)
4(4090 4091 10644 10643)
4(4091 3926 10479 10644)
4(4259 4091 10644 10812)
4(4257 4258 10811 10810)
4(4258 4259 10812 10811)
4(4091 4092 10645 10644)
4(4259 4260 10813 10812)
4(4478 4260 10813 11031)
4(4259 4404 10957 10812)
4(4404 4476 11029 10957)
4(4476 4477 11030 11029)
4(4477 4478 11031 11030)
4(4478 4479 11032 11031)
4(4479 4261 10814 11032)
4(4509 4479 11032 11062)
4(4508 4509 11062 11061)
4(4478 4495 11048 11031)
4(4495 4508 11061 11048)
4(4479 4480 11033 11032)
4(4509 4510 11063 11062)
4(4537 4509 11062 11090)
4(4508 4529 11082 11061)
4(4529 4535 11088 11082)
4(4535 4536 11089 11088)
4(4536 4537 11090 11089)
4(4537 4538 11091 11090)
4(4537 4550 11103 11090)
4(4550 4576 11129 11103)
4(4576 4577 11130 11129)
4(4577 4578 11131 11130)
4(4619 4579 11132 11172)
4(4578 4593 11146 11131)
4(4593 4617 11170 11146)
4(4617 4618 11171 11170)
4(4618 4619 11172 11171)
4(4619 4620 11173 11172)
4(4654 4655 11208 11207)
4(4619 4628 11181 11172)
4(4628 4654 11207 11181)
4(4678 4679 11232 11231)
4(4654 4671 11224 11207)
4(4671 4678 11231 11224)
4(4719 4720 11273 11272)
4(4678 4701 11254 11231)
4(4701 4719 11272 11254)
4(4753 4754 11307 11306)
4(4719 4738 11291 11272)
4(4738 4753 11306 11291)
4(4785 4786 11339 11338)
4(4753 4760 11313 11306)
4(4760 4785 11338 11313)
4(4817 4818 11371 11370)
4(4785 4802 11355 11338)
4(4802 4817 11370 11355)
4(4858 4859 11412 11411)
4(4817 4832 11385 11370)
4(4832 4858 11411 11385)
4(4885 4886 11439 11438)
4(4858 4870 11423 11411)
4(4870 4885 11438 11423)
4(4917 4918 11471 11470)
4(4885 4900 11453 11438)
4(4900 4917 11470 11453)
4(4949 4950 11503 11502)
4(4917 4942 11495 11470)
4(4942 4949 11502 11495)
4(4990 4991 11544 11543)
4(4949 4964 11517 11502)
4(4964 4990 11543 11517)
4(5024 5025 11578 11577)
4(4990 5001 11554 11543)
4(5001 5024 11577 11554)
4(5055 5056 11609 11608)
4(5024 5031 11584 11577)
4(5031 5055 11608 11584)
4(5079 5080 11633 11632)
4(5055 5072 11625 11608)
4(5072 5079 11632 11625)
4(5127 5128 11681 11680)
4(5079 5106 11659 11632)
4(5106 5127 11680 11659)
4(2151 2152 8705 8704)
4(2152 2083 8636 8705)
4(5714 5479 12032 12267)
4(5477 5622 12175 12030)
4(5622 5713 12266 12175)
4(5478 5477 12030 12031)
4(5479 5478 12031 12032)
4(2304 2152 8705 8857)
4(2303 2304 8857 8856)
4(5479 5480 12033 12032)
4(5324 5323 11876 11877)
4(5325 5324 11877 11878)
4(5323 5397 11950 11876)
4(5397 5479 12032 11950)
4(2152 2153 8706 8705)
4(2153 2084 8637 8706)
4(2305 2306 8859 8858)
4(2306 2156 8709 8859)
4(2304 2305 8858 8857)
4(2156 2153 8706 8709)
4(5895 5896 12449 12448)
4(5896 5806 12359 12449)
4(5804 5879 12432 12357)
4(5879 5895 12448 12432)
4(5805 5804 12357 12358)
4(5806 5805 12358 12359)
4(6328 6329 12882 12881)
4(6329 5895 12448 12882)
4(5893 6197 12750 12446)
4(6197 6328 12881 12750)
4(5894 5893 12446 12447)
4(5895 5894 12447 12448)
4(6403 6329 12882 12956)
4(6329 6330 12883 12882)
4(5806 5807 12360 12359)
4(5807 5707 12260 12360)
4(5706 5705 12258 12259)
4(5707 5706 12259 12260)
4(5705 5792 12345 12258)
4(5792 5806 12359 12345)
4(5897 5807 12360 12450)
4(5807 5808 12361 12360)
4(5808 5709 12262 12361)
4(5708 5707 12260 12261)
4(5709 5708 12261 12262)
4(5898 5808 12361 12451)
4(5808 5809 12362 12361)
4(5809 5711 12264 12362)
4(5710 5709 12262 12263)
4(5711 5710 12263 12264)
4(5899 5809 12362 12452)
4(5809 5810 12363 12362)
4(5712 5711 12264 12265)
4(5713 5712 12265 12266)
4(2387 2388 8941 8940)
4(2305 2387 8940 8858)
4(2458 2388 8941 9011)
4(2387 2458 9011 8940)
4(2459 2388 8941 9012)
4(2458 2459 9012 9011)
4(2388 2464 9017 8941)
4(2464 2465 9018 9017)
4(2459 2464 9017 9012)
4(2551 2465 9018 9104)
4(2565 2551 9104 9118)
4(2464 2564 9117 9017)
4(2564 2565 9118 9117)
4(5273 5237 11790 11826)
4(5272 5273 11826 11825)
4(5235 5251 11804 11788)
4(5251 5272 11825 11804)
4(5236 5235 11788 11789)
4(5237 5236 11789 11790)
4(5167 5168 11721 11720)
4(5127 5149 11702 11680)
4(5149 5167 11720 11702)
4(5205 5206 11759 11758)
4(5167 5174 11727 11720)
4(5174 5205 11758 11727)
4(5237 5238 11791 11790)
4(5238 5205 11758 11791)
4(5203 5223 11776 11756)
4(5223 5237 11790 11776)
4(5204 5203 11756 11757)
4(5205 5204 11757 11758)
4(5274 5238 11791 11827)
4(5238 5239 11792 11791)
4(5297 5298 11851 11850)
4(5298 5272 11825 11851)
4(5270 5285 11838 11823)
4(5285 5297 11850 11838)
4(5271 5270 11823 11824)
4(5272 5271 11824 11825)
4(5326 5298 11851 11879)
4(5297 5310 11863 11850)
4(5310 5325 11878 11863)
4(5298 5299 11852 11851)
4(2307 2157 8710 8860)
4(2157 2156 8709 8710)
4(2307 2158 8711 8860)
4(2158 2157 8710 8711)
4(2307 2223 8776 8860)
4(2223 2158 8711 8776)
4(2308 2223 8776 8861)
4(2308 2224 8777 8861)
4(2224 2223 8776 8777)
4(2308 2309 8862 8861)
4(2309 2310 8863 8862)
4(2225 2224 8777 8778)
4(2310 2225 8778 8863)
4(2551 2552 9105 9104)
4(2552 2466 9019 9105)
4(2552 2629 9182 9105)
4(2630 2552 9105 9183)
4(2629 2630 9183 9182)
4(2552 2566 9119 9105)
4(2566 2629 9182 9119)
4(2565 2552 9105 9118)
4(2565 2566 9119 9118)
4(2552 2553 9106 9105)
4(2630 2631 9184 9183)
4(2389 2390 8943 8942)
4(2390 2309 8862 8943)
4(2468 2390 8943 9021)
4(2323 2390 8943 8876)
4(2390 2391 8944 8943)
4(2391 2323 8876 8944)
4(2322 2390 8943 8875)
4(2323 2322 8875 8876)
4(2390 2310 8863 8943)
4(2322 2310 8863 8875)
4(2469 2391 8944 9022)
4(2662 2630 9183 9215)
4(2629 2661 9214 9182)
4(2661 2662 9215 9214)
4(2630 2668 9221 9183)
4(2663 2630 9183 9216)
4(2662 2663 9216 9215)
4(2663 2668 9221 9216)
4(2667 2668 9221 9220)
4(2663 2667 9220 9216)
4(2802 2803 9356 9355)
4(2667 2802 9355 9220)
4(2899 2803 9356 9452)
4(2898 2899 9452 9451)
4(2802 2898 9451 9355)
4(2804 2904 9457 9357)
4(2904 2905 9458 9457)
4(2905 2804 9357 9458)
4(2899 2804 9357 9452)
4(2804 2900 9453 9357)
4(2900 2904 9457 9453)
4(2899 2900 9453 9452)
4(2930 2905 9458 9483)
4(2904 2929 9482 9457)
4(2929 2930 9483 9482)
4(2905 2906 9459 9458)
4(2931 2932 9485 9484)
4(2930 2931 9484 9483)
4(2391 2392 8945 8944)
4(2324 2323 8876 8877)
4(2392 2324 8877 8945)
4(2470 2391 8944 9023)
4(2391 2396 8949 8944)
4(2396 2392 8945 8949)
4(2470 2396 8949 9023)
4(2470 2397 8950 9023)
4(2397 2396 8949 8950)
4(2471 2398 8951 9024)
4(2398 2397 8950 8951)
4(2471 2472 9025 9024)
4(2472 2399 8952 9025)
4(2399 2398 8951 8952)
4(2490 2554 9107 9043)
4(2554 2555 9108 9107)
4(2555 2490 9043 9108)
4(2554 2472 9025 9107)
4(2489 2554 9107 9042)
4(2490 2489 9042 9043)
4(2489 2472 9025 9042)
4(2634 2555 9108 9187)
4(2555 2556 9109 9108)
4(2491 2490 9043 9044)
4(2556 2491 9044 9109)
4(2635 2567 9120 9188)
4(2567 2556 9109 9120)
4(2990 2991 9544 9543)
4(2991 2932 9485 9544)
4(2931 2990 9543 9484)
4(3009 2991 9544 9562)
4(2990 3008 9561 9543)
4(3008 3009 9562 9561)
4(2991 2992 9545 9544)
4(2992 2933 9486 9545)
4(3010 2992 9545 9563)
4(3009 3010 9563 9562)
4(2992 2993 9546 9545)
4(3010 2993 9546 9563)
4(3011 2993 9546 9564)
4(3010 3011 9564 9563)
4(2993 3016 9569 9546)
4(3016 3017 9570 9569)
4(3011 3016 9569 9564)
4(3022 3023 9576 9575)
4(3016 3022 9575 9569)
4(3045 3046 9599 9598)
4(3031 3045 9598 9584)
4(3022 3031 9584 9575)
4(3081 3082 9635 9634)
4(3077 3081 9634 9630)
4(3045 3077 9630 9598)
4(3087 3088 9641 9640)
4(3081 3087 9640 9634)
4(3109 3110 9663 9662)
4(3105 3109 9662 9658)
4(3087 3105 9658 9640)
4(3126 3127 9680 9679)
4(3109 3126 9679 9662)
4(3165 3166 9719 9718)
4(3126 3165 9718 9679)
4(3179 3180 9733 9732)
4(3174 3179 9732 9727)
4(3165 3174 9727 9718)
4(3185 3186 9739 9738)
4(3179 3185 9738 9732)
4(3209 3210 9763 9762)
4(3202 3209 9762 9755)
4(3185 3202 9755 9738)
4(3225 3226 9779 9778)
4(3221 3225 9778 9774)
4(3209 3221 9774 9762)
4(3239 3240 9793 9792)
4(3225 3239 9792 9778)
4(3253 3254 9807 9806)
4(3249 3253 9806 9802)
4(3239 3249 9802 9792)
4(3278 3279 9832 9831)
4(3253 3278 9831 9806)
4(2636 2568 9121 9189)
4(2635 2636 9189 9188)
4(2568 2567 9120 9121)
4(2636 2637 9190 9189)
4(2569 2568 9121 9122)
4(2637 2569 9122 9190)
4(2669 2670 9223 9222)
4(2670 2636 9189 9223)
4(2808 2670 9223 9361)
4(2670 2671 9224 9223)
4(2671 2637 9190 9224)
4(2808 2671 9224 9361)
4(2808 2674 9227 9361)
4(2674 2671 9224 9227)
4(2809 2674 9227 9362)
4(2809 2675 9228 9362)
4(2675 2674 9227 9228)
4(2810 2676 9229 9363)
4(2676 2675 9228 9229)
4(2811 2678 9231 9364)
4(2677 2676 9229 9230)
4(2678 2677 9230 9231)
4(2812 2680 9233 9365)
4(2679 2678 9231 9232)
4(2680 2679 9232 9233)
4(2813 2681 9234 9366)
4(2681 2680 9233 9234)
4(2814 2683 9236 9367)
4(2682 2681 9234 9235)
4(2683 2682 9235 9236)
4(2815 2684 9237 9368)
4(2684 2683 9236 9237)
4(2816 2685 9238 9369)
4(2685 2684 9237 9238)
4(2817 2687 9240 9370)
4(2686 2685 9238 9239)
4(2687 2686 9239 9240)
4(2818 2688 9241 9371)
4(2688 2687 9240 9241)
4(2819 2690 9243 9372)
4(2689 2688 9241 9242)
4(2690 2689 9242 9243)
4(2820 2692 9245 9373)
4(2691 2690 9243 9244)
4(2692 2691 9244 9245)
4(2821 2693 9246 9374)
4(2693 2692 9245 9246)
4(2822 2695 9248 9375)
4(2694 2693 9246 9247)
4(2695 2694 9247 9248)
4(2823 2696 9249 9376)
4(2696 2695 9248 9249)
4(3298 3299 9852 9851)
4(3299 3262 9815 9852)
4(3313 3299 9852 9866)
4(3312 3313 9866 9865)
4(3299 3300 9853 9852)
4(3300 3263 9816 9853)
4(3313 3314 9867 9866)
4(3314 3300 9853 9867)
4(3326 3327 9880 9879)
4(3327 3313 9866 9880)
4(3343 3327 9880 9896)
4(3342 3343 9896 9895)
4(3327 3328 9881 9880)
4(3318 3314 9867 9871)
4(3328 3318 9871 9881)
4(3343 3344 9897 9896)
4(3344 3328 9881 9897)
4(3366 3367 9920 9919)
4(3367 3343 9896 9920)
4(3373 3367 9920 9926)
4(3372 3373 9926 9925)
4(3367 3368 9921 9920)
4(3350 3344 9897 9903)
4(3368 3350 9903 9921)
4(3373 3374 9927 9926)
4(3374 3368 9921 9927)
4(3386 3387 9940 9939)
4(3387 3373 9926 9940)
4(3405 3387 9940 9958)
4(3404 3405 9958 9957)
4(3387 3388 9941 9940)
4(3388 3374 9927 9941)
4(3405 3406 9959 9958)
4(3391 3388 9941 9944)
4(3406 3391 9944 9959)
4(3442 3443 9996 9995)
4(3443 3405 9958 9996)
4(3465 3443 9996 10018)
4(3464 3465 10018 10017)
4(3443 3444 9997 9996)
4(3444 3406 9959 9997)
4(3465 3466 10019 10018)
4(3447 3444 9997 10000)
4(3466 3447 10000 10019)
4(3470 3471 10024 10023)
4(3471 3465 10018 10024)
4(3487 3471 10024 10040)
4(3486 3487 10040 10039)
4(3471 3472 10025 10024)
4(3472 3466 10019 10025)
4(3487 3488 10041 10040)
4(3488 3472 10025 10041)
4(3529 3530 10083 10082)
4(3530 3487 10040 10083)
4(3536 3530 10083 10089)
4(3535 3536 10089 10088)
4(3530 3531 10084 10083)
4(3531 3488 10041 10084)
4(3536 3537 10090 10089)
4(3537 3531 10084 10090)
4(3559 3560 10113 10112)
4(3560 3536 10089 10113)
4(3573 3560 10113 10126)
4(3572 3573 10126 10125)
4(3560 3561 10114 10113)
4(3541 3537 10090 10094)
4(3561 3541 10094 10114)
4(3573 3574 10127 10126)
4(3574 3561 10114 10127)
4(3646 3647 10200 10199)
4(3647 3573 10126 10200)
4(3661 3647 10200 10214)
4(3660 3661 10214 10213)
4(3647 3648 10201 10200)
4(3638 3574 10127 10191)
4(3648 3638 10191 10201)
4(3661 3662 10215 10214)
4(3662 3648 10201 10215)
4(3879 3880 10433 10432)
4(3880 3661 10214 10433)
4(3907 3880 10433 10460)
4(3906 3907 10460 10459)
4(3880 3881 10434 10433)
4(3881 3662 10215 10434)
4(3907 3908 10461 10460)
4(3889 3881 10434 10442)
4(3908 3889 10442 10461)
4(3991 3992 10545 10544)
4(3992 3907 10460 10545)
4(4074 3992 10545 10627)
4(4073 4074 10627 10626)
4(3992 3993 10546 10545)
4(3993 3908 10461 10546)
4(4074 4075 10628 10627)
4(4064 3993 10546 10617)
4(4075 4064 10617 10628)
4(4157 4158 10711 10710)
4(4158 4074 10627 10711)
4(4237 4158 10711 10790)
4(4236 4237 10790 10789)
4(4158 4159 10712 10711)
4(4159 4075 10628 10712)
4(4237 4238 10791 10790)
4(4238 4159 10712 10791)
4(4397 4398 10951 10950)
4(4398 4237 10790 10951)
4(4473 4398 10951 11026)
4(4472 4473 11026 11025)
4(4398 4399 10952 10951)
4(4399 4238 10791 10952)
4(4473 4474 11027 11026)
4(4474 4399 10952 11027)
4(4489 4490 11043 11042)
4(4490 4473 11026 11043)
4(4504 4490 11043 11057)
4(4503 4504 11057 11056)
4(4490 4491 11044 11043)
4(4481 4474 11027 11034)
4(4491 4481 11034 11044)
4(4504 4505 11058 11057)
4(4505 4491 11044 11058)
4(4524 4525 11078 11077)
4(4525 4504 11057 11078)
4(4532 4525 11078 11085)
4(4531 4532 11085 11084)
4(4525 4526 11079 11078)
4(4512 4505 11058 11065)
4(4526 4512 11065 11079)
4(4532 4533 11086 11085)
4(4533 4526 11079 11086)
4(4544 4545 11098 11097)
4(4545 4532 11085 11098)
4(4566 4545 11098 11119)
4(4565 4566 11119 11118)
4(4545 4546 11099 11098)
4(4546 4533 11086 11099)
4(4566 4567 11120 11119)
4(4551 4546 11099 11104)
4(4567 4551 11104 11120)
4(4586 4587 11140 11139)
4(4587 4566 11119 11140)
4(4613 4587 11140 11166)
4(4612 4613 11166 11165)
4(4587 4588 11141 11140)
4(4588 4567 11120 11141)
4(4613 4614 11167 11166)
4(4594 4588 11141 11147)
4(4614 4594 11147 11167)
4(4621 4622 11175 11174)
4(4622 4613 11166 11175)
4(4643 4622 11175 11196)
4(4642 4643 11196 11195)
4(4622 4623 11176 11175)
4(4623 4614 11167 11176)
4(4643 4644 11197 11196)
4(4644 4623 11176 11197)
4(4666 4667 11220 11219)
4(4667 4643 11196 11220)
4(4674 4667 11220 11227)
4(4673 4674 11227 11226)
4(4667 4668 11221 11220)
4(4668 4644 11197 11221)
4(4674 4675 11228 11227)
4(4675 4668 11221 11228)
4(4696 4697 11250 11249)
4(4697 4674 11227 11250)
4(4708 4697 11250 11261)
4(4707 4708 11261 11260)
4(4697 4698 11251 11250)
4(4680 4675 11228 11233)
4(4698 4680 11233 11251)
4(4708 4709 11262 11261)
4(4709 4698 11251 11262)
4(4733 4734 11287 11286)
4(4734 4708 11261 11287)
4(4749 4734 11287 11302)
4(4748 4749 11302 11301)
4(4734 4735 11288 11287)
4(4725 4709 11262 11278)
4(4735 4725 11278 11288)
4(4749 4750 11303 11302)
4(4750 4735 11288 11303)
4(4755 4756 11309 11308)
4(4756 4749 11302 11309)
4(4781 4756 11309 11334)
4(4780 4781 11334 11333)
4(4756 4757 11310 11309)
4(4757 4750 11303 11310)
4(4781 4782 11335 11334)
4(4761 4757 11310 11314)
4(4782 4761 11314 11335)
4(4797 4798 11351 11350)
4(4798 4781 11334 11351)
4(4813 4798 11351 11366)
4(4812 4813 11366 11365)
4(4798 4799 11352 11351)
4(4799 4782 11335 11352)
4(4813 4814 11367 11366)
4(4803 4799 11352 11356)
4(4814 4803 11356 11367)
4(4827 4828 11381 11380)
4(4828 4813 11366 11381)
4(4840 4828 11381 11393)
4(4839 4840 11393 11392)
4(4828 4829 11382 11381)
4(4829 4814 11367 11382)
4(4840 4841 11394 11393)
4(4841 4829 11382 11394)
4(4865 4866 11419 11418)
4(4866 4840 11393 11419)
4(4881 4866 11419 11434)
4(4880 4881 11434 11433)
4(4866 4867 11420 11419)
4(4867 4841 11394 11420)
4(4881 4882 11435 11434)
4(4882 4867 11420 11435)
4(4895 4896 11449 11448)
4(4896 4881 11434 11449)
4(4913 4896 11449 11466)
4(4912 4913 11466 11465)
4(4896 4897 11450 11449)
4(4887 4882 11435 11440)
4(4897 4887 11440 11450)
4(4913 4914 11467 11466)
4(4914 4897 11450 11467)
4(4937 4938 11491 11490)
4(4938 4913 11466 11491)
4(4945 4938 11491 11498)
4(4944 4945 11498 11497)
4(4938 4939 11492 11491)
4(4921 4914 11467 11474)
4(4939 4921 11474 11492)
4(4945 4946 11499 11498)
4(4946 4939 11492 11499)
4(4959 4960 11513 11512)
4(4960 4945 11498 11513)
4(4979 4960 11513 11532)
4(4978 4979 11532 11531)
4(4960 4961 11514 11513)
4(4961 4946 11499 11514)
4(4979 4980 11533 11532)
4(4965 4961 11514 11518)
4(4980 4965 11518 11533)
4(4996 4997 11550 11549)
4(4997 4979 11532 11550)
4(5020 4997 11550 11573)
4(5019 5020 11573 11572)
4(4997 4998 11551 11550)
4(4998 4980 11533 11551)
4(5020 5021 11574 11573)
4(5002 4998 11551 11555)
4(5021 5002 11555 11574)
4(5026 5027 11580 11579)
4(5027 5020 11573 11580)
4(5044 5027 11580 11597)
4(5043 5044 11597 11596)
4(5027 5028 11581 11580)
4(5028 5021 11574 11581)
4(5044 5045 11598 11597)
4(5045 5028 11581 11598)
4(5067 5068 11621 11620)
4(5068 5044 11597 11621)
4(5075 5068 11621 11628)
4(5074 5075 11628 11627)
4(5068 5069 11622 11621)
4(5069 5045 11598 11622)
4(5075 5076 11629 11628)
4(5076 5069 11622 11629)
4(5099 5100 11653 11652)
4(5100 5075 11628 11653)
4(5114 5100 11653 11667)
4(5101 5075 11628 11654)
4(5100 5101 11654 11653)
4(5075 5081 11634 11628)
4(5081 5076 11629 11634)
4(5081 5101 11654 11634)
4(5102 5082 11635 11655)
4(5101 5102 11655 11654)
4(5082 5081 11634 11635)
4(5102 5083 11636 11655)
4(5083 5082 11635 11636)
4(5115 5101 11654 11668)
4(5116 5102 11655 11669)
4(5115 5116 11669 11668)
4(5102 5103 11656 11655)
4(5103 5084 11637 11656)
4(5084 5083 11636 11637)
4(5116 5117 11670 11669)
4(5117 5103 11656 11670)
4(5142 5143 11696 11695)
4(5143 5116 11669 11696)
4(5161 5143 11696 11714)
4(5134 5143 11696 11687)
4(5143 5144 11697 11696)
4(5144 5135 11688 11697)
4(5135 5134 11687 11688)
4(5134 5116 11669 11687)
4(5134 5117 11670 11687)
4(5162 5144 11697 11715)
4(5144 5145 11698 11697)
4(5145 5146 11699 11698)
4(5146 5136 11689 11699)
4(5136 5135 11688 11689)
4(5163 5145 11698 11716)
4(5162 5163 11716 11715)
4(5163 5164 11717 11716)
4(5164 5146 11699 11717)
4(5169 5170 11723 11722)
4(5170 5163 11716 11723)
4(5198 5170 11723 11751)
4(5170 5171 11724 11723)
4(5171 5164 11717 11724)
4(5176 5198 11751 11729)
4(5199 5176 11729 11752)
4(5175 5198 11751 11728)
4(5176 5175 11728 11729)
4(5175 5171 11724 11728)
4(5199 5200 11753 11752)
4(5177 5176 11729 11730)
4(5200 5177 11730 11753)
4(5217 5218 11771 11770)
4(5218 5200 11753 11771)
4(5225 5231 11784 11778)
4(5231 5232 11785 11784)
4(5232 5225 11778 11785)
4(5224 5231 11784 11777)
4(5225 5224 11777 11778)
4(5224 5218 11771 11777)
4(5246 5247 11800 11799)
4(5247 5232 11785 11800)
4(5259 5260 11813 11812)
4(5260 5261 11814 11813)
4(5261 5247 11800 11814)
4(5280 5281 11834 11833)
4(5281 5260 11813 11834)
4(5293 5281 11834 11846)
4(5292 5293 11846 11845)
4(5281 5282 11835 11834)
4(5282 5262 11815 11835)
4(5262 5261 11814 11815)
4(5293 5294 11847 11846)
4(5294 5282 11835 11847)
4(5304 5305 11858 11857)
4(5305 5293 11846 11858)
4(5319 5305 11858 11872)
4(5306 5293 11846 11859)
4(5305 5306 11859 11858)
4(5293 5300 11853 11846)
4(5300 5294 11847 11853)
4(5306 5300 11853 11859)
4(5306 5301 11854 11859)
4(5301 5300 11853 11854)
4(5320 5306 11859 11873)
4(5306 5307 11860 11859)
4(5307 5302 11855 11860)
4(5302 5301 11854 11855)
4(5320 5321 11874 11873)
4(5321 5307 11860 11874)
4(5395 5320 11873 11948)
4(5394 5398 11951 11947)
4(5398 5395 11948 11951)
4(5395 5321 11874 11948)
4(5471 5394 11947 12024)
4(5399 5472 12025 11952)
4(5472 5400 11953 12025)
4(5400 5399 11952 11953)
4(5398 5471 12024 11951)
4(5399 5398 11951 11952)
4(5473 5401 11954 12026)
4(5472 5473 12026 12025)
4(5401 5400 11953 11954)
4(5473 5474 12027 12026)
4(5402 5401 11954 11955)
4(5474 5402 11955 12027)
4(5613 5614 12167 12166)
4(5614 5473 12026 12167)
4(5695 5614 12167 12248)
4(5615 5473 12026 12168)
4(5614 5615 12168 12167)
4(5481 5615 12168 12034)
4(5615 5482 12035 12168)
4(5482 5481 12034 12035)
4(5481 5473 12026 12034)
4(5481 5474 12027 12034)
4(5696 5615 12168 12249)
4(5615 5616 12169 12168)
4(5616 5483 12036 12169)
4(5483 5482 12035 12036)
4(5697 5616 12169 12250)
4(5616 5617 12170 12169)
4(5617 5548 12101 12170)
4(5484 5483 12036 12037)
4(5548 5484 12037 12101)
4(5698 5617 12170 12251)
4(5699 5549 12102 12252)
4(5549 5548 12101 12102)
4(5700 5550 12103 12253)
4(5550 5549 12102 12103)
4(5700 5551 12104 12253)
4(5551 5550 12103 12104)
4(5700 5623 12176 12253)
4(5623 5551 12104 12176)
4(5701 5624 12177 12254)
4(5624 5623 12176 12177)
4(5702 5625 12178 12255)
4(5625 5624 12177 12178)
4(5702 5703 12256 12255)
4(5703 5626 12179 12256)
4(5626 5625 12178 12179)
4(5785 5703 12256 12338)
4(5785 5722 12275 12338)
4(5722 5703 12256 12275)
4(5723 5786 12339 12276)
4(5787 5723 12276 12340)
4(5786 5787 12340 12339)
4(5785 5786 12339 12338)
4(5723 5722 12275 12276)
4(5724 5787 12340 12277)
4(5787 5788 12341 12340)
4(5788 5725 12278 12341)
4(5725 5724 12277 12278)
4(5724 5723 12276 12277)
4(5798 5786 12339 12351)
4(5799 5787 12340 12352)
4(5800 5788 12341 12353)
4(5799 5800 12353 12352)
4(5800 5801 12354 12353)
4(5726 5725 12278 12279)
4(5801 5726 12279 12354)
4(5870 5871 12424 12423)
4(5871 5800 12353 12424)
4(5887 5871 12424 12440)
4(5811 5871 12424 12364)
4(5872 5811 12364 12425)
4(5871 5872 12425 12424)
4(5811 5801 12354 12364)
4(5872 5812 12365 12425)
4(5812 5811 12364 12365)
4(5888 5872 12425 12441)
4(3301 3302 9855 9854)
4(3278 3301 9854 9831)
4(3315 3316 9869 9868)
4(3310 3315 9868 9863)
4(3301 3310 9863 9854)
4(3329 3330 9883 9882)
4(3315 3329 9882 9868)
4(3345 3346 9899 9898)
4(3338 3345 9898 9891)
4(3329 3338 9891 9882)
4(3369 3370 9923 9922)
4(3365 3369 9922 9918)
4(3345 3365 9918 9898)
4(3375 3376 9929 9928)
4(3369 3375 9928 9922)
4(3389 3390 9943 9942)
4(3385 3389 9942 9938)
4(3375 3385 9938 9928)
4(3414 3415 9968 9967)
4(3389 3414 9967 9942)
4(3562 3563 10116 10115)
4(3563 3556 10109 10116)
4(3555 3562 10115 10108)
4(3556 3555 10108 10109)
4(3583 3563 10116 10136)
4(3582 3583 10136 10135)
4(3562 3582 10135 10115)
4(3445 3446 9999 9998)
4(3414 3445 9998 9967)
4(3467 3468 10021 10020)
4(3462 3467 10020 10015)
4(3445 3462 10015 9998)
4(3473 3474 10027 10026)
4(3467 3473 10026 10020)
4(3496 3497 10050 10049)
4(3482 3496 10049 10035)
4(3473 3482 10035 10026)
4(3532 3533 10086 10085)
4(3528 3532 10085 10081)
4(3496 3528 10081 10049)
4(3538 3539 10092 10091)
4(3532 3538 10091 10085)
4(3563 3564 10117 10116)
4(3564 3557 10110 10117)
4(3557 3556 10109 10110)
4(3584 3564 10117 10137)
4(3565 3557 10110 10118)
4(3564 3565 10118 10117)
4(3565 3558 10111 10118)
4(3558 3557 10110 10111)
4(3539 3558 10111 10092)
4(3538 3558 10111 10091)
4(4076 4077 10630 10629)
4(3994 3989 10542 10547)
4(4077 3994 10547 10630)
4(3988 4076 10629 10541)
4(3989 3988 10541 10542)
4(4161 4094 10647 10714)
4(4160 4161 10714 10713)
4(4094 4160 10713 10647)
4(4161 4095 10648 10714)
4(4095 4094 10647 10648)
4(4077 4095 10648 10630)
4(4076 4095 10648 10629)
4(4248 4249 10802 10801)
4(4160 4248 10801 10713)
4(4400 4401 10954 10953)
4(4401 4247 10800 10954)
4(4247 4246 10799 10800)
4(4406 4401 10954 10959)
4(4401 4402 10955 10954)
4(4330 4249 10802 10883)
4(4402 4330 10883 10955)
4(4248 4247 10800 10801)
4(4407 4402 10955 10960)
4(3663 3664 10217 10216)
4(3664 3657 10210 10217)
4(3657 3656 10209 10210)
4(3656 3663 10216 10209)
4(3910 3901 10454 10463)
4(3909 3910 10463 10462)
4(3900 3909 10462 10453)
4(3901 3900 10453 10454)
4(3882 3883 10436 10435)
4(3663 3882 10435 10216)
4(3883 3910 10463 10436)
4(3910 3911 10464 10463)
4(3910 3902 10455 10463)
4(3902 3901 10454 10455)
4(3883 3902 10455 10436)
4(3882 3902 10455 10435)
4(3649 3650 10203 10202)
4(3650 3581 10134 10203)
4(3580 3649 10202 10133)
4(3581 3580 10133 10134)
4(3649 3665 10218 10202)
4(3665 3650 10203 10218)
4(3665 3657 10210 10218)
4(3658 3665 10218 10211)
4(3649 3658 10211 10202)
4(3658 3657 10210 10211)
4(3650 3651 10204 10203)
4(3582 3581 10134 10135)
4(3909 3995 10548 10462)
4(3995 3910 10463 10548)
4(3990 3995 10548 10543)
4(3909 3990 10543 10462)
4(3995 3989 10542 10548)
4(3994 3995 10548 10547)
4(3990 3989 10542 10543)
4(4078 3995 10548 10631)
4(3995 3996 10549 10548)
4(4162 4163 10716 10715)
4(4163 4080 10633 10716)
4(4252 4163 10716 10805)
4(4251 4252 10805 10804)
4(4163 4164 10717 10716)
4(4164 4081 10634 10717)
4(4163 4170 10723 10716)
4(4170 4164 10717 10723)
4(4163 4169 10722 10716)
4(4169 4170 10723 10722)
4(4252 4169 10722 10805)
4(4252 4253 10806 10805)
4(4253 4169 10722 10806)
4(4164 4082 10635 10717)
4(4096 4164 10717 10649)
4(4164 4165 10718 10717)
4(4165 4096 10649 10718)
4(4096 4082 10635 10649)
4(4097 4082 10635 10650)
4(4096 4097 10650 10649)
4(4170 4171 10724 10723)
4(4171 4165 10718 10724)
4(4098 4083 10636 10651)
4(4097 4098 10651 10650)
4(3997 3998 10551 10550)
4(3998 3914 10467 10551)
4(3997 4006 10559 10550)
4(4006 3998 10551 10559)
4(4084 3997 10550 10637)
4(4083 4084 10637 10636)
4(3997 4005 10558 10550)
4(4005 4006 10559 10558)
4(4084 4005 10558 10637)
4(3998 3999 10552 10551)
4(3930 3915 10468 10483)
4(3999 3930 10483 10552)
4(4006 4007 10560 10559)
4(4007 3999 10552 10560)
4(4099 4084 10637 10652)
4(4098 4099 10652 10651)
4(4331 4250 10803 10884)
4(4330 4331 10884 10883)
4(4332 4250 10803 10885)
4(4331 4332 10885 10884)
4(4265 4250 10803 10818)
4(4332 4265 10818 10885)
4(4265 4251 10804 10818)
4(4266 4251 10804 10819)
4(4265 4266 10819 10818)
4(4266 4267 10820 10819)
4(4267 4253 10806 10820)
4(3884 3885 10438 10437)
4(3885 3669 10222 10438)
4(3916 3885 10438 10469)
4(3915 3916 10469 10468)
4(3886 3669 10222 10439)
4(3885 3886 10439 10438)
4(3755 3669 10222 10308)
4(3886 3755 10308 10439)
4(3755 3670 10223 10308)
4(3756 3670 10223 10309)
4(3755 3756 10309 10308)
4(3916 3917 10470 10469)
4(3917 3886 10439 10470)
4(3757 3671 10224 10310)
4(3756 3757 10310 10309)
4(3759 3672 10225 10312)
4(3758 3759 10312 10311)
4(3757 3758 10311 10310)
4(3931 3916 10469 10484)
4(3930 3931 10484 10483)
4(3931 3932 10485 10484)
4(3932 3917 10470 10485)
4(3761 3673 10226 10314)
4(3760 3761 10314 10313)
4(3759 3760 10313 10312)
4(3762 3674 10227 10315)
4(3761 3762 10315 10314)
4(3764 3675 10228 10317)
4(3763 3764 10317 10316)
4(3762 3763 10316 10315)
4(3765 3676 10229 10318)
4(3764 3765 10318 10317)
4(3766 3677 10230 10319)
4(3765 3766 10319 10318)
4(3768 3678 10231 10321)
4(3767 3768 10321 10320)
4(3766 3767 10320 10319)
4(3769 3679 10232 10322)
4(3768 3769 10322 10321)
4(3771 3680 10233 10324)
4(3770 3771 10324 10323)
4(3769 3770 10323 10322)
4(3773 3681 10234 10326)
4(3772 3773 10326 10325)
4(3771 3772 10325 10324)
4(3774 3682 10235 10327)
4(3773 3774 10327 10326)
4(3776 3683 10236 10329)
4(3775 3776 10329 10328)
4(3774 3775 10328 10327)
4(3777 3684 10237 10330)
4(3776 3777 10330 10329)
4(5872 5873 12426 12425)
4(5873 5813 12366 12426)
4(5813 5812 12365 12366)
4(5889 5873 12426 12442)
4(5888 5889 12442 12441)
4(5873 5874 12427 12426)
4(5814 5813 12366 12367)
4(5874 5814 12367 12427)
4(5902 5889 12442 12455)
4(5889 6071 12624 12442)
4(6071 5902 12455 12624)
4(5890 5873 12426 12443)
4(5902 5890 12443 12455)
4(5890 5874 12427 12443)
4(6069 6070 12623 12622)
4(6070 5889 12442 12623)
4(6201 6070 12623 12754)
4(6070 6071 12624 12623)
4(6071 5903 12456 12624)
4(5903 5902 12455 12456)
4(6202 6071 12624 12755)
4(6071 6072 12625 12624)
4(6072 5904 12457 12625)
4(5904 5903 12456 12457)
4(6203 6072 12625 12756)
4(6072 6073 12626 12625)
4(6073 5905 12458 12626)
4(5905 5904 12457 12458)
4(6204 6073 12626 12757)
4(6073 6074 12627 12626)
4(6074 5906 12459 12627)
4(5906 5905 12458 12459)
4(6205 6074 12627 12758)
4(6074 6075 12628 12627)
4(6075 5907 12460 12628)
4(5907 5906 12459 12460)
4(6206 6075 12628 12759)
4(6075 6076 12629 12628)
4(6076 5909 12462 12629)
4(5908 5907 12460 12461)
4(5909 5908 12461 12462)
4(6207 6076 12629 12760)
4(6076 6077 12630 12629)
4(6077 5910 12463 12630)
4(5910 5909 12462 12463)
4(6208 6077 12630 12761)
4(6077 6078 12631 12630)
4(6078 5912 12465 12631)
4(5911 5910 12463 12464)
4(5912 5911 12464 12465)
4(6209 6078 12631 12762)
4(6078 6079 12632 12631)
4(6079 5913 12466 12632)
4(5913 5912 12465 12466)
4(6210 6079 12632 12763)
4(6079 6080 12633 12632)
4(6080 5914 12467 12633)
4(5914 5913 12466 12467)
4(6211 6080 12633 12764)
4(6080 6081 12634 12633)
4(6081 5916 12469 12634)
4(5915 5914 12467 12468)
4(5916 5915 12468 12469)
4(6212 6081 12634 12765)
4(6081 6082 12635 12634)
4(6082 5917 12470 12635)
4(5917 5916 12469 12470)
4(6213 6082 12635 12766)
4(6082 6083 12636 12635)
4(6083 5919 12472 12636)
4(5918 5917 12470 12471)
4(5919 5918 12471 12472)
4(6214 6083 12636 12767)
4(6083 6084 12637 12636)
4(6084 5920 12473 12637)
4(5920 5919 12472 12473)
4(6215 6084 12637 12768)
4(6084 6085 12638 12637)
4(6085 5921 12474 12638)
4(5921 5920 12473 12474)
4(6216 6085 12638 12769)
4(6085 6086 12639 12638)
4(6086 5922 12475 12639)
4(5922 5921 12474 12475)
4(6217 6086 12639 12770)
4(6086 6087 12640 12639)
4(6087 5923 12476 12640)
4(5923 5922 12475 12476)
4(6218 6087 12640 12771)
4(6087 6088 12641 12640)
4(6088 5925 12478 12641)
4(5924 5923 12476 12477)
4(5925 5924 12477 12478)
4(6219 6088 12641 12772)
4(6088 6089 12642 12641)
4(6089 5926 12479 12642)
4(5926 5925 12478 12479)
4(6220 6089 12642 12773)
4(6089 6090 12643 12642)
4(6090 5928 12481 12643)
4(5927 5926 12479 12480)
4(5928 5927 12480 12481)
4(6221 6090 12643 12774)
4(6090 6091 12644 12643)
4(6091 5929 12482 12644)
4(5929 5928 12481 12482)
4(6222 6091 12644 12775)
4(6091 6092 12645 12644)
4(6092 5930 12483 12645)
4(5930 5929 12482 12483)
4(6223 6092 12645 12776)
4(6092 6093 12646 12645)
4(6093 5932 12485 12646)
4(5931 5930 12483 12484)
4(5932 5931 12484 12485)
4(6224 6093 12646 12777)
4(6093 6094 12647 12646)
4(6094 5933 12486 12647)
4(5933 5932 12485 12486)
4(6225 6094 12647 12778)
4(6094 6095 12648 12647)
4(6095 5935 12488 12648)
4(5934 5933 12486 12487)
4(5935 5934 12487 12488)
4(6226 6095 12648 12779)
4(6095 6096 12649 12648)
4(6096 5936 12489 12649)
4(5936 5935 12488 12489)
4(6227 6096 12649 12780)
4(6096 6097 12650 12649)
4(6097 5937 12490 12650)
4(5937 5936 12489 12490)
4(6228 6097 12650 12781)
4(6097 6098 12651 12650)
4(6098 5938 12491 12651)
4(5938 5937 12490 12491)
4(6229 6098 12651 12782)
4(6098 6099 12652 12651)
4(6099 5939 12492 12652)
4(5939 5938 12491 12492)
4(6230 6099 12652 12783)
4(6099 6100 12653 12652)
4(6100 5941 12494 12653)
4(5940 5939 12492 12493)
4(5941 5940 12493 12494)
4(6231 6100 12653 12784)
4(6100 6101 12654 12653)
4(6101 5942 12495 12654)
4(5942 5941 12494 12495)
4(6232 6101 12654 12785)
4(6101 6102 12655 12654)
4(6102 5944 12497 12655)
4(5943 5942 12495 12496)
4(5944 5943 12496 12497)
4(6233 6102 12655 12786)
4(6102 6103 12656 12655)
4(6103 5945 12498 12656)
4(5945 5944 12497 12498)
4(6234 6103 12656 12787)
4(6103 6104 12657 12656)
4(6104 5946 12499 12657)
4(5946 5945 12498 12499)
4(6235 6104 12657 12788)
4(6104 6105 12658 12657)
4(6105 5948 12501 12658)
4(5947 5946 12499 12500)
4(5948 5947 12500 12501)
4(6236 6105 12658 12789)
4(6105 6106 12659 12658)
4(6106 5949 12502 12659)
4(5949 5948 12501 12502)
4(6237 6106 12659 12790)
4(6106 6107 12660 12659)
4(6107 5951 12504 12660)
4(5950 5949 12502 12503)
4(5951 5950 12503 12504)
4(6238 6107 12660 12791)
4(6107 6108 12661 12660)
4(6108 5952 12505 12661)
4(5952 5951 12504 12505)
4(6239 6108 12661 12792)
4(6108 6109 12662 12661)
4(6109 5953 12506 12662)
4(5953 5952 12505 12506)
4(6240 6109 12662 12793)
4(6109 6110 12663 12662)
4(6110 5954 12507 12663)
4(5954 5953 12506 12507)
4(6241 6110 12663 12794)
4(6110 6111 12664 12663)
4(6111 5955 12508 12664)
4(5955 5954 12507 12508)
4(6242 6111 12664 12795)
4(6111 6112 12665 12664)
4(6112 5957 12510 12665)
4(5956 5955 12508 12509)
4(5957 5956 12509 12510)
4(6243 6112 12665 12796)
4(6112 6113 12666 12665)
4(6113 5958 12511 12666)
4(5958 5957 12510 12511)
4(6244 6113 12666 12797)
4(6113 6114 12667 12666)
4(6114 5960 12513 12667)
4(5959 5958 12511 12512)
4(5960 5959 12512 12513)
4(6245 6114 12667 12798)
4(6114 6115 12668 12667)
4(6115 5961 12514 12668)
4(5961 5960 12513 12514)
4(6246 6115 12668 12799)
4(6115 6116 12669 12668)
4(6116 5962 12515 12669)
4(5962 5961 12514 12515)
4(6247 6116 12669 12800)
4(6116 6117 12670 12669)
4(6117 5964 12517 12670)
4(5963 5962 12515 12516)
4(5964 5963 12516 12517)
4(6248 6117 12670 12801)
4(6117 6118 12671 12670)
4(6118 5965 12518 12671)
4(5965 5964 12517 12518)
4(6249 6118 12671 12802)
4(6118 6119 12672 12671)
4(6119 5967 12520 12672)
4(5966 5965 12518 12519)
4(5967 5966 12519 12520)
4(6250 6119 12672 12803)
4(6119 6120 12673 12672)
4(6120 5968 12521 12673)
4(5968 5967 12520 12521)
4(6251 6120 12673 12804)
4(6120 6121 12674 12673)
4(6121 5969 12522 12674)
4(5969 5968 12521 12522)
4(6252 6121 12674 12805)
4(6121 6122 12675 12674)
4(6122 5970 12523 12675)
4(5970 5969 12522 12523)
4(6253 6122 12675 12806)
4(6122 6123 12676 12675)
4(6123 5971 12524 12676)
4(5971 5970 12523 12524)
4(6254 6123 12676 12807)
4(6123 6124 12677 12676)
4(6124 5973 12526 12677)
4(5972 5971 12524 12525)
4(5973 5972 12525 12526)
4(6255 6124 12677 12808)
4(6124 6125 12678 12677)
4(6125 5974 12527 12678)
4(5974 5973 12526 12527)
4(6256 6125 12678 12809)
4(6125 6126 12679 12678)
4(6126 5976 12529 12679)
4(5975 5974 12527 12528)
4(5976 5975 12528 12529)
4(6257 6126 12679 12810)
4(6126 6127 12680 12679)
4(6127 5977 12530 12680)
4(5977 5976 12529 12530)
4(6258 6127 12680 12811)
4(6127 6128 12681 12680)
4(6128 5978 12531 12681)
4(5978 5977 12530 12531)
4(6259 6128 12681 12812)
4(6128 6129 12682 12681)
4(6129 5980 12533 12682)
4(5979 5978 12531 12532)
4(5980 5979 12532 12533)
4(6260 6129 12682 12813)
4(6129 6130 12683 12682)
4(6130 5981 12534 12683)
4(5981 5980 12533 12534)
4(6261 6130 12683 12814)
4(6130 6131 12684 12683)
4(6131 5983 12536 12684)
4(5982 5981 12534 12535)
4(5983 5982 12535 12536)
4(6262 6131 12684 12815)
4(6131 6132 12685 12684)
4(6132 5984 12537 12685)
4(5984 5983 12536 12537)
4(6263 6132 12685 12816)
4(6132 6133 12686 12685)
4(6133 5985 12538 12686)
4(5985 5984 12537 12538)
4(6264 6133 12686 12817)
4(419 420 6973 6972)
4(420 289 6842 6973)
4(568 420 6973 7121)
4(567 568 7121 7120)
4(420 421 6974 6973)
4(421 290 6843 6974)
4(569 421 6974 7122)
4(568 569 7122 7121)
4(421 422 6975 6974)
4(422 291 6844 6975)
4(571 422 6975 7124)
4(570 571 7124 7123)
4(569 570 7123 7122)
4(422 423 6976 6975)
4(423 292 6845 6976)
4(572 423 6976 7125)
4(571 572 7125 7124)
4(423 424 6977 6976)
4(424 293 6846 6977)
4(574 424 6977 7127)
4(573 574 7127 7126)
4(572 573 7126 7125)
4(424 425 6978 6977)
4(425 294 6847 6978)
4(575 425 6978 7128)
4(574 575 7128 7127)
4(425 426 6979 6978)
4(426 295 6848 6979)
4(576 426 6979 7129)
4(575 576 7129 7128)
4(426 427 6980 6979)
4(427 296 6849 6980)
4(578 427 6980 7131)
4(577 578 7131 7130)
4(576 577 7130 7129)
4(427 428 6981 6980)
4(428 297 6850 6981)
4(579 428 6981 7132)
4(578 579 7132 7131)
4(428 429 6982 6981)
4(429 298 6851 6982)
4(581 429 6982 7134)
4(580 581 7134 7133)
4(579 580 7133 7132)
4(429 430 6983 6982)
4(430 299 6852 6983)
4(582 430 6983 7135)
4(581 582 7135 7134)
4(430 431 6984 6983)
4(431 300 6853 6984)
4(583 431 6984 7136)
4(582 583 7136 7135)
4(431 432 6985 6984)
4(432 301 6854 6985)
4(584 432 6985 7137)
4(583 584 7137 7136)
4(432 433 6986 6985)
4(433 302 6855 6986)
4(585 433 6986 7138)
4(584 585 7138 7137)
4(433 434 6987 6986)
4(434 303 6856 6987)
4(587 434 6987 7140)
4(586 587 7140 7139)
4(585 586 7139 7138)
4(434 435 6988 6987)
4(435 304 6857 6988)
4(588 435 6988 7141)
4(587 588 7141 7140)
4(435 436 6989 6988)
4(436 305 6858 6989)
4(590 436 6989 7143)
4(589 590 7143 7142)
4(588 589 7142 7141)
4(436 437 6990 6989)
4(437 306 6859 6990)
4(591 437 6990 7144)
4(590 591 7144 7143)
4(437 438 6991 6990)
4(438 307 6860 6991)
4(592 438 6991 7145)
4(591 592 7145 7144)
4(438 439 6992 6991)
4(439 308 6861 6992)
4(594 439 6992 7147)
4(593 594 7147 7146)
4(592 593 7146 7145)
4(439 440 6993 6992)
4(440 309 6862 6993)
4(595 440 6993 7148)
4(594 595 7148 7147)
4(440 441 6994 6993)
4(441 310 6863 6994)
4(597 441 6994 7150)
4(596 597 7150 7149)
4(595 596 7149 7148)
4(441 442 6995 6994)
4(442 311 6864 6995)
4(598 442 6995 7151)
4(597 598 7151 7150)
4(442 443 6996 6995)
4(443 312 6865 6996)
4(599 443 6996 7152)
4(598 599 7152 7151)
4(443 444 6997 6996)
4(444 313 6866 6997)
4(600 444 6997 7153)
4(599 600 7153 7152)
4(444 445 6998 6997)
4(445 314 6867 6998)
4(601 445 6998 7154)
4(600 601 7154 7153)
4(445 446 6999 6998)
4(446 315 6868 6999)
4(603 446 6999 7156)
4(602 603 7156 7155)
4(601 602 7155 7154)
4(446 447 7000 6999)
4(447 316 6869 7000)
4(604 447 7000 7157)
4(603 604 7157 7156)
4(447 448 7001 7000)
4(448 317 6870 7001)
4(606 448 7001 7159)
4(605 606 7159 7158)
4(604 605 7158 7157)
4(448 449 7002 7001)
4(449 318 6871 7002)
4(607 449 7002 7160)
4(606 607 7160 7159)
4(449 450 7003 7002)
4(450 319 6872 7003)
4(608 450 7003 7161)
4(607 608 7161 7160)
4(450 451 7004 7003)
4(451 320 6873 7004)
4(610 451 7004 7163)
4(609 610 7163 7162)
4(608 609 7162 7161)
4(451 452 7005 7004)
4(452 321 6874 7005)
4(611 452 7005 7164)
4(610 611 7164 7163)
4(452 453 7006 7005)
4(453 322 6875 7006)
4(613 453 7006 7166)
4(612 613 7166 7165)
4(611 612 7165 7164)
4(453 454 7007 7006)
4(454 323 6876 7007)
4(614 454 7007 7167)
4(613 614 7167 7166)
4(454 455 7008 7007)
4(455 324 6877 7008)
4(615 455 7008 7168)
4(614 615 7168 7167)
4(455 456 7009 7008)
4(456 325 6878 7009)
4(616 456 7009 7169)
4(615 616 7169 7168)
4(456 457 7010 7009)
4(457 326 6879 7010)
4(617 457 7010 7170)
4(616 617 7170 7169)
4(457 458 7011 7010)
4(458 327 6880 7011)
4(619 458 7011 7172)
4(618 619 7172 7171)
4(617 618 7171 7170)
4(458 459 7012 7011)
4(459 328 6881 7012)
4(620 459 7012 7173)
4(619 620 7173 7172)
4(459 460 7013 7012)
4(460 329 6882 7013)
4(622 460 7013 7175)
4(621 622 7175 7174)
4(620 621 7174 7173)
4(460 461 7014 7013)
4(461 330 6883 7014)
4(623 461 7014 7176)
4(622 623 7176 7175)
4(461 462 7015 7014)
4(462 331 6884 7015)
4(624 462 7015 7177)
4(623 624 7177 7176)
4(462 463 7016 7015)
4(463 332 6885 7016)
4(626 463 7016 7179)
4(625 626 7179 7178)
4(624 625 7178 7177)
4(463 464 7017 7016)
4(464 333 6886 7017)
4(627 464 7017 7180)
4(626 627 7180 7179)
4(464 465 7018 7017)
4(465 334 6887 7018)
4(629 465 7018 7182)
4(628 629 7182 7181)
4(627 628 7181 7180)
4(465 466 7019 7018)
4(466 335 6888 7019)
4(630 466 7019 7183)
4(629 630 7183 7182)
4(466 467 7020 7019)
4(467 336 6889 7020)
4(631 467 7020 7184)
4(630 631 7184 7183)
4(467 468 7021 7020)
4(468 337 6890 7021)
4(632 468 7021 7185)
4(631 632 7185 7184)
4(468 469 7022 7021)
4(469 338 6891 7022)
4(633 469 7022 7186)
4(632 633 7186 7185)
4(469 470 7023 7022)
4(470 339 6892 7023)
4(635 470 7023 7188)
4(634 635 7188 7187)
4(633 634 7187 7186)
4(470 471 7024 7023)
4(471 340 6893 7024)
4(636 471 7024 7189)
4(635 636 7189 7188)
4(471 472 7025 7024)
4(472 341 6894 7025)
4(638 472 7025 7191)
4(637 638 7191 7190)
4(636 637 7190 7189)
4(472 473 7026 7025)
4(473 342 6895 7026)
4(639 473 7026 7192)
4(638 639 7192 7191)
4(473 474 7027 7026)
4(474 343 6896 7027)
4(640 474 7027 7193)
4(639 640 7193 7192)
4(474 475 7028 7027)
4(475 344 6897 7028)
4(642 475 7028 7195)
4(641 642 7195 7194)
4(640 641 7194 7193)
4(475 476 7029 7028)
4(476 345 6898 7029)
4(643 476 7029 7196)
4(642 643 7196 7195)
4(476 477 7030 7029)
4(477 346 6899 7030)
4(645 477 7030 7198)
4(644 645 7198 7197)
4(643 644 7197 7196)
4(477 478 7031 7030)
4(478 347 6900 7031)
4(646 478 7031 7199)
4(645 646 7199 7198)
4(478 479 7032 7031)
4(479 348 6901 7032)
4(647 479 7032 7200)
4(646 647 7200 7199)
4(479 480 7033 7032)
4(480 349 6902 7033)
4(648 480 7033 7201)
4(647 648 7201 7200)
4(480 481 7034 7033)
4(481 350 6903 7034)
4(649 481 7034 7202)
4(648 649 7202 7201)
4(481 482 7035 7034)
4(482 351 6904 7035)
4(481 663 7216 7034)
4(663 482 7035 7216)
4(650 481 7034 7203)
4(649 650 7203 7202)
4(663 650 7203 7216)
4(662 679 7232 7215)
4(679 663 7216 7232)
4(650 662 7215 7203)
4(678 679 7232 7231)
4(662 678 7231 7215)
4(482 483 7036 7035)
4(663 664 7217 7216)
4(739 679 7232 7292)
4(738 739 7292 7291)
4(678 738 7291 7231)
4(679 680 7233 7232)
4(680 664 7217 7233)
4(740 680 7233 7293)
4(739 740 7293 7292)
4(2824 2697 9250 9377)
4(2697 2696 9249 9250)
4(2825 2699 9252 9378)
4(2698 2697 9250 9251)
4(2699 2698 9251 9252)
4(2826 2700 9253 9379)
4(2700 2699 9252 9253)
4(2827 2702 9255 9380)
4(2701 2700 9253 9254)
4(2702 2701 9254 9255)
4(2828 2704 9257 9381)
4(2703 2702 9255 9256)
4(2704 2703 9256 9257)
4(2829 2705 9258 9382)
4(2705 2704 9257 9258)
4(2830 2707 9260 9383)
4(2706 2705 9258 9259)
4(2707 2706 9259 9260)
4(2831 2708 9261 9384)
4(2708 2707 9260 9261)
4(2832 2709 9262 9385)
4(2709 2708 9261 9262)
4(2833 2711 9264 9386)
4(2710 2709 9262 9263)
4(2711 2710 9263 9264)
4(2834 2712 9265 9387)
4(2712 2711 9264 9265)
4(2835 2714 9267 9388)
4(2713 2712 9265 9266)
4(2714 2713 9266 9267)
4(2836 2716 9269 9389)
4(2715 2714 9267 9268)
4(2716 2715 9268 9269)
4(2837 2717 9270 9390)
4(2717 2716 9269 9270)
4(2838 2719 9272 9391)
4(2718 2717 9270 9271)
4(2719 2718 9271 9272)
4(2839 2720 9273 9392)
4(2720 2719 9272 9273)
4(2840 2721 9274 9393)
4(2721 2720 9273 9274)
4(2841 2723 9276 9394)
4(2722 2721 9274 9275)
4(2723 2722 9275 9276)
4(2842 2724 9277 9395)
4(2724 2723 9276 9277)
4(2843 2726 9279 9396)
4(2725 2724 9277 9278)
4(2726 2725 9278 9279)
4(2844 2728 9281 9397)
4(2727 2726 9279 9280)
4(2728 2727 9280 9281)
4(2845 2729 9282 9398)
4(2729 2728 9281 9282)
4(2846 2731 9284 9399)
4(2730 2729 9282 9283)
4(2731 2730 9283 9284)
4(2847 2732 9285 9400)
4(2732 2731 9284 9285)
4(2848 2733 9286 9401)
4(2733 2732 9285 9286)
4(2849 2735 9288 9402)
4(2734 2733 9286 9287)
4(2735 2734 9287 9288)
4(2850 2736 9289 9403)
4(2736 2735 9288 9289)
4(2851 2738 9291 9404)
4(2737 2736 9289 9290)
4(2738 2737 9290 9291)
4(2852 2740 9293 9405)
4(2739 2738 9291 9292)
4(2740 2739 9292 9293)
4(2853 2741 9294 9406)
4(2741 2740 9293 9294)
4(2854 2743 9296 9407)
4(2742 2741 9294 9295)
4(2743 2742 9295 9296)
4(2855 2744 9297 9408)
4(2744 2743 9296 9297)
4(2856 2745 9298 9409)
4(2745 2744 9297 9298)
4(2857 2747 9300 9410)
4(2746 2745 9298 9299)
4(2747 2746 9299 9300)
4(2858 2748 9301 9411)
4(2748 2747 9300 9301)
4(2859 2750 9303 9412)
4(2749 2748 9301 9302)
4(2750 2749 9302 9303)
4(2860 2752 9305 9413)
4(2751 2750 9303 9304)
4(2752 2751 9304 9305)
4(2861 2753 9306 9414)
4(2753 2752 9305 9306)
4(2862 2755 9308 9415)
4(2754 2753 9306 9307)
4(2755 2754 9307 9308)
4(2863 2756 9309 9416)
4(2756 2755 9308 9309)
4(2864 2757 9310 9417)
4(2757 2756 9309 9310)
4(2865 2759 9312 9418)
4(2758 2757 9310 9311)
4(2759 2758 9311 9312)
4(2866 2760 9313 9419)
4(2760 2759 9312 9313)
4(2867 2762 9315 9420)
4(2761 2760 9313 9314)
4(2762 2761 9314 9315)
4(2868 2764 9317 9421)
4(2763 2762 9315 9316)
4(2764 2763 9316 9317)
4(2869 2765 9318 9422)
4(2765 2764 9317 9318)
4(2870 2767 9320 9423)
4(2766 2765 9318 9319)
4(2767 2766 9319 9320)
4(2871 2768 9321 9424)
4(2768 2767 9320 9321)
4(2872 2769 9322 9425)
4(2769 2768 9321 9322)
4(2873 2771 9324 9426)
4(2770 2769 9322 9323)
4(2771 2770 9323 9324)
4(2874 2772 9325 9427)
4(2772 2771 9324 9325)
4(2875 2774 9327 9428)
4(2773 2772 9325 9326)
4(2774 2773 9326 9327)
4(2876 2776 9329 9429)
4(2775 2774 9327 9328)
4(2776 2775 9328 9329)
4(2877 2777 9330 9430)
4(2777 2776 9329 9330)
4(2878 2779 9332 9431)
4(2778 2777 9330 9331)
4(2779 2778 9331 9332)
4(2879 2780 9333 9432)
4(2780 2779 9332 9333)
4(2880 2781 9334 9433)
4(2781 2780 9333 9334)
4(2881 2783 9336 9434)
4(2782 2781 9334 9335)
4(2783 2782 9335 9336)
4(2882 2784 9337 9435)
4(2784 2783 9336 9337)
4(2883 2786 9339 9436)
4(2785 2784 9337 9338)
4(2786 2785 9338 9339)
4(2884 2788 9341 9437)
4(2787 2786 9339 9340)
4(2788 2787 9340 9341)
4(2885 2789 9342 9438)
4(2789 2788 9341 9342)
4(2886 2791 9344 9439)
4(2790 2789 9342 9343)
4(2791 2790 9343 9344)
4(2887 2792 9345 9440)
4(2792 2791 9344 9345)
4(680 681 7234 7233)
4(681 665 7218 7234)
4(681 741 7294 7234)
4(752 681 7234 7305)
4(751 752 7305 7304)
4(741 751 7304 7294)
4(680 741 7294 7233)
4(740 741 7294 7293)
4(681 682 7235 7234)
4(752 753 7306 7305)
4(764 752 7305 7317)
4(827 764 7317 7380)
4(826 827 7380 7379)
4(751 826 7379 7304)
4(764 765 7318 7317)
4(765 753 7306 7318)
4(828 765 7318 7381)
4(827 828 7381 7380)
4(765 766 7319 7318)
4(766 754 7307 7319)
4(829 766 7319 7382)
4(828 829 7382 7381)
4(766 767 7320 7319)
4(767 849 7402 7320)
4(849 850 7403 7402)
4(767 830 7383 7320)
4(830 849 7402 7383)
4(829 830 7383 7382)
4(927 850 7403 7480)
4(849 926 7479 7402)
4(926 927 7480 7479)
4(928 851 7404 7481)
4(927 928 7481 7480)
4(852 1001 7554 7405)
4(1002 852 7405 7555)
4(1001 1002 7555 7554)
4(852 929 7482 7405)
4(929 1001 7554 7482)
4(928 929 7482 7481)
4(1003 853 7406 7556)
4(1002 1003 7556 7555)
4(935 854 7407 7488)
4(1004 935 7488 7557)
4(1003 1004 7557 7556)
4(935 936 7489 7488)
4(936 855 7408 7489)
4(1069 936 7489 7622)
4(1068 1069 7622 7621)
4(1004 1068 7621 7557)
4(936 937 7490 7489)
4(937 856 7409 7490)
4(1070 937 7490 7623)
4(1069 1070 7623 7622)
4(937 938 7491 7490)
4(938 857 7410 7491)
4(937 1079 7632 7490)
4(1079 938 7491 7632)
4(1071 937 7490 7624)
4(1070 1071 7624 7623)
4(1071 1079 7632 7624)
4(1078 1079 7632 7631)
4(1071 1078 7631 7624)
4(938 939 7492 7491)
4(1079 1080 7633 7632)
4(1151 1079 7632 7704)
4(1150 1151 7704 7703)
4(1078 1150 7703 7631)
4(1152 1080 7633 7705)
4(1151 1152 7705 7704)
4(1153 1080 7633 7706)
4(1152 1153 7706 7705)
4(1154 1081 7634 7707)
4(1153 1154 7707 7706)
4(1081 1158 7711 7634)
4(1158 1154 7707 7711)
4(1157 1158 7711 7710)
4(1154 1157 7710 7707)
4(1231 1232 7785 7784)
4(1157 1231 7784 7710)
4(1240 1232 7785 7793)
4(1231 1239 7792 7784)
4(1239 1240 7793 7792)
4(1232 1247 7800 7785)
4(1247 1233 7786 7800)
4(1247 1241 7794 7800)
4(1246 1247 7800 7799)
4(1241 1246 7799 7794)
4(1232 1241 7794 7785)
4(1240 1241 7794 7793)
4(1259 1247 7800 7812)
4(1258 1259 7812 7811)
4(1246 1258 7811 7799)
4(1247 1248 7801 7800)
4(1259 1260 7813 7812)
4(1265 1259 7812 7818)
4(1258 1265 7818 7811)
4(1266 1259 7812 7819)
4(1265 1266 7819 7818)
4(1270 1271 7824 7823)
4(1271 1259 7812 7824)
4(1266 1270 7823 7819)
4(1272 1271 7824 7825)
4(1290 1291 7844 7843)
4(1270 1289 7842 7823)
4(1289 1290 7843 7842)
4(1303 1304 7857 7856)
4(1304 1291 7844 7857)
4(1290 1303 7856 7843)
4(1311 1305 7858 7864)
4(1305 1304 7857 7858)
4(1303 1311 7864 7856)
4(1312 1305 7858 7865)
4(1311 1312 7865 7864)
4(1305 1317 7870 7858)
4(1318 1305 7858 7871)
4(1317 1318 7871 7870)
4(1312 1317 7870 7865)
4(1305 1292 7845 7858)
4(1305 1306 7859 7858)
4(1318 1319 7872 7871)
4(1331 1332 7885 7884)
4(1332 1318 7871 7885)
4(1317 1331 7884 7870)
4(1333 1332 7885 7886)
4(1342 1333 7886 7895)
4(1331 1341 7894 7884)
4(1341 1342 7895 7894)
4(1333 1319 7872 7886)
4(1333 1334 7887 7886)
4(1334 1320 7873 7887)
4(1334 1343 7896 7887)
4(1343 1354 7907 7896)
4(1354 1334 7887 7907)
4(1342 1343 7896 7895)
4(1353 1354 7907 7906)
4(1343 1353 7906 7896)
4(1334 1335 7888 7887)
4(1354 1355 7908 7907)
4(1375 1354 7907 7928)
4(1353 1374 7927 7906)
4(1374 1375 7928 7927)
4(1376 1355 7908 7929)
4(1375 1376 7929 7928)
4(1355 1382 7935 7908)
4(1382 1356 7909 7935)
4(1382 1377 7930 7935)
4(1381 1382 7935 7934)
4(1377 1381 7934 7930)
4(1355 1377 7930 7908)
4(1376 1377 7930 7929)
4(1392 1382 7935 7945)
4(1391 1392 7945 7944)
4(1381 1391 7944 7934)
4(1382 1383 7936 7935)
4(1392 1393 7946 7945)
4(1408 1409 7962 7961)
4(1409 1392 7945 7962)
4(1402 1408 7961 7955)
4(1391 1402 7955 7944)
4(1438 1409 7962 7991)
4(1437 1438 7991 7990)
4(1408 1437 7990 7961)
4(1409 1410 7963 7962)
4(1438 1439 7992 7991)
4(1451 1452 8005 8004)
4(1452 1438 7991 8005)
4(1437 1451 8004 7990)
4(1477 1452 8005 8030)
4(1476 1477 8030 8029)
4(1471 1476 8029 8024)
4(1451 1471 8024 8004)
4(1452 1453 8006 8005)
4(1477 1478 8031 8030)
4(1483 1484 8037 8036)
4(1484 1477 8030 8037)
4(1476 1483 8036 8029)
4(1508 1484 8037 8061)
4(1507 1508 8061 8060)
4(1493 1507 8060 8046)
4(1483 1493 8046 8036)
4(1484 1485 8038 8037)
4(1508 1509 8062 8061)
4(1524 1525 8078 8077)
4(1525 1508 8061 8078)
4(1520 1524 8077 8073)
4(1507 1520 8073 8060)
4(1532 1525 8078 8085)
4(1531 1532 8085 8084)
4(1524 1531 8084 8077)
4(1525 1526 8079 8078)
4(1532 1533 8086 8085)
4(1554 1555 8108 8107)
4(1555 1532 8085 8108)
4(1550 1554 8107 8103)
4(1531 1550 8103 8084)
4(1573 1555 8108 8126)
4(1572 1573 8126 8125)
4(1554 1572 8125 8107)
4(1555 1556 8109 8108)
4(1573 1574 8127 8126)
4(1591 1592 8145 8144)
4(1592 1573 8126 8145)
4(1572 1591 8144 8125)
4(1607 1592 8145 8160)
4(1606 1607 8160 8159)
4(1601 1606 8159 8154)
4(1591 1601 8154 8144)
4(1592 1593 8146 8145)
4(1607 1608 8161 8160)
4(1613 1614 8167 8166)
4(1614 1607 8160 8167)
4(1606 1613 8166 8159)
4(1639 1614 8167 8192)
4(1638 1639 8192 8191)
4(1631 1638 8191 8184)
4(1613 1631 8184 8166)
4(1614 1615 8168 8167)
4(1639 1640 8193 8192)
4(1655 1656 8209 8208)
4(1656 1639 8192 8209)
4(1651 1655 8208 8204)
4(1638 1651 8204 8191)
4(1671 1656 8209 8224)
4(1670 1671 8224 8223)
4(1655 1670 8223 8208)
4(1656 1657 8210 8209)
4(1671 1672 8225 8224)
4(1685 1686 8239 8238)
4(1686 1671 8224 8239)
4(1681 1685 8238 8234)
4(1670 1681 8234 8223)
4(1712 1686 8239 8265)
4(1711 1712 8265 8264)
4(1685 1711 8264 8238)
4(1686 1687 8240 8239)
4(1712 1713 8266 8265)
4(1723 1724 8277 8276)
4(1724 1712 8265 8277)
4(1711 1723 8276 8264)
4(1739 1724 8277 8292)
4(1738 1739 8292 8291)
4(1733 1738 8291 8286)
4(1723 1733 8286 8276)
4(1724 1725 8278 8277)
4(1739 1740 8293 8292)
4(1753 1754 8307 8306)
4(1754 1739 8292 8307)
4(1738 1753 8306 8291)
4(1771 1754 8307 8324)
4(1770 1771 8324 8323)
4(1763 1770 8323 8316)
4(1753 1763 8316 8306)
4(1754 1755 8308 8307)
4(1771 1772 8325 8324)
4(1795 1796 8349 8348)
4(1796 1771 8324 8349)
4(1791 1795 8348 8344)
4(1770 1791 8344 8323)
4(1803 1796 8349 8356)
4(1802 1803 8356 8355)
4(1795 1802 8355 8348)
4(1796 1797 8350 8349)
4(1803 1804 8357 8356)
4(1817 1818 8371 8370)
4(1818 1803 8356 8371)
4(1813 1817 8370 8366)
4(1802 1813 8366 8355)
4(1844 1818 8371 8397)
4(1843 1844 8397 8396)
4(1817 1843 8396 8370)
4(1818 1819 8372 8371)
4(1844 1845 8398 8397)
4(1962 1963 8516 8515)
4(1963 1956 8509 8516)
4(1955 1962 8515 8508)
4(1956 1955 8508 8509)
4(1983 1963 8516 8536)
4(1982 1983 8536 8535)
4(1962 1982 8535 8515)
4(1963 1964 8517 8516)
4(1964 1957 8510 8517)
4(1957 1956 8509 8510)
4(1984 1964 8517 8537)
4(1983 1984 8537 8536)
4(1927 1928 8481 8480)
4(1928 1921 8474 8481)
4(1920 1927 8480 8473)
4(1921 1920 8473 8474)
4(1937 1928 8481 8490)
4(1936 1937 8490 8489)
4(1927 1936 8489 8480)
4(1928 1929 8482 8481)
4(1929 1922 8475 8482)
4(1922 1921 8474 8475)
4(1937 1938 8491 8490)
4(1938 1929 8482 8491)
4(1937 1964 8517 8490)
4(1964 1965 8518 8517)
4(1965 1937 8490 8518)
4(1958 1937 8490 8511)
4(1936 1958 8511 8489)
4(1958 1964 8517 8511)
4(1958 1957 8510 8511)
4(1985 1965 8518 8538)
4(1965 1966 8519 8518)
4(1854 1855 8408 8407)
4(1855 1844 8397 8408)
4(1843 1854 8407 8396)
4(1878 1855 8408 8431)
4(1877 1878 8431 8430)
4(1872 1877 8430 8425)
4(1854 1872 8425 8407)
4(1855 1856 8409 8408)
4(1878 1879 8432 8431)
4(1884 1885 8438 8437)
4(1885 1878 8431 8438)
4(1877 1884 8437 8430)
4(1909 1885 8438 8462)
4(1908 1909 8462 8461)
4(1894 1908 8461 8447)
4(1884 1894 8447 8437)
4(1885 1886 8439 8438)
4(1909 1910 8463 8462)
4(1930 1923 8476 8483)
4(1929 1930 8483 8482)
4(1923 1922 8475 8476)
4(1909 1923 8476 8462)
4(1930 1909 8462 8483)
4(1908 1923 8476 8461)
4(1939 1930 8483 8492)
4(1930 1931 8484 8483)
4(2638 2639 9192 9191)
4(2639 2621 9174 9192)
4(2621 2620 9173 9174)
4(2620 2638 9191 9173)
4(2888 2793 9346 9441)
4(2793 2792 9345 9346)
4(2889 2795 9348 9442)
4(2794 2793 9346 9347)
4(2795 2794 9347 9348)
4(2890 2796 9349 9443)
4(2796 2795 9348 9349)
4(2672 2673 9226 9225)
4(2638 2672 9225 9191)
4(2891 2797 9350 9444)
4(2797 2796 9349 9350)
4(2673 2797 9350 9226)
4(2672 2797 9350 9225)
4(2557 2558 9111 9110)
4(2558 2545 9098 9111)
4(2545 2544 9097 9098)
4(2544 2557 9110 9097)
4(2640 2621 9174 9193)
4(2557 2640 9193 9110)
4(2640 2558 9111 9193)
4(2640 2622 9175 9193)
4(2622 2621 9174 9175)
4(2557 2622 9175 9110)
4(2558 2559 9112 9111)
4(2559 2546 9099 9112)
4(2546 2545 9098 9099)
4(2641 2559 9112 9194)
4(2474 2455 9008 9027)
4(2473 2474 9027 9026)
4(2454 2473 9026 9007)
4(2455 2454 9007 9008)
4(2474 2475 9028 9027)
4(2475 2456 9009 9028)
4(2456 2455 9008 9009)
4(2474 2559 9112 9027)
4(2559 2560 9113 9112)
4(2560 2474 9027 9113)
4(2547 2474 9027 9100)
4(2473 2547 9100 9026)
4(2559 2547 9100 9112)
4(2547 2546 9099 9100)
4(2642 2560 9113 9195)
4(2560 2561 9114 9113)
4(2312 2285 8838 8865)
4(2311 2312 8865 8864)
4(2285 2284 8837 8838)
4(2284 2311 8864 8837)
4(2313 2286 8839 8866)
4(2286 2285 8838 8839)
4(2220 2287 8840 8773)
4(2287 2313 8866 8840)
4(2314 2220 8773 8867)
4(2220 2219 8772 8773)
4(2219 2287 8840 8772)
4(2287 2286 8839 8840)
4(2019 2012 8565 8572)
4(2018 2019 8572 8571)
4(2012 2018 8571 8565)
4(2019 2013 8566 8572)
4(2013 2012 8565 8566)
4(2006 2013 8566 8559)
4(2007 2006 8559 8560)
4(2020 2007 8560 8573)
4(2006 2005 8558 8559)
4(2005 2013 8566 8558)
4(2006 1981 8534 8559)
4(1981 1980 8533 8534)
4(1980 2005 8558 8533)
4(2027 2028 8581 8580)
4(2026 2027 8580 8579)
4(2018 2026 8579 8571)
4(2048 2039 8592 8601)
4(2047 2048 8601 8600)
4(2039 2047 8600 8592)
4(2048 2040 8593 8601)
4(2040 2039 8592 8593)
4(2027 2049 8602 8580)
4(2048 2049 8602 8601)
4(2026 2040 8593 8579)
4(2060 2061 8614 8613)
4(2061 2055 8608 8614)
4(2054 2060 8613 8607)
4(2055 2054 8607 8608)
4(2077 2076 8629 8630)
4(2154 2155 8708 8707)
4(2076 2154 8707 8629)
4(2077 2061 8614 8630)
4(2060 2076 8629 8613)
4(2315 2221 8774 8868)
4(2221 2220 8773 8774)
4(2316 2222 8775 8869)
4(2222 2221 8774 8775)
4(2154 2222 8775 8707)
4(2048 2061 8614 8601)
4(2061 2062 8615 8614)
4(2062 2048 8601 8615)
4(2056 2048 8601 8609)
4(2047 2056 8609 8600)
4(2056 2061 8614 8609)
4(2056 2055 8608 8609)
4(2078 2062 8615 8631)
4(2062 2063 8616 8615)
4(2393 2394 8947 8946)
4(2394 2382 8935 8947)
4(2382 2381 8934 8935)
4(2381 2393 8946 8934)
4(2476 2394 8947 9029)
4(2393 2456 9009 8946)
4(2395 2382 8935 8948)
4(2394 2395 8948 8947)
4(2311 2395 8948 8864)
4(2395 2383 8936 8948)
4(2383 2382 8935 8936)
4(2311 2383 8936 8864)
4(2007 1983 8536 8560)
4(1982 1981 8534 8535)
4(2007 2008 8561 8560)
4(3778 3685 10238 10331)
4(3777 3778 10331 10330)
4(3780 3686 10239 10333)
4(3779 3780 10333 10332)
4(3778 3779 10332 10331)
4(3781 3687 10240 10334)
4(3780 3781 10334 10333)
4(3783 3688 10241 10336)
4(3782 3783 10336 10335)
4(3781 3782 10335 10334)
4(3785 3689 10242 10338)
4(3784 3785 10338 10337)
4(3783 3784 10337 10336)
4(3786 3690 10243 10339)
4(3785 3786 10339 10338)
4(3788 3691 10244 10341)
4(3787 3788 10341 10340)
4(3786 3787 10340 10339)
4(3789 3692 10245 10342)
4(3788 3789 10342 10341)
4(3790 3693 10246 10343)
4(3789 3790 10343 10342)
4(3792 3694 10247 10345)
4(3791 3792 10345 10344)
4(3790 3791 10344 10343)
4(3793 3695 10248 10346)
4(3792 3793 10346 10345)
4(3795 3696 10249 10348)
4(3794 3795 10348 10347)
4(3793 3794 10347 10346)
4(3797 3697 10250 10350)
4(3796 3797 10350 10349)
4(3795 3796 10349 10348)
4(3798 3698 10251 10351)
4(3797 3798 10351 10350)
4(3800 3699 10252 10353)
4(3799 3800 10353 10352)
4(3798 3799 10352 10351)
4(3801 3700 10253 10354)
4(3800 3801 10354 10353)
4(3802 3701 10254 10355)
4(3801 3802 10355 10354)
4(3804 3702 10255 10357)
4(3803 3804 10357 10356)
4(3802 3803 10356 10355)
4(3805 3703 10256 10358)
4(3804 3805 10358 10357)
4(3807 3704 10257 10360)
4(3806 3807 10360 10359)
4(3805 3806 10359 10358)
4(3809 3705 10258 10362)
4(3808 3809 10362 10361)
4(3807 3808 10361 10360)
4(3810 3706 10259 10363)
4(3809 3810 10363 10362)
4(3812 3707 10260 10365)
4(3811 3812 10365 10364)
4(3810 3811 10364 10363)
4(3813 3708 10261 10366)
4(3812 3813 10366 10365)
4(3814 3709 10262 10367)
4(3813 3814 10367 10366)
4(3816 3710 10263 10369)
4(3815 3816 10369 10368)
4(3814 3815 10368 10367)
4(3817 3711 10264 10370)
4(3816 3817 10370 10369)
4(3819 3712 10265 10372)
4(3818 3819 10372 10371)
4(3817 3818 10371 10370)
4(3821 3713 10266 10374)
4(3820 3821 10374 10373)
4(3819 3820 10373 10372)
4(3822 3714 10267 10375)
4(3821 3822 10375 10374)
4(3824 3715 10268 10377)
4(3823 3824 10377 10376)
4(3822 3823 10376 10375)
4(3825 3716 10269 10378)
4(3824 3825 10378 10377)
4(3826 3717 10270 10379)
4(3825 3826 10379 10378)
4(3828 3718 10271 10381)
4(3827 3828 10381 10380)
4(3826 3827 10380 10379)
4(3829 3719 10272 10382)
4(3828 3829 10382 10381)
4(3831 3720 10273 10384)
4(3830 3831 10384 10383)
4(3829 3830 10383 10382)
4(3833 3721 10274 10386)
4(3832 3833 10386 10385)
4(3831 3832 10385 10384)
4(3834 3722 10275 10387)
4(3833 3834 10387 10386)
4(3836 3723 10276 10389)
4(3835 3836 10389 10388)
4(3834 3835 10388 10387)
4(3837 3724 10277 10390)
4(3836 3837 10390 10389)
4(3838 3725 10278 10391)
4(3837 3838 10391 10390)
4(3840 3726 10279 10393)
4(3839 3840 10393 10392)
4(3838 3839 10392 10391)
4(3841 3727 10280 10394)
4(3840 3841 10394 10393)
4(3843 3728 10281 10396)
4(3842 3843 10396 10395)
4(3841 3842 10395 10394)
4(3845 3729 10282 10398)
4(3844 3845 10398 10397)
4(3843 3844 10397 10396)
4(3846 3730 10283 10399)
4(3845 3846 10399 10398)
4(3848 3731 10284 10401)
4(3847 3848 10401 10400)
4(3846 3847 10400 10399)
4(3849 3732 10285 10402)
4(3848 3849 10402 10401)
4(3850 3733 10286 10403)
4(3849 3850 10403 10402)
4(3852 3734 10287 10405)
4(3851 3852 10405 10404)
4(3850 3851 10404 10403)
4(3853 3735 10288 10406)
4(3852 3853 10406 10405)
4(3855 3736 10289 10408)
4(3854 3855 10408 10407)
4(3853 3854 10407 10406)
4(3857 3737 10290 10410)
4(3856 3857 10410 10409)
4(3855 3856 10409 10408)
4(3858 3738 10291 10411)
4(3857 3858 10411 10410)
4(3860 3739 10292 10413)
4(3859 3860 10413 10412)
4(3858 3859 10412 10411)
4(3861 3740 10293 10414)
4(3860 3861 10414 10413)
4(3862 3741 10294 10415)
4(3861 3862 10415 10414)
4(3864 3742 10295 10417)
4(3863 3864 10417 10416)
4(3862 3863 10416 10415)
4(3865 3743 10296 10418)
4(3864 3865 10418 10417)
4(3867 3744 10297 10420)
4(3866 3867 10420 10419)
4(3865 3866 10419 10418)
4(3869 3745 10298 10422)
4(3868 3869 10422 10421)
4(3867 3868 10421 10420)
4(3870 3746 10299 10423)
4(3869 3870 10423 10422)
4(3872 3747 10300 10425)
4(3871 3872 10425 10424)
4(3870 3871 10424 10423)
4(3873 3748 10301 10426)
4(3872 3873 10426 10425)
4(6133 6134 12687 12686)
4(6134 5986 12539 12687)
4(5986 5985 12538 12539)
4(6265 6134 12687 12818)
4(6134 6135 12688 12687)
4(6135 5987 12540 12688)
4(5987 5986 12539 12540)
4(6266 6135 12688 12819)
4(6135 6136 12689 12688)
4(6136 5989 12542 12689)
4(5988 5987 12540 12541)
4(5989 5988 12541 12542)
4(6267 6136 12689 12820)
4(6136 6137 12690 12689)
4(6137 5990 12543 12690)
4(5990 5989 12542 12543)
4(6268 6137 12690 12821)
4(6137 6138 12691 12690)
4(6138 5992 12545 12691)
4(5991 5990 12543 12544)
4(5992 5991 12544 12545)
4(6269 6138 12691 12822)
4(6138 6139 12692 12691)
4(6139 5993 12546 12692)
4(5993 5992 12545 12546)
4(6270 6139 12692 12823)
4(6139 6140 12693 12692)
4(6140 5994 12547 12693)
4(5994 5993 12546 12547)
4(6271 6140 12693 12824)
4(6140 6141 12694 12693)
4(6141 5996 12549 12694)
4(5995 5994 12547 12548)
4(5996 5995 12548 12549)
4(6272 6141 12694 12825)
4(6141 6142 12695 12694)
4(6142 5997 12550 12695)
4(5997 5996 12549 12550)
4(6273 6142 12695 12826)
4(6142 6143 12696 12695)
4(6143 5999 12552 12696)
4(5998 5997 12550 12551)
4(5999 5998 12551 12552)
4(6274 6143 12696 12827)
4(6143 6144 12697 12696)
4(6144 6000 12553 12697)
4(6000 5999 12552 12553)
4(6275 6144 12697 12828)
4(6144 6145 12698 12697)
4(6145 6001 12554 12698)
4(6001 6000 12553 12554)
4(6276 6145 12698 12829)
4(6145 6146 12699 12698)
4(6146 6002 12555 12699)
4(6002 6001 12554 12555)
4(6277 6146 12699 12830)
4(6146 6147 12700 12699)
4(6147 6003 12556 12700)
4(6003 6002 12555 12556)
4(6278 6147 12700 12831)
4(6147 6148 12701 12700)
4(6148 6005 12558 12701)
4(6004 6003 12556 12557)
4(6005 6004 12557 12558)
4(6279 6148 12701 12832)
4(6148 6149 12702 12701)
4(6149 6006 12559 12702)
4(6006 6005 12558 12559)
4(6280 6149 12702 12833)
4(6149 6150 12703 12702)
4(6150 6008 12561 12703)
4(6007 6006 12559 12560)
4(6008 6007 12560 12561)
4(6281 6150 12703 12834)
4(6150 6151 12704 12703)
4(6151 6009 12562 12704)
4(6009 6008 12561 12562)
4(6282 6151 12704 12835)
4(6151 6152 12705 12704)
4(6152 6010 12563 12705)
4(6010 6009 12562 12563)
4(6283 6152 12705 12836)
4(6152 6153 12706 12705)
4(6153 6012 12565 12706)
4(6011 6010 12563 12564)
4(6012 6011 12564 12565)
4(6284 6153 12706 12837)
4(6153 6154 12707 12706)
4(6154 6013 12566 12707)
4(6013 6012 12565 12566)
4(6285 6154 12707 12838)
4(6154 6155 12708 12707)
4(6155 6015 12568 12708)
4(6014 6013 12566 12567)
4(6015 6014 12567 12568)
4(6286 6155 12708 12839)
4(6155 6156 12709 12708)
4(6156 6016 12569 12709)
4(6016 6015 12568 12569)
4(6287 6156 12709 12840)
4(6156 6157 12710 12709)
4(6157 6017 12570 12710)
4(6017 6016 12569 12570)
4(6288 6157 12710 12841)
4(6157 6158 12711 12710)
4(6158 6018 12571 12711)
4(6018 6017 12570 12571)
4(6289 6158 12711 12842)
4(6158 6159 12712 12711)
4(6159 6019 12572 12712)
4(6019 6018 12571 12572)
4(6290 6159 12712 12843)
4(6159 6160 12713 12712)
4(6160 6021 12574 12713)
4(6020 6019 12572 12573)
4(6021 6020 12573 12574)
4(6291 6160 12713 12844)
4(6160 6161 12714 12713)
4(6161 6022 12575 12714)
4(6022 6021 12574 12575)
4(6292 6161 12714 12845)
4(6161 6162 12715 12714)
4(6162 6024 12577 12715)
4(6023 6022 12575 12576)
4(6024 6023 12576 12577)
4(6293 6162 12715 12846)
4(6162 6163 12716 12715)
4(6163 6025 12578 12716)
4(6025 6024 12577 12578)
4(6294 6163 12716 12847)
4(6163 6164 12717 12716)
4(6164 6026 12579 12717)
4(6026 6025 12578 12579)
4(6295 6164 12717 12848)
4(6164 6165 12718 12717)
4(6165 6028 12581 12718)
4(6027 6026 12579 12580)
4(6028 6027 12580 12581)
4(6296 6165 12718 12849)
4(6165 6166 12719 12718)
4(6166 6029 12582 12719)
4(6029 6028 12581 12582)
4(6297 6166 12719 12850)
4(6166 6167 12720 12719)
4(6167 6031 12584 12720)
4(6030 6029 12582 12583)
4(6031 6030 12583 12584)
4(6298 6167 12720 12851)
4(6167 6168 12721 12720)
4(6168 6032 12585 12721)
4(6032 6031 12584 12585)
4(6299 6168 12721 12852)
4(6168 6169 12722 12721)
4(6169 6033 12586 12722)
4(6033 6032 12585 12586)
4(6300 6169 12722 12853)
4(6169 6170 12723 12722)
4(6170 6034 12587 12723)
4(6034 6033 12586 12587)
4(6301 6170 12723 12854)
4(6170 6171 12724 12723)
4(6171 6035 12588 12724)
4(6035 6034 12587 12588)
4(6302 6171 12724 12855)
4(6171 6172 12725 12724)
4(6172 6037 12590 12725)
4(6036 6035 12588 12589)
4(6037 6036 12589 12590)
4(6303 6172 12725 12856)
4(6172 6173 12726 12725)
4(6173 6038 12591 12726)
4(6038 6037 12590 12591)
4(6304 6173 12726 12857)
4(6173 6174 12727 12726)
4(6174 6040 12593 12727)
4(6039 6038 12591 12592)
4(6040 6039 12592 12593)
4(6305 6174 12727 12858)
4(6174 6175 12728 12727)
4(6175 6041 12594 12728)
4(6041 6040 12593 12594)
4(6306 6175 12728 12859)
4(6175 6176 12729 12728)
4(6176 6042 12595 12729)
4(6042 6041 12594 12595)
4(6307 6176 12729 12860)
4(6176 6177 12730 12729)
4(6177 6044 12597 12730)
4(6043 6042 12595 12596)
4(6044 6043 12596 12597)
4(6308 6177 12730 12861)
4(6177 6178 12731 12730)
4(6178 6045 12598 12731)
4(6045 6044 12597 12598)
4(6309 6178 12731 12862)
4(6178 6179 12732 12731)
4(6179 6047 12600 12732)
4(6046 6045 12598 12599)
4(6047 6046 12599 12600)
4(6310 6179 12732 12863)
4(6179 6180 12733 12732)
4(6180 6048 12601 12733)
4(6048 6047 12600 12601)
4(6311 6180 12733 12864)
4(6180 6181 12734 12733)
4(6181 6049 12602 12734)
4(6049 6048 12601 12602)
4(6312 6181 12734 12865)
4(6181 6182 12735 12734)
4(6182 6050 12603 12735)
4(6050 6049 12602 12603)
4(6313 6182 12735 12866)
4(6182 6183 12736 12735)
4(6183 6051 12604 12736)
4(6051 6050 12603 12604)
4(6314 6183 12736 12867)
4(6183 6184 12737 12736)
4(6184 6053 12606 12737)
4(6052 6051 12604 12605)
4(6053 6052 12605 12606)
4(6315 6184 12737 12868)
4(6184 6185 12738 12737)
4(6185 6054 12607 12738)
4(6054 6053 12606 12607)
4(6316 6185 12738 12869)
4(6185 6186 12739 12738)
4(6186 6056 12609 12739)
4(6055 6054 12607 12608)
4(6056 6055 12608 12609)
4(6317 6186 12739 12870)
4(6186 6187 12740 12739)
4(6187 6057 12610 12740)
4(6057 6056 12609 12610)
4(6318 6187 12740 12871)
4(6187 6188 12741 12740)
4(6188 6058 12611 12741)
4(6058 6057 12610 12611)
4(6319 6188 12741 12872)
4(6188 6189 12742 12741)
4(6189 6060 12613 12742)
4(6059 6058 12611 12612)
4(6060 6059 12612 12613)
4(6320 6189 12742 12873)
4(6189 6190 12743 12742)
4(6190 6061 12614 12743)
4(6061 6060 12613 12614)
4(6321 6190 12743 12874)
4(6190 6191 12744 12743)
4(6191 6063 12616 12744)
4(6062 6061 12614 12615)
4(6063 6062 12615 12616)
4(6322 6191 12744 12875)
4(6191 6192 12745 12744)
4(6192 6064 12617 12745)
4(6064 6063 12616 12617)
4(6323 6192 12745 12876)
4(6192 6193 12746 12745)
4(6193 6065 12618 12746)
4(6065 6064 12617 12618)
4(6324 6193 12746 12877)
4(5875 5876 12429 12428)
4(5876 5867 12420 12429)
4(5867 5866 12419 12420)
4(5866 5875 12428 12419)
4(5892 6068 12621 12445)
4(6195 5892 12445 12748)
4(6068 6195 12748 12621)
4(5876 5891 12444 12429)
4(5892 5876 12429 12445)
4(5891 6068 12621 12444)
4(5875 5891 12444 12428)
4(5876 5877 12430 12429)
4(5877 5868 12421 12430)
4(5868 5867 12420 12421)
4(5892 5893 12446 12445)
4(5893 5877 12430 12446)
4(6193 6194 12747 12746)
4(6194 6066 12619 12747)
4(6066 6065 12618 12619)
4(6325 6194 12747 12878)
4(6194 6195 12748 12747)
4(6195 6067 12620 12748)
4(6067 6066 12619 12620)
4(6326 6195 12748 12879)
4(6195 6196 12749 12748)
4(6196 5892 12445 12749)
4(6068 6067 12620 12621)
4(6327 6196 12749 12880)
4(6196 6197 12750 12749)
4(3874 3749 10302 10427)
4(3873 3874 10427 10426)
4(3876 3750 10303 10429)
4(3875 3876 10429 10428)
4(3874 3875 10428 10427)
4(3877 3751 10304 10430)
4(3876 3877 10430 10429)
4(3752 3878 10431 10305)
4(3878 3888 10441 10431)
4(3877 3878 10431 10430)
4(3887 3888 10441 10440)
4(3878 3887 10440 10431)
4(3918 3919 10472 10471)
4(3887 3918 10471 10440)
4(3984 3919 10472 10537)
4(3983 3984 10537 10536)
4(3918 3983 10536 10471)
4(3984 3920 10473 10537)
4(3920 4000 10553 10473)
4(4000 4001 10554 10553)
4(4001 3920 10473 10554)
4(3985 3920 10473 10538)
4(3984 3985 10538 10537)
4(3985 4000 10553 10538)
4(4061 4001 10554 10614)
4(4060 4061 10614 10613)
4(4000 4060 10613 10553)
4(4001 4002 10555 10554)
4(4002 3921 10474 10555)
4(4062 4002 10555 10615)
4(4061 4062 10615 10614)
4(4002 4003 10556 10555)
4(4003 3922 10475 10556)
4(4002 4086 10639 10555)
4(4086 4003 10556 10639)
4(4086 4063 10616 10639)
4(4085 4086 10639 10638)
4(4063 4085 10638 10616)
4(4063 4002 10555 10616)
4(4062 4063 10616 10615)
4(4003 4004 10557 10556)
4(4086 4087 10640 10639)
4(4155 4086 10639 10708)
4(4085 4154 10707 10638)
4(4154 4155 10708 10707)
4(4156 4087 10640 10709)
4(4155 4156 10709 10708)
4(4166 4167 10720 10719)
4(4167 4088 10641 10720)
4(4156 4166 10719 10709)
4(4229 4167 10720 10782)
4(4228 4229 10782 10781)
4(4166 4228 10781 10719)
4(4167 4168 10721 10720)
4(4229 4168 10721 10782)
4(4168 4254 10807 10721)
4(4254 4255 10808 10807)
4(4230 4168 10721 10783)
4(4229 4230 10783 10782)
4(4230 4254 10807 10783)
4(4327 4255 10808 10880)
4(4326 4327 10880 10879)
4(4254 4326 10879 10807)
4(4328 4256 10809 10881)
4(4327 4328 10881 10880)
4(4329 4394 10947 10882)
4(4256 4329 10882 10809)
4(4394 4257 10810 10947)
4(4393 4394 10947 10946)
4(4329 4393 10946 10882)
4(4328 4329 10882 10881)
4(4395 4258 10811 10948)
4(4394 4395 10948 10947)
4(4259 4396 10949 10812)
4(4403 4404 10957 10956)
4(4396 4403 10956 10949)
4(4395 4396 10949 10948)
4(4475 4476 11029 11028)
4(4403 4475 11028 10956)
4(4492 4493 11046 11045)
4(4493 4476 11029 11046)
4(4475 4492 11045 11028)
4(4498 4493 11046 11051)
4(4492 4497 11050 11045)
4(4497 4498 11051 11050)
4(4493 4494 11047 11046)
4(4494 4477 11030 11047)
4(4493 4507 11060 11046)
4(4507 4494 11047 11060)
4(4507 4499 11052 11060)
4(4506 4507 11060 11059)
4(4499 4506 11059 11052)
4(4493 4499 11052 11046)
4(4498 4499 11052 11051)
4(4494 4495 11048 11047)
4(4507 4508 11061 11060)
4(4523 4507 11060 11076)
4(4506 4522 11075 11059)
4(4522 4523 11076 11075)
4(4508 4528 11081 11061)
4(4528 4529 11082 11081)
4(4527 4528 11081 11080)
4(4523 4527 11080 11076)
4(4534 4535 11088 11087)
4(4527 4534 11087 11080)
4(4542 4535 11088 11095)
4(4534 4542 11095 11087)
4(4543 4535 11088 11096)
4(4542 4543 11096 11095)
4(4547 4548 11101 11100)
4(4548 4535 11088 11101)
4(4543 4547 11100 11096)
4(4573 4548 11101 11126)
4(4572 4573 11126 11125)
4(4547 4572 11125 11100)
4(4548 4549 11102 11101)
4(4549 4536 11089 11102)
4(4575 4549 11102 11128)
4(4574 4575 11128 11127)
4(4573 4574 11127 11126)
4(4549 4550 11103 11102)
4(4575 4576 11129 11128)
4(4589 4590 11143 11142)
4(4590 4575 11128 11143)
4(4574 4589 11142 11127)
4(4608 4590 11143 11161)
4(4589 4607 11160 11142)
4(4607 4608 11161 11160)
4(4590 4591 11144 11143)
4(4591 4576 11129 11144)
4(4609 4591 11144 11162)
4(4608 4609 11162 11161)
4(4591 4592 11145 11144)
4(4592 4577 11130 11145)
4(4591 4616 11169 11144)
4(4616 4592 11145 11169)
4(4616 4610 11163 11169)
4(4615 4616 11169 11168)
4(4610 4615 11168 11163)
4(4591 4610 11163 11144)
4(4609 4610 11163 11162)
4(4592 4593 11146 11145)
4(4616 4617 11170 11169)
4(4624 4625 11178 11177)
4(4625 4616 11169 11178)
4(4615 4624 11177 11168)
4(4636 4625 11178 11189)
4(4624 4635 11188 11177)
4(4635 4636 11189 11188)
4(4625 4626 11179 11178)
4(4626 4617 11170 11179)
4(4637 4626 11179 11190)
4(4636 4637 11190 11189)
4(4626 4627 11180 11179)
4(4627 4618 11171 11180)
4(4627 4638 11191 11180)
4(4638 4653 11206 11191)
4(4653 4627 11180 11206)
4(4637 4638 11191 11190)
4(4652 4653 11206 11205)
4(4638 4652 11205 11191)
4(4627 4628 11181 11180)
4(4653 4654 11207 11206)
4(4669 4670 11223 11222)
4(4670 4653 11206 11223)
4(4665 4669 11222 11218)
4(4652 4665 11218 11205)
4(4677 4670 11223 11230)
4(4676 4677 11230 11229)
4(4669 4676 11229 11222)
4(4670 4671 11224 11223)
4(4677 4678 11231 11230)
4(4699 4700 11253 11252)
4(4700 4677 11230 11253)
4(4695 4699 11252 11248)
4(4676 4695 11248 11229)
4(4718 4700 11253 11271)
4(4717 4718 11271 11270)
4(4699 4717 11270 11252)
4(4700 4701 11254 11253)
4(4718 4719 11272 11271)
4(4736 4737 11290 11289)
4(4737 4718 11271 11290)
4(4717 4736 11289 11270)
4(4752 4737 11290 11305)
4(4751 4752 11305 11304)
4(4746 4751 11304 11299)
4(4736 4746 11299 11289)
4(4737 4738 11291 11290)
4(4752 4753 11306 11305)
4(4758 4759 11312 11311)
4(4759 4752 11305 11312)
4(4751 4758 11311 11304)
4(4784 4759 11312 11337)
4(4783 4784 11337 11336)
4(4776 4783 11336 11329)
4(4758 4776 11329 11311)
4(4759 4760 11313 11312)
4(4784 4785 11338 11337)
4(4800 4801 11354 11353)
4(4801 4784 11337 11354)
4(4796 4800 11353 11349)
4(4783 4796 11349 11336)
4(4816 4801 11354 11369)
4(4815 4816 11369 11368)
4(4800 4815 11368 11353)
4(4801 4802 11355 11354)
4(4816 4817 11370 11369)
4(4830 4831 11384 11383)
4(4831 4816 11369 11384)
4(4826 4830 11383 11379)
4(4815 4826 11379 11368)
4(4857 4831 11384 11410)
4(4856 4857 11410 11409)
4(4830 4856 11409 11383)
4(4831 4832 11385 11384)
4(4857 4858 11411 11410)
4(4868 4869 11422 11421)
4(4869 4857 11410 11422)
4(4856 4868 11421 11409)
4(4884 4869 11422 11437)
4(4883 4884 11437 11436)
4(4878 4883 11436 11431)
4(4868 4878 11431 11421)
4(4869 4870 11423 11422)
4(4884 4885 11438 11437)
4(4898 4899 11452 11451)
4(4899 4884 11437 11452)
4(4883 4898 11451 11436)
4(4916 4899 11452 11469)
4(4915 4916 11469 11468)
4(4908 4915 11468 11461)
4(4898 4908 11461 11451)
4(4899 4900 11453 11452)
4(4916 4917 11470 11469)
4(4940 4941 11494 11493)
4(4941 4916 11469 11494)
4(4936 4940 11493 11489)
4(4915 4936 11489 11468)
4(4948 4941 11494 11501)
4(4947 4948 11501 11500)
4(4940 4947 11500 11493)
4(4941 4942 11495 11494)
4(4948 4949 11502 11501)
4(4962 4963 11516 11515)
4(4963 4948 11501 11516)
4(4958 4962 11515 11511)
4(4947 4958 11511 11500)
4(4989 4963 11516 11542)
4(4988 4989 11542 11541)
4(4962 4988 11541 11515)
4(4963 4964 11517 11516)
4(4989 4990 11543 11542)
4(4999 5000 11553 11552)
4(5000 4989 11542 11553)
4(4988 4999 11552 11541)
4(5023 5000 11553 11576)
4(5022 5023 11576 11575)
4(5017 5022 11575 11570)
4(4999 5017 11570 11552)
4(5000 5001 11554 11553)
4(5023 5024 11577 11576)
4(5029 5030 11583 11582)
4(5030 5023 11576 11583)
4(5022 5029 11582 11575)
4(5054 5030 11583 11607)
4(5053 5054 11607 11606)
4(5039 5053 11606 11592)
4(5029 5039 11592 11582)
4(5030 5031 11584 11583)
4(5054 5055 11608 11607)
4(5070 5071 11624 11623)
4(5071 5054 11607 11624)
4(5066 5070 11623 11619)
4(5053 5066 11619 11606)
4(5078 5071 11624 11631)
4(5077 5078 11631 11630)
4(5070 5077 11630 11623)
4(5071 5072 11625 11624)
4(5078 5079 11632 11631)
4(5104 5105 11658 11657)
4(5105 5078 11631 11658)
4(5098 5104 11657 11651)
4(5077 5098 11651 11630)
4(5126 5105 11658 11679)
4(5125 5126 11679 11678)
4(5104 5125 11678 11657)
4(5105 5106 11659 11658)
4(5126 5127 11680 11679)
4(5705 5683 12236 12258)
4(5704 5705 12258 12257)
4(5682 5704 12257 12235)
4(5683 5682 12235 12236)
4(5706 5684 12237 12259)
4(5684 5683 12236 12237)
4(5609 5707 12260 12162)
4(5707 5610 12163 12260)
4(5610 5609 12162 12163)
4(5685 5707 12260 12238)
4(5609 5685 12238 12162)
4(5685 5684 12237 12238)
4(5708 5611 12164 12261)
4(5611 5610 12163 12164)
4(5618 5612 12165 12171)
4(5709 5618 12171 12262)
4(5612 5611 12164 12165)
4(5250 5244 11797 11803)
4(5248 5249 11802 11801)
4(5249 5250 11803 11802)
4(5244 5248 11801 11797)
4(5250 5245 11798 11803)
4(5245 5244 11797 11798)
4(5234 5245 11798 11787)
4(5250 5234 11787 11803)
4(5234 5233 11786 11787)
4(5233 5245 11798 11786)
4(5269 5270 11823 11822)
4(5270 5249 11802 11823)
4(5248 5269 11822 11801)
4(5618 5619 12172 12171)
4(5619 5545 12098 12172)
4(5545 5544 12097 12098)
4(5544 5612 12165 12097)
4(5710 5619 12172 12263)
4(5619 5620 12173 12172)
4(5620 5546 12099 12173)
4(5546 5545 12098 12099)
4(5711 5620 12173 12264)
4(5476 5465 12018 12029)
4(5475 5476 12029 12028)
4(5465 5464 12017 12018)
4(5464 5475 12028 12017)
4(5476 5477 12030 12029)
4(5477 5466 12019 12030)
4(5466 5465 12018 12019)
4(5476 5620 12173 12029)
4(5620 5621 12174 12173)
4(5621 5476 12029 12174)
4(5620 5547 12100 12173)
4(5547 5546 12099 12100)
4(5476 5547 12100 12029)
4(5475 5547 12100 12028)
4(5712 5621 12174 12265)
4(5621 5622 12175 12174)
4(5323 5313 11866 11876)
4(5322 5323 11876 11875)
4(5312 5322 11875 11865)
4(5313 5312 11865 11866)
4(5284 5285 11838 11837)
4(5283 5284 11837 11836)
4(5268 5283 11836 11821)
4(5269 5268 11821 11822)
4(5296 5288 11841 11849)
4(5295 5296 11849 11848)
4(5288 5295 11848 11841)
4(5297 5296 11849 11850)
4(5296 5309 11862 11849)
4(5309 5310 11863 11862)
4(5284 5297 11850 11837)
4(5289 5296 11849 11842)
4(5283 5289 11842 11836)
4(5289 5288 11841 11842)
4(5308 5309 11862 11861)
4(5295 5308 11861 11848)
4(5309 5323 11876 11862)
4(5324 5309 11862 11877)
4(5314 5309 11862 11867)
4(5308 5314 11867 11861)
4(5314 5323 11876 11867)
4(5314 5313 11866 11867)
4(5467 5477 12030 12020)
4(5478 5468 12021 12031)
4(5468 5467 12020 12021)
4(5467 5466 12019 12020)
4(5396 5397 11950 11949)
4(5322 5396 11949 11875)
4(5397 5478 12031 11950)
4(5468 5397 11950 12021)
4(5396 5468 12021 11949)
4(5789 5781 12334 12342)
4(5803 5789 12342 12356)
4(5802 5803 12356 12355)
4(5781 5780 12333 12334)
4(5780 5802 12355 12333)
4(5789 5790 12343 12342)
4(5790 5782 12335 12343)
4(5782 5781 12334 12335)
4(5803 5804 12357 12356)
4(5804 5790 12343 12357)
4(5878 5869 12422 12431)
4(5869 5877 12430 12422)
4(5877 5878 12431 12430)
4(5878 5803 12356 12431)
4(5802 5869 12422 12355)
4(5869 5868 12421 12422)
4(5894 5878 12431 12447)
4(5878 5879 12432 12431)
4(5790 5791 12344 12343)
4(5791 5783 12336 12344)
4(5783 5782 12335 12336)
4(5805 5791 12344 12358)
4(5704 5792 12345 12257)
4(5784 5792 12345 12337)
4(5704 5784 12337 12257)
4(5791 5792 12345 12344)
4(5784 5783 12336 12337)
4(5202 5189 11742 11755)
4(5201 5202 11755 11754)
4(5188 5201 11754 11741)
4(5189 5188 11741 11742)
4(5202 5203 11756 11755)
4(5203 5190 11743 11756)
4(5190 5189 11742 11743)
4(5219 5220 11773 11772)
4(5220 5221 11774 11773)
4(5221 5215 11768 11774)
4(5214 5219 11772 11767)
4(5215 5214 11767 11768)
4(5234 5220 11773 11787)
4(5219 5233 11786 11772)
4(5234 5235 11788 11787)
4(5235 5221 11774 11788)
4(5271 5250 11803 11824)
4(5250 5251 11804 11803)
4(5222 5216 11769 11775)
4(5221 5222 11775 11774)
4(5216 5215 11768 11769)
4(5202 5216 11769 11755)
4(5222 5202 11755 11775)
4(5201 5216 11769 11754)
4(5236 5222 11775 11789)
4(5222 5223 11776 11775)
4(5147 5148 11701 11700)
4(5148 5126 11679 11701)
4(5125 5147 11700 11678)
4(5166 5148 11701 11719)
4(5165 5166 11719 11718)
4(5157 5165 11718 11710)
4(5147 5157 11710 11700)
4(5148 5149 11702 11701)
4(5166 5167 11720 11719)
4(5172 5173 11726 11725)
4(5173 5166 11719 11726)
4(5165 5172 11725 11718)
4(5173 5203 11756 11726)
4(5204 5173 11726 11757)
4(5191 5173 11726 11744)
4(5172 5191 11744 11725)
4(5191 5203 11756 11744)
4(5191 5190 11743 11744)
4(5173 5174 11727 11726)
4(1413 1414 7967 7966)
4(1414 1363 7916 7967)
4(1458 1459 8012 8011)
4(1413 1458 8011 7966)
4(1459 1414 7967 8012)
4(1501 1502 8055 8054)
4(1458 1501 8054 8011)
4(1502 1459 8012 8055)
4(1537 1538 8091 8090)
4(1501 1537 8090 8054)
4(1538 1502 8055 8091)
4(1582 1583 8136 8135)
4(1537 1582 8135 8090)
4(1583 1538 8091 8136)
4(1618 1619 8172 8171)
4(1582 1618 8171 8135)
4(1619 1583 8136 8172)
4(1660 1661 8214 8213)
4(1618 1660 8213 8171)
4(1661 1619 8172 8214)
4(1698 1699 8252 8251)
4(1660 1698 8251 8213)
4(1699 1661 8214 8252)
4(1744 1745 8298 8297)
4(1698 1744 8297 8251)
4(1745 1699 8252 8298)
4(1778 1779 8332 8331)
4(1744 1778 8331 8297)
4(1779 1745 8298 8332)
4(1822 1823 8376 8375)
4(1778 1822 8375 8331)
4(1823 1779 8332 8376)
4(1859 1860 8413 8412)
4(1822 1859 8412 8375)
4(1860 1823 8376 8413)
4(1902 1903 8456 8455)
4(1859 1902 8455 8412)
4(1903 1860 8413 8456)
4(1944 1945 8498 8497)
4(1902 1944 8497 8455)
4(1945 1903 8456 8498)
4(1996 1997 8550 8549)
4(1944 1996 8549 8497)
4(1997 1945 8498 8550)
4(2031 2032 8585 8584)
4(1996 2031 8584 8549)
4(2032 1997 8550 8585)
4(2066 2067 8620 8619)
4(2031 2066 8619 8584)
4(2067 2032 8585 8620)
4(2297 2298 8851 8850)
4(2066 2297 8850 8619)
4(2298 2067 8620 8851)
4(2483 2484 9037 9036)
4(2297 2483 9036 8850)
4(2484 2298 8851 9037)
4(2652 2653 9206 9205)
4(2483 2652 9205 9036)
4(2653 2484 9037 9206)
4(2909 2910 9463 9462)
4(2652 2909 9462 9205)
4(2910 2653 9206 9463)
4(2996 2997 9550 9549)
4(2909 2996 9549 9462)
4(2997 2910 9463 9550)
4(3039 3040 9593 9592)
4(2996 3039 9592 9549)
4(3040 2997 9550 9593)
4(3092 3093 9646 9645)
4(3039 3092 9645 9592)
4(3093 3040 9593 9646)
4(3156 3157 9710 9709)
4(3092 3156 9709 9645)
4(3157 3093 9646 9710)
4(3189 3190 9743 9742)
4(3156 3189 9742 9709)
4(3190 3157 9710 9743)
4(3229 3230 9783 9782)
4(3189 3229 9782 9742)
4(3230 3190 9743 9783)
4(3265 3266 9819 9818)
4(3229 3265 9818 9782)
4(3266 3230 9783 9819)
4(3320 3321 9874 9873)
4(3265 3320 9873 9818)
4(3321 3266 9819 9874)
4(3352 3353 9906 9905)
4(3320 3352 9905 9873)
4(3353 3321 9874 9906)
4(3393 3394 9947 9946)
4(3352 3393 9946 9905)
4(3394 3353 9906 9947)
4(3449 3450 10003 10002)
4(3393 3449 10002 9946)
4(3450 3394 9947 10003)
4(3490 3491 10044 10043)
4(3449 3490 10043 10002)
4(3491 3450 10003 10044)
4(3543 3544 10097 10096)
4(3490 3543 10096 10043)
4(3544 3491 10044 10097)
4(3640 3641 10194 10193)
4(3543 3640 10193 10096)
4(3641 3544 10097 10194)
4(3891 3892 10445 10444)
4(3640 3891 10444 10193)
4(3892 3641 10194 10445)
4(4066 4067 10620 10619)
4(3891 4066 10619 10444)
4(4067 3892 10445 10620)
4(4240 4241 10794 10793)
4(4066 4240 10793 10619)
4(4241 4067 10620 10794)
4(4483 4484 11037 11036)
4(4240 4483 11036 10793)
4(4484 4241 10794 11037)
4(4514 4515 11068 11067)
4(4483 4514 11067 11036)
4(4515 4484 11037 11068)
4(4553 4554 11107 11106)
4(4514 4553 11106 11067)
4(4554 4515 11068 11107)
4(4596 4597 11150 11149)
4(4553 4596 11149 11106)
4(4597 4554 11107 11150)
4(4646 4647 11200 11199)
4(4596 4646 11199 11149)
4(4647 4597 11150 11200)
4(4682 4683 11236 11235)
4(4646 4682 11235 11199)
4(4683 4647 11200 11236)
4(4727 4728 11281 11280)
4(4682 4727 11280 11235)
4(4728 4683 11236 11281)
4(4763 4764 11317 11316)
4(4727 4763 11316 11280)
4(4764 4728 11281 11317)
4(4805 4806 11359 11358)
4(4763 4805 11358 11316)
4(4806 4764 11317 11359)
4(4843 4844 11397 11396)
4(4805 4843 11396 11358)
4(4844 4806 11359 11397)
4(4889 4890 11443 11442)
4(4843 4889 11442 11396)
4(4890 4844 11397 11443)
4(4923 4924 11477 11476)
4(4889 4923 11476 11442)
4(4924 4890 11443 11477)
4(4967 4968 11521 11520)
4(4923 4967 11520 11476)
4(4968 4924 11477 11521)
4(5004 5005 11558 11557)
4(4967 5004 11557 11520)
4(5005 4968 11521 11558)
4(5047 5048 11601 11600)
4(5004 5047 11600 11557)
4(5048 5005 11558 11601)
4(5085 5086 11639 11638)
4(5047 5085 11638 11600)
4(5086 5048 11601 11639)
4(5136 5137 11690 11689)
4(5085 5136 11689 11638)
4(5137 5086 11639 11690)
4(5177 5137 11690 11730)
4(5726 5627 12180 12279)
4(5627 5626 12179 12180)
4(5727 5628 12181 12280)
4(5726 5727 12280 12279)
4(5628 5627 12180 12181)
4(5728 5629 12182 12281)
4(5727 5728 12281 12280)
4(5629 5628 12181 12182)
4(5729 5630 12183 12282)
4(5728 5729 12282 12281)
4(5630 5629 12182 12183)
4(5730 5631 12184 12283)
4(5729 5730 12283 12282)
4(5631 5630 12183 12184)
4(5731 5632 12185 12284)
4(5730 5731 12284 12283)
4(5632 5631 12184 12185)
4(5732 5633 12186 12285)
4(5731 5732 12285 12284)
4(5633 5632 12185 12186)
4(5733 5634 12187 12286)
4(5732 5733 12286 12285)
4(5634 5633 12186 12187)
4(5734 5635 12188 12287)
4(5733 5734 12287 12286)
4(5635 5634 12187 12188)
4(5735 5636 12189 12288)
4(5734 5735 12288 12287)
4(5636 5635 12188 12189)
4(5736 5637 12190 12289)
4(5735 5736 12289 12288)
4(5637 5636 12189 12190)
4(5737 5638 12191 12290)
4(5736 5737 12290 12289)
4(5638 5637 12190 12191)
4(5738 5639 12192 12291)
4(5737 5738 12291 12290)
4(5639 5638 12191 12192)
4(5739 5640 12193 12292)
4(5738 5739 12292 12291)
4(5640 5639 12192 12193)
4(5740 5641 12194 12293)
4(5739 5740 12293 12292)
4(5641 5640 12193 12194)
4(5741 5642 12195 12294)
4(5740 5741 12294 12293)
4(5642 5641 12194 12195)
4(5742 5643 12196 12295)
4(5741 5742 12295 12294)
4(5643 5642 12195 12196)
4(5743 5644 12197 12296)
4(5742 5743 12296 12295)
4(5644 5643 12196 12197)
4(5744 5645 12198 12297)
4(5743 5744 12297 12296)
4(5645 5644 12197 12198)
4(5745 5646 12199 12298)
4(5744 5745 12298 12297)
4(5646 5645 12198 12199)
4(5746 5647 12200 12299)
4(5745 5746 12299 12298)
4(5647 5646 12199 12200)
4(5747 5648 12201 12300)
4(5746 5747 12300 12299)
4(5648 5647 12200 12201)
4(5748 5649 12202 12301)
4(5747 5748 12301 12300)
4(5649 5648 12201 12202)
4(5749 5650 12203 12302)
4(5748 5749 12302 12301)
4(5650 5649 12202 12203)
4(5750 5651 12204 12303)
4(5749 5750 12303 12302)
4(5651 5650 12203 12204)
4(5751 5652 12205 12304)
4(5750 5751 12304 12303)
4(5652 5651 12204 12205)
4(5752 5653 12206 12305)
4(5751 5752 12305 12304)
4(5653 5652 12205 12206)
4(5753 5654 12207 12306)
4(5752 5753 12306 12305)
4(5654 5653 12206 12207)
4(5754 5655 12208 12307)
4(5753 5754 12307 12306)
4(5655 5654 12207 12208)
4(5755 5656 12209 12308)
4(5754 5755 12308 12307)
4(5656 5655 12208 12209)
4(5756 5657 12210 12309)
4(5755 5756 12309 12308)
4(5657 5656 12209 12210)
4(5757 5658 12211 12310)
4(5756 5757 12310 12309)
4(5658 5657 12210 12211)
4(5758 5659 12212 12311)
4(5757 5758 12311 12310)
4(5659 5658 12211 12212)
4(5759 5660 12213 12312)
4(5758 5759 12312 12311)
4(5660 5659 12212 12213)
4(5760 5661 12214 12313)
4(5759 5760 12313 12312)
4(5661 5660 12213 12214)
4(5761 5662 12215 12314)
4(5760 5761 12314 12313)
4(5662 5661 12214 12215)
4(5762 5663 12216 12315)
4(5761 5762 12315 12314)
4(5663 5662 12215 12216)
4(5763 5664 12217 12316)
4(5762 5763 12316 12315)
4(5664 5663 12216 12217)
4(5764 5665 12218 12317)
4(5763 5764 12317 12316)
4(5665 5664 12217 12218)
4(5765 5666 12219 12318)
4(5764 5765 12318 12317)
4(5666 5665 12218 12219)
4(5766 5667 12220 12319)
4(5765 5766 12319 12318)
4(5667 5666 12219 12220)
4(5767 5668 12221 12320)
4(5766 5767 12320 12319)
4(5668 5667 12220 12221)
4(5768 5669 12222 12321)
4(5767 5768 12321 12320)
4(5669 5668 12221 12222)
4(5769 5670 12223 12322)
4(5768 5769 12322 12321)
4(5670 5669 12222 12223)
4(5770 5671 12224 12323)
4(5769 5770 12323 12322)
4(5671 5670 12223 12224)
4(5771 5672 12225 12324)
4(5770 5771 12324 12323)
4(5672 5671 12224 12225)
4(5772 5673 12226 12325)
4(5771 5772 12325 12324)
4(5673 5672 12225 12226)
4(5773 5674 12227 12326)
4(5772 5773 12326 12325)
4(5674 5673 12226 12227)
4(5774 5675 12228 12327)
4(5773 5774 12327 12326)
4(5675 5674 12227 12228)
4(5775 5676 12229 12328)
4(5774 5775 12328 12327)
4(5676 5675 12228 12229)
4(5776 5677 12230 12329)
4(5775 5776 12329 12328)
4(5677 5676 12229 12230)
4(5777 5678 12231 12330)
4(5776 5777 12330 12329)
4(5678 5677 12230 12231)
4(5778 5679 12232 12331)
4(5777 5778 12331 12330)
4(5679 5678 12231 12232)
4(5779 5680 12233 12332)
4(5778 5779 12332 12331)
4(5680 5679 12232 12233)
4(5780 5681 12234 12333)
4(5779 5780 12333 12332)
4(5681 5680 12233 12234)
4(5682 5681 12234 12235)
4(5214 5213 11766 11767)
4(5213 5244 11797 11766)
4(5187 5186 11739 11740)
4(5214 5187 11740 11767)
4(5186 5213 11766 11739)
4(5155 5154 11707 11708)
4(5187 5155 11708 11740)
4(5154 5186 11739 11707)
4(5123 5122 11675 11676)
4(5155 5123 11676 11708)
4(5122 5154 11707 11675)
4(5096 5095 11648 11649)
4(5123 5096 11649 11676)
4(5095 5122 11675 11648)
4(5064 5063 11616 11617)
4(5096 5064 11617 11649)
4(5063 5095 11648 11616)
4(5037 5036 11589 11590)
4(5064 5037 11590 11617)
4(5036 5063 11616 11589)
4(5015 5014 11567 11568)
4(5037 5015 11568 11590)
4(5014 5036 11589 11567)
4(4986 4985 11538 11539)
4(5015 4986 11539 11568)
4(4985 5014 11567 11538)
4(4956 4955 11508 11509)
4(4986 4956 11509 11539)
4(4955 4985 11538 11508)
4(4934 4933 11486 11487)
4(4956 4934 11487 11509)
4(4933 4955 11508 11486)
4(4906 4905 11458 11459)
4(4934 4906 11459 11487)
4(4905 4933 11486 11458)
4(4876 4875 11428 11429)
4(4906 4876 11429 11459)
4(4875 4905 11458 11428)
4(4854 4853 11406 11407)
4(4876 4854 11407 11429)
4(4853 4875 11428 11406)
4(4824 4823 11376 11377)
4(4854 4824 11377 11407)
4(4823 4853 11406 11376)
4(4794 4793 11346 11347)
4(4824 4794 11347 11377)
4(4793 4823 11376 11346)
4(4774 4773 11326 11327)
4(4794 4774 11327 11347)
4(4773 4793 11346 11326)
4(4744 4743 11296 11297)
4(4774 4744 11297 11327)
4(4743 4773 11326 11296)
4(4715 4714 11267 11268)
4(4744 4715 11268 11297)
4(4714 4743 11296 11267)
4(4693 4692 11245 11246)
4(4715 4693 11246 11268)
4(4692 4714 11267 11245)
4(4663 4662 11215 11216)
4(4693 4663 11216 11246)
4(4662 4692 11245 11215)
4(4634 4633 11186 11187)
4(4663 4634 11187 11216)
4(4633 4662 11215 11186)
4(4607 4606 11159 11160)
4(4634 4607 11160 11187)
4(4606 4633 11186 11159)
4(4572 4606 11159 11125)
4(4060 4153 10706 10613)
4(4153 4154 10707 10706)
4(4059 4152 10705 10612)
4(4060 4059 10612 10613)
4(4152 4153 10706 10705)
4(4058 4151 10704 10611)
4(4059 4058 10611 10612)
4(4151 4152 10705 10704)
4(4057 4150 10703 10610)
4(4058 4057 10610 10611)
4(4150 4151 10704 10703)
4(4056 4149 10702 10609)
4(4057 4056 10609 10610)
4(4149 4150 10703 10702)
4(4055 4148 10701 10608)
4(4056 4055 10608 10609)
4(4148 4149 10702 10701)
4(4054 4147 10700 10607)
4(4055 4054 10607 10608)
4(4147 4148 10701 10700)
4(4053 4146 10699 10606)
4(4054 4053 10606 10607)
4(4146 4147 10700 10699)
4(4052 4145 10698 10605)
4(4053 4052 10605 10606)
4(4145 4146 10699 10698)
4(4051 4144 10697 10604)
4(4052 4051 10604 10605)
4(4144 4145 10698 10697)
4(4050 4143 10696 10603)
4(4051 4050 10603 10604)
4(4143 4144 10697 10696)
4(4049 4142 10695 10602)
4(4050 4049 10602 10603)
4(4142 4143 10696 10695)
4(4048 4141 10694 10601)
4(4049 4048 10601 10602)
4(4141 4142 10695 10694)
4(4047 4140 10693 10600)
4(4048 4047 10600 10601)
4(4140 4141 10694 10693)
4(4046 4139 10692 10599)
4(4047 4046 10599 10600)
4(4139 4140 10693 10692)
4(4045 4138 10691 10598)
4(4046 4045 10598 10599)
4(4138 4139 10692 10691)
4(4044 4137 10690 10597)
4(4045 4044 10597 10598)
4(4137 4138 10691 10690)
4(4043 4136 10689 10596)
4(4044 4043 10596 10597)
4(4136 4137 10690 10689)
4(4042 4135 10688 10595)
4(4043 4042 10595 10596)
4(4135 4136 10689 10688)
4(4041 4134 10687 10594)
4(4042 4041 10594 10595)
4(4134 4135 10688 10687)
4(4040 4133 10686 10593)
4(4041 4040 10593 10594)
4(4133 4134 10687 10686)
4(4039 4132 10685 10592)
4(4040 4039 10592 10593)
4(4132 4133 10686 10685)
4(4038 4131 10684 10591)
4(4039 4038 10591 10592)
4(4131 4132 10685 10684)
4(4037 4130 10683 10590)
4(4038 4037 10590 10591)
4(4130 4131 10684 10683)
4(4036 4129 10682 10589)
4(4037 4036 10589 10590)
4(4129 4130 10683 10682)
4(4035 4128 10681 10588)
4(4036 4035 10588 10589)
4(4128 4129 10682 10681)
4(4034 4127 10680 10587)
4(4035 4034 10587 10588)
4(4127 4128 10681 10680)
4(4033 4126 10679 10586)
4(4034 4033 10586 10587)
4(4126 4127 10680 10679)
4(4032 4125 10678 10585)
4(4033 4032 10585 10586)
4(4125 4126 10679 10678)
4(4031 4124 10677 10584)
4(4032 4031 10584 10585)
4(4124 4125 10678 10677)
4(4030 4123 10676 10583)
4(4031 4030 10583 10584)
4(4123 4124 10677 10676)
4(4029 4122 10675 10582)
4(4030 4029 10582 10583)
4(4122 4123 10676 10675)
4(4028 4121 10674 10581)
4(4029 4028 10581 10582)
4(4121 4122 10675 10674)
4(4027 4120 10673 10580)
4(4028 4027 10580 10581)
4(4120 4121 10674 10673)
4(4026 4119 10672 10579)
4(4027 4026 10579 10580)
4(4119 4120 10673 10672)
4(4025 4118 10671 10578)
4(4026 4025 10578 10579)
4(4118 4119 10672 10671)
4(4024 4117 10670 10577)
4(4025 4024 10577 10578)
4(4117 4118 10671 10670)
4(4023 4116 10669 10576)
4(4024 4023 10576 10577)
4(4116 4117 10670 10669)
4(4022 4115 10668 10575)
4(4023 4022 10575 10576)
4(4115 4116 10669 10668)
4(4021 4114 10667 10574)
4(4022 4021 10574 10575)
4(4114 4115 10668 10667)
4(4020 4113 10666 10573)
4(4021 4020 10573 10574)
4(4113 4114 10667 10666)
4(4019 4112 10665 10572)
4(4020 4019 10572 10573)
4(4112 4113 10666 10665)
4(4018 4111 10664 10571)
4(4019 4018 10571 10572)
4(4111 4112 10665 10664)
4(4017 4110 10663 10570)
4(4018 4017 10570 10571)
4(4110 4111 10664 10663)
4(4016 4109 10662 10569)
4(4017 4016 10569 10570)
4(4109 4110 10663 10662)
4(4015 4108 10661 10568)
4(4016 4015 10568 10569)
4(4108 4109 10662 10661)
4(4014 4107 10660 10567)
4(4015 4014 10567 10568)
4(4107 4108 10661 10660)
4(4013 4106 10659 10566)
4(4014 4013 10566 10567)
4(4106 4107 10660 10659)
4(4012 4105 10658 10565)
4(4013 4012 10565 10566)
4(4105 4106 10659 10658)
4(4011 4104 10657 10564)
4(4012 4011 10564 10565)
4(4104 4105 10658 10657)
4(4010 4103 10656 10563)
4(4011 4010 10563 10564)
4(4103 4104 10657 10656)
4(4009 4102 10655 10562)
4(4010 4009 10562 10563)
4(4102 4103 10656 10655)
4(4008 4101 10654 10561)
4(4009 4008 10561 10562)
4(4101 4102 10655 10654)
4(4007 4100 10653 10560)
4(4008 4007 10560 10561)
4(4100 4101 10654 10653)
4(4099 4100 10653 10652)
4(3580 3579 10132 10133)
4(3579 3656 10209 10132)
4(3554 3553 10106 10107)
4(3580 3554 10107 10133)
4(3553 3579 10132 10106)
4(3526 3525 10078 10079)
4(3554 3526 10079 10107)
4(3525 3553 10106 10078)
4(3480 3479 10032 10033)
4(3526 3480 10033 10079)
4(3479 3525 10078 10032)
4(3460 3459 10012 10013)
4(3480 3460 10013 10033)
4(3459 3479 10032 10012)
4(3412 3411 9964 9965)
4(3460 3412 9965 10013)
4(3411 3459 10012 9964)
4(3383 3382 9935 9936)
4(3412 3383 9936 9965)
4(3382 3411 9964 9935)
4(3363 3362 9915 9916)
4(3383 3363 9916 9936)
4(3362 3382 9935 9915)
4(3336 3335 9888 9889)
4(3363 3336 9889 9916)
4(3335 3362 9915 9888)
4(3308 3307 9860 9861)
4(3336 3308 9861 9889)
4(3307 3335 9888 9860)
4(3276 3275 9828 9829)
4(3308 3276 9829 9861)
4(3275 3307 9860 9828)
4(3247 3246 9799 9800)
4(3276 3247 9800 9829)
4(3246 3275 9828 9799)
4(3219 3218 9771 9772)
4(3247 3219 9772 9800)
4(3218 3246 9799 9771)
4(3200 3199 9752 9753)
4(3219 3200 9753 9772)
4(3199 3218 9771 9752)
4(3172 3171 9724 9725)
4(3200 3172 9725 9753)
4(3171 3199 9752 9724)
4(3124 3123 9676 9677)
4(3172 3124 9677 9725)
4(3123 3171 9724 9676)
4(3103 3102 9655 9656)
4(3124 3103 9656 9677)
4(3102 3123 9676 9655)
4(3075 3074 9627 9628)
4(3103 3075 9628 9656)
4(3074 3102 9655 9627)
4(3029 3028 9581 9582)
4(3075 3029 9582 9628)
4(3028 3074 9627 9581)
4(3007 3006 9559 9560)
4(3029 3007 9560 9582)
4(3006 3028 9581 9559)
4(2929 2928 9481 9482)
4(3007 2929 9482 9560)
4(2928 3006 9559 9481)
4(2898 2928 9481 9451)
4(2491 2400 8953 9044)
4(2400 2399 8952 8953)
4(2492 2401 8954 9045)
4(2491 2492 9045 9044)
4(2401 2400 8953 8954)
4(2493 2402 8955 9046)
4(2492 2493 9046 9045)
4(2402 2401 8954 8955)
4(2494 2403 8956 9047)
4(2493 2494 9047 9046)
4(2403 2402 8955 8956)
4(2495 2404 8957 9048)
4(2494 2495 9048 9047)
4(2404 2403 8956 8957)
4(2496 2405 8958 9049)
4(2495 2496 9049 9048)
4(2405 2404 8957 8958)
4(2497 2406 8959 9050)
4(2496 2497 9050 9049)
4(2406 2405 8958 8959)
4(2498 2407 8960 9051)
4(2497 2498 9051 9050)
4(2407 2406 8959 8960)
4(2499 2408 8961 9052)
4(2498 2499 9052 9051)
4(2408 2407 8960 8961)
4(2500 2409 8962 9053)
4(2499 2500 9053 9052)
4(2409 2408 8961 8962)
4(2501 2410 8963 9054)
4(2500 2501 9054 9053)
4(2410 2409 8962 8963)
4(2502 2411 8964 9055)
4(2501 2502 9055 9054)
4(2411 2410 8963 8964)
4(2503 2412 8965 9056)
4(2502 2503 9056 9055)
4(2412 2411 8964 8965)
4(2504 2413 8966 9057)
4(2503 2504 9057 9056)
4(2413 2412 8965 8966)
4(2505 2414 8967 9058)
4(2504 2505 9058 9057)
4(2414 2413 8966 8967)
4(2506 2415 8968 9059)
4(2505 2506 9059 9058)
4(2415 2414 8967 8968)
4(2507 2416 8969 9060)
4(2506 2507 9060 9059)
4(2416 2415 8968 8969)
4(2508 2417 8970 9061)
4(2507 2508 9061 9060)
4(2417 2416 8969 8970)
4(2509 2418 8971 9062)
4(2508 2509 9062 9061)
4(2418 2417 8970 8971)
4(2510 2419 8972 9063)
4(2509 2510 9063 9062)
4(2419 2418 8971 8972)
4(2511 2420 8973 9064)
4(2510 2511 9064 9063)
4(2420 2419 8972 8973)
4(2512 2421 8974 9065)
4(2511 2512 9065 9064)
4(2421 2420 8973 8974)
4(2513 2422 8975 9066)
4(2512 2513 9066 9065)
4(2422 2421 8974 8975)
4(2514 2423 8976 9067)
4(2513 2514 9067 9066)
4(2423 2422 8975 8976)
4(2515 2424 8977 9068)
4(2514 2515 9068 9067)
4(2424 2423 8976 8977)
4(2516 2425 8978 9069)
4(2515 2516 9069 9068)
4(2425 2424 8977 8978)
4(2517 2426 8979 9070)
4(2516 2517 9070 9069)
4(2426 2425 8978 8979)
4(2518 2427 8980 9071)
4(2517 2518 9071 9070)
4(2427 2426 8979 8980)
4(2519 2428 8981 9072)
4(2518 2519 9072 9071)
4(2428 2427 8980 8981)
4(2520 2429 8982 9073)
4(2519 2520 9073 9072)
4(2429 2428 8981 8982)
4(2521 2430 8983 9074)
4(2520 2521 9074 9073)
4(2430 2429 8982 8983)
4(2522 2431 8984 9075)
4(2521 2522 9075 9074)
4(2431 2430 8983 8984)
4(2523 2432 8985 9076)
4(2522 2523 9076 9075)
4(2432 2431 8984 8985)
4(2524 2433 8986 9077)
4(2523 2524 9077 9076)
4(2433 2432 8985 8986)
4(2525 2434 8987 9078)
4(2524 2525 9078 9077)
4(2434 2433 8986 8987)
4(2526 2435 8988 9079)
4(2525 2526 9079 9078)
4(2435 2434 8987 8988)
4(2527 2436 8989 9080)
4(2526 2527 9080 9079)
4(2436 2435 8988 8989)
4(2528 2437 8990 9081)
4(2527 2528 9081 9080)
4(2437 2436 8989 8990)
4(2529 2438 8991 9082)
4(2528 2529 9082 9081)
4(2438 2437 8990 8991)
4(2530 2439 8992 9083)
4(2529 2530 9083 9082)
4(2439 2438 8991 8992)
4(2531 2440 8993 9084)
4(2530 2531 9084 9083)
4(2440 2439 8992 8993)
4(2532 2441 8994 9085)
4(2531 2532 9085 9084)
4(2441 2440 8993 8994)
4(2533 2442 8995 9086)
4(2532 2533 9086 9085)
4(2442 2441 8994 8995)
4(2534 2443 8996 9087)
4(2533 2534 9087 9086)
4(2443 2442 8995 8996)
4(2535 2444 8997 9088)
4(2534 2535 9088 9087)
4(2444 2443 8996 8997)
4(2536 2445 8998 9089)
4(2535 2536 9089 9088)
4(2445 2444 8997 8998)
4(2537 2446 8999 9090)
4(2536 2537 9090 9089)
4(2446 2445 8998 8999)
4(2538 2447 9000 9091)
4(2537 2538 9091 9090)
4(2447 2446 8999 9000)
4(2539 2448 9001 9092)
4(2538 2539 9092 9091)
4(2448 2447 9000 9001)
4(2540 2449 9002 9093)
4(2539 2540 9093 9092)
4(2449 2448 9001 9002)
4(2541 2450 9003 9094)
4(2540 2541 9094 9093)
4(2450 2449 9002 9003)
4(2542 2451 9004 9095)
4(2541 2542 9095 9094)
4(2451 2450 9003 9004)
4(2543 2452 9005 9096)
4(2542 2543 9096 9095)
4(2452 2451 9004 9005)
4(2544 2453 9006 9097)
4(2543 2544 9097 9096)
4(2453 2452 9005 9006)
4(2454 2453 9006 9007)
4(1955 1954 8507 8508)
4(1954 1980 8533 8507)
4(1919 1918 8471 8472)
4(1955 1919 8472 8508)
4(1918 1954 8507 8471)
4(1892 1891 8444 8445)
4(1919 1892 8445 8472)
4(1891 1918 8471 8444)
4(1870 1869 8422 8423)
4(1892 1870 8423 8445)
4(1869 1891 8444 8422)
4(1841 1840 8393 8394)
4(1870 1841 8394 8423)
4(1840 1869 8422 8393)
4(1811 1810 8363 8364)
4(1841 1811 8364 8394)
4(1810 1840 8393 8363)
4(1789 1788 8341 8342)
4(1811 1789 8342 8364)
4(1788 1810 8363 8341)
4(1761 1760 8313 8314)
4(1789 1761 8314 8342)
4(1760 1788 8341 8313)
4(1731 1730 8283 8284)
4(1761 1731 8284 8314)
4(1730 1760 8313 8283)
4(1709 1708 8261 8262)
4(1731 1709 8262 8284)
4(1708 1730 8283 8261)
4(1679 1678 8231 8232)
4(1709 1679 8232 8262)
4(1678 1708 8261 8231)
4(1649 1648 8201 8202)
4(1679 1649 8202 8232)
4(1648 1678 8231 8201)
4(1629 1628 8181 8182)
4(1649 1629 8182 8202)
4(1628 1648 8201 8181)
4(1599 1598 8151 8152)
4(1629 1599 8152 8182)
4(1598 1628 8181 8151)
4(1570 1569 8122 8123)
4(1599 1570 8123 8152)
4(1569 1598 8151 8122)
4(1548 1547 8100 8101)
4(1570 1548 8101 8123)
4(1547 1569 8122 8100)
4(1518 1517 8070 8071)
4(1548 1518 8071 8101)
4(1517 1547 8100 8070)
4(1491 1490 8043 8044)
4(1518 1491 8044 8071)
4(1490 1517 8070 8043)
4(1469 1468 8021 8022)
4(1491 1469 8022 8044)
4(1468 1490 8043 8021)
4(1435 1434 7987 7988)
4(1469 1435 7988 8022)
4(1434 1468 8021 7987)
4(1400 1399 7952 7953)
4(1435 1400 7953 7988)
4(1399 1434 7987 7952)
4(1373 1372 7925 7926)
4(1400 1373 7926 7953)
4(1372 1399 7952 7925)
4(1341 1340 7893 7894)
4(1373 1341 7894 7926)
4(1340 1372 7925 7893)
4(1311 1340 7893 7864)
4(826 925 7478 7379)
4(925 926 7479 7478)
4(825 924 7477 7378)
4(826 825 7378 7379)
4(924 925 7478 7477)
4(824 923 7476 7377)
4(825 824 7377 7378)
4(923 924 7477 7476)
4(823 922 7475 7376)
4(824 823 7376 7377)
4(922 923 7476 7475)
4(822 921 7474 7375)
4(823 822 7375 7376)
4(921 922 7475 7474)
4(821 920 7473 7374)
4(822 821 7374 7375)
4(920 921 7474 7473)
4(820 919 7472 7373)
4(821 820 7373 7374)
4(919 920 7473 7472)
4(819 918 7471 7372)
4(820 819 7372 7373)
4(918 919 7472 7471)
4(818 917 7470 7371)
4(819 818 7371 7372)
4(917 918 7471 7470)
4(817 916 7469 7370)
4(818 817 7370 7371)
4(916 917 7470 7469)
4(816 915 7468 7369)
4(817 816 7369 7370)
4(915 916 7469 7468)
4(815 914 7467 7368)
4(816 815 7368 7369)
4(914 915 7468 7467)
4(814 913 7466 7367)
4(815 814 7367 7368)
4(913 914 7467 7466)
4(813 912 7465 7366)
4(814 813 7366 7367)
4(912 913 7466 7465)
4(812 911 7464 7365)
4(813 812 7365 7366)
4(911 912 7465 7464)
4(811 910 7463 7364)
4(812 811 7364 7365)
4(910 911 7464 7463)
4(810 909 7462 7363)
4(811 810 7363 7364)
4(909 910 7463 7462)
4(809 908 7461 7362)
4(810 809 7362 7363)
4(908 909 7462 7461)
4(808 907 7460 7361)
4(809 808 7361 7362)
4(907 908 7461 7460)
4(807 906 7459 7360)
4(808 807 7360 7361)
4(906 907 7460 7459)
4(806 905 7458 7359)
4(807 806 7359 7360)
4(905 906 7459 7458)
4(805 904 7457 7358)
4(806 805 7358 7359)
4(904 905 7458 7457)
4(804 903 7456 7357)
4(805 804 7357 7358)
4(903 904 7457 7456)
4(803 902 7455 7356)
4(804 803 7356 7357)
4(902 903 7456 7455)
4(802 901 7454 7355)
4(803 802 7355 7356)
4(901 902 7455 7454)
4(801 900 7453 7354)
4(802 801 7354 7355)
4(900 901 7454 7453)
4(800 899 7452 7353)
4(801 800 7353 7354)
4(899 900 7453 7452)
4(799 898 7451 7352)
4(800 799 7352 7353)
4(898 899 7452 7451)
4(798 897 7450 7351)
4(799 798 7351 7352)
4(897 898 7451 7450)
4(797 896 7449 7350)
4(798 797 7350 7351)
4(896 897 7450 7449)
4(796 895 7448 7349)
4(797 796 7349 7350)
4(895 896 7449 7448)
4(795 894 7447 7348)
4(796 795 7348 7349)
4(894 895 7448 7447)
4(794 893 7446 7347)
4(795 794 7347 7348)
4(893 894 7447 7446)
4(793 892 7445 7346)
4(794 793 7346 7347)
4(892 893 7446 7445)
4(792 891 7444 7345)
4(793 792 7345 7346)
4(891 892 7445 7444)
4(791 890 7443 7344)
4(792 791 7344 7345)
4(890 891 7444 7443)
4(790 889 7442 7343)
4(791 790 7343 7344)
4(889 890 7443 7442)
4(789 888 7441 7342)
4(790 789 7342 7343)
4(888 889 7442 7441)
4(788 887 7440 7341)
4(789 788 7341 7342)
4(887 888 7441 7440)
4(787 886 7439 7340)
4(788 787 7340 7341)
4(886 887 7440 7439)
4(786 885 7438 7339)
4(787 786 7339 7340)
4(885 886 7439 7438)
4(785 884 7437 7338)
4(786 785 7338 7339)
4(884 885 7438 7437)
4(784 883 7436 7337)
4(785 784 7337 7338)
4(883 884 7437 7436)
4(783 882 7435 7336)
4(784 783 7336 7337)
4(882 883 7436 7435)
4(782 881 7434 7335)
4(783 782 7335 7336)
4(881 882 7435 7434)
4(781 880 7433 7334)
4(782 781 7334 7335)
4(880 881 7434 7433)
4(780 879 7432 7333)
4(781 780 7333 7334)
4(879 880 7433 7432)
4(779 878 7431 7332)
4(780 779 7332 7333)
4(878 879 7432 7431)
4(778 877 7430 7331)
4(779 778 7331 7332)
4(877 878 7431 7430)
4(777 876 7429 7330)
4(778 777 7330 7331)
4(876 877 7430 7429)
4(776 875 7428 7329)
4(777 776 7329 7330)
4(875 876 7429 7428)
4(775 874 7427 7328)
4(776 775 7328 7329)
4(874 875 7428 7427)
4(774 873 7426 7327)
4(775 774 7327 7328)
4(873 874 7427 7426)
4(773 872 7425 7326)
4(774 773 7326 7327)
4(872 873 7426 7425)
4(772 871 7424 7325)
4(773 772 7325 7326)
4(871 872 7425 7424)
4(870 871 7424 7423)
4(1457 1458 8011 8010)
4(1500 1501 8054 8053)
4(1457 1500 8053 8010)
4(1536 1537 8090 8089)
4(1500 1536 8089 8053)
4(1581 1582 8135 8134)
4(1536 1581 8134 8089)
4(1617 1618 8171 8170)
4(1581 1617 8170 8134)
4(1659 1660 8213 8212)
4(1617 1659 8212 8170)
4(1697 1698 8251 8250)
4(1659 1697 8250 8212)
4(1743 1744 8297 8296)
4(1697 1743 8296 8250)
4(1777 1778 8331 8330)
4(1743 1777 8330 8296)
4(1821 1822 8375 8374)
4(1777 1821 8374 8330)
4(1858 1859 8412 8411)
4(1821 1858 8411 8374)
4(1901 1902 8455 8454)
4(1858 1901 8454 8411)
4(1943 1944 8497 8496)
4(1901 1943 8496 8454)
4(1995 1996 8549 8548)
4(1943 1995 8548 8496)
4(2030 2031 8584 8583)
4(1995 2030 8583 8548)
4(2065 2066 8619 8618)
4(2030 2065 8618 8583)
4(2296 2297 8850 8849)
4(2065 2296 8849 8618)
4(2482 2483 9036 9035)
4(2296 2482 9035 8849)
4(2651 2652 9205 9204)
4(2482 2651 9204 9035)
4(2908 2909 9462 9461)
4(2651 2908 9461 9204)
4(2995 2996 9549 9548)
4(2908 2995 9548 9461)
4(3038 3039 9592 9591)
4(2995 3038 9591 9548)
4(3091 3092 9645 9644)
4(3038 3091 9644 9591)
4(3155 3156 9709 9708)
4(3091 3155 9708 9644)
4(3188 3189 9742 9741)
4(3155 3188 9741 9708)
4(3228 3229 9782 9781)
4(3188 3228 9781 9741)
4(3264 3265 9818 9817)
4(3228 3264 9817 9781)
4(3319 3320 9873 9872)
4(3264 3319 9872 9817)
4(3351 3352 9905 9904)
4(3319 3351 9904 9872)
4(3392 3393 9946 9945)
4(3351 3392 9945 9904)
4(3448 3449 10002 10001)
4(3392 3448 10001 9945)
4(3489 3490 10043 10042)
4(3448 3489 10042 10001)
4(3542 3543 10096 10095)
4(3489 3542 10095 10042)
4(3639 3640 10193 10192)
4(3542 3639 10192 10095)
4(3890 3891 10444 10443)
4(3639 3890 10443 10192)
4(4065 4066 10619 10618)
4(3890 4065 10618 10443)
4(4239 4240 10793 10792)
4(4065 4239 10792 10618)
4(4482 4483 11036 11035)
4(4239 4482 11035 10792)
4(4513 4514 11067 11066)
4(4482 4513 11066 11035)
4(4552 4553 11106 11105)
4(4513 4552 11105 11066)
4(4595 4596 11149 11148)
4(4552 4595 11148 11105)
4(4645 4646 11199 11198)
4(4595 4645 11198 11148)
4(4681 4682 11235 11234)
4(4645 4681 11234 11198)
4(4726 4727 11280 11279)
4(4681 4726 11279 11234)
4(4762 4763 11316 11315)
4(4726 4762 11315 11279)
4(4804 4805 11358 11357)
4(4762 4804 11357 11315)
4(4842 4843 11396 11395)
4(4804 4842 11395 11357)
4(4888 4889 11442 11441)
4(4842 4888 11441 11395)
4(4922 4923 11476 11475)
4(4888 4922 11475 11441)
4(4966 4967 11520 11519)
4(4922 4966 11519 11475)
4(5003 5004 11557 11556)
4(4966 5003 11556 11519)
4(5046 5047 11600 11599)
4(5003 5046 11599 11556)
4(5084 5085 11638 11637)
4(5046 5084 11637 11599)
4(5814 5727 12280 12367)
4(5815 5728 12281 12368)
4(5814 5815 12368 12367)
4(5816 5729 12282 12369)
4(5815 5816 12369 12368)
4(5817 5730 12283 12370)
4(5816 5817 12370 12369)
4(5818 5731 12284 12371)
4(5817 5818 12371 12370)
4(5819 5732 12285 12372)
4(5818 5819 12372 12371)
4(5820 5733 12286 12373)
4(5819 5820 12373 12372)
4(5821 5734 12287 12374)
4(5820 5821 12374 12373)
4(5822 5735 12288 12375)
4(5821 5822 12375 12374)
4(5823 5736 12289 12376)
4(5822 5823 12376 12375)
4(5824 5737 12290 12377)
4(5823 5824 12377 12376)
4(5825 5738 12291 12378)
4(5824 5825 12378 12377)
4(5826 5739 12292 12379)
4(5825 5826 12379 12378)
4(5827 5740 12293 12380)
4(5826 5827 12380 12379)
4(5828 5741 12294 12381)
4(5827 5828 12381 12380)
4(5829 5742 12295 12382)
4(5828 5829 12382 12381)
4(5830 5743 12296 12383)
4(5829 5830 12383 12382)
4(5831 5744 12297 12384)
4(5830 5831 12384 12383)
4(5832 5745 12298 12385)
4(5831 5832 12385 12384)
4(5833 5746 12299 12386)
4(5832 5833 12386 12385)
4(5834 5747 12300 12387)
4(5833 5834 12387 12386)
4(5835 5748 12301 12388)
4(5834 5835 12388 12387)
4(5836 5749 12302 12389)
4(5835 5836 12389 12388)
4(5837 5750 12303 12390)
4(5836 5837 12390 12389)
4(5838 5751 12304 12391)
4(5837 5838 12391 12390)
4(5839 5752 12305 12392)
4(5838 5839 12392 12391)
4(5840 5753 12306 12393)
4(5839 5840 12393 12392)
4(5841 5754 12307 12394)
4(5840 5841 12394 12393)
4(5842 5755 12308 12395)
4(5841 5842 12395 12394)
4(5843 5756 12309 12396)
4(5842 5843 12396 12395)
4(5844 5757 12310 12397)
4(5843 5844 12397 12396)
4(5845 5758 12311 12398)
4(5844 5845 12398 12397)
4(5846 5759 12312 12399)
4(5845 5846 12399 12398)
4(5847 5760 12313 12400)
4(5846 5847 12400 12399)
4(5848 5761 12314 12401)
4(5847 5848 12401 12400)
4(5849 5762 12315 12402)
4(5848 5849 12402 12401)
4(5850 5763 12316 12403)
4(5849 5850 12403 12402)
4(5851 5764 12317 12404)
4(5850 5851 12404 12403)
4(5852 5765 12318 12405)
4(5851 5852 12405 12404)
4(5853 5766 12319 12406)
4(5852 5853 12406 12405)
4(5854 5767 12320 12407)
4(5853 5854 12407 12406)
4(5855 5768 12321 12408)
4(5854 5855 12408 12407)
4(5856 5769 12322 12409)
4(5855 5856 12409 12408)
4(5857 5770 12323 12410)
4(5856 5857 12410 12409)
4(5858 5771 12324 12411)
4(5857 5858 12411 12410)
4(5859 5772 12325 12412)
4(5858 5859 12412 12411)
4(5860 5773 12326 12413)
4(5859 5860 12413 12412)
4(5861 5774 12327 12414)
4(5860 5861 12414 12413)
4(5862 5775 12328 12415)
4(5861 5862 12415 12414)
4(5863 5776 12329 12416)
4(5862 5863 12416 12415)
4(5864 5777 12330 12417)
4(5863 5864 12417 12416)
4(5865 5778 12331 12418)
4(5864 5865 12418 12417)
4(5866 5779 12332 12419)
4(5865 5866 12419 12418)
4(5188 5187 11740 11741)
4(5156 5155 11708 11709)
4(5188 5156 11709 11741)
4(5124 5123 11676 11677)
4(5156 5124 11677 11709)
4(5097 5096 11649 11650)
4(5124 5097 11650 11677)
4(5065 5064 11617 11618)
4(5097 5065 11618 11650)
4(5038 5037 11590 11591)
4(5065 5038 11591 11618)
4(5016 5015 11568 11569)
4(5038 5016 11569 11591)
4(4987 4986 11539 11540)
4(5016 4987 11540 11569)
4(4957 4956 11509 11510)
4(4987 4957 11510 11540)
4(4935 4934 11487 11488)
4(4957 4935 11488 11510)
4(4907 4906 11459 11460)
4(4935 4907 11460 11488)
4(4877 4876 11429 11430)
4(4907 4877 11430 11460)
4(4855 4854 11407 11408)
4(4877 4855 11408 11430)
4(4825 4824 11377 11378)
4(4855 4825 11378 11408)
4(4795 4794 11347 11348)
4(4825 4795 11348 11378)
4(4775 4774 11327 11328)
4(4795 4775 11328 11348)
4(4745 4744 11297 11298)
4(4775 4745 11298 11328)
4(4716 4715 11268 11269)
4(4745 4716 11269 11298)
4(4694 4693 11246 11247)
4(4716 4694 11247 11269)
4(4664 4663 11216 11217)
4(4694 4664 11217 11247)
4(4635 4634 11187 11188)
4(4664 4635 11188 11217)
4(3983 4059 10612 10536)
4(3982 4058 10611 10535)
4(3983 3982 10535 10536)
4(3981 4057 10610 10534)
4(3982 3981 10534 10535)
4(3980 4056 10609 10533)
4(3981 3980 10533 10534)
4(3979 4055 10608 10532)
4(3980 3979 10532 10533)
4(3978 4054 10607 10531)
4(3979 3978 10531 10532)
4(3977 4053 10606 10530)
4(3978 3977 10530 10531)
4(3976 4052 10605 10529)
4(3977 3976 10529 10530)
4(3975 4051 10604 10528)
4(3976 3975 10528 10529)
4(3974 4050 10603 10527)
4(3975 3974 10527 10528)
4(3973 4049 10602 10526)
4(3974 3973 10526 10527)
4(3972 4048 10601 10525)
4(3973 3972 10525 10526)
4(3971 4047 10600 10524)
4(3972 3971 10524 10525)
4(3970 4046 10599 10523)
4(3971 3970 10523 10524)
4(3969 4045 10598 10522)
4(3970 3969 10522 10523)
4(3968 4044 10597 10521)
4(3969 3968 10521 10522)
4(3967 4043 10596 10520)
4(3968 3967 10520 10521)
4(3966 4042 10595 10519)
4(3967 3966 10519 10520)
4(3965 4041 10594 10518)
4(3966 3965 10518 10519)
4(3964 4040 10593 10517)
4(3965 3964 10517 10518)
4(3963 4039 10592 10516)
4(3964 3963 10516 10517)
4(3962 4038 10591 10515)
4(3963 3962 10515 10516)
4(3961 4037 10590 10514)
4(3962 3961 10514 10515)
4(3960 4036 10589 10513)
4(3961 3960 10513 10514)
4(3959 4035 10588 10512)
4(3960 3959 10512 10513)
4(3958 4034 10587 10511)
4(3959 3958 10511 10512)
4(3957 4033 10586 10510)
4(3958 3957 10510 10511)
4(3956 4032 10585 10509)
4(3957 3956 10509 10510)
4(3955 4031 10584 10508)
4(3956 3955 10508 10509)
4(3954 4030 10583 10507)
4(3955 3954 10507 10508)
4(3953 4029 10582 10506)
4(3954 3953 10506 10507)
4(3952 4028 10581 10505)
4(3953 3952 10505 10506)
4(3951 4027 10580 10504)
4(3952 3951 10504 10505)
4(3950 4026 10579 10503)
4(3951 3950 10503 10504)
4(3949 4025 10578 10502)
4(3950 3949 10502 10503)
4(3948 4024 10577 10501)
4(3949 3948 10501 10502)
4(3947 4023 10576 10500)
4(3948 3947 10500 10501)
4(3946 4022 10575 10499)
4(3947 3946 10499 10500)
4(3945 4021 10574 10498)
4(3946 3945 10498 10499)
4(3944 4020 10573 10497)
4(3945 3944 10497 10498)
4(3943 4019 10572 10496)
4(3944 3943 10496 10497)
4(3942 4018 10571 10495)
4(3943 3942 10495 10496)
4(3941 4017 10570 10494)
4(3942 3941 10494 10495)
4(3940 4016 10569 10493)
4(3941 3940 10493 10494)
4(3939 4015 10568 10492)
4(3940 3939 10492 10493)
4(3938 4014 10567 10491)
4(3939 3938 10491 10492)
4(3937 4013 10566 10490)
4(3938 3937 10490 10491)
4(3936 4012 10565 10489)
4(3937 3936 10489 10490)
4(3935 4011 10564 10488)
4(3936 3935 10488 10489)
4(3934 4010 10563 10487)
4(3935 3934 10487 10488)
4(3933 4009 10562 10486)
4(3934 3933 10486 10487)
4(3932 4008 10561 10485)
4(3933 3932 10485 10486)
4(3555 3554 10107 10108)
4(3527 3526 10079 10080)
4(3555 3527 10080 10108)
4(3481 3480 10033 10034)
4(3527 3481 10034 10080)
4(3461 3460 10013 10014)
4(3481 3461 10014 10034)
4(3413 3412 9965 9966)
4(3461 3413 9966 10014)
4(3384 3383 9936 9937)
4(3413 3384 9937 9966)
4(3364 3363 9916 9917)
4(3384 3364 9917 9937)
4(3337 3336 9889 9890)
4(3364 3337 9890 9917)
4(3309 3308 9861 9862)
4(3337 3309 9862 9890)
4(3277 3276 9829 9830)
4(3309 3277 9830 9862)
4(3248 3247 9800 9801)
4(3277 3248 9801 9830)
4(3220 3219 9772 9773)
4(3248 3220 9773 9801)
4(3201 3200 9753 9754)
4(3220 3201 9754 9773)
4(3173 3172 9725 9726)
4(3201 3173 9726 9754)
4(3125 3124 9677 9678)
4(3173 3125 9678 9726)
4(3104 3103 9656 9657)
4(3125 3104 9657 9678)
4(3076 3075 9628 9629)
4(3104 3076 9629 9657)
4(3030 3029 9582 9583)
4(3076 3030 9583 9629)
4(3008 3007 9560 9561)
4(3030 3008 9561 9583)
4(2569 2492 9045 9122)
4(2570 2493 9046 9123)
4(2569 2570 9123 9122)
4(2571 2494 9047 9124)
4(2570 2571 9124 9123)
4(2572 2495 9048 9125)
4(2571 2572 9125 9124)
4(2573 2496 9049 9126)
4(2572 2573 9126 9125)
4(2574 2497 9050 9127)
4(2573 2574 9127 9126)
4(2575 2498 9051 9128)
4(2574 2575 9128 9127)
4(2576 2499 9052 9129)
4(2575 2576 9129 9128)
4(2577 2500 9053 9130)
4(2576 2577 9130 9129)
4(2578 2501 9054 9131)
4(2577 2578 9131 9130)
4(2579 2502 9055 9132)
4(2578 2579 9132 9131)
4(2580 2503 9056 9133)
4(2579 2580 9133 9132)
4(2581 2504 9057 9134)
4(2580 2581 9134 9133)
4(2582 2505 9058 9135)
4(2581 2582 9135 9134)
4(2583 2506 9059 9136)
4(2582 2583 9136 9135)
4(2584 2507 9060 9137)
4(2583 2584 9137 9136)
4(2585 2508 9061 9138)
4(2584 2585 9138 9137)
4(2586 2509 9062 9139)
4(2585 2586 9139 9138)
4(2587 2510 9063 9140)
4(2586 2587 9140 9139)
4(2588 2511 9064 9141)
4(2587 2588 9141 9140)
4(2589 2512 9065 9142)
4(2588 2589 9142 9141)
4(2590 2513 9066 9143)
4(2589 2590 9143 9142)
4(2591 2514 9067 9144)
4(2590 2591 9144 9143)
4(2592 2515 9068 9145)
4(2591 2592 9145 9144)
4(2593 2516 9069 9146)
4(2592 2593 9146 9145)
4(2594 2517 9070 9147)
4(2593 2594 9147 9146)
4(2595 2518 9071 9148)
4(2594 2595 9148 9147)
4(2596 2519 9072 9149)
4(2595 2596 9149 9148)
4(2597 2520 9073 9150)
4(2596 2597 9150 9149)
4(2598 2521 9074 9151)
4(2597 2598 9151 9150)
4(2599 2522 9075 9152)
4(2598 2599 9152 9151)
4(2600 2523 9076 9153)
4(2599 2600 9153 9152)
4(2601 2524 9077 9154)
4(2600 2601 9154 9153)
4(2602 2525 9078 9155)
4(2601 2602 9155 9154)
4(2603 2526 9079 9156)
4(2602 2603 9156 9155)
4(2604 2527 9080 9157)
4(2603 2604 9157 9156)
4(2605 2528 9081 9158)
4(2604 2605 9158 9157)
4(2606 2529 9082 9159)
4(2605 2606 9159 9158)
4(2607 2530 9083 9160)
4(2606 2607 9160 9159)
4(2608 2531 9084 9161)
4(2607 2608 9161 9160)
4(2609 2532 9085 9162)
4(2608 2609 9162 9161)
4(2610 2533 9086 9163)
4(2609 2610 9163 9162)
4(2611 2534 9087 9164)
4(2610 2611 9164 9163)
4(2612 2535 9088 9165)
4(2611 2612 9165 9164)
4(2613 2536 9089 9166)
4(2612 2613 9166 9165)
4(2614 2537 9090 9167)
4(2613 2614 9167 9166)
4(2615 2538 9091 9168)
4(2614 2615 9168 9167)
4(2616 2539 9092 9169)
4(2615 2616 9169 9168)
4(2617 2540 9093 9170)
4(2616 2617 9170 9169)
4(2618 2541 9094 9171)
4(2617 2618 9171 9170)
4(2619 2542 9095 9172)
4(2618 2619 9172 9171)
4(2620 2543 9096 9173)
4(2619 2620 9173 9172)
4(1920 1919 8472 8473)
4(1893 1892 8445 8446)
4(1920 1893 8446 8473)
4(1871 1870 8423 8424)
4(1893 1871 8424 8446)
4(1842 1841 8394 8395)
4(1871 1842 8395 8424)
4(1812 1811 8364 8365)
4(1842 1812 8365 8395)
4(1790 1789 8342 8343)
4(1812 1790 8343 8365)
4(1762 1761 8314 8315)
4(1790 1762 8315 8343)
4(1732 1731 8284 8285)
4(1762 1732 8285 8315)
4(1710 1709 8262 8263)
4(1732 1710 8263 8285)
4(1680 1679 8232 8233)
4(1710 1680 8233 8263)
4(1650 1649 8202 8203)
4(1680 1650 8203 8233)
4(1630 1629 8182 8183)
4(1650 1630 8183 8203)
4(1600 1599 8152 8153)
4(1630 1600 8153 8183)
4(1571 1570 8123 8124)
4(1600 1571 8124 8153)
4(1549 1548 8101 8102)
4(1571 1549 8102 8124)
4(1519 1518 8071 8072)
4(1549 1519 8072 8102)
4(1492 1491 8044 8045)
4(1519 1492 8045 8072)
4(1470 1469 8022 8023)
4(1492 1470 8023 8045)
4(1436 1435 7988 7989)
4(1470 1436 7989 8023)
4(1401 1400 7953 7954)
4(1436 1401 7954 7989)
4(1374 1373 7926 7927)
4(1401 1374 7927 7954)
4(738 825 7378 7291)
4(737 824 7377 7290)
4(738 737 7290 7291)
4(736 823 7376 7289)
4(737 736 7289 7290)
4(735 822 7375 7288)
4(736 735 7288 7289)
4(734 821 7374 7287)
4(735 734 7287 7288)
4(733 820 7373 7286)
4(734 733 7286 7287)
4(732 819 7372 7285)
4(733 732 7285 7286)
4(731 818 7371 7284)
4(732 731 7284 7285)
4(730 817 7370 7283)
4(731 730 7283 7284)
4(729 816 7369 7282)
4(730 729 7282 7283)
4(728 815 7368 7281)
4(729 728 7281 7282)
4(727 814 7367 7280)
4(728 727 7280 7281)
4(726 813 7366 7279)
4(727 726 7279 7280)
4(725 812 7365 7278)
4(726 725 7278 7279)
4(724 811 7364 7277)
4(725 724 7277 7278)
4(723 810 7363 7276)
4(724 723 7276 7277)
4(722 809 7362 7275)
4(723 722 7275 7276)
4(721 808 7361 7274)
4(722 721 7274 7275)
4(720 807 7360 7273)
4(721 720 7273 7274)
4(719 806 7359 7272)
4(720 719 7272 7273)
4(718 805 7358 7271)
4(719 718 7271 7272)
4(717 804 7357 7270)
4(718 717 7270 7271)
4(716 803 7356 7269)
4(717 716 7269 7270)
4(715 802 7355 7268)
4(716 715 7268 7269)
4(714 801 7354 7267)
4(715 714 7267 7268)
4(713 800 7353 7266)
4(714 713 7266 7267)
4(712 799 7352 7265)
4(713 712 7265 7266)
4(711 798 7351 7264)
4(712 711 7264 7265)
4(710 797 7350 7263)
4(711 710 7263 7264)
4(709 796 7349 7262)
4(710 709 7262 7263)
4(708 795 7348 7261)
4(709 708 7261 7262)
4(707 794 7347 7260)
4(708 707 7260 7261)
4(706 793 7346 7259)
4(707 706 7259 7260)
4(705 792 7345 7258)
4(706 705 7258 7259)
4(704 791 7344 7257)
4(705 704 7257 7258)
4(703 790 7343 7256)
4(704 703 7256 7257)
4(702 789 7342 7255)
4(703 702 7255 7256)
4(701 788 7341 7254)
4(702 701 7254 7255)
4(700 787 7340 7253)
4(701 700 7253 7254)
4(699 786 7339 7252)
4(700 699 7252 7253)
4(698 785 7338 7251)
4(699 698 7251 7252)
4(697 784 7337 7250)
4(698 697 7250 7251)
4(696 783 7336 7249)
4(697 696 7249 7250)
4(695 782 7335 7248)
4(696 695 7248 7249)
4(694 781 7334 7247)
4(695 694 7247 7248)
4(693 780 7333 7246)
4(694 693 7246 7247)
4(692 779 7332 7245)
4(693 692 7245 7246)
4(691 778 7331 7244)
4(692 691 7244 7245)
4(690 777 7330 7243)
4(691 690 7243 7244)
4(689 776 7329 7242)
4(690 689 7242 7243)
4(688 775 7328 7241)
4(689 688 7241 7242)
4(687 774 7327 7240)
4(688 687 7240 7241)
4(686 773 7326 7239)
4(687 686 7239 7240)
4(1499 1500 8053 8052)
4(1535 1536 8089 8088)
4(1580 1581 8134 8133)
4(1616 1617 8170 8169)
4(1658 1659 8212 8211)
4(1696 1697 8250 8249)
4(1742 1743 8296 8295)
4(1776 1777 8330 8329)
4(1820 1821 8374 8373)
4(1857 1858 8411 8410)
4(1900 1901 8454 8453)
4(1942 1943 8496 8495)
4(1994 1995 8548 8547)
4(2029 2030 8583 8582)
4(2064 2065 8618 8617)
4(2295 2296 8849 8848)
4(2481 2482 9035 9034)
4(2650 2651 9204 9203)
4(2907 2908 9461 9460)
4(2994 2995 9548 9547)
4(3037 3038 9591 9590)
4(3090 3091 9644 9643)
4(3154 3155 9708 9707)
4(3187 3188 9741 9740)
4(3227 3228 9781 9780)
4(3263 3264 9817 9816)
4(3318 3319 9872 9871)
4(3350 3351 9904 9903)
4(3391 3392 9945 9944)
4(3447 3448 10001 10000)
4(3488 3489 10042 10041)
4(3541 3542 10095 10094)
4(3638 3639 10192 10191)
4(3889 3890 10443 10442)
4(4064 4065 10618 10617)
4(4238 4239 10792 10791)
4(4481 4482 11035 11034)
4(4512 4513 11066 11065)
4(4551 4552 11105 11104)
4(4594 4595 11148 11147)
4(4644 4645 11198 11197)
4(4680 4681 11234 11233)
4(4725 4726 11279 11278)
4(4761 4762 11315 11314)
4(4803 4804 11357 11356)
4(4841 4842 11395 11394)
4(4887 4888 11441 11440)
4(4921 4922 11475 11474)
4(4965 4966 11519 11518)
4(5002 5003 11556 11555)
4(5045 5046 11599 11598)
4(5905 5815 12368 12458)
4(5908 5816 12369 12461)
4(5911 5817 12370 12464)
4(5915 5818 12371 12468)
4(5918 5819 12372 12471)
4(5921 5820 12373 12474)
4(5924 5821 12374 12477)
4(5927 5822 12375 12480)
4(5931 5823 12376 12484)
4(5934 5824 12377 12487)
4(5937 5825 12378 12490)
4(5940 5826 12379 12493)
4(5943 5827 12380 12496)
4(5947 5828 12381 12500)
4(5950 5829 12382 12503)
4(5953 5830 12383 12506)
4(5956 5831 12384 12509)
4(5959 5832 12385 12512)
4(5963 5833 12386 12516)
4(5966 5834 12387 12519)
4(5969 5835 12388 12522)
4(5972 5836 12389 12525)
4(5975 5837 12390 12528)
4(5979 5838 12391 12532)
4(5982 5839 12392 12535)
4(5985 5840 12393 12538)
4(5988 5841 12394 12541)
4(5991 5842 12395 12544)
4(5995 5843 12396 12548)
4(5998 5844 12397 12551)
4(6001 5845 12398 12554)
4(6004 5846 12399 12557)
4(6007 5847 12400 12560)
4(6011 5848 12401 12564)
4(6014 5849 12402 12567)
4(6017 5850 12403 12570)
4(6020 5851 12404 12573)
4(6023 5852 12405 12576)
4(6027 5853 12406 12580)
4(6030 5854 12407 12583)
4(6033 5855 12408 12586)
4(6036 5856 12409 12589)
4(6039 5857 12410 12592)
4(6043 5858 12411 12596)
4(6046 5859 12412 12599)
4(6049 5860 12413 12602)
4(6052 5861 12414 12605)
4(6055 5862 12415 12608)
4(6059 5863 12416 12612)
4(6062 5864 12417 12615)
4(6065 5865 12418 12618)
4(5157 5156 11709 11710)
4(5125 5124 11677 11678)
4(5098 5097 11650 11651)
4(5066 5065 11618 11619)
4(5039 5038 11591 11592)
4(5017 5016 11569 11570)
4(4988 4987 11540 11541)
4(4958 4957 11510 11511)
4(4936 4935 11488 11489)
4(4908 4907 11460 11461)
4(4878 4877 11430 11431)
4(4856 4855 11408 11409)
4(4826 4825 11378 11379)
4(4796 4795 11348 11349)
4(4776 4775 11328 11329)
4(4746 4745 11298 11299)
4(4717 4716 11269 11270)
4(4695 4694 11247 11248)
4(4665 4664 11217 11218)
4(3875 3982 10535 10428)
4(3873 3981 10534 10426)
4(3871 3980 10533 10424)
4(3868 3979 10532 10421)
4(3866 3978 10531 10419)
4(3863 3977 10530 10416)
4(3861 3976 10529 10414)
4(3859 3975 10528 10412)
4(3856 3974 10527 10409)
4(3854 3973 10526 10407)
4(3851 3972 10525 10404)
4(3849 3971 10524 10402)
4(3847 3970 10523 10400)
4(3844 3969 10522 10397)
4(3842 3968 10521 10395)
4(3839 3967 10520 10392)
4(3837 3966 10519 10390)
4(3835 3965 10518 10388)
4(3832 3964 10517 10385)
4(3830 3963 10516 10383)
4(3827 3962 10515 10380)
4(3825 3961 10514 10378)
4(3823 3960 10513 10376)
4(3820 3959 10512 10373)
4(3818 3958 10511 10371)
4(3815 3957 10510 10368)
4(3813 3956 10509 10366)
4(3811 3955 10508 10364)
4(3808 3954 10507 10361)
4(3806 3953 10506 10359)
4(3803 3952 10505 10356)
4(3801 3951 10504 10354)
4(3799 3950 10503 10352)
4(3796 3949 10502 10349)
4(3794 3948 10501 10347)
4(3791 3947 10500 10344)
4(3789 3946 10499 10342)
4(3787 3945 10498 10340)
4(3784 3944 10497 10337)
4(3782 3943 10496 10335)
4(3779 3942 10495 10332)
4(3777 3941 10494 10330)
4(3775 3940 10493 10328)
4(3772 3939 10492 10325)
4(3770 3938 10491 10323)
4(3767 3937 10490 10320)
4(3765 3936 10489 10318)
4(3763 3935 10488 10316)
4(3760 3934 10487 10313)
4(3758 3933 10486 10311)
4(3528 3527 10080 10081)
4(3482 3481 10034 10035)
4(3462 3461 10014 10015)
4(3414 3413 9966 9967)
4(3385 3384 9937 9938)
4(3365 3364 9917 9918)
4(3338 3337 9890 9891)
4(3310 3309 9862 9863)
4(3278 3277 9830 9831)
4(3249 3248 9801 9802)
4(3221 3220 9773 9774)
4(3202 3201 9754 9755)
4(3174 3173 9726 9727)
4(3126 3125 9678 9679)
4(3105 3104 9657 9658)
4(3077 3076 9629 9630)
4(3031 3030 9583 9584)
4(2677 2570 9123 9230)
4(2679 2571 9124 9232)
4(2682 2572 9125 9235)
4(2684 2573 9126 9237)
4(2686 2574 9127 9239)
4(2689 2575 9128 9242)
4(2691 2576 9129 9244)
4(2694 2577 9130 9247)
4(2696 2578 9131 9249)
4(2698 2579 9132 9251)
4(2701 2580 9133 9254)
4(2703 2581 9134 9256)
4(2706 2582 9135 9259)
4(2708 2583 9136 9261)
4(2710 2584 9137 9263)
4(2713 2585 9138 9266)
4(2715 2586 9139 9268)
4(2718 2587 9140 9271)
4(2720 2588 9141 9273)
4(2722 2589 9142 9275)
4(2725 2590 9143 9278)
4(2727 2591 9144 9280)
4(2730 2592 9145 9283)
4(2732 2593 9146 9285)
4(2734 2594 9147 9287)
4(2737 2595 9148 9290)
4(2739 2596 9149 9292)
4(2742 2597 9150 9295)
4(2744 2598 9151 9297)
4(2746 2599 9152 9299)
4(2749 2600 9153 9302)
4(2751 2601 9154 9304)
4(2754 2602 9155 9307)
4(2756 2603 9156 9309)
4(2758 2604 9157 9311)
4(2761 2605 9158 9314)
4(2763 2606 9159 9316)
4(2766 2607 9160 9319)
4(2768 2608 9161 9321)
4(2770 2609 9162 9323)
4(2773 2610 9163 9326)
4(2775 2611 9164 9328)
4(2778 2612 9165 9331)
4(2780 2613 9166 9333)
4(2782 2614 9167 9335)
4(2785 2615 9168 9338)
4(2787 2616 9169 9340)
4(2790 2617 9170 9343)
4(2792 2618 9171 9345)
4(2794 2619 9172 9347)
4(1894 1893 8446 8447)
4(1872 1871 8424 8425)
4(1843 1842 8395 8396)
4(1813 1812 8365 8366)
4(1791 1790 8343 8344)
4(1763 1762 8315 8316)
4(1733 1732 8285 8286)
4(1711 1710 8263 8264)
4(1681 1680 8233 8234)
4(1651 1650 8203 8204)
4(1631 1630 8183 8184)
4(1601 1600 8153 8154)
4(1572 1571 8124 8125)
4(1550 1549 8102 8103)
4(1520 1519 8072 8073)
4(1493 1492 8045 8046)
4(1471 1470 8023 8024)
4(1437 1436 7989 7990)
4(1402 1401 7954 7955)
4(647 737 7290 7200)
4(644 736 7289 7197)
4(641 735 7288 7194)
4(637 734 7287 7190)
4(634 733 7286 7187)
4(631 732 7285 7184)
4(628 731 7284 7181)
4(625 730 7283 7178)
4(621 729 7282 7174)
4(618 728 7281 7171)
4(615 727 7280 7168)
4(612 726 7279 7165)
4(609 725 7278 7162)
4(605 724 7277 7158)
4(602 723 7276 7155)
4(599 722 7275 7152)
4(596 721 7274 7149)
4(593 720 7273 7146)
4(589 719 7272 7142)
4(586 718 7271 7139)
4(583 717 7270 7136)
4(580 716 7269 7133)
4(577 715 7268 7130)
4(573 714 7267 7126)
4(570 713 7266 7123)
4(567 712 7265 7120)
4(564 711 7264 7117)
4(561 710 7263 7114)
4(557 709 7262 7110)
4(554 708 7261 7107)
4(551 707 7260 7104)
4(548 706 7259 7101)
4(545 705 7258 7098)
4(541 704 7257 7094)
4(538 703 7256 7091)
4(535 702 7255 7088)
4(532 701 7254 7085)
4(529 700 7253 7082)
4(525 699 7252 7078)
4(522 698 7251 7075)
4(519 697 7250 7072)
4(516 696 7249 7069)
4(513 695 7248 7066)
4(509 694 7247 7062)
4(506 693 7246 7059)
4(503 692 7245 7056)
4(500 691 7244 7053)
4(497 690 7243 7050)
4(493 689 7242 7046)
4(490 688 7241 7043)
4(487 687 7240 7040)
4(1251 1252 7805 7804)
4(1159 1084 7637 7712)
4(1284 1285 7838 7837)
4(1251 1284 7837 7804)
4(1327 1328 7881 7880)
4(1284 1327 7880 7837)
4(1366 1367 7920 7919)
4(1327 1366 7919 7880)
4(1417 1418 7971 7970)
4(1366 1417 7970 7919)
4(1462 1463 8016 8015)
4(1417 1462 8015 7970)
4(1505 1506 8059 8058)
4(1462 1505 8058 8015)
4(1541 1542 8095 8094)
4(1505 1541 8094 8058)
4(1586 1587 8140 8139)
4(1541 1586 8139 8094)
4(1622 1623 8176 8175)
4(1586 1622 8175 8139)
4(1664 1665 8218 8217)
4(1622 1664 8217 8175)
4(1702 1703 8256 8255)
4(1664 1702 8255 8217)
4(1748 1749 8302 8301)
4(1702 1748 8301 8255)
4(1782 1783 8336 8335)
4(1748 1782 8335 8301)
4(1826 1827 8380 8379)
4(1782 1826 8379 8335)
4(1863 1864 8417 8416)
4(1826 1863 8416 8379)
4(1906 1907 8460 8459)
4(1863 1906 8459 8416)
4(1948 1949 8502 8501)
4(1906 1948 8501 8459)
4(2000 2001 8554 8553)
4(1948 2000 8553 8501)
4(2035 2036 8589 8588)
4(2000 2035 8588 8553)
4(2070 2071 8624 8623)
4(2035 2070 8623 8588)
4(2301 2302 8855 8854)
4(2070 2301 8854 8623)
4(2487 2488 9041 9040)
4(2301 2487 9040 8854)
4(2656 2657 9210 9209)
4(2487 2656 9209 9040)
4(2913 2914 9467 9466)
4(2656 2913 9466 9209)
4(3000 3001 9554 9553)
4(2913 3000 9553 9466)
4(3043 3044 9597 9596)
4(3000 3043 9596 9553)
4(3096 3097 9650 9649)
4(3043 3096 9649 9596)
4(3160 3161 9714 9713)
4(3096 3160 9713 9649)
4(3193 3194 9747 9746)
4(3160 3193 9746 9713)
4(3233 3234 9787 9786)
4(3193 3233 9786 9746)
4(3269 3270 9823 9822)
4(3233 3269 9822 9786)
4(3324 3325 9878 9877)
4(3269 3324 9877 9822)
4(3356 3357 9910 9909)
4(3324 3356 9909 9877)
4(3397 3398 9951 9950)
4(3356 3397 9950 9909)
4(3453 3454 10007 10006)
4(3397 3453 10006 9950)
4(3494 3495 10048 10047)
4(3453 3494 10047 10006)
4(3547 3548 10101 10100)
4(3494 3547 10100 10047)
4(3644 3645 10198 10197)
4(3547 3644 10197 10100)
4(3895 3896 10449 10448)
4(3644 3895 10448 10197)
4(4070 4071 10624 10623)
4(3895 4070 10623 10448)
4(4244 4245 10798 10797)
4(4070 4244 10797 10623)
4(4487 4488 11041 11040)
4(4244 4487 11040 10797)
4(4518 4519 11072 11071)
4(4487 4518 11071 11040)
4(4557 4558 11111 11110)
4(4518 4557 11110 11071)
4(4600 4601 11154 11153)
4(4557 4600 11153 11110)
4(4650 4651 11204 11203)
4(4600 4650 11203 11153)
4(4686 4687 11240 11239)
4(4650 4686 11239 11203)
4(4731 4732 11285 11284)
4(4686 4731 11284 11239)
4(4767 4768 11321 11320)
4(4731 4767 11320 11284)
4(4809 4810 11363 11362)
4(4767 4809 11362 11320)
4(4847 4848 11401 11400)
4(4809 4847 11400 11362)
4(4893 4894 11447 11446)
4(4847 4893 11446 11400)
4(4927 4928 11481 11480)
4(4893 4927 11480 11446)
4(4971 4972 11525 11524)
4(4927 4971 11524 11480)
4(5008 5009 11562 11561)
4(4971 5008 11561 11524)
4(5051 5052 11605 11604)
4(5008 5051 11604 11561)
4(5089 5090 11643 11642)
4(5051 5089 11642 11604)
4(5140 5141 11694 11693)
4(5089 5140 11693 11642)
4(5180 5181 11734 11733)
4(5140 5180 11733 11693)
4(5227 5228 11781 11780)
4(5180 5227 11780 11733)
4(5263 5264 11817 11816)
4(5227 5263 11816 11780)
4(5302 5303 11856 11855)
4(5263 5302 11855 11816)
4(5398 5329 11882 11951)
4(5402 5330 11883 11955)
4(5403 5331 11884 11956)
4(5402 5403 11956 11955)
4(5404 5332 11885 11957)
4(5403 5404 11957 11956)
4(5405 5333 11886 11958)
4(5404 5405 11958 11957)
4(5406 5334 11887 11959)
4(5405 5406 11959 11958)
4(5407 5335 11888 11960)
4(5406 5407 11960 11959)
4(5408 5336 11889 11961)
4(5407 5408 11961 11960)
4(5409 5337 11890 11962)
4(5408 5409 11962 11961)
4(5410 5338 11891 11963)
4(5409 5410 11963 11962)
4(5411 5339 11892 11964)
4(5410 5411 11964 11963)
4(5412 5340 11893 11965)
4(5411 5412 11965 11964)
4(5413 5341 11894 11966)
4(5412 5413 11966 11965)
4(5414 5342 11895 11967)
4(5413 5414 11967 11966)
4(5415 5343 11896 11968)
4(5414 5415 11968 11967)
4(5416 5344 11897 11969)
4(5415 5416 11969 11968)
4(5417 5345 11898 11970)
4(5416 5417 11970 11969)
4(5418 5346 11899 11971)
4(5417 5418 11971 11970)
4(5419 5347 11900 11972)
4(5418 5419 11972 11971)
4(5420 5348 11901 11973)
4(5419 5420 11973 11972)
4(5421 5349 11902 11974)
4(5420 5421 11974 11973)
4(5422 5350 11903 11975)
4(5421 5422 11975 11974)
4(5423 5351 11904 11976)
4(5422 5423 11976 11975)
4(5424 5352 11905 11977)
4(5423 5424 11977 11976)
4(5425 5353 11906 11978)
4(5424 5425 11978 11977)
4(5426 5354 11907 11979)
4(5425 5426 11979 11978)
4(5427 5355 11908 11980)
4(5426 5427 11980 11979)
4(5428 5356 11909 11981)
4(5427 5428 11981 11980)
4(5429 5357 11910 11982)
4(5428 5429 11982 11981)
4(5430 5358 11911 11983)
4(5429 5430 11983 11982)
4(5431 5359 11912 11984)
4(5430 5431 11984 11983)
4(5432 5360 11913 11985)
4(5431 5432 11985 11984)
4(5433 5361 11914 11986)
4(5432 5433 11986 11985)
4(5434 5362 11915 11987)
4(5433 5434 11987 11986)
4(5435 5363 11916 11988)
4(5434 5435 11988 11987)
4(5436 5364 11917 11989)
4(5435 5436 11989 11988)
4(5437 5365 11918 11990)
4(5436 5437 11990 11989)
4(5438 5366 11919 11991)
4(5437 5438 11991 11990)
4(5439 5367 11920 11992)
4(5438 5439 11992 11991)
4(5440 5368 11921 11993)
4(5439 5440 11993 11992)
4(5441 5369 11922 11994)
4(5440 5441 11994 11993)
4(5442 5370 11923 11995)
4(5441 5442 11995 11994)
4(5443 5371 11924 11996)
4(5442 5443 11996 11995)
4(5444 5372 11925 11997)
4(5443 5444 11997 11996)
4(5445 5373 11926 11998)
4(5444 5445 11998 11997)
4(5446 5374 11927 11999)
4(5445 5446 11999 11998)
4(5447 5375 11928 12000)
4(5446 5447 12000 11999)
4(5448 5376 11929 12001)
4(5447 5448 12001 12000)
4(5449 5377 11930 12002)
4(5448 5449 12002 12001)
4(5450 5378 11931 12003)
4(5449 5450 12003 12002)
4(5451 5379 11932 12004)
4(5450 5451 12004 12003)
4(5452 5380 11933 12005)
4(5451 5452 12005 12004)
4(5453 5381 11934 12006)
4(5452 5453 12006 12005)
4(5454 5382 11935 12007)
4(5453 5454 12007 12006)
4(5455 5383 11936 12008)
4(5454 5455 12008 12007)
4(5456 5384 11937 12009)
4(5455 5456 12009 12008)
4(5457 5385 11938 12010)
4(5456 5457 12010 12009)
4(5458 5386 11939 12011)
4(5457 5458 12011 12010)
4(5459 5387 11940 12012)
4(5458 5459 12012 12011)
4(5460 5388 11941 12013)
4(5459 5460 12013 12012)
4(5461 5389 11942 12014)
4(5460 5461 12014 12013)
4(5462 5390 11943 12015)
4(5461 5462 12015 12014)
4(5463 5391 11944 12016)
4(5462 5463 12016 12015)
4(5464 5392 11945 12017)
4(5463 5464 12017 12016)
4(5468 5393 11946 12021)
4(5312 5311 11864 11865)
4(5287 5286 11839 11840)
4(5312 5287 11840 11865)
4(5266 5265 11818 11819)
4(5287 5266 11819 11840)
4(5241 5240 11793 11794)
4(5266 5241 11794 11819)
4(5210 5209 11762 11763)
4(5241 5210 11763 11794)
4(5183 5182 11735 11736)
4(5210 5183 11736 11763)
4(5151 5150 11703 11704)
4(5183 5151 11704 11736)
4(5119 5118 11671 11672)
4(5151 5119 11672 11704)
4(5092 5091 11644 11645)
4(5119 5092 11645 11672)
4(5060 5059 11612 11613)
4(5092 5060 11613 11645)
4(5033 5032 11585 11586)
4(5060 5033 11586 11613)
4(5011 5010 11563 11564)
4(5033 5011 11564 11586)
4(4982 4981 11534 11535)
4(5011 4982 11535 11564)
4(4952 4951 11504 11505)
4(4982 4952 11505 11535)
4(4930 4929 11482 11483)
4(4952 4930 11483 11505)
4(4902 4901 11454 11455)
4(4930 4902 11455 11483)
4(4872 4871 11424 11425)
4(4902 4872 11425 11455)
4(4850 4849 11402 11403)
4(4872 4850 11403 11425)
4(4820 4819 11372 11373)
4(4850 4820 11373 11403)
4(4790 4789 11342 11343)
4(4820 4790 11343 11373)
4(4770 4769 11322 11323)
4(4790 4770 11323 11343)
4(4740 4739 11292 11293)
4(4770 4740 11293 11323)
4(4711 4710 11263 11264)
4(4740 4711 11264 11293)
4(4689 4688 11241 11242)
4(4711 4689 11242 11264)
4(4659 4658 11211 11212)
4(4689 4659 11212 11242)
4(4630 4629 11182 11183)
4(4659 4630 11183 11212)
4(4603 4602 11155 11156)
4(4630 4603 11156 11183)
4(4569 4568 11121 11122)
4(4603 4569 11122 11156)
4(4540 4539 11092 11093)
4(4569 4540 11093 11122)
4(4521 4520 11073 11074)
4(4540 4521 11074 11093)
4(4497 4496 11049 11050)
4(4521 4497 11050 11074)
4(4396 4470 11023 10949)
4(4393 4469 11022 10946)
4(4392 4468 11021 10945)
4(4393 4392 10945 10946)
4(4391 4467 11020 10944)
4(4392 4391 10944 10945)
4(4390 4466 11019 10943)
4(4391 4390 10943 10944)
4(4389 4465 11018 10942)
4(4390 4389 10942 10943)
4(4388 4464 11017 10941)
4(4389 4388 10941 10942)
4(4387 4463 11016 10940)
4(4388 4387 10940 10941)
4(4386 4462 11015 10939)
4(4387 4386 10939 10940)
4(4385 4461 11014 10938)
4(4386 4385 10938 10939)
4(4384 4460 11013 10937)
4(4385 4384 10937 10938)
4(4383 4459 11012 10936)
4(4384 4383 10936 10937)
4(4382 4458 11011 10935)
4(4383 4382 10935 10936)
4(4381 4457 11010 10934)
4(4382 4381 10934 10935)
4(4380 4456 11009 10933)
4(4381 4380 10933 10934)
4(4379 4455 11008 10932)
4(4380 4379 10932 10933)
4(4378 4454 11007 10931)
4(4379 4378 10931 10932)
4(4377 4453 11006 10930)
4(4378 4377 10930 10931)
4(4376 4452 11005 10929)
4(4377 4376 10929 10930)
4(4375 4451 11004 10928)
4(4376 4375 10928 10929)
4(4374 4450 11003 10927)
4(4375 4374 10927 10928)
4(4373 4449 11002 10926)
4(4374 4373 10926 10927)
4(4372 4448 11001 10925)
4(4373 4372 10925 10926)
4(4371 4447 11000 10924)
4(4372 4371 10924 10925)
4(4370 4446 10999 10923)
4(4371 4370 10923 10924)
4(4369 4445 10998 10922)
4(4370 4369 10922 10923)
4(4368 4444 10997 10921)
4(4369 4368 10921 10922)
4(4367 4443 10996 10920)
4(4368 4367 10920 10921)
4(4366 4442 10995 10919)
4(4367 4366 10919 10920)
4(4365 4441 10994 10918)
4(4366 4365 10918 10919)
4(4364 4440 10993 10917)
4(4365 4364 10917 10918)
4(4363 4439 10992 10916)
4(4364 4363 10916 10917)
4(4362 4438 10991 10915)
4(4363 4362 10915 10916)
4(4361 4437 10990 10914)
4(4362 4361 10914 10915)
4(4360 4436 10989 10913)
4(4361 4360 10913 10914)
4(4359 4435 10988 10912)
4(4360 4359 10912 10913)
4(4358 4434 10987 10911)
4(4359 4358 10911 10912)
4(4357 4433 10986 10910)
4(4358 4357 10910 10911)
4(4356 4432 10985 10909)
4(4357 4356 10909 10910)
4(4355 4431 10984 10908)
4(4356 4355 10908 10909)
4(4354 4430 10983 10907)
4(4355 4354 10907 10908)
4(4353 4429 10982 10906)
4(4354 4353 10906 10907)
4(4352 4428 10981 10905)
4(4353 4352 10905 10906)
4(4351 4427 10980 10904)
4(4352 4351 10904 10905)
4(4350 4426 10979 10903)
4(4351 4350 10903 10904)
4(4349 4425 10978 10902)
4(4350 4349 10902 10903)
4(4348 4424 10977 10901)
4(4349 4348 10901 10902)
4(4347 4423 10976 10900)
4(4348 4347 10900 10901)
4(4346 4422 10975 10899)
4(4347 4346 10899 10900)
4(4345 4421 10974 10898)
4(4346 4345 10898 10899)
4(4344 4420 10973 10897)
4(4345 4344 10897 10898)
4(4343 4419 10972 10896)
4(4344 4343 10896 10897)
4(4342 4418 10971 10895)
4(4343 4342 10895 10896)
4(4341 4417 10970 10894)
4(4342 4341 10894 10895)
4(4340 4416 10969 10893)
4(4341 4340 10893 10894)
4(4339 4415 10968 10892)
4(4340 4339 10892 10893)
4(4338 4414 10967 10891)
4(4339 4338 10891 10892)
4(4337 4413 10966 10890)
4(4338 4337 10890 10891)
4(4336 4412 10965 10889)
4(4337 4336 10889 10890)
4(4335 4411 10964 10888)
4(4336 4335 10888 10889)
4(4334 4410 10963 10887)
4(4335 4334 10887 10888)
4(4333 4409 10962 10886)
4(4334 4333 10886 10887)
4(4332 4408 10961 10885)
4(4333 4332 10885 10886)
4(4094 4093 10646 10647)
4(3987 3986 10539 10540)
4(4094 3987 10540 10647)
4(3898 3897 10450 10451)
4(3987 3898 10451 10540)
4(3653 3652 10205 10206)
4(3898 3653 10206 10451)
4(3576 3575 10128 10129)
4(3653 3576 10129 10206)
4(3550 3549 10102 10103)
4(3576 3550 10103 10129)
4(3522 3521 10074 10075)
4(3550 3522 10075 10103)
4(3476 3475 10028 10029)
4(3522 3476 10029 10075)
4(3456 3455 10008 10009)
4(3476 3456 10009 10029)
4(3408 3407 9960 9961)
4(3456 3408 9961 10009)
4(3379 3378 9931 9932)
4(3408 3379 9932 9961)
4(3359 3358 9911 9912)
4(3379 3359 9912 9932)
4(3332 3331 9884 9885)
4(3359 3332 9885 9912)
4(3304 3303 9856 9857)
4(3332 3304 9857 9885)
4(3272 3271 9824 9825)
4(3304 3272 9825 9857)
4(3243 3242 9795 9796)
4(3272 3243 9796 9825)
4(3215 3214 9767 9768)
4(3243 3215 9768 9796)
4(3196 3195 9748 9749)
4(3215 3196 9749 9768)
4(3168 3167 9720 9721)
4(3196 3168 9721 9749)
4(3120 3119 9672 9673)
4(3168 3120 9673 9721)
4(3099 3098 9651 9652)
4(3120 3099 9652 9673)
4(3071 3070 9623 9624)
4(3099 3071 9624 9652)
4(3025 3024 9577 9578)
4(3071 3025 9578 9624)
4(3003 3002 9555 9556)
4(3025 3003 9556 9578)
4(2925 2924 9477 9478)
4(3003 2925 9478 9556)
4(2895 2894 9447 9448)
4(2925 2895 9448 9478)
4(2659 2658 9211 9212)
4(2895 2659 9212 9448)
4(2563 2562 9115 9116)
4(2659 2563 9116 9212)
4(2458 2457 9010 9011)
4(2563 2458 9011 9116)
4(2158 2085 8638 8711)
4(2159 2086 8639 8712)
4(2158 2159 8712 8711)
4(2160 2087 8640 8713)
4(2159 2160 8713 8712)
4(2161 2088 8641 8714)
4(2160 2161 8714 8713)
4(2162 2089 8642 8715)
4(2161 2162 8715 8714)
4(2163 2090 8643 8716)
4(2162 2163 8716 8715)
4(2164 2091 8644 8717)
4(2163 2164 8717 8716)
4(2165 2092 8645 8718)
4(2164 2165 8718 8717)
4(2166 2093 8646 8719)
4(2165 2166 8719 8718)
4(2167 2094 8647 8720)
4(2166 2167 8720 8719)
4(2168 2095 8648 8721)
4(2167 2168 8721 8720)
4(2169 2096 8649 8722)
4(2168 2169 8722 8721)
4(2170 2097 8650 8723)
4(2169 2170 8723 8722)
4(2171 2098 8651 8724)
4(2170 2171 8724 8723)
4(2172 2099 8652 8725)
4(2171 2172 8725 8724)
4(2173 2100 8653 8726)
4(2172 2173 8726 8725)
4(2174 2101 8654 8727)
4(2173 2174 8727 8726)
4(2175 2102 8655 8728)
4(2174 2175 8728 8727)
4(2176 2103 8656 8729)
4(2175 2176 8729 8728)
4(2177 2104 8657 8730)
4(2176 2177 8730 8729)
4(2178 2105 8658 8731)
4(2177 2178 8731 8730)
4(2179 2106 8659 8732)
4(2178 2179 8732 8731)
4(2180 2107 8660 8733)
4(2179 2180 8733 8732)
4(2181 2108 8661 8734)
4(2180 2181 8734 8733)
4(2182 2109 8662 8735)
4(2181 2182 8735 8734)
4(2183 2110 8663 8736)
4(2182 2183 8736 8735)
4(2184 2111 8664 8737)
4(2183 2184 8737 8736)
4(2185 2112 8665 8738)
4(2184 2185 8738 8737)
4(2186 2113 8666 8739)
4(2185 2186 8739 8738)
4(2187 2114 8667 8740)
4(2186 2187 8740 8739)
4(2188 2115 8668 8741)
4(2187 2188 8741 8740)
4(2189 2116 8669 8742)
4(2188 2189 8742 8741)
4(2190 2117 8670 8743)
4(2189 2190 8743 8742)
4(2191 2118 8671 8744)
4(2190 2191 8744 8743)
4(2192 2119 8672 8745)
4(2191 2192 8745 8744)
4(2193 2120 8673 8746)
4(2192 2193 8746 8745)
4(2194 2121 8674 8747)
4(2193 2194 8747 8746)
4(2195 2122 8675 8748)
4(2194 2195 8748 8747)
4(2196 2123 8676 8749)
4(2195 2196 8749 8748)
4(2197 2124 8677 8750)
4(2196 2197 8750 8749)
4(2198 2125 8678 8751)
4(2197 2198 8751 8750)
4(2199 2126 8679 8752)
4(2198 2199 8752 8751)
4(2200 2127 8680 8753)
4(2199 2200 8753 8752)
4(2201 2128 8681 8754)
4(2200 2201 8754 8753)
4(2202 2129 8682 8755)
4(2201 2202 8755 8754)
4(2203 2130 8683 8756)
4(2202 2203 8756 8755)
4(2204 2131 8684 8757)
4(2203 2204 8757 8756)
4(2205 2132 8685 8758)
4(2204 2205 8758 8757)
4(2206 2133 8686 8759)
4(2205 2206 8759 8758)
4(2207 2134 8687 8760)
4(2206 2207 8760 8759)
4(2208 2135 8688 8761)
4(2207 2208 8761 8760)
4(2209 2136 8689 8762)
4(2208 2209 8762 8761)
4(2210 2137 8690 8763)
4(2209 2210 8763 8762)
4(2211 2138 8691 8764)
4(2210 2211 8764 8763)
4(2212 2139 8692 8765)
4(2211 2212 8765 8764)
4(2213 2140 8693 8766)
4(2212 2213 8766 8765)
4(2214 2141 8694 8767)
4(2213 2214 8767 8766)
4(2215 2142 8695 8768)
4(2214 2215 8768 8767)
4(2216 2143 8696 8769)
4(2215 2216 8769 8768)
4(2217 2144 8697 8770)
4(2216 2217 8770 8769)
4(2218 2145 8698 8771)
4(2217 2218 8771 8770)
4(2219 2146 8699 8772)
4(2218 2219 8772 8771)
4(2222 2147 8700 8775)
4(2054 2053 8606 8607)
4(2038 2037 8590 8591)
4(2054 2038 8591 8607)
4(2010 2009 8562 8563)
4(2038 2010 8563 8591)
4(1977 1976 8529 8530)
4(2010 1977 8530 8563)
4(1951 1950 8503 8504)
4(1977 1951 8504 8530)
4(1915 1914 8467 8468)
4(1951 1915 8468 8504)
4(1888 1887 8440 8441)
4(1915 1888 8441 8468)
4(1866 1865 8418 8419)
4(1888 1866 8419 8441)
4(1837 1836 8389 8390)
4(1866 1837 8390 8419)
4(1807 1806 8359 8360)
4(1837 1807 8360 8390)
4(1785 1784 8337 8338)
4(1807 1785 8338 8360)
4(1757 1756 8309 8310)
4(1785 1757 8310 8338)
4(1727 1726 8279 8280)
4(1757 1727 8280 8310)
4(1705 1704 8257 8258)
4(1727 1705 8258 8280)
4(1675 1674 8227 8228)
4(1705 1675 8228 8258)
4(1645 1644 8197 8198)
4(1675 1645 8198 8228)
4(1625 1624 8177 8178)
4(1645 1625 8178 8198)
4(1595 1594 8147 8148)
4(1625 1595 8148 8178)
4(1566 1565 8118 8119)
4(1595 1566 8119 8148)
4(1544 1543 8096 8097)
4(1566 1544 8097 8119)
4(1514 1513 8066 8067)
4(1544 1514 8067 8097)
4(1487 1486 8039 8040)
4(1514 1487 8040 8067)
4(1465 1464 8017 8018)
4(1487 1465 8018 8040)
4(1431 1430 7983 7984)
4(1465 1431 7984 8018)
4(1396 1395 7948 7949)
4(1431 1396 7949 7984)
4(1369 1368 7921 7922)
4(1396 1369 7922 7949)
4(1337 1336 7889 7890)
4(1369 1337 7890 7922)
4(1308 1307 7860 7861)
4(1337 1308 7861 7890)
4(1287 1286 7839 7840)
4(1308 1287 7840 7861)
4(1264 1263 7816 7817)
4(1287 1264 7817 7840)
4(1239 1238 7791 7792)
4(1264 1239 7792 7817)
4(1154 1223 7776 7707)
4(1150 1222 7775 7703)
4(1149 1221 7774 7702)
4(1150 1149 7702 7703)
4(1148 1220 7773 7701)
4(1149 1148 7701 7702)
4(1147 1219 7772 7700)
4(1148 1147 7700 7701)
4(1146 1218 7771 7699)
4(1147 1146 7699 7700)
4(1145 1217 7770 7698)
4(1146 1145 7698 7699)
4(1144 1216 7769 7697)
4(1145 1144 7697 7698)
4(1143 1215 7768 7696)
4(1144 1143 7696 7697)
4(1142 1214 7767 7695)
4(1143 1142 7695 7696)
4(1141 1213 7766 7694)
4(1142 1141 7694 7695)
4(1140 1212 7765 7693)
4(1141 1140 7693 7694)
4(1139 1211 7764 7692)
4(1140 1139 7692 7693)
4(1138 1210 7763 7691)
4(1139 1138 7691 7692)
4(1137 1209 7762 7690)
4(1138 1137 7690 7691)
4(1136 1208 7761 7689)
4(1137 1136 7689 7690)
4(1135 1207 7760 7688)
4(1136 1135 7688 7689)
4(1134 1206 7759 7687)
4(1135 1134 7687 7688)
4(1133 1205 7758 7686)
4(1134 1133 7686 7687)
4(1132 1204 7757 7685)
4(1133 1132 7685 7686)
4(1131 1203 7756 7684)
4(1132 1131 7684 7685)
4(1130 1202 7755 7683)
4(1131 1130 7683 7684)
4(1129 1201 7754 7682)
4(1130 1129 7682 7683)
4(1128 1200 7753 7681)
4(1129 1128 7681 7682)
4(1127 1199 7752 7680)
4(1128 1127 7680 7681)
4(1126 1198 7751 7679)
4(1127 1126 7679 7680)
4(1125 1197 7750 7678)
4(1126 1125 7678 7679)
4(1124 1196 7749 7677)
4(1125 1124 7677 7678)
4(1123 1195 7748 7676)
4(1124 1123 7676 7677)
4(1122 1194 7747 7675)
4(1123 1122 7675 7676)
4(1121 1193 7746 7674)
4(1122 1121 7674 7675)
4(1120 1192 7745 7673)
4(1121 1120 7673 7674)
4(1119 1191 7744 7672)
4(1120 1119 7672 7673)
4(1118 1190 7743 7671)
4(1119 1118 7671 7672)
4(1117 1189 7742 7670)
4(1118 1117 7670 7671)
4(1116 1188 7741 7669)
4(1117 1116 7669 7670)
4(1115 1187 7740 7668)
4(1116 1115 7668 7669)
4(1114 1186 7739 7667)
4(1115 1114 7667 7668)
4(1113 1185 7738 7666)
4(1114 1113 7666 7667)
4(1112 1184 7737 7665)
4(1113 1112 7665 7666)
4(1111 1183 7736 7664)
4(1112 1111 7664 7665)
4(1110 1182 7735 7663)
4(1111 1110 7663 7664)
4(1109 1181 7734 7662)
4(1110 1109 7662 7663)
4(1108 1180 7733 7661)
4(1109 1108 7661 7662)
4(1107 1179 7732 7660)
4(1108 1107 7660 7661)
4(1106 1178 7731 7659)
4(1107 1106 7659 7660)
4(1105 1177 7730 7658)
4(1106 1105 7658 7659)
4(1104 1176 7729 7657)
4(1105 1104 7657 7658)
4(1103 1175 7728 7656)
4(1104 1103 7656 7657)
4(1102 1174 7727 7655)
4(1103 1102 7655 7656)
4(1101 1173 7726 7654)
4(1102 1101 7654 7655)
4(1100 1172 7725 7653)
4(1101 1100 7653 7654)
4(1099 1171 7724 7652)
4(1100 1099 7652 7653)
4(1098 1170 7723 7651)
4(1099 1098 7651 7652)
4(1097 1169 7722 7650)
4(1098 1097 7650 7651)
4(1096 1168 7721 7649)
4(1097 1096 7649 7650)
4(1095 1167 7720 7648)
4(1096 1095 7648 7649)
4(1094 1166 7719 7647)
4(1095 1094 7647 7648)
4(1093 1165 7718 7646)
4(1094 1093 7646 7647)
4(1092 1164 7717 7645)
4(1093 1092 7645 7646)
4(1091 1163 7716 7644)
4(1092 1091 7644 7645)
4(1090 1162 7715 7643)
4(1091 1090 7643 7644)
4(1089 1161 7714 7642)
4(1090 1089 7642 7643)
4(1088 1160 7713 7641)
4(1089 1088 7641 7642)
4(1283 1284 7837 7836)
4(1326 1327 7880 7879)
4(1283 1326 7879 7836)
4(1365 1366 7919 7918)
4(1326 1365 7918 7879)
4(1416 1417 7970 7969)
4(1365 1416 7969 7918)
4(1461 1462 8015 8014)
4(1416 1461 8014 7969)
4(1504 1505 8058 8057)
4(1461 1504 8057 8014)
4(1540 1541 8094 8093)
4(1504 1540 8093 8057)
4(1585 1586 8139 8138)
4(1540 1585 8138 8093)
4(1621 1622 8175 8174)
4(1585 1621 8174 8138)
4(1663 1664 8217 8216)
4(1621 1663 8216 8174)
4(1701 1702 8255 8254)
4(1663 1701 8254 8216)
4(1747 1748 8301 8300)
4(1701 1747 8300 8254)
4(1781 1782 8335 8334)
4(1747 1781 8334 8300)
4(1825 1826 8379 8378)
4(1781 1825 8378 8334)
4(1862 1863 8416 8415)
4(1825 1862 8415 8378)
4(1905 1906 8459 8458)
4(1862 1905 8458 8415)
4(1947 1948 8501 8500)
4(1905 1947 8500 8458)
4(1999 2000 8553 8552)
4(1947 1999 8552 8500)
4(2034 2035 8588 8587)
4(1999 2034 8587 8552)
4(2069 2070 8623 8622)
4(2034 2069 8622 8587)
4(2300 2301 8854 8853)
4(2069 2300 8853 8622)
4(2486 2487 9040 9039)
4(2300 2486 9039 8853)
4(2655 2656 9209 9208)
4(2486 2655 9208 9039)
4(2912 2913 9466 9465)
4(2655 2912 9465 9208)
4(2999 3000 9553 9552)
4(2912 2999 9552 9465)
4(3042 3043 9596 9595)
4(2999 3042 9595 9552)
4(3095 3096 9649 9648)
4(3042 3095 9648 9595)
4(3159 3160 9713 9712)
4(3095 3159 9712 9648)
4(3192 3193 9746 9745)
4(3159 3192 9745 9712)
4(3232 3233 9786 9785)
4(3192 3232 9785 9745)
4(3268 3269 9822 9821)
4(3232 3268 9821 9785)
4(3323 3324 9877 9876)
4(3268 3323 9876 9821)
4(3355 3356 9909 9908)
4(3323 3355 9908 9876)
4(3396 3397 9950 9949)
4(3355 3396 9949 9908)
4(3452 3453 10006 10005)
4(3396 3452 10005 9949)
4(3493 3494 10047 10046)
4(3452 3493 10046 10005)
4(3546 3547 10100 10099)
4(3493 3546 10099 10046)
4(3643 3644 10197 10196)
4(3546 3643 10196 10099)
4(3894 3895 10448 10447)
4(3643 3894 10447 10196)
4(4069 4070 10623 10622)
4(3894 4069 10622 10447)
4(4243 4244 10797 10796)
4(4069 4243 10796 10622)
4(4486 4487 11040 11039)
4(4243 4486 11039 10796)
4(4517 4518 11071 11070)
4(4486 4517 11070 11039)
4(4556 4557 11110 11109)
4(4517 4556 11109 11070)
4(4599 4600 11153 11152)
4(4556 4599 11152 11109)
4(4649 4650 11203 11202)
4(4599 4649 11202 11152)
4(4685 4686 11239 11238)
4(4649 4685 11238 11202)
4(4730 4731 11284 11283)
4(4685 4730 11283 11238)
4(4766 4767 11320 11319)
4(4730 4766 11319 11283)
4(4808 4809 11362 11361)
4(4766 4808 11361 11319)
4(4846 4847 11400 11399)
4(4808 4846 11399 11361)
4(4892 4893 11446 11445)
4(4846 4892 11445 11399)
4(4926 4927 11480 11479)
4(4892 4926 11479 11445)
4(4970 4971 11524 11523)
4(4926 4970 11523 11479)
4(5007 5008 11561 11560)
4(4970 5007 11560 11523)
4(5050 5051 11604 11603)
4(5007 5050 11603 11560)
4(5088 5089 11642 11641)
4(5050 5088 11641 11603)
4(5139 5140 11693 11692)
4(5088 5139 11692 11641)
4(5179 5180 11733 11732)
4(5139 5179 11732 11692)
4(5226 5227 11780 11779)
4(5179 5226 11779 11732)
4(5262 5263 11816 11815)
4(5226 5262 11815 11779)
4(5484 5403 11956 12037)
4(5485 5404 11957 12038)
4(5484 5485 12038 12037)
4(5486 5405 11958 12039)
4(5485 5486 12039 12038)
4(5487 5406 11959 12040)
4(5486 5487 12040 12039)
4(5488 5407 11960 12041)
4(5487 5488 12041 12040)
4(5489 5408 11961 12042)
4(5488 5489 12042 12041)
4(5490 5409 11962 12043)
4(5489 5490 12043 12042)
4(5491 5410 11963 12044)
4(5490 5491 12044 12043)
4(5492 5411 11964 12045)
4(5491 5492 12045 12044)
4(5493 5412 11965 12046)
4(5492 5493 12046 12045)
4(5494 5413 11966 12047)
4(5493 5494 12047 12046)
4(5495 5414 11967 12048)
4(5494 5495 12048 12047)
4(5496 5415 11968 12049)
4(5495 5496 12049 12048)
4(5497 5416 11969 12050)
4(5496 5497 12050 12049)
4(5498 5417 11970 12051)
4(5497 5498 12051 12050)
4(5499 5418 11971 12052)
4(5498 5499 12052 12051)
4(5500 5419 11972 12053)
4(5499 5500 12053 12052)
4(5501 5420 11973 12054)
4(5500 5501 12054 12053)
4(5502 5421 11974 12055)
4(5501 5502 12055 12054)
4(5503 5422 11975 12056)
4(5502 5503 12056 12055)
4(5504 5423 11976 12057)
4(5503 5504 12057 12056)
4(5505 5424 11977 12058)
4(5504 5505 12058 12057)
4(5506 5425 11978 12059)
4(5505 5506 12059 12058)
4(5507 5426 11979 12060)
4(5506 5507 12060 12059)
4(5508 5427 11980 12061)
4(5507 5508 12061 12060)
4(5509 5428 11981 12062)
4(5508 5509 12062 12061)
4(5510 5429 11982 12063)
4(5509 5510 12063 12062)
4(5511 5430 11983 12064)
4(5510 5511 12064 12063)
4(5512 5431 11984 12065)
4(5511 5512 12065 12064)
4(5513 5432 11985 12066)
4(5512 5513 12066 12065)
4(5514 5433 11986 12067)
4(5513 5514 12067 12066)
4(5515 5434 11987 12068)
4(5514 5515 12068 12067)
4(5516 5435 11988 12069)
4(5515 5516 12069 12068)
4(5517 5436 11989 12070)
4(5516 5517 12070 12069)
4(5518 5437 11990 12071)
4(5517 5518 12071 12070)
4(5519 5438 11991 12072)
4(5518 5519 12072 12071)
4(5520 5439 11992 12073)
4(5519 5520 12073 12072)
4(5521 5440 11993 12074)
4(5520 5521 12074 12073)
4(5522 5441 11994 12075)
4(5521 5522 12075 12074)
4(5523 5442 11995 12076)
4(5522 5523 12076 12075)
4(5524 5443 11996 12077)
4(5523 5524 12077 12076)
4(5525 5444 11997 12078)
4(5524 5525 12078 12077)
4(5526 5445 11998 12079)
4(5525 5526 12079 12078)
4(5527 5446 11999 12080)
4(5526 5527 12080 12079)
4(5528 5447 12000 12081)
4(5527 5528 12081 12080)
4(5529 5448 12001 12082)
4(5528 5529 12082 12081)
4(5530 5449 12002 12083)
4(5529 5530 12083 12082)
4(5531 5450 12003 12084)
4(5530 5531 12084 12083)
4(5532 5451 12004 12085)
4(5531 5532 12085 12084)
4(5533 5452 12005 12086)
4(5532 5533 12086 12085)
4(5534 5453 12006 12087)
4(5533 5534 12087 12086)
4(5535 5454 12007 12088)
4(5534 5535 12088 12087)
4(5536 5455 12008 12089)
4(5535 5536 12089 12088)
4(5537 5456 12009 12090)
4(5536 5537 12090 12089)
4(5538 5457 12010 12091)
4(5537 5538 12091 12090)
4(5539 5458 12011 12092)
4(5538 5539 12092 12091)
4(5540 5459 12012 12093)
4(5539 5540 12093 12092)
4(5541 5460 12013 12094)
4(5540 5541 12094 12093)
4(5542 5461 12014 12095)
4(5541 5542 12095 12094)
4(5543 5462 12015 12096)
4(5542 5543 12096 12095)
4(5544 5463 12016 12097)
4(5543 5544 12097 12096)
4(5288 5287 11840 11841)
4(5267 5266 11819 11820)
4(5288 5267 11820 11841)
4(5242 5241 11794 11795)
4(5267 5242 11795 11820)
4(5211 5210 11763 11764)
4(5242 5211 11764 11795)
4(5184 5183 11736 11737)
4(5211 5184 11737 11764)
4(5152 5151 11704 11705)
4(5184 5152 11705 11737)
4(5120 5119 11672 11673)
4(5152 5120 11673 11705)
4(5093 5092 11645 11646)
4(5120 5093 11646 11673)
4(5061 5060 11613 11614)
4(5093 5061 11614 11646)
4(5034 5033 11586 11587)
4(5061 5034 11587 11614)
4(5012 5011 11564 11565)
4(5034 5012 11565 11587)
4(4983 4982 11535 11536)
4(5012 4983 11536 11565)
4(4953 4952 11505 11506)
4(4983 4953 11506 11536)
4(4931 4930 11483 11484)
4(4953 4931 11484 11506)
4(4903 4902 11455 11456)
4(4931 4903 11456 11484)
4(4873 4872 11425 11426)
4(4903 4873 11426 11456)
4(4851 4850 11403 11404)
4(4873 4851 11404 11426)
4(4821 4820 11373 11374)
4(4851 4821 11374 11404)
4(4791 4790 11343 11344)
4(4821 4791 11344 11374)
4(4771 4770 11323 11324)
4(4791 4771 11324 11344)
4(4741 4740 11293 11294)
4(4771 4741 11294 11324)
4(4712 4711 11264 11265)
4(4741 4712 11265 11294)
4(4690 4689 11242 11243)
4(4712 4690 11243 11265)
4(4660 4659 11212 11213)
4(4690 4660 11213 11243)
4(4631 4630 11183 11184)
4(4660 4631 11184 11213)
4(4604 4603 11156 11157)
4(4631 4604 11157 11184)
4(4570 4569 11122 11123)
4(4604 4570 11123 11157)
4(4541 4540 11093 11094)
4(4570 4541 11094 11123)
4(4522 4521 11074 11075)
4(4541 4522 11075 11094)
4(4326 4392 10945 10879)
4(4325 4391 10944 10878)
4(4326 4325 10878 10879)
4(4324 4390 10943 10877)
4(4325 4324 10877 10878)
4(4323 4389 10942 10876)
4(4324 4323 10876 10877)
4(4322 4388 10941 10875)
4(4323 4322 10875 10876)
4(4321 4387 10940 10874)
4(4322 4321 10874 10875)
4(4320 4386 10939 10873)
4(4321 4320 10873 10874)
4(4319 4385 10938 10872)
4(4320 4319 10872 10873)
4(4318 4384 10937 10871)
4(4319 4318 10871 10872)
4(4317 4383 10936 10870)
4(4318 4317 10870 10871)
4(4316 4382 10935 10869)
4(4317 4316 10869 10870)
4(4315 4381 10934 10868)
4(4316 4315 10868 10869)
4(4314 4380 10933 10867)
4(4315 4314 10867 10868)
4(4313 4379 10932 10866)
4(4314 4313 10866 10867)
4(4312 4378 10931 10865)
4(4313 4312 10865 10866)
4(4311 4377 10930 10864)
4(4312 4311 10864 10865)
4(4310 4376 10929 10863)
4(4311 4310 10863 10864)
4(4309 4375 10928 10862)
4(4310 4309 10862 10863)
4(4308 4374 10927 10861)
4(4309 4308 10861 10862)
4(4307 4373 10926 10860)
4(4308 4307 10860 10861)
4(4306 4372 10925 10859)
4(4307 4306 10859 10860)
4(4305 4371 10924 10858)
4(4306 4305 10858 10859)
4(4304 4370 10923 10857)
4(4305 4304 10857 10858)
4(4303 4369 10922 10856)
4(4304 4303 10856 10857)
4(4302 4368 10921 10855)
4(4303 4302 10855 10856)
4(4301 4367 10920 10854)
4(4302 4301 10854 10855)
4(4300 4366 10919 10853)
4(4301 4300 10853 10854)
4(4299 4365 10918 10852)
4(4300 4299 10852 10853)
4(4298 4364 10917 10851)
4(4299 4298 10851 10852)
4(4297 4363 10916 10850)
4(4298 4297 10850 10851)
4(4296 4362 10915 10849)
4(4297 4296 10849 10850)
4(4295 4361 10914 10848)
4(4296 4295 10848 10849)
4(4294 4360 10913 10847)
4(4295 4294 10847 10848)
4(4293 4359 10912 10846)
4(4294 4293 10846 10847)
4(4292 4358 10911 10845)
4(4293 4292 10845 10846)
4(4291 4357 10910 10844)
4(4292 4291 10844 10845)
4(4290 4356 10909 10843)
4(4291 4290 10843 10844)
4(4289 4355 10908 10842)
4(4290 4289 10842 10843)
4(4288 4354 10907 10841)
4(4289 4288 10841 10842)
4(4287 4353 10906 10840)
4(4288 4287 10840 10841)
4(4286 4352 10905 10839)
4(4287 4286 10839 10840)
4(4285 4351 10904 10838)
4(4286 4285 10838 10839)
4(4284 4350 10903 10837)
4(4285 4284 10837 10838)
4(4283 4349 10902 10836)
4(4284 4283 10836 10837)
4(4282 4348 10901 10835)
4(4283 4282 10835 10836)
4(4281 4347 10900 10834)
4(4282 4281 10834 10835)
4(4280 4346 10899 10833)
4(4281 4280 10833 10834)
4(4279 4345 10898 10832)
4(4280 4279 10832 10833)
4(4278 4344 10897 10831)
4(4279 4278 10831 10832)
4(4277 4343 10896 10830)
4(4278 4277 10830 10831)
4(4276 4342 10895 10829)
4(4277 4276 10829 10830)
4(4275 4341 10894 10828)
4(4276 4275 10828 10829)
4(4274 4340 10893 10827)
4(4275 4274 10827 10828)
4(4273 4339 10892 10826)
4(4274 4273 10826 10827)
4(4272 4338 10891 10825)
4(4273 4272 10825 10826)
4(4271 4337 10890 10824)
4(4272 4271 10824 10825)
4(4270 4336 10889 10823)
4(4271 4270 10823 10824)
4(4269 4335 10888 10822)
4(4270 4269 10822 10823)
4(4268 4334 10887 10821)
4(4269 4268 10821 10822)
4(4267 4333 10886 10820)
4(4268 4267 10820 10821)
4(3988 3987 10540 10541)
4(3899 3898 10451 10452)
4(3988 3899 10452 10541)
4(3654 3653 10206 10207)
4(3899 3654 10207 10452)
4(3577 3576 10129 10130)
4(3654 3577 10130 10207)
4(3551 3550 10103 10104)
4(3577 3551 10104 10130)
4(3523 3522 10075 10076)
4(3551 3523 10076 10104)
4(3477 3476 10029 10030)
4(3523 3477 10030 10076)
4(3457 3456 10009 10010)
4(3477 3457 10010 10030)
4(3409 3408 9961 9962)
4(3457 3409 9962 10010)
4(3380 3379 9932 9933)
4(3409 3380 9933 9962)
4(3360 3359 9912 9913)
4(3380 3360 9913 9933)
4(3333 3332 9885 9886)
4(3360 3333 9886 9913)
4(3305 3304 9857 9858)
4(3333 3305 9858 9886)
4(3273 3272 9825 9826)
4(3305 3273 9826 9858)
4(3244 3243 9796 9797)
4(3273 3244 9797 9826)
4(3216 3215 9768 9769)
4(3244 3216 9769 9797)
4(3197 3196 9749 9750)
4(3216 3197 9750 9769)
4(3169 3168 9721 9722)
4(3197 3169 9722 9750)
4(3121 3120 9673 9674)
4(3169 3121 9674 9722)
4(3100 3099 9652 9653)
4(3121 3100 9653 9674)
4(3072 3071 9624 9625)
4(3100 3072 9625 9653)
4(3026 3025 9578 9579)
4(3072 3026 9579 9625)
4(3004 3003 9556 9557)
4(3026 3004 9557 9579)
4(2926 2925 9478 9479)
4(3004 2926 9479 9557)
4(2896 2895 9448 9449)
4(2926 2896 9449 9479)
4(2660 2659 9212 9213)
4(2896 2660 9213 9449)
4(2564 2563 9116 9117)
4(2660 2564 9117 9213)
4(2225 2159 8712 8778)
4(2226 2160 8713 8779)
4(2225 2226 8779 8778)
4(2227 2161 8714 8780)
4(2226 2227 8780 8779)
4(2228 2162 8715 8781)
4(2227 2228 8781 8780)
4(2229 2163 8716 8782)
4(2228 2229 8782 8781)
4(2230 2164 8717 8783)
4(2229 2230 8783 8782)
4(2231 2165 8718 8784)
4(2230 2231 8784 8783)
4(2232 2166 8719 8785)
4(2231 2232 8785 8784)
4(2233 2167 8720 8786)
4(2232 2233 8786 8785)
4(2234 2168 8721 8787)
4(2233 2234 8787 8786)
4(2235 2169 8722 8788)
4(2234 2235 8788 8787)
4(2236 2170 8723 8789)
4(2235 2236 8789 8788)
4(2237 2171 8724 8790)
4(2236 2237 8790 8789)
4(2238 2172 8725 8791)
4(2237 2238 8791 8790)
4(2239 2173 8726 8792)
4(2238 2239 8792 8791)
4(2240 2174 8727 8793)
4(2239 2240 8793 8792)
4(2241 2175 8728 8794)
4(2240 2241 8794 8793)
4(2242 2176 8729 8795)
4(2241 2242 8795 8794)
4(2243 2177 8730 8796)
4(2242 2243 8796 8795)
4(2244 2178 8731 8797)
4(2243 2244 8797 8796)
4(2245 2179 8732 8798)
4(2244 2245 8798 8797)
4(2246 2180 8733 8799)
4(2245 2246 8799 8798)
4(2247 2181 8734 8800)
4(2246 2247 8800 8799)
4(2248 2182 8735 8801)
4(2247 2248 8801 8800)
4(2249 2183 8736 8802)
4(2248 2249 8802 8801)
4(2250 2184 8737 8803)
4(2249 2250 8803 8802)
4(2251 2185 8738 8804)
4(2250 2251 8804 8803)
4(2252 2186 8739 8805)
4(2251 2252 8805 8804)
4(2253 2187 8740 8806)
4(2252 2253 8806 8805)
4(2254 2188 8741 8807)
4(2253 2254 8807 8806)
4(2255 2189 8742 8808)
4(2254 2255 8808 8807)
4(2256 2190 8743 8809)
4(2255 2256 8809 8808)
4(2257 2191 8744 8810)
4(2256 2257 8810 8809)
4(2258 2192 8745 8811)
4(2257 2258 8811 8810)
4(2259 2193 8746 8812)
4(2258 2259 8812 8811)
4(2260 2194 8747 8813)
4(2259 2260 8813 8812)
4(2261 2195 8748 8814)
4(2260 2261 8814 8813)
4(2262 2196 8749 8815)
4(2261 2262 8815 8814)
4(2263 2197 8750 8816)
4(2262 2263 8816 8815)
4(2264 2198 8751 8817)
4(2263 2264 8817 8816)
4(2265 2199 8752 8818)
4(2264 2265 8818 8817)
4(2266 2200 8753 8819)
4(2265 2266 8819 8818)
4(2267 2201 8754 8820)
4(2266 2267 8820 8819)
4(2268 2202 8755 8821)
4(2267 2268 8821 8820)
4(2269 2203 8756 8822)
4(2268 2269 8822 8821)
4(2270 2204 8757 8823)
4(2269 2270 8823 8822)
4(2271 2205 8758 8824)
4(2270 2271 8824 8823)
4(2272 2206 8759 8825)
4(2271 2272 8825 8824)
4(2273 2207 8760 8826)
4(2272 2273 8826 8825)
4(2274 2208 8761 8827)
4(2273 2274 8827 8826)
4(2275 2209 8762 8828)
4(2274 2275 8828 8827)
4(2276 2210 8763 8829)
4(2275 2276 8829 8828)
4(2277 2211 8764 8830)
4(2276 2277 8830 8829)
4(2278 2212 8765 8831)
4(2277 2278 8831 8830)
4(2279 2213 8766 8832)
4(2278 2279 8832 8831)
4(2280 2214 8767 8833)
4(2279 2280 8833 8832)
4(2281 2215 8768 8834)
4(2280 2281 8834 8833)
4(2282 2216 8769 8835)
4(2281 2282 8835 8834)
4(2283 2217 8770 8836)
4(2282 2283 8836 8835)
4(2284 2218 8771 8837)
4(2283 2284 8837 8836)
4(2039 2038 8591 8592)
4(2011 2010 8563 8564)
4(2039 2011 8564 8592)
4(1978 1977 8530 8531)
4(2011 1978 8531 8564)
4(1952 1951 8504 8505)
4(1978 1952 8505 8531)
4(1916 1915 8468 8469)
4(1952 1916 8469 8505)
4(1889 1888 8441 8442)
4(1916 1889 8442 8469)
4(1867 1866 8419 8420)
4(1889 1867 8420 8442)
4(1838 1837 8390 8391)
4(1867 1838 8391 8420)
4(1808 1807 8360 8361)
4(1838 1808 8361 8391)
4(1786 1785 8338 8339)
4(1808 1786 8339 8361)
4(1758 1757 8310 8311)
4(1786 1758 8311 8339)
4(1728 1727 8280 8281)
4(1758 1728 8281 8311)
4(1706 1705 8258 8259)
4(1728 1706 8259 8281)
4(1676 1675 8228 8229)
4(1706 1676 8229 8259)
4(1646 1645 8198 8199)
4(1676 1646 8199 8229)
4(1626 1625 8178 8179)
4(1646 1626 8179 8199)
4(1596 1595 8148 8149)
4(1626 1596 8149 8179)
4(1567 1566 8119 8120)
4(1596 1567 8120 8149)
4(1545 1544 8097 8098)
4(1567 1545 8098 8120)
4(1515 1514 8067 8068)
4(1545 1515 8068 8098)
4(1488 1487 8040 8041)
4(1515 1488 8041 8068)
4(1466 1465 8018 8019)
4(1488 1466 8019 8041)
4(1432 1431 7984 7985)
4(1466 1432 7985 8019)
4(1397 1396 7949 7950)
4(1432 1397 7950 7985)
4(1370 1369 7922 7923)
4(1397 1370 7923 7950)
4(1338 1337 7890 7891)
4(1370 1338 7891 7923)
4(1309 1308 7861 7862)
4(1338 1309 7862 7891)
4(1288 1287 7840 7841)
4(1309 1288 7841 7862)
4(1265 1264 7817 7818)
4(1288 1265 7818 7841)
4(1068 1149 7702 7621)
4(1067 1148 7701 7620)
4(1068 1067 7620 7621)
4(1066 1147 7700 7619)
4(1067 1066 7619 7620)
4(1065 1146 7699 7618)
4(1066 1065 7618 7619)
4(1064 1145 7698 7617)
4(1065 1064 7617 7618)
4(1063 1144 7697 7616)
4(1064 1063 7616 7617)
4(1062 1143 7696 7615)
4(1063 1062 7615 7616)
4(1061 1142 7695 7614)
4(1062 1061 7614 7615)
4(1060 1141 7694 7613)
4(1061 1060 7613 7614)
4(1059 1140 7693 7612)
4(1060 1059 7612 7613)
4(1058 1139 7692 7611)
4(1059 1058 7611 7612)
4(1057 1138 7691 7610)
4(1058 1057 7610 7611)
4(1056 1137 7690 7609)
4(1057 1056 7609 7610)
4(1055 1136 7689 7608)
4(1056 1055 7608 7609)
4(1054 1135 7688 7607)
4(1055 1054 7607 7608)
4(1053 1134 7687 7606)
4(1054 1053 7606 7607)
4(1052 1133 7686 7605)
4(1053 1052 7605 7606)
4(1051 1132 7685 7604)
4(1052 1051 7604 7605)
4(1050 1131 7684 7603)
4(1051 1050 7603 7604)
4(1049 1130 7683 7602)
4(1050 1049 7602 7603)
4(1048 1129 7682 7601)
4(1049 1048 7601 7602)
4(1047 1128 7681 7600)
4(1048 1047 7600 7601)
4(1046 1127 7680 7599)
4(1047 1046 7599 7600)
4(1045 1126 7679 7598)
4(1046 1045 7598 7599)
4(1044 1125 7678 7597)
4(1045 1044 7597 7598)
4(1043 1124 7677 7596)
4(1044 1043 7596 7597)
4(1042 1123 7676 7595)
4(1043 1042 7595 7596)
4(1041 1122 7675 7594)
4(1042 1041 7594 7595)
4(1040 1121 7674 7593)
4(1041 1040 7593 7594)
4(1039 1120 7673 7592)
4(1040 1039 7592 7593)
4(1038 1119 7672 7591)
4(1039 1038 7591 7592)
4(1037 1118 7671 7590)
4(1038 1037 7590 7591)
4(1036 1117 7670 7589)
4(1037 1036 7589 7590)
4(1035 1116 7669 7588)
4(1036 1035 7588 7589)
4(1034 1115 7668 7587)
4(1035 1034 7587 7588)
4(1033 1114 7667 7586)
4(1034 1033 7586 7587)
4(1032 1113 7666 7585)
4(1033 1032 7585 7586)
4(1031 1112 7665 7584)
4(1032 1031 7584 7585)
4(1030 1111 7664 7583)
4(1031 1030 7583 7584)
4(1029 1110 7663 7582)
4(1030 1029 7582 7583)
4(1028 1109 7662 7581)
4(1029 1028 7581 7582)
4(1027 1108 7661 7580)
4(1028 1027 7580 7581)
4(1026 1107 7660 7579)
4(1027 1026 7579 7580)
4(1025 1106 7659 7578)
4(1026 1025 7578 7579)
4(1024 1105 7658 7577)
4(1025 1024 7577 7578)
4(1023 1104 7657 7576)
4(1024 1023 7576 7577)
4(1022 1103 7656 7575)
4(1023 1022 7575 7576)
4(1021 1102 7655 7574)
4(1022 1021 7574 7575)
4(1020 1101 7654 7573)
4(1021 1020 7573 7574)
4(1019 1100 7653 7572)
4(1020 1019 7572 7573)
4(1018 1099 7652 7571)
4(1019 1018 7571 7572)
4(1017 1098 7651 7570)
4(1018 1017 7570 7571)
4(1016 1097 7650 7569)
4(1017 1016 7569 7570)
4(1015 1096 7649 7568)
4(1016 1015 7568 7569)
4(1014 1095 7648 7567)
4(1015 1014 7567 7568)
4(1013 1094 7647 7566)
4(1014 1013 7566 7567)
4(1012 1093 7646 7565)
4(1013 1012 7565 7566)
4(1011 1092 7645 7564)
4(1012 1011 7564 7565)
4(1010 1091 7644 7563)
4(1011 1010 7563 7564)
4(1009 1090 7643 7562)
4(1010 1009 7562 7563)
4(1008 1089 7642 7561)
4(1009 1008 7561 7562)
4(1325 1326 7879 7878)
4(1364 1365 7918 7917)
4(1325 1364 7917 7878)
4(1415 1416 7969 7968)
4(1364 1415 7968 7917)
4(1460 1461 8014 8013)
4(1415 1460 8013 7968)
4(1503 1504 8057 8056)
4(1460 1503 8056 8013)
4(1539 1540 8093 8092)
4(1503 1539 8092 8056)
4(1584 1585 8138 8137)
4(1539 1584 8137 8092)
4(1620 1621 8174 8173)
4(1584 1620 8173 8137)
4(1662 1663 8216 8215)
4(1620 1662 8215 8173)
4(1700 1701 8254 8253)
4(1662 1700 8253 8215)
4(1746 1747 8300 8299)
4(1700 1746 8299 8253)
4(1780 1781 8334 8333)
4(1746 1780 8333 8299)
4(1824 1825 8378 8377)
4(1780 1824 8377 8333)
4(1861 1862 8415 8414)
4(1824 1861 8414 8377)
4(1904 1905 8458 8457)
4(1861 1904 8457 8414)
4(1946 1947 8500 8499)
4(1904 1946 8499 8457)
4(1998 1999 8552 8551)
4(1946 1998 8551 8499)
4(2033 2034 8587 8586)
4(1998 2033 8586 8551)
4(2068 2069 8622 8621)
4(2033 2068 8621 8586)
4(2299 2300 8853 8852)
4(2068 2299 8852 8621)
4(2485 2486 9039 9038)
4(2299 2485 9038 8852)
4(2654 2655 9208 9207)
4(2485 2654 9207 9038)
4(2911 2912 9465 9464)
4(2654 2911 9464 9207)
4(2998 2999 9552 9551)
4(2911 2998 9551 9464)
4(3041 3042 9595 9594)
4(2998 3041 9594 9551)
4(3094 3095 9648 9647)
4(3041 3094 9647 9594)
4(3158 3159 9712 9711)
4(3094 3158 9711 9647)
4(3191 3192 9745 9744)
4(3158 3191 9744 9711)
4(3231 3232 9785 9784)
4(3191 3231 9784 9744)
4(3267 3268 9821 9820)
4(3231 3267 9820 9784)
4(3322 3323 9876 9875)
4(3267 3322 9875 9820)
4(3354 3355 9908 9907)
4(3322 3354 9907 9875)
4(3395 3396 9949 9948)
4(3354 3395 9948 9907)
4(3451 3452 10005 10004)
4(3395 3451 10004 9948)
4(3492 3493 10046 10045)
4(3451 3492 10045 10004)
4(3545 3546 10099 10098)
4(3492 3545 10098 10045)
4(3642 3643 10196 10195)
4(3545 3642 10195 10098)
4(3893 3894 10447 10446)
4(3642 3893 10446 10195)
4(4068 4069 10622 10621)
4(3893 4068 10621 10446)
4(4242 4243 10796 10795)
4(4068 4242 10795 10621)
4(4485 4486 11039 11038)
4(4242 4485 11038 10795)
4(4516 4517 11070 11069)
4(4485 4516 11069 11038)
4(4555 4556 11109 11108)
4(4516 4555 11108 11069)
4(4598 4599 11152 11151)
4(4555 4598 11151 11108)
4(4648 4649 11202 11201)
4(4598 4648 11201 11151)
4(4684 4685 11238 11237)
4(4648 4684 11237 11201)
4(4729 4730 11283 11282)
4(4684 4729 11282 11237)
4(4765 4766 11319 11318)
4(4729 4765 11318 11282)
4(4807 4808 11361 11360)
4(4765 4807 11360 11318)
4(4845 4846 11399 11398)
4(4807 4845 11398 11360)
4(4891 4892 11445 11444)
4(4845 4891 11444 11398)
4(4925 4926 11479 11478)
4(4891 4925 11478 11444)
4(4969 4970 11523 11522)
4(4925 4969 11522 11478)
4(5006 5007 11560 11559)
4(4969 5006 11559 11522)
4(5049 5050 11603 11602)
4(5006 5049 11602 11559)
4(5087 5088 11641 11640)
4(5049 5087 11640 11602)
4(5138 5139 11692 11691)
4(5087 5138 11691 11640)
4(5178 5179 11732 11731)
4(5138 5178 11731 11691)
4(5225 5226 11779 11778)
4(5178 5225 11778 11731)
4(5551 5485 12038 12104)
4(5552 5486 12039 12105)
4(5551 5552 12105 12104)
4(5553 5487 12040 12106)
4(5552 5553 12106 12105)
4(5554 5488 12041 12107)
4(5553 5554 12107 12106)
4(5555 5489 12042 12108)
4(5554 5555 12108 12107)
4(5556 5490 12043 12109)
4(5555 5556 12109 12108)
4(5557 5491 12044 12110)
4(5556 5557 12110 12109)
4(5558 5492 12045 12111)
4(5557 5558 12111 12110)
4(5559 5493 12046 12112)
4(5558 5559 12112 12111)
4(5560 5494 12047 12113)
4(5559 5560 12113 12112)
4(5561 5495 12048 12114)
4(5560 5561 12114 12113)
4(5562 5496 12049 12115)
4(5561 5562 12115 12114)
4(5563 5497 12050 12116)
4(5562 5563 12116 12115)
4(5564 5498 12051 12117)
4(5563 5564 12117 12116)
4(5565 5499 12052 12118)
4(5564 5565 12118 12117)
4(5566 5500 12053 12119)
4(5565 5566 12119 12118)
4(5567 5501 12054 12120)
4(5566 5567 12120 12119)
4(5568 5502 12055 12121)
4(5567 5568 12121 12120)
4(5569 5503 12056 12122)
4(5568 5569 12122 12121)
4(5570 5504 12057 12123)
4(5569 5570 12123 12122)
4(5571 5505 12058 12124)
4(5570 5571 12124 12123)
4(5572 5506 12059 12125)
4(5571 5572 12125 12124)
4(5573 5507 12060 12126)
4(5572 5573 12126 12125)
4(5574 5508 12061 12127)
4(5573 5574 12127 12126)
4(5575 5509 12062 12128)
4(5574 5575 12128 12127)
4(5576 5510 12063 12129)
4(5575 5576 12129 12128)
4(5577 5511 12064 12130)
4(5576 5577 12130 12129)
4(5578 5512 12065 12131)
4(5577 5578 12131 12130)
4(5579 5513 12066 12132)
4(5578 5579 12132 12131)
4(5580 5514 12067 12133)
4(5579 5580 12133 12132)
4(5581 5515 12068 12134)
4(5580 5581 12134 12133)
4(5582 5516 12069 12135)
4(5581 5582 12135 12134)
4(5583 5517 12070 12136)
4(5582 5583 12136 12135)
4(5584 5518 12071 12137)
4(5583 5584 12137 12136)
4(5585 5519 12072 12138)
4(5584 5585 12138 12137)
4(5586 5520 12073 12139)
4(5585 5586 12139 12138)
4(5587 5521 12074 12140)
4(5586 5587 12140 12139)
4(5588 5522 12075 12141)
4(5587 5588 12141 12140)
4(5589 5523 12076 12142)
4(5588 5589 12142 12141)
4(5590 5524 12077 12143)
4(5589 5590 12143 12142)
4(5591 5525 12078 12144)
4(5590 5591 12144 12143)
4(5592 5526 12079 12145)
4(5591 5592 12145 12144)
4(5593 5527 12080 12146)
4(5592 5593 12146 12145)
4(5594 5528 12081 12147)
4(5593 5594 12147 12146)
4(5595 5529 12082 12148)
4(5594 5595 12148 12147)
4(5596 5530 12083 12149)
4(5595 5596 12149 12148)
4(5597 5531 12084 12150)
4(5596 5597 12150 12149)
4(5598 5532 12085 12151)
4(5597 5598 12151 12150)
4(5599 5533 12086 12152)
4(5598 5599 12152 12151)
4(5600 5534 12087 12153)
4(5599 5600 12153 12152)
4(5601 5535 12088 12154)
4(5600 5601 12154 12153)
4(5602 5536 12089 12155)
4(5601 5602 12155 12154)
4(5603 5537 12090 12156)
4(5602 5603 12156 12155)
4(5604 5538 12091 12157)
4(5603 5604 12157 12156)
4(5605 5539 12092 12158)
4(5604 5605 12158 12157)
4(5606 5540 12093 12159)
4(5605 5606 12159 12158)
4(5607 5541 12094 12160)
4(5606 5607 12160 12159)
4(5608 5542 12095 12161)
4(5607 5608 12161 12160)
4(5609 5543 12096 12162)
4(5608 5609 12162 12161)
4(5268 5267 11820 11821)
4(5243 5242 11795 11796)
4(5268 5243 11796 11821)
4(5212 5211 11764 11765)
4(5243 5212 11765 11796)
4(5185 5184 11737 11738)
4(5212 5185 11738 11765)
4(5153 5152 11705 11706)
4(5185 5153 11706 11738)
4(5121 5120 11673 11674)
4(5153 5121 11674 11706)
4(5094 5093 11646 11647)
4(5121 5094 11647 11674)
4(5062 5061 11614 11615)
4(5094 5062 11615 11647)
4(5035 5034 11587 11588)
4(5062 5035 11588 11615)
4(5013 5012 11565 11566)
4(5035 5013 11566 11588)
4(4984 4983 11536 11537)
4(5013 4984 11537 11566)
4(4954 4953 11506 11507)
4(4984 4954 11507 11537)
4(4932 4931 11484 11485)
4(4954 4932 11485 11507)
4(4904 4903 11456 11457)
4(4932 4904 11457 11485)
4(4874 4873 11426 11427)
4(4904 4874 11427 11457)
4(4852 4851 11404 11405)
4(4874 4852 11405 11427)
4(4822 4821 11374 11375)
4(4852 4822 11375 11405)
4(4792 4791 11344 11345)
4(4822 4792 11345 11375)
4(4772 4771 11324 11325)
4(4792 4772 11325 11345)
4(4742 4741 11294 11295)
4(4772 4742 11295 11325)
4(4713 4712 11265 11266)
4(4742 4713 11266 11295)
4(4691 4690 11243 11244)
4(4713 4691 11244 11266)
4(4661 4660 11213 11214)
4(4691 4661 11214 11244)
4(4632 4631 11184 11185)
4(4661 4632 11185 11214)
4(4605 4604 11157 11158)
4(4632 4605 11158 11185)
4(4571 4570 11123 11124)
4(4605 4571 11124 11158)
4(4542 4541 11094 11095)
4(4571 4542 11095 11124)
4(4228 4325 10878 10781)
4(4227 4324 10877 10780)
4(4228 4227 10780 10781)
4(4226 4323 10876 10779)
4(4227 4226 10779 10780)
4(4225 4322 10875 10778)
4(4226 4225 10778 10779)
4(4224 4321 10874 10777)
4(4225 4224 10777 10778)
4(4223 4320 10873 10776)
4(4224 4223 10776 10777)
4(4222 4319 10872 10775)
4(4223 4222 10775 10776)
4(4221 4318 10871 10774)
4(4222 4221 10774 10775)
4(4220 4317 10870 10773)
4(4221 4220 10773 10774)
4(4219 4316 10869 10772)
4(4220 4219 10772 10773)
4(4218 4315 10868 10771)
4(4219 4218 10771 10772)
4(4217 4314 10867 10770)
4(4218 4217 10770 10771)
4(4216 4313 10866 10769)
4(4217 4216 10769 10770)
4(4215 4312 10865 10768)
4(4216 4215 10768 10769)
4(4214 4311 10864 10767)
4(4215 4214 10767 10768)
4(4213 4310 10863 10766)
4(4214 4213 10766 10767)
4(4212 4309 10862 10765)
4(4213 4212 10765 10766)
4(4211 4308 10861 10764)
4(4212 4211 10764 10765)
4(4210 4307 10860 10763)
4(4211 4210 10763 10764)
4(4209 4306 10859 10762)
4(4210 4209 10762 10763)
4(4208 4305 10858 10761)
4(4209 4208 10761 10762)
4(4207 4304 10857 10760)
4(4208 4207 10760 10761)
4(4206 4303 10856 10759)
4(4207 4206 10759 10760)
4(4205 4302 10855 10758)
4(4206 4205 10758 10759)
4(4204 4301 10854 10757)
4(4205 4204 10757 10758)
4(4203 4300 10853 10756)
4(4204 4203 10756 10757)
4(4202 4299 10852 10755)
4(4203 4202 10755 10756)
4(4201 4298 10851 10754)
4(4202 4201 10754 10755)
4(4200 4297 10850 10753)
4(4201 4200 10753 10754)
4(4199 4296 10849 10752)
4(4200 4199 10752 10753)
4(4198 4295 10848 10751)
4(4199 4198 10751 10752)
4(4197 4294 10847 10750)
4(4198 4197 10750 10751)
4(4196 4293 10846 10749)
4(4197 4196 10749 10750)
4(4195 4292 10845 10748)
4(4196 4195 10748 10749)
4(4194 4291 10844 10747)
4(4195 4194 10747 10748)
4(4193 4290 10843 10746)
4(4194 4193 10746 10747)
4(4192 4289 10842 10745)
4(4193 4192 10745 10746)
4(4191 4288 10841 10744)
4(4192 4191 10744 10745)
4(4190 4287 10840 10743)
4(4191 4190 10743 10744)
4(4189 4286 10839 10742)
4(4190 4189 10742 10743)
4(4188 4285 10838 10741)
4(4189 4188 10741 10742)
4(4187 4284 10837 10740)
4(4188 4187 10740 10741)
4(4186 4283 10836 10739)
4(4187 4186 10739 10740)
4(4185 4282 10835 10738)
4(4186 4185 10738 10739)
4(4184 4281 10834 10737)
4(4185 4184 10737 10738)
4(4183 4280 10833 10736)
4(4184 4183 10736 10737)
4(4182 4279 10832 10735)
4(4183 4182 10735 10736)
4(4181 4278 10831 10734)
4(4182 4181 10734 10735)
4(4180 4277 10830 10733)
4(4181 4180 10733 10734)
4(4179 4276 10829 10732)
4(4180 4179 10732 10733)
4(4178 4275 10828 10731)
4(4179 4178 10731 10732)
4(4177 4274 10827 10730)
4(4178 4177 10730 10731)
4(4176 4273 10826 10729)
4(4177 4176 10729 10730)
4(4175 4272 10825 10728)
4(4176 4175 10728 10729)
4(4174 4271 10824 10727)
4(4175 4174 10727 10728)
4(4173 4270 10823 10726)
4(4174 4173 10726 10727)
4(4172 4269 10822 10725)
4(4173 4172 10725 10726)
4(4171 4268 10821 10724)
4(4172 4171 10724 10725)
4(3900 3899 10452 10453)
4(3655 3654 10207 10208)
4(3900 3655 10208 10453)
4(3578 3577 10130 10131)
4(3655 3578 10131 10208)
4(3552 3551 10104 10105)
4(3578 3552 10105 10131)
4(3524 3523 10076 10077)
4(3552 3524 10077 10105)
4(3478 3477 10030 10031)
4(3524 3478 10031 10077)
4(3458 3457 10010 10011)
4(3478 3458 10011 10031)
4(3410 3409 9962 9963)
4(3458 3410 9963 10011)
4(3381 3380 9933 9934)
4(3410 3381 9934 9963)
4(3361 3360 9913 9914)
4(3381 3361 9914 9934)
4(3334 3333 9886 9887)
4(3361 3334 9887 9914)
4(3306 3305 9858 9859)
4(3334 3306 9859 9887)
4(3274 3273 9826 9827)
4(3306 3274 9827 9859)
4(3245 3244 9797 9798)
4(3274 3245 9798 9827)
4(3217 3216 9769 9770)
4(3245 3217 9770 9798)
4(3198 3197 9750 9751)
4(3217 3198 9751 9770)
4(3170 3169 9722 9723)
4(3198 3170 9723 9751)
4(3122 3121 9674 9675)
4(3170 3122 9675 9723)
4(3101 3100 9653 9654)
4(3122 3101 9654 9675)
4(3073 3072 9625 9626)
4(3101 3073 9626 9654)
4(3027 3026 9579 9580)
4(3073 3027 9580 9626)
4(3005 3004 9557 9558)
4(3027 3005 9558 9580)
4(2927 2926 9479 9480)
4(3005 2927 9480 9558)
4(2897 2896 9449 9450)
4(2927 2897 9450 9480)
4(2661 2660 9213 9214)
4(2897 2661 9214 9450)
4(2324 2226 8779 8877)
4(2325 2227 8780 8878)
4(2324 2325 8878 8877)
4(2326 2228 8781 8879)
4(2325 2326 8879 8878)
4(2327 2229 8782 8880)
4(2326 2327 8880 8879)
4(2328 2230 8783 8881)
4(2327 2328 8881 8880)
4(2329 2231 8784 8882)
4(2328 2329 8882 8881)
4(2330 2232 8785 8883)
4(2329 2330 8883 8882)
4(2331 2233 8786 8884)
4(2330 2331 8884 8883)
4(2332 2234 8787 8885)
4(2331 2332 8885 8884)
4(2333 2235 8788 8886)
4(2332 2333 8886 8885)
4(2334 2236 8789 8887)
4(2333 2334 8887 8886)
4(2335 2237 8790 8888)
4(2334 2335 8888 8887)
4(2336 2238 8791 8889)
4(2335 2336 8889 8888)
4(2337 2239 8792 8890)
4(2336 2337 8890 8889)
4(2338 2240 8793 8891)
4(2337 2338 8891 8890)
4(2339 2241 8794 8892)
4(2338 2339 8892 8891)
4(2340 2242 8795 8893)
4(2339 2340 8893 8892)
4(2341 2243 8796 8894)
4(2340 2341 8894 8893)
4(2342 2244 8797 8895)
4(2341 2342 8895 8894)
4(2343 2245 8798 8896)
4(2342 2343 8896 8895)
4(2344 2246 8799 8897)
4(2343 2344 8897 8896)
4(2345 2247 8800 8898)
4(2344 2345 8898 8897)
4(2346 2248 8801 8899)
4(2345 2346 8899 8898)
4(2347 2249 8802 8900)
4(2346 2347 8900 8899)
4(2348 2250 8803 8901)
4(2347 2348 8901 8900)
4(2349 2251 8804 8902)
4(2348 2349 8902 8901)
4(2350 2252 8805 8903)
4(2349 2350 8903 8902)
4(2351 2253 8806 8904)
4(2350 2351 8904 8903)
4(2352 2254 8807 8905)
4(2351 2352 8905 8904)
4(2353 2255 8808 8906)
4(2352 2353 8906 8905)
4(2354 2256 8809 8907)
4(2353 2354 8907 8906)
4(2355 2257 8810 8908)
4(2354 2355 8908 8907)
4(2356 2258 8811 8909)
4(2355 2356 8909 8908)
4(2357 2259 8812 8910)
4(2356 2357 8910 8909)
4(2358 2260 8813 8911)
4(2357 2358 8911 8910)
4(2359 2261 8814 8912)
4(2358 2359 8912 8911)
4(2360 2262 8815 8913)
4(2359 2360 8913 8912)
4(2361 2263 8816 8914)
4(2360 2361 8914 8913)
4(2362 2264 8817 8915)
4(2361 2362 8915 8914)
4(2363 2265 8818 8916)
4(2362 2363 8916 8915)
4(2364 2266 8819 8917)
4(2363 2364 8917 8916)
4(2365 2267 8820 8918)
4(2364 2365 8918 8917)
4(2366 2268 8821 8919)
4(2365 2366 8919 8918)
4(2367 2269 8822 8920)
4(2366 2367 8920 8919)
4(2368 2270 8823 8921)
4(2367 2368 8921 8920)
4(2369 2271 8824 8922)
4(2368 2369 8922 8921)
4(2370 2272 8825 8923)
4(2369 2370 8923 8922)
4(2371 2273 8826 8924)
4(2370 2371 8924 8923)
4(2372 2274 8827 8925)
4(2371 2372 8925 8924)
4(2373 2275 8828 8926)
4(2372 2373 8926 8925)
4(2374 2276 8829 8927)
4(2373 2374 8927 8926)
4(2375 2277 8830 8928)
4(2374 2375 8928 8927)
4(2376 2278 8831 8929)
4(2375 2376 8929 8928)
4(2377 2279 8832 8930)
4(2376 2377 8930 8929)
4(2378 2280 8833 8931)
4(2377 2378 8931 8930)
4(2379 2281 8834 8932)
4(2378 2379 8932 8931)
4(2380 2282 8835 8933)
4(2379 2380 8933 8932)
4(2381 2283 8836 8934)
4(2380 2381 8934 8933)
4(2012 2011 8564 8565)
4(1979 1978 8531 8532)
4(2012 1979 8532 8565)
4(1953 1952 8505 8506)
4(1979 1953 8506 8532)
4(1917 1916 8469 8470)
4(1953 1917 8470 8506)
4(1890 1889 8442 8443)
4(1917 1890 8443 8470)
4(1868 1867 8420 8421)
4(1890 1868 8421 8443)
4(1839 1838 8391 8392)
4(1868 1839 8392 8421)
4(1809 1808 8361 8362)
4(1839 1809 8362 8392)
4(1787 1786 8339 8340)
4(1809 1787 8340 8362)
4(1759 1758 8311 8312)
4(1787 1759 8312 8340)
4(1729 1728 8281 8282)
4(1759 1729 8282 8312)
4(1707 1706 8259 8260)
4(1729 1707 8260 8282)
4(1677 1676 8229 8230)
4(1707 1677 8230 8260)
4(1647 1646 8199 8200)
4(1677 1647 8200 8230)
4(1627 1626 8179 8180)
4(1647 1627 8180 8200)
4(1597 1596 8149 8150)
4(1627 1597 8150 8180)
4(1568 1567 8120 8121)
4(1597 1568 8121 8150)
4(1546 1545 8098 8099)
4(1568 1546 8099 8121)
4(1516 1515 8068 8069)
4(1546 1516 8069 8099)
4(1489 1488 8041 8042)
4(1516 1489 8042 8069)
4(1467 1466 8019 8020)
4(1489 1467 8020 8042)
4(1433 1432 7985 7986)
4(1467 1433 7986 8020)
4(1398 1397 7950 7951)
4(1433 1398 7951 7986)
4(1371 1370 7923 7924)
4(1398 1371 7924 7951)
4(1339 1338 7891 7892)
4(1371 1339 7892 7924)
4(1310 1309 7862 7863)
4(1339 1310 7863 7892)
4(1289 1288 7841 7842)
4(1310 1289 7842 7863)
4(1001 1067 7620 7554)
4(1000 1066 7619 7553)
4(1001 1000 7553 7554)
4(999 1065 7618 7552)
4(1000 999 7552 7553)
4(998 1064 7617 7551)
4(999 998 7551 7552)
4(997 1063 7616 7550)
4(998 997 7550 7551)
4(996 1062 7615 7549)
4(997 996 7549 7550)
4(995 1061 7614 7548)
4(996 995 7548 7549)
4(994 1060 7613 7547)
4(995 994 7547 7548)
4(993 1059 7612 7546)
4(994 993 7546 7547)
4(992 1058 7611 7545)
4(993 992 7545 7546)
4(991 1057 7610 7544)
4(992 991 7544 7545)
4(990 1056 7609 7543)
4(991 990 7543 7544)
4(989 1055 7608 7542)
4(990 989 7542 7543)
4(988 1054 7607 7541)
4(989 988 7541 7542)
4(987 1053 7606 7540)
4(988 987 7540 7541)
4(986 1052 7605 7539)
4(987 986 7539 7540)
4(985 1051 7604 7538)
4(986 985 7538 7539)
4(984 1050 7603 7537)
4(985 984 7537 7538)
4(983 1049 7602 7536)
4(984 983 7536 7537)
4(982 1048 7601 7535)
4(983 982 7535 7536)
4(981 1047 7600 7534)
4(982 981 7534 7535)
4(980 1046 7599 7533)
4(981 980 7533 7534)
4(979 1045 7598 7532)
4(980 979 7532 7533)
4(978 1044 7597 7531)
4(979 978 7531 7532)
4(977 1043 7596 7530)
4(978 977 7530 7531)
4(976 1042 7595 7529)
4(977 976 7529 7530)
4(975 1041 7594 7528)
4(976 975 7528 7529)
4(974 1040 7593 7527)
4(975 974 7527 7528)
4(973 1039 7592 7526)
4(974 973 7526 7527)
4(972 1038 7591 7525)
4(973 972 7525 7526)
4(971 1037 7590 7524)
4(972 971 7524 7525)
4(970 1036 7589 7523)
4(971 970 7523 7524)
4(969 1035 7588 7522)
4(970 969 7522 7523)
4(968 1034 7587 7521)
4(969 968 7521 7522)
4(967 1033 7586 7520)
4(968 967 7520 7521)
4(966 1032 7585 7519)
4(967 966 7519 7520)
4(965 1031 7584 7518)
4(966 965 7518 7519)
4(964 1030 7583 7517)
4(965 964 7517 7518)
4(963 1029 7582 7516)
4(964 963 7516 7517)
4(962 1028 7581 7515)
4(963 962 7515 7516)
4(961 1027 7580 7514)
4(962 961 7514 7515)
4(960 1026 7579 7513)
4(961 960 7513 7514)
4(959 1025 7578 7512)
4(960 959 7512 7513)
4(958 1024 7577 7511)
4(959 958 7511 7512)
4(957 1023 7576 7510)
4(958 957 7510 7511)
4(956 1022 7575 7509)
4(957 956 7509 7510)
4(955 1021 7574 7508)
4(956 955 7508 7509)
4(954 1020 7573 7507)
4(955 954 7507 7508)
4(953 1019 7572 7506)
4(954 953 7506 7507)
4(952 1018 7571 7505)
4(953 952 7505 7506)
4(951 1017 7570 7504)
4(952 951 7504 7505)
4(950 1016 7569 7503)
4(951 950 7503 7504)
4(949 1015 7568 7502)
4(950 949 7502 7503)
4(948 1014 7567 7501)
4(949 948 7501 7502)
4(947 1013 7566 7500)
4(948 947 7500 7501)
4(946 1012 7565 7499)
4(947 946 7499 7500)
4(945 1011 7564 7498)
4(946 945 7498 7499)
4(944 1010 7563 7497)
4(945 944 7497 7498)
4(943 1009 7562 7496)
4(944 943 7496 7497)
4(1363 1364 7917 7916)
4(1414 1415 7968 7967)
4(1459 1460 8013 8012)
4(1502 1503 8056 8055)
4(1538 1539 8092 8091)
4(1583 1584 8137 8136)
4(1619 1620 8173 8172)
4(1661 1662 8215 8214)
4(1699 1700 8253 8252)
4(1745 1746 8299 8298)
4(1779 1780 8333 8332)
4(1823 1824 8377 8376)
4(1860 1861 8414 8413)
4(1903 1904 8457 8456)
4(1945 1946 8499 8498)
4(1997 1998 8551 8550)
4(2032 2033 8586 8585)
4(2067 2068 8621 8620)
4(2298 2299 8852 8851)
4(2484 2485 9038 9037)
4(2653 2654 9207 9206)
4(2910 2911 9464 9463)
4(2997 2998 9551 9550)
4(3040 3041 9594 9593)
4(3093 3094 9647 9646)
4(3157 3158 9711 9710)
4(3190 3191 9744 9743)
4(3230 3231 9784 9783)
4(3266 3267 9820 9819)
4(3321 3322 9875 9874)
4(3353 3354 9907 9906)
4(3394 3395 9948 9947)
4(3450 3451 10004 10003)
4(3491 3492 10045 10044)
4(3544 3545 10098 10097)
4(3641 3642 10195 10194)
4(3892 3893 10446 10445)
4(4067 4068 10621 10620)
4(4241 4242 10795 10794)
4(4484 4485 11038 11037)
4(4515 4516 11069 11068)
4(4554 4555 11108 11107)
4(4597 4598 11151 11150)
4(4647 4648 11201 11200)
4(4683 4684 11237 11236)
4(4728 4729 11282 11281)
4(4764 4765 11318 11317)
4(4806 4807 11360 11359)
4(4844 4845 11398 11397)
4(4890 4891 11444 11443)
4(4924 4925 11478 11477)
4(4968 4969 11522 11521)
4(5005 5006 11559 11558)
4(5048 5049 11602 11601)
4(5086 5087 11640 11639)
4(5137 5138 11691 11690)
4(5177 5178 11731 11730)
4(5626 5552 12105 12179)
4(5627 5553 12106 12180)
4(5628 5554 12107 12181)
4(5629 5555 12108 12182)
4(5630 5556 12109 12183)
4(5631 5557 12110 12184)
4(5632 5558 12111 12185)
4(5633 5559 12112 12186)
4(5634 5560 12113 12187)
4(5635 5561 12114 12188)
4(5636 5562 12115 12189)
4(5637 5563 12116 12190)
4(5638 5564 12117 12191)
4(5639 5565 12118 12192)
4(5640 5566 12119 12193)
4(5641 5567 12120 12194)
4(5642 5568 12121 12195)
4(5643 5569 12122 12196)
4(5644 5570 12123 12197)
4(5645 5571 12124 12198)
4(5646 5572 12125 12199)
4(5647 5573 12126 12200)
4(5648 5574 12127 12201)
4(5649 5575 12128 12202)
4(5650 5576 12129 12203)
4(5651 5577 12130 12204)
4(5652 5578 12131 12205)
4(5653 5579 12132 12206)
4(5654 5580 12133 12207)
4(5655 5581 12134 12208)
4(5656 5582 12135 12209)
4(5657 5583 12136 12210)
4(5658 5584 12137 12211)
4(5659 5585 12138 12212)
4(5660 5586 12139 12213)
4(5661 5587 12140 12214)
4(5662 5588 12141 12215)
4(5663 5589 12142 12216)
4(5664 5590 12143 12217)
4(5665 5591 12144 12218)
4(5666 5592 12145 12219)
4(5667 5593 12146 12220)
4(5668 5594 12147 12221)
4(5669 5595 12148 12222)
4(5670 5596 12149 12223)
4(5671 5597 12150 12224)
4(5672 5598 12151 12225)
4(5673 5599 12152 12226)
4(5674 5600 12153 12227)
4(5675 5601 12154 12228)
4(5676 5602 12155 12229)
4(5677 5603 12156 12230)
4(5678 5604 12157 12231)
4(5679 5605 12158 12232)
4(5680 5606 12159 12233)
4(5681 5607 12160 12234)
4(5682 5608 12161 12235)
4(5244 5243 11796 11797)
4(5213 5212 11765 11766)
4(5186 5185 11738 11739)
4(5154 5153 11706 11707)
4(5122 5121 11674 11675)
4(5095 5094 11647 11648)
4(5063 5062 11615 11616)
4(5036 5035 11588 11589)
4(5014 5013 11566 11567)
4(4985 4984 11537 11538)
4(4955 4954 11507 11508)
4(4933 4932 11485 11486)
4(4905 4904 11457 11458)
4(4875 4874 11427 11428)
4(4853 4852 11405 11406)
4(4823 4822 11375 11376)
4(4793 4792 11345 11346)
4(4773 4772 11325 11326)
4(4743 4742 11295 11296)
4(4714 4713 11266 11267)
4(4692 4691 11244 11245)
4(4662 4661 11214 11215)
4(4633 4632 11185 11186)
4(4606 4605 11158 11159)
4(4572 4571 11124 11125)
4(4154 4227 10780 10707)
4(4153 4226 10779 10706)
4(4152 4225 10778 10705)
4(4151 4224 10777 10704)
4(4150 4223 10776 10703)
4(4149 4222 10775 10702)
4(4148 4221 10774 10701)
4(4147 4220 10773 10700)
4(4146 4219 10772 10699)
4(4145 4218 10771 10698)
4(4144 4217 10770 10697)
4(4143 4216 10769 10696)
4(4142 4215 10768 10695)
4(4141 4214 10767 10694)
4(4140 4213 10766 10693)
4(4139 4212 10765 10692)
4(4138 4211 10764 10691)
4(4137 4210 10763 10690)
4(4136 4209 10762 10689)
4(4135 4208 10761 10688)
4(4134 4207 10760 10687)
4(4133 4206 10759 10686)
4(4132 4205 10758 10685)
4(4131 4204 10757 10684)
4(4130 4203 10756 10683)
4(4129 4202 10755 10682)
4(4128 4201 10754 10681)
4(4127 4200 10753 10680)
4(4126 4199 10752 10679)
4(4125 4198 10751 10678)
4(4124 4197 10750 10677)
4(4123 4196 10749 10676)
4(4122 4195 10748 10675)
4(4121 4194 10747 10674)
4(4120 4193 10746 10673)
4(4119 4192 10745 10672)
4(4118 4191 10744 10671)
4(4117 4190 10743 10670)
4(4116 4189 10742 10669)
4(4115 4188 10741 10668)
4(4114 4187 10740 10667)
4(4113 4186 10739 10666)
4(4112 4185 10738 10665)
4(4111 4184 10737 10664)
4(4110 4183 10736 10663)
4(4109 4182 10735 10662)
4(4108 4181 10734 10661)
4(4107 4180 10733 10660)
4(4106 4179 10732 10659)
4(4105 4178 10731 10658)
4(4104 4177 10730 10657)
4(4103 4176 10729 10656)
4(4102 4175 10728 10655)
4(4101 4174 10727 10654)
4(4100 4173 10726 10653)
4(4099 4172 10725 10652)
4(3656 3655 10208 10209)
4(3579 3578 10131 10132)
4(3553 3552 10105 10106)
4(3525 3524 10077 10078)
4(3479 3478 10031 10032)
4(3459 3458 10011 10012)
4(3411 3410 9963 9964)
4(3382 3381 9934 9935)
4(3362 3361 9914 9915)
4(3335 3334 9887 9888)
4(3307 3306 9859 9860)
4(3275 3274 9827 9828)
4(3246 3245 9798 9799)
4(3218 3217 9770 9771)
4(3199 3198 9751 9752)
4(3171 3170 9723 9724)
4(3123 3122 9675 9676)
4(3102 3101 9654 9655)
4(3074 3073 9626 9627)
4(3028 3027 9580 9581)
4(3006 3005 9558 9559)
4(2928 2927 9480 9481)
4(2898 2897 9450 9451)
4(2399 2325 8878 8952)
4(2400 2326 8879 8953)
4(2401 2327 8880 8954)
4(2402 2328 8881 8955)
4(2403 2329 8882 8956)
4(2404 2330 8883 8957)
4(2405 2331 8884 8958)
4(2406 2332 8885 8959)
4(2407 2333 8886 8960)
4(2408 2334 8887 8961)
4(2409 2335 8888 8962)
4(2410 2336 8889 8963)
4(2411 2337 8890 8964)
4(2412 2338 8891 8965)
4(2413 2339 8892 8966)
4(2414 2340 8893 8967)
4(2415 2341 8894 8968)
4(2416 2342 8895 8969)
4(2417 2343 8896 8970)
4(2418 2344 8897 8971)
4(2419 2345 8898 8972)
4(2420 2346 8899 8973)
4(2421 2347 8900 8974)
4(2422 2348 8901 8975)
4(2423 2349 8902 8976)
4(2424 2350 8903 8977)
4(2425 2351 8904 8978)
4(2426 2352 8905 8979)
4(2427 2353 8906 8980)
4(2428 2354 8907 8981)
4(2429 2355 8908 8982)
4(2430 2356 8909 8983)
4(2431 2357 8910 8984)
4(2432 2358 8911 8985)
4(2433 2359 8912 8986)
4(2434 2360 8913 8987)
4(2435 2361 8914 8988)
4(2436 2362 8915 8989)
4(2437 2363 8916 8990)
4(2438 2364 8917 8991)
4(2439 2365 8918 8992)
4(2440 2366 8919 8993)
4(2441 2367 8920 8994)
4(2442 2368 8921 8995)
4(2443 2369 8922 8996)
4(2444 2370 8923 8997)
4(2445 2371 8924 8998)
4(2446 2372 8925 8999)
4(2447 2373 8926 9000)
4(2448 2374 8927 9001)
4(2449 2375 8928 9002)
4(2450 2376 8929 9003)
4(2451 2377 8930 9004)
4(2452 2378 8931 9005)
4(2453 2379 8932 9006)
4(2454 2380 8933 9007)
4(1980 1979 8532 8533)
4(1954 1953 8506 8507)
4(1918 1917 8470 8471)
4(1891 1890 8443 8444)
4(1869 1868 8421 8422)
4(1840 1839 8392 8393)
4(1810 1809 8362 8363)
4(1788 1787 8340 8341)
4(1760 1759 8312 8313)
4(1730 1729 8282 8283)
4(1708 1707 8260 8261)
4(1678 1677 8230 8231)
4(1648 1647 8200 8201)
4(1628 1627 8180 8181)
4(1598 1597 8150 8151)
4(1569 1568 8121 8122)
4(1547 1546 8099 8100)
4(1517 1516 8069 8070)
4(1490 1489 8042 8043)
4(1468 1467 8020 8021)
4(1434 1433 7986 7987)
4(1399 1398 7951 7952)
4(1372 1371 7924 7925)
4(1340 1339 7892 7893)
4(1311 1310 7863 7864)
4(926 1000 7553 7479)
4(925 999 7552 7478)
4(924 998 7551 7477)
4(923 997 7550 7476)
4(922 996 7549 7475)
4(921 995 7548 7474)
4(920 994 7547 7473)
4(919 993 7546 7472)
4(918 992 7545 7471)
4(917 991 7544 7470)
4(916 990 7543 7469)
4(915 989 7542 7468)
4(914 988 7541 7467)
4(913 987 7540 7466)
4(912 986 7539 7465)
4(911 985 7538 7464)
4(910 984 7537 7463)
4(909 983 7536 7462)
4(908 982 7535 7461)
4(907 981 7534 7460)
4(906 980 7533 7459)
4(905 979 7532 7458)
4(904 978 7531 7457)
4(903 977 7530 7456)
4(902 976 7529 7455)
4(901 975 7528 7454)
4(900 974 7527 7453)
4(899 973 7526 7452)
4(898 972 7525 7451)
4(897 971 7524 7450)
4(896 970 7523 7449)
4(895 969 7522 7448)
4(894 968 7521 7447)
4(893 967 7520 7446)
4(892 966 7519 7445)
4(891 965 7518 7444)
4(890 964 7517 7443)
4(889 963 7516 7442)
4(888 962 7515 7441)
4(887 961 7514 7440)
4(886 960 7513 7439)
4(885 959 7512 7438)
4(884 958 7511 7437)
4(883 957 7510 7436)
4(882 956 7509 7435)
4(881 955 7508 7434)
4(880 954 7507 7433)
4(879 953 7506 7432)
4(878 952 7505 7431)
4(877 951 7504 7430)
4(876 950 7503 7429)
4(875 949 7502 7428)
4(874 948 7501 7427)
4(873 947 7500 7426)
4(872 946 7499 7425)
4(871 945 7498 7424)
4(870 944 7497 7423)
4(1159 1160 7713 7712)
4(1252 1159 7712 7805)
4(1160 1161 7714 7713)
4(1161 1162 7715 7714)
4(1162 1163 7716 7715)
4(1163 1164 7717 7716)
4(1164 1165 7718 7717)
4(1165 1166 7719 7718)
4(1166 1167 7720 7719)
4(1167 1168 7721 7720)
4(1168 1169 7722 7721)
4(1169 1170 7723 7722)
4(1170 1171 7724 7723)
4(1171 1172 7725 7724)
4(1172 1173 7726 7725)
4(1173 1174 7727 7726)
4(1174 1175 7728 7727)
4(1175 1176 7729 7728)
4(1176 1177 7730 7729)
4(1177 1178 7731 7730)
4(1178 1179 7732 7731)
4(1179 1180 7733 7732)
4(1180 1181 7734 7733)
4(1181 1182 7735 7734)
4(1182 1183 7736 7735)
4(1183 1184 7737 7736)
4(1184 1185 7738 7737)
4(1185 1186 7739 7738)
4(1186 1187 7740 7739)
4(1187 1188 7741 7740)
4(1188 1189 7742 7741)
4(1189 1190 7743 7742)
4(1190 1191 7744 7743)
4(1191 1192 7745 7744)
4(1192 1193 7746 7745)
4(1193 1194 7747 7746)
4(1194 1195 7748 7747)
4(1195 1196 7749 7748)
4(1196 1197 7750 7749)
4(1197 1198 7751 7750)
4(1198 1199 7752 7751)
4(1199 1200 7753 7752)
4(1200 1201 7754 7753)
4(1201 1202 7755 7754)
4(1202 1203 7756 7755)
4(1203 1204 7757 7756)
4(1204 1205 7758 7757)
4(1205 1206 7759 7758)
4(1206 1207 7760 7759)
4(1207 1208 7761 7760)
4(1208 1209 7762 7761)
4(1209 1210 7763 7762)
4(1210 1211 7764 7763)
4(1211 1212 7765 7764)
4(1212 1213 7766 7765)
4(1213 1214 7767 7766)
4(1214 1215 7768 7767)
4(1215 1216 7769 7768)
4(1216 1217 7770 7769)
4(1217 1218 7771 7770)
4(1218 1219 7772 7771)
4(1219 1220 7773 7772)
4(1220 1221 7774 7773)
4(1221 1222 7775 7774)
4(1222 1223 7776 7775)
4(1223 1238 7791 7776)
4(1238 1263 7816 7791)
4(1285 1252 7805 7838)
4(1263 1286 7839 7816)
4(1328 1285 7838 7881)
4(1286 1307 7860 7839)
4(1307 1336 7889 7860)
4(1367 1328 7881 7920)
4(1336 1368 7921 7889)
4(1418 1367 7920 7971)
4(1368 1395 7948 7921)
4(1395 1430 7983 7948)
4(1463 1418 7971 8016)
4(1430 1464 8017 7983)
4(1506 1463 8016 8059)
4(1464 1486 8039 8017)
4(1486 1513 8066 8039)
4(1542 1506 8059 8095)
4(1513 1543 8096 8066)
4(1587 1542 8095 8140)
4(1543 1565 8118 8096)
4(1565 1594 8147 8118)
4(1623 1587 8140 8176)
4(1594 1624 8177 8147)
4(1665 1623 8176 8218)
4(1624 1644 8197 8177)
4(1644 1674 8227 8197)
4(1703 1665 8218 8256)
4(1674 1704 8257 8227)
4(1749 1703 8256 8302)
4(1704 1726 8279 8257)
4(1726 1756 8309 8279)
4(1783 1749 8302 8336)
4(1756 1784 8337 8309)
4(1827 1783 8336 8380)
4(1784 1806 8359 8337)
4(1806 1836 8389 8359)
4(1864 1827 8380 8417)
4(1836 1865 8418 8389)
4(1907 1864 8417 8460)
4(1865 1887 8440 8418)
4(1887 1914 8467 8440)
4(1949 1907 8460 8502)
4(1914 1950 8503 8467)
4(2001 1949 8502 8554)
4(1950 1976 8529 8503)
4(1976 2009 8562 8529)
4(2036 2001 8554 8589)
4(2009 2037 8590 8562)
4(2071 2036 8589 8624)
4(2037 2053 8606 8590)
4(2053 2147 8700 8606)
4(2302 2071 8624 8855)
4(2083 2082 8635 8636)
4(2082 2151 8704 8635)
4(2084 2083 8636 8637)
4(2085 2084 8637 8638)
4(2086 2085 8638 8639)
4(2087 2086 8639 8640)
4(2088 2087 8640 8641)
4(2089 2088 8641 8642)
4(2090 2089 8642 8643)
4(2091 2090 8643 8644)
4(2092 2091 8644 8645)
4(2093 2092 8645 8646)
4(2094 2093 8646 8647)
4(2095 2094 8647 8648)
4(2096 2095 8648 8649)
4(2097 2096 8649 8650)
4(2098 2097 8650 8651)
4(2099 2098 8651 8652)
4(2100 2099 8652 8653)
4(2101 2100 8653 8654)
4(2102 2101 8654 8655)
4(2103 2102 8655 8656)
4(2104 2103 8656 8657)
4(2105 2104 8657 8658)
4(2106 2105 8658 8659)
4(2107 2106 8659 8660)
4(2108 2107 8660 8661)
4(2109 2108 8661 8662)
4(2110 2109 8662 8663)
4(2111 2110 8663 8664)
4(2112 2111 8664 8665)
4(2113 2112 8665 8666)
4(2114 2113 8666 8667)
4(2115 2114 8667 8668)
4(2116 2115 8668 8669)
4(2117 2116 8669 8670)
4(2118 2117 8670 8671)
4(2119 2118 8671 8672)
4(2120 2119 8672 8673)
4(2121 2120 8673 8674)
4(2122 2121 8674 8675)
4(2123 2122 8675 8676)
4(2124 2123 8676 8677)
4(2125 2124 8677 8678)
4(2126 2125 8678 8679)
4(2127 2126 8679 8680)
4(2128 2127 8680 8681)
4(2129 2128 8681 8682)
4(2130 2129 8682 8683)
4(2131 2130 8683 8684)
4(2132 2131 8684 8685)
4(2133 2132 8685 8686)
4(2134 2133 8686 8687)
4(2135 2134 8687 8688)
4(2136 2135 8688 8689)
4(2137 2136 8689 8690)
4(2138 2137 8690 8691)
4(2139 2138 8691 8692)
4(2140 2139 8692 8693)
4(2141 2140 8693 8694)
4(2142 2141 8694 8695)
4(2143 2142 8695 8696)
4(2144 2143 8696 8697)
4(2145 2144 8697 8698)
4(2146 2145 8698 8699)
4(2147 2146 8699 8700)
4(2151 2303 8856 8704)
4(2488 2302 8855 9041)
4(2303 2457 9010 8856)
4(2457 2562 9115 9010)
4(2657 2488 9041 9210)
4(2562 2658 9211 9115)
4(2914 2657 9210 9467)
4(2658 2894 9447 9211)
4(2894 2924 9477 9447)
4(3001 2914 9467 9554)
4(2924 3002 9555 9477)
4(3044 3001 9554 9597)
4(3002 3024 9577 9555)
4(3024 3070 9623 9577)
4(3097 3044 9597 9650)
4(3070 3098 9651 9623)
4(3161 3097 9650 9714)
4(3098 3119 9672 9651)
4(3119 3167 9720 9672)
4(3194 3161 9714 9747)
4(3167 3195 9748 9720)
4(3234 3194 9747 9787)
4(3195 3214 9767 9748)
4(3214 3242 9795 9767)
4(3270 3234 9787 9823)
4(3242 3271 9824 9795)
4(3325 3270 9823 9878)
4(3271 3303 9856 9824)
4(3303 3331 9884 9856)
4(3357 3325 9878 9910)
4(3331 3358 9911 9884)
4(3398 3357 9910 9951)
4(3358 3378 9931 9911)
4(3378 3407 9960 9931)
4(3454 3398 9951 10007)
4(3407 3455 10008 9960)
4(3495 3454 10007 10048)
4(3455 3475 10028 10008)
4(3475 3521 10074 10028)
4(3548 3495 10048 10101)
4(3521 3549 10102 10074)
4(3645 3548 10101 10198)
4(3549 3575 10128 10102)
4(3575 3652 10205 10128)
4(3896 3645 10198 10449)
4(3652 3897 10450 10205)
4(4071 3896 10449 10624)
4(3897 3986 10539 10450)
4(3986 4093 10646 10539)
4(4245 4071 10624 10798)
4(4093 4246 10799 10646)
4(4488 4245 10798 11041)
4(4246 4400 10953 10799)
4(4400 4405 10958 10953)
4(4405 4406 10959 10958)
4(4406 4407 10960 10959)
4(4407 4408 10961 10960)
4(4408 4409 10962 10961)
4(4409 4410 10963 10962)
4(4410 4411 10964 10963)
4(4411 4412 10965 10964)
4(4412 4413 10966 10965)
4(4413 4414 10967 10966)
4(4414 4415 10968 10967)
4(4415 4416 10969 10968)
4(4416 4417 10970 10969)
4(4417 4418 10971 10970)
4(4418 4419 10972 10971)
4(4419 4420 10973 10972)
4(4420 4421 10974 10973)
4(4421 4422 10975 10974)
4(4422 4423 10976 10975)
4(4423 4424 10977 10976)
4(4424 4425 10978 10977)
4(4425 4426 10979 10978)
4(4426 4427 10980 10979)
4(4427 4428 10981 10980)
4(4428 4429 10982 10981)
4(4429 4430 10983 10982)
4(4430 4431 10984 10983)
4(4431 4432 10985 10984)
4(4432 4433 10986 10985)
4(4433 4434 10987 10986)
4(4434 4435 10988 10987)
4(4435 4436 10989 10988)
4(4436 4437 10990 10989)
4(4437 4438 10991 10990)
4(4438 4439 10992 10991)
4(4439 4440 10993 10992)
4(4440 4441 10994 10993)
4(4441 4442 10995 10994)
4(4442 4443 10996 10995)
4(4443 4444 10997 10996)
4(4444 4445 10998 10997)
4(4445 4446 10999 10998)
4(4446 4447 11000 10999)
4(4447 4448 11001 11000)
4(4448 4449 11002 11001)
4(4449 4450 11003 11002)
4(4450 4451 11004 11003)
4(4451 4452 11005 11004)
4(4452 4453 11006 11005)
4(4453 4454 11007 11006)
4(4454 4455 11008 11007)
4(4455 4456 11009 11008)
4(4456 4457 11010 11009)
4(4457 4458 11011 11010)
4(4458 4459 11012 11011)
4(4459 4460 11013 11012)
4(4460 4461 11014 11013)
4(4461 4462 11015 11014)
4(4462 4463 11016 11015)
4(4463 4464 11017 11016)
4(4464 4465 11018 11017)
4(4465 4466 11019 11018)
4(4466 4467 11020 11019)
4(4467 4468 11021 11020)
4(4468 4469 11022 11021)
4(4469 4470 11023 11022)
4(4470 4496 11049 11023)
4(4519 4488 11041 11072)
4(4496 4520 11073 11049)
4(4558 4519 11072 11111)
4(4520 4539 11092 11073)
4(4539 4568 11121 11092)
4(4601 4558 11111 11154)
4(4568 4602 11155 11121)
4(4651 4601 11154 11204)
4(4602 4629 11182 11155)
4(4629 4658 11211 11182)
4(4687 4651 11204 11240)
4(4658 4688 11241 11211)
4(4732 4687 11240 11285)
4(4688 4710 11263 11241)
4(4710 4739 11292 11263)
4(4768 4732 11285 11321)
4(4739 4769 11322 11292)
4(4810 4768 11321 11363)
4(4769 4789 11342 11322)
4(4789 4819 11372 11342)
4(4848 4810 11363 11401)
4(4819 4849 11402 11372)
4(4894 4848 11401 11447)
4(4849 4871 11424 11402)
4(4871 4901 11454 11424)
4(4928 4894 11447 11481)
4(4901 4929 11482 11454)
4(4972 4928 11481 11525)
4(4929 4951 11504 11482)
4(4951 4981 11534 11504)
4(5009 4972 11525 11562)
4(4981 5010 11563 11534)
4(5052 5009 11562 11605)
4(5010 5032 11585 11563)
4(5032 5059 11612 11585)
4(5090 5052 11605 11643)
4(5059 5091 11644 11612)
4(5141 5090 11643 11694)
4(5091 5118 11671 11644)
4(5118 5150 11703 11671)
4(5181 5141 11694 11734)
4(5150 5182 11735 11703)
4(5228 5181 11734 11781)
4(5182 5209 11762 11735)
4(5209 5240 11793 11762)
4(5264 5228 11781 11817)
4(5240 5265 11818 11793)
4(5303 5264 11817 11856)
4(5265 5286 11839 11818)
4(5286 5311 11864 11839)
4(5329 5303 11856 11882)
4(5311 5393 11946 11864)
4(5330 5329 11882 11883)
4(5331 5330 11883 11884)
4(5332 5331 11884 11885)
4(5333 5332 11885 11886)
4(5334 5333 11886 11887)
4(5335 5334 11887 11888)
4(5336 5335 11888 11889)
4(5337 5336 11889 11890)
4(5338 5337 11890 11891)
4(5339 5338 11891 11892)
4(5340 5339 11892 11893)
4(5341 5340 11893 11894)
4(5342 5341 11894 11895)
4(5343 5342 11895 11896)
4(5344 5343 11896 11897)
4(5345 5344 11897 11898)
4(5346 5345 11898 11899)
4(5347 5346 11899 11900)
4(5348 5347 11900 11901)
4(5349 5348 11901 11902)
4(5350 5349 11902 11903)
4(5351 5350 11903 11904)
4(5352 5351 11904 11905)
4(5353 5352 11905 11906)
4(5354 5353 11906 11907)
4(5355 5354 11907 11908)
4(5356 5355 11908 11909)
4(5357 5356 11909 11910)
4(5358 5357 11910 11911)
4(5359 5358 11911 11912)
4(5360 5359 11912 11913)
4(5361 5360 11913 11914)
4(5362 5361 11914 11915)
4(5363 5362 11915 11916)
4(5364 5363 11916 11917)
4(5365 5364 11917 11918)
4(5366 5365 11918 11919)
4(5367 5366 11919 11920)
4(5368 5367 11920 11921)
4(5369 5368 11921 11922)
4(5370 5369 11922 11923)
4(5371 5370 11923 11924)
4(5372 5371 11924 11925)
4(5373 5372 11925 11926)
4(5374 5373 11926 11927)
4(5375 5374 11927 11928)
4(5376 5375 11928 11929)
4(5377 5376 11929 11930)
4(5378 5377 11930 11931)
4(5379 5378 11931 11932)
4(5380 5379 11932 11933)
4(5381 5380 11933 11934)
4(5382 5381 11934 11935)
4(5383 5382 11935 11936)
4(5384 5383 11936 11937)
4(5385 5384 11937 11938)
4(5386 5385 11938 11939)
4(5387 5386 11939 11940)
4(5388 5387 11940 11941)
4(5389 5388 11941 11942)
4(5390 5389 11942 11943)
4(5391 5390 11943 11944)
4(5392 5391 11944 11945)
4(5393 5392 11945 11946)
4(1 0 6553 6554)
4(2 1 6554 6555)
4(3 2 6555 6556)
4(4 3 6556 6557)
4(5 4 6557 6558)
4(6 5 6558 6559)
4(7 6 6559 6560)
4(8 7 6560 6561)
4(9 8 6561 6562)
4(10 9 6562 6563)
4(11 10 6563 6564)
4(12 11 6564 6565)
4(13 12 6565 6566)
4(14 13 6566 6567)
4(6538 6539 13092 13091)
4(6539 6540 13093 13092)
4(6540 6541 13094 13093)
4(6541 6542 13095 13094)
4(6542 6543 13096 13095)
4(6543 6544 13097 13096)
4(6544 6545 13098 13097)
4(6545 6546 13099 13098)
4(6546 6547 13100 13099)
4(6547 6548 13101 13100)
4(6548 6549 13102 13101)
4(6549 6550 13103 13102)
4(6550 6551 13104 13103)
4(6551 6552 13105 13104)
4(0 59 6612 6553)
4(59 831 7384 6612)
4(831 1419 7972 7384)
4(1419 1688 8241 7972)
4(1688 1967 8520 8241)
4(1967 2915 9468 8520)
4(2915 3255 9808 9468)
4(3255 3566 10119 9808)
4(3566 4559 11112 10119)
4(4559 4833 11386 11112)
4(4833 5107 11660 11386)
4(5107 5686 12239 11660)
4(5686 6447 13000 12239)
4(6447 6538 13091 13000)
4(105 14 6567 6658)
4(866 105 6658 7419)
4(1445 866 7419 7998)
4(1719 1445 7998 8272)
4(1993 1719 8272 8546)
4(2986 1993 8546 9539)
4(3297 2986 9539 9850)
4(3637 3297 9850 10190)
4(4585 3637 10190 11138)
4(4864 4585 11138 11417)
4(5133 4864 11417 11686)
4(5721 5133 11686 12274)
4(6493 5721 12274 13046)
4(6552 6493 13046 13105)
6(1 15 61 60 59 0)
6(6553 6612 6613 6614 6568 6554)
4(60 832 831 59)
4(6612 7384 7385 6613)
5(832 1273 1420 1419 831)
5(7384 7972 7973 7826 7385)
6(61 143 834 833 832 60)
6(6613 7385 7386 7387 6696 6614)
4(2 16 15 1)
4(6554 6568 6569 6555)
6(16 38 63 62 61 15)
6(6568 6614 6615 6616 6591 6569)
5(3 18 17 16 2)
5(6555 6569 6570 6571 6556)
5(1420 1557 1689 1688 1419)
5(7972 8241 8242 8110 7973)
5(1689 1828 1968 1967 1688)
5(8241 8520 8521 8381 8242)
5(1968 2288 2916 2915 1967)
5(8520 9468 9469 8841 8521)
6(6448 6449 6515 6539 6538 6447)
6(13000 13091 13092 13068 13002 13001)
5(2916 3111 3256 3255 2915)
5(9468 9808 9809 9664 9469)
4(833 1274 1273 832)
4(7385 7826 7827 7386)
4(1274 1421 1420 1273)
4(7826 7973 7974 7827)
4(834 1275 1274 833)
4(7386 7827 7828 7387)
5(1275 1344 1422 1421 1274)
5(7827 7974 7975 7897 7828)
5(4 20 19 18 3)
5(6556 6571 6572 6573 6557)
5(5 22 21 20 4)
5(6557 6573 6574 6575 6558)
5(6 24 23 22 5)
5(6558 6575 6576 6577 6559)
6(14 105 104 103 37 13)
6(6566 6590 6656 6657 6658 6567)
5(7 26 25 24 6)
5(6559 6577 6578 6579 6560)
4(17 39 38 16)
4(6569 6591 6592 6570)
4(39 64 63 38)
4(6591 6616 6617 6592)
4(18 40 39 17)
4(6570 6592 6593 6571)
5(40 66 65 64 39)
5(6592 6617 6618 6619 6593)
4(62 144 143 61)
4(6614 6696 6697 6615)
4(144 835 834 143)
4(6696 7387 7388 6697)
4(63 145 144 62)
4(6615 6697 6698 6616)
6(145 651 837 836 835 144)
6(6697 7388 7389 7390 7204 6698)
6(835 1224 1277 1276 1275 834)
6(7387 7828 7829 7830 7777 7388)
6(64 106 147 146 145 63)
6(6616 6698 6699 6700 6659 6617)
6(6492 6493 6552 6551 6537 6491)
6(13044 13090 13104 13105 13046 13045)
5(3256 3399 3567 3566 3255)
5(9808 10119 10120 9952 9809)
5(3567 4231 4560 4559 3566)
5(10119 11112 11113 10784 10120)
5(4560 4702 4834 4833 4559)
5(11112 11386 11387 11255 11113)
5(4834 4973 5108 5107 4833)
5(11386 11660 11661 11526 11387)
4(1421 1558 1557 1420)
4(7973 8110 8111 7974)
4(1558 1690 1689 1557)
4(8110 8242 8243 8111)
5(1422 1494 1559 1558 1421)
5(7974 8111 8112 8047 7975)
5(1559 1632 1691 1690 1558)
5(8111 8243 8244 8185 8112)
4(1690 1829 1828 1689)
4(8242 8381 8382 8243)
4(1829 1969 1968 1828)
4(8381 8521 8522 8382)
5(1691 1764 1830 1829 1690)
5(8243 8382 8383 8317 8244)
5(1830 1895 1970 1969 1829)
5(8382 8522 8523 8448 8383)
5(5108 5252 5687 5686 5107)
5(11660 12239 12240 11805 11661)
4(5687 6448 6447 5686)
4(12239 13000 13001 12240)
6(5688 5689 6331 6449 6448 5687)
6(12240 13001 13002 12884 12242 12241)
4(1969 2289 2288 1968)
4(8521 8841 8842 8522)
4(2289 2917 2916 2288)
4(8841 9469 9470 8842)
5(1970 2041 2290 2289 1969)
5(8522 8842 8843 8594 8523)
5(2290 2623 2918 2917 2289)
5(8842 9470 9471 9176 8843)
6(6450 6451 6494 6516 6515 6449)
6(13002 13068 13069 13047 13004 13003)
4(2917 3112 3111 2916)
4(9469 9664 9665 9470)
4(6516 6540 6539 6515)
4(13068 13092 13093 13069)
4(3112 3257 3256 3111)
4(9664 9809 9810 9665)
5(2918 3032 3113 3112 2917)
5(9470 9665 9666 9585 9471)
5(6517 6518 6541 6540 6516)
5(13069 13093 13094 13071 13070)
5(3113 3203 3258 3257 3112)
5(9665 9810 9811 9756 9666)
5(6519 6520 6542 6541 6518)
5(13071 13094 13095 13073 13072)
5(6521 6522 6543 6542 6520)
5(13073 13095 13096 13075 13074)
5(6523 6524 6544 6543 6522)
5(13075 13096 13097 13077 13076)
5(6525 6526 6545 6544 6524)
5(13077 13097 13098 13079 13078)
5(8 28 27 26 7)
5(6560 6579 6580 6581 6561)
5(9 30 29 28 8)
5(6561 6581 6582 6583 6562)
4(19 41 40 18)
4(6571 6593 6594 6572)
5(41 68 67 66 40)
5(6593 6619 6620 6621 6594)
4(20 42 41 19)
4(6572 6594 6595 6573)
5(42 70 69 68 41)
5(6594 6621 6622 6623 6595)
5(10 32 31 30 9)
5(6562 6583 6584 6585 6563)
5(11 34 33 32 10)
5(6563 6585 6586 6587 6564)
4(21 43 42 20)
4(6573 6595 6596 6574)
5(43 72 71 70 42)
5(6595 6623 6624 6625 6596)
4(22 44 43 21)
4(6574 6596 6597 6575)
5(44 74 73 72 43)
5(6596 6625 6626 6627 6597)
5(12 36 35 34 11)
5(6564 6587 6588 6589 6565)
4(13 37 36 12)
4(6565 6589 6590 6566)
6(37 103 102 101 58 36)
6(6589 6611 6654 6655 6656 6590)
4(23 45 44 22)
4(6575 6597 6598 6576)
5(45 76 75 74 44)
5(6597 6627 6628 6629 6598)
4(24 46 45 23)
4(6576 6598 6599 6577)
5(46 78 77 76 45)
5(6598 6629 6630 6631 6599)
6(104 865 864 863 221 103)
6(6656 6774 7416 7417 7418 6657)
4(25 47 46 24)
4(6577 6599 6600 6578)
5(47 80 79 78 46)
5(6599 6631 6632 6633 6600)
4(105 866 865 104)
4(6657 7418 7419 6658)
4(26 48 47 25)
4(6578 6600 6601 6579)
5(866 1445 1444 1300 865)
5(7418 7853 7997 7998 7419)
5(48 82 81 80 47)
5(6600 6633 6634 6635 6601)
5(1445 1719 1718 1579 1444)
5(7997 8132 8271 8272 7998)
5(1719 1993 1992 1850 1718)
5(8271 8403 8545 8546 8272)
6(1991 1992 2985 2984 2321 1990)
6(8543 8874 9537 9538 8545 8544)
5(2985 3296 3295 3153 2984)
5(9537 9706 9848 9849 9538)
4(1993 2986 2985 1992)
4(8545 9538 9539 8546)
4(2986 3297 3296 2985)
4(9538 9849 9850 9539)
4(1276 1345 1344 1275)
4(7828 7897 7898 7829)
5(6527 6528 6546 6545 6526)
5(13079 13098 13099 13081 13080)
4(1345 1423 1422 1344)
4(7897 7975 7976 7898)
4(1277 1346 1345 1276)
4(7829 7898 7899 7830)
5(6529 6530 6547 6546 6528)
5(13081 13099 13100 13083 13082)
5(1346 1384 1424 1423 1345)
5(7898 7976 7977 7937 7899)
4(836 1225 1224 835)
4(7388 7777 7778 7389)
5(1225 1253 1278 1277 1224)
5(7777 7830 7831 7806 7778)
6(837 1072 1227 1226 1225 836)
6(7389 7778 7779 7780 7625 7390)
6(1278 1313 1348 1347 1346 1277)
6(7830 7899 7900 7901 7866 7831)
5(6531 6532 6548 6547 6530)
5(13083 13100 13101 13085 13084)
5(6533 6534 6549 6548 6532)
5(13085 13101 13102 13087 13086)
4(146 652 651 145)
4(6698 7204 7205 6699)
6(652 742 839 838 837 651)
6(7204 7390 7391 7392 7295 7205)
5(147 654 653 652 146)
5(6699 7205 7206 7207 6700)
5(3296 3636 3635 3441 3295)
5(9848 9994 10188 10189 9849)
4(65 107 106 64)
4(6617 6659 6660 6618)
6(3636 4584 4583 4582 4264 3635)
6(10188 10817 11135 11136 11137 10189)
4(107 148 147 106)
4(6659 6700 6701 6660)
4(3297 3637 3636 3296)
4(9849 10189 10190 9850)
4(66 108 107 65)
4(6618 6660 6661 6619)
4(3637 4585 4584 3636)
4(10189 11137 11138 10190)
5(108 150 149 148 107)
5(6660 6701 6702 6703 6661)
6(148 222 656 655 654 147)
6(6700 7207 7208 7209 6775 6701)
5(4585 4864 4863 4724 4584)
5(11137 11277 11416 11417 11138)
5(4864 5133 5132 4995 4863)
5(11416 11548 11685 11686 11417)
5(6535 6536 6550 6549 6534)
5(13087 13102 13103 13089 13088)
6(6490 6491 6537 6536 6514 6489)
6(13042 13067 13089 13090 13044 13043)
4(6537 6551 6550 6536)
4(13089 13103 13104 13090)
6(5719 5720 6492 6491 6409 5718)
6(12271 12962 13044 13045 12273 12272)
5(5133 5721 5720 5279 5132)
5(11685 11832 12273 12274 11686)
4(5721 6493 6492 5720)
4(12273 13045 13046 12274)
6(3131 3132 3283 3282 3213 3130)
6(9683 9766 9835 9836 9685 9684)
4(3257 3400 3399 3256)
4(9809 9952 9953 9810)
4(3400 3568 3567 3399)
4(9952 10120 10121 9953)
5(3258 3339 3401 3400 3257)
5(9810 9953 9954 9892 9811)
5(3401 3483 3569 3568 3400)
5(9953 10121 10122 10036 9954)
4(3568 4232 4231 3567)
4(10120 10784 10785 10121)
4(4232 4561 4560 4231)
4(10784 11113 11114 10785)
5(3569 3903 4233 4232 3568)
5(10121 10785 10786 10456 10122)
5(4233 4500 4562 4561 4232)
5(10785 11114 11115 11053 10786)
4(4561 4703 4702 4560)
4(11113 11255 11256 11114)
4(4703 4835 4834 4702)
4(11255 11387 11388 11256)
5(4562 4639 4704 4703 4561)
5(11114 11256 11257 11192 11115)
5(4704 4777 4836 4835 4703)
5(11256 11388 11389 11330 11257)
4(4835 4974 4973 4834)
4(11387 11526 11527 11388)
4(4974 5109 5108 4973)
4(11526 11661 11662 11527)
5(4836 4909 4975 4974 4835)
5(11388 11527 11528 11462 11389)
5(4975 5040 5110 5109 4974)
5(11527 11662 11663 11593 11528)
4(5109 5253 5252 5108)
4(11661 11805 11806 11662)
4(5253 5688 5687 5252)
4(11805 12240 12241 11806)
5(5110 5192 5254 5253 5109)
5(11662 11806 11807 11745 11663)
4(5254 5689 5688 5253)
4(11806 12241 12242 11807)
6(5255 5256 5315 5690 5689 5254)
6(11807 12242 12243 11868 11809 11808)
4(5690 6332 6331 5689)
4(12242 12884 12885 12243)
4(6332 6450 6449 6331)
4(12884 13002 13003 12885)
6(5691 5692 5880 6333 6332 5690)
6(12243 12885 12886 12433 12245 12244)
4(6333 6451 6450 6332)
4(12885 13003 13004 12886)
6(6334 6335 6410 6452 6451 6333)
6(12886 13004 13005 12963 12888 12887)
4(6452 6495 6494 6451)
4(13004 13047 13048 13005)
4(6495 6517 6516 6494)
4(13047 13069 13070 13048)
5(6453 6454 6496 6495 6452)
5(13005 13048 13049 13007 13006)
4(6496 6518 6517 6495)
4(13048 13070 13071 13049)
4(1423 1495 1494 1422)
4(7975 8047 8048 7976)
4(1495 1560 1559 1494)
4(8047 8112 8113 8048)
5(1424 1472 1496 1495 1423)
5(7976 8048 8049 8025 7977)
5(1496 1527 1561 1560 1495)
5(8048 8113 8114 8080 8049)
4(1560 1633 1632 1559)
4(8112 8185 8186 8113)
4(1633 1692 1691 1632)
4(8185 8244 8245 8186)
5(1561 1602 1634 1633 1560)
5(8113 8186 8187 8155 8114)
5(1634 1666 1693 1692 1633)
5(8186 8245 8246 8219 8187)
4(1692 1765 1764 1691)
4(8244 8317 8318 8245)
4(1765 1831 1830 1764)
4(8317 8383 8384 8318)
5(1693 1734 1766 1765 1692)
5(8245 8318 8319 8287 8246)
5(1766 1798 1832 1831 1765)
5(8318 8384 8385 8351 8319)
4(1831 1896 1895 1830)
4(8383 8448 8449 8384)
4(1896 1971 1970 1895)
4(8448 8523 8524 8449)
5(1832 1873 1897 1896 1831)
5(8384 8449 8450 8426 8385)
5(1897 1932 1972 1971 1896)
5(8449 8524 8525 8485 8450)
6(3283 3420 3419 3418 3349 3282)
6(9835 9902 9971 9972 9973 9836)
4(1971 2042 2041 1970)
4(8523 8594 8595 8524)
4(2042 2291 2290 2041)
4(8594 8843 8844 8595)
5(1972 2014 2043 2042 1971)
5(8524 8595 8596 8567 8525)
5(2043 2072 2292 2291 2042)
5(8595 8844 8845 8625 8596)
4(2291 2624 2623 2290)
4(8843 9176 9177 8844)
4(2624 2919 2918 2623)
4(9176 9471 9472 9177)
5(2292 2460 2625 2624 2291)
5(8844 9177 9178 9013 8845)
5(2625 2798 2920 2919 2624)
5(9177 9472 9473 9351 9178)
5(6455 6456 6497 6496 6454)
5(13007 13049 13050 13009 13008)
4(2919 3033 3032 2918)
4(9471 9585 9586 9472)
4(6497 6519 6518 6496)
4(13049 13071 13072 13050)
4(3033 3114 3113 3032)
4(9585 9666 9667 9586)
5(6457 6458 6498 6497 6456)
5(13009 13050 13051 13011 13010)
5(2920 3012 3034 3033 2919)
5(9472 9586 9587 9565 9473)
4(6498 6520 6519 6497)
4(13050 13072 13073 13051)
5(3034 3083 3115 3114 3033)
5(9586 9667 9668 9636 9587)
4(3114 3204 3203 3113)
4(9666 9756 9757 9667)
4(3204 3259 3258 3203)
4(9756 9811 9812 9757)
5(3115 3175 3205 3204 3114)
5(9667 9757 9758 9728 9668)
5(3205 3235 3260 3259 3204)
5(9757 9812 9813 9788 9758)
5(6459 6460 6499 6498 6458)
5(13011 13051 13052 13013 13012)
4(6499 6521 6520 6498)
4(13051 13073 13074 13052)
5(6461 6462 6500 6499 6460)
5(13013 13052 13053 13015 13014)
4(6500 6522 6521 6499)
4(13052 13074 13075 13053)
5(6463 6464 6501 6500 6462)
5(13015 13053 13054 13017 13016)
4(6501 6523 6522 6500)
4(13053 13075 13076 13054)
5(6465 6466 6502 6501 6464)
5(13017 13054 13055 13019 13018)
4(6502 6524 6523 6501)
4(13054 13076 13077 13055)
5(6467 6468 6503 6502 6466)
5(13019 13055 13056 13021 13020)
4(6503 6525 6524 6502)
4(13055 13077 13078 13056)
5(6469 6470 6504 6503 6468)
5(13021 13056 13057 13023 13022)
4(6504 6526 6525 6503)
4(13056 13078 13079 13057)
4(27 49 48 26)
4(6579 6601 6602 6580)
5(49 84 83 82 48)
5(6601 6635 6636 6637 6602)
4(28 50 49 27)
4(6580 6602 6603 6581)
5(50 86 85 84 49)
5(6602 6637 6638 6639 6603)
4(29 51 50 28)
4(6581 6603 6604 6582)
5(51 88 87 86 50)
5(6603 6639 6640 6641 6604)
4(30 52 51 29)
4(6582 6604 6605 6583)
5(52 90 89 88 51)
5(6604 6641 6642 6643 6605)
4(31 53 52 30)
4(6583 6605 6606 6584)
5(53 92 91 90 52)
5(6605 6643 6644 6645 6606)
4(32 54 53 31)
4(6584 6606 6607 6585)
5(54 94 93 92 53)
5(6606 6645 6646 6647 6607)
4(33 55 54 32)
4(6585 6607 6608 6586)
5(55 96 95 94 54)
5(6607 6647 6648 6649 6608)
4(34 56 55 33)
4(6586 6608 6609 6587)
5(56 98 97 96 55)
5(6608 6649 6650 6651 6609)
4(67 109 108 66)
4(6619 6661 6662 6620)
5(109 152 151 150 108)
5(6661 6703 6704 6705 6662)
4(68 110 109 67)
4(6620 6662 6663 6621)
5(110 154 153 152 109)
5(6662 6705 6706 6707 6663)
4(69 111 110 68)
4(6621 6663 6664 6622)
5(111 156 155 154 110)
5(6663 6707 6708 6709 6664)
4(70 112 111 69)
4(6622 6664 6665 6623)
5(112 158 157 156 111)
5(6664 6709 6710 6711 6665)
5(3133 3134 3284 3283 3132)
5(9685 9836 9837 9687 9686)
5(3135 3136 3285 3284 3134)
5(9687 9837 9838 9689 9688)
5(3137 3138 3286 3285 3136)
5(9689 9838 9839 9691 9690)
5(3139 3140 3287 3286 3138)
5(9691 9839 9840 9693 9692)
4(71 113 112 70)
4(6623 6665 6666 6624)
5(113 160 159 158 112)
5(6665 6711 6712 6713 6666)
4(72 114 113 71)
4(6624 6666 6667 6625)
5(114 162 161 160 113)
5(6666 6713 6714 6715 6667)
4(73 115 114 72)
4(6625 6667 6668 6626)
5(115 164 163 162 114)
5(6667 6715 6716 6717 6668)
4(74 116 115 73)
4(6626 6668 6669 6627)
5(116 166 165 164 115)
5(6668 6717 6718 6719 6669)
5(3141 3142 3288 3287 3140)
5(9693 9840 9841 9695 9694)
5(3143 3144 3289 3288 3142)
5(9695 9841 9842 9697 9696)
5(3145 3146 3290 3289 3144)
5(9697 9842 9843 9699 9698)
5(3147 3148 3291 3290 3146)
5(9699 9843 9844 9701 9700)
4(35 57 56 34)
4(6587 6609 6610 6588)
5(57 100 99 98 56)
5(6609 6651 6652 6653 6610)
4(36 58 57 35)
4(6588 6610 6611 6589)
4(58 101 100 57)
4(6610 6653 6654 6611)
6(101 219 218 217 142 100)
6(6653 6695 6770 6771 6772 6654)
4(102 220 219 101)
4(6654 6772 6773 6655)
6(220 862 861 860 672 219)
6(6772 7225 7413 7414 7415 6773)
4(103 221 220 102)
4(6655 6773 6774 6656)
4(221 863 862 220)
4(6773 7415 7416 6774)
6(863 1298 1297 1296 1237 862)
6(7415 7790 7849 7850 7851 7416)
4(864 1299 1298 863)
4(7416 7851 7852 7417)
5(1299 1443 1442 1360 1298)
5(7851 7913 7995 7996 7852)
4(865 1300 1299 864)
4(7417 7852 7853 7418)
4(1300 1444 1443 1299)
4(7852 7996 7997 7853)
4(75 117 116 74)
4(6627 6669 6670 6628)
5(117 168 167 166 116)
5(6669 6719 6720 6721 6670)
4(76 118 117 75)
4(6628 6670 6671 6629)
5(118 170 169 168 117)
5(6670 6721 6722 6723 6671)
4(77 119 118 76)
4(6629 6671 6672 6630)
5(119 172 171 170 118)
5(6671 6723 6724 6725 6672)
4(78 120 119 77)
4(6630 6672 6673 6631)
5(120 174 173 172 119)
5(6672 6725 6726 6727 6673)
5(3149 3150 3292 3291 3148)
5(9701 9844 9845 9703 9702)
6(2980 2981 3151 3150 3069 2979)
6(9532 9622 9703 9704 9534 9533)
4(3151 3293 3292 3150)
4(9703 9845 9846 9704)
6(1989 1990 2321 2320 2052 1988)
6(8541 8605 8873 8874 8543 8542)
5(2321 2984 2983 2649 2320)
5(8873 9202 9536 9537 8874)
5(2982 2983 3152 3151 2981)
5(9534 9704 9705 9536 9535)
4(3152 3294 3293 3151)
4(9704 9846 9847 9705)
4(2984 3153 3152 2983)
4(9536 9705 9706 9537)
4(3153 3295 3294 3152)
4(9705 9847 9848 9706)
5(1443 1578 1577 1512 1442)
5(7995 8065 8130 8131 7996)
4(79 121 120 78)
4(6631 6673 6674 6632)
5(1578 1717 1716 1643 1577)
5(8130 8196 8269 8270 8131)
5(121 176 175 174 120)
5(6673 6727 6728 6729 6674)
4(1444 1579 1578 1443)
4(7996 8131 8132 7997)
4(80 122 121 79)
4(6632 6674 6675 6633)
4(1579 1718 1717 1578)
4(8131 8270 8271 8132)
5(122 178 177 176 121)
5(6674 6729 6730 6731 6675)
5(1717 1849 1848 1775 1716)
5(8269 8328 8401 8402 8270)
5(1849 1991 1990 1913 1848)
5(8401 8466 8543 8544 8402)
4(1718 1850 1849 1717)
4(8270 8402 8403 8271)
4(1850 1992 1991 1849)
4(8402 8544 8545 8403)
4(81 123 122 80)
4(6633 6675 6676 6634)
5(123 180 179 178 122)
5(6675 6731 6732 6733 6676)
4(82 124 123 81)
4(6634 6676 6677 6635)
5(124 182 181 180 123)
5(6676 6733 6734 6735 6677)
5(3284 3422 3421 3420 3283)
5(9836 9973 9974 9975 9837)
5(3285 3424 3423 3422 3284)
5(9837 9975 9976 9977 9838)
5(3286 3426 3425 3424 3285)
5(9838 9977 9978 9979 9839)
5(3287 3428 3427 3426 3286)
5(9839 9979 9980 9981 9840)
5(3288 3430 3429 3428 3287)
5(9840 9981 9982 9983 9841)
5(3289 3432 3431 3430 3288)
5(9841 9983 9984 9985 9842)
5(3290 3434 3433 3432 3289)
5(9842 9985 9986 9987 9843)
5(3291 3436 3435 3434 3290)
5(9843 9987 9988 9989 9844)
5(6471 6472 6505 6504 6470)
5(13023 13057 13058 13025 13024)
4(6505 6527 6526 6504)
4(13057 13079 13080 13058)
5(6473 6474 6506 6505 6472)
5(13025 13058 13059 13027 13026)
4(6506 6528 6527 6505)
4(13058 13080 13081 13059)
5(6475 6476 6507 6506 6474)
5(13027 13059 13060 13029 13028)
4(6507 6529 6528 6506)
4(13059 13081 13082 13060)
5(6477 6478 6508 6507 6476)
5(13029 13060 13061 13031 13030)
4(6508 6530 6529 6507)
4(13060 13082 13083 13061)
4(1226 1254 1253 1225)
4(7778 7806 7807 7779)
4(1254 1279 1278 1253)
4(7806 7831 7832 7807)
5(1227 1242 1255 1254 1226)
5(7779 7807 7808 7795 7780)
5(1255 1267 1280 1279 1254)
5(7807 7832 7833 7820 7808)
5(6479 6480 6509 6508 6478)
5(13031 13061 13062 13033 13032)
4(6509 6531 6530 6508)
4(13061 13083 13084 13062)
5(6481 6482 6510 6509 6480)
5(13033 13062 13063 13035 13034)
4(6510 6532 6531 6509)
4(13062 13084 13085 13063)
4(1347 1385 1384 1346)
4(7899 7937 7938 7900)
4(1385 1425 1424 1384)
4(7937 7977 7978 7938)
4(1348 1386 1385 1347)
4(7900 7938 7939 7901)
6(1386 1403 1427 1426 1425 1385)
6(7938 7978 7979 7980 7956 7939)
5(6483 6484 6511 6510 6482)
5(13035 13063 13064 13037 13036)
4(1279 1314 1313 1278)
4(7831 7866 7867 7832)
4(6511 6533 6532 6510)
4(13063 13085 13086 13064)
5(1280 1301 1315 1314 1279)
5(7832 7867 7868 7854 7833)
4(1314 1349 1348 1313)
4(7866 7901 7902 7867)
6(1315 1329 1351 1350 1349 1314)
6(7867 7902 7903 7904 7882 7868)
5(6485 6486 6512 6511 6484)
5(13037 13064 13065 13039 13038)
4(6512 6534 6533 6511)
4(13064 13086 13087 13065)
6(1349 1378 1388 1387 1386 1348)
6(7901 7939 7940 7941 7931 7902)
5(3292 3438 3437 3436 3291)
5(9844 9989 9990 9991 9845)
4(3293 3439 3438 3292)
4(9845 9991 9992 9846)
6(3439 3632 3631 3630 3520 3438)
6(9991 10073 10183 10184 10185 9992)
4(3294 3440 3439 3293)
4(9846 9992 9993 9847)
5(3440 3634 3633 3632 3439)
5(9992 10185 10186 10187 9993)
4(3295 3441 3440 3294)
4(9847 9993 9994 9848)
4(3441 3635 3634 3440)
4(9993 10187 10188 9994)
5(3635 4264 4263 3929 3634)
5(10187 10482 10816 10817 10188)
6(4264 4582 4581 4580 4511 4263)
6(10816 11064 11133 11134 11135 10817)
4(653 743 742 652)
4(7205 7295 7296 7206)
5(743 841 840 839 742)
5(7295 7392 7393 7394 7296)
4(654 744 743 653)
4(7206 7296 7297 7207)
5(744 843 842 841 743)
5(7296 7394 7395 7396 7297)
5(4583 4723 4722 4657 4582)
5(11135 11210 11275 11276 11136)
5(4723 4862 4861 4788 4722)
5(11275 11341 11414 11415 11276)
4(4584 4724 4723 4583)
4(11136 11276 11277 11137)
4(4724 4863 4862 4723)
4(11276 11415 11416 11277)
5(4862 4994 4993 4920 4861)
5(11414 11473 11546 11547 11415)
4(655 745 744 654)
4(7207 7297 7298 7208)
5(4994 5131 5130 5058 4993)
5(11546 11611 11683 11684 11547)
4(656 746 745 655)
4(7208 7298 7299 7209)
5(745 845 844 843 744)
5(7297 7396 7397 7398 7298)
6(746 760 847 846 845 745)
6(7298 7398 7399 7400 7313 7299)
4(4863 4995 4994 4862)
4(11415 11547 11548 11416)
4(4995 5132 5131 4994)
4(11547 11684 11685 11548)
4(149 223 222 148)
4(6701 6775 6776 6702)
4(223 657 656 222)
4(6775 7209 7210 6776)
4(150 224 223 149)
4(6702 6776 6777 6703)
6(224 355 659 658 657 223)
6(6776 7210 7211 7212 6908 6777)
6(657 673 748 747 746 656)
6(7209 7299 7300 7301 7226 7210)
4(838 1073 1072 837)
4(7390 7625 7626 7391)
6(1073 1155 1229 1228 1227 1072)
6(7625 7780 7781 7782 7708 7626)
6(839 930 1075 1074 1073 838)
6(7391 7626 7627 7628 7483 7392)
6(6406 6407 6489 6488 6446 6405)
6(12958 12999 13041 13042 12960 12959)
6(5276 5277 5718 5717 5328 5275)
6(11828 11881 12270 12271 11830 11829)
6(5716 5717 6408 6407 5901 5715)
6(12268 12454 12960 12961 12270 12269)
4(6408 6490 6489 6407)
4(12960 13042 13043 12961)
4(5718 6409 6408 5717)
4(12270 12961 12962 12271)
4(6409 6491 6490 6408)
4(12961 13043 13044 12962)
5(6487 6488 6513 6512 6486)
5(13039 13065 13066 13041 13040)
4(6513 6535 6534 6512)
4(13065 13087 13088 13066)
4(6489 6514 6513 6488)
4(13041 13066 13067 13042)
4(6514 6536 6535 6513)
4(13066 13088 13089 13067)
5(5131 5278 5277 5208 5130)
5(11683 11761 11830 11831 11684)
4(5278 5719 5718 5277)
4(11830 12271 12272 11831)
4(5132 5279 5278 5131)
4(11684 11831 11832 11685)
4(5279 5720 5719 5278)
4(11831 12272 12273 11832)
6(2936 2937 3048 3047 3018 2935)
6(9488 9571 9600 9601 9490 9489)
5(3048 3129 3128 3089 3047)
5(9600 9642 9681 9682 9601)
5(2938 2939 3049 3048 2937)
5(9490 9601 9602 9492 9491)
4(3049 3130 3129 3048)
4(9601 9682 9683 9602)
5(3129 3212 3211 3181 3128)
5(9681 9734 9764 9765 9682)
5(3212 3281 3280 3241 3211)
5(9764 9794 9833 9834 9765)
4(3130 3213 3212 3129)
4(9682 9765 9766 9683)
4(3213 3282 3281 3212)
4(9765 9834 9835 9766)
5(2940 2941 3050 3049 2939)
5(9492 9602 9603 9494 9493)
4(3050 3131 3130 3049)
4(9602 9683 9684 9603)
5(2942 2943 3051 3050 2941)
5(9494 9603 9604 9496 9495)
4(3051 3132 3131 3050)
4(9603 9684 9685 9604)
4(3259 3340 3339 3258)
4(9811 9892 9893 9812)
4(3340 3402 3401 3339)
4(9892 9954 9955 9893)
5(3260 3311 3341 3340 3259)
5(9812 9893 9894 9864 9813)
5(3341 3371 3403 3402 3340)
5(9893 9955 9956 9924 9894)
4(3402 3484 3483 3401)
4(9954 10036 10037 9955)
4(3484 3570 3569 3483)
4(10036 10122 10123 10037)
5(3403 3463 3485 3484 3402)
5(9955 10037 10038 10016 9956)
5(3485 3534 3571 3570 3484)
5(10037 10123 10124 10087 10038)
4(3570 3904 3903 3569)
4(10122 10456 10457 10123)
4(3904 4234 4233 3903)
4(10456 10786 10787 10457)
5(3571 3659 3905 3904 3570)
5(10123 10457 10458 10212 10124)
5(3905 4072 4235 4234 3904)
5(10457 10787 10788 10625 10458)
4(4234 4501 4500 4233)
4(10786 11053 11054 10787)
4(4501 4563 4562 4500)
4(11053 11115 11116 11054)
5(4235 4471 4502 4501 4234)
5(10787 11054 11055 11024 10788)
5(4502 4530 4564 4563 4501)
5(11054 11116 11117 11083 11055)
4(4563 4640 4639 4562)
4(11115 11192 11193 11116)
4(4640 4705 4704 4639)
4(11192 11257 11258 11193)
5(4564 4611 4641 4640 4563)
5(11116 11193 11194 11164 11117)
5(4641 4672 4706 4705 4640)
5(11193 11258 11259 11225 11194)
4(4705 4778 4777 4704)
4(11257 11330 11331 11258)
4(4778 4837 4836 4777)
4(11330 11389 11390 11331)
5(4706 4747 4779 4778 4705)
5(11258 11331 11332 11300 11259)
5(4779 4811 4838 4837 4778)
5(11331 11390 11391 11364 11332)
4(4837 4910 4909 4836)
4(11389 11462 11463 11390)
4(4910 4976 4975 4909)
4(11462 11528 11529 11463)
5(4838 4879 4911 4910 4837)
5(11390 11463 11464 11432 11391)
5(4911 4943 4977 4976 4910)
5(11463 11529 11530 11496 11464)
4(4976 5041 5040 4975)
4(11528 11593 11594 11529)
4(5041 5111 5110 5040)
4(11593 11663 11664 11594)
5(4977 5018 5042 5041 4976)
5(11529 11594 11595 11571 11530)
5(5042 5073 5112 5111 5041)
5(11594 11664 11665 11626 11595)
4(5111 5193 5192 5110)
4(11663 11745 11746 11664)
4(5193 5255 5254 5192)
4(11745 11807 11808 11746)
5(5112 5158 5194 5193 5111)
5(11664 11746 11747 11711 11665)
4(5194 5256 5255 5193)
4(11746 11808 11809 11747)
6(5195 5196 5229 5257 5256 5194)
6(11747 11809 11810 11782 11749 11748)
5(5257 5290 5316 5315 5256)
5(11809 11868 11869 11843 11810)
4(5316 5691 5690 5315)
4(11868 12243 12244 11869)
6(5317 5318 5469 5692 5691 5316)
6(11869 12244 12245 12022 11871 11870)
6(5693 5694 5793 5881 5880 5692)
6(12245 12433 12434 12346 12247 12246)
4(5881 6334 6333 5880)
4(12433 12886 12887 12434)
5(5882 5883 6335 6334 5881)
5(12434 12887 12888 12436 12435)
6(5884 5885 6198 6336 6335 5883)
6(12436 12888 12889 12751 12438 12437)
4(6336 6411 6410 6335)
4(12888 12963 12964 12889)
4(6411 6453 6452 6410)
4(12963 13005 13006 12964)
5(6337 6338 6412 6411 6336)
5(12889 12964 12965 12891 12890)
4(6412 6454 6453 6411)
4(12964 13006 13007 12965)
5(1425 1446 1473 1472 1424)
5(7977 8025 8026 7999 7978)
5(1473 1480 1497 1496 1472)
5(8025 8049 8050 8033 8026)
5(1497 1521 1528 1527 1496)
5(8049 8080 8081 8074 8050)
5(1528 1551 1562 1561 1527)
5(8080 8114 8115 8104 8081)
5(1562 1588 1603 1602 1561)
5(8114 8155 8156 8141 8115)
5(1603 1610 1635 1634 1602)
5(8155 8187 8188 8163 8156)
5(1635 1652 1667 1666 1634)
5(8187 8219 8220 8205 8188)
5(1667 1682 1694 1693 1666)
5(8219 8246 8247 8235 8220)
5(1694 1720 1735 1734 1693)
5(8246 8287 8288 8273 8247)
5(1735 1750 1767 1766 1734)
5(8287 8319 8320 8303 8288)
5(1767 1792 1799 1798 1766)
5(8319 8351 8352 8345 8320)
5(1799 1814 1833 1832 1798)
5(8351 8385 8386 8367 8352)
5(1833 1851 1874 1873 1832)
5(8385 8426 8427 8404 8386)
5(1874 1881 1898 1897 1873)
5(8426 8450 8451 8434 8427)
5(1898 1924 1933 1932 1897)
5(8450 8485 8486 8477 8451)
5(1933 1959 1973 1972 1932)
5(8485 8525 8526 8512 8486)
5(3281 3348 3347 3317 3280)
5(9833 9870 9900 9901 9834)
5(3348 3417 3416 3377 3347)
5(9900 9930 9969 9970 9901)
4(3282 3349 3348 3281)
4(9834 9901 9902 9835)
4(3349 3418 3417 3348)
4(9901 9970 9971 9902)
5(3417 3499 3498 3469 3416)
5(9969 10022 10051 10052 9970)
6(3499 3588 3587 3586 3540 3498)
6(10051 10093 10139 10140 10141 10052)
4(3418 3500 3499 3417)
4(9970 10052 10053 9971)
5(3500 3590 3589 3588 3499)
5(10052 10141 10142 10143 10053)
4(3419 3501 3500 3418)
4(9971 10053 10054 9972)
5(3501 3592 3591 3590 3500)
5(10053 10143 10144 10145 10054)
4(3420 3502 3501 3419)
4(9972 10054 10055 9973)
5(3502 3594 3593 3592 3501)
5(10054 10145 10146 10147 10055)
5(6339 6340 6413 6412 6338)
5(12891 12965 12966 12893 12892)
4(6413 6455 6454 6412)
4(12965 13007 13008 12966)
5(6341 6342 6414 6413 6340)
5(12893 12966 12967 12895 12894)
4(6414 6456 6455 6413)
4(12966 13008 13009 12967)
5(6343 6344 6415 6414 6342)
5(12895 12967 12968 12897 12896)
4(6415 6457 6456 6414)
4(12967 13009 13010 12968)
5(6345 6346 6416 6415 6344)
5(12897 12968 12969 12899 12898)
4(6416 6458 6457 6415)
4(12968 13010 13011 12969)
5(1973 2002 2015 2014 1972)
5(8525 8567 8568 8555 8526)
5(2015 2023 2044 2043 2014)
5(8567 8596 8597 8576 8568)
5(2044 2057 2073 2072 2043)
5(8596 8625 8626 8610 8597)
5(2073 2148 2293 2292 2072)
5(8625 8845 8846 8701 8626)
5(2293 2384 2461 2460 2292)
5(8845 9013 9014 8937 8846)
5(2461 2548 2626 2625 2460)
5(9013 9178 9179 9101 9014)
5(6347 6348 6417 6416 6346)
5(12899 12969 12970 12901 12900)
5(2626 2664 2799 2798 2625)
5(9178 9351 9352 9217 9179)
4(6417 6459 6458 6416)
4(12969 13011 13012 12970)
5(2799 2901 2921 2920 2798)
5(9351 9473 9474 9454 9352)
5(6349 6350 6418 6417 6348)
5(12901 12970 12971 12903 12902)
4(6418 6460 6459 6417)
4(12970 13012 13013 12971)
5(6351 6352 6419 6418 6350)
5(12903 12971 12972 12905 12904)
4(6419 6461 6460 6418)
4(12971 13013 13014 12972)
5(6353 6354 6420 6419 6352)
5(12905 12972 12973 12907 12906)
4(6420 6462 6461 6419)
4(12972 13014 13015 12973)
5(2921 2987 3013 3012 2920)
5(9473 9565 9566 9540 9474)
5(3013 3019 3035 3034 3012)
5(9565 9587 9588 9572 9566)
5(3035 3078 3084 3083 3034)
5(9587 9636 9637 9631 9588)
5(3084 3106 3116 3115 3083)
5(9636 9668 9669 9659 9637)
5(3116 3162 3176 3175 3115)
5(9668 9728 9729 9715 9669)
5(3176 3182 3206 3205 3175)
5(9728 9758 9759 9735 9729)
5(3206 3222 3236 3235 3205)
5(9758 9788 9789 9775 9759)
5(3236 3250 3261 3260 3235)
5(9788 9813 9814 9803 9789)
5(6355 6356 6421 6420 6354)
5(12907 12973 12974 12909 12908)
4(6421 6463 6462 6420)
4(12973 13015 13016 12974)
5(6357 6358 6422 6421 6356)
5(12909 12974 12975 12911 12910)
4(6422 6464 6463 6421)
4(12974 13016 13017 12975)
5(6359 6360 6423 6422 6358)
5(12911 12975 12976 12913 12912)
4(6423 6465 6464 6422)
4(12975 13017 13018 12976)
5(6361 6362 6424 6423 6360)
5(12913 12976 12977 12915 12914)
4(6424 6466 6465 6423)
4(12976 13018 13019 12977)
5(6363 6364 6425 6424 6362)
5(12915 12977 12978 12917 12916)
4(6425 6467 6466 6424)
4(12977 13019 13020 12978)
5(6365 6366 6426 6425 6364)
5(12917 12978 12979 12919 12918)
4(6426 6468 6467 6425)
4(12978 13020 13021 12979)
5(6367 6368 6427 6426 6366)
5(12919 12979 12980 12921 12920)
4(6427 6469 6468 6426)
4(12979 13021 13022 12980)
5(6369 6370 6428 6427 6368)
5(12921 12980 12981 12923 12922)
4(6428 6470 6469 6427)
4(12980 13022 13023 12981)
4(83 125 124 82)
4(6635 6677 6678 6636)
5(125 184 183 182 124)
5(6677 6735 6736 6737 6678)
4(84 126 125 83)
4(6636 6678 6679 6637)
5(126 186 185 184 125)
5(6678 6737 6738 6739 6679)
4(85 127 126 84)
4(6637 6679 6680 6638)
5(127 188 187 186 126)
5(6679 6739 6740 6741 6680)
4(86 128 127 85)
4(6638 6680 6681 6639)
5(128 190 189 188 127)
5(6680 6741 6742 6743 6681)
4(87 129 128 86)
4(6639 6681 6682 6640)
5(129 192 191 190 128)
5(6681 6743 6744 6745 6682)
4(88 130 129 87)
4(6640 6682 6683 6641)
5(130 194 193 192 129)
5(6682 6745 6746 6747 6683)
4(89 131 130 88)
4(6641 6683 6684 6642)
5(131 196 195 194 130)
5(6683 6747 6748 6749 6684)
4(90 132 131 89)
4(6642 6684 6685 6643)
5(132 198 197 196 131)
5(6684 6749 6750 6751 6685)
4(91 133 132 90)
4(6643 6685 6686 6644)
5(133 200 199 198 132)
5(6685 6751 6752 6753 6686)
4(92 134 133 91)
4(6644 6686 6687 6645)
5(134 202 201 200 133)
5(6686 6753 6754 6755 6687)
4(93 135 134 92)
4(6645 6687 6688 6646)
5(135 204 203 202 134)
5(6687 6755 6756 6757 6688)
4(94 136 135 93)
4(6646 6688 6689 6647)
5(136 206 205 204 135)
5(6688 6757 6758 6759 6689)
4(95 137 136 94)
4(6647 6689 6690 6648)
5(137 208 207 206 136)
5(6689 6759 6760 6761 6690)
4(96 138 137 95)
4(6648 6690 6691 6649)
5(138 210 209 208 137)
5(6690 6761 6762 6763 6691)
4(97 139 138 96)
4(6649 6691 6692 6650)
5(139 212 211 210 138)
5(6691 6763 6764 6765 6692)
4(98 140 139 97)
4(6650 6692 6693 6651)
5(140 214 213 212 139)
5(6692 6765 6766 6767 6693)
5(151 226 225 224 150)
5(6703 6777 6778 6779 6704)
5(152 228 227 226 151)
5(6704 6779 6780 6781 6705)
5(153 230 229 228 152)
5(6705 6781 6782 6783 6706)
5(154 232 231 230 153)
5(6706 6783 6784 6785 6707)
5(155 234 233 232 154)
5(6707 6785 6786 6787 6708)
5(156 236 235 234 155)
5(6708 6787 6788 6789 6709)
5(157 238 237 236 156)
5(6709 6789 6790 6791 6710)
5(158 240 239 238 157)
5(6710 6791 6792 6793 6711)
5(2944 2945 3052 3051 2943)
5(9496 9604 9605 9498 9497)
4(3052 3133 3132 3051)
4(9604 9685 9686 9605)
5(2946 2947 3053 3052 2945)
5(9498 9605 9606 9500 9499)
4(3053 3134 3133 3052)
4(9605 9686 9687 9606)
5(2948 2949 3054 3053 2947)
5(9500 9606 9607 9502 9501)
4(3054 3135 3134 3053)
4(9606 9687 9688 9607)
5(2950 2951 3055 3054 2949)
5(9502 9607 9608 9504 9503)
4(3055 3136 3135 3054)
4(9607 9688 9689 9608)
5(2952 2953 3056 3055 2951)
5(9504 9608 9609 9506 9505)
4(3056 3137 3136 3055)
4(9608 9689 9690 9609)
5(2954 2955 3057 3056 2953)
5(9506 9609 9610 9508 9507)
4(3057 3138 3137 3056)
4(9609 9690 9691 9610)
5(2956 2957 3058 3057 2955)
5(9508 9610 9611 9510 9509)
4(3058 3139 3138 3057)
4(9610 9691 9692 9611)
5(2958 2959 3059 3058 2957)
5(9510 9611 9612 9512 9511)
4(3059 3140 3139 3058)
4(9611 9692 9693 9612)
5(159 242 241 240 158)
5(6711 6793 6794 6795 6712)
5(160 244 243 242 159)
5(6712 6795 6796 6797 6713)
5(161 246 245 244 160)
5(6713 6797 6798 6799 6714)
5(162 248 247 246 161)
5(6714 6799 6800 6801 6715)
5(163 250 249 248 162)
5(6715 6801 6802 6803 6716)
5(164 252 251 250 163)
5(6716 6803 6804 6805 6717)
5(165 254 253 252 164)
5(6717 6805 6806 6807 6718)
5(166 256 255 254 165)
5(6718 6807 6808 6809 6719)
5(2960 2961 3060 3059 2959)
5(9512 9612 9613 9514 9513)
4(3060 3141 3140 3059)
4(9612 9693 9694 9613)
5(2962 2963 3061 3060 2961)
5(9514 9613 9614 9516 9515)
4(3061 3142 3141 3060)
4(9613 9694 9695 9614)
5(2964 2965 3062 3061 2963)
5(9516 9614 9615 9518 9517)
4(3062 3143 3142 3061)
4(9614 9695 9696 9615)
5(2966 2967 3063 3062 2965)
5(9518 9615 9616 9520 9519)
4(3063 3144 3143 3062)
4(9615 9696 9697 9616)
5(2968 2969 3064 3063 2967)
5(9520 9616 9617 9522 9521)
4(3064 3145 3144 3063)
4(9616 9697 9698 9617)
5(2970 2971 3065 3064 2969)
5(9522 9617 9618 9524 9523)
4(3065 3146 3145 3064)
4(9617 9698 9699 9618)
5(2972 2973 3066 3065 2971)
5(9524 9618 9619 9526 9525)
4(3066 3147 3146 3065)
4(9618 9699 9700 9619)
5(2974 2975 3067 3066 2973)
5(9526 9619 9620 9528 9527)
4(3067 3148 3147 3066)
4(9619 9700 9701 9620)
4(99 141 140 98)
4(6651 6693 6694 6652)
5(141 216 215 214 140)
5(6693 6767 6768 6769 6694)
4(100 142 141 99)
4(6652 6694 6695 6653)
4(142 217 216 141)
4(6694 6769 6770 6695)
6(217 669 668 667 354 216)
6(6769 6907 7220 7221 7222 6770)
5(218 671 670 669 217)
5(6770 7222 7223 7224 6771)
4(219 672 671 218)
4(6771 7224 7225 6772)
6(672 860 859 858 759 671)
6(7224 7312 7411 7412 7413 7225)
6(861 1236 1235 1234 1083 860)
6(7413 7636 7787 7788 7789 7414)
4(862 1237 1236 861)
4(7414 7789 7790 7415)
6(1237 1296 1295 1294 1262 1236)
6(7789 7815 7847 7848 7849 7790)
5(1297 1359 1358 1323 1296)
5(7849 7876 7911 7912 7850)
5(1359 1441 1440 1394 1358)
5(7911 7947 7993 7994 7912)
4(1298 1360 1359 1297)
4(7850 7912 7913 7851)
4(1360 1442 1441 1359)
4(7912 7994 7995 7913)
5(167 258 257 256 166)
5(6719 6809 6810 6811 6720)
5(168 260 259 258 167)
5(6720 6811 6812 6813 6721)
5(169 262 261 260 168)
5(6721 6813 6814 6815 6722)
5(170 264 263 262 169)
5(6722 6815 6816 6817 6723)
5(1441 1511 1510 1479 1440)
5(7993 8032 8063 8064 7994)
5(1511 1576 1575 1534 1510)
5(8063 8087 8128 8129 8064)
4(1442 1512 1511 1441)
4(7994 8064 8065 7995)
4(1512 1577 1576 1511)
4(8064 8129 8130 8065)
5(1576 1642 1641 1609 1575)
5(8128 8162 8194 8195 8129)
5(1642 1715 1714 1673 1641)
5(8194 8226 8267 8268 8195)
4(1577 1643 1642 1576)
4(8129 8195 8196 8130)
4(1643 1716 1715 1642)
4(8195 8268 8269 8196)
5(171 266 265 264 170)
5(6723 6817 6818 6819 6724)
5(172 268 267 266 171)
5(6724 6819 6820 6821 6725)
5(1715 1774 1773 1741 1714)
5(8267 8294 8326 8327 8268)
5(173 270 269 268 172)
5(6725 6821 6822 6823 6726)
5(1774 1847 1846 1805 1773)
5(8326 8358 8399 8400 8327)
4(1716 1775 1774 1715)
4(8268 8327 8328 8269)
5(174 272 271 270 173)
5(6726 6823 6824 6825 6727)
4(1775 1848 1847 1774)
4(8327 8400 8401 8328)
5(1847 1912 1911 1880 1846)
5(8399 8433 8464 8465 8400)
5(1912 1989 1988 1941 1911)
5(8464 8494 8541 8542 8465)
4(1848 1913 1912 1847)
4(8400 8465 8466 8401)
4(1913 1990 1989 1912)
4(8465 8542 8543 8466)
6(2644 2645 2980 2979 2893 2643)
6(9196 9446 9532 9533 9198 9197)
5(2646 2647 2981 2980 2645)
5(9198 9533 9534 9200 9199)
5(2976 2977 3068 3067 2975)
5(9528 9620 9621 9530 9529)
4(3068 3149 3148 3067)
4(9620 9701 9702 9621)
5(2978 2979 3069 3068 2977)
5(9530 9621 9622 9532 9531)
4(3069 3150 3149 3068)
4(9621 9702 9703 9622)
6(1987 1988 2052 2051 2022 1986)
6(8539 8575 8604 8605 8541 8540)
5(2052 2320 2319 2081 2051)
5(8604 8634 8872 8873 8605)
6(2318 2319 2648 2647 2480 2317)
6(8870 9033 9200 9201 8872 8871)
4(2648 2982 2981 2647)
4(9200 9534 9535 9201)
4(2320 2649 2648 2319)
4(8872 9201 9202 8873)
4(2649 2983 2982 2648)
4(9201 9535 9536 9202)
5(175 274 273 272 174)
5(6727 6825 6826 6827 6728)
5(176 276 275 274 175)
5(6728 6827 6828 6829 6729)
5(177 278 277 276 176)
5(6729 6829 6830 6831 6730)
5(178 280 279 278 177)
5(6730 6831 6832 6833 6731)
5(179 282 281 280 178)
5(6731 6833 6834 6835 6732)
5(180 284 283 282 179)
5(6732 6835 6836 6837 6733)
5(181 286 285 284 180)
5(6733 6837 6838 6839 6734)
5(182 288 287 286 181)
5(6734 6839 6840 6841 6735)
4(3421 3503 3502 3420)
4(9973 10055 10056 9974)
5(3503 3596 3595 3594 3502)
5(10055 10147 10148 10149 10056)
4(3422 3504 3503 3421)
4(9974 10056 10057 9975)
5(3504 3598 3597 3596 3503)
5(10056 10149 10150 10151 10057)
4(3423 3505 3504 3422)
4(9975 10057 10058 9976)
5(3505 3600 3599 3598 3504)
5(10057 10151 10152 10153 10058)
4(3424 3506 3505 3423)
4(9976 10058 10059 9977)
5(3506 3602 3601 3600 3505)
5(10058 10153 10154 10155 10059)
4(3425 3507 3506 3424)
4(9977 10059 10060 9978)
5(3507 3604 3603 3602 3506)
5(10059 10155 10156 10157 10060)
4(3426 3508 3507 3425)
4(9978 10060 10061 9979)
5(3508 3606 3605 3604 3507)
5(10060 10157 10158 10159 10061)
4(3427 3509 3508 3426)
4(9979 10061 10062 9980)
5(3509 3608 3607 3606 3508)
5(10061 10159 10160 10161 10062)
4(3428 3510 3509 3427)
4(9980 10062 10063 9981)
5(3510 3610 3609 3608 3509)
5(10062 10161 10162 10163 10063)
4(3429 3511 3510 3428)
4(9981 10063 10064 9982)
5(3511 3612 3611 3610 3510)
5(10063 10163 10164 10165 10064)
4(3430 3512 3511 3429)
4(9982 10064 10065 9983)
5(3512 3614 3613 3612 3511)
5(10064 10165 10166 10167 10065)
4(3431 3513 3512 3430)
4(9983 10065 10066 9984)
5(3513 3616 3615 3614 3512)
5(10065 10167 10168 10169 10066)
4(3432 3514 3513 3431)
4(9984 10066 10067 9985)
5(3514 3618 3617 3616 3513)
5(10066 10169 10170 10171 10067)
4(3433 3515 3514 3432)
4(9985 10067 10068 9986)
5(3515 3620 3619 3618 3514)
5(10067 10171 10172 10173 10068)
4(3434 3516 3515 3433)
4(9986 10068 10069 9987)
5(3516 3622 3621 3620 3515)
5(10068 10173 10174 10175 10069)
4(3435 3517 3516 3434)
4(9987 10069 10070 9988)
5(3517 3624 3623 3622 3516)
5(10069 10175 10176 10177 10070)
4(3436 3518 3517 3435)
4(9988 10070 10071 9989)
5(3518 3626 3625 3624 3517)
5(10070 10177 10178 10179 10071)
5(6371 6372 6429 6428 6370)
5(12923 12981 12982 12925 12924)
4(6429 6471 6470 6428)
4(12981 13023 13024 12982)
5(6373 6374 6430 6429 6372)
5(12925 12982 12983 12927 12926)
4(6430 6472 6471 6429)
4(12982 13024 13025 12983)
5(6375 6376 6431 6430 6374)
5(12927 12983 12984 12929 12928)
4(6431 6473 6472 6430)
4(12983 13025 13026 12984)
5(6377 6378 6432 6431 6376)
5(12929 12984 12985 12931 12930)
4(6432 6474 6473 6431)
4(12984 13026 13027 12985)
5(6379 6380 6433 6432 6378)
5(12931 12985 12986 12933 12932)
4(6433 6475 6474 6432)
4(12985 13027 13028 12986)
5(6381 6382 6434 6433 6380)
5(12933 12986 12987 12935 12934)
4(6434 6476 6475 6433)
4(12986 13028 13029 12987)
5(6383 6384 6435 6434 6382)
5(12935 12987 12988 12937 12936)
4(6435 6477 6476 6434)
4(12987 13029 13030 12988)
5(6385 6386 6436 6435 6384)
5(12937 12988 12989 12939 12938)
4(6436 6478 6477 6435)
4(12988 13030 13031 12989)
5(6387 6388 6437 6436 6386)
5(12939 12989 12990 12941 12940)
4(6437 6479 6478 6436)
4(12989 13031 13032 12990)
5(6389 6390 6438 6437 6388)
5(12941 12990 12991 12943 12942)
4(6438 6480 6479 6437)
4(12990 13032 13033 12991)
5(6391 6392 6439 6438 6390)
5(12943 12991 12992 12945 12944)
4(6439 6481 6480 6438)
4(12991 13033 13034 12992)
5(6393 6394 6440 6439 6392)
5(12945 12992 12993 12947 12946)
4(6440 6482 6481 6439)
4(12992 13034 13035 12993)
5(6395 6396 6441 6440 6394)
5(12947 12993 12994 12949 12948)
4(6441 6483 6482 6440)
4(12993 13035 13036 12994)
5(6397 6398 6442 6441 6396)
5(12949 12994 12995 12951 12950)
4(6442 6484 6483 6441)
4(12994 13036 13037 12995)
5(6399 6400 6443 6442 6398)
5(12951 12995 12996 12953 12952)
4(6443 6485 6484 6442)
4(12995 13037 13038 12996)
5(6401 6402 6444 6443 6400)
5(12953 12996 12997 12955 12954)
4(6444 6486 6485 6443)
4(12996 13038 13039 12997)
4(1387 1404 1403 1386)
4(7939 7956 7957 7940)
4(1404 1428 1427 1403)
4(7956 7980 7981 7957)
4(1388 1405 1404 1387)
4(7940 7957 7958 7941)
3(1411 1428 1404)
3(7957 7981 7964)
4(1404 1405 1412 1411)
4(7964 7965 7958 7957)
3(1411 1429 1428)
3(7981 7982 7964)
4(1350 1379 1378 1349)
4(7902 7931 7932 7903)
4(1379 1389 1388 1378)
4(7931 7941 7942 7932)
3(1350 1351 1362)
3(7915 7904 7903)
3(1350 1362 1361)
3(7914 7915 7903)
3(1380 1389 1379)
3(7932 7942 7933)
4(1379 1350 1361 1380)
4(7933 7914 7903 7932)
4(1390 1407 1406 1389)
4(7942 7959 7960 7943)
3(1380 1390 1389)
3(7942 7943 7933)
4(1389 1406 1405 1388)
4(7941 7958 7959 7942)
5(1406 1407 1413 1412 1405)
5(7958 7965 7966 7960 7959)
4(3437 3519 3518 3436)
4(9989 10071 10072 9990)
5(3519 3628 3627 3626 3518)
5(10071 10179 10180 10181 10072)
4(3438 3520 3519 3437)
4(9990 10072 10073 9991)
5(3520 3630 3629 3628 3519)
5(10072 10181 10182 10183 10073)
6(3631 3925 3924 3923 3754 3630)
6(10183 10307 10476 10477 10478 10184)
5(3632 3927 3926 3925 3631)
5(10184 10478 10479 10480 10185)
4(3633 3928 3927 3632)
4(10185 10480 10481 10186)
6(3928 4262 4261 4260 4092 3927)
6(10480 10645 10813 10814 10815 10481)
4(3634 3929 3928 3633)
4(10186 10481 10482 10187)
4(3929 4263 4262 3928)
4(10481 10815 10816 10482)
5(4263 4511 4510 4480 4262)
5(10815 11033 11063 11064 10816)
6(4511 4580 4579 4578 4538 4510)
6(11063 11091 11131 11132 11133 11064)
5(4581 4656 4655 4620 4580)
5(11133 11173 11208 11209 11134)
5(4656 4721 4720 4679 4655)
5(11208 11232 11273 11274 11209)
4(4582 4657 4656 4581)
4(11134 11209 11210 11135)
4(4657 4722 4721 4656)
4(11209 11274 11275 11210)
5(4721 4787 4786 4754 4720)
5(11273 11307 11339 11340 11274)
5(4787 4860 4859 4818 4786)
5(11339 11371 11412 11413 11340)
4(4722 4788 4787 4721)
4(11274 11340 11341 11275)
4(4788 4861 4860 4787)
4(11340 11413 11414 11341)
5(4860 4919 4918 4886 4859)
5(11412 11439 11471 11472 11413)
5(4919 4992 4991 4950 4918)
5(11471 11503 11544 11545 11472)
4(4861 4920 4919 4860)
4(11413 11472 11473 11414)
4(4920 4993 4992 4919)
4(11472 11545 11546 11473)
5(4992 5057 5056 5025 4991)
5(11544 11578 11609 11610 11545)
5(5057 5129 5128 5080 5056)
5(11609 11633 11681 11682 11610)
4(4993 5058 5057 4992)
4(11545 11610 11611 11546)
4(5058 5130 5129 5057)
4(11610 11682 11683 11611)
4(747 761 760 746)
4(7299 7313 7314 7300)
3(848 847 760)
3(7313 7400 7401)
3(768 848 760)
3(7313 7401 7321)
3(761 762 769)
3(7322 7315 7314)
4(769 768 760 761)
4(7314 7313 7321 7322)
4(763 771 770 762)
4(7315 7323 7324 7316)
3(762 770 769)
3(7322 7323 7315)
4(748 762 761 747)
4(7300 7314 7315 7301)
4(658 674 673 657)
4(7210 7226 7227 7211)
4(674 749 748 673)
4(7226 7301 7302 7227)
4(659 675 674 658)
4(7211 7227 7228 7212)
4(683 750 749 674)
4(7227 7302 7303 7236)
3(674 675 683)
3(7236 7228 7227)
3(675 684 683)
3(7236 7237 7228)
4(749 763 762 748)
4(7301 7315 7316 7302)
5(750 772 771 763 749)
5(7302 7316 7324 7325 7303)
3(1155 1073 1074)
3(7627 7626 7708)
3(1156 1230 1229)
3(7782 7783 7709)
4(1229 1155 1084 1156)
4(7709 7637 7708 7782)
3(1075 1086 1085)
3(7638 7639 7628)
4(1085 1084 1074 1075)
4(7628 7627 7637 7638)
3(1074 1084 1155)
3(7708 7637 7627)
4(1228 1243 1242 1227)
4(7780 7795 7796 7781)
4(1243 1256 1255 1242)
4(7795 7808 7809 7796)
4(1229 1244 1243 1228)
4(7781 7796 7797 7782)
6(5897 5898 6405 6404 6330 5896)
6(12449 12883 12957 12958 12451 12450)
3(1256 1243 1244)
3(7797 7796 7809)
3(1249 1257 1256)
3(7809 7810 7802)
3(1249 1256 1244)
3(7797 7809 7802)
3(1244 1250 1249)
3(7802 7803 7797)
5(6403 6404 6445 6444 6402)
5(12955 12997 12998 12957 12956)
4(1256 1268 1267 1255)
4(7808 7820 7821 7809)
4(6445 6487 6486 6444)
4(12997 13039 13040 12998)
4(1268 1281 1280 1267)
4(7820 7833 7834 7821)
4(6405 6446 6445 6404)
4(12957 12998 12999 12958)
4(1257 1269 1268 1256)
4(7809 7821 7822 7810)
4(6446 6488 6487 6445)
4(12998 13040 13041 12999)
5(1269 1283 1282 1281 1268)
5(7821 7834 7835 7836 7822)
4(1230 1245 1244 1229)
4(7782 7797 7798 7783)
5(5899 5900 6406 6405 5898)
5(12451 12958 12959 12453 12452)
4(1245 1251 1250 1244)
4(7797 7803 7804 7798)
6(5714 5715 5901 5900 5810 5713)
6(12266 12363 12453 12454 12268 12267)
4(5901 6407 6406 5900)
4(12453 12959 12960 12454)
4(840 931 930 839)
4(7392 7483 7484 7393)
4(931 1076 1075 930)
4(7483 7628 7629 7484)
4(841 932 931 840)
4(7393 7484 7485 7394)
3(1076 931 932)
3(7485 7484 7629)
3(932 1006 1005)
3(7558 7559 7485)
3(1076 932 1005)
3(7558 7485 7629)
3(1005 1077 1076)
3(7629 7630 7558)
4(1076 1087 1086 1075)
4(7628 7639 7640 7629)
6(5326 5327 5716 5715 5480 5325)
6(11878 12033 12268 12269 11880 11879)
6(5274 5275 5328 5327 5299 5273)
6(11826 11852 11880 11881 11828 11827)
4(1077 1088 1087 1076)
4(7629 7640 7641 7630)
4(5328 5717 5716 5327)
4(11880 12269 12270 11881)
5(5129 5207 5206 5168 5128)
5(11681 11721 11759 11760 11682)
4(842 933 932 841)
4(7394 7485 7486 7395)
5(5207 5276 5275 5239 5206)
5(11759 11792 11828 11829 11760)
4(933 1007 1006 932)
4(7485 7559 7560 7486)
4(5130 5208 5207 5129)
4(11682 11760 11761 11683)
4(843 934 933 842)
4(7395 7486 7487 7396)
4(5208 5277 5276 5207)
4(11760 11829 11830 11761)
5(934 940 1008 1007 933)
5(7486 7560 7561 7493 7487)
8(2307 2308 2389 2467 2466 2465 2388 2306)
8(8859 8941 9018 9019 9020 8942 8861 8860)
6(2468 2469 2632 2631 2553 2467)
6(9020 9106 9184 9185 9022 9021)
6(2632 2805 2804 2803 2668 2631)
6(9184 9221 9356 9357 9358 9185)
6(2470 2471 2554 2633 2632 2469)
6(9022 9185 9186 9107 9024 9023)
4(2633 2806 2805 2632)
4(9185 9358 9359 9186)
6(2806 2934 2933 2932 2906 2805)
6(9358 9459 9485 9486 9487 9359)
6(2634 2635 2669 2807 2806 2633)
6(9186 9359 9360 9222 9188 9187)
4(2807 2935 2934 2806)
4(9359 9487 9488 9360)
5(1281 1282 1302 1301 1280)
5(7833 7854 7855 7835 7834)
4(1302 1316 1315 1301)
4(7854 7868 7869 7855)
3(1315 1316 1325)
3(7878 7869 7868)
3(1315 1325 1324)
3(7877 7878 7868)
4(1324 1330 1329 1315)
4(7868 7882 7883 7877)
4(1330 1352 1351 1329)
4(7882 7904 7905 7883)
4(1352 1363 1362 1351)
4(7904 7915 7916 7905)
5(2935 3018 3017 2993 2934)
5(9487 9546 9570 9571 9488)
5(3018 3047 3046 3023 3017)
5(9570 9576 9599 9600 9571)
5(3047 3089 3088 3082 3046)
5(9599 9635 9641 9642 9600)
5(3089 3128 3127 3110 3088)
5(9641 9663 9680 9681 9642)
5(3128 3181 3180 3166 3127)
5(9680 9719 9733 9734 9681)
5(3181 3211 3210 3186 3180)
5(9733 9739 9763 9764 9734)
5(3211 3241 3240 3226 3210)
5(9763 9779 9793 9794 9764)
5(3241 3280 3279 3254 3240)
5(9793 9807 9832 9833 9794)
5(844 941 940 934 843)
5(7396 7487 7493 7494 7397)
4(845 942 941 844)
4(7397 7494 7495 7398)
3(943 942 845)
3(7398 7495 7496)
3(867 943 845)
3(7398 7496 7420)
4(846 868 867 845)
4(7398 7420 7421 7399)
4(847 869 868 846)
4(7399 7421 7422 7400)
5(2808 2809 2936 2935 2807)
5(9360 9488 9489 9362 9361)
5(2810 2811 2937 2936 2809)
5(9362 9489 9490 9364 9363)
5(2812 2813 2938 2937 2811)
5(9364 9490 9491 9366 9365)
5(2814 2815 2939 2938 2813)
5(9366 9491 9492 9368 9367)
4(848 870 869 847)
4(7400 7422 7423 7401)
5(2816 2817 2940 2939 2815)
5(9368 9492 9493 9370 9369)
5(2818 2819 2941 2940 2817)
5(9370 9493 9494 9372 9371)
5(2820 2821 2942 2941 2819)
5(9372 9494 9495 9374 9373)
5(2822 2823 2943 2942 2821)
5(9374 9495 9496 9376 9375)
5(3261 3298 3312 3311 3260)
5(9813 9864 9865 9851 9814)
5(3312 3326 3342 3341 3311)
5(9864 9894 9895 9879 9865)
5(3342 3366 3372 3371 3341)
5(9894 9924 9925 9919 9895)
5(3372 3386 3404 3403 3371)
5(9924 9956 9957 9939 9925)
5(3404 3442 3464 3463 3403)
5(9956 10016 10017 9995 9957)
5(3464 3470 3486 3485 3463)
5(10016 10038 10039 10023 10017)
5(3486 3529 3535 3534 3485)
5(10038 10087 10088 10082 10039)
5(3535 3559 3572 3571 3534)
5(10087 10124 10125 10112 10088)
5(3572 3646 3660 3659 3571)
5(10124 10212 10213 10199 10125)
5(3660 3879 3906 3905 3659)
5(10212 10458 10459 10432 10213)
5(3906 3991 4073 4072 3905)
5(10458 10625 10626 10544 10459)
5(4073 4157 4236 4235 4072)
5(10625 10788 10789 10710 10626)
5(4236 4397 4472 4471 4235)
5(10788 11024 11025 10950 10789)
5(4472 4489 4503 4502 4471)
5(11024 11055 11056 11042 11025)
5(4503 4524 4531 4530 4502)
5(11055 11083 11084 11077 11056)
5(4531 4544 4565 4564 4530)
5(11083 11117 11118 11097 11084)
5(4565 4586 4612 4611 4564)
5(11117 11164 11165 11139 11118)
5(4612 4621 4642 4641 4611)
5(11164 11194 11195 11174 11165)
5(4642 4666 4673 4672 4641)
5(11194 11225 11226 11219 11195)
5(4673 4696 4707 4706 4672)
5(11225 11259 11260 11249 11226)
5(4707 4733 4748 4747 4706)
5(11259 11300 11301 11286 11260)
5(4748 4755 4780 4779 4747)
5(11300 11332 11333 11308 11301)
5(4780 4797 4812 4811 4779)
5(11332 11364 11365 11350 11333)
5(4812 4827 4839 4838 4811)
5(11364 11391 11392 11380 11365)
5(4839 4865 4880 4879 4838)
5(11391 11432 11433 11418 11392)
5(4880 4895 4912 4911 4879)
5(11432 11464 11465 11448 11433)
5(4912 4937 4944 4943 4911)
5(11464 11496 11497 11490 11465)
5(4944 4959 4978 4977 4943)
5(11496 11530 11531 11512 11497)
5(4978 4996 5019 5018 4977)
5(11530 11571 11572 11549 11531)
5(5019 5026 5043 5042 5018)
5(11571 11595 11596 11579 11572)
5(5043 5067 5074 5073 5042)
5(11595 11626 11627 11620 11596)
5(5074 5099 5113 5112 5073)
5(11626 11665 11666 11652 11627)
4(5113 5159 5158 5112)
4(11665 11711 11712 11666)
4(5159 5195 5194 5158)
4(11711 11747 11748 11712)
6(5114 5115 5142 5160 5159 5113)
6(11666 11712 11713 11695 11668 11667)
4(5160 5196 5195 5159)
4(11712 11748 11749 11713)
6(5161 5162 5169 5197 5196 5160)
6(11713 11749 11750 11722 11715 11714)
4(5197 5230 5229 5196)
4(11749 11782 11783 11750)
5(5231 5246 5259 5258 5230)
5(11783 11811 11812 11799 11784)
6(5198 5199 5217 5231 5230 5197)
6(11750 11783 11784 11770 11752 11751)
4(5230 5258 5257 5229)
4(11782 11810 11811 11783)
4(5258 5291 5290 5257)
4(11810 11843 11844 11811)
4(5291 5317 5316 5290)
4(11843 11869 11870 11844)
5(5259 5280 5292 5291 5258)
5(11811 11844 11845 11833 11812)
5(5292 5304 5318 5317 5291)
5(11844 11870 11871 11857 11845)
6(5319 5320 5394 5470 5469 5318)
6(11871 12022 12023 11947 11873 11872)
4(5470 5693 5692 5469)
4(12022 12245 12246 12023)
6(5471 5472 5613 5694 5693 5470)
6(12023 12246 12247 12166 12025 12024)
5(5695 5696 5794 5793 5694)
5(12247 12346 12347 12249 12248)
4(5794 5882 5881 5793)
4(12346 12434 12435 12347)
5(5697 5698 5795 5794 5696)
5(12249 12347 12348 12251 12250)
4(5795 5883 5882 5794)
4(12347 12435 12436 12348)
5(5699 5700 5796 5795 5698)
5(12251 12348 12349 12253 12252)
4(5797 5885 5884 5796)
4(12349 12437 12438 12350)
6(5701 5702 5785 5797 5796 5700)
6(12253 12349 12350 12338 12255 12254)
4(5796 5884 5883 5795)
4(12348 12436 12437 12349)
6(5798 5799 5870 5886 5885 5797)
6(12350 12438 12439 12423 12352 12351)
4(5886 6199 6198 5885)
4(12438 12751 12752 12439)
4(6199 6337 6336 6198)
4(12751 12889 12890 12752)
6(5887 5888 6069 6200 6199 5886)
6(12439 12752 12753 12622 12441 12440)
4(6200 6338 6337 6199)
4(12752 12890 12891 12753)
4(1426 1447 1446 1425)
4(7978 7999 8000 7979)
4(1447 1474 1473 1446)
4(7999 8026 8027 8000)
4(1427 1448 1447 1426)
4(7979 8000 8001 7980)
3(1474 1447 1448)
3(8001 8000 8027)
3(1454 1475 1474)
3(8027 8028 8007)
3(1454 1474 1448)
3(8001 8027 8007)
4(1448 1449 1455 1454)
4(8007 8008 8002 8001)
3(1449 1456 1455)
3(8008 8009 8002)
4(1474 1481 1480 1473)
4(8026 8033 8034 8027)
4(1481 1498 1497 1480)
4(8033 8050 8051 8034)
4(1475 1482 1481 1474)
4(8027 8034 8035 8028)
4(1482 1499 1498 1481)
4(8034 8051 8052 8035)
4(1498 1522 1521 1497)
4(8050 8074 8075 8051)
4(1522 1529 1528 1521)
4(8074 8081 8082 8075)
4(1499 1523 1522 1498)
4(8051 8075 8076 8052)
4(1523 1530 1529 1522)
4(8075 8082 8083 8076)
4(1529 1552 1551 1528)
4(8081 8104 8105 8082)
4(1552 1563 1562 1551)
4(8104 8115 8116 8105)
5(1530 1535 1553 1552 1529)
5(8082 8105 8106 8088 8083)
4(1553 1564 1563 1552)
4(8105 8116 8117 8106)
4(1428 1449 1448 1427)
4(7980 8001 8002 7981)
4(1429 1450 1449 1428)
4(7981 8002 8003 7982)
4(1450 1457 1456 1449)
4(8002 8009 8010 8003)
4(1563 1589 1588 1562)
4(8115 8141 8142 8116)
4(1589 1604 1603 1588)
4(8141 8156 8157 8142)
5(1564 1580 1590 1589 1563)
5(8116 8142 8143 8133 8117)
4(1590 1605 1604 1589)
4(8142 8157 8158 8143)
4(1604 1611 1610 1603)
4(8156 8163 8164 8157)
4(1611 1636 1635 1610)
4(8163 8188 8189 8164)
4(1605 1612 1611 1604)
4(8157 8164 8165 8158)
5(1612 1616 1637 1636 1611)
5(8164 8189 8190 8169 8165)
4(1636 1653 1652 1635)
4(8188 8205 8206 8189)
4(1653 1668 1667 1652)
4(8205 8220 8221 8206)
4(1637 1654 1653 1636)
4(8189 8206 8207 8190)
5(1654 1658 1669 1668 1653)
5(8206 8221 8222 8211 8207)
4(1668 1683 1682 1667)
4(8220 8235 8236 8221)
4(1683 1695 1694 1682)
4(8235 8247 8248 8236)
4(1669 1684 1683 1668)
4(8221 8236 8237 8222)
4(1684 1696 1695 1683)
4(8236 8248 8249 8237)
4(1695 1721 1720 1694)
4(8247 8273 8274 8248)
4(1721 1736 1735 1720)
4(8273 8288 8289 8274)
4(1696 1722 1721 1695)
4(8248 8274 8275 8249)
4(1722 1737 1736 1721)
4(8274 8289 8290 8275)
4(1736 1751 1750 1735)
4(8288 8303 8304 8289)
4(1751 1768 1767 1750)
4(8303 8320 8321 8304)
5(1737 1742 1752 1751 1736)
5(8289 8304 8305 8295 8290)
4(1752 1769 1768 1751)
4(8304 8321 8322 8305)
4(1768 1793 1792 1767)
4(8320 8345 8346 8321)
4(1793 1800 1799 1792)
4(8345 8352 8353 8346)
5(1769 1776 1794 1793 1768)
5(8321 8346 8347 8329 8322)
4(1794 1801 1800 1793)
4(8346 8353 8354 8347)
4(1800 1815 1814 1799)
4(8352 8367 8368 8353)
4(1815 1834 1833 1814)
4(8367 8386 8387 8368)
4(1801 1816 1815 1800)
4(8353 8368 8369 8354)
5(1816 1820 1835 1834 1815)
5(8368 8387 8388 8373 8369)
4(1834 1852 1851 1833)
4(8386 8404 8405 8387)
4(1852 1875 1874 1851)
4(8404 8427 8428 8405)
4(1835 1853 1852 1834)
4(8387 8405 8406 8388)
5(1853 1857 1876 1875 1852)
5(8405 8428 8429 8410 8406)
4(1875 1882 1881 1874)
4(8427 8434 8435 8428)
4(1882 1899 1898 1881)
4(8434 8451 8452 8435)
4(1876 1883 1882 1875)
4(8428 8435 8436 8429)
4(1883 1900 1899 1882)
4(8435 8452 8453 8436)
4(1899 1925 1924 1898)
4(8451 8477 8478 8452)
4(1925 1934 1933 1924)
4(8477 8486 8487 8478)
4(1900 1926 1925 1899)
4(8452 8478 8479 8453)
4(1926 1935 1934 1925)
4(8478 8487 8488 8479)
4(1934 1960 1959 1933)
4(8486 8512 8513 8487)
4(1960 1974 1973 1959)
4(8512 8526 8527 8513)
5(1935 1942 1961 1960 1934)
5(8487 8513 8514 8495 8488)
4(1961 1975 1974 1960)
4(8513 8527 8528 8514)
5(3280 3317 3316 3302 3279)
5(9832 9855 9869 9870 9833)
5(3317 3347 3346 3330 3316)
5(9869 9883 9899 9900 9870)
5(3347 3377 3376 3370 3346)
5(9899 9923 9929 9930 9900)
5(3377 3416 3415 3390 3376)
5(9929 9943 9968 9969 9930)
5(3416 3469 3468 3446 3415)
5(9968 9999 10021 10022 9969)
5(3469 3498 3497 3474 3468)
5(10021 10027 10050 10051 10022)
5(3498 3540 3539 3533 3497)
5(10050 10086 10092 10093 10051)
5(3540 3586 3585 3565 3539)
5(10092 10118 10138 10139 10093)
6(3665 3666 3912 3911 3883 3664)
6(10217 10436 10464 10465 10219 10218)
8(4078 4079 4162 4251 4250 4249 4161 4077)
8(10630 10714 10802 10803 10804 10715 10632 10631)
6(3912 4081 4080 4079 3996 3911)
6(10464 10549 10632 10633 10634 10465)
6(3584 3585 3667 3666 3651 3583)
6(10136 10204 10219 10220 10138 10137)
4(3667 3913 3912 3666)
4(10219 10465 10466 10220)
4(3586 3668 3667 3585)
4(10138 10220 10221 10139)
6(3668 3884 3915 3914 3913 3667)
6(10220 10466 10467 10468 10437 10221)
6(3913 3997 4083 4082 4081 3912)
6(10465 10634 10635 10636 10550 10466)
5(3587 3670 3669 3668 3586)
5(10139 10221 10222 10223 10140)
5(3588 3672 3671 3670 3587)
5(10140 10223 10224 10225 10141)
5(3589 3674 3673 3672 3588)
5(10141 10225 10226 10227 10142)
5(3590 3676 3675 3674 3589)
5(10142 10227 10228 10229 10143)
5(3591 3678 3677 3676 3590)
5(10143 10229 10230 10231 10144)
5(3592 3680 3679 3678 3591)
5(10144 10231 10232 10233 10145)
5(3593 3682 3681 3680 3592)
5(10145 10233 10234 10235 10146)
5(3594 3684 3683 3682 3593)
5(10146 10235 10236 10237 10147)
5(6201 6202 6339 6338 6200)
5(12753 12891 12892 12755 12754)
5(6203 6204 6340 6339 6202)
5(12755 12892 12893 12757 12756)
5(6205 6206 6341 6340 6204)
5(12757 12893 12894 12759 12758)
5(6207 6208 6342 6341 6206)
5(12759 12894 12895 12761 12760)
5(6209 6210 6343 6342 6208)
5(12761 12895 12896 12763 12762)
5(6211 6212 6344 6343 6210)
5(12763 12896 12897 12765 12764)
5(6213 6214 6345 6344 6212)
5(12765 12897 12898 12767 12766)
5(6215 6216 6346 6345 6214)
5(12767 12898 12899 12769 12768)
4(1974 2003 2002 1973)
4(8526 8555 8556 8527)
4(2003 2016 2015 2002)
4(8555 8568 8569 8556)
5(1975 1994 2004 2003 1974)
5(8527 8556 8557 8547 8528)
4(2004 2017 2016 2003)
4(8556 8569 8570 8557)
4(2016 2024 2023 2015)
4(8568 8576 8577 8569)
4(2024 2045 2044 2023)
4(8576 8597 8598 8577)
4(2017 2025 2024 2016)
4(8569 8577 8578 8570)
5(2025 2029 2046 2045 2024)
5(8577 8598 8599 8582 8578)
4(2045 2058 2057 2044)
4(8597 8610 8611 8598)
4(2058 2074 2073 2057)
4(8610 8626 8627 8611)
4(2046 2059 2058 2045)
4(8598 8611 8612 8599)
5(2059 2064 2075 2074 2058)
5(8611 8627 8628 8617 8612)
4(2074 2149 2148 2073)
4(8626 8701 8702 8627)
4(2149 2294 2293 2148)
4(8701 8846 8847 8702)
4(2075 2150 2149 2074)
4(8627 8702 8703 8628)
4(2150 2295 2294 2149)
4(8702 8847 8848 8703)
5(6217 6218 6347 6346 6216)
5(12769 12899 12900 12771 12770)
5(6219 6220 6348 6347 6218)
5(12771 12900 12901 12773 12772)
4(2294 2385 2384 2293)
4(8846 8937 8938 8847)
4(2385 2462 2461 2384)
4(8937 9014 9015 8938)
4(2295 2386 2385 2294)
4(8847 8938 8939 8848)
4(2386 2463 2462 2385)
4(8938 9015 9016 8939)
4(2462 2549 2548 2461)
4(9014 9101 9102 9015)
5(6221 6222 6349 6348 6220)
5(12773 12901 12902 12775 12774)
4(2549 2627 2626 2548)
4(9101 9179 9180 9102)
5(2463 2481 2550 2549 2462)
5(9015 9102 9103 9034 9016)
5(6223 6224 6350 6349 6222)
5(12775 12902 12903 12777 12776)
4(2550 2628 2627 2549)
4(9102 9180 9181 9103)
4(2627 2665 2664 2626)
4(9179 9217 9218 9180)
4(2665 2800 2799 2664)
4(9217 9352 9353 9218)
5(2628 2650 2666 2665 2627)
5(9180 9218 9219 9203 9181)
4(2666 2801 2800 2665)
4(9218 9353 9354 9219)
4(2800 2902 2901 2799)
4(9352 9454 9455 9353)
4(2902 2922 2921 2901)
4(9454 9474 9475 9455)
4(2801 2903 2902 2800)
4(9353 9455 9456 9354)
5(2903 2907 2923 2922 2902)
5(9455 9475 9476 9460 9456)
5(6225 6226 6351 6350 6224)
5(12777 12903 12904 12779 12778)
5(6227 6228 6352 6351 6226)
5(12779 12904 12905 12781 12780)
5(6229 6230 6353 6352 6228)
5(12781 12905 12906 12783 12782)
5(6231 6232 6354 6353 6230)
5(12783 12906 12907 12785 12784)
4(2922 2988 2987 2921)
4(9474 9540 9541 9475)
4(2988 3014 3013 2987)
4(9540 9566 9567 9541)
4(2923 2989 2988 2922)
4(9475 9541 9542 9476)
5(2989 2994 3015 3014 2988)
5(9541 9567 9568 9547 9542)
4(3014 3020 3019 3013)
4(9566 9572 9573 9567)
4(3020 3036 3035 3019)
4(9572 9588 9589 9573)
4(3015 3021 3020 3014)
4(9567 9573 9574 9568)
4(3021 3037 3036 3020)
4(9573 9589 9590 9574)
4(3036 3079 3078 3035)
4(9588 9631 9632 9589)
4(3079 3085 3084 3078)
4(9631 9637 9638 9632)
4(3037 3080 3079 3036)
4(9589 9632 9633 9590)
4(3080 3086 3085 3079)
4(9632 9638 9639 9633)
4(3085 3107 3106 3084)
4(9637 9659 9660 9638)
4(3107 3117 3116 3106)
4(9659 9669 9670 9660)
5(3086 3090 3108 3107 3085)
5(9638 9660 9661 9643 9639)
4(3108 3118 3117 3107)
4(9660 9670 9671 9661)
4(3117 3163 3162 3116)
4(9669 9715 9716 9670)
4(3163 3177 3176 3162)
4(9715 9729 9730 9716)
5(3118 3154 3164 3163 3117)
5(9670 9716 9717 9707 9671)
4(3164 3178 3177 3163)
4(9716 9730 9731 9717)
4(3177 3183 3182 3176)
4(9729 9735 9736 9730)
4(3183 3207 3206 3182)
4(9735 9759 9760 9736)
4(3178 3184 3183 3177)
4(9730 9736 9737 9731)
5(3184 3187 3208 3207 3183)
5(9736 9760 9761 9740 9737)
4(3207 3223 3222 3206)
4(9759 9775 9776 9760)
4(3223 3237 3236 3222)
4(9775 9789 9790 9776)
4(3208 3224 3223 3207)
4(9760 9776 9777 9761)
5(3224 3227 3238 3237 3223)
5(9776 9790 9791 9780 9777)
4(3237 3251 3250 3236)
4(9789 9803 9804 9790)
4(3251 3262 3261 3250)
4(9803 9814 9815 9804)
4(3238 3252 3251 3237)
4(9790 9804 9805 9791)
4(3252 3263 3262 3251)
4(9804 9815 9816 9805)
5(6233 6234 6355 6354 6232)
5(12785 12907 12908 12787 12786)
5(6235 6236 6356 6355 6234)
5(12787 12908 12909 12789 12788)
5(6237 6238 6357 6356 6236)
5(12789 12909 12910 12791 12790)
5(6239 6240 6358 6357 6238)
5(12791 12910 12911 12793 12792)
5(6241 6242 6359 6358 6240)
5(12793 12911 12912 12795 12794)
5(6243 6244 6360 6359 6242)
5(12795 12912 12913 12797 12796)
5(6245 6246 6361 6360 6244)
5(12797 12913 12914 12799 12798)
5(6247 6248 6362 6361 6246)
5(12799 12914 12915 12801 12800)
5(6249 6250 6363 6362 6248)
5(12801 12915 12916 12803 12802)
5(6251 6252 6364 6363 6250)
5(12803 12916 12917 12805 12804)
5(6253 6254 6365 6364 6252)
5(12805 12917 12918 12807 12806)
5(6255 6256 6366 6365 6254)
5(12807 12918 12919 12809 12808)
5(6257 6258 6367 6366 6256)
5(12809 12919 12920 12811 12810)
5(6259 6260 6368 6367 6258)
5(12811 12920 12921 12813 12812)
5(6261 6262 6369 6368 6260)
5(12813 12921 12922 12815 12814)
5(6263 6264 6370 6369 6262)
5(12815 12922 12923 12817 12816)
5(183 290 289 288 182)
5(6735 6841 6842 6843 6736)
5(184 292 291 290 183)
5(6736 6843 6844 6845 6737)
5(185 294 293 292 184)
5(6737 6845 6846 6847 6738)
5(186 296 295 294 185)
5(6738 6847 6848 6849 6739)
5(187 298 297 296 186)
5(6739 6849 6850 6851 6740)
5(188 300 299 298 187)
5(6740 6851 6852 6853 6741)
5(189 302 301 300 188)
5(6741 6853 6854 6855 6742)
5(190 304 303 302 189)
5(6742 6855 6856 6857 6743)
5(191 306 305 304 190)
5(6743 6857 6858 6859 6744)
5(192 308 307 306 191)
5(6744 6859 6860 6861 6745)
5(193 310 309 308 192)
5(6745 6861 6862 6863 6746)
5(194 312 311 310 193)
5(6746 6863 6864 6865 6747)
5(195 314 313 312 194)
5(6747 6865 6866 6867 6748)
5(196 316 315 314 195)
5(6748 6867 6868 6869 6749)
5(197 318 317 316 196)
5(6749 6869 6870 6871 6750)
5(198 320 319 318 197)
5(6750 6871 6872 6873 6751)
5(199 322 321 320 198)
5(6751 6873 6874 6875 6752)
5(200 324 323 322 199)
5(6752 6875 6876 6877 6753)
5(201 326 325 324 200)
5(6753 6877 6878 6879 6754)
5(202 328 327 326 201)
5(6754 6879 6880 6881 6755)
5(203 330 329 328 202)
5(6755 6881 6882 6883 6756)
5(204 332 331 330 203)
5(6756 6883 6884 6885 6757)
5(205 334 333 332 204)
5(6757 6885 6886 6887 6758)
5(206 336 335 334 205)
5(6758 6887 6888 6889 6759)
5(207 338 337 336 206)
5(6759 6889 6890 6891 6760)
5(208 340 339 338 207)
5(6760 6891 6892 6893 6761)
5(209 342 341 340 208)
5(6761 6893 6894 6895 6762)
5(210 344 343 342 209)
5(6762 6895 6896 6897 6763)
5(211 346 345 344 210)
5(6763 6897 6898 6899 6764)
5(212 348 347 346 211)
5(6764 6899 6900 6901 6765)
5(213 350 349 348 212)
5(6765 6901 6902 6903 6766)
5(214 352 351 350 213)
5(6766 6903 6904 6905 6767)
4(225 356 355 224)
4(6777 6908 6909 6778)
4(356 660 659 355)
4(6908 7212 7213 6909)
4(226 357 356 225)
4(6778 6909 6910 6779)
3(660 356 357)
3(6910 6909 7213)
3(357 485 484)
3(7037 7038 6910)
4(484 661 676 660)
4(7213 7229 7214 7037)
3(660 357 484)
3(7037 6910 7213)
3(661 677 676)
3(7229 7230 7214)
4(227 358 357 226)
4(6779 6910 6911 6780)
4(358 486 485 357)
4(6910 7038 7039 6911)
4(228 359 358 227)
4(6780 6911 6912 6781)
4(359 487 486 358)
4(6911 7039 7040 6912)
4(660 676 675 659)
4(7212 7228 7229 7213)
4(676 685 684 675)
4(7228 7237 7238 7229)
4(677 686 685 676)
4(7229 7238 7239 7230)
4(229 360 359 228)
4(6781 6912 6913 6782)
4(360 488 487 359)
4(6912 7040 7041 6913)
4(230 361 360 229)
4(6782 6913 6914 6783)
4(361 489 488 360)
4(6913 7041 7042 6914)
4(231 362 361 230)
4(6783 6914 6915 6784)
5(362 491 490 489 361)
5(6914 7042 7043 7044 6915)
4(232 363 362 231)
4(6784 6915 6916 6785)
4(363 492 491 362)
4(6915 7044 7045 6916)
4(233 364 363 232)
4(6785 6916 6917 6786)
5(364 494 493 492 363)
5(6916 7045 7046 7047 6917)
4(234 365 364 233)
4(6786 6917 6918 6787)
4(365 495 494 364)
4(6917 7047 7048 6918)
4(235 366 365 234)
4(6787 6918 6919 6788)
4(366 496 495 365)
4(6918 7048 7049 6919)
4(236 367 366 235)
4(6788 6919 6920 6789)
5(367 498 497 496 366)
5(6919 7049 7050 7051 6920)
4(237 368 367 236)
4(6789 6920 6921 6790)
4(368 499 498 367)
4(6920 7051 7052 6921)
4(238 369 368 237)
4(6790 6921 6922 6791)
5(369 501 500 499 368)
5(6921 7052 7053 7054 6922)
4(239 370 369 238)
4(6791 6922 6923 6792)
4(370 502 501 369)
4(6922 7054 7055 6923)
4(240 371 370 239)
4(6792 6923 6924 6793)
4(371 503 502 370)
4(6923 7055 7056 6924)
5(2824 2825 2944 2943 2823)
5(9376 9496 9497 9378 9377)
5(2826 2827 2945 2944 2825)
5(9378 9497 9498 9380 9379)
5(2828 2829 2946 2945 2827)
5(9380 9498 9499 9382 9381)
5(2830 2831 2947 2946 2829)
5(9382 9499 9500 9384 9383)
5(2832 2833 2948 2947 2831)
5(9384 9500 9501 9386 9385)
5(2834 2835 2949 2948 2833)
5(9386 9501 9502 9388 9387)
5(2836 2837 2950 2949 2835)
5(9388 9502 9503 9390 9389)
5(2838 2839 2951 2950 2837)
5(9390 9503 9504 9392 9391)
5(2840 2841 2952 2951 2839)
5(9392 9504 9505 9394 9393)
5(2842 2843 2953 2952 2841)
5(9394 9505 9506 9396 9395)
5(2844 2845 2954 2953 2843)
5(9396 9506 9507 9398 9397)
5(2846 2847 2955 2954 2845)
5(9398 9507 9508 9400 9399)
5(2848 2849 2956 2955 2847)
5(9400 9508 9509 9402 9401)
5(2850 2851 2957 2956 2849)
5(9402 9509 9510 9404 9403)
5(2852 2853 2958 2957 2851)
5(9404 9510 9511 9406 9405)
5(2854 2855 2959 2958 2853)
5(9406 9511 9512 9408 9407)
4(241 372 371 240)
4(6793 6924 6925 6794)
4(372 504 503 371)
4(6924 7056 7057 6925)
4(242 373 372 241)
4(6794 6925 6926 6795)
4(373 505 504 372)
4(6925 7057 7058 6926)
4(243 374 373 242)
4(6795 6926 6927 6796)
5(374 507 506 505 373)
5(6926 7058 7059 7060 6927)
4(244 375 374 243)
4(6796 6927 6928 6797)
4(375 508 507 374)
4(6927 7060 7061 6928)
4(245 376 375 244)
4(6797 6928 6929 6798)
5(376 510 509 508 375)
5(6928 7061 7062 7063 6929)
4(246 377 376 245)
4(6798 6929 6930 6799)
4(377 511 510 376)
4(6929 7063 7064 6930)
4(247 378 377 246)
4(6799 6930 6931 6800)
4(378 512 511 377)
4(6930 7064 7065 6931)
4(248 379 378 247)
4(6800 6931 6932 6801)
5(379 514 513 512 378)
5(6931 7065 7066 7067 6932)
4(249 380 379 248)
4(6801 6932 6933 6802)
4(380 515 514 379)
4(6932 7067 7068 6933)
4(250 381 380 249)
4(6802 6933 6934 6803)
5(381 517 516 515 380)
5(6933 7068 7069 7070 6934)
4(251 382 381 250)
4(6803 6934 6935 6804)
4(382 518 517 381)
4(6934 7070 7071 6935)
4(252 383 382 251)
4(6804 6935 6936 6805)
4(383 519 518 382)
4(6935 7071 7072 6936)
4(253 384 383 252)
4(6805 6936 6937 6806)
4(384 520 519 383)
4(6936 7072 7073 6937)
4(254 385 384 253)
4(6806 6937 6938 6807)
4(385 521 520 384)
4(6937 7073 7074 6938)
4(255 386 385 254)
4(6807 6938 6939 6808)
5(386 523 522 521 385)
5(6938 7074 7075 7076 6939)
4(256 387 386 255)
4(6808 6939 6940 6809)
4(387 524 523 386)
4(6939 7076 7077 6940)
5(2856 2857 2960 2959 2855)
5(9408 9512 9513 9410 9409)
5(2858 2859 2961 2960 2857)
5(9410 9513 9514 9412 9411)
5(2860 2861 2962 2961 2859)
5(9412 9514 9515 9414 9413)
5(2862 2863 2963 2962 2861)
5(9414 9515 9516 9416 9415)
5(2864 2865 2964 2963 2863)
5(9416 9516 9517 9418 9417)
5(2866 2867 2965 2964 2865)
5(9418 9517 9518 9420 9419)
5(2868 2869 2966 2965 2867)
5(9420 9518 9519 9422 9421)
5(2870 2871 2967 2966 2869)
5(9422 9519 9520 9424 9423)
5(2872 2873 2968 2967 2871)
5(9424 9520 9521 9426 9425)
5(2874 2875 2969 2968 2873)
5(9426 9521 9522 9428 9427)
5(2876 2877 2970 2969 2875)
5(9428 9522 9523 9430 9429)
5(2878 2879 2971 2970 2877)
5(9430 9523 9524 9432 9431)
5(2880 2881 2972 2971 2879)
5(9432 9524 9525 9434 9433)
5(2882 2883 2973 2972 2881)
5(9434 9525 9526 9436 9435)
5(2884 2885 2974 2973 2883)
5(9436 9526 9527 9438 9437)
5(2886 2887 2975 2974 2885)
5(9438 9527 9528 9440 9439)
4(215 353 352 214)
4(6767 6905 6906 6768)
6(353 666 665 664 483 352)
6(6905 7036 7217 7218 7219 6906)
4(216 354 353 215)
4(6768 6906 6907 6769)
4(354 667 666 353)
4(6906 7219 7220 6907)
6(667 755 754 753 682 666)
6(7219 7235 7306 7307 7308 7220)
4(668 756 755 667)
4(7220 7308 7309 7221)
6(756 852 851 850 767 755)
6(7308 7320 7403 7404 7405 7309)
5(757 854 853 852 756)
5(7309 7405 7406 7407 7310)
4(669 757 756 668)
4(7221 7309 7310 7222)
4(670 758 757 669)
4(7222 7310 7311 7223)
5(758 856 855 854 757)
5(7310 7407 7408 7409 7311)
4(671 759 758 670)
4(7223 7311 7312 7224)
5(759 858 857 856 758)
5(7311 7409 7410 7411 7312)
6(859 1082 1081 1080 939 858)
6(7411 7492 7633 7634 7635 7412)
4(860 1083 1082 859)
4(7412 7635 7636 7413)
6(1083 1234 1233 1232 1158 1082)
6(7635 7711 7785 7786 7787 7636)
5(1235 1261 1260 1248 1234)
5(7787 7801 7813 7814 7788)
6(1261 1293 1292 1291 1272 1260)
6(7813 7825 7844 7845 7846 7814)
4(1236 1262 1261 1235)
4(7788 7814 7815 7789)
4(1262 1294 1293 1261)
4(7814 7846 7847 7815)
6(1294 1321 1320 1319 1306 1293)
6(7846 7859 7872 7873 7874 7847)
4(1295 1322 1321 1294)
4(7847 7874 7875 7848)
6(1322 1357 1356 1355 1335 1321)
6(7874 7888 7908 7909 7910 7875)
4(1296 1323 1322 1295)
4(7848 7875 7876 7849)
4(1323 1358 1357 1322)
4(7875 7910 7911 7876)
5(1358 1394 1393 1383 1357)
5(7910 7936 7946 7947 7911)
5(1394 1440 1439 1410 1393)
5(7946 7963 7992 7993 7947)
4(257 388 387 256)
4(6809 6940 6941 6810)
5(388 526 525 524 387)
5(6940 7077 7078 7079 6941)
4(258 389 388 257)
4(6810 6941 6942 6811)
4(389 527 526 388)
4(6941 7079 7080 6942)
4(259 390 389 258)
4(6811 6942 6943 6812)
4(390 528 527 389)
4(6942 7080 7081 6943)
4(260 391 390 259)
4(6812 6943 6944 6813)
5(391 530 529 528 390)
5(6943 7081 7082 7083 6944)
4(261 392 391 260)
4(6813 6944 6945 6814)
4(392 531 530 391)
4(6944 7083 7084 6945)
4(262 393 392 261)
4(6814 6945 6946 6815)
5(393 533 532 531 392)
5(6945 7084 7085 7086 6946)
4(263 394 393 262)
4(6815 6946 6947 6816)
4(394 534 533 393)
4(6946 7086 7087 6947)
4(264 395 394 263)
4(6816 6947 6948 6817)
4(395 535 534 394)
4(6947 7087 7088 6948)
5(1440 1479 1478 1453 1439)
5(7992 8006 8031 8032 7993)
5(1479 1510 1509 1485 1478)
5(8031 8038 8062 8063 8032)
5(1510 1534 1533 1526 1509)
5(8062 8079 8086 8087 8063)
5(1534 1575 1574 1556 1533)
5(8086 8109 8127 8128 8087)
5(1575 1609 1608 1593 1574)
5(8127 8146 8161 8162 8128)
5(1609 1641 1640 1615 1608)
5(8161 8168 8193 8194 8162)
5(1641 1673 1672 1657 1640)
5(8193 8210 8225 8226 8194)
5(1673 1714 1713 1687 1672)
5(8225 8240 8266 8267 8226)
4(265 396 395 264)
4(6817 6948 6949 6818)
4(396 536 535 395)
4(6948 7088 7089 6949)
4(266 397 396 265)
4(6818 6949 6950 6819)
4(397 537 536 396)
4(6949 7089 7090 6950)
5(1714 1741 1740 1725 1713)
5(8266 8278 8293 8294 8267)
5(1741 1773 1772 1755 1740)
5(8293 8308 8325 8326 8294)
4(267 398 397 266)
4(6819 6950 6951 6820)
5(398 539 538 537 397)
5(6950 7090 7091 7092 6951)
5(1773 1805 1804 1797 1772)
5(8325 8350 8357 8358 8326)
4(268 399 398 267)
4(6820 6951 6952 6821)
5(1805 1846 1845 1819 1804)
5(8357 8372 8398 8399 8358)
4(399 540 539 398)
4(6951 7092 7093 6952)
5(1846 1880 1879 1856 1845)
5(8398 8409 8432 8433 8399)
5(1880 1911 1910 1886 1879)
5(8432 8439 8463 8464 8433)
6(1939 1940 1987 1986 1966 1938)
6(8491 8519 8539 8540 8493 8492)
5(1911 1941 1940 1931 1910)
5(8463 8484 8493 8494 8464)
4(1941 1988 1987 1940)
4(8493 8540 8541 8494)
4(269 400 399 268)
4(6821 6952 6953 6822)
5(400 542 541 540 399)
5(6952 7093 7094 7095 6953)
4(270 401 400 269)
4(6822 6953 6954 6823)
4(401 543 542 400)
4(6953 7095 7096 6954)
4(271 402 401 270)
4(6823 6954 6955 6824)
4(402 544 543 401)
4(6954 7096 7097 6955)
4(272 403 402 271)
4(6824 6955 6956 6825)
5(403 546 545 544 402)
5(6955 7097 7098 7099 6956)
5(2888 2889 2976 2975 2887)
5(9440 9528 9529 9442 9441)
5(2890 2891 2977 2976 2889)
5(9442 9529 9530 9444 9443)
6(2640 2641 2892 2891 2673 2639)
6(9192 9226 9444 9445 9194 9193)
4(2892 2978 2977 2891)
4(9444 9530 9531 9445)
5(2642 2643 2893 2892 2641)
5(9194 9445 9446 9196 9195)
4(2893 2979 2978 2892)
4(9445 9531 9532 9446)
6(2078 2079 2317 2316 2155 2077)
6(8630 8708 8869 8870 8632 8631)
6(2476 2477 2644 2643 2561 2475)
6(9028 9114 9196 9197 9030 9029)
6(2313 2314 2478 2477 2395 2312)
6(8865 8948 9030 9031 8867 8866)
4(2478 2645 2644 2477)
4(9030 9197 9198 9031)
5(2315 2316 2479 2478 2314)
5(8867 9031 9032 8869 8868)
4(2479 2646 2645 2478)
4(9031 9198 9199 9032)
4(2317 2480 2479 2316)
4(8869 9032 9033 8870)
4(2480 2647 2646 2479)
4(9032 9199 9200 9033)
6(2020 2021 2050 2049 2028 2019)
6(8572 8581 8602 8603 8574 8573)
6(1985 1986 2022 2021 2008 1984)
6(8537 8561 8574 8575 8539 8538)
4(2022 2051 2050 2021)
4(8574 8603 8604 8575)
5(2050 2080 2079 2063 2049)
5(8602 8616 8632 8633 8603)
4(2080 2318 2317 2079)
4(8632 8870 8871 8633)
4(2051 2081 2080 2050)
4(8603 8633 8634 8604)
4(2081 2319 2318 2080)
4(8633 8871 8872 8634)
4(273 404 403 272)
4(6825 6956 6957 6826)
4(404 547 546 403)
4(6956 7099 7100 6957)
4(274 405 404 273)
4(6826 6957 6958 6827)
5(405 549 548 547 404)
5(6957 7100 7101 7102 6958)
4(275 406 405 274)
4(6827 6958 6959 6828)
4(406 550 549 405)
4(6958 7102 7103 6959)
4(276 407 406 275)
4(6828 6959 6960 6829)
4(407 551 550 406)
4(6959 7103 7104 6960)
4(277 408 407 276)
4(6829 6960 6961 6830)
4(408 552 551 407)
4(6960 7104 7105 6961)
4(278 409 408 277)
4(6830 6961 6962 6831)
4(409 553 552 408)
4(6961 7105 7106 6962)
4(279 410 409 278)
4(6831 6962 6963 6832)
5(410 555 554 553 409)
5(6962 7106 7107 7108 6963)
4(280 411 410 279)
4(6832 6963 6964 6833)
4(411 556 555 410)
4(6963 7108 7109 6964)
4(281 412 411 280)
4(6833 6964 6965 6834)
5(412 558 557 556 411)
5(6964 7109 7110 7111 6965)
4(282 413 412 281)
4(6834 6965 6966 6835)
4(413 559 558 412)
4(6965 7111 7112 6966)
4(283 414 413 282)
4(6835 6966 6967 6836)
4(414 560 559 413)
4(6966 7112 7113 6967)
4(284 415 414 283)
4(6836 6967 6968 6837)
5(415 562 561 560 414)
5(6967 7113 7114 7115 6968)
4(285 416 415 284)
4(6837 6968 6969 6838)
4(416 563 562 415)
4(6968 7115 7116 6969)
4(286 417 416 285)
4(6838 6969 6970 6839)
5(417 565 564 563 416)
5(6969 7116 7117 7118 6970)
4(287 418 417 286)
4(6839 6970 6971 6840)
4(418 566 565 417)
4(6970 7118 7119 6971)
4(288 419 418 287)
4(6840 6971 6972 6841)
4(419 567 566 418)
4(6971 7119 7120 6972)
5(3595 3686 3685 3684 3594)
5(10147 10237 10238 10239 10148)
5(3596 3688 3687 3686 3595)
5(10148 10239 10240 10241 10149)
5(3597 3690 3689 3688 3596)
5(10149 10241 10242 10243 10150)
5(3598 3692 3691 3690 3597)
5(10150 10243 10244 10245 10151)
5(3599 3694 3693 3692 3598)
5(10151 10245 10246 10247 10152)
5(3600 3696 3695 3694 3599)
5(10152 10247 10248 10249 10153)
5(3601 3698 3697 3696 3600)
5(10153 10249 10250 10251 10154)
5(3602 3700 3699 3698 3601)
5(10154 10251 10252 10253 10155)
5(3603 3702 3701 3700 3602)
5(10155 10253 10254 10255 10156)
5(3604 3704 3703 3702 3603)
5(10156 10255 10256 10257 10157)
5(3605 3706 3705 3704 3604)
5(10157 10257 10258 10259 10158)
5(3606 3708 3707 3706 3605)
5(10158 10259 10260 10261 10159)
5(3607 3710 3709 3708 3606)
5(10159 10261 10262 10263 10160)
5(3608 3712 3711 3710 3607)
5(10160 10263 10264 10265 10161)
5(3609 3714 3713 3712 3608)
5(10161 10265 10266 10267 10162)
5(3610 3716 3715 3714 3609)
5(10162 10267 10268 10269 10163)
5(3611 3718 3717 3716 3610)
5(10163 10269 10270 10271 10164)
5(3612 3720 3719 3718 3611)
5(10164 10271 10272 10273 10165)
5(3613 3722 3721 3720 3612)
5(10165 10273 10274 10275 10166)
5(3614 3724 3723 3722 3613)
5(10166 10275 10276 10277 10167)
5(3615 3726 3725 3724 3614)
5(10167 10277 10278 10279 10168)
5(3616 3728 3727 3726 3615)
5(10168 10279 10280 10281 10169)
5(3617 3730 3729 3728 3616)
5(10169 10281 10282 10283 10170)
5(3618 3732 3731 3730 3617)
5(10170 10283 10284 10285 10171)
5(3619 3734 3733 3732 3618)
5(10171 10285 10286 10287 10172)
5(3620 3736 3735 3734 3619)
5(10172 10287 10288 10289 10173)
5(3621 3738 3737 3736 3620)
5(10173 10289 10290 10291 10174)
5(3622 3740 3739 3738 3621)
5(10174 10291 10292 10293 10175)
5(3623 3742 3741 3740 3622)
5(10175 10293 10294 10295 10176)
5(3624 3744 3743 3742 3623)
5(10176 10295 10296 10297 10177)
5(3625 3746 3745 3744 3624)
5(10177 10297 10298 10299 10178)
5(3626 3748 3747 3746 3625)
5(10178 10299 10300 10301 10179)
5(6265 6266 6371 6370 6264)
5(12817 12923 12924 12819 12818)
5(6267 6268 6372 6371 6266)
5(12819 12924 12925 12821 12820)
5(6269 6270 6373 6372 6268)
5(12821 12925 12926 12823 12822)
5(6271 6272 6374 6373 6270)
5(12823 12926 12927 12825 12824)
5(6273 6274 6375 6374 6272)
5(12825 12927 12928 12827 12826)
5(6275 6276 6376 6375 6274)
5(12827 12928 12929 12829 12828)
5(6277 6278 6377 6376 6276)
5(12829 12929 12930 12831 12830)
5(6279 6280 6378 6377 6278)
5(12831 12930 12931 12833 12832)
5(6281 6282 6379 6378 6280)
5(12833 12931 12932 12835 12834)
5(6283 6284 6380 6379 6282)
5(12835 12932 12933 12837 12836)
5(6285 6286 6381 6380 6284)
5(12837 12933 12934 12839 12838)
5(6287 6288 6382 6381 6286)
5(12839 12934 12935 12841 12840)
5(6289 6290 6383 6382 6288)
5(12841 12935 12936 12843 12842)
5(6291 6292 6384 6383 6290)
5(12843 12936 12937 12845 12844)
5(6293 6294 6385 6384 6292)
5(12845 12937 12938 12847 12846)
5(6295 6296 6386 6385 6294)
5(12847 12938 12939 12849 12848)
5(6297 6298 6387 6386 6296)
5(12849 12939 12940 12851 12850)
5(6299 6300 6388 6387 6298)
5(12851 12940 12941 12853 12852)
5(6301 6302 6389 6388 6300)
5(12853 12941 12942 12855 12854)
5(6303 6304 6390 6389 6302)
5(12855 12942 12943 12857 12856)
5(6305 6306 6391 6390 6304)
5(12857 12943 12944 12859 12858)
5(6307 6308 6392 6391 6306)
5(12859 12944 12945 12861 12860)
5(6309 6310 6393 6392 6308)
5(12861 12945 12946 12863 12862)
5(6311 6312 6394 6393 6310)
5(12863 12946 12947 12865 12864)
5(6313 6314 6395 6394 6312)
5(12865 12947 12948 12867 12866)
5(6315 6316 6396 6395 6314)
5(12867 12948 12949 12869 12868)
5(6317 6318 6397 6396 6316)
5(12869 12949 12950 12871 12870)
5(6319 6320 6398 6397 6318)
5(12871 12950 12951 12873 12872)
5(6321 6322 6399 6398 6320)
5(12873 12951 12952 12875 12874)
5(6323 6324 6400 6399 6322)
5(12875 12952 12953 12877 12876)
5(6325 6326 6401 6400 6324)
5(12877 12953 12954 12879 12878)
5(6327 6328 6402 6401 6326)
5(12879 12954 12955 12881 12880)
5(3627 3750 3749 3748 3626)
5(10179 10301 10302 10303 10180)
5(3628 3752 3751 3750 3627)
5(10180 10303 10304 10305 10181)
4(3629 3753 3752 3628)
4(10181 10305 10306 10182)
6(3753 3921 3920 3919 3888 3752)
6(10305 10441 10472 10473 10474 10306)
4(3630 3754 3753 3629)
4(10182 10306 10307 10183)
5(3754 3923 3922 3921 3753)
5(10306 10474 10475 10476 10307)
6(3924 4089 4088 4087 4004 3923)
6(10476 10557 10640 10641 10642 10477)
4(3925 4090 4089 3924)
4(10477 10642 10643 10478)
6(4090 4257 4256 4255 4168 4089)
6(10642 10721 10808 10809 10810 10643)
4(3926 4091 4090 3925)
4(10478 10643 10644 10479)
5(4091 4259 4258 4257 4090)
5(10643 10810 10811 10812 10644)
4(3927 4092 4091 3926)
4(10479 10644 10645 10480)
4(4092 4260 4259 4091)
4(10644 10812 10813 10645)
6(4260 4478 4477 4476 4404 4259)
6(10812 10957 11029 11030 11031 10813)
4(4261 4479 4478 4260)
4(10813 11031 11032 10814)
5(4479 4509 4508 4495 4478)
5(11031 11048 11061 11062 11032)
4(4262 4480 4479 4261)
4(10814 11032 11033 10815)
4(4480 4510 4509 4479)
4(11032 11062 11063 11033)
6(4509 4537 4536 4535 4529 4508)
6(11061 11082 11088 11089 11090 11062)
4(4510 4538 4537 4509)
4(11062 11090 11091 11063)
6(4538 4578 4577 4576 4550 4537)
6(11090 11103 11129 11130 11131 11091)
6(4579 4619 4618 4617 4593 4578)
6(11131 11146 11170 11171 11172 11132)
4(4580 4620 4619 4579)
4(11132 11172 11173 11133)
5(4620 4655 4654 4628 4619)
5(11172 11181 11207 11208 11173)
5(4655 4679 4678 4671 4654)
5(11207 11224 11231 11232 11208)
5(4679 4720 4719 4701 4678)
5(11231 11254 11272 11273 11232)
5(4720 4754 4753 4738 4719)
5(11272 11291 11306 11307 11273)
5(4754 4786 4785 4760 4753)
5(11306 11313 11338 11339 11307)
5(4786 4818 4817 4802 4785)
5(11338 11355 11370 11371 11339)
5(4818 4859 4858 4832 4817)
5(11370 11385 11411 11412 11371)
5(4859 4886 4885 4870 4858)
5(11411 11423 11438 11439 11412)
5(4886 4918 4917 4900 4885)
5(11438 11453 11470 11471 11439)
5(4918 4950 4949 4942 4917)
5(11470 11495 11502 11503 11471)
5(4950 4991 4990 4964 4949)
5(11502 11517 11543 11544 11503)
5(4991 5025 5024 5001 4990)
5(11543 11554 11577 11578 11544)
5(5025 5056 5055 5031 5024)
5(11577 11584 11608 11609 11578)
5(5056 5080 5079 5072 5055)
5(11608 11625 11632 11633 11609)
5(5080 5128 5127 5106 5079)
5(11632 11659 11680 11681 11633)
4(2083 2152 2151 2082)
4(8635 8704 8705 8636)
6(5478 5479 5714 5713 5622 5477)
6(12030 12175 12266 12267 12032 12031)
4(2152 2304 2303 2151)
4(8704 8856 8857 8705)
6(5324 5325 5480 5479 5397 5323)
6(11876 11950 12032 12033 11878 11877)
4(2084 2153 2152 2083)
4(8636 8705 8706 8637)
4(5480 5715 5714 5479)
4(12032 12267 12268 12033)
6(2153 2156 2306 2305 2304 2152)
6(8705 8857 8858 8859 8709 8706)
6(5805 5806 5896 5895 5879 5804)
6(12357 12432 12448 12449 12359 12358)
6(5894 5895 6329 6328 6197 5893)
6(12446 12750 12881 12882 12448 12447)
4(6329 6403 6402 6328)
4(12881 12955 12956 12882)
4(5896 6330 6329 5895)
4(12448 12882 12883 12449)
4(6330 6404 6403 6329)
4(12882 12956 12957 12883)
6(5706 5707 5807 5806 5792 5705)
6(12258 12345 12359 12360 12260 12259)
4(5807 5897 5896 5806)
4(12359 12449 12450 12360)
5(5708 5709 5808 5807 5707)
5(12260 12360 12361 12262 12261)
4(5808 5898 5897 5807)
4(12360 12450 12451 12361)
5(5710 5711 5809 5808 5709)
5(12262 12361 12362 12264 12263)
4(5809 5899 5898 5808)
4(12361 12451 12452 12362)
5(5712 5713 5810 5809 5711)
5(12264 12362 12363 12266 12265)
4(5810 5900 5899 5809)
4(12362 12452 12453 12363)
4(2306 2388 2387 2305)
4(8858 8940 8941 8859)
3(2458 2387 2388)
3(8941 8940 9011)
3(2459 2458 2388)
3(8941 9011 9012)
3(2388 2465 2464)
3(9017 9018 8941)
3(2388 2464 2459)
3(9012 9017 8941)
5(2465 2551 2565 2564 2464)
5(9017 9117 9118 9104 9018)
6(5236 5237 5273 5272 5251 5235)
6(11788 11804 11825 11826 11790 11789)
5(5128 5168 5167 5149 5127)
5(11680 11702 11720 11721 11681)
5(5168 5206 5205 5174 5167)
5(11720 11727 11758 11759 11721)
6(5204 5205 5238 5237 5223 5203)
6(11756 11776 11790 11791 11758 11757)
4(5238 5274 5273 5237)
4(11790 11826 11827 11791)
4(5206 5239 5238 5205)
4(11758 11791 11792 11759)
4(5239 5275 5274 5238)
4(11791 11827 11828 11792)
6(5271 5272 5298 5297 5285 5270)
6(11823 11838 11850 11851 11825 11824)
5(5298 5326 5325 5310 5297)
5(11850 11863 11878 11879 11851)
4(5273 5299 5298 5272)
4(11825 11851 11852 11826)
4(5299 5327 5326 5298)
4(11851 11879 11880 11852)
4(2157 2307 2306 2156)
4(8709 8859 8860 8710)
3(2307 2157 2158)
3(8711 8710 8860)
3(2307 2158 2223)
3(8776 8711 8860)
3(2308 2307 2223)
3(8776 8860 8861)
3(2223 2224 2308)
3(8861 8777 8776)
5(2225 2310 2309 2308 2224)
5(8777 8861 8862 8863 8778)
4(2466 2552 2551 2465)
4(9018 9104 9105 9019)
3(2552 2630 2629)
3(9182 9183 9105)
3(2552 2629 2566)
3(9119 9182 9105)
3(2565 2551 2552)
3(9105 9104 9118)
3(2552 2566 2565)
3(9118 9119 9105)
4(2467 2553 2552 2466)
4(9019 9105 9106 9020)
4(2553 2631 2630 2552)
4(9105 9183 9184 9106)
4(2309 2390 2389 2308)
4(8861 8942 8943 8862)
4(2390 2468 2467 2389)
4(8942 9020 9021 8943)
3(2323 2391 2390)
3(8943 8944 8876)
3(2322 2323 2390)
3(8943 8876 8875)
3(2390 2309 2310)
3(8863 8862 8943)
3(2310 2322 2390)
3(8943 8875 8863)
4(2391 2469 2468 2390)
4(8943 9021 9022 8944)
4(2630 2662 2661 2629)
4(9182 9214 9215 9183)
3(2630 2631 2668)
3(9221 9184 9183)
3(2663 2662 2630)
3(9183 9215 9216)
3(2663 2630 2668)
3(9221 9183 9216)
3(2668 2667 2663)
3(9216 9220 9221)
4(2668 2803 2802 2667)
4(9220 9355 9356 9221)
4(2803 2899 2898 2802)
4(9355 9451 9452 9356)
3(2804 2905 2904)
3(9457 9458 9357)
3(2899 2803 2804)
3(9357 9356 9452)
3(2804 2904 2900)
3(9453 9457 9357)
3(2804 2900 2899)
3(9452 9453 9357)
4(2905 2930 2929 2904)
4(9457 9482 9483 9458)
4(2805 2906 2905 2804)
4(9357 9458 9459 9358)
5(2906 2932 2931 2930 2905)
5(9458 9483 9484 9485 9459)
4(2324 2392 2391 2323)
4(8876 8944 8945 8877)
3(2470 2469 2391)
3(8944 9022 9023)
3(2391 2392 2396)
3(8949 8945 8944)
3(2470 2391 2396)
3(8949 8944 9023)
3(2396 2397 2470)
3(9023 8950 8949)
4(2398 2471 2470 2397)
4(8950 9023 9024 8951)
4(2399 2472 2471 2398)
4(8951 9024 9025 8952)
3(2490 2555 2554)
3(9107 9108 9043)
3(2554 2471 2472)
3(9025 9024 9107)
3(2489 2490 2554)
3(9107 9043 9042)
3(2472 2489 2554)
3(9107 9042 9025)
4(2555 2634 2633 2554)
4(9107 9186 9187 9108)
4(2491 2556 2555 2490)
4(9043 9108 9109 9044)
5(2556 2567 2635 2634 2555)
5(9108 9187 9188 9120 9109)
4(2932 2991 2990 2931)
4(9484 9543 9544 9485)
4(2991 3009 3008 2990)
4(9543 9561 9562 9544)
4(2933 2992 2991 2932)
4(9485 9544 9545 9486)
4(2992 3010 3009 2991)
4(9544 9562 9563 9545)
4(2934 2993 2992 2933)
4(9486 9545 9546 9487)
3(3010 2992 2993)
3(9546 9545 9563)
3(3011 3010 2993)
3(9546 9563 9564)
3(2993 3017 3016)
3(9569 9570 9546)
3(2993 3016 3011)
3(9564 9569 9546)
4(3017 3023 3022 3016)
4(9569 9575 9576 9570)
5(3023 3046 3045 3031 3022)
5(9575 9584 9598 9599 9576)
5(3046 3082 3081 3077 3045)
5(9598 9630 9634 9635 9599)
4(3082 3088 3087 3081)
4(9634 9640 9641 9635)
5(3088 3110 3109 3105 3087)
5(9640 9658 9662 9663 9641)
4(3110 3127 3126 3109)
4(9662 9679 9680 9663)
4(3127 3166 3165 3126)
4(9679 9718 9719 9680)
5(3166 3180 3179 3174 3165)
5(9718 9727 9732 9733 9719)
4(3180 3186 3185 3179)
4(9732 9738 9739 9733)
5(3186 3210 3209 3202 3185)
5(9738 9755 9762 9763 9739)
5(3210 3226 3225 3221 3209)
5(9762 9774 9778 9779 9763)
4(3226 3240 3239 3225)
4(9778 9792 9793 9779)
5(3240 3254 3253 3249 3239)
5(9792 9802 9806 9807 9793)
4(3254 3279 3278 3253)
4(9806 9831 9832 9807)
4(2568 2636 2635 2567)
4(9120 9188 9189 9121)
4(2569 2637 2636 2568)
4(9121 9189 9190 9122)
4(2636 2670 2669 2635)
4(9188 9222 9223 9189)
4(2670 2808 2807 2669)
4(9222 9360 9361 9223)
4(2637 2671 2670 2636)
4(9189 9223 9224 9190)
3(2808 2670 2671)
3(9224 9223 9361)
3(2808 2671 2674)
3(9227 9224 9361)
3(2809 2808 2674)
3(9227 9361 9362)
3(2674 2675 2809)
3(9362 9228 9227)
4(2676 2810 2809 2675)
4(9228 9362 9363 9229)
5(2677 2678 2811 2810 2676)
5(9229 9363 9364 9231 9230)
5(2679 2680 2812 2811 2678)
5(9231 9364 9365 9233 9232)
4(2681 2813 2812 2680)
4(9233 9365 9366 9234)
5(2682 2683 2814 2813 2681)
5(9234 9366 9367 9236 9235)
4(2684 2815 2814 2683)
4(9236 9367 9368 9237)
4(2685 2816 2815 2684)
4(9237 9368 9369 9238)
5(2686 2687 2817 2816 2685)
5(9238 9369 9370 9240 9239)
4(2688 2818 2817 2687)
4(9240 9370 9371 9241)
5(2689 2690 2819 2818 2688)
5(9241 9371 9372 9243 9242)
5(2691 2692 2820 2819 2690)
5(9243 9372 9373 9245 9244)
4(2693 2821 2820 2692)
4(9245 9373 9374 9246)
5(2694 2695 2822 2821 2693)
5(9246 9374 9375 9248 9247)
4(2696 2823 2822 2695)
4(9248 9375 9376 9249)
4(3262 3299 3298 3261)
4(9814 9851 9852 9815)
4(3299 3313 3312 3298)
4(9851 9865 9866 9852)
4(3263 3300 3299 3262)
4(9815 9852 9853 9816)
4(3300 3314 3313 3299)
4(9852 9866 9867 9853)
4(3313 3327 3326 3312)
4(9865 9879 9880 9866)
4(3327 3343 3342 3326)
4(9879 9895 9896 9880)
5(3314 3318 3328 3327 3313)
5(9866 9880 9881 9871 9867)
4(3328 3344 3343 3327)
4(9880 9896 9897 9881)
4(3343 3367 3366 3342)
4(9895 9919 9920 9896)
4(3367 3373 3372 3366)
4(9919 9925 9926 9920)
5(3344 3350 3368 3367 3343)
5(9896 9920 9921 9903 9897)
4(3368 3374 3373 3367)
4(9920 9926 9927 9921)
4(3373 3387 3386 3372)
4(9925 9939 9940 9926)
4(3387 3405 3404 3386)
4(9939 9957 9958 9940)
4(3374 3388 3387 3373)
4(9926 9940 9941 9927)
5(3388 3391 3406 3405 3387)
5(9940 9958 9959 9944 9941)
4(3405 3443 3442 3404)
4(9957 9995 9996 9958)
4(3443 3465 3464 3442)
4(9995 10017 10018 9996)
4(3406 3444 3443 3405)
4(9958 9996 9997 9959)
5(3444 3447 3466 3465 3443)
5(9996 10018 10019 10000 9997)
4(3465 3471 3470 3464)
4(10017 10023 10024 10018)
4(3471 3487 3486 3470)
4(10023 10039 10040 10024)
4(3466 3472 3471 3465)
4(10018 10024 10025 10019)
4(3472 3488 3487 3471)
4(10024 10040 10041 10025)
4(3487 3530 3529 3486)
4(10039 10082 10083 10040)
4(3530 3536 3535 3529)
4(10082 10088 10089 10083)
4(3488 3531 3530 3487)
4(10040 10083 10084 10041)
4(3531 3537 3536 3530)
4(10083 10089 10090 10084)
4(3536 3560 3559 3535)
4(10088 10112 10113 10089)
4(3560 3573 3572 3559)
4(10112 10125 10126 10113)
5(3537 3541 3561 3560 3536)
5(10089 10113 10114 10094 10090)
4(3561 3574 3573 3560)
4(10113 10126 10127 10114)
4(3573 3647 3646 3572)
4(10125 10199 10200 10126)
4(3647 3661 3660 3646)
4(10199 10213 10214 10200)
5(3574 3638 3648 3647 3573)
5(10126 10200 10201 10191 10127)
4(3648 3662 3661 3647)
4(10200 10214 10215 10201)
4(3661 3880 3879 3660)
4(10213 10432 10433 10214)
4(3880 3907 3906 3879)
4(10432 10459 10460 10433)
4(3662 3881 3880 3661)
4(10214 10433 10434 10215)
5(3881 3889 3908 3907 3880)
5(10433 10460 10461 10442 10434)
4(3907 3992 3991 3906)
4(10459 10544 10545 10460)
4(3992 4074 4073 3991)
4(10544 10626 10627 10545)
4(3908 3993 3992 3907)
4(10460 10545 10546 10461)
5(3993 4064 4075 4074 3992)
5(10545 10627 10628 10617 10546)
4(4074 4158 4157 4073)
4(10626 10710 10711 10627)
4(4158 4237 4236 4157)
4(10710 10789 10790 10711)
4(4075 4159 4158 4074)
4(10627 10711 10712 10628)
4(4159 4238 4237 4158)
4(10711 10790 10791 10712)
4(4237 4398 4397 4236)
4(10789 10950 10951 10790)
4(4398 4473 4472 4397)
4(10950 11025 11026 10951)
4(4238 4399 4398 4237)
4(10790 10951 10952 10791)
4(4399 4474 4473 4398)
4(10951 11026 11027 10952)
4(4473 4490 4489 4472)
4(11025 11042 11043 11026)
4(4490 4504 4503 4489)
4(11042 11056 11057 11043)
5(4474 4481 4491 4490 4473)
5(11026 11043 11044 11034 11027)
4(4491 4505 4504 4490)
4(11043 11057 11058 11044)
4(4504 4525 4524 4503)
4(11056 11077 11078 11057)
4(4525 4532 4531 4524)
4(11077 11084 11085 11078)
5(4505 4512 4526 4525 4504)
5(11057 11078 11079 11065 11058)
4(4526 4533 4532 4525)
4(11078 11085 11086 11079)
4(4532 4545 4544 4531)
4(11084 11097 11098 11085)
4(4545 4566 4565 4544)
4(11097 11118 11119 11098)
4(4533 4546 4545 4532)
4(11085 11098 11099 11086)
5(4546 4551 4567 4566 4545)
5(11098 11119 11120 11104 11099)
4(4566 4587 4586 4565)
4(11118 11139 11140 11119)
4(4587 4613 4612 4586)
4(11139 11165 11166 11140)
4(4567 4588 4587 4566)
4(11119 11140 11141 11120)
5(4588 4594 4614 4613 4587)
5(11140 11166 11167 11147 11141)
4(4613 4622 4621 4612)
4(11165 11174 11175 11166)
4(4622 4643 4642 4621)
4(11174 11195 11196 11175)
4(4614 4623 4622 4613)
4(11166 11175 11176 11167)
4(4623 4644 4643 4622)
4(11175 11196 11197 11176)
4(4643 4667 4666 4642)
4(11195 11219 11220 11196)
4(4667 4674 4673 4666)
4(11219 11226 11227 11220)
4(4644 4668 4667 4643)
4(11196 11220 11221 11197)
4(4668 4675 4674 4667)
4(11220 11227 11228 11221)
4(4674 4697 4696 4673)
4(11226 11249 11250 11227)
4(4697 4708 4707 4696)
4(11249 11260 11261 11250)
5(4675 4680 4698 4697 4674)
5(11227 11250 11251 11233 11228)
4(4698 4709 4708 4697)
4(11250 11261 11262 11251)
4(4708 4734 4733 4707)
4(11260 11286 11287 11261)
4(4734 4749 4748 4733)
4(11286 11301 11302 11287)
5(4709 4725 4735 4734 4708)
5(11261 11287 11288 11278 11262)
4(4735 4750 4749 4734)
4(11287 11302 11303 11288)
4(4749 4756 4755 4748)
4(11301 11308 11309 11302)
4(4756 4781 4780 4755)
4(11308 11333 11334 11309)
4(4750 4757 4756 4749)
4(11302 11309 11310 11303)
5(4757 4761 4782 4781 4756)
5(11309 11334 11335 11314 11310)
4(4781 4798 4797 4780)
4(11333 11350 11351 11334)
4(4798 4813 4812 4797)
4(11350 11365 11366 11351)
4(4782 4799 4798 4781)
4(11334 11351 11352 11335)
5(4799 4803 4814 4813 4798)
5(11351 11366 11367 11356 11352)
4(4813 4828 4827 4812)
4(11365 11380 11381 11366)
4(4828 4840 4839 4827)
4(11380 11392 11393 11381)
4(4814 4829 4828 4813)
4(11366 11381 11382 11367)
4(4829 4841 4840 4828)
4(11381 11393 11394 11382)
4(4840 4866 4865 4839)
4(11392 11418 11419 11393)
4(4866 4881 4880 4865)
4(11418 11433 11434 11419)
4(4841 4867 4866 4840)
4(11393 11419 11420 11394)
4(4867 4882 4881 4866)
4(11419 11434 11435 11420)
4(4881 4896 4895 4880)
4(11433 11448 11449 11434)
4(4896 4913 4912 4895)
4(11448 11465 11466 11449)
5(4882 4887 4897 4896 4881)
5(11434 11449 11450 11440 11435)
4(4897 4914 4913 4896)
4(11449 11466 11467 11450)
4(4913 4938 4937 4912)
4(11465 11490 11491 11466)
4(4938 4945 4944 4937)
4(11490 11497 11498 11491)
5(4914 4921 4939 4938 4913)
5(11466 11491 11492 11474 11467)
4(4939 4946 4945 4938)
4(11491 11498 11499 11492)
4(4945 4960 4959 4944)
4(11497 11512 11513 11498)
4(4960 4979 4978 4959)
4(11512 11531 11532 11513)
4(4946 4961 4960 4945)
4(11498 11513 11514 11499)
5(4961 4965 4980 4979 4960)
5(11513 11532 11533 11518 11514)
4(4979 4997 4996 4978)
4(11531 11549 11550 11532)
4(4997 5020 5019 4996)
4(11549 11572 11573 11550)
4(4980 4998 4997 4979)
4(11532 11550 11551 11533)
5(4998 5002 5021 5020 4997)
5(11550 11573 11574 11555 11551)
4(5020 5027 5026 5019)
4(11572 11579 11580 11573)
4(5027 5044 5043 5026)
4(11579 11596 11597 11580)
4(5021 5028 5027 5020)
4(11573 11580 11581 11574)
4(5028 5045 5044 5027)
4(11580 11597 11598 11581)
4(5044 5068 5067 5043)
4(11596 11620 11621 11597)
4(5068 5075 5074 5067)
4(11620 11627 11628 11621)
4(5045 5069 5068 5044)
4(11597 11621 11622 11598)
4(5069 5076 5075 5068)
4(11621 11628 11629 11622)
4(5075 5100 5099 5074)
4(11627 11652 11653 11628)
4(5100 5114 5113 5099)
4(11652 11666 11667 11653)
3(5101 5100 5075)
3(11628 11653 11654)
3(5075 5076 5081)
3(11634 11629 11628)
4(5081 5082 5102 5101)
4(11654 11655 11635 11634)
3(5101 5075 5081)
3(11634 11628 11654)
3(5082 5083 5102)
3(11655 11636 11635)
4(5101 5115 5114 5100)
4(11653 11667 11668 11654)
4(5102 5116 5115 5101)
4(11654 11668 11669 11655)
4(5084 5103 5102 5083)
4(11636 11655 11656 11637)
4(5103 5117 5116 5102)
4(11655 11669 11670 11656)
4(5116 5143 5142 5115)
4(11668 11695 11696 11669)
4(5143 5161 5160 5142)
4(11695 11713 11714 11696)
4(5134 5135 5144 5143)
4(11696 11697 11688 11687)
3(5143 5116 5134)
3(11687 11669 11696)
3(5116 5117 5134)
3(11687 11670 11669)
4(5144 5162 5161 5143)
4(11696 11714 11715 11697)
5(5136 5146 5145 5144 5135)
5(11688 11697 11698 11699 11689)
4(5145 5163 5162 5144)
4(11697 11715 11716 11698)
4(5146 5164 5163 5145)
4(11698 11716 11717 11699)
4(5163 5170 5169 5162)
4(11715 11722 11723 11716)
4(5170 5198 5197 5169)
4(11722 11750 11751 11723)
4(5164 5171 5170 5163)
4(11716 11723 11724 11717)
3(5176 5199 5198)
3(11751 11752 11729)
3(5175 5176 5198)
3(11751 11729 11728)
4(5171 5175 5198 5170)
4(11723 11751 11728 11724)
4(5177 5200 5199 5176)
4(11729 11752 11753 11730)
4(5200 5218 5217 5199)
4(11752 11770 11771 11753)
3(5225 5232 5231)
3(11784 11785 11778)
3(5224 5225 5231)
3(11784 11778 11777)
4(5218 5224 5231 5217)
4(11770 11784 11777 11771)
4(5232 5247 5246 5231)
4(11784 11799 11800 11785)
5(5247 5261 5260 5259 5246)
5(11799 11812 11813 11814 11800)
4(5260 5281 5280 5259)
4(11812 11833 11834 11813)
4(5281 5293 5292 5280)
4(11833 11845 11846 11834)
5(5261 5262 5282 5281 5260)
5(11813 11834 11835 11815 11814)
4(5282 5294 5293 5281)
4(11834 11846 11847 11835)
4(5293 5305 5304 5292)
4(11845 11857 11858 11846)
4(5305 5319 5318 5304)
4(11857 11871 11872 11858)
3(5306 5305 5293)
3(11846 11858 11859)
3(5293 5294 5300)
3(11853 11847 11846)
3(5306 5293 5300)
3(11853 11846 11859)
3(5300 5301 5306)
3(11859 11854 11853)
4(5306 5320 5319 5305)
4(11858 11872 11873 11859)
4(5302 5307 5306 5301)
4(11854 11859 11860 11855)
4(5307 5321 5320 5306)
4(11859 11873 11874 11860)
4(5395 5398 5394 5320)
4(11873 11947 11951 11948)
3(5320 5321 5395)
3(11948 11874 11873)
3(5471 5470 5394)
3(11947 12023 12024)
3(5399 5400 5472)
3(12025 11953 11952)
4(5472 5471 5398 5399)
4(11952 11951 12024 12025)
3(5398 5471 5394)
3(11947 12024 11951)
4(5401 5473 5472 5400)
4(11953 12025 12026 11954)
4(5402 5474 5473 5401)
4(11954 12026 12027 11955)
4(5473 5614 5613 5472)
4(12025 12166 12167 12026)
4(5614 5695 5694 5613)
4(12166 12247 12248 12167)
3(5615 5614 5473)
3(12026 12167 12168)
3(5481 5482 5615)
3(12168 12035 12034)
3(5481 5615 5473)
3(12026 12168 12034)
3(5474 5481 5473)
3(12026 12034 12027)
4(5615 5696 5695 5614)
4(12167 12248 12249 12168)
4(5483 5616 5615 5482)
4(12035 12168 12169 12036)
4(5616 5697 5696 5615)
4(12168 12249 12250 12169)
5(5484 5548 5617 5616 5483)
5(12036 12169 12170 12101 12037)
4(5617 5698 5697 5616)
4(12169 12250 12251 12170)
5(5549 5699 5698 5617 5548)
5(12101 12170 12251 12252 12102)
4(5550 5700 5699 5549)
4(12102 12252 12253 12103)
3(5700 5550 5551)
3(12104 12103 12253)
3(5700 5551 5623)
3(12176 12104 12253)
4(5624 5701 5700 5623)
4(12176 12253 12254 12177)
4(5625 5702 5701 5624)
4(12177 12254 12255 12178)
4(5626 5703 5702 5625)
4(12178 12255 12256 12179)
3(5785 5702 5703)
3(12256 12255 12338)
3(5785 5703 5722)
3(12275 12256 12338)
3(5723 5787 5786)
3(12339 12340 12276)
4(5786 5785 5722 5723)
4(12276 12275 12338 12339)
4(5725 5788 5787 5724)
4(12277 12340 12341 12278)
3(5723 5724 5787)
3(12340 12277 12276)
4(5786 5798 5797 5785)
4(12338 12350 12351 12339)
4(5787 5799 5798 5786)
4(12339 12351 12352 12340)
4(5788 5800 5799 5787)
4(12340 12352 12353 12341)
5(5726 5801 5800 5788 5725)
5(12278 12341 12353 12354 12279)
4(5800 5871 5870 5799)
4(12352 12423 12424 12353)
4(5871 5887 5886 5870)
4(12423 12439 12440 12424)
3(5811 5872 5871)
3(12424 12425 12364)
4(5871 5800 5801 5811)
4(12364 12354 12353 12424)
3(5811 5812 5872)
3(12425 12365 12364)
4(5872 5888 5887 5871)
4(12424 12440 12441 12425)
4(3279 3302 3301 3278)
4(9831 9854 9855 9832)
5(3302 3316 3315 3310 3301)
5(9854 9863 9868 9869 9855)
4(3316 3330 3329 3315)
4(9868 9882 9883 9869)
5(3330 3346 3345 3338 3329)
5(9882 9891 9898 9899 9883)
5(3346 3370 3369 3365 3345)
5(9898 9918 9922 9923 9899)
4(3370 3376 3375 3369)
4(9922 9928 9929 9923)
5(3376 3390 3389 3385 3375)
5(9928 9938 9942 9943 9929)
4(3390 3415 3414 3389)
4(9942 9967 9968 9943)
4(3556 3563 3562 3555)
4(10108 10115 10116 10109)
4(3563 3583 3582 3562)
4(10115 10135 10136 10116)
4(3415 3446 3445 3414)
4(9967 9998 9999 9968)
5(3446 3468 3467 3462 3445)
5(9998 10015 10020 10021 9999)
4(3468 3474 3473 3467)
4(10020 10026 10027 10021)
5(3474 3497 3496 3482 3473)
5(10026 10035 10049 10050 10027)
5(3497 3533 3532 3528 3496)
5(10049 10081 10085 10086 10050)
4(3533 3539 3538 3532)
4(10085 10091 10092 10086)
4(3557 3564 3563 3556)
4(10109 10116 10117 10110)
4(3564 3584 3583 3563)
4(10116 10136 10137 10117)
3(3565 3564 3557)
3(10110 10117 10118)
3(3565 3557 3558)
3(10111 10110 10118)
3(3539 3565 3558)
3(10111 10118 10092)
3(3539 3558 3538)
3(10091 10111 10092)
4(3565 3585 3584 3564)
4(10117 10137 10138 10118)
5(3989 3994 4077 4076 3988)
5(10541 10629 10630 10547 10542)
3(4161 4160 4094)
3(10647 10713 10714)
3(4161 4094 4095)
3(10648 10647 10714)
3(4077 4161 4095)
3(10648 10714 10630)
3(4077 4095 4076)
3(10629 10648 10630)
4(4161 4249 4248 4160)
4(10713 10801 10802 10714)
4(4247 4401 4400 4246)
4(10799 10953 10954 10800)
4(4401 4406 4405 4400)
4(10953 10958 10959 10954)
6(4248 4249 4330 4402 4401 4247)
6(10800 10954 10955 10883 10802 10801)
4(4402 4407 4406 4401)
4(10954 10959 10960 10955)
4(3657 3664 3663 3656)
4(10209 10216 10217 10210)
4(3901 3910 3909 3900)
4(10453 10462 10463 10454)
4(3664 3883 3882 3663)
4(10216 10435 10436 10217)
3(3883 3911 3910)
3(10463 10464 10436)
3(3910 3901 3902)
3(10455 10454 10463)
3(3883 3910 3902)
3(10455 10463 10436)
3(3883 3902 3882)
3(10435 10455 10436)
4(3581 3650 3649 3580)
4(10133 10202 10203 10134)
3(3649 3650 3665)
3(10218 10203 10202)
3(3665 3664 3657)
3(10210 10217 10218)
3(3658 3649 3665)
3(10218 10202 10211)
3(3665 3657 3658)
3(10211 10210 10218)
5(3582 3583 3651 3650 3581)
5(10134 10203 10204 10136 10135)
4(3651 3666 3665 3650)
4(10203 10218 10219 10204)
3(3909 3910 3995)
3(10548 10463 10462)
3(3990 3909 3995)
3(10548 10462 10543)
3(3995 3994 3989)
3(10542 10547 10548)
3(3995 3989 3990)
3(10543 10542 10548)
4(3995 4078 4077 3994)
4(10547 10630 10631 10548)
4(3911 3996 3995 3910)
4(10463 10548 10549 10464)
4(3996 4079 4078 3995)
4(10548 10631 10632 10549)
4(4080 4163 4162 4079)
4(10632 10715 10716 10633)
4(4163 4252 4251 4162)
4(10715 10804 10805 10716)
4(4081 4164 4163 4080)
4(10633 10716 10717 10634)
3(4163 4164 4170)
3(10723 10717 10716)
3(4163 4170 4169)
3(10722 10723 10716)
3(4252 4163 4169)
3(10722 10716 10805)
3(4169 4253 4252)
3(10805 10806 10722)
3(4164 4081 4082)
3(10635 10634 10717)
3(4096 4165 4164)
3(10717 10718 10649)
3(4096 4164 4082)
3(10635 10717 10649)
3(4082 4097 4096)
3(10649 10650 10635)
4(4165 4171 4170 4164)
4(10717 10723 10724 10718)
4(4083 4098 4097 4082)
4(10635 10650 10651 10636)
4(3914 3998 3997 3913)
4(10466 10550 10551 10467)
3(3997 3998 4006)
3(10559 10551 10550)
3(4084 4083 3997)
3(10550 10636 10637)
3(3997 4006 4005)
3(10558 10559 10550)
3(4005 4084 3997)
3(10550 10637 10558)
5(3915 3930 3999 3998 3914)
5(10467 10551 10552 10483 10468)
4(3999 4007 4006 3998)
4(10551 10559 10560 10552)
4(4084 4099 4098 4083)
4(10636 10651 10652 10637)
4(4250 4331 4330 4249)
4(10802 10883 10884 10803)
3(4332 4331 4250)
3(10803 10884 10885)
3(4265 4332 4250)
3(10803 10885 10818)
3(4265 4250 4251)
3(10804 10803 10818)
3(4251 4266 4265)
3(10818 10819 10804)
5(4252 4253 4267 4266 4251)
5(10804 10819 10820 10806 10805)
4(3669 3885 3884 3668)
4(10221 10437 10438 10222)
4(3885 3916 3915 3884)
4(10437 10468 10469 10438)
3(3886 3885 3669)
3(10222 10438 10439)
3(3755 3886 3669)
3(10222 10439 10308)
3(3755 3669 3670)
3(10223 10222 10308)
3(3670 3756 3755)
3(10308 10309 10223)
4(3886 3917 3916 3885)
4(10438 10469 10470 10439)
4(3671 3757 3756 3670)
4(10223 10309 10310 10224)
5(3672 3759 3758 3757 3671)
5(10224 10310 10311 10312 10225)
4(3916 3931 3930 3915)
4(10468 10483 10484 10469)
4(3917 3932 3931 3916)
4(10469 10484 10485 10470)
5(3673 3761 3760 3759 3672)
5(10225 10312 10313 10314 10226)
4(3674 3762 3761 3673)
4(10226 10314 10315 10227)
5(3675 3764 3763 3762 3674)
5(10227 10315 10316 10317 10228)
4(3676 3765 3764 3675)
4(10228 10317 10318 10229)
4(3677 3766 3765 3676)
4(10229 10318 10319 10230)
5(3678 3768 3767 3766 3677)
5(10230 10319 10320 10321 10231)
4(3679 3769 3768 3678)
4(10231 10321 10322 10232)
5(3680 3771 3770 3769 3679)
5(10232 10322 10323 10324 10233)
5(3681 3773 3772 3771 3680)
5(10233 10324 10325 10326 10234)
4(3682 3774 3773 3681)
4(10234 10326 10327 10235)
5(3683 3776 3775 3774 3682)
5(10235 10327 10328 10329 10236)
4(3684 3777 3776 3683)
4(10236 10329 10330 10237)
4(5813 5873 5872 5812)
4(12365 12425 12426 12366)
4(5873 5889 5888 5872)
4(12425 12441 12442 12426)
4(5814 5874 5873 5813)
4(12366 12426 12427 12367)
3(5902 6071 5889)
3(12442 12624 12455)
4(5889 5873 5890 5902)
4(12455 12443 12426 12442)
3(5873 5874 5890)
3(12443 12427 12426)
4(5889 6070 6069 5888)
4(12441 12622 12623 12442)
4(6070 6201 6200 6069)
4(12622 12753 12754 12623)
3(6071 6070 5889)
3(12442 12623 12624)
3(5902 5903 6071)
3(12624 12456 12455)
4(6071 6202 6201 6070)
4(12623 12754 12755 12624)
4(5904 6072 6071 5903)
4(12456 12624 12625 12457)
4(6072 6203 6202 6071)
4(12624 12755 12756 12625)
4(5905 6073 6072 5904)
4(12457 12625 12626 12458)
4(6073 6204 6203 6072)
4(12625 12756 12757 12626)
4(5906 6074 6073 5905)
4(12458 12626 12627 12459)
4(6074 6205 6204 6073)
4(12626 12757 12758 12627)
4(5907 6075 6074 5906)
4(12459 12627 12628 12460)
4(6075 6206 6205 6074)
4(12627 12758 12759 12628)
5(5908 5909 6076 6075 5907)
5(12460 12628 12629 12462 12461)
4(6076 6207 6206 6075)
4(12628 12759 12760 12629)
4(5910 6077 6076 5909)
4(12462 12629 12630 12463)
4(6077 6208 6207 6076)
4(12629 12760 12761 12630)
5(5911 5912 6078 6077 5910)
5(12463 12630 12631 12465 12464)
4(6078 6209 6208 6077)
4(12630 12761 12762 12631)
4(5913 6079 6078 5912)
4(12465 12631 12632 12466)
4(6079 6210 6209 6078)
4(12631 12762 12763 12632)
4(5914 6080 6079 5913)
4(12466 12632 12633 12467)
4(6080 6211 6210 6079)
4(12632 12763 12764 12633)
5(5915 5916 6081 6080 5914)
5(12467 12633 12634 12469 12468)
4(6081 6212 6211 6080)
4(12633 12764 12765 12634)
4(5917 6082 6081 5916)
4(12469 12634 12635 12470)
4(6082 6213 6212 6081)
4(12634 12765 12766 12635)
5(5918 5919 6083 6082 5917)
5(12470 12635 12636 12472 12471)
4(6083 6214 6213 6082)
4(12635 12766 12767 12636)
4(5920 6084 6083 5919)
4(12472 12636 12637 12473)
4(6084 6215 6214 6083)
4(12636 12767 12768 12637)
4(5921 6085 6084 5920)
4(12473 12637 12638 12474)
4(6085 6216 6215 6084)
4(12637 12768 12769 12638)
4(5922 6086 6085 5921)
4(12474 12638 12639 12475)
4(6086 6217 6216 6085)
4(12638 12769 12770 12639)
4(5923 6087 6086 5922)
4(12475 12639 12640 12476)
4(6087 6218 6217 6086)
4(12639 12770 12771 12640)
5(5924 5925 6088 6087 5923)
5(12476 12640 12641 12478 12477)
4(6088 6219 6218 6087)
4(12640 12771 12772 12641)
4(5926 6089 6088 5925)
4(12478 12641 12642 12479)
4(6089 6220 6219 6088)
4(12641 12772 12773 12642)
5(5927 5928 6090 6089 5926)
5(12479 12642 12643 12481 12480)
4(6090 6221 6220 6089)
4(12642 12773 12774 12643)
4(5929 6091 6090 5928)
4(12481 12643 12644 12482)
4(6091 6222 6221 6090)
4(12643 12774 12775 12644)
4(5930 6092 6091 5929)
4(12482 12644 12645 12483)
4(6092 6223 6222 6091)
4(12644 12775 12776 12645)
5(5931 5932 6093 6092 5930)
5(12483 12645 12646 12485 12484)
4(6093 6224 6223 6092)
4(12645 12776 12777 12646)
4(5933 6094 6093 5932)
4(12485 12646 12647 12486)
4(6094 6225 6224 6093)
4(12646 12777 12778 12647)
5(5934 5935 6095 6094 5933)
5(12486 12647 12648 12488 12487)
4(6095 6226 6225 6094)
4(12647 12778 12779 12648)
4(5936 6096 6095 5935)
4(12488 12648 12649 12489)
4(6096 6227 6226 6095)
4(12648 12779 12780 12649)
4(5937 6097 6096 5936)
4(12489 12649 12650 12490)
4(6097 6228 6227 6096)
4(12649 12780 12781 12650)
4(5938 6098 6097 5937)
4(12490 12650 12651 12491)
4(6098 6229 6228 6097)
4(12650 12781 12782 12651)
4(5939 6099 6098 5938)
4(12491 12651 12652 12492)
4(6099 6230 6229 6098)
4(12651 12782 12783 12652)
5(5940 5941 6100 6099 5939)
5(12492 12652 12653 12494 12493)
4(6100 6231 6230 6099)
4(12652 12783 12784 12653)
4(5942 6101 6100 5941)
4(12494 12653 12654 12495)
4(6101 6232 6231 6100)
4(12653 12784 12785 12654)
5(5943 5944 6102 6101 5942)
5(12495 12654 12655 12497 12496)
4(6102 6233 6232 6101)
4(12654 12785 12786 12655)
4(5945 6103 6102 5944)
4(12497 12655 12656 12498)
4(6103 6234 6233 6102)
4(12655 12786 12787 12656)
4(5946 6104 6103 5945)
4(12498 12656 12657 12499)
4(6104 6235 6234 6103)
4(12656 12787 12788 12657)
5(5947 5948 6105 6104 5946)
5(12499 12657 12658 12501 12500)
4(6105 6236 6235 6104)
4(12657 12788 12789 12658)
4(5949 6106 6105 5948)
4(12501 12658 12659 12502)
4(6106 6237 6236 6105)
4(12658 12789 12790 12659)
5(5950 5951 6107 6106 5949)
5(12502 12659 12660 12504 12503)
4(6107 6238 6237 6106)
4(12659 12790 12791 12660)
4(5952 6108 6107 5951)
4(12504 12660 12661 12505)
4(6108 6239 6238 6107)
4(12660 12791 12792 12661)
4(5953 6109 6108 5952)
4(12505 12661 12662 12506)
4(6109 6240 6239 6108)
4(12661 12792 12793 12662)
4(5954 6110 6109 5953)
4(12506 12662 12663 12507)
4(6110 6241 6240 6109)
4(12662 12793 12794 12663)
4(5955 6111 6110 5954)
4(12507 12663 12664 12508)
4(6111 6242 6241 6110)
4(12663 12794 12795 12664)
5(5956 5957 6112 6111 5955)
5(12508 12664 12665 12510 12509)
4(6112 6243 6242 6111)
4(12664 12795 12796 12665)
4(5958 6113 6112 5957)
4(12510 12665 12666 12511)
4(6113 6244 6243 6112)
4(12665 12796 12797 12666)
5(5959 5960 6114 6113 5958)
5(12511 12666 12667 12513 12512)
4(6114 6245 6244 6113)
4(12666 12797 12798 12667)
4(5961 6115 6114 5960)
4(12513 12667 12668 12514)
4(6115 6246 6245 6114)
4(12667 12798 12799 12668)
4(5962 6116 6115 5961)
4(12514 12668 12669 12515)
4(6116 6247 6246 6115)
4(12668 12799 12800 12669)
5(5963 5964 6117 6116 5962)
5(12515 12669 12670 12517 12516)
4(6117 6248 6247 6116)
4(12669 12800 12801 12670)
4(5965 6118 6117 5964)
4(12517 12670 12671 12518)
4(6118 6249 6248 6117)
4(12670 12801 12802 12671)
5(5966 5967 6119 6118 5965)
5(12518 12671 12672 12520 12519)
4(6119 6250 6249 6118)
4(12671 12802 12803 12672)
4(5968 6120 6119 5967)
4(12520 12672 12673 12521)
4(6120 6251 6250 6119)
4(12672 12803 12804 12673)
4(5969 6121 6120 5968)
4(12521 12673 12674 12522)
4(6121 6252 6251 6120)
4(12673 12804 12805 12674)
4(5970 6122 6121 5969)
4(12522 12674 12675 12523)
4(6122 6253 6252 6121)
4(12674 12805 12806 12675)
4(5971 6123 6122 5970)
4(12523 12675 12676 12524)
4(6123 6254 6253 6122)
4(12675 12806 12807 12676)
5(5972 5973 6124 6123 5971)
5(12524 12676 12677 12526 12525)
4(6124 6255 6254 6123)
4(12676 12807 12808 12677)
4(5974 6125 6124 5973)
4(12526 12677 12678 12527)
4(6125 6256 6255 6124)
4(12677 12808 12809 12678)
5(5975 5976 6126 6125 5974)
5(12527 12678 12679 12529 12528)
4(6126 6257 6256 6125)
4(12678 12809 12810 12679)
4(5977 6127 6126 5976)
4(12529 12679 12680 12530)
4(6127 6258 6257 6126)
4(12679 12810 12811 12680)
4(5978 6128 6127 5977)
4(12530 12680 12681 12531)
4(6128 6259 6258 6127)
4(12680 12811 12812 12681)
5(5979 5980 6129 6128 5978)
5(12531 12681 12682 12533 12532)
4(6129 6260 6259 6128)
4(12681 12812 12813 12682)
4(5981 6130 6129 5980)
4(12533 12682 12683 12534)
4(6130 6261 6260 6129)
4(12682 12813 12814 12683)
5(5982 5983 6131 6130 5981)
5(12534 12683 12684 12536 12535)
4(6131 6262 6261 6130)
4(12683 12814 12815 12684)
4(5984 6132 6131 5983)
4(12536 12684 12685 12537)
4(6132 6263 6262 6131)
4(12684 12815 12816 12685)
4(5985 6133 6132 5984)
4(12537 12685 12686 12538)
4(6133 6264 6263 6132)
4(12685 12816 12817 12686)
4(289 420 419 288)
4(6841 6972 6973 6842)
4(420 568 567 419)
4(6972 7120 7121 6973)
4(290 421 420 289)
4(6842 6973 6974 6843)
4(421 569 568 420)
4(6973 7121 7122 6974)
4(291 422 421 290)
4(6843 6974 6975 6844)
5(422 571 570 569 421)
5(6974 7122 7123 7124 6975)
4(292 423 422 291)
4(6844 6975 6976 6845)
4(423 572 571 422)
4(6975 7124 7125 6976)
4(293 424 423 292)
4(6845 6976 6977 6846)
5(424 574 573 572 423)
5(6976 7125 7126 7127 6977)
4(294 425 424 293)
4(6846 6977 6978 6847)
4(425 575 574 424)
4(6977 7127 7128 6978)
4(295 426 425 294)
4(6847 6978 6979 6848)
4(426 576 575 425)
4(6978 7128 7129 6979)
4(296 427 426 295)
4(6848 6979 6980 6849)
5(427 578 577 576 426)
5(6979 7129 7130 7131 6980)
4(297 428 427 296)
4(6849 6980 6981 6850)
4(428 579 578 427)
4(6980 7131 7132 6981)
4(298 429 428 297)
4(6850 6981 6982 6851)
5(429 581 580 579 428)
5(6981 7132 7133 7134 6982)
4(299 430 429 298)
4(6851 6982 6983 6852)
4(430 582 581 429)
4(6982 7134 7135 6983)
4(300 431 430 299)
4(6852 6983 6984 6853)
4(431 583 582 430)
4(6983 7135 7136 6984)
4(301 432 431 300)
4(6853 6984 6985 6854)
4(432 584 583 431)
4(6984 7136 7137 6985)
4(302 433 432 301)
4(6854 6985 6986 6855)
4(433 585 584 432)
4(6985 7137 7138 6986)
4(303 434 433 302)
4(6855 6986 6987 6856)
5(434 587 586 585 433)
5(6986 7138 7139 7140 6987)
4(304 435 434 303)
4(6856 6987 6988 6857)
4(435 588 587 434)
4(6987 7140 7141 6988)
4(305 436 435 304)
4(6857 6988 6989 6858)
5(436 590 589 588 435)
5(6988 7141 7142 7143 6989)
4(306 437 436 305)
4(6858 6989 6990 6859)
4(437 591 590 436)
4(6989 7143 7144 6990)
4(307 438 437 306)
4(6859 6990 6991 6860)
4(438 592 591 437)
4(6990 7144 7145 6991)
4(308 439 438 307)
4(6860 6991 6992 6861)
5(439 594 593 592 438)
5(6991 7145 7146 7147 6992)
4(309 440 439 308)
4(6861 6992 6993 6862)
4(440 595 594 439)
4(6992 7147 7148 6993)
4(310 441 440 309)
4(6862 6993 6994 6863)
5(441 597 596 595 440)
5(6993 7148 7149 7150 6994)
4(311 442 441 310)
4(6863 6994 6995 6864)
4(442 598 597 441)
4(6994 7150 7151 6995)
4(312 443 442 311)
4(6864 6995 6996 6865)
4(443 599 598 442)
4(6995 7151 7152 6996)
4(313 444 443 312)
4(6865 6996 6997 6866)
4(444 600 599 443)
4(6996 7152 7153 6997)
4(314 445 444 313)
4(6866 6997 6998 6867)
4(445 601 600 444)
4(6997 7153 7154 6998)
4(315 446 445 314)
4(6867 6998 6999 6868)
5(446 603 602 601 445)
5(6998 7154 7155 7156 6999)
4(316 447 446 315)
4(6868 6999 7000 6869)
4(447 604 603 446)
4(6999 7156 7157 7000)
4(317 448 447 316)
4(6869 7000 7001 6870)
5(448 606 605 604 447)
5(7000 7157 7158 7159 7001)
4(318 449 448 317)
4(6870 7001 7002 6871)
4(449 607 606 448)
4(7001 7159 7160 7002)
4(319 450 449 318)
4(6871 7002 7003 6872)
4(450 608 607 449)
4(7002 7160 7161 7003)
4(320 451 450 319)
4(6872 7003 7004 6873)
5(451 610 609 608 450)
5(7003 7161 7162 7163 7004)
4(321 452 451 320)
4(6873 7004 7005 6874)
4(452 611 610 451)
4(7004 7163 7164 7005)
4(322 453 452 321)
4(6874 7005 7006 6875)
5(453 613 612 611 452)
5(7005 7164 7165 7166 7006)
4(323 454 453 322)
4(6875 7006 7007 6876)
4(454 614 613 453)
4(7006 7166 7167 7007)
4(324 455 454 323)
4(6876 7007 7008 6877)
4(455 615 614 454)
4(7007 7167 7168 7008)
4(325 456 455 324)
4(6877 7008 7009 6878)
4(456 616 615 455)
4(7008 7168 7169 7009)
4(326 457 456 325)
4(6878 7009 7010 6879)
4(457 617 616 456)
4(7009 7169 7170 7010)
4(327 458 457 326)
4(6879 7010 7011 6880)
5(458 619 618 617 457)
5(7010 7170 7171 7172 7011)
4(328 459 458 327)
4(6880 7011 7012 6881)
4(459 620 619 458)
4(7011 7172 7173 7012)
4(329 460 459 328)
4(6881 7012 7013 6882)
5(460 622 621 620 459)
5(7012 7173 7174 7175 7013)
4(330 461 460 329)
4(6882 7013 7014 6883)
4(461 623 622 460)
4(7013 7175 7176 7014)
4(331 462 461 330)
4(6883 7014 7015 6884)
4(462 624 623 461)
4(7014 7176 7177 7015)
4(332 463 462 331)
4(6884 7015 7016 6885)
5(463 626 625 624 462)
5(7015 7177 7178 7179 7016)
4(333 464 463 332)
4(6885 7016 7017 6886)
4(464 627 626 463)
4(7016 7179 7180 7017)
4(334 465 464 333)
4(6886 7017 7018 6887)
5(465 629 628 627 464)
5(7017 7180 7181 7182 7018)
4(335 466 465 334)
4(6887 7018 7019 6888)
4(466 630 629 465)
4(7018 7182 7183 7019)
4(336 467 466 335)
4(6888 7019 7020 6889)
4(467 631 630 466)
4(7019 7183 7184 7020)
4(337 468 467 336)
4(6889 7020 7021 6890)
4(468 632 631 467)
4(7020 7184 7185 7021)
4(338 469 468 337)
4(6890 7021 7022 6891)
4(469 633 632 468)
4(7021 7185 7186 7022)
4(339 470 469 338)
4(6891 7022 7023 6892)
5(470 635 634 633 469)
5(7022 7186 7187 7188 7023)
4(340 471 470 339)
4(6892 7023 7024 6893)
4(471 636 635 470)
4(7023 7188 7189 7024)
4(341 472 471 340)
4(6893 7024 7025 6894)
5(472 638 637 636 471)
5(7024 7189 7190 7191 7025)
4(342 473 472 341)
4(6894 7025 7026 6895)
4(473 639 638 472)
4(7025 7191 7192 7026)
4(343 474 473 342)
4(6895 7026 7027 6896)
4(474 640 639 473)
4(7026 7192 7193 7027)
4(344 475 474 343)
4(6896 7027 7028 6897)
5(475 642 641 640 474)
5(7027 7193 7194 7195 7028)
4(345 476 475 344)
4(6897 7028 7029 6898)
4(476 643 642 475)
4(7028 7195 7196 7029)
4(346 477 476 345)
4(6898 7029 7030 6899)
5(477 645 644 643 476)
5(7029 7196 7197 7198 7030)
4(347 478 477 346)
4(6899 7030 7031 6900)
4(478 646 645 477)
4(7030 7198 7199 7031)
4(348 479 478 347)
4(6900 7031 7032 6901)
4(479 647 646 478)
4(7031 7199 7200 7032)
4(349 480 479 348)
4(6901 7032 7033 6902)
4(480 648 647 479)
4(7032 7200 7201 7033)
4(350 481 480 349)
4(6902 7033 7034 6903)
4(481 649 648 480)
4(7033 7201 7202 7034)
4(351 482 481 350)
4(6903 7034 7035 6904)
3(481 482 663)
3(7216 7035 7034)
3(650 649 481)
3(7034 7202 7203)
4(663 679 662 650)
4(7203 7215 7232 7216)
3(650 481 663)
3(7216 7034 7203)
3(679 678 662)
3(7215 7231 7232)
4(352 483 482 351)
4(6904 7035 7036 6905)
4(483 664 663 482)
4(7035 7216 7217 7036)
4(679 739 738 678)
4(7231 7291 7292 7232)
4(664 680 679 663)
4(7216 7232 7233 7217)
4(680 740 739 679)
4(7232 7292 7293 7233)
4(2697 2824 2823 2696)
4(9249 9376 9377 9250)
5(2698 2699 2825 2824 2697)
5(9250 9377 9378 9252 9251)
4(2700 2826 2825 2699)
4(9252 9378 9379 9253)
5(2701 2702 2827 2826 2700)
5(9253 9379 9380 9255 9254)
5(2703 2704 2828 2827 2702)
5(9255 9380 9381 9257 9256)
4(2705 2829 2828 2704)
4(9257 9381 9382 9258)
5(2706 2707 2830 2829 2705)
5(9258 9382 9383 9260 9259)
4(2708 2831 2830 2707)
4(9260 9383 9384 9261)
4(2709 2832 2831 2708)
4(9261 9384 9385 9262)
5(2710 2711 2833 2832 2709)
5(9262 9385 9386 9264 9263)
4(2712 2834 2833 2711)
4(9264 9386 9387 9265)
5(2713 2714 2835 2834 2712)
5(9265 9387 9388 9267 9266)
5(2715 2716 2836 2835 2714)
5(9267 9388 9389 9269 9268)
4(2717 2837 2836 2716)
4(9269 9389 9390 9270)
5(2718 2719 2838 2837 2717)
5(9270 9390 9391 9272 9271)
4(2720 2839 2838 2719)
4(9272 9391 9392 9273)
4(2721 2840 2839 2720)
4(9273 9392 9393 9274)
5(2722 2723 2841 2840 2721)
5(9274 9393 9394 9276 9275)
4(2724 2842 2841 2723)
4(9276 9394 9395 9277)
5(2725 2726 2843 2842 2724)
5(9277 9395 9396 9279 9278)
5(2727 2728 2844 2843 2726)
5(9279 9396 9397 9281 9280)
4(2729 2845 2844 2728)
4(9281 9397 9398 9282)
5(2730 2731 2846 2845 2729)
5(9282 9398 9399 9284 9283)
4(2732 2847 2846 2731)
4(9284 9399 9400 9285)
4(2733 2848 2847 2732)
4(9285 9400 9401 9286)
5(2734 2735 2849 2848 2733)
5(9286 9401 9402 9288 9287)
4(2736 2850 2849 2735)
4(9288 9402 9403 9289)
5(2737 2738 2851 2850 2736)
5(9289 9403 9404 9291 9290)
5(2739 2740 2852 2851 2738)
5(9291 9404 9405 9293 9292)
4(2741 2853 2852 2740)
4(9293 9405 9406 9294)
5(2742 2743 2854 2853 2741)
5(9294 9406 9407 9296 9295)
4(2744 2855 2854 2743)
4(9296 9407 9408 9297)
4(2745 2856 2855 2744)
4(9297 9408 9409 9298)
5(2746 2747 2857 2856 2745)
5(9298 9409 9410 9300 9299)
4(2748 2858 2857 2747)
4(9300 9410 9411 9301)
5(2749 2750 2859 2858 2748)
5(9301 9411 9412 9303 9302)
5(2751 2752 2860 2859 2750)
5(9303 9412 9413 9305 9304)
4(2753 2861 2860 2752)
4(9305 9413 9414 9306)
5(2754 2755 2862 2861 2753)
5(9306 9414 9415 9308 9307)
4(2756 2863 2862 2755)
4(9308 9415 9416 9309)
4(2757 2864 2863 2756)
4(9309 9416 9417 9310)
5(2758 2759 2865 2864 2757)
5(9310 9417 9418 9312 9311)
4(2760 2866 2865 2759)
4(9312 9418 9419 9313)
5(2761 2762 2867 2866 2760)
5(9313 9419 9420 9315 9314)
5(2763 2764 2868 2867 2762)
5(9315 9420 9421 9317 9316)
4(2765 2869 2868 2764)
4(9317 9421 9422 9318)
5(2766 2767 2870 2869 2765)
5(9318 9422 9423 9320 9319)
4(2768 2871 2870 2767)
4(9320 9423 9424 9321)
4(2769 2872 2871 2768)
4(9321 9424 9425 9322)
5(2770 2771 2873 2872 2769)
5(9322 9425 9426 9324 9323)
4(2772 2874 2873 2771)
4(9324 9426 9427 9325)
5(2773 2774 2875 2874 2772)
5(9325 9427 9428 9327 9326)
5(2775 2776 2876 2875 2774)
5(9327 9428 9429 9329 9328)
4(2777 2877 2876 2776)
4(9329 9429 9430 9330)
5(2778 2779 2878 2877 2777)
5(9330 9430 9431 9332 9331)
4(2780 2879 2878 2779)
4(9332 9431 9432 9333)
4(2781 2880 2879 2780)
4(9333 9432 9433 9334)
5(2782 2783 2881 2880 2781)
5(9334 9433 9434 9336 9335)
4(2784 2882 2881 2783)
4(9336 9434 9435 9337)
5(2785 2786 2883 2882 2784)
5(9337 9435 9436 9339 9338)
5(2787 2788 2884 2883 2786)
5(9339 9436 9437 9341 9340)
4(2789 2885 2884 2788)
4(9341 9437 9438 9342)
5(2790 2791 2886 2885 2789)
5(9342 9438 9439 9344 9343)
4(2792 2887 2886 2791)
4(9344 9439 9440 9345)
4(665 681 680 664)
4(7217 7233 7234 7218)
4(681 752 751 741)
4(7294 7304 7305 7234)
3(741 680 681)
3(7234 7233 7294)
3(741 740 680)
3(7233 7293 7294)
4(666 682 681 665)
4(7218 7234 7235 7219)
4(682 753 752 681)
4(7234 7305 7306 7235)
5(752 764 827 826 751)
5(7304 7379 7380 7317 7305)
4(753 765 764 752)
4(7305 7317 7318 7306)
4(765 828 827 764)
4(7317 7380 7381 7318)
4(754 766 765 753)
4(7306 7318 7319 7307)
4(766 829 828 765)
4(7318 7381 7382 7319)
4(755 767 766 754)
4(7307 7319 7320 7308)
3(767 850 849)
3(7402 7403 7320)
3(767 849 830)
3(7383 7402 7320)
4(767 830 829 766)
4(7319 7382 7383 7320)
4(850 927 926 849)
4(7402 7479 7480 7403)
4(851 928 927 850)
4(7403 7480 7481 7404)
3(852 1002 1001)
3(7554 7555 7405)
3(852 1001 929)
3(7482 7554 7405)
4(852 929 928 851)
4(7404 7481 7482 7405)
4(853 1003 1002 852)
4(7405 7555 7556 7406)
5(854 935 1004 1003 853)
5(7406 7556 7557 7488 7407)
4(855 936 935 854)
4(7407 7488 7489 7408)
5(936 1069 1068 1004 935)
5(7488 7557 7621 7622 7489)
4(856 937 936 855)
4(7408 7489 7490 7409)
4(937 1070 1069 936)
4(7489 7622 7623 7490)
4(857 938 937 856)
4(7409 7490 7491 7410)
3(937 938 1079)
3(7632 7491 7490)
3(1071 1070 937)
3(7490 7623 7624)
3(1071 937 1079)
3(7632 7490 7624)
3(1079 1078 1071)
3(7624 7631 7632)
4(858 939 938 857)
4(7410 7491 7492 7411)
4(939 1080 1079 938)
4(7491 7632 7633 7492)
4(1079 1151 1150 1078)
4(7631 7703 7704 7632)
4(1080 1152 1151 1079)
4(7632 7704 7705 7633)
3(1153 1152 1080)
3(7633 7705 7706)
4(1080 1081 1154 1153)
4(7706 7707 7634 7633)
3(1081 1082 1158)
3(7711 7635 7634)
3(1158 1157 1154)
3(7707 7710 7711)
3(1158 1154 1081)
3(7634 7707 7711)
4(1158 1232 1231 1157)
4(7710 7784 7785 7711)
4(1232 1240 1239 1231)
4(7784 7792 7793 7785)
3(1232 1233 1247)
3(7800 7786 7785)
3(1247 1246 1241)
3(7794 7799 7800)
3(1232 1247 1241)
3(7794 7800 7785)
3(1241 1240 1232)
3(7785 7793 7794)
4(1247 1259 1258 1246)
4(7799 7811 7812 7800)
4(1234 1248 1247 1233)
4(7786 7800 7801 7787)
4(1248 1260 1259 1247)
4(7800 7812 7813 7801)
3(1265 1258 1259)
3(7812 7811 7818)
3(1266 1265 1259)
3(7812 7818 7819)
4(1271 1270 1266 1259)
4(7812 7819 7823 7824)
6(1271 1272 1291 1290 1289 1270)
6(7823 7842 7843 7844 7825 7824)
4(1260 1272 1271 1259)
4(7812 7824 7825 7813)
4(1291 1304 1303 1290)
4(7843 7856 7857 7844)
4(1311 1303 1304 1305)
4(7858 7857 7856 7864)
3(1312 1311 1305)
3(7858 7864 7865)
3(1305 1318 1317)
3(7870 7871 7858)
3(1305 1317 1312)
3(7865 7870 7858)
4(1292 1305 1304 1291)
4(7844 7857 7858 7845)
4(1293 1306 1305 1292)
4(7845 7858 7859 7846)
4(1306 1319 1318 1305)
4(7858 7871 7872 7859)
4(1318 1332 1331 1317)
4(7870 7884 7885 7871)
5(1332 1333 1342 1341 1331)
5(7884 7894 7895 7886 7885)
4(1319 1333 1332 1318)
4(7871 7885 7886 7872)
4(1320 1334 1333 1319)
4(7872 7886 7887 7873)
3(1334 1354 1343)
3(7896 7907 7887)
4(1343 1342 1333 1334)
4(7887 7886 7895 7896)
3(1354 1353 1343)
3(7896 7906 7907)
4(1321 1335 1334 1320)
4(7873 7887 7888 7874)
4(1335 1355 1354 1334)
4(7887 7907 7908 7888)
4(1354 1375 1374 1353)
4(7906 7927 7928 7907)
4(1355 1376 1375 1354)
4(7907 7928 7929 7908)
3(1355 1356 1382)
3(7935 7909 7908)
3(1382 1381 1377)
3(7930 7934 7935)
3(1355 1382 1377)
3(7930 7935 7908)
3(1377 1376 1355)
3(7908 7929 7930)
4(1382 1392 1391 1381)
4(7934 7944 7945 7935)
4(1357 1383 1382 1356)
4(7909 7935 7936 7910)
4(1383 1393 1392 1382)
4(7935 7945 7946 7936)
5(1392 1409 1408 1402 1391)
5(7944 7955 7961 7962 7945)
4(1409 1438 1437 1408)
4(7961 7990 7991 7962)
4(1393 1410 1409 1392)
4(7945 7962 7963 7946)
4(1410 1439 1438 1409)
4(7962 7991 7992 7963)
4(1438 1452 1451 1437)
4(7990 8004 8005 7991)
5(1452 1477 1476 1471 1451)
5(8004 8024 8029 8030 8005)
4(1439 1453 1452 1438)
4(7991 8005 8006 7992)
4(1453 1478 1477 1452)
4(8005 8030 8031 8006)
4(1477 1484 1483 1476)
4(8029 8036 8037 8030)
5(1484 1508 1507 1493 1483)
5(8036 8046 8060 8061 8037)
4(1478 1485 1484 1477)
4(8030 8037 8038 8031)
4(1485 1509 1508 1484)
4(8037 8061 8062 8038)
5(1508 1525 1524 1520 1507)
5(8060 8073 8077 8078 8061)
4(1525 1532 1531 1524)
4(8077 8084 8085 8078)
4(1509 1526 1525 1508)
4(8061 8078 8079 8062)
4(1526 1533 1532 1525)
4(8078 8085 8086 8079)
5(1532 1555 1554 1550 1531)
5(8084 8103 8107 8108 8085)
4(1555 1573 1572 1554)
4(8107 8125 8126 8108)
4(1533 1556 1555 1532)
4(8085 8108 8109 8086)
4(1556 1574 1573 1555)
4(8108 8126 8127 8109)
4(1573 1592 1591 1572)
4(8125 8144 8145 8126)
5(1592 1607 1606 1601 1591)
5(8144 8154 8159 8160 8145)
4(1574 1593 1592 1573)
4(8126 8145 8146 8127)
4(1593 1608 1607 1592)
4(8145 8160 8161 8146)
4(1607 1614 1613 1606)
4(8159 8166 8167 8160)
5(1614 1639 1638 1631 1613)
5(8166 8184 8191 8192 8167)
4(1608 1615 1614 1607)
4(8160 8167 8168 8161)
4(1615 1640 1639 1614)
4(8167 8192 8193 8168)
5(1639 1656 1655 1651 1638)
5(8191 8204 8208 8209 8192)
4(1656 1671 1670 1655)
4(8208 8223 8224 8209)
4(1640 1657 1656 1639)
4(8192 8209 8210 8193)
4(1657 1672 1671 1656)
4(8209 8224 8225 8210)
5(1671 1686 1685 1681 1670)
5(8223 8234 8238 8239 8224)
4(1686 1712 1711 1685)
4(8238 8264 8265 8239)
4(1672 1687 1686 1671)
4(8224 8239 8240 8225)
4(1687 1713 1712 1686)
4(8239 8265 8266 8240)
4(1712 1724 1723 1711)
4(8264 8276 8277 8265)
5(1724 1739 1738 1733 1723)
5(8276 8286 8291 8292 8277)
4(1713 1725 1724 1712)
4(8265 8277 8278 8266)
4(1725 1740 1739 1724)
4(8277 8292 8293 8278)
4(1739 1754 1753 1738)
4(8291 8306 8307 8292)
5(1754 1771 1770 1763 1753)
5(8306 8316 8323 8324 8307)
4(1740 1755 1754 1739)
4(8292 8307 8308 8293)
4(1755 1772 1771 1754)
4(8307 8324 8325 8308)
5(1771 1796 1795 1791 1770)
5(8323 8344 8348 8349 8324)
4(1796 1803 1802 1795)
4(8348 8355 8356 8349)
4(1772 1797 1796 1771)
4(8324 8349 8350 8325)
4(1797 1804 1803 1796)
4(8349 8356 8357 8350)
5(1803 1818 1817 1813 1802)
5(8355 8366 8370 8371 8356)
4(1818 1844 1843 1817)
4(8370 8396 8397 8371)
4(1804 1819 1818 1803)
4(8356 8371 8372 8357)
4(1819 1845 1844 1818)
4(8371 8397 8398 8372)
4(1956 1963 1962 1955)
4(8508 8515 8516 8509)
4(1963 1983 1982 1962)
4(8515 8535 8536 8516)
4(1957 1964 1963 1956)
4(8509 8516 8517 8510)
4(1964 1984 1983 1963)
4(8516 8536 8537 8517)
4(1921 1928 1927 1920)
4(8473 8480 8481 8474)
4(1928 1937 1936 1927)
4(8480 8489 8490 8481)
4(1922 1929 1928 1921)
4(8474 8481 8482 8475)
4(1929 1938 1937 1928)
4(8481 8490 8491 8482)
3(1937 1965 1964)
3(8517 8518 8490)
3(1958 1936 1937)
3(8490 8489 8511)
3(1958 1937 1964)
3(8517 8490 8511)
3(1964 1957 1958)
3(8511 8510 8517)
4(1965 1985 1984 1964)
4(8517 8537 8538 8518)
4(1938 1966 1965 1937)
4(8490 8518 8519 8491)
4(1966 1986 1985 1965)
4(8518 8538 8539 8519)
4(1844 1855 1854 1843)
4(8396 8407 8408 8397)
5(1855 1878 1877 1872 1854)
5(8407 8425 8430 8431 8408)
4(1845 1856 1855 1844)
4(8397 8408 8409 8398)
4(1856 1879 1878 1855)
4(8408 8431 8432 8409)
4(1878 1885 1884 1877)
4(8430 8437 8438 8431)
5(1885 1909 1908 1894 1884)
5(8437 8447 8461 8462 8438)
4(1879 1886 1885 1878)
4(8431 8438 8439 8432)
4(1886 1910 1909 1885)
4(8438 8462 8463 8439)
4(1930 1929 1922 1923)
4(8476 8475 8482 8483)
3(1923 1909 1930)
3(8483 8462 8476)
3(1923 1908 1909)
3(8462 8461 8476)
4(1930 1939 1938 1929)
4(8482 8491 8492 8483)
4(1910 1931 1930 1909)
4(8462 8483 8484 8463)
4(1931 1940 1939 1930)
4(8483 8492 8493 8484)
4(2621 2639 2638 2620)
4(9173 9191 9192 9174)
4(2793 2888 2887 2792)
4(9345 9440 9441 9346)
5(2794 2795 2889 2888 2793)
5(9346 9441 9442 9348 9347)
4(2796 2890 2889 2795)
4(9348 9442 9443 9349)
4(2639 2673 2672 2638)
4(9191 9225 9226 9192)
4(2891 2890 2796 2797)
4(9350 9349 9443 9444)
3(2797 2673 2891)
3(9444 9226 9350)
3(2797 2672 2673)
3(9226 9225 9350)
4(2545 2558 2557 2544)
4(9097 9110 9111 9098)
3(2640 2639 2621)
3(9174 9192 9193)
3(2557 2558 2640)
3(9193 9111 9110)
3(2640 2621 2622)
3(9175 9174 9193)
3(2640 2622 2557)
3(9110 9175 9193)
4(2546 2559 2558 2545)
4(9098 9111 9112 9099)
4(2559 2641 2640 2558)
4(9111 9193 9194 9112)
4(2455 2474 2473 2454)
4(9007 9026 9027 9008)
4(2456 2475 2474 2455)
4(9008 9027 9028 9009)
3(2474 2560 2559)
3(9112 9113 9027)
3(2547 2473 2474)
3(9027 9026 9100)
3(2559 2546 2547)
3(9100 9099 9112)
3(2474 2559 2547)
3(9100 9112 9027)
4(2560 2642 2641 2559)
4(9112 9194 9195 9113)
4(2475 2561 2560 2474)
4(9027 9113 9114 9028)
4(2561 2643 2642 2560)
4(9113 9195 9196 9114)
4(2285 2312 2311 2284)
4(8837 8864 8865 8838)
4(2286 2313 2312 2285)
4(8838 8865 8866 8839)
4(2314 2313 2287 2220)
4(8773 8840 8866 8867)
3(2287 2219 2220)
3(8773 8772 8840)
3(2313 2286 2287)
3(8840 8839 8866)
3(2019 2018 2012)
3(8565 8571 8572)
3(2019 2012 2013)
3(8566 8565 8572)
5(2007 2020 2019 2013 2006)
5(8559 8566 8572 8573 8560)
3(2006 2013 2005)
3(8558 8566 8559)
4(1981 2006 2005 1980)
4(8533 8558 8559 8534)
5(2019 2028 2027 2026 2018)
5(8571 8579 8580 8581 8572)
3(2048 2047 2039)
3(8592 8600 8601)
3(2048 2039 2040)
3(8593 8592 8601)
3(2027 2028 2049)
3(8602 8581 8580)
5(2049 2048 2040 2026 2027)
5(8580 8579 8593 8601 8602)
4(2055 2061 2060 2054)
4(8607 8613 8614 8608)
4(2077 2155 2154 2076)
4(8629 8707 8708 8630)
4(2076 2060 2061 2077)
4(8630 8614 8613 8629)
4(2221 2315 2314 2220)
4(8773 8867 8868 8774)
4(2316 2315 2221 2222)
4(8775 8774 8868 8869)
4(2222 2154 2155 2316)
4(8869 8708 8707 8775)
3(2048 2062 2061)
3(8614 8615 8601)
3(2056 2047 2048)
3(8601 8600 8609)
3(2056 2048 2061)
3(8614 8601 8609)
3(2061 2055 2056)
3(8609 8608 8614)
4(2062 2078 2077 2061)
4(8614 8630 8631 8615)
4(2049 2063 2062 2048)
4(8601 8615 8616 8602)
4(2063 2079 2078 2062)
4(8615 8631 8632 8616)
4(2382 2394 2393 2381)
4(8934 8946 8947 8935)
5(2394 2476 2475 2456 2393)
5(8946 9009 9028 9029 8947)
3(2395 2394 2382)
3(8935 8947 8948)
3(2311 2312 2395)
3(8948 8865 8864)
3(2395 2382 2383)
3(8936 8935 8948)
3(2395 2383 2311)
3(8864 8936 8948)
4(2395 2477 2476 2394)
4(8947 9029 9030 8948)
5(1982 1983 2007 2006 1981)
5(8534 8559 8560 8536 8535)
4(1984 2008 2007 1983)
4(8536 8560 8561 8537)
4(2008 2021 2020 2007)
4(8560 8573 8574 8561)
4(3685 3778 3777 3684)
4(10237 10330 10331 10238)
5(3686 3780 3779 3778 3685)
5(10238 10331 10332 10333 10239)
4(3687 3781 3780 3686)
4(10239 10333 10334 10240)
5(3688 3783 3782 3781 3687)
5(10240 10334 10335 10336 10241)
5(3689 3785 3784 3783 3688)
5(10241 10336 10337 10338 10242)
4(3690 3786 3785 3689)
4(10242 10338 10339 10243)
5(3691 3788 3787 3786 3690)
5(10243 10339 10340 10341 10244)
4(3692 3789 3788 3691)
4(10244 10341 10342 10245)
4(3693 3790 3789 3692)
4(10245 10342 10343 10246)
5(3694 3792 3791 3790 3693)
5(10246 10343 10344 10345 10247)
4(3695 3793 3792 3694)
4(10247 10345 10346 10248)
5(3696 3795 3794 3793 3695)
5(10248 10346 10347 10348 10249)
5(3697 3797 3796 3795 3696)
5(10249 10348 10349 10350 10250)
4(3698 3798 3797 3697)
4(10250 10350 10351 10251)
5(3699 3800 3799 3798 3698)
5(10251 10351 10352 10353 10252)
4(3700 3801 3800 3699)
4(10252 10353 10354 10253)
4(3701 3802 3801 3700)
4(10253 10354 10355 10254)
5(3702 3804 3803 3802 3701)
5(10254 10355 10356 10357 10255)
4(3703 3805 3804 3702)
4(10255 10357 10358 10256)
5(3704 3807 3806 3805 3703)
5(10256 10358 10359 10360 10257)
5(3705 3809 3808 3807 3704)
5(10257 10360 10361 10362 10258)
4(3706 3810 3809 3705)
4(10258 10362 10363 10259)
5(3707 3812 3811 3810 3706)
5(10259 10363 10364 10365 10260)
4(3708 3813 3812 3707)
4(10260 10365 10366 10261)
4(3709 3814 3813 3708)
4(10261 10366 10367 10262)
5(3710 3816 3815 3814 3709)
5(10262 10367 10368 10369 10263)
4(3711 3817 3816 3710)
4(10263 10369 10370 10264)
5(3712 3819 3818 3817 3711)
5(10264 10370 10371 10372 10265)
5(3713 3821 3820 3819 3712)
5(10265 10372 10373 10374 10266)
4(3714 3822 3821 3713)
4(10266 10374 10375 10267)
5(3715 3824 3823 3822 3714)
5(10267 10375 10376 10377 10268)
4(3716 3825 3824 3715)
4(10268 10377 10378 10269)
4(3717 3826 3825 3716)
4(10269 10378 10379 10270)
5(3718 3828 3827 3826 3717)
5(10270 10379 10380 10381 10271)
4(3719 3829 3828 3718)
4(10271 10381 10382 10272)
5(3720 3831 3830 3829 3719)
5(10272 10382 10383 10384 10273)
5(3721 3833 3832 3831 3720)
5(10273 10384 10385 10386 10274)
4(3722 3834 3833 3721)
4(10274 10386 10387 10275)
5(3723 3836 3835 3834 3722)
5(10275 10387 10388 10389 10276)
4(3724 3837 3836 3723)
4(10276 10389 10390 10277)
4(3725 3838 3837 3724)
4(10277 10390 10391 10278)
5(3726 3840 3839 3838 3725)
5(10278 10391 10392 10393 10279)
4(3727 3841 3840 3726)
4(10279 10393 10394 10280)
5(3728 3843 3842 3841 3727)
5(10280 10394 10395 10396 10281)
5(3729 3845 3844 3843 3728)
5(10281 10396 10397 10398 10282)
4(3730 3846 3845 3729)
4(10282 10398 10399 10283)
5(3731 3848 3847 3846 3730)
5(10283 10399 10400 10401 10284)
4(3732 3849 3848 3731)
4(10284 10401 10402 10285)
4(3733 3850 3849 3732)
4(10285 10402 10403 10286)
5(3734 3852 3851 3850 3733)
5(10286 10403 10404 10405 10287)
4(3735 3853 3852 3734)
4(10287 10405 10406 10288)
5(3736 3855 3854 3853 3735)
5(10288 10406 10407 10408 10289)
5(3737 3857 3856 3855 3736)
5(10289 10408 10409 10410 10290)
4(3738 3858 3857 3737)
4(10290 10410 10411 10291)
5(3739 3860 3859 3858 3738)
5(10291 10411 10412 10413 10292)
4(3740 3861 3860 3739)
4(10292 10413 10414 10293)
4(3741 3862 3861 3740)
4(10293 10414 10415 10294)
5(3742 3864 3863 3862 3741)
5(10294 10415 10416 10417 10295)
4(3743 3865 3864 3742)
4(10295 10417 10418 10296)
5(3744 3867 3866 3865 3743)
5(10296 10418 10419 10420 10297)
5(3745 3869 3868 3867 3744)
5(10297 10420 10421 10422 10298)
4(3746 3870 3869 3745)
4(10298 10422 10423 10299)
5(3747 3872 3871 3870 3746)
5(10299 10423 10424 10425 10300)
4(3748 3873 3872 3747)
4(10300 10425 10426 10301)
4(5986 6134 6133 5985)
4(12538 12686 12687 12539)
4(6134 6265 6264 6133)
4(12686 12817 12818 12687)
4(5987 6135 6134 5986)
4(12539 12687 12688 12540)
4(6135 6266 6265 6134)
4(12687 12818 12819 12688)
5(5988 5989 6136 6135 5987)
5(12540 12688 12689 12542 12541)
4(6136 6267 6266 6135)
4(12688 12819 12820 12689)
4(5990 6137 6136 5989)
4(12542 12689 12690 12543)
4(6137 6268 6267 6136)
4(12689 12820 12821 12690)
5(5991 5992 6138 6137 5990)
5(12543 12690 12691 12545 12544)
4(6138 6269 6268 6137)
4(12690 12821 12822 12691)
4(5993 6139 6138 5992)
4(12545 12691 12692 12546)
4(6139 6270 6269 6138)
4(12691 12822 12823 12692)
4(5994 6140 6139 5993)
4(12546 12692 12693 12547)
4(6140 6271 6270 6139)
4(12692 12823 12824 12693)
5(5995 5996 6141 6140 5994)
5(12547 12693 12694 12549 12548)
4(6141 6272 6271 6140)
4(12693 12824 12825 12694)
4(5997 6142 6141 5996)
4(12549 12694 12695 12550)
4(6142 6273 6272 6141)
4(12694 12825 12826 12695)
5(5998 5999 6143 6142 5997)
5(12550 12695 12696 12552 12551)
4(6143 6274 6273 6142)
4(12695 12826 12827 12696)
4(6000 6144 6143 5999)
4(12552 12696 12697 12553)
4(6144 6275 6274 6143)
4(12696 12827 12828 12697)
4(6001 6145 6144 6000)
4(12553 12697 12698 12554)
4(6145 6276 6275 6144)
4(12697 12828 12829 12698)
4(6002 6146 6145 6001)
4(12554 12698 12699 12555)
4(6146 6277 6276 6145)
4(12698 12829 12830 12699)
4(6003 6147 6146 6002)
4(12555 12699 12700 12556)
4(6147 6278 6277 6146)
4(12699 12830 12831 12700)
5(6004 6005 6148 6147 6003)
5(12556 12700 12701 12558 12557)
4(6148 6279 6278 6147)
4(12700 12831 12832 12701)
4(6006 6149 6148 6005)
4(12558 12701 12702 12559)
4(6149 6280 6279 6148)
4(12701 12832 12833 12702)
5(6007 6008 6150 6149 6006)
5(12559 12702 12703 12561 12560)
4(6150 6281 6280 6149)
4(12702 12833 12834 12703)
4(6009 6151 6150 6008)
4(12561 12703 12704 12562)
4(6151 6282 6281 6150)
4(12703 12834 12835 12704)
4(6010 6152 6151 6009)
4(12562 12704 12705 12563)
4(6152 6283 6282 6151)
4(12704 12835 12836 12705)
5(6011 6012 6153 6152 6010)
5(12563 12705 12706 12565 12564)
4(6153 6284 6283 6152)
4(12705 12836 12837 12706)
4(6013 6154 6153 6012)
4(12565 12706 12707 12566)
4(6154 6285 6284 6153)
4(12706 12837 12838 12707)
5(6014 6015 6155 6154 6013)
5(12566 12707 12708 12568 12567)
4(6155 6286 6285 6154)
4(12707 12838 12839 12708)
4(6016 6156 6155 6015)
4(12568 12708 12709 12569)
4(6156 6287 6286 6155)
4(12708 12839 12840 12709)
4(6017 6157 6156 6016)
4(12569 12709 12710 12570)
4(6157 6288 6287 6156)
4(12709 12840 12841 12710)
4(6018 6158 6157 6017)
4(12570 12710 12711 12571)
4(6158 6289 6288 6157)
4(12710 12841 12842 12711)
4(6019 6159 6158 6018)
4(12571 12711 12712 12572)
4(6159 6290 6289 6158)
4(12711 12842 12843 12712)
5(6020 6021 6160 6159 6019)
5(12572 12712 12713 12574 12573)
4(6160 6291 6290 6159)
4(12712 12843 12844 12713)
4(6022 6161 6160 6021)
4(12574 12713 12714 12575)
4(6161 6292 6291 6160)
4(12713 12844 12845 12714)
5(6023 6024 6162 6161 6022)
5(12575 12714 12715 12577 12576)
4(6162 6293 6292 6161)
4(12714 12845 12846 12715)
4(6025 6163 6162 6024)
4(12577 12715 12716 12578)
4(6163 6294 6293 6162)
4(12715 12846 12847 12716)
4(6026 6164 6163 6025)
4(12578 12716 12717 12579)
4(6164 6295 6294 6163)
4(12716 12847 12848 12717)
5(6027 6028 6165 6164 6026)
5(12579 12717 12718 12581 12580)
4(6165 6296 6295 6164)
4(12717 12848 12849 12718)
4(6029 6166 6165 6028)
4(12581 12718 12719 12582)
4(6166 6297 6296 6165)
4(12718 12849 12850 12719)
5(6030 6031 6167 6166 6029)
5(12582 12719 12720 12584 12583)
4(6167 6298 6297 6166)
4(12719 12850 12851 12720)
4(6032 6168 6167 6031)
4(12584 12720 12721 12585)
4(6168 6299 6298 6167)
4(12720 12851 12852 12721)
4(6033 6169 6168 6032)
4(12585 12721 12722 12586)
4(6169 6300 6299 6168)
4(12721 12852 12853 12722)
4(6034 6170 6169 6033)
4(12586 12722 12723 12587)
4(6170 6301 6300 6169)
4(12722 12853 12854 12723)
4(6035 6171 6170 6034)
4(12587 12723 12724 12588)
4(6171 6302 6301 6170)
4(12723 12854 12855 12724)
5(6036 6037 6172 6171 6035)
5(12588 12724 12725 12590 12589)
4(6172 6303 6302 6171)
4(12724 12855 12856 12725)
4(6038 6173 6172 6037)
4(12590 12725 12726 12591)
4(6173 6304 6303 6172)
4(12725 12856 12857 12726)
5(6039 6040 6174 6173 6038)
5(12591 12726 12727 12593 12592)
4(6174 6305 6304 6173)
4(12726 12857 12858 12727)
4(6041 6175 6174 6040)
4(12593 12727 12728 12594)
4(6175 6306 6305 6174)
4(12727 12858 12859 12728)
4(6042 6176 6175 6041)
4(12594 12728 12729 12595)
4(6176 6307 6306 6175)
4(12728 12859 12860 12729)
5(6043 6044 6177 6176 6042)
5(12595 12729 12730 12597 12596)
4(6177 6308 6307 6176)
4(12729 12860 12861 12730)
4(6045 6178 6177 6044)
4(12597 12730 12731 12598)
4(6178 6309 6308 6177)
4(12730 12861 12862 12731)
5(6046 6047 6179 6178 6045)
5(12598 12731 12732 12600 12599)
4(6179 6310 6309 6178)
4(12731 12862 12863 12732)
4(6048 6180 6179 6047)
4(12600 12732 12733 12601)
4(6180 6311 6310 6179)
4(12732 12863 12864 12733)
4(6049 6181 6180 6048)
4(12601 12733 12734 12602)
4(6181 6312 6311 6180)
4(12733 12864 12865 12734)
4(6050 6182 6181 6049)
4(12602 12734 12735 12603)
4(6182 6313 6312 6181)
4(12734 12865 12866 12735)
4(6051 6183 6182 6050)
4(12603 12735 12736 12604)
4(6183 6314 6313 6182)
4(12735 12866 12867 12736)
5(6052 6053 6184 6183 6051)
5(12604 12736 12737 12606 12605)
4(6184 6315 6314 6183)
4(12736 12867 12868 12737)
4(6054 6185 6184 6053)
4(12606 12737 12738 12607)
4(6185 6316 6315 6184)
4(12737 12868 12869 12738)
5(6055 6056 6186 6185 6054)
5(12607 12738 12739 12609 12608)
4(6186 6317 6316 6185)
4(12738 12869 12870 12739)
4(6057 6187 6186 6056)
4(12609 12739 12740 12610)
4(6187 6318 6317 6186)
4(12739 12870 12871 12740)
4(6058 6188 6187 6057)
4(12610 12740 12741 12611)
4(6188 6319 6318 6187)
4(12740 12871 12872 12741)
5(6059 6060 6189 6188 6058)
5(12611 12741 12742 12613 12612)
4(6189 6320 6319 6188)
4(12741 12872 12873 12742)
4(6061 6190 6189 6060)
4(12613 12742 12743 12614)
4(6190 6321 6320 6189)
4(12742 12873 12874 12743)
5(6062 6063 6191 6190 6061)
5(12614 12743 12744 12616 12615)
4(6191 6322 6321 6190)
4(12743 12874 12875 12744)
4(6064 6192 6191 6063)
4(12616 12744 12745 12617)
4(6192 6323 6322 6191)
4(12744 12875 12876 12745)
4(6065 6193 6192 6064)
4(12617 12745 12746 12618)
4(6193 6324 6323 6192)
4(12745 12876 12877 12746)
4(5867 5876 5875 5866)
4(12419 12428 12429 12420)
3(5892 6195 6068)
3(12621 12748 12445)
4(6068 5891 5876 5892)
4(12445 12429 12444 12621)
3(5891 5875 5876)
3(12429 12428 12444)
4(5868 5877 5876 5867)
4(12420 12429 12430 12421)
4(5877 5893 5892 5876)
4(12429 12445 12446 12430)
4(6066 6194 6193 6065)
4(12618 12746 12747 12619)
4(6194 6325 6324 6193)
4(12746 12877 12878 12747)
4(6067 6195 6194 6066)
4(12619 12747 12748 12620)
4(6195 6326 6325 6194)
4(12747 12878 12879 12748)
3(5892 6196 6195)
3(12748 12749 12445)
3(6195 6067 6068)
3(12621 12620 12748)
4(6196 6327 6326 6195)
4(12748 12879 12880 12749)
4(5893 6197 6196 5892)
4(12445 12749 12750 12446)
4(6197 6328 6327 6196)
4(12749 12880 12881 12750)
4(3749 3874 3873 3748)
4(10301 10426 10427 10302)
5(3750 3876 3875 3874 3749)
5(10302 10427 10428 10429 10303)
4(3751 3877 3876 3750)
4(10303 10429 10430 10304)
3(3752 3888 3878)
3(10431 10441 10305)
4(3878 3877 3751 3752)
4(10305 10304 10430 10431)
3(3888 3887 3878)
3(10431 10440 10441)
4(3888 3919 3918 3887)
4(10440 10471 10472 10441)
4(3919 3984 3983 3918)
4(10471 10536 10537 10472)
3(3984 3919 3920)
3(10473 10472 10537)
3(3920 4001 4000)
3(10553 10554 10473)
3(3985 3984 3920)
3(10473 10537 10538)
3(3920 4000 3985)
3(10538 10553 10473)
4(4001 4061 4060 4000)
4(10553 10613 10614 10554)
4(3921 4002 4001 3920)
4(10473 10554 10555 10474)
4(4002 4062 4061 4001)
4(10554 10614 10615 10555)
4(3922 4003 4002 3921)
4(10474 10555 10556 10475)
3(4002 4003 4086)
3(10639 10556 10555)
3(4086 4085 4063)
3(10616 10638 10639)
3(4063 4062 4002)
3(10555 10615 10616)
3(4086 4063 4002)
3(10555 10616 10639)
4(3923 4004 4003 3922)
4(10475 10556 10557 10476)
4(4004 4087 4086 4003)
4(10556 10639 10640 10557)
4(4086 4155 4154 4085)
4(10638 10707 10708 10639)
4(4087 4156 4155 4086)
4(10639 10708 10709 10640)
5(4088 4167 4166 4156 4087)
5(10640 10709 10719 10720 10641)
4(4167 4229 4228 4166)
4(10719 10781 10782 10720)
4(4089 4168 4167 4088)
4(10641 10720 10721 10642)
3(4229 4167 4168)
3(10721 10720 10782)
3(4168 4255 4254)
3(10807 10808 10721)
3(4230 4229 4168)
3(10721 10782 10783)
3(4168 4254 4230)
3(10783 10807 10721)
4(4255 4327 4326 4254)
4(10807 10879 10880 10808)
4(4256 4328 4327 4255)
4(10808 10880 10881 10809)
4(4257 4394 4329 4256)
4(10809 10882 10947 10810)
3(4394 4393 4329)
3(10882 10946 10947)
3(4329 4328 4256)
3(10809 10881 10882)
4(4258 4395 4394 4257)
4(10810 10947 10948 10811)
4(4259 4404 4403 4396)
4(10949 10956 10957 10812)
4(4396 4395 4258 4259)
4(10812 10811 10948 10949)
4(4404 4476 4475 4403)
4(10956 11028 11029 10957)
4(4476 4493 4492 4475)
4(11028 11045 11046 11029)
4(4493 4498 4497 4492)
4(11045 11050 11051 11046)
4(4477 4494 4493 4476)
4(11029 11046 11047 11030)
3(4493 4494 4507)
3(11060 11047 11046)
3(4507 4506 4499)
3(11052 11059 11060)
3(4493 4507 4499)
3(11052 11060 11046)
3(4499 4498 4493)
3(11046 11051 11052)
4(4478 4495 4494 4477)
4(11030 11047 11048 11031)
4(4495 4508 4507 4494)
4(11047 11060 11061 11048)
4(4507 4523 4522 4506)
4(11059 11075 11076 11060)
3(4508 4529 4528)
3(11081 11082 11061)
5(4528 4527 4523 4507 4508)
5(11061 11060 11076 11080 11081)
5(4528 4529 4535 4534 4527)
5(11080 11087 11088 11082 11081)
3(4542 4534 4535)
3(11088 11087 11095)
3(4543 4542 4535)
3(11088 11095 11096)
4(4548 4547 4543 4535)
4(11088 11096 11100 11101)
4(4548 4573 4572 4547)
4(11100 11125 11126 11101)
4(4536 4549 4548 4535)
4(11088 11101 11102 11089)
5(4549 4575 4574 4573 4548)
5(11101 11126 11127 11128 11102)
4(4537 4550 4549 4536)
4(11089 11102 11103 11090)
4(4550 4576 4575 4549)
4(11102 11128 11129 11103)
4(4575 4590 4589 4574)
4(11127 11142 11143 11128)
4(4590 4608 4607 4589)
4(11142 11160 11161 11143)
4(4576 4591 4590 4575)
4(11128 11143 11144 11129)
4(4591 4609 4608 4590)
4(11143 11161 11162 11144)
4(4577 4592 4591 4576)
4(11129 11144 11145 11130)
3(4591 4592 4616)
3(11169 11145 11144)
3(4616 4615 4610)
3(11163 11168 11169)
3(4591 4616 4610)
3(11163 11169 11144)
3(4610 4609 4591)
3(11144 11162 11163)
4(4578 4593 4592 4577)
4(11130 11145 11146 11131)
4(4593 4617 4616 4592)
4(11145 11169 11170 11146)
4(4616 4625 4624 4615)
4(11168 11177 11178 11169)
4(4625 4636 4635 4624)
4(11177 11188 11189 11178)
4(4617 4626 4625 4616)
4(11169 11178 11179 11170)
4(4626 4637 4636 4625)
4(11178 11189 11190 11179)
4(4618 4627 4626 4617)
4(11170 11179 11180 11171)
3(4627 4653 4638)
3(11191 11206 11180)
4(4638 4637 4626 4627)
4(11180 11179 11190 11191)
3(4653 4652 4638)
3(11191 11205 11206)
4(4619 4628 4627 4618)
4(11171 11180 11181 11172)
4(4628 4654 4653 4627)
4(11180 11206 11207 11181)
5(4653 4670 4669 4665 4652)
5(11205 11218 11222 11223 11206)
4(4670 4677 4676 4669)
4(11222 11229 11230 11223)
4(4654 4671 4670 4653)
4(11206 11223 11224 11207)
4(4671 4678 4677 4670)
4(11223 11230 11231 11224)
5(4677 4700 4699 4695 4676)
5(11229 11248 11252 11253 11230)
4(4700 4718 4717 4699)
4(11252 11270 11271 11253)
4(4678 4701 4700 4677)
4(11230 11253 11254 11231)
4(4701 4719 4718 4700)
4(11253 11271 11272 11254)
4(4718 4737 4736 4717)
4(11270 11289 11290 11271)
5(4737 4752 4751 4746 4736)
5(11289 11299 11304 11305 11290)
4(4719 4738 4737 4718)
4(11271 11290 11291 11272)
4(4738 4753 4752 4737)
4(11290 11305 11306 11291)
4(4752 4759 4758 4751)
4(11304 11311 11312 11305)
5(4759 4784 4783 4776 4758)
5(11311 11329 11336 11337 11312)
4(4753 4760 4759 4752)
4(11305 11312 11313 11306)
4(4760 4785 4784 4759)
4(11312 11337 11338 11313)
5(4784 4801 4800 4796 4783)
5(11336 11349 11353 11354 11337)
4(4801 4816 4815 4800)
4(11353 11368 11369 11354)
4(4785 4802 4801 4784)
4(11337 11354 11355 11338)
4(4802 4817 4816 4801)
4(11354 11369 11370 11355)
5(4816 4831 4830 4826 4815)
5(11368 11379 11383 11384 11369)
4(4831 4857 4856 4830)
4(11383 11409 11410 11384)
4(4817 4832 4831 4816)
4(11369 11384 11385 11370)
4(4832 4858 4857 4831)
4(11384 11410 11411 11385)
4(4857 4869 4868 4856)
4(11409 11421 11422 11410)
5(4869 4884 4883 4878 4868)
5(11421 11431 11436 11437 11422)
4(4858 4870 4869 4857)
4(11410 11422 11423 11411)
4(4870 4885 4884 4869)
4(11422 11437 11438 11423)
4(4884 4899 4898 4883)
4(11436 11451 11452 11437)
5(4899 4916 4915 4908 4898)
5(11451 11461 11468 11469 11452)
4(4885 4900 4899 4884)
4(11437 11452 11453 11438)
4(4900 4917 4916 4899)
4(11452 11469 11470 11453)
5(4916 4941 4940 4936 4915)
5(11468 11489 11493 11494 11469)
4(4941 4948 4947 4940)
4(11493 11500 11501 11494)
4(4917 4942 4941 4916)
4(11469 11494 11495 11470)
4(4942 4949 4948 4941)
4(11494 11501 11502 11495)
5(4948 4963 4962 4958 4947)
5(11500 11511 11515 11516 11501)
4(4963 4989 4988 4962)
4(11515 11541 11542 11516)
4(4949 4964 4963 4948)
4(11501 11516 11517 11502)
4(4964 4990 4989 4963)
4(11516 11542 11543 11517)
4(4989 5000 4999 4988)
4(11541 11552 11553 11542)
5(5000 5023 5022 5017 4999)
5(11552 11570 11575 11576 11553)
4(4990 5001 5000 4989)
4(11542 11553 11554 11543)
4(5001 5024 5023 5000)
4(11553 11576 11577 11554)
4(5023 5030 5029 5022)
4(11575 11582 11583 11576)
5(5030 5054 5053 5039 5029)
5(11582 11592 11606 11607 11583)
4(5024 5031 5030 5023)
4(11576 11583 11584 11577)
4(5031 5055 5054 5030)
4(11583 11607 11608 11584)
5(5054 5071 5070 5066 5053)
5(11606 11619 11623 11624 11607)
4(5071 5078 5077 5070)
4(11623 11630 11631 11624)
4(5055 5072 5071 5054)
4(11607 11624 11625 11608)
4(5072 5079 5078 5071)
4(11624 11631 11632 11625)
5(5078 5105 5104 5098 5077)
5(11630 11651 11657 11658 11631)
4(5105 5126 5125 5104)
4(11657 11678 11679 11658)
4(5079 5106 5105 5078)
4(11631 11658 11659 11632)
4(5106 5127 5126 5105)
4(11658 11679 11680 11659)
4(5683 5705 5704 5682)
4(12235 12257 12258 12236)
4(5684 5706 5705 5683)
4(12236 12258 12259 12237)
3(5609 5610 5707)
3(12260 12163 12162)
3(5685 5609 5707)
3(12260 12162 12238)
4(5685 5707 5706 5684)
4(12237 12259 12260 12238)
4(5611 5708 5707 5610)
4(12163 12260 12261 12164)
5(5612 5618 5709 5708 5611)
5(12164 12261 12262 12171 12165)
4(5250 5249 5248 5244)
4(11797 11801 11802 11803)
3(5250 5244 5245)
3(11798 11797 11803)
3(5234 5250 5245)
3(11798 11803 11787)
3(5234 5245 5233)
3(11786 11798 11787)
4(5249 5270 5269 5248)
4(11801 11822 11823 11802)
5(5545 5619 5618 5612 5544)
5(12097 12165 12171 12172 12098)
4(5619 5710 5709 5618)
4(12171 12262 12263 12172)
4(5546 5620 5619 5545)
4(12098 12172 12173 12099)
4(5620 5711 5710 5619)
4(12172 12263 12264 12173)
4(5465 5476 5475 5464)
4(12017 12028 12029 12018)
4(5466 5477 5476 5465)
4(12018 12029 12030 12019)
3(5476 5621 5620)
3(12173 12174 12029)
3(5620 5546 5547)
3(12100 12099 12173)
3(5476 5620 5547)
3(12100 12173 12029)
3(5476 5547 5475)
3(12028 12100 12029)
4(5621 5712 5711 5620)
4(12173 12264 12265 12174)
4(5477 5622 5621 5476)
4(12029 12174 12175 12030)
4(5622 5713 5712 5621)
4(12174 12265 12266 12175)
4(5313 5323 5322 5312)
4(11865 11875 11876 11866)
6(5269 5270 5285 5284 5283 5268)
6(11821 11836 11837 11838 11823 11822)
3(5296 5295 5288)
3(11841 11848 11849)
4(5297 5310 5309 5296)
4(11849 11862 11863 11850)
3(5284 5285 5297)
3(11850 11838 11837)
5(5297 5296 5289 5283 5284)
5(11837 11836 11842 11849 11850)
3(5296 5288 5289)
3(11842 11841 11849)
4(5296 5309 5308 5295)
4(11848 11861 11862 11849)
3(5309 5324 5323)
3(11876 11877 11862)
3(5314 5308 5309)
3(11862 11861 11867)
3(5314 5309 5323)
3(11876 11862 11867)
3(5323 5313 5314)
3(11867 11866 11876)
4(5310 5325 5324 5309)
4(11862 11877 11878 11863)
4(5467 5468 5478 5477)
4(12030 12031 12021 12020)
3(5477 5466 5467)
3(12020 12019 12030)
4(5323 5397 5396 5322)
4(11875 11949 11950 11876)
3(5397 5479 5478)
3(12031 12032 11950)
3(5468 5396 5397)
3(11950 11949 12021)
3(5397 5478 5468)
3(12021 12031 11950)
5(5781 5789 5803 5802 5780)
5(12333 12355 12356 12342 12334)
4(5782 5790 5789 5781)
4(12334 12342 12343 12335)
4(5790 5804 5803 5789)
4(12342 12356 12357 12343)
3(5878 5877 5869)
3(12422 12430 12431)
4(5869 5802 5803 5878)
4(12431 12356 12355 12422)
3(5877 5868 5869)
3(12422 12421 12430)
4(5878 5894 5893 5877)
4(12430 12446 12447 12431)
4(5804 5879 5878 5803)
4(12356 12431 12432 12357)
4(5879 5895 5894 5878)
4(12431 12447 12448 12432)
4(5783 5791 5790 5782)
4(12335 12343 12344 12336)
4(5791 5805 5804 5790)
4(12343 12357 12358 12344)
3(5704 5705 5792)
3(12345 12258 12257)
3(5784 5704 5792)
3(12345 12257 12337)
4(5784 5792 5791 5783)
4(12336 12344 12345 12337)
4(5792 5806 5805 5791)
4(12344 12358 12359 12345)
4(5189 5202 5201 5188)
4(11741 11754 11755 11742)
4(5190 5203 5202 5189)
4(11742 11755 11756 11743)
5(5215 5221 5220 5219 5214)
5(11767 11772 11773 11774 11768)
4(5220 5234 5233 5219)
4(11772 11786 11787 11773)
4(5221 5235 5234 5220)
4(11773 11787 11788 11774)
4(5250 5271 5270 5249)
4(11802 11823 11824 11803)
4(5235 5251 5250 5234)
4(11787 11803 11804 11788)
4(5251 5272 5271 5250)
4(11803 11824 11825 11804)
4(5222 5221 5215 5216)
4(11769 11768 11774 11775)
3(5216 5202 5222)
3(11775 11755 11769)
3(5216 5201 5202)
3(11755 11754 11769)
4(5222 5236 5235 5221)
4(11774 11788 11789 11775)
4(5203 5223 5222 5202)
4(11755 11775 11776 11756)
4(5223 5237 5236 5222)
4(11775 11789 11790 11776)
4(5126 5148 5147 5125)
4(11678 11700 11701 11679)
5(5148 5166 5165 5157 5147)
5(11700 11710 11718 11719 11701)
4(5127 5149 5148 5126)
4(11679 11701 11702 11680)
4(5149 5167 5166 5148)
4(11701 11719 11720 11702)
4(5166 5173 5172 5165)
4(11718 11725 11726 11719)
3(5173 5204 5203)
3(11756 11757 11726)
3(5191 5172 5173)
3(11726 11725 11744)
3(5191 5173 5203)
3(11756 11726 11744)
3(5203 5190 5191)
3(11744 11743 11756)
4(5167 5174 5173 5166)
4(11719 11726 11727 11720)
4(5174 5205 5204 5173)
4(11726 11757 11758 11727)
8(1414 1413 1407 1390 1380 1361 1362 1363)
8(7916 7915 7914 7933 7943 7960 7966 7967)
4(1459 1458 1413 1414)
4(7967 7966 8011 8012)
4(1502 1501 1458 1459)
4(8012 8011 8054 8055)
4(1538 1537 1501 1502)
4(8055 8054 8090 8091)
4(1583 1582 1537 1538)
4(8091 8090 8135 8136)
4(1619 1618 1582 1583)
4(8136 8135 8171 8172)
4(1661 1660 1618 1619)
4(8172 8171 8213 8214)
4(1699 1698 1660 1661)
4(8214 8213 8251 8252)
4(1745 1744 1698 1699)
4(8252 8251 8297 8298)
4(1779 1778 1744 1745)
4(8298 8297 8331 8332)
4(1823 1822 1778 1779)
4(8332 8331 8375 8376)
4(1860 1859 1822 1823)
4(8376 8375 8412 8413)
4(1903 1902 1859 1860)
4(8413 8412 8455 8456)
4(1945 1944 1902 1903)
4(8456 8455 8497 8498)
4(1997 1996 1944 1945)
4(8498 8497 8549 8550)
4(2032 2031 1996 1997)
4(8550 8549 8584 8585)
4(2067 2066 2031 2032)
4(8585 8584 8619 8620)
4(2298 2297 2066 2067)
4(8620 8619 8850 8851)
4(2484 2483 2297 2298)
4(8851 8850 9036 9037)
4(2653 2652 2483 2484)
4(9037 9036 9205 9206)
4(2910 2909 2652 2653)
4(9206 9205 9462 9463)
4(2997 2996 2909 2910)
4(9463 9462 9549 9550)
4(3040 3039 2996 2997)
4(9550 9549 9592 9593)
4(3093 3092 3039 3040)
4(9593 9592 9645 9646)
4(3157 3156 3092 3093)
4(9646 9645 9709 9710)
4(3190 3189 3156 3157)
4(9710 9709 9742 9743)
4(3230 3229 3189 3190)
4(9743 9742 9782 9783)
4(3266 3265 3229 3230)
4(9783 9782 9818 9819)
4(3321 3320 3265 3266)
4(9819 9818 9873 9874)
4(3353 3352 3320 3321)
4(9874 9873 9905 9906)
4(3394 3393 3352 3353)
4(9906 9905 9946 9947)
4(3450 3449 3393 3394)
4(9947 9946 10002 10003)
4(3491 3490 3449 3450)
4(10003 10002 10043 10044)
4(3544 3543 3490 3491)
4(10044 10043 10096 10097)
4(3641 3640 3543 3544)
4(10097 10096 10193 10194)
4(3892 3891 3640 3641)
4(10194 10193 10444 10445)
4(4067 4066 3891 3892)
4(10445 10444 10619 10620)
4(4241 4240 4066 4067)
4(10620 10619 10793 10794)
4(4484 4483 4240 4241)
4(10794 10793 11036 11037)
4(4515 4514 4483 4484)
4(11037 11036 11067 11068)
4(4554 4553 4514 4515)
4(11068 11067 11106 11107)
4(4597 4596 4553 4554)
4(11107 11106 11149 11150)
4(4647 4646 4596 4597)
4(11150 11149 11199 11200)
4(4683 4682 4646 4647)
4(11200 11199 11235 11236)
4(4728 4727 4682 4683)
4(11236 11235 11280 11281)
4(4764 4763 4727 4728)
4(11281 11280 11316 11317)
4(4806 4805 4763 4764)
4(11317 11316 11358 11359)
4(4844 4843 4805 4806)
4(11359 11358 11396 11397)
4(4890 4889 4843 4844)
4(11397 11396 11442 11443)
4(4924 4923 4889 4890)
4(11443 11442 11476 11477)
4(4968 4967 4923 4924)
4(11477 11476 11520 11521)
4(5005 5004 4967 4968)
4(11521 11520 11557 11558)
4(5048 5047 5004 5005)
4(11558 11557 11600 11601)
4(5086 5085 5047 5048)
4(11601 11600 11638 11639)
4(5137 5136 5085 5086)
4(11639 11638 11689 11690)
8(5177 5176 5175 5171 5164 5146 5136 5137)
8(11690 11689 11699 11717 11724 11728 11729 11730)
8(5627 5726 5725 5724 5723 5722 5703 5626)
8(12179 12256 12275 12276 12277 12278 12279 12180)
4(5628 5727 5726 5627)
4(12180 12279 12280 12181)
4(5629 5728 5727 5628)
4(12181 12280 12281 12182)
4(5630 5729 5728 5629)
4(12182 12281 12282 12183)
4(5631 5730 5729 5630)
4(12183 12282 12283 12184)
4(5632 5731 5730 5631)
4(12184 12283 12284 12185)
4(5633 5732 5731 5632)
4(12185 12284 12285 12186)
4(5634 5733 5732 5633)
4(12186 12285 12286 12187)
4(5635 5734 5733 5634)
4(12187 12286 12287 12188)
4(5636 5735 5734 5635)
4(12188 12287 12288 12189)
4(5637 5736 5735 5636)
4(12189 12288 12289 12190)
4(5638 5737 5736 5637)
4(12190 12289 12290 12191)
4(5639 5738 5737 5638)
4(12191 12290 12291 12192)
4(5640 5739 5738 5639)
4(12192 12291 12292 12193)
4(5641 5740 5739 5640)
4(12193 12292 12293 12194)
4(5642 5741 5740 5641)
4(12194 12293 12294 12195)
4(5643 5742 5741 5642)
4(12195 12294 12295 12196)
4(5644 5743 5742 5643)
4(12196 12295 12296 12197)
4(5645 5744 5743 5644)
4(12197 12296 12297 12198)
4(5646 5745 5744 5645)
4(12198 12297 12298 12199)
4(5647 5746 5745 5646)
4(12199 12298 12299 12200)
4(5648 5747 5746 5647)
4(12200 12299 12300 12201)
4(5649 5748 5747 5648)
4(12201 12300 12301 12202)
4(5650 5749 5748 5649)
4(12202 12301 12302 12203)
4(5651 5750 5749 5650)
4(12203 12302 12303 12204)
4(5652 5751 5750 5651)
4(12204 12303 12304 12205)
4(5653 5752 5751 5652)
4(12205 12304 12305 12206)
4(5654 5753 5752 5653)
4(12206 12305 12306 12207)
4(5655 5754 5753 5654)
4(12207 12306 12307 12208)
4(5656 5755 5754 5655)
4(12208 12307 12308 12209)
4(5657 5756 5755 5656)
4(12209 12308 12309 12210)
4(5658 5757 5756 5657)
4(12210 12309 12310 12211)
4(5659 5758 5757 5658)
4(12211 12310 12311 12212)
4(5660 5759 5758 5659)
4(12212 12311 12312 12213)
4(5661 5760 5759 5660)
4(12213 12312 12313 12214)
4(5662 5761 5760 5661)
4(12214 12313 12314 12215)
4(5663 5762 5761 5662)
4(12215 12314 12315 12216)
4(5664 5763 5762 5663)
4(12216 12315 12316 12217)
4(5665 5764 5763 5664)
4(12217 12316 12317 12218)
4(5666 5765 5764 5665)
4(12218 12317 12318 12219)
4(5667 5766 5765 5666)
4(12219 12318 12319 12220)
4(5668 5767 5766 5667)
4(12220 12319 12320 12221)
4(5669 5768 5767 5668)
4(12221 12320 12321 12222)
4(5670 5769 5768 5669)
4(12222 12321 12322 12223)
4(5671 5770 5769 5670)
4(12223 12322 12323 12224)
4(5672 5771 5770 5671)
4(12224 12323 12324 12225)
4(5673 5772 5771 5672)
4(12225 12324 12325 12226)
4(5674 5773 5772 5673)
4(12226 12325 12326 12227)
4(5675 5774 5773 5674)
4(12227 12326 12327 12228)
4(5676 5775 5774 5675)
4(12228 12327 12328 12229)
4(5677 5776 5775 5676)
4(12229 12328 12329 12230)
4(5678 5777 5776 5677)
4(12230 12329 12330 12231)
4(5679 5778 5777 5678)
4(12231 12330 12331 12232)
4(5680 5779 5778 5679)
4(12232 12331 12332 12233)
4(5681 5780 5779 5680)
4(12233 12332 12333 12234)
8(5682 5704 5784 5783 5782 5781 5780 5681)
8(12234 12333 12334 12335 12336 12337 12257 12235)
6(5213 5214 5219 5233 5245 5244)
6(11797 11798 11786 11772 11767 11766)
4(5186 5187 5214 5213)
4(11766 11767 11740 11739)
4(5154 5155 5187 5186)
4(11739 11740 11708 11707)
4(5122 5123 5155 5154)
4(11707 11708 11676 11675)
4(5095 5096 5123 5122)
4(11675 11676 11649 11648)
4(5063 5064 5096 5095)
4(11648 11649 11617 11616)
4(5036 5037 5064 5063)
4(11616 11617 11590 11589)
4(5014 5015 5037 5036)
4(11589 11590 11568 11567)
4(4985 4986 5015 5014)
4(11567 11568 11539 11538)
4(4955 4956 4986 4985)
4(11538 11539 11509 11508)
4(4933 4934 4956 4955)
4(11508 11509 11487 11486)
4(4905 4906 4934 4933)
4(11486 11487 11459 11458)
4(4875 4876 4906 4905)
4(11458 11459 11429 11428)
4(4853 4854 4876 4875)
4(11428 11429 11407 11406)
4(4823 4824 4854 4853)
4(11406 11407 11377 11376)
4(4793 4794 4824 4823)
4(11376 11377 11347 11346)
4(4773 4774 4794 4793)
4(11346 11347 11327 11326)
4(4743 4744 4774 4773)
4(11326 11327 11297 11296)
4(4714 4715 4744 4743)
4(11296 11297 11268 11267)
4(4692 4693 4715 4714)
4(11267 11268 11246 11245)
4(4662 4663 4693 4692)
4(11245 11246 11216 11215)
4(4633 4634 4663 4662)
4(11215 11216 11187 11186)
4(4606 4607 4634 4633)
4(11186 11187 11160 11159)
6(4572 4573 4574 4589 4607 4606)
6(11159 11160 11142 11127 11126 11125)
7(4153 4060 4061 4062 4063 4085 4154)
7(10707 10638 10616 10615 10614 10613 10706)
4(4152 4059 4060 4153)
4(10706 10613 10612 10705)
4(4151 4058 4059 4152)
4(10705 10612 10611 10704)
4(4150 4057 4058 4151)
4(10704 10611 10610 10703)
4(4149 4056 4057 4150)
4(10703 10610 10609 10702)
4(4148 4055 4056 4149)
4(10702 10609 10608 10701)
4(4147 4054 4055 4148)
4(10701 10608 10607 10700)
4(4146 4053 4054 4147)
4(10700 10607 10606 10699)
4(4145 4052 4053 4146)
4(10699 10606 10605 10698)
4(4144 4051 4052 4145)
4(10698 10605 10604 10697)
4(4143 4050 4051 4144)
4(10697 10604 10603 10696)
4(4142 4049 4050 4143)
4(10696 10603 10602 10695)
4(4141 4048 4049 4142)
4(10695 10602 10601 10694)
4(4140 4047 4048 4141)
4(10694 10601 10600 10693)
4(4139 4046 4047 4140)
4(10693 10600 10599 10692)
4(4138 4045 4046 4139)
4(10692 10599 10598 10691)
4(4137 4044 4045 4138)
4(10691 10598 10597 10690)
4(4136 4043 4044 4137)
4(10690 10597 10596 10689)
4(4135 4042 4043 4136)
4(10689 10596 10595 10688)
4(4134 4041 4042 4135)
4(10688 10595 10594 10687)
4(4133 4040 4041 4134)
4(10687 10594 10593 10686)
4(4132 4039 4040 4133)
4(10686 10593 10592 10685)
4(4131 4038 4039 4132)
4(10685 10592 10591 10684)
4(4130 4037 4038 4131)
4(10684 10591 10590 10683)
4(4129 4036 4037 4130)
4(10683 10590 10589 10682)
4(4128 4035 4036 4129)
4(10682 10589 10588 10681)
4(4127 4034 4035 4128)
4(10681 10588 10587 10680)
4(4126 4033 4034 4127)
4(10680 10587 10586 10679)
4(4125 4032 4033 4126)
4(10679 10586 10585 10678)
4(4124 4031 4032 4125)
4(10678 10585 10584 10677)
4(4123 4030 4031 4124)
4(10677 10584 10583 10676)
4(4122 4029 4030 4123)
4(10676 10583 10582 10675)
4(4121 4028 4029 4122)
4(10675 10582 10581 10674)
4(4120 4027 4028 4121)
4(10674 10581 10580 10673)
4(4119 4026 4027 4120)
4(10673 10580 10579 10672)
4(4118 4025 4026 4119)
4(10672 10579 10578 10671)
4(4117 4024 4025 4118)
4(10671 10578 10577 10670)
4(4116 4023 4024 4117)
4(10670 10577 10576 10669)
4(4115 4022 4023 4116)
4(10669 10576 10575 10668)
4(4114 4021 4022 4115)
4(10668 10575 10574 10667)
4(4113 4020 4021 4114)
4(10667 10574 10573 10666)
4(4112 4019 4020 4113)
4(10666 10573 10572 10665)
4(4111 4018 4019 4112)
4(10665 10572 10571 10664)
4(4110 4017 4018 4111)
4(10664 10571 10570 10663)
4(4109 4016 4017 4110)
4(10663 10570 10569 10662)
4(4108 4015 4016 4109)
4(10662 10569 10568 10661)
4(4107 4014 4015 4108)
4(10661 10568 10567 10660)
4(4106 4013 4014 4107)
4(10660 10567 10566 10659)
4(4105 4012 4013 4106)
4(10659 10566 10565 10658)
4(4104 4011 4012 4105)
4(10658 10565 10564 10657)
4(4103 4010 4011 4104)
4(10657 10564 10563 10656)
4(4102 4009 4010 4103)
4(10656 10563 10562 10655)
4(4101 4008 4009 4102)
4(10655 10562 10561 10654)
4(4100 4007 4008 4101)
4(10654 10561 10560 10653)
6(4099 4084 4005 4006 4007 4100)
6(10653 10560 10559 10558 10637 10652)
6(3579 3580 3649 3658 3657 3656)
6(10209 10210 10211 10202 10133 10132)
4(3553 3554 3580 3579)
4(10132 10133 10107 10106)
4(3525 3526 3554 3553)
4(10106 10107 10079 10078)
4(3479 3480 3526 3525)
4(10078 10079 10033 10032)
4(3459 3460 3480 3479)
4(10032 10033 10013 10012)
4(3411 3412 3460 3459)
4(10012 10013 9965 9964)
4(3382 3383 3412 3411)
4(9964 9965 9936 9935)
4(3362 3363 3383 3382)
4(9935 9936 9916 9915)
4(3335 3336 3363 3362)
4(9915 9916 9889 9888)
4(3307 3308 3336 3335)
4(9888 9889 9861 9860)
4(3275 3276 3308 3307)
4(9860 9861 9829 9828)
4(3246 3247 3276 3275)
4(9828 9829 9800 9799)
4(3218 3219 3247 3246)
4(9799 9800 9772 9771)
4(3199 3200 3219 3218)
4(9771 9772 9753 9752)
4(3171 3172 3200 3199)
4(9752 9753 9725 9724)
4(3123 3124 3172 3171)
4(9724 9725 9677 9676)
4(3102 3103 3124 3123)
4(9676 9677 9656 9655)
4(3074 3075 3103 3102)
4(9655 9656 9628 9627)
4(3028 3029 3075 3074)
4(9627 9628 9582 9581)
4(3006 3007 3029 3028)
4(9581 9582 9560 9559)
4(2928 2929 3007 3006)
4(9559 9560 9482 9481)
6(2898 2899 2900 2904 2929 2928)
6(9481 9482 9457 9453 9452 9451)
6(2400 2491 2490 2489 2472 2399)
6(8952 9025 9042 9043 9044 8953)
4(2401 2492 2491 2400)
4(8953 9044 9045 8954)
4(2402 2493 2492 2401)
4(8954 9045 9046 8955)
4(2403 2494 2493 2402)
4(8955 9046 9047 8956)
4(2404 2495 2494 2403)
4(8956 9047 9048 8957)
4(2405 2496 2495 2404)
4(8957 9048 9049 8958)
4(2406 2497 2496 2405)
4(8958 9049 9050 8959)
4(2407 2498 2497 2406)
4(8959 9050 9051 8960)
4(2408 2499 2498 2407)
4(8960 9051 9052 8961)
4(2409 2500 2499 2408)
4(8961 9052 9053 8962)
4(2410 2501 2500 2409)
4(8962 9053 9054 8963)
4(2411 2502 2501 2410)
4(8963 9054 9055 8964)
4(2412 2503 2502 2411)
4(8964 9055 9056 8965)
4(2413 2504 2503 2412)
4(8965 9056 9057 8966)
4(2414 2505 2504 2413)
4(8966 9057 9058 8967)
4(2415 2506 2505 2414)
4(8967 9058 9059 8968)
4(2416 2507 2506 2415)
4(8968 9059 9060 8969)
4(2417 2508 2507 2416)
4(8969 9060 9061 8970)
4(2418 2509 2508 2417)
4(8970 9061 9062 8971)
4(2419 2510 2509 2418)
4(8971 9062 9063 8972)
4(2420 2511 2510 2419)
4(8972 9063 9064 8973)
4(2421 2512 2511 2420)
4(8973 9064 9065 8974)
4(2422 2513 2512 2421)
4(8974 9065 9066 8975)
4(2423 2514 2513 2422)
4(8975 9066 9067 8976)
4(2424 2515 2514 2423)
4(8976 9067 9068 8977)
4(2425 2516 2515 2424)
4(8977 9068 9069 8978)
4(2426 2517 2516 2425)
4(8978 9069 9070 8979)
4(2427 2518 2517 2426)
4(8979 9070 9071 8980)
4(2428 2519 2518 2427)
4(8980 9071 9072 8981)
4(2429 2520 2519 2428)
4(8981 9072 9073 8982)
4(2430 2521 2520 2429)
4(8982 9073 9074 8983)
4(2431 2522 2521 2430)
4(8983 9074 9075 8984)
4(2432 2523 2522 2431)
4(8984 9075 9076 8985)
4(2433 2524 2523 2432)
4(8985 9076 9077 8986)
4(2434 2525 2524 2433)
4(8986 9077 9078 8987)
4(2435 2526 2525 2434)
4(8987 9078 9079 8988)
4(2436 2527 2526 2435)
4(8988 9079 9080 8989)
4(2437 2528 2527 2436)
4(8989 9080 9081 8990)
4(2438 2529 2528 2437)
4(8990 9081 9082 8991)
4(2439 2530 2529 2438)
4(8991 9082 9083 8992)
4(2440 2531 2530 2439)
4(8992 9083 9084 8993)
4(2441 2532 2531 2440)
4(8993 9084 9085 8994)
4(2442 2533 2532 2441)
4(8994 9085 9086 8995)
4(2443 2534 2533 2442)
4(8995 9086 9087 8996)
4(2444 2535 2534 2443)
4(8996 9087 9088 8997)
4(2445 2536 2535 2444)
4(8997 9088 9089 8998)
4(2446 2537 2536 2445)
4(8998 9089 9090 8999)
4(2447 2538 2537 2446)
4(8999 9090 9091 9000)
4(2448 2539 2538 2447)
4(9000 9091 9092 9001)
4(2449 2540 2539 2448)
4(9001 9092 9093 9002)
4(2450 2541 2540 2449)
4(9002 9093 9094 9003)
4(2451 2542 2541 2450)
4(9003 9094 9095 9004)
4(2452 2543 2542 2451)
4(9004 9095 9096 9005)
4(2453 2544 2543 2452)
4(9005 9096 9097 9006)
7(2454 2473 2547 2546 2545 2544 2453)
7(9006 9097 9098 9099 9100 9026 9007)
6(1954 1955 1962 1982 1981 1980)
6(8533 8534 8535 8515 8508 8507)
4(1918 1919 1955 1954)
4(8507 8508 8472 8471)
4(1891 1892 1919 1918)
4(8471 8472 8445 8444)
4(1869 1870 1892 1891)
4(8444 8445 8423 8422)
4(1840 1841 1870 1869)
4(8422 8423 8394 8393)
4(1810 1811 1841 1840)
4(8393 8394 8364 8363)
4(1788 1789 1811 1810)
4(8363 8364 8342 8341)
4(1760 1761 1789 1788)
4(8341 8342 8314 8313)
4(1730 1731 1761 1760)
4(8313 8314 8284 8283)
4(1708 1709 1731 1730)
4(8283 8284 8262 8261)
4(1678 1679 1709 1708)
4(8261 8262 8232 8231)
4(1648 1649 1679 1678)
4(8231 8232 8202 8201)
4(1628 1629 1649 1648)
4(8201 8202 8182 8181)
4(1598 1599 1629 1628)
4(8181 8182 8152 8151)
4(1569 1570 1599 1598)
4(8151 8152 8123 8122)
4(1547 1548 1570 1569)
4(8122 8123 8101 8100)
4(1517 1518 1548 1547)
4(8100 8101 8071 8070)
4(1490 1491 1518 1517)
4(8070 8071 8044 8043)
4(1468 1469 1491 1490)
4(8043 8044 8022 8021)
4(1434 1435 1469 1468)
4(8021 8022 7988 7987)
4(1399 1400 1435 1434)
4(7987 7988 7953 7952)
4(1372 1373 1400 1399)
4(7952 7953 7926 7925)
4(1340 1341 1373 1372)
4(7925 7926 7894 7893)
6(1311 1312 1317 1331 1341 1340)
6(7893 7894 7884 7870 7865 7864)
8(925 826 827 828 829 830 849 926)
8(7479 7402 7383 7382 7381 7380 7379 7478)
4(924 825 826 925)
4(7478 7379 7378 7477)
4(923 824 825 924)
4(7477 7378 7377 7476)
4(922 823 824 923)
4(7476 7377 7376 7475)
4(921 822 823 922)
4(7475 7376 7375 7474)
4(920 821 822 921)
4(7474 7375 7374 7473)
4(919 820 821 920)
4(7473 7374 7373 7472)
4(918 819 820 919)
4(7472 7373 7372 7471)
4(917 818 819 918)
4(7471 7372 7371 7470)
4(916 817 818 917)
4(7470 7371 7370 7469)
4(915 816 817 916)
4(7469 7370 7369 7468)
4(914 815 816 915)
4(7468 7369 7368 7467)
4(913 814 815 914)
4(7467 7368 7367 7466)
4(912 813 814 913)
4(7466 7367 7366 7465)
4(911 812 813 912)
4(7465 7366 7365 7464)
4(910 811 812 911)
4(7464 7365 7364 7463)
4(909 810 811 910)
4(7463 7364 7363 7462)
4(908 809 810 909)
4(7462 7363 7362 7461)
4(907 808 809 908)
4(7461 7362 7361 7460)
4(906 807 808 907)
4(7460 7361 7360 7459)
4(905 806 807 906)
4(7459 7360 7359 7458)
4(904 805 806 905)
4(7458 7359 7358 7457)
4(903 804 805 904)
4(7457 7358 7357 7456)
4(902 803 804 903)
4(7456 7357 7356 7455)
4(901 802 803 902)
4(7455 7356 7355 7454)
4(900 801 802 901)
4(7454 7355 7354 7453)
4(899 800 801 900)
4(7453 7354 7353 7452)
4(898 799 800 899)
4(7452 7353 7352 7451)
4(897 798 799 898)
4(7451 7352 7351 7450)
4(896 797 798 897)
4(7450 7351 7350 7449)
4(895 796 797 896)
4(7449 7350 7349 7448)
4(894 795 796 895)
4(7448 7349 7348 7447)
4(893 794 795 894)
4(7447 7348 7347 7446)
4(892 793 794 893)
4(7446 7347 7346 7445)
4(891 792 793 892)
4(7445 7346 7345 7444)
4(890 791 792 891)
4(7444 7345 7344 7443)
4(889 790 791 890)
4(7443 7344 7343 7442)
4(888 789 790 889)
4(7442 7343 7342 7441)
4(887 788 789 888)
4(7441 7342 7341 7440)
4(886 787 788 887)
4(7440 7341 7340 7439)
4(885 786 787 886)
4(7439 7340 7339 7438)
4(884 785 786 885)
4(7438 7339 7338 7437)
4(883 784 785 884)
4(7437 7338 7337 7436)
4(882 783 784 883)
4(7436 7337 7336 7435)
4(881 782 783 882)
4(7435 7336 7335 7434)
4(880 781 782 881)
4(7434 7335 7334 7433)
4(879 780 781 880)
4(7433 7334 7333 7432)
4(878 779 780 879)
4(7432 7333 7332 7431)
4(877 778 779 878)
4(7431 7332 7331 7430)
4(876 777 778 877)
4(7430 7331 7330 7429)
4(875 776 777 876)
4(7429 7330 7329 7428)
4(874 775 776 875)
4(7428 7329 7328 7427)
4(873 774 775 874)
4(7427 7328 7327 7426)
4(872 773 774 873)
4(7426 7327 7326 7425)
4(871 772 773 872)
4(7425 7326 7325 7424)
8(870 848 768 769 770 771 772 871)
8(7424 7325 7324 7323 7322 7321 7401 7423)
7(1458 1457 1450 1429 1411 1412 1413)
7(7966 7965 7964 7982 8003 8010 8011)
4(1501 1500 1457 1458)
4(8011 8010 8053 8054)
4(1537 1536 1500 1501)
4(8054 8053 8089 8090)
4(1582 1581 1536 1537)
4(8090 8089 8134 8135)
4(1618 1617 1581 1582)
4(8135 8134 8170 8171)
4(1660 1659 1617 1618)
4(8171 8170 8212 8213)
4(1698 1697 1659 1660)
4(8213 8212 8250 8251)
4(1744 1743 1697 1698)
4(8251 8250 8296 8297)
4(1778 1777 1743 1744)
4(8297 8296 8330 8331)
4(1822 1821 1777 1778)
4(8331 8330 8374 8375)
4(1859 1858 1821 1822)
4(8375 8374 8411 8412)
4(1902 1901 1858 1859)
4(8412 8411 8454 8455)
4(1944 1943 1901 1902)
4(8455 8454 8496 8497)
4(1996 1995 1943 1944)
4(8497 8496 8548 8549)
4(2031 2030 1995 1996)
4(8549 8548 8583 8584)
4(2066 2065 2030 2031)
4(8584 8583 8618 8619)
4(2297 2296 2065 2066)
4(8619 8618 8849 8850)
4(2483 2482 2296 2297)
4(8850 8849 9035 9036)
4(2652 2651 2482 2483)
4(9036 9035 9204 9205)
4(2909 2908 2651 2652)
4(9205 9204 9461 9462)
4(2996 2995 2908 2909)
4(9462 9461 9548 9549)
4(3039 3038 2995 2996)
4(9549 9548 9591 9592)
4(3092 3091 3038 3039)
4(9592 9591 9644 9645)
4(3156 3155 3091 3092)
4(9645 9644 9708 9709)
4(3189 3188 3155 3156)
4(9709 9708 9741 9742)
4(3229 3228 3188 3189)
4(9742 9741 9781 9782)
4(3265 3264 3228 3229)
4(9782 9781 9817 9818)
4(3320 3319 3264 3265)
4(9818 9817 9872 9873)
4(3352 3351 3319 3320)
4(9873 9872 9904 9905)
4(3393 3392 3351 3352)
4(9905 9904 9945 9946)
4(3449 3448 3392 3393)
4(9946 9945 10001 10002)
4(3490 3489 3448 3449)
4(10002 10001 10042 10043)
4(3543 3542 3489 3490)
4(10043 10042 10095 10096)
4(3640 3639 3542 3543)
4(10096 10095 10192 10193)
4(3891 3890 3639 3640)
4(10193 10192 10443 10444)
4(4066 4065 3890 3891)
4(10444 10443 10618 10619)
4(4240 4239 4065 4066)
4(10619 10618 10792 10793)
4(4483 4482 4239 4240)
4(10793 10792 11035 11036)
4(4514 4513 4482 4483)
4(11036 11035 11066 11067)
4(4553 4552 4513 4514)
4(11067 11066 11105 11106)
4(4596 4595 4552 4553)
4(11106 11105 11148 11149)
4(4646 4645 4595 4596)
4(11149 11148 11198 11199)
4(4682 4681 4645 4646)
4(11199 11198 11234 11235)
4(4727 4726 4681 4682)
4(11235 11234 11279 11280)
4(4763 4762 4726 4727)
4(11280 11279 11315 11316)
4(4805 4804 4762 4763)
4(11316 11315 11357 11358)
4(4843 4842 4804 4805)
4(11358 11357 11395 11396)
4(4889 4888 4842 4843)
4(11396 11395 11441 11442)
4(4923 4922 4888 4889)
4(11442 11441 11475 11476)
4(4967 4966 4922 4923)
4(11476 11475 11519 11520)
4(5004 5003 4966 4967)
4(11520 11519 11556 11557)
4(5047 5046 5003 5004)
4(11557 11556 11599 11600)
4(5085 5084 5046 5047)
4(11600 11599 11637 11638)
7(5136 5135 5134 5117 5103 5084 5085)
7(11638 11637 11656 11670 11687 11688 11689)
7(5727 5814 5813 5812 5811 5801 5726)
7(12279 12354 12364 12365 12366 12367 12280)
4(5728 5815 5814 5727)
4(12280 12367 12368 12281)
4(5729 5816 5815 5728)
4(12281 12368 12369 12282)
4(5730 5817 5816 5729)
4(12282 12369 12370 12283)
4(5731 5818 5817 5730)
4(12283 12370 12371 12284)
4(5732 5819 5818 5731)
4(12284 12371 12372 12285)
4(5733 5820 5819 5732)
4(12285 12372 12373 12286)
4(5734 5821 5820 5733)
4(12286 12373 12374 12287)
4(5735 5822 5821 5734)
4(12287 12374 12375 12288)
4(5736 5823 5822 5735)
4(12288 12375 12376 12289)
4(5737 5824 5823 5736)
4(12289 12376 12377 12290)
4(5738 5825 5824 5737)
4(12290 12377 12378 12291)
4(5739 5826 5825 5738)
4(12291 12378 12379 12292)
4(5740 5827 5826 5739)
4(12292 12379 12380 12293)
4(5741 5828 5827 5740)
4(12293 12380 12381 12294)
4(5742 5829 5828 5741)
4(12294 12381 12382 12295)
4(5743 5830 5829 5742)
4(12295 12382 12383 12296)
4(5744 5831 5830 5743)
4(12296 12383 12384 12297)
4(5745 5832 5831 5744)
4(12297 12384 12385 12298)
4(5746 5833 5832 5745)
4(12298 12385 12386 12299)
4(5747 5834 5833 5746)
4(12299 12386 12387 12300)
4(5748 5835 5834 5747)
4(12300 12387 12388 12301)
4(5749 5836 5835 5748)
4(12301 12388 12389 12302)
4(5750 5837 5836 5749)
4(12302 12389 12390 12303)
4(5751 5838 5837 5750)
4(12303 12390 12391 12304)
4(5752 5839 5838 5751)
4(12304 12391 12392 12305)
4(5753 5840 5839 5752)
4(12305 12392 12393 12306)
4(5754 5841 5840 5753)
4(12306 12393 12394 12307)
4(5755 5842 5841 5754)
4(12307 12394 12395 12308)
4(5756 5843 5842 5755)
4(12308 12395 12396 12309)
4(5757 5844 5843 5756)
4(12309 12396 12397 12310)
4(5758 5845 5844 5757)
4(12310 12397 12398 12311)
4(5759 5846 5845 5758)
4(12311 12398 12399 12312)
4(5760 5847 5846 5759)
4(12312 12399 12400 12313)
4(5761 5848 5847 5760)
4(12313 12400 12401 12314)
4(5762 5849 5848 5761)
4(12314 12401 12402 12315)
4(5763 5850 5849 5762)
4(12315 12402 12403 12316)
4(5764 5851 5850 5763)
4(12316 12403 12404 12317)
4(5765 5852 5851 5764)
4(12317 12404 12405 12318)
4(5766 5853 5852 5765)
4(12318 12405 12406 12319)
4(5767 5854 5853 5766)
4(12319 12406 12407 12320)
4(5768 5855 5854 5767)
4(12320 12407 12408 12321)
4(5769 5856 5855 5768)
4(12321 12408 12409 12322)
4(5770 5857 5856 5769)
4(12322 12409 12410 12323)
4(5771 5858 5857 5770)
4(12323 12410 12411 12324)
4(5772 5859 5858 5771)
4(12324 12411 12412 12325)
4(5773 5860 5859 5772)
4(12325 12412 12413 12326)
4(5774 5861 5860 5773)
4(12326 12413 12414 12327)
4(5775 5862 5861 5774)
4(12327 12414 12415 12328)
4(5776 5863 5862 5775)
4(12328 12415 12416 12329)
4(5777 5864 5863 5776)
4(12329 12416 12417 12330)
4(5778 5865 5864 5777)
4(12330 12417 12418 12331)
4(5779 5866 5865 5778)
4(12331 12418 12419 12332)
7(5780 5802 5869 5868 5867 5866 5779)
7(12332 12419 12420 12421 12422 12355 12333)
6(5187 5188 5201 5216 5215 5214)
6(11767 11768 11769 11754 11741 11740)
4(5155 5156 5188 5187)
4(11740 11741 11709 11708)
4(5123 5124 5156 5155)
4(11708 11709 11677 11676)
4(5096 5097 5124 5123)
4(11676 11677 11650 11649)
4(5064 5065 5097 5096)
4(11649 11650 11618 11617)
4(5037 5038 5065 5064)
4(11617 11618 11591 11590)
4(5015 5016 5038 5037)
4(11590 11591 11569 11568)
4(4986 4987 5016 5015)
4(11568 11569 11540 11539)
4(4956 4957 4987 4986)
4(11539 11540 11510 11509)
4(4934 4935 4957 4956)
4(11509 11510 11488 11487)
4(4906 4907 4935 4934)
4(11487 11488 11460 11459)
4(4876 4877 4907 4906)
4(11459 11460 11430 11429)
4(4854 4855 4877 4876)
4(11429 11430 11408 11407)
4(4824 4825 4855 4854)
4(11407 11408 11378 11377)
4(4794 4795 4825 4824)
4(11377 11378 11348 11347)
4(4774 4775 4795 4794)
4(11347 11348 11328 11327)
4(4744 4745 4775 4774)
4(11327 11328 11298 11297)
4(4715 4716 4745 4744)
4(11297 11298 11269 11268)
4(4693 4694 4716 4715)
4(11268 11269 11247 11246)
4(4663 4664 4694 4693)
4(11246 11247 11217 11216)
4(4634 4635 4664 4663)
4(11216 11217 11188 11187)
8(4607 4608 4609 4610 4615 4624 4635 4634)
8(11187 11188 11177 11168 11163 11162 11161 11160)
6(4059 3983 3984 3985 4000 4060)
6(10613 10553 10538 10537 10536 10612)
4(4058 3982 3983 4059)
4(10612 10536 10535 10611)
4(4057 3981 3982 4058)
4(10611 10535 10534 10610)
4(4056 3980 3981 4057)
4(10610 10534 10533 10609)
4(4055 3979 3980 4056)
4(10609 10533 10532 10608)
4(4054 3978 3979 4055)
4(10608 10532 10531 10607)
4(4053 3977 3978 4054)
4(10607 10531 10530 10606)
4(4052 3976 3977 4053)
4(10606 10530 10529 10605)
4(4051 3975 3976 4052)
4(10605 10529 10528 10604)
4(4050 3974 3975 4051)
4(10604 10528 10527 10603)
4(4049 3973 3974 4050)
4(10603 10527 10526 10602)
4(4048 3972 3973 4049)
4(10602 10526 10525 10601)
4(4047 3971 3972 4048)
4(10601 10525 10524 10600)
4(4046 3970 3971 4047)
4(10600 10524 10523 10599)
4(4045 3969 3970 4046)
4(10599 10523 10522 10598)
4(4044 3968 3969 4045)
4(10598 10522 10521 10597)
4(4043 3967 3968 4044)
4(10597 10521 10520 10596)
4(4042 3966 3967 4043)
4(10596 10520 10519 10595)
4(4041 3965 3966 4042)
4(10595 10519 10518 10594)
4(4040 3964 3965 4041)
4(10594 10518 10517 10593)
4(4039 3963 3964 4040)
4(10593 10517 10516 10592)
4(4038 3962 3963 4039)
4(10592 10516 10515 10591)
4(4037 3961 3962 4038)
4(10591 10515 10514 10590)
4(4036 3960 3961 4037)
4(10590 10514 10513 10589)
4(4035 3959 3960 4036)
4(10589 10513 10512 10588)
4(4034 3958 3959 4035)
4(10588 10512 10511 10587)
4(4033 3957 3958 4034)
4(10587 10511 10510 10586)
4(4032 3956 3957 4033)
4(10586 10510 10509 10585)
4(4031 3955 3956 4032)
4(10585 10509 10508 10584)
4(4030 3954 3955 4031)
4(10584 10508 10507 10583)
4(4029 3953 3954 4030)
4(10583 10507 10506 10582)
4(4028 3952 3953 4029)
4(10582 10506 10505 10581)
4(4027 3951 3952 4028)
4(10581 10505 10504 10580)
4(4026 3950 3951 4027)
4(10580 10504 10503 10579)
4(4025 3949 3950 4026)
4(10579 10503 10502 10578)
4(4024 3948 3949 4025)
4(10578 10502 10501 10577)
4(4023 3947 3948 4024)
4(10577 10501 10500 10576)
4(4022 3946 3947 4023)
4(10576 10500 10499 10575)
4(4021 3945 3946 4022)
4(10575 10499 10498 10574)
4(4020 3944 3945 4021)
4(10574 10498 10497 10573)
4(4019 3943 3944 4020)
4(10573 10497 10496 10572)
4(4018 3942 3943 4019)
4(10572 10496 10495 10571)
4(4017 3941 3942 4018)
4(10571 10495 10494 10570)
4(4016 3940 3941 4017)
4(10570 10494 10493 10569)
4(4015 3939 3940 4016)
4(10569 10493 10492 10568)
4(4014 3938 3939 4015)
4(10568 10492 10491 10567)
4(4013 3937 3938 4014)
4(10567 10491 10490 10566)
4(4012 3936 3937 4013)
4(10566 10490 10489 10565)
4(4011 3935 3936 4012)
4(10565 10489 10488 10564)
4(4010 3934 3935 4011)
4(10564 10488 10487 10563)
4(4009 3933 3934 4010)
4(10563 10487 10486 10562)
4(4008 3932 3933 4009)
4(10562 10486 10485 10561)
6(4007 3999 3930 3931 3932 4008)
6(10561 10485 10484 10483 10552 10560)
6(3554 3555 3562 3582 3581 3580)
6(10133 10134 10135 10115 10108 10107)
4(3526 3527 3555 3554)
4(10107 10108 10080 10079)
4(3480 3481 3527 3526)
4(10079 10080 10034 10033)
4(3460 3461 3481 3480)
4(10033 10034 10014 10013)
4(3412 3413 3461 3460)
4(10013 10014 9966 9965)
4(3383 3384 3413 3412)
4(9965 9966 9937 9936)
4(3363 3364 3384 3383)
4(9936 9937 9917 9916)
4(3336 3337 3364 3363)
4(9916 9917 9890 9889)
4(3308 3309 3337 3336)
4(9889 9890 9862 9861)
4(3276 3277 3309 3308)
4(9861 9862 9830 9829)
4(3247 3248 3277 3276)
4(9829 9830 9801 9800)
4(3219 3220 3248 3247)
4(9800 9801 9773 9772)
4(3200 3201 3220 3219)
4(9772 9773 9754 9753)
4(3172 3173 3201 3200)
4(9753 9754 9726 9725)
4(3124 3125 3173 3172)
4(9725 9726 9678 9677)
4(3103 3104 3125 3124)
4(9677 9678 9657 9656)
4(3075 3076 3104 3103)
4(9656 9657 9629 9628)
4(3029 3030 3076 3075)
4(9628 9629 9583 9582)
4(3007 3008 3030 3029)
4(9582 9583 9561 9560)
6(2929 2930 2931 2990 3008 3007)
6(9560 9561 9543 9484 9483 9482)
6(2492 2569 2568 2567 2556 2491)
6(9044 9109 9120 9121 9122 9045)
4(2493 2570 2569 2492)
4(9045 9122 9123 9046)
4(2494 2571 2570 2493)
4(9046 9123 9124 9047)
4(2495 2572 2571 2494)
4(9047 9124 9125 9048)
4(2496 2573 2572 2495)
4(9048 9125 9126 9049)
4(2497 2574 2573 2496)
4(9049 9126 9127 9050)
4(2498 2575 2574 2497)
4(9050 9127 9128 9051)
4(2499 2576 2575 2498)
4(9051 9128 9129 9052)
4(2500 2577 2576 2499)
4(9052 9129 9130 9053)
4(2501 2578 2577 2500)
4(9053 9130 9131 9054)
4(2502 2579 2578 2501)
4(9054 9131 9132 9055)
4(2503 2580 2579 2502)
4(9055 9132 9133 9056)
4(2504 2581 2580 2503)
4(9056 9133 9134 9057)
4(2505 2582 2581 2504)
4(9057 9134 9135 9058)
4(2506 2583 2582 2505)
4(9058 9135 9136 9059)
4(2507 2584 2583 2506)
4(9059 9136 9137 9060)
4(2508 2585 2584 2507)
4(9060 9137 9138 9061)
4(2509 2586 2585 2508)
4(9061 9138 9139 9062)
4(2510 2587 2586 2509)
4(9062 9139 9140 9063)
4(2511 2588 2587 2510)
4(9063 9140 9141 9064)
4(2512 2589 2588 2511)
4(9064 9141 9142 9065)
4(2513 2590 2589 2512)
4(9065 9142 9143 9066)
4(2514 2591 2590 2513)
4(9066 9143 9144 9067)
4(2515 2592 2591 2514)
4(9067 9144 9145 9068)
4(2516 2593 2592 2515)
4(9068 9145 9146 9069)
4(2517 2594 2593 2516)
4(9069 9146 9147 9070)
4(2518 2595 2594 2517)
4(9070 9147 9148 9071)
4(2519 2596 2595 2518)
4(9071 9148 9149 9072)
4(2520 2597 2596 2519)
4(9072 9149 9150 9073)
4(2521 2598 2597 2520)
4(9073 9150 9151 9074)
4(2522 2599 2598 2521)
4(9074 9151 9152 9075)
4(2523 2600 2599 2522)
4(9075 9152 9153 9076)
4(2524 2601 2600 2523)
4(9076 9153 9154 9077)
4(2525 2602 2601 2524)
4(9077 9154 9155 9078)
4(2526 2603 2602 2525)
4(9078 9155 9156 9079)
4(2527 2604 2603 2526)
4(9079 9156 9157 9080)
4(2528 2605 2604 2527)
4(9080 9157 9158 9081)
4(2529 2606 2605 2528)
4(9081 9158 9159 9082)
4(2530 2607 2606 2529)
4(9082 9159 9160 9083)
4(2531 2608 2607 2530)
4(9083 9160 9161 9084)
4(2532 2609 2608 2531)
4(9084 9161 9162 9085)
4(2533 2610 2609 2532)
4(9085 9162 9163 9086)
4(2534 2611 2610 2533)
4(9086 9163 9164 9087)
4(2535 2612 2611 2534)
4(9087 9164 9165 9088)
4(2536 2613 2612 2535)
4(9088 9165 9166 9089)
4(2537 2614 2613 2536)
4(9089 9166 9167 9090)
4(2538 2615 2614 2537)
4(9090 9167 9168 9091)
4(2539 2616 2615 2538)
4(9091 9168 9169 9092)
4(2540 2617 2616 2539)
4(9092 9169 9170 9093)
4(2541 2618 2617 2540)
4(9093 9170 9171 9094)
4(2542 2619 2618 2541)
4(9094 9171 9172 9095)
4(2543 2620 2619 2542)
4(9095 9172 9173 9096)
6(2544 2557 2622 2621 2620 2543)
6(9096 9173 9174 9175 9110 9097)
8(1919 1920 1927 1936 1958 1957 1956 1955)
8(8508 8509 8510 8511 8489 8480 8473 8472)
4(1892 1893 1920 1919)
4(8472 8473 8446 8445)
4(1870 1871 1893 1892)
4(8445 8446 8424 8423)
4(1841 1842 1871 1870)
4(8423 8424 8395 8394)
4(1811 1812 1842 1841)
4(8394 8395 8365 8364)
4(1789 1790 1812 1811)
4(8364 8365 8343 8342)
4(1761 1762 1790 1789)
4(8342 8343 8315 8314)
4(1731 1732 1762 1761)
4(8314 8315 8285 8284)
4(1709 1710 1732 1731)
4(8284 8285 8263 8262)
4(1679 1680 1710 1709)
4(8262 8263 8233 8232)
4(1649 1650 1680 1679)
4(8232 8233 8203 8202)
4(1629 1630 1650 1649)
4(8202 8203 8183 8182)
4(1599 1600 1630 1629)
4(8182 8183 8153 8152)
4(1570 1571 1600 1599)
4(8152 8153 8124 8123)
4(1548 1549 1571 1570)
4(8123 8124 8102 8101)
4(1518 1519 1549 1548)
4(8101 8102 8072 8071)
4(1491 1492 1519 1518)
4(8071 8072 8045 8044)
4(1469 1470 1492 1491)
4(8044 8045 8023 8022)
4(1435 1436 1470 1469)
4(8022 8023 7989 7988)
4(1400 1401 1436 1435)
4(7988 7989 7954 7953)
4(1373 1374 1401 1400)
4(7953 7954 7927 7926)
6(1341 1342 1343 1353 1374 1373)
6(7926 7927 7906 7896 7895 7894)
7(825 738 739 740 741 751 826)
7(7379 7304 7294 7293 7292 7291 7378)
4(824 737 738 825)
4(7378 7291 7290 7377)
4(823 736 737 824)
4(7377 7290 7289 7376)
4(822 735 736 823)
4(7376 7289 7288 7375)
4(821 734 735 822)
4(7375 7288 7287 7374)
4(820 733 734 821)
4(7374 7287 7286 7373)
4(819 732 733 820)
4(7373 7286 7285 7372)
4(818 731 732 819)
4(7372 7285 7284 7371)
4(817 730 731 818)
4(7371 7284 7283 7370)
4(816 729 730 817)
4(7370 7283 7282 7369)
4(815 728 729 816)
4(7369 7282 7281 7368)
4(814 727 728 815)
4(7368 7281 7280 7367)
4(813 726 727 814)
4(7367 7280 7279 7366)
4(812 725 726 813)
4(7366 7279 7278 7365)
4(811 724 725 812)
4(7365 7278 7277 7364)
4(810 723 724 811)
4(7364 7277 7276 7363)
4(809 722 723 810)
4(7363 7276 7275 7362)
4(808 721 722 809)
4(7362 7275 7274 7361)
4(807 720 721 808)
4(7361 7274 7273 7360)
4(806 719 720 807)
4(7360 7273 7272 7359)
4(805 718 719 806)
4(7359 7272 7271 7358)
4(804 717 718 805)
4(7358 7271 7270 7357)
4(803 716 717 804)
4(7357 7270 7269 7356)
4(802 715 716 803)
4(7356 7269 7268 7355)
4(801 714 715 802)
4(7355 7268 7267 7354)
4(800 713 714 801)
4(7354 7267 7266 7353)
4(799 712 713 800)
4(7353 7266 7265 7352)
4(798 711 712 799)
4(7352 7265 7264 7351)
4(797 710 711 798)
4(7351 7264 7263 7350)
4(796 709 710 797)
4(7350 7263 7262 7349)
4(795 708 709 796)
4(7349 7262 7261 7348)
4(794 707 708 795)
4(7348 7261 7260 7347)
4(793 706 707 794)
4(7347 7260 7259 7346)
4(792 705 706 793)
4(7346 7259 7258 7345)
4(791 704 705 792)
4(7345 7258 7257 7344)
4(790 703 704 791)
4(7344 7257 7256 7343)
4(789 702 703 790)
4(7343 7256 7255 7342)
4(788 701 702 789)
4(7342 7255 7254 7341)
4(787 700 701 788)
4(7341 7254 7253 7340)
4(786 699 700 787)
4(7340 7253 7252 7339)
4(785 698 699 786)
4(7339 7252 7251 7338)
4(784 697 698 785)
4(7338 7251 7250 7337)
4(783 696 697 784)
4(7337 7250 7249 7336)
4(782 695 696 783)
4(7336 7249 7248 7335)
4(781 694 695 782)
4(7335 7248 7247 7334)
4(780 693 694 781)
4(7334 7247 7246 7333)
4(779 692 693 780)
4(7333 7246 7245 7332)
4(778 691 692 779)
4(7332 7245 7244 7331)
4(777 690 691 778)
4(7331 7244 7243 7330)
4(776 689 690 777)
4(7330 7243 7242 7329)
4(775 688 689 776)
4(7329 7242 7241 7328)
4(774 687 688 775)
4(7328 7241 7240 7327)
4(773 686 687 774)
4(7327 7240 7239 7326)
7(772 750 683 684 685 686 773)
7(7326 7239 7238 7237 7236 7303 7325)
8(1500 1499 1482 1475 1454 1455 1456 1457)
8(8010 8009 8008 8007 8028 8035 8052 8053)
6(1536 1535 1530 1523 1499 1500)
6(8053 8052 8076 8083 8088 8089)
6(1581 1580 1564 1553 1535 1536)
6(8089 8088 8106 8117 8133 8134)
7(1617 1616 1612 1605 1590 1580 1581)
7(8134 8133 8143 8158 8165 8169 8170)
6(1659 1658 1654 1637 1616 1617)
6(8170 8169 8190 8207 8211 8212)
6(1697 1696 1684 1669 1658 1659)
6(8212 8211 8222 8237 8249 8250)
6(1743 1742 1737 1722 1696 1697)
6(8250 8249 8275 8290 8295 8296)
6(1777 1776 1769 1752 1742 1743)
6(8296 8295 8305 8322 8329 8330)
7(1821 1820 1816 1801 1794 1776 1777)
7(8330 8329 8347 8354 8369 8373 8374)
6(1858 1857 1853 1835 1820 1821)
6(8374 8373 8388 8406 8410 8411)
6(1901 1900 1883 1876 1857 1858)
6(8411 8410 8429 8436 8453 8454)
6(1943 1942 1935 1926 1900 1901)
6(8454 8453 8479 8488 8495 8496)
6(1995 1994 1975 1961 1942 1943)
6(8496 8495 8514 8528 8547 8548)
7(2030 2029 2025 2017 2004 1994 1995)
7(8548 8547 8557 8570 8578 8582 8583)
6(2065 2064 2059 2046 2029 2030)
6(8583 8582 8599 8612 8617 8618)
6(2296 2295 2150 2075 2064 2065)
6(8618 8617 8628 8703 8848 8849)
6(2482 2481 2463 2386 2295 2296)
6(8849 8848 8939 9016 9034 9035)
6(2651 2650 2628 2550 2481 2482)
6(9035 9034 9103 9181 9203 9204)
7(2908 2907 2903 2801 2666 2650 2651)
7(9204 9203 9219 9354 9456 9460 9461)
6(2995 2994 2989 2923 2907 2908)
6(9461 9460 9476 9542 9547 9548)
6(3038 3037 3021 3015 2994 2995)
6(9548 9547 9568 9574 9590 9591)
6(3091 3090 3086 3080 3037 3038)
6(9591 9590 9633 9639 9643 9644)
6(3155 3154 3118 3108 3090 3091)
6(9644 9643 9661 9671 9707 9708)
7(3188 3187 3184 3178 3164 3154 3155)
7(9708 9707 9717 9731 9737 9740 9741)
6(3228 3227 3224 3208 3187 3188)
6(9741 9740 9761 9777 9780 9781)
6(3264 3263 3252 3238 3227 3228)
6(9781 9780 9791 9805 9816 9817)
6(3319 3318 3314 3300 3263 3264)
6(9817 9816 9853 9867 9871 9872)
6(3351 3350 3344 3328 3318 3319)
6(9872 9871 9881 9897 9903 9904)
7(3392 3391 3388 3374 3368 3350 3351)
7(9904 9903 9921 9927 9941 9944 9945)
6(3448 3447 3444 3406 3391 3392)
6(9945 9944 9959 9997 10000 10001)
6(3489 3488 3472 3466 3447 3448)
6(10001 10000 10019 10025 10041 10042)
6(3542 3541 3537 3531 3488 3489)
6(10042 10041 10084 10090 10094 10095)
6(3639 3638 3574 3561 3541 3542)
6(10095 10094 10114 10127 10191 10192)
7(3890 3889 3881 3662 3648 3638 3639)
7(10192 10191 10201 10215 10434 10442 10443)
6(4065 4064 3993 3908 3889 3890)
6(10443 10442 10461 10546 10617 10618)
6(4239 4238 4159 4075 4064 4065)
6(10618 10617 10628 10712 10791 10792)
6(4482 4481 4474 4399 4238 4239)
6(10792 10791 10952 11027 11034 11035)
6(4513 4512 4505 4491 4481 4482)
6(11035 11034 11044 11058 11065 11066)
7(4552 4551 4546 4533 4526 4512 4513)
7(11066 11065 11079 11086 11099 11104 11105)
6(4595 4594 4588 4567 4551 4552)
6(11105 11104 11120 11141 11147 11148)
6(4645 4644 4623 4614 4594 4595)
6(11148 11147 11167 11176 11197 11198)
6(4681 4680 4675 4668 4644 4645)
6(11198 11197 11221 11228 11233 11234)
6(4726 4725 4709 4698 4680 4681)
6(11234 11233 11251 11262 11278 11279)
7(4762 4761 4757 4750 4735 4725 4726)
7(11279 11278 11288 11303 11310 11314 11315)
6(4804 4803 4799 4782 4761 4762)
6(11315 11314 11335 11352 11356 11357)
6(4842 4841 4829 4814 4803 4804)
6(11357 11356 11367 11382 11394 11395)
6(4888 4887 4882 4867 4841 4842)
6(11395 11394 11420 11435 11440 11441)
6(4922 4921 4914 4897 4887 4888)
6(11441 11440 11450 11467 11474 11475)
7(4966 4965 4961 4946 4939 4921 4922)
7(11475 11474 11492 11499 11514 11518 11519)
6(5003 5002 4998 4980 4965 4966)
6(11519 11518 11533 11551 11555 11556)
6(5046 5045 5028 5021 5002 5003)
6(11556 11555 11574 11581 11598 11599)
8(5084 5083 5082 5081 5076 5069 5045 5046)
8(11599 11598 11622 11629 11634 11635 11636 11637)
8(5815 5905 5904 5903 5902 5890 5874 5814)
8(12367 12427 12443 12455 12456 12457 12458 12368)
6(5816 5908 5907 5906 5905 5815)
6(12368 12458 12459 12460 12461 12369)
6(5817 5911 5910 5909 5908 5816)
6(12369 12461 12462 12463 12464 12370)
7(5818 5915 5914 5913 5912 5911 5817)
7(12370 12464 12465 12466 12467 12468 12371)
6(5819 5918 5917 5916 5915 5818)
6(12371 12468 12469 12470 12471 12372)
6(5820 5921 5920 5919 5918 5819)
6(12372 12471 12472 12473 12474 12373)
6(5821 5924 5923 5922 5921 5820)
6(12373 12474 12475 12476 12477 12374)
6(5822 5927 5926 5925 5924 5821)
6(12374 12477 12478 12479 12480 12375)
7(5823 5931 5930 5929 5928 5927 5822)
7(12375 12480 12481 12482 12483 12484 12376)
6(5824 5934 5933 5932 5931 5823)
6(12376 12484 12485 12486 12487 12377)
6(5825 5937 5936 5935 5934 5824)
6(12377 12487 12488 12489 12490 12378)
6(5826 5940 5939 5938 5937 5825)
6(12378 12490 12491 12492 12493 12379)
6(5827 5943 5942 5941 5940 5826)
6(12379 12493 12494 12495 12496 12380)
7(5828 5947 5946 5945 5944 5943 5827)
7(12380 12496 12497 12498 12499 12500 12381)
6(5829 5950 5949 5948 5947 5828)
6(12381 12500 12501 12502 12503 12382)
6(5830 5953 5952 5951 5950 5829)
6(12382 12503 12504 12505 12506 12383)
6(5831 5956 5955 5954 5953 5830)
6(12383 12506 12507 12508 12509 12384)
6(5832 5959 5958 5957 5956 5831)
6(12384 12509 12510 12511 12512 12385)
7(5833 5963 5962 5961 5960 5959 5832)
7(12385 12512 12513 12514 12515 12516 12386)
6(5834 5966 5965 5964 5963 5833)
6(12386 12516 12517 12518 12519 12387)
6(5835 5969 5968 5967 5966 5834)
6(12387 12519 12520 12521 12522 12388)
6(5836 5972 5971 5970 5969 5835)
6(12388 12522 12523 12524 12525 12389)
6(5837 5975 5974 5973 5972 5836)
6(12389 12525 12526 12527 12528 12390)
7(5838 5979 5978 5977 5976 5975 5837)
7(12390 12528 12529 12530 12531 12532 12391)
6(5839 5982 5981 5980 5979 5838)
6(12391 12532 12533 12534 12535 12392)
6(5840 5985 5984 5983 5982 5839)
6(12392 12535 12536 12537 12538 12393)
6(5841 5988 5987 5986 5985 5840)
6(12393 12538 12539 12540 12541 12394)
6(5842 5991 5990 5989 5988 5841)
6(12394 12541 12542 12543 12544 12395)
7(5843 5995 5994 5993 5992 5991 5842)
7(12395 12544 12545 12546 12547 12548 12396)
6(5844 5998 5997 5996 5995 5843)
6(12396 12548 12549 12550 12551 12397)
6(5845 6001 6000 5999 5998 5844)
6(12397 12551 12552 12553 12554 12398)
6(5846 6004 6003 6002 6001 5845)
6(12398 12554 12555 12556 12557 12399)
6(5847 6007 6006 6005 6004 5846)
6(12399 12557 12558 12559 12560 12400)
7(5848 6011 6010 6009 6008 6007 5847)
7(12400 12560 12561 12562 12563 12564 12401)
6(5849 6014 6013 6012 6011 5848)
6(12401 12564 12565 12566 12567 12402)
6(5850 6017 6016 6015 6014 5849)
6(12402 12567 12568 12569 12570 12403)
6(5851 6020 6019 6018 6017 5850)
6(12403 12570 12571 12572 12573 12404)
6(5852 6023 6022 6021 6020 5851)
6(12404 12573 12574 12575 12576 12405)
7(5853 6027 6026 6025 6024 6023 5852)
7(12405 12576 12577 12578 12579 12580 12406)
6(5854 6030 6029 6028 6027 5853)
6(12406 12580 12581 12582 12583 12407)
6(5855 6033 6032 6031 6030 5854)
6(12407 12583 12584 12585 12586 12408)
6(5856 6036 6035 6034 6033 5855)
6(12408 12586 12587 12588 12589 12409)
6(5857 6039 6038 6037 6036 5856)
6(12409 12589 12590 12591 12592 12410)
7(5858 6043 6042 6041 6040 6039 5857)
7(12410 12592 12593 12594 12595 12596 12411)
6(5859 6046 6045 6044 6043 5858)
6(12411 12596 12597 12598 12599 12412)
6(5860 6049 6048 6047 6046 5859)
6(12412 12599 12600 12601 12602 12413)
6(5861 6052 6051 6050 6049 5860)
6(12413 12602 12603 12604 12605 12414)
6(5862 6055 6054 6053 6052 5861)
6(12414 12605 12606 12607 12608 12415)
7(5863 6059 6058 6057 6056 6055 5862)
7(12415 12608 12609 12610 12611 12612 12416)
6(5864 6062 6061 6060 6059 5863)
6(12416 12612 12613 12614 12615 12417)
6(5865 6065 6064 6063 6062 5864)
6(12417 12615 12616 12617 12618 12418)
8(5866 5875 5891 6068 6067 6066 6065 5865)
8(12418 12618 12619 12620 12621 12444 12428 12419)
8(5156 5157 5165 5172 5191 5190 5189 5188)
8(11741 11742 11743 11744 11725 11718 11710 11709)
5(5124 5125 5147 5157 5156)
5(11709 11710 11700 11678 11677)
5(5097 5098 5104 5125 5124)
5(11677 11678 11657 11651 11650)
6(5065 5066 5070 5077 5098 5097)
6(11650 11651 11630 11623 11619 11618)
5(5038 5039 5053 5066 5065)
5(11618 11619 11606 11592 11591)
6(5016 5017 5022 5029 5039 5038)
6(11591 11592 11582 11575 11570 11569)
5(4987 4988 4999 5017 5016)
5(11569 11570 11552 11541 11540)
5(4957 4958 4962 4988 4987)
5(11540 11541 11515 11511 11510)
6(4935 4936 4940 4947 4958 4957)
6(11510 11511 11500 11493 11489 11488)
5(4907 4908 4915 4936 4935)
5(11488 11489 11468 11461 11460)
6(4877 4878 4883 4898 4908 4907)
6(11460 11461 11451 11436 11431 11430)
5(4855 4856 4868 4878 4877)
5(11430 11431 11421 11409 11408)
5(4825 4826 4830 4856 4855)
5(11408 11409 11383 11379 11378)
6(4795 4796 4800 4815 4826 4825)
6(11378 11379 11368 11353 11349 11348)
5(4775 4776 4783 4796 4795)
5(11348 11349 11336 11329 11328)
6(4745 4746 4751 4758 4776 4775)
6(11328 11329 11311 11304 11299 11298)
5(4716 4717 4736 4746 4745)
5(11298 11299 11289 11270 11269)
5(4694 4695 4699 4717 4716)
5(11269 11270 11252 11248 11247)
6(4664 4665 4669 4676 4695 4694)
6(11247 11248 11229 11222 11218 11217)
7(4635 4636 4637 4638 4652 4665 4664)
7(11217 11218 11205 11191 11190 11189 11188)
8(3982 3875 3876 3877 3878 3887 3918 3983)
8(10536 10471 10440 10431 10430 10429 10428 10535)
5(3981 3873 3874 3875 3982)
5(10535 10428 10427 10426 10534)
5(3980 3871 3872 3873 3981)
5(10534 10426 10425 10424 10533)
6(3979 3868 3869 3870 3871 3980)
6(10533 10424 10423 10422 10421 10532)
5(3978 3866 3867 3868 3979)
5(10532 10421 10420 10419 10531)
6(3977 3863 3864 3865 3866 3978)
6(10531 10419 10418 10417 10416 10530)
5(3976 3861 3862 3863 3977)
5(10530 10416 10415 10414 10529)
5(3975 3859 3860 3861 3976)
5(10529 10414 10413 10412 10528)
6(3974 3856 3857 3858 3859 3975)
6(10528 10412 10411 10410 10409 10527)
5(3973 3854 3855 3856 3974)
5(10527 10409 10408 10407 10526)
6(3972 3851 3852 3853 3854 3973)
6(10526 10407 10406 10405 10404 10525)
5(3971 3849 3850 3851 3972)
5(10525 10404 10403 10402 10524)
5(3970 3847 3848 3849 3971)
5(10524 10402 10401 10400 10523)
6(3969 3844 3845 3846 3847 3970)
6(10523 10400 10399 10398 10397 10522)
5(3968 3842 3843 3844 3969)
5(10522 10397 10396 10395 10521)
6(3967 3839 3840 3841 3842 3968)
6(10521 10395 10394 10393 10392 10520)
5(3966 3837 3838 3839 3967)
5(10520 10392 10391 10390 10519)
5(3965 3835 3836 3837 3966)
5(10519 10390 10389 10388 10518)
6(3964 3832 3833 3834 3835 3965)
6(10518 10388 10387 10386 10385 10517)
5(3963 3830 3831 3832 3964)
5(10517 10385 10384 10383 10516)
6(3962 3827 3828 3829 3830 3963)
6(10516 10383 10382 10381 10380 10515)
5(3961 3825 3826 3827 3962)
5(10515 10380 10379 10378 10514)
5(3960 3823 3824 3825 3961)
5(10514 10378 10377 10376 10513)
6(3959 3820 3821 3822 3823 3960)
6(10513 10376 10375 10374 10373 10512)
5(3958 3818 3819 3820 3959)
5(10512 10373 10372 10371 10511)
6(3957 3815 3816 3817 3818 3958)
6(10511 10371 10370 10369 10368 10510)
5(3956 3813 3814 3815 3957)
5(10510 10368 10367 10366 10509)
5(3955 3811 3812 3813 3956)
5(10509 10366 10365 10364 10508)
6(3954 3808 3809 3810 3811 3955)
6(10508 10364 10363 10362 10361 10507)
5(3953 3806 3807 3808 3954)
5(10507 10361 10360 10359 10506)
6(3952 3803 3804 3805 3806 3953)
6(10506 10359 10358 10357 10356 10505)
5(3951 3801 3802 3803 3952)
5(10505 10356 10355 10354 10504)
5(3950 3799 3800 3801 3951)
5(10504 10354 10353 10352 10503)
6(3949 3796 3797 3798 3799 3950)
6(10503 10352 10351 10350 10349 10502)
5(3948 3794 3795 3796 3949)
5(10502 10349 10348 10347 10501)
6(3947 3791 3792 3793 3794 3948)
6(10501 10347 10346 10345 10344 10500)
5(3946 3789 3790 3791 3947)
5(10500 10344 10343 10342 10499)
5(3945 3787 3788 3789 3946)
5(10499 10342 10341 10340 10498)
6(3944 3784 3785 3786 3787 3945)
6(10498 10340 10339 10338 10337 10497)
5(3943 3782 3783 3784 3944)
5(10497 10337 10336 10335 10496)
6(3942 3779 3780 3781 3782 3943)
6(10496 10335 10334 10333 10332 10495)
5(3941 3777 3778 3779 3942)
5(10495 10332 10331 10330 10494)
5(3940 3775 3776 3777 3941)
5(10494 10330 10329 10328 10493)
6(3939 3772 3773 3774 3775 3940)
6(10493 10328 10327 10326 10325 10492)
5(3938 3770 3771 3772 3939)
5(10492 10325 10324 10323 10491)
6(3937 3767 3768 3769 3770 3938)
6(10491 10323 10322 10321 10320 10490)
5(3936 3765 3766 3767 3937)
5(10490 10320 10319 10318 10489)
5(3935 3763 3764 3765 3936)
5(10489 10318 10317 10316 10488)
6(3934 3760 3761 3762 3763 3935)
6(10488 10316 10315 10314 10313 10487)
5(3933 3758 3759 3760 3934)
5(10487 10313 10312 10311 10486)
8(3932 3917 3886 3755 3756 3757 3758 3933)
8(10486 10311 10310 10309 10308 10439 10470 10485)
8(3527 3528 3532 3538 3558 3557 3556 3555)
8(10108 10109 10110 10111 10091 10085 10081 10080)
5(3481 3482 3496 3528 3527)
5(10080 10081 10049 10035 10034)
6(3461 3462 3467 3473 3482 3481)
6(10034 10035 10026 10020 10015 10014)
5(3413 3414 3445 3462 3461)
5(10014 10015 9998 9967 9966)
5(3384 3385 3389 3414 3413)
5(9966 9967 9942 9938 9937)
6(3364 3365 3369 3375 3385 3384)
6(9937 9938 9928 9922 9918 9917)
5(3337 3338 3345 3365 3364)
5(9917 9918 9898 9891 9890)
6(3309 3310 3315 3329 3338 3337)
6(9890 9891 9882 9868 9863 9862)
5(3277 3278 3301 3310 3309)
5(9862 9863 9854 9831 9830)
5(3248 3249 3253 3278 3277)
5(9830 9831 9806 9802 9801)
6(3220 3221 3225 3239 3249 3248)
6(9801 9802 9792 9778 9774 9773)
5(3201 3202 3209 3221 3220)
5(9773 9774 9762 9755 9754)
6(3173 3174 3179 3185 3202 3201)
6(9754 9755 9738 9732 9727 9726)
5(3125 3126 3165 3174 3173)
5(9726 9727 9718 9679 9678)
5(3104 3105 3109 3126 3125)
5(9678 9679 9662 9658 9657)
6(3076 3077 3081 3087 3105 3104)
6(9657 9658 9640 9634 9630 9629)
5(3030 3031 3045 3077 3076)
5(9629 9630 9598 9584 9583)
8(3008 3009 3010 3011 3016 3022 3031 3030)
8(9583 9584 9575 9569 9564 9563 9562 9561)
8(2570 2677 2676 2675 2674 2671 2637 2569)
8(9122 9190 9224 9227 9228 9229 9230 9123)
5(2571 2679 2678 2677 2570)
5(9123 9230 9231 9232 9124)
6(2572 2682 2681 2680 2679 2571)
6(9124 9232 9233 9234 9235 9125)
5(2573 2684 2683 2682 2572)
5(9125 9235 9236 9237 9126)
5(2574 2686 2685 2684 2573)
5(9126 9237 9238 9239 9127)
6(2575 2689 2688 2687 2686 2574)
6(9127 9239 9240 9241 9242 9128)
5(2576 2691 2690 2689 2575)
5(9128 9242 9243 9244 9129)
6(2577 2694 2693 2692 2691 2576)
6(9129 9244 9245 9246 9247 9130)
5(2578 2696 2695 2694 2577)
5(9130 9247 9248 9249 9131)
5(2579 2698 2697 2696 2578)
5(9131 9249 9250 9251 9132)
6(2580 2701 2700 2699 2698 2579)
6(9132 9251 9252 9253 9254 9133)
5(2581 2703 2702 2701 2580)
5(9133 9254 9255 9256 9134)
6(2582 2706 2705 2704 2703 2581)
6(9134 9256 9257 9258 9259 9135)
5(2583 2708 2707 2706 2582)
5(9135 9259 9260 9261 9136)
5(2584 2710 2709 2708 2583)
5(9136 9261 9262 9263 9137)
6(2585 2713 2712 2711 2710 2584)
6(9137 9263 9264 9265 9266 9138)
5(2586 2715 2714 2713 2585)
5(9138 9266 9267 9268 9139)
6(2587 2718 2717 2716 2715 2586)
6(9139 9268 9269 9270 9271 9140)
5(2588 2720 2719 2718 2587)
5(9140 9271 9272 9273 9141)
5(2589 2722 2721 2720 2588)
5(9141 9273 9274 9275 9142)
6(2590 2725 2724 2723 2722 2589)
6(9142 9275 9276 9277 9278 9143)
5(2591 2727 2726 2725 2590)
5(9143 9278 9279 9280 9144)
6(2592 2730 2729 2728 2727 2591)
6(9144 9280 9281 9282 9283 9145)
5(2593 2732 2731 2730 2592)
5(9145 9283 9284 9285 9146)
5(2594 2734 2733 2732 2593)
5(9146 9285 9286 9287 9147)
6(2595 2737 2736 2735 2734 2594)
6(9147 9287 9288 9289 9290 9148)
5(2596 2739 2738 2737 2595)
5(9148 9290 9291 9292 9149)
6(2597 2742 2741 2740 2739 2596)
6(9149 9292 9293 9294 9295 9150)
5(2598 2744 2743 2742 2597)
5(9150 9295 9296 9297 9151)
5(2599 2746 2745 2744 2598)
5(9151 9297 9298 9299 9152)
6(2600 2749 2748 2747 2746 2599)
6(9152 9299 9300 9301 9302 9153)
5(2601 2751 2750 2749 2600)
5(9153 9302 9303 9304 9154)
6(2602 2754 2753 2752 2751 2601)
6(9154 9304 9305 9306 9307 9155)
5(2603 2756 2755 2754 2602)
5(9155 9307 9308 9309 9156)
5(2604 2758 2757 2756 2603)
5(9156 9309 9310 9311 9157)
6(2605 2761 2760 2759 2758 2604)
6(9157 9311 9312 9313 9314 9158)
5(2606 2763 2762 2761 2605)
5(9158 9314 9315 9316 9159)
6(2607 2766 2765 2764 2763 2606)
6(9159 9316 9317 9318 9319 9160)
5(2608 2768 2767 2766 2607)
5(9160 9319 9320 9321 9161)
5(2609 2770 2769 2768 2608)
5(9161 9321 9322 9323 9162)
6(2610 2773 2772 2771 2770 2609)
6(9162 9323 9324 9325 9326 9163)
5(2611 2775 2774 2773 2610)
5(9163 9326 9327 9328 9164)
6(2612 2778 2777 2776 2775 2611)
6(9164 9328 9329 9330 9331 9165)
5(2613 2780 2779 2778 2612)
5(9165 9331 9332 9333 9166)
5(2614 2782 2781 2780 2613)
5(9166 9333 9334 9335 9167)
6(2615 2785 2784 2783 2782 2614)
6(9167 9335 9336 9337 9338 9168)
5(2616 2787 2786 2785 2615)
5(9168 9338 9339 9340 9169)
6(2617 2790 2789 2788 2787 2616)
6(9169 9340 9341 9342 9343 9170)
5(2618 2792 2791 2790 2617)
5(9170 9343 9344 9345 9171)
5(2619 2794 2793 2792 2618)
5(9171 9345 9346 9347 9172)
8(2620 2638 2672 2797 2796 2795 2794 2619)
8(9172 9347 9348 9349 9350 9225 9191 9173)
7(1893 1894 1908 1923 1922 1921 1920)
7(8473 8474 8475 8476 8461 8447 8446)
6(1871 1872 1877 1884 1894 1893)
6(8446 8447 8437 8430 8425 8424)
5(1842 1843 1854 1872 1871)
5(8424 8425 8407 8396 8395)
5(1812 1813 1817 1843 1842)
5(8395 8396 8370 8366 8365)
6(1790 1791 1795 1802 1813 1812)
6(8365 8366 8355 8348 8344 8343)
5(1762 1763 1770 1791 1790)
5(8343 8344 8323 8316 8315)
6(1732 1733 1738 1753 1763 1762)
6(8315 8316 8306 8291 8286 8285)
5(1710 1711 1723 1733 1732)
5(8285 8286 8276 8264 8263)
5(1680 1681 1685 1711 1710)
5(8263 8264 8238 8234 8233)
6(1650 1651 1655 1670 1681 1680)
6(8233 8234 8223 8208 8204 8203)
5(1630 1631 1638 1651 1650)
5(8203 8204 8191 8184 8183)
6(1600 1601 1606 1613 1631 1630)
6(8183 8184 8166 8159 8154 8153)
5(1571 1572 1591 1601 1600)
5(8153 8154 8144 8125 8124)
5(1549 1550 1554 1572 1571)
5(8124 8125 8107 8103 8102)
6(1519 1520 1524 1531 1550 1549)
6(8102 8103 8084 8077 8073 8072)
5(1492 1493 1507 1520 1519)
5(8072 8073 8060 8046 8045)
6(1470 1471 1476 1483 1493 1492)
6(8045 8046 8036 8029 8024 8023)
5(1436 1437 1451 1471 1470)
5(8023 8024 8004 7990 7989)
5(1401 1402 1408 1437 1436)
5(7989 7990 7961 7955 7954)
8(1374 1375 1376 1377 1381 1391 1402 1401)
8(7954 7955 7944 7934 7930 7929 7928 7927)
8(737 647 648 649 650 662 678 738)
8(7291 7231 7215 7203 7202 7201 7200 7290)
6(736 644 645 646 647 737)
6(7290 7200 7199 7198 7197 7289)
6(735 641 642 643 644 736)
6(7289 7197 7196 7195 7194 7288)
7(734 637 638 639 640 641 735)
7(7288 7194 7193 7192 7191 7190 7287)
6(733 634 635 636 637 734)
6(7287 7190 7189 7188 7187 7286)
6(732 631 632 633 634 733)
6(7286 7187 7186 7185 7184 7285)
6(731 628 629 630 631 732)
6(7285 7184 7183 7182 7181 7284)
6(730 625 626 627 628 731)
6(7284 7181 7180 7179 7178 7283)
7(729 621 622 623 624 625 730)
7(7283 7178 7177 7176 7175 7174 7282)
6(728 618 619 620 621 729)
6(7282 7174 7173 7172 7171 7281)
6(727 615 616 617 618 728)
6(7281 7171 7170 7169 7168 7280)
6(726 612 613 614 615 727)
6(7280 7168 7167 7166 7165 7279)
6(725 609 610 611 612 726)
6(7279 7165 7164 7163 7162 7278)
7(724 605 606 607 608 609 725)
7(7278 7162 7161 7160 7159 7158 7277)
6(723 602 603 604 605 724)
6(7277 7158 7157 7156 7155 7276)
6(722 599 600 601 602 723)
6(7276 7155 7154 7153 7152 7275)
6(721 596 597 598 599 722)
6(7275 7152 7151 7150 7149 7274)
6(720 593 594 595 596 721)
6(7274 7149 7148 7147 7146 7273)
7(719 589 590 591 592 593 720)
7(7273 7146 7145 7144 7143 7142 7272)
6(718 586 587 588 589 719)
6(7272 7142 7141 7140 7139 7271)
6(717 583 584 585 586 718)
6(7271 7139 7138 7137 7136 7270)
6(716 580 581 582 583 717)
6(7270 7136 7135 7134 7133 7269)
6(715 577 578 579 580 716)
6(7269 7133 7132 7131 7130 7268)
7(714 573 574 575 576 577 715)
7(7268 7130 7129 7128 7127 7126 7267)
6(713 570 571 572 573 714)
6(7267 7126 7125 7124 7123 7266)
6(712 567 568 569 570 713)
6(7266 7123 7122 7121 7120 7265)
6(711 564 565 566 567 712)
6(7265 7120 7119 7118 7117 7264)
6(710 561 562 563 564 711)
6(7264 7117 7116 7115 7114 7263)
7(709 557 558 559 560 561 710)
7(7263 7114 7113 7112 7111 7110 7262)
6(708 554 555 556 557 709)
6(7262 7110 7109 7108 7107 7261)
6(707 551 552 553 554 708)
6(7261 7107 7106 7105 7104 7260)
6(706 548 549 550 551 707)
6(7260 7104 7103 7102 7101 7259)
6(705 545 546 547 548 706)
6(7259 7101 7100 7099 7098 7258)
7(704 541 542 543 544 545 705)
7(7258 7098 7097 7096 7095 7094 7257)
6(703 538 539 540 541 704)
6(7257 7094 7093 7092 7091 7256)
6(702 535 536 537 538 703)
6(7256 7091 7090 7089 7088 7255)
6(701 532 533 534 535 702)
6(7255 7088 7087 7086 7085 7254)
6(700 529 530 531 532 701)
6(7254 7085 7084 7083 7082 7253)
7(699 525 526 527 528 529 700)
7(7253 7082 7081 7080 7079 7078 7252)
6(698 522 523 524 525 699)
6(7252 7078 7077 7076 7075 7251)
6(697 519 520 521 522 698)
6(7251 7075 7074 7073 7072 7250)
6(696 516 517 518 519 697)
6(7250 7072 7071 7070 7069 7249)
6(695 513 514 515 516 696)
6(7249 7069 7068 7067 7066 7248)
7(694 509 510 511 512 513 695)
7(7248 7066 7065 7064 7063 7062 7247)
6(693 506 507 508 509 694)
6(7247 7062 7061 7060 7059 7246)
6(692 503 504 505 506 693)
6(7246 7059 7058 7057 7056 7245)
6(691 500 501 502 503 692)
6(7245 7056 7055 7054 7053 7244)
6(690 497 498 499 500 691)
6(7244 7053 7052 7051 7050 7243)
7(689 493 494 495 496 497 690)
7(7243 7050 7049 7048 7047 7046 7242)
6(688 490 491 492 493 689)
6(7242 7046 7045 7044 7043 7241)
6(687 487 488 489 490 688)
6(7241 7043 7042 7041 7040 7240)
8(686 677 661 484 485 486 487 687)
8(7240 7040 7039 7038 7037 7214 7230 7239)
7(1252 1251 1245 1230 1156 1084 1159)
7(7712 7637 7709 7783 7798 7804 7805)
4(1285 1284 1251 1252)
4(7805 7804 7837 7838)
4(1328 1327 1284 1285)
4(7838 7837 7880 7881)
4(1367 1366 1327 1328)
4(7881 7880 7919 7920)
4(1418 1417 1366 1367)
4(7920 7919 7970 7971)
4(1463 1462 1417 1418)
4(7971 7970 8015 8016)
4(1506 1505 1462 1463)
4(8016 8015 8058 8059)
4(1542 1541 1505 1506)
4(8059 8058 8094 8095)
4(1587 1586 1541 1542)
4(8095 8094 8139 8140)
4(1623 1622 1586 1587)
4(8140 8139 8175 8176)
4(1665 1664 1622 1623)
4(8176 8175 8217 8218)
4(1703 1702 1664 1665)
4(8218 8217 8255 8256)
4(1749 1748 1702 1703)
4(8256 8255 8301 8302)
4(1783 1782 1748 1749)
4(8302 8301 8335 8336)
4(1827 1826 1782 1783)
4(8336 8335 8379 8380)
4(1864 1863 1826 1827)
4(8380 8379 8416 8417)
4(1907 1906 1863 1864)
4(8417 8416 8459 8460)
4(1949 1948 1906 1907)
4(8460 8459 8501 8502)
4(2001 2000 1948 1949)
4(8502 8501 8553 8554)
4(2036 2035 2000 2001)
4(8554 8553 8588 8589)
4(2071 2070 2035 2036)
4(8589 8588 8623 8624)
4(2302 2301 2070 2071)
4(8624 8623 8854 8855)
4(2488 2487 2301 2302)
4(8855 8854 9040 9041)
4(2657 2656 2487 2488)
4(9041 9040 9209 9210)
4(2914 2913 2656 2657)
4(9210 9209 9466 9467)
4(3001 3000 2913 2914)
4(9467 9466 9553 9554)
4(3044 3043 3000 3001)
4(9554 9553 9596 9597)
4(3097 3096 3043 3044)
4(9597 9596 9649 9650)
4(3161 3160 3096 3097)
4(9650 9649 9713 9714)
4(3194 3193 3160 3161)
4(9714 9713 9746 9747)
4(3234 3233 3193 3194)
4(9747 9746 9786 9787)
4(3270 3269 3233 3234)
4(9787 9786 9822 9823)
4(3325 3324 3269 3270)
4(9823 9822 9877 9878)
4(3357 3356 3324 3325)
4(9878 9877 9909 9910)
4(3398 3397 3356 3357)
4(9910 9909 9950 9951)
4(3454 3453 3397 3398)
4(9951 9950 10006 10007)
4(3495 3494 3453 3454)
4(10007 10006 10047 10048)
4(3548 3547 3494 3495)
4(10048 10047 10100 10101)
4(3645 3644 3547 3548)
4(10101 10100 10197 10198)
4(3896 3895 3644 3645)
4(10198 10197 10448 10449)
4(4071 4070 3895 3896)
4(10449 10448 10623 10624)
4(4245 4244 4070 4071)
4(10624 10623 10797 10798)
4(4488 4487 4244 4245)
4(10798 10797 11040 11041)
4(4519 4518 4487 4488)
4(11041 11040 11071 11072)
4(4558 4557 4518 4519)
4(11072 11071 11110 11111)
4(4601 4600 4557 4558)
4(11111 11110 11153 11154)
4(4651 4650 4600 4601)
4(11154 11153 11203 11204)
4(4687 4686 4650 4651)
4(11204 11203 11239 11240)
4(4732 4731 4686 4687)
4(11240 11239 11284 11285)
4(4768 4767 4731 4732)
4(11285 11284 11320 11321)
4(4810 4809 4767 4768)
4(11321 11320 11362 11363)
4(4848 4847 4809 4810)
4(11363 11362 11400 11401)
4(4894 4893 4847 4848)
4(11401 11400 11446 11447)
4(4928 4927 4893 4894)
4(11447 11446 11480 11481)
4(4972 4971 4927 4928)
4(11481 11480 11524 11525)
4(5009 5008 4971 4972)
4(11525 11524 11561 11562)
4(5052 5051 5008 5009)
4(11562 11561 11604 11605)
4(5090 5089 5051 5052)
4(11605 11604 11642 11643)
4(5141 5140 5089 5090)
4(11643 11642 11693 11694)
4(5181 5180 5140 5141)
4(11694 11693 11733 11734)
4(5228 5227 5180 5181)
4(11734 11733 11780 11781)
4(5264 5263 5227 5228)
4(11781 11780 11816 11817)
4(5303 5302 5263 5264)
4(11817 11816 11855 11856)
7(5329 5398 5395 5321 5307 5302 5303)
7(11856 11855 11860 11874 11948 11951 11882)
7(5330 5402 5401 5400 5399 5398 5329)
7(11882 11951 11952 11953 11954 11955 11883)
4(5331 5403 5402 5330)
4(11883 11955 11956 11884)
4(5332 5404 5403 5331)
4(11884 11956 11957 11885)
4(5333 5405 5404 5332)
4(11885 11957 11958 11886)
4(5334 5406 5405 5333)
4(11886 11958 11959 11887)
4(5335 5407 5406 5334)
4(11887 11959 11960 11888)
4(5336 5408 5407 5335)
4(11888 11960 11961 11889)
4(5337 5409 5408 5336)
4(11889 11961 11962 11890)
4(5338 5410 5409 5337)
4(11890 11962 11963 11891)
4(5339 5411 5410 5338)
4(11891 11963 11964 11892)
4(5340 5412 5411 5339)
4(11892 11964 11965 11893)
4(5341 5413 5412 5340)
4(11893 11965 11966 11894)
4(5342 5414 5413 5341)
4(11894 11966 11967 11895)
4(5343 5415 5414 5342)
4(11895 11967 11968 11896)
4(5344 5416 5415 5343)
4(11896 11968 11969 11897)
4(5345 5417 5416 5344)
4(11897 11969 11970 11898)
4(5346 5418 5417 5345)
4(11898 11970 11971 11899)
4(5347 5419 5418 5346)
4(11899 11971 11972 11900)
4(5348 5420 5419 5347)
4(11900 11972 11973 11901)
4(5349 5421 5420 5348)
4(11901 11973 11974 11902)
4(5350 5422 5421 5349)
4(11902 11974 11975 11903)
4(5351 5423 5422 5350)
4(11903 11975 11976 11904)
4(5352 5424 5423 5351)
4(11904 11976 11977 11905)
4(5353 5425 5424 5352)
4(11905 11977 11978 11906)
4(5354 5426 5425 5353)
4(11906 11978 11979 11907)
4(5355 5427 5426 5354)
4(11907 11979 11980 11908)
4(5356 5428 5427 5355)
4(11908 11980 11981 11909)
4(5357 5429 5428 5356)
4(11909 11981 11982 11910)
4(5358 5430 5429 5357)
4(11910 11982 11983 11911)
4(5359 5431 5430 5358)
4(11911 11983 11984 11912)
4(5360 5432 5431 5359)
4(11912 11984 11985 11913)
4(5361 5433 5432 5360)
4(11913 11985 11986 11914)
4(5362 5434 5433 5361)
4(11914 11986 11987 11915)
4(5363 5435 5434 5362)
4(11915 11987 11988 11916)
4(5364 5436 5435 5363)
4(11916 11988 11989 11917)
4(5365 5437 5436 5364)
4(11917 11989 11990 11918)
4(5366 5438 5437 5365)
4(11918 11990 11991 11919)
4(5367 5439 5438 5366)
4(11919 11991 11992 11920)
4(5368 5440 5439 5367)
4(11920 11992 11993 11921)
4(5369 5441 5440 5368)
4(11921 11993 11994 11922)
4(5370 5442 5441 5369)
4(11922 11994 11995 11923)
4(5371 5443 5442 5370)
4(11923 11995 11996 11924)
4(5372 5444 5443 5371)
4(11924 11996 11997 11925)
4(5373 5445 5444 5372)
4(11925 11997 11998 11926)
4(5374 5446 5445 5373)
4(11926 11998 11999 11927)
4(5375 5447 5446 5374)
4(11927 11999 12000 11928)
4(5376 5448 5447 5375)
4(11928 12000 12001 11929)
4(5377 5449 5448 5376)
4(11929 12001 12002 11930)
4(5378 5450 5449 5377)
4(11930 12002 12003 11931)
4(5379 5451 5450 5378)
4(11931 12003 12004 11932)
4(5380 5452 5451 5379)
4(11932 12004 12005 11933)
4(5381 5453 5452 5380)
4(11933 12005 12006 11934)
4(5382 5454 5453 5381)
4(11934 12006 12007 11935)
4(5383 5455 5454 5382)
4(11935 12007 12008 11936)
4(5384 5456 5455 5383)
4(11936 12008 12009 11937)
4(5385 5457 5456 5384)
4(11937 12009 12010 11938)
4(5386 5458 5457 5385)
4(11938 12010 12011 11939)
4(5387 5459 5458 5386)
4(11939 12011 12012 11940)
4(5388 5460 5459 5387)
4(11940 12012 12013 11941)
4(5389 5461 5460 5388)
4(11941 12013 12014 11942)
4(5390 5462 5461 5389)
4(11942 12014 12015 11943)
4(5391 5463 5462 5390)
4(11943 12015 12016 11944)
4(5392 5464 5463 5391)
4(11944 12016 12017 11945)
7(5393 5468 5467 5466 5465 5464 5392)
7(11945 12017 12018 12019 12020 12021 11946)
6(5311 5312 5322 5396 5468 5393)
6(11946 12021 11949 11875 11865 11864)
4(5286 5287 5312 5311)
4(11864 11865 11840 11839)
4(5265 5266 5287 5286)
4(11839 11840 11819 11818)
4(5240 5241 5266 5265)
4(11818 11819 11794 11793)
4(5209 5210 5241 5240)
4(11793 11794 11763 11762)
4(5182 5183 5210 5209)
4(11762 11763 11736 11735)
4(5150 5151 5183 5182)
4(11735 11736 11704 11703)
4(5118 5119 5151 5150)
4(11703 11704 11672 11671)
4(5091 5092 5119 5118)
4(11671 11672 11645 11644)
4(5059 5060 5092 5091)
4(11644 11645 11613 11612)
4(5032 5033 5060 5059)
4(11612 11613 11586 11585)
4(5010 5011 5033 5032)
4(11585 11586 11564 11563)
4(4981 4982 5011 5010)
4(11563 11564 11535 11534)
4(4951 4952 4982 4981)
4(11534 11535 11505 11504)
4(4929 4930 4952 4951)
4(11504 11505 11483 11482)
4(4901 4902 4930 4929)
4(11482 11483 11455 11454)
4(4871 4872 4902 4901)
4(11454 11455 11425 11424)
4(4849 4850 4872 4871)
4(11424 11425 11403 11402)
4(4819 4820 4850 4849)
4(11402 11403 11373 11372)
4(4789 4790 4820 4819)
4(11372 11373 11343 11342)
4(4769 4770 4790 4789)
4(11342 11343 11323 11322)
4(4739 4740 4770 4769)
4(11322 11323 11293 11292)
4(4710 4711 4740 4739)
4(11292 11293 11264 11263)
4(4688 4689 4711 4710)
4(11263 11264 11242 11241)
4(4658 4659 4689 4688)
4(11241 11242 11212 11211)
4(4629 4630 4659 4658)
4(11211 11212 11183 11182)
4(4602 4603 4630 4629)
4(11182 11183 11156 11155)
4(4568 4569 4603 4602)
4(11155 11156 11122 11121)
4(4539 4540 4569 4568)
4(11121 11122 11093 11092)
4(4520 4521 4540 4539)
4(11092 11093 11074 11073)
4(4496 4497 4521 4520)
4(11073 11074 11050 11049)
7(4470 4396 4403 4475 4492 4497 4496)
7(11049 11050 11045 11028 10956 10949 11023)
6(4469 4393 4394 4395 4396 4470)
6(11023 10949 10948 10947 10946 11022)
4(4468 4392 4393 4469)
4(11022 10946 10945 11021)
4(4467 4391 4392 4468)
4(11021 10945 10944 11020)
4(4466 4390 4391 4467)
4(11020 10944 10943 11019)
4(4465 4389 4390 4466)
4(11019 10943 10942 11018)
4(4464 4388 4389 4465)
4(11018 10942 10941 11017)
4(4463 4387 4388 4464)
4(11017 10941 10940 11016)
4(4462 4386 4387 4463)
4(11016 10940 10939 11015)
4(4461 4385 4386 4462)
4(11015 10939 10938 11014)
4(4460 4384 4385 4461)
4(11014 10938 10937 11013)
4(4459 4383 4384 4460)
4(11013 10937 10936 11012)
4(4458 4382 4383 4459)
4(11012 10936 10935 11011)
4(4457 4381 4382 4458)
4(11011 10935 10934 11010)
4(4456 4380 4381 4457)
4(11010 10934 10933 11009)
4(4455 4379 4380 4456)
4(11009 10933 10932 11008)
4(4454 4378 4379 4455)
4(11008 10932 10931 11007)
4(4453 4377 4378 4454)
4(11007 10931 10930 11006)
4(4452 4376 4377 4453)
4(11006 10930 10929 11005)
4(4451 4375 4376 4452)
4(11005 10929 10928 11004)
4(4450 4374 4375 4451)
4(11004 10928 10927 11003)
4(4449 4373 4374 4450)
4(11003 10927 10926 11002)
4(4448 4372 4373 4449)
4(11002 10926 10925 11001)
4(4447 4371 4372 4448)
4(11001 10925 10924 11000)
4(4446 4370 4371 4447)
4(11000 10924 10923 10999)
4(4445 4369 4370 4446)
4(10999 10923 10922 10998)
4(4444 4368 4369 4445)
4(10998 10922 10921 10997)
4(4443 4367 4368 4444)
4(10997 10921 10920 10996)
4(4442 4366 4367 4443)
4(10996 10920 10919 10995)
4(4441 4365 4366 4442)
4(10995 10919 10918 10994)
4(4440 4364 4365 4441)
4(10994 10918 10917 10993)
4(4439 4363 4364 4440)
4(10993 10917 10916 10992)
4(4438 4362 4363 4439)
4(10992 10916 10915 10991)
4(4437 4361 4362 4438)
4(10991 10915 10914 10990)
4(4436 4360 4361 4437)
4(10990 10914 10913 10989)
4(4435 4359 4360 4436)
4(10989 10913 10912 10988)
4(4434 4358 4359 4435)
4(10988 10912 10911 10987)
4(4433 4357 4358 4434)
4(10987 10911 10910 10986)
4(4432 4356 4357 4433)
4(10986 10910 10909 10985)
4(4431 4355 4356 4432)
4(10985 10909 10908 10984)
4(4430 4354 4355 4431)
4(10984 10908 10907 10983)
4(4429 4353 4354 4430)
4(10983 10907 10906 10982)
4(4428 4352 4353 4429)
4(10982 10906 10905 10981)
4(4427 4351 4352 4428)
4(10981 10905 10904 10980)
4(4426 4350 4351 4427)
4(10980 10904 10903 10979)
4(4425 4349 4350 4426)
4(10979 10903 10902 10978)
4(4424 4348 4349 4425)
4(10978 10902 10901 10977)
4(4423 4347 4348 4424)
4(10977 10901 10900 10976)
4(4422 4346 4347 4423)
4(10976 10900 10899 10975)
4(4421 4345 4346 4422)
4(10975 10899 10898 10974)
4(4420 4344 4345 4421)
4(10974 10898 10897 10973)
4(4419 4343 4344 4420)
4(10973 10897 10896 10972)
4(4418 4342 4343 4419)
4(10972 10896 10895 10971)
4(4417 4341 4342 4418)
4(10971 10895 10894 10970)
4(4416 4340 4341 4417)
4(10970 10894 10893 10969)
4(4415 4339 4340 4416)
4(10969 10893 10892 10968)
4(4414 4338 4339 4415)
4(10968 10892 10891 10967)
4(4413 4337 4338 4414)
4(10967 10891 10890 10966)
4(4412 4336 4337 4413)
4(10966 10890 10889 10965)
4(4411 4335 4336 4412)
4(10965 10889 10888 10964)
4(4410 4334 4335 4411)
4(10964 10888 10887 10963)
4(4409 4333 4334 4410)
4(10963 10887 10886 10962)
4(4408 4332 4333 4409)
4(10962 10886 10885 10961)
6(4407 4402 4330 4331 4332 4408)
6(10961 10885 10884 10883 10955 10960)
6(4093 4094 4160 4248 4247 4246)
6(10799 10800 10801 10713 10647 10646)
4(3986 3987 4094 4093)
4(10646 10647 10540 10539)
4(3897 3898 3987 3986)
4(10539 10540 10451 10450)
4(3652 3653 3898 3897)
4(10450 10451 10206 10205)
4(3575 3576 3653 3652)
4(10205 10206 10129 10128)
4(3549 3550 3576 3575)
4(10128 10129 10103 10102)
4(3521 3522 3550 3549)
4(10102 10103 10075 10074)
4(3475 3476 3522 3521)
4(10074 10075 10029 10028)
4(3455 3456 3476 3475)
4(10028 10029 10009 10008)
4(3407 3408 3456 3455)
4(10008 10009 9961 9960)
4(3378 3379 3408 3407)
4(9960 9961 9932 9931)
4(3358 3359 3379 3378)
4(9931 9932 9912 9911)
4(3331 3332 3359 3358)
4(9911 9912 9885 9884)
4(3303 3304 3332 3331)
4(9884 9885 9857 9856)
4(3271 3272 3304 3303)
4(9856 9857 9825 9824)
4(3242 3243 3272 3271)
4(9824 9825 9796 9795)
4(3214 3215 3243 3242)
4(9795 9796 9768 9767)
4(3195 3196 3215 3214)
4(9767 9768 9749 9748)
4(3167 3168 3196 3195)
4(9748 9749 9721 9720)
4(3119 3120 3168 3167)
4(9720 9721 9673 9672)
4(3098 3099 3120 3119)
4(9672 9673 9652 9651)
4(3070 3071 3099 3098)
4(9651 9652 9624 9623)
4(3024 3025 3071 3070)
4(9623 9624 9578 9577)
4(3002 3003 3025 3024)
4(9577 9578 9556 9555)
4(2924 2925 3003 3002)
4(9555 9556 9478 9477)
4(2894 2895 2925 2924)
4(9477 9478 9448 9447)
4(2658 2659 2895 2894)
4(9447 9448 9212 9211)
4(2562 2563 2659 2658)
4(9211 9212 9116 9115)
4(2457 2458 2563 2562)
4(9115 9116 9011 9010)
6(2303 2304 2305 2387 2458 2457)
6(9010 9011 8940 8858 8857 8856)
6(2085 2158 2157 2156 2153 2084)
6(8637 8706 8709 8710 8711 8638)
4(2086 2159 2158 2085)
4(8638 8711 8712 8639)
4(2087 2160 2159 2086)
4(8639 8712 8713 8640)
4(2088 2161 2160 2087)
4(8640 8713 8714 8641)
4(2089 2162 2161 2088)
4(8641 8714 8715 8642)
4(2090 2163 2162 2089)
4(8642 8715 8716 8643)
4(2091 2164 2163 2090)
4(8643 8716 8717 8644)
4(2092 2165 2164 2091)
4(8644 8717 8718 8645)
4(2093 2166 2165 2092)
4(8645 8718 8719 8646)
4(2094 2167 2166 2093)
4(8646 8719 8720 8647)
4(2095 2168 2167 2094)
4(8647 8720 8721 8648)
4(2096 2169 2168 2095)
4(8648 8721 8722 8649)
4(2097 2170 2169 2096)
4(8649 8722 8723 8650)
4(2098 2171 2170 2097)
4(8650 8723 8724 8651)
4(2099 2172 2171 2098)
4(8651 8724 8725 8652)
4(2100 2173 2172 2099)
4(8652 8725 8726 8653)
4(2101 2174 2173 2100)
4(8653 8726 8727 8654)
4(2102 2175 2174 2101)
4(8654 8727 8728 8655)
4(2103 2176 2175 2102)
4(8655 8728 8729 8656)
4(2104 2177 2176 2103)
4(8656 8729 8730 8657)
4(2105 2178 2177 2104)
4(8657 8730 8731 8658)
4(2106 2179 2178 2105)
4(8658 8731 8732 8659)
4(2107 2180 2179 2106)
4(8659 8732 8733 8660)
4(2108 2181 2180 2107)
4(8660 8733 8734 8661)
4(2109 2182 2181 2108)
4(8661 8734 8735 8662)
4(2110 2183 2182 2109)
4(8662 8735 8736 8663)
4(2111 2184 2183 2110)
4(8663 8736 8737 8664)
4(2112 2185 2184 2111)
4(8664 8737 8738 8665)
4(2113 2186 2185 2112)
4(8665 8738 8739 8666)
4(2114 2187 2186 2113)
4(8666 8739 8740 8667)
4(2115 2188 2187 2114)
4(8667 8740 8741 8668)
4(2116 2189 2188 2115)
4(8668 8741 8742 8669)
4(2117 2190 2189 2116)
4(8669 8742 8743 8670)
4(2118 2191 2190 2117)
4(8670 8743 8744 8671)
4(2119 2192 2191 2118)
4(8671 8744 8745 8672)
4(2120 2193 2192 2119)
4(8672 8745 8746 8673)
4(2121 2194 2193 2120)
4(8673 8746 8747 8674)
4(2122 2195 2194 2121)
4(8674 8747 8748 8675)
4(2123 2196 2195 2122)
4(8675 8748 8749 8676)
4(2124 2197 2196 2123)
4(8676 8749 8750 8677)
4(2125 2198 2197 2124)
4(8677 8750 8751 8678)
4(2126 2199 2198 2125)
4(8678 8751 8752 8679)
4(2127 2200 2199 2126)
4(8679 8752 8753 8680)
4(2128 2201 2200 2127)
4(8680 8753 8754 8681)
4(2129 2202 2201 2128)
4(8681 8754 8755 8682)
4(2130 2203 2202 2129)
4(8682 8755 8756 8683)
4(2131 2204 2203 2130)
4(8683 8756 8757 8684)
4(2132 2205 2204 2131)
4(8684 8757 8758 8685)
4(2133 2206 2205 2132)
4(8685 8758 8759 8686)
4(2134 2207 2206 2133)
4(8686 8759 8760 8687)
4(2135 2208 2207 2134)
4(8687 8760 8761 8688)
4(2136 2209 2208 2135)
4(8688 8761 8762 8689)
4(2137 2210 2209 2136)
4(8689 8762 8763 8690)
4(2138 2211 2210 2137)
4(8690 8763 8764 8691)
4(2139 2212 2211 2138)
4(8691 8764 8765 8692)
4(2140 2213 2212 2139)
4(8692 8765 8766 8693)
4(2141 2214 2213 2140)
4(8693 8766 8767 8694)
4(2142 2215 2214 2141)
4(8694 8767 8768 8695)
4(2143 2216 2215 2142)
4(8695 8768 8769 8696)
4(2144 2217 2216 2143)
4(8696 8769 8770 8697)
4(2145 2218 2217 2144)
4(8697 8770 8771 8698)
4(2146 2219 2218 2145)
4(8698 8771 8772 8699)
6(2147 2222 2221 2220 2219 2146)
6(8699 8772 8773 8774 8775 8700)
7(2053 2054 2060 2076 2154 2222 2147)
7(8700 8775 8707 8629 8613 8607 8606)
4(2037 2038 2054 2053)
4(8606 8607 8591 8590)
4(2009 2010 2038 2037)
4(8590 8591 8563 8562)
4(1976 1977 2010 2009)
4(8562 8563 8530 8529)
4(1950 1951 1977 1976)
4(8529 8530 8504 8503)
4(1914 1915 1951 1950)
4(8503 8504 8468 8467)
4(1887 1888 1915 1914)
4(8467 8468 8441 8440)
4(1865 1866 1888 1887)
4(8440 8441 8419 8418)
4(1836 1837 1866 1865)
4(8418 8419 8390 8389)
4(1806 1807 1837 1836)
4(8389 8390 8360 8359)
4(1784 1785 1807 1806)
4(8359 8360 8338 8337)
4(1756 1757 1785 1784)
4(8337 8338 8310 8309)
4(1726 1727 1757 1756)
4(8309 8310 8280 8279)
4(1704 1705 1727 1726)
4(8279 8280 8258 8257)
4(1674 1675 1705 1704)
4(8257 8258 8228 8227)
4(1644 1645 1675 1674)
4(8227 8228 8198 8197)
4(1624 1625 1645 1644)
4(8197 8198 8178 8177)
4(1594 1595 1625 1624)
4(8177 8178 8148 8147)
4(1565 1566 1595 1594)
4(8147 8148 8119 8118)
4(1543 1544 1566 1565)
4(8118 8119 8097 8096)
4(1513 1514 1544 1543)
4(8096 8097 8067 8066)
4(1486 1487 1514 1513)
4(8066 8067 8040 8039)
4(1464 1465 1487 1486)
4(8039 8040 8018 8017)
4(1430 1431 1465 1464)
4(8017 8018 7984 7983)
4(1395 1396 1431 1430)
4(7983 7984 7949 7948)
4(1368 1369 1396 1395)
4(7948 7949 7922 7921)
4(1336 1337 1369 1368)
4(7921 7922 7890 7889)
4(1307 1308 1337 1336)
4(7889 7890 7861 7860)
4(1286 1287 1308 1307)
4(7860 7861 7840 7839)
4(1263 1264 1287 1286)
4(7839 7840 7817 7816)
4(1238 1239 1264 1263)
4(7816 7817 7792 7791)
6(1223 1154 1157 1231 1239 1238)
6(7791 7792 7784 7710 7707 7776)
7(1222 1150 1151 1152 1153 1154 1223)
7(7776 7707 7706 7705 7704 7703 7775)
4(1221 1149 1150 1222)
4(7775 7703 7702 7774)
4(1220 1148 1149 1221)
4(7774 7702 7701 7773)
4(1219 1147 1148 1220)
4(7773 7701 7700 7772)
4(1218 1146 1147 1219)
4(7772 7700 7699 7771)
4(1217 1145 1146 1218)
4(7771 7699 7698 7770)
4(1216 1144 1145 1217)
4(7770 7698 7697 7769)
4(1215 1143 1144 1216)
4(7769 7697 7696 7768)
4(1214 1142 1143 1215)
4(7768 7696 7695 7767)
4(1213 1141 1142 1214)
4(7767 7695 7694 7766)
4(1212 1140 1141 1213)
4(7766 7694 7693 7765)
4(1211 1139 1140 1212)
4(7765 7693 7692 7764)
4(1210 1138 1139 1211)
4(7764 7692 7691 7763)
4(1209 1137 1138 1210)
4(7763 7691 7690 7762)
4(1208 1136 1137 1209)
4(7762 7690 7689 7761)
4(1207 1135 1136 1208)
4(7761 7689 7688 7760)
4(1206 1134 1135 1207)
4(7760 7688 7687 7759)
4(1205 1133 1134 1206)
4(7759 7687 7686 7758)
4(1204 1132 1133 1205)
4(7758 7686 7685 7757)
4(1203 1131 1132 1204)
4(7757 7685 7684 7756)
4(1202 1130 1131 1203)
4(7756 7684 7683 7755)
4(1201 1129 1130 1202)
4(7755 7683 7682 7754)
4(1200 1128 1129 1201)
4(7754 7682 7681 7753)
4(1199 1127 1128 1200)
4(7753 7681 7680 7752)
4(1198 1126 1127 1199)
4(7752 7680 7679 7751)
4(1197 1125 1126 1198)
4(7751 7679 7678 7750)
4(1196 1124 1125 1197)
4(7750 7678 7677 7749)
4(1195 1123 1124 1196)
4(7749 7677 7676 7748)
4(1194 1122 1123 1195)
4(7748 7676 7675 7747)
4(1193 1121 1122 1194)
4(7747 7675 7674 7746)
4(1192 1120 1121 1193)
4(7746 7674 7673 7745)
4(1191 1119 1120 1192)
4(7745 7673 7672 7744)
4(1190 1118 1119 1191)
4(7744 7672 7671 7743)
4(1189 1117 1118 1190)
4(7743 7671 7670 7742)
4(1188 1116 1117 1189)
4(7742 7670 7669 7741)
4(1187 1115 1116 1188)
4(7741 7669 7668 7740)
4(1186 1114 1115 1187)
4(7740 7668 7667 7739)
4(1185 1113 1114 1186)
4(7739 7667 7666 7738)
4(1184 1112 1113 1185)
4(7738 7666 7665 7737)
4(1183 1111 1112 1184)
4(7737 7665 7664 7736)
4(1182 1110 1111 1183)
4(7736 7664 7663 7735)
4(1181 1109 1110 1182)
4(7735 7663 7662 7734)
4(1180 1108 1109 1181)
4(7734 7662 7661 7733)
4(1179 1107 1108 1180)
4(7733 7661 7660 7732)
4(1178 1106 1107 1179)
4(7732 7660 7659 7731)
4(1177 1105 1106 1178)
4(7731 7659 7658 7730)
4(1176 1104 1105 1177)
4(7730 7658 7657 7729)
4(1175 1103 1104 1176)
4(7729 7657 7656 7728)
4(1174 1102 1103 1175)
4(7728 7656 7655 7727)
4(1173 1101 1102 1174)
4(7727 7655 7654 7726)
4(1172 1100 1101 1173)
4(7726 7654 7653 7725)
4(1171 1099 1100 1172)
4(7725 7653 7652 7724)
4(1170 1098 1099 1171)
4(7724 7652 7651 7723)
4(1169 1097 1098 1170)
4(7723 7651 7650 7722)
4(1168 1096 1097 1169)
4(7722 7650 7649 7721)
4(1167 1095 1096 1168)
4(7721 7649 7648 7720)
4(1166 1094 1095 1167)
4(7720 7648 7647 7719)
4(1165 1093 1094 1166)
4(7719 7647 7646 7718)
4(1164 1092 1093 1165)
4(7718 7646 7645 7717)
4(1163 1091 1092 1164)
4(7717 7645 7644 7716)
4(1162 1090 1091 1163)
4(7716 7644 7643 7715)
4(1161 1089 1090 1162)
4(7715 7643 7642 7714)
4(1160 1088 1089 1161)
4(7714 7642 7641 7713)
7(1159 1084 1085 1086 1087 1088 1160)
7(7713 7641 7640 7639 7638 7637 7712)
7(1284 1283 1269 1257 1249 1250 1251)
7(7804 7803 7802 7810 7822 7836 7837)
4(1327 1326 1283 1284)
4(7837 7836 7879 7880)
4(1366 1365 1326 1327)
4(7880 7879 7918 7919)
4(1417 1416 1365 1366)
4(7919 7918 7969 7970)
4(1462 1461 1416 1417)
4(7970 7969 8014 8015)
4(1505 1504 1461 1462)
4(8015 8014 8057 8058)
4(1541 1540 1504 1505)
4(8058 8057 8093 8094)
4(1586 1585 1540 1541)
4(8094 8093 8138 8139)
4(1622 1621 1585 1586)
4(8139 8138 8174 8175)
4(1664 1663 1621 1622)
4(8175 8174 8216 8217)
4(1702 1701 1663 1664)
4(8217 8216 8254 8255)
4(1748 1747 1701 1702)
4(8255 8254 8300 8301)
4(1782 1781 1747 1748)
4(8301 8300 8334 8335)
4(1826 1825 1781 1782)
4(8335 8334 8378 8379)
4(1863 1862 1825 1826)
4(8379 8378 8415 8416)
4(1906 1905 1862 1863)
4(8416 8415 8458 8459)
4(1948 1947 1905 1906)
4(8459 8458 8500 8501)
4(2000 1999 1947 1948)
4(8501 8500 8552 8553)
4(2035 2034 1999 2000)
4(8553 8552 8587 8588)
4(2070 2069 2034 2035)
4(8588 8587 8622 8623)
4(2301 2300 2069 2070)
4(8623 8622 8853 8854)
4(2487 2486 2300 2301)
4(8854 8853 9039 9040)
4(2656 2655 2486 2487)
4(9040 9039 9208 9209)
4(2913 2912 2655 2656)
4(9209 9208 9465 9466)
4(3000 2999 2912 2913)
4(9466 9465 9552 9553)
4(3043 3042 2999 3000)
4(9553 9552 9595 9596)
4(3096 3095 3042 3043)
4(9596 9595 9648 9649)
4(3160 3159 3095 3096)
4(9649 9648 9712 9713)
4(3193 3192 3159 3160)
4(9713 9712 9745 9746)
4(3233 3232 3192 3193)
4(9746 9745 9785 9786)
4(3269 3268 3232 3233)
4(9786 9785 9821 9822)
4(3324 3323 3268 3269)
4(9822 9821 9876 9877)
4(3356 3355 3323 3324)
4(9877 9876 9908 9909)
4(3397 3396 3355 3356)
4(9909 9908 9949 9950)
4(3453 3452 3396 3397)
4(9950 9949 10005 10006)
4(3494 3493 3452 3453)
4(10006 10005 10046 10047)
4(3547 3546 3493 3494)
4(10047 10046 10099 10100)
4(3644 3643 3546 3547)
4(10100 10099 10196 10197)
4(3895 3894 3643 3644)
4(10197 10196 10447 10448)
4(4070 4069 3894 3895)
4(10448 10447 10622 10623)
4(4244 4243 4069 4070)
4(10623 10622 10796 10797)
4(4487 4486 4243 4244)
4(10797 10796 11039 11040)
4(4518 4517 4486 4487)
4(11040 11039 11070 11071)
4(4557 4556 4517 4518)
4(11071 11070 11109 11110)
4(4600 4599 4556 4557)
4(11110 11109 11152 11153)
4(4650 4649 4599 4600)
4(11153 11152 11202 11203)
4(4686 4685 4649 4650)
4(11203 11202 11238 11239)
4(4731 4730 4685 4686)
4(11239 11238 11283 11284)
4(4767 4766 4730 4731)
4(11284 11283 11319 11320)
4(4809 4808 4766 4767)
4(11320 11319 11361 11362)
4(4847 4846 4808 4809)
4(11362 11361 11399 11400)
4(4893 4892 4846 4847)
4(11400 11399 11445 11446)
4(4927 4926 4892 4893)
4(11446 11445 11479 11480)
4(4971 4970 4926 4927)
4(11480 11479 11523 11524)
4(5008 5007 4970 4971)
4(11524 11523 11560 11561)
4(5051 5050 5007 5008)
4(11561 11560 11603 11604)
4(5089 5088 5050 5051)
4(11604 11603 11641 11642)
4(5140 5139 5088 5089)
4(11642 11641 11692 11693)
4(5180 5179 5139 5140)
4(11693 11692 11732 11733)
4(5227 5226 5179 5180)
4(11733 11732 11779 11780)
4(5263 5262 5226 5227)
4(11780 11779 11815 11816)
7(5302 5301 5300 5294 5282 5262 5263)
7(11816 11815 11835 11847 11853 11854 11855)
7(5403 5484 5483 5482 5481 5474 5402)
7(11955 12027 12034 12035 12036 12037 11956)
4(5404 5485 5484 5403)
4(11956 12037 12038 11957)
4(5405 5486 5485 5404)
4(11957 12038 12039 11958)
4(5406 5487 5486 5405)
4(11958 12039 12040 11959)
4(5407 5488 5487 5406)
4(11959 12040 12041 11960)
4(5408 5489 5488 5407)
4(11960 12041 12042 11961)
4(5409 5490 5489 5408)
4(11961 12042 12043 11962)
4(5410 5491 5490 5409)
4(11962 12043 12044 11963)
4(5411 5492 5491 5410)
4(11963 12044 12045 11964)
4(5412 5493 5492 5411)
4(11964 12045 12046 11965)
4(5413 5494 5493 5412)
4(11965 12046 12047 11966)
4(5414 5495 5494 5413)
4(11966 12047 12048 11967)
4(5415 5496 5495 5414)
4(11967 12048 12049 11968)
4(5416 5497 5496 5415)
4(11968 12049 12050 11969)
4(5417 5498 5497 5416)
4(11969 12050 12051 11970)
4(5418 5499 5498 5417)
4(11970 12051 12052 11971)
4(5419 5500 5499 5418)
4(11971 12052 12053 11972)
4(5420 5501 5500 5419)
4(11972 12053 12054 11973)
4(5421 5502 5501 5420)
4(11973 12054 12055 11974)
4(5422 5503 5502 5421)
4(11974 12055 12056 11975)
4(5423 5504 5503 5422)
4(11975 12056 12057 11976)
4(5424 5505 5504 5423)
4(11976 12057 12058 11977)
4(5425 5506 5505 5424)
4(11977 12058 12059 11978)
4(5426 5507 5506 5425)
4(11978 12059 12060 11979)
4(5427 5508 5507 5426)
4(11979 12060 12061 11980)
4(5428 5509 5508 5427)
4(11980 12061 12062 11981)
4(5429 5510 5509 5428)
4(11981 12062 12063 11982)
4(5430 5511 5510 5429)
4(11982 12063 12064 11983)
4(5431 5512 5511 5430)
4(11983 12064 12065 11984)
4(5432 5513 5512 5431)
4(11984 12065 12066 11985)
4(5433 5514 5513 5432)
4(11985 12066 12067 11986)
4(5434 5515 5514 5433)
4(11986 12067 12068 11987)
4(5435 5516 5515 5434)
4(11987 12068 12069 11988)
4(5436 5517 5516 5435)
4(11988 12069 12070 11989)
4(5437 5518 5517 5436)
4(11989 12070 12071 11990)
4(5438 5519 5518 5437)
4(11990 12071 12072 11991)
4(5439 5520 5519 5438)
4(11991 12072 12073 11992)
4(5440 5521 5520 5439)
4(11992 12073 12074 11993)
4(5441 5522 5521 5440)
4(11993 12074 12075 11994)
4(5442 5523 5522 5441)
4(11994 12075 12076 11995)
4(5443 5524 5523 5442)
4(11995 12076 12077 11996)
4(5444 5525 5524 5443)
4(11996 12077 12078 11997)
4(5445 5526 5525 5444)
4(11997 12078 12079 11998)
4(5446 5527 5526 5445)
4(11998 12079 12080 11999)
4(5447 5528 5527 5446)
4(11999 12080 12081 12000)
4(5448 5529 5528 5447)
4(12000 12081 12082 12001)
4(5449 5530 5529 5448)
4(12001 12082 12083 12002)
4(5450 5531 5530 5449)
4(12002 12083 12084 12003)
4(5451 5532 5531 5450)
4(12003 12084 12085 12004)
4(5452 5533 5532 5451)
4(12004 12085 12086 12005)
4(5453 5534 5533 5452)
4(12005 12086 12087 12006)
4(5454 5535 5534 5453)
4(12006 12087 12088 12007)
4(5455 5536 5535 5454)
4(12007 12088 12089 12008)
4(5456 5537 5536 5455)
4(12008 12089 12090 12009)
4(5457 5538 5537 5456)
4(12009 12090 12091 12010)
4(5458 5539 5538 5457)
4(12010 12091 12092 12011)
4(5459 5540 5539 5458)
4(12011 12092 12093 12012)
4(5460 5541 5540 5459)
4(12012 12093 12094 12013)
4(5461 5542 5541 5460)
4(12013 12094 12095 12014)
4(5462 5543 5542 5461)
4(12014 12095 12096 12015)
4(5463 5544 5543 5462)
4(12015 12096 12097 12016)
7(5464 5475 5547 5546 5545 5544 5463)
7(12016 12097 12098 12099 12100 12028 12017)
7(5287 5288 5295 5308 5314 5313 5312)
7(11865 11866 11867 11861 11848 11841 11840)
4(5266 5267 5288 5287)
4(11840 11841 11820 11819)
4(5241 5242 5267 5266)
4(11819 11820 11795 11794)
4(5210 5211 5242 5241)
4(11794 11795 11764 11763)
4(5183 5184 5211 5210)
4(11763 11764 11737 11736)
4(5151 5152 5184 5183)
4(11736 11737 11705 11704)
4(5119 5120 5152 5151)
4(11704 11705 11673 11672)
4(5092 5093 5120 5119)
4(11672 11673 11646 11645)
4(5060 5061 5093 5092)
4(11645 11646 11614 11613)
4(5033 5034 5061 5060)
4(11613 11614 11587 11586)
4(5011 5012 5034 5033)
4(11586 11587 11565 11564)
4(4982 4983 5012 5011)
4(11564 11565 11536 11535)
4(4952 4953 4983 4982)
4(11535 11536 11506 11505)
4(4930 4931 4953 4952)
4(11505 11506 11484 11483)
4(4902 4903 4931 4930)
4(11483 11484 11456 11455)
4(4872 4873 4903 4902)
4(11455 11456 11426 11425)
4(4850 4851 4873 4872)
4(11425 11426 11404 11403)
4(4820 4821 4851 4850)
4(11403 11404 11374 11373)
4(4790 4791 4821 4820)
4(11373 11374 11344 11343)
4(4770 4771 4791 4790)
4(11343 11344 11324 11323)
4(4740 4741 4771 4770)
4(11323 11324 11294 11293)
4(4711 4712 4741 4740)
4(11293 11294 11265 11264)
4(4689 4690 4712 4711)
4(11264 11265 11243 11242)
4(4659 4660 4690 4689)
4(11242 11243 11213 11212)
4(4630 4631 4660 4659)
4(11212 11213 11184 11183)
4(4603 4604 4631 4630)
4(11183 11184 11157 11156)
4(4569 4570 4604 4603)
4(11156 11157 11123 11122)
4(4540 4541 4570 4569)
4(11122 11123 11094 11093)
4(4521 4522 4541 4540)
4(11093 11094 11075 11074)
6(4497 4498 4499 4506 4522 4521)
6(11074 11075 11059 11052 11051 11050)
6(4392 4326 4327 4328 4329 4393)
6(10946 10882 10881 10880 10879 10945)
4(4391 4325 4326 4392)
4(10945 10879 10878 10944)
4(4390 4324 4325 4391)
4(10944 10878 10877 10943)
4(4389 4323 4324 4390)
4(10943 10877 10876 10942)
4(4388 4322 4323 4389)
4(10942 10876 10875 10941)
4(4387 4321 4322 4388)
4(10941 10875 10874 10940)
4(4386 4320 4321 4387)
4(10940 10874 10873 10939)
4(4385 4319 4320 4386)
4(10939 10873 10872 10938)
4(4384 4318 4319 4385)
4(10938 10872 10871 10937)
4(4383 4317 4318 4384)
4(10937 10871 10870 10936)
4(4382 4316 4317 4383)
4(10936 10870 10869 10935)
4(4381 4315 4316 4382)
4(10935 10869 10868 10934)
4(4380 4314 4315 4381)
4(10934 10868 10867 10933)
4(4379 4313 4314 4380)
4(10933 10867 10866 10932)
4(4378 4312 4313 4379)
4(10932 10866 10865 10931)
4(4377 4311 4312 4378)
4(10931 10865 10864 10930)
4(4376 4310 4311 4377)
4(10930 10864 10863 10929)
4(4375 4309 4310 4376)
4(10929 10863 10862 10928)
4(4374 4308 4309 4375)
4(10928 10862 10861 10927)
4(4373 4307 4308 4374)
4(10927 10861 10860 10926)
4(4372 4306 4307 4373)
4(10926 10860 10859 10925)
4(4371 4305 4306 4372)
4(10925 10859 10858 10924)
4(4370 4304 4305 4371)
4(10924 10858 10857 10923)
4(4369 4303 4304 4370)
4(10923 10857 10856 10922)
4(4368 4302 4303 4369)
4(10922 10856 10855 10921)
4(4367 4301 4302 4368)
4(10921 10855 10854 10920)
4(4366 4300 4301 4367)
4(10920 10854 10853 10919)
4(4365 4299 4300 4366)
4(10919 10853 10852 10918)
4(4364 4298 4299 4365)
4(10918 10852 10851 10917)
4(4363 4297 4298 4364)
4(10917 10851 10850 10916)
4(4362 4296 4297 4363)
4(10916 10850 10849 10915)
4(4361 4295 4296 4362)
4(10915 10849 10848 10914)
4(4360 4294 4295 4361)
4(10914 10848 10847 10913)
4(4359 4293 4294 4360)
4(10913 10847 10846 10912)
4(4358 4292 4293 4359)
4(10912 10846 10845 10911)
4(4357 4291 4292 4358)
4(10911 10845 10844 10910)
4(4356 4290 4291 4357)
4(10910 10844 10843 10909)
4(4355 4289 4290 4356)
4(10909 10843 10842 10908)
4(4354 4288 4289 4355)
4(10908 10842 10841 10907)
4(4353 4287 4288 4354)
4(10907 10841 10840 10906)
4(4352 4286 4287 4353)
4(10906 10840 10839 10905)
4(4351 4285 4286 4352)
4(10905 10839 10838 10904)
4(4350 4284 4285 4351)
4(10904 10838 10837 10903)
4(4349 4283 4284 4350)
4(10903 10837 10836 10902)
4(4348 4282 4283 4349)
4(10902 10836 10835 10901)
4(4347 4281 4282 4348)
4(10901 10835 10834 10900)
4(4346 4280 4281 4347)
4(10900 10834 10833 10899)
4(4345 4279 4280 4346)
4(10899 10833 10832 10898)
4(4344 4278 4279 4345)
4(10898 10832 10831 10897)
4(4343 4277 4278 4344)
4(10897 10831 10830 10896)
4(4342 4276 4277 4343)
4(10896 10830 10829 10895)
4(4341 4275 4276 4342)
4(10895 10829 10828 10894)
4(4340 4274 4275 4341)
4(10894 10828 10827 10893)
4(4339 4273 4274 4340)
4(10893 10827 10826 10892)
4(4338 4272 4273 4339)
4(10892 10826 10825 10891)
4(4337 4271 4272 4338)
4(10891 10825 10824 10890)
4(4336 4270 4271 4337)
4(10890 10824 10823 10889)
4(4335 4269 4270 4336)
4(10889 10823 10822 10888)
4(4334 4268 4269 4335)
4(10888 10822 10821 10887)
4(4333 4267 4268 4334)
4(10887 10821 10820 10886)
5(4332 4265 4266 4267 4333)
5(10886 10820 10819 10818 10885)
5(3987 3988 4076 4095 4094)
5(10647 10648 10629 10541 10540)
4(3898 3899 3988 3987)
4(10540 10541 10452 10451)
4(3653 3654 3899 3898)
4(10451 10452 10207 10206)
4(3576 3577 3654 3653)
4(10206 10207 10130 10129)
4(3550 3551 3577 3576)
4(10129 10130 10104 10103)
4(3522 3523 3551 3550)
4(10103 10104 10076 10075)
4(3476 3477 3523 3522)
4(10075 10076 10030 10029)
4(3456 3457 3477 3476)
4(10029 10030 10010 10009)
4(3408 3409 3457 3456)
4(10009 10010 9962 9961)
4(3379 3380 3409 3408)
4(9961 9962 9933 9932)
4(3359 3360 3380 3379)
4(9932 9933 9913 9912)
4(3332 3333 3360 3359)
4(9912 9913 9886 9885)
4(3304 3305 3333 3332)
4(9885 9886 9858 9857)
4(3272 3273 3305 3304)
4(9857 9858 9826 9825)
4(3243 3244 3273 3272)
4(9825 9826 9797 9796)
4(3215 3216 3244 3243)
4(9796 9797 9769 9768)
4(3196 3197 3216 3215)
4(9768 9769 9750 9749)
4(3168 3169 3197 3196)
4(9749 9750 9722 9721)
4(3120 3121 3169 3168)
4(9721 9722 9674 9673)
4(3099 3100 3121 3120)
4(9673 9674 9653 9652)
4(3071 3072 3100 3099)
4(9652 9653 9625 9624)
4(3025 3026 3072 3071)
4(9624 9625 9579 9578)
4(3003 3004 3026 3025)
4(9578 9579 9557 9556)
4(2925 2926 3004 3003)
4(9556 9557 9479 9478)
4(2895 2896 2926 2925)
4(9478 9479 9449 9448)
4(2659 2660 2896 2895)
4(9448 9449 9213 9212)
4(2563 2564 2660 2659)
4(9212 9213 9117 9116)
5(2458 2459 2464 2564 2563)
5(9116 9117 9017 9012 9011)
5(2159 2225 2224 2223 2158)
5(8711 8776 8777 8778 8712)
4(2160 2226 2225 2159)
4(8712 8778 8779 8713)
4(2161 2227 2226 2160)
4(8713 8779 8780 8714)
4(2162 2228 2227 2161)
4(8714 8780 8781 8715)
4(2163 2229 2228 2162)
4(8715 8781 8782 8716)
4(2164 2230 2229 2163)
4(8716 8782 8783 8717)
4(2165 2231 2230 2164)
4(8717 8783 8784 8718)
4(2166 2232 2231 2165)
4(8718 8784 8785 8719)
4(2167 2233 2232 2166)
4(8719 8785 8786 8720)
4(2168 2234 2233 2167)
4(8720 8786 8787 8721)
4(2169 2235 2234 2168)
4(8721 8787 8788 8722)
4(2170 2236 2235 2169)
4(8722 8788 8789 8723)
4(2171 2237 2236 2170)
4(8723 8789 8790 8724)
4(2172 2238 2237 2171)
4(8724 8790 8791 8725)
4(2173 2239 2238 2172)
4(8725 8791 8792 8726)
4(2174 2240 2239 2173)
4(8726 8792 8793 8727)
4(2175 2241 2240 2174)
4(8727 8793 8794 8728)
4(2176 2242 2241 2175)
4(8728 8794 8795 8729)
4(2177 2243 2242 2176)
4(8729 8795 8796 8730)
4(2178 2244 2243 2177)
4(8730 8796 8797 8731)
4(2179 2245 2244 2178)
4(8731 8797 8798 8732)
4(2180 2246 2245 2179)
4(8732 8798 8799 8733)
4(2181 2247 2246 2180)
4(8733 8799 8800 8734)
4(2182 2248 2247 2181)
4(8734 8800 8801 8735)
4(2183 2249 2248 2182)
4(8735 8801 8802 8736)
4(2184 2250 2249 2183)
4(8736 8802 8803 8737)
4(2185 2251 2250 2184)
4(8737 8803 8804 8738)
4(2186 2252 2251 2185)
4(8738 8804 8805 8739)
4(2187 2253 2252 2186)
4(8739 8805 8806 8740)
4(2188 2254 2253 2187)
4(8740 8806 8807 8741)
4(2189 2255 2254 2188)
4(8741 8807 8808 8742)
4(2190 2256 2255 2189)
4(8742 8808 8809 8743)
4(2191 2257 2256 2190)
4(8743 8809 8810 8744)
4(2192 2258 2257 2191)
4(8744 8810 8811 8745)
4(2193 2259 2258 2192)
4(8745 8811 8812 8746)
4(2194 2260 2259 2193)
4(8746 8812 8813 8747)
4(2195 2261 2260 2194)
4(8747 8813 8814 8748)
4(2196 2262 2261 2195)
4(8748 8814 8815 8749)
4(2197 2263 2262 2196)
4(8749 8815 8816 8750)
4(2198 2264 2263 2197)
4(8750 8816 8817 8751)
4(2199 2265 2264 2198)
4(8751 8817 8818 8752)
4(2200 2266 2265 2199)
4(8752 8818 8819 8753)
4(2201 2267 2266 2200)
4(8753 8819 8820 8754)
4(2202 2268 2267 2201)
4(8754 8820 8821 8755)
4(2203 2269 2268 2202)
4(8755 8821 8822 8756)
4(2204 2270 2269 2203)
4(8756 8822 8823 8757)
4(2205 2271 2270 2204)
4(8757 8823 8824 8758)
4(2206 2272 2271 2205)
4(8758 8824 8825 8759)
4(2207 2273 2272 2206)
4(8759 8825 8826 8760)
4(2208 2274 2273 2207)
4(8760 8826 8827 8761)
4(2209 2275 2274 2208)
4(8761 8827 8828 8762)
4(2210 2276 2275 2209)
4(8762 8828 8829 8763)
4(2211 2277 2276 2210)
4(8763 8829 8830 8764)
4(2212 2278 2277 2211)
4(8764 8830 8831 8765)
4(2213 2279 2278 2212)
4(8765 8831 8832 8766)
4(2214 2280 2279 2213)
4(8766 8832 8833 8767)
4(2215 2281 2280 2214)
4(8767 8833 8834 8768)
4(2216 2282 2281 2215)
4(8768 8834 8835 8769)
4(2217 2283 2282 2216)
4(8769 8835 8836 8770)
4(2218 2284 2283 2217)
4(8770 8836 8837 8771)
6(2219 2287 2286 2285 2284 2218)
6(8771 8837 8838 8839 8840 8772)
6(2038 2039 2047 2056 2055 2054)
6(8607 8608 8609 8600 8592 8591)
4(2010 2011 2039 2038)
4(8591 8592 8564 8563)
4(1977 1978 2011 2010)
4(8563 8564 8531 8530)
4(1951 1952 1978 1977)
4(8530 8531 8505 8504)
4(1915 1916 1952 1951)
4(8504 8505 8469 8468)
4(1888 1889 1916 1915)
4(8468 8469 8442 8441)
4(1866 1867 1889 1888)
4(8441 8442 8420 8419)
4(1837 1838 1867 1866)
4(8419 8420 8391 8390)
4(1807 1808 1838 1837)
4(8390 8391 8361 8360)
4(1785 1786 1808 1807)
4(8360 8361 8339 8338)
4(1757 1758 1786 1785)
4(8338 8339 8311 8310)
4(1727 1728 1758 1757)
4(8310 8311 8281 8280)
4(1705 1706 1728 1727)
4(8280 8281 8259 8258)
4(1675 1676 1706 1705)
4(8258 8259 8229 8228)
4(1645 1646 1676 1675)
4(8228 8229 8199 8198)
4(1625 1626 1646 1645)
4(8198 8199 8179 8178)
4(1595 1596 1626 1625)
4(8178 8179 8149 8148)
4(1566 1567 1596 1595)
4(8148 8149 8120 8119)
4(1544 1545 1567 1566)
4(8119 8120 8098 8097)
4(1514 1515 1545 1544)
4(8097 8098 8068 8067)
4(1487 1488 1515 1514)
4(8067 8068 8041 8040)
4(1465 1466 1488 1487)
4(8040 8041 8019 8018)
4(1431 1432 1466 1465)
4(8018 8019 7985 7984)
4(1396 1397 1432 1431)
4(7984 7985 7950 7949)
4(1369 1370 1397 1396)
4(7949 7950 7923 7922)
4(1337 1338 1370 1369)
4(7922 7923 7891 7890)
4(1308 1309 1338 1337)
4(7890 7891 7862 7861)
4(1287 1288 1309 1308)
4(7861 7862 7841 7840)
4(1264 1265 1288 1287)
4(7840 7841 7818 7817)
7(1239 1240 1241 1246 1258 1265 1264)
7(7817 7818 7811 7799 7794 7793 7792)
7(1149 1068 1069 1070 1071 1078 1150)
7(7703 7631 7624 7623 7622 7621 7702)
4(1148 1067 1068 1149)
4(7702 7621 7620 7701)
4(1147 1066 1067 1148)
4(7701 7620 7619 7700)
4(1146 1065 1066 1147)
4(7700 7619 7618 7699)
4(1145 1064 1065 1146)
4(7699 7618 7617 7698)
4(1144 1063 1064 1145)
4(7698 7617 7616 7697)
4(1143 1062 1063 1144)
4(7697 7616 7615 7696)
4(1142 1061 1062 1143)
4(7696 7615 7614 7695)
4(1141 1060 1061 1142)
4(7695 7614 7613 7694)
4(1140 1059 1060 1141)
4(7694 7613 7612 7693)
4(1139 1058 1059 1140)
4(7693 7612 7611 7692)
4(1138 1057 1058 1139)
4(7692 7611 7610 7691)
4(1137 1056 1057 1138)
4(7691 7610 7609 7690)
4(1136 1055 1056 1137)
4(7690 7609 7608 7689)
4(1135 1054 1055 1136)
4(7689 7608 7607 7688)
4(1134 1053 1054 1135)
4(7688 7607 7606 7687)
4(1133 1052 1053 1134)
4(7687 7606 7605 7686)
4(1132 1051 1052 1133)
4(7686 7605 7604 7685)
4(1131 1050 1051 1132)
4(7685 7604 7603 7684)
4(1130 1049 1050 1131)
4(7684 7603 7602 7683)
4(1129 1048 1049 1130)
4(7683 7602 7601 7682)
4(1128 1047 1048 1129)
4(7682 7601 7600 7681)
4(1127 1046 1047 1128)
4(7681 7600 7599 7680)
4(1126 1045 1046 1127)
4(7680 7599 7598 7679)
4(1125 1044 1045 1126)
4(7679 7598 7597 7678)
4(1124 1043 1044 1125)
4(7678 7597 7596 7677)
4(1123 1042 1043 1124)
4(7677 7596 7595 7676)
4(1122 1041 1042 1123)
4(7676 7595 7594 7675)
4(1121 1040 1041 1122)
4(7675 7594 7593 7674)
4(1120 1039 1040 1121)
4(7674 7593 7592 7673)
4(1119 1038 1039 1120)
4(7673 7592 7591 7672)
4(1118 1037 1038 1119)
4(7672 7591 7590 7671)
4(1117 1036 1037 1118)
4(7671 7590 7589 7670)
4(1116 1035 1036 1117)
4(7670 7589 7588 7669)
4(1115 1034 1035 1116)
4(7669 7588 7587 7668)
4(1114 1033 1034 1115)
4(7668 7587 7586 7667)
4(1113 1032 1033 1114)
4(7667 7586 7585 7666)
4(1112 1031 1032 1113)
4(7666 7585 7584 7665)
4(1111 1030 1031 1112)
4(7665 7584 7583 7664)
4(1110 1029 1030 1111)
4(7664 7583 7582 7663)
4(1109 1028 1029 1110)
4(7663 7582 7581 7662)
4(1108 1027 1028 1109)
4(7662 7581 7580 7661)
4(1107 1026 1027 1108)
4(7661 7580 7579 7660)
4(1106 1025 1026 1107)
4(7660 7579 7578 7659)
4(1105 1024 1025 1106)
4(7659 7578 7577 7658)
4(1104 1023 1024 1105)
4(7658 7577 7576 7657)
4(1103 1022 1023 1104)
4(7657 7576 7575 7656)
4(1102 1021 1022 1103)
4(7656 7575 7574 7655)
4(1101 1020 1021 1102)
4(7655 7574 7573 7654)
4(1100 1019 1020 1101)
4(7654 7573 7572 7653)
4(1099 1018 1019 1100)
4(7653 7572 7571 7652)
4(1098 1017 1018 1099)
4(7652 7571 7570 7651)
4(1097 1016 1017 1098)
4(7651 7570 7569 7650)
4(1096 1015 1016 1097)
4(7650 7569 7568 7649)
4(1095 1014 1015 1096)
4(7649 7568 7567 7648)
4(1094 1013 1014 1095)
4(7648 7567 7566 7647)
4(1093 1012 1013 1094)
4(7647 7566 7565 7646)
4(1092 1011 1012 1093)
4(7646 7565 7564 7645)
4(1091 1010 1011 1092)
4(7645 7564 7563 7644)
4(1090 1009 1010 1091)
4(7644 7563 7562 7643)
4(1089 1008 1009 1090)
4(7643 7562 7561 7642)
7(1088 1077 1005 1006 1007 1008 1089)
7(7642 7561 7560 7559 7558 7630 7641)
6(1326 1325 1316 1302 1282 1283)
6(7836 7835 7855 7869 7878 7879)
4(1365 1364 1325 1326)
4(7879 7878 7917 7918)
4(1416 1415 1364 1365)
4(7918 7917 7968 7969)
4(1461 1460 1415 1416)
4(7969 7968 8013 8014)
4(1504 1503 1460 1461)
4(8014 8013 8056 8057)
4(1540 1539 1503 1504)
4(8057 8056 8092 8093)
4(1585 1584 1539 1540)
4(8093 8092 8137 8138)
4(1621 1620 1584 1585)
4(8138 8137 8173 8174)
4(1663 1662 1620 1621)
4(8174 8173 8215 8216)
4(1701 1700 1662 1663)
4(8216 8215 8253 8254)
4(1747 1746 1700 1701)
4(8254 8253 8299 8300)
4(1781 1780 1746 1747)
4(8300 8299 8333 8334)
4(1825 1824 1780 1781)
4(8334 8333 8377 8378)
4(1862 1861 1824 1825)
4(8378 8377 8414 8415)
4(1905 1904 1861 1862)
4(8415 8414 8457 8458)
4(1947 1946 1904 1905)
4(8458 8457 8499 8500)
4(1999 1998 1946 1947)
4(8500 8499 8551 8552)
4(2034 2033 1998 1999)
4(8552 8551 8586 8587)
4(2069 2068 2033 2034)
4(8587 8586 8621 8622)
4(2300 2299 2068 2069)
4(8622 8621 8852 8853)
4(2486 2485 2299 2300)
4(8853 8852 9038 9039)
4(2655 2654 2485 2486)
4(9039 9038 9207 9208)
4(2912 2911 2654 2655)
4(9208 9207 9464 9465)
4(2999 2998 2911 2912)
4(9465 9464 9551 9552)
4(3042 3041 2998 2999)
4(9552 9551 9594 9595)
4(3095 3094 3041 3042)
4(9595 9594 9647 9648)
4(3159 3158 3094 3095)
4(9648 9647 9711 9712)
4(3192 3191 3158 3159)
4(9712 9711 9744 9745)
4(3232 3231 3191 3192)
4(9745 9744 9784 9785)
4(3268 3267 3231 3232)
4(9785 9784 9820 9821)
4(3323 3322 3267 3268)
4(9821 9820 9875 9876)
4(3355 3354 3322 3323)
4(9876 9875 9907 9908)
4(3396 3395 3354 3355)
4(9908 9907 9948 9949)
4(3452 3451 3395 3396)
4(9949 9948 10004 10005)
4(3493 3492 3451 3452)
4(10005 10004 10045 10046)
4(3546 3545 3492 3493)
4(10046 10045 10098 10099)
4(3643 3642 3545 3546)
4(10099 10098 10195 10196)
4(3894 3893 3642 3643)
4(10196 10195 10446 10447)
4(4069 4068 3893 3894)
4(10447 10446 10621 10622)
4(4243 4242 4068 4069)
4(10622 10621 10795 10796)
4(4486 4485 4242 4243)
4(10796 10795 11038 11039)
4(4517 4516 4485 4486)
4(11039 11038 11069 11070)
4(4556 4555 4516 4517)
4(11070 11069 11108 11109)
4(4599 4598 4555 4556)
4(11109 11108 11151 11152)
4(4649 4648 4598 4599)
4(11152 11151 11201 11202)
4(4685 4684 4648 4649)
4(11202 11201 11237 11238)
4(4730 4729 4684 4685)
4(11238 11237 11282 11283)
4(4766 4765 4729 4730)
4(11283 11282 11318 11319)
4(4808 4807 4765 4766)
4(11319 11318 11360 11361)
4(4846 4845 4807 4808)
4(11361 11360 11398 11399)
4(4892 4891 4845 4846)
4(11399 11398 11444 11445)
4(4926 4925 4891 4892)
4(11445 11444 11478 11479)
4(4970 4969 4925 4926)
4(11479 11478 11522 11523)
4(5007 5006 4969 4970)
4(11523 11522 11559 11560)
4(5050 5049 5006 5007)
4(11560 11559 11602 11603)
4(5088 5087 5049 5050)
4(11603 11602 11640 11641)
4(5139 5138 5087 5088)
4(11641 11640 11691 11692)
4(5179 5178 5138 5139)
4(11692 11691 11731 11732)
4(5226 5225 5178 5179)
4(11732 11731 11778 11779)
6(5262 5261 5247 5232 5225 5226)
6(11779 11778 11785 11800 11814 11815)
6(5485 5551 5550 5549 5548 5484)
6(12037 12101 12102 12103 12104 12038)
4(5486 5552 5551 5485)
4(12038 12104 12105 12039)
4(5487 5553 5552 5486)
4(12039 12105 12106 12040)
4(5488 5554 5553 5487)
4(12040 12106 12107 12041)
4(5489 5555 5554 5488)
4(12041 12107 12108 12042)
4(5490 5556 5555 5489)
4(12042 12108 12109 12043)
4(5491 5557 5556 5490)
4(12043 12109 12110 12044)
4(5492 5558 5557 5491)
4(12044 12110 12111 12045)
4(5493 5559 5558 5492)
4(12045 12111 12112 12046)
4(5494 5560 5559 5493)
4(12046 12112 12113 12047)
4(5495 5561 5560 5494)
4(12047 12113 12114 12048)
4(5496 5562 5561 5495)
4(12048 12114 12115 12049)
4(5497 5563 5562 5496)
4(12049 12115 12116 12050)
4(5498 5564 5563 5497)
4(12050 12116 12117 12051)
4(5499 5565 5564 5498)
4(12051 12117 12118 12052)
4(5500 5566 5565 5499)
4(12052 12118 12119 12053)
4(5501 5567 5566 5500)
4(12053 12119 12120 12054)
4(5502 5568 5567 5501)
4(12054 12120 12121 12055)
4(5503 5569 5568 5502)
4(12055 12121 12122 12056)
4(5504 5570 5569 5503)
4(12056 12122 12123 12057)
4(5505 5571 5570 5504)
4(12057 12123 12124 12058)
4(5506 5572 5571 5505)
4(12058 12124 12125 12059)
4(5507 5573 5572 5506)
4(12059 12125 12126 12060)
4(5508 5574 5573 5507)
4(12060 12126 12127 12061)
4(5509 5575 5574 5508)
4(12061 12127 12128 12062)
4(5510 5576 5575 5509)
4(12062 12128 12129 12063)
4(5511 5577 5576 5510)
4(12063 12129 12130 12064)
4(5512 5578 5577 5511)
4(12064 12130 12131 12065)
4(5513 5579 5578 5512)
4(12065 12131 12132 12066)
4(5514 5580 5579 5513)
4(12066 12132 12133 12067)
4(5515 5581 5580 5514)
4(12067 12133 12134 12068)
4(5516 5582 5581 5515)
4(12068 12134 12135 12069)
4(5517 5583 5582 5516)
4(12069 12135 12136 12070)
4(5518 5584 5583 5517)
4(12070 12136 12137 12071)
4(5519 5585 5584 5518)
4(12071 12137 12138 12072)
4(5520 5586 5585 5519)
4(12072 12138 12139 12073)
4(5521 5587 5586 5520)
4(12073 12139 12140 12074)
4(5522 5588 5587 5521)
4(12074 12140 12141 12075)
4(5523 5589 5588 5522)
4(12075 12141 12142 12076)
4(5524 5590 5589 5523)
4(12076 12142 12143 12077)
4(5525 5591 5590 5524)
4(12077 12143 12144 12078)
4(5526 5592 5591 5525)
4(12078 12144 12145 12079)
4(5527 5593 5592 5526)
4(12079 12145 12146 12080)
4(5528 5594 5593 5527)
4(12080 12146 12147 12081)
4(5529 5595 5594 5528)
4(12081 12147 12148 12082)
4(5530 5596 5595 5529)
4(12082 12148 12149 12083)
4(5531 5597 5596 5530)
4(12083 12149 12150 12084)
4(5532 5598 5597 5531)
4(12084 12150 12151 12085)
4(5533 5599 5598 5532)
4(12085 12151 12152 12086)
4(5534 5600 5599 5533)
4(12086 12152 12153 12087)
4(5535 5601 5600 5534)
4(12087 12153 12154 12088)
4(5536 5602 5601 5535)
4(12088 12154 12155 12089)
4(5537 5603 5602 5536)
4(12089 12155 12156 12090)
4(5538 5604 5603 5537)
4(12090 12156 12157 12091)
4(5539 5605 5604 5538)
4(12091 12157 12158 12092)
4(5540 5606 5605 5539)
4(12092 12158 12159 12093)
4(5541 5607 5606 5540)
4(12093 12159 12160 12094)
4(5542 5608 5607 5541)
4(12094 12160 12161 12095)
4(5543 5609 5608 5542)
4(12095 12161 12162 12096)
6(5544 5612 5611 5610 5609 5543)
6(12096 12162 12163 12164 12165 12097)
5(5267 5268 5283 5289 5288)
5(11841 11842 11836 11821 11820)
4(5242 5243 5268 5267)
4(11820 11821 11796 11795)
4(5211 5212 5243 5242)
4(11795 11796 11765 11764)
4(5184 5185 5212 5211)
4(11764 11765 11738 11737)
4(5152 5153 5185 5184)
4(11737 11738 11706 11705)
4(5120 5121 5153 5152)
4(11705 11706 11674 11673)
4(5093 5094 5121 5120)
4(11673 11674 11647 11646)
4(5061 5062 5094 5093)
4(11646 11647 11615 11614)
4(5034 5035 5062 5061)
4(11614 11615 11588 11587)
4(5012 5013 5035 5034)
4(11587 11588 11566 11565)
4(4983 4984 5013 5012)
4(11565 11566 11537 11536)
4(4953 4954 4984 4983)
4(11536 11537 11507 11506)
4(4931 4932 4954 4953)
4(11506 11507 11485 11484)
4(4903 4904 4932 4931)
4(11484 11485 11457 11456)
4(4873 4874 4904 4903)
4(11456 11457 11427 11426)
4(4851 4852 4874 4873)
4(11426 11427 11405 11404)
4(4821 4822 4852 4851)
4(11404 11405 11375 11374)
4(4791 4792 4822 4821)
4(11374 11375 11345 11344)
4(4771 4772 4792 4791)
4(11344 11345 11325 11324)
4(4741 4742 4772 4771)
4(11324 11325 11295 11294)
4(4712 4713 4742 4741)
4(11294 11295 11266 11265)
4(4690 4691 4713 4712)
4(11265 11266 11244 11243)
4(4660 4661 4691 4690)
4(11243 11244 11214 11213)
4(4631 4632 4661 4660)
4(11213 11214 11185 11184)
4(4604 4605 4632 4631)
4(11184 11185 11158 11157)
4(4570 4571 4605 4604)
4(11157 11158 11124 11123)
4(4541 4542 4571 4570)
4(11123 11124 11095 11094)
6(4522 4523 4527 4534 4542 4541)
6(11094 11095 11087 11080 11076 11075)
6(4325 4228 4229 4230 4254 4326)
6(10879 10807 10783 10782 10781 10878)
4(4324 4227 4228 4325)
4(10878 10781 10780 10877)
4(4323 4226 4227 4324)
4(10877 10780 10779 10876)
4(4322 4225 4226 4323)
4(10876 10779 10778 10875)
4(4321 4224 4225 4322)
4(10875 10778 10777 10874)
4(4320 4223 4224 4321)
4(10874 10777 10776 10873)
4(4319 4222 4223 4320)
4(10873 10776 10775 10872)
4(4318 4221 4222 4319)
4(10872 10775 10774 10871)
4(4317 4220 4221 4318)
4(10871 10774 10773 10870)
4(4316 4219 4220 4317)
4(10870 10773 10772 10869)
4(4315 4218 4219 4316)
4(10869 10772 10771 10868)
4(4314 4217 4218 4315)
4(10868 10771 10770 10867)
4(4313 4216 4217 4314)
4(10867 10770 10769 10866)
4(4312 4215 4216 4313)
4(10866 10769 10768 10865)
4(4311 4214 4215 4312)
4(10865 10768 10767 10864)
4(4310 4213 4214 4311)
4(10864 10767 10766 10863)
4(4309 4212 4213 4310)
4(10863 10766 10765 10862)
4(4308 4211 4212 4309)
4(10862 10765 10764 10861)
4(4307 4210 4211 4308)
4(10861 10764 10763 10860)
4(4306 4209 4210 4307)
4(10860 10763 10762 10859)
4(4305 4208 4209 4306)
4(10859 10762 10761 10858)
4(4304 4207 4208 4305)
4(10858 10761 10760 10857)
4(4303 4206 4207 4304)
4(10857 10760 10759 10856)
4(4302 4205 4206 4303)
4(10856 10759 10758 10855)
4(4301 4204 4205 4302)
4(10855 10758 10757 10854)
4(4300 4203 4204 4301)
4(10854 10757 10756 10853)
4(4299 4202 4203 4300)
4(10853 10756 10755 10852)
4(4298 4201 4202 4299)
4(10852 10755 10754 10851)
4(4297 4200 4201 4298)
4(10851 10754 10753 10850)
4(4296 4199 4200 4297)
4(10850 10753 10752 10849)
4(4295 4198 4199 4296)
4(10849 10752 10751 10848)
4(4294 4197 4198 4295)
4(10848 10751 10750 10847)
4(4293 4196 4197 4294)
4(10847 10750 10749 10846)
4(4292 4195 4196 4293)
4(10846 10749 10748 10845)
4(4291 4194 4195 4292)
4(10845 10748 10747 10844)
4(4290 4193 4194 4291)
4(10844 10747 10746 10843)
4(4289 4192 4193 4290)
4(10843 10746 10745 10842)
4(4288 4191 4192 4289)
4(10842 10745 10744 10841)
4(4287 4190 4191 4288)
4(10841 10744 10743 10840)
4(4286 4189 4190 4287)
4(10840 10743 10742 10839)
4(4285 4188 4189 4286)
4(10839 10742 10741 10838)
4(4284 4187 4188 4285)
4(10838 10741 10740 10837)
4(4283 4186 4187 4284)
4(10837 10740 10739 10836)
4(4282 4185 4186 4283)
4(10836 10739 10738 10835)
4(4281 4184 4185 4282)
4(10835 10738 10737 10834)
4(4280 4183 4184 4281)
4(10834 10737 10736 10833)
4(4279 4182 4183 4280)
4(10833 10736 10735 10832)
4(4278 4181 4182 4279)
4(10832 10735 10734 10831)
4(4277 4180 4181 4278)
4(10831 10734 10733 10830)
4(4276 4179 4180 4277)
4(10830 10733 10732 10829)
4(4275 4178 4179 4276)
4(10829 10732 10731 10828)
4(4274 4177 4178 4275)
4(10828 10731 10730 10827)
4(4273 4176 4177 4274)
4(10827 10730 10729 10826)
4(4272 4175 4176 4273)
4(10826 10729 10728 10825)
4(4271 4174 4175 4272)
4(10825 10728 10727 10824)
4(4270 4173 4174 4271)
4(10824 10727 10726 10823)
4(4269 4172 4173 4270)
4(10823 10726 10725 10822)
4(4268 4171 4172 4269)
4(10822 10725 10724 10821)
6(4267 4253 4169 4170 4171 4268)
6(10821 10724 10723 10722 10806 10820)
6(3899 3900 3909 3990 3989 3988)
6(10541 10542 10543 10462 10453 10452)
4(3654 3655 3900 3899)
4(10452 10453 10208 10207)
4(3577 3578 3655 3654)
4(10207 10208 10131 10130)
4(3551 3552 3578 3577)
4(10130 10131 10105 10104)
4(3523 3524 3552 3551)
4(10104 10105 10077 10076)
4(3477 3478 3524 3523)
4(10076 10077 10031 10030)
4(3457 3458 3478 3477)
4(10030 10031 10011 10010)
4(3409 3410 3458 3457)
4(10010 10011 9963 9962)
4(3380 3381 3410 3409)
4(9962 9963 9934 9933)
4(3360 3361 3381 3380)
4(9933 9934 9914 9913)
4(3333 3334 3361 3360)
4(9913 9914 9887 9886)
4(3305 3306 3334 3333)
4(9886 9887 9859 9858)
4(3273 3274 3306 3305)
4(9858 9859 9827 9826)
4(3244 3245 3274 3273)
4(9826 9827 9798 9797)
4(3216 3217 3245 3244)
4(9797 9798 9770 9769)
4(3197 3198 3217 3216)
4(9769 9770 9751 9750)
4(3169 3170 3198 3197)
4(9750 9751 9723 9722)
4(3121 3122 3170 3169)
4(9722 9723 9675 9674)
4(3100 3101 3122 3121)
4(9674 9675 9654 9653)
4(3072 3073 3101 3100)
4(9653 9654 9626 9625)
4(3026 3027 3073 3072)
4(9625 9626 9580 9579)
4(3004 3005 3027 3026)
4(9579 9580 9558 9557)
4(2926 2927 3005 3004)
4(9557 9558 9480 9479)
4(2896 2897 2927 2926)
4(9479 9480 9450 9449)
4(2660 2661 2897 2896)
4(9449 9450 9214 9213)
6(2564 2565 2566 2629 2661 2660)
6(9213 9214 9182 9119 9118 9117)
6(2226 2324 2323 2322 2310 2225)
6(8778 8863 8875 8876 8877 8779)
4(2227 2325 2324 2226)
4(8779 8877 8878 8780)
4(2228 2326 2325 2227)
4(8780 8878 8879 8781)
4(2229 2327 2326 2228)
4(8781 8879 8880 8782)
4(2230 2328 2327 2229)
4(8782 8880 8881 8783)
4(2231 2329 2328 2230)
4(8783 8881 8882 8784)
4(2232 2330 2329 2231)
4(8784 8882 8883 8785)
4(2233 2331 2330 2232)
4(8785 8883 8884 8786)
4(2234 2332 2331 2233)
4(8786 8884 8885 8787)
4(2235 2333 2332 2234)
4(8787 8885 8886 8788)
4(2236 2334 2333 2235)
4(8788 8886 8887 8789)
4(2237 2335 2334 2236)
4(8789 8887 8888 8790)
4(2238 2336 2335 2237)
4(8790 8888 8889 8791)
4(2239 2337 2336 2238)
4(8791 8889 8890 8792)
4(2240 2338 2337 2239)
4(8792 8890 8891 8793)
4(2241 2339 2338 2240)
4(8793 8891 8892 8794)
4(2242 2340 2339 2241)
4(8794 8892 8893 8795)
4(2243 2341 2340 2242)
4(8795 8893 8894 8796)
4(2244 2342 2341 2243)
4(8796 8894 8895 8797)
4(2245 2343 2342 2244)
4(8797 8895 8896 8798)
4(2246 2344 2343 2245)
4(8798 8896 8897 8799)
4(2247 2345 2344 2246)
4(8799 8897 8898 8800)
4(2248 2346 2345 2247)
4(8800 8898 8899 8801)
4(2249 2347 2346 2248)
4(8801 8899 8900 8802)
4(2250 2348 2347 2249)
4(8802 8900 8901 8803)
4(2251 2349 2348 2250)
4(8803 8901 8902 8804)
4(2252 2350 2349 2251)
4(8804 8902 8903 8805)
4(2253 2351 2350 2252)
4(8805 8903 8904 8806)
4(2254 2352 2351 2253)
4(8806 8904 8905 8807)
4(2255 2353 2352 2254)
4(8807 8905 8906 8808)
4(2256 2354 2353 2255)
4(8808 8906 8907 8809)
4(2257 2355 2354 2256)
4(8809 8907 8908 8810)
4(2258 2356 2355 2257)
4(8810 8908 8909 8811)
4(2259 2357 2356 2258)
4(8811 8909 8910 8812)
4(2260 2358 2357 2259)
4(8812 8910 8911 8813)
4(2261 2359 2358 2260)
4(8813 8911 8912 8814)
4(2262 2360 2359 2261)
4(8814 8912 8913 8815)
4(2263 2361 2360 2262)
4(8815 8913 8914 8816)
4(2264 2362 2361 2263)
4(8816 8914 8915 8817)
4(2265 2363 2362 2264)
4(8817 8915 8916 8818)
4(2266 2364 2363 2265)
4(8818 8916 8917 8819)
4(2267 2365 2364 2266)
4(8819 8917 8918 8820)
4(2268 2366 2365 2267)
4(8820 8918 8919 8821)
4(2269 2367 2366 2268)
4(8821 8919 8920 8822)
4(2270 2368 2367 2269)
4(8822 8920 8921 8823)
4(2271 2369 2368 2270)
4(8823 8921 8922 8824)
4(2272 2370 2369 2271)
4(8824 8922 8923 8825)
4(2273 2371 2370 2272)
4(8825 8923 8924 8826)
4(2274 2372 2371 2273)
4(8826 8924 8925 8827)
4(2275 2373 2372 2274)
4(8827 8925 8926 8828)
4(2276 2374 2373 2275)
4(8828 8926 8927 8829)
4(2277 2375 2374 2276)
4(8829 8927 8928 8830)
4(2278 2376 2375 2277)
4(8830 8928 8929 8831)
4(2279 2377 2376 2278)
4(8831 8929 8930 8832)
4(2280 2378 2377 2279)
4(8832 8930 8931 8833)
4(2281 2379 2378 2280)
4(8833 8931 8932 8834)
4(2282 2380 2379 2281)
4(8834 8932 8933 8835)
4(2283 2381 2380 2282)
4(8835 8933 8934 8836)
6(2284 2311 2383 2382 2381 2283)
6(8836 8934 8935 8936 8864 8837)
6(2011 2012 2018 2026 2040 2039)
6(8592 8593 8579 8571 8565 8564)
4(1978 1979 2012 2011)
4(8564 8565 8532 8531)
4(1952 1953 1979 1978)
4(8531 8532 8506 8505)
4(1916 1917 1953 1952)
4(8505 8506 8470 8469)
4(1889 1890 1917 1916)
4(8469 8470 8443 8442)
4(1867 1868 1890 1889)
4(8442 8443 8421 8420)
4(1838 1839 1868 1867)
4(8420 8421 8392 8391)
4(1808 1809 1839 1838)
4(8391 8392 8362 8361)
4(1786 1787 1809 1808)
4(8361 8362 8340 8339)
4(1758 1759 1787 1786)
4(8339 8340 8312 8311)
4(1728 1729 1759 1758)
4(8311 8312 8282 8281)
4(1706 1707 1729 1728)
4(8281 8282 8260 8259)
4(1676 1677 1707 1706)
4(8259 8260 8230 8229)
4(1646 1647 1677 1676)
4(8229 8230 8200 8199)
4(1626 1627 1647 1646)
4(8199 8200 8180 8179)
4(1596 1597 1627 1626)
4(8179 8180 8150 8149)
4(1567 1568 1597 1596)
4(8149 8150 8121 8120)
4(1545 1546 1568 1567)
4(8120 8121 8099 8098)
4(1515 1516 1546 1545)
4(8098 8099 8069 8068)
4(1488 1489 1516 1515)
4(8068 8069 8042 8041)
4(1466 1467 1489 1488)
4(8041 8042 8020 8019)
4(1432 1433 1467 1466)
4(8019 8020 7986 7985)
4(1397 1398 1433 1432)
4(7985 7986 7951 7950)
4(1370 1371 1398 1397)
4(7950 7951 7924 7923)
4(1338 1339 1371 1370)
4(7923 7924 7892 7891)
4(1309 1310 1339 1338)
4(7891 7892 7863 7862)
4(1288 1289 1310 1309)
4(7862 7863 7842 7841)
5(1265 1266 1270 1289 1288)
5(7841 7842 7823 7819 7818)
6(1067 1001 1002 1003 1004 1068)
6(7621 7557 7556 7555 7554 7620)
4(1066 1000 1001 1067)
4(7620 7554 7553 7619)
4(1065 999 1000 1066)
4(7619 7553 7552 7618)
4(1064 998 999 1065)
4(7618 7552 7551 7617)
4(1063 997 998 1064)
4(7617 7551 7550 7616)
4(1062 996 997 1063)
4(7616 7550 7549 7615)
4(1061 995 996 1062)
4(7615 7549 7548 7614)
4(1060 994 995 1061)
4(7614 7548 7547 7613)
4(1059 993 994 1060)
4(7613 7547 7546 7612)
4(1058 992 993 1059)
4(7612 7546 7545 7611)
4(1057 991 992 1058)
4(7611 7545 7544 7610)
4(1056 990 991 1057)
4(7610 7544 7543 7609)
4(1055 989 990 1056)
4(7609 7543 7542 7608)
4(1054 988 989 1055)
4(7608 7542 7541 7607)
4(1053 987 988 1054)
4(7607 7541 7540 7606)
4(1052 986 987 1053)
4(7606 7540 7539 7605)
4(1051 985 986 1052)
4(7605 7539 7538 7604)
4(1050 984 985 1051)
4(7604 7538 7537 7603)
4(1049 983 984 1050)
4(7603 7537 7536 7602)
4(1048 982 983 1049)
4(7602 7536 7535 7601)
4(1047 981 982 1048)
4(7601 7535 7534 7600)
4(1046 980 981 1047)
4(7600 7534 7533 7599)
4(1045 979 980 1046)
4(7599 7533 7532 7598)
4(1044 978 979 1045)
4(7598 7532 7531 7597)
4(1043 977 978 1044)
4(7597 7531 7530 7596)
4(1042 976 977 1043)
4(7596 7530 7529 7595)
4(1041 975 976 1042)
4(7595 7529 7528 7594)
4(1040 974 975 1041)
4(7594 7528 7527 7593)
4(1039 973 974 1040)
4(7593 7527 7526 7592)
4(1038 972 973 1039)
4(7592 7526 7525 7591)
4(1037 971 972 1038)
4(7591 7525 7524 7590)
4(1036 970 971 1037)
4(7590 7524 7523 7589)
4(1035 969 970 1036)
4(7589 7523 7522 7588)
4(1034 968 969 1035)
4(7588 7522 7521 7587)
4(1033 967 968 1034)
4(7587 7521 7520 7586)
4(1032 966 967 1033)
4(7586 7520 7519 7585)
4(1031 965 966 1032)
4(7585 7519 7518 7584)
4(1030 964 965 1031)
4(7584 7518 7517 7583)
4(1029 963 964 1030)
4(7583 7517 7516 7582)
4(1028 962 963 1029)
4(7582 7516 7515 7581)
4(1027 961 962 1028)
4(7581 7515 7514 7580)
4(1026 960 961 1027)
4(7580 7514 7513 7579)
4(1025 959 960 1026)
4(7579 7513 7512 7578)
4(1024 958 959 1025)
4(7578 7512 7511 7577)
4(1023 957 958 1024)
4(7577 7511 7510 7576)
4(1022 956 957 1023)
4(7576 7510 7509 7575)
4(1021 955 956 1022)
4(7575 7509 7508 7574)
4(1020 954 955 1021)
4(7574 7508 7507 7573)
4(1019 953 954 1020)
4(7573 7507 7506 7572)
4(1018 952 953 1019)
4(7572 7506 7505 7571)
4(1017 951 952 1018)
4(7571 7505 7504 7570)
4(1016 950 951 1017)
4(7570 7504 7503 7569)
4(1015 949 950 1016)
4(7569 7503 7502 7568)
4(1014 948 949 1015)
4(7568 7502 7501 7567)
4(1013 947 948 1014)
4(7567 7501 7500 7566)
4(1012 946 947 1013)
4(7566 7500 7499 7565)
4(1011 945 946 1012)
4(7565 7499 7498 7564)
4(1010 944 945 1011)
4(7564 7498 7497 7563)
4(1009 943 944 1010)
4(7563 7497 7496 7562)
6(1008 940 941 942 943 1009)
6(7562 7496 7495 7494 7493 7561)
6(1364 1363 1352 1330 1324 1325)
6(7878 7877 7883 7905 7916 7917)
4(1415 1414 1363 1364)
4(7917 7916 7967 7968)
4(1460 1459 1414 1415)
4(7968 7967 8012 8013)
4(1503 1502 1459 1460)
4(8013 8012 8055 8056)
4(1539 1538 1502 1503)
4(8056 8055 8091 8092)
4(1584 1583 1538 1539)
4(8092 8091 8136 8137)
4(1620 1619 1583 1584)
4(8137 8136 8172 8173)
4(1662 1661 1619 1620)
4(8173 8172 8214 8215)
4(1700 1699 1661 1662)
4(8215 8214 8252 8253)
4(1746 1745 1699 1700)
4(8253 8252 8298 8299)
4(1780 1779 1745 1746)
4(8299 8298 8332 8333)
4(1824 1823 1779 1780)
4(8333 8332 8376 8377)
4(1861 1860 1823 1824)
4(8377 8376 8413 8414)
4(1904 1903 1860 1861)
4(8414 8413 8456 8457)
4(1946 1945 1903 1904)
4(8457 8456 8498 8499)
4(1998 1997 1945 1946)
4(8499 8498 8550 8551)
4(2033 2032 1997 1998)
4(8551 8550 8585 8586)
4(2068 2067 2032 2033)
4(8586 8585 8620 8621)
4(2299 2298 2067 2068)
4(8621 8620 8851 8852)
4(2485 2484 2298 2299)
4(8852 8851 9037 9038)
4(2654 2653 2484 2485)
4(9038 9037 9206 9207)
4(2911 2910 2653 2654)
4(9207 9206 9463 9464)
4(2998 2997 2910 2911)
4(9464 9463 9550 9551)
4(3041 3040 2997 2998)
4(9551 9550 9593 9594)
4(3094 3093 3040 3041)
4(9594 9593 9646 9647)
4(3158 3157 3093 3094)
4(9647 9646 9710 9711)
4(3191 3190 3157 3158)
4(9711 9710 9743 9744)
4(3231 3230 3190 3191)
4(9744 9743 9783 9784)
4(3267 3266 3230 3231)
4(9784 9783 9819 9820)
4(3322 3321 3266 3267)
4(9820 9819 9874 9875)
4(3354 3353 3321 3322)
4(9875 9874 9906 9907)
4(3395 3394 3353 3354)
4(9907 9906 9947 9948)
4(3451 3450 3394 3395)
4(9948 9947 10003 10004)
4(3492 3491 3450 3451)
4(10004 10003 10044 10045)
4(3545 3544 3491 3492)
4(10045 10044 10097 10098)
4(3642 3641 3544 3545)
4(10098 10097 10194 10195)
4(3893 3892 3641 3642)
4(10195 10194 10445 10446)
4(4068 4067 3892 3893)
4(10446 10445 10620 10621)
4(4242 4241 4067 4068)
4(10621 10620 10794 10795)
4(4485 4484 4241 4242)
4(10795 10794 11037 11038)
4(4516 4515 4484 4485)
4(11038 11037 11068 11069)
4(4555 4554 4515 4516)
4(11069 11068 11107 11108)
4(4598 4597 4554 4555)
4(11108 11107 11150 11151)
4(4648 4647 4597 4598)
4(11151 11150 11200 11201)
4(4684 4683 4647 4648)
4(11201 11200 11236 11237)
4(4729 4728 4683 4684)
4(11237 11236 11281 11282)
4(4765 4764 4728 4729)
4(11282 11281 11317 11318)
4(4807 4806 4764 4765)
4(11318 11317 11359 11360)
4(4845 4844 4806 4807)
4(11360 11359 11397 11398)
4(4891 4890 4844 4845)
4(11398 11397 11443 11444)
4(4925 4924 4890 4891)
4(11444 11443 11477 11478)
4(4969 4968 4924 4925)
4(11478 11477 11521 11522)
4(5006 5005 4968 4969)
4(11522 11521 11558 11559)
4(5049 5048 5005 5006)
4(11559 11558 11601 11602)
4(5087 5086 5048 5049)
4(11602 11601 11639 11640)
4(5138 5137 5086 5087)
4(11640 11639 11690 11691)
4(5178 5177 5137 5138)
4(11691 11690 11730 11731)
6(5225 5224 5218 5200 5177 5178)
6(11731 11730 11753 11771 11777 11778)
6(5552 5626 5625 5624 5623 5551)
6(12104 12176 12177 12178 12179 12105)
4(5553 5627 5626 5552)
4(12105 12179 12180 12106)
4(5554 5628 5627 5553)
4(12106 12180 12181 12107)
4(5555 5629 5628 5554)
4(12107 12181 12182 12108)
4(5556 5630 5629 5555)
4(12108 12182 12183 12109)
4(5557 5631 5630 5556)
4(12109 12183 12184 12110)
4(5558 5632 5631 5557)
4(12110 12184 12185 12111)
4(5559 5633 5632 5558)
4(12111 12185 12186 12112)
4(5560 5634 5633 5559)
4(12112 12186 12187 12113)
4(5561 5635 5634 5560)
4(12113 12187 12188 12114)
4(5562 5636 5635 5561)
4(12114 12188 12189 12115)
4(5563 5637 5636 5562)
4(12115 12189 12190 12116)
4(5564 5638 5637 5563)
4(12116 12190 12191 12117)
4(5565 5639 5638 5564)
4(12117 12191 12192 12118)
4(5566 5640 5639 5565)
4(12118 12192 12193 12119)
4(5567 5641 5640 5566)
4(12119 12193 12194 12120)
4(5568 5642 5641 5567)
4(12120 12194 12195 12121)
4(5569 5643 5642 5568)
4(12121 12195 12196 12122)
4(5570 5644 5643 5569)
4(12122 12196 12197 12123)
4(5571 5645 5644 5570)
4(12123 12197 12198 12124)
4(5572 5646 5645 5571)
4(12124 12198 12199 12125)
4(5573 5647 5646 5572)
4(12125 12199 12200 12126)
4(5574 5648 5647 5573)
4(12126 12200 12201 12127)
4(5575 5649 5648 5574)
4(12127 12201 12202 12128)
4(5576 5650 5649 5575)
4(12128 12202 12203 12129)
4(5577 5651 5650 5576)
4(12129 12203 12204 12130)
4(5578 5652 5651 5577)
4(12130 12204 12205 12131)
4(5579 5653 5652 5578)
4(12131 12205 12206 12132)
4(5580 5654 5653 5579)
4(12132 12206 12207 12133)
4(5581 5655 5654 5580)
4(12133 12207 12208 12134)
4(5582 5656 5655 5581)
4(12134 12208 12209 12135)
4(5583 5657 5656 5582)
4(12135 12209 12210 12136)
4(5584 5658 5657 5583)
4(12136 12210 12211 12137)
4(5585 5659 5658 5584)
4(12137 12211 12212 12138)
4(5586 5660 5659 5585)
4(12138 12212 12213 12139)
4(5587 5661 5660 5586)
4(12139 12213 12214 12140)
4(5588 5662 5661 5587)
4(12140 12214 12215 12141)
4(5589 5663 5662 5588)
4(12141 12215 12216 12142)
4(5590 5664 5663 5589)
4(12142 12216 12217 12143)
4(5591 5665 5664 5590)
4(12143 12217 12218 12144)
4(5592 5666 5665 5591)
4(12144 12218 12219 12145)
4(5593 5667 5666 5592)
4(12145 12219 12220 12146)
4(5594 5668 5667 5593)
4(12146 12220 12221 12147)
4(5595 5669 5668 5594)
4(12147 12221 12222 12148)
4(5596 5670 5669 5595)
4(12148 12222 12223 12149)
4(5597 5671 5670 5596)
4(12149 12223 12224 12150)
4(5598 5672 5671 5597)
4(12150 12224 12225 12151)
4(5599 5673 5672 5598)
4(12151 12225 12226 12152)
4(5600 5674 5673 5599)
4(12152 12226 12227 12153)
4(5601 5675 5674 5600)
4(12153 12227 12228 12154)
4(5602 5676 5675 5601)
4(12154 12228 12229 12155)
4(5603 5677 5676 5602)
4(12155 12229 12230 12156)
4(5604 5678 5677 5603)
4(12156 12230 12231 12157)
4(5605 5679 5678 5604)
4(12157 12231 12232 12158)
4(5606 5680 5679 5605)
4(12158 12232 12233 12159)
4(5607 5681 5680 5606)
4(12159 12233 12234 12160)
4(5608 5682 5681 5607)
4(12160 12234 12235 12161)
6(5609 5685 5684 5683 5682 5608)
6(12161 12235 12236 12237 12238 12162)
5(5243 5244 5248 5269 5268)
5(11821 11822 11801 11797 11796)
4(5212 5213 5244 5243)
4(11796 11797 11766 11765)
4(5185 5186 5213 5212)
4(11765 11766 11739 11738)
4(5153 5154 5186 5185)
4(11738 11739 11707 11706)
4(5121 5122 5154 5153)
4(11706 11707 11675 11674)
4(5094 5095 5122 5121)
4(11674 11675 11648 11647)
4(5062 5063 5095 5094)
4(11647 11648 11616 11615)
4(5035 5036 5063 5062)
4(11615 11616 11589 11588)
4(5013 5014 5036 5035)
4(11588 11589 11567 11566)
4(4984 4985 5014 5013)
4(11566 11567 11538 11537)
4(4954 4955 4985 4984)
4(11537 11538 11508 11507)
4(4932 4933 4955 4954)
4(11507 11508 11486 11485)
4(4904 4905 4933 4932)
4(11485 11486 11458 11457)
4(4874 4875 4905 4904)
4(11457 11458 11428 11427)
4(4852 4853 4875 4874)
4(11427 11428 11406 11405)
4(4822 4823 4853 4852)
4(11405 11406 11376 11375)
4(4792 4793 4823 4822)
4(11375 11376 11346 11345)
4(4772 4773 4793 4792)
4(11345 11346 11326 11325)
4(4742 4743 4773 4772)
4(11325 11326 11296 11295)
4(4713 4714 4743 4742)
4(11295 11296 11267 11266)
4(4691 4692 4714 4713)
4(11266 11267 11245 11244)
4(4661 4662 4692 4691)
4(11244 11245 11215 11214)
4(4632 4633 4662 4661)
4(11214 11215 11186 11185)
4(4605 4606 4633 4632)
4(11185 11186 11159 11158)
4(4571 4572 4606 4605)
4(11158 11159 11125 11124)
5(4542 4543 4547 4572 4571)
5(11124 11125 11100 11096 11095)
6(4227 4154 4155 4156 4166 4228)
6(10781 10719 10709 10708 10707 10780)
4(4226 4153 4154 4227)
4(10780 10707 10706 10779)
4(4225 4152 4153 4226)
4(10779 10706 10705 10778)
4(4224 4151 4152 4225)
4(10778 10705 10704 10777)
4(4223 4150 4151 4224)
4(10777 10704 10703 10776)
4(4222 4149 4150 4223)
4(10776 10703 10702 10775)
4(4221 4148 4149 4222)
4(10775 10702 10701 10774)
4(4220 4147 4148 4221)
4(10774 10701 10700 10773)
4(4219 4146 4147 4220)
4(10773 10700 10699 10772)
4(4218 4145 4146 4219)
4(10772 10699 10698 10771)
4(4217 4144 4145 4218)
4(10771 10698 10697 10770)
4(4216 4143 4144 4217)
4(10770 10697 10696 10769)
4(4215 4142 4143 4216)
4(10769 10696 10695 10768)
4(4214 4141 4142 4215)
4(10768 10695 10694 10767)
4(4213 4140 4141 4214)
4(10767 10694 10693 10766)
4(4212 4139 4140 4213)
4(10766 10693 10692 10765)
4(4211 4138 4139 4212)
4(10765 10692 10691 10764)
4(4210 4137 4138 4211)
4(10764 10691 10690 10763)
4(4209 4136 4137 4210)
4(10763 10690 10689 10762)
4(4208 4135 4136 4209)
4(10762 10689 10688 10761)
4(4207 4134 4135 4208)
4(10761 10688 10687 10760)
4(4206 4133 4134 4207)
4(10760 10687 10686 10759)
4(4205 4132 4133 4206)
4(10759 10686 10685 10758)
4(4204 4131 4132 4205)
4(10758 10685 10684 10757)
4(4203 4130 4131 4204)
4(10757 10684 10683 10756)
4(4202 4129 4130 4203)
4(10756 10683 10682 10755)
4(4201 4128 4129 4202)
4(10755 10682 10681 10754)
4(4200 4127 4128 4201)
4(10754 10681 10680 10753)
4(4199 4126 4127 4200)
4(10753 10680 10679 10752)
4(4198 4125 4126 4199)
4(10752 10679 10678 10751)
4(4197 4124 4125 4198)
4(10751 10678 10677 10750)
4(4196 4123 4124 4197)
4(10750 10677 10676 10749)
4(4195 4122 4123 4196)
4(10749 10676 10675 10748)
4(4194 4121 4122 4195)
4(10748 10675 10674 10747)
4(4193 4120 4121 4194)
4(10747 10674 10673 10746)
4(4192 4119 4120 4193)
4(10746 10673 10672 10745)
4(4191 4118 4119 4192)
4(10745 10672 10671 10744)
4(4190 4117 4118 4191)
4(10744 10671 10670 10743)
4(4189 4116 4117 4190)
4(10743 10670 10669 10742)
4(4188 4115 4116 4189)
4(10742 10669 10668 10741)
4(4187 4114 4115 4188)
4(10741 10668 10667 10740)
4(4186 4113 4114 4187)
4(10740 10667 10666 10739)
4(4185 4112 4113 4186)
4(10739 10666 10665 10738)
4(4184 4111 4112 4185)
4(10738 10665 10664 10737)
4(4183 4110 4111 4184)
4(10737 10664 10663 10736)
4(4182 4109 4110 4183)
4(10736 10663 10662 10735)
4(4181 4108 4109 4182)
4(10735 10662 10661 10734)
4(4180 4107 4108 4181)
4(10734 10661 10660 10733)
4(4179 4106 4107 4180)
4(10733 10660 10659 10732)
4(4178 4105 4106 4179)
4(10732 10659 10658 10731)
4(4177 4104 4105 4178)
4(10731 10658 10657 10730)
4(4176 4103 4104 4177)
4(10730 10657 10656 10729)
4(4175 4102 4103 4176)
4(10729 10656 10655 10728)
4(4174 4101 4102 4175)
4(10728 10655 10654 10727)
4(4173 4100 4101 4174)
4(10727 10654 10653 10726)
4(4172 4099 4100 4173)
4(10726 10653 10652 10725)
7(4171 4165 4096 4097 4098 4099 4172)
7(10725 10652 10651 10650 10649 10718 10724)
7(3655 3656 3663 3882 3902 3901 3900)
7(10453 10454 10455 10435 10216 10209 10208)
4(3578 3579 3656 3655)
4(10208 10209 10132 10131)
4(3552 3553 3579 3578)
4(10131 10132 10106 10105)
4(3524 3525 3553 3552)
4(10105 10106 10078 10077)
4(3478 3479 3525 3524)
4(10077 10078 10032 10031)
4(3458 3459 3479 3478)
4(10031 10032 10012 10011)
4(3410 3411 3459 3458)
4(10011 10012 9964 9963)
4(3381 3382 3411 3410)
4(9963 9964 9935 9934)
4(3361 3362 3382 3381)
4(9934 9935 9915 9914)
4(3334 3335 3362 3361)
4(9914 9915 9888 9887)
4(3306 3307 3335 3334)
4(9887 9888 9860 9859)
4(3274 3275 3307 3306)
4(9859 9860 9828 9827)
4(3245 3246 3275 3274)
4(9827 9828 9799 9798)
4(3217 3218 3246 3245)
4(9798 9799 9771 9770)
4(3198 3199 3218 3217)
4(9770 9771 9752 9751)
4(3170 3171 3199 3198)
4(9751 9752 9724 9723)
4(3122 3123 3171 3170)
4(9723 9724 9676 9675)
4(3101 3102 3123 3122)
4(9675 9676 9655 9654)
4(3073 3074 3102 3101)
4(9654 9655 9627 9626)
4(3027 3028 3074 3073)
4(9626 9627 9581 9580)
4(3005 3006 3028 3027)
4(9580 9581 9559 9558)
4(2927 2928 3006 3005)
4(9558 9559 9481 9480)
4(2897 2898 2928 2927)
4(9480 9481 9451 9450)
7(2661 2662 2663 2667 2802 2898 2897)
7(9450 9451 9355 9220 9216 9215 9214)
7(2325 2399 2398 2397 2396 2392 2324)
7(8877 8945 8949 8950 8951 8952 8878)
4(2326 2400 2399 2325)
4(8878 8952 8953 8879)
4(2327 2401 2400 2326)
4(8879 8953 8954 8880)
4(2328 2402 2401 2327)
4(8880 8954 8955 8881)
4(2329 2403 2402 2328)
4(8881 8955 8956 8882)
4(2330 2404 2403 2329)
4(8882 8956 8957 8883)
4(2331 2405 2404 2330)
4(8883 8957 8958 8884)
4(2332 2406 2405 2331)
4(8884 8958 8959 8885)
4(2333 2407 2406 2332)
4(8885 8959 8960 8886)
4(2334 2408 2407 2333)
4(8886 8960 8961 8887)
4(2335 2409 2408 2334)
4(8887 8961 8962 8888)
4(2336 2410 2409 2335)
4(8888 8962 8963 8889)
4(2337 2411 2410 2336)
4(8889 8963 8964 8890)
4(2338 2412 2411 2337)
4(8890 8964 8965 8891)
4(2339 2413 2412 2338)
4(8891 8965 8966 8892)
4(2340 2414 2413 2339)
4(8892 8966 8967 8893)
4(2341 2415 2414 2340)
4(8893 8967 8968 8894)
4(2342 2416 2415 2341)
4(8894 8968 8969 8895)
4(2343 2417 2416 2342)
4(8895 8969 8970 8896)
4(2344 2418 2417 2343)
4(8896 8970 8971 8897)
4(2345 2419 2418 2344)
4(8897 8971 8972 8898)
4(2346 2420 2419 2345)
4(8898 8972 8973 8899)
4(2347 2421 2420 2346)
4(8899 8973 8974 8900)
4(2348 2422 2421 2347)
4(8900 8974 8975 8901)
4(2349 2423 2422 2348)
4(8901 8975 8976 8902)
4(2350 2424 2423 2349)
4(8902 8976 8977 8903)
4(2351 2425 2424 2350)
4(8903 8977 8978 8904)
4(2352 2426 2425 2351)
4(8904 8978 8979 8905)
4(2353 2427 2426 2352)
4(8905 8979 8980 8906)
4(2354 2428 2427 2353)
4(8906 8980 8981 8907)
4(2355 2429 2428 2354)
4(8907 8981 8982 8908)
4(2356 2430 2429 2355)
4(8908 8982 8983 8909)
4(2357 2431 2430 2356)
4(8909 8983 8984 8910)
4(2358 2432 2431 2357)
4(8910 8984 8985 8911)
4(2359 2433 2432 2358)
4(8911 8985 8986 8912)
4(2360 2434 2433 2359)
4(8912 8986 8987 8913)
4(2361 2435 2434 2360)
4(8913 8987 8988 8914)
4(2362 2436 2435 2361)
4(8914 8988 8989 8915)
4(2363 2437 2436 2362)
4(8915 8989 8990 8916)
4(2364 2438 2437 2363)
4(8916 8990 8991 8917)
4(2365 2439 2438 2364)
4(8917 8991 8992 8918)
4(2366 2440 2439 2365)
4(8918 8992 8993 8919)
4(2367 2441 2440 2366)
4(8919 8993 8994 8920)
4(2368 2442 2441 2367)
4(8920 8994 8995 8921)
4(2369 2443 2442 2368)
4(8921 8995 8996 8922)
4(2370 2444 2443 2369)
4(8922 8996 8997 8923)
4(2371 2445 2444 2370)
4(8923 8997 8998 8924)
4(2372 2446 2445 2371)
4(8924 8998 8999 8925)
4(2373 2447 2446 2372)
4(8925 8999 9000 8926)
4(2374 2448 2447 2373)
4(8926 9000 9001 8927)
4(2375 2449 2448 2374)
4(8927 9001 9002 8928)
4(2376 2450 2449 2375)
4(8928 9002 9003 8929)
4(2377 2451 2450 2376)
4(8929 9003 9004 8930)
4(2378 2452 2451 2377)
4(8930 9004 9005 8931)
4(2379 2453 2452 2378)
4(8931 9005 9006 8932)
4(2380 2454 2453 2379)
4(8932 9006 9007 8933)
6(2381 2393 2456 2455 2454 2380)
6(8933 9007 9008 9009 8946 8934)
5(1979 1980 2005 2013 2012)
5(8565 8566 8558 8533 8532)
4(1953 1954 1980 1979)
4(8532 8533 8507 8506)
4(1917 1918 1954 1953)
4(8506 8507 8471 8470)
4(1890 1891 1918 1917)
4(8470 8471 8444 8443)
4(1868 1869 1891 1890)
4(8443 8444 8422 8421)
4(1839 1840 1869 1868)
4(8421 8422 8393 8392)
4(1809 1810 1840 1839)
4(8392 8393 8363 8362)
4(1787 1788 1810 1809)
4(8362 8363 8341 8340)
4(1759 1760 1788 1787)
4(8340 8341 8313 8312)
4(1729 1730 1760 1759)
4(8312 8313 8283 8282)
4(1707 1708 1730 1729)
4(8282 8283 8261 8260)
4(1677 1678 1708 1707)
4(8260 8261 8231 8230)
4(1647 1648 1678 1677)
4(8230 8231 8201 8200)
4(1627 1628 1648 1647)
4(8200 8201 8181 8180)
4(1597 1598 1628 1627)
4(8180 8181 8151 8150)
4(1568 1569 1598 1597)
4(8150 8151 8122 8121)
4(1546 1547 1569 1568)
4(8121 8122 8100 8099)
4(1516 1517 1547 1546)
4(8099 8100 8070 8069)
4(1489 1490 1517 1516)
4(8069 8070 8043 8042)
4(1467 1468 1490 1489)
4(8042 8043 8021 8020)
4(1433 1434 1468 1467)
4(8020 8021 7987 7986)
4(1398 1399 1434 1433)
4(7986 7987 7952 7951)
4(1371 1372 1399 1398)
4(7951 7952 7925 7924)
4(1339 1340 1372 1371)
4(7924 7925 7893 7892)
4(1310 1311 1340 1339)
4(7892 7893 7864 7863)
5(1289 1290 1303 1311 1310)
5(7863 7864 7856 7843 7842)
6(1000 926 927 928 929 1001)
6(7554 7482 7481 7480 7479 7553)
4(999 925 926 1000)
4(7553 7479 7478 7552)
4(998 924 925 999)
4(7552 7478 7477 7551)
4(997 923 924 998)
4(7551 7477 7476 7550)
4(996 922 923 997)
4(7550 7476 7475 7549)
4(995 921 922 996)
4(7549 7475 7474 7548)
4(994 920 921 995)
4(7548 7474 7473 7547)
4(993 919 920 994)
4(7547 7473 7472 7546)
4(992 918 919 993)
4(7546 7472 7471 7545)
4(991 917 918 992)
4(7545 7471 7470 7544)
4(990 916 917 991)
4(7544 7470 7469 7543)
4(989 915 916 990)
4(7543 7469 7468 7542)
4(988 914 915 989)
4(7542 7468 7467 7541)
4(987 913 914 988)
4(7541 7467 7466 7540)
4(986 912 913 987)
4(7540 7466 7465 7539)
4(985 911 912 986)
4(7539 7465 7464 7538)
4(984 910 911 985)
4(7538 7464 7463 7537)
4(983 909 910 984)
4(7537 7463 7462 7536)
4(982 908 909 983)
4(7536 7462 7461 7535)
4(981 907 908 982)
4(7535 7461 7460 7534)
4(980 906 907 981)
4(7534 7460 7459 7533)
4(979 905 906 980)
4(7533 7459 7458 7532)
4(978 904 905 979)
4(7532 7458 7457 7531)
4(977 903 904 978)
4(7531 7457 7456 7530)
4(976 902 903 977)
4(7530 7456 7455 7529)
4(975 901 902 976)
4(7529 7455 7454 7528)
4(974 900 901 975)
4(7528 7454 7453 7527)
4(973 899 900 974)
4(7527 7453 7452 7526)
4(972 898 899 973)
4(7526 7452 7451 7525)
4(971 897 898 972)
4(7525 7451 7450 7524)
4(970 896 897 971)
4(7524 7450 7449 7523)
4(969 895 896 970)
4(7523 7449 7448 7522)
4(968 894 895 969)
4(7522 7448 7447 7521)
4(967 893 894 968)
4(7521 7447 7446 7520)
4(966 892 893 967)
4(7520 7446 7445 7519)
4(965 891 892 966)
4(7519 7445 7444 7518)
4(964 890 891 965)
4(7518 7444 7443 7517)
4(963 889 890 964)
4(7517 7443 7442 7516)
4(962 888 889 963)
4(7516 7442 7441 7515)
4(961 887 888 962)
4(7515 7441 7440 7514)
4(960 886 887 961)
4(7514 7440 7439 7513)
4(959 885 886 960)
4(7513 7439 7438 7512)
4(958 884 885 959)
4(7512 7438 7437 7511)
4(957 883 884 958)
4(7511 7437 7436 7510)
4(956 882 883 957)
4(7510 7436 7435 7509)
4(955 881 882 956)
4(7509 7435 7434 7508)
4(954 880 881 955)
4(7508 7434 7433 7507)
4(953 879 880 954)
4(7507 7433 7432 7506)
4(952 878 879 953)
4(7506 7432 7431 7505)
4(951 877 878 952)
4(7505 7431 7430 7504)
4(950 876 877 951)
4(7504 7430 7429 7503)
4(949 875 876 950)
4(7503 7429 7428 7502)
4(948 874 875 949)
4(7502 7428 7427 7501)
4(947 873 874 948)
4(7501 7427 7426 7500)
4(946 872 873 947)
4(7500 7426 7425 7499)
4(945 871 872 946)
4(7499 7425 7424 7498)
4(944 870 871 945)
4(7498 7424 7423 7497)
6(943 867 868 869 870 944)
6(7497 7423 7422 7421 7420 7496)
)
