FoamFile
{
    version 2.0;
    format ascii;
    arch "LSB;label=32;scalar=64";
    class vectorField;
    location "constant/polyMesh";
    object points;
}

13106
(
(-1 -1 0)
(-1 -0.375 0)
(-1 -0.0625 0)
(-1 0.25 0)
(-1 0.5625 0)
(-1 0.875 0)
(-1 1.1875 0)
(-1 1.5 0)
(-1 1.8125 0)
(-1 2.125 0)
(-1 2.4375 0)
(-1 2.75 0)
(-1 3.0625 0)
(-1 3.375 0)
(-1 4 0)
(-0.6875 -0.375 0)
(-0.6875 -0.0625 0)
(-0.6875 0.09375 0)
(-0.6875 0.25 0)
(-0.6875 0.40625 0)
(-0.6875 0.5625 0)
(-0.6875 0.71875 0)
(-0.6875 0.875 0)
(-0.6875 1.03125 0)
(-0.6875 1.1875 0)
(-0.6875 1.34375 0)
(-0.6875 1.5 0)
(-0.6875 1.65625 0)
(-0.6875 1.8125 0)
(-0.6875 1.96875 0)
(-0.6875 2.125 0)
(-0.6875 2.28125 0)
(-0.6875 2.4375 0)
(-0.6875 2.59375 0)
(-0.6875 2.75 0)
(-0.6875 2.90625 0)
(-0.6875 3.0625 0)
(-0.6875 3.375 0)
(-0.53125 -0.0625 0)
(-0.53125 0.09375 0)
(-0.53125 0.25 0)
(-0.53125 0.40625 0)
(-0.53125 0.5625 0)
(-0.53125 0.71875 0)
(-0.53125 0.875 0)
(-0.53125 1.03125 0)
(-0.53125 1.1875 0)
(-0.53125 1.34375 0)
(-0.53125 1.5 0)
(-0.53125 1.65625 0)
(-0.53125 1.8125 0)
(-0.53125 1.96875 0)
(-0.53125 2.125 0)
(-0.53125 2.28125 0)
(-0.53125 2.4375 0)
(-0.53125 2.59375 0)
(-0.53125 2.75 0)
(-0.53125 2.90625 0)
(-0.53125 3.0625 0)
(-0.375 -1 0)
(-0.375 -0.6875 0)
(-0.375 -0.375 0)
(-0.375 -0.21875 0)
(-0.375 -0.0625 0)
(-0.375 0.09375 0)
(-0.375 0.171875 0)
(-0.375 0.25 0)
(-0.375 0.328125 0)
(-0.375 0.40625 0)
(-0.375 0.484375 0)
(-0.375 0.5625 0)
(-0.375 0.640625 0)
(-0.375 0.71875 0)
(-0.375 0.796875 0)
(-0.375 0.875 0)
(-0.375 0.953125 0)
(-0.375 1.03125 0)
(-0.375 1.109375 0)
(-0.375 1.1875 0)
(-0.375 1.265625 0)
(-0.375 1.34375 0)
(-0.375 1.421875 0)
(-0.375 1.5 0)
(-0.375 1.578125 0)
(-0.375 1.65625 0)
(-0.375 1.734375 0)
(-0.375 1.8125 0)
(-0.375 1.890625 0)
(-0.375 1.96875 0)
(-0.375 2.046875 0)
(-0.375 2.125 0)
(-0.375 2.203125 0)
(-0.375 2.28125 0)
(-0.375 2.359375 0)
(-0.375 2.4375 0)
(-0.375 2.515625 0)
(-0.375 2.59375 0)
(-0.375 2.671875 0)
(-0.375 2.75 0)
(-0.375 2.828125 0)
(-0.375 2.90625 0)
(-0.375 3.0625 0)
(-0.375 3.21875 0)
(-0.375 3.375 0)
(-0.375 3.6875 0)
(-0.375 4 0)
(-0.296875 0.09375 0)
(-0.296875 0.171875 0)
(-0.296875 0.25 0)
(-0.296875 0.328125 0)
(-0.296875 0.40625 0)
(-0.296875 0.484375 0)
(-0.296875 0.5625 0)
(-0.296875 0.640625 0)
(-0.296875 0.71875 0)
(-0.296875 0.796875 0)
(-0.296875 0.875 0)
(-0.296875 0.953125 0)
(-0.296875 1.03125 0)
(-0.296875 1.109375 0)
(-0.296875 1.1875 0)
(-0.296875 1.265625 0)
(-0.296875 1.34375 0)
(-0.296875 1.421875 0)
(-0.296875 1.5 0)
(-0.296875 1.578125 0)
(-0.296875 1.65625 0)
(-0.296875 1.734375 0)
(-0.296875 1.8125 0)
(-0.296875 1.890625 0)
(-0.296875 1.96875 0)
(-0.296875 2.046875 0)
(-0.296875 2.125 0)
(-0.296875 2.203125 0)
(-0.296875 2.28125 0)
(-0.296875 2.359375 0)
(-0.296875 2.4375 0)
(-0.296875 2.515625 0)
(-0.296875 2.59375 0)
(-0.296875 2.671875 0)
(-0.296875 2.75 0)
(-0.296875 2.828125 0)
(-0.296875 2.90625 0)
(-0.21875 -0.375 0)
(-0.21875 -0.21875 0)
(-0.21875 -0.0625 0)
(-0.21875 0.015625 0)
(-0.21875 0.09375 0)
(-0.21875 0.171875 0)
(-0.21875 0.2109375 0)
(-0.21875 0.25 0)
(-0.21875 0.2890625 0)
(-0.21875 0.328125 0)
(-0.21875 0.3671875 0)
(-0.21875 0.40625 0)
(-0.21875 0.4453125 0)
(-0.21875 0.484375 0)
(-0.21875 0.5234375 0)
(-0.21875 0.5625 0)
(-0.21875 0.6015625 0)
(-0.21875 0.640625 0)
(-0.21875 0.6796875 0)
(-0.21875 0.71875 0)
(-0.21875 0.7578125 0)
(-0.21875 0.796875 0)
(-0.21875 0.8359375 0)
(-0.21875 0.875 0)
(-0.21875 0.9140625 0)
(-0.21875 0.953125 0)
(-0.21875 0.9921875 0)
(-0.21875 1.03125 0)
(-0.21875 1.0703125 0)
(-0.21875 1.109375 0)
(-0.21875 1.1484375 0)
(-0.21875 1.1875 0)
(-0.21875 1.2265625 0)
(-0.21875 1.265625 0)
(-0.21875 1.3046875 0)
(-0.21875 1.34375 0)
(-0.21875 1.3828125 0)
(-0.21875 1.421875 0)
(-0.21875 1.4609375 0)
(-0.21875 1.5 0)
(-0.21875 1.5390625 0)
(-0.21875 1.578125 0)
(-0.21875 1.6171875 0)
(-0.21875 1.65625 0)
(-0.21875 1.6953125 0)
(-0.21875 1.734375 0)
(-0.21875 1.7734375 0)
(-0.21875 1.8125 0)
(-0.21875 1.8515625 0)
(-0.21875 1.890625 0)
(-0.21875 1.9296875 0)
(-0.21875 1.96875 0)
(-0.21875 2.0078125 0)
(-0.21875 2.046875 0)
(-0.21875 2.0859375 0)
(-0.21875 2.125 0)
(-0.21875 2.1640625 0)
(-0.21875 2.203125 0)
(-0.21875 2.2421875 0)
(-0.21875 2.28125 0)
(-0.21875 2.3203125 0)
(-0.21875 2.359375 0)
(-0.21875 2.3984375 0)
(-0.21875 2.4375 0)
(-0.21875 2.4765625 0)
(-0.21875 2.515625 0)
(-0.21875 2.5546875 0)
(-0.21875 2.59375 0)
(-0.21875 2.6328125 0)
(-0.21875 2.671875 0)
(-0.21875 2.7109375 0)
(-0.21875 2.75 0)
(-0.21875 2.7890625 0)
(-0.21875 2.828125 0)
(-0.21875 2.90625 0)
(-0.21875 2.984375 0)
(-0.21875 3.0625 0)
(-0.21875 3.21875 0)
(-0.21875 3.375 0)
(-0.1796875 0.171875 0)
(-0.1796875 0.2109375 0)
(-0.1796875 0.25 0)
(-0.1796875 0.26953125 0)
(-0.1796875 0.2890625 0)
(-0.1796875 0.30859375 0)
(-0.1796875 0.328125 0)
(-0.1796875 0.34765625 0)
(-0.1796875 0.3671875 0)
(-0.1796875 0.38671875 0)
(-0.1796875 0.40625 0)
(-0.1796875 0.42578125 0)
(-0.1796875 0.4453125 0)
(-0.1796875 0.46484375 0)
(-0.1796875 0.484375 0)
(-0.1796875 0.50390625 0)
(-0.1796875 0.5234375 0)
(-0.1796875 0.54296875 0)
(-0.1796875 0.5625 0)
(-0.1796875 0.58203125 0)
(-0.1796875 0.6015625 0)
(-0.1796875 0.62109375 0)
(-0.1796875 0.640625 0)
(-0.1796875 0.66015625 0)
(-0.1796875 0.6796875 0)
(-0.1796875 0.69921875 0)
(-0.1796875 0.71875 0)
(-0.1796875 0.73828125 0)
(-0.1796875 0.7578125 0)
(-0.1796875 0.77734375 0)
(-0.1796875 0.796875 0)
(-0.1796875 0.81640625 0)
(-0.1796875 0.8359375 0)
(-0.1796875 0.85546875 0)
(-0.1796875 0.875 0)
(-0.1796875 0.89453125 0)
(-0.1796875 0.9140625 0)
(-0.1796875 0.93359375 0)
(-0.1796875 0.953125 0)
(-0.1796875 0.97265625 0)
(-0.1796875 0.9921875 0)
(-0.1796875 1.01171875 0)
(-0.1796875 1.03125 0)
(-0.1796875 1.05078125 0)
(-0.1796875 1.0703125 0)
(-0.1796875 1.08984375 0)
(-0.1796875 1.109375 0)
(-0.1796875 1.12890625 0)
(-0.1796875 1.1484375 0)
(-0.1796875 1.16796875 0)
(-0.1796875 1.1875 0)
(-0.1796875 1.20703125 0)
(-0.1796875 1.2265625 0)
(-0.1796875 1.24609375 0)
(-0.1796875 1.265625 0)
(-0.1796875 1.28515625 0)
(-0.1796875 1.3046875 0)
(-0.1796875 1.32421875 0)
(-0.1796875 1.34375 0)
(-0.1796875 1.36328125 0)
(-0.1796875 1.3828125 0)
(-0.1796875 1.40234375 0)
(-0.1796875 1.421875 0)
(-0.1796875 1.44140625 0)
(-0.1796875 1.4609375 0)
(-0.1796875 1.48046875 0)
(-0.1796875 1.5 0)
(-0.1796875 1.51953125 0)
(-0.1796875 1.5390625 0)
(-0.1796875 1.55859375 0)
(-0.1796875 1.578125 0)
(-0.1796875 1.59765625 0)
(-0.1796875 1.6171875 0)
(-0.1796875 1.63671875 0)
(-0.1796875 1.65625 0)
(-0.1796875 1.67578125 0)
(-0.1796875 1.6953125 0)
(-0.1796875 1.71484375 0)
(-0.1796875 1.734375 0)
(-0.1796875 1.75390625 0)
(-0.1796875 1.7734375 0)
(-0.1796875 1.79296875 0)
(-0.1796875 1.8125 0)
(-0.1796875 1.83203125 0)
(-0.1796875 1.8515625 0)
(-0.1796875 1.87109375 0)
(-0.1796875 1.890625 0)
(-0.1796875 1.91015625 0)
(-0.1796875 1.9296875 0)
(-0.1796875 1.94921875 0)
(-0.1796875 1.96875 0)
(-0.1796875 1.98828125 0)
(-0.1796875 2.0078125 0)
(-0.1796875 2.02734375 0)
(-0.1796875 2.046875 0)
(-0.1796875 2.06640625 0)
(-0.1796875 2.0859375 0)
(-0.1796875 2.10546875 0)
(-0.1796875 2.125 0)
(-0.1796875 2.14453125 0)
(-0.1796875 2.1640625 0)
(-0.1796875 2.18359375 0)
(-0.1796875 2.203125 0)
(-0.1796875 2.22265625 0)
(-0.1796875 2.2421875 0)
(-0.1796875 2.26171875 0)
(-0.1796875 2.28125 0)
(-0.1796875 2.30078125 0)
(-0.1796875 2.3203125 0)
(-0.1796875 2.33984375 0)
(-0.1796875 2.359375 0)
(-0.1796875 2.37890625 0)
(-0.1796875 2.3984375 0)
(-0.1796875 2.41796875 0)
(-0.1796875 2.4375 0)
(-0.1796875 2.45703125 0)
(-0.1796875 2.4765625 0)
(-0.1796875 2.49609375 0)
(-0.1796875 2.515625 0)
(-0.1796875 2.53515625 0)
(-0.1796875 2.5546875 0)
(-0.1796875 2.57421875 0)
(-0.1796875 2.59375 0)
(-0.1796875 2.61328125 0)
(-0.1796875 2.6328125 0)
(-0.1796875 2.65234375 0)
(-0.1796875 2.671875 0)
(-0.1796875 2.69140625 0)
(-0.1796875 2.7109375 0)
(-0.1796875 2.73046875 0)
(-0.1796875 2.75 0)
(-0.1796875 2.7890625 0)
(-0.1796875 2.828125 0)
(-0.16015625 0.25 0)
(-0.16015625 0.26953125 0)
(-0.16015625 0.2890625 0)
(-0.16015625 0.30859375 0)
(-0.16015625 0.328125 0)
(-0.16015625 0.34765625 0)
(-0.16015625 0.3671875 0)
(-0.16015625 0.38671875 0)
(-0.16015625 0.40625 0)
(-0.16015625 0.42578125 0)
(-0.16015625 0.4453125 0)
(-0.16015625 0.46484375 0)
(-0.16015625 0.484375 0)
(-0.16015625 0.50390625 0)
(-0.16015625 0.5234375 0)
(-0.16015625 0.54296875 0)
(-0.16015625 0.5625 0)
(-0.16015625 0.58203125 0)
(-0.16015625 0.6015625 0)
(-0.16015625 0.62109375 0)
(-0.16015625 0.640625 0)
(-0.16015625 0.66015625 0)
(-0.16015625 0.6796875 0)
(-0.16015625 0.69921875 0)
(-0.16015625 0.71875 0)
(-0.16015625 0.73828125 0)
(-0.16015625 0.7578125 0)
(-0.16015625 0.77734375 0)
(-0.16015625 0.796875 0)
(-0.16015625 0.81640625 0)
(-0.16015625 0.8359375 0)
(-0.16015625 0.85546875 0)
(-0.16015625 0.875 0)
(-0.16015625 0.89453125 0)
(-0.16015625 0.9140625 0)
(-0.16015625 0.93359375 0)
(-0.16015625 0.953125 0)
(-0.16015625 0.97265625 0)
(-0.16015625 0.9921875 0)
(-0.16015625 1.01171875 0)
(-0.16015625 1.03125 0)
(-0.16015625 1.05078125 0)
(-0.16015625 1.0703125 0)
(-0.16015625 1.08984375 0)
(-0.16015625 1.109375 0)
(-0.16015625 1.12890625 0)
(-0.16015625 1.1484375 0)
(-0.16015625 1.16796875 0)
(-0.16015625 1.1875 0)
(-0.16015625 1.20703125 0)
(-0.16015625 1.2265625 0)
(-0.16015625 1.24609375 0)
(-0.16015625 1.265625 0)
(-0.16015625 1.28515625 0)
(-0.16015625 1.3046875 0)
(-0.16015625 1.32421875 0)
(-0.16015625 1.34375 0)
(-0.16015625 1.36328125 0)
(-0.16015625 1.3828125 0)
(-0.16015625 1.40234375 0)
(-0.16015625 1.421875 0)
(-0.16015625 1.44140625 0)
(-0.16015625 1.4609375 0)
(-0.16015625 1.48046875 0)
(-0.16015625 1.5 0)
(-0.16015625 1.51953125 0)
(-0.16015625 1.5390625 0)
(-0.16015625 1.55859375 0)
(-0.16015625 1.578125 0)
(-0.16015625 1.59765625 0)
(-0.16015625 1.6171875 0)
(-0.16015625 1.63671875 0)
(-0.16015625 1.65625 0)
(-0.16015625 1.67578125 0)
(-0.16015625 1.6953125 0)
(-0.16015625 1.71484375 0)
(-0.16015625 1.734375 0)
(-0.16015625 1.75390625 0)
(-0.16015625 1.7734375 0)
(-0.16015625 1.79296875 0)
(-0.16015625 1.8125 0)
(-0.16015625 1.83203125 0)
(-0.16015625 1.8515625 0)
(-0.16015625 1.87109375 0)
(-0.16015625 1.890625 0)
(-0.16015625 1.91015625 0)
(-0.16015625 1.9296875 0)
(-0.16015625 1.94921875 0)
(-0.16015625 1.96875 0)
(-0.16015625 1.98828125 0)
(-0.16015625 2.0078125 0)
(-0.16015625 2.02734375 0)
(-0.16015625 2.046875 0)
(-0.16015625 2.06640625 0)
(-0.16015625 2.0859375 0)
(-0.16015625 2.10546875 0)
(-0.16015625 2.125 0)
(-0.16015625 2.14453125 0)
(-0.16015625 2.1640625 0)
(-0.16015625 2.18359375 0)
(-0.16015625 2.203125 0)
(-0.16015625 2.22265625 0)
(-0.16015625 2.2421875 0)
(-0.16015625 2.26171875 0)
(-0.16015625 2.28125 0)
(-0.16015625 2.30078125 0)
(-0.16015625 2.3203125 0)
(-0.16015625 2.33984375 0)
(-0.16015625 2.359375 0)
(-0.16015625 2.37890625 0)
(-0.16015625 2.3984375 0)
(-0.16015625 2.41796875 0)
(-0.16015625 2.4375 0)
(-0.16015625 2.45703125 0)
(-0.16015625 2.4765625 0)
(-0.16015625 2.49609375 0)
(-0.16015625 2.515625 0)
(-0.16015625 2.53515625 0)
(-0.16015625 2.5546875 0)
(-0.16015625 2.57421875 0)
(-0.16015625 2.59375 0)
(-0.16015625 2.61328125 0)
(-0.16015625 2.6328125 0)
(-0.16015625 2.65234375 0)
(-0.16015625 2.671875 0)
(-0.16015625 2.69140625 0)
(-0.16015625 2.7109375 0)
(-0.16015625 2.73046875 0)
(-0.16015625 2.75 0)
(-0.14300590124999996 0.28125 0)
(-0.14300590124999996 0.2890625 0)
(-0.14300590124999996 0.30859375 0)
(-0.14300590124999996 0.328125 0)
(-0.14300590124999996 0.34765625 0)
(-0.14300590124999996 0.3671875 0)
(-0.14300590124999996 0.375 0)
(-0.14300590124999996 0.38671875 0)
(-0.14300590124999996 0.40625 0)
(-0.14300590124999996 0.421875 0)
(-0.14300590124999996 0.42578125 0)
(-0.14300590124999996 0.4453125 0)
(-0.14300590124999996 0.46484375 0)
(-0.14300590124999996 0.46875 0)
(-0.14300590124999996 0.484375 0)
(-0.14300590124999996 0.50390625 0)
(-0.14300590124999996 0.515625 0)
(-0.14300590124999996 0.5234375 0)
(-0.14300590124999996 0.54296875 0)
(-0.14300590124999996 0.5625 0)
(-0.14300590124999996 0.58203125 0)
(-0.14300590124999996 0.6015625 0)
(-0.14300590124999996 0.609375 0)
(-0.14300590124999996 0.62109375 0)
(-0.14300590124999996 0.640625 0)
(-0.14300590124999996 0.65625 0)
(-0.14300590124999996 0.66015625 0)
(-0.14300590124999996 0.6796875 0)
(-0.14300590124999996 0.69921875 0)
(-0.14300590124999996 0.703125 0)
(-0.14300590124999996 0.71875 0)
(-0.14300590124999996 0.73828125 0)
(-0.14300590124999996 0.75 0)
(-0.14300590124999996 0.7578125 0)
(-0.14300590124999996 0.77734375 0)
(-0.14300590124999996 0.796875 0)
(-0.14300590124999996 0.81640625 0)
(-0.14300590124999996 0.8359375 0)
(-0.14300590124999996 0.84375 0)
(-0.14300590124999996 0.85546875 0)
(-0.14300590124999996 0.875 0)
(-0.14300590124999996 0.890625 0)
(-0.14300590124999996 0.89453125 0)
(-0.14300590124999996 0.9140625 0)
(-0.14300590124999996 0.93359375 0)
(-0.14300590124999996 0.9375 0)
(-0.14300590124999996 0.953125 0)
(-0.14300590124999996 0.97265625 0)
(-0.14300590124999996 0.984375 0)
(-0.14300590124999996 0.9921875 0)
(-0.14300590124999996 1.01171875 0)
(-0.14300590124999996 1.03125 0)
(-0.14300590124999996 1.05078125 0)
(-0.14300590124999996 1.0703125 0)
(-0.14300590124999996 1.078125 0)
(-0.14300590124999996 1.08984375 0)
(-0.14300590124999996 1.109375 0)
(-0.14300590124999996 1.125 0)
(-0.14300590124999996 1.12890625 0)
(-0.14300590124999996 1.1484375 0)
(-0.14300590124999996 1.16796875 0)
(-0.14300590124999996 1.171875 0)
(-0.14300590124999996 1.1875 0)
(-0.14300590124999996 1.20703125 0)
(-0.14300590124999996 1.21875 0)
(-0.14300590124999996 1.2265625 0)
(-0.14300590124999996 1.24609375 0)
(-0.14300590124999996 1.265625 0)
(-0.14300590124999996 1.28515625 0)
(-0.14300590124999996 1.3046875 0)
(-0.14300590124999996 1.3125 0)
(-0.14300590124999996 1.32421875 0)
(-0.14300590124999996 1.34375 0)
(-0.14300590124999996 1.359375 0)
(-0.14300590124999996 1.36328125 0)
(-0.14300590124999996 1.3828125 0)
(-0.14300590124999996 1.40234375 0)
(-0.14300590124999996 1.40625 0)
(-0.14300590124999996 1.421875 0)
(-0.14300590124999996 1.44140625 0)
(-0.14300590124999996 1.453125 0)
(-0.14300590124999996 1.4609375 0)
(-0.14300590124999996 1.48046875 0)
(-0.14300590124999996 1.5 0)
(-0.14300590124999996 1.51953125 0)
(-0.14300590124999996 1.5390625 0)
(-0.14300590124999996 1.546875 0)
(-0.14300590124999996 1.55859375 0)
(-0.14300590124999996 1.578125 0)
(-0.14300590124999996 1.59375 0)
(-0.14300590124999996 1.59765625 0)
(-0.14300590124999996 1.6171875 0)
(-0.14300590124999996 1.63671875 0)
(-0.14300590124999996 1.640625 0)
(-0.14300590124999996 1.65625 0)
(-0.14300590124999996 1.67578125 0)
(-0.14300590124999996 1.6875 0)
(-0.14300590124999996 1.6953125 0)
(-0.14300590124999996 1.71484375 0)
(-0.14300590124999996 1.734375 0)
(-0.14300590124999996 1.75390625 0)
(-0.14300590124999996 1.7734375 0)
(-0.14300590124999996 1.78125 0)
(-0.14300590124999996 1.79296875 0)
(-0.14300590124999996 1.8125 0)
(-0.14300590124999996 1.828125 0)
(-0.14300590124999996 1.83203125 0)
(-0.14300590124999996 1.8515625 0)
(-0.14300590124999996 1.87109375 0)
(-0.14300590124999996 1.875 0)
(-0.14300590124999996 1.890625 0)
(-0.14300590124999996 1.91015625 0)
(-0.14300590124999996 1.921875 0)
(-0.14300590124999996 1.9296875 0)
(-0.14300590124999996 1.94921875 0)
(-0.14300590124999996 1.96875 0)
(-0.14300590124999996 1.98828125 0)
(-0.14300590124999996 2.0078125 0)
(-0.14300590124999996 2.015625 0)
(-0.14300590124999996 2.02734375 0)
(-0.14300590124999996 2.046875 0)
(-0.14300590124999996 2.0625 0)
(-0.14300590124999996 2.06640625 0)
(-0.14300590124999996 2.0859375 0)
(-0.14300590124999996 2.10546875 0)
(-0.14300590124999996 2.109375 0)
(-0.14300590124999996 2.125 0)
(-0.14300590124999996 2.14453125 0)
(-0.14300590124999996 2.15625 0)
(-0.14300590124999996 2.1640625 0)
(-0.14300590124999996 2.18359375 0)
(-0.14300590124999996 2.203125 0)
(-0.14300590124999996 2.22265625 0)
(-0.14300590124999996 2.2421875 0)
(-0.14300590124999996 2.25 0)
(-0.14300590124999996 2.26171875 0)
(-0.14300590124999996 2.28125 0)
(-0.14300590124999996 2.296875 0)
(-0.14300590124999996 2.30078125 0)
(-0.14300590124999996 2.3203125 0)
(-0.14300590124999996 2.33984375 0)
(-0.14300590124999996 2.34375 0)
(-0.14300590124999996 2.359375 0)
(-0.14300590124999996 2.37890625 0)
(-0.14300590124999996 2.390625 0)
(-0.14300590124999996 2.3984375 0)
(-0.14300590124999996 2.41796875 0)
(-0.14300590124999996 2.4375 0)
(-0.14300590124999996 2.45703125 0)
(-0.14300590124999996 2.4765625 0)
(-0.14300590124999996 2.484375 0)
(-0.14300590124999996 2.49609375 0)
(-0.14300590124999996 2.515625 0)
(-0.14300590124999996 2.53125 0)
(-0.14300590124999996 2.53515625 0)
(-0.14300590124999996 2.5546875 0)
(-0.14300590124999996 2.57421875 0)
(-0.14300590124999996 2.578125 0)
(-0.14300590124999996 2.59375 0)
(-0.14300590124999996 2.61328125 0)
(-0.14300590124999996 2.625 0)
(-0.14300590124999996 2.6328125 0)
(-0.14300590124999996 2.65234375 0)
(-0.14300590124999996 2.671875 0)
(-0.14300590124999996 2.69140625 0)
(-0.14300590124999996 2.7109375 0)
(-0.14300590124999996 2.71875 0)
(-0.140625 -0.0625 0)
(-0.140625 0.015625 0)
(-0.140625 0.0546875 0)
(-0.140625 0.09375 0)
(-0.140625 0.1328125 0)
(-0.140625 0.171875 0)
(-0.140625 0.2109375 0)
(-0.140625 0.23046875 0)
(-0.140625 0.25 0)
(-0.140625 0.26953125 0)
(-0.140625 0.28125 0)
(-0.140625 2.71875 0)
(-0.140625 2.73046875 0)
(-0.140625 2.75 0)
(-0.140625 2.76953125 0)
(-0.140625 2.7890625 0)
(-0.140625 2.828125 0)
(-0.140625 2.8671875 0)
(-0.140625 2.90625 0)
(-0.140625 2.9453125 0)
(-0.140625 2.984375 0)
(-0.140625 3.0625 0)
(-0.12109375 0.2109375 0)
(-0.12109375 0.23046875 0)
(-0.12109375 0.25 0)
(-0.12109375 0.26953125 0)
(-0.12109375 0.28125 0)
(-0.12109375 2.71875 0)
(-0.12109375 2.73046875 0)
(-0.12109375 2.75 0)
(-0.12109375 2.76953125 0)
(-0.12109375 2.7890625 0)
(-0.10463422499999998 0.234375 0)
(-0.10463422499999998 0.25 0)
(-0.10463422499999998 0.26953125 0)
(-0.10463422499999998 0.28125 0)
(-0.10463422499999998 0.328125 0)
(-0.10463422499999998 0.375 0)
(-0.10463422499999998 0.421875 0)
(-0.10463422499999998 0.46875 0)
(-0.10463422499999998 0.515625 0)
(-0.10463422499999998 0.5625 0)
(-0.10463422499999998 0.609375 0)
(-0.10463422499999998 0.65625 0)
(-0.10463422499999998 0.703125 0)
(-0.10463422499999998 0.75 0)
(-0.10463422499999998 0.796875 0)
(-0.10463422499999998 0.84375 0)
(-0.10463422499999998 0.890625 0)
(-0.10463422499999998 0.9375 0)
(-0.10463422499999998 0.984375 0)
(-0.10463422499999998 1.03125 0)
(-0.10463422499999998 1.078125 0)
(-0.10463422499999998 1.125 0)
(-0.10463422499999998 1.171875 0)
(-0.10463422499999998 1.21875 0)
(-0.10463422499999998 1.265625 0)
(-0.10463422499999998 1.3125 0)
(-0.10463422499999998 1.359375 0)
(-0.10463422499999998 1.40625 0)
(-0.10463422499999998 1.453125 0)
(-0.10463422499999998 1.5 0)
(-0.10463422499999998 1.546875 0)
(-0.10463422499999998 1.59375 0)
(-0.10463422499999998 1.640625 0)
(-0.10463422499999998 1.6875 0)
(-0.10463422499999998 1.734375 0)
(-0.10463422499999998 1.78125 0)
(-0.10463422499999998 1.828125 0)
(-0.10463422499999998 1.875 0)
(-0.10463422499999998 1.921875 0)
(-0.10463422499999998 1.96875 0)
(-0.10463422499999998 2.015625 0)
(-0.10463422499999998 2.0625 0)
(-0.10463422499999998 2.109375 0)
(-0.10463422499999998 2.15625 0)
(-0.10463422499999998 2.203125 0)
(-0.10463422499999998 2.25 0)
(-0.10463422499999998 2.296875 0)
(-0.10463422499999998 2.34375 0)
(-0.10463422499999998 2.390625 0)
(-0.10463422499999998 2.4375 0)
(-0.10463422499999998 2.484375 0)
(-0.10463422499999998 2.53125 0)
(-0.10463422499999998 2.578125 0)
(-0.10463422499999998 2.625 0)
(-0.10463422499999998 2.671875 0)
(-0.10463422499999998 2.71875 0)
(-0.10463422499999998 2.73046875 0)
(-0.10463422499999998 2.75 0)
(-0.10463422499999998 2.765625 0)
(-0.1015625 0.015625 0)
(-0.1015625 0.0546875 0)
(-0.1015625 0.09375 0)
(-0.1015625 0.1328125 0)
(-0.1015625 0.171875 0)
(-0.1015625 0.19140625 0)
(-0.1015625 0.2109375 0)
(-0.1015625 0.23046875 0)
(-0.1015625 0.234375 0)
(-0.1015625 2.765625 0)
(-0.1015625 2.76953125 0)
(-0.1015625 2.7890625 0)
(-0.1015625 2.80859375 0)
(-0.1015625 2.828125 0)
(-0.1015625 2.8671875 0)
(-0.1015625 2.90625 0)
(-0.1015625 2.9453125 0)
(-0.1015625 2.984375 0)
(-0.08203125 0.171875 0)
(-0.08203125 0.19140625 0)
(-0.08203125 0.2109375 0)
(-0.08203125 0.23046875 0)
(-0.08203125 2.76953125 0)
(-0.08203125 2.7890625 0)
(-0.08203125 2.80859375 0)
(-0.08203125 2.828125 0)
(-0.07817099999999999 0.1875 0)
(-0.07817099999999999 0.19140625 0)
(-0.07817099999999999 0.2109375 0)
(-0.07817099999999999 0.23046875 0)
(-0.07817099999999999 0.234375 0)
(-0.07817099999999999 0.28125 0)
(-0.07817099999999999 0.328125 0)
(-0.07817099999999999 0.375 0)
(-0.07817099999999999 0.421875 0)
(-0.07817099999999999 0.46875 0)
(-0.07817099999999999 0.515625 0)
(-0.07817099999999999 0.5625 0)
(-0.07817099999999999 0.609375 0)
(-0.07817099999999999 0.65625 0)
(-0.07817099999999999 0.703125 0)
(-0.07817099999999999 0.75 0)
(-0.07817099999999999 0.796875 0)
(-0.07817099999999999 0.84375 0)
(-0.07817099999999999 0.890625 0)
(-0.07817099999999999 0.9375 0)
(-0.07817099999999999 0.984375 0)
(-0.07817099999999999 1.03125 0)
(-0.07817099999999999 1.078125 0)
(-0.07817099999999999 1.125 0)
(-0.07817099999999999 1.171875 0)
(-0.07817099999999999 1.21875 0)
(-0.07817099999999999 1.265625 0)
(-0.07817099999999999 1.3125 0)
(-0.07817099999999999 1.359375 0)
(-0.07817099999999999 1.40625 0)
(-0.07817099999999999 1.453125 0)
(-0.07817099999999999 1.5 0)
(-0.07817099999999999 1.546875 0)
(-0.07817099999999999 1.59375 0)
(-0.07817099999999999 1.640625 0)
(-0.07817099999999999 1.6875 0)
(-0.07817099999999999 1.734375 0)
(-0.07817099999999999 1.78125 0)
(-0.07817099999999999 1.828125 0)
(-0.07817099999999999 1.875 0)
(-0.07817099999999999 1.921875 0)
(-0.07817099999999999 1.96875 0)
(-0.07817099999999999 2.015625 0)
(-0.07817099999999999 2.0625 0)
(-0.07817099999999999 2.109375 0)
(-0.07817099999999999 2.15625 0)
(-0.07817099999999999 2.203125 0)
(-0.07817099999999999 2.25 0)
(-0.07817099999999999 2.296875 0)
(-0.07817099999999999 2.34375 0)
(-0.07817099999999999 2.390625 0)
(-0.07817099999999999 2.4375 0)
(-0.07817099999999999 2.484375 0)
(-0.07817099999999999 2.53125 0)
(-0.07817099999999999 2.578125 0)
(-0.07817099999999999 2.625 0)
(-0.07817099999999999 2.671875 0)
(-0.07817099999999999 2.71875 0)
(-0.07817099999999999 2.765625 0)
(-0.07817099999999999 2.76953125 0)
(-0.07817099999999999 2.7890625 0)
(-0.07817099999999999 2.80859375 0)
(-0.07817099999999999 2.8125 0)
(-0.0625 -1 0)
(-0.0625 -0.6875 0)
(-0.0625 -0.53125 0)
(-0.0625 -0.375 0)
(-0.0625 -0.21875 0)
(-0.0625 -0.140625 0)
(-0.0625 -0.0625 0)
(-0.0625 -0.0234375 0)
(-0.0625 0.015625 0)
(-0.0625 0.03515625 0)
(-0.0625 0.0546875 0)
(-0.0625 0.07421875 0)
(-0.0625 0.09375 0)
(-0.0625 0.11328125 0)
(-0.0625 0.1328125 0)
(-0.0625 0.15234375 0)
(-0.0625 0.171875 0)
(-0.0625 0.1875 0)
(-0.0625 2.8125 0)
(-0.0625 2.828125 0)
(-0.0625 2.84765625 0)
(-0.0625 2.8671875 0)
(-0.0625 2.88671875 0)
(-0.0625 2.90625 0)
(-0.0625 2.92578125 0)
(-0.0625 2.9453125 0)
(-0.0625 2.96484375 0)
(-0.0625 2.984375 0)
(-0.0625 3.0234375 0)
(-0.0625 3.0625 0)
(-0.0625 3.140625 0)
(-0.0625 3.21875 0)
(-0.0625 3.375 0)
(-0.0625 3.53125 0)
(-0.0625 3.6875 0)
(-0.0625 4 0)
(-0.059920499999999995 0.140625 0)
(-0.059920499999999995 0.15234375 0)
(-0.059920499999999995 0.171875 0)
(-0.059920499999999995 0.1875 0)
(-0.059920499999999995 0.234375 0)
(-0.059920499999999995 0.28125 0)
(-0.059920499999999995 0.328125 0)
(-0.059920499999999995 0.375 0)
(-0.059920499999999995 0.421875 0)
(-0.059920499999999995 0.46875 0)
(-0.059920499999999995 0.515625 0)
(-0.059920499999999995 0.5625 0)
(-0.059920499999999995 0.609375 0)
(-0.059920499999999995 0.65625 0)
(-0.059920499999999995 0.703125 0)
(-0.059920499999999995 0.75 0)
(-0.059920499999999995 0.796875 0)
(-0.059920499999999995 0.84375 0)
(-0.059920499999999995 0.890625 0)
(-0.059920499999999995 0.9375 0)
(-0.059920499999999995 0.984375 0)
(-0.059920499999999995 1.03125 0)
(-0.059920499999999995 1.078125 0)
(-0.059920499999999995 1.125 0)
(-0.059920499999999995 1.171875 0)
(-0.059920499999999995 1.21875 0)
(-0.059920499999999995 1.265625 0)
(-0.059920499999999995 1.3125 0)
(-0.059920499999999995 1.359375 0)
(-0.059920499999999995 1.40625 0)
(-0.059920499999999995 1.453125 0)
(-0.059920499999999995 1.5 0)
(-0.059920499999999995 1.546875 0)
(-0.059920499999999995 1.59375 0)
(-0.059920499999999995 1.640625 0)
(-0.059920499999999995 1.6875 0)
(-0.059920499999999995 1.734375 0)
(-0.059920499999999995 1.78125 0)
(-0.059920499999999995 1.828125 0)
(-0.059920499999999995 1.875 0)
(-0.059920499999999995 1.921875 0)
(-0.059920499999999995 1.96875 0)
(-0.059920499999999995 2.015625 0)
(-0.059920499999999995 2.0625 0)
(-0.059920499999999995 2.109375 0)
(-0.059920499999999995 2.15625 0)
(-0.059920499999999995 2.203125 0)
(-0.059920499999999995 2.25 0)
(-0.059920499999999995 2.296875 0)
(-0.059920499999999995 2.34375 0)
(-0.059920499999999995 2.390625 0)
(-0.059920499999999995 2.4375 0)
(-0.059920499999999995 2.484375 0)
(-0.059920499999999995 2.53125 0)
(-0.059920499999999995 2.578125 0)
(-0.059920499999999995 2.625 0)
(-0.059920499999999995 2.671875 0)
(-0.059920499999999995 2.71875 0)
(-0.059920499999999995 2.765625 0)
(-0.059920499999999995 2.8125 0)
(-0.059920499999999995 2.828125 0)
(-0.059920499999999995 2.84765625 0)
(-0.059920499999999995 2.859375 0)
(-0.04296875 0.015625 0)
(-0.04296875 0.03515625 0)
(-0.04296875 0.0546875 0)
(-0.04296875 0.07421875 0)
(-0.04296875 0.09375 0)
(-0.04296875 2.90625 0)
(-0.04296875 2.92578125 0)
(-0.04296875 2.9453125 0)
(-0.04296875 2.96484375 0)
(-0.04296875 2.984375 0)
(-0.041669999999999999 0.09375 0)
(-0.041669999999999999 0.11328125 0)
(-0.041669999999999999 0.1328125 0)
(-0.041669999999999999 0.140625 0)
(-0.041669999999999999 0.1875 0)
(-0.041669999999999999 0.234375 0)
(-0.041669999999999999 0.28125 0)
(-0.041669999999999999 0.328125 0)
(-0.041669999999999999 0.375 0)
(-0.041669999999999999 0.421875 0)
(-0.041669999999999999 0.46875 0)
(-0.041669999999999999 0.515625 0)
(-0.041669999999999999 0.5625 0)
(-0.041669999999999999 0.609375 0)
(-0.041669999999999999 0.65625 0)
(-0.041669999999999999 0.703125 0)
(-0.041669999999999999 0.75 0)
(-0.041669999999999999 0.796875 0)
(-0.041669999999999999 0.84375 0)
(-0.041669999999999999 0.890625 0)
(-0.041669999999999999 0.9375 0)
(-0.041669999999999999 0.984375 0)
(-0.041669999999999999 1.03125 0)
(-0.041669999999999999 1.078125 0)
(-0.041669999999999999 1.125 0)
(-0.041669999999999999 1.171875 0)
(-0.041669999999999999 1.21875 0)
(-0.041669999999999999 1.265625 0)
(-0.041669999999999999 1.3125 0)
(-0.041669999999999999 1.359375 0)
(-0.041669999999999999 1.40625 0)
(-0.041669999999999999 1.453125 0)
(-0.041669999999999999 1.5 0)
(-0.041669999999999999 1.546875 0)
(-0.041669999999999999 1.59375 0)
(-0.041669999999999999 1.640625 0)
(-0.041669999999999999 1.6875 0)
(-0.041669999999999999 1.734375 0)
(-0.041669999999999999 1.78125 0)
(-0.041669999999999999 1.828125 0)
(-0.041669999999999999 1.875 0)
(-0.041669999999999999 1.921875 0)
(-0.041669999999999999 1.96875 0)
(-0.041669999999999999 2.015625 0)
(-0.041669999999999999 2.0625 0)
(-0.041669999999999999 2.109375 0)
(-0.041669999999999999 2.15625 0)
(-0.041669999999999999 2.203125 0)
(-0.041669999999999999 2.25 0)
(-0.041669999999999999 2.296875 0)
(-0.041669999999999999 2.34375 0)
(-0.041669999999999999 2.390625 0)
(-0.041669999999999999 2.4375 0)
(-0.041669999999999999 2.484375 0)
(-0.041669999999999999 2.53125 0)
(-0.041669999999999999 2.578125 0)
(-0.041669999999999999 2.625 0)
(-0.041669999999999999 2.671875 0)
(-0.041669999999999999 2.71875 0)
(-0.041669999999999999 2.765625 0)
(-0.041669999999999999 2.8125 0)
(-0.041669999999999999 2.859375 0)
(-0.041669999999999999 2.8671875 0)
(-0.041669999999999999 2.88671875 0)
(-0.041669999999999999 2.90625 0)
(-0.0258 0.046875 0)
(-0.0258 0.0546875 0)
(-0.0258 0.07421875 0)
(-0.0258 0.09375 0)
(-0.0258 0.140625 0)
(-0.0258 0.1875 0)
(-0.0258 0.234375 0)
(-0.0258 0.28125 0)
(-0.0258 0.328125 0)
(-0.0258 0.375 0)
(-0.0258 0.421875 0)
(-0.0258 0.46875 0)
(-0.0258 0.515625 0)
(-0.0258 0.5625 0)
(-0.0258 0.609375 0)
(-0.0258 0.65625 0)
(-0.0258 0.703125 0)
(-0.0258 0.75 0)
(-0.0258 0.796875 0)
(-0.0258 0.84375 0)
(-0.0258 0.890625 0)
(-0.0258 0.9375 0)
(-0.0258 0.984375 0)
(-0.0258 1.03125 0)
(-0.0258 1.078125 0)
(-0.0258 1.125 0)
(-0.0258 1.171875 0)
(-0.0258 1.21875 0)
(-0.0258 1.265625 0)
(-0.0258 1.3125 0)
(-0.0258 1.359375 0)
(-0.0258 1.40625 0)
(-0.0258 1.453125 0)
(-0.0258 1.5 0)
(-0.0258 1.546875 0)
(-0.0258 1.59375 0)
(-0.0258 1.640625 0)
(-0.0258 1.6875 0)
(-0.0258 1.734375 0)
(-0.0258 1.78125 0)
(-0.0258 1.828125 0)
(-0.0258 1.875 0)
(-0.0258 1.921875 0)
(-0.0258 1.96875 0)
(-0.0258 2.015625 0)
(-0.0258 2.0625 0)
(-0.0258 2.109375 0)
(-0.0258 2.15625 0)
(-0.0258 2.203125 0)
(-0.0258 2.25 0)
(-0.0258 2.296875 0)
(-0.0258 2.34375 0)
(-0.0258 2.390625 0)
(-0.0258 2.4375 0)
(-0.0258 2.484375 0)
(-0.0258 2.53125 0)
(-0.0258 2.578125 0)
(-0.0258 2.625 0)
(-0.0258 2.671875 0)
(-0.0258 2.71875 0)
(-0.0258 2.765625 0)
(-0.0258 2.8125 0)
(-0.0258 2.859375 0)
(-0.0258 2.90625 0)
(-0.0258 2.92578125 0)
(-0.0258 2.9453125 0)
(-0.0258 2.953125 0)
(-0.0234375 -0.0625 0)
(-0.0234375 -0.0234375 0)
(-0.0234375 -0.00390625 0)
(-0.0234375 0.015625 0)
(-0.0234375 0.03515625 0)
(-0.0234375 0.046875 0)
(-0.0234375 2.953125 0)
(-0.0234375 2.96484375 0)
(-0.0234375 2.984375 0)
(-0.0234375 3.00390625 0)
(-0.0234375 3.0234375 0)
(-0.0234375 3.0625 0)
(-0.012 -0.012 0)
(-0.012 -0.00390625 0)
(-0.012 0.015625 0)
(-0.012 0.03515625 0)
(-0.012 0.046875 0)
(-0.012 0.09375 0)
(-0.012 0.140625 0)
(-0.012 0.1875 0)
(-0.012 0.234375 0)
(-0.012 0.28125 0)
(-0.012 0.328125 0)
(-0.012 0.375 0)
(-0.012 0.421875 0)
(-0.012 0.46875 0)
(-0.012 0.515625 0)
(-0.012 0.5625 0)
(-0.012 0.609375 0)
(-0.012 0.65625 0)
(-0.012 0.703125 0)
(-0.012 0.75 0)
(-0.012 0.796875 0)
(-0.012 0.84375 0)
(-0.012 0.890625 0)
(-0.012 0.9375 0)
(-0.012 0.984375 0)
(-0.012 1.03125 0)
(-0.012 1.078125 0)
(-0.012 1.125 0)
(-0.012 1.171875 0)
(-0.012 1.21875 0)
(-0.012 1.265625 0)
(-0.012 1.3125 0)
(-0.012 1.359375 0)
(-0.012 1.40625 0)
(-0.012 1.453125 0)
(-0.012 1.5 0)
(-0.012 1.546875 0)
(-0.012 1.59375 0)
(-0.012 1.640625 0)
(-0.012 1.6875 0)
(-0.012 1.734375 0)
(-0.012 1.78125 0)
(-0.012 1.828125 0)
(-0.012 1.875 0)
(-0.012 1.921875 0)
(-0.012 1.96875 0)
(-0.012 2.015625 0)
(-0.012 2.0625 0)
(-0.012 2.109375 0)
(-0.012 2.15625 0)
(-0.012 2.203125 0)
(-0.012 2.25 0)
(-0.012 2.296875 0)
(-0.012 2.34375 0)
(-0.012 2.390625 0)
(-0.012 2.4375 0)
(-0.012 2.484375 0)
(-0.012 2.53125 0)
(-0.012 2.578125 0)
(-0.012 2.625 0)
(-0.012 2.671875 0)
(-0.012 2.71875 0)
(-0.012 2.765625 0)
(-0.012 2.8125 0)
(-0.012 2.859375 0)
(-0.012 2.90625 0)
(-0.012 2.953125 0)
(-0.012 2.96484375 0)
(-0.012 2.984375 0)
(-0.012 3.00390625 0)
(-0.012 3.012 0)
(-0.00390625 -0.0234375 0)
(-0.00390625 -0.012 0)
(-0.00390625 3.012 0)
(-0.00390625 3.0234375 0)
(0 0 0)
(0 0.046875 0)
(0 0.09375 0)
(0 0.140625 0)
(0 0.1875 0)
(0 0.234375 0)
(0 0.28125 0)
(0 0.328125 0)
(0 0.375 0)
(0 0.421875 0)
(0 0.46875 0)
(0 0.515625 0)
(0 0.5625 0)
(0 0.609375 0)
(0 0.65625 0)
(0 0.703125 0)
(0 0.75 0)
(0 0.796875 0)
(0 0.84375 0)
(0 0.890625 0)
(0 0.9375 0)
(0 0.984375 0)
(0 1.03125 0)
(0 1.078125 0)
(0 1.125 0)
(0 1.171875 0)
(0 1.21875 0)
(0 1.265625 0)
(0 1.3125 0)
(0 1.359375 0)
(0 1.40625 0)
(0 1.453125 0)
(0 1.5 0)
(0 1.546875 0)
(0 1.59375 0)
(0 1.640625 0)
(0 1.6875 0)
(0 1.734375 0)
(0 1.78125 0)
(0 1.828125 0)
(0 1.875 0)
(0 1.921875 0)
(0 1.96875 0)
(0 2.015625 0)
(0 2.0625 0)
(0 2.109375 0)
(0 2.15625 0)
(0 2.203125 0)
(0 2.25 0)
(0 2.296875 0)
(0 2.34375 0)
(0 2.390625 0)
(0 2.4375 0)
(0 2.484375 0)
(0 2.53125 0)
(0 2.578125 0)
(0 2.625 0)
(0 2.671875 0)
(0 2.71875 0)
(0 2.765625 0)
(0 2.8125 0)
(0 2.859375 0)
(0 2.90625 0)
(0 2.953125 0)
(0 3 0)
(0.015625 -0.21875 0)
(0.015625 -0.140625 0)
(0.015625 -0.1015625 0)
(0.015625 -0.0625 0)
(0.015625 -0.04296875 0)
(0.015625 -0.0234375 0)
(0.015625 -0.012 0)
(0.015625 3.012 0)
(0.015625 3.0234375 0)
(0.015625 3.04296875 0)
(0.015625 3.0625 0)
(0.015625 3.1015625 0)
(0.015625 3.140625 0)
(0.015625 3.21875 0)
(0.03125 3 0)
(0.03125 3.012 0)
(0.03125 3.0234375 0)
(0.03125 3.0257999999999998 0)
(0.03515625 -0.0625 0)
(0.03515625 -0.04296875 0)
(0.03515625 -0.0234375 0)
(0.03515625 -0.012 0)
(0.03515625 3.0257999999999998 0)
(0.03515625 3.04296875 0)
(0.03515625 3.0625 0)
(0.046875 -0.0258 0)
(0.046875 -0.0234375 0)
(0.046875 -0.012 0)
(0.046875 0 0)
(0.0546875 -0.140625 0)
(0.0546875 -0.1015625 0)
(0.0546875 -0.0625 0)
(0.0546875 -0.04296875 0)
(0.0546875 -0.0258 0)
(0.0546875 3.0257999999999998 0)
(0.0546875 3.04296875 0)
(0.0546875 3.0625 0)
(0.0546875 3.1015625 0)
(0.0546875 3.140625 0)
(0.0625 3 0)
(0.0625 3.012 0)
(0.0625 3.0257999999999998 0)
(0.0625 3.0416699999999999 0)
(0.07421875 -0.0625 0)
(0.07421875 -0.04296875 0)
(0.07421875 -0.0258 0)
(0.07421875 3.0416699999999999 0)
(0.07421875 3.04296875 0)
(0.07421875 3.0625 0)
(0.09375 -0.6875 0)
(0.09375 -0.53125 0)
(0.09375 -0.375 0)
(0.09375 -0.296875 0)
(0.09375 -0.21875 0)
(0.09375 -0.140625 0)
(0.09375 -0.1015625 0)
(0.09375 -0.0625 0)
(0.09375 -0.04296875 0)
(0.09375 -0.041669999999999999 0)
(0.09375 -0.0258 0)
(0.09375 -0.012 0)
(0.09375 0 0)
(0.09375 3 0)
(0.09375 3.012 0)
(0.09375 3.0257999999999998 0)
(0.09375 3.0416699999999999 0)
(0.09375 3.0599205 0)
(0.09375 3.0625 0)
(0.09375 3.08203125 0)
(0.09375 3.1015625 0)
(0.09375 3.140625 0)
(0.09375 3.1796875 0)
(0.09375 3.21875 0)
(0.09375 3.296875 0)
(0.09375 3.375 0)
(0.09375 3.53125 0)
(0.09375 3.6875 0)
(0.11328125 -0.0625 0)
(0.11328125 -0.041669999999999999 0)
(0.11328125 3.0599205 0)
(0.11328125 3.0625 0)
(0.11328125 3.08203125 0)
(0.11328125 3.1015625 0)
(0.125 3 0)
(0.125 3.012 0)
(0.125 3.0257999999999998 0)
(0.125 3.0416699999999999 0)
(0.125 3.0599205 0)
(0.125 3.0781710000000002 0)
(0.1328125 -0.140625 0)
(0.1328125 -0.1015625 0)
(0.1328125 -0.0625 0)
(0.1328125 -0.041669999999999999 0)
(0.1328125 3.0781710000000002 0)
(0.1328125 3.08203125 0)
(0.1328125 3.1015625 0)
(0.1328125 3.12109375 0)
(0.1328125 3.140625 0)
(0.1328125 3.1796875 0)
(0.1328125 3.21875 0)
(0.140625 -0.059920499999999995 0)
(0.140625 -0.041669999999999999 0)
(0.140625 -0.0258 0)
(0.140625 -0.012 0)
(0.140625 0 0)
(0.15234375 -0.0625 0)
(0.15234375 -0.059920499999999995 0)
(0.15234375 3.0781710000000002 0)
(0.15234375 3.08203125 0)
(0.15234375 3.1015625 0)
(0.15234375 3.12109375 0)
(0.15234375 3.140625 0)
(0.15625 3 0)
(0.15625 3.012 0)
(0.15625 3.0257999999999998 0)
(0.15625 3.0416699999999999 0)
(0.15625 3.0599205 0)
(0.15625 3.0781710000000002 0)
(0.15625 3.1015625 0)
(0.15625 3.1046342249999999 0)
(0.171875 -0.375 0)
(0.171875 -0.296875 0)
(0.171875 -0.21875 0)
(0.171875 -0.1796875 0)
(0.171875 -0.140625 0)
(0.171875 -0.1015625 0)
(0.171875 -0.08203125 0)
(0.171875 -0.0625 0)
(0.171875 -0.059920499999999995 0)
(0.171875 3.1046342249999999 0)
(0.171875 3.12109375 0)
(0.171875 3.140625 0)
(0.171875 3.16015625 0)
(0.171875 3.1796875 0)
(0.171875 3.21875 0)
(0.171875 3.296875 0)
(0.171875 3.375 0)
(0.1875 -0.07817099999999999 0)
(0.1875 -0.0625 0)
(0.1875 -0.059920499999999995 0)
(0.1875 -0.041669999999999999 0)
(0.1875 -0.0258 0)
(0.1875 -0.012 0)
(0.1875 0 0)
(0.1875 3 0)
(0.1875 3.012 0)
(0.1875 3.0257999999999998 0)
(0.1875 3.0416699999999999 0)
(0.1875 3.0599205 0)
(0.1875 3.0781710000000002 0)
(0.1875 3.1046342249999999 0)
(0.1875 3.12109375 0)
(0.1875 3.140625 0)
(0.1875 3.14300590125 0)
(0.19140625 -0.1015625 0)
(0.19140625 -0.08203125 0)
(0.19140625 -0.07817099999999999 0)
(0.19140625 3.14300590125 0)
(0.19140625 3.16015625 0)
(0.19140625 3.1796875 0)
(0.2109375 -0.21875 0)
(0.2109375 -0.1796875 0)
(0.2109375 -0.140625 0)
(0.2109375 -0.12109375 0)
(0.2109375 -0.1015625 0)
(0.2109375 -0.08203125 0)
(0.2109375 -0.07817099999999999 0)
(0.2109375 3.14300590125 0)
(0.2109375 3.16015625 0)
(0.2109375 3.1796875 0)
(0.2109375 3.21875 0)
(0.21875 3 0)
(0.21875 3.012 0)
(0.21875 3.0257999999999998 0)
(0.21875 3.0416699999999999 0)
(0.21875 3.0599205 0)
(0.21875 3.0781710000000002 0)
(0.21875 3.1046342249999999 0)
(0.21875 3.14300590125 0)
(0.23046875 -0.140625 0)
(0.23046875 -0.12109375 0)
(0.23046875 -0.1015625 0)
(0.23046875 -0.08203125 0)
(0.23046875 -0.07817099999999999 0)
(0.23046875 3.14300590125 0)
(0.23046875 3.16015625 0)
(0.23046875 3.1796875 0)
(0.234375 -0.10463422499999998 0)
(0.234375 -0.1015625 0)
(0.234375 -0.07817099999999999 0)
(0.234375 -0.059920499999999995 0)
(0.234375 -0.041669999999999999 0)
(0.234375 -0.0258 0)
(0.234375 -0.012 0)
(0.234375 0 0)
(0.25 -1 0)
(0.25 -0.6875 0)
(0.25 -0.53125 0)
(0.25 -0.375 0)
(0.25 -0.296875 0)
(0.25 -0.21875 0)
(0.25 -0.1796875 0)
(0.25 -0.16015625 0)
(0.25 -0.140625 0)
(0.25 -0.12109375 0)
(0.25 -0.10463422499999998 0)
(0.25 3 0)
(0.25 3.012 0)
(0.25 3.0257999999999998 0)
(0.25 3.0416699999999999 0)
(0.25 3.0599205 0)
(0.25 3.0781710000000002 0)
(0.25 3.1046342249999999 0)
(0.25 3.14300590125 0)
(0.25 3.16015625 0)
(0.25 3.1796875 0)
(0.25 3.21875 0)
(0.25 3.296875 0)
(0.25 3.375 0)
(0.25 3.53125 0)
(0.25 3.6875 0)
(0.25 4 0)
(0.26953125 -0.1796875 0)
(0.26953125 -0.16015625 0)
(0.26953125 -0.140625 0)
(0.26953125 -0.12109375 0)
(0.26953125 -0.10463422499999998 0)
(0.26953125 3.14300590125 0)
(0.26953125 3.16015625 0)
(0.26953125 3.1796875 0)
(0.28125 -0.14300590124999996 0)
(0.28125 -0.140625 0)
(0.28125 -0.12109375 0)
(0.28125 -0.10463422499999998 0)
(0.28125 -0.07817099999999999 0)
(0.28125 -0.059920499999999995 0)
(0.28125 -0.041669999999999999 0)
(0.28125 -0.0258 0)
(0.28125 -0.012 0)
(0.28125 0 0)
(0.28125 3 0)
(0.28125 3.012 0)
(0.28125 3.0257999999999998 0)
(0.28125 3.0416699999999999 0)
(0.28125 3.0599205 0)
(0.28125 3.0781710000000002 0)
(0.28125 3.1046342249999999 0)
(0.28125 3.14300590125 0)
(0.2890625 -0.21875 0)
(0.2890625 -0.1796875 0)
(0.2890625 -0.16015625 0)
(0.2890625 -0.14300590124999996 0)
(0.2890625 3.14300590125 0)
(0.2890625 3.16015625 0)
(0.2890625 3.1796875 0)
(0.2890625 3.21875 0)
(0.30859375 -0.1796875 0)
(0.30859375 -0.16015625 0)
(0.30859375 -0.14300590124999996 0)
(0.30859375 3.14300590125 0)
(0.30859375 3.16015625 0)
(0.30859375 3.1796875 0)
(0.3125 3 0)
(0.3125 3.012 0)
(0.3125 3.0257999999999998 0)
(0.3125 3.0416699999999999 0)
(0.3125 3.0599205 0)
(0.3125 3.0781710000000002 0)
(0.3125 3.1046342249999999 0)
(0.3125 3.14300590125 0)
(0.328125 -0.375 0)
(0.328125 -0.296875 0)
(0.328125 -0.21875 0)
(0.328125 -0.1796875 0)
(0.328125 -0.16015625 0)
(0.328125 -0.14300590124999996 0)
(0.328125 -0.10463422499999998 0)
(0.328125 -0.07817099999999999 0)
(0.328125 -0.059920499999999995 0)
(0.328125 -0.041669999999999999 0)
(0.328125 -0.0258 0)
(0.328125 -0.012 0)
(0.328125 0 0)
(0.328125 3.14300590125 0)
(0.328125 3.16015625 0)
(0.328125 3.1796875 0)
(0.328125 3.21875 0)
(0.328125 3.296875 0)
(0.328125 3.375 0)
(0.34375 3 0)
(0.34375 3.012 0)
(0.34375 3.0257999999999998 0)
(0.34375 3.0416699999999999 0)
(0.34375 3.0599205 0)
(0.34375 3.0781710000000002 0)
(0.34375 3.1046342249999999 0)
(0.34375 3.14300590125 0)
(0.34765625 -0.1796875 0)
(0.34765625 -0.16015625 0)
(0.34765625 -0.14300590124999996 0)
(0.34765625 3.14300590125 0)
(0.34765625 3.16015625 0)
(0.34765625 3.1796875 0)
(0.3671875 -0.21875 0)
(0.3671875 -0.1796875 0)
(0.3671875 -0.16015625 0)
(0.3671875 -0.14300590124999996 0)
(0.3671875 3.14300590125 0)
(0.3671875 3.16015625 0)
(0.3671875 3.1796875 0)
(0.3671875 3.21875 0)
(0.375 -0.14300590124999996 0)
(0.375 -0.10463422499999998 0)
(0.375 -0.07817099999999999 0)
(0.375 -0.059920499999999995 0)
(0.375 -0.041669999999999999 0)
(0.375 -0.0258 0)
(0.375 -0.012 0)
(0.375 0 0)
(0.375 3 0)
(0.375 3.012 0)
(0.375 3.0257999999999998 0)
(0.375 3.0416699999999999 0)
(0.375 3.0599205 0)
(0.375 3.0781710000000002 0)
(0.375 3.1046342249999999 0)
(0.375 3.14300590125 0)
(0.38671875 -0.1796875 0)
(0.38671875 -0.16015625 0)
(0.38671875 -0.14300590124999996 0)
(0.38671875 3.14300590125 0)
(0.38671875 3.16015625 0)
(0.38671875 3.1796875 0)
(0.40625 -0.6875 0)
(0.40625 -0.53125 0)
(0.40625 -0.375 0)
(0.40625 -0.296875 0)
(0.40625 -0.21875 0)
(0.40625 -0.1796875 0)
(0.40625 -0.16015625 0)
(0.40625 -0.14300590124999996 0)
(0.40625 3 0)
(0.40625 3.012 0)
(0.40625 3.0257999999999998 0)
(0.40625 3.0416699999999999 0)
(0.40625 3.0599205 0)
(0.40625 3.0781710000000002 0)
(0.40625 3.1046342249999999 0)
(0.40625 3.14300590125 0)
(0.40625 3.16015625 0)
(0.40625 3.1796875 0)
(0.40625 3.21875 0)
(0.40625 3.296875 0)
(0.40625 3.375 0)
(0.40625 3.53125 0)
(0.40625 3.6875 0)
(0.421875 -0.14300590124999996 0)
(0.421875 -0.10463422499999998 0)
(0.421875 -0.07817099999999999 0)
(0.421875 -0.059920499999999995 0)
(0.421875 -0.041669999999999999 0)
(0.421875 -0.0258 0)
(0.421875 -0.012 0)
(0.421875 0 0)
(0.42578125 -0.1796875 0)
(0.42578125 -0.16015625 0)
(0.42578125 -0.14300590124999996 0)
(0.42578125 3.14300590125 0)
(0.42578125 3.16015625 0)
(0.42578125 3.1796875 0)
(0.4375 3 0)
(0.4375 3.012 0)
(0.4375 3.0257999999999998 0)
(0.4375 3.0416699999999999 0)
(0.4375 3.0599205 0)
(0.4375 3.0781710000000002 0)
(0.4375 3.1046342249999999 0)
(0.4375 3.14300590125 0)
(0.4453125 -0.21875 0)
(0.4453125 -0.1796875 0)
(0.4453125 -0.16015625 0)
(0.4453125 -0.14300590124999996 0)
(0.4453125 3.14300590125 0)
(0.4453125 3.16015625 0)
(0.4453125 3.1796875 0)
(0.4453125 3.21875 0)
(0.46484375 -0.1796875 0)
(0.46484375 -0.16015625 0)
(0.46484375 -0.14300590124999996 0)
(0.46484375 3.14300590125 0)
(0.46484375 3.16015625 0)
(0.46484375 3.1796875 0)
(0.46875 -0.14300590124999996 0)
(0.46875 -0.10463422499999998 0)
(0.46875 -0.07817099999999999 0)
(0.46875 -0.059920499999999995 0)
(0.46875 -0.041669999999999999 0)
(0.46875 -0.0258 0)
(0.46875 -0.012 0)
(0.46875 0 0)
(0.46875 3 0)
(0.46875 3.012 0)
(0.46875 3.0257999999999998 0)
(0.46875 3.0416699999999999 0)
(0.46875 3.0599205 0)
(0.46875 3.0781710000000002 0)
(0.46875 3.1046342249999999 0)
(0.46875 3.14300590125 0)
(0.484375 -0.375 0)
(0.484375 -0.296875 0)
(0.484375 -0.21875 0)
(0.484375 -0.1796875 0)
(0.484375 -0.16015625 0)
(0.484375 -0.14300590124999996 0)
(0.484375 3.14300590125 0)
(0.484375 3.16015625 0)
(0.484375 3.1796875 0)
(0.484375 3.21875 0)
(0.484375 3.296875 0)
(0.484375 3.375 0)
(0.5 3 0)
(0.5 3.012 0)
(0.5 3.0257999999999998 0)
(0.5 3.0416699999999999 0)
(0.5 3.0599205 0)
(0.5 3.0781710000000002 0)
(0.5 3.1046342249999999 0)
(0.5 3.14300590125 0)
(0.50390625 -0.1796875 0)
(0.50390625 -0.16015625 0)
(0.50390625 -0.14300590124999996 0)
(0.50390625 3.14300590125 0)
(0.50390625 3.16015625 0)
(0.50390625 3.1796875 0)
(0.515625 -0.14300590124999996 0)
(0.515625 -0.10463422499999998 0)
(0.515625 -0.07817099999999999 0)
(0.515625 -0.059920499999999995 0)
(0.515625 -0.041669999999999999 0)
(0.515625 -0.0258 0)
(0.515625 -0.012 0)
(0.515625 0 0)
(0.5234375 -0.21875 0)
(0.5234375 -0.1796875 0)
(0.5234375 -0.16015625 0)
(0.5234375 -0.14300590124999996 0)
(0.5234375 3.14300590125 0)
(0.5234375 3.16015625 0)
(0.5234375 3.1796875 0)
(0.5234375 3.21875 0)
(0.53125 3 0)
(0.53125 3.012 0)
(0.53125 3.0257999999999998 0)
(0.53125 3.0416699999999999 0)
(0.53125 3.0599205 0)
(0.53125 3.0781710000000002 0)
(0.53125 3.1046342249999999 0)
(0.53125 3.14300590125 0)
(0.54296875 -0.1796875 0)
(0.54296875 -0.16015625 0)
(0.54296875 -0.14300590124999996 0)
(0.54296875 3.14300590125 0)
(0.54296875 3.16015625 0)
(0.54296875 3.1796875 0)
(0.5625 -1 0)
(0.5625 -0.6875 0)
(0.5625 -0.53125 0)
(0.5625 -0.375 0)
(0.5625 -0.296875 0)
(0.5625 -0.21875 0)
(0.5625 -0.1796875 0)
(0.5625 -0.16015625 0)
(0.5625 -0.14300590124999996 0)
(0.5625 -0.10463422499999998 0)
(0.5625 -0.07817099999999999 0)
(0.5625 -0.059920499999999995 0)
(0.5625 -0.041669999999999999 0)
(0.5625 -0.0258 0)
(0.5625 -0.012 0)
(0.5625 0 0)
(0.5625 3 0)
(0.5625 3.012 0)
(0.5625 3.0257999999999998 0)
(0.5625 3.0416699999999999 0)
(0.5625 3.0599205 0)
(0.5625 3.0781710000000002 0)
(0.5625 3.1046342249999999 0)
(0.5625 3.14300590125 0)
(0.5625 3.16015625 0)
(0.5625 3.1796875 0)
(0.5625 3.21875 0)
(0.5625 3.296875 0)
(0.5625 3.375 0)
(0.5625 3.53125 0)
(0.5625 3.6875 0)
(0.5625 4 0)
(0.58203125 -0.1796875 0)
(0.58203125 -0.16015625 0)
(0.58203125 -0.14300590124999996 0)
(0.58203125 3.14300590125 0)
(0.58203125 3.16015625 0)
(0.58203125 3.1796875 0)
(0.59375 3 0)
(0.59375 3.012 0)
(0.59375 3.0257999999999998 0)
(0.59375 3.0416699999999999 0)
(0.59375 3.0599205 0)
(0.59375 3.0781710000000002 0)
(0.59375 3.1046342249999999 0)
(0.59375 3.14300590125 0)
(0.6015625 -0.21875 0)
(0.6015625 -0.1796875 0)
(0.6015625 -0.16015625 0)
(0.6015625 -0.14300590124999996 0)
(0.6015625 3.14300590125 0)
(0.6015625 3.16015625 0)
(0.6015625 3.1796875 0)
(0.6015625 3.21875 0)
(0.609375 -0.14300590124999996 0)
(0.609375 -0.10463422499999998 0)
(0.609375 -0.07817099999999999 0)
(0.609375 -0.059920499999999995 0)
(0.609375 -0.041669999999999999 0)
(0.609375 -0.0258 0)
(0.609375 -0.012 0)
(0.609375 0 0)
(0.62109375 -0.1796875 0)
(0.62109375 -0.16015625 0)
(0.62109375 -0.14300590124999996 0)
(0.62109375 3.14300590125 0)
(0.62109375 3.16015625 0)
(0.62109375 3.1796875 0)
(0.625 3 0)
(0.625 3.012 0)
(0.625 3.0257999999999998 0)
(0.625 3.0416699999999999 0)
(0.625 3.0599205 0)
(0.625 3.0781710000000002 0)
(0.625 3.1046342249999999 0)
(0.625 3.14300590125 0)
(0.640625 -0.375 0)
(0.640625 -0.296875 0)
(0.640625 -0.21875 0)
(0.640625 -0.1796875 0)
(0.640625 -0.16015625 0)
(0.640625 -0.14300590124999996 0)
(0.640625 3.14300590125 0)
(0.640625 3.16015625 0)
(0.640625 3.1796875 0)
(0.640625 3.21875 0)
(0.640625 3.296875 0)
(0.640625 3.375 0)
(0.65625 -0.14300590124999996 0)
(0.65625 -0.10463422499999998 0)
(0.65625 -0.07817099999999999 0)
(0.65625 -0.059920499999999995 0)
(0.65625 -0.041669999999999999 0)
(0.65625 -0.0258 0)
(0.65625 -0.012 0)
(0.65625 0 0)
(0.65625 3 0)
(0.65625 3.012 0)
(0.65625 3.0257999999999998 0)
(0.65625 3.0416699999999999 0)
(0.65625 3.0599205 0)
(0.65625 3.0781710000000002 0)
(0.65625 3.1046342249999999 0)
(0.65625 3.14300590125 0)
(0.66015625 -0.1796875 0)
(0.66015625 -0.16015625 0)
(0.66015625 -0.14300590124999996 0)
(0.66015625 3.14300590125 0)
(0.66015625 3.16015625 0)
(0.66015625 3.1796875 0)
(0.6796875 -0.21875 0)
(0.6796875 -0.1796875 0)
(0.6796875 -0.16015625 0)
(0.6796875 -0.14300590124999996 0)
(0.6796875 3.14300590125 0)
(0.6796875 3.16015625 0)
(0.6796875 3.1796875 0)
(0.6796875 3.21875 0)
(0.6875 3 0)
(0.6875 3.012 0)
(0.6875 3.0257999999999998 0)
(0.6875 3.0416699999999999 0)
(0.6875 3.0599205 0)
(0.6875 3.0781710000000002 0)
(0.6875 3.1046342249999999 0)
(0.6875 3.14300590125 0)
(0.69921875 -0.1796875 0)
(0.69921875 -0.16015625 0)
(0.69921875 -0.14300590124999996 0)
(0.69921875 3.14300590125 0)
(0.69921875 3.16015625 0)
(0.69921875 3.1796875 0)
(0.703125 -0.14300590124999996 0)
(0.703125 -0.10463422499999998 0)
(0.703125 -0.07817099999999999 0)
(0.703125 -0.059920499999999995 0)
(0.703125 -0.041669999999999999 0)
(0.703125 -0.0258 0)
(0.703125 -0.012 0)
(0.703125 0 0)
(0.71875 -0.6875 0)
(0.71875 -0.53125 0)
(0.71875 -0.375 0)
(0.71875 -0.296875 0)
(0.71875 -0.21875 0)
(0.71875 -0.1796875 0)
(0.71875 -0.16015625 0)
(0.71875 -0.14300590124999996 0)
(0.71875 3 0)
(0.71875 3.012 0)
(0.71875 3.0257999999999998 0)
(0.71875 3.0416699999999999 0)
(0.71875 3.0599205 0)
(0.71875 3.0781710000000002 0)
(0.71875 3.1046342249999999 0)
(0.71875 3.14300590125 0)
(0.71875 3.16015625 0)
(0.71875 3.1796875 0)
(0.71875 3.21875 0)
(0.71875 3.296875 0)
(0.71875 3.375 0)
(0.71875 3.53125 0)
(0.71875 3.6875 0)
(0.73828125 -0.1796875 0)
(0.73828125 -0.16015625 0)
(0.73828125 -0.14300590124999996 0)
(0.73828125 3.14300590125 0)
(0.73828125 3.16015625 0)
(0.73828125 3.1796875 0)
(0.75 -0.14300590124999996 0)
(0.75 -0.10463422499999998 0)
(0.75 -0.07817099999999999 0)
(0.75 -0.059920499999999995 0)
(0.75 -0.041669999999999999 0)
(0.75 -0.0258 0)
(0.75 -0.012 0)
(0.75 0 0)
(0.75 3 0)
(0.75 3.012 0)
(0.75 3.0257999999999998 0)
(0.75 3.0416699999999999 0)
(0.75 3.0599205 0)
(0.75 3.0781710000000002 0)
(0.75 3.1046342249999999 0)
(0.75 3.14300590125 0)
(0.7578125 -0.21875 0)
(0.7578125 -0.1796875 0)
(0.7578125 -0.16015625 0)
(0.7578125 -0.14300590124999996 0)
(0.7578125 3.14300590125 0)
(0.7578125 3.16015625 0)
(0.7578125 3.1796875 0)
(0.7578125 3.21875 0)
(0.77734375 -0.1796875 0)
(0.77734375 -0.16015625 0)
(0.77734375 -0.14300590124999996 0)
(0.77734375 3.14300590125 0)
(0.77734375 3.16015625 0)
(0.77734375 3.1796875 0)
(0.78125 3 0)
(0.78125 3.012 0)
(0.78125 3.0257999999999998 0)
(0.78125 3.0416699999999999 0)
(0.78125 3.0599205 0)
(0.78125 3.0781710000000002 0)
(0.78125 3.1046342249999999 0)
(0.78125 3.14300590125 0)
(0.796875 -0.375 0)
(0.796875 -0.296875 0)
(0.796875 -0.21875 0)
(0.796875 -0.1796875 0)
(0.796875 -0.16015625 0)
(0.796875 -0.14300590124999996 0)
(0.796875 -0.10463422499999998 0)
(0.796875 -0.07817099999999999 0)
(0.796875 -0.059920499999999995 0)
(0.796875 -0.041669999999999999 0)
(0.796875 -0.0258 0)
(0.796875 -0.012 0)
(0.796875 0 0)
(0.796875 3.14300590125 0)
(0.796875 3.16015625 0)
(0.796875 3.1796875 0)
(0.796875 3.21875 0)
(0.796875 3.296875 0)
(0.796875 3.375 0)
(0.8125 3 0)
(0.8125 3.012 0)
(0.8125 3.0257999999999998 0)
(0.8125 3.0416699999999999 0)
(0.8125 3.0599205 0)
(0.8125 3.0781710000000002 0)
(0.8125 3.1046342249999999 0)
(0.8125 3.12109375 0)
(0.8125 3.140625 0)
(0.8125 3.14300590125 0)
(0.81640625 -0.1796875 0)
(0.81640625 -0.16015625 0)
(0.81640625 -0.14300590124999996 0)
(0.81640625 3.1046342249999999 0)
(0.81640625 3.12109375 0)
(0.81640625 3.140625 0)
(0.81640625 3.16015625 0)
(0.81640625 3.1796875 0)
(0.8359375 -0.21875 0)
(0.8359375 -0.1796875 0)
(0.8359375 -0.16015625 0)
(0.8359375 -0.14300590124999996 0)
(0.8359375 3.1046342249999999 0)
(0.8359375 3.12109375 0)
(0.8359375 3.140625 0)
(0.8359375 3.16015625 0)
(0.8359375 3.1796875 0)
(0.8359375 3.21875 0)
(0.84375 -0.14300590124999996 0)
(0.84375 -0.10463422499999998 0)
(0.84375 -0.07817099999999999 0)
(0.84375 -0.059920499999999995 0)
(0.84375 -0.041669999999999999 0)
(0.84375 -0.0258 0)
(0.84375 -0.012 0)
(0.84375 0 0)
(0.84375 3 0)
(0.84375 3.012 0)
(0.84375 3.0257999999999998 0)
(0.84375 3.0416699999999999 0)
(0.84375 3.0599205 0)
(0.84375 3.0781710000000002 0)
(0.84375 3.08203125 0)
(0.84375 3.1015625 0)
(0.84375 3.1046342249999999 0)
(0.85546875 -0.1796875 0)
(0.85546875 -0.16015625 0)
(0.85546875 -0.14300590124999996 0)
(0.85546875 3.0781710000000002 0)
(0.85546875 3.08203125 0)
(0.85546875 3.1015625 0)
(0.85546875 3.12109375 0)
(0.85546875 3.140625 0)
(0.875 -1 0)
(0.875 -0.6875 0)
(0.875 -0.53125 0)
(0.875 -0.375 0)
(0.875 -0.296875 0)
(0.875 -0.21875 0)
(0.875 -0.1796875 0)
(0.875 -0.16015625 0)
(0.875 -0.14300590124999996 0)
(0.875 3 0)
(0.875 3.012 0)
(0.875 3.0257999999999998 0)
(0.875 3.0416699999999999 0)
(0.875 3.0599205 0)
(0.875 3.0625 0)
(0.875 3.0781710000000002 0)
(0.875 3.08203125 0)
(0.875 3.1015625 0)
(0.875 3.12109375 0)
(0.875 3.140625 0)
(0.875 3.1796875 0)
(0.875 3.21875 0)
(0.875 3.296875 0)
(0.875 3.375 0)
(0.875 3.53125 0)
(0.875 3.6875 0)
(0.875 4 0)
(0.890625 -0.14300590124999996 0)
(0.890625 -0.10463422499999998 0)
(0.890625 -0.07817099999999999 0)
(0.890625 -0.059920499999999995 0)
(0.890625 -0.041669999999999999 0)
(0.890625 -0.0258 0)
(0.890625 -0.012 0)
(0.890625 0 0)
(0.89453125 -0.1796875 0)
(0.89453125 -0.16015625 0)
(0.89453125 -0.14300590124999996 0)
(0.89453125 3.0599205 0)
(0.89453125 3.0625 0)
(0.89453125 3.08203125 0)
(0.89453125 3.1015625 0)
(0.90625 3 0)
(0.90625 3.012 0)
(0.90625 3.0257999999999998 0)
(0.90625 3.0416699999999999 0)
(0.90625 3.0599205 0)
(0.9140625 -0.21875 0)
(0.9140625 -0.1796875 0)
(0.9140625 -0.16015625 0)
(0.9140625 -0.14300590124999996 0)
(0.9140625 3.0416699999999999 0)
(0.9140625 3.0625 0)
(0.9140625 3.08203125 0)
(0.9140625 3.1015625 0)
(0.9140625 3.140625 0)
(0.93359375 -0.1796875 0)
(0.93359375 -0.16015625 0)
(0.93359375 -0.14300590124999996 0)
(0.93359375 3.0416699999999999 0)
(0.93359375 3.04296875 0)
(0.93359375 3.0625 0)
(0.9375 -0.14300590124999996 0)
(0.9375 -0.10463422499999998 0)
(0.9375 -0.07817099999999999 0)
(0.9375 -0.059920499999999995 0)
(0.9375 -0.041669999999999999 0)
(0.9375 -0.0258 0)
(0.9375 -0.012 0)
(0.9375 0 0)
(0.9375 3 0)
(0.9375 3.012 0)
(0.9375 3.0257999999999998 0)
(0.9375 3.0416699999999999 0)
(0.953125 -0.375 0)
(0.953125 -0.296875 0)
(0.953125 -0.21875 0)
(0.953125 -0.1796875 0)
(0.953125 -0.16015625 0)
(0.953125 -0.14300590124999996 0)
(0.953125 3.0257999999999998 0)
(0.953125 3.04296875 0)
(0.953125 3.0625 0)
(0.953125 3.1015625 0)
(0.953125 3.140625 0)
(0.953125 3.21875 0)
(0.96875 3 0)
(0.96875 3.012 0)
(0.96875 3.0234375 0)
(0.96875 3.0257999999999998 0)
(0.97265625 -0.1796875 0)
(0.97265625 -0.16015625 0)
(0.97265625 -0.14300590124999996 0)
(0.97265625 3.012 0)
(0.97265625 3.0234375 0)
(0.97265625 3.04296875 0)
(0.97265625 3.0625 0)
(0.984375 -0.14300590124999996 0)
(0.984375 -0.10463422499999998 0)
(0.984375 -0.07817099999999999 0)
(0.984375 -0.059920499999999995 0)
(0.984375 -0.041669999999999999 0)
(0.984375 -0.0258 0)
(0.984375 -0.012 0)
(0.984375 0 0)
(0.9921875 -0.21875 0)
(0.9921875 -0.1796875 0)
(0.9921875 -0.16015625 0)
(0.9921875 -0.14300590124999996 0)
(0.9921875 3.012 0)
(0.9921875 3.0234375 0)
(0.9921875 3.04296875 0)
(0.9921875 3.0625 0)
(0.9921875 3.1015625 0)
(0.9921875 3.140625 0)
(1 1 0)
(1 1.01171875 0)
(1 1.03125 0)
(1 1.0625 0)
(1 1.09375 0)
(1 1.125 0)
(1 1.15625 0)
(1 1.1875 0)
(1 1.21875 0)
(1 1.25 0)
(1 1.28125 0)
(1 1.3125 0)
(1 1.34375 0)
(1 1.375 0)
(1 1.40625 0)
(1 1.4375 0)
(1 1.46875 0)
(1 1.5 0)
(1 1.53125 0)
(1 1.5625 0)
(1 1.59375 0)
(1 1.625 0)
(1 1.65625 0)
(1 1.6875 0)
(1 1.71875 0)
(1 1.75 0)
(1 1.78125 0)
(1 1.8125 0)
(1 1.84375 0)
(1 1.875 0)
(1 1.90625 0)
(1 1.9375 0)
(1 1.96875 0)
(1 2 0)
(1 2.03125 0)
(1 2.0625 0)
(1 2.09375 0)
(1 2.125 0)
(1 2.15625 0)
(1 2.1875 0)
(1 2.21875 0)
(1 2.25 0)
(1 2.28125 0)
(1 2.3125 0)
(1 2.34375 0)
(1 2.375 0)
(1 2.40625 0)
(1 2.4375 0)
(1 2.46875 0)
(1 2.5 0)
(1 2.53125 0)
(1 2.5625 0)
(1 2.59375 0)
(1 2.625 0)
(1 2.65625 0)
(1 2.6875 0)
(1 2.71875 0)
(1 2.75 0)
(1 2.78125 0)
(1 2.8125 0)
(1 2.84375 0)
(1 2.875 0)
(1 2.90625 0)
(1 2.9375 0)
(1 2.96875 0)
(1 3 0)
(1.01171875 -0.1796875 0)
(1.01171875 -0.16015625 0)
(1.01171875 -0.14300590124999996 0)
(1.01171875 1 0)
(1.01171875 1.01171875 0)
(1.01171875 1.03125 0)
(1.01171875 3.012 0)
(1.01171875 3.0234375 0)
(1.012 1.03125 0)
(1.012 1.05078125 0)
(1.012 1.0625 0)
(1.012 1.09375 0)
(1.012 1.125 0)
(1.012 1.15625 0)
(1.012 1.1875 0)
(1.012 1.21875 0)
(1.012 1.25 0)
(1.012 1.28125 0)
(1.012 1.3125 0)
(1.012 1.34375 0)
(1.012 1.375 0)
(1.012 1.40625 0)
(1.012 1.4375 0)
(1.012 1.46875 0)
(1.012 1.5 0)
(1.012 1.53125 0)
(1.012 1.5625 0)
(1.012 1.59375 0)
(1.012 1.625 0)
(1.012 1.65625 0)
(1.012 1.6875 0)
(1.012 1.71875 0)
(1.012 1.75 0)
(1.012 1.78125 0)
(1.012 1.8125 0)
(1.012 1.84375 0)
(1.012 1.875 0)
(1.012 1.90625 0)
(1.012 1.9375 0)
(1.012 1.96875 0)
(1.012 2 0)
(1.012 2.03125 0)
(1.012 2.0625 0)
(1.012 2.09375 0)
(1.012 2.125 0)
(1.012 2.15625 0)
(1.012 2.1875 0)
(1.012 2.21875 0)
(1.012 2.25 0)
(1.012 2.28125 0)
(1.012 2.3125 0)
(1.012 2.34375 0)
(1.012 2.375 0)
(1.012 2.40625 0)
(1.012 2.4375 0)
(1.012 2.46875 0)
(1.012 2.5 0)
(1.012 2.53125 0)
(1.012 2.5625 0)
(1.012 2.59375 0)
(1.012 2.625 0)
(1.012 2.65625 0)
(1.012 2.6875 0)
(1.012 2.71875 0)
(1.012 2.75 0)
(1.012 2.78125 0)
(1.012 2.8125 0)
(1.012 2.84375 0)
(1.012 2.875 0)
(1.012 2.90625 0)
(1.012 2.9375 0)
(1.012 2.96875 0)
(1.012 2.984375 0)
(1.012 3.00390625 0)
(1.012 3.012 0)
(1.0258 1.0625 0)
(1.0258 1.0703125 0)
(1.0258 1.09375 0)
(1.0258 1.125 0)
(1.0258 1.15625 0)
(1.0258 1.1875 0)
(1.0258 1.21875 0)
(1.0258 1.25 0)
(1.0258 1.28125 0)
(1.0258 1.3125 0)
(1.0258 1.34375 0)
(1.0258 1.375 0)
(1.0258 1.40625 0)
(1.0258 1.4375 0)
(1.0258 1.46875 0)
(1.0258 1.5 0)
(1.0258 1.53125 0)
(1.0258 1.5625 0)
(1.0258 1.59375 0)
(1.0258 1.625 0)
(1.0258 1.65625 0)
(1.0258 1.6875 0)
(1.0258 1.71875 0)
(1.0258 1.75 0)
(1.0258 1.78125 0)
(1.0258 1.8125 0)
(1.0258 1.84375 0)
(1.0258 1.875 0)
(1.0258 1.90625 0)
(1.0258 1.9375 0)
(1.0258 1.96875 0)
(1.0258 2 0)
(1.0258 2.03125 0)
(1.0258 2.0625 0)
(1.0258 2.09375 0)
(1.0258 2.125 0)
(1.0258 2.15625 0)
(1.0258 2.1875 0)
(1.0258 2.21875 0)
(1.0258 2.25 0)
(1.0258 2.28125 0)
(1.0258 2.3125 0)
(1.0258 2.34375 0)
(1.0258 2.375 0)
(1.0258 2.40625 0)
(1.0258 2.4375 0)
(1.0258 2.46875 0)
(1.0258 2.5 0)
(1.0258 2.53125 0)
(1.0258 2.5625 0)
(1.0258 2.59375 0)
(1.0258 2.625 0)
(1.0258 2.65625 0)
(1.0258 2.6875 0)
(1.0258 2.71875 0)
(1.0258 2.75 0)
(1.0258 2.78125 0)
(1.0258 2.8125 0)
(1.0258 2.84375 0)
(1.0258 2.875 0)
(1.0258 2.90625 0)
(1.0258 2.9375 0)
(1.0258 2.9453125 0)
(1.0258 2.96484375 0)
(1.0258 2.96875 0)
(1.03125 -0.6875 0)
(1.03125 -0.53125 0)
(1.03125 -0.375 0)
(1.03125 -0.296875 0)
(1.03125 -0.21875 0)
(1.03125 -0.1796875 0)
(1.03125 -0.16015625 0)
(1.03125 -0.14300590124999996 0)
(1.03125 -0.10463422499999998 0)
(1.03125 -0.07817099999999999 0)
(1.03125 -0.059920499999999995 0)
(1.03125 -0.041669999999999999 0)
(1.03125 -0.0258 0)
(1.03125 -0.012 0)
(1.03125 0 0)
(1.03125 1 0)
(1.03125 1.01171875 0)
(1.03125 1.012 0)
(1.03125 1.03125 0)
(1.03125 1.05078125 0)
(1.03125 1.0703125 0)
(1.03125 1.08984375 0)
(1.03125 1.09375 0)
(1.03125 2.9375 0)
(1.03125 2.9453125 0)
(1.03125 2.96484375 0)
(1.03125 2.984375 0)
(1.03125 3.00390625 0)
(1.03125 3.0234375 0)
(1.03125 3.0625 0)
(1.03125 3.1015625 0)
(1.03125 3.140625 0)
(1.03125 3.21875 0)
(1.03125 3.375 0)
(1.0416700000000001 1.09375 0)
(1.0416700000000001 1.109375 0)
(1.0416700000000001 1.125 0)
(1.0416700000000001 1.15625 0)
(1.0416700000000001 1.1875 0)
(1.0416700000000001 1.21875 0)
(1.0416700000000001 1.25 0)
(1.0416700000000001 1.28125 0)
(1.0416700000000001 1.3125 0)
(1.0416700000000001 1.34375 0)
(1.0416700000000001 1.375 0)
(1.0416700000000001 1.40625 0)
(1.0416700000000001 1.4375 0)
(1.0416700000000001 1.46875 0)
(1.0416700000000001 1.5 0)
(1.0416700000000001 1.53125 0)
(1.0416700000000001 1.5625 0)
(1.0416700000000001 1.59375 0)
(1.0416700000000001 1.625 0)
(1.0416700000000001 1.65625 0)
(1.0416700000000001 1.6875 0)
(1.0416700000000001 1.71875 0)
(1.0416700000000001 1.75 0)
(1.0416700000000001 1.78125 0)
(1.0416700000000001 1.8125 0)
(1.0416700000000001 1.84375 0)
(1.0416700000000001 1.875 0)
(1.0416700000000001 1.90625 0)
(1.0416700000000001 1.9375 0)
(1.0416700000000001 1.96875 0)
(1.0416700000000001 2 0)
(1.0416700000000001 2.03125 0)
(1.0416700000000001 2.0625 0)
(1.0416700000000001 2.09375 0)
(1.0416700000000001 2.125 0)
(1.0416700000000001 2.15625 0)
(1.0416700000000001 2.1875 0)
(1.0416700000000001 2.21875 0)
(1.0416700000000001 2.25 0)
(1.0416700000000001 2.28125 0)
(1.0416700000000001 2.3125 0)
(1.0416700000000001 2.34375 0)
(1.0416700000000001 2.375 0)
(1.0416700000000001 2.40625 0)
(1.0416700000000001 2.4375 0)
(1.0416700000000001 2.46875 0)
(1.0416700000000001 2.5 0)
(1.0416700000000001 2.53125 0)
(1.0416700000000001 2.5625 0)
(1.0416700000000001 2.59375 0)
(1.0416700000000001 2.625 0)
(1.0416700000000001 2.65625 0)
(1.0416700000000001 2.6875 0)
(1.0416700000000001 2.71875 0)
(1.0416700000000001 2.75 0)
(1.0416700000000001 2.78125 0)
(1.0416700000000001 2.8125 0)
(1.0416700000000001 2.84375 0)
(1.0416700000000001 2.875 0)
(1.0416700000000001 2.90625 0)
(1.0416700000000001 2.92578125 0)
(1.0416700000000001 2.9375 0)
(1.05078125 -0.1796875 0)
(1.05078125 -0.16015625 0)
(1.05078125 -0.14300590124999996 0)
(1.05078125 1.012 0)
(1.05078125 1.03125 0)
(1.05078125 1.0703125 0)
(1.05078125 1.08984375 0)
(1.05078125 1.109375 0)
(1.05078125 1.125 0)
(1.05078125 2.90625 0)
(1.05078125 2.92578125 0)
(1.05078125 2.9453125 0)
(1.0599205 1.125 0)
(1.0599205 1.12890625 0)
(1.0599205 1.1484375 0)
(1.0599205 1.15625 0)
(1.0599205 1.1875 0)
(1.0599205 1.21875 0)
(1.0599205 1.25 0)
(1.0599205 1.28125 0)
(1.0599205 1.3125 0)
(1.0599205 1.34375 0)
(1.0599205 1.375 0)
(1.0599205 1.40625 0)
(1.0599205 1.4375 0)
(1.0599205 1.46875 0)
(1.0599205 1.5 0)
(1.0599205 1.53125 0)
(1.0599205 1.5625 0)
(1.0599205 1.59375 0)
(1.0599205 1.625 0)
(1.0599205 1.65625 0)
(1.0599205 1.6875 0)
(1.0599205 1.71875 0)
(1.0599205 1.75 0)
(1.0599205 1.78125 0)
(1.0599205 1.8125 0)
(1.0599205 1.84375 0)
(1.0599205 1.875 0)
(1.0599205 1.90625 0)
(1.0599205 1.9375 0)
(1.0599205 1.96875 0)
(1.0599205 2 0)
(1.0599205 2.03125 0)
(1.0599205 2.0625 0)
(1.0599205 2.09375 0)
(1.0599205 2.125 0)
(1.0599205 2.15625 0)
(1.0599205 2.1875 0)
(1.0599205 2.21875 0)
(1.0599205 2.25 0)
(1.0599205 2.28125 0)
(1.0599205 2.3125 0)
(1.0599205 2.34375 0)
(1.0599205 2.375 0)
(1.0599205 2.40625 0)
(1.0599205 2.4375 0)
(1.0599205 2.46875 0)
(1.0599205 2.5 0)
(1.0599205 2.53125 0)
(1.0599205 2.5625 0)
(1.0599205 2.59375 0)
(1.0599205 2.625 0)
(1.0599205 2.65625 0)
(1.0599205 2.6875 0)
(1.0599205 2.71875 0)
(1.0599205 2.75 0)
(1.0599205 2.78125 0)
(1.0599205 2.8125 0)
(1.0599205 2.84375 0)
(1.0599205 2.875 0)
(1.0599205 2.88671875 0)
(1.0599205 2.90625 0)
(1.0625 1 0)
(1.0625 1.012 0)
(1.0625 1.0258 0)
(1.0703125 -0.21875 0)
(1.0703125 -0.1796875 0)
(1.0703125 -0.16015625 0)
(1.0703125 -0.14300590124999996 0)
(1.0703125 1.0258 0)
(1.0703125 1.03125 0)
(1.0703125 1.05078125 0)
(1.0703125 1.0703125 0)
(1.0703125 1.08984375 0)
(1.0703125 1.109375 0)
(1.0703125 1.12890625 0)
(1.0703125 1.1484375 0)
(1.0703125 1.15625 0)
(1.0703125 2.875 0)
(1.0703125 2.88671875 0)
(1.0703125 2.90625 0)
(1.0703125 2.92578125 0)
(1.0703125 2.9453125 0)
(1.0703125 2.984375 0)
(1.0703125 3.0234375 0)
(1.0703125 3.0625 0)
(1.078125 -0.14300590124999996 0)
(1.078125 -0.10463422499999998 0)
(1.078125 -0.07817099999999999 0)
(1.078125 -0.059920499999999995 0)
(1.078125 -0.041669999999999999 0)
(1.078125 -0.0258 0)
(1.078125 -0.012 0)
(1.078125 0 0)
(1.078171 1.15625 0)
(1.078171 1.16796875 0)
(1.078171 1.1875 0)
(1.078171 1.21875 0)
(1.078171 1.25 0)
(1.078171 1.28125 0)
(1.078171 1.3125 0)
(1.078171 1.34375 0)
(1.078171 1.375 0)
(1.078171 1.40625 0)
(1.078171 1.4375 0)
(1.078171 1.46875 0)
(1.078171 1.5 0)
(1.078171 1.53125 0)
(1.078171 1.5625 0)
(1.078171 1.59375 0)
(1.078171 1.625 0)
(1.078171 1.65625 0)
(1.078171 1.6875 0)
(1.078171 1.71875 0)
(1.078171 1.75 0)
(1.078171 1.78125 0)
(1.078171 1.8125 0)
(1.078171 1.84375 0)
(1.078171 1.875 0)
(1.078171 1.90625 0)
(1.078171 1.9375 0)
(1.078171 1.96875 0)
(1.078171 2 0)
(1.078171 2.03125 0)
(1.078171 2.0625 0)
(1.078171 2.09375 0)
(1.078171 2.125 0)
(1.078171 2.15625 0)
(1.078171 2.1875 0)
(1.078171 2.21875 0)
(1.078171 2.25 0)
(1.078171 2.28125 0)
(1.078171 2.3125 0)
(1.078171 2.34375 0)
(1.078171 2.375 0)
(1.078171 2.40625 0)
(1.078171 2.4375 0)
(1.078171 2.46875 0)
(1.078171 2.5 0)
(1.078171 2.53125 0)
(1.078171 2.5625 0)
(1.078171 2.59375 0)
(1.078171 2.625 0)
(1.078171 2.65625 0)
(1.078171 2.6875 0)
(1.078171 2.71875 0)
(1.078171 2.75 0)
(1.078171 2.78125 0)
(1.078171 2.8125 0)
(1.078171 2.84375 0)
(1.078171 2.84765625 0)
(1.078171 2.8671875 0)
(1.078171 2.875 0)
(1.08984375 -0.1796875 0)
(1.08984375 -0.16015625 0)
(1.08984375 -0.14300590124999996 0)
(1.08984375 1.03125 0)
(1.08984375 1.05078125 0)
(1.08984375 1.0703125 0)
(1.08984375 1.1484375 0)
(1.08984375 1.16796875 0)
(1.08984375 1.1875 0)
(1.08984375 2.84375 0)
(1.08984375 2.84765625 0)
(1.08984375 2.8671875 0)
(1.08984375 2.88671875 0)
(1.08984375 2.90625 0)
(1.09375 1 0)
(1.09375 1.012 0)
(1.09375 1.0258 0)
(1.09375 1.03125 0)
(1.09375 1.0416700000000001 0)
(1.1046342250000001 1.1875 0)
(1.1046342250000001 1.20703125 0)
(1.1046342250000001 1.21875 0)
(1.1046342250000001 1.25 0)
(1.1046342250000001 1.28125 0)
(1.1046342250000001 1.3125 0)
(1.1046342250000001 1.34375 0)
(1.1046342250000001 1.375 0)
(1.1046342250000001 1.40625 0)
(1.1046342250000001 1.4375 0)
(1.1046342250000001 1.46875 0)
(1.1046342250000001 1.5 0)
(1.1046342250000001 1.53125 0)
(1.1046342250000001 1.5625 0)
(1.1046342250000001 1.59375 0)
(1.1046342250000001 1.625 0)
(1.1046342250000001 1.65625 0)
(1.1046342250000001 1.6875 0)
(1.1046342250000001 1.71875 0)
(1.1046342250000001 1.75 0)
(1.1046342250000001 1.78125 0)
(1.1046342250000001 1.8125 0)
(1.1046342250000001 1.84375 0)
(1.1046342250000001 1.875 0)
(1.1046342250000001 1.90625 0)
(1.1046342250000001 1.9375 0)
(1.1046342250000001 1.96875 0)
(1.1046342250000001 2 0)
(1.1046342250000001 2.03125 0)
(1.1046342250000001 2.0625 0)
(1.1046342250000001 2.09375 0)
(1.1046342250000001 2.125 0)
(1.1046342250000001 2.15625 0)
(1.1046342250000001 2.1875 0)
(1.1046342250000001 2.21875 0)
(1.1046342250000001 2.25 0)
(1.1046342250000001 2.28125 0)
(1.1046342250000001 2.3125 0)
(1.1046342250000001 2.34375 0)
(1.1046342250000001 2.375 0)
(1.1046342250000001 2.40625 0)
(1.1046342250000001 2.4375 0)
(1.1046342250000001 2.46875 0)
(1.1046342250000001 2.5 0)
(1.1046342250000001 2.53125 0)
(1.1046342250000001 2.5625 0)
(1.1046342250000001 2.59375 0)
(1.1046342250000001 2.625 0)
(1.1046342250000001 2.65625 0)
(1.1046342250000001 2.6875 0)
(1.1046342250000001 2.71875 0)
(1.1046342250000001 2.75 0)
(1.1046342250000001 2.78125 0)
(1.1046342250000001 2.8125 0)
(1.1046342250000001 2.828125 0)
(1.1046342250000001 2.84375 0)
(1.109375 -0.375 0)
(1.109375 -0.296875 0)
(1.109375 -0.21875 0)
(1.109375 -0.1796875 0)
(1.109375 -0.16015625 0)
(1.109375 -0.14300590124999996 0)
(1.109375 1.0416700000000001 0)
(1.109375 1.05078125 0)
(1.109375 1.0703125 0)
(1.109375 1.109375 0)
(1.109375 1.1484375 0)
(1.109375 1.16796875 0)
(1.109375 1.1875 0)
(1.109375 1.20703125 0)
(1.109375 1.21875 0)
(1.109375 2.8125 0)
(1.109375 2.828125 0)
(1.109375 2.84765625 0)
(1.109375 2.8671875 0)
(1.109375 2.88671875 0)
(1.109375 2.90625 0)
(1.109375 2.9453125 0)
(1.109375 2.984375 0)
(1.109375 3.0234375 0)
(1.109375 3.0625 0)
(1.109375 3.140625 0)
(1.109375 3.21875 0)
(1.125 -0.14300590124999996 0)
(1.125 -0.10463422499999998 0)
(1.125 -0.07817099999999999 0)
(1.125 -0.059920499999999995 0)
(1.125 -0.041669999999999999 0)
(1.125 -0.0258 0)
(1.125 -0.012 0)
(1.125 0 0)
(1.125 1 0)
(1.125 1.012 0)
(1.125 1.0258 0)
(1.125 1.0416700000000001 0)
(1.125 1.05078125 0)
(1.125 1.0599205 0)
(1.12890625 -0.1796875 0)
(1.12890625 -0.16015625 0)
(1.12890625 -0.14300590124999996 0)
(1.12890625 1.0599205 0)
(1.12890625 1.0703125 0)
(1.12890625 1.1875 0)
(1.12890625 1.20703125 0)
(1.12890625 1.21875 0)
(1.12890625 2.8125 0)
(1.12890625 2.828125 0)
(1.14300590125 1.21875 0)
(1.14300590125 1.2265625 0)
(1.14300590125 1.24609375 0)
(1.14300590125 1.25 0)
(1.14300590125 1.265625 0)
(1.14300590125 1.28125 0)
(1.14300590125 1.28515625 0)
(1.14300590125 1.3046875 0)
(1.14300590125 1.3125 0)
(1.14300590125 1.32421875 0)
(1.14300590125 1.34375 0)
(1.14300590125 1.36328125 0)
(1.14300590125 1.375 0)
(1.14300590125 1.3828125 0)
(1.14300590125 1.40234375 0)
(1.14300590125 1.40625 0)
(1.14300590125 1.421875 0)
(1.14300590125 1.4375 0)
(1.14300590125 1.44140625 0)
(1.14300590125 1.4609375 0)
(1.14300590125 1.46875 0)
(1.14300590125 1.48046875 0)
(1.14300590125 1.5 0)
(1.14300590125 1.51953125 0)
(1.14300590125 1.53125 0)
(1.14300590125 1.5390625 0)
(1.14300590125 1.55859375 0)
(1.14300590125 1.5625 0)
(1.14300590125 1.578125 0)
(1.14300590125 1.59375 0)
(1.14300590125 1.59765625 0)
(1.14300590125 1.6171875 0)
(1.14300590125 1.625 0)
(1.14300590125 1.63671875 0)
(1.14300590125 1.65625 0)
(1.14300590125 1.67578125 0)
(1.14300590125 1.6875 0)
(1.14300590125 1.6953125 0)
(1.14300590125 1.71484375 0)
(1.14300590125 1.71875 0)
(1.14300590125 1.734375 0)
(1.14300590125 1.75 0)
(1.14300590125 1.75390625 0)
(1.14300590125 1.7734375 0)
(1.14300590125 1.78125 0)
(1.14300590125 1.79296875 0)
(1.14300590125 1.8125 0)
(1.14300590125 1.83203125 0)
(1.14300590125 1.84375 0)
(1.14300590125 1.8515625 0)
(1.14300590125 1.87109375 0)
(1.14300590125 1.875 0)
(1.14300590125 1.890625 0)
(1.14300590125 1.90625 0)
(1.14300590125 1.91015625 0)
(1.14300590125 1.9296875 0)
(1.14300590125 1.9375 0)
(1.14300590125 1.94921875 0)
(1.14300590125 1.96875 0)
(1.14300590125 1.98828125 0)
(1.14300590125 2 0)
(1.14300590125 2.0078125 0)
(1.14300590125 2.02734375 0)
(1.14300590125 2.03125 0)
(1.14300590125 2.046875 0)
(1.14300590125 2.0625 0)
(1.14300590125 2.06640625 0)
(1.14300590125 2.0859375 0)
(1.14300590125 2.09375 0)
(1.14300590125 2.10546875 0)
(1.14300590125 2.125 0)
(1.14300590125 2.14453125 0)
(1.14300590125 2.15625 0)
(1.14300590125 2.1640625 0)
(1.14300590125 2.18359375 0)
(1.14300590125 2.1875 0)
(1.14300590125 2.203125 0)
(1.14300590125 2.21875 0)
(1.14300590125 2.22265625 0)
(1.14300590125 2.2421875 0)
(1.14300590125 2.25 0)
(1.14300590125 2.26171875 0)
(1.14300590125 2.28125 0)
(1.14300590125 2.30078125 0)
(1.14300590125 2.3125 0)
(1.14300590125 2.3203125 0)
(1.14300590125 2.33984375 0)
(1.14300590125 2.34375 0)
(1.14300590125 2.359375 0)
(1.14300590125 2.375 0)
(1.14300590125 2.37890625 0)
(1.14300590125 2.3984375 0)
(1.14300590125 2.40625 0)
(1.14300590125 2.41796875 0)
(1.14300590125 2.4375 0)
(1.14300590125 2.45703125 0)
(1.14300590125 2.46875 0)
(1.14300590125 2.4765625 0)
(1.14300590125 2.49609375 0)
(1.14300590125 2.5 0)
(1.14300590125 2.515625 0)
(1.14300590125 2.53125 0)
(1.14300590125 2.53515625 0)
(1.14300590125 2.5546875 0)
(1.14300590125 2.5625 0)
(1.14300590125 2.57421875 0)
(1.14300590125 2.59375 0)
(1.14300590125 2.61328125 0)
(1.14300590125 2.625 0)
(1.14300590125 2.6328125 0)
(1.14300590125 2.65234375 0)
(1.14300590125 2.65625 0)
(1.14300590125 2.671875 0)
(1.14300590125 2.6875 0)
(1.14300590125 2.69140625 0)
(1.14300590125 2.7109375 0)
(1.14300590125 2.71875 0)
(1.14300590125 2.73046875 0)
(1.14300590125 2.75 0)
(1.14300590125 2.76953125 0)
(1.14300590125 2.78125 0)
(1.14300590125 2.7890625 0)
(1.14300590125 2.80859375 0)
(1.14300590125 2.8125 0)
(1.1484375 -0.21875 0)
(1.1484375 -0.1796875 0)
(1.1484375 -0.16015625 0)
(1.1484375 -0.14300590124999996 0)
(1.1484375 1.0599205 0)
(1.1484375 1.0703125 0)
(1.1484375 1.08984375 0)
(1.1484375 1.109375 0)
(1.1484375 1.1484375 0)
(1.1484375 1.1875 0)
(1.1484375 1.20703125 0)
(1.1484375 1.2265625 0)
(1.1484375 1.24609375 0)
(1.1484375 1.265625 0)
(1.1484375 1.28515625 0)
(1.1484375 1.3046875 0)
(1.1484375 1.32421875 0)
(1.1484375 1.34375 0)
(1.1484375 1.36328125 0)
(1.1484375 1.3828125 0)
(1.1484375 1.40234375 0)
(1.1484375 1.421875 0)
(1.1484375 1.44140625 0)
(1.1484375 1.4609375 0)
(1.1484375 1.48046875 0)
(1.1484375 1.5 0)
(1.1484375 1.51953125 0)
(1.1484375 1.5390625 0)
(1.1484375 1.55859375 0)
(1.1484375 1.578125 0)
(1.1484375 1.59765625 0)
(1.1484375 1.6171875 0)
(1.1484375 1.63671875 0)
(1.1484375 1.65625 0)
(1.1484375 1.67578125 0)
(1.1484375 1.6953125 0)
(1.1484375 1.71484375 0)
(1.1484375 1.734375 0)
(1.1484375 1.75390625 0)
(1.1484375 1.7734375 0)
(1.1484375 1.79296875 0)
(1.1484375 1.8125 0)
(1.1484375 1.83203125 0)
(1.1484375 1.8515625 0)
(1.1484375 1.87109375 0)
(1.1484375 1.890625 0)
(1.1484375 1.91015625 0)
(1.1484375 1.9296875 0)
(1.1484375 1.94921875 0)
(1.1484375 1.96875 0)
(1.1484375 1.98828125 0)
(1.1484375 2.0078125 0)
(1.1484375 2.02734375 0)
(1.1484375 2.046875 0)
(1.1484375 2.06640625 0)
(1.1484375 2.0859375 0)
(1.1484375 2.10546875 0)
(1.1484375 2.125 0)
(1.1484375 2.14453125 0)
(1.1484375 2.1640625 0)
(1.1484375 2.18359375 0)
(1.1484375 2.203125 0)
(1.1484375 2.22265625 0)
(1.1484375 2.2421875 0)
(1.1484375 2.26171875 0)
(1.1484375 2.28125 0)
(1.1484375 2.30078125 0)
(1.1484375 2.3203125 0)
(1.1484375 2.33984375 0)
(1.1484375 2.359375 0)
(1.1484375 2.37890625 0)
(1.1484375 2.3984375 0)
(1.1484375 2.41796875 0)
(1.1484375 2.4375 0)
(1.1484375 2.45703125 0)
(1.1484375 2.4765625 0)
(1.1484375 2.49609375 0)
(1.1484375 2.515625 0)
(1.1484375 2.53515625 0)
(1.1484375 2.5546875 0)
(1.1484375 2.57421875 0)
(1.1484375 2.59375 0)
(1.1484375 2.61328125 0)
(1.1484375 2.6328125 0)
(1.1484375 2.65234375 0)
(1.1484375 2.671875 0)
(1.1484375 2.69140625 0)
(1.1484375 2.7109375 0)
(1.1484375 2.73046875 0)
(1.1484375 2.75 0)
(1.1484375 2.76953125 0)
(1.1484375 2.7890625 0)
(1.1484375 2.80859375 0)
(1.1484375 2.828125 0)
(1.1484375 2.8671875 0)
(1.1484375 2.90625 0)
(1.15625 1 0)
(1.15625 1.012 0)
(1.15625 1.0258 0)
(1.15625 1.0416700000000001 0)
(1.15625 1.0599205 0)
(1.15625 1.0703125 0)
(1.15625 1.078171 0)
(1.16796875 -0.1796875 0)
(1.16796875 -0.16015625 0)
(1.16796875 -0.14300590124999996 0)
(1.16796875 1.078171 0)
(1.16796875 1.08984375 0)
(1.16796875 1.109375 0)
(1.171875 -0.14300590124999996 0)
(1.171875 -0.10463422499999998 0)
(1.171875 -0.07817099999999999 0)
(1.171875 -0.059920499999999995 0)
(1.171875 -0.041669999999999999 0)
(1.171875 -0.0258 0)
(1.171875 -0.012 0)
(1.171875 0 0)
(1.1875 -1 0)
(1.1875 -0.6875 0)
(1.1875 -0.53125 0)
(1.1875 -0.375 0)
(1.1875 -0.296875 0)
(1.1875 -0.21875 0)
(1.1875 -0.1796875 0)
(1.1875 -0.16015625 0)
(1.1875 -0.14300590124999996 0)
(1.1875 1 0)
(1.1875 1.012 0)
(1.1875 1.0258 0)
(1.1875 1.0416700000000001 0)
(1.1875 1.0599205 0)
(1.1875 1.078171 0)
(1.1875 1.08984375 0)
(1.1875 1.1046342250000001 0)
(1.1875 1.109375 0)
(1.1875 1.12890625 0)
(1.1875 1.1484375 0)
(1.1875 1.1875 0)
(1.1875 1.2265625 0)
(1.1875 1.265625 0)
(1.1875 1.3046875 0)
(1.1875 1.34375 0)
(1.1875 1.3828125 0)
(1.1875 1.421875 0)
(1.1875 1.4609375 0)
(1.1875 1.5 0)
(1.1875 1.5390625 0)
(1.1875 1.578125 0)
(1.1875 1.6171875 0)
(1.1875 1.65625 0)
(1.1875 1.6953125 0)
(1.1875 1.734375 0)
(1.1875 1.7734375 0)
(1.1875 1.8125 0)
(1.1875 1.8515625 0)
(1.1875 1.890625 0)
(1.1875 1.9296875 0)
(1.1875 1.96875 0)
(1.1875 2.0078125 0)
(1.1875 2.046875 0)
(1.1875 2.0859375 0)
(1.1875 2.125 0)
(1.1875 2.1640625 0)
(1.1875 2.203125 0)
(1.1875 2.2421875 0)
(1.1875 2.28125 0)
(1.1875 2.3203125 0)
(1.1875 2.359375 0)
(1.1875 2.3984375 0)
(1.1875 2.4375 0)
(1.1875 2.4765625 0)
(1.1875 2.515625 0)
(1.1875 2.5546875 0)
(1.1875 2.59375 0)
(1.1875 2.6328125 0)
(1.1875 2.671875 0)
(1.1875 2.7109375 0)
(1.1875 2.75 0)
(1.1875 2.7890625 0)
(1.1875 2.828125 0)
(1.1875 2.8671875 0)
(1.1875 2.90625 0)
(1.1875 2.984375 0)
(1.1875 3.0625 0)
(1.1875 3.140625 0)
(1.1875 3.21875 0)
(1.1875 3.375 0)
(1.1875 3.6875 0)
(1.1875 4 0)
(1.20703125 -0.1796875 0)
(1.20703125 -0.16015625 0)
(1.20703125 -0.14300590124999996 0)
(1.20703125 1.1046342250000001 0)
(1.20703125 1.109375 0)
(1.20703125 1.12890625 0)
(1.20703125 1.1484375 0)
(1.21875 -0.14300590124999996 0)
(1.21875 -0.10463422499999998 0)
(1.21875 -0.07817099999999999 0)
(1.21875 -0.059920499999999995 0)
(1.21875 -0.041669999999999999 0)
(1.21875 -0.0258 0)
(1.21875 -0.012 0)
(1.21875 0 0)
(1.21875 1 0)
(1.21875 1.012 0)
(1.21875 1.0258 0)
(1.21875 1.0416700000000001 0)
(1.21875 1.0599205 0)
(1.21875 1.078171 0)
(1.21875 1.1046342250000001 0)
(1.21875 1.109375 0)
(1.21875 1.12890625 0)
(1.21875 1.14300590125 0)
(1.2265625 -0.21875 0)
(1.2265625 -0.1796875 0)
(1.2265625 -0.16015625 0)
(1.2265625 -0.14300590124999996 0)
(1.2265625 1.14300590125 0)
(1.2265625 1.1484375 0)
(1.2265625 1.1875 0)
(1.24609375 -0.1796875 0)
(1.24609375 -0.16015625 0)
(1.24609375 -0.14300590124999996 0)
(1.24609375 1.14300590125 0)
(1.24609375 1.1484375 0)
(1.25 1 0)
(1.25 1.012 0)
(1.25 1.0258 0)
(1.25 1.0416700000000001 0)
(1.25 1.0599205 0)
(1.25 1.078171 0)
(1.25 1.1046342250000001 0)
(1.25 1.14300590125 0)
(1.265625 -0.375 0)
(1.265625 -0.296875 0)
(1.265625 -0.21875 0)
(1.265625 -0.1796875 0)
(1.265625 -0.16015625 0)
(1.265625 -0.14300590124999996 0)
(1.265625 -0.10463422499999998 0)
(1.265625 -0.07817099999999999 0)
(1.265625 -0.059920499999999995 0)
(1.265625 -0.041669999999999999 0)
(1.265625 -0.0258 0)
(1.265625 -0.012 0)
(1.265625 0 0)
(1.265625 1.14300590125 0)
(1.265625 1.1484375 0)
(1.265625 1.1875 0)
(1.265625 1.265625 0)
(1.265625 1.34375 0)
(1.265625 1.421875 0)
(1.265625 1.5 0)
(1.265625 1.578125 0)
(1.265625 1.65625 0)
(1.265625 1.734375 0)
(1.265625 1.8125 0)
(1.265625 1.890625 0)
(1.265625 1.96875 0)
(1.265625 2.046875 0)
(1.265625 2.125 0)
(1.265625 2.203125 0)
(1.265625 2.28125 0)
(1.265625 2.359375 0)
(1.265625 2.4375 0)
(1.265625 2.515625 0)
(1.265625 2.59375 0)
(1.265625 2.671875 0)
(1.265625 2.75 0)
(1.265625 2.828125 0)
(1.265625 2.90625 0)
(1.28125 1 0)
(1.28125 1.012 0)
(1.28125 1.0258 0)
(1.28125 1.0416700000000001 0)
(1.28125 1.0599205 0)
(1.28125 1.078171 0)
(1.28125 1.1046342250000001 0)
(1.28125 1.14300590125 0)
(1.28515625 -0.1796875 0)
(1.28515625 -0.16015625 0)
(1.28515625 -0.14300590124999996 0)
(1.28515625 1.14300590125 0)
(1.28515625 1.1484375 0)
(1.3046875 -0.21875 0)
(1.3046875 -0.1796875 0)
(1.3046875 -0.16015625 0)
(1.3046875 -0.14300590124999996 0)
(1.3046875 1.14300590125 0)
(1.3046875 1.1484375 0)
(1.3046875 1.1875 0)
(1.3125 -0.14300590124999996 0)
(1.3125 -0.10463422499999998 0)
(1.3125 -0.07817099999999999 0)
(1.3125 -0.059920499999999995 0)
(1.3125 -0.041669999999999999 0)
(1.3125 -0.0258 0)
(1.3125 -0.012 0)
(1.3125 0 0)
(1.3125 1 0)
(1.3125 1.012 0)
(1.3125 1.0258 0)
(1.3125 1.0416700000000001 0)
(1.3125 1.0599205 0)
(1.3125 1.078171 0)
(1.3125 1.1046342250000001 0)
(1.3125 1.14300590125 0)
(1.32421875 -0.1796875 0)
(1.32421875 -0.16015625 0)
(1.32421875 -0.14300590124999996 0)
(1.32421875 1.14300590125 0)
(1.32421875 1.1484375 0)
(1.34375 -0.6875 0)
(1.34375 -0.53125 0)
(1.34375 -0.375 0)
(1.34375 -0.296875 0)
(1.34375 -0.21875 0)
(1.34375 -0.1796875 0)
(1.34375 -0.16015625 0)
(1.34375 -0.14300590124999996 0)
(1.34375 1 0)
(1.34375 1.012 0)
(1.34375 1.0258 0)
(1.34375 1.0416700000000001 0)
(1.34375 1.0599205 0)
(1.34375 1.078171 0)
(1.34375 1.1046342250000001 0)
(1.34375 1.14300590125 0)
(1.34375 1.1484375 0)
(1.34375 1.1875 0)
(1.34375 1.265625 0)
(1.34375 1.34375 0)
(1.34375 1.421875 0)
(1.34375 1.5 0)
(1.34375 1.578125 0)
(1.34375 1.65625 0)
(1.34375 1.734375 0)
(1.34375 1.8125 0)
(1.34375 1.890625 0)
(1.34375 1.96875 0)
(1.34375 2.046875 0)
(1.34375 2.125 0)
(1.34375 2.203125 0)
(1.34375 2.28125 0)
(1.34375 2.359375 0)
(1.34375 2.4375 0)
(1.34375 2.515625 0)
(1.34375 2.59375 0)
(1.34375 2.671875 0)
(1.34375 2.75 0)
(1.34375 2.828125 0)
(1.34375 2.90625 0)
(1.34375 3.0625 0)
(1.34375 3.21875 0)
(1.34375 3.375 0)
(1.359375 -0.14300590124999996 0)
(1.359375 -0.10463422499999998 0)
(1.359375 -0.07817099999999999 0)
(1.359375 -0.059920499999999995 0)
(1.359375 -0.041669999999999999 0)
(1.359375 -0.0258 0)
(1.359375 -0.012 0)
(1.359375 0 0)
(1.36328125 -0.1796875 0)
(1.36328125 -0.16015625 0)
(1.36328125 -0.14300590124999996 0)
(1.36328125 1.14300590125 0)
(1.36328125 1.1484375 0)
(1.375 1 0)
(1.375 1.012 0)
(1.375 1.0258 0)
(1.375 1.0416700000000001 0)
(1.375 1.0599205 0)
(1.375 1.078171 0)
(1.375 1.1046342250000001 0)
(1.375 1.14300590125 0)
(1.3828125 -0.21875 0)
(1.3828125 -0.1796875 0)
(1.3828125 -0.16015625 0)
(1.3828125 -0.14300590124999996 0)
(1.3828125 1.14300590125 0)
(1.3828125 1.1484375 0)
(1.3828125 1.1875 0)
(1.40234375 -0.1796875 0)
(1.40234375 -0.16015625 0)
(1.40234375 -0.14300590124999996 0)
(1.40234375 1.14300590125 0)
(1.40234375 1.1484375 0)
(1.40625 -0.14300590124999996 0)
(1.40625 -0.10463422499999998 0)
(1.40625 -0.07817099999999999 0)
(1.40625 -0.059920499999999995 0)
(1.40625 -0.041669999999999999 0)
(1.40625 -0.0258 0)
(1.40625 -0.012 0)
(1.40625 0 0)
(1.40625 1 0)
(1.40625 1.012 0)
(1.40625 1.0258 0)
(1.40625 1.0416700000000001 0)
(1.40625 1.0599205 0)
(1.40625 1.078171 0)
(1.40625 1.1046342250000001 0)
(1.40625 1.14300590125 0)
(1.421875 -0.375 0)
(1.421875 -0.296875 0)
(1.421875 -0.21875 0)
(1.421875 -0.1796875 0)
(1.421875 -0.16015625 0)
(1.421875 -0.14300590124999996 0)
(1.421875 1.14300590125 0)
(1.421875 1.1484375 0)
(1.421875 1.1875 0)
(1.421875 1.265625 0)
(1.421875 1.34375 0)
(1.4375 1 0)
(1.4375 1.012 0)
(1.4375 1.0258 0)
(1.4375 1.0416700000000001 0)
(1.4375 1.0599205 0)
(1.4375 1.078171 0)
(1.4375 1.1046342250000001 0)
(1.4375 1.14300590125 0)
(1.44140625 -0.1796875 0)
(1.44140625 -0.16015625 0)
(1.44140625 -0.14300590124999996 0)
(1.44140625 1.14300590125 0)
(1.44140625 1.1484375 0)
(1.453125 -0.14300590124999996 0)
(1.453125 -0.10463422499999998 0)
(1.453125 -0.07817099999999999 0)
(1.453125 -0.059920499999999995 0)
(1.453125 -0.041669999999999999 0)
(1.453125 -0.0258 0)
(1.453125 -0.012 0)
(1.453125 0 0)
(1.4609375 -0.21875 0)
(1.4609375 -0.1796875 0)
(1.4609375 -0.16015625 0)
(1.4609375 -0.14300590124999996 0)
(1.4609375 1.14300590125 0)
(1.4609375 1.1484375 0)
(1.4609375 1.1875 0)
(1.46875 1 0)
(1.46875 1.012 0)
(1.46875 1.0258 0)
(1.46875 1.0416700000000001 0)
(1.46875 1.0599205 0)
(1.46875 1.078171 0)
(1.46875 1.1046342250000001 0)
(1.46875 1.14300590125 0)
(1.48046875 -0.1796875 0)
(1.48046875 -0.16015625 0)
(1.48046875 -0.14300590124999996 0)
(1.48046875 1.14300590125 0)
(1.48046875 1.1484375 0)
(1.5 -1 0)
(1.5 -0.6875 0)
(1.5 -0.53125 0)
(1.5 -0.375 0)
(1.5 -0.296875 0)
(1.5 -0.21875 0)
(1.5 -0.1796875 0)
(1.5 -0.16015625 0)
(1.5 -0.14300590124999996 0)
(1.5 -0.10463422499999998 0)
(1.5 -0.07817099999999999 0)
(1.5 -0.059920499999999995 0)
(1.5 -0.041669999999999999 0)
(1.5 -0.0258 0)
(1.5 -0.012 0)
(1.5 0 0)
(1.5 1 0)
(1.5 1.012 0)
(1.5 1.0258 0)
(1.5 1.0416700000000001 0)
(1.5 1.0599205 0)
(1.5 1.078171 0)
(1.5 1.1046342250000001 0)
(1.5 1.14300590125 0)
(1.5 1.1484375 0)
(1.5 1.1875 0)
(1.5 1.265625 0)
(1.5 1.34375 0)
(1.5 1.5 0)
(1.5 1.65625 0)
(1.5 1.8125 0)
(1.5 1.96875 0)
(1.5 2.125 0)
(1.5 2.28125 0)
(1.5 2.4375 0)
(1.5 2.59375 0)
(1.5 2.75 0)
(1.5 2.90625 0)
(1.5 3.0625 0)
(1.5 3.21875 0)
(1.5 3.375 0)
(1.5 3.6875 0)
(1.5 4 0)
(1.51953125 -0.1796875 0)
(1.51953125 -0.16015625 0)
(1.51953125 -0.14300590124999996 0)
(1.51953125 1.14300590125 0)
(1.51953125 1.1484375 0)
(1.53125 1 0)
(1.53125 1.012 0)
(1.53125 1.0258 0)
(1.53125 1.0416700000000001 0)
(1.53125 1.0599205 0)
(1.53125 1.078171 0)
(1.53125 1.1046342250000001 0)
(1.53125 1.14300590125 0)
(1.5390625 -0.21875 0)
(1.5390625 -0.1796875 0)
(1.5390625 -0.16015625 0)
(1.5390625 -0.14300590124999996 0)
(1.5390625 1.14300590125 0)
(1.5390625 1.1484375 0)
(1.5390625 1.1875 0)
(1.546875 -0.14300590124999996 0)
(1.546875 -0.10463422499999998 0)
(1.546875 -0.07817099999999999 0)
(1.546875 -0.059920499999999995 0)
(1.546875 -0.041669999999999999 0)
(1.546875 -0.0258 0)
(1.546875 -0.012 0)
(1.546875 0 0)
(1.55859375 -0.1796875 0)
(1.55859375 -0.16015625 0)
(1.55859375 -0.14300590124999996 0)
(1.55859375 1.14300590125 0)
(1.55859375 1.1484375 0)
(1.5625 1 0)
(1.5625 1.012 0)
(1.5625 1.0258 0)
(1.5625 1.0416700000000001 0)
(1.5625 1.0599205 0)
(1.5625 1.078171 0)
(1.5625 1.1046342250000001 0)
(1.5625 1.14300590125 0)
(1.578125 -0.375 0)
(1.578125 -0.296875 0)
(1.578125 -0.21875 0)
(1.578125 -0.1796875 0)
(1.578125 -0.16015625 0)
(1.578125 -0.14300590124999996 0)
(1.578125 1.14300590125 0)
(1.578125 1.1484375 0)
(1.578125 1.1875 0)
(1.578125 1.265625 0)
(1.578125 1.34375 0)
(1.59375 -0.14300590124999996 0)
(1.59375 -0.10463422499999998 0)
(1.59375 -0.07817099999999999 0)
(1.59375 -0.059920499999999995 0)
(1.59375 -0.041669999999999999 0)
(1.59375 -0.0258 0)
(1.59375 -0.012 0)
(1.59375 0 0)
(1.59375 1 0)
(1.59375 1.012 0)
(1.59375 1.0258 0)
(1.59375 1.0416700000000001 0)
(1.59375 1.0599205 0)
(1.59375 1.078171 0)
(1.59375 1.1046342250000001 0)
(1.59375 1.14300590125 0)
(1.59765625 -0.1796875 0)
(1.59765625 -0.16015625 0)
(1.59765625 -0.14300590124999996 0)
(1.59765625 1.14300590125 0)
(1.59765625 1.1484375 0)
(1.6171875 -0.21875 0)
(1.6171875 -0.1796875 0)
(1.6171875 -0.16015625 0)
(1.6171875 -0.14300590124999996 0)
(1.6171875 1.14300590125 0)
(1.6171875 1.1484375 0)
(1.6171875 1.1875 0)
(1.625 1 0)
(1.625 1.012 0)
(1.625 1.0258 0)
(1.625 1.0416700000000001 0)
(1.625 1.0599205 0)
(1.625 1.078171 0)
(1.625 1.1046342250000001 0)
(1.625 1.14300590125 0)
(1.63671875 -0.1796875 0)
(1.63671875 -0.16015625 0)
(1.63671875 -0.14300590124999996 0)
(1.63671875 1.14300590125 0)
(1.63671875 1.1484375 0)
(1.640625 -0.14300590124999996 0)
(1.640625 -0.10463422499999998 0)
(1.640625 -0.07817099999999999 0)
(1.640625 -0.059920499999999995 0)
(1.640625 -0.041669999999999999 0)
(1.640625 -0.0258 0)
(1.640625 -0.012 0)
(1.640625 0 0)
(1.65625 -0.6875 0)
(1.65625 -0.53125 0)
(1.65625 -0.375 0)
(1.65625 -0.296875 0)
(1.65625 -0.21875 0)
(1.65625 -0.1796875 0)
(1.65625 -0.16015625 0)
(1.65625 -0.14300590124999996 0)
(1.65625 1 0)
(1.65625 1.012 0)
(1.65625 1.0258 0)
(1.65625 1.0416700000000001 0)
(1.65625 1.0599205 0)
(1.65625 1.078171 0)
(1.65625 1.1046342250000001 0)
(1.65625 1.14300590125 0)
(1.65625 1.1484375 0)
(1.65625 1.1875 0)
(1.65625 1.265625 0)
(1.65625 1.34375 0)
(1.65625 1.421875 0)
(1.65625 1.5 0)
(1.65625 1.578125 0)
(1.65625 1.65625 0)
(1.65625 1.734375 0)
(1.65625 1.8125 0)
(1.65625 1.890625 0)
(1.65625 1.96875 0)
(1.65625 2.046875 0)
(1.65625 2.125 0)
(1.65625 2.203125 0)
(1.65625 2.28125 0)
(1.65625 2.359375 0)
(1.65625 2.4375 0)
(1.65625 2.515625 0)
(1.65625 2.59375 0)
(1.65625 2.671875 0)
(1.65625 2.75 0)
(1.65625 2.828125 0)
(1.65625 2.90625 0)
(1.65625 3.0625 0)
(1.65625 3.21875 0)
(1.65625 3.375 0)
(1.67578125 -0.1796875 0)
(1.67578125 -0.16015625 0)
(1.67578125 -0.14300590124999996 0)
(1.67578125 1.14300590125 0)
(1.67578125 1.1484375 0)
(1.6875 -0.14300590124999996 0)
(1.6875 -0.10463422499999998 0)
(1.6875 -0.07817099999999999 0)
(1.6875 -0.059920499999999995 0)
(1.6875 -0.041669999999999999 0)
(1.6875 -0.0258 0)
(1.6875 -0.012 0)
(1.6875 0 0)
(1.6875 1 0)
(1.6875 1.012 0)
(1.6875 1.0258 0)
(1.6875 1.0416700000000001 0)
(1.6875 1.0599205 0)
(1.6875 1.078171 0)
(1.6875 1.1046342250000001 0)
(1.6875 1.14300590125 0)
(1.6953125 -0.21875 0)
(1.6953125 -0.1796875 0)
(1.6953125 -0.16015625 0)
(1.6953125 -0.14300590124999996 0)
(1.6953125 1.14300590125 0)
(1.6953125 1.1484375 0)
(1.6953125 1.1875 0)
(1.71484375 -0.1796875 0)
(1.71484375 -0.16015625 0)
(1.71484375 -0.14300590124999996 0)
(1.71484375 1.14300590125 0)
(1.71484375 1.1484375 0)
(1.71875 1 0)
(1.71875 1.012 0)
(1.71875 1.0258 0)
(1.71875 1.0416700000000001 0)
(1.71875 1.0599205 0)
(1.71875 1.078171 0)
(1.71875 1.1046342250000001 0)
(1.71875 1.14300590125 0)
(1.734375 -0.375 0)
(1.734375 -0.296875 0)
(1.734375 -0.21875 0)
(1.734375 -0.1796875 0)
(1.734375 -0.16015625 0)
(1.734375 -0.14300590124999996 0)
(1.734375 -0.10463422499999998 0)
(1.734375 -0.07817099999999999 0)
(1.734375 -0.059920499999999995 0)
(1.734375 -0.041669999999999999 0)
(1.734375 -0.0258 0)
(1.734375 -0.012 0)
(1.734375 0 0)
(1.734375 1.14300590125 0)
(1.734375 1.1484375 0)
(1.734375 1.1875 0)
(1.734375 1.265625 0)
(1.734375 1.34375 0)
(1.734375 1.421875 0)
(1.734375 1.5 0)
(1.734375 1.578125 0)
(1.734375 1.65625 0)
(1.734375 1.734375 0)
(1.734375 1.8125 0)
(1.734375 1.890625 0)
(1.734375 1.96875 0)
(1.734375 2.046875 0)
(1.734375 2.125 0)
(1.734375 2.203125 0)
(1.734375 2.28125 0)
(1.734375 2.359375 0)
(1.734375 2.4375 0)
(1.734375 2.515625 0)
(1.734375 2.59375 0)
(1.734375 2.671875 0)
(1.734375 2.75 0)
(1.734375 2.828125 0)
(1.734375 2.90625 0)
(1.75 1 0)
(1.75 1.012 0)
(1.75 1.0258 0)
(1.75 1.0416700000000001 0)
(1.75 1.0599205 0)
(1.75 1.078171 0)
(1.75 1.1046342250000001 0)
(1.75 1.14300590125 0)
(1.75390625 -0.1796875 0)
(1.75390625 -0.16015625 0)
(1.75390625 -0.14300590124999996 0)
(1.75390625 1.14300590125 0)
(1.75390625 1.1484375 0)
(1.7734375 -0.21875 0)
(1.7734375 -0.1796875 0)
(1.7734375 -0.16015625 0)
(1.7734375 -0.14300590124999996 0)
(1.7734375 1.14300590125 0)
(1.7734375 1.1484375 0)
(1.7734375 1.1875 0)
(1.78125 -0.14300590124999996 0)
(1.78125 -0.10463422499999998 0)
(1.78125 -0.07817099999999999 0)
(1.78125 -0.059920499999999995 0)
(1.78125 -0.041669999999999999 0)
(1.78125 -0.0258 0)
(1.78125 -0.012 0)
(1.78125 0 0)
(1.78125 1 0)
(1.78125 1.012 0)
(1.78125 1.0258 0)
(1.78125 1.0416700000000001 0)
(1.78125 1.0599205 0)
(1.78125 1.078171 0)
(1.78125 1.1046342250000001 0)
(1.78125 1.109375 0)
(1.78125 1.12890625 0)
(1.78125 1.14300590125 0)
(1.79296875 -0.1796875 0)
(1.79296875 -0.16015625 0)
(1.79296875 -0.14300590124999996 0)
(1.79296875 1.1046342250000001 0)
(1.79296875 1.109375 0)
(1.79296875 1.12890625 0)
(1.79296875 1.1484375 0)
(1.8125 -1 0)
(1.8125 -0.6875 0)
(1.8125 -0.53125 0)
(1.8125 -0.375 0)
(1.8125 -0.296875 0)
(1.8125 -0.21875 0)
(1.8125 -0.1796875 0)
(1.8125 -0.16015625 0)
(1.8125 -0.14300590124999996 0)
(1.8125 1 0)
(1.8125 1.012 0)
(1.8125 1.0258 0)
(1.8125 1.0416700000000001 0)
(1.8125 1.0599205 0)
(1.8125 1.078171 0)
(1.8125 1.08984375 0)
(1.8125 1.1046342250000001 0)
(1.8125 1.109375 0)
(1.8125 1.12890625 0)
(1.8125 1.1484375 0)
(1.8125 1.1875 0)
(1.8125 1.2265625 0)
(1.8125 1.265625 0)
(1.8125 1.3046875 0)
(1.8125 1.34375 0)
(1.8125 1.3828125 0)
(1.8125 1.421875 0)
(1.8125 1.4609375 0)
(1.8125 1.5 0)
(1.8125 1.5390625 0)
(1.8125 1.578125 0)
(1.8125 1.6171875 0)
(1.8125 1.65625 0)
(1.8125 1.6953125 0)
(1.8125 1.734375 0)
(1.8125 1.7734375 0)
(1.8125 1.8125 0)
(1.8125 1.8515625 0)
(1.8125 1.890625 0)
(1.8125 1.9296875 0)
(1.8125 1.96875 0)
(1.8125 2.0078125 0)
(1.8125 2.046875 0)
(1.8125 2.0859375 0)
(1.8125 2.125 0)
(1.8125 2.1640625 0)
(1.8125 2.203125 0)
(1.8125 2.2421875 0)
(1.8125 2.28125 0)
(1.8125 2.3203125 0)
(1.8125 2.359375 0)
(1.8125 2.3984375 0)
(1.8125 2.4375 0)
(1.8125 2.4765625 0)
(1.8125 2.515625 0)
(1.8125 2.5546875 0)
(1.8125 2.59375 0)
(1.8125 2.6328125 0)
(1.8125 2.671875 0)
(1.8125 2.7109375 0)
(1.8125 2.75 0)
(1.8125 2.7890625 0)
(1.8125 2.828125 0)
(1.8125 2.8671875 0)
(1.8125 2.90625 0)
(1.8125 2.984375 0)
(1.8125 3.0625 0)
(1.8125 3.140625 0)
(1.8125 3.21875 0)
(1.8125 3.375 0)
(1.8125 3.6875 0)
(1.8125 4 0)
(1.828125 -0.14300590124999996 0)
(1.828125 -0.10463422499999998 0)
(1.828125 -0.07817099999999999 0)
(1.828125 -0.059920499999999995 0)
(1.828125 -0.041669999999999999 0)
(1.828125 -0.0258 0)
(1.828125 -0.012 0)
(1.828125 0 0)
(1.83203125 -0.1796875 0)
(1.83203125 -0.16015625 0)
(1.83203125 -0.14300590124999996 0)
(1.83203125 1.078171 0)
(1.83203125 1.08984375 0)
(1.83203125 1.109375 0)
(1.84375 1 0)
(1.84375 1.012 0)
(1.84375 1.0258 0)
(1.84375 1.0416700000000001 0)
(1.84375 1.0599205 0)
(1.84375 1.0703125 0)
(1.84375 1.078171 0)
(1.8515625 -0.21875 0)
(1.8515625 -0.1796875 0)
(1.8515625 -0.16015625 0)
(1.8515625 -0.14300590124999996 0)
(1.8515625 1.0599205 0)
(1.8515625 1.0703125 0)
(1.8515625 1.08984375 0)
(1.8515625 1.109375 0)
(1.8515625 1.1484375 0)
(1.8515625 1.1875 0)
(1.8515625 1.20703125 0)
(1.8515625 1.2265625 0)
(1.8515625 1.24609375 0)
(1.8515625 1.265625 0)
(1.8515625 1.28515625 0)
(1.8515625 1.3046875 0)
(1.8515625 1.32421875 0)
(1.8515625 1.34375 0)
(1.8515625 1.36328125 0)
(1.8515625 1.3828125 0)
(1.8515625 1.40234375 0)
(1.8515625 1.421875 0)
(1.8515625 1.44140625 0)
(1.8515625 1.4609375 0)
(1.8515625 1.48046875 0)
(1.8515625 1.5 0)
(1.8515625 1.51953125 0)
(1.8515625 1.5390625 0)
(1.8515625 1.55859375 0)
(1.8515625 1.578125 0)
(1.8515625 1.59765625 0)
(1.8515625 1.6171875 0)
(1.8515625 1.63671875 0)
(1.8515625 1.65625 0)
(1.8515625 1.67578125 0)
(1.8515625 1.6953125 0)
(1.8515625 1.71484375 0)
(1.8515625 1.734375 0)
(1.8515625 1.75390625 0)
(1.8515625 1.7734375 0)
(1.8515625 1.79296875 0)
(1.8515625 1.8125 0)
(1.8515625 1.83203125 0)
(1.8515625 1.8515625 0)
(1.8515625 1.87109375 0)
(1.8515625 1.890625 0)
(1.8515625 1.91015625 0)
(1.8515625 1.9296875 0)
(1.8515625 1.94921875 0)
(1.8515625 1.96875 0)
(1.8515625 1.98828125 0)
(1.8515625 2.0078125 0)
(1.8515625 2.02734375 0)
(1.8515625 2.046875 0)
(1.8515625 2.06640625 0)
(1.8515625 2.0859375 0)
(1.8515625 2.10546875 0)
(1.8515625 2.125 0)
(1.8515625 2.14453125 0)
(1.8515625 2.1640625 0)
(1.8515625 2.18359375 0)
(1.8515625 2.203125 0)
(1.8515625 2.22265625 0)
(1.8515625 2.2421875 0)
(1.8515625 2.26171875 0)
(1.8515625 2.28125 0)
(1.8515625 2.30078125 0)
(1.8515625 2.3203125 0)
(1.8515625 2.33984375 0)
(1.8515625 2.359375 0)
(1.8515625 2.37890625 0)
(1.8515625 2.3984375 0)
(1.8515625 2.41796875 0)
(1.8515625 2.4375 0)
(1.8515625 2.45703125 0)
(1.8515625 2.4765625 0)
(1.8515625 2.49609375 0)
(1.8515625 2.515625 0)
(1.8515625 2.53515625 0)
(1.8515625 2.5546875 0)
(1.8515625 2.57421875 0)
(1.8515625 2.59375 0)
(1.8515625 2.61328125 0)
(1.8515625 2.6328125 0)
(1.8515625 2.65234375 0)
(1.8515625 2.671875 0)
(1.8515625 2.69140625 0)
(1.8515625 2.7109375 0)
(1.8515625 2.73046875 0)
(1.8515625 2.75 0)
(1.8515625 2.76953125 0)
(1.8515625 2.7890625 0)
(1.8515625 2.80859375 0)
(1.8515625 2.828125 0)
(1.8515625 2.8671875 0)
(1.8515625 2.90625 0)
(1.85699409875 1.21875 0)
(1.85699409875 1.2265625 0)
(1.85699409875 1.24609375 0)
(1.85699409875 1.25 0)
(1.85699409875 1.265625 0)
(1.85699409875 1.28125 0)
(1.85699409875 1.28515625 0)
(1.85699409875 1.3046875 0)
(1.85699409875 1.3125 0)
(1.85699409875 1.32421875 0)
(1.85699409875 1.34375 0)
(1.85699409875 1.36328125 0)
(1.85699409875 1.375 0)
(1.85699409875 1.3828125 0)
(1.85699409875 1.40234375 0)
(1.85699409875 1.40625 0)
(1.85699409875 1.421875 0)
(1.85699409875 1.4375 0)
(1.85699409875 1.44140625 0)
(1.85699409875 1.4609375 0)
(1.85699409875 1.46875 0)
(1.85699409875 1.48046875 0)
(1.85699409875 1.5 0)
(1.85699409875 1.51953125 0)
(1.85699409875 1.53125 0)
(1.85699409875 1.5390625 0)
(1.85699409875 1.55859375 0)
(1.85699409875 1.5625 0)
(1.85699409875 1.578125 0)
(1.85699409875 1.59375 0)
(1.85699409875 1.59765625 0)
(1.85699409875 1.6171875 0)
(1.85699409875 1.625 0)
(1.85699409875 1.63671875 0)
(1.85699409875 1.65625 0)
(1.85699409875 1.67578125 0)
(1.85699409875 1.6875 0)
(1.85699409875 1.6953125 0)
(1.85699409875 1.71484375 0)
(1.85699409875 1.71875 0)
(1.85699409875 1.734375 0)
(1.85699409875 1.75 0)
(1.85699409875 1.75390625 0)
(1.85699409875 1.7734375 0)
(1.85699409875 1.78125 0)
(1.85699409875 1.79296875 0)
(1.85699409875 1.8125 0)
(1.85699409875 1.83203125 0)
(1.85699409875 1.84375 0)
(1.85699409875 1.8515625 0)
(1.85699409875 1.87109375 0)
(1.85699409875 1.875 0)
(1.85699409875 1.890625 0)
(1.85699409875 1.90625 0)
(1.85699409875 1.91015625 0)
(1.85699409875 1.9296875 0)
(1.85699409875 1.9375 0)
(1.85699409875 1.94921875 0)
(1.85699409875 1.96875 0)
(1.85699409875 1.98828125 0)
(1.85699409875 2 0)
(1.85699409875 2.0078125 0)
(1.85699409875 2.02734375 0)
(1.85699409875 2.03125 0)
(1.85699409875 2.046875 0)
(1.85699409875 2.0625 0)
(1.85699409875 2.06640625 0)
(1.85699409875 2.0859375 0)
(1.85699409875 2.09375 0)
(1.85699409875 2.10546875 0)
(1.85699409875 2.125 0)
(1.85699409875 2.14453125 0)
(1.85699409875 2.15625 0)
(1.85699409875 2.1640625 0)
(1.85699409875 2.18359375 0)
(1.85699409875 2.1875 0)
(1.85699409875 2.203125 0)
(1.85699409875 2.21875 0)
(1.85699409875 2.22265625 0)
(1.85699409875 2.2421875 0)
(1.85699409875 2.25 0)
(1.85699409875 2.26171875 0)
(1.85699409875 2.28125 0)
(1.85699409875 2.30078125 0)
(1.85699409875 2.3125 0)
(1.85699409875 2.3203125 0)
(1.85699409875 2.33984375 0)
(1.85699409875 2.34375 0)
(1.85699409875 2.359375 0)
(1.85699409875 2.375 0)
(1.85699409875 2.37890625 0)
(1.85699409875 2.3984375 0)
(1.85699409875 2.40625 0)
(1.85699409875 2.41796875 0)
(1.85699409875 2.4375 0)
(1.85699409875 2.45703125 0)
(1.85699409875 2.46875 0)
(1.85699409875 2.4765625 0)
(1.85699409875 2.49609375 0)
(1.85699409875 2.5 0)
(1.85699409875 2.515625 0)
(1.85699409875 2.53125 0)
(1.85699409875 2.53515625 0)
(1.85699409875 2.5546875 0)
(1.85699409875 2.5625 0)
(1.85699409875 2.57421875 0)
(1.85699409875 2.59375 0)
(1.85699409875 2.61328125 0)
(1.85699409875 2.625 0)
(1.85699409875 2.6328125 0)
(1.85699409875 2.65234375 0)
(1.85699409875 2.65625 0)
(1.85699409875 2.671875 0)
(1.85699409875 2.6875 0)
(1.85699409875 2.69140625 0)
(1.85699409875 2.7109375 0)
(1.85699409875 2.71875 0)
(1.85699409875 2.73046875 0)
(1.85699409875 2.75 0)
(1.85699409875 2.76953125 0)
(1.85699409875 2.78125 0)
(1.85699409875 2.7890625 0)
(1.85699409875 2.80859375 0)
(1.85699409875 2.8125 0)
(1.87109375 -0.1796875 0)
(1.87109375 -0.16015625 0)
(1.87109375 -0.14300590124999996 0)
(1.87109375 1.0599205 0)
(1.87109375 1.0703125 0)
(1.87109375 1.1875 0)
(1.87109375 1.20703125 0)
(1.87109375 1.21875 0)
(1.87109375 2.8125 0)
(1.87109375 2.828125 0)
(1.875 -0.14300590124999996 0)
(1.875 -0.10463422499999998 0)
(1.875 -0.07817099999999999 0)
(1.875 -0.059920499999999995 0)
(1.875 -0.041669999999999999 0)
(1.875 -0.0258 0)
(1.875 -0.012 0)
(1.875 0 0)
(1.875 1 0)
(1.875 1.012 0)
(1.875 1.0258 0)
(1.875 1.0416700000000001 0)
(1.875 1.05078125 0)
(1.875 1.0599205 0)
(1.890625 -0.375 0)
(1.890625 -0.296875 0)
(1.890625 -0.21875 0)
(1.890625 -0.1796875 0)
(1.890625 -0.16015625 0)
(1.890625 -0.14300590124999996 0)
(1.890625 1.0416700000000001 0)
(1.890625 1.05078125 0)
(1.890625 1.0703125 0)
(1.890625 1.109375 0)
(1.890625 1.1484375 0)
(1.890625 1.16796875 0)
(1.890625 1.1875 0)
(1.890625 1.20703125 0)
(1.890625 1.21875 0)
(1.890625 2.8125 0)
(1.890625 2.828125 0)
(1.890625 2.84765625 0)
(1.890625 2.8671875 0)
(1.890625 2.88671875 0)
(1.890625 2.90625 0)
(1.890625 2.9453125 0)
(1.890625 2.984375 0)
(1.890625 3.0234375 0)
(1.890625 3.0625 0)
(1.890625 3.140625 0)
(1.890625 3.21875 0)
(1.8953657749999999 1.1875 0)
(1.8953657749999999 1.20703125 0)
(1.8953657749999999 1.21875 0)
(1.8953657749999999 1.25 0)
(1.8953657749999999 1.28125 0)
(1.8953657749999999 1.3125 0)
(1.8953657749999999 1.34375 0)
(1.8953657749999999 1.375 0)
(1.8953657749999999 1.40625 0)
(1.8953657749999999 1.4375 0)
(1.8953657749999999 1.46875 0)
(1.8953657749999999 1.5 0)
(1.8953657749999999 1.53125 0)
(1.8953657749999999 1.5625 0)
(1.8953657749999999 1.59375 0)
(1.8953657749999999 1.625 0)
(1.8953657749999999 1.65625 0)
(1.8953657749999999 1.6875 0)
(1.8953657749999999 1.71875 0)
(1.8953657749999999 1.75 0)
(1.8953657749999999 1.78125 0)
(1.8953657749999999 1.8125 0)
(1.8953657749999999 1.84375 0)
(1.8953657749999999 1.875 0)
(1.8953657749999999 1.90625 0)
(1.8953657749999999 1.9375 0)
(1.8953657749999999 1.96875 0)
(1.8953657749999999 2 0)
(1.8953657749999999 2.03125 0)
(1.8953657749999999 2.0625 0)
(1.8953657749999999 2.09375 0)
(1.8953657749999999 2.125 0)
(1.8953657749999999 2.15625 0)
(1.8953657749999999 2.1875 0)
(1.8953657749999999 2.21875 0)
(1.8953657749999999 2.25 0)
(1.8953657749999999 2.28125 0)
(1.8953657749999999 2.3125 0)
(1.8953657749999999 2.34375 0)
(1.8953657749999999 2.375 0)
(1.8953657749999999 2.40625 0)
(1.8953657749999999 2.4375 0)
(1.8953657749999999 2.46875 0)
(1.8953657749999999 2.5 0)
(1.8953657749999999 2.53125 0)
(1.8953657749999999 2.5625 0)
(1.8953657749999999 2.59375 0)
(1.8953657749999999 2.625 0)
(1.8953657749999999 2.65625 0)
(1.8953657749999999 2.6875 0)
(1.8953657749999999 2.71875 0)
(1.8953657749999999 2.75 0)
(1.8953657749999999 2.78125 0)
(1.8953657749999999 2.8125 0)
(1.8953657749999999 2.828125 0)
(1.8953657749999999 2.84375 0)
(1.90625 1 0)
(1.90625 1.012 0)
(1.90625 1.0258 0)
(1.90625 1.03125 0)
(1.90625 1.0416700000000001 0)
(1.91015625 -0.1796875 0)
(1.91015625 -0.16015625 0)
(1.91015625 -0.14300590124999996 0)
(1.91015625 1.03125 0)
(1.91015625 1.05078125 0)
(1.91015625 1.0703125 0)
(1.91015625 1.1484375 0)
(1.91015625 1.16796875 0)
(1.91015625 1.1875 0)
(1.91015625 2.84375 0)
(1.91015625 2.84765625 0)
(1.91015625 2.8671875 0)
(1.91015625 2.88671875 0)
(1.91015625 2.90625 0)
(1.921829 1.15625 0)
(1.921829 1.16796875 0)
(1.921829 1.1875 0)
(1.921829 1.21875 0)
(1.921829 1.25 0)
(1.921829 1.28125 0)
(1.921829 1.3125 0)
(1.921829 1.34375 0)
(1.921829 1.375 0)
(1.921829 1.40625 0)
(1.921829 1.4375 0)
(1.921829 1.46875 0)
(1.921829 1.5 0)
(1.921829 1.53125 0)
(1.921829 1.5625 0)
(1.921829 1.59375 0)
(1.921829 1.625 0)
(1.921829 1.65625 0)
(1.921829 1.6875 0)
(1.921829 1.71875 0)
(1.921829 1.75 0)
(1.921829 1.78125 0)
(1.921829 1.8125 0)
(1.921829 1.84375 0)
(1.921829 1.875 0)
(1.921829 1.90625 0)
(1.921829 1.9375 0)
(1.921829 1.96875 0)
(1.921829 2 0)
(1.921829 2.03125 0)
(1.921829 2.0625 0)
(1.921829 2.09375 0)
(1.921829 2.125 0)
(1.921829 2.15625 0)
(1.921829 2.1875 0)
(1.921829 2.21875 0)
(1.921829 2.25 0)
(1.921829 2.28125 0)
(1.921829 2.3125 0)
(1.921829 2.34375 0)
(1.921829 2.375 0)
(1.921829 2.40625 0)
(1.921829 2.4375 0)
(1.921829 2.46875 0)
(1.921829 2.5 0)
(1.921829 2.53125 0)
(1.921829 2.5625 0)
(1.921829 2.59375 0)
(1.921829 2.625 0)
(1.921829 2.65625 0)
(1.921829 2.6875 0)
(1.921829 2.71875 0)
(1.921829 2.75 0)
(1.921829 2.78125 0)
(1.921829 2.8125 0)
(1.921829 2.84375 0)
(1.921829 2.84765625 0)
(1.921829 2.8671875 0)
(1.921829 2.875 0)
(1.921875 -0.14300590124999996 0)
(1.921875 -0.10463422499999998 0)
(1.921875 -0.07817099999999999 0)
(1.921875 -0.059920499999999995 0)
(1.921875 -0.041669999999999999 0)
(1.921875 -0.0258 0)
(1.921875 -0.012 0)
(1.921875 0 0)
(1.9296875 -0.21875 0)
(1.9296875 -0.1796875 0)
(1.9296875 -0.16015625 0)
(1.9296875 -0.14300590124999996 0)
(1.9296875 1.0258 0)
(1.9296875 1.03125 0)
(1.9296875 1.05078125 0)
(1.9296875 1.0703125 0)
(1.9296875 1.08984375 0)
(1.9296875 1.109375 0)
(1.9296875 1.12890625 0)
(1.9296875 1.1484375 0)
(1.9296875 1.15625 0)
(1.9296875 2.875 0)
(1.9296875 2.88671875 0)
(1.9296875 2.90625 0)
(1.9296875 2.92578125 0)
(1.9296875 2.9453125 0)
(1.9296875 2.984375 0)
(1.9296875 3.0234375 0)
(1.9296875 3.0625 0)
(1.9375 1 0)
(1.9375 1.012 0)
(1.9375 1.0258 0)
(1.9400795 1.125 0)
(1.9400795 1.12890625 0)
(1.9400795 1.1484375 0)
(1.9400795 1.15625 0)
(1.9400795 1.1875 0)
(1.9400795 1.21875 0)
(1.9400795 1.25 0)
(1.9400795 1.28125 0)
(1.9400795 1.3125 0)
(1.9400795 1.34375 0)
(1.9400795 1.375 0)
(1.9400795 1.40625 0)
(1.9400795 1.4375 0)
(1.9400795 1.46875 0)
(1.9400795 1.5 0)
(1.9400795 1.53125 0)
(1.9400795 1.5625 0)
(1.9400795 1.59375 0)
(1.9400795 1.625 0)
(1.9400795 1.65625 0)
(1.9400795 1.6875 0)
(1.9400795 1.71875 0)
(1.9400795 1.75 0)
(1.9400795 1.78125 0)
(1.9400795 1.8125 0)
(1.9400795 1.84375 0)
(1.9400795 1.875 0)
(1.9400795 1.90625 0)
(1.9400795 1.9375 0)
(1.9400795 1.96875 0)
(1.9400795 2 0)
(1.9400795 2.03125 0)
(1.9400795 2.0625 0)
(1.9400795 2.09375 0)
(1.9400795 2.125 0)
(1.9400795 2.15625 0)
(1.9400795 2.1875 0)
(1.9400795 2.21875 0)
(1.9400795 2.25 0)
(1.9400795 2.28125 0)
(1.9400795 2.3125 0)
(1.9400795 2.34375 0)
(1.9400795 2.375 0)
(1.9400795 2.40625 0)
(1.9400795 2.4375 0)
(1.9400795 2.46875 0)
(1.9400795 2.5 0)
(1.9400795 2.53125 0)
(1.9400795 2.5625 0)
(1.9400795 2.59375 0)
(1.9400795 2.625 0)
(1.9400795 2.65625 0)
(1.9400795 2.6875 0)
(1.9400795 2.71875 0)
(1.9400795 2.75 0)
(1.9400795 2.78125 0)
(1.9400795 2.8125 0)
(1.9400795 2.84375 0)
(1.9400795 2.875 0)
(1.9400795 2.88671875 0)
(1.9400795 2.90625 0)
(1.94921875 -0.1796875 0)
(1.94921875 -0.16015625 0)
(1.94921875 -0.14300590124999996 0)
(1.94921875 1.012 0)
(1.94921875 1.03125 0)
(1.94921875 1.0703125 0)
(1.94921875 1.08984375 0)
(1.94921875 1.109375 0)
(1.94921875 1.125 0)
(1.94921875 2.90625 0)
(1.94921875 2.92578125 0)
(1.94921875 2.9453125 0)
(1.9583299999999999 1.09375 0)
(1.9583299999999999 1.109375 0)
(1.9583299999999999 1.125 0)
(1.9583299999999999 1.15625 0)
(1.9583299999999999 1.1875 0)
(1.9583299999999999 1.21875 0)
(1.9583299999999999 1.25 0)
(1.9583299999999999 1.28125 0)
(1.9583299999999999 1.3125 0)
(1.9583299999999999 1.34375 0)
(1.9583299999999999 1.375 0)
(1.9583299999999999 1.40625 0)
(1.9583299999999999 1.4375 0)
(1.9583299999999999 1.46875 0)
(1.9583299999999999 1.5 0)
(1.9583299999999999 1.53125 0)
(1.9583299999999999 1.5625 0)
(1.9583299999999999 1.59375 0)
(1.9583299999999999 1.625 0)
(1.9583299999999999 1.65625 0)
(1.9583299999999999 1.6875 0)
(1.9583299999999999 1.71875 0)
(1.9583299999999999 1.75 0)
(1.9583299999999999 1.78125 0)
(1.9583299999999999 1.8125 0)
(1.9583299999999999 1.84375 0)
(1.9583299999999999 1.875 0)
(1.9583299999999999 1.90625 0)
(1.9583299999999999 1.9375 0)
(1.9583299999999999 1.96875 0)
(1.9583299999999999 2 0)
(1.9583299999999999 2.03125 0)
(1.9583299999999999 2.0625 0)
(1.9583299999999999 2.09375 0)
(1.9583299999999999 2.125 0)
(1.9583299999999999 2.15625 0)
(1.9583299999999999 2.1875 0)
(1.9583299999999999 2.21875 0)
(1.9583299999999999 2.25 0)
(1.9583299999999999 2.28125 0)
(1.9583299999999999 2.3125 0)
(1.9583299999999999 2.34375 0)
(1.9583299999999999 2.375 0)
(1.9583299999999999 2.40625 0)
(1.9583299999999999 2.4375 0)
(1.9583299999999999 2.46875 0)
(1.9583299999999999 2.5 0)
(1.9583299999999999 2.53125 0)
(1.9583299999999999 2.5625 0)
(1.9583299999999999 2.59375 0)
(1.9583299999999999 2.625 0)
(1.9583299999999999 2.65625 0)
(1.9583299999999999 2.6875 0)
(1.9583299999999999 2.71875 0)
(1.9583299999999999 2.75 0)
(1.9583299999999999 2.78125 0)
(1.9583299999999999 2.8125 0)
(1.9583299999999999 2.84375 0)
(1.9583299999999999 2.875 0)
(1.9583299999999999 2.90625 0)
(1.9583299999999999 2.92578125 0)
(1.9583299999999999 2.9375 0)
(1.96875 -0.6875 0)
(1.96875 -0.53125 0)
(1.96875 -0.375 0)
(1.96875 -0.296875 0)
(1.96875 -0.21875 0)
(1.96875 -0.1796875 0)
(1.96875 -0.16015625 0)
(1.96875 -0.14300590124999996 0)
(1.96875 -0.10463422499999998 0)
(1.96875 -0.07817099999999999 0)
(1.96875 -0.059920499999999995 0)
(1.96875 -0.041669999999999999 0)
(1.96875 -0.0258 0)
(1.96875 -0.012 0)
(1.96875 0 0)
(1.96875 1 0)
(1.96875 1.01171875 0)
(1.96875 1.012 0)
(1.96875 1.03125 0)
(1.96875 1.05078125 0)
(1.96875 1.0703125 0)
(1.96875 1.08984375 0)
(1.96875 1.09375 0)
(1.96875 2.9375 0)
(1.96875 2.9453125 0)
(1.96875 2.96484375 0)
(1.96875 2.984375 0)
(1.96875 3.00390625 0)
(1.96875 3.0234375 0)
(1.96875 3.0625 0)
(1.96875 3.1015625 0)
(1.96875 3.140625 0)
(1.96875 3.21875 0)
(1.96875 3.375 0)
(1.9742 1.0625 0)
(1.9742 1.0703125 0)
(1.9742 1.09375 0)
(1.9742 1.125 0)
(1.9742 1.15625 0)
(1.9742 1.1875 0)
(1.9742 1.21875 0)
(1.9742 1.25 0)
(1.9742 1.28125 0)
(1.9742 1.3125 0)
(1.9742 1.34375 0)
(1.9742 1.375 0)
(1.9742 1.40625 0)
(1.9742 1.4375 0)
(1.9742 1.46875 0)
(1.9742 1.5 0)
(1.9742 1.53125 0)
(1.9742 1.5625 0)
(1.9742 1.59375 0)
(1.9742 1.625 0)
(1.9742 1.65625 0)
(1.9742 1.6875 0)
(1.9742 1.71875 0)
(1.9742 1.75 0)
(1.9742 1.78125 0)
(1.9742 1.8125 0)
(1.9742 1.84375 0)
(1.9742 1.875 0)
(1.9742 1.90625 0)
(1.9742 1.9375 0)
(1.9742 1.96875 0)
(1.9742 2 0)
(1.9742 2.03125 0)
(1.9742 2.0625 0)
(1.9742 2.09375 0)
(1.9742 2.125 0)
(1.9742 2.15625 0)
(1.9742 2.1875 0)
(1.9742 2.21875 0)
(1.9742 2.25 0)
(1.9742 2.28125 0)
(1.9742 2.3125 0)
(1.9742 2.34375 0)
(1.9742 2.375 0)
(1.9742 2.40625 0)
(1.9742 2.4375 0)
(1.9742 2.46875 0)
(1.9742 2.5 0)
(1.9742 2.53125 0)
(1.9742 2.5625 0)
(1.9742 2.59375 0)
(1.9742 2.625 0)
(1.9742 2.65625 0)
(1.9742 2.6875 0)
(1.9742 2.71875 0)
(1.9742 2.75 0)
(1.9742 2.78125 0)
(1.9742 2.8125 0)
(1.9742 2.84375 0)
(1.9742 2.875 0)
(1.9742 2.90625 0)
(1.9742 2.9375 0)
(1.9742 2.9453125 0)
(1.9742 2.96484375 0)
(1.9742 2.96875 0)
(1.988 1.03125 0)
(1.988 1.05078125 0)
(1.988 1.0625 0)
(1.988 1.09375 0)
(1.988 1.125 0)
(1.988 1.15625 0)
(1.988 1.1875 0)
(1.988 1.21875 0)
(1.988 1.25 0)
(1.988 1.28125 0)
(1.988 1.3125 0)
(1.988 1.34375 0)
(1.988 1.375 0)
(1.988 1.40625 0)
(1.988 1.4375 0)
(1.988 1.46875 0)
(1.988 1.5 0)
(1.988 1.53125 0)
(1.988 1.5625 0)
(1.988 1.59375 0)
(1.988 1.625 0)
(1.988 1.65625 0)
(1.988 1.6875 0)
(1.988 1.71875 0)
(1.988 1.75 0)
(1.988 1.78125 0)
(1.988 1.8125 0)
(1.988 1.84375 0)
(1.988 1.875 0)
(1.988 1.90625 0)
(1.988 1.9375 0)
(1.988 1.96875 0)
(1.988 2 0)
(1.988 2.03125 0)
(1.988 2.0625 0)
(1.988 2.09375 0)
(1.988 2.125 0)
(1.988 2.15625 0)
(1.988 2.1875 0)
(1.988 2.21875 0)
(1.988 2.25 0)
(1.988 2.28125 0)
(1.988 2.3125 0)
(1.988 2.34375 0)
(1.988 2.375 0)
(1.988 2.40625 0)
(1.988 2.4375 0)
(1.988 2.46875 0)
(1.988 2.5 0)
(1.988 2.53125 0)
(1.988 2.5625 0)
(1.988 2.59375 0)
(1.988 2.625 0)
(1.988 2.65625 0)
(1.988 2.6875 0)
(1.988 2.71875 0)
(1.988 2.75 0)
(1.988 2.78125 0)
(1.988 2.8125 0)
(1.988 2.84375 0)
(1.988 2.875 0)
(1.988 2.90625 0)
(1.988 2.9375 0)
(1.988 2.96875 0)
(1.988 2.984375 0)
(1.988 3.00390625 0)
(1.988 3.012 0)
(1.98828125 -0.1796875 0)
(1.98828125 -0.16015625 0)
(1.98828125 -0.14300590124999996 0)
(1.98828125 1 0)
(1.98828125 1.01171875 0)
(1.98828125 1.03125 0)
(1.98828125 3.012 0)
(1.98828125 3.0234375 0)
(2 1 0)
(2 1.01171875 0)
(2 1.03125 0)
(2 1.0625 0)
(2 1.09375 0)
(2 1.125 0)
(2 1.15625 0)
(2 1.1875 0)
(2 1.21875 0)
(2 1.25 0)
(2 1.28125 0)
(2 1.3125 0)
(2 1.34375 0)
(2 1.375 0)
(2 1.40625 0)
(2 1.4375 0)
(2 1.46875 0)
(2 1.5 0)
(2 1.53125 0)
(2 1.5625 0)
(2 1.59375 0)
(2 1.625 0)
(2 1.65625 0)
(2 1.6875 0)
(2 1.71875 0)
(2 1.75 0)
(2 1.78125 0)
(2 1.8125 0)
(2 1.84375 0)
(2 1.875 0)
(2 1.90625 0)
(2 1.9375 0)
(2 1.96875 0)
(2 2 0)
(2 2.03125 0)
(2 2.0625 0)
(2 2.09375 0)
(2 2.125 0)
(2 2.15625 0)
(2 2.1875 0)
(2 2.21875 0)
(2 2.25 0)
(2 2.28125 0)
(2 2.3125 0)
(2 2.34375 0)
(2 2.375 0)
(2 2.40625 0)
(2 2.4375 0)
(2 2.46875 0)
(2 2.5 0)
(2 2.53125 0)
(2 2.5625 0)
(2 2.59375 0)
(2 2.625 0)
(2 2.65625 0)
(2 2.6875 0)
(2 2.71875 0)
(2 2.75 0)
(2 2.78125 0)
(2 2.8125 0)
(2 2.84375 0)
(2 2.875 0)
(2 2.90625 0)
(2 2.9375 0)
(2 2.96875 0)
(2 3 0)
(2.0078125 -0.21875 0)
(2.0078125 -0.1796875 0)
(2.0078125 -0.16015625 0)
(2.0078125 -0.14300590124999996 0)
(2.0078125 3.012 0)
(2.0078125 3.0234375 0)
(2.0078125 3.04296875 0)
(2.0078125 3.0625 0)
(2.0078125 3.1015625 0)
(2.0078125 3.140625 0)
(2.015625 -0.14300590124999996 0)
(2.015625 -0.10463422499999998 0)
(2.015625 -0.07817099999999999 0)
(2.015625 -0.059920499999999995 0)
(2.015625 -0.041669999999999999 0)
(2.015625 -0.0258 0)
(2.015625 -0.012 0)
(2.015625 0 0)
(2.02734375 -0.1796875 0)
(2.02734375 -0.16015625 0)
(2.02734375 -0.14300590124999996 0)
(2.02734375 3.012 0)
(2.02734375 3.0234375 0)
(2.02734375 3.04296875 0)
(2.02734375 3.0625 0)
(2.03125 3 0)
(2.03125 3.012 0)
(2.03125 3.0234375 0)
(2.03125 3.0257999999999998 0)
(2.046875 -0.375 0)
(2.046875 -0.296875 0)
(2.046875 -0.21875 0)
(2.046875 -0.1796875 0)
(2.046875 -0.16015625 0)
(2.046875 -0.14300590124999996 0)
(2.046875 3.0257999999999998 0)
(2.046875 3.04296875 0)
(2.046875 3.0625 0)
(2.046875 3.1015625 0)
(2.046875 3.140625 0)
(2.046875 3.21875 0)
(2.0625 -0.14300590124999996 0)
(2.0625 -0.10463422499999998 0)
(2.0625 -0.07817099999999999 0)
(2.0625 -0.059920499999999995 0)
(2.0625 -0.041669999999999999 0)
(2.0625 -0.0258 0)
(2.0625 -0.012 0)
(2.0625 0 0)
(2.0625 3 0)
(2.0625 3.012 0)
(2.0625 3.0257999999999998 0)
(2.0625 3.0416699999999999 0)
(2.06640625 -0.1796875 0)
(2.06640625 -0.16015625 0)
(2.06640625 -0.14300590124999996 0)
(2.06640625 3.0416699999999999 0)
(2.06640625 3.04296875 0)
(2.06640625 3.0625 0)
(2.0859375 -0.21875 0)
(2.0859375 -0.1796875 0)
(2.0859375 -0.16015625 0)
(2.0859375 -0.14300590124999996 0)
(2.0859375 3.0416699999999999 0)
(2.0859375 3.0625 0)
(2.0859375 3.08203125 0)
(2.0859375 3.1015625 0)
(2.0859375 3.140625 0)
(2.09375 3 0)
(2.09375 3.012 0)
(2.09375 3.0257999999999998 0)
(2.09375 3.0416699999999999 0)
(2.09375 3.0599205 0)
(2.10546875 -0.1796875 0)
(2.10546875 -0.16015625 0)
(2.10546875 -0.14300590124999996 0)
(2.10546875 3.0599205 0)
(2.10546875 3.0625 0)
(2.10546875 3.08203125 0)
(2.10546875 3.1015625 0)
(2.109375 -0.14300590124999996 0)
(2.109375 -0.10463422499999998 0)
(2.109375 -0.07817099999999999 0)
(2.109375 -0.059920499999999995 0)
(2.109375 -0.041669999999999999 0)
(2.109375 -0.0258 0)
(2.109375 -0.012 0)
(2.109375 0 0)
(2.125 -1 0)
(2.125 -0.6875 0)
(2.125 -0.53125 0)
(2.125 -0.375 0)
(2.125 -0.296875 0)
(2.125 -0.21875 0)
(2.125 -0.1796875 0)
(2.125 -0.16015625 0)
(2.125 -0.14300590124999996 0)
(2.125 3 0)
(2.125 3.012 0)
(2.125 3.0257999999999998 0)
(2.125 3.0416699999999999 0)
(2.125 3.0599205 0)
(2.125 3.0625 0)
(2.125 3.0781710000000002 0)
(2.125 3.08203125 0)
(2.125 3.1015625 0)
(2.125 3.12109375 0)
(2.125 3.140625 0)
(2.125 3.1796875 0)
(2.125 3.21875 0)
(2.125 3.296875 0)
(2.125 3.375 0)
(2.125 3.53125 0)
(2.125 3.6875 0)
(2.125 4 0)
(2.14453125 -0.1796875 0)
(2.14453125 -0.16015625 0)
(2.14453125 -0.14300590124999996 0)
(2.14453125 3.0781710000000002 0)
(2.14453125 3.08203125 0)
(2.14453125 3.1015625 0)
(2.14453125 3.12109375 0)
(2.14453125 3.140625 0)
(2.15625 -0.14300590124999996 0)
(2.15625 -0.10463422499999998 0)
(2.15625 -0.07817099999999999 0)
(2.15625 -0.059920499999999995 0)
(2.15625 -0.041669999999999999 0)
(2.15625 -0.0258 0)
(2.15625 -0.012 0)
(2.15625 0 0)
(2.15625 3 0)
(2.15625 3.012 0)
(2.15625 3.0257999999999998 0)
(2.15625 3.0416699999999999 0)
(2.15625 3.0599205 0)
(2.15625 3.0781710000000002 0)
(2.15625 3.08203125 0)
(2.15625 3.1015625 0)
(2.15625 3.1046342249999999 0)
(2.1640625 -0.21875 0)
(2.1640625 -0.1796875 0)
(2.1640625 -0.16015625 0)
(2.1640625 -0.14300590124999996 0)
(2.1640625 3.1046342249999999 0)
(2.1640625 3.12109375 0)
(2.1640625 3.140625 0)
(2.1640625 3.16015625 0)
(2.1640625 3.1796875 0)
(2.1640625 3.21875 0)
(2.18359375 -0.1796875 0)
(2.18359375 -0.16015625 0)
(2.18359375 -0.14300590124999996 0)
(2.18359375 3.1046342249999999 0)
(2.18359375 3.12109375 0)
(2.18359375 3.140625 0)
(2.18359375 3.16015625 0)
(2.18359375 3.1796875 0)
(2.1875 3 0)
(2.1875 3.012 0)
(2.1875 3.0257999999999998 0)
(2.1875 3.0416699999999999 0)
(2.1875 3.0599205 0)
(2.1875 3.0781710000000002 0)
(2.1875 3.1046342249999999 0)
(2.1875 3.12109375 0)
(2.1875 3.140625 0)
(2.1875 3.14300590125 0)
(2.203125 -0.375 0)
(2.203125 -0.296875 0)
(2.203125 -0.21875 0)
(2.203125 -0.1796875 0)
(2.203125 -0.16015625 0)
(2.203125 -0.14300590124999996 0)
(2.203125 -0.10463422499999998 0)
(2.203125 -0.07817099999999999 0)
(2.203125 -0.059920499999999995 0)
(2.203125 -0.041669999999999999 0)
(2.203125 -0.0258 0)
(2.203125 -0.012 0)
(2.203125 0 0)
(2.203125 3.14300590125 0)
(2.203125 3.16015625 0)
(2.203125 3.1796875 0)
(2.203125 3.21875 0)
(2.203125 3.296875 0)
(2.203125 3.375 0)
(2.21875 3 0)
(2.21875 3.012 0)
(2.21875 3.0257999999999998 0)
(2.21875 3.0416699999999999 0)
(2.21875 3.0599205 0)
(2.21875 3.0781710000000002 0)
(2.21875 3.1046342249999999 0)
(2.21875 3.14300590125 0)
(2.22265625 -0.1796875 0)
(2.22265625 -0.16015625 0)
(2.22265625 -0.14300590124999996 0)
(2.22265625 3.14300590125 0)
(2.22265625 3.16015625 0)
(2.22265625 3.1796875 0)
(2.2421875 -0.21875 0)
(2.2421875 -0.1796875 0)
(2.2421875 -0.16015625 0)
(2.2421875 -0.14300590124999996 0)
(2.2421875 3.14300590125 0)
(2.2421875 3.16015625 0)
(2.2421875 3.1796875 0)
(2.2421875 3.21875 0)
(2.25 -0.14300590124999996 0)
(2.25 -0.10463422499999998 0)
(2.25 -0.07817099999999999 0)
(2.25 -0.059920499999999995 0)
(2.25 -0.041669999999999999 0)
(2.25 -0.0258 0)
(2.25 -0.012 0)
(2.25 0 0)
(2.25 3 0)
(2.25 3.012 0)
(2.25 3.0257999999999998 0)
(2.25 3.0416699999999999 0)
(2.25 3.0599205 0)
(2.25 3.0781710000000002 0)
(2.25 3.1046342249999999 0)
(2.25 3.14300590125 0)
(2.26171875 -0.1796875 0)
(2.26171875 -0.16015625 0)
(2.26171875 -0.14300590124999996 0)
(2.26171875 3.14300590125 0)
(2.26171875 3.16015625 0)
(2.26171875 3.1796875 0)
(2.28125 -0.6875 0)
(2.28125 -0.53125 0)
(2.28125 -0.375 0)
(2.28125 -0.296875 0)
(2.28125 -0.21875 0)
(2.28125 -0.1796875 0)
(2.28125 -0.16015625 0)
(2.28125 -0.14300590124999996 0)
(2.28125 3 0)
(2.28125 3.012 0)
(2.28125 3.0257999999999998 0)
(2.28125 3.0416699999999999 0)
(2.28125 3.0599205 0)
(2.28125 3.0781710000000002 0)
(2.28125 3.1046342249999999 0)
(2.28125 3.14300590125 0)
(2.28125 3.16015625 0)
(2.28125 3.1796875 0)
(2.28125 3.21875 0)
(2.28125 3.296875 0)
(2.28125 3.375 0)
(2.28125 3.53125 0)
(2.28125 3.6875 0)
(2.296875 -0.14300590124999996 0)
(2.296875 -0.10463422499999998 0)
(2.296875 -0.07817099999999999 0)
(2.296875 -0.059920499999999995 0)
(2.296875 -0.041669999999999999 0)
(2.296875 -0.0258 0)
(2.296875 -0.012 0)
(2.296875 0 0)
(2.30078125 -0.1796875 0)
(2.30078125 -0.16015625 0)
(2.30078125 -0.14300590124999996 0)
(2.30078125 3.14300590125 0)
(2.30078125 3.16015625 0)
(2.30078125 3.1796875 0)
(2.3125 3 0)
(2.3125 3.012 0)
(2.3125 3.0257999999999998 0)
(2.3125 3.0416699999999999 0)
(2.3125 3.0599205 0)
(2.3125 3.0781710000000002 0)
(2.3125 3.1046342249999999 0)
(2.3125 3.14300590125 0)
(2.3203125 -0.21875 0)
(2.3203125 -0.1796875 0)
(2.3203125 -0.16015625 0)
(2.3203125 -0.14300590124999996 0)
(2.3203125 3.14300590125 0)
(2.3203125 3.16015625 0)
(2.3203125 3.1796875 0)
(2.3203125 3.21875 0)
(2.33984375 -0.1796875 0)
(2.33984375 -0.16015625 0)
(2.33984375 -0.14300590124999996 0)
(2.33984375 3.14300590125 0)
(2.33984375 3.16015625 0)
(2.33984375 3.1796875 0)
(2.34375 -0.14300590124999996 0)
(2.34375 -0.10463422499999998 0)
(2.34375 -0.07817099999999999 0)
(2.34375 -0.059920499999999995 0)
(2.34375 -0.041669999999999999 0)
(2.34375 -0.0258 0)
(2.34375 -0.012 0)
(2.34375 0 0)
(2.34375 3 0)
(2.34375 3.012 0)
(2.34375 3.0257999999999998 0)
(2.34375 3.0416699999999999 0)
(2.34375 3.0599205 0)
(2.34375 3.0781710000000002 0)
(2.34375 3.1046342249999999 0)
(2.34375 3.14300590125 0)
(2.359375 -0.375 0)
(2.359375 -0.296875 0)
(2.359375 -0.21875 0)
(2.359375 -0.1796875 0)
(2.359375 -0.16015625 0)
(2.359375 -0.14300590124999996 0)
(2.359375 3.14300590125 0)
(2.359375 3.16015625 0)
(2.359375 3.1796875 0)
(2.359375 3.21875 0)
(2.359375 3.296875 0)
(2.359375 3.375 0)
(2.375 3 0)
(2.375 3.012 0)
(2.375 3.0257999999999998 0)
(2.375 3.0416699999999999 0)
(2.375 3.0599205 0)
(2.375 3.0781710000000002 0)
(2.375 3.1046342249999999 0)
(2.375 3.14300590125 0)
(2.37890625 -0.1796875 0)
(2.37890625 -0.16015625 0)
(2.37890625 -0.14300590124999996 0)
(2.37890625 3.14300590125 0)
(2.37890625 3.16015625 0)
(2.37890625 3.1796875 0)
(2.390625 -0.14300590124999996 0)
(2.390625 -0.10463422499999998 0)
(2.390625 -0.07817099999999999 0)
(2.390625 -0.059920499999999995 0)
(2.390625 -0.041669999999999999 0)
(2.390625 -0.0258 0)
(2.390625 -0.012 0)
(2.390625 0 0)
(2.3984375 -0.21875 0)
(2.3984375 -0.1796875 0)
(2.3984375 -0.16015625 0)
(2.3984375 -0.14300590124999996 0)
(2.3984375 3.14300590125 0)
(2.3984375 3.16015625 0)
(2.3984375 3.1796875 0)
(2.3984375 3.21875 0)
(2.40625 3 0)
(2.40625 3.012 0)
(2.40625 3.0257999999999998 0)
(2.40625 3.0416699999999999 0)
(2.40625 3.0599205 0)
(2.40625 3.0781710000000002 0)
(2.40625 3.1046342249999999 0)
(2.40625 3.14300590125 0)
(2.41796875 -0.1796875 0)
(2.41796875 -0.16015625 0)
(2.41796875 -0.14300590124999996 0)
(2.41796875 3.14300590125 0)
(2.41796875 3.16015625 0)
(2.41796875 3.1796875 0)
(2.4375 -1 0)
(2.4375 -0.6875 0)
(2.4375 -0.53125 0)
(2.4375 -0.375 0)
(2.4375 -0.296875 0)
(2.4375 -0.21875 0)
(2.4375 -0.1796875 0)
(2.4375 -0.16015625 0)
(2.4375 -0.14300590124999996 0)
(2.4375 -0.10463422499999998 0)
(2.4375 -0.07817099999999999 0)
(2.4375 -0.059920499999999995 0)
(2.4375 -0.041669999999999999 0)
(2.4375 -0.0258 0)
(2.4375 -0.012 0)
(2.4375 0 0)
(2.4375 3 0)
(2.4375 3.012 0)
(2.4375 3.0257999999999998 0)
(2.4375 3.0416699999999999 0)
(2.4375 3.0599205 0)
(2.4375 3.0781710000000002 0)
(2.4375 3.1046342249999999 0)
(2.4375 3.14300590125 0)
(2.4375 3.16015625 0)
(2.4375 3.1796875 0)
(2.4375 3.21875 0)
(2.4375 3.296875 0)
(2.4375 3.375 0)
(2.4375 3.53125 0)
(2.4375 3.6875 0)
(2.4375 4 0)
(2.45703125 -0.1796875 0)
(2.45703125 -0.16015625 0)
(2.45703125 -0.14300590124999996 0)
(2.45703125 3.14300590125 0)
(2.45703125 3.16015625 0)
(2.45703125 3.1796875 0)
(2.46875 3 0)
(2.46875 3.012 0)
(2.46875 3.0257999999999998 0)
(2.46875 3.0416699999999999 0)
(2.46875 3.0599205 0)
(2.46875 3.0781710000000002 0)
(2.46875 3.1046342249999999 0)
(2.46875 3.14300590125 0)
(2.4765625 -0.21875 0)
(2.4765625 -0.1796875 0)
(2.4765625 -0.16015625 0)
(2.4765625 -0.14300590124999996 0)
(2.4765625 3.14300590125 0)
(2.4765625 3.16015625 0)
(2.4765625 3.1796875 0)
(2.4765625 3.21875 0)
(2.484375 -0.14300590124999996 0)
(2.484375 -0.10463422499999998 0)
(2.484375 -0.07817099999999999 0)
(2.484375 -0.059920499999999995 0)
(2.484375 -0.041669999999999999 0)
(2.484375 -0.0258 0)
(2.484375 -0.012 0)
(2.484375 0 0)
(2.49609375 -0.1796875 0)
(2.49609375 -0.16015625 0)
(2.49609375 -0.14300590124999996 0)
(2.49609375 3.14300590125 0)
(2.49609375 3.16015625 0)
(2.49609375 3.1796875 0)
(2.5 3 0)
(2.5 3.012 0)
(2.5 3.0257999999999998 0)
(2.5 3.0416699999999999 0)
(2.5 3.0599205 0)
(2.5 3.0781710000000002 0)
(2.5 3.1046342249999999 0)
(2.5 3.14300590125 0)
(2.515625 -0.375 0)
(2.515625 -0.296875 0)
(2.515625 -0.21875 0)
(2.515625 -0.1796875 0)
(2.515625 -0.16015625 0)
(2.515625 -0.14300590124999996 0)
(2.515625 3.14300590125 0)
(2.515625 3.16015625 0)
(2.515625 3.1796875 0)
(2.515625 3.21875 0)
(2.515625 3.296875 0)
(2.515625 3.375 0)
(2.53125 -0.14300590124999996 0)
(2.53125 -0.10463422499999998 0)
(2.53125 -0.07817099999999999 0)
(2.53125 -0.059920499999999995 0)
(2.53125 -0.041669999999999999 0)
(2.53125 -0.0258 0)
(2.53125 -0.012 0)
(2.53125 0 0)
(2.53125 3 0)
(2.53125 3.012 0)
(2.53125 3.0257999999999998 0)
(2.53125 3.0416699999999999 0)
(2.53125 3.0599205 0)
(2.53125 3.0781710000000002 0)
(2.53125 3.1046342249999999 0)
(2.53125 3.14300590125 0)
(2.53515625 -0.1796875 0)
(2.53515625 -0.16015625 0)
(2.53515625 -0.14300590124999996 0)
(2.53515625 3.14300590125 0)
(2.53515625 3.16015625 0)
(2.53515625 3.1796875 0)
(2.5546875 -0.21875 0)
(2.5546875 -0.1796875 0)
(2.5546875 -0.16015625 0)
(2.5546875 -0.14300590124999996 0)
(2.5546875 3.14300590125 0)
(2.5546875 3.16015625 0)
(2.5546875 3.1796875 0)
(2.5546875 3.21875 0)
(2.5625 3 0)
(2.5625 3.012 0)
(2.5625 3.0257999999999998 0)
(2.5625 3.0416699999999999 0)
(2.5625 3.0599205 0)
(2.5625 3.0781710000000002 0)
(2.5625 3.1046342249999999 0)
(2.5625 3.14300590125 0)
(2.57421875 -0.1796875 0)
(2.57421875 -0.16015625 0)
(2.57421875 -0.14300590124999996 0)
(2.57421875 3.14300590125 0)
(2.57421875 3.16015625 0)
(2.57421875 3.1796875 0)
(2.578125 -0.14300590124999996 0)
(2.578125 -0.10463422499999998 0)
(2.578125 -0.07817099999999999 0)
(2.578125 -0.059920499999999995 0)
(2.578125 -0.041669999999999999 0)
(2.578125 -0.0258 0)
(2.578125 -0.012 0)
(2.578125 0 0)
(2.59375 -0.6875 0)
(2.59375 -0.53125 0)
(2.59375 -0.375 0)
(2.59375 -0.296875 0)
(2.59375 -0.21875 0)
(2.59375 -0.1796875 0)
(2.59375 -0.16015625 0)
(2.59375 -0.14300590124999996 0)
(2.59375 3 0)
(2.59375 3.012 0)
(2.59375 3.0257999999999998 0)
(2.59375 3.0416699999999999 0)
(2.59375 3.0599205 0)
(2.59375 3.0781710000000002 0)
(2.59375 3.1046342249999999 0)
(2.59375 3.14300590125 0)
(2.59375 3.16015625 0)
(2.59375 3.1796875 0)
(2.59375 3.21875 0)
(2.59375 3.296875 0)
(2.59375 3.375 0)
(2.59375 3.53125 0)
(2.59375 3.6875 0)
(2.61328125 -0.1796875 0)
(2.61328125 -0.16015625 0)
(2.61328125 -0.14300590124999996 0)
(2.61328125 3.14300590125 0)
(2.61328125 3.16015625 0)
(2.61328125 3.1796875 0)
(2.625 -0.14300590124999996 0)
(2.625 -0.10463422499999998 0)
(2.625 -0.07817099999999999 0)
(2.625 -0.059920499999999995 0)
(2.625 -0.041669999999999999 0)
(2.625 -0.0258 0)
(2.625 -0.012 0)
(2.625 0 0)
(2.625 3 0)
(2.625 3.012 0)
(2.625 3.0257999999999998 0)
(2.625 3.0416699999999999 0)
(2.625 3.0599205 0)
(2.625 3.0781710000000002 0)
(2.625 3.1046342249999999 0)
(2.625 3.14300590125 0)
(2.6328125 -0.21875 0)
(2.6328125 -0.1796875 0)
(2.6328125 -0.16015625 0)
(2.6328125 -0.14300590124999996 0)
(2.6328125 3.14300590125 0)
(2.6328125 3.16015625 0)
(2.6328125 3.1796875 0)
(2.6328125 3.21875 0)
(2.65234375 -0.1796875 0)
(2.65234375 -0.16015625 0)
(2.65234375 -0.14300590124999996 0)
(2.65234375 3.14300590125 0)
(2.65234375 3.16015625 0)
(2.65234375 3.1796875 0)
(2.65625 3 0)
(2.65625 3.012 0)
(2.65625 3.0257999999999998 0)
(2.65625 3.0416699999999999 0)
(2.65625 3.0599205 0)
(2.65625 3.0781710000000002 0)
(2.65625 3.1046342249999999 0)
(2.65625 3.14300590125 0)
(2.671875 -0.375 0)
(2.671875 -0.296875 0)
(2.671875 -0.21875 0)
(2.671875 -0.1796875 0)
(2.671875 -0.16015625 0)
(2.671875 -0.14300590124999996 0)
(2.671875 -0.10463422499999998 0)
(2.671875 -0.07817099999999999 0)
(2.671875 -0.059920499999999995 0)
(2.671875 -0.041669999999999999 0)
(2.671875 -0.0258 0)
(2.671875 -0.012 0)
(2.671875 0 0)
(2.671875 3.14300590125 0)
(2.671875 3.16015625 0)
(2.671875 3.1796875 0)
(2.671875 3.21875 0)
(2.671875 3.296875 0)
(2.671875 3.375 0)
(2.6875 3 0)
(2.6875 3.012 0)
(2.6875 3.0257999999999998 0)
(2.6875 3.0416699999999999 0)
(2.6875 3.0599205 0)
(2.6875 3.0781710000000002 0)
(2.6875 3.1046342249999999 0)
(2.6875 3.14300590125 0)
(2.69140625 -0.1796875 0)
(2.69140625 -0.16015625 0)
(2.69140625 -0.14300590124999996 0)
(2.69140625 3.14300590125 0)
(2.69140625 3.16015625 0)
(2.69140625 3.1796875 0)
(2.7109375 -0.21875 0)
(2.7109375 -0.1796875 0)
(2.7109375 -0.16015625 0)
(2.7109375 -0.14300590124999996 0)
(2.7109375 3.14300590125 0)
(2.7109375 3.16015625 0)
(2.7109375 3.1796875 0)
(2.7109375 3.21875 0)
(2.71875 -0.14300590124999996 0)
(2.71875 -0.140625 0)
(2.71875 -0.12109375 0)
(2.71875 -0.10463422499999998 0)
(2.71875 -0.07817099999999999 0)
(2.71875 -0.059920499999999995 0)
(2.71875 -0.041669999999999999 0)
(2.71875 -0.0258 0)
(2.71875 -0.012 0)
(2.71875 0 0)
(2.71875 3 0)
(2.71875 3.012 0)
(2.71875 3.0257999999999998 0)
(2.71875 3.0416699999999999 0)
(2.71875 3.0599205 0)
(2.71875 3.0781710000000002 0)
(2.71875 3.1046342249999999 0)
(2.71875 3.14300590125 0)
(2.73046875 -0.1796875 0)
(2.73046875 -0.16015625 0)
(2.73046875 -0.140625 0)
(2.73046875 -0.12109375 0)
(2.73046875 -0.10463422499999998 0)
(2.73046875 3.14300590125 0)
(2.73046875 3.16015625 0)
(2.73046875 3.1796875 0)
(2.75 -1 0)
(2.75 -0.6875 0)
(2.75 -0.53125 0)
(2.75 -0.375 0)
(2.75 -0.296875 0)
(2.75 -0.21875 0)
(2.75 -0.1796875 0)
(2.75 -0.16015625 0)
(2.75 -0.140625 0)
(2.75 -0.12109375 0)
(2.75 -0.10463422499999998 0)
(2.75 3 0)
(2.75 3.012 0)
(2.75 3.0257999999999998 0)
(2.75 3.0416699999999999 0)
(2.75 3.0599205 0)
(2.75 3.0781710000000002 0)
(2.75 3.1046342249999999 0)
(2.75 3.14300590125 0)
(2.75 3.16015625 0)
(2.75 3.1796875 0)
(2.75 3.21875 0)
(2.75 3.296875 0)
(2.75 3.375 0)
(2.75 3.53125 0)
(2.75 3.6875 0)
(2.75 4 0)
(2.765625 -0.10463422499999998 0)
(2.765625 -0.1015625 0)
(2.765625 -0.07817099999999999 0)
(2.765625 -0.059920499999999995 0)
(2.765625 -0.041669999999999999 0)
(2.765625 -0.0258 0)
(2.765625 -0.012 0)
(2.765625 0 0)
(2.76953125 -0.140625 0)
(2.76953125 -0.12109375 0)
(2.76953125 -0.1015625 0)
(2.76953125 -0.08203125 0)
(2.76953125 -0.07817099999999999 0)
(2.76953125 3.14300590125 0)
(2.76953125 3.16015625 0)
(2.76953125 3.1796875 0)
(2.78125 3 0)
(2.78125 3.012 0)
(2.78125 3.0257999999999998 0)
(2.78125 3.0416699999999999 0)
(2.78125 3.0599205 0)
(2.78125 3.0781710000000002 0)
(2.78125 3.1046342249999999 0)
(2.78125 3.14300590125 0)
(2.7890625 -0.21875 0)
(2.7890625 -0.1796875 0)
(2.7890625 -0.140625 0)
(2.7890625 -0.12109375 0)
(2.7890625 -0.1015625 0)
(2.7890625 -0.08203125 0)
(2.7890625 -0.07817099999999999 0)
(2.7890625 3.14300590125 0)
(2.7890625 3.16015625 0)
(2.7890625 3.1796875 0)
(2.7890625 3.21875 0)
(2.80859375 -0.1015625 0)
(2.80859375 -0.08203125 0)
(2.80859375 -0.07817099999999999 0)
(2.80859375 3.14300590125 0)
(2.80859375 3.16015625 0)
(2.80859375 3.1796875 0)
(2.8125 -0.07817099999999999 0)
(2.8125 -0.0625 0)
(2.8125 -0.059920499999999995 0)
(2.8125 -0.041669999999999999 0)
(2.8125 -0.0258 0)
(2.8125 -0.012 0)
(2.8125 0 0)
(2.8125 3 0)
(2.8125 3.012 0)
(2.8125 3.0257999999999998 0)
(2.8125 3.0416699999999999 0)
(2.8125 3.0599205 0)
(2.8125 3.0781710000000002 0)
(2.8125 3.1046342249999999 0)
(2.8125 3.12109375 0)
(2.8125 3.140625 0)
(2.8125 3.14300590125 0)
(2.828125 -0.375 0)
(2.828125 -0.296875 0)
(2.828125 -0.21875 0)
(2.828125 -0.1796875 0)
(2.828125 -0.140625 0)
(2.828125 -0.1015625 0)
(2.828125 -0.08203125 0)
(2.828125 -0.0625 0)
(2.828125 -0.059920499999999995 0)
(2.828125 3.1046342249999999 0)
(2.828125 3.12109375 0)
(2.828125 3.140625 0)
(2.828125 3.16015625 0)
(2.828125 3.1796875 0)
(2.828125 3.21875 0)
(2.828125 3.296875 0)
(2.828125 3.375 0)
(2.84375 3 0)
(2.84375 3.012 0)
(2.84375 3.0257999999999998 0)
(2.84375 3.0416699999999999 0)
(2.84375 3.0599205 0)
(2.84375 3.0781710000000002 0)
(2.84375 3.1015625 0)
(2.84375 3.1046342249999999 0)
(2.84765625 -0.0625 0)
(2.84765625 -0.059920499999999995 0)
(2.84765625 3.0781710000000002 0)
(2.84765625 3.08203125 0)
(2.84765625 3.1015625 0)
(2.84765625 3.12109375 0)
(2.84765625 3.140625 0)
(2.859375 -0.059920499999999995 0)
(2.859375 -0.041669999999999999 0)
(2.859375 -0.0258 0)
(2.859375 -0.012 0)
(2.859375 0 0)
(2.8671875 -0.140625 0)
(2.8671875 -0.1015625 0)
(2.8671875 -0.0625 0)
(2.8671875 -0.041669999999999999 0)
(2.8671875 3.0781710000000002 0)
(2.8671875 3.08203125 0)
(2.8671875 3.1015625 0)
(2.8671875 3.12109375 0)
(2.8671875 3.140625 0)
(2.8671875 3.1796875 0)
(2.8671875 3.21875 0)
(2.875 3 0)
(2.875 3.012 0)
(2.875 3.0257999999999998 0)
(2.875 3.0416699999999999 0)
(2.875 3.0599205 0)
(2.875 3.0781710000000002 0)
(2.88671875 -0.0625 0)
(2.88671875 -0.041669999999999999 0)
(2.88671875 3.0599205 0)
(2.88671875 3.0625 0)
(2.88671875 3.08203125 0)
(2.88671875 3.1015625 0)
(2.90625 -0.6875 0)
(2.90625 -0.53125 0)
(2.90625 -0.375 0)
(2.90625 -0.296875 0)
(2.90625 -0.21875 0)
(2.90625 -0.140625 0)
(2.90625 -0.1015625 0)
(2.90625 -0.0625 0)
(2.90625 -0.04296875 0)
(2.90625 -0.041669999999999999 0)
(2.90625 -0.0258 0)
(2.90625 -0.012 0)
(2.90625 0 0)
(2.90625 3 0)
(2.90625 3.012 0)
(2.90625 3.0257999999999998 0)
(2.90625 3.0416699999999999 0)
(2.90625 3.0599205 0)
(2.90625 3.0625 0)
(2.90625 3.08203125 0)
(2.90625 3.1015625 0)
(2.90625 3.140625 0)
(2.90625 3.1796875 0)
(2.90625 3.21875 0)
(2.90625 3.296875 0)
(2.90625 3.375 0)
(2.90625 3.53125 0)
(2.90625 3.6875 0)
(2.92578125 -0.0625 0)
(2.92578125 -0.04296875 0)
(2.92578125 -0.0258 0)
(2.92578125 3.0416699999999999 0)
(2.92578125 3.04296875 0)
(2.92578125 3.0625 0)
(2.9375 3 0)
(2.9375 3.012 0)
(2.9375 3.0257999999999998 0)
(2.9375 3.0416699999999999 0)
(2.9453125 -0.140625 0)
(2.9453125 -0.1015625 0)
(2.9453125 -0.0625 0)
(2.9453125 -0.04296875 0)
(2.9453125 -0.0258 0)
(2.9453125 3.0257999999999998 0)
(2.9453125 3.04296875 0)
(2.9453125 3.0625 0)
(2.9453125 3.1015625 0)
(2.9453125 3.140625 0)
(2.953125 -0.0258 0)
(2.953125 -0.0234375 0)
(2.953125 -0.012 0)
(2.953125 0 0)
(2.96484375 -0.0625 0)
(2.96484375 -0.04296875 0)
(2.96484375 -0.0234375 0)
(2.96484375 -0.012 0)
(2.96484375 3.0257999999999998 0)
(2.96484375 3.04296875 0)
(2.96484375 3.0625 0)
(2.96875 3 0)
(2.96875 3.012 0)
(2.96875 3.0234375 0)
(2.96875 3.0257999999999998 0)
(2.984375 -0.21875 0)
(2.984375 -0.140625 0)
(2.984375 -0.1015625 0)
(2.984375 -0.0625 0)
(2.984375 -0.04296875 0)
(2.984375 -0.0234375 0)
(2.984375 -0.012 0)
(2.984375 3.012 0)
(2.984375 3.0234375 0)
(2.984375 3.04296875 0)
(2.984375 3.0625 0)
(2.984375 3.1015625 0)
(2.984375 3.140625 0)
(2.984375 3.21875 0)
(3 0 0)
(3 0.046875 0)
(3 0.09375 0)
(3 0.140625 0)
(3 0.1875 0)
(3 0.234375 0)
(3 0.28125 0)
(3 0.328125 0)
(3 0.375 0)
(3 0.421875 0)
(3 0.46875 0)
(3 0.515625 0)
(3 0.5625 0)
(3 0.609375 0)
(3 0.65625 0)
(3 0.703125 0)
(3 0.75 0)
(3 0.796875 0)
(3 0.84375 0)
(3 0.890625 0)
(3 0.9375 0)
(3 0.984375 0)
(3 1.03125 0)
(3 1.078125 0)
(3 1.125 0)
(3 1.171875 0)
(3 1.21875 0)
(3 1.265625 0)
(3 1.3125 0)
(3 1.359375 0)
(3 1.40625 0)
(3 1.453125 0)
(3 1.5 0)
(3 1.546875 0)
(3 1.59375 0)
(3 1.640625 0)
(3 1.6875 0)
(3 1.734375 0)
(3 1.78125 0)
(3 1.828125 0)
(3 1.875 0)
(3 1.921875 0)
(3 1.96875 0)
(3 2.015625 0)
(3 2.0625 0)
(3 2.109375 0)
(3 2.15625 0)
(3 2.203125 0)
(3 2.25 0)
(3 2.296875 0)
(3 2.34375 0)
(3 2.390625 0)
(3 2.4375 0)
(3 2.484375 0)
(3 2.53125 0)
(3 2.578125 0)
(3 2.625 0)
(3 2.671875 0)
(3 2.71875 0)
(3 2.765625 0)
(3 2.8125 0)
(3 2.859375 0)
(3 2.90625 0)
(3 2.953125 0)
(3 3 0)
(3.00390625 -0.0234375 0)
(3.00390625 -0.012 0)
(3.00390625 3.012 0)
(3.00390625 3.0234375 0)
(3.012 -0.012 0)
(3.012 -0.00390625 0)
(3.012 0.015625 0)
(3.012 0.03515625 0)
(3.012 0.046875 0)
(3.012 0.09375 0)
(3.012 0.140625 0)
(3.012 0.1875 0)
(3.012 0.234375 0)
(3.012 0.28125 0)
(3.012 0.328125 0)
(3.012 0.375 0)
(3.012 0.421875 0)
(3.012 0.46875 0)
(3.012 0.515625 0)
(3.012 0.5625 0)
(3.012 0.609375 0)
(3.012 0.65625 0)
(3.012 0.703125 0)
(3.012 0.75 0)
(3.012 0.796875 0)
(3.012 0.84375 0)
(3.012 0.890625 0)
(3.012 0.9375 0)
(3.012 0.984375 0)
(3.012 1.03125 0)
(3.012 1.078125 0)
(3.012 1.125 0)
(3.012 1.171875 0)
(3.012 1.21875 0)
(3.012 1.265625 0)
(3.012 1.3125 0)
(3.012 1.359375 0)
(3.012 1.40625 0)
(3.012 1.453125 0)
(3.012 1.5 0)
(3.012 1.546875 0)
(3.012 1.59375 0)
(3.012 1.640625 0)
(3.012 1.6875 0)
(3.012 1.734375 0)
(3.012 1.78125 0)
(3.012 1.828125 0)
(3.012 1.875 0)
(3.012 1.921875 0)
(3.012 1.96875 0)
(3.012 2.015625 0)
(3.012 2.0625 0)
(3.012 2.109375 0)
(3.012 2.15625 0)
(3.012 2.203125 0)
(3.012 2.25 0)
(3.012 2.296875 0)
(3.012 2.34375 0)
(3.012 2.390625 0)
(3.012 2.4375 0)
(3.012 2.484375 0)
(3.012 2.53125 0)
(3.012 2.578125 0)
(3.012 2.625 0)
(3.012 2.671875 0)
(3.012 2.71875 0)
(3.012 2.765625 0)
(3.012 2.8125 0)
(3.012 2.859375 0)
(3.012 2.90625 0)
(3.012 2.953125 0)
(3.012 2.96484375 0)
(3.012 2.984375 0)
(3.012 3.00390625 0)
(3.012 3.012 0)
(3.0234375 -0.0625 0)
(3.0234375 -0.0234375 0)
(3.0234375 -0.00390625 0)
(3.0234375 0.015625 0)
(3.0234375 0.03515625 0)
(3.0234375 0.046875 0)
(3.0234375 2.953125 0)
(3.0234375 2.96484375 0)
(3.0234375 2.984375 0)
(3.0234375 3.00390625 0)
(3.0234375 3.0234375 0)
(3.0234375 3.0625 0)
(3.0257999999999998 0.046875 0)
(3.0257999999999998 0.0546875 0)
(3.0257999999999998 0.07421875 0)
(3.0257999999999998 0.09375 0)
(3.0257999999999998 0.140625 0)
(3.0257999999999998 0.1875 0)
(3.0257999999999998 0.234375 0)
(3.0257999999999998 0.28125 0)
(3.0257999999999998 0.328125 0)
(3.0257999999999998 0.375 0)
(3.0257999999999998 0.421875 0)
(3.0257999999999998 0.46875 0)
(3.0257999999999998 0.515625 0)
(3.0257999999999998 0.5625 0)
(3.0257999999999998 0.609375 0)
(3.0257999999999998 0.65625 0)
(3.0257999999999998 0.703125 0)
(3.0257999999999998 0.75 0)
(3.0257999999999998 0.796875 0)
(3.0257999999999998 0.84375 0)
(3.0257999999999998 0.890625 0)
(3.0257999999999998 0.9375 0)
(3.0257999999999998 0.984375 0)
(3.0257999999999998 1.03125 0)
(3.0257999999999998 1.078125 0)
(3.0257999999999998 1.125 0)
(3.0257999999999998 1.171875 0)
(3.0257999999999998 1.21875 0)
(3.0257999999999998 1.265625 0)
(3.0257999999999998 1.3125 0)
(3.0257999999999998 1.359375 0)
(3.0257999999999998 1.40625 0)
(3.0257999999999998 1.453125 0)
(3.0257999999999998 1.5 0)
(3.0257999999999998 1.546875 0)
(3.0257999999999998 1.59375 0)
(3.0257999999999998 1.640625 0)
(3.0257999999999998 1.6875 0)
(3.0257999999999998 1.734375 0)
(3.0257999999999998 1.78125 0)
(3.0257999999999998 1.828125 0)
(3.0257999999999998 1.875 0)
(3.0257999999999998 1.921875 0)
(3.0257999999999998 1.96875 0)
(3.0257999999999998 2.015625 0)
(3.0257999999999998 2.0625 0)
(3.0257999999999998 2.109375 0)
(3.0257999999999998 2.15625 0)
(3.0257999999999998 2.203125 0)
(3.0257999999999998 2.25 0)
(3.0257999999999998 2.296875 0)
(3.0257999999999998 2.34375 0)
(3.0257999999999998 2.390625 0)
(3.0257999999999998 2.4375 0)
(3.0257999999999998 2.484375 0)
(3.0257999999999998 2.53125 0)
(3.0257999999999998 2.578125 0)
(3.0257999999999998 2.625 0)
(3.0257999999999998 2.671875 0)
(3.0257999999999998 2.71875 0)
(3.0257999999999998 2.765625 0)
(3.0257999999999998 2.8125 0)
(3.0257999999999998 2.859375 0)
(3.0257999999999998 2.90625 0)
(3.0257999999999998 2.92578125 0)
(3.0257999999999998 2.9453125 0)
(3.0257999999999998 2.953125 0)
(3.0416699999999999 0.09375 0)
(3.0416699999999999 0.11328125 0)
(3.0416699999999999 0.1328125 0)
(3.0416699999999999 0.140625 0)
(3.0416699999999999 0.1875 0)
(3.0416699999999999 0.234375 0)
(3.0416699999999999 0.28125 0)
(3.0416699999999999 0.328125 0)
(3.0416699999999999 0.375 0)
(3.0416699999999999 0.421875 0)
(3.0416699999999999 0.46875 0)
(3.0416699999999999 0.515625 0)
(3.0416699999999999 0.5625 0)
(3.0416699999999999 0.609375 0)
(3.0416699999999999 0.65625 0)
(3.0416699999999999 0.703125 0)
(3.0416699999999999 0.75 0)
(3.0416699999999999 0.796875 0)
(3.0416699999999999 0.84375 0)
(3.0416699999999999 0.890625 0)
(3.0416699999999999 0.9375 0)
(3.0416699999999999 0.984375 0)
(3.0416699999999999 1.03125 0)
(3.0416699999999999 1.078125 0)
(3.0416699999999999 1.125 0)
(3.0416699999999999 1.171875 0)
(3.0416699999999999 1.21875 0)
(3.0416699999999999 1.265625 0)
(3.0416699999999999 1.3125 0)
(3.0416699999999999 1.359375 0)
(3.0416699999999999 1.40625 0)
(3.0416699999999999 1.453125 0)
(3.0416699999999999 1.5 0)
(3.0416699999999999 1.546875 0)
(3.0416699999999999 1.59375 0)
(3.0416699999999999 1.640625 0)
(3.0416699999999999 1.6875 0)
(3.0416699999999999 1.734375 0)
(3.0416699999999999 1.78125 0)
(3.0416699999999999 1.828125 0)
(3.0416699999999999 1.875 0)
(3.0416699999999999 1.921875 0)
(3.0416699999999999 1.96875 0)
(3.0416699999999999 2.015625 0)
(3.0416699999999999 2.0625 0)
(3.0416699999999999 2.109375 0)
(3.0416699999999999 2.15625 0)
(3.0416699999999999 2.203125 0)
(3.0416699999999999 2.25 0)
(3.0416699999999999 2.296875 0)
(3.0416699999999999 2.34375 0)
(3.0416699999999999 2.390625 0)
(3.0416699999999999 2.4375 0)
(3.0416699999999999 2.484375 0)
(3.0416699999999999 2.53125 0)
(3.0416699999999999 2.578125 0)
(3.0416699999999999 2.625 0)
(3.0416699999999999 2.671875 0)
(3.0416699999999999 2.71875 0)
(3.0416699999999999 2.765625 0)
(3.0416699999999999 2.8125 0)
(3.0416699999999999 2.859375 0)
(3.0416699999999999 2.8671875 0)
(3.0416699999999999 2.88671875 0)
(3.0416699999999999 2.90625 0)
(3.04296875 0.015625 0)
(3.04296875 0.03515625 0)
(3.04296875 0.0546875 0)
(3.04296875 0.07421875 0)
(3.04296875 0.09375 0)
(3.04296875 2.90625 0)
(3.04296875 2.92578125 0)
(3.04296875 2.9453125 0)
(3.04296875 2.96484375 0)
(3.04296875 2.984375 0)
(3.0599205 0.140625 0)
(3.0599205 0.15234375 0)
(3.0599205 0.171875 0)
(3.0599205 0.1875 0)
(3.0599205 0.234375 0)
(3.0599205 0.28125 0)
(3.0599205 0.328125 0)
(3.0599205 0.375 0)
(3.0599205 0.421875 0)
(3.0599205 0.46875 0)
(3.0599205 0.515625 0)
(3.0599205 0.5625 0)
(3.0599205 0.609375 0)
(3.0599205 0.65625 0)
(3.0599205 0.703125 0)
(3.0599205 0.75 0)
(3.0599205 0.796875 0)
(3.0599205 0.84375 0)
(3.0599205 0.890625 0)
(3.0599205 0.9375 0)
(3.0599205 0.984375 0)
(3.0599205 1.03125 0)
(3.0599205 1.078125 0)
(3.0599205 1.125 0)
(3.0599205 1.171875 0)
(3.0599205 1.21875 0)
(3.0599205 1.265625 0)
(3.0599205 1.3125 0)
(3.0599205 1.359375 0)
(3.0599205 1.40625 0)
(3.0599205 1.453125 0)
(3.0599205 1.5 0)
(3.0599205 1.546875 0)
(3.0599205 1.59375 0)
(3.0599205 1.640625 0)
(3.0599205 1.6875 0)
(3.0599205 1.734375 0)
(3.0599205 1.78125 0)
(3.0599205 1.828125 0)
(3.0599205 1.875 0)
(3.0599205 1.921875 0)
(3.0599205 1.96875 0)
(3.0599205 2.015625 0)
(3.0599205 2.0625 0)
(3.0599205 2.109375 0)
(3.0599205 2.15625 0)
(3.0599205 2.203125 0)
(3.0599205 2.25 0)
(3.0599205 2.296875 0)
(3.0599205 2.34375 0)
(3.0599205 2.390625 0)
(3.0599205 2.4375 0)
(3.0599205 2.484375 0)
(3.0599205 2.53125 0)
(3.0599205 2.578125 0)
(3.0599205 2.625 0)
(3.0599205 2.671875 0)
(3.0599205 2.71875 0)
(3.0599205 2.765625 0)
(3.0599205 2.8125 0)
(3.0599205 2.828125 0)
(3.0599205 2.84765625 0)
(3.0599205 2.859375 0)
(3.0625 -1 0)
(3.0625 -0.6875 0)
(3.0625 -0.53125 0)
(3.0625 -0.375 0)
(3.0625 -0.21875 0)
(3.0625 -0.140625 0)
(3.0625 -0.0625 0)
(3.0625 -0.0234375 0)
(3.0625 0.015625 0)
(3.0625 0.03515625 0)
(3.0625 0.0546875 0)
(3.0625 0.07421875 0)
(3.0625 0.09375 0)
(3.0625 0.11328125 0)
(3.0625 0.1328125 0)
(3.0625 0.15234375 0)
(3.0625 0.171875 0)
(3.0625 0.1875 0)
(3.0625 2.8125 0)
(3.0625 2.828125 0)
(3.0625 2.84765625 0)
(3.0625 2.8671875 0)
(3.0625 2.88671875 0)
(3.0625 2.90625 0)
(3.0625 2.92578125 0)
(3.0625 2.9453125 0)
(3.0625 2.96484375 0)
(3.0625 2.984375 0)
(3.0625 3.0234375 0)
(3.0625 3.0625 0)
(3.0625 3.140625 0)
(3.0625 3.21875 0)
(3.0625 3.375 0)
(3.0625 3.53125 0)
(3.0625 3.6875 0)
(3.0625 4 0)
(3.0781710000000002 0.1875 0)
(3.0781710000000002 0.19140625 0)
(3.0781710000000002 0.2109375 0)
(3.0781710000000002 0.23046875 0)
(3.0781710000000002 0.234375 0)
(3.0781710000000002 0.28125 0)
(3.0781710000000002 0.328125 0)
(3.0781710000000002 0.375 0)
(3.0781710000000002 0.421875 0)
(3.0781710000000002 0.46875 0)
(3.0781710000000002 0.515625 0)
(3.0781710000000002 0.5625 0)
(3.0781710000000002 0.609375 0)
(3.0781710000000002 0.65625 0)
(3.0781710000000002 0.703125 0)
(3.0781710000000002 0.75 0)
(3.0781710000000002 0.796875 0)
(3.0781710000000002 0.84375 0)
(3.0781710000000002 0.890625 0)
(3.0781710000000002 0.9375 0)
(3.0781710000000002 0.984375 0)
(3.0781710000000002 1.03125 0)
(3.0781710000000002 1.078125 0)
(3.0781710000000002 1.125 0)
(3.0781710000000002 1.171875 0)
(3.0781710000000002 1.21875 0)
(3.0781710000000002 1.265625 0)
(3.0781710000000002 1.3125 0)
(3.0781710000000002 1.359375 0)
(3.0781710000000002 1.40625 0)
(3.0781710000000002 1.453125 0)
(3.0781710000000002 1.5 0)
(3.0781710000000002 1.546875 0)
(3.0781710000000002 1.59375 0)
(3.0781710000000002 1.640625 0)
(3.0781710000000002 1.6875 0)
(3.0781710000000002 1.734375 0)
(3.0781710000000002 1.78125 0)
(3.0781710000000002 1.828125 0)
(3.0781710000000002 1.875 0)
(3.0781710000000002 1.921875 0)
(3.0781710000000002 1.96875 0)
(3.0781710000000002 2.015625 0)
(3.0781710000000002 2.0625 0)
(3.0781710000000002 2.109375 0)
(3.0781710000000002 2.15625 0)
(3.0781710000000002 2.203125 0)
(3.0781710000000002 2.25 0)
(3.0781710000000002 2.296875 0)
(3.0781710000000002 2.34375 0)
(3.0781710000000002 2.390625 0)
(3.0781710000000002 2.4375 0)
(3.0781710000000002 2.484375 0)
(3.0781710000000002 2.53125 0)
(3.0781710000000002 2.578125 0)
(3.0781710000000002 2.625 0)
(3.0781710000000002 2.671875 0)
(3.0781710000000002 2.71875 0)
(3.0781710000000002 2.765625 0)
(3.0781710000000002 2.76953125 0)
(3.0781710000000002 2.7890625 0)
(3.0781710000000002 2.80859375 0)
(3.0781710000000002 2.8125 0)
(3.08203125 0.171875 0)
(3.08203125 0.19140625 0)
(3.08203125 0.2109375 0)
(3.08203125 0.23046875 0)
(3.08203125 2.76953125 0)
(3.08203125 2.7890625 0)
(3.08203125 2.80859375 0)
(3.08203125 2.828125 0)
(3.1015625 0.015625 0)
(3.1015625 0.0546875 0)
(3.1015625 0.09375 0)
(3.1015625 0.1328125 0)
(3.1015625 0.171875 0)
(3.1015625 0.19140625 0)
(3.1015625 0.2109375 0)
(3.1015625 0.23046875 0)
(3.1015625 0.234375 0)
(3.1015625 2.765625 0)
(3.1015625 2.76953125 0)
(3.1015625 2.7890625 0)
(3.1015625 2.80859375 0)
(3.1015625 2.828125 0)
(3.1015625 2.8671875 0)
(3.1015625 2.90625 0)
(3.1015625 2.9453125 0)
(3.1015625 2.984375 0)
(3.1046342249999999 0.234375 0)
(3.1046342249999999 0.25 0)
(3.1046342249999999 0.26953125 0)
(3.1046342249999999 0.28125 0)
(3.1046342249999999 0.328125 0)
(3.1046342249999999 0.375 0)
(3.1046342249999999 0.421875 0)
(3.1046342249999999 0.46875 0)
(3.1046342249999999 0.515625 0)
(3.1046342249999999 0.5625 0)
(3.1046342249999999 0.609375 0)
(3.1046342249999999 0.65625 0)
(3.1046342249999999 0.703125 0)
(3.1046342249999999 0.75 0)
(3.1046342249999999 0.796875 0)
(3.1046342249999999 0.84375 0)
(3.1046342249999999 0.890625 0)
(3.1046342249999999 0.9375 0)
(3.1046342249999999 0.984375 0)
(3.1046342249999999 1.03125 0)
(3.1046342249999999 1.078125 0)
(3.1046342249999999 1.125 0)
(3.1046342249999999 1.171875 0)
(3.1046342249999999 1.21875 0)
(3.1046342249999999 1.265625 0)
(3.1046342249999999 1.3125 0)
(3.1046342249999999 1.359375 0)
(3.1046342249999999 1.40625 0)
(3.1046342249999999 1.453125 0)
(3.1046342249999999 1.5 0)
(3.1046342249999999 1.546875 0)
(3.1046342249999999 1.59375 0)
(3.1046342249999999 1.640625 0)
(3.1046342249999999 1.6875 0)
(3.1046342249999999 1.734375 0)
(3.1046342249999999 1.78125 0)
(3.1046342249999999 1.828125 0)
(3.1046342249999999 1.875 0)
(3.1046342249999999 1.921875 0)
(3.1046342249999999 1.96875 0)
(3.1046342249999999 2.015625 0)
(3.1046342249999999 2.0625 0)
(3.1046342249999999 2.109375 0)
(3.1046342249999999 2.15625 0)
(3.1046342249999999 2.203125 0)
(3.1046342249999999 2.25 0)
(3.1046342249999999 2.296875 0)
(3.1046342249999999 2.34375 0)
(3.1046342249999999 2.390625 0)
(3.1046342249999999 2.4375 0)
(3.1046342249999999 2.484375 0)
(3.1046342249999999 2.53125 0)
(3.1046342249999999 2.578125 0)
(3.1046342249999999 2.625 0)
(3.1046342249999999 2.671875 0)
(3.1046342249999999 2.71875 0)
(3.1046342249999999 2.73046875 0)
(3.1046342249999999 2.75 0)
(3.1046342249999999 2.765625 0)
(3.12109375 0.2109375 0)
(3.12109375 0.23046875 0)
(3.12109375 0.25 0)
(3.12109375 0.26953125 0)
(3.12109375 0.28125 0)
(3.12109375 2.71875 0)
(3.12109375 2.73046875 0)
(3.12109375 2.75 0)
(3.12109375 2.76953125 0)
(3.12109375 2.7890625 0)
(3.140625 -0.0625 0)
(3.140625 0.015625 0)
(3.140625 0.0546875 0)
(3.140625 0.09375 0)
(3.140625 0.1328125 0)
(3.140625 0.171875 0)
(3.140625 0.2109375 0)
(3.140625 0.23046875 0)
(3.140625 0.25 0)
(3.140625 0.26953125 0)
(3.140625 0.28125 0)
(3.140625 2.71875 0)
(3.140625 2.73046875 0)
(3.140625 2.75 0)
(3.140625 2.76953125 0)
(3.140625 2.7890625 0)
(3.140625 2.828125 0)
(3.140625 2.8671875 0)
(3.140625 2.90625 0)
(3.140625 2.9453125 0)
(3.140625 2.984375 0)
(3.140625 3.0625 0)
(3.14300590125 0.28125 0)
(3.14300590125 0.2890625 0)
(3.14300590125 0.30859375 0)
(3.14300590125 0.328125 0)
(3.14300590125 0.34765625 0)
(3.14300590125 0.3671875 0)
(3.14300590125 0.375 0)
(3.14300590125 0.38671875 0)
(3.14300590125 0.40625 0)
(3.14300590125 0.421875 0)
(3.14300590125 0.42578125 0)
(3.14300590125 0.4453125 0)
(3.14300590125 0.46484375 0)
(3.14300590125 0.46875 0)
(3.14300590125 0.484375 0)
(3.14300590125 0.50390625 0)
(3.14300590125 0.515625 0)
(3.14300590125 0.5234375 0)
(3.14300590125 0.54296875 0)
(3.14300590125 0.5625 0)
(3.14300590125 0.58203125 0)
(3.14300590125 0.6015625 0)
(3.14300590125 0.609375 0)
(3.14300590125 0.62109375 0)
(3.14300590125 0.640625 0)
(3.14300590125 0.65625 0)
(3.14300590125 0.66015625 0)
(3.14300590125 0.6796875 0)
(3.14300590125 0.69921875 0)
(3.14300590125 0.703125 0)
(3.14300590125 0.71875 0)
(3.14300590125 0.73828125 0)
(3.14300590125 0.75 0)
(3.14300590125 0.7578125 0)
(3.14300590125 0.77734375 0)
(3.14300590125 0.796875 0)
(3.14300590125 0.81640625 0)
(3.14300590125 0.8359375 0)
(3.14300590125 0.84375 0)
(3.14300590125 0.85546875 0)
(3.14300590125 0.875 0)
(3.14300590125 0.890625 0)
(3.14300590125 0.89453125 0)
(3.14300590125 0.9140625 0)
(3.14300590125 0.93359375 0)
(3.14300590125 0.9375 0)
(3.14300590125 0.953125 0)
(3.14300590125 0.97265625 0)
(3.14300590125 0.984375 0)
(3.14300590125 0.9921875 0)
(3.14300590125 1.01171875 0)
(3.14300590125 1.03125 0)
(3.14300590125 1.05078125 0)
(3.14300590125 1.0703125 0)
(3.14300590125 1.078125 0)
(3.14300590125 1.08984375 0)
(3.14300590125 1.109375 0)
(3.14300590125 1.125 0)
(3.14300590125 1.12890625 0)
(3.14300590125 1.1484375 0)
(3.14300590125 1.16796875 0)
(3.14300590125 1.171875 0)
(3.14300590125 1.1875 0)
(3.14300590125 1.20703125 0)
(3.14300590125 1.21875 0)
(3.14300590125 1.2265625 0)
(3.14300590125 1.24609375 0)
(3.14300590125 1.265625 0)
(3.14300590125 1.28515625 0)
(3.14300590125 1.3046875 0)
(3.14300590125 1.3125 0)
(3.14300590125 1.32421875 0)
(3.14300590125 1.34375 0)
(3.14300590125 1.359375 0)
(3.14300590125 1.36328125 0)
(3.14300590125 1.3828125 0)
(3.14300590125 1.40234375 0)
(3.14300590125 1.40625 0)
(3.14300590125 1.421875 0)
(3.14300590125 1.44140625 0)
(3.14300590125 1.453125 0)
(3.14300590125 1.4609375 0)
(3.14300590125 1.48046875 0)
(3.14300590125 1.5 0)
(3.14300590125 1.51953125 0)
(3.14300590125 1.5390625 0)
(3.14300590125 1.546875 0)
(3.14300590125 1.55859375 0)
(3.14300590125 1.578125 0)
(3.14300590125 1.59375 0)
(3.14300590125 1.59765625 0)
(3.14300590125 1.6171875 0)
(3.14300590125 1.63671875 0)
(3.14300590125 1.640625 0)
(3.14300590125 1.65625 0)
(3.14300590125 1.67578125 0)
(3.14300590125 1.6875 0)
(3.14300590125 1.6953125 0)
(3.14300590125 1.71484375 0)
(3.14300590125 1.734375 0)
(3.14300590125 1.75390625 0)
(3.14300590125 1.7734375 0)
(3.14300590125 1.78125 0)
(3.14300590125 1.79296875 0)
(3.14300590125 1.8125 0)
(3.14300590125 1.828125 0)
(3.14300590125 1.83203125 0)
(3.14300590125 1.8515625 0)
(3.14300590125 1.87109375 0)
(3.14300590125 1.875 0)
(3.14300590125 1.890625 0)
(3.14300590125 1.91015625 0)
(3.14300590125 1.921875 0)
(3.14300590125 1.9296875 0)
(3.14300590125 1.94921875 0)
(3.14300590125 1.96875 0)
(3.14300590125 1.98828125 0)
(3.14300590125 2.0078125 0)
(3.14300590125 2.015625 0)
(3.14300590125 2.02734375 0)
(3.14300590125 2.046875 0)
(3.14300590125 2.0625 0)
(3.14300590125 2.06640625 0)
(3.14300590125 2.0859375 0)
(3.14300590125 2.10546875 0)
(3.14300590125 2.109375 0)
(3.14300590125 2.125 0)
(3.14300590125 2.14453125 0)
(3.14300590125 2.15625 0)
(3.14300590125 2.1640625 0)
(3.14300590125 2.18359375 0)
(3.14300590125 2.203125 0)
(3.14300590125 2.22265625 0)
(3.14300590125 2.2421875 0)
(3.14300590125 2.25 0)
(3.14300590125 2.26171875 0)
(3.14300590125 2.28125 0)
(3.14300590125 2.296875 0)
(3.14300590125 2.30078125 0)
(3.14300590125 2.3203125 0)
(3.14300590125 2.33984375 0)
(3.14300590125 2.34375 0)
(3.14300590125 2.359375 0)
(3.14300590125 2.37890625 0)
(3.14300590125 2.390625 0)
(3.14300590125 2.3984375 0)
(3.14300590125 2.41796875 0)
(3.14300590125 2.4375 0)
(3.14300590125 2.45703125 0)
(3.14300590125 2.4765625 0)
(3.14300590125 2.484375 0)
(3.14300590125 2.49609375 0)
(3.14300590125 2.515625 0)
(3.14300590125 2.53125 0)
(3.14300590125 2.53515625 0)
(3.14300590125 2.5546875 0)
(3.14300590125 2.57421875 0)
(3.14300590125 2.578125 0)
(3.14300590125 2.59375 0)
(3.14300590125 2.61328125 0)
(3.14300590125 2.625 0)
(3.14300590125 2.6328125 0)
(3.14300590125 2.65234375 0)
(3.14300590125 2.671875 0)
(3.14300590125 2.69140625 0)
(3.14300590125 2.7109375 0)
(3.14300590125 2.71875 0)
(3.16015625 0.25 0)
(3.16015625 0.26953125 0)
(3.16015625 0.2890625 0)
(3.16015625 0.30859375 0)
(3.16015625 0.328125 0)
(3.16015625 0.34765625 0)
(3.16015625 0.3671875 0)
(3.16015625 0.38671875 0)
(3.16015625 0.40625 0)
(3.16015625 0.42578125 0)
(3.16015625 0.4453125 0)
(3.16015625 0.46484375 0)
(3.16015625 0.484375 0)
(3.16015625 0.50390625 0)
(3.16015625 0.5234375 0)
(3.16015625 0.54296875 0)
(3.16015625 0.5625 0)
(3.16015625 0.58203125 0)
(3.16015625 0.6015625 0)
(3.16015625 0.62109375 0)
(3.16015625 0.640625 0)
(3.16015625 0.66015625 0)
(3.16015625 0.6796875 0)
(3.16015625 0.69921875 0)
(3.16015625 0.71875 0)
(3.16015625 0.73828125 0)
(3.16015625 0.7578125 0)
(3.16015625 0.77734375 0)
(3.16015625 0.796875 0)
(3.16015625 0.81640625 0)
(3.16015625 0.8359375 0)
(3.16015625 0.85546875 0)
(3.16015625 0.875 0)
(3.16015625 0.89453125 0)
(3.16015625 0.9140625 0)
(3.16015625 0.93359375 0)
(3.16015625 0.953125 0)
(3.16015625 0.97265625 0)
(3.16015625 0.9921875 0)
(3.16015625 1.01171875 0)
(3.16015625 1.03125 0)
(3.16015625 1.05078125 0)
(3.16015625 1.0703125 0)
(3.16015625 1.08984375 0)
(3.16015625 1.109375 0)
(3.16015625 1.12890625 0)
(3.16015625 1.1484375 0)
(3.16015625 1.16796875 0)
(3.16015625 1.1875 0)
(3.16015625 1.20703125 0)
(3.16015625 1.2265625 0)
(3.16015625 1.24609375 0)
(3.16015625 1.265625 0)
(3.16015625 1.28515625 0)
(3.16015625 1.3046875 0)
(3.16015625 1.32421875 0)
(3.16015625 1.34375 0)
(3.16015625 1.36328125 0)
(3.16015625 1.3828125 0)
(3.16015625 1.40234375 0)
(3.16015625 1.421875 0)
(3.16015625 1.44140625 0)
(3.16015625 1.4609375 0)
(3.16015625 1.48046875 0)
(3.16015625 1.5 0)
(3.16015625 1.51953125 0)
(3.16015625 1.5390625 0)
(3.16015625 1.55859375 0)
(3.16015625 1.578125 0)
(3.16015625 1.59765625 0)
(3.16015625 1.6171875 0)
(3.16015625 1.63671875 0)
(3.16015625 1.65625 0)
(3.16015625 1.67578125 0)
(3.16015625 1.6953125 0)
(3.16015625 1.71484375 0)
(3.16015625 1.734375 0)
(3.16015625 1.75390625 0)
(3.16015625 1.7734375 0)
(3.16015625 1.79296875 0)
(3.16015625 1.8125 0)
(3.16015625 1.83203125 0)
(3.16015625 1.8515625 0)
(3.16015625 1.87109375 0)
(3.16015625 1.890625 0)
(3.16015625 1.91015625 0)
(3.16015625 1.9296875 0)
(3.16015625 1.94921875 0)
(3.16015625 1.96875 0)
(3.16015625 1.98828125 0)
(3.16015625 2.0078125 0)
(3.16015625 2.02734375 0)
(3.16015625 2.046875 0)
(3.16015625 2.06640625 0)
(3.16015625 2.0859375 0)
(3.16015625 2.10546875 0)
(3.16015625 2.125 0)
(3.16015625 2.14453125 0)
(3.16015625 2.1640625 0)
(3.16015625 2.18359375 0)
(3.16015625 2.203125 0)
(3.16015625 2.22265625 0)
(3.16015625 2.2421875 0)
(3.16015625 2.26171875 0)
(3.16015625 2.28125 0)
(3.16015625 2.30078125 0)
(3.16015625 2.3203125 0)
(3.16015625 2.33984375 0)
(3.16015625 2.359375 0)
(3.16015625 2.37890625 0)
(3.16015625 2.3984375 0)
(3.16015625 2.41796875 0)
(3.16015625 2.4375 0)
(3.16015625 2.45703125 0)
(3.16015625 2.4765625 0)
(3.16015625 2.49609375 0)
(3.16015625 2.515625 0)
(3.16015625 2.53515625 0)
(3.16015625 2.5546875 0)
(3.16015625 2.57421875 0)
(3.16015625 2.59375 0)
(3.16015625 2.61328125 0)
(3.16015625 2.6328125 0)
(3.16015625 2.65234375 0)
(3.16015625 2.671875 0)
(3.16015625 2.69140625 0)
(3.16015625 2.7109375 0)
(3.16015625 2.73046875 0)
(3.16015625 2.75 0)
(3.1796875 0.171875 0)
(3.1796875 0.2109375 0)
(3.1796875 0.25 0)
(3.1796875 0.26953125 0)
(3.1796875 0.2890625 0)
(3.1796875 0.30859375 0)
(3.1796875 0.328125 0)
(3.1796875 0.34765625 0)
(3.1796875 0.3671875 0)
(3.1796875 0.38671875 0)
(3.1796875 0.40625 0)
(3.1796875 0.42578125 0)
(3.1796875 0.4453125 0)
(3.1796875 0.46484375 0)
(3.1796875 0.484375 0)
(3.1796875 0.50390625 0)
(3.1796875 0.5234375 0)
(3.1796875 0.54296875 0)
(3.1796875 0.5625 0)
(3.1796875 0.58203125 0)
(3.1796875 0.6015625 0)
(3.1796875 0.62109375 0)
(3.1796875 0.640625 0)
(3.1796875 0.66015625 0)
(3.1796875 0.6796875 0)
(3.1796875 0.69921875 0)
(3.1796875 0.71875 0)
(3.1796875 0.73828125 0)
(3.1796875 0.7578125 0)
(3.1796875 0.77734375 0)
(3.1796875 0.796875 0)
(3.1796875 0.81640625 0)
(3.1796875 0.8359375 0)
(3.1796875 0.85546875 0)
(3.1796875 0.875 0)
(3.1796875 0.89453125 0)
(3.1796875 0.9140625 0)
(3.1796875 0.93359375 0)
(3.1796875 0.953125 0)
(3.1796875 0.97265625 0)
(3.1796875 0.9921875 0)
(3.1796875 1.01171875 0)
(3.1796875 1.03125 0)
(3.1796875 1.05078125 0)
(3.1796875 1.0703125 0)
(3.1796875 1.08984375 0)
(3.1796875 1.109375 0)
(3.1796875 1.12890625 0)
(3.1796875 1.1484375 0)
(3.1796875 1.16796875 0)
(3.1796875 1.1875 0)
(3.1796875 1.20703125 0)
(3.1796875 1.2265625 0)
(3.1796875 1.24609375 0)
(3.1796875 1.265625 0)
(3.1796875 1.28515625 0)
(3.1796875 1.3046875 0)
(3.1796875 1.32421875 0)
(3.1796875 1.34375 0)
(3.1796875 1.36328125 0)
(3.1796875 1.3828125 0)
(3.1796875 1.40234375 0)
(3.1796875 1.421875 0)
(3.1796875 1.44140625 0)
(3.1796875 1.4609375 0)
(3.1796875 1.48046875 0)
(3.1796875 1.5 0)
(3.1796875 1.51953125 0)
(3.1796875 1.5390625 0)
(3.1796875 1.55859375 0)
(3.1796875 1.578125 0)
(3.1796875 1.59765625 0)
(3.1796875 1.6171875 0)
(3.1796875 1.63671875 0)
(3.1796875 1.65625 0)
(3.1796875 1.67578125 0)
(3.1796875 1.6953125 0)
(3.1796875 1.71484375 0)
(3.1796875 1.734375 0)
(3.1796875 1.75390625 0)
(3.1796875 1.7734375 0)
(3.1796875 1.79296875 0)
(3.1796875 1.8125 0)
(3.1796875 1.83203125 0)
(3.1796875 1.8515625 0)
(3.1796875 1.87109375 0)
(3.1796875 1.890625 0)
(3.1796875 1.91015625 0)
(3.1796875 1.9296875 0)
(3.1796875 1.94921875 0)
(3.1796875 1.96875 0)
(3.1796875 1.98828125 0)
(3.1796875 2.0078125 0)
(3.1796875 2.02734375 0)
(3.1796875 2.046875 0)
(3.1796875 2.06640625 0)
(3.1796875 2.0859375 0)
(3.1796875 2.10546875 0)
(3.1796875 2.125 0)
(3.1796875 2.14453125 0)
(3.1796875 2.1640625 0)
(3.1796875 2.18359375 0)
(3.1796875 2.203125 0)
(3.1796875 2.22265625 0)
(3.1796875 2.2421875 0)
(3.1796875 2.26171875 0)
(3.1796875 2.28125 0)
(3.1796875 2.30078125 0)
(3.1796875 2.3203125 0)
(3.1796875 2.33984375 0)
(3.1796875 2.359375 0)
(3.1796875 2.37890625 0)
(3.1796875 2.3984375 0)
(3.1796875 2.41796875 0)
(3.1796875 2.4375 0)
(3.1796875 2.45703125 0)
(3.1796875 2.4765625 0)
(3.1796875 2.49609375 0)
(3.1796875 2.515625 0)
(3.1796875 2.53515625 0)
(3.1796875 2.5546875 0)
(3.1796875 2.57421875 0)
(3.1796875 2.59375 0)
(3.1796875 2.61328125 0)
(3.1796875 2.6328125 0)
(3.1796875 2.65234375 0)
(3.1796875 2.671875 0)
(3.1796875 2.69140625 0)
(3.1796875 2.7109375 0)
(3.1796875 2.73046875 0)
(3.1796875 2.75 0)
(3.1796875 2.7890625 0)
(3.1796875 2.828125 0)
(3.21875 -0.375 0)
(3.21875 -0.21875 0)
(3.21875 -0.0625 0)
(3.21875 0.015625 0)
(3.21875 0.09375 0)
(3.21875 0.171875 0)
(3.21875 0.2109375 0)
(3.21875 0.25 0)
(3.21875 0.2890625 0)
(3.21875 0.328125 0)
(3.21875 0.3671875 0)
(3.21875 0.40625 0)
(3.21875 0.4453125 0)
(3.21875 0.484375 0)
(3.21875 0.5234375 0)
(3.21875 0.5625 0)
(3.21875 0.6015625 0)
(3.21875 0.640625 0)
(3.21875 0.6796875 0)
(3.21875 0.71875 0)
(3.21875 0.7578125 0)
(3.21875 0.796875 0)
(3.21875 0.8359375 0)
(3.21875 0.875 0)
(3.21875 0.9140625 0)
(3.21875 0.953125 0)
(3.21875 0.9921875 0)
(3.21875 1.03125 0)
(3.21875 1.0703125 0)
(3.21875 1.109375 0)
(3.21875 1.1484375 0)
(3.21875 1.1875 0)
(3.21875 1.2265625 0)
(3.21875 1.265625 0)
(3.21875 1.3046875 0)
(3.21875 1.34375 0)
(3.21875 1.3828125 0)
(3.21875 1.421875 0)
(3.21875 1.4609375 0)
(3.21875 1.5 0)
(3.21875 1.5390625 0)
(3.21875 1.578125 0)
(3.21875 1.6171875 0)
(3.21875 1.65625 0)
(3.21875 1.6953125 0)
(3.21875 1.734375 0)
(3.21875 1.7734375 0)
(3.21875 1.8125 0)
(3.21875 1.8515625 0)
(3.21875 1.890625 0)
(3.21875 1.9296875 0)
(3.21875 1.96875 0)
(3.21875 2.0078125 0)
(3.21875 2.046875 0)
(3.21875 2.0859375 0)
(3.21875 2.125 0)
(3.21875 2.1640625 0)
(3.21875 2.203125 0)
(3.21875 2.2421875 0)
(3.21875 2.28125 0)
(3.21875 2.3203125 0)
(3.21875 2.359375 0)
(3.21875 2.3984375 0)
(3.21875 2.4375 0)
(3.21875 2.4765625 0)
(3.21875 2.515625 0)
(3.21875 2.5546875 0)
(3.21875 2.59375 0)
(3.21875 2.6328125 0)
(3.21875 2.671875 0)
(3.21875 2.7109375 0)
(3.21875 2.75 0)
(3.21875 2.7890625 0)
(3.21875 2.828125 0)
(3.21875 2.90625 0)
(3.21875 2.984375 0)
(3.21875 3.0625 0)
(3.21875 3.21875 0)
(3.21875 3.375 0)
(3.296875 0.09375 0)
(3.296875 0.171875 0)
(3.296875 0.25 0)
(3.296875 0.328125 0)
(3.296875 0.40625 0)
(3.296875 0.484375 0)
(3.296875 0.5625 0)
(3.296875 0.640625 0)
(3.296875 0.71875 0)
(3.296875 0.796875 0)
(3.296875 0.875 0)
(3.296875 0.953125 0)
(3.296875 1.03125 0)
(3.296875 1.109375 0)
(3.296875 1.1875 0)
(3.296875 1.265625 0)
(3.296875 1.34375 0)
(3.296875 1.421875 0)
(3.296875 1.5 0)
(3.296875 1.578125 0)
(3.296875 1.65625 0)
(3.296875 1.734375 0)
(3.296875 1.8125 0)
(3.296875 1.890625 0)
(3.296875 1.96875 0)
(3.296875 2.046875 0)
(3.296875 2.125 0)
(3.296875 2.203125 0)
(3.296875 2.28125 0)
(3.296875 2.359375 0)
(3.296875 2.4375 0)
(3.296875 2.515625 0)
(3.296875 2.59375 0)
(3.296875 2.671875 0)
(3.296875 2.75 0)
(3.296875 2.828125 0)
(3.296875 2.90625 0)
(3.375 -1 0)
(3.375 -0.6875 0)
(3.375 -0.375 0)
(3.375 -0.21875 0)
(3.375 -0.0625 0)
(3.375 0.09375 0)
(3.375 0.171875 0)
(3.375 0.25 0)
(3.375 0.328125 0)
(3.375 0.40625 0)
(3.375 0.484375 0)
(3.375 0.5625 0)
(3.375 0.640625 0)
(3.375 0.71875 0)
(3.375 0.796875 0)
(3.375 0.875 0)
(3.375 0.953125 0)
(3.375 1.03125 0)
(3.375 1.109375 0)
(3.375 1.1875 0)
(3.375 1.265625 0)
(3.375 1.34375 0)
(3.375 1.421875 0)
(3.375 1.5 0)
(3.375 1.578125 0)
(3.375 1.65625 0)
(3.375 1.734375 0)
(3.375 1.8125 0)
(3.375 1.890625 0)
(3.375 1.96875 0)
(3.375 2.046875 0)
(3.375 2.125 0)
(3.375 2.203125 0)
(3.375 2.28125 0)
(3.375 2.359375 0)
(3.375 2.4375 0)
(3.375 2.515625 0)
(3.375 2.59375 0)
(3.375 2.671875 0)
(3.375 2.75 0)
(3.375 2.828125 0)
(3.375 2.90625 0)
(3.375 3.0625 0)
(3.375 3.21875 0)
(3.375 3.375 0)
(3.375 3.6875 0)
(3.375 4 0)
(3.53125 -0.0625 0)
(3.53125 0.09375 0)
(3.53125 0.25 0)
(3.53125 0.40625 0)
(3.53125 0.5625 0)
(3.53125 0.71875 0)
(3.53125 0.875 0)
(3.53125 1.03125 0)
(3.53125 1.1875 0)
(3.53125 1.34375 0)
(3.53125 1.5 0)
(3.53125 1.65625 0)
(3.53125 1.8125 0)
(3.53125 1.96875 0)
(3.53125 2.125 0)
(3.53125 2.28125 0)
(3.53125 2.4375 0)
(3.53125 2.59375 0)
(3.53125 2.75 0)
(3.53125 2.90625 0)
(3.53125 3.0625 0)
(3.6875 -0.375 0)
(3.6875 -0.0625 0)
(3.6875 0.09375 0)
(3.6875 0.25 0)
(3.6875 0.40625 0)
(3.6875 0.5625 0)
(3.6875 0.71875 0)
(3.6875 0.875 0)
(3.6875 1.03125 0)
(3.6875 1.1875 0)
(3.6875 1.34375 0)
(3.6875 1.5 0)
(3.6875 1.65625 0)
(3.6875 1.8125 0)
(3.6875 1.96875 0)
(3.6875 2.125 0)
(3.6875 2.28125 0)
(3.6875 2.4375 0)
(3.6875 2.59375 0)
(3.6875 2.75 0)
(3.6875 2.90625 0)
(3.6875 3.0625 0)
(3.6875 3.375 0)
(4 -1 0)
(4 -0.375 0)
(4 -0.0625 0)
(4 0.25 0)
(4 0.5625 0)
(4 0.875 0)
(4 1.1875 0)
(4 1.5 0)
(4 1.8125 0)
(4 2.125 0)
(4 2.4375 0)
(4 2.75 0)
(4 3.0625 0)
(4 3.375 0)
(4 4 0)
(-1 -1 0.01)
(-1 -0.375 0.01)
(-1 -0.0625 0.01)
(-1 0.25 0.01)
(-1 0.5625 0.01)
(-1 0.875 0.01)
(-1 1.1875 0.01)
(-1 1.5 0.01)
(-1 1.8125 0.01)
(-1 2.125 0.01)
(-1 2.4375 0.01)
(-1 2.75 0.01)
(-1 3.0625 0.01)
(-1 3.375 0.01)
(-1 4 0.01)
(-0.6875 -0.375 0.01)
(-0.6875 -0.0625 0.01)
(-0.6875 0.09375 0.01)
(-0.6875 0.25 0.01)
(-0.6875 0.40625 0.01)
(-0.6875 0.5625 0.01)
(-0.6875 0.71875 0.01)
(-0.6875 0.875 0.01)
(-0.6875 1.03125 0.01)
(-0.6875 1.1875 0.01)
(-0.6875 1.34375 0.01)
(-0.6875 1.5 0.01)
(-0.6875 1.65625 0.01)
(-0.6875 1.8125 0.01)
(-0.6875 1.96875 0.01)
(-0.6875 2.125 0.01)
(-0.6875 2.28125 0.01)
(-0.6875 2.4375 0.01)
(-0.6875 2.59375 0.01)
(-0.6875 2.75 0.01)
(-0.6875 2.90625 0.01)
(-0.6875 3.0625 0.01)
(-0.6875 3.375 0.01)
(-0.53125 -0.0625 0.01)
(-0.53125 0.09375 0.01)
(-0.53125 0.25 0.01)
(-0.53125 0.40625 0.01)
(-0.53125 0.5625 0.01)
(-0.53125 0.71875 0.01)
(-0.53125 0.875 0.01)
(-0.53125 1.03125 0.01)
(-0.53125 1.1875 0.01)
(-0.53125 1.34375 0.01)
(-0.53125 1.5 0.01)
(-0.53125 1.65625 0.01)
(-0.53125 1.8125 0.01)
(-0.53125 1.96875 0.01)
(-0.53125 2.125 0.01)
(-0.53125 2.28125 0.01)
(-0.53125 2.4375 0.01)
(-0.53125 2.59375 0.01)
(-0.53125 2.75 0.01)
(-0.53125 2.90625 0.01)
(-0.53125 3.0625 0.01)
(-0.375 -1 0.01)
(-0.375 -0.6875 0.01)
(-0.375 -0.375 0.01)
(-0.375 -0.21875 0.01)
(-0.375 -0.0625 0.01)
(-0.375 0.09375 0.01)
(-0.375 0.171875 0.01)
(-0.375 0.25 0.01)
(-0.375 0.328125 0.01)
(-0.375 0.40625 0.01)
(-0.375 0.484375 0.01)
(-0.375 0.5625 0.01)
(-0.375 0.640625 0.01)
(-0.375 0.71875 0.01)
(-0.375 0.796875 0.01)
(-0.375 0.875 0.01)
(-0.375 0.953125 0.01)
(-0.375 1.03125 0.01)
(-0.375 1.109375 0.01)
(-0.375 1.1875 0.01)
(-0.375 1.265625 0.01)
(-0.375 1.34375 0.01)
(-0.375 1.421875 0.01)
(-0.375 1.5 0.01)
(-0.375 1.578125 0.01)
(-0.375 1.65625 0.01)
(-0.375 1.734375 0.01)
(-0.375 1.8125 0.01)
(-0.375 1.890625 0.01)
(-0.375 1.96875 0.01)
(-0.375 2.046875 0.01)
(-0.375 2.125 0.01)
(-0.375 2.203125 0.01)
(-0.375 2.28125 0.01)
(-0.375 2.359375 0.01)
(-0.375 2.4375 0.01)
(-0.375 2.515625 0.01)
(-0.375 2.59375 0.01)
(-0.375 2.671875 0.01)
(-0.375 2.75 0.01)
(-0.375 2.828125 0.01)
(-0.375 2.90625 0.01)
(-0.375 3.0625 0.01)
(-0.375 3.21875 0.01)
(-0.375 3.375 0.01)
(-0.375 3.6875 0.01)
(-0.375 4 0.01)
(-0.296875 0.09375 0.01)
(-0.296875 0.171875 0.01)
(-0.296875 0.25 0.01)
(-0.296875 0.328125 0.01)
(-0.296875 0.40625 0.01)
(-0.296875 0.484375 0.01)
(-0.296875 0.5625 0.01)
(-0.296875 0.640625 0.01)
(-0.296875 0.71875 0.01)
(-0.296875 0.796875 0.01)
(-0.296875 0.875 0.01)
(-0.296875 0.953125 0.01)
(-0.296875 1.03125 0.01)
(-0.296875 1.109375 0.01)
(-0.296875 1.1875 0.01)
(-0.296875 1.265625 0.01)
(-0.296875 1.34375 0.01)
(-0.296875 1.421875 0.01)
(-0.296875 1.5 0.01)
(-0.296875 1.578125 0.01)
(-0.296875 1.65625 0.01)
(-0.296875 1.734375 0.01)
(-0.296875 1.8125 0.01)
(-0.296875 1.890625 0.01)
(-0.296875 1.96875 0.01)
(-0.296875 2.046875 0.01)
(-0.296875 2.125 0.01)
(-0.296875 2.203125 0.01)
(-0.296875 2.28125 0.01)
(-0.296875 2.359375 0.01)
(-0.296875 2.4375 0.01)
(-0.296875 2.515625 0.01)
(-0.296875 2.59375 0.01)
(-0.296875 2.671875 0.01)
(-0.296875 2.75 0.01)
(-0.296875 2.828125 0.01)
(-0.296875 2.90625 0.01)
(-0.21875 -0.375 0.01)
(-0.21875 -0.21875 0.01)
(-0.21875 -0.0625 0.01)
(-0.21875 0.015625 0.01)
(-0.21875 0.09375 0.01)
(-0.21875 0.171875 0.01)
(-0.21875 0.2109375 0.01)
(-0.21875 0.25 0.01)
(-0.21875 0.2890625 0.01)
(-0.21875 0.328125 0.01)
(-0.21875 0.3671875 0.01)
(-0.21875 0.40625 0.01)
(-0.21875 0.4453125 0.01)
(-0.21875 0.484375 0.01)
(-0.21875 0.5234375 0.01)
(-0.21875 0.5625 0.01)
(-0.21875 0.6015625 0.01)
(-0.21875 0.640625 0.01)
(-0.21875 0.6796875 0.01)
(-0.21875 0.71875 0.01)
(-0.21875 0.7578125 0.01)
(-0.21875 0.796875 0.01)
(-0.21875 0.8359375 0.01)
(-0.21875 0.875 0.01)
(-0.21875 0.9140625 0.01)
(-0.21875 0.953125 0.01)
(-0.21875 0.9921875 0.01)
(-0.21875 1.03125 0.01)
(-0.21875 1.0703125 0.01)
(-0.21875 1.109375 0.01)
(-0.21875 1.1484375 0.01)
(-0.21875 1.1875 0.01)
(-0.21875 1.2265625 0.01)
(-0.21875 1.265625 0.01)
(-0.21875 1.3046875 0.01)
(-0.21875 1.34375 0.01)
(-0.21875 1.3828125 0.01)
(-0.21875 1.421875 0.01)
(-0.21875 1.4609375 0.01)
(-0.21875 1.5 0.01)
(-0.21875 1.5390625 0.01)
(-0.21875 1.578125 0.01)
(-0.21875 1.6171875 0.01)
(-0.21875 1.65625 0.01)
(-0.21875 1.6953125 0.01)
(-0.21875 1.734375 0.01)
(-0.21875 1.7734375 0.01)
(-0.21875 1.8125 0.01)
(-0.21875 1.8515625 0.01)
(-0.21875 1.890625 0.01)
(-0.21875 1.9296875 0.01)
(-0.21875 1.96875 0.01)
(-0.21875 2.0078125 0.01)
(-0.21875 2.046875 0.01)
(-0.21875 2.0859375 0.01)
(-0.21875 2.125 0.01)
(-0.21875 2.1640625 0.01)
(-0.21875 2.203125 0.01)
(-0.21875 2.2421875 0.01)
(-0.21875 2.28125 0.01)
(-0.21875 2.3203125 0.01)
(-0.21875 2.359375 0.01)
(-0.21875 2.3984375 0.01)
(-0.21875 2.4375 0.01)
(-0.21875 2.4765625 0.01)
(-0.21875 2.515625 0.01)
(-0.21875 2.5546875 0.01)
(-0.21875 2.59375 0.01)
(-0.21875 2.6328125 0.01)
(-0.21875 2.671875 0.01)
(-0.21875 2.7109375 0.01)
(-0.21875 2.75 0.01)
(-0.21875 2.7890625 0.01)
(-0.21875 2.828125 0.01)
(-0.21875 2.90625 0.01)
(-0.21875 2.984375 0.01)
(-0.21875 3.0625 0.01)
(-0.21875 3.21875 0.01)
(-0.21875 3.375 0.01)
(-0.1796875 0.171875 0.01)
(-0.1796875 0.2109375 0.01)
(-0.1796875 0.25 0.01)
(-0.1796875 0.26953125 0.01)
(-0.1796875 0.2890625 0.01)
(-0.1796875 0.30859375 0.01)
(-0.1796875 0.328125 0.01)
(-0.1796875 0.34765625 0.01)
(-0.1796875 0.3671875 0.01)
(-0.1796875 0.38671875 0.01)
(-0.1796875 0.40625 0.01)
(-0.1796875 0.42578125 0.01)
(-0.1796875 0.4453125 0.01)
(-0.1796875 0.46484375 0.01)
(-0.1796875 0.484375 0.01)
(-0.1796875 0.50390625 0.01)
(-0.1796875 0.5234375 0.01)
(-0.1796875 0.54296875 0.01)
(-0.1796875 0.5625 0.01)
(-0.1796875 0.58203125 0.01)
(-0.1796875 0.6015625 0.01)
(-0.1796875 0.62109375 0.01)
(-0.1796875 0.640625 0.01)
(-0.1796875 0.66015625 0.01)
(-0.1796875 0.6796875 0.01)
(-0.1796875 0.69921875 0.01)
(-0.1796875 0.71875 0.01)
(-0.1796875 0.73828125 0.01)
(-0.1796875 0.7578125 0.01)
(-0.1796875 0.77734375 0.01)
(-0.1796875 0.796875 0.01)
(-0.1796875 0.81640625 0.01)
(-0.1796875 0.8359375 0.01)
(-0.1796875 0.85546875 0.01)
(-0.1796875 0.875 0.01)
(-0.1796875 0.89453125 0.01)
(-0.1796875 0.9140625 0.01)
(-0.1796875 0.93359375 0.01)
(-0.1796875 0.953125 0.01)
(-0.1796875 0.97265625 0.01)
(-0.1796875 0.9921875 0.01)
(-0.1796875 1.01171875 0.01)
(-0.1796875 1.03125 0.01)
(-0.1796875 1.05078125 0.01)
(-0.1796875 1.0703125 0.01)
(-0.1796875 1.08984375 0.01)
(-0.1796875 1.109375 0.01)
(-0.1796875 1.12890625 0.01)
(-0.1796875 1.1484375 0.01)
(-0.1796875 1.16796875 0.01)
(-0.1796875 1.1875 0.01)
(-0.1796875 1.20703125 0.01)
(-0.1796875 1.2265625 0.01)
(-0.1796875 1.24609375 0.01)
(-0.1796875 1.265625 0.01)
(-0.1796875 1.28515625 0.01)
(-0.1796875 1.3046875 0.01)
(-0.1796875 1.32421875 0.01)
(-0.1796875 1.34375 0.01)
(-0.1796875 1.36328125 0.01)
(-0.1796875 1.3828125 0.01)
(-0.1796875 1.40234375 0.01)
(-0.1796875 1.421875 0.01)
(-0.1796875 1.44140625 0.01)
(-0.1796875 1.4609375 0.01)
(-0.1796875 1.48046875 0.01)
(-0.1796875 1.5 0.01)
(-0.1796875 1.51953125 0.01)
(-0.1796875 1.5390625 0.01)
(-0.1796875 1.55859375 0.01)
(-0.1796875 1.578125 0.01)
(-0.1796875 1.59765625 0.01)
(-0.1796875 1.6171875 0.01)
(-0.1796875 1.63671875 0.01)
(-0.1796875 1.65625 0.01)
(-0.1796875 1.67578125 0.01)
(-0.1796875 1.6953125 0.01)
(-0.1796875 1.71484375 0.01)
(-0.1796875 1.734375 0.01)
(-0.1796875 1.75390625 0.01)
(-0.1796875 1.7734375 0.01)
(-0.1796875 1.79296875 0.01)
(-0.1796875 1.8125 0.01)
(-0.1796875 1.83203125 0.01)
(-0.1796875 1.8515625 0.01)
(-0.1796875 1.87109375 0.01)
(-0.1796875 1.890625 0.01)
(-0.1796875 1.91015625 0.01)
(-0.1796875 1.9296875 0.01)
(-0.1796875 1.94921875 0.01)
(-0.1796875 1.96875 0.01)
(-0.1796875 1.98828125 0.01)
(-0.1796875 2.0078125 0.01)
(-0.1796875 2.02734375 0.01)
(-0.1796875 2.046875 0.01)
(-0.1796875 2.06640625 0.01)
(-0.1796875 2.0859375 0.01)
(-0.1796875 2.10546875 0.01)
(-0.1796875 2.125 0.01)
(-0.1796875 2.14453125 0.01)
(-0.1796875 2.1640625 0.01)
(-0.1796875 2.18359375 0.01)
(-0.1796875 2.203125 0.01)
(-0.1796875 2.22265625 0.01)
(-0.1796875 2.2421875 0.01)
(-0.1796875 2.26171875 0.01)
(-0.1796875 2.28125 0.01)
(-0.1796875 2.30078125 0.01)
(-0.1796875 2.3203125 0.01)
(-0.1796875 2.33984375 0.01)
(-0.1796875 2.359375 0.01)
(-0.1796875 2.37890625 0.01)
(-0.1796875 2.3984375 0.01)
(-0.1796875 2.41796875 0.01)
(-0.1796875 2.4375 0.01)
(-0.1796875 2.45703125 0.01)
(-0.1796875 2.4765625 0.01)
(-0.1796875 2.49609375 0.01)
(-0.1796875 2.515625 0.01)
(-0.1796875 2.53515625 0.01)
(-0.1796875 2.5546875 0.01)
(-0.1796875 2.57421875 0.01)
(-0.1796875 2.59375 0.01)
(-0.1796875 2.61328125 0.01)
(-0.1796875 2.6328125 0.01)
(-0.1796875 2.65234375 0.01)
(-0.1796875 2.671875 0.01)
(-0.1796875 2.69140625 0.01)
(-0.1796875 2.7109375 0.01)
(-0.1796875 2.73046875 0.01)
(-0.1796875 2.75 0.01)
(-0.1796875 2.7890625 0.01)
(-0.1796875 2.828125 0.01)
(-0.16015625 0.25 0.01)
(-0.16015625 0.26953125 0.01)
(-0.16015625 0.2890625 0.01)
(-0.16015625 0.30859375 0.01)
(-0.16015625 0.328125 0.01)
(-0.16015625 0.34765625 0.01)
(-0.16015625 0.3671875 0.01)
(-0.16015625 0.38671875 0.01)
(-0.16015625 0.40625 0.01)
(-0.16015625 0.42578125 0.01)
(-0.16015625 0.4453125 0.01)
(-0.16015625 0.46484375 0.01)
(-0.16015625 0.484375 0.01)
(-0.16015625 0.50390625 0.01)
(-0.16015625 0.5234375 0.01)
(-0.16015625 0.54296875 0.01)
(-0.16015625 0.5625 0.01)
(-0.16015625 0.58203125 0.01)
(-0.16015625 0.6015625 0.01)
(-0.16015625 0.62109375 0.01)
(-0.16015625 0.640625 0.01)
(-0.16015625 0.66015625 0.01)
(-0.16015625 0.6796875 0.01)
(-0.16015625 0.69921875 0.01)
(-0.16015625 0.71875 0.01)
(-0.16015625 0.73828125 0.01)
(-0.16015625 0.7578125 0.01)
(-0.16015625 0.77734375 0.01)
(-0.16015625 0.796875 0.01)
(-0.16015625 0.81640625 0.01)
(-0.16015625 0.8359375 0.01)
(-0.16015625 0.85546875 0.01)
(-0.16015625 0.875 0.01)
(-0.16015625 0.89453125 0.01)
(-0.16015625 0.9140625 0.01)
(-0.16015625 0.93359375 0.01)
(-0.16015625 0.953125 0.01)
(-0.16015625 0.97265625 0.01)
(-0.16015625 0.9921875 0.01)
(-0.16015625 1.01171875 0.01)
(-0.16015625 1.03125 0.01)
(-0.16015625 1.05078125 0.01)
(-0.16015625 1.0703125 0.01)
(-0.16015625 1.08984375 0.01)
(-0.16015625 1.109375 0.01)
(-0.16015625 1.12890625 0.01)
(-0.16015625 1.1484375 0.01)
(-0.16015625 1.16796875 0.01)
(-0.16015625 1.1875 0.01)
(-0.16015625 1.20703125 0.01)
(-0.16015625 1.2265625 0.01)
(-0.16015625 1.24609375 0.01)
(-0.16015625 1.265625 0.01)
(-0.16015625 1.28515625 0.01)
(-0.16015625 1.3046875 0.01)
(-0.16015625 1.32421875 0.01)
(-0.16015625 1.34375 0.01)
(-0.16015625 1.36328125 0.01)
(-0.16015625 1.3828125 0.01)
(-0.16015625 1.40234375 0.01)
(-0.16015625 1.421875 0.01)
(-0.16015625 1.44140625 0.01)
(-0.16015625 1.4609375 0.01)
(-0.16015625 1.48046875 0.01)
(-0.16015625 1.5 0.01)
(-0.16015625 1.51953125 0.01)
(-0.16015625 1.5390625 0.01)
(-0.16015625 1.55859375 0.01)
(-0.16015625 1.578125 0.01)
(-0.16015625 1.59765625 0.01)
(-0.16015625 1.6171875 0.01)
(-0.16015625 1.63671875 0.01)
(-0.16015625 1.65625 0.01)
(-0.16015625 1.67578125 0.01)
(-0.16015625 1.6953125 0.01)
(-0.16015625 1.71484375 0.01)
(-0.16015625 1.734375 0.01)
(-0.16015625 1.75390625 0.01)
(-0.16015625 1.7734375 0.01)
(-0.16015625 1.79296875 0.01)
(-0.16015625 1.8125 0.01)
(-0.16015625 1.83203125 0.01)
(-0.16015625 1.8515625 0.01)
(-0.16015625 1.87109375 0.01)
(-0.16015625 1.890625 0.01)
(-0.16015625 1.91015625 0.01)
(-0.16015625 1.9296875 0.01)
(-0.16015625 1.94921875 0.01)
(-0.16015625 1.96875 0.01)
(-0.16015625 1.98828125 0.01)
(-0.16015625 2.0078125 0.01)
(-0.16015625 2.02734375 0.01)
(-0.16015625 2.046875 0.01)
(-0.16015625 2.06640625 0.01)
(-0.16015625 2.0859375 0.01)
(-0.16015625 2.10546875 0.01)
(-0.16015625 2.125 0.01)
(-0.16015625 2.14453125 0.01)
(-0.16015625 2.1640625 0.01)
(-0.16015625 2.18359375 0.01)
(-0.16015625 2.203125 0.01)
(-0.16015625 2.22265625 0.01)
(-0.16015625 2.2421875 0.01)
(-0.16015625 2.26171875 0.01)
(-0.16015625 2.28125 0.01)
(-0.16015625 2.30078125 0.01)
(-0.16015625 2.3203125 0.01)
(-0.16015625 2.33984375 0.01)
(-0.16015625 2.359375 0.01)
(-0.16015625 2.37890625 0.01)
(-0.16015625 2.3984375 0.01)
(-0.16015625 2.41796875 0.01)
(-0.16015625 2.4375 0.01)
(-0.16015625 2.45703125 0.01)
(-0.16015625 2.4765625 0.01)
(-0.16015625 2.49609375 0.01)
(-0.16015625 2.515625 0.01)
(-0.16015625 2.53515625 0.01)
(-0.16015625 2.5546875 0.01)
(-0.16015625 2.57421875 0.01)
(-0.16015625 2.59375 0.01)
(-0.16015625 2.61328125 0.01)
(-0.16015625 2.6328125 0.01)
(-0.16015625 2.65234375 0.01)
(-0.16015625 2.671875 0.01)
(-0.16015625 2.69140625 0.01)
(-0.16015625 2.7109375 0.01)
(-0.16015625 2.73046875 0.01)
(-0.16015625 2.75 0.01)
(-0.14300590124999996 0.28125 0.01)
(-0.14300590124999996 0.2890625 0.01)
(-0.14300590124999996 0.30859375 0.01)
(-0.14300590124999996 0.328125 0.01)
(-0.14300590124999996 0.34765625 0.01)
(-0.14300590124999996 0.3671875 0.01)
(-0.14300590124999996 0.375 0.01)
(-0.14300590124999996 0.38671875 0.01)
(-0.14300590124999996 0.40625 0.01)
(-0.14300590124999996 0.421875 0.01)
(-0.14300590124999996 0.42578125 0.01)
(-0.14300590124999996 0.4453125 0.01)
(-0.14300590124999996 0.46484375 0.01)
(-0.14300590124999996 0.46875 0.01)
(-0.14300590124999996 0.484375 0.01)
(-0.14300590124999996 0.50390625 0.01)
(-0.14300590124999996 0.515625 0.01)
(-0.14300590124999996 0.5234375 0.01)
(-0.14300590124999996 0.54296875 0.01)
(-0.14300590124999996 0.5625 0.01)
(-0.14300590124999996 0.58203125 0.01)
(-0.14300590124999996 0.6015625 0.01)
(-0.14300590124999996 0.609375 0.01)
(-0.14300590124999996 0.62109375 0.01)
(-0.14300590124999996 0.640625 0.01)
(-0.14300590124999996 0.65625 0.01)
(-0.14300590124999996 0.66015625 0.01)
(-0.14300590124999996 0.6796875 0.01)
(-0.14300590124999996 0.69921875 0.01)
(-0.14300590124999996 0.703125 0.01)
(-0.14300590124999996 0.71875 0.01)
(-0.14300590124999996 0.73828125 0.01)
(-0.14300590124999996 0.75 0.01)
(-0.14300590124999996 0.7578125 0.01)
(-0.14300590124999996 0.77734375 0.01)
(-0.14300590124999996 0.796875 0.01)
(-0.14300590124999996 0.81640625 0.01)
(-0.14300590124999996 0.8359375 0.01)
(-0.14300590124999996 0.84375 0.01)
(-0.14300590124999996 0.85546875 0.01)
(-0.14300590124999996 0.875 0.01)
(-0.14300590124999996 0.890625 0.01)
(-0.14300590124999996 0.89453125 0.01)
(-0.14300590124999996 0.9140625 0.01)
(-0.14300590124999996 0.93359375 0.01)
(-0.14300590124999996 0.9375 0.01)
(-0.14300590124999996 0.953125 0.01)
(-0.14300590124999996 0.97265625 0.01)
(-0.14300590124999996 0.984375 0.01)
(-0.14300590124999996 0.9921875 0.01)
(-0.14300590124999996 1.01171875 0.01)
(-0.14300590124999996 1.03125 0.01)
(-0.14300590124999996 1.05078125 0.01)
(-0.14300590124999996 1.0703125 0.01)
(-0.14300590124999996 1.078125 0.01)
(-0.14300590124999996 1.08984375 0.01)
(-0.14300590124999996 1.109375 0.01)
(-0.14300590124999996 1.125 0.01)
(-0.14300590124999996 1.12890625 0.01)
(-0.14300590124999996 1.1484375 0.01)
(-0.14300590124999996 1.16796875 0.01)
(-0.14300590124999996 1.171875 0.01)
(-0.14300590124999996 1.1875 0.01)
(-0.14300590124999996 1.20703125 0.01)
(-0.14300590124999996 1.21875 0.01)
(-0.14300590124999996 1.2265625 0.01)
(-0.14300590124999996 1.24609375 0.01)
(-0.14300590124999996 1.265625 0.01)
(-0.14300590124999996 1.28515625 0.01)
(-0.14300590124999996 1.3046875 0.01)
(-0.14300590124999996 1.3125 0.01)
(-0.14300590124999996 1.32421875 0.01)
(-0.14300590124999996 1.34375 0.01)
(-0.14300590124999996 1.359375 0.01)
(-0.14300590124999996 1.36328125 0.01)
(-0.14300590124999996 1.3828125 0.01)
(-0.14300590124999996 1.40234375 0.01)
(-0.14300590124999996 1.40625 0.01)
(-0.14300590124999996 1.421875 0.01)
(-0.14300590124999996 1.44140625 0.01)
(-0.14300590124999996 1.453125 0.01)
(-0.14300590124999996 1.4609375 0.01)
(-0.14300590124999996 1.48046875 0.01)
(-0.14300590124999996 1.5 0.01)
(-0.14300590124999996 1.51953125 0.01)
(-0.14300590124999996 1.5390625 0.01)
(-0.14300590124999996 1.546875 0.01)
(-0.14300590124999996 1.55859375 0.01)
(-0.14300590124999996 1.578125 0.01)
(-0.14300590124999996 1.59375 0.01)
(-0.14300590124999996 1.59765625 0.01)
(-0.14300590124999996 1.6171875 0.01)
(-0.14300590124999996 1.63671875 0.01)
(-0.14300590124999996 1.640625 0.01)
(-0.14300590124999996 1.65625 0.01)
(-0.14300590124999996 1.67578125 0.01)
(-0.14300590124999996 1.6875 0.01)
(-0.14300590124999996 1.6953125 0.01)
(-0.14300590124999996 1.71484375 0.01)
(-0.14300590124999996 1.734375 0.01)
(-0.14300590124999996 1.75390625 0.01)
(-0.14300590124999996 1.7734375 0.01)
(-0.14300590124999996 1.78125 0.01)
(-0.14300590124999996 1.79296875 0.01)
(-0.14300590124999996 1.8125 0.01)
(-0.14300590124999996 1.828125 0.01)
(-0.14300590124999996 1.83203125 0.01)
(-0.14300590124999996 1.8515625 0.01)
(-0.14300590124999996 1.87109375 0.01)
(-0.14300590124999996 1.875 0.01)
(-0.14300590124999996 1.890625 0.01)
(-0.14300590124999996 1.91015625 0.01)
(-0.14300590124999996 1.921875 0.01)
(-0.14300590124999996 1.9296875 0.01)
(-0.14300590124999996 1.94921875 0.01)
(-0.14300590124999996 1.96875 0.01)
(-0.14300590124999996 1.98828125 0.01)
(-0.14300590124999996 2.0078125 0.01)
(-0.14300590124999996 2.015625 0.01)
(-0.14300590124999996 2.02734375 0.01)
(-0.14300590124999996 2.046875 0.01)
(-0.14300590124999996 2.0625 0.01)
(-0.14300590124999996 2.06640625 0.01)
(-0.14300590124999996 2.0859375 0.01)
(-0.14300590124999996 2.10546875 0.01)
(-0.14300590124999996 2.109375 0.01)
(-0.14300590124999996 2.125 0.01)
(-0.14300590124999996 2.14453125 0.01)
(-0.14300590124999996 2.15625 0.01)
(-0.14300590124999996 2.1640625 0.01)
(-0.14300590124999996 2.18359375 0.01)
(-0.14300590124999996 2.203125 0.01)
(-0.14300590124999996 2.22265625 0.01)
(-0.14300590124999996 2.2421875 0.01)
(-0.14300590124999996 2.25 0.01)
(-0.14300590124999996 2.26171875 0.01)
(-0.14300590124999996 2.28125 0.01)
(-0.14300590124999996 2.296875 0.01)
(-0.14300590124999996 2.30078125 0.01)
(-0.14300590124999996 2.3203125 0.01)
(-0.14300590124999996 2.33984375 0.01)
(-0.14300590124999996 2.34375 0.01)
(-0.14300590124999996 2.359375 0.01)
(-0.14300590124999996 2.37890625 0.01)
(-0.14300590124999996 2.390625 0.01)
(-0.14300590124999996 2.3984375 0.01)
(-0.14300590124999996 2.41796875 0.01)
(-0.14300590124999996 2.4375 0.01)
(-0.14300590124999996 2.45703125 0.01)
(-0.14300590124999996 2.4765625 0.01)
(-0.14300590124999996 2.484375 0.01)
(-0.14300590124999996 2.49609375 0.01)
(-0.14300590124999996 2.515625 0.01)
(-0.14300590124999996 2.53125 0.01)
(-0.14300590124999996 2.53515625 0.01)
(-0.14300590124999996 2.5546875 0.01)
(-0.14300590124999996 2.57421875 0.01)
(-0.14300590124999996 2.578125 0.01)
(-0.14300590124999996 2.59375 0.01)
(-0.14300590124999996 2.61328125 0.01)
(-0.14300590124999996 2.625 0.01)
(-0.14300590124999996 2.6328125 0.01)
(-0.14300590124999996 2.65234375 0.01)
(-0.14300590124999996 2.671875 0.01)
(-0.14300590124999996 2.69140625 0.01)
(-0.14300590124999996 2.7109375 0.01)
(-0.14300590124999996 2.71875 0.01)
(-0.140625 -0.0625 0.01)
(-0.140625 0.015625 0.01)
(-0.140625 0.0546875 0.01)
(-0.140625 0.09375 0.01)
(-0.140625 0.1328125 0.01)
(-0.140625 0.171875 0.01)
(-0.140625 0.2109375 0.01)
(-0.140625 0.23046875 0.01)
(-0.140625 0.25 0.01)
(-0.140625 0.26953125 0.01)
(-0.140625 0.28125 0.01)
(-0.140625 2.71875 0.01)
(-0.140625 2.73046875 0.01)
(-0.140625 2.75 0.01)
(-0.140625 2.76953125 0.01)
(-0.140625 2.7890625 0.01)
(-0.140625 2.828125 0.01)
(-0.140625 2.8671875 0.01)
(-0.140625 2.90625 0.01)
(-0.140625 2.9453125 0.01)
(-0.140625 2.984375 0.01)
(-0.140625 3.0625 0.01)
(-0.12109375 0.2109375 0.01)
(-0.12109375 0.23046875 0.01)
(-0.12109375 0.25 0.01)
(-0.12109375 0.26953125 0.01)
(-0.12109375 0.28125 0.01)
(-0.12109375 2.71875 0.01)
(-0.12109375 2.73046875 0.01)
(-0.12109375 2.75 0.01)
(-0.12109375 2.76953125 0.01)
(-0.12109375 2.7890625 0.01)
(-0.10463422499999998 0.234375 0.01)
(-0.10463422499999998 0.25 0.01)
(-0.10463422499999998 0.26953125 0.01)
(-0.10463422499999998 0.28125 0.01)
(-0.10463422499999998 0.328125 0.01)
(-0.10463422499999998 0.375 0.01)
(-0.10463422499999998 0.421875 0.01)
(-0.10463422499999998 0.46875 0.01)
(-0.10463422499999998 0.515625 0.01)
(-0.10463422499999998 0.5625 0.01)
(-0.10463422499999998 0.609375 0.01)
(-0.10463422499999998 0.65625 0.01)
(-0.10463422499999998 0.703125 0.01)
(-0.10463422499999998 0.75 0.01)
(-0.10463422499999998 0.796875 0.01)
(-0.10463422499999998 0.84375 0.01)
(-0.10463422499999998 0.890625 0.01)
(-0.10463422499999998 0.9375 0.01)
(-0.10463422499999998 0.984375 0.01)
(-0.10463422499999998 1.03125 0.01)
(-0.10463422499999998 1.078125 0.01)
(-0.10463422499999998 1.125 0.01)
(-0.10463422499999998 1.171875 0.01)
(-0.10463422499999998 1.21875 0.01)
(-0.10463422499999998 1.265625 0.01)
(-0.10463422499999998 1.3125 0.01)
(-0.10463422499999998 1.359375 0.01)
(-0.10463422499999998 1.40625 0.01)
(-0.10463422499999998 1.453125 0.01)
(-0.10463422499999998 1.5 0.01)
(-0.10463422499999998 1.546875 0.01)
(-0.10463422499999998 1.59375 0.01)
(-0.10463422499999998 1.640625 0.01)
(-0.10463422499999998 1.6875 0.01)
(-0.10463422499999998 1.734375 0.01)
(-0.10463422499999998 1.78125 0.01)
(-0.10463422499999998 1.828125 0.01)
(-0.10463422499999998 1.875 0.01)
(-0.10463422499999998 1.921875 0.01)
(-0.10463422499999998 1.96875 0.01)
(-0.10463422499999998 2.015625 0.01)
(-0.10463422499999998 2.0625 0.01)
(-0.10463422499999998 2.109375 0.01)
(-0.10463422499999998 2.15625 0.01)
(-0.10463422499999998 2.203125 0.01)
(-0.10463422499999998 2.25 0.01)
(-0.10463422499999998 2.296875 0.01)
(-0.10463422499999998 2.34375 0.01)
(-0.10463422499999998 2.390625 0.01)
(-0.10463422499999998 2.4375 0.01)
(-0.10463422499999998 2.484375 0.01)
(-0.10463422499999998 2.53125 0.01)
(-0.10463422499999998 2.578125 0.01)
(-0.10463422499999998 2.625 0.01)
(-0.10463422499999998 2.671875 0.01)
(-0.10463422499999998 2.71875 0.01)
(-0.10463422499999998 2.73046875 0.01)
(-0.10463422499999998 2.75 0.01)
(-0.10463422499999998 2.765625 0.01)
(-0.1015625 0.015625 0.01)
(-0.1015625 0.0546875 0.01)
(-0.1015625 0.09375 0.01)
(-0.1015625 0.1328125 0.01)
(-0.1015625 0.171875 0.01)
(-0.1015625 0.19140625 0.01)
(-0.1015625 0.2109375 0.01)
(-0.1015625 0.23046875 0.01)
(-0.1015625 0.234375 0.01)
(-0.1015625 2.765625 0.01)
(-0.1015625 2.76953125 0.01)
(-0.1015625 2.7890625 0.01)
(-0.1015625 2.80859375 0.01)
(-0.1015625 2.828125 0.01)
(-0.1015625 2.8671875 0.01)
(-0.1015625 2.90625 0.01)
(-0.1015625 2.9453125 0.01)
(-0.1015625 2.984375 0.01)
(-0.08203125 0.171875 0.01)
(-0.08203125 0.19140625 0.01)
(-0.08203125 0.2109375 0.01)
(-0.08203125 0.23046875 0.01)
(-0.08203125 2.76953125 0.01)
(-0.08203125 2.7890625 0.01)
(-0.08203125 2.80859375 0.01)
(-0.08203125 2.828125 0.01)
(-0.07817099999999999 0.1875 0.01)
(-0.07817099999999999 0.19140625 0.01)
(-0.07817099999999999 0.2109375 0.01)
(-0.07817099999999999 0.23046875 0.01)
(-0.07817099999999999 0.234375 0.01)
(-0.07817099999999999 0.28125 0.01)
(-0.07817099999999999 0.328125 0.01)
(-0.07817099999999999 0.375 0.01)
(-0.07817099999999999 0.421875 0.01)
(-0.07817099999999999 0.46875 0.01)
(-0.07817099999999999 0.515625 0.01)
(-0.07817099999999999 0.5625 0.01)
(-0.07817099999999999 0.609375 0.01)
(-0.07817099999999999 0.65625 0.01)
(-0.07817099999999999 0.703125 0.01)
(-0.07817099999999999 0.75 0.01)
(-0.07817099999999999 0.796875 0.01)
(-0.07817099999999999 0.84375 0.01)
(-0.07817099999999999 0.890625 0.01)
(-0.07817099999999999 0.9375 0.01)
(-0.07817099999999999 0.984375 0.01)
(-0.07817099999999999 1.03125 0.01)
(-0.07817099999999999 1.078125 0.01)
(-0.07817099999999999 1.125 0.01)
(-0.07817099999999999 1.171875 0.01)
(-0.07817099999999999 1.21875 0.01)
(-0.07817099999999999 1.265625 0.01)
(-0.07817099999999999 1.3125 0.01)
(-0.07817099999999999 1.359375 0.01)
(-0.07817099999999999 1.40625 0.01)
(-0.07817099999999999 1.453125 0.01)
(-0.07817099999999999 1.5 0.01)
(-0.07817099999999999 1.546875 0.01)
(-0.07817099999999999 1.59375 0.01)
(-0.07817099999999999 1.640625 0.01)
(-0.07817099999999999 1.6875 0.01)
(-0.07817099999999999 1.734375 0.01)
(-0.07817099999999999 1.78125 0.01)
(-0.07817099999999999 1.828125 0.01)
(-0.07817099999999999 1.875 0.01)
(-0.07817099999999999 1.921875 0.01)
(-0.07817099999999999 1.96875 0.01)
(-0.07817099999999999 2.015625 0.01)
(-0.07817099999999999 2.0625 0.01)
(-0.07817099999999999 2.109375 0.01)
(-0.07817099999999999 2.15625 0.01)
(-0.07817099999999999 2.203125 0.01)
(-0.07817099999999999 2.25 0.01)
(-0.07817099999999999 2.296875 0.01)
(-0.07817099999999999 2.34375 0.01)
(-0.07817099999999999 2.390625 0.01)
(-0.07817099999999999 2.4375 0.01)
(-0.07817099999999999 2.484375 0.01)
(-0.07817099999999999 2.53125 0.01)
(-0.07817099999999999 2.578125 0.01)
(-0.07817099999999999 2.625 0.01)
(-0.07817099999999999 2.671875 0.01)
(-0.07817099999999999 2.71875 0.01)
(-0.07817099999999999 2.765625 0.01)
(-0.07817099999999999 2.76953125 0.01)
(-0.07817099999999999 2.7890625 0.01)
(-0.07817099999999999 2.80859375 0.01)
(-0.07817099999999999 2.8125 0.01)
(-0.0625 -1 0.01)
(-0.0625 -0.6875 0.01)
(-0.0625 -0.53125 0.01)
(-0.0625 -0.375 0.01)
(-0.0625 -0.21875 0.01)
(-0.0625 -0.140625 0.01)
(-0.0625 -0.0625 0.01)
(-0.0625 -0.0234375 0.01)
(-0.0625 0.015625 0.01)
(-0.0625 0.03515625 0.01)
(-0.0625 0.0546875 0.01)
(-0.0625 0.07421875 0.01)
(-0.0625 0.09375 0.01)
(-0.0625 0.11328125 0.01)
(-0.0625 0.1328125 0.01)
(-0.0625 0.15234375 0.01)
(-0.0625 0.171875 0.01)
(-0.0625 0.1875 0.01)
(-0.0625 2.8125 0.01)
(-0.0625 2.828125 0.01)
(-0.0625 2.84765625 0.01)
(-0.0625 2.8671875 0.01)
(-0.0625 2.88671875 0.01)
(-0.0625 2.90625 0.01)
(-0.0625 2.92578125 0.01)
(-0.0625 2.9453125 0.01)
(-0.0625 2.96484375 0.01)
(-0.0625 2.984375 0.01)
(-0.0625 3.0234375 0.01)
(-0.0625 3.0625 0.01)
(-0.0625 3.140625 0.01)
(-0.0625 3.21875 0.01)
(-0.0625 3.375 0.01)
(-0.0625 3.53125 0.01)
(-0.0625 3.6875 0.01)
(-0.0625 4 0.01)
(-0.059920499999999995 0.140625 0.01)
(-0.059920499999999995 0.15234375 0.01)
(-0.059920499999999995 0.171875 0.01)
(-0.059920499999999995 0.1875 0.01)
(-0.059920499999999995 0.234375 0.01)
(-0.059920499999999995 0.28125 0.01)
(-0.059920499999999995 0.328125 0.01)
(-0.059920499999999995 0.375 0.01)
(-0.059920499999999995 0.421875 0.01)
(-0.059920499999999995 0.46875 0.01)
(-0.059920499999999995 0.515625 0.01)
(-0.059920499999999995 0.5625 0.01)
(-0.059920499999999995 0.609375 0.01)
(-0.059920499999999995 0.65625 0.01)
(-0.059920499999999995 0.703125 0.01)
(-0.059920499999999995 0.75 0.01)
(-0.059920499999999995 0.796875 0.01)
(-0.059920499999999995 0.84375 0.01)
(-0.059920499999999995 0.890625 0.01)
(-0.059920499999999995 0.9375 0.01)
(-0.059920499999999995 0.984375 0.01)
(-0.059920499999999995 1.03125 0.01)
(-0.059920499999999995 1.078125 0.01)
(-0.059920499999999995 1.125 0.01)
(-0.059920499999999995 1.171875 0.01)
(-0.059920499999999995 1.21875 0.01)
(-0.059920499999999995 1.265625 0.01)
(-0.059920499999999995 1.3125 0.01)
(-0.059920499999999995 1.359375 0.01)
(-0.059920499999999995 1.40625 0.01)
(-0.059920499999999995 1.453125 0.01)
(-0.059920499999999995 1.5 0.01)
(-0.059920499999999995 1.546875 0.01)
(-0.059920499999999995 1.59375 0.01)
(-0.059920499999999995 1.640625 0.01)
(-0.059920499999999995 1.6875 0.01)
(-0.059920499999999995 1.734375 0.01)
(-0.059920499999999995 1.78125 0.01)
(-0.059920499999999995 1.828125 0.01)
(-0.059920499999999995 1.875 0.01)
(-0.059920499999999995 1.921875 0.01)
(-0.059920499999999995 1.96875 0.01)
(-0.059920499999999995 2.015625 0.01)
(-0.059920499999999995 2.0625 0.01)
(-0.059920499999999995 2.109375 0.01)
(-0.059920499999999995 2.15625 0.01)
(-0.059920499999999995 2.203125 0.01)
(-0.059920499999999995 2.25 0.01)
(-0.059920499999999995 2.296875 0.01)
(-0.059920499999999995 2.34375 0.01)
(-0.059920499999999995 2.390625 0.01)
(-0.059920499999999995 2.4375 0.01)
(-0.059920499999999995 2.484375 0.01)
(-0.059920499999999995 2.53125 0.01)
(-0.059920499999999995 2.578125 0.01)
(-0.059920499999999995 2.625 0.01)
(-0.059920499999999995 2.671875 0.01)
(-0.059920499999999995 2.71875 0.01)
(-0.059920499999999995 2.765625 0.01)
(-0.059920499999999995 2.8125 0.01)
(-0.059920499999999995 2.828125 0.01)
(-0.059920499999999995 2.84765625 0.01)
(-0.059920499999999995 2.859375 0.01)
(-0.04296875 0.015625 0.01)
(-0.04296875 0.03515625 0.01)
(-0.04296875 0.0546875 0.01)
(-0.04296875 0.07421875 0.01)
(-0.04296875 0.09375 0.01)
(-0.04296875 2.90625 0.01)
(-0.04296875 2.92578125 0.01)
(-0.04296875 2.9453125 0.01)
(-0.04296875 2.96484375 0.01)
(-0.04296875 2.984375 0.01)
(-0.041669999999999999 0.09375 0.01)
(-0.041669999999999999 0.11328125 0.01)
(-0.041669999999999999 0.1328125 0.01)
(-0.041669999999999999 0.140625 0.01)
(-0.041669999999999999 0.1875 0.01)
(-0.041669999999999999 0.234375 0.01)
(-0.041669999999999999 0.28125 0.01)
(-0.041669999999999999 0.328125 0.01)
(-0.041669999999999999 0.375 0.01)
(-0.041669999999999999 0.421875 0.01)
(-0.041669999999999999 0.46875 0.01)
(-0.041669999999999999 0.515625 0.01)
(-0.041669999999999999 0.5625 0.01)
(-0.041669999999999999 0.609375 0.01)
(-0.041669999999999999 0.65625 0.01)
(-0.041669999999999999 0.703125 0.01)
(-0.041669999999999999 0.75 0.01)
(-0.041669999999999999 0.796875 0.01)
(-0.041669999999999999 0.84375 0.01)
(-0.041669999999999999 0.890625 0.01)
(-0.041669999999999999 0.9375 0.01)
(-0.041669999999999999 0.984375 0.01)
(-0.041669999999999999 1.03125 0.01)
(-0.041669999999999999 1.078125 0.01)
(-0.041669999999999999 1.125 0.01)
(-0.041669999999999999 1.171875 0.01)
(-0.041669999999999999 1.21875 0.01)
(-0.041669999999999999 1.265625 0.01)
(-0.041669999999999999 1.3125 0.01)
(-0.041669999999999999 1.359375 0.01)
(-0.041669999999999999 1.40625 0.01)
(-0.041669999999999999 1.453125 0.01)
(-0.041669999999999999 1.5 0.01)
(-0.041669999999999999 1.546875 0.01)
(-0.041669999999999999 1.59375 0.01)
(-0.041669999999999999 1.640625 0.01)
(-0.041669999999999999 1.6875 0.01)
(-0.041669999999999999 1.734375 0.01)
(-0.041669999999999999 1.78125 0.01)
(-0.041669999999999999 1.828125 0.01)
(-0.041669999999999999 1.875 0.01)
(-0.041669999999999999 1.921875 0.01)
(-0.041669999999999999 1.96875 0.01)
(-0.041669999999999999 2.015625 0.01)
(-0.041669999999999999 2.0625 0.01)
(-0.041669999999999999 2.109375 0.01)
(-0.041669999999999999 2.15625 0.01)
(-0.041669999999999999 2.203125 0.01)
(-0.041669999999999999 2.25 0.01)
(-0.041669999999999999 2.296875 0.01)
(-0.041669999999999999 2.34375 0.01)
(-0.041669999999999999 2.390625 0.01)
(-0.041669999999999999 2.4375 0.01)
(-0.041669999999999999 2.484375 0.01)
(-0.041669999999999999 2.53125 0.01)
(-0.041669999999999999 2.578125 0.01)
(-0.041669999999999999 2.625 0.01)
(-0.041669999999999999 2.671875 0.01)
(-0.041669999999999999 2.71875 0.01)
(-0.041669999999999999 2.765625 0.01)
(-0.041669999999999999 2.8125 0.01)
(-0.041669999999999999 2.859375 0.01)
(-0.041669999999999999 2.8671875 0.01)
(-0.041669999999999999 2.88671875 0.01)
(-0.041669999999999999 2.90625 0.01)
(-0.0258 0.046875 0.01)
(-0.0258 0.0546875 0.01)
(-0.0258 0.07421875 0.01)
(-0.0258 0.09375 0.01)
(-0.0258 0.140625 0.01)
(-0.0258 0.1875 0.01)
(-0.0258 0.234375 0.01)
(-0.0258 0.28125 0.01)
(-0.0258 0.328125 0.01)
(-0.0258 0.375 0.01)
(-0.0258 0.421875 0.01)
(-0.0258 0.46875 0.01)
(-0.0258 0.515625 0.01)
(-0.0258 0.5625 0.01)
(-0.0258 0.609375 0.01)
(-0.0258 0.65625 0.01)
(-0.0258 0.703125 0.01)
(-0.0258 0.75 0.01)
(-0.0258 0.796875 0.01)
(-0.0258 0.84375 0.01)
(-0.0258 0.890625 0.01)
(-0.0258 0.9375 0.01)
(-0.0258 0.984375 0.01)
(-0.0258 1.03125 0.01)
(-0.0258 1.078125 0.01)
(-0.0258 1.125 0.01)
(-0.0258 1.171875 0.01)
(-0.0258 1.21875 0.01)
(-0.0258 1.265625 0.01)
(-0.0258 1.3125 0.01)
(-0.0258 1.359375 0.01)
(-0.0258 1.40625 0.01)
(-0.0258 1.453125 0.01)
(-0.0258 1.5 0.01)
(-0.0258 1.546875 0.01)
(-0.0258 1.59375 0.01)
(-0.0258 1.640625 0.01)
(-0.0258 1.6875 0.01)
(-0.0258 1.734375 0.01)
(-0.0258 1.78125 0.01)
(-0.0258 1.828125 0.01)
(-0.0258 1.875 0.01)
(-0.0258 1.921875 0.01)
(-0.0258 1.96875 0.01)
(-0.0258 2.015625 0.01)
(-0.0258 2.0625 0.01)
(-0.0258 2.109375 0.01)
(-0.0258 2.15625 0.01)
(-0.0258 2.203125 0.01)
(-0.0258 2.25 0.01)
(-0.0258 2.296875 0.01)
(-0.0258 2.34375 0.01)
(-0.0258 2.390625 0.01)
(-0.0258 2.4375 0.01)
(-0.0258 2.484375 0.01)
(-0.0258 2.53125 0.01)
(-0.0258 2.578125 0.01)
(-0.0258 2.625 0.01)
(-0.0258 2.671875 0.01)
(-0.0258 2.71875 0.01)
(-0.0258 2.765625 0.01)
(-0.0258 2.8125 0.01)
(-0.0258 2.859375 0.01)
(-0.0258 2.90625 0.01)
(-0.0258 2.92578125 0.01)
(-0.0258 2.9453125 0.01)
(-0.0258 2.953125 0.01)
(-0.0234375 -0.0625 0.01)
(-0.0234375 -0.0234375 0.01)
(-0.0234375 -0.00390625 0.01)
(-0.0234375 0.015625 0.01)
(-0.0234375 0.03515625 0.01)
(-0.0234375 0.046875 0.01)
(-0.0234375 2.953125 0.01)
(-0.0234375 2.96484375 0.01)
(-0.0234375 2.984375 0.01)
(-0.0234375 3.00390625 0.01)
(-0.0234375 3.0234375 0.01)
(-0.0234375 3.0625 0.01)
(-0.012 -0.012 0.01)
(-0.012 -0.00390625 0.01)
(-0.012 0.015625 0.01)
(-0.012 0.03515625 0.01)
(-0.012 0.046875 0.01)
(-0.012 0.09375 0.01)
(-0.012 0.140625 0.01)
(-0.012 0.1875 0.01)
(-0.012 0.234375 0.01)
(-0.012 0.28125 0.01)
(-0.012 0.328125 0.01)
(-0.012 0.375 0.01)
(-0.012 0.421875 0.01)
(-0.012 0.46875 0.01)
(-0.012 0.515625 0.01)
(-0.012 0.5625 0.01)
(-0.012 0.609375 0.01)
(-0.012 0.65625 0.01)
(-0.012 0.703125 0.01)
(-0.012 0.75 0.01)
(-0.012 0.796875 0.01)
(-0.012 0.84375 0.01)
(-0.012 0.890625 0.01)
(-0.012 0.9375 0.01)
(-0.012 0.984375 0.01)
(-0.012 1.03125 0.01)
(-0.012 1.078125 0.01)
(-0.012 1.125 0.01)
(-0.012 1.171875 0.01)
(-0.012 1.21875 0.01)
(-0.012 1.265625 0.01)
(-0.012 1.3125 0.01)
(-0.012 1.359375 0.01)
(-0.012 1.40625 0.01)
(-0.012 1.453125 0.01)
(-0.012 1.5 0.01)
(-0.012 1.546875 0.01)
(-0.012 1.59375 0.01)
(-0.012 1.640625 0.01)
(-0.012 1.6875 0.01)
(-0.012 1.734375 0.01)
(-0.012 1.78125 0.01)
(-0.012 1.828125 0.01)
(-0.012 1.875 0.01)
(-0.012 1.921875 0.01)
(-0.012 1.96875 0.01)
(-0.012 2.015625 0.01)
(-0.012 2.0625 0.01)
(-0.012 2.109375 0.01)
(-0.012 2.15625 0.01)
(-0.012 2.203125 0.01)
(-0.012 2.25 0.01)
(-0.012 2.296875 0.01)
(-0.012 2.34375 0.01)
(-0.012 2.390625 0.01)
(-0.012 2.4375 0.01)
(-0.012 2.484375 0.01)
(-0.012 2.53125 0.01)
(-0.012 2.578125 0.01)
(-0.012 2.625 0.01)
(-0.012 2.671875 0.01)
(-0.012 2.71875 0.01)
(-0.012 2.765625 0.01)
(-0.012 2.8125 0.01)
(-0.012 2.859375 0.01)
(-0.012 2.90625 0.01)
(-0.012 2.953125 0.01)
(-0.012 2.96484375 0.01)
(-0.012 2.984375 0.01)
(-0.012 3.00390625 0.01)
(-0.012 3.012 0.01)
(-0.00390625 -0.0234375 0.01)
(-0.00390625 -0.012 0.01)
(-0.00390625 3.012 0.01)
(-0.00390625 3.0234375 0.01)
(0 0 0.01)
(0 0.046875 0.01)
(0 0.09375 0.01)
(0 0.140625 0.01)
(0 0.1875 0.01)
(0 0.234375 0.01)
(0 0.28125 0.01)
(0 0.328125 0.01)
(0 0.375 0.01)
(0 0.421875 0.01)
(0 0.46875 0.01)
(0 0.515625 0.01)
(0 0.5625 0.01)
(0 0.609375 0.01)
(0 0.65625 0.01)
(0 0.703125 0.01)
(0 0.75 0.01)
(0 0.796875 0.01)
(0 0.84375 0.01)
(0 0.890625 0.01)
(0 0.9375 0.01)
(0 0.984375 0.01)
(0 1.03125 0.01)
(0 1.078125 0.01)
(0 1.125 0.01)
(0 1.171875 0.01)
(0 1.21875 0.01)
(0 1.265625 0.01)
(0 1.3125 0.01)
(0 1.359375 0.01)
(0 1.40625 0.01)
(0 1.453125 0.01)
(0 1.5 0.01)
(0 1.546875 0.01)
(0 1.59375 0.01)
(0 1.640625 0.01)
(0 1.6875 0.01)
(0 1.734375 0.01)
(0 1.78125 0.01)
(0 1.828125 0.01)
(0 1.875 0.01)
(0 1.921875 0.01)
(0 1.96875 0.01)
(0 2.015625 0.01)
(0 2.0625 0.01)
(0 2.109375 0.01)
(0 2.15625 0.01)
(0 2.203125 0.01)
(0 2.25 0.01)
(0 2.296875 0.01)
(0 2.34375 0.01)
(0 2.390625 0.01)
(0 2.4375 0.01)
(0 2.484375 0.01)
(0 2.53125 0.01)
(0 2.578125 0.01)
(0 2.625 0.01)
(0 2.671875 0.01)
(0 2.71875 0.01)
(0 2.765625 0.01)
(0 2.8125 0.01)
(0 2.859375 0.01)
(0 2.90625 0.01)
(0 2.953125 0.01)
(0 3 0.01)
(0.015625 -0.21875 0.01)
(0.015625 -0.140625 0.01)
(0.015625 -0.1015625 0.01)
(0.015625 -0.0625 0.01)
(0.015625 -0.04296875 0.01)
(0.015625 -0.0234375 0.01)
(0.015625 -0.012 0.01)
(0.015625 3.012 0.01)
(0.015625 3.0234375 0.01)
(0.015625 3.04296875 0.01)
(0.015625 3.0625 0.01)
(0.015625 3.1015625 0.01)
(0.015625 3.140625 0.01)
(0.015625 3.21875 0.01)
(0.03125 3 0.01)
(0.03125 3.012 0.01)
(0.03125 3.0234375 0.01)
(0.03125 3.0257999999999998 0.01)
(0.03515625 -0.0625 0.01)
(0.03515625 -0.04296875 0.01)
(0.03515625 -0.0234375 0.01)
(0.03515625 -0.012 0.01)
(0.03515625 3.0257999999999998 0.01)
(0.03515625 3.04296875 0.01)
(0.03515625 3.0625 0.01)
(0.046875 -0.0258 0.01)
(0.046875 -0.0234375 0.01)
(0.046875 -0.012 0.01)
(0.046875 0 0.01)
(0.0546875 -0.140625 0.01)
(0.0546875 -0.1015625 0.01)
(0.0546875 -0.0625 0.01)
(0.0546875 -0.04296875 0.01)
(0.0546875 -0.0258 0.01)
(0.0546875 3.0257999999999998 0.01)
(0.0546875 3.04296875 0.01)
(0.0546875 3.0625 0.01)
(0.0546875 3.1015625 0.01)
(0.0546875 3.140625 0.01)
(0.0625 3 0.01)
(0.0625 3.012 0.01)
(0.0625 3.0257999999999998 0.01)
(0.0625 3.0416699999999999 0.01)
(0.07421875 -0.0625 0.01)
(0.07421875 -0.04296875 0.01)
(0.07421875 -0.0258 0.01)
(0.07421875 3.0416699999999999 0.01)
(0.07421875 3.04296875 0.01)
(0.07421875 3.0625 0.01)
(0.09375 -0.6875 0.01)
(0.09375 -0.53125 0.01)
(0.09375 -0.375 0.01)
(0.09375 -0.296875 0.01)
(0.09375 -0.21875 0.01)
(0.09375 -0.140625 0.01)
(0.09375 -0.1015625 0.01)
(0.09375 -0.0625 0.01)
(0.09375 -0.04296875 0.01)
(0.09375 -0.041669999999999999 0.01)
(0.09375 -0.0258 0.01)
(0.09375 -0.012 0.01)
(0.09375 0 0.01)
(0.09375 3 0.01)
(0.09375 3.012 0.01)
(0.09375 3.0257999999999998 0.01)
(0.09375 3.0416699999999999 0.01)
(0.09375 3.0599205 0.01)
(0.09375 3.0625 0.01)
(0.09375 3.08203125 0.01)
(0.09375 3.1015625 0.01)
(0.09375 3.140625 0.01)
(0.09375 3.1796875 0.01)
(0.09375 3.21875 0.01)
(0.09375 3.296875 0.01)
(0.09375 3.375 0.01)
(0.09375 3.53125 0.01)
(0.09375 3.6875 0.01)
(0.11328125 -0.0625 0.01)
(0.11328125 -0.041669999999999999 0.01)
(0.11328125 3.0599205 0.01)
(0.11328125 3.0625 0.01)
(0.11328125 3.08203125 0.01)
(0.11328125 3.1015625 0.01)
(0.125 3 0.01)
(0.125 3.012 0.01)
(0.125 3.0257999999999998 0.01)
(0.125 3.0416699999999999 0.01)
(0.125 3.0599205 0.01)
(0.125 3.0781710000000002 0.01)
(0.1328125 -0.140625 0.01)
(0.1328125 -0.1015625 0.01)
(0.1328125 -0.0625 0.01)
(0.1328125 -0.041669999999999999 0.01)
(0.1328125 3.0781710000000002 0.01)
(0.1328125 3.08203125 0.01)
(0.1328125 3.1015625 0.01)
(0.1328125 3.12109375 0.01)
(0.1328125 3.140625 0.01)
(0.1328125 3.1796875 0.01)
(0.1328125 3.21875 0.01)
(0.140625 -0.059920499999999995 0.01)
(0.140625 -0.041669999999999999 0.01)
(0.140625 -0.0258 0.01)
(0.140625 -0.012 0.01)
(0.140625 0 0.01)
(0.15234375 -0.0625 0.01)
(0.15234375 -0.059920499999999995 0.01)
(0.15234375 3.0781710000000002 0.01)
(0.15234375 3.08203125 0.01)
(0.15234375 3.1015625 0.01)
(0.15234375 3.12109375 0.01)
(0.15234375 3.140625 0.01)
(0.15625 3 0.01)
(0.15625 3.012 0.01)
(0.15625 3.0257999999999998 0.01)
(0.15625 3.0416699999999999 0.01)
(0.15625 3.0599205 0.01)
(0.15625 3.0781710000000002 0.01)
(0.15625 3.1015625 0.01)
(0.15625 3.1046342249999999 0.01)
(0.171875 -0.375 0.01)
(0.171875 -0.296875 0.01)
(0.171875 -0.21875 0.01)
(0.171875 -0.1796875 0.01)
(0.171875 -0.140625 0.01)
(0.171875 -0.1015625 0.01)
(0.171875 -0.08203125 0.01)
(0.171875 -0.0625 0.01)
(0.171875 -0.059920499999999995 0.01)
(0.171875 3.1046342249999999 0.01)
(0.171875 3.12109375 0.01)
(0.171875 3.140625 0.01)
(0.171875 3.16015625 0.01)
(0.171875 3.1796875 0.01)
(0.171875 3.21875 0.01)
(0.171875 3.296875 0.01)
(0.171875 3.375 0.01)
(0.1875 -0.07817099999999999 0.01)
(0.1875 -0.0625 0.01)
(0.1875 -0.059920499999999995 0.01)
(0.1875 -0.041669999999999999 0.01)
(0.1875 -0.0258 0.01)
(0.1875 -0.012 0.01)
(0.1875 0 0.01)
(0.1875 3 0.01)
(0.1875 3.012 0.01)
(0.1875 3.0257999999999998 0.01)
(0.1875 3.0416699999999999 0.01)
(0.1875 3.0599205 0.01)
(0.1875 3.0781710000000002 0.01)
(0.1875 3.1046342249999999 0.01)
(0.1875 3.12109375 0.01)
(0.1875 3.140625 0.01)
(0.1875 3.14300590125 0.01)
(0.19140625 -0.1015625 0.01)
(0.19140625 -0.08203125 0.01)
(0.19140625 -0.07817099999999999 0.01)
(0.19140625 3.14300590125 0.01)
(0.19140625 3.16015625 0.01)
(0.19140625 3.1796875 0.01)
(0.2109375 -0.21875 0.01)
(0.2109375 -0.1796875 0.01)
(0.2109375 -0.140625 0.01)
(0.2109375 -0.12109375 0.01)
(0.2109375 -0.1015625 0.01)
(0.2109375 -0.08203125 0.01)
(0.2109375 -0.07817099999999999 0.01)
(0.2109375 3.14300590125 0.01)
(0.2109375 3.16015625 0.01)
(0.2109375 3.1796875 0.01)
(0.2109375 3.21875 0.01)
(0.21875 3 0.01)
(0.21875 3.012 0.01)
(0.21875 3.0257999999999998 0.01)
(0.21875 3.0416699999999999 0.01)
(0.21875 3.0599205 0.01)
(0.21875 3.0781710000000002 0.01)
(0.21875 3.1046342249999999 0.01)
(0.21875 3.14300590125 0.01)
(0.23046875 -0.140625 0.01)
(0.23046875 -0.12109375 0.01)
(0.23046875 -0.1015625 0.01)
(0.23046875 -0.08203125 0.01)
(0.23046875 -0.07817099999999999 0.01)
(0.23046875 3.14300590125 0.01)
(0.23046875 3.16015625 0.01)
(0.23046875 3.1796875 0.01)
(0.234375 -0.10463422499999998 0.01)
(0.234375 -0.1015625 0.01)
(0.234375 -0.07817099999999999 0.01)
(0.234375 -0.059920499999999995 0.01)
(0.234375 -0.041669999999999999 0.01)
(0.234375 -0.0258 0.01)
(0.234375 -0.012 0.01)
(0.234375 0 0.01)
(0.25 -1 0.01)
(0.25 -0.6875 0.01)
(0.25 -0.53125 0.01)
(0.25 -0.375 0.01)
(0.25 -0.296875 0.01)
(0.25 -0.21875 0.01)
(0.25 -0.1796875 0.01)
(0.25 -0.16015625 0.01)
(0.25 -0.140625 0.01)
(0.25 -0.12109375 0.01)
(0.25 -0.10463422499999998 0.01)
(0.25 3 0.01)
(0.25 3.012 0.01)
(0.25 3.0257999999999998 0.01)
(0.25 3.0416699999999999 0.01)
(0.25 3.0599205 0.01)
(0.25 3.0781710000000002 0.01)
(0.25 3.1046342249999999 0.01)
(0.25 3.14300590125 0.01)
(0.25 3.16015625 0.01)
(0.25 3.1796875 0.01)
(0.25 3.21875 0.01)
(0.25 3.296875 0.01)
(0.25 3.375 0.01)
(0.25 3.53125 0.01)
(0.25 3.6875 0.01)
(0.25 4 0.01)
(0.26953125 -0.1796875 0.01)
(0.26953125 -0.16015625 0.01)
(0.26953125 -0.140625 0.01)
(0.26953125 -0.12109375 0.01)
(0.26953125 -0.10463422499999998 0.01)
(0.26953125 3.14300590125 0.01)
(0.26953125 3.16015625 0.01)
(0.26953125 3.1796875 0.01)
(0.28125 -0.14300590124999996 0.01)
(0.28125 -0.140625 0.01)
(0.28125 -0.12109375 0.01)
(0.28125 -0.10463422499999998 0.01)
(0.28125 -0.07817099999999999 0.01)
(0.28125 -0.059920499999999995 0.01)
(0.28125 -0.041669999999999999 0.01)
(0.28125 -0.0258 0.01)
(0.28125 -0.012 0.01)
(0.28125 0 0.01)
(0.28125 3 0.01)
(0.28125 3.012 0.01)
(0.28125 3.0257999999999998 0.01)
(0.28125 3.0416699999999999 0.01)
(0.28125 3.0599205 0.01)
(0.28125 3.0781710000000002 0.01)
(0.28125 3.1046342249999999 0.01)
(0.28125 3.14300590125 0.01)
(0.2890625 -0.21875 0.01)
(0.2890625 -0.1796875 0.01)
(0.2890625 -0.16015625 0.01)
(0.2890625 -0.14300590124999996 0.01)
(0.2890625 3.14300590125 0.01)
(0.2890625 3.16015625 0.01)
(0.2890625 3.1796875 0.01)
(0.2890625 3.21875 0.01)
(0.30859375 -0.1796875 0.01)
(0.30859375 -0.16015625 0.01)
(0.30859375 -0.14300590124999996 0.01)
(0.30859375 3.14300590125 0.01)
(0.30859375 3.16015625 0.01)
(0.30859375 3.1796875 0.01)
(0.3125 3 0.01)
(0.3125 3.012 0.01)
(0.3125 3.0257999999999998 0.01)
(0.3125 3.0416699999999999 0.01)
(0.3125 3.0599205 0.01)
(0.3125 3.0781710000000002 0.01)
(0.3125 3.1046342249999999 0.01)
(0.3125 3.14300590125 0.01)
(0.328125 -0.375 0.01)
(0.328125 -0.296875 0.01)
(0.328125 -0.21875 0.01)
(0.328125 -0.1796875 0.01)
(0.328125 -0.16015625 0.01)
(0.328125 -0.14300590124999996 0.01)
(0.328125 -0.10463422499999998 0.01)
(0.328125 -0.07817099999999999 0.01)
(0.328125 -0.059920499999999995 0.01)
(0.328125 -0.041669999999999999 0.01)
(0.328125 -0.0258 0.01)
(0.328125 -0.012 0.01)
(0.328125 0 0.01)
(0.328125 3.14300590125 0.01)
(0.328125 3.16015625 0.01)
(0.328125 3.1796875 0.01)
(0.328125 3.21875 0.01)
(0.328125 3.296875 0.01)
(0.328125 3.375 0.01)
(0.34375 3 0.01)
(0.34375 3.012 0.01)
(0.34375 3.0257999999999998 0.01)
(0.34375 3.0416699999999999 0.01)
(0.34375 3.0599205 0.01)
(0.34375 3.0781710000000002 0.01)
(0.34375 3.1046342249999999 0.01)
(0.34375 3.14300590125 0.01)
(0.34765625 -0.1796875 0.01)
(0.34765625 -0.16015625 0.01)
(0.34765625 -0.14300590124999996 0.01)
(0.34765625 3.14300590125 0.01)
(0.34765625 3.16015625 0.01)
(0.34765625 3.1796875 0.01)
(0.3671875 -0.21875 0.01)
(0.3671875 -0.1796875 0.01)
(0.3671875 -0.16015625 0.01)
(0.3671875 -0.14300590124999996 0.01)
(0.3671875 3.14300590125 0.01)
(0.3671875 3.16015625 0.01)
(0.3671875 3.1796875 0.01)
(0.3671875 3.21875 0.01)
(0.375 -0.14300590124999996 0.01)
(0.375 -0.10463422499999998 0.01)
(0.375 -0.07817099999999999 0.01)
(0.375 -0.059920499999999995 0.01)
(0.375 -0.041669999999999999 0.01)
(0.375 -0.0258 0.01)
(0.375 -0.012 0.01)
(0.375 0 0.01)
(0.375 3 0.01)
(0.375 3.012 0.01)
(0.375 3.0257999999999998 0.01)
(0.375 3.0416699999999999 0.01)
(0.375 3.0599205 0.01)
(0.375 3.0781710000000002 0.01)
(0.375 3.1046342249999999 0.01)
(0.375 3.14300590125 0.01)
(0.38671875 -0.1796875 0.01)
(0.38671875 -0.16015625 0.01)
(0.38671875 -0.14300590124999996 0.01)
(0.38671875 3.14300590125 0.01)
(0.38671875 3.16015625 0.01)
(0.38671875 3.1796875 0.01)
(0.40625 -0.6875 0.01)
(0.40625 -0.53125 0.01)
(0.40625 -0.375 0.01)
(0.40625 -0.296875 0.01)
(0.40625 -0.21875 0.01)
(0.40625 -0.1796875 0.01)
(0.40625 -0.16015625 0.01)
(0.40625 -0.14300590124999996 0.01)
(0.40625 3 0.01)
(0.40625 3.012 0.01)
(0.40625 3.0257999999999998 0.01)
(0.40625 3.0416699999999999 0.01)
(0.40625 3.0599205 0.01)
(0.40625 3.0781710000000002 0.01)
(0.40625 3.1046342249999999 0.01)
(0.40625 3.14300590125 0.01)
(0.40625 3.16015625 0.01)
(0.40625 3.1796875 0.01)
(0.40625 3.21875 0.01)
(0.40625 3.296875 0.01)
(0.40625 3.375 0.01)
(0.40625 3.53125 0.01)
(0.40625 3.6875 0.01)
(0.421875 -0.14300590124999996 0.01)
(0.421875 -0.10463422499999998 0.01)
(0.421875 -0.07817099999999999 0.01)
(0.421875 -0.059920499999999995 0.01)
(0.421875 -0.041669999999999999 0.01)
(0.421875 -0.0258 0.01)
(0.421875 -0.012 0.01)
(0.421875 0 0.01)
(0.42578125 -0.1796875 0.01)
(0.42578125 -0.16015625 0.01)
(0.42578125 -0.14300590124999996 0.01)
(0.42578125 3.14300590125 0.01)
(0.42578125 3.16015625 0.01)
(0.42578125 3.1796875 0.01)
(0.4375 3 0.01)
(0.4375 3.012 0.01)
(0.4375 3.0257999999999998 0.01)
(0.4375 3.0416699999999999 0.01)
(0.4375 3.0599205 0.01)
(0.4375 3.0781710000000002 0.01)
(0.4375 3.1046342249999999 0.01)
(0.4375 3.14300590125 0.01)
(0.4453125 -0.21875 0.01)
(0.4453125 -0.1796875 0.01)
(0.4453125 -0.16015625 0.01)
(0.4453125 -0.14300590124999996 0.01)
(0.4453125 3.14300590125 0.01)
(0.4453125 3.16015625 0.01)
(0.4453125 3.1796875 0.01)
(0.4453125 3.21875 0.01)
(0.46484375 -0.1796875 0.01)
(0.46484375 -0.16015625 0.01)
(0.46484375 -0.14300590124999996 0.01)
(0.46484375 3.14300590125 0.01)
(0.46484375 3.16015625 0.01)
(0.46484375 3.1796875 0.01)
(0.46875 -0.14300590124999996 0.01)
(0.46875 -0.10463422499999998 0.01)
(0.46875 -0.07817099999999999 0.01)
(0.46875 -0.059920499999999995 0.01)
(0.46875 -0.041669999999999999 0.01)
(0.46875 -0.0258 0.01)
(0.46875 -0.012 0.01)
(0.46875 0 0.01)
(0.46875 3 0.01)
(0.46875 3.012 0.01)
(0.46875 3.0257999999999998 0.01)
(0.46875 3.0416699999999999 0.01)
(0.46875 3.0599205 0.01)
(0.46875 3.0781710000000002 0.01)
(0.46875 3.1046342249999999 0.01)
(0.46875 3.14300590125 0.01)
(0.484375 -0.375 0.01)
(0.484375 -0.296875 0.01)
(0.484375 -0.21875 0.01)
(0.484375 -0.1796875 0.01)
(0.484375 -0.16015625 0.01)
(0.484375 -0.14300590124999996 0.01)
(0.484375 3.14300590125 0.01)
(0.484375 3.16015625 0.01)
(0.484375 3.1796875 0.01)
(0.484375 3.21875 0.01)
(0.484375 3.296875 0.01)
(0.484375 3.375 0.01)
(0.5 3 0.01)
(0.5 3.012 0.01)
(0.5 3.0257999999999998 0.01)
(0.5 3.0416699999999999 0.01)
(0.5 3.0599205 0.01)
(0.5 3.0781710000000002 0.01)
(0.5 3.1046342249999999 0.01)
(0.5 3.14300590125 0.01)
(0.50390625 -0.1796875 0.01)
(0.50390625 -0.16015625 0.01)
(0.50390625 -0.14300590124999996 0.01)
(0.50390625 3.14300590125 0.01)
(0.50390625 3.16015625 0.01)
(0.50390625 3.1796875 0.01)
(0.515625 -0.14300590124999996 0.01)
(0.515625 -0.10463422499999998 0.01)
(0.515625 -0.07817099999999999 0.01)
(0.515625 -0.059920499999999995 0.01)
(0.515625 -0.041669999999999999 0.01)
(0.515625 -0.0258 0.01)
(0.515625 -0.012 0.01)
(0.515625 0 0.01)
(0.5234375 -0.21875 0.01)
(0.5234375 -0.1796875 0.01)
(0.5234375 -0.16015625 0.01)
(0.5234375 -0.14300590124999996 0.01)
(0.5234375 3.14300590125 0.01)
(0.5234375 3.16015625 0.01)
(0.5234375 3.1796875 0.01)
(0.5234375 3.21875 0.01)
(0.53125 3 0.01)
(0.53125 3.012 0.01)
(0.53125 3.0257999999999998 0.01)
(0.53125 3.0416699999999999 0.01)
(0.53125 3.0599205 0.01)
(0.53125 3.0781710000000002 0.01)
(0.53125 3.1046342249999999 0.01)
(0.53125 3.14300590125 0.01)
(0.54296875 -0.1796875 0.01)
(0.54296875 -0.16015625 0.01)
(0.54296875 -0.14300590124999996 0.01)
(0.54296875 3.14300590125 0.01)
(0.54296875 3.16015625 0.01)
(0.54296875 3.1796875 0.01)
(0.5625 -1 0.01)
(0.5625 -0.6875 0.01)
(0.5625 -0.53125 0.01)
(0.5625 -0.375 0.01)
(0.5625 -0.296875 0.01)
(0.5625 -0.21875 0.01)
(0.5625 -0.1796875 0.01)
(0.5625 -0.16015625 0.01)
(0.5625 -0.14300590124999996 0.01)
(0.5625 -0.10463422499999998 0.01)
(0.5625 -0.07817099999999999 0.01)
(0.5625 -0.059920499999999995 0.01)
(0.5625 -0.041669999999999999 0.01)
(0.5625 -0.0258 0.01)
(0.5625 -0.012 0.01)
(0.5625 0 0.01)
(0.5625 3 0.01)
(0.5625 3.012 0.01)
(0.5625 3.0257999999999998 0.01)
(0.5625 3.0416699999999999 0.01)
(0.5625 3.0599205 0.01)
(0.5625 3.0781710000000002 0.01)
(0.5625 3.1046342249999999 0.01)
(0.5625 3.14300590125 0.01)
(0.5625 3.16015625 0.01)
(0.5625 3.1796875 0.01)
(0.5625 3.21875 0.01)
(0.5625 3.296875 0.01)
(0.5625 3.375 0.01)
(0.5625 3.53125 0.01)
(0.5625 3.6875 0.01)
(0.5625 4 0.01)
(0.58203125 -0.1796875 0.01)
(0.58203125 -0.16015625 0.01)
(0.58203125 -0.14300590124999996 0.01)
(0.58203125 3.14300590125 0.01)
(0.58203125 3.16015625 0.01)
(0.58203125 3.1796875 0.01)
(0.59375 3 0.01)
(0.59375 3.012 0.01)
(0.59375 3.0257999999999998 0.01)
(0.59375 3.0416699999999999 0.01)
(0.59375 3.0599205 0.01)
(0.59375 3.0781710000000002 0.01)
(0.59375 3.1046342249999999 0.01)
(0.59375 3.14300590125 0.01)
(0.6015625 -0.21875 0.01)
(0.6015625 -0.1796875 0.01)
(0.6015625 -0.16015625 0.01)
(0.6015625 -0.14300590124999996 0.01)
(0.6015625 3.14300590125 0.01)
(0.6015625 3.16015625 0.01)
(0.6015625 3.1796875 0.01)
(0.6015625 3.21875 0.01)
(0.609375 -0.14300590124999996 0.01)
(0.609375 -0.10463422499999998 0.01)
(0.609375 -0.07817099999999999 0.01)
(0.609375 -0.059920499999999995 0.01)
(0.609375 -0.041669999999999999 0.01)
(0.609375 -0.0258 0.01)
(0.609375 -0.012 0.01)
(0.609375 0 0.01)
(0.62109375 -0.1796875 0.01)
(0.62109375 -0.16015625 0.01)
(0.62109375 -0.14300590124999996 0.01)
(0.62109375 3.14300590125 0.01)
(0.62109375 3.16015625 0.01)
(0.62109375 3.1796875 0.01)
(0.625 3 0.01)
(0.625 3.012 0.01)
(0.625 3.0257999999999998 0.01)
(0.625 3.0416699999999999 0.01)
(0.625 3.0599205 0.01)
(0.625 3.0781710000000002 0.01)
(0.625 3.1046342249999999 0.01)
(0.625 3.14300590125 0.01)
(0.640625 -0.375 0.01)
(0.640625 -0.296875 0.01)
(0.640625 -0.21875 0.01)
(0.640625 -0.1796875 0.01)
(0.640625 -0.16015625 0.01)
(0.640625 -0.14300590124999996 0.01)
(0.640625 3.14300590125 0.01)
(0.640625 3.16015625 0.01)
(0.640625 3.1796875 0.01)
(0.640625 3.21875 0.01)
(0.640625 3.296875 0.01)
(0.640625 3.375 0.01)
(0.65625 -0.14300590124999996 0.01)
(0.65625 -0.10463422499999998 0.01)
(0.65625 -0.07817099999999999 0.01)
(0.65625 -0.059920499999999995 0.01)
(0.65625 -0.041669999999999999 0.01)
(0.65625 -0.0258 0.01)
(0.65625 -0.012 0.01)
(0.65625 0 0.01)
(0.65625 3 0.01)
(0.65625 3.012 0.01)
(0.65625 3.0257999999999998 0.01)
(0.65625 3.0416699999999999 0.01)
(0.65625 3.0599205 0.01)
(0.65625 3.0781710000000002 0.01)
(0.65625 3.1046342249999999 0.01)
(0.65625 3.14300590125 0.01)
(0.66015625 -0.1796875 0.01)
(0.66015625 -0.16015625 0.01)
(0.66015625 -0.14300590124999996 0.01)
(0.66015625 3.14300590125 0.01)
(0.66015625 3.16015625 0.01)
(0.66015625 3.1796875 0.01)
(0.6796875 -0.21875 0.01)
(0.6796875 -0.1796875 0.01)
(0.6796875 -0.16015625 0.01)
(0.6796875 -0.14300590124999996 0.01)
(0.6796875 3.14300590125 0.01)
(0.6796875 3.16015625 0.01)
(0.6796875 3.1796875 0.01)
(0.6796875 3.21875 0.01)
(0.6875 3 0.01)
(0.6875 3.012 0.01)
(0.6875 3.0257999999999998 0.01)
(0.6875 3.0416699999999999 0.01)
(0.6875 3.0599205 0.01)
(0.6875 3.0781710000000002 0.01)
(0.6875 3.1046342249999999 0.01)
(0.6875 3.14300590125 0.01)
(0.69921875 -0.1796875 0.01)
(0.69921875 -0.16015625 0.01)
(0.69921875 -0.14300590124999996 0.01)
(0.69921875 3.14300590125 0.01)
(0.69921875 3.16015625 0.01)
(0.69921875 3.1796875 0.01)
(0.703125 -0.14300590124999996 0.01)
(0.703125 -0.10463422499999998 0.01)
(0.703125 -0.07817099999999999 0.01)
(0.703125 -0.059920499999999995 0.01)
(0.703125 -0.041669999999999999 0.01)
(0.703125 -0.0258 0.01)
(0.703125 -0.012 0.01)
(0.703125 0 0.01)
(0.71875 -0.6875 0.01)
(0.71875 -0.53125 0.01)
(0.71875 -0.375 0.01)
(0.71875 -0.296875 0.01)
(0.71875 -0.21875 0.01)
(0.71875 -0.1796875 0.01)
(0.71875 -0.16015625 0.01)
(0.71875 -0.14300590124999996 0.01)
(0.71875 3 0.01)
(0.71875 3.012 0.01)
(0.71875 3.0257999999999998 0.01)
(0.71875 3.0416699999999999 0.01)
(0.71875 3.0599205 0.01)
(0.71875 3.0781710000000002 0.01)
(0.71875 3.1046342249999999 0.01)
(0.71875 3.14300590125 0.01)
(0.71875 3.16015625 0.01)
(0.71875 3.1796875 0.01)
(0.71875 3.21875 0.01)
(0.71875 3.296875 0.01)
(0.71875 3.375 0.01)
(0.71875 3.53125 0.01)
(0.71875 3.6875 0.01)
(0.73828125 -0.1796875 0.01)
(0.73828125 -0.16015625 0.01)
(0.73828125 -0.14300590124999996 0.01)
(0.73828125 3.14300590125 0.01)
(0.73828125 3.16015625 0.01)
(0.73828125 3.1796875 0.01)
(0.75 -0.14300590124999996 0.01)
(0.75 -0.10463422499999998 0.01)
(0.75 -0.07817099999999999 0.01)
(0.75 -0.059920499999999995 0.01)
(0.75 -0.041669999999999999 0.01)
(0.75 -0.0258 0.01)
(0.75 -0.012 0.01)
(0.75 0 0.01)
(0.75 3 0.01)
(0.75 3.012 0.01)
(0.75 3.0257999999999998 0.01)
(0.75 3.0416699999999999 0.01)
(0.75 3.0599205 0.01)
(0.75 3.0781710000000002 0.01)
(0.75 3.1046342249999999 0.01)
(0.75 3.14300590125 0.01)
(0.7578125 -0.21875 0.01)
(0.7578125 -0.1796875 0.01)
(0.7578125 -0.16015625 0.01)
(0.7578125 -0.14300590124999996 0.01)
(0.7578125 3.14300590125 0.01)
(0.7578125 3.16015625 0.01)
(0.7578125 3.1796875 0.01)
(0.7578125 3.21875 0.01)
(0.77734375 -0.1796875 0.01)
(0.77734375 -0.16015625 0.01)
(0.77734375 -0.14300590124999996 0.01)
(0.77734375 3.14300590125 0.01)
(0.77734375 3.16015625 0.01)
(0.77734375 3.1796875 0.01)
(0.78125 3 0.01)
(0.78125 3.012 0.01)
(0.78125 3.0257999999999998 0.01)
(0.78125 3.0416699999999999 0.01)
(0.78125 3.0599205 0.01)
(0.78125 3.0781710000000002 0.01)
(0.78125 3.1046342249999999 0.01)
(0.78125 3.14300590125 0.01)
(0.796875 -0.375 0.01)
(0.796875 -0.296875 0.01)
(0.796875 -0.21875 0.01)
(0.796875 -0.1796875 0.01)
(0.796875 -0.16015625 0.01)
(0.796875 -0.14300590124999996 0.01)
(0.796875 -0.10463422499999998 0.01)
(0.796875 -0.07817099999999999 0.01)
(0.796875 -0.059920499999999995 0.01)
(0.796875 -0.041669999999999999 0.01)
(0.796875 -0.0258 0.01)
(0.796875 -0.012 0.01)
(0.796875 0 0.01)
(0.796875 3.14300590125 0.01)
(0.796875 3.16015625 0.01)
(0.796875 3.1796875 0.01)
(0.796875 3.21875 0.01)
(0.796875 3.296875 0.01)
(0.796875 3.375 0.01)
(0.8125 3 0.01)
(0.8125 3.012 0.01)
(0.8125 3.0257999999999998 0.01)
(0.8125 3.0416699999999999 0.01)
(0.8125 3.0599205 0.01)
(0.8125 3.0781710000000002 0.01)
(0.8125 3.1046342249999999 0.01)
(0.8125 3.12109375 0.01)
(0.8125 3.140625 0.01)
(0.8125 3.14300590125 0.01)
(0.81640625 -0.1796875 0.01)
(0.81640625 -0.16015625 0.01)
(0.81640625 -0.14300590124999996 0.01)
(0.81640625 3.1046342249999999 0.01)
(0.81640625 3.12109375 0.01)
(0.81640625 3.140625 0.01)
(0.81640625 3.16015625 0.01)
(0.81640625 3.1796875 0.01)
(0.8359375 -0.21875 0.01)
(0.8359375 -0.1796875 0.01)
(0.8359375 -0.16015625 0.01)
(0.8359375 -0.14300590124999996 0.01)
(0.8359375 3.1046342249999999 0.01)
(0.8359375 3.12109375 0.01)
(0.8359375 3.140625 0.01)
(0.8359375 3.16015625 0.01)
(0.8359375 3.1796875 0.01)
(0.8359375 3.21875 0.01)
(0.84375 -0.14300590124999996 0.01)
(0.84375 -0.10463422499999998 0.01)
(0.84375 -0.07817099999999999 0.01)
(0.84375 -0.059920499999999995 0.01)
(0.84375 -0.041669999999999999 0.01)
(0.84375 -0.0258 0.01)
(0.84375 -0.012 0.01)
(0.84375 0 0.01)
(0.84375 3 0.01)
(0.84375 3.012 0.01)
(0.84375 3.0257999999999998 0.01)
(0.84375 3.0416699999999999 0.01)
(0.84375 3.0599205 0.01)
(0.84375 3.0781710000000002 0.01)
(0.84375 3.08203125 0.01)
(0.84375 3.1015625 0.01)
(0.84375 3.1046342249999999 0.01)
(0.85546875 -0.1796875 0.01)
(0.85546875 -0.16015625 0.01)
(0.85546875 -0.14300590124999996 0.01)
(0.85546875 3.0781710000000002 0.01)
(0.85546875 3.08203125 0.01)
(0.85546875 3.1015625 0.01)
(0.85546875 3.12109375 0.01)
(0.85546875 3.140625 0.01)
(0.875 -1 0.01)
(0.875 -0.6875 0.01)
(0.875 -0.53125 0.01)
(0.875 -0.375 0.01)
(0.875 -0.296875 0.01)
(0.875 -0.21875 0.01)
(0.875 -0.1796875 0.01)
(0.875 -0.16015625 0.01)
(0.875 -0.14300590124999996 0.01)
(0.875 3 0.01)
(0.875 3.012 0.01)
(0.875 3.0257999999999998 0.01)
(0.875 3.0416699999999999 0.01)
(0.875 3.0599205 0.01)
(0.875 3.0625 0.01)
(0.875 3.0781710000000002 0.01)
(0.875 3.08203125 0.01)
(0.875 3.1015625 0.01)
(0.875 3.12109375 0.01)
(0.875 3.140625 0.01)
(0.875 3.1796875 0.01)
(0.875 3.21875 0.01)
(0.875 3.296875 0.01)
(0.875 3.375 0.01)
(0.875 3.53125 0.01)
(0.875 3.6875 0.01)
(0.875 4 0.01)
(0.890625 -0.14300590124999996 0.01)
(0.890625 -0.10463422499999998 0.01)
(0.890625 -0.07817099999999999 0.01)
(0.890625 -0.059920499999999995 0.01)
(0.890625 -0.041669999999999999 0.01)
(0.890625 -0.0258 0.01)
(0.890625 -0.012 0.01)
(0.890625 0 0.01)
(0.89453125 -0.1796875 0.01)
(0.89453125 -0.16015625 0.01)
(0.89453125 -0.14300590124999996 0.01)
(0.89453125 3.0599205 0.01)
(0.89453125 3.0625 0.01)
(0.89453125 3.08203125 0.01)
(0.89453125 3.1015625 0.01)
(0.90625 3 0.01)
(0.90625 3.012 0.01)
(0.90625 3.0257999999999998 0.01)
(0.90625 3.0416699999999999 0.01)
(0.90625 3.0599205 0.01)
(0.9140625 -0.21875 0.01)
(0.9140625 -0.1796875 0.01)
(0.9140625 -0.16015625 0.01)
(0.9140625 -0.14300590124999996 0.01)
(0.9140625 3.0416699999999999 0.01)
(0.9140625 3.0625 0.01)
(0.9140625 3.08203125 0.01)
(0.9140625 3.1015625 0.01)
(0.9140625 3.140625 0.01)
(0.93359375 -0.1796875 0.01)
(0.93359375 -0.16015625 0.01)
(0.93359375 -0.14300590124999996 0.01)
(0.93359375 3.0416699999999999 0.01)
(0.93359375 3.04296875 0.01)
(0.93359375 3.0625 0.01)
(0.9375 -0.14300590124999996 0.01)
(0.9375 -0.10463422499999998 0.01)
(0.9375 -0.07817099999999999 0.01)
(0.9375 -0.059920499999999995 0.01)
(0.9375 -0.041669999999999999 0.01)
(0.9375 -0.0258 0.01)
(0.9375 -0.012 0.01)
(0.9375 0 0.01)
(0.9375 3 0.01)
(0.9375 3.012 0.01)
(0.9375 3.0257999999999998 0.01)
(0.9375 3.0416699999999999 0.01)
(0.953125 -0.375 0.01)
(0.953125 -0.296875 0.01)
(0.953125 -0.21875 0.01)
(0.953125 -0.1796875 0.01)
(0.953125 -0.16015625 0.01)
(0.953125 -0.14300590124999996 0.01)
(0.953125 3.0257999999999998 0.01)
(0.953125 3.04296875 0.01)
(0.953125 3.0625 0.01)
(0.953125 3.1015625 0.01)
(0.953125 3.140625 0.01)
(0.953125 3.21875 0.01)
(0.96875 3 0.01)
(0.96875 3.012 0.01)
(0.96875 3.0234375 0.01)
(0.96875 3.0257999999999998 0.01)
(0.97265625 -0.1796875 0.01)
(0.97265625 -0.16015625 0.01)
(0.97265625 -0.14300590124999996 0.01)
(0.97265625 3.012 0.01)
(0.97265625 3.0234375 0.01)
(0.97265625 3.04296875 0.01)
(0.97265625 3.0625 0.01)
(0.984375 -0.14300590124999996 0.01)
(0.984375 -0.10463422499999998 0.01)
(0.984375 -0.07817099999999999 0.01)
(0.984375 -0.059920499999999995 0.01)
(0.984375 -0.041669999999999999 0.01)
(0.984375 -0.0258 0.01)
(0.984375 -0.012 0.01)
(0.984375 0 0.01)
(0.9921875 -0.21875 0.01)
(0.9921875 -0.1796875 0.01)
(0.9921875 -0.16015625 0.01)
(0.9921875 -0.14300590124999996 0.01)
(0.9921875 3.012 0.01)
(0.9921875 3.0234375 0.01)
(0.9921875 3.04296875 0.01)
(0.9921875 3.0625 0.01)
(0.9921875 3.1015625 0.01)
(0.9921875 3.140625 0.01)
(1 1 0.01)
(1 1.01171875 0.01)
(1 1.03125 0.01)
(1 1.0625 0.01)
(1 1.09375 0.01)
(1 1.125 0.01)
(1 1.15625 0.01)
(1 1.1875 0.01)
(1 1.21875 0.01)
(1 1.25 0.01)
(1 1.28125 0.01)
(1 1.3125 0.01)
(1 1.34375 0.01)
(1 1.375 0.01)
(1 1.40625 0.01)
(1 1.4375 0.01)
(1 1.46875 0.01)
(1 1.5 0.01)
(1 1.53125 0.01)
(1 1.5625 0.01)
(1 1.59375 0.01)
(1 1.625 0.01)
(1 1.65625 0.01)
(1 1.6875 0.01)
(1 1.71875 0.01)
(1 1.75 0.01)
(1 1.78125 0.01)
(1 1.8125 0.01)
(1 1.84375 0.01)
(1 1.875 0.01)
(1 1.90625 0.01)
(1 1.9375 0.01)
(1 1.96875 0.01)
(1 2 0.01)
(1 2.03125 0.01)
(1 2.0625 0.01)
(1 2.09375 0.01)
(1 2.125 0.01)
(1 2.15625 0.01)
(1 2.1875 0.01)
(1 2.21875 0.01)
(1 2.25 0.01)
(1 2.28125 0.01)
(1 2.3125 0.01)
(1 2.34375 0.01)
(1 2.375 0.01)
(1 2.40625 0.01)
(1 2.4375 0.01)
(1 2.46875 0.01)
(1 2.5 0.01)
(1 2.53125 0.01)
(1 2.5625 0.01)
(1 2.59375 0.01)
(1 2.625 0.01)
(1 2.65625 0.01)
(1 2.6875 0.01)
(1 2.71875 0.01)
(1 2.75 0.01)
(1 2.78125 0.01)
(1 2.8125 0.01)
(1 2.84375 0.01)
(1 2.875 0.01)
(1 2.90625 0.01)
(1 2.9375 0.01)
(1 2.96875 0.01)
(1 3 0.01)
(1.01171875 -0.1796875 0.01)
(1.01171875 -0.16015625 0.01)
(1.01171875 -0.14300590124999996 0.01)
(1.01171875 1 0.01)
(1.01171875 1.01171875 0.01)
(1.01171875 1.03125 0.01)
(1.01171875 3.012 0.01)
(1.01171875 3.0234375 0.01)
(1.012 1.03125 0.01)
(1.012 1.05078125 0.01)
(1.012 1.0625 0.01)
(1.012 1.09375 0.01)
(1.012 1.125 0.01)
(1.012 1.15625 0.01)
(1.012 1.1875 0.01)
(1.012 1.21875 0.01)
(1.012 1.25 0.01)
(1.012 1.28125 0.01)
(1.012 1.3125 0.01)
(1.012 1.34375 0.01)
(1.012 1.375 0.01)
(1.012 1.40625 0.01)
(1.012 1.4375 0.01)
(1.012 1.46875 0.01)
(1.012 1.5 0.01)
(1.012 1.53125 0.01)
(1.012 1.5625 0.01)
(1.012 1.59375 0.01)
(1.012 1.625 0.01)
(1.012 1.65625 0.01)
(1.012 1.6875 0.01)
(1.012 1.71875 0.01)
(1.012 1.75 0.01)
(1.012 1.78125 0.01)
(1.012 1.8125 0.01)
(1.012 1.84375 0.01)
(1.012 1.875 0.01)
(1.012 1.90625 0.01)
(1.012 1.9375 0.01)
(1.012 1.96875 0.01)
(1.012 2 0.01)
(1.012 2.03125 0.01)
(1.012 2.0625 0.01)
(1.012 2.09375 0.01)
(1.012 2.125 0.01)
(1.012 2.15625 0.01)
(1.012 2.1875 0.01)
(1.012 2.21875 0.01)
(1.012 2.25 0.01)
(1.012 2.28125 0.01)
(1.012 2.3125 0.01)
(1.012 2.34375 0.01)
(1.012 2.375 0.01)
(1.012 2.40625 0.01)
(1.012 2.4375 0.01)
(1.012 2.46875 0.01)
(1.012 2.5 0.01)
(1.012 2.53125 0.01)
(1.012 2.5625 0.01)
(1.012 2.59375 0.01)
(1.012 2.625 0.01)
(1.012 2.65625 0.01)
(1.012 2.6875 0.01)
(1.012 2.71875 0.01)
(1.012 2.75 0.01)
(1.012 2.78125 0.01)
(1.012 2.8125 0.01)
(1.012 2.84375 0.01)
(1.012 2.875 0.01)
(1.012 2.90625 0.01)
(1.012 2.9375 0.01)
(1.012 2.96875 0.01)
(1.012 2.984375 0.01)
(1.012 3.00390625 0.01)
(1.012 3.012 0.01)
(1.0258 1.0625 0.01)
(1.0258 1.0703125 0.01)
(1.0258 1.09375 0.01)
(1.0258 1.125 0.01)
(1.0258 1.15625 0.01)
(1.0258 1.1875 0.01)
(1.0258 1.21875 0.01)
(1.0258 1.25 0.01)
(1.0258 1.28125 0.01)
(1.0258 1.3125 0.01)
(1.0258 1.34375 0.01)
(1.0258 1.375 0.01)
(1.0258 1.40625 0.01)
(1.0258 1.4375 0.01)
(1.0258 1.46875 0.01)
(1.0258 1.5 0.01)
(1.0258 1.53125 0.01)
(1.0258 1.5625 0.01)
(1.0258 1.59375 0.01)
(1.0258 1.625 0.01)
(1.0258 1.65625 0.01)
(1.0258 1.6875 0.01)
(1.0258 1.71875 0.01)
(1.0258 1.75 0.01)
(1.0258 1.78125 0.01)
(1.0258 1.8125 0.01)
(1.0258 1.84375 0.01)
(1.0258 1.875 0.01)
(1.0258 1.90625 0.01)
(1.0258 1.9375 0.01)
(1.0258 1.96875 0.01)
(1.0258 2 0.01)
(1.0258 2.03125 0.01)
(1.0258 2.0625 0.01)
(1.0258 2.09375 0.01)
(1.0258 2.125 0.01)
(1.0258 2.15625 0.01)
(1.0258 2.1875 0.01)
(1.0258 2.21875 0.01)
(1.0258 2.25 0.01)
(1.0258 2.28125 0.01)
(1.0258 2.3125 0.01)
(1.0258 2.34375 0.01)
(1.0258 2.375 0.01)
(1.0258 2.40625 0.01)
(1.0258 2.4375 0.01)
(1.0258 2.46875 0.01)
(1.0258 2.5 0.01)
(1.0258 2.53125 0.01)
(1.0258 2.5625 0.01)
(1.0258 2.59375 0.01)
(1.0258 2.625 0.01)
(1.0258 2.65625 0.01)
(1.0258 2.6875 0.01)
(1.0258 2.71875 0.01)
(1.0258 2.75 0.01)
(1.0258 2.78125 0.01)
(1.0258 2.8125 0.01)
(1.0258 2.84375 0.01)
(1.0258 2.875 0.01)
(1.0258 2.90625 0.01)
(1.0258 2.9375 0.01)
(1.0258 2.9453125 0.01)
(1.0258 2.96484375 0.01)
(1.0258 2.96875 0.01)
(1.03125 -0.6875 0.01)
(1.03125 -0.53125 0.01)
(1.03125 -0.375 0.01)
(1.03125 -0.296875 0.01)
(1.03125 -0.21875 0.01)
(1.03125 -0.1796875 0.01)
(1.03125 -0.16015625 0.01)
(1.03125 -0.14300590124999996 0.01)
(1.03125 -0.10463422499999998 0.01)
(1.03125 -0.07817099999999999 0.01)
(1.03125 -0.059920499999999995 0.01)
(1.03125 -0.041669999999999999 0.01)
(1.03125 -0.0258 0.01)
(1.03125 -0.012 0.01)
(1.03125 0 0.01)
(1.03125 1 0.01)
(1.03125 1.01171875 0.01)
(1.03125 1.012 0.01)
(1.03125 1.03125 0.01)
(1.03125 1.05078125 0.01)
(1.03125 1.0703125 0.01)
(1.03125 1.08984375 0.01)
(1.03125 1.09375 0.01)
(1.03125 2.9375 0.01)
(1.03125 2.9453125 0.01)
(1.03125 2.96484375 0.01)
(1.03125 2.984375 0.01)
(1.03125 3.00390625 0.01)
(1.03125 3.0234375 0.01)
(1.03125 3.0625 0.01)
(1.03125 3.1015625 0.01)
(1.03125 3.140625 0.01)
(1.03125 3.21875 0.01)
(1.03125 3.375 0.01)
(1.0416700000000001 1.09375 0.01)
(1.0416700000000001 1.109375 0.01)
(1.0416700000000001 1.125 0.01)
(1.0416700000000001 1.15625 0.01)
(1.0416700000000001 1.1875 0.01)
(1.0416700000000001 1.21875 0.01)
(1.0416700000000001 1.25 0.01)
(1.0416700000000001 1.28125 0.01)
(1.0416700000000001 1.3125 0.01)
(1.0416700000000001 1.34375 0.01)
(1.0416700000000001 1.375 0.01)
(1.0416700000000001 1.40625 0.01)
(1.0416700000000001 1.4375 0.01)
(1.0416700000000001 1.46875 0.01)
(1.0416700000000001 1.5 0.01)
(1.0416700000000001 1.53125 0.01)
(1.0416700000000001 1.5625 0.01)
(1.0416700000000001 1.59375 0.01)
(1.0416700000000001 1.625 0.01)
(1.0416700000000001 1.65625 0.01)
(1.0416700000000001 1.6875 0.01)
(1.0416700000000001 1.71875 0.01)
(1.0416700000000001 1.75 0.01)
(1.0416700000000001 1.78125 0.01)
(1.0416700000000001 1.8125 0.01)
(1.0416700000000001 1.84375 0.01)
(1.0416700000000001 1.875 0.01)
(1.0416700000000001 1.90625 0.01)
(1.0416700000000001 1.9375 0.01)
(1.0416700000000001 1.96875 0.01)
(1.0416700000000001 2 0.01)
(1.0416700000000001 2.03125 0.01)
(1.0416700000000001 2.0625 0.01)
(1.0416700000000001 2.09375 0.01)
(1.0416700000000001 2.125 0.01)
(1.0416700000000001 2.15625 0.01)
(1.0416700000000001 2.1875 0.01)
(1.0416700000000001 2.21875 0.01)
(1.0416700000000001 2.25 0.01)
(1.0416700000000001 2.28125 0.01)
(1.0416700000000001 2.3125 0.01)
(1.0416700000000001 2.34375 0.01)
(1.0416700000000001 2.375 0.01)
(1.0416700000000001 2.40625 0.01)
(1.0416700000000001 2.4375 0.01)
(1.0416700000000001 2.46875 0.01)
(1.0416700000000001 2.5 0.01)
(1.0416700000000001 2.53125 0.01)
(1.0416700000000001 2.5625 0.01)
(1.0416700000000001 2.59375 0.01)
(1.0416700000000001 2.625 0.01)
(1.0416700000000001 2.65625 0.01)
(1.0416700000000001 2.6875 0.01)
(1.0416700000000001 2.71875 0.01)
(1.0416700000000001 2.75 0.01)
(1.0416700000000001 2.78125 0.01)
(1.0416700000000001 2.8125 0.01)
(1.0416700000000001 2.84375 0.01)
(1.0416700000000001 2.875 0.01)
(1.0416700000000001 2.90625 0.01)
(1.0416700000000001 2.92578125 0.01)
(1.0416700000000001 2.9375 0.01)
(1.05078125 -0.1796875 0.01)
(1.05078125 -0.16015625 0.01)
(1.05078125 -0.14300590124999996 0.01)
(1.05078125 1.012 0.01)
(1.05078125 1.03125 0.01)
(1.05078125 1.0703125 0.01)
(1.05078125 1.08984375 0.01)
(1.05078125 1.109375 0.01)
(1.05078125 1.125 0.01)
(1.05078125 2.90625 0.01)
(1.05078125 2.92578125 0.01)
(1.05078125 2.9453125 0.01)
(1.0599205 1.125 0.01)
(1.0599205 1.12890625 0.01)
(1.0599205 1.1484375 0.01)
(1.0599205 1.15625 0.01)
(1.0599205 1.1875 0.01)
(1.0599205 1.21875 0.01)
(1.0599205 1.25 0.01)
(1.0599205 1.28125 0.01)
(1.0599205 1.3125 0.01)
(1.0599205 1.34375 0.01)
(1.0599205 1.375 0.01)
(1.0599205 1.40625 0.01)
(1.0599205 1.4375 0.01)
(1.0599205 1.46875 0.01)
(1.0599205 1.5 0.01)
(1.0599205 1.53125 0.01)
(1.0599205 1.5625 0.01)
(1.0599205 1.59375 0.01)
(1.0599205 1.625 0.01)
(1.0599205 1.65625 0.01)
(1.0599205 1.6875 0.01)
(1.0599205 1.71875 0.01)
(1.0599205 1.75 0.01)
(1.0599205 1.78125 0.01)
(1.0599205 1.8125 0.01)
(1.0599205 1.84375 0.01)
(1.0599205 1.875 0.01)
(1.0599205 1.90625 0.01)
(1.0599205 1.9375 0.01)
(1.0599205 1.96875 0.01)
(1.0599205 2 0.01)
(1.0599205 2.03125 0.01)
(1.0599205 2.0625 0.01)
(1.0599205 2.09375 0.01)
(1.0599205 2.125 0.01)
(1.0599205 2.15625 0.01)
(1.0599205 2.1875 0.01)
(1.0599205 2.21875 0.01)
(1.0599205 2.25 0.01)
(1.0599205 2.28125 0.01)
(1.0599205 2.3125 0.01)
(1.0599205 2.34375 0.01)
(1.0599205 2.375 0.01)
(1.0599205 2.40625 0.01)
(1.0599205 2.4375 0.01)
(1.0599205 2.46875 0.01)
(1.0599205 2.5 0.01)
(1.0599205 2.53125 0.01)
(1.0599205 2.5625 0.01)
(1.0599205 2.59375 0.01)
(1.0599205 2.625 0.01)
(1.0599205 2.65625 0.01)
(1.0599205 2.6875 0.01)
(1.0599205 2.71875 0.01)
(1.0599205 2.75 0.01)
(1.0599205 2.78125 0.01)
(1.0599205 2.8125 0.01)
(1.0599205 2.84375 0.01)
(1.0599205 2.875 0.01)
(1.0599205 2.88671875 0.01)
(1.0599205 2.90625 0.01)
(1.0625 1 0.01)
(1.0625 1.012 0.01)
(1.0625 1.0258 0.01)
(1.0703125 -0.21875 0.01)
(1.0703125 -0.1796875 0.01)
(1.0703125 -0.16015625 0.01)
(1.0703125 -0.14300590124999996 0.01)
(1.0703125 1.0258 0.01)
(1.0703125 1.03125 0.01)
(1.0703125 1.05078125 0.01)
(1.0703125 1.0703125 0.01)
(1.0703125 1.08984375 0.01)
(1.0703125 1.109375 0.01)
(1.0703125 1.12890625 0.01)
(1.0703125 1.1484375 0.01)
(1.0703125 1.15625 0.01)
(1.0703125 2.875 0.01)
(1.0703125 2.88671875 0.01)
(1.0703125 2.90625 0.01)
(1.0703125 2.92578125 0.01)
(1.0703125 2.9453125 0.01)
(1.0703125 2.984375 0.01)
(1.0703125 3.0234375 0.01)
(1.0703125 3.0625 0.01)
(1.078125 -0.14300590124999996 0.01)
(1.078125 -0.10463422499999998 0.01)
(1.078125 -0.07817099999999999 0.01)
(1.078125 -0.059920499999999995 0.01)
(1.078125 -0.041669999999999999 0.01)
(1.078125 -0.0258 0.01)
(1.078125 -0.012 0.01)
(1.078125 0 0.01)
(1.078171 1.15625 0.01)
(1.078171 1.16796875 0.01)
(1.078171 1.1875 0.01)
(1.078171 1.21875 0.01)
(1.078171 1.25 0.01)
(1.078171 1.28125 0.01)
(1.078171 1.3125 0.01)
(1.078171 1.34375 0.01)
(1.078171 1.375 0.01)
(1.078171 1.40625 0.01)
(1.078171 1.4375 0.01)
(1.078171 1.46875 0.01)
(1.078171 1.5 0.01)
(1.078171 1.53125 0.01)
(1.078171 1.5625 0.01)
(1.078171 1.59375 0.01)
(1.078171 1.625 0.01)
(1.078171 1.65625 0.01)
(1.078171 1.6875 0.01)
(1.078171 1.71875 0.01)
(1.078171 1.75 0.01)
(1.078171 1.78125 0.01)
(1.078171 1.8125 0.01)
(1.078171 1.84375 0.01)
(1.078171 1.875 0.01)
(1.078171 1.90625 0.01)
(1.078171 1.9375 0.01)
(1.078171 1.96875 0.01)
(1.078171 2 0.01)
(1.078171 2.03125 0.01)
(1.078171 2.0625 0.01)
(1.078171 2.09375 0.01)
(1.078171 2.125 0.01)
(1.078171 2.15625 0.01)
(1.078171 2.1875 0.01)
(1.078171 2.21875 0.01)
(1.078171 2.25 0.01)
(1.078171 2.28125 0.01)
(1.078171 2.3125 0.01)
(1.078171 2.34375 0.01)
(1.078171 2.375 0.01)
(1.078171 2.40625 0.01)
(1.078171 2.4375 0.01)
(1.078171 2.46875 0.01)
(1.078171 2.5 0.01)
(1.078171 2.53125 0.01)
(1.078171 2.5625 0.01)
(1.078171 2.59375 0.01)
(1.078171 2.625 0.01)
(1.078171 2.65625 0.01)
(1.078171 2.6875 0.01)
(1.078171 2.71875 0.01)
(1.078171 2.75 0.01)
(1.078171 2.78125 0.01)
(1.078171 2.8125 0.01)
(1.078171 2.84375 0.01)
(1.078171 2.84765625 0.01)
(1.078171 2.8671875 0.01)
(1.078171 2.875 0.01)
(1.08984375 -0.1796875 0.01)
(1.08984375 -0.16015625 0.01)
(1.08984375 -0.14300590124999996 0.01)
(1.08984375 1.03125 0.01)
(1.08984375 1.05078125 0.01)
(1.08984375 1.0703125 0.01)
(1.08984375 1.1484375 0.01)
(1.08984375 1.16796875 0.01)
(1.08984375 1.1875 0.01)
(1.08984375 2.84375 0.01)
(1.08984375 2.84765625 0.01)
(1.08984375 2.8671875 0.01)
(1.08984375 2.88671875 0.01)
(1.08984375 2.90625 0.01)
(1.09375 1 0.01)
(1.09375 1.012 0.01)
(1.09375 1.0258 0.01)
(1.09375 1.03125 0.01)
(1.09375 1.0416700000000001 0.01)
(1.1046342250000001 1.1875 0.01)
(1.1046342250000001 1.20703125 0.01)
(1.1046342250000001 1.21875 0.01)
(1.1046342250000001 1.25 0.01)
(1.1046342250000001 1.28125 0.01)
(1.1046342250000001 1.3125 0.01)
(1.1046342250000001 1.34375 0.01)
(1.1046342250000001 1.375 0.01)
(1.1046342250000001 1.40625 0.01)
(1.1046342250000001 1.4375 0.01)
(1.1046342250000001 1.46875 0.01)
(1.1046342250000001 1.5 0.01)
(1.1046342250000001 1.53125 0.01)
(1.1046342250000001 1.5625 0.01)
(1.1046342250000001 1.59375 0.01)
(1.1046342250000001 1.625 0.01)
(1.1046342250000001 1.65625 0.01)
(1.1046342250000001 1.6875 0.01)
(1.1046342250000001 1.71875 0.01)
(1.1046342250000001 1.75 0.01)
(1.1046342250000001 1.78125 0.01)
(1.1046342250000001 1.8125 0.01)
(1.1046342250000001 1.84375 0.01)
(1.1046342250000001 1.875 0.01)
(1.1046342250000001 1.90625 0.01)
(1.1046342250000001 1.9375 0.01)
(1.1046342250000001 1.96875 0.01)
(1.1046342250000001 2 0.01)
(1.1046342250000001 2.03125 0.01)
(1.1046342250000001 2.0625 0.01)
(1.1046342250000001 2.09375 0.01)
(1.1046342250000001 2.125 0.01)
(1.1046342250000001 2.15625 0.01)
(1.1046342250000001 2.1875 0.01)
(1.1046342250000001 2.21875 0.01)
(1.1046342250000001 2.25 0.01)
(1.1046342250000001 2.28125 0.01)
(1.1046342250000001 2.3125 0.01)
(1.1046342250000001 2.34375 0.01)
(1.1046342250000001 2.375 0.01)
(1.1046342250000001 2.40625 0.01)
(1.1046342250000001 2.4375 0.01)
(1.1046342250000001 2.46875 0.01)
(1.1046342250000001 2.5 0.01)
(1.1046342250000001 2.53125 0.01)
(1.1046342250000001 2.5625 0.01)
(1.1046342250000001 2.59375 0.01)
(1.1046342250000001 2.625 0.01)
(1.1046342250000001 2.65625 0.01)
(1.1046342250000001 2.6875 0.01)
(1.1046342250000001 2.71875 0.01)
(1.1046342250000001 2.75 0.01)
(1.1046342250000001 2.78125 0.01)
(1.1046342250000001 2.8125 0.01)
(1.1046342250000001 2.828125 0.01)
(1.1046342250000001 2.84375 0.01)
(1.109375 -0.375 0.01)
(1.109375 -0.296875 0.01)
(1.109375 -0.21875 0.01)
(1.109375 -0.1796875 0.01)
(1.109375 -0.16015625 0.01)
(1.109375 -0.14300590124999996 0.01)
(1.109375 1.0416700000000001 0.01)
(1.109375 1.05078125 0.01)
(1.109375 1.0703125 0.01)
(1.109375 1.109375 0.01)
(1.109375 1.1484375 0.01)
(1.109375 1.16796875 0.01)
(1.109375 1.1875 0.01)
(1.109375 1.20703125 0.01)
(1.109375 1.21875 0.01)
(1.109375 2.8125 0.01)
(1.109375 2.828125 0.01)
(1.109375 2.84765625 0.01)
(1.109375 2.8671875 0.01)
(1.109375 2.88671875 0.01)
(1.109375 2.90625 0.01)
(1.109375 2.9453125 0.01)
(1.109375 2.984375 0.01)
(1.109375 3.0234375 0.01)
(1.109375 3.0625 0.01)
(1.109375 3.140625 0.01)
(1.109375 3.21875 0.01)
(1.125 -0.14300590124999996 0.01)
(1.125 -0.10463422499999998 0.01)
(1.125 -0.07817099999999999 0.01)
(1.125 -0.059920499999999995 0.01)
(1.125 -0.041669999999999999 0.01)
(1.125 -0.0258 0.01)
(1.125 -0.012 0.01)
(1.125 0 0.01)
(1.125 1 0.01)
(1.125 1.012 0.01)
(1.125 1.0258 0.01)
(1.125 1.0416700000000001 0.01)
(1.125 1.05078125 0.01)
(1.125 1.0599205 0.01)
(1.12890625 -0.1796875 0.01)
(1.12890625 -0.16015625 0.01)
(1.12890625 -0.14300590124999996 0.01)
(1.12890625 1.0599205 0.01)
(1.12890625 1.0703125 0.01)
(1.12890625 1.1875 0.01)
(1.12890625 1.20703125 0.01)
(1.12890625 1.21875 0.01)
(1.12890625 2.8125 0.01)
(1.12890625 2.828125 0.01)
(1.14300590125 1.21875 0.01)
(1.14300590125 1.2265625 0.01)
(1.14300590125 1.24609375 0.01)
(1.14300590125 1.25 0.01)
(1.14300590125 1.265625 0.01)
(1.14300590125 1.28125 0.01)
(1.14300590125 1.28515625 0.01)
(1.14300590125 1.3046875 0.01)
(1.14300590125 1.3125 0.01)
(1.14300590125 1.32421875 0.01)
(1.14300590125 1.34375 0.01)
(1.14300590125 1.36328125 0.01)
(1.14300590125 1.375 0.01)
(1.14300590125 1.3828125 0.01)
(1.14300590125 1.40234375 0.01)
(1.14300590125 1.40625 0.01)
(1.14300590125 1.421875 0.01)
(1.14300590125 1.4375 0.01)
(1.14300590125 1.44140625 0.01)
(1.14300590125 1.4609375 0.01)
(1.14300590125 1.46875 0.01)
(1.14300590125 1.48046875 0.01)
(1.14300590125 1.5 0.01)
(1.14300590125 1.51953125 0.01)
(1.14300590125 1.53125 0.01)
(1.14300590125 1.5390625 0.01)
(1.14300590125 1.55859375 0.01)
(1.14300590125 1.5625 0.01)
(1.14300590125 1.578125 0.01)
(1.14300590125 1.59375 0.01)
(1.14300590125 1.59765625 0.01)
(1.14300590125 1.6171875 0.01)
(1.14300590125 1.625 0.01)
(1.14300590125 1.63671875 0.01)
(1.14300590125 1.65625 0.01)
(1.14300590125 1.67578125 0.01)
(1.14300590125 1.6875 0.01)
(1.14300590125 1.6953125 0.01)
(1.14300590125 1.71484375 0.01)
(1.14300590125 1.71875 0.01)
(1.14300590125 1.734375 0.01)
(1.14300590125 1.75 0.01)
(1.14300590125 1.75390625 0.01)
(1.14300590125 1.7734375 0.01)
(1.14300590125 1.78125 0.01)
(1.14300590125 1.79296875 0.01)
(1.14300590125 1.8125 0.01)
(1.14300590125 1.83203125 0.01)
(1.14300590125 1.84375 0.01)
(1.14300590125 1.8515625 0.01)
(1.14300590125 1.87109375 0.01)
(1.14300590125 1.875 0.01)
(1.14300590125 1.890625 0.01)
(1.14300590125 1.90625 0.01)
(1.14300590125 1.91015625 0.01)
(1.14300590125 1.9296875 0.01)
(1.14300590125 1.9375 0.01)
(1.14300590125 1.94921875 0.01)
(1.14300590125 1.96875 0.01)
(1.14300590125 1.98828125 0.01)
(1.14300590125 2 0.01)
(1.14300590125 2.0078125 0.01)
(1.14300590125 2.02734375 0.01)
(1.14300590125 2.03125 0.01)
(1.14300590125 2.046875 0.01)
(1.14300590125 2.0625 0.01)
(1.14300590125 2.06640625 0.01)
(1.14300590125 2.0859375 0.01)
(1.14300590125 2.09375 0.01)
(1.14300590125 2.10546875 0.01)
(1.14300590125 2.125 0.01)
(1.14300590125 2.14453125 0.01)
(1.14300590125 2.15625 0.01)
(1.14300590125 2.1640625 0.01)
(1.14300590125 2.18359375 0.01)
(1.14300590125 2.1875 0.01)
(1.14300590125 2.203125 0.01)
(1.14300590125 2.21875 0.01)
(1.14300590125 2.22265625 0.01)
(1.14300590125 2.2421875 0.01)
(1.14300590125 2.25 0.01)
(1.14300590125 2.26171875 0.01)
(1.14300590125 2.28125 0.01)
(1.14300590125 2.30078125 0.01)
(1.14300590125 2.3125 0.01)
(1.14300590125 2.3203125 0.01)
(1.14300590125 2.33984375 0.01)
(1.14300590125 2.34375 0.01)
(1.14300590125 2.359375 0.01)
(1.14300590125 2.375 0.01)
(1.14300590125 2.37890625 0.01)
(1.14300590125 2.3984375 0.01)
(1.14300590125 2.40625 0.01)
(1.14300590125 2.41796875 0.01)
(1.14300590125 2.4375 0.01)
(1.14300590125 2.45703125 0.01)
(1.14300590125 2.46875 0.01)
(1.14300590125 2.4765625 0.01)
(1.14300590125 2.49609375 0.01)
(1.14300590125 2.5 0.01)
(1.14300590125 2.515625 0.01)
(1.14300590125 2.53125 0.01)
(1.14300590125 2.53515625 0.01)
(1.14300590125 2.5546875 0.01)
(1.14300590125 2.5625 0.01)
(1.14300590125 2.57421875 0.01)
(1.14300590125 2.59375 0.01)
(1.14300590125 2.61328125 0.01)
(1.14300590125 2.625 0.01)
(1.14300590125 2.6328125 0.01)
(1.14300590125 2.65234375 0.01)
(1.14300590125 2.65625 0.01)
(1.14300590125 2.671875 0.01)
(1.14300590125 2.6875 0.01)
(1.14300590125 2.69140625 0.01)
(1.14300590125 2.7109375 0.01)
(1.14300590125 2.71875 0.01)
(1.14300590125 2.73046875 0.01)
(1.14300590125 2.75 0.01)
(1.14300590125 2.76953125 0.01)
(1.14300590125 2.78125 0.01)
(1.14300590125 2.7890625 0.01)
(1.14300590125 2.80859375 0.01)
(1.14300590125 2.8125 0.01)
(1.1484375 -0.21875 0.01)
(1.1484375 -0.1796875 0.01)
(1.1484375 -0.16015625 0.01)
(1.1484375 -0.14300590124999996 0.01)
(1.1484375 1.0599205 0.01)
(1.1484375 1.0703125 0.01)
(1.1484375 1.08984375 0.01)
(1.1484375 1.109375 0.01)
(1.1484375 1.1484375 0.01)
(1.1484375 1.1875 0.01)
(1.1484375 1.20703125 0.01)
(1.1484375 1.2265625 0.01)
(1.1484375 1.24609375 0.01)
(1.1484375 1.265625 0.01)
(1.1484375 1.28515625 0.01)
(1.1484375 1.3046875 0.01)
(1.1484375 1.32421875 0.01)
(1.1484375 1.34375 0.01)
(1.1484375 1.36328125 0.01)
(1.1484375 1.3828125 0.01)
(1.1484375 1.40234375 0.01)
(1.1484375 1.421875 0.01)
(1.1484375 1.44140625 0.01)
(1.1484375 1.4609375 0.01)
(1.1484375 1.48046875 0.01)
(1.1484375 1.5 0.01)
(1.1484375 1.51953125 0.01)
(1.1484375 1.5390625 0.01)
(1.1484375 1.55859375 0.01)
(1.1484375 1.578125 0.01)
(1.1484375 1.59765625 0.01)
(1.1484375 1.6171875 0.01)
(1.1484375 1.63671875 0.01)
(1.1484375 1.65625 0.01)
(1.1484375 1.67578125 0.01)
(1.1484375 1.6953125 0.01)
(1.1484375 1.71484375 0.01)
(1.1484375 1.734375 0.01)
(1.1484375 1.75390625 0.01)
(1.1484375 1.7734375 0.01)
(1.1484375 1.79296875 0.01)
(1.1484375 1.8125 0.01)
(1.1484375 1.83203125 0.01)
(1.1484375 1.8515625 0.01)
(1.1484375 1.87109375 0.01)
(1.1484375 1.890625 0.01)
(1.1484375 1.91015625 0.01)
(1.1484375 1.9296875 0.01)
(1.1484375 1.94921875 0.01)
(1.1484375 1.96875 0.01)
(1.1484375 1.98828125 0.01)
(1.1484375 2.0078125 0.01)
(1.1484375 2.02734375 0.01)
(1.1484375 2.046875 0.01)
(1.1484375 2.06640625 0.01)
(1.1484375 2.0859375 0.01)
(1.1484375 2.10546875 0.01)
(1.1484375 2.125 0.01)
(1.1484375 2.14453125 0.01)
(1.1484375 2.1640625 0.01)
(1.1484375 2.18359375 0.01)
(1.1484375 2.203125 0.01)
(1.1484375 2.22265625 0.01)
(1.1484375 2.2421875 0.01)
(1.1484375 2.26171875 0.01)
(1.1484375 2.28125 0.01)
(1.1484375 2.30078125 0.01)
(1.1484375 2.3203125 0.01)
(1.1484375 2.33984375 0.01)
(1.1484375 2.359375 0.01)
(1.1484375 2.37890625 0.01)
(1.1484375 2.3984375 0.01)
(1.1484375 2.41796875 0.01)
(1.1484375 2.4375 0.01)
(1.1484375 2.45703125 0.01)
(1.1484375 2.4765625 0.01)
(1.1484375 2.49609375 0.01)
(1.1484375 2.515625 0.01)
(1.1484375 2.53515625 0.01)
(1.1484375 2.5546875 0.01)
(1.1484375 2.57421875 0.01)
(1.1484375 2.59375 0.01)
(1.1484375 2.61328125 0.01)
(1.1484375 2.6328125 0.01)
(1.1484375 2.65234375 0.01)
(1.1484375 2.671875 0.01)
(1.1484375 2.69140625 0.01)
(1.1484375 2.7109375 0.01)
(1.1484375 2.73046875 0.01)
(1.1484375 2.75 0.01)
(1.1484375 2.76953125 0.01)
(1.1484375 2.7890625 0.01)
(1.1484375 2.80859375 0.01)
(1.1484375 2.828125 0.01)
(1.1484375 2.8671875 0.01)
(1.1484375 2.90625 0.01)
(1.15625 1 0.01)
(1.15625 1.012 0.01)
(1.15625 1.0258 0.01)
(1.15625 1.0416700000000001 0.01)
(1.15625 1.0599205 0.01)
(1.15625 1.0703125 0.01)
(1.15625 1.078171 0.01)
(1.16796875 -0.1796875 0.01)
(1.16796875 -0.16015625 0.01)
(1.16796875 -0.14300590124999996 0.01)
(1.16796875 1.078171 0.01)
(1.16796875 1.08984375 0.01)
(1.16796875 1.109375 0.01)
(1.171875 -0.14300590124999996 0.01)
(1.171875 -0.10463422499999998 0.01)
(1.171875 -0.07817099999999999 0.01)
(1.171875 -0.059920499999999995 0.01)
(1.171875 -0.041669999999999999 0.01)
(1.171875 -0.0258 0.01)
(1.171875 -0.012 0.01)
(1.171875 0 0.01)
(1.1875 -1 0.01)
(1.1875 -0.6875 0.01)
(1.1875 -0.53125 0.01)
(1.1875 -0.375 0.01)
(1.1875 -0.296875 0.01)
(1.1875 -0.21875 0.01)
(1.1875 -0.1796875 0.01)
(1.1875 -0.16015625 0.01)
(1.1875 -0.14300590124999996 0.01)
(1.1875 1 0.01)
(1.1875 1.012 0.01)
(1.1875 1.0258 0.01)
(1.1875 1.0416700000000001 0.01)
(1.1875 1.0599205 0.01)
(1.1875 1.078171 0.01)
(1.1875 1.08984375 0.01)
(1.1875 1.1046342250000001 0.01)
(1.1875 1.109375 0.01)
(1.1875 1.12890625 0.01)
(1.1875 1.1484375 0.01)
(1.1875 1.1875 0.01)
(1.1875 1.2265625 0.01)
(1.1875 1.265625 0.01)
(1.1875 1.3046875 0.01)
(1.1875 1.34375 0.01)
(1.1875 1.3828125 0.01)
(1.1875 1.421875 0.01)
(1.1875 1.4609375 0.01)
(1.1875 1.5 0.01)
(1.1875 1.5390625 0.01)
(1.1875 1.578125 0.01)
(1.1875 1.6171875 0.01)
(1.1875 1.65625 0.01)
(1.1875 1.6953125 0.01)
(1.1875 1.734375 0.01)
(1.1875 1.7734375 0.01)
(1.1875 1.8125 0.01)
(1.1875 1.8515625 0.01)
(1.1875 1.890625 0.01)
(1.1875 1.9296875 0.01)
(1.1875 1.96875 0.01)
(1.1875 2.0078125 0.01)
(1.1875 2.046875 0.01)
(1.1875 2.0859375 0.01)
(1.1875 2.125 0.01)
(1.1875 2.1640625 0.01)
(1.1875 2.203125 0.01)
(1.1875 2.2421875 0.01)
(1.1875 2.28125 0.01)
(1.1875 2.3203125 0.01)
(1.1875 2.359375 0.01)
(1.1875 2.3984375 0.01)
(1.1875 2.4375 0.01)
(1.1875 2.4765625 0.01)
(1.1875 2.515625 0.01)
(1.1875 2.5546875 0.01)
(1.1875 2.59375 0.01)
(1.1875 2.6328125 0.01)
(1.1875 2.671875 0.01)
(1.1875 2.7109375 0.01)
(1.1875 2.75 0.01)
(1.1875 2.7890625 0.01)
(1.1875 2.828125 0.01)
(1.1875 2.8671875 0.01)
(1.1875 2.90625 0.01)
(1.1875 2.984375 0.01)
(1.1875 3.0625 0.01)
(1.1875 3.140625 0.01)
(1.1875 3.21875 0.01)
(1.1875 3.375 0.01)
(1.1875 3.6875 0.01)
(1.1875 4 0.01)
(1.20703125 -0.1796875 0.01)
(1.20703125 -0.16015625 0.01)
(1.20703125 -0.14300590124999996 0.01)
(1.20703125 1.1046342250000001 0.01)
(1.20703125 1.109375 0.01)
(1.20703125 1.12890625 0.01)
(1.20703125 1.1484375 0.01)
(1.21875 -0.14300590124999996 0.01)
(1.21875 -0.10463422499999998 0.01)
(1.21875 -0.07817099999999999 0.01)
(1.21875 -0.059920499999999995 0.01)
(1.21875 -0.041669999999999999 0.01)
(1.21875 -0.0258 0.01)
(1.21875 -0.012 0.01)
(1.21875 0 0.01)
(1.21875 1 0.01)
(1.21875 1.012 0.01)
(1.21875 1.0258 0.01)
(1.21875 1.0416700000000001 0.01)
(1.21875 1.0599205 0.01)
(1.21875 1.078171 0.01)
(1.21875 1.1046342250000001 0.01)
(1.21875 1.109375 0.01)
(1.21875 1.12890625 0.01)
(1.21875 1.14300590125 0.01)
(1.2265625 -0.21875 0.01)
(1.2265625 -0.1796875 0.01)
(1.2265625 -0.16015625 0.01)
(1.2265625 -0.14300590124999996 0.01)
(1.2265625 1.14300590125 0.01)
(1.2265625 1.1484375 0.01)
(1.2265625 1.1875 0.01)
(1.24609375 -0.1796875 0.01)
(1.24609375 -0.16015625 0.01)
(1.24609375 -0.14300590124999996 0.01)
(1.24609375 1.14300590125 0.01)
(1.24609375 1.1484375 0.01)
(1.25 1 0.01)
(1.25 1.012 0.01)
(1.25 1.0258 0.01)
(1.25 1.0416700000000001 0.01)
(1.25 1.0599205 0.01)
(1.25 1.078171 0.01)
(1.25 1.1046342250000001 0.01)
(1.25 1.14300590125 0.01)
(1.265625 -0.375 0.01)
(1.265625 -0.296875 0.01)
(1.265625 -0.21875 0.01)
(1.265625 -0.1796875 0.01)
(1.265625 -0.16015625 0.01)
(1.265625 -0.14300590124999996 0.01)
(1.265625 -0.10463422499999998 0.01)
(1.265625 -0.07817099999999999 0.01)
(1.265625 -0.059920499999999995 0.01)
(1.265625 -0.041669999999999999 0.01)
(1.265625 -0.0258 0.01)
(1.265625 -0.012 0.01)
(1.265625 0 0.01)
(1.265625 1.14300590125 0.01)
(1.265625 1.1484375 0.01)
(1.265625 1.1875 0.01)
(1.265625 1.265625 0.01)
(1.265625 1.34375 0.01)
(1.265625 1.421875 0.01)
(1.265625 1.5 0.01)
(1.265625 1.578125 0.01)
(1.265625 1.65625 0.01)
(1.265625 1.734375 0.01)
(1.265625 1.8125 0.01)
(1.265625 1.890625 0.01)
(1.265625 1.96875 0.01)
(1.265625 2.046875 0.01)
(1.265625 2.125 0.01)
(1.265625 2.203125 0.01)
(1.265625 2.28125 0.01)
(1.265625 2.359375 0.01)
(1.265625 2.4375 0.01)
(1.265625 2.515625 0.01)
(1.265625 2.59375 0.01)
(1.265625 2.671875 0.01)
(1.265625 2.75 0.01)
(1.265625 2.828125 0.01)
(1.265625 2.90625 0.01)
(1.28125 1 0.01)
(1.28125 1.012 0.01)
(1.28125 1.0258 0.01)
(1.28125 1.0416700000000001 0.01)
(1.28125 1.0599205 0.01)
(1.28125 1.078171 0.01)
(1.28125 1.1046342250000001 0.01)
(1.28125 1.14300590125 0.01)
(1.28515625 -0.1796875 0.01)
(1.28515625 -0.16015625 0.01)
(1.28515625 -0.14300590124999996 0.01)
(1.28515625 1.14300590125 0.01)
(1.28515625 1.1484375 0.01)
(1.3046875 -0.21875 0.01)
(1.3046875 -0.1796875 0.01)
(1.3046875 -0.16015625 0.01)
(1.3046875 -0.14300590124999996 0.01)
(1.3046875 1.14300590125 0.01)
(1.3046875 1.1484375 0.01)
(1.3046875 1.1875 0.01)
(1.3125 -0.14300590124999996 0.01)
(1.3125 -0.10463422499999998 0.01)
(1.3125 -0.07817099999999999 0.01)
(1.3125 -0.059920499999999995 0.01)
(1.3125 -0.041669999999999999 0.01)
(1.3125 -0.0258 0.01)
(1.3125 -0.012 0.01)
(1.3125 0 0.01)
(1.3125 1 0.01)
(1.3125 1.012 0.01)
(1.3125 1.0258 0.01)
(1.3125 1.0416700000000001 0.01)
(1.3125 1.0599205 0.01)
(1.3125 1.078171 0.01)
(1.3125 1.1046342250000001 0.01)
(1.3125 1.14300590125 0.01)
(1.32421875 -0.1796875 0.01)
(1.32421875 -0.16015625 0.01)
(1.32421875 -0.14300590124999996 0.01)
(1.32421875 1.14300590125 0.01)
(1.32421875 1.1484375 0.01)
(1.34375 -0.6875 0.01)
(1.34375 -0.53125 0.01)
(1.34375 -0.375 0.01)
(1.34375 -0.296875 0.01)
(1.34375 -0.21875 0.01)
(1.34375 -0.1796875 0.01)
(1.34375 -0.16015625 0.01)
(1.34375 -0.14300590124999996 0.01)
(1.34375 1 0.01)
(1.34375 1.012 0.01)
(1.34375 1.0258 0.01)
(1.34375 1.0416700000000001 0.01)
(1.34375 1.0599205 0.01)
(1.34375 1.078171 0.01)
(1.34375 1.1046342250000001 0.01)
(1.34375 1.14300590125 0.01)
(1.34375 1.1484375 0.01)
(1.34375 1.1875 0.01)
(1.34375 1.265625 0.01)
(1.34375 1.34375 0.01)
(1.34375 1.421875 0.01)
(1.34375 1.5 0.01)
(1.34375 1.578125 0.01)
(1.34375 1.65625 0.01)
(1.34375 1.734375 0.01)
(1.34375 1.8125 0.01)
(1.34375 1.890625 0.01)
(1.34375 1.96875 0.01)
(1.34375 2.046875 0.01)
(1.34375 2.125 0.01)
(1.34375 2.203125 0.01)
(1.34375 2.28125 0.01)
(1.34375 2.359375 0.01)
(1.34375 2.4375 0.01)
(1.34375 2.515625 0.01)
(1.34375 2.59375 0.01)
(1.34375 2.671875 0.01)
(1.34375 2.75 0.01)
(1.34375 2.828125 0.01)
(1.34375 2.90625 0.01)
(1.34375 3.0625 0.01)
(1.34375 3.21875 0.01)
(1.34375 3.375 0.01)
(1.359375 -0.14300590124999996 0.01)
(1.359375 -0.10463422499999998 0.01)
(1.359375 -0.07817099999999999 0.01)
(1.359375 -0.059920499999999995 0.01)
(1.359375 -0.041669999999999999 0.01)
(1.359375 -0.0258 0.01)
(1.359375 -0.012 0.01)
(1.359375 0 0.01)
(1.36328125 -0.1796875 0.01)
(1.36328125 -0.16015625 0.01)
(1.36328125 -0.14300590124999996 0.01)
(1.36328125 1.14300590125 0.01)
(1.36328125 1.1484375 0.01)
(1.375 1 0.01)
(1.375 1.012 0.01)
(1.375 1.0258 0.01)
(1.375 1.0416700000000001 0.01)
(1.375 1.0599205 0.01)
(1.375 1.078171 0.01)
(1.375 1.1046342250000001 0.01)
(1.375 1.14300590125 0.01)
(1.3828125 -0.21875 0.01)
(1.3828125 -0.1796875 0.01)
(1.3828125 -0.16015625 0.01)
(1.3828125 -0.14300590124999996 0.01)
(1.3828125 1.14300590125 0.01)
(1.3828125 1.1484375 0.01)
(1.3828125 1.1875 0.01)
(1.40234375 -0.1796875 0.01)
(1.40234375 -0.16015625 0.01)
(1.40234375 -0.14300590124999996 0.01)
(1.40234375 1.14300590125 0.01)
(1.40234375 1.1484375 0.01)
(1.40625 -0.14300590124999996 0.01)
(1.40625 -0.10463422499999998 0.01)
(1.40625 -0.07817099999999999 0.01)
(1.40625 -0.059920499999999995 0.01)
(1.40625 -0.041669999999999999 0.01)
(1.40625 -0.0258 0.01)
(1.40625 -0.012 0.01)
(1.40625 0 0.01)
(1.40625 1 0.01)
(1.40625 1.012 0.01)
(1.40625 1.0258 0.01)
(1.40625 1.0416700000000001 0.01)
(1.40625 1.0599205 0.01)
(1.40625 1.078171 0.01)
(1.40625 1.1046342250000001 0.01)
(1.40625 1.14300590125 0.01)
(1.421875 -0.375 0.01)
(1.421875 -0.296875 0.01)
(1.421875 -0.21875 0.01)
(1.421875 -0.1796875 0.01)
(1.421875 -0.16015625 0.01)
(1.421875 -0.14300590124999996 0.01)
(1.421875 1.14300590125 0.01)
(1.421875 1.1484375 0.01)
(1.421875 1.1875 0.01)
(1.421875 1.265625 0.01)
(1.421875 1.34375 0.01)
(1.4375 1 0.01)
(1.4375 1.012 0.01)
(1.4375 1.0258 0.01)
(1.4375 1.0416700000000001 0.01)
(1.4375 1.0599205 0.01)
(1.4375 1.078171 0.01)
(1.4375 1.1046342250000001 0.01)
(1.4375 1.14300590125 0.01)
(1.44140625 -0.1796875 0.01)
(1.44140625 -0.16015625 0.01)
(1.44140625 -0.14300590124999996 0.01)
(1.44140625 1.14300590125 0.01)
(1.44140625 1.1484375 0.01)
(1.453125 -0.14300590124999996 0.01)
(1.453125 -0.10463422499999998 0.01)
(1.453125 -0.07817099999999999 0.01)
(1.453125 -0.059920499999999995 0.01)
(1.453125 -0.041669999999999999 0.01)
(1.453125 -0.0258 0.01)
(1.453125 -0.012 0.01)
(1.453125 0 0.01)
(1.4609375 -0.21875 0.01)
(1.4609375 -0.1796875 0.01)
(1.4609375 -0.16015625 0.01)
(1.4609375 -0.14300590124999996 0.01)
(1.4609375 1.14300590125 0.01)
(1.4609375 1.1484375 0.01)
(1.4609375 1.1875 0.01)
(1.46875 1 0.01)
(1.46875 1.012 0.01)
(1.46875 1.0258 0.01)
(1.46875 1.0416700000000001 0.01)
(1.46875 1.0599205 0.01)
(1.46875 1.078171 0.01)
(1.46875 1.1046342250000001 0.01)
(1.46875 1.14300590125 0.01)
(1.48046875 -0.1796875 0.01)
(1.48046875 -0.16015625 0.01)
(1.48046875 -0.14300590124999996 0.01)
(1.48046875 1.14300590125 0.01)
(1.48046875 1.1484375 0.01)
(1.5 -1 0.01)
(1.5 -0.6875 0.01)
(1.5 -0.53125 0.01)
(1.5 -0.375 0.01)
(1.5 -0.296875 0.01)
(1.5 -0.21875 0.01)
(1.5 -0.1796875 0.01)
(1.5 -0.16015625 0.01)
(1.5 -0.14300590124999996 0.01)
(1.5 -0.10463422499999998 0.01)
(1.5 -0.07817099999999999 0.01)
(1.5 -0.059920499999999995 0.01)
(1.5 -0.041669999999999999 0.01)
(1.5 -0.0258 0.01)
(1.5 -0.012 0.01)
(1.5 0 0.01)
(1.5 1 0.01)
(1.5 1.012 0.01)
(1.5 1.0258 0.01)
(1.5 1.0416700000000001 0.01)
(1.5 1.0599205 0.01)
(1.5 1.078171 0.01)
(1.5 1.1046342250000001 0.01)
(1.5 1.14300590125 0.01)
(1.5 1.1484375 0.01)
(1.5 1.1875 0.01)
(1.5 1.265625 0.01)
(1.5 1.34375 0.01)
(1.5 1.5 0.01)
(1.5 1.65625 0.01)
(1.5 1.8125 0.01)
(1.5 1.96875 0.01)
(1.5 2.125 0.01)
(1.5 2.28125 0.01)
(1.5 2.4375 0.01)
(1.5 2.59375 0.01)
(1.5 2.75 0.01)
(1.5 2.90625 0.01)
(1.5 3.0625 0.01)
(1.5 3.21875 0.01)
(1.5 3.375 0.01)
(1.5 3.6875 0.01)
(1.5 4 0.01)
(1.51953125 -0.1796875 0.01)
(1.51953125 -0.16015625 0.01)
(1.51953125 -0.14300590124999996 0.01)
(1.51953125 1.14300590125 0.01)
(1.51953125 1.1484375 0.01)
(1.53125 1 0.01)
(1.53125 1.012 0.01)
(1.53125 1.0258 0.01)
(1.53125 1.0416700000000001 0.01)
(1.53125 1.0599205 0.01)
(1.53125 1.078171 0.01)
(1.53125 1.1046342250000001 0.01)
(1.53125 1.14300590125 0.01)
(1.5390625 -0.21875 0.01)
(1.5390625 -0.1796875 0.01)
(1.5390625 -0.16015625 0.01)
(1.5390625 -0.14300590124999996 0.01)
(1.5390625 1.14300590125 0.01)
(1.5390625 1.1484375 0.01)
(1.5390625 1.1875 0.01)
(1.546875 -0.14300590124999996 0.01)
(1.546875 -0.10463422499999998 0.01)
(1.546875 -0.07817099999999999 0.01)
(1.546875 -0.059920499999999995 0.01)
(1.546875 -0.041669999999999999 0.01)
(1.546875 -0.0258 0.01)
(1.546875 -0.012 0.01)
(1.546875 0 0.01)
(1.55859375 -0.1796875 0.01)
(1.55859375 -0.16015625 0.01)
(1.55859375 -0.14300590124999996 0.01)
(1.55859375 1.14300590125 0.01)
(1.55859375 1.1484375 0.01)
(1.5625 1 0.01)
(1.5625 1.012 0.01)
(1.5625 1.0258 0.01)
(1.5625 1.0416700000000001 0.01)
(1.5625 1.0599205 0.01)
(1.5625 1.078171 0.01)
(1.5625 1.1046342250000001 0.01)
(1.5625 1.14300590125 0.01)
(1.578125 -0.375 0.01)
(1.578125 -0.296875 0.01)
(1.578125 -0.21875 0.01)
(1.578125 -0.1796875 0.01)
(1.578125 -0.16015625 0.01)
(1.578125 -0.14300590124999996 0.01)
(1.578125 1.14300590125 0.01)
(1.578125 1.1484375 0.01)
(1.578125 1.1875 0.01)
(1.578125 1.265625 0.01)
(1.578125 1.34375 0.01)
(1.59375 -0.14300590124999996 0.01)
(1.59375 -0.10463422499999998 0.01)
(1.59375 -0.07817099999999999 0.01)
(1.59375 -0.059920499999999995 0.01)
(1.59375 -0.041669999999999999 0.01)
(1.59375 -0.0258 0.01)
(1.59375 -0.012 0.01)
(1.59375 0 0.01)
(1.59375 1 0.01)
(1.59375 1.012 0.01)
(1.59375 1.0258 0.01)
(1.59375 1.0416700000000001 0.01)
(1.59375 1.0599205 0.01)
(1.59375 1.078171 0.01)
(1.59375 1.1046342250000001 0.01)
(1.59375 1.14300590125 0.01)
(1.59765625 -0.1796875 0.01)
(1.59765625 -0.16015625 0.01)
(1.59765625 -0.14300590124999996 0.01)
(1.59765625 1.14300590125 0.01)
(1.59765625 1.1484375 0.01)
(1.6171875 -0.21875 0.01)
(1.6171875 -0.1796875 0.01)
(1.6171875 -0.16015625 0.01)
(1.6171875 -0.14300590124999996 0.01)
(1.6171875 1.14300590125 0.01)
(1.6171875 1.1484375 0.01)
(1.6171875 1.1875 0.01)
(1.625 1 0.01)
(1.625 1.012 0.01)
(1.625 1.0258 0.01)
(1.625 1.0416700000000001 0.01)
(1.625 1.0599205 0.01)
(1.625 1.078171 0.01)
(1.625 1.1046342250000001 0.01)
(1.625 1.14300590125 0.01)
(1.63671875 -0.1796875 0.01)
(1.63671875 -0.16015625 0.01)
(1.63671875 -0.14300590124999996 0.01)
(1.63671875 1.14300590125 0.01)
(1.63671875 1.1484375 0.01)
(1.640625 -0.14300590124999996 0.01)
(1.640625 -0.10463422499999998 0.01)
(1.640625 -0.07817099999999999 0.01)
(1.640625 -0.059920499999999995 0.01)
(1.640625 -0.041669999999999999 0.01)
(1.640625 -0.0258 0.01)
(1.640625 -0.012 0.01)
(1.640625 0 0.01)
(1.65625 -0.6875 0.01)
(1.65625 -0.53125 0.01)
(1.65625 -0.375 0.01)
(1.65625 -0.296875 0.01)
(1.65625 -0.21875 0.01)
(1.65625 -0.1796875 0.01)
(1.65625 -0.16015625 0.01)
(1.65625 -0.14300590124999996 0.01)
(1.65625 1 0.01)
(1.65625 1.012 0.01)
(1.65625 1.0258 0.01)
(1.65625 1.0416700000000001 0.01)
(1.65625 1.0599205 0.01)
(1.65625 1.078171 0.01)
(1.65625 1.1046342250000001 0.01)
(1.65625 1.14300590125 0.01)
(1.65625 1.1484375 0.01)
(1.65625 1.1875 0.01)
(1.65625 1.265625 0.01)
(1.65625 1.34375 0.01)
(1.65625 1.421875 0.01)
(1.65625 1.5 0.01)
(1.65625 1.578125 0.01)
(1.65625 1.65625 0.01)
(1.65625 1.734375 0.01)
(1.65625 1.8125 0.01)
(1.65625 1.890625 0.01)
(1.65625 1.96875 0.01)
(1.65625 2.046875 0.01)
(1.65625 2.125 0.01)
(1.65625 2.203125 0.01)
(1.65625 2.28125 0.01)
(1.65625 2.359375 0.01)
(1.65625 2.4375 0.01)
(1.65625 2.515625 0.01)
(1.65625 2.59375 0.01)
(1.65625 2.671875 0.01)
(1.65625 2.75 0.01)
(1.65625 2.828125 0.01)
(1.65625 2.90625 0.01)
(1.65625 3.0625 0.01)
(1.65625 3.21875 0.01)
(1.65625 3.375 0.01)
(1.67578125 -0.1796875 0.01)
(1.67578125 -0.16015625 0.01)
(1.67578125 -0.14300590124999996 0.01)
(1.67578125 1.14300590125 0.01)
(1.67578125 1.1484375 0.01)
(1.6875 -0.14300590124999996 0.01)
(1.6875 -0.10463422499999998 0.01)
(1.6875 -0.07817099999999999 0.01)
(1.6875 -0.059920499999999995 0.01)
(1.6875 -0.041669999999999999 0.01)
(1.6875 -0.0258 0.01)
(1.6875 -0.012 0.01)
(1.6875 0 0.01)
(1.6875 1 0.01)
(1.6875 1.012 0.01)
(1.6875 1.0258 0.01)
(1.6875 1.0416700000000001 0.01)
(1.6875 1.0599205 0.01)
(1.6875 1.078171 0.01)
(1.6875 1.1046342250000001 0.01)
(1.6875 1.14300590125 0.01)
(1.6953125 -0.21875 0.01)
(1.6953125 -0.1796875 0.01)
(1.6953125 -0.16015625 0.01)
(1.6953125 -0.14300590124999996 0.01)
(1.6953125 1.14300590125 0.01)
(1.6953125 1.1484375 0.01)
(1.6953125 1.1875 0.01)
(1.71484375 -0.1796875 0.01)
(1.71484375 -0.16015625 0.01)
(1.71484375 -0.14300590124999996 0.01)
(1.71484375 1.14300590125 0.01)
(1.71484375 1.1484375 0.01)
(1.71875 1 0.01)
(1.71875 1.012 0.01)
(1.71875 1.0258 0.01)
(1.71875 1.0416700000000001 0.01)
(1.71875 1.0599205 0.01)
(1.71875 1.078171 0.01)
(1.71875 1.1046342250000001 0.01)
(1.71875 1.14300590125 0.01)
(1.734375 -0.375 0.01)
(1.734375 -0.296875 0.01)
(1.734375 -0.21875 0.01)
(1.734375 -0.1796875 0.01)
(1.734375 -0.16015625 0.01)
(1.734375 -0.14300590124999996 0.01)
(1.734375 -0.10463422499999998 0.01)
(1.734375 -0.07817099999999999 0.01)
(1.734375 -0.059920499999999995 0.01)
(1.734375 -0.041669999999999999 0.01)
(1.734375 -0.0258 0.01)
(1.734375 -0.012 0.01)
(1.734375 0 0.01)
(1.734375 1.14300590125 0.01)
(1.734375 1.1484375 0.01)
(1.734375 1.1875 0.01)
(1.734375 1.265625 0.01)
(1.734375 1.34375 0.01)
(1.734375 1.421875 0.01)
(1.734375 1.5 0.01)
(1.734375 1.578125 0.01)
(1.734375 1.65625 0.01)
(1.734375 1.734375 0.01)
(1.734375 1.8125 0.01)
(1.734375 1.890625 0.01)
(1.734375 1.96875 0.01)
(1.734375 2.046875 0.01)
(1.734375 2.125 0.01)
(1.734375 2.203125 0.01)
(1.734375 2.28125 0.01)
(1.734375 2.359375 0.01)
(1.734375 2.4375 0.01)
(1.734375 2.515625 0.01)
(1.734375 2.59375 0.01)
(1.734375 2.671875 0.01)
(1.734375 2.75 0.01)
(1.734375 2.828125 0.01)
(1.734375 2.90625 0.01)
(1.75 1 0.01)
(1.75 1.012 0.01)
(1.75 1.0258 0.01)
(1.75 1.0416700000000001 0.01)
(1.75 1.0599205 0.01)
(1.75 1.078171 0.01)
(1.75 1.1046342250000001 0.01)
(1.75 1.14300590125 0.01)
(1.75390625 -0.1796875 0.01)
(1.75390625 -0.16015625 0.01)
(1.75390625 -0.14300590124999996 0.01)
(1.75390625 1.14300590125 0.01)
(1.75390625 1.1484375 0.01)
(1.7734375 -0.21875 0.01)
(1.7734375 -0.1796875 0.01)
(1.7734375 -0.16015625 0.01)
(1.7734375 -0.14300590124999996 0.01)
(1.7734375 1.14300590125 0.01)
(1.7734375 1.1484375 0.01)
(1.7734375 1.1875 0.01)
(1.78125 -0.14300590124999996 0.01)
(1.78125 -0.10463422499999998 0.01)
(1.78125 -0.07817099999999999 0.01)
(1.78125 -0.059920499999999995 0.01)
(1.78125 -0.041669999999999999 0.01)
(1.78125 -0.0258 0.01)
(1.78125 -0.012 0.01)
(1.78125 0 0.01)
(1.78125 1 0.01)
(1.78125 1.012 0.01)
(1.78125 1.0258 0.01)
(1.78125 1.0416700000000001 0.01)
(1.78125 1.0599205 0.01)
(1.78125 1.078171 0.01)
(1.78125 1.1046342250000001 0.01)
(1.78125 1.109375 0.01)
(1.78125 1.12890625 0.01)
(1.78125 1.14300590125 0.01)
(1.79296875 -0.1796875 0.01)
(1.79296875 -0.16015625 0.01)
(1.79296875 -0.14300590124999996 0.01)
(1.79296875 1.1046342250000001 0.01)
(1.79296875 1.109375 0.01)
(1.79296875 1.12890625 0.01)
(1.79296875 1.1484375 0.01)
(1.8125 -1 0.01)
(1.8125 -0.6875 0.01)
(1.8125 -0.53125 0.01)
(1.8125 -0.375 0.01)
(1.8125 -0.296875 0.01)
(1.8125 -0.21875 0.01)
(1.8125 -0.1796875 0.01)
(1.8125 -0.16015625 0.01)
(1.8125 -0.14300590124999996 0.01)
(1.8125 1 0.01)
(1.8125 1.012 0.01)
(1.8125 1.0258 0.01)
(1.8125 1.0416700000000001 0.01)
(1.8125 1.0599205 0.01)
(1.8125 1.078171 0.01)
(1.8125 1.08984375 0.01)
(1.8125 1.1046342250000001 0.01)
(1.8125 1.109375 0.01)
(1.8125 1.12890625 0.01)
(1.8125 1.1484375 0.01)
(1.8125 1.1875 0.01)
(1.8125 1.2265625 0.01)
(1.8125 1.265625 0.01)
(1.8125 1.3046875 0.01)
(1.8125 1.34375 0.01)
(1.8125 1.3828125 0.01)
(1.8125 1.421875 0.01)
(1.8125 1.4609375 0.01)
(1.8125 1.5 0.01)
(1.8125 1.5390625 0.01)
(1.8125 1.578125 0.01)
(1.8125 1.6171875 0.01)
(1.8125 1.65625 0.01)
(1.8125 1.6953125 0.01)
(1.8125 1.734375 0.01)
(1.8125 1.7734375 0.01)
(1.8125 1.8125 0.01)
(1.8125 1.8515625 0.01)
(1.8125 1.890625 0.01)
(1.8125 1.9296875 0.01)
(1.8125 1.96875 0.01)
(1.8125 2.0078125 0.01)
(1.8125 2.046875 0.01)
(1.8125 2.0859375 0.01)
(1.8125 2.125 0.01)
(1.8125 2.1640625 0.01)
(1.8125 2.203125 0.01)
(1.8125 2.2421875 0.01)
(1.8125 2.28125 0.01)
(1.8125 2.3203125 0.01)
(1.8125 2.359375 0.01)
(1.8125 2.3984375 0.01)
(1.8125 2.4375 0.01)
(1.8125 2.4765625 0.01)
(1.8125 2.515625 0.01)
(1.8125 2.5546875 0.01)
(1.8125 2.59375 0.01)
(1.8125 2.6328125 0.01)
(1.8125 2.671875 0.01)
(1.8125 2.7109375 0.01)
(1.8125 2.75 0.01)
(1.8125 2.7890625 0.01)
(1.8125 2.828125 0.01)
(1.8125 2.8671875 0.01)
(1.8125 2.90625 0.01)
(1.8125 2.984375 0.01)
(1.8125 3.0625 0.01)
(1.8125 3.140625 0.01)
(1.8125 3.21875 0.01)
(1.8125 3.375 0.01)
(1.8125 3.6875 0.01)
(1.8125 4 0.01)
(1.828125 -0.14300590124999996 0.01)
(1.828125 -0.10463422499999998 0.01)
(1.828125 -0.07817099999999999 0.01)
(1.828125 -0.059920499999999995 0.01)
(1.828125 -0.041669999999999999 0.01)
(1.828125 -0.0258 0.01)
(1.828125 -0.012 0.01)
(1.828125 0 0.01)
(1.83203125 -0.1796875 0.01)
(1.83203125 -0.16015625 0.01)
(1.83203125 -0.14300590124999996 0.01)
(1.83203125 1.078171 0.01)
(1.83203125 1.08984375 0.01)
(1.83203125 1.109375 0.01)
(1.84375 1 0.01)
(1.84375 1.012 0.01)
(1.84375 1.0258 0.01)
(1.84375 1.0416700000000001 0.01)
(1.84375 1.0599205 0.01)
(1.84375 1.0703125 0.01)
(1.84375 1.078171 0.01)
(1.8515625 -0.21875 0.01)
(1.8515625 -0.1796875 0.01)
(1.8515625 -0.16015625 0.01)
(1.8515625 -0.14300590124999996 0.01)
(1.8515625 1.0599205 0.01)
(1.8515625 1.0703125 0.01)
(1.8515625 1.08984375 0.01)
(1.8515625 1.109375 0.01)
(1.8515625 1.1484375 0.01)
(1.8515625 1.1875 0.01)
(1.8515625 1.20703125 0.01)
(1.8515625 1.2265625 0.01)
(1.8515625 1.24609375 0.01)
(1.8515625 1.265625 0.01)
(1.8515625 1.28515625 0.01)
(1.8515625 1.3046875 0.01)
(1.8515625 1.32421875 0.01)
(1.8515625 1.34375 0.01)
(1.8515625 1.36328125 0.01)
(1.8515625 1.3828125 0.01)
(1.8515625 1.40234375 0.01)
(1.8515625 1.421875 0.01)
(1.8515625 1.44140625 0.01)
(1.8515625 1.4609375 0.01)
(1.8515625 1.48046875 0.01)
(1.8515625 1.5 0.01)
(1.8515625 1.51953125 0.01)
(1.8515625 1.5390625 0.01)
(1.8515625 1.55859375 0.01)
(1.8515625 1.578125 0.01)
(1.8515625 1.59765625 0.01)
(1.8515625 1.6171875 0.01)
(1.8515625 1.63671875 0.01)
(1.8515625 1.65625 0.01)
(1.8515625 1.67578125 0.01)
(1.8515625 1.6953125 0.01)
(1.8515625 1.71484375 0.01)
(1.8515625 1.734375 0.01)
(1.8515625 1.75390625 0.01)
(1.8515625 1.7734375 0.01)
(1.8515625 1.79296875 0.01)
(1.8515625 1.8125 0.01)
(1.8515625 1.83203125 0.01)
(1.8515625 1.8515625 0.01)
(1.8515625 1.87109375 0.01)
(1.8515625 1.890625 0.01)
(1.8515625 1.91015625 0.01)
(1.8515625 1.9296875 0.01)
(1.8515625 1.94921875 0.01)
(1.8515625 1.96875 0.01)
(1.8515625 1.98828125 0.01)
(1.8515625 2.0078125 0.01)
(1.8515625 2.02734375 0.01)
(1.8515625 2.046875 0.01)
(1.8515625 2.06640625 0.01)
(1.8515625 2.0859375 0.01)
(1.8515625 2.10546875 0.01)
(1.8515625 2.125 0.01)
(1.8515625 2.14453125 0.01)
(1.8515625 2.1640625 0.01)
(1.8515625 2.18359375 0.01)
(1.8515625 2.203125 0.01)
(1.8515625 2.22265625 0.01)
(1.8515625 2.2421875 0.01)
(1.8515625 2.26171875 0.01)
(1.8515625 2.28125 0.01)
(1.8515625 2.30078125 0.01)
(1.8515625 2.3203125 0.01)
(1.8515625 2.33984375 0.01)
(1.8515625 2.359375 0.01)
(1.8515625 2.37890625 0.01)
(1.8515625 2.3984375 0.01)
(1.8515625 2.41796875 0.01)
(1.8515625 2.4375 0.01)
(1.8515625 2.45703125 0.01)
(1.8515625 2.4765625 0.01)
(1.8515625 2.49609375 0.01)
(1.8515625 2.515625 0.01)
(1.8515625 2.53515625 0.01)
(1.8515625 2.5546875 0.01)
(1.8515625 2.57421875 0.01)
(1.8515625 2.59375 0.01)
(1.8515625 2.61328125 0.01)
(1.8515625 2.6328125 0.01)
(1.8515625 2.65234375 0.01)
(1.8515625 2.671875 0.01)
(1.8515625 2.69140625 0.01)
(1.8515625 2.7109375 0.01)
(1.8515625 2.73046875 0.01)
(1.8515625 2.75 0.01)
(1.8515625 2.76953125 0.01)
(1.8515625 2.7890625 0.01)
(1.8515625 2.80859375 0.01)
(1.8515625 2.828125 0.01)
(1.8515625 2.8671875 0.01)
(1.8515625 2.90625 0.01)
(1.85699409875 1.21875 0.01)
(1.85699409875 1.2265625 0.01)
(1.85699409875 1.24609375 0.01)
(1.85699409875 1.25 0.01)
(1.85699409875 1.265625 0.01)
(1.85699409875 1.28125 0.01)
(1.85699409875 1.28515625 0.01)
(1.85699409875 1.3046875 0.01)
(1.85699409875 1.3125 0.01)
(1.85699409875 1.32421875 0.01)
(1.85699409875 1.34375 0.01)
(1.85699409875 1.36328125 0.01)
(1.85699409875 1.375 0.01)
(1.85699409875 1.3828125 0.01)
(1.85699409875 1.40234375 0.01)
(1.85699409875 1.40625 0.01)
(1.85699409875 1.421875 0.01)
(1.85699409875 1.4375 0.01)
(1.85699409875 1.44140625 0.01)
(1.85699409875 1.4609375 0.01)
(1.85699409875 1.46875 0.01)
(1.85699409875 1.48046875 0.01)
(1.85699409875 1.5 0.01)
(1.85699409875 1.51953125 0.01)
(1.85699409875 1.53125 0.01)
(1.85699409875 1.5390625 0.01)
(1.85699409875 1.55859375 0.01)
(1.85699409875 1.5625 0.01)
(1.85699409875 1.578125 0.01)
(1.85699409875 1.59375 0.01)
(1.85699409875 1.59765625 0.01)
(1.85699409875 1.6171875 0.01)
(1.85699409875 1.625 0.01)
(1.85699409875 1.63671875 0.01)
(1.85699409875 1.65625 0.01)
(1.85699409875 1.67578125 0.01)
(1.85699409875 1.6875 0.01)
(1.85699409875 1.6953125 0.01)
(1.85699409875 1.71484375 0.01)
(1.85699409875 1.71875 0.01)
(1.85699409875 1.734375 0.01)
(1.85699409875 1.75 0.01)
(1.85699409875 1.75390625 0.01)
(1.85699409875 1.7734375 0.01)
(1.85699409875 1.78125 0.01)
(1.85699409875 1.79296875 0.01)
(1.85699409875 1.8125 0.01)
(1.85699409875 1.83203125 0.01)
(1.85699409875 1.84375 0.01)
(1.85699409875 1.8515625 0.01)
(1.85699409875 1.87109375 0.01)
(1.85699409875 1.875 0.01)
(1.85699409875 1.890625 0.01)
(1.85699409875 1.90625 0.01)
(1.85699409875 1.91015625 0.01)
(1.85699409875 1.9296875 0.01)
(1.85699409875 1.9375 0.01)
(1.85699409875 1.94921875 0.01)
(1.85699409875 1.96875 0.01)
(1.85699409875 1.98828125 0.01)
(1.85699409875 2 0.01)
(1.85699409875 2.0078125 0.01)
(1.85699409875 2.02734375 0.01)
(1.85699409875 2.03125 0.01)
(1.85699409875 2.046875 0.01)
(1.85699409875 2.0625 0.01)
(1.85699409875 2.06640625 0.01)
(1.85699409875 2.0859375 0.01)
(1.85699409875 2.09375 0.01)
(1.85699409875 2.10546875 0.01)
(1.85699409875 2.125 0.01)
(1.85699409875 2.14453125 0.01)
(1.85699409875 2.15625 0.01)
(1.85699409875 2.1640625 0.01)
(1.85699409875 2.18359375 0.01)
(1.85699409875 2.1875 0.01)
(1.85699409875 2.203125 0.01)
(1.85699409875 2.21875 0.01)
(1.85699409875 2.22265625 0.01)
(1.85699409875 2.2421875 0.01)
(1.85699409875 2.25 0.01)
(1.85699409875 2.26171875 0.01)
(1.85699409875 2.28125 0.01)
(1.85699409875 2.30078125 0.01)
(1.85699409875 2.3125 0.01)
(1.85699409875 2.3203125 0.01)
(1.85699409875 2.33984375 0.01)
(1.85699409875 2.34375 0.01)
(1.85699409875 2.359375 0.01)
(1.85699409875 2.375 0.01)
(1.85699409875 2.37890625 0.01)
(1.85699409875 2.3984375 0.01)
(1.85699409875 2.40625 0.01)
(1.85699409875 2.41796875 0.01)
(1.85699409875 2.4375 0.01)
(1.85699409875 2.45703125 0.01)
(1.85699409875 2.46875 0.01)
(1.85699409875 2.4765625 0.01)
(1.85699409875 2.49609375 0.01)
(1.85699409875 2.5 0.01)
(1.85699409875 2.515625 0.01)
(1.85699409875 2.53125 0.01)
(1.85699409875 2.53515625 0.01)
(1.85699409875 2.5546875 0.01)
(1.85699409875 2.5625 0.01)
(1.85699409875 2.57421875 0.01)
(1.85699409875 2.59375 0.01)
(1.85699409875 2.61328125 0.01)
(1.85699409875 2.625 0.01)
(1.85699409875 2.6328125 0.01)
(1.85699409875 2.65234375 0.01)
(1.85699409875 2.65625 0.01)
(1.85699409875 2.671875 0.01)
(1.85699409875 2.6875 0.01)
(1.85699409875 2.69140625 0.01)
(1.85699409875 2.7109375 0.01)
(1.85699409875 2.71875 0.01)
(1.85699409875 2.73046875 0.01)
(1.85699409875 2.75 0.01)
(1.85699409875 2.76953125 0.01)
(1.85699409875 2.78125 0.01)
(1.85699409875 2.7890625 0.01)
(1.85699409875 2.80859375 0.01)
(1.85699409875 2.8125 0.01)
(1.87109375 -0.1796875 0.01)
(1.87109375 -0.16015625 0.01)
(1.87109375 -0.14300590124999996 0.01)
(1.87109375 1.0599205 0.01)
(1.87109375 1.0703125 0.01)
(1.87109375 1.1875 0.01)
(1.87109375 1.20703125 0.01)
(1.87109375 1.21875 0.01)
(1.87109375 2.8125 0.01)
(1.87109375 2.828125 0.01)
(1.875 -0.14300590124999996 0.01)
(1.875 -0.10463422499999998 0.01)
(1.875 -0.07817099999999999 0.01)
(1.875 -0.059920499999999995 0.01)
(1.875 -0.041669999999999999 0.01)
(1.875 -0.0258 0.01)
(1.875 -0.012 0.01)
(1.875 0 0.01)
(1.875 1 0.01)
(1.875 1.012 0.01)
(1.875 1.0258 0.01)
(1.875 1.0416700000000001 0.01)
(1.875 1.05078125 0.01)
(1.875 1.0599205 0.01)
(1.890625 -0.375 0.01)
(1.890625 -0.296875 0.01)
(1.890625 -0.21875 0.01)
(1.890625 -0.1796875 0.01)
(1.890625 -0.16015625 0.01)
(1.890625 -0.14300590124999996 0.01)
(1.890625 1.0416700000000001 0.01)
(1.890625 1.05078125 0.01)
(1.890625 1.0703125 0.01)
(1.890625 1.109375 0.01)
(1.890625 1.1484375 0.01)
(1.890625 1.16796875 0.01)
(1.890625 1.1875 0.01)
(1.890625 1.20703125 0.01)
(1.890625 1.21875 0.01)
(1.890625 2.8125 0.01)
(1.890625 2.828125 0.01)
(1.890625 2.84765625 0.01)
(1.890625 2.8671875 0.01)
(1.890625 2.88671875 0.01)
(1.890625 2.90625 0.01)
(1.890625 2.9453125 0.01)
(1.890625 2.984375 0.01)
(1.890625 3.0234375 0.01)
(1.890625 3.0625 0.01)
(1.890625 3.140625 0.01)
(1.890625 3.21875 0.01)
(1.8953657749999999 1.1875 0.01)
(1.8953657749999999 1.20703125 0.01)
(1.8953657749999999 1.21875 0.01)
(1.8953657749999999 1.25 0.01)
(1.8953657749999999 1.28125 0.01)
(1.8953657749999999 1.3125 0.01)
(1.8953657749999999 1.34375 0.01)
(1.8953657749999999 1.375 0.01)
(1.8953657749999999 1.40625 0.01)
(1.8953657749999999 1.4375 0.01)
(1.8953657749999999 1.46875 0.01)
(1.8953657749999999 1.5 0.01)
(1.8953657749999999 1.53125 0.01)
(1.8953657749999999 1.5625 0.01)
(1.8953657749999999 1.59375 0.01)
(1.8953657749999999 1.625 0.01)
(1.8953657749999999 1.65625 0.01)
(1.8953657749999999 1.6875 0.01)
(1.8953657749999999 1.71875 0.01)
(1.8953657749999999 1.75 0.01)
(1.8953657749999999 1.78125 0.01)
(1.8953657749999999 1.8125 0.01)
(1.8953657749999999 1.84375 0.01)
(1.8953657749999999 1.875 0.01)
(1.8953657749999999 1.90625 0.01)
(1.8953657749999999 1.9375 0.01)
(1.8953657749999999 1.96875 0.01)
(1.8953657749999999 2 0.01)
(1.8953657749999999 2.03125 0.01)
(1.8953657749999999 2.0625 0.01)
(1.8953657749999999 2.09375 0.01)
(1.8953657749999999 2.125 0.01)
(1.8953657749999999 2.15625 0.01)
(1.8953657749999999 2.1875 0.01)
(1.8953657749999999 2.21875 0.01)
(1.8953657749999999 2.25 0.01)
(1.8953657749999999 2.28125 0.01)
(1.8953657749999999 2.3125 0.01)
(1.8953657749999999 2.34375 0.01)
(1.8953657749999999 2.375 0.01)
(1.8953657749999999 2.40625 0.01)
(1.8953657749999999 2.4375 0.01)
(1.8953657749999999 2.46875 0.01)
(1.8953657749999999 2.5 0.01)
(1.8953657749999999 2.53125 0.01)
(1.8953657749999999 2.5625 0.01)
(1.8953657749999999 2.59375 0.01)
(1.8953657749999999 2.625 0.01)
(1.8953657749999999 2.65625 0.01)
(1.8953657749999999 2.6875 0.01)
(1.8953657749999999 2.71875 0.01)
(1.8953657749999999 2.75 0.01)
(1.8953657749999999 2.78125 0.01)
(1.8953657749999999 2.8125 0.01)
(1.8953657749999999 2.828125 0.01)
(1.8953657749999999 2.84375 0.01)
(1.90625 1 0.01)
(1.90625 1.012 0.01)
(1.90625 1.0258 0.01)
(1.90625 1.03125 0.01)
(1.90625 1.0416700000000001 0.01)
(1.91015625 -0.1796875 0.01)
(1.91015625 -0.16015625 0.01)
(1.91015625 -0.14300590124999996 0.01)
(1.91015625 1.03125 0.01)
(1.91015625 1.05078125 0.01)
(1.91015625 1.0703125 0.01)
(1.91015625 1.1484375 0.01)
(1.91015625 1.16796875 0.01)
(1.91015625 1.1875 0.01)
(1.91015625 2.84375 0.01)
(1.91015625 2.84765625 0.01)
(1.91015625 2.8671875 0.01)
(1.91015625 2.88671875 0.01)
(1.91015625 2.90625 0.01)
(1.921829 1.15625 0.01)
(1.921829 1.16796875 0.01)
(1.921829 1.1875 0.01)
(1.921829 1.21875 0.01)
(1.921829 1.25 0.01)
(1.921829 1.28125 0.01)
(1.921829 1.3125 0.01)
(1.921829 1.34375 0.01)
(1.921829 1.375 0.01)
(1.921829 1.40625 0.01)
(1.921829 1.4375 0.01)
(1.921829 1.46875 0.01)
(1.921829 1.5 0.01)
(1.921829 1.53125 0.01)
(1.921829 1.5625 0.01)
(1.921829 1.59375 0.01)
(1.921829 1.625 0.01)
(1.921829 1.65625 0.01)
(1.921829 1.6875 0.01)
(1.921829 1.71875 0.01)
(1.921829 1.75 0.01)
(1.921829 1.78125 0.01)
(1.921829 1.8125 0.01)
(1.921829 1.84375 0.01)
(1.921829 1.875 0.01)
(1.921829 1.90625 0.01)
(1.921829 1.9375 0.01)
(1.921829 1.96875 0.01)
(1.921829 2 0.01)
(1.921829 2.03125 0.01)
(1.921829 2.0625 0.01)
(1.921829 2.09375 0.01)
(1.921829 2.125 0.01)
(1.921829 2.15625 0.01)
(1.921829 2.1875 0.01)
(1.921829 2.21875 0.01)
(1.921829 2.25 0.01)
(1.921829 2.28125 0.01)
(1.921829 2.3125 0.01)
(1.921829 2.34375 0.01)
(1.921829 2.375 0.01)
(1.921829 2.40625 0.01)
(1.921829 2.4375 0.01)
(1.921829 2.46875 0.01)
(1.921829 2.5 0.01)
(1.921829 2.53125 0.01)
(1.921829 2.5625 0.01)
(1.921829 2.59375 0.01)
(1.921829 2.625 0.01)
(1.921829 2.65625 0.01)
(1.921829 2.6875 0.01)
(1.921829 2.71875 0.01)
(1.921829 2.75 0.01)
(1.921829 2.78125 0.01)
(1.921829 2.8125 0.01)
(1.921829 2.84375 0.01)
(1.921829 2.84765625 0.01)
(1.921829 2.8671875 0.01)
(1.921829 2.875 0.01)
(1.921875 -0.14300590124999996 0.01)
(1.921875 -0.10463422499999998 0.01)
(1.921875 -0.07817099999999999 0.01)
(1.921875 -0.059920499999999995 0.01)
(1.921875 -0.041669999999999999 0.01)
(1.921875 -0.0258 0.01)
(1.921875 -0.012 0.01)
(1.921875 0 0.01)
(1.9296875 -0.21875 0.01)
(1.9296875 -0.1796875 0.01)
(1.9296875 -0.16015625 0.01)
(1.9296875 -0.14300590124999996 0.01)
(1.9296875 1.0258 0.01)
(1.9296875 1.03125 0.01)
(1.9296875 1.05078125 0.01)
(1.9296875 1.0703125 0.01)
(1.9296875 1.08984375 0.01)
(1.9296875 1.109375 0.01)
(1.9296875 1.12890625 0.01)
(1.9296875 1.1484375 0.01)
(1.9296875 1.15625 0.01)
(1.9296875 2.875 0.01)
(1.9296875 2.88671875 0.01)
(1.9296875 2.90625 0.01)
(1.9296875 2.92578125 0.01)
(1.9296875 2.9453125 0.01)
(1.9296875 2.984375 0.01)
(1.9296875 3.0234375 0.01)
(1.9296875 3.0625 0.01)
(1.9375 1 0.01)
(1.9375 1.012 0.01)
(1.9375 1.0258 0.01)
(1.9400795 1.125 0.01)
(1.9400795 1.12890625 0.01)
(1.9400795 1.1484375 0.01)
(1.9400795 1.15625 0.01)
(1.9400795 1.1875 0.01)
(1.9400795 1.21875 0.01)
(1.9400795 1.25 0.01)
(1.9400795 1.28125 0.01)
(1.9400795 1.3125 0.01)
(1.9400795 1.34375 0.01)
(1.9400795 1.375 0.01)
(1.9400795 1.40625 0.01)
(1.9400795 1.4375 0.01)
(1.9400795 1.46875 0.01)
(1.9400795 1.5 0.01)
(1.9400795 1.53125 0.01)
(1.9400795 1.5625 0.01)
(1.9400795 1.59375 0.01)
(1.9400795 1.625 0.01)
(1.9400795 1.65625 0.01)
(1.9400795 1.6875 0.01)
(1.9400795 1.71875 0.01)
(1.9400795 1.75 0.01)
(1.9400795 1.78125 0.01)
(1.9400795 1.8125 0.01)
(1.9400795 1.84375 0.01)
(1.9400795 1.875 0.01)
(1.9400795 1.90625 0.01)
(1.9400795 1.9375 0.01)
(1.9400795 1.96875 0.01)
(1.9400795 2 0.01)
(1.9400795 2.03125 0.01)
(1.9400795 2.0625 0.01)
(1.9400795 2.09375 0.01)
(1.9400795 2.125 0.01)
(1.9400795 2.15625 0.01)
(1.9400795 2.1875 0.01)
(1.9400795 2.21875 0.01)
(1.9400795 2.25 0.01)
(1.9400795 2.28125 0.01)
(1.9400795 2.3125 0.01)
(1.9400795 2.34375 0.01)
(1.9400795 2.375 0.01)
(1.9400795 2.40625 0.01)
(1.9400795 2.4375 0.01)
(1.9400795 2.46875 0.01)
(1.9400795 2.5 0.01)
(1.9400795 2.53125 0.01)
(1.9400795 2.5625 0.01)
(1.9400795 2.59375 0.01)
(1.9400795 2.625 0.01)
(1.9400795 2.65625 0.01)
(1.9400795 2.6875 0.01)
(1.9400795 2.71875 0.01)
(1.9400795 2.75 0.01)
(1.9400795 2.78125 0.01)
(1.9400795 2.8125 0.01)
(1.9400795 2.84375 0.01)
(1.9400795 2.875 0.01)
(1.9400795 2.88671875 0.01)
(1.9400795 2.90625 0.01)
(1.94921875 -0.1796875 0.01)
(1.94921875 -0.16015625 0.01)
(1.94921875 -0.14300590124999996 0.01)
(1.94921875 1.012 0.01)
(1.94921875 1.03125 0.01)
(1.94921875 1.0703125 0.01)
(1.94921875 1.08984375 0.01)
(1.94921875 1.109375 0.01)
(1.94921875 1.125 0.01)
(1.94921875 2.90625 0.01)
(1.94921875 2.92578125 0.01)
(1.94921875 2.9453125 0.01)
(1.9583299999999999 1.09375 0.01)
(1.9583299999999999 1.109375 0.01)
(1.9583299999999999 1.125 0.01)
(1.9583299999999999 1.15625 0.01)
(1.9583299999999999 1.1875 0.01)
(1.9583299999999999 1.21875 0.01)
(1.9583299999999999 1.25 0.01)
(1.9583299999999999 1.28125 0.01)
(1.9583299999999999 1.3125 0.01)
(1.9583299999999999 1.34375 0.01)
(1.9583299999999999 1.375 0.01)
(1.9583299999999999 1.40625 0.01)
(1.9583299999999999 1.4375 0.01)
(1.9583299999999999 1.46875 0.01)
(1.9583299999999999 1.5 0.01)
(1.9583299999999999 1.53125 0.01)
(1.9583299999999999 1.5625 0.01)
(1.9583299999999999 1.59375 0.01)
(1.9583299999999999 1.625 0.01)
(1.9583299999999999 1.65625 0.01)
(1.9583299999999999 1.6875 0.01)
(1.9583299999999999 1.71875 0.01)
(1.9583299999999999 1.75 0.01)
(1.9583299999999999 1.78125 0.01)
(1.9583299999999999 1.8125 0.01)
(1.9583299999999999 1.84375 0.01)
(1.9583299999999999 1.875 0.01)
(1.9583299999999999 1.90625 0.01)
(1.9583299999999999 1.9375 0.01)
(1.9583299999999999 1.96875 0.01)
(1.9583299999999999 2 0.01)
(1.9583299999999999 2.03125 0.01)
(1.9583299999999999 2.0625 0.01)
(1.9583299999999999 2.09375 0.01)
(1.9583299999999999 2.125 0.01)
(1.9583299999999999 2.15625 0.01)
(1.9583299999999999 2.1875 0.01)
(1.9583299999999999 2.21875 0.01)
(1.9583299999999999 2.25 0.01)
(1.9583299999999999 2.28125 0.01)
(1.9583299999999999 2.3125 0.01)
(1.9583299999999999 2.34375 0.01)
(1.9583299999999999 2.375 0.01)
(1.9583299999999999 2.40625 0.01)
(1.9583299999999999 2.4375 0.01)
(1.9583299999999999 2.46875 0.01)
(1.9583299999999999 2.5 0.01)
(1.9583299999999999 2.53125 0.01)
(1.9583299999999999 2.5625 0.01)
(1.9583299999999999 2.59375 0.01)
(1.9583299999999999 2.625 0.01)
(1.9583299999999999 2.65625 0.01)
(1.9583299999999999 2.6875 0.01)
(1.9583299999999999 2.71875 0.01)
(1.9583299999999999 2.75 0.01)
(1.9583299999999999 2.78125 0.01)
(1.9583299999999999 2.8125 0.01)
(1.9583299999999999 2.84375 0.01)
(1.9583299999999999 2.875 0.01)
(1.9583299999999999 2.90625 0.01)
(1.9583299999999999 2.92578125 0.01)
(1.9583299999999999 2.9375 0.01)
(1.96875 -0.6875 0.01)
(1.96875 -0.53125 0.01)
(1.96875 -0.375 0.01)
(1.96875 -0.296875 0.01)
(1.96875 -0.21875 0.01)
(1.96875 -0.1796875 0.01)
(1.96875 -0.16015625 0.01)
(1.96875 -0.14300590124999996 0.01)
(1.96875 -0.10463422499999998 0.01)
(1.96875 -0.07817099999999999 0.01)
(1.96875 -0.059920499999999995 0.01)
(1.96875 -0.041669999999999999 0.01)
(1.96875 -0.0258 0.01)
(1.96875 -0.012 0.01)
(1.96875 0 0.01)
(1.96875 1 0.01)
(1.96875 1.01171875 0.01)
(1.96875 1.012 0.01)
(1.96875 1.03125 0.01)
(1.96875 1.05078125 0.01)
(1.96875 1.0703125 0.01)
(1.96875 1.08984375 0.01)
(1.96875 1.09375 0.01)
(1.96875 2.9375 0.01)
(1.96875 2.9453125 0.01)
(1.96875 2.96484375 0.01)
(1.96875 2.984375 0.01)
(1.96875 3.00390625 0.01)
(1.96875 3.0234375 0.01)
(1.96875 3.0625 0.01)
(1.96875 3.1015625 0.01)
(1.96875 3.140625 0.01)
(1.96875 3.21875 0.01)
(1.96875 3.375 0.01)
(1.9742 1.0625 0.01)
(1.9742 1.0703125 0.01)
(1.9742 1.09375 0.01)
(1.9742 1.125 0.01)
(1.9742 1.15625 0.01)
(1.9742 1.1875 0.01)
(1.9742 1.21875 0.01)
(1.9742 1.25 0.01)
(1.9742 1.28125 0.01)
(1.9742 1.3125 0.01)
(1.9742 1.34375 0.01)
(1.9742 1.375 0.01)
(1.9742 1.40625 0.01)
(1.9742 1.4375 0.01)
(1.9742 1.46875 0.01)
(1.9742 1.5 0.01)
(1.9742 1.53125 0.01)
(1.9742 1.5625 0.01)
(1.9742 1.59375 0.01)
(1.9742 1.625 0.01)
(1.9742 1.65625 0.01)
(1.9742 1.6875 0.01)
(1.9742 1.71875 0.01)
(1.9742 1.75 0.01)
(1.9742 1.78125 0.01)
(1.9742 1.8125 0.01)
(1.9742 1.84375 0.01)
(1.9742 1.875 0.01)
(1.9742 1.90625 0.01)
(1.9742 1.9375 0.01)
(1.9742 1.96875 0.01)
(1.9742 2 0.01)
(1.9742 2.03125 0.01)
(1.9742 2.0625 0.01)
(1.9742 2.09375 0.01)
(1.9742 2.125 0.01)
(1.9742 2.15625 0.01)
(1.9742 2.1875 0.01)
(1.9742 2.21875 0.01)
(1.9742 2.25 0.01)
(1.9742 2.28125 0.01)
(1.9742 2.3125 0.01)
(1.9742 2.34375 0.01)
(1.9742 2.375 0.01)
(1.9742 2.40625 0.01)
(1.9742 2.4375 0.01)
(1.9742 2.46875 0.01)
(1.9742 2.5 0.01)
(1.9742 2.53125 0.01)
(1.9742 2.5625 0.01)
(1.9742 2.59375 0.01)
(1.9742 2.625 0.01)
(1.9742 2.65625 0.01)
(1.9742 2.6875 0.01)
(1.9742 2.71875 0.01)
(1.9742 2.75 0.01)
(1.9742 2.78125 0.01)
(1.9742 2.8125 0.01)
(1.9742 2.84375 0.01)
(1.9742 2.875 0.01)
(1.9742 2.90625 0.01)
(1.9742 2.9375 0.01)
(1.9742 2.9453125 0.01)
(1.9742 2.96484375 0.01)
(1.9742 2.96875 0.01)
(1.988 1.03125 0.01)
(1.988 1.05078125 0.01)
(1.988 1.0625 0.01)
(1.988 1.09375 0.01)
(1.988 1.125 0.01)
(1.988 1.15625 0.01)
(1.988 1.1875 0.01)
(1.988 1.21875 0.01)
(1.988 1.25 0.01)
(1.988 1.28125 0.01)
(1.988 1.3125 0.01)
(1.988 1.34375 0.01)
(1.988 1.375 0.01)
(1.988 1.40625 0.01)
(1.988 1.4375 0.01)
(1.988 1.46875 0.01)
(1.988 1.5 0.01)
(1.988 1.53125 0.01)
(1.988 1.5625 0.01)
(1.988 1.59375 0.01)
(1.988 1.625 0.01)
(1.988 1.65625 0.01)
(1.988 1.6875 0.01)
(1.988 1.71875 0.01)
(1.988 1.75 0.01)
(1.988 1.78125 0.01)
(1.988 1.8125 0.01)
(1.988 1.84375 0.01)
(1.988 1.875 0.01)
(1.988 1.90625 0.01)
(1.988 1.9375 0.01)
(1.988 1.96875 0.01)
(1.988 2 0.01)
(1.988 2.03125 0.01)
(1.988 2.0625 0.01)
(1.988 2.09375 0.01)
(1.988 2.125 0.01)
(1.988 2.15625 0.01)
(1.988 2.1875 0.01)
(1.988 2.21875 0.01)
(1.988 2.25 0.01)
(1.988 2.28125 0.01)
(1.988 2.3125 0.01)
(1.988 2.34375 0.01)
(1.988 2.375 0.01)
(1.988 2.40625 0.01)
(1.988 2.4375 0.01)
(1.988 2.46875 0.01)
(1.988 2.5 0.01)
(1.988 2.53125 0.01)
(1.988 2.5625 0.01)
(1.988 2.59375 0.01)
(1.988 2.625 0.01)
(1.988 2.65625 0.01)
(1.988 2.6875 0.01)
(1.988 2.71875 0.01)
(1.988 2.75 0.01)
(1.988 2.78125 0.01)
(1.988 2.8125 0.01)
(1.988 2.84375 0.01)
(1.988 2.875 0.01)
(1.988 2.90625 0.01)
(1.988 2.9375 0.01)
(1.988 2.96875 0.01)
(1.988 2.984375 0.01)
(1.988 3.00390625 0.01)
(1.988 3.012 0.01)
(1.98828125 -0.1796875 0.01)
(1.98828125 -0.16015625 0.01)
(1.98828125 -0.14300590124999996 0.01)
(1.98828125 1 0.01)
(1.98828125 1.01171875 0.01)
(1.98828125 1.03125 0.01)
(1.98828125 3.012 0.01)
(1.98828125 3.0234375 0.01)
(2 1 0.01)
(2 1.01171875 0.01)
(2 1.03125 0.01)
(2 1.0625 0.01)
(2 1.09375 0.01)
(2 1.125 0.01)
(2 1.15625 0.01)
(2 1.1875 0.01)
(2 1.21875 0.01)
(2 1.25 0.01)
(2 1.28125 0.01)
(2 1.3125 0.01)
(2 1.34375 0.01)
(2 1.375 0.01)
(2 1.40625 0.01)
(2 1.4375 0.01)
(2 1.46875 0.01)
(2 1.5 0.01)
(2 1.53125 0.01)
(2 1.5625 0.01)
(2 1.59375 0.01)
(2 1.625 0.01)
(2 1.65625 0.01)
(2 1.6875 0.01)
(2 1.71875 0.01)
(2 1.75 0.01)
(2 1.78125 0.01)
(2 1.8125 0.01)
(2 1.84375 0.01)
(2 1.875 0.01)
(2 1.90625 0.01)
(2 1.9375 0.01)
(2 1.96875 0.01)
(2 2 0.01)
(2 2.03125 0.01)
(2 2.0625 0.01)
(2 2.09375 0.01)
(2 2.125 0.01)
(2 2.15625 0.01)
(2 2.1875 0.01)
(2 2.21875 0.01)
(2 2.25 0.01)
(2 2.28125 0.01)
(2 2.3125 0.01)
(2 2.34375 0.01)
(2 2.375 0.01)
(2 2.40625 0.01)
(2 2.4375 0.01)
(2 2.46875 0.01)
(2 2.5 0.01)
(2 2.53125 0.01)
(2 2.5625 0.01)
(2 2.59375 0.01)
(2 2.625 0.01)
(2 2.65625 0.01)
(2 2.6875 0.01)
(2 2.71875 0.01)
(2 2.75 0.01)
(2 2.78125 0.01)
(2 2.8125 0.01)
(2 2.84375 0.01)
(2 2.875 0.01)
(2 2.90625 0.01)
(2 2.9375 0.01)
(2 2.96875 0.01)
(2 3 0.01)
(2.0078125 -0.21875 0.01)
(2.0078125 -0.1796875 0.01)
(2.0078125 -0.16015625 0.01)
(2.0078125 -0.14300590124999996 0.01)
(2.0078125 3.012 0.01)
(2.0078125 3.0234375 0.01)
(2.0078125 3.04296875 0.01)
(2.0078125 3.0625 0.01)
(2.0078125 3.1015625 0.01)
(2.0078125 3.140625 0.01)
(2.015625 -0.14300590124999996 0.01)
(2.015625 -0.10463422499999998 0.01)
(2.015625 -0.07817099999999999 0.01)
(2.015625 -0.059920499999999995 0.01)
(2.015625 -0.041669999999999999 0.01)
(2.015625 -0.0258 0.01)
(2.015625 -0.012 0.01)
(2.015625 0 0.01)
(2.02734375 -0.1796875 0.01)
(2.02734375 -0.16015625 0.01)
(2.02734375 -0.14300590124999996 0.01)
(2.02734375 3.012 0.01)
(2.02734375 3.0234375 0.01)
(2.02734375 3.04296875 0.01)
(2.02734375 3.0625 0.01)
(2.03125 3 0.01)
(2.03125 3.012 0.01)
(2.03125 3.0234375 0.01)
(2.03125 3.0257999999999998 0.01)
(2.046875 -0.375 0.01)
(2.046875 -0.296875 0.01)
(2.046875 -0.21875 0.01)
(2.046875 -0.1796875 0.01)
(2.046875 -0.16015625 0.01)
(2.046875 -0.14300590124999996 0.01)
(2.046875 3.0257999999999998 0.01)
(2.046875 3.04296875 0.01)
(2.046875 3.0625 0.01)
(2.046875 3.1015625 0.01)
(2.046875 3.140625 0.01)
(2.046875 3.21875 0.01)
(2.0625 -0.14300590124999996 0.01)
(2.0625 -0.10463422499999998 0.01)
(2.0625 -0.07817099999999999 0.01)
(2.0625 -0.059920499999999995 0.01)
(2.0625 -0.041669999999999999 0.01)
(2.0625 -0.0258 0.01)
(2.0625 -0.012 0.01)
(2.0625 0 0.01)
(2.0625 3 0.01)
(2.0625 3.012 0.01)
(2.0625 3.0257999999999998 0.01)
(2.0625 3.0416699999999999 0.01)
(2.06640625 -0.1796875 0.01)
(2.06640625 -0.16015625 0.01)
(2.06640625 -0.14300590124999996 0.01)
(2.06640625 3.0416699999999999 0.01)
(2.06640625 3.04296875 0.01)
(2.06640625 3.0625 0.01)
(2.0859375 -0.21875 0.01)
(2.0859375 -0.1796875 0.01)
(2.0859375 -0.16015625 0.01)
(2.0859375 -0.14300590124999996 0.01)
(2.0859375 3.0416699999999999 0.01)
(2.0859375 3.0625 0.01)
(2.0859375 3.08203125 0.01)
(2.0859375 3.1015625 0.01)
(2.0859375 3.140625 0.01)
(2.09375 3 0.01)
(2.09375 3.012 0.01)
(2.09375 3.0257999999999998 0.01)
(2.09375 3.0416699999999999 0.01)
(2.09375 3.0599205 0.01)
(2.10546875 -0.1796875 0.01)
(2.10546875 -0.16015625 0.01)
(2.10546875 -0.14300590124999996 0.01)
(2.10546875 3.0599205 0.01)
(2.10546875 3.0625 0.01)
(2.10546875 3.08203125 0.01)
(2.10546875 3.1015625 0.01)
(2.109375 -0.14300590124999996 0.01)
(2.109375 -0.10463422499999998 0.01)
(2.109375 -0.07817099999999999 0.01)
(2.109375 -0.059920499999999995 0.01)
(2.109375 -0.041669999999999999 0.01)
(2.109375 -0.0258 0.01)
(2.109375 -0.012 0.01)
(2.109375 0 0.01)
(2.125 -1 0.01)
(2.125 -0.6875 0.01)
(2.125 -0.53125 0.01)
(2.125 -0.375 0.01)
(2.125 -0.296875 0.01)
(2.125 -0.21875 0.01)
(2.125 -0.1796875 0.01)
(2.125 -0.16015625 0.01)
(2.125 -0.14300590124999996 0.01)
(2.125 3 0.01)
(2.125 3.012 0.01)
(2.125 3.0257999999999998 0.01)
(2.125 3.0416699999999999 0.01)
(2.125 3.0599205 0.01)
(2.125 3.0625 0.01)
(2.125 3.0781710000000002 0.01)
(2.125 3.08203125 0.01)
(2.125 3.1015625 0.01)
(2.125 3.12109375 0.01)
(2.125 3.140625 0.01)
(2.125 3.1796875 0.01)
(2.125 3.21875 0.01)
(2.125 3.296875 0.01)
(2.125 3.375 0.01)
(2.125 3.53125 0.01)
(2.125 3.6875 0.01)
(2.125 4 0.01)
(2.14453125 -0.1796875 0.01)
(2.14453125 -0.16015625 0.01)
(2.14453125 -0.14300590124999996 0.01)
(2.14453125 3.0781710000000002 0.01)
(2.14453125 3.08203125 0.01)
(2.14453125 3.1015625 0.01)
(2.14453125 3.12109375 0.01)
(2.14453125 3.140625 0.01)
(2.15625 -0.14300590124999996 0.01)
(2.15625 -0.10463422499999998 0.01)
(2.15625 -0.07817099999999999 0.01)
(2.15625 -0.059920499999999995 0.01)
(2.15625 -0.041669999999999999 0.01)
(2.15625 -0.0258 0.01)
(2.15625 -0.012 0.01)
(2.15625 0 0.01)
(2.15625 3 0.01)
(2.15625 3.012 0.01)
(2.15625 3.0257999999999998 0.01)
(2.15625 3.0416699999999999 0.01)
(2.15625 3.0599205 0.01)
(2.15625 3.0781710000000002 0.01)
(2.15625 3.08203125 0.01)
(2.15625 3.1015625 0.01)
(2.15625 3.1046342249999999 0.01)
(2.1640625 -0.21875 0.01)
(2.1640625 -0.1796875 0.01)
(2.1640625 -0.16015625 0.01)
(2.1640625 -0.14300590124999996 0.01)
(2.1640625 3.1046342249999999 0.01)
(2.1640625 3.12109375 0.01)
(2.1640625 3.140625 0.01)
(2.1640625 3.16015625 0.01)
(2.1640625 3.1796875 0.01)
(2.1640625 3.21875 0.01)
(2.18359375 -0.1796875 0.01)
(2.18359375 -0.16015625 0.01)
(2.18359375 -0.14300590124999996 0.01)
(2.18359375 3.1046342249999999 0.01)
(2.18359375 3.12109375 0.01)
(2.18359375 3.140625 0.01)
(2.18359375 3.16015625 0.01)
(2.18359375 3.1796875 0.01)
(2.1875 3 0.01)
(2.1875 3.012 0.01)
(2.1875 3.0257999999999998 0.01)
(2.1875 3.0416699999999999 0.01)
(2.1875 3.0599205 0.01)
(2.1875 3.0781710000000002 0.01)
(2.1875 3.1046342249999999 0.01)
(2.1875 3.12109375 0.01)
(2.1875 3.140625 0.01)
(2.1875 3.14300590125 0.01)
(2.203125 -0.375 0.01)
(2.203125 -0.296875 0.01)
(2.203125 -0.21875 0.01)
(2.203125 -0.1796875 0.01)
(2.203125 -0.16015625 0.01)
(2.203125 -0.14300590124999996 0.01)
(2.203125 -0.10463422499999998 0.01)
(2.203125 -0.07817099999999999 0.01)
(2.203125 -0.059920499999999995 0.01)
(2.203125 -0.041669999999999999 0.01)
(2.203125 -0.0258 0.01)
(2.203125 -0.012 0.01)
(2.203125 0 0.01)
(2.203125 3.14300590125 0.01)
(2.203125 3.16015625 0.01)
(2.203125 3.1796875 0.01)
(2.203125 3.21875 0.01)
(2.203125 3.296875 0.01)
(2.203125 3.375 0.01)
(2.21875 3 0.01)
(2.21875 3.012 0.01)
(2.21875 3.0257999999999998 0.01)
(2.21875 3.0416699999999999 0.01)
(2.21875 3.0599205 0.01)
(2.21875 3.0781710000000002 0.01)
(2.21875 3.1046342249999999 0.01)
(2.21875 3.14300590125 0.01)
(2.22265625 -0.1796875 0.01)
(2.22265625 -0.16015625 0.01)
(2.22265625 -0.14300590124999996 0.01)
(2.22265625 3.14300590125 0.01)
(2.22265625 3.16015625 0.01)
(2.22265625 3.1796875 0.01)
(2.2421875 -0.21875 0.01)
(2.2421875 -0.1796875 0.01)
(2.2421875 -0.16015625 0.01)
(2.2421875 -0.14300590124999996 0.01)
(2.2421875 3.14300590125 0.01)
(2.2421875 3.16015625 0.01)
(2.2421875 3.1796875 0.01)
(2.2421875 3.21875 0.01)
(2.25 -0.14300590124999996 0.01)
(2.25 -0.10463422499999998 0.01)
(2.25 -0.07817099999999999 0.01)
(2.25 -0.059920499999999995 0.01)
(2.25 -0.041669999999999999 0.01)
(2.25 -0.0258 0.01)
(2.25 -0.012 0.01)
(2.25 0 0.01)
(2.25 3 0.01)
(2.25 3.012 0.01)
(2.25 3.0257999999999998 0.01)
(2.25 3.0416699999999999 0.01)
(2.25 3.0599205 0.01)
(2.25 3.0781710000000002 0.01)
(2.25 3.1046342249999999 0.01)
(2.25 3.14300590125 0.01)
(2.26171875 -0.1796875 0.01)
(2.26171875 -0.16015625 0.01)
(2.26171875 -0.14300590124999996 0.01)
(2.26171875 3.14300590125 0.01)
(2.26171875 3.16015625 0.01)
(2.26171875 3.1796875 0.01)
(2.28125 -0.6875 0.01)
(2.28125 -0.53125 0.01)
(2.28125 -0.375 0.01)
(2.28125 -0.296875 0.01)
(2.28125 -0.21875 0.01)
(2.28125 -0.1796875 0.01)
(2.28125 -0.16015625 0.01)
(2.28125 -0.14300590124999996 0.01)
(2.28125 3 0.01)
(2.28125 3.012 0.01)
(2.28125 3.0257999999999998 0.01)
(2.28125 3.0416699999999999 0.01)
(2.28125 3.0599205 0.01)
(2.28125 3.0781710000000002 0.01)
(2.28125 3.1046342249999999 0.01)
(2.28125 3.14300590125 0.01)
(2.28125 3.16015625 0.01)
(2.28125 3.1796875 0.01)
(2.28125 3.21875 0.01)
(2.28125 3.296875 0.01)
(2.28125 3.375 0.01)
(2.28125 3.53125 0.01)
(2.28125 3.6875 0.01)
(2.296875 -0.14300590124999996 0.01)
(2.296875 -0.10463422499999998 0.01)
(2.296875 -0.07817099999999999 0.01)
(2.296875 -0.059920499999999995 0.01)
(2.296875 -0.041669999999999999 0.01)
(2.296875 -0.0258 0.01)
(2.296875 -0.012 0.01)
(2.296875 0 0.01)
(2.30078125 -0.1796875 0.01)
(2.30078125 -0.16015625 0.01)
(2.30078125 -0.14300590124999996 0.01)
(2.30078125 3.14300590125 0.01)
(2.30078125 3.16015625 0.01)
(2.30078125 3.1796875 0.01)
(2.3125 3 0.01)
(2.3125 3.012 0.01)
(2.3125 3.0257999999999998 0.01)
(2.3125 3.0416699999999999 0.01)
(2.3125 3.0599205 0.01)
(2.3125 3.0781710000000002 0.01)
(2.3125 3.1046342249999999 0.01)
(2.3125 3.14300590125 0.01)
(2.3203125 -0.21875 0.01)
(2.3203125 -0.1796875 0.01)
(2.3203125 -0.16015625 0.01)
(2.3203125 -0.14300590124999996 0.01)
(2.3203125 3.14300590125 0.01)
(2.3203125 3.16015625 0.01)
(2.3203125 3.1796875 0.01)
(2.3203125 3.21875 0.01)
(2.33984375 -0.1796875 0.01)
(2.33984375 -0.16015625 0.01)
(2.33984375 -0.14300590124999996 0.01)
(2.33984375 3.14300590125 0.01)
(2.33984375 3.16015625 0.01)
(2.33984375 3.1796875 0.01)
(2.34375 -0.14300590124999996 0.01)
(2.34375 -0.10463422499999998 0.01)
(2.34375 -0.07817099999999999 0.01)
(2.34375 -0.059920499999999995 0.01)
(2.34375 -0.041669999999999999 0.01)
(2.34375 -0.0258 0.01)
(2.34375 -0.012 0.01)
(2.34375 0 0.01)
(2.34375 3 0.01)
(2.34375 3.012 0.01)
(2.34375 3.0257999999999998 0.01)
(2.34375 3.0416699999999999 0.01)
(2.34375 3.0599205 0.01)
(2.34375 3.0781710000000002 0.01)
(2.34375 3.1046342249999999 0.01)
(2.34375 3.14300590125 0.01)
(2.359375 -0.375 0.01)
(2.359375 -0.296875 0.01)
(2.359375 -0.21875 0.01)
(2.359375 -0.1796875 0.01)
(2.359375 -0.16015625 0.01)
(2.359375 -0.14300590124999996 0.01)
(2.359375 3.14300590125 0.01)
(2.359375 3.16015625 0.01)
(2.359375 3.1796875 0.01)
(2.359375 3.21875 0.01)
(2.359375 3.296875 0.01)
(2.359375 3.375 0.01)
(2.375 3 0.01)
(2.375 3.012 0.01)
(2.375 3.0257999999999998 0.01)
(2.375 3.0416699999999999 0.01)
(2.375 3.0599205 0.01)
(2.375 3.0781710000000002 0.01)
(2.375 3.1046342249999999 0.01)
(2.375 3.14300590125 0.01)
(2.37890625 -0.1796875 0.01)
(2.37890625 -0.16015625 0.01)
(2.37890625 -0.14300590124999996 0.01)
(2.37890625 3.14300590125 0.01)
(2.37890625 3.16015625 0.01)
(2.37890625 3.1796875 0.01)
(2.390625 -0.14300590124999996 0.01)
(2.390625 -0.10463422499999998 0.01)
(2.390625 -0.07817099999999999 0.01)
(2.390625 -0.059920499999999995 0.01)
(2.390625 -0.041669999999999999 0.01)
(2.390625 -0.0258 0.01)
(2.390625 -0.012 0.01)
(2.390625 0 0.01)
(2.3984375 -0.21875 0.01)
(2.3984375 -0.1796875 0.01)
(2.3984375 -0.16015625 0.01)
(2.3984375 -0.14300590124999996 0.01)
(2.3984375 3.14300590125 0.01)
(2.3984375 3.16015625 0.01)
(2.3984375 3.1796875 0.01)
(2.3984375 3.21875 0.01)
(2.40625 3 0.01)
(2.40625 3.012 0.01)
(2.40625 3.0257999999999998 0.01)
(2.40625 3.0416699999999999 0.01)
(2.40625 3.0599205 0.01)
(2.40625 3.0781710000000002 0.01)
(2.40625 3.1046342249999999 0.01)
(2.40625 3.14300590125 0.01)
(2.41796875 -0.1796875 0.01)
(2.41796875 -0.16015625 0.01)
(2.41796875 -0.14300590124999996 0.01)
(2.41796875 3.14300590125 0.01)
(2.41796875 3.16015625 0.01)
(2.41796875 3.1796875 0.01)
(2.4375 -1 0.01)
(2.4375 -0.6875 0.01)
(2.4375 -0.53125 0.01)
(2.4375 -0.375 0.01)
(2.4375 -0.296875 0.01)
(2.4375 -0.21875 0.01)
(2.4375 -0.1796875 0.01)
(2.4375 -0.16015625 0.01)
(2.4375 -0.14300590124999996 0.01)
(2.4375 -0.10463422499999998 0.01)
(2.4375 -0.07817099999999999 0.01)
(2.4375 -0.059920499999999995 0.01)
(2.4375 -0.041669999999999999 0.01)
(2.4375 -0.0258 0.01)
(2.4375 -0.012 0.01)
(2.4375 0 0.01)
(2.4375 3 0.01)
(2.4375 3.012 0.01)
(2.4375 3.0257999999999998 0.01)
(2.4375 3.0416699999999999 0.01)
(2.4375 3.0599205 0.01)
(2.4375 3.0781710000000002 0.01)
(2.4375 3.1046342249999999 0.01)
(2.4375 3.14300590125 0.01)
(2.4375 3.16015625 0.01)
(2.4375 3.1796875 0.01)
(2.4375 3.21875 0.01)
(2.4375 3.296875 0.01)
(2.4375 3.375 0.01)
(2.4375 3.53125 0.01)
(2.4375 3.6875 0.01)
(2.4375 4 0.01)
(2.45703125 -0.1796875 0.01)
(2.45703125 -0.16015625 0.01)
(2.45703125 -0.14300590124999996 0.01)
(2.45703125 3.14300590125 0.01)
(2.45703125 3.16015625 0.01)
(2.45703125 3.1796875 0.01)
(2.46875 3 0.01)
(2.46875 3.012 0.01)
(2.46875 3.0257999999999998 0.01)
(2.46875 3.0416699999999999 0.01)
(2.46875 3.0599205 0.01)
(2.46875 3.0781710000000002 0.01)
(2.46875 3.1046342249999999 0.01)
(2.46875 3.14300590125 0.01)
(2.4765625 -0.21875 0.01)
(2.4765625 -0.1796875 0.01)
(2.4765625 -0.16015625 0.01)
(2.4765625 -0.14300590124999996 0.01)
(2.4765625 3.14300590125 0.01)
(2.4765625 3.16015625 0.01)
(2.4765625 3.1796875 0.01)
(2.4765625 3.21875 0.01)
(2.484375 -0.14300590124999996 0.01)
(2.484375 -0.10463422499999998 0.01)
(2.484375 -0.07817099999999999 0.01)
(2.484375 -0.059920499999999995 0.01)
(2.484375 -0.041669999999999999 0.01)
(2.484375 -0.0258 0.01)
(2.484375 -0.012 0.01)
(2.484375 0 0.01)
(2.49609375 -0.1796875 0.01)
(2.49609375 -0.16015625 0.01)
(2.49609375 -0.14300590124999996 0.01)
(2.49609375 3.14300590125 0.01)
(2.49609375 3.16015625 0.01)
(2.49609375 3.1796875 0.01)
(2.5 3 0.01)
(2.5 3.012 0.01)
(2.5 3.0257999999999998 0.01)
(2.5 3.0416699999999999 0.01)
(2.5 3.0599205 0.01)
(2.5 3.0781710000000002 0.01)
(2.5 3.1046342249999999 0.01)
(2.5 3.14300590125 0.01)
(2.515625 -0.375 0.01)
(2.515625 -0.296875 0.01)
(2.515625 -0.21875 0.01)
(2.515625 -0.1796875 0.01)
(2.515625 -0.16015625 0.01)
(2.515625 -0.14300590124999996 0.01)
(2.515625 3.14300590125 0.01)
(2.515625 3.16015625 0.01)
(2.515625 3.1796875 0.01)
(2.515625 3.21875 0.01)
(2.515625 3.296875 0.01)
(2.515625 3.375 0.01)
(2.53125 -0.14300590124999996 0.01)
(2.53125 -0.10463422499999998 0.01)
(2.53125 -0.07817099999999999 0.01)
(2.53125 -0.059920499999999995 0.01)
(2.53125 -0.041669999999999999 0.01)
(2.53125 -0.0258 0.01)
(2.53125 -0.012 0.01)
(2.53125 0 0.01)
(2.53125 3 0.01)
(2.53125 3.012 0.01)
(2.53125 3.0257999999999998 0.01)
(2.53125 3.0416699999999999 0.01)
(2.53125 3.0599205 0.01)
(2.53125 3.0781710000000002 0.01)
(2.53125 3.1046342249999999 0.01)
(2.53125 3.14300590125 0.01)
(2.53515625 -0.1796875 0.01)
(2.53515625 -0.16015625 0.01)
(2.53515625 -0.14300590124999996 0.01)
(2.53515625 3.14300590125 0.01)
(2.53515625 3.16015625 0.01)
(2.53515625 3.1796875 0.01)
(2.5546875 -0.21875 0.01)
(2.5546875 -0.1796875 0.01)
(2.5546875 -0.16015625 0.01)
(2.5546875 -0.14300590124999996 0.01)
(2.5546875 3.14300590125 0.01)
(2.5546875 3.16015625 0.01)
(2.5546875 3.1796875 0.01)
(2.5546875 3.21875 0.01)
(2.5625 3 0.01)
(2.5625 3.012 0.01)
(2.5625 3.0257999999999998 0.01)
(2.5625 3.0416699999999999 0.01)
(2.5625 3.0599205 0.01)
(2.5625 3.0781710000000002 0.01)
(2.5625 3.1046342249999999 0.01)
(2.5625 3.14300590125 0.01)
(2.57421875 -0.1796875 0.01)
(2.57421875 -0.16015625 0.01)
(2.57421875 -0.14300590124999996 0.01)
(2.57421875 3.14300590125 0.01)
(2.57421875 3.16015625 0.01)
(2.57421875 3.1796875 0.01)
(2.578125 -0.14300590124999996 0.01)
(2.578125 -0.10463422499999998 0.01)
(2.578125 -0.07817099999999999 0.01)
(2.578125 -0.059920499999999995 0.01)
(2.578125 -0.041669999999999999 0.01)
(2.578125 -0.0258 0.01)
(2.578125 -0.012 0.01)
(2.578125 0 0.01)
(2.59375 -0.6875 0.01)
(2.59375 -0.53125 0.01)
(2.59375 -0.375 0.01)
(2.59375 -0.296875 0.01)
(2.59375 -0.21875 0.01)
(2.59375 -0.1796875 0.01)
(2.59375 -0.16015625 0.01)
(2.59375 -0.14300590124999996 0.01)
(2.59375 3 0.01)
(2.59375 3.012 0.01)
(2.59375 3.0257999999999998 0.01)
(2.59375 3.0416699999999999 0.01)
(2.59375 3.0599205 0.01)
(2.59375 3.0781710000000002 0.01)
(2.59375 3.1046342249999999 0.01)
(2.59375 3.14300590125 0.01)
(2.59375 3.16015625 0.01)
(2.59375 3.1796875 0.01)
(2.59375 3.21875 0.01)
(2.59375 3.296875 0.01)
(2.59375 3.375 0.01)
(2.59375 3.53125 0.01)
(2.59375 3.6875 0.01)
(2.61328125 -0.1796875 0.01)
(2.61328125 -0.16015625 0.01)
(2.61328125 -0.14300590124999996 0.01)
(2.61328125 3.14300590125 0.01)
(2.61328125 3.16015625 0.01)
(2.61328125 3.1796875 0.01)
(2.625 -0.14300590124999996 0.01)
(2.625 -0.10463422499999998 0.01)
(2.625 -0.07817099999999999 0.01)
(2.625 -0.059920499999999995 0.01)
(2.625 -0.041669999999999999 0.01)
(2.625 -0.0258 0.01)
(2.625 -0.012 0.01)
(2.625 0 0.01)
(2.625 3 0.01)
(2.625 3.012 0.01)
(2.625 3.0257999999999998 0.01)
(2.625 3.0416699999999999 0.01)
(2.625 3.0599205 0.01)
(2.625 3.0781710000000002 0.01)
(2.625 3.1046342249999999 0.01)
(2.625 3.14300590125 0.01)
(2.6328125 -0.21875 0.01)
(2.6328125 -0.1796875 0.01)
(2.6328125 -0.16015625 0.01)
(2.6328125 -0.14300590124999996 0.01)
(2.6328125 3.14300590125 0.01)
(2.6328125 3.16015625 0.01)
(2.6328125 3.1796875 0.01)
(2.6328125 3.21875 0.01)
(2.65234375 -0.1796875 0.01)
(2.65234375 -0.16015625 0.01)
(2.65234375 -0.14300590124999996 0.01)
(2.65234375 3.14300590125 0.01)
(2.65234375 3.16015625 0.01)
(2.65234375 3.1796875 0.01)
(2.65625 3 0.01)
(2.65625 3.012 0.01)
(2.65625 3.0257999999999998 0.01)
(2.65625 3.0416699999999999 0.01)
(2.65625 3.0599205 0.01)
(2.65625 3.0781710000000002 0.01)
(2.65625 3.1046342249999999 0.01)
(2.65625 3.14300590125 0.01)
(2.671875 -0.375 0.01)
(2.671875 -0.296875 0.01)
(2.671875 -0.21875 0.01)
(2.671875 -0.1796875 0.01)
(2.671875 -0.16015625 0.01)
(2.671875 -0.14300590124999996 0.01)
(2.671875 -0.10463422499999998 0.01)
(2.671875 -0.07817099999999999 0.01)
(2.671875 -0.059920499999999995 0.01)
(2.671875 -0.041669999999999999 0.01)
(2.671875 -0.0258 0.01)
(2.671875 -0.012 0.01)
(2.671875 0 0.01)
(2.671875 3.14300590125 0.01)
(2.671875 3.16015625 0.01)
(2.671875 3.1796875 0.01)
(2.671875 3.21875 0.01)
(2.671875 3.296875 0.01)
(2.671875 3.375 0.01)
(2.6875 3 0.01)
(2.6875 3.012 0.01)
(2.6875 3.0257999999999998 0.01)
(2.6875 3.0416699999999999 0.01)
(2.6875 3.0599205 0.01)
(2.6875 3.0781710000000002 0.01)
(2.6875 3.1046342249999999 0.01)
(2.6875 3.14300590125 0.01)
(2.69140625 -0.1796875 0.01)
(2.69140625 -0.16015625 0.01)
(2.69140625 -0.14300590124999996 0.01)
(2.69140625 3.14300590125 0.01)
(2.69140625 3.16015625 0.01)
(2.69140625 3.1796875 0.01)
(2.7109375 -0.21875 0.01)
(2.7109375 -0.1796875 0.01)
(2.7109375 -0.16015625 0.01)
(2.7109375 -0.14300590124999996 0.01)
(2.7109375 3.14300590125 0.01)
(2.7109375 3.16015625 0.01)
(2.7109375 3.1796875 0.01)
(2.7109375 3.21875 0.01)
(2.71875 -0.14300590124999996 0.01)
(2.71875 -0.140625 0.01)
(2.71875 -0.12109375 0.01)
(2.71875 -0.10463422499999998 0.01)
(2.71875 -0.07817099999999999 0.01)
(2.71875 -0.059920499999999995 0.01)
(2.71875 -0.041669999999999999 0.01)
(2.71875 -0.0258 0.01)
(2.71875 -0.012 0.01)
(2.71875 0 0.01)
(2.71875 3 0.01)
(2.71875 3.012 0.01)
(2.71875 3.0257999999999998 0.01)
(2.71875 3.0416699999999999 0.01)
(2.71875 3.0599205 0.01)
(2.71875 3.0781710000000002 0.01)
(2.71875 3.1046342249999999 0.01)
(2.71875 3.14300590125 0.01)
(2.73046875 -0.1796875 0.01)
(2.73046875 -0.16015625 0.01)
(2.73046875 -0.140625 0.01)
(2.73046875 -0.12109375 0.01)
(2.73046875 -0.10463422499999998 0.01)
(2.73046875 3.14300590125 0.01)
(2.73046875 3.16015625 0.01)
(2.73046875 3.1796875 0.01)
(2.75 -1 0.01)
(2.75 -0.6875 0.01)
(2.75 -0.53125 0.01)
(2.75 -0.375 0.01)
(2.75 -0.296875 0.01)
(2.75 -0.21875 0.01)
(2.75 -0.1796875 0.01)
(2.75 -0.16015625 0.01)
(2.75 -0.140625 0.01)
(2.75 -0.12109375 0.01)
(2.75 -0.10463422499999998 0.01)
(2.75 3 0.01)
(2.75 3.012 0.01)
(2.75 3.0257999999999998 0.01)
(2.75 3.0416699999999999 0.01)
(2.75 3.0599205 0.01)
(2.75 3.0781710000000002 0.01)
(2.75 3.1046342249999999 0.01)
(2.75 3.14300590125 0.01)
(2.75 3.16015625 0.01)
(2.75 3.1796875 0.01)
(2.75 3.21875 0.01)
(2.75 3.296875 0.01)
(2.75 3.375 0.01)
(2.75 3.53125 0.01)
(2.75 3.6875 0.01)
(2.75 4 0.01)
(2.765625 -0.10463422499999998 0.01)
(2.765625 -0.1015625 0.01)
(2.765625 -0.07817099999999999 0.01)
(2.765625 -0.059920499999999995 0.01)
(2.765625 -0.041669999999999999 0.01)
(2.765625 -0.0258 0.01)
(2.765625 -0.012 0.01)
(2.765625 0 0.01)
(2.76953125 -0.140625 0.01)
(2.76953125 -0.12109375 0.01)
(2.76953125 -0.1015625 0.01)
(2.76953125 -0.08203125 0.01)
(2.76953125 -0.07817099999999999 0.01)
(2.76953125 3.14300590125 0.01)
(2.76953125 3.16015625 0.01)
(2.76953125 3.1796875 0.01)
(2.78125 3 0.01)
(2.78125 3.012 0.01)
(2.78125 3.0257999999999998 0.01)
(2.78125 3.0416699999999999 0.01)
(2.78125 3.0599205 0.01)
(2.78125 3.0781710000000002 0.01)
(2.78125 3.1046342249999999 0.01)
(2.78125 3.14300590125 0.01)
(2.7890625 -0.21875 0.01)
(2.7890625 -0.1796875 0.01)
(2.7890625 -0.140625 0.01)
(2.7890625 -0.12109375 0.01)
(2.7890625 -0.1015625 0.01)
(2.7890625 -0.08203125 0.01)
(2.7890625 -0.07817099999999999 0.01)
(2.7890625 3.14300590125 0.01)
(2.7890625 3.16015625 0.01)
(2.7890625 3.1796875 0.01)
(2.7890625 3.21875 0.01)
(2.80859375 -0.1015625 0.01)
(2.80859375 -0.08203125 0.01)
(2.80859375 -0.07817099999999999 0.01)
(2.80859375 3.14300590125 0.01)
(2.80859375 3.16015625 0.01)
(2.80859375 3.1796875 0.01)
(2.8125 -0.07817099999999999 0.01)
(2.8125 -0.0625 0.01)
(2.8125 -0.059920499999999995 0.01)
(2.8125 -0.041669999999999999 0.01)
(2.8125 -0.0258 0.01)
(2.8125 -0.012 0.01)
(2.8125 0 0.01)
(2.8125 3 0.01)
(2.8125 3.012 0.01)
(2.8125 3.0257999999999998 0.01)
(2.8125 3.0416699999999999 0.01)
(2.8125 3.0599205 0.01)
(2.8125 3.0781710000000002 0.01)
(2.8125 3.1046342249999999 0.01)
(2.8125 3.12109375 0.01)
(2.8125 3.140625 0.01)
(2.8125 3.14300590125 0.01)
(2.828125 -0.375 0.01)
(2.828125 -0.296875 0.01)
(2.828125 -0.21875 0.01)
(2.828125 -0.1796875 0.01)
(2.828125 -0.140625 0.01)
(2.828125 -0.1015625 0.01)
(2.828125 -0.08203125 0.01)
(2.828125 -0.0625 0.01)
(2.828125 -0.059920499999999995 0.01)
(2.828125 3.1046342249999999 0.01)
(2.828125 3.12109375 0.01)
(2.828125 3.140625 0.01)
(2.828125 3.16015625 0.01)
(2.828125 3.1796875 0.01)
(2.828125 3.21875 0.01)
(2.828125 3.296875 0.01)
(2.828125 3.375 0.01)
(2.84375 3 0.01)
(2.84375 3.012 0.01)
(2.84375 3.0257999999999998 0.01)
(2.84375 3.0416699999999999 0.01)
(2.84375 3.0599205 0.01)
(2.84375 3.0781710000000002 0.01)
(2.84375 3.1015625 0.01)
(2.84375 3.1046342249999999 0.01)
(2.84765625 -0.0625 0.01)
(2.84765625 -0.059920499999999995 0.01)
(2.84765625 3.0781710000000002 0.01)
(2.84765625 3.08203125 0.01)
(2.84765625 3.1015625 0.01)
(2.84765625 3.12109375 0.01)
(2.84765625 3.140625 0.01)
(2.859375 -0.059920499999999995 0.01)
(2.859375 -0.041669999999999999 0.01)
(2.859375 -0.0258 0.01)
(2.859375 -0.012 0.01)
(2.859375 0 0.01)
(2.8671875 -0.140625 0.01)
(2.8671875 -0.1015625 0.01)
(2.8671875 -0.0625 0.01)
(2.8671875 -0.041669999999999999 0.01)
(2.8671875 3.0781710000000002 0.01)
(2.8671875 3.08203125 0.01)
(2.8671875 3.1015625 0.01)
(2.8671875 3.12109375 0.01)
(2.8671875 3.140625 0.01)
(2.8671875 3.1796875 0.01)
(2.8671875 3.21875 0.01)
(2.875 3 0.01)
(2.875 3.012 0.01)
(2.875 3.0257999999999998 0.01)
(2.875 3.0416699999999999 0.01)
(2.875 3.0599205 0.01)
(2.875 3.0781710000000002 0.01)
(2.88671875 -0.0625 0.01)
(2.88671875 -0.041669999999999999 0.01)
(2.88671875 3.0599205 0.01)
(2.88671875 3.0625 0.01)
(2.88671875 3.08203125 0.01)
(2.88671875 3.1015625 0.01)
(2.90625 -0.6875 0.01)
(2.90625 -0.53125 0.01)
(2.90625 -0.375 0.01)
(2.90625 -0.296875 0.01)
(2.90625 -0.21875 0.01)
(2.90625 -0.140625 0.01)
(2.90625 -0.1015625 0.01)
(2.90625 -0.0625 0.01)
(2.90625 -0.04296875 0.01)
(2.90625 -0.041669999999999999 0.01)
(2.90625 -0.0258 0.01)
(2.90625 -0.012 0.01)
(2.90625 0 0.01)
(2.90625 3 0.01)
(2.90625 3.012 0.01)
(2.90625 3.0257999999999998 0.01)
(2.90625 3.0416699999999999 0.01)
(2.90625 3.0599205 0.01)
(2.90625 3.0625 0.01)
(2.90625 3.08203125 0.01)
(2.90625 3.1015625 0.01)
(2.90625 3.140625 0.01)
(2.90625 3.1796875 0.01)
(2.90625 3.21875 0.01)
(2.90625 3.296875 0.01)
(2.90625 3.375 0.01)
(2.90625 3.53125 0.01)
(2.90625 3.6875 0.01)
(2.92578125 -0.0625 0.01)
(2.92578125 -0.04296875 0.01)
(2.92578125 -0.0258 0.01)
(2.92578125 3.0416699999999999 0.01)
(2.92578125 3.04296875 0.01)
(2.92578125 3.0625 0.01)
(2.9375 3 0.01)
(2.9375 3.012 0.01)
(2.9375 3.0257999999999998 0.01)
(2.9375 3.0416699999999999 0.01)
(2.9453125 -0.140625 0.01)
(2.9453125 -0.1015625 0.01)
(2.9453125 -0.0625 0.01)
(2.9453125 -0.04296875 0.01)
(2.9453125 -0.0258 0.01)
(2.9453125 3.0257999999999998 0.01)
(2.9453125 3.04296875 0.01)
(2.9453125 3.0625 0.01)
(2.9453125 3.1015625 0.01)
(2.9453125 3.140625 0.01)
(2.953125 -0.0258 0.01)
(2.953125 -0.0234375 0.01)
(2.953125 -0.012 0.01)
(2.953125 0 0.01)
(2.96484375 -0.0625 0.01)
(2.96484375 -0.04296875 0.01)
(2.96484375 -0.0234375 0.01)
(2.96484375 -0.012 0.01)
(2.96484375 3.0257999999999998 0.01)
(2.96484375 3.04296875 0.01)
(2.96484375 3.0625 0.01)
(2.96875 3 0.01)
(2.96875 3.012 0.01)
(2.96875 3.0234375 0.01)
(2.96875 3.0257999999999998 0.01)
(2.984375 -0.21875 0.01)
(2.984375 -0.140625 0.01)
(2.984375 -0.1015625 0.01)
(2.984375 -0.0625 0.01)
(2.984375 -0.04296875 0.01)
(2.984375 -0.0234375 0.01)
(2.984375 -0.012 0.01)
(2.984375 3.012 0.01)
(2.984375 3.0234375 0.01)
(2.984375 3.04296875 0.01)
(2.984375 3.0625 0.01)
(2.984375 3.1015625 0.01)
(2.984375 3.140625 0.01)
(2.984375 3.21875 0.01)
(3 0 0.01)
(3 0.046875 0.01)
(3 0.09375 0.01)
(3 0.140625 0.01)
(3 0.1875 0.01)
(3 0.234375 0.01)
(3 0.28125 0.01)
(3 0.328125 0.01)
(3 0.375 0.01)
(3 0.421875 0.01)
(3 0.46875 0.01)
(3 0.515625 0.01)
(3 0.5625 0.01)
(3 0.609375 0.01)
(3 0.65625 0.01)
(3 0.703125 0.01)
(3 0.75 0.01)
(3 0.796875 0.01)
(3 0.84375 0.01)
(3 0.890625 0.01)
(3 0.9375 0.01)
(3 0.984375 0.01)
(3 1.03125 0.01)
(3 1.078125 0.01)
(3 1.125 0.01)
(3 1.171875 0.01)
(3 1.21875 0.01)
(3 1.265625 0.01)
(3 1.3125 0.01)
(3 1.359375 0.01)
(3 1.40625 0.01)
(3 1.453125 0.01)
(3 1.5 0.01)
(3 1.546875 0.01)
(3 1.59375 0.01)
(3 1.640625 0.01)
(3 1.6875 0.01)
(3 1.734375 0.01)
(3 1.78125 0.01)
(3 1.828125 0.01)
(3 1.875 0.01)
(3 1.921875 0.01)
(3 1.96875 0.01)
(3 2.015625 0.01)
(3 2.0625 0.01)
(3 2.109375 0.01)
(3 2.15625 0.01)
(3 2.203125 0.01)
(3 2.25 0.01)
(3 2.296875 0.01)
(3 2.34375 0.01)
(3 2.390625 0.01)
(3 2.4375 0.01)
(3 2.484375 0.01)
(3 2.53125 0.01)
(3 2.578125 0.01)
(3 2.625 0.01)
(3 2.671875 0.01)
(3 2.71875 0.01)
(3 2.765625 0.01)
(3 2.8125 0.01)
(3 2.859375 0.01)
(3 2.90625 0.01)
(3 2.953125 0.01)
(3 3 0.01)
(3.00390625 -0.0234375 0.01)
(3.00390625 -0.012 0.01)
(3.00390625 3.012 0.01)
(3.00390625 3.0234375 0.01)
(3.012 -0.012 0.01)
(3.012 -0.00390625 0.01)
(3.012 0.015625 0.01)
(3.012 0.03515625 0.01)
(3.012 0.046875 0.01)
(3.012 0.09375 0.01)
(3.012 0.140625 0.01)
(3.012 0.1875 0.01)
(3.012 0.234375 0.01)
(3.012 0.28125 0.01)
(3.012 0.328125 0.01)
(3.012 0.375 0.01)
(3.012 0.421875 0.01)
(3.012 0.46875 0.01)
(3.012 0.515625 0.01)
(3.012 0.5625 0.01)
(3.012 0.609375 0.01)
(3.012 0.65625 0.01)
(3.012 0.703125 0.01)
(3.012 0.75 0.01)
(3.012 0.796875 0.01)
(3.012 0.84375 0.01)
(3.012 0.890625 0.01)
(3.012 0.9375 0.01)
(3.012 0.984375 0.01)
(3.012 1.03125 0.01)
(3.012 1.078125 0.01)
(3.012 1.125 0.01)
(3.012 1.171875 0.01)
(3.012 1.21875 0.01)
(3.012 1.265625 0.01)
(3.012 1.3125 0.01)
(3.012 1.359375 0.01)
(3.012 1.40625 0.01)
(3.012 1.453125 0.01)
(3.012 1.5 0.01)
(3.012 1.546875 0.01)
(3.012 1.59375 0.01)
(3.012 1.640625 0.01)
(3.012 1.6875 0.01)
(3.012 1.734375 0.01)
(3.012 1.78125 0.01)
(3.012 1.828125 0.01)
(3.012 1.875 0.01)
(3.012 1.921875 0.01)
(3.012 1.96875 0.01)
(3.012 2.015625 0.01)
(3.012 2.0625 0.01)
(3.012 2.109375 0.01)
(3.012 2.15625 0.01)
(3.012 2.203125 0.01)
(3.012 2.25 0.01)
(3.012 2.296875 0.01)
(3.012 2.34375 0.01)
(3.012 2.390625 0.01)
(3.012 2.4375 0.01)
(3.012 2.484375 0.01)
(3.012 2.53125 0.01)
(3.012 2.578125 0.01)
(3.012 2.625 0.01)
(3.012 2.671875 0.01)
(3.012 2.71875 0.01)
(3.012 2.765625 0.01)
(3.012 2.8125 0.01)
(3.012 2.859375 0.01)
(3.012 2.90625 0.01)
(3.012 2.953125 0.01)
(3.012 2.96484375 0.01)
(3.012 2.984375 0.01)
(3.012 3.00390625 0.01)
(3.012 3.012 0.01)
(3.0234375 -0.0625 0.01)
(3.0234375 -0.0234375 0.01)
(3.0234375 -0.00390625 0.01)
(3.0234375 0.015625 0.01)
(3.0234375 0.03515625 0.01)
(3.0234375 0.046875 0.01)
(3.0234375 2.953125 0.01)
(3.0234375 2.96484375 0.01)
(3.0234375 2.984375 0.01)
(3.0234375 3.00390625 0.01)
(3.0234375 3.0234375 0.01)
(3.0234375 3.0625 0.01)
(3.0257999999999998 0.046875 0.01)
(3.0257999999999998 0.0546875 0.01)
(3.0257999999999998 0.07421875 0.01)
(3.0257999999999998 0.09375 0.01)
(3.0257999999999998 0.140625 0.01)
(3.0257999999999998 0.1875 0.01)
(3.0257999999999998 0.234375 0.01)
(3.0257999999999998 0.28125 0.01)
(3.0257999999999998 0.328125 0.01)
(3.0257999999999998 0.375 0.01)
(3.0257999999999998 0.421875 0.01)
(3.0257999999999998 0.46875 0.01)
(3.0257999999999998 0.515625 0.01)
(3.0257999999999998 0.5625 0.01)
(3.0257999999999998 0.609375 0.01)
(3.0257999999999998 0.65625 0.01)
(3.0257999999999998 0.703125 0.01)
(3.0257999999999998 0.75 0.01)
(3.0257999999999998 0.796875 0.01)
(3.0257999999999998 0.84375 0.01)
(3.0257999999999998 0.890625 0.01)
(3.0257999999999998 0.9375 0.01)
(3.0257999999999998 0.984375 0.01)
(3.0257999999999998 1.03125 0.01)
(3.0257999999999998 1.078125 0.01)
(3.0257999999999998 1.125 0.01)
(3.0257999999999998 1.171875 0.01)
(3.0257999999999998 1.21875 0.01)
(3.0257999999999998 1.265625 0.01)
(3.0257999999999998 1.3125 0.01)
(3.0257999999999998 1.359375 0.01)
(3.0257999999999998 1.40625 0.01)
(3.0257999999999998 1.453125 0.01)
(3.0257999999999998 1.5 0.01)
(3.0257999999999998 1.546875 0.01)
(3.0257999999999998 1.59375 0.01)
(3.0257999999999998 1.640625 0.01)
(3.0257999999999998 1.6875 0.01)
(3.0257999999999998 1.734375 0.01)
(3.0257999999999998 1.78125 0.01)
(3.0257999999999998 1.828125 0.01)
(3.0257999999999998 1.875 0.01)
(3.0257999999999998 1.921875 0.01)
(3.0257999999999998 1.96875 0.01)
(3.0257999999999998 2.015625 0.01)
(3.0257999999999998 2.0625 0.01)
(3.0257999999999998 2.109375 0.01)
(3.0257999999999998 2.15625 0.01)
(3.0257999999999998 2.203125 0.01)
(3.0257999999999998 2.25 0.01)
(3.0257999999999998 2.296875 0.01)
(3.0257999999999998 2.34375 0.01)
(3.0257999999999998 2.390625 0.01)
(3.0257999999999998 2.4375 0.01)
(3.0257999999999998 2.484375 0.01)
(3.0257999999999998 2.53125 0.01)
(3.0257999999999998 2.578125 0.01)
(3.0257999999999998 2.625 0.01)
(3.0257999999999998 2.671875 0.01)
(3.0257999999999998 2.71875 0.01)
(3.0257999999999998 2.765625 0.01)
(3.0257999999999998 2.8125 0.01)
(3.0257999999999998 2.859375 0.01)
(3.0257999999999998 2.90625 0.01)
(3.0257999999999998 2.92578125 0.01)
(3.0257999999999998 2.9453125 0.01)
(3.0257999999999998 2.953125 0.01)
(3.0416699999999999 0.09375 0.01)
(3.0416699999999999 0.11328125 0.01)
(3.0416699999999999 0.1328125 0.01)
(3.0416699999999999 0.140625 0.01)
(3.0416699999999999 0.1875 0.01)
(3.0416699999999999 0.234375 0.01)
(3.0416699999999999 0.28125 0.01)
(3.0416699999999999 0.328125 0.01)
(3.0416699999999999 0.375 0.01)
(3.0416699999999999 0.421875 0.01)
(3.0416699999999999 0.46875 0.01)
(3.0416699999999999 0.515625 0.01)
(3.0416699999999999 0.5625 0.01)
(3.0416699999999999 0.609375 0.01)
(3.0416699999999999 0.65625 0.01)
(3.0416699999999999 0.703125 0.01)
(3.0416699999999999 0.75 0.01)
(3.0416699999999999 0.796875 0.01)
(3.0416699999999999 0.84375 0.01)
(3.0416699999999999 0.890625 0.01)
(3.0416699999999999 0.9375 0.01)
(3.0416699999999999 0.984375 0.01)
(3.0416699999999999 1.03125 0.01)
(3.0416699999999999 1.078125 0.01)
(3.0416699999999999 1.125 0.01)
(3.0416699999999999 1.171875 0.01)
(3.0416699999999999 1.21875 0.01)
(3.0416699999999999 1.265625 0.01)
(3.0416699999999999 1.3125 0.01)
(3.0416699999999999 1.359375 0.01)
(3.0416699999999999 1.40625 0.01)
(3.0416699999999999 1.453125 0.01)
(3.0416699999999999 1.5 0.01)
(3.0416699999999999 1.546875 0.01)
(3.0416699999999999 1.59375 0.01)
(3.0416699999999999 1.640625 0.01)
(3.0416699999999999 1.6875 0.01)
(3.0416699999999999 1.734375 0.01)
(3.0416699999999999 1.78125 0.01)
(3.0416699999999999 1.828125 0.01)
(3.0416699999999999 1.875 0.01)
(3.0416699999999999 1.921875 0.01)
(3.0416699999999999 1.96875 0.01)
(3.0416699999999999 2.015625 0.01)
(3.0416699999999999 2.0625 0.01)
(3.0416699999999999 2.109375 0.01)
(3.0416699999999999 2.15625 0.01)
(3.0416699999999999 2.203125 0.01)
(3.0416699999999999 2.25 0.01)
(3.0416699999999999 2.296875 0.01)
(3.0416699999999999 2.34375 0.01)
(3.0416699999999999 2.390625 0.01)
(3.0416699999999999 2.4375 0.01)
(3.0416699999999999 2.484375 0.01)
(3.0416699999999999 2.53125 0.01)
(3.0416699999999999 2.578125 0.01)
(3.0416699999999999 2.625 0.01)
(3.0416699999999999 2.671875 0.01)
(3.0416699999999999 2.71875 0.01)
(3.0416699999999999 2.765625 0.01)
(3.0416699999999999 2.8125 0.01)
(3.0416699999999999 2.859375 0.01)
(3.0416699999999999 2.8671875 0.01)
(3.0416699999999999 2.88671875 0.01)
(3.0416699999999999 2.90625 0.01)
(3.04296875 0.015625 0.01)
(3.04296875 0.03515625 0.01)
(3.04296875 0.0546875 0.01)
(3.04296875 0.07421875 0.01)
(3.04296875 0.09375 0.01)
(3.04296875 2.90625 0.01)
(3.04296875 2.92578125 0.01)
(3.04296875 2.9453125 0.01)
(3.04296875 2.96484375 0.01)
(3.04296875 2.984375 0.01)
(3.0599205 0.140625 0.01)
(3.0599205 0.15234375 0.01)
(3.0599205 0.171875 0.01)
(3.0599205 0.1875 0.01)
(3.0599205 0.234375 0.01)
(3.0599205 0.28125 0.01)
(3.0599205 0.328125 0.01)
(3.0599205 0.375 0.01)
(3.0599205 0.421875 0.01)
(3.0599205 0.46875 0.01)
(3.0599205 0.515625 0.01)
(3.0599205 0.5625 0.01)
(3.0599205 0.609375 0.01)
(3.0599205 0.65625 0.01)
(3.0599205 0.703125 0.01)
(3.0599205 0.75 0.01)
(3.0599205 0.796875 0.01)
(3.0599205 0.84375 0.01)
(3.0599205 0.890625 0.01)
(3.0599205 0.9375 0.01)
(3.0599205 0.984375 0.01)
(3.0599205 1.03125 0.01)
(3.0599205 1.078125 0.01)
(3.0599205 1.125 0.01)
(3.0599205 1.171875 0.01)
(3.0599205 1.21875 0.01)
(3.0599205 1.265625 0.01)
(3.0599205 1.3125 0.01)
(3.0599205 1.359375 0.01)
(3.0599205 1.40625 0.01)
(3.0599205 1.453125 0.01)
(3.0599205 1.5 0.01)
(3.0599205 1.546875 0.01)
(3.0599205 1.59375 0.01)
(3.0599205 1.640625 0.01)
(3.0599205 1.6875 0.01)
(3.0599205 1.734375 0.01)
(3.0599205 1.78125 0.01)
(3.0599205 1.828125 0.01)
(3.0599205 1.875 0.01)
(3.0599205 1.921875 0.01)
(3.0599205 1.96875 0.01)
(3.0599205 2.015625 0.01)
(3.0599205 2.0625 0.01)
(3.0599205 2.109375 0.01)
(3.0599205 2.15625 0.01)
(3.0599205 2.203125 0.01)
(3.0599205 2.25 0.01)
(3.0599205 2.296875 0.01)
(3.0599205 2.34375 0.01)
(3.0599205 2.390625 0.01)
(3.0599205 2.4375 0.01)
(3.0599205 2.484375 0.01)
(3.0599205 2.53125 0.01)
(3.0599205 2.578125 0.01)
(3.0599205 2.625 0.01)
(3.0599205 2.671875 0.01)
(3.0599205 2.71875 0.01)
(3.0599205 2.765625 0.01)
(3.0599205 2.8125 0.01)
(3.0599205 2.828125 0.01)
(3.0599205 2.84765625 0.01)
(3.0599205 2.859375 0.01)
(3.0625 -1 0.01)
(3.0625 -0.6875 0.01)
(3.0625 -0.53125 0.01)
(3.0625 -0.375 0.01)
(3.0625 -0.21875 0.01)
(3.0625 -0.140625 0.01)
(3.0625 -0.0625 0.01)
(3.0625 -0.0234375 0.01)
(3.0625 0.015625 0.01)
(3.0625 0.03515625 0.01)
(3.0625 0.0546875 0.01)
(3.0625 0.07421875 0.01)
(3.0625 0.09375 0.01)
(3.0625 0.11328125 0.01)
(3.0625 0.1328125 0.01)
(3.0625 0.15234375 0.01)
(3.0625 0.171875 0.01)
(3.0625 0.1875 0.01)
(3.0625 2.8125 0.01)
(3.0625 2.828125 0.01)
(3.0625 2.84765625 0.01)
(3.0625 2.8671875 0.01)
(3.0625 2.88671875 0.01)
(3.0625 2.90625 0.01)
(3.0625 2.92578125 0.01)
(3.0625 2.9453125 0.01)
(3.0625 2.96484375 0.01)
(3.0625 2.984375 0.01)
(3.0625 3.0234375 0.01)
(3.0625 3.0625 0.01)
(3.0625 3.140625 0.01)
(3.0625 3.21875 0.01)
(3.0625 3.375 0.01)
(3.0625 3.53125 0.01)
(3.0625 3.6875 0.01)
(3.0625 4 0.01)
(3.0781710000000002 0.1875 0.01)
(3.0781710000000002 0.19140625 0.01)
(3.0781710000000002 0.2109375 0.01)
(3.0781710000000002 0.23046875 0.01)
(3.0781710000000002 0.234375 0.01)
(3.0781710000000002 0.28125 0.01)
(3.0781710000000002 0.328125 0.01)
(3.0781710000000002 0.375 0.01)
(3.0781710000000002 0.421875 0.01)
(3.0781710000000002 0.46875 0.01)
(3.0781710000000002 0.515625 0.01)
(3.0781710000000002 0.5625 0.01)
(3.0781710000000002 0.609375 0.01)
(3.0781710000000002 0.65625 0.01)
(3.0781710000000002 0.703125 0.01)
(3.0781710000000002 0.75 0.01)
(3.0781710000000002 0.796875 0.01)
(3.0781710000000002 0.84375 0.01)
(3.0781710000000002 0.890625 0.01)
(3.0781710000000002 0.9375 0.01)
(3.0781710000000002 0.984375 0.01)
(3.0781710000000002 1.03125 0.01)
(3.0781710000000002 1.078125 0.01)
(3.0781710000000002 1.125 0.01)
(3.0781710000000002 1.171875 0.01)
(3.0781710000000002 1.21875 0.01)
(3.0781710000000002 1.265625 0.01)
(3.0781710000000002 1.3125 0.01)
(3.0781710000000002 1.359375 0.01)
(3.0781710000000002 1.40625 0.01)
(3.0781710000000002 1.453125 0.01)
(3.0781710000000002 1.5 0.01)
(3.0781710000000002 1.546875 0.01)
(3.0781710000000002 1.59375 0.01)
(3.0781710000000002 1.640625 0.01)
(3.0781710000000002 1.6875 0.01)
(3.0781710000000002 1.734375 0.01)
(3.0781710000000002 1.78125 0.01)
(3.0781710000000002 1.828125 0.01)
(3.0781710000000002 1.875 0.01)
(3.0781710000000002 1.921875 0.01)
(3.0781710000000002 1.96875 0.01)
(3.0781710000000002 2.015625 0.01)
(3.0781710000000002 2.0625 0.01)
(3.0781710000000002 2.109375 0.01)
(3.0781710000000002 2.15625 0.01)
(3.0781710000000002 2.203125 0.01)
(3.0781710000000002 2.25 0.01)
(3.0781710000000002 2.296875 0.01)
(3.0781710000000002 2.34375 0.01)
(3.0781710000000002 2.390625 0.01)
(3.0781710000000002 2.4375 0.01)
(3.0781710000000002 2.484375 0.01)
(3.0781710000000002 2.53125 0.01)
(3.0781710000000002 2.578125 0.01)
(3.0781710000000002 2.625 0.01)
(3.0781710000000002 2.671875 0.01)
(3.0781710000000002 2.71875 0.01)
(3.0781710000000002 2.765625 0.01)
(3.0781710000000002 2.76953125 0.01)
(3.0781710000000002 2.7890625 0.01)
(3.0781710000000002 2.80859375 0.01)
(3.0781710000000002 2.8125 0.01)
(3.08203125 0.171875 0.01)
(3.08203125 0.19140625 0.01)
(3.08203125 0.2109375 0.01)
(3.08203125 0.23046875 0.01)
(3.08203125 2.76953125 0.01)
(3.08203125 2.7890625 0.01)
(3.08203125 2.80859375 0.01)
(3.08203125 2.828125 0.01)
(3.1015625 0.015625 0.01)
(3.1015625 0.0546875 0.01)
(3.1015625 0.09375 0.01)
(3.1015625 0.1328125 0.01)
(3.1015625 0.171875 0.01)
(3.1015625 0.19140625 0.01)
(3.1015625 0.2109375 0.01)
(3.1015625 0.23046875 0.01)
(3.1015625 0.234375 0.01)
(3.1015625 2.765625 0.01)
(3.1015625 2.76953125 0.01)
(3.1015625 2.7890625 0.01)
(3.1015625 2.80859375 0.01)
(3.1015625 2.828125 0.01)
(3.1015625 2.8671875 0.01)
(3.1015625 2.90625 0.01)
(3.1015625 2.9453125 0.01)
(3.1015625 2.984375 0.01)
(3.1046342249999999 0.234375 0.01)
(3.1046342249999999 0.25 0.01)
(3.1046342249999999 0.26953125 0.01)
(3.1046342249999999 0.28125 0.01)
(3.1046342249999999 0.328125 0.01)
(3.1046342249999999 0.375 0.01)
(3.1046342249999999 0.421875 0.01)
(3.1046342249999999 0.46875 0.01)
(3.1046342249999999 0.515625 0.01)
(3.1046342249999999 0.5625 0.01)
(3.1046342249999999 0.609375 0.01)
(3.1046342249999999 0.65625 0.01)
(3.1046342249999999 0.703125 0.01)
(3.1046342249999999 0.75 0.01)
(3.1046342249999999 0.796875 0.01)
(3.1046342249999999 0.84375 0.01)
(3.1046342249999999 0.890625 0.01)
(3.1046342249999999 0.9375 0.01)
(3.1046342249999999 0.984375 0.01)
(3.1046342249999999 1.03125 0.01)
(3.1046342249999999 1.078125 0.01)
(3.1046342249999999 1.125 0.01)
(3.1046342249999999 1.171875 0.01)
(3.1046342249999999 1.21875 0.01)
(3.1046342249999999 1.265625 0.01)
(3.1046342249999999 1.3125 0.01)
(3.1046342249999999 1.359375 0.01)
(3.1046342249999999 1.40625 0.01)
(3.1046342249999999 1.453125 0.01)
(3.1046342249999999 1.5 0.01)
(3.1046342249999999 1.546875 0.01)
(3.1046342249999999 1.59375 0.01)
(3.1046342249999999 1.640625 0.01)
(3.1046342249999999 1.6875 0.01)
(3.1046342249999999 1.734375 0.01)
(3.1046342249999999 1.78125 0.01)
(3.1046342249999999 1.828125 0.01)
(3.1046342249999999 1.875 0.01)
(3.1046342249999999 1.921875 0.01)
(3.1046342249999999 1.96875 0.01)
(3.1046342249999999 2.015625 0.01)
(3.1046342249999999 2.0625 0.01)
(3.1046342249999999 2.109375 0.01)
(3.1046342249999999 2.15625 0.01)
(3.1046342249999999 2.203125 0.01)
(3.1046342249999999 2.25 0.01)
(3.1046342249999999 2.296875 0.01)
(3.1046342249999999 2.34375 0.01)
(3.1046342249999999 2.390625 0.01)
(3.1046342249999999 2.4375 0.01)
(3.1046342249999999 2.484375 0.01)
(3.1046342249999999 2.53125 0.01)
(3.1046342249999999 2.578125 0.01)
(3.1046342249999999 2.625 0.01)
(3.1046342249999999 2.671875 0.01)
(3.1046342249999999 2.71875 0.01)
(3.1046342249999999 2.73046875 0.01)
(3.1046342249999999 2.75 0.01)
(3.1046342249999999 2.765625 0.01)
(3.12109375 0.2109375 0.01)
(3.12109375 0.23046875 0.01)
(3.12109375 0.25 0.01)
(3.12109375 0.26953125 0.01)
(3.12109375 0.28125 0.01)
(3.12109375 2.71875 0.01)
(3.12109375 2.73046875 0.01)
(3.12109375 2.75 0.01)
(3.12109375 2.76953125 0.01)
(3.12109375 2.7890625 0.01)
(3.140625 -0.0625 0.01)
(3.140625 0.015625 0.01)
(3.140625 0.0546875 0.01)
(3.140625 0.09375 0.01)
(3.140625 0.1328125 0.01)
(3.140625 0.171875 0.01)
(3.140625 0.2109375 0.01)
(3.140625 0.23046875 0.01)
(3.140625 0.25 0.01)
(3.140625 0.26953125 0.01)
(3.140625 0.28125 0.01)
(3.140625 2.71875 0.01)
(3.140625 2.73046875 0.01)
(3.140625 2.75 0.01)
(3.140625 2.76953125 0.01)
(3.140625 2.7890625 0.01)
(3.140625 2.828125 0.01)
(3.140625 2.8671875 0.01)
(3.140625 2.90625 0.01)
(3.140625 2.9453125 0.01)
(3.140625 2.984375 0.01)
(3.140625 3.0625 0.01)
(3.14300590125 0.28125 0.01)
(3.14300590125 0.2890625 0.01)
(3.14300590125 0.30859375 0.01)
(3.14300590125 0.328125 0.01)
(3.14300590125 0.34765625 0.01)
(3.14300590125 0.3671875 0.01)
(3.14300590125 0.375 0.01)
(3.14300590125 0.38671875 0.01)
(3.14300590125 0.40625 0.01)
(3.14300590125 0.421875 0.01)
(3.14300590125 0.42578125 0.01)
(3.14300590125 0.4453125 0.01)
(3.14300590125 0.46484375 0.01)
(3.14300590125 0.46875 0.01)
(3.14300590125 0.484375 0.01)
(3.14300590125 0.50390625 0.01)
(3.14300590125 0.515625 0.01)
(3.14300590125 0.5234375 0.01)
(3.14300590125 0.54296875 0.01)
(3.14300590125 0.5625 0.01)
(3.14300590125 0.58203125 0.01)
(3.14300590125 0.6015625 0.01)
(3.14300590125 0.609375 0.01)
(3.14300590125 0.62109375 0.01)
(3.14300590125 0.640625 0.01)
(3.14300590125 0.65625 0.01)
(3.14300590125 0.66015625 0.01)
(3.14300590125 0.6796875 0.01)
(3.14300590125 0.69921875 0.01)
(3.14300590125 0.703125 0.01)
(3.14300590125 0.71875 0.01)
(3.14300590125 0.73828125 0.01)
(3.14300590125 0.75 0.01)
(3.14300590125 0.7578125 0.01)
(3.14300590125 0.77734375 0.01)
(3.14300590125 0.796875 0.01)
(3.14300590125 0.81640625 0.01)
(3.14300590125 0.8359375 0.01)
(3.14300590125 0.84375 0.01)
(3.14300590125 0.85546875 0.01)
(3.14300590125 0.875 0.01)
(3.14300590125 0.890625 0.01)
(3.14300590125 0.89453125 0.01)
(3.14300590125 0.9140625 0.01)
(3.14300590125 0.93359375 0.01)
(3.14300590125 0.9375 0.01)
(3.14300590125 0.953125 0.01)
(3.14300590125 0.97265625 0.01)
(3.14300590125 0.984375 0.01)
(3.14300590125 0.9921875 0.01)
(3.14300590125 1.01171875 0.01)
(3.14300590125 1.03125 0.01)
(3.14300590125 1.05078125 0.01)
(3.14300590125 1.0703125 0.01)
(3.14300590125 1.078125 0.01)
(3.14300590125 1.08984375 0.01)
(3.14300590125 1.109375 0.01)
(3.14300590125 1.125 0.01)
(3.14300590125 1.12890625 0.01)
(3.14300590125 1.1484375 0.01)
(3.14300590125 1.16796875 0.01)
(3.14300590125 1.171875 0.01)
(3.14300590125 1.1875 0.01)
(3.14300590125 1.20703125 0.01)
(3.14300590125 1.21875 0.01)
(3.14300590125 1.2265625 0.01)
(3.14300590125 1.24609375 0.01)
(3.14300590125 1.265625 0.01)
(3.14300590125 1.28515625 0.01)
(3.14300590125 1.3046875 0.01)
(3.14300590125 1.3125 0.01)
(3.14300590125 1.32421875 0.01)
(3.14300590125 1.34375 0.01)
(3.14300590125 1.359375 0.01)
(3.14300590125 1.36328125 0.01)
(3.14300590125 1.3828125 0.01)
(3.14300590125 1.40234375 0.01)
(3.14300590125 1.40625 0.01)
(3.14300590125 1.421875 0.01)
(3.14300590125 1.44140625 0.01)
(3.14300590125 1.453125 0.01)
(3.14300590125 1.4609375 0.01)
(3.14300590125 1.48046875 0.01)
(3.14300590125 1.5 0.01)
(3.14300590125 1.51953125 0.01)
(3.14300590125 1.5390625 0.01)
(3.14300590125 1.546875 0.01)
(3.14300590125 1.55859375 0.01)
(3.14300590125 1.578125 0.01)
(3.14300590125 1.59375 0.01)
(3.14300590125 1.59765625 0.01)
(3.14300590125 1.6171875 0.01)
(3.14300590125 1.63671875 0.01)
(3.14300590125 1.640625 0.01)
(3.14300590125 1.65625 0.01)
(3.14300590125 1.67578125 0.01)
(3.14300590125 1.6875 0.01)
(3.14300590125 1.6953125 0.01)
(3.14300590125 1.71484375 0.01)
(3.14300590125 1.734375 0.01)
(3.14300590125 1.75390625 0.01)
(3.14300590125 1.7734375 0.01)
(3.14300590125 1.78125 0.01)
(3.14300590125 1.79296875 0.01)
(3.14300590125 1.8125 0.01)
(3.14300590125 1.828125 0.01)
(3.14300590125 1.83203125 0.01)
(3.14300590125 1.8515625 0.01)
(3.14300590125 1.87109375 0.01)
(3.14300590125 1.875 0.01)
(3.14300590125 1.890625 0.01)
(3.14300590125 1.91015625 0.01)
(3.14300590125 1.921875 0.01)
(3.14300590125 1.9296875 0.01)
(3.14300590125 1.94921875 0.01)
(3.14300590125 1.96875 0.01)
(3.14300590125 1.98828125 0.01)
(3.14300590125 2.0078125 0.01)
(3.14300590125 2.015625 0.01)
(3.14300590125 2.02734375 0.01)
(3.14300590125 2.046875 0.01)
(3.14300590125 2.0625 0.01)
(3.14300590125 2.06640625 0.01)
(3.14300590125 2.0859375 0.01)
(3.14300590125 2.10546875 0.01)
(3.14300590125 2.109375 0.01)
(3.14300590125 2.125 0.01)
(3.14300590125 2.14453125 0.01)
(3.14300590125 2.15625 0.01)
(3.14300590125 2.1640625 0.01)
(3.14300590125 2.18359375 0.01)
(3.14300590125 2.203125 0.01)
(3.14300590125 2.22265625 0.01)
(3.14300590125 2.2421875 0.01)
(3.14300590125 2.25 0.01)
(3.14300590125 2.26171875 0.01)
(3.14300590125 2.28125 0.01)
(3.14300590125 2.296875 0.01)
(3.14300590125 2.30078125 0.01)
(3.14300590125 2.3203125 0.01)
(3.14300590125 2.33984375 0.01)
(3.14300590125 2.34375 0.01)
(3.14300590125 2.359375 0.01)
(3.14300590125 2.37890625 0.01)
(3.14300590125 2.390625 0.01)
(3.14300590125 2.3984375 0.01)
(3.14300590125 2.41796875 0.01)
(3.14300590125 2.4375 0.01)
(3.14300590125 2.45703125 0.01)
(3.14300590125 2.4765625 0.01)
(3.14300590125 2.484375 0.01)
(3.14300590125 2.49609375 0.01)
(3.14300590125 2.515625 0.01)
(3.14300590125 2.53125 0.01)
(3.14300590125 2.53515625 0.01)
(3.14300590125 2.5546875 0.01)
(3.14300590125 2.57421875 0.01)
(3.14300590125 2.578125 0.01)
(3.14300590125 2.59375 0.01)
(3.14300590125 2.61328125 0.01)
(3.14300590125 2.625 0.01)
(3.14300590125 2.6328125 0.01)
(3.14300590125 2.65234375 0.01)
(3.14300590125 2.671875 0.01)
(3.14300590125 2.69140625 0.01)
(3.14300590125 2.7109375 0.01)
(3.14300590125 2.71875 0.01)
(3.16015625 0.25 0.01)
(3.16015625 0.26953125 0.01)
(3.16015625 0.2890625 0.01)
(3.16015625 0.30859375 0.01)
(3.16015625 0.328125 0.01)
(3.16015625 0.34765625 0.01)
(3.16015625 0.3671875 0.01)
(3.16015625 0.38671875 0.01)
(3.16015625 0.40625 0.01)
(3.16015625 0.42578125 0.01)
(3.16015625 0.4453125 0.01)
(3.16015625 0.46484375 0.01)
(3.16015625 0.484375 0.01)
(3.16015625 0.50390625 0.01)
(3.16015625 0.5234375 0.01)
(3.16015625 0.54296875 0.01)
(3.16015625 0.5625 0.01)
(3.16015625 0.58203125 0.01)
(3.16015625 0.6015625 0.01)
(3.16015625 0.62109375 0.01)
(3.16015625 0.640625 0.01)
(3.16015625 0.66015625 0.01)
(3.16015625 0.6796875 0.01)
(3.16015625 0.69921875 0.01)
(3.16015625 0.71875 0.01)
(3.16015625 0.73828125 0.01)
(3.16015625 0.7578125 0.01)
(3.16015625 0.77734375 0.01)
(3.16015625 0.796875 0.01)
(3.16015625 0.81640625 0.01)
(3.16015625 0.8359375 0.01)
(3.16015625 0.85546875 0.01)
(3.16015625 0.875 0.01)
(3.16015625 0.89453125 0.01)
(3.16015625 0.9140625 0.01)
(3.16015625 0.93359375 0.01)
(3.16015625 0.953125 0.01)
(3.16015625 0.97265625 0.01)
(3.16015625 0.9921875 0.01)
(3.16015625 1.01171875 0.01)
(3.16015625 1.03125 0.01)
(3.16015625 1.05078125 0.01)
(3.16015625 1.0703125 0.01)
(3.16015625 1.08984375 0.01)
(3.16015625 1.109375 0.01)
(3.16015625 1.12890625 0.01)
(3.16015625 1.1484375 0.01)
(3.16015625 1.16796875 0.01)
(3.16015625 1.1875 0.01)
(3.16015625 1.20703125 0.01)
(3.16015625 1.2265625 0.01)
(3.16015625 1.24609375 0.01)
(3.16015625 1.265625 0.01)
(3.16015625 1.28515625 0.01)
(3.16015625 1.3046875 0.01)
(3.16015625 1.32421875 0.01)
(3.16015625 1.34375 0.01)
(3.16015625 1.36328125 0.01)
(3.16015625 1.3828125 0.01)
(3.16015625 1.40234375 0.01)
(3.16015625 1.421875 0.01)
(3.16015625 1.44140625 0.01)
(3.16015625 1.4609375 0.01)
(3.16015625 1.48046875 0.01)
(3.16015625 1.5 0.01)
(3.16015625 1.51953125 0.01)
(3.16015625 1.5390625 0.01)
(3.16015625 1.55859375 0.01)
(3.16015625 1.578125 0.01)
(3.16015625 1.59765625 0.01)
(3.16015625 1.6171875 0.01)
(3.16015625 1.63671875 0.01)
(3.16015625 1.65625 0.01)
(3.16015625 1.67578125 0.01)
(3.16015625 1.6953125 0.01)
(3.16015625 1.71484375 0.01)
(3.16015625 1.734375 0.01)
(3.16015625 1.75390625 0.01)
(3.16015625 1.7734375 0.01)
(3.16015625 1.79296875 0.01)
(3.16015625 1.8125 0.01)
(3.16015625 1.83203125 0.01)
(3.16015625 1.8515625 0.01)
(3.16015625 1.87109375 0.01)
(3.16015625 1.890625 0.01)
(3.16015625 1.91015625 0.01)
(3.16015625 1.9296875 0.01)
(3.16015625 1.94921875 0.01)
(3.16015625 1.96875 0.01)
(3.16015625 1.98828125 0.01)
(3.16015625 2.0078125 0.01)
(3.16015625 2.02734375 0.01)
(3.16015625 2.046875 0.01)
(3.16015625 2.06640625 0.01)
(3.16015625 2.0859375 0.01)
(3.16015625 2.10546875 0.01)
(3.16015625 2.125 0.01)
(3.16015625 2.14453125 0.01)
(3.16015625 2.1640625 0.01)
(3.16015625 2.18359375 0.01)
(3.16015625 2.203125 0.01)
(3.16015625 2.22265625 0.01)
(3.16015625 2.2421875 0.01)
(3.16015625 2.26171875 0.01)
(3.16015625 2.28125 0.01)
(3.16015625 2.30078125 0.01)
(3.16015625 2.3203125 0.01)
(3.16015625 2.33984375 0.01)
(3.16015625 2.359375 0.01)
(3.16015625 2.37890625 0.01)
(3.16015625 2.3984375 0.01)
(3.16015625 2.41796875 0.01)
(3.16015625 2.4375 0.01)
(3.16015625 2.45703125 0.01)
(3.16015625 2.4765625 0.01)
(3.16015625 2.49609375 0.01)
(3.16015625 2.515625 0.01)
(3.16015625 2.53515625 0.01)
(3.16015625 2.5546875 0.01)
(3.16015625 2.57421875 0.01)
(3.16015625 2.59375 0.01)
(3.16015625 2.61328125 0.01)
(3.16015625 2.6328125 0.01)
(3.16015625 2.65234375 0.01)
(3.16015625 2.671875 0.01)
(3.16015625 2.69140625 0.01)
(3.16015625 2.7109375 0.01)
(3.16015625 2.73046875 0.01)
(3.16015625 2.75 0.01)
(3.1796875 0.171875 0.01)
(3.1796875 0.2109375 0.01)
(3.1796875 0.25 0.01)
(3.1796875 0.26953125 0.01)
(3.1796875 0.2890625 0.01)
(3.1796875 0.30859375 0.01)
(3.1796875 0.328125 0.01)
(3.1796875 0.34765625 0.01)
(3.1796875 0.3671875 0.01)
(3.1796875 0.38671875 0.01)
(3.1796875 0.40625 0.01)
(3.1796875 0.42578125 0.01)
(3.1796875 0.4453125 0.01)
(3.1796875 0.46484375 0.01)
(3.1796875 0.484375 0.01)
(3.1796875 0.50390625 0.01)
(3.1796875 0.5234375 0.01)
(3.1796875 0.54296875 0.01)
(3.1796875 0.5625 0.01)
(3.1796875 0.58203125 0.01)
(3.1796875 0.6015625 0.01)
(3.1796875 0.62109375 0.01)
(3.1796875 0.640625 0.01)
(3.1796875 0.66015625 0.01)
(3.1796875 0.6796875 0.01)
(3.1796875 0.69921875 0.01)
(3.1796875 0.71875 0.01)
(3.1796875 0.73828125 0.01)
(3.1796875 0.7578125 0.01)
(3.1796875 0.77734375 0.01)
(3.1796875 0.796875 0.01)
(3.1796875 0.81640625 0.01)
(3.1796875 0.8359375 0.01)
(3.1796875 0.85546875 0.01)
(3.1796875 0.875 0.01)
(3.1796875 0.89453125 0.01)
(3.1796875 0.9140625 0.01)
(3.1796875 0.93359375 0.01)
(3.1796875 0.953125 0.01)
(3.1796875 0.97265625 0.01)
(3.1796875 0.9921875 0.01)
(3.1796875 1.01171875 0.01)
(3.1796875 1.03125 0.01)
(3.1796875 1.05078125 0.01)
(3.1796875 1.0703125 0.01)
(3.1796875 1.08984375 0.01)
(3.1796875 1.109375 0.01)
(3.1796875 1.12890625 0.01)
(3.1796875 1.1484375 0.01)
(3.1796875 1.16796875 0.01)
(3.1796875 1.1875 0.01)
(3.1796875 1.20703125 0.01)
(3.1796875 1.2265625 0.01)
(3.1796875 1.24609375 0.01)
(3.1796875 1.265625 0.01)
(3.1796875 1.28515625 0.01)
(3.1796875 1.3046875 0.01)
(3.1796875 1.32421875 0.01)
(3.1796875 1.34375 0.01)
(3.1796875 1.36328125 0.01)
(3.1796875 1.3828125 0.01)
(3.1796875 1.40234375 0.01)
(3.1796875 1.421875 0.01)
(3.1796875 1.44140625 0.01)
(3.1796875 1.4609375 0.01)
(3.1796875 1.48046875 0.01)
(3.1796875 1.5 0.01)
(3.1796875 1.51953125 0.01)
(3.1796875 1.5390625 0.01)
(3.1796875 1.55859375 0.01)
(3.1796875 1.578125 0.01)
(3.1796875 1.59765625 0.01)
(3.1796875 1.6171875 0.01)
(3.1796875 1.63671875 0.01)
(3.1796875 1.65625 0.01)
(3.1796875 1.67578125 0.01)
(3.1796875 1.6953125 0.01)
(3.1796875 1.71484375 0.01)
(3.1796875 1.734375 0.01)
(3.1796875 1.75390625 0.01)
(3.1796875 1.7734375 0.01)
(3.1796875 1.79296875 0.01)
(3.1796875 1.8125 0.01)
(3.1796875 1.83203125 0.01)
(3.1796875 1.8515625 0.01)
(3.1796875 1.87109375 0.01)
(3.1796875 1.890625 0.01)
(3.1796875 1.91015625 0.01)
(3.1796875 1.9296875 0.01)
(3.1796875 1.94921875 0.01)
(3.1796875 1.96875 0.01)
(3.1796875 1.98828125 0.01)
(3.1796875 2.0078125 0.01)
(3.1796875 2.02734375 0.01)
(3.1796875 2.046875 0.01)
(3.1796875 2.06640625 0.01)
(3.1796875 2.0859375 0.01)
(3.1796875 2.10546875 0.01)
(3.1796875 2.125 0.01)
(3.1796875 2.14453125 0.01)
(3.1796875 2.1640625 0.01)
(3.1796875 2.18359375 0.01)
(3.1796875 2.203125 0.01)
(3.1796875 2.22265625 0.01)
(3.1796875 2.2421875 0.01)
(3.1796875 2.26171875 0.01)
(3.1796875 2.28125 0.01)
(3.1796875 2.30078125 0.01)
(3.1796875 2.3203125 0.01)
(3.1796875 2.33984375 0.01)
(3.1796875 2.359375 0.01)
(3.1796875 2.37890625 0.01)
(3.1796875 2.3984375 0.01)
(3.1796875 2.41796875 0.01)
(3.1796875 2.4375 0.01)
(3.1796875 2.45703125 0.01)
(3.1796875 2.4765625 0.01)
(3.1796875 2.49609375 0.01)
(3.1796875 2.515625 0.01)
(3.1796875 2.53515625 0.01)
(3.1796875 2.5546875 0.01)
(3.1796875 2.57421875 0.01)
(3.1796875 2.59375 0.01)
(3.1796875 2.61328125 0.01)
(3.1796875 2.6328125 0.01)
(3.1796875 2.65234375 0.01)
(3.1796875 2.671875 0.01)
(3.1796875 2.69140625 0.01)
(3.1796875 2.7109375 0.01)
(3.1796875 2.73046875 0.01)
(3.1796875 2.75 0.01)
(3.1796875 2.7890625 0.01)
(3.1796875 2.828125 0.01)
(3.21875 -0.375 0.01)
(3.21875 -0.21875 0.01)
(3.21875 -0.0625 0.01)
(3.21875 0.015625 0.01)
(3.21875 0.09375 0.01)
(3.21875 0.171875 0.01)
(3.21875 0.2109375 0.01)
(3.21875 0.25 0.01)
(3.21875 0.2890625 0.01)
(3.21875 0.328125 0.01)
(3.21875 0.3671875 0.01)
(3.21875 0.40625 0.01)
(3.21875 0.4453125 0.01)
(3.21875 0.484375 0.01)
(3.21875 0.5234375 0.01)
(3.21875 0.5625 0.01)
(3.21875 0.6015625 0.01)
(3.21875 0.640625 0.01)
(3.21875 0.6796875 0.01)
(3.21875 0.71875 0.01)
(3.21875 0.7578125 0.01)
(3.21875 0.796875 0.01)
(3.21875 0.8359375 0.01)
(3.21875 0.875 0.01)
(3.21875 0.9140625 0.01)
(3.21875 0.953125 0.01)
(3.21875 0.9921875 0.01)
(3.21875 1.03125 0.01)
(3.21875 1.0703125 0.01)
(3.21875 1.109375 0.01)
(3.21875 1.1484375 0.01)
(3.21875 1.1875 0.01)
(3.21875 1.2265625 0.01)
(3.21875 1.265625 0.01)
(3.21875 1.3046875 0.01)
(3.21875 1.34375 0.01)
(3.21875 1.3828125 0.01)
(3.21875 1.421875 0.01)
(3.21875 1.4609375 0.01)
(3.21875 1.5 0.01)
(3.21875 1.5390625 0.01)
(3.21875 1.578125 0.01)
(3.21875 1.6171875 0.01)
(3.21875 1.65625 0.01)
(3.21875 1.6953125 0.01)
(3.21875 1.734375 0.01)
(3.21875 1.7734375 0.01)
(3.21875 1.8125 0.01)
(3.21875 1.8515625 0.01)
(3.21875 1.890625 0.01)
(3.21875 1.9296875 0.01)
(3.21875 1.96875 0.01)
(3.21875 2.0078125 0.01)
(3.21875 2.046875 0.01)
(3.21875 2.0859375 0.01)
(3.21875 2.125 0.01)
(3.21875 2.1640625 0.01)
(3.21875 2.203125 0.01)
(3.21875 2.2421875 0.01)
(3.21875 2.28125 0.01)
(3.21875 2.3203125 0.01)
(3.21875 2.359375 0.01)
(3.21875 2.3984375 0.01)
(3.21875 2.4375 0.01)
(3.21875 2.4765625 0.01)
(3.21875 2.515625 0.01)
(3.21875 2.5546875 0.01)
(3.21875 2.59375 0.01)
(3.21875 2.6328125 0.01)
(3.21875 2.671875 0.01)
(3.21875 2.7109375 0.01)
(3.21875 2.75 0.01)
(3.21875 2.7890625 0.01)
(3.21875 2.828125 0.01)
(3.21875 2.90625 0.01)
(3.21875 2.984375 0.01)
(3.21875 3.0625 0.01)
(3.21875 3.21875 0.01)
(3.21875 3.375 0.01)
(3.296875 0.09375 0.01)
(3.296875 0.171875 0.01)
(3.296875 0.25 0.01)
(3.296875 0.328125 0.01)
(3.296875 0.40625 0.01)
(3.296875 0.484375 0.01)
(3.296875 0.5625 0.01)
(3.296875 0.640625 0.01)
(3.296875 0.71875 0.01)
(3.296875 0.796875 0.01)
(3.296875 0.875 0.01)
(3.296875 0.953125 0.01)
(3.296875 1.03125 0.01)
(3.296875 1.109375 0.01)
(3.296875 1.1875 0.01)
(3.296875 1.265625 0.01)
(3.296875 1.34375 0.01)
(3.296875 1.421875 0.01)
(3.296875 1.5 0.01)
(3.296875 1.578125 0.01)
(3.296875 1.65625 0.01)
(3.296875 1.734375 0.01)
(3.296875 1.8125 0.01)
(3.296875 1.890625 0.01)
(3.296875 1.96875 0.01)
(3.296875 2.046875 0.01)
(3.296875 2.125 0.01)
(3.296875 2.203125 0.01)
(3.296875 2.28125 0.01)
(3.296875 2.359375 0.01)
(3.296875 2.4375 0.01)
(3.296875 2.515625 0.01)
(3.296875 2.59375 0.01)
(3.296875 2.671875 0.01)
(3.296875 2.75 0.01)
(3.296875 2.828125 0.01)
(3.296875 2.90625 0.01)
(3.375 -1 0.01)
(3.375 -0.6875 0.01)
(3.375 -0.375 0.01)
(3.375 -0.21875 0.01)
(3.375 -0.0625 0.01)
(3.375 0.09375 0.01)
(3.375 0.171875 0.01)
(3.375 0.25 0.01)
(3.375 0.328125 0.01)
(3.375 0.40625 0.01)
(3.375 0.484375 0.01)
(3.375 0.5625 0.01)
(3.375 0.640625 0.01)
(3.375 0.71875 0.01)
(3.375 0.796875 0.01)
(3.375 0.875 0.01)
(3.375 0.953125 0.01)
(3.375 1.03125 0.01)
(3.375 1.109375 0.01)
(3.375 1.1875 0.01)
(3.375 1.265625 0.01)
(3.375 1.34375 0.01)
(3.375 1.421875 0.01)
(3.375 1.5 0.01)
(3.375 1.578125 0.01)
(3.375 1.65625 0.01)
(3.375 1.734375 0.01)
(3.375 1.8125 0.01)
(3.375 1.890625 0.01)
(3.375 1.96875 0.01)
(3.375 2.046875 0.01)
(3.375 2.125 0.01)
(3.375 2.203125 0.01)
(3.375 2.28125 0.01)
(3.375 2.359375 0.01)
(3.375 2.4375 0.01)
(3.375 2.515625 0.01)
(3.375 2.59375 0.01)
(3.375 2.671875 0.01)
(3.375 2.75 0.01)
(3.375 2.828125 0.01)
(3.375 2.90625 0.01)
(3.375 3.0625 0.01)
(3.375 3.21875 0.01)
(3.375 3.375 0.01)
(3.375 3.6875 0.01)
(3.375 4 0.01)
(3.53125 -0.0625 0.01)
(3.53125 0.09375 0.01)
(3.53125 0.25 0.01)
(3.53125 0.40625 0.01)
(3.53125 0.5625 0.01)
(3.53125 0.71875 0.01)
(3.53125 0.875 0.01)
(3.53125 1.03125 0.01)
(3.53125 1.1875 0.01)
(3.53125 1.34375 0.01)
(3.53125 1.5 0.01)
(3.53125 1.65625 0.01)
(3.53125 1.8125 0.01)
(3.53125 1.96875 0.01)
(3.53125 2.125 0.01)
(3.53125 2.28125 0.01)
(3.53125 2.4375 0.01)
(3.53125 2.59375 0.01)
(3.53125 2.75 0.01)
(3.53125 2.90625 0.01)
(3.53125 3.0625 0.01)
(3.6875 -0.375 0.01)
(3.6875 -0.0625 0.01)
(3.6875 0.09375 0.01)
(3.6875 0.25 0.01)
(3.6875 0.40625 0.01)
(3.6875 0.5625 0.01)
(3.6875 0.71875 0.01)
(3.6875 0.875 0.01)
(3.6875 1.03125 0.01)
(3.6875 1.1875 0.01)
(3.6875 1.34375 0.01)
(3.6875 1.5 0.01)
(3.6875 1.65625 0.01)
(3.6875 1.8125 0.01)
(3.6875 1.96875 0.01)
(3.6875 2.125 0.01)
(3.6875 2.28125 0.01)
(3.6875 2.4375 0.01)
(3.6875 2.59375 0.01)
(3.6875 2.75 0.01)
(3.6875 2.90625 0.01)
(3.6875 3.0625 0.01)
(3.6875 3.375 0.01)
(4 -1 0.01)
(4 -0.375 0.01)
(4 -0.0625 0.01)
(4 0.25 0.01)
(4 0.5625 0.01)
(4 0.875 0.01)
(4 1.1875 0.01)
(4 1.5 0.01)
(4 1.8125 0.01)
(4 2.125 0.01)
(4 2.4375 0.01)
(4 2.75 0.01)
(4 3.0625 0.01)
(4 3.375 0.01)
(4 4 0.01)
)
